TimeStamp;Tout;ElImp
1900-01-01 00:00:00+01:00;-0.8;19.36508803
1900-01-01 01:00:00+01:00;-0.7;19.75029742
1900-01-01 02:00:00+01:00;-0.3;19.91135026
1900-01-01 03:00:00+01:00;-0.3;20.25919004
1900-01-01 04:00:00+01:00;-0.8;21.67419477
1900-01-01 05:00:00+01:00;-0.5;25.98328724
1900-01-01 06:00:00+01:00;-0.7;33.6173496
1900-01-01 07:00:00+01:00;-0.6;45.91205867
1900-01-01 08:00:00+01:00;-0.7;52.37490232
1900-01-01 09:00:00+01:00;-1.2;52.93184885
1900-01-01 10:00:00+01:00;-1.7;51.32745095
1900-01-01 11:00:00+01:00;-1.9;51.63432707
1900-01-01 12:00:00+01:00;-2.4;51.20129108
1900-01-01 13:00:00+01:00;-2.3;48.34973866
1900-01-01 14:00:00+01:00;-2;48.6565115
1900-01-01 15:00:00+01:00;-0.3;45.55689668
1900-01-01 16:00:00+01:00;0;36.23400766
1900-01-01 17:00:00+01:00;0.2;25.53652856
1900-01-01 18:00:00+01:00;0.7;20.47267737
1900-01-01 19:00:00+01:00;1.1;19.63401788
1900-01-01 20:00:00+01:00;1.3;19.16415922
1900-01-01 21:00:00+01:00;1.6;19.24508766
1900-01-01 22:00:00+01:00;1.8;18.17609422
1900-01-01 23:00:00+01:00;2;18.31679975
1900-01-02 00:00:00+01:00;2.6;18.1304114
1900-01-02 01:00:00+01:00;3.1;18.28478325
1900-01-02 02:00:00+01:00;3.2;18.44272354
1900-01-02 03:00:00+01:00;2.7;18.81154619
1900-01-02 04:00:00+01:00;2.9;20.02138797
1900-01-02 05:00:00+01:00;3;24.27440578
1900-01-02 06:00:00+01:00;3.4;30.35232667
1900-01-02 07:00:00+01:00;3.3;41.56946856
1900-01-02 08:00:00+01:00;3;47.64166268
1900-01-02 09:00:00+01:00;2.6;47.95658569
1900-01-02 10:00:00+01:00;2.5;46.11450437
1900-01-02 11:00:00+01:00;2.7;45.59060392
1900-01-02 12:00:00+01:00;2.6;44.63688553
1900-01-02 13:00:00+01:00;2;42.7146831
1900-01-02 14:00:00+01:00;1.8;43.10853142
1900-01-02 15:00:00+01:00;2.3;41.24010311
1900-01-02 16:00:00+01:00;3.4;32.13774834
1900-01-02 17:00:00+01:00;3.5;22.40994056
1900-01-02 18:00:00+01:00;2.5;17.9827464
1900-01-02 19:00:00+01:00;1.7;17.65058099
1900-01-02 20:00:00+01:00;2.1;17.02097761
1900-01-02 21:00:00+01:00;2;17.21829486
1900-01-02 22:00:00+01:00;2.1;16.17936018
1900-01-02 23:00:00+01:00;2.1;16.3344208
1900-01-03 00:00:00+01:00;1.9;16.4991618
1900-01-03 01:00:00+01:00;2.2;16.81047422
1900-01-03 02:00:00+01:00;1.6;17.29974708
1900-01-03 03:00:00+01:00;1.7;17.59433562
1900-01-03 04:00:00+01:00;1.6;18.75796481
1900-01-03 05:00:00+01:00;1.3;22.65635122
1900-01-03 06:00:00+01:00;1;29.58842896
1900-01-03 07:00:00+01:00;1.4;40.89896047
1900-01-03 08:00:00+01:00;1.5;47.59245668
1900-01-03 09:00:00+01:00;1.6;47.9110511
1900-01-03 10:00:00+01:00;1.4;46.43861837
1900-01-03 11:00:00+01:00;1.1;46.75332783
1900-01-03 12:00:00+01:00;1.2;45.876197
1900-01-03 13:00:00+01:00;0.9;43.76333986
1900-01-03 14:00:00+01:00;1.2;43.87820105
1900-01-03 15:00:00+01:00;1;42.86394126
1900-01-03 16:00:00+01:00;0.6;34.73452953
1900-01-03 17:00:00+01:00;0.3;24.4246648
1900-01-03 18:00:00+01:00;0.6;19.34448807
1900-01-03 19:00:00+01:00;0.5;18.76170389
1900-01-03 20:00:00+01:00;0.6;18.307717
1900-01-03 21:00:00+01:00;0.4;18.62188891
1900-01-03 22:00:00+01:00;0;17.63356123
1900-01-03 23:00:00+01:00;-0.3;17.93920038
1900-01-04 00:00:00+01:00;-0.1;18.05044862
1900-01-04 01:00:00+01:00;0;18.4750048
1900-01-04 02:00:00+01:00;0.3;18.71124777
1900-01-04 03:00:00+01:00;0.3;19.08052853
1900-01-04 04:00:00+01:00;0.3;20.32161052
1900-01-04 05:00:00+01:00;0.1;24.48248739
1900-01-04 06:00:00+01:00;0.2;31.71156328
1900-01-04 07:00:00+01:00;0.1;43.75182961
1900-01-04 08:00:00+01:00;0.7;49.90628457
1900-01-04 09:00:00+01:00;-0.1;50.85406239
1900-01-04 10:00:00+01:00;-0.3;49.20283547
1900-01-04 11:00:00+01:00;-1;49.95372894
1900-01-04 12:00:00+01:00;-0.3;48.44511608
1900-01-04 13:00:00+01:00;-1;46.51318977
1900-01-04 14:00:00+01:00;-1.2;47.29002321
1900-01-04 15:00:00+01:00;-1.2;46.08991078
1900-01-04 16:00:00+01:00;-4.3;39.5264208
1900-01-04 17:00:00+01:00;-3.5;27.13805735
1900-01-04 18:00:00+01:00;-3;21.84342008
1900-01-04 19:00:00+01:00;-5.5;22.38598467
1900-01-04 20:00:00+01:00;-2.1;20.5621409
1900-01-04 21:00:00+01:00;-0.7;20.29205554
1900-01-04 22:00:00+01:00;2.9;18.01911759
1900-01-04 23:00:00+01:00;3.5;18.05621358
1900-01-05 00:00:00+01:00;3.8;18.01270467
1900-01-05 01:00:00+01:00;4.3;18.14944888
1900-01-05 02:00:00+01:00;4.2;18.3482735
1900-01-05 03:00:00+01:00;3.8;18.67309441
1900-01-05 04:00:00+01:00;4;19.95873312
1900-01-05 05:00:00+01:00;4.8;24.23456953
1900-01-05 06:00:00+01:00;4.6;30.05469038
1900-01-05 07:00:00+01:00;4.4;41.14787095
1900-01-05 08:00:00+01:00;4.9;46.3342299
1900-01-05 09:00:00+01:00;4.6;46.40327665
1900-01-05 10:00:00+01:00;4.7;44.37366474
1900-01-05 11:00:00+01:00;5;43.46701286
1900-01-05 12:00:00+01:00;5.2;42.14190202
1900-01-05 13:00:00+01:00;5.6;39.38838605
1900-01-05 14:00:00+01:00;5.8;38.77466748
1900-01-05 15:00:00+01:00;6.7;36.20277705
1900-01-05 16:00:00+01:00;5.7;29.93679937
1900-01-05 17:00:00+01:00;6;20.72661648
1900-01-05 18:00:00+01:00;7;15.41022468
1900-01-05 19:00:00+01:00;10.7;12.84136734
1900-01-05 20:00:00+01:00;7.9;13.46076292
1900-01-05 21:00:00+01:00;6.5;13.94865124
1900-01-05 22:00:00+01:00;6.4;13.33069798
1900-01-05 23:00:00+01:00;5.5;13.65460231
1900-01-06 00:00:00+01:00;5.4;13.51107586
1900-01-06 01:00:00+01:00;3.4;13.75190286
1900-01-06 02:00:00+01:00;1.8;14.39699346
1900-01-06 03:00:00+01:00;1.5;14.54675699
1900-01-06 04:00:00+01:00;2.8;14.59722747
1900-01-06 05:00:00+01:00;1.3;16.67846174
1900-01-06 06:00:00+01:00;0.5;18.45376993
1900-01-06 07:00:00+01:00;0.4;19.57040002
1900-01-06 08:00:00+01:00;-1;19.99379367
1900-01-06 09:00:00+01:00;-1.5;19.68485069
1900-01-06 10:00:00+01:00;2.2;17.0303697
1900-01-06 11:00:00+01:00;2.4;16.50342659
1900-01-06 12:00:00+01:00;2.5;15.81422377
1900-01-06 13:00:00+01:00;3.6;15.11618812
1900-01-06 14:00:00+01:00;5.1;14.16629247
1900-01-06 15:00:00+01:00;4;15.23673274
1900-01-06 16:00:00+01:00;3.7;15.42272373
1900-01-06 17:00:00+01:00;5.3;14.14400513
1900-01-06 18:00:00+01:00;5;14.31020548
1900-01-06 19:00:00+01:00;3.9;15.0693537
1900-01-06 20:00:00+01:00;3.7;15.46145462
1900-01-06 21:00:00+01:00;4.1;15.57566406
1900-01-06 22:00:00+01:00;3.6;15.20196413
1900-01-06 23:00:00+01:00;1.1;16.51679825
1900-01-07 00:00:00+01:00;2;16.04367987
1900-01-07 01:00:00+01:00;2.3;15.67514992
1900-01-07 02:00:00+01:00;2;15.84180432
1900-01-07 03:00:00+01:00;1.7;15.94056792
1900-01-07 04:00:00+01:00;2.1;16.29815457
1900-01-07 05:00:00+01:00;2;18.45971502
1900-01-07 06:00:00+01:00;1.1;19.80515523
1900-01-07 07:00:00+01:00;1.9;20.29843592
1900-01-07 08:00:00+01:00;0.5;20.32538822
1900-01-07 09:00:00+01:00;0.8;19.23812248
1900-01-07 10:00:00+01:00;1.1;18.34710019
1900-01-07 11:00:00+01:00;1.7;17.49849102
1900-01-07 12:00:00+01:00;2.4;16.37823902
1900-01-07 13:00:00+01:00;3;15.8923977
1900-01-07 14:00:00+01:00;1.8;16.86041827
1900-01-07 15:00:00+01:00;1.4;17.54687309
1900-01-07 16:00:00+01:00;0.8;17.80089099
1900-01-07 17:00:00+01:00;1.3;17.02505254
1900-01-07 18:00:00+01:00;-0.3;17.57760166
1900-01-07 19:00:00+01:00;-2.5;18.74243466
1900-01-07 20:00:00+01:00;-4.5;20.20646089
1900-01-07 21:00:00+01:00;-5;20.38783119
1900-01-07 22:00:00+01:00;-4.6;18.9101977
1900-01-07 23:00:00+01:00;-7.3;20.53068671
1900-01-08 00:00:00+01:00;-7.6;20.66947609
1900-01-08 01:00:00+01:00;-6.6;21.09673109
1900-01-08 02:00:00+01:00;-5.1;21.1610775
1900-01-08 03:00:00+01:00;-8;22.59349119
1900-01-08 04:00:00+01:00;-7.8;23.86042632
1900-01-08 05:00:00+01:00;-8.8;28.35114643
1900-01-08 06:00:00+01:00;-8;38.51812999
1900-01-08 07:00:00+01:00;-3.4;50.12979608
1900-01-08 08:00:00+01:00;-3.5;56.86218303
1900-01-08 09:00:00+01:00;-3.5;57.09595788
1900-01-08 10:00:00+01:00;-3.4;54.85721502
1900-01-08 11:00:00+01:00;-2;53.75344076
1900-01-08 12:00:00+01:00;0;50.77321974
1900-01-08 13:00:00+01:00;0.2;47.77674351
1900-01-08 14:00:00+01:00;-0.1;48.05542967
1900-01-08 15:00:00+01:00;-2.5;49.27423786
1900-01-08 16:00:00+01:00;-5.3;41.83824976
1900-01-08 17:00:00+01:00;-6;30.12713523
1900-01-08 18:00:00+01:00;-8.6;26.31988305
1900-01-08 19:00:00+01:00;-8.8;25.92281955
1900-01-08 20:00:00+01:00;-8.7;25.47378184
1900-01-08 21:00:00+01:00;-8.7;25.91295391
1900-01-08 22:00:00+01:00;-8.6;23.96823592
1900-01-08 23:00:00+01:00;-9.1;24.36523316
1900-01-09 00:00:00+01:00;-8.6;24.42984068
1900-01-09 01:00:00+01:00;-8.2;24.86984218
1900-01-09 02:00:00+01:00;-8;25.11818034
1900-01-09 03:00:00+01:00;-8.2;25.67988428
1900-01-09 04:00:00+01:00;-8.3;27.15651567
1900-01-09 05:00:00+01:00;-8.7;32.10458589
1900-01-09 06:00:00+01:00;-8.7;42.61147332
1900-01-09 07:00:00+01:00;-8.5;57.55975035
1900-01-09 08:00:00+01:00;-8.2;64.20419008
1900-01-09 09:00:00+01:00;-8.3;64.40635343
1900-01-09 10:00:00+01:00;-7.6;61.22387323
1900-01-09 11:00:00+01:00;-6.6;60.68894871
1900-01-09 12:00:00+01:00;-5.6;58.62779033
1900-01-09 13:00:00+01:00;-5.1;54.86564325
1900-01-09 14:00:00+01:00;-5.8;56.021833
1900-01-09 15:00:00+01:00;-5.8;54.65158961
1900-01-09 16:00:00+01:00;-5.5;43.37221214
1900-01-09 17:00:00+01:00;-6;31.54666841
1900-01-09 18:00:00+01:00;-6;26.64162681
1900-01-09 19:00:00+01:00;-5.6;25.80429403
1900-01-09 20:00:00+01:00;-5.5;25.37669441
1900-01-09 21:00:00+01:00;-5;25.49636122
1900-01-09 22:00:00+01:00;-4.6;23.75365804
1900-01-09 23:00:00+01:00;-5;24.09818577
1900-01-10 00:00:00+01:00;-5.3;24.27285771
1900-01-10 01:00:00+01:00;-6.3;24.96981907
1900-01-10 02:00:00+01:00;-7.6;25.51086902
1900-01-10 03:00:00+01:00;-8;26.12354673
1900-01-10 04:00:00+01:00;-8.1;27.66172951
1900-01-10 05:00:00+01:00;-7.8;32.68709282
1900-01-10 06:00:00+01:00;-7.8;42.94597461
1900-01-10 07:00:00+01:00;-8.2;57.92169883
1900-01-10 08:00:00+01:00;-8.1;64.34368129
1900-01-10 09:00:00+01:00;-7.3;63.53970806
1900-01-10 10:00:00+01:00;-7;60.52332287
1900-01-10 11:00:00+01:00;-7;60.73074066
1900-01-10 12:00:00+01:00;-6.3;58.85792657
1900-01-10 13:00:00+01:00;-6.6;55.73354737
1900-01-10 14:00:00+01:00;-6.1;55.82046309
1900-01-10 15:00:00+01:00;-7;55.46144515
1900-01-10 16:00:00+01:00;-6.5;43.79935548
1900-01-10 17:00:00+01:00;-6;31.08613283
1900-01-10 18:00:00+01:00;-4.8;25.63139034
1900-01-10 19:00:00+01:00;-3.8;24.56491463
1900-01-10 20:00:00+01:00;-4.5;24.52113679
1900-01-10 21:00:00+01:00;-4;24.68452869
1900-01-10 22:00:00+01:00;-3.9;23.20087393
1900-01-10 23:00:00+01:00;-3.8;23.48780759
1900-01-11 00:00:00+01:00;-4;23.68805977
1900-01-11 01:00:00+01:00;-3.5;23.9630372
1900-01-11 02:00:00+01:00;-4;24.22112735
1900-01-11 03:00:00+01:00;-3.3;24.38195412
1900-01-11 04:00:00+01:00;-3.5;25.9544903
1900-01-11 05:00:00+01:00;-3.5;31.06919009
1900-01-11 06:00:00+01:00;-4.6;40.32599038
1900-01-11 07:00:00+01:00;-3.6;53.49049506
1900-01-11 08:00:00+01:00;-4.1;59.61569148
1900-01-11 09:00:00+01:00;-3.5;58.80987448
1900-01-11 10:00:00+01:00;-3.1;55.81699558
1900-01-11 11:00:00+01:00;-3;55.51339751
1900-01-11 12:00:00+01:00;-2.8;54.02504615
1900-01-11 13:00:00+01:00;-2.4;50.4613028
1900-01-11 14:00:00+01:00;-2.4;50.62961959
1900-01-11 15:00:00+01:00;-2;48.69575082
1900-01-11 16:00:00+01:00;-1.7;38.64029126
1900-01-11 17:00:00+01:00;-1.9;27.6486566
1900-01-11 18:00:00+01:00;-1.4;22.54050107
1900-01-11 19:00:00+01:00;-1.9;22.08605799
1900-01-11 20:00:00+01:00;-2.5;21.91844603
1900-01-11 21:00:00+01:00;-2.5;22.18573601
1900-01-11 22:00:00+01:00;-2.9;20.9077897
1900-01-11 23:00:00+01:00;-3;21.16164942
1900-01-12 00:00:00+01:00;-3.1;21.31069006
1900-01-12 01:00:00+01:00;-3.1;21.74348932
1900-01-12 02:00:00+01:00;-4.1;22.25041637
1900-01-12 03:00:00+01:00;-4.5;22.8148482
1900-01-12 04:00:00+01:00;-4.1;24.08388048
1900-01-12 05:00:00+01:00;-3.9;28.66647656
1900-01-12 06:00:00+01:00;-3.5;37.24264289
1900-01-12 07:00:00+01:00;-3.3;50.40908279
1900-01-12 08:00:00+01:00;-3.4;56.84556747
1900-01-12 09:00:00+01:00;-3.6;57.05949857
1900-01-12 10:00:00+01:00;-4.3;55.36712591
1900-01-12 11:00:00+01:00;-3;54.35569869
1900-01-12 12:00:00+01:00;-2.8;53.08553099
1900-01-12 13:00:00+01:00;-2.6;49.92076525
1900-01-12 14:00:00+01:00;-3.1;50.86590715
1900-01-12 15:00:00+01:00;-4.3;50.90649514
1900-01-12 16:00:00+01:00;-3;39.56407821
1900-01-12 17:00:00+01:00;-3;28.11111958
1900-01-12 18:00:00+01:00;-3;23.218923
1900-01-12 19:00:00+01:00;-3;22.61769943
1900-01-12 20:00:00+01:00;-3;22.24300172
1900-01-12 21:00:00+01:00;-2.6;22.39762836
1900-01-12 22:00:00+01:00;-2.9;21.11443061
1900-01-12 23:00:00+01:00;-2.5;21.26066163
1900-01-13 00:00:00+01:00;-3;20.54318456
1900-01-13 01:00:00+01:00;-2;19.93817714
1900-01-13 02:00:00+01:00;-2.4;20.04707639
1900-01-13 03:00:00+01:00;-2.5;20.1111496
1900-01-13 04:00:00+01:00;-2.5;20.72469216
1900-01-13 05:00:00+01:00;-2.1;23.68083972
1900-01-13 06:00:00+01:00;-2.5;24.89955934
1900-01-13 07:00:00+01:00;-2.4;25.88617273
1900-01-13 08:00:00+01:00;-1.5;24.6179997
1900-01-13 09:00:00+01:00;-2;23.80165881
1900-01-13 10:00:00+01:00;-1.7;22.41563528
1900-01-13 11:00:00+01:00;-0.7;21.10018245
1900-01-13 12:00:00+01:00;-0.8;20.34760637
1900-01-13 13:00:00+01:00;-0.6;19.8189389
1900-01-13 14:00:00+01:00;-1.2;20.35656299
1900-01-13 15:00:00+01:00;-1.2;20.81065946
1900-01-13 16:00:00+01:00;-2.5;21.53940814
1900-01-13 17:00:00+01:00;-3;21.16566962
1900-01-13 18:00:00+01:00;-2.6;20.59847413
1900-01-13 19:00:00+01:00;-2.5;20.62331582
1900-01-13 20:00:00+01:00;-3.1;21.19139437
1900-01-13 21:00:00+01:00;-2.5;21.07956128
1900-01-13 22:00:00+01:00;-2.9;19.88948788
1900-01-13 23:00:00+01:00;-3;20.36438426
1900-01-14 00:00:00+01:00;-9.1;21.68914768
1900-01-14 01:00:00+01:00;-9.2;21.52964746
1900-01-14 02:00:00+01:00;-10.2;22.17560809
1900-01-14 03:00:00+01:00;-9.7;22.35349958
1900-01-14 04:00:00+01:00;-9;23.11492992
1900-01-14 05:00:00+01:00;-7.8;25.8184874
1900-01-14 06:00:00+01:00;-6.1;27.05452202
1900-01-14 07:00:00+01:00;-5;27.86458296
1900-01-14 08:00:00+01:00;-4.3;26.89082108
1900-01-14 09:00:00+01:00;-3.6;25.51439954
1900-01-14 10:00:00+01:00;-0.3;22.25312514
1900-01-14 11:00:00+01:00;-0.3;21.5077747
1900-01-14 12:00:00+01:00;-0.7;20.96147996
1900-01-14 13:00:00+01:00;-1.2;20.78709388
1900-01-14 14:00:00+01:00;-0.6;20.48130607
1900-01-14 15:00:00+01:00;-1.2;21.39817352
1900-01-14 16:00:00+01:00;-2;21.92993527
1900-01-14 17:00:00+01:00;-1;20.77282938
1900-01-14 18:00:00+01:00;-1.4;20.94771836
1900-01-14 19:00:00+01:00;-1.4;21.06685935
1900-01-14 20:00:00+01:00;-1.7;21.39849612
1900-01-14 21:00:00+01:00;-1;21.45276902
1900-01-14 22:00:00+01:00;-2.3;20.66006549
1900-01-14 23:00:00+01:00;-1.7;20.79941511
1900-01-15 00:00:00+01:00;-1.5;21.25551483
1900-01-15 01:00:00+01:00;-1.4;21.45757929
1900-01-15 02:00:00+01:00;-1.4;21.47076756
1900-01-15 03:00:00+01:00;-1;21.52765805
1900-01-15 04:00:00+01:00;-0.6;22.62628833
1900-01-15 05:00:00+01:00;0;26.91282566
1900-01-15 06:00:00+01:00;0;34.16861926
1900-01-15 07:00:00+01:00;-0.6;46.66791835
1900-01-15 08:00:00+01:00;0.3;52.02968307
1900-01-15 09:00:00+01:00;0.6;51.6574036
1900-01-15 10:00:00+01:00;0.5;49.67287013
1900-01-15 11:00:00+01:00;0.6;49.39093299
1900-01-15 12:00:00+01:00;0.7;48.22930857
1900-01-15 13:00:00+01:00;1;45.25566016
1900-01-15 14:00:00+01:00;0.9;45.45146182
1900-01-15 15:00:00+01:00;1;43.92730027
1900-01-15 16:00:00+01:00;1;35.19083954
1900-01-15 17:00:00+01:00;1.3;24.72189131
1900-01-15 18:00:00+01:00;0.9;20.05342015
1900-01-15 19:00:00+01:00;0.9;19.36299001
1900-01-15 20:00:00+01:00;1.5;18.6754381
1900-01-15 21:00:00+01:00;1.9;18.68044815
1900-01-15 22:00:00+01:00;1.5;17.7528889
1900-01-15 23:00:00+01:00;1.5;17.89426112
1900-01-16 00:00:00+01:00;1.4;17.96156347
1900-01-16 01:00:00+01:00;1.6;18.21486284
1900-01-16 02:00:00+01:00;1.5;18.44186283
1900-01-16 03:00:00+01:00;1.2;18.78247346
1900-01-16 04:00:00+01:00;1.2;19.95975021
1900-01-16 05:00:00+01:00;1.2;24.02457423
1900-01-16 06:00:00+01:00;1.4;30.7624626
1900-01-16 07:00:00+01:00;1.4;42.27630477
1900-01-16 08:00:00+01:00;1.3;48.75975757
1900-01-16 09:00:00+01:00;1.1;49.16451765
1900-01-16 10:00:00+01:00;1;47.4471656
1900-01-16 11:00:00+01:00;1.2;47.20579723
1900-01-16 12:00:00+01:00;1.2;46.3109416
1900-01-16 13:00:00+01:00;1;44.03101405
1900-01-16 14:00:00+01:00;1;44.36824289
1900-01-16 15:00:00+01:00;0.7;43.42485694
1900-01-16 16:00:00+01:00;0.3;35.1436244
1900-01-16 17:00:00+01:00;0.2;24.61726344
1900-01-16 18:00:00+01:00;0.5;19.52061889
1900-01-16 19:00:00+01:00;0.2;19.01304248
1900-01-16 20:00:00+01:00;-0.3;18.79981046
1900-01-16 21:00:00+01:00;0;18.93194083
1900-01-16 22:00:00+01:00;-0.3;17.87011304
1900-01-16 23:00:00+01:00;-0.8;18.2268417
1900-01-17 00:00:00+01:00;-0.8;18.39562274
1900-01-17 01:00:00+01:00;-1;18.91471871
1900-01-17 02:00:00+01:00;-0.5;19.11504018
1900-01-17 03:00:00+01:00;-1.2;19.7078255
1900-01-17 04:00:00+01:00;-1.5;21.01997626
1900-01-17 05:00:00+01:00;-2.3;25.28426071
1900-01-17 06:00:00+01:00;-2.1;33.33499926
1900-01-17 07:00:00+01:00;-2;45.8877234
1900-01-17 08:00:00+01:00;-2;52.8572044
1900-01-17 09:00:00+01:00;-2.1;53.35227534
1900-01-17 10:00:00+01:00;-1.5;50.95975379
1900-01-17 11:00:00+01:00;-2;51.61640008
1900-01-17 12:00:00+01:00;-2.9;51.66661908
1900-01-17 13:00:00+01:00;-3.4;49.40617919
1900-01-17 14:00:00+01:00;-3;49.81258572
1900-01-17 15:00:00+01:00;-2.1;47.65365373
1900-01-17 16:00:00+01:00;-1.5;37.62366235
1900-01-17 17:00:00+01:00;-2.6;27.15831682
1900-01-17 18:00:00+01:00;-2.8;22.29719896
1900-01-17 19:00:00+01:00;-2.8;21.7273886
1900-01-17 20:00:00+01:00;-3;21.42855996
1900-01-17 21:00:00+01:00;-3;21.77235249
1900-01-17 22:00:00+01:00;-3.4;20.50701463
1900-01-17 23:00:00+01:00;-5;21.23379332
1900-01-18 00:00:00+01:00;-5.1;21.50954602
1900-01-18 01:00:00+01:00;-4;21.75804887
1900-01-18 02:00:00+01:00;-4.5;22.24245908
1900-01-18 03:00:00+01:00;-4.3;22.70142376
1900-01-18 04:00:00+01:00;-3.4;23.90455738
1900-01-18 05:00:00+01:00;-4.8;28.8270305
1900-01-18 06:00:00+01:00;-7.1;39.04010304
1900-01-18 07:00:00+01:00;-5.6;52.33913768
1900-01-18 08:00:00+01:00;-4.8;58.58874788
1900-01-18 09:00:00+01:00;-5;58.92564479
1900-01-18 10:00:00+01:00;-4.8;56.47865409
1900-01-18 11:00:00+01:00;-3.3;55.31044528
1900-01-18 12:00:00+01:00;-4.6;55.46213863
1900-01-18 13:00:00+01:00;-3.3;51.13201253
1900-01-18 14:00:00+01:00;-4.8;53.15305864
1900-01-18 15:00:00+01:00;-7.5;54.92090998
1900-01-18 16:00:00+01:00;-9;45.08290208
1900-01-18 17:00:00+01:00;-8.3;31.4306801
1900-01-18 18:00:00+01:00;-8.2;26.27066024
1900-01-18 19:00:00+01:00;-7.3;25.37266053
1900-01-18 20:00:00+01:00;-6.3;24.60467363
1900-01-18 21:00:00+01:00;-6.3;25.03769647
1900-01-18 22:00:00+01:00;-6.6;23.4650927
1900-01-18 23:00:00+01:00;-6.1;23.63100685
1900-01-19 00:00:00+01:00;-7.3;24.16373437
1900-01-19 01:00:00+01:00;-6.5;24.51872622
1900-01-19 02:00:00+01:00;-6.8;24.88108056
1900-01-19 03:00:00+01:00;-7.1;25.53315893
1900-01-19 04:00:00+01:00;-7.5;27.26307777
1900-01-19 05:00:00+01:00;-7.8;32.49398096
1900-01-19 06:00:00+01:00;-7.6;42.71514585
1900-01-19 07:00:00+01:00;-7.3;57.34465296
1900-01-19 08:00:00+01:00;-7.1;63.63574337
1900-01-19 09:00:00+01:00;-7.1;63.55126927
1900-01-19 10:00:00+01:00;-7.1;60.86351555
1900-01-19 11:00:00+01:00;-6.6;60.68894871
1900-01-19 12:00:00+01:00;-6.1;58.98516161
1900-01-19 13:00:00+01:00;-6.1;55.59819163
1900-01-19 14:00:00+01:00;-5.8;55.78051739
1900-01-19 15:00:00+01:00;-5.6;54.11577469
1900-01-19 16:00:00+01:00;-6.1;43.56005094
1900-01-19 17:00:00+01:00;-6.1;31.20287855
1900-01-19 18:00:00+01:00;-5.1;25.79549436
1900-01-19 19:00:00+01:00;-5.8;25.45288207
1900-01-19 20:00:00+01:00;-5.6;25.00511922
1900-01-19 21:00:00+01:00;-6.3;25.66282694
1900-01-19 22:00:00+01:00;-6.6;24.0426914
1900-01-19 23:00:00+01:00;-6.8;24.40878493
1900-01-20 00:00:00+01:00;-7;23.36270495
1900-01-20 01:00:00+01:00;-6.8;22.99427512
1900-01-20 02:00:00+01:00;-7.8;23.34945996
1900-01-20 03:00:00+01:00;-7.6;23.44969186
1900-01-20 04:00:00+01:00;-7.3;24.17402377
1900-01-20 05:00:00+01:00;-7.8;27.93144784
1900-01-20 06:00:00+01:00;-7.3;29.29210478
1900-01-20 07:00:00+01:00;-7.6;30.73313659
1900-01-20 08:00:00+01:00;-7.1;29.78743448
1900-01-20 09:00:00+01:00;-7;28.69056379
1900-01-20 10:00:00+01:00;-6.6;27.14010776
1900-01-20 11:00:00+01:00;-6.3;26.22151388
1900-01-20 12:00:00+01:00;-6.3;25.31602725
1900-01-20 13:00:00+01:00;-5.8;24.51014361
1900-01-20 14:00:00+01:00;-4.6;23.96027994
1900-01-20 15:00:00+01:00;-5;24.88737561
1900-01-20 16:00:00+01:00;-5.1;24.77387664
1900-01-20 17:00:00+01:00;-6;24.57236003
1900-01-20 18:00:00+01:00;-5.5;24.04406403
1900-01-20 19:00:00+01:00;-5.3;24.04946324
1900-01-20 20:00:00+01:00;-5.3;24.31807831
1900-01-20 21:00:00+01:00;-5.8;24.81336022
1900-01-20 22:00:00+01:00;-6.1;23.20792775
1900-01-20 23:00:00+01:00;-5.3;23.30340831
1900-01-21 00:00:00+01:00;-5.6;22.83777604
1900-01-21 01:00:00+01:00;-5.6;22.49417792
1900-01-21 02:00:00+01:00;-5.8;22.54039711
1900-01-21 03:00:00+01:00;-6.3;22.78497025
1900-01-21 04:00:00+01:00;-6.8;23.72103998
1900-01-21 05:00:00+01:00;-6.6;27.1639612
1900-01-21 06:00:00+01:00;-5.8;28.25039672
1900-01-21 07:00:00+01:00;-6.3;29.66251592
1900-01-21 08:00:00+01:00;-6.3;28.92742587
1900-01-21 09:00:00+01:00;-6;27.70598045
1900-01-21 10:00:00+01:00;-5.3;25.98821591
1900-01-21 11:00:00+01:00;-5.1;25.12754319
1900-01-21 12:00:00+01:00;-4.6;23.9141771
1900-01-21 13:00:00+01:00;-4.6;23.42633597
1900-01-21 14:00:00+01:00;-4.3;23.47935998
1900-01-21 15:00:00+01:00;-4;23.86954899
1900-01-21 16:00:00+01:00;-3.1;23.11477962
1900-01-21 17:00:00+01:00;-3.5;22.71085509
1900-01-21 18:00:00+01:00;-3.8;22.68060731
1900-01-21 19:00:00+01:00;-4.6;23.14085327
1900-01-21 20:00:00+01:00;-4.3;23.25716137
1900-01-21 21:00:00+01:00;-4;23.37884557
1900-01-21 22:00:00+01:00;-3.5;21.6828847
1900-01-21 23:00:00+01:00;-4.1;22.21089709
1900-01-22 00:00:00+01:00;-3.4;22.65840207
1900-01-22 01:00:00+01:00;-3.6;23.11939296
1900-01-22 02:00:00+01:00;-4.6;23.57828575
1900-01-22 03:00:00+01:00;-4.8;24.04951724
1900-01-22 04:00:00+01:00;-4.3;25.35667744
1900-01-22 05:00:00+01:00;-4.3;30.23095241
1900-01-22 06:00:00+01:00;-4.3;39.23923377
1900-01-22 07:00:00+01:00;-4.6;53.06598831
1900-01-22 08:00:00+01:00;-4.1;58.88566276
1900-01-22 09:00:00+01:00;-3.5;58.21266249
1900-01-22 10:00:00+01:00;-4.1;56.20345802
1900-01-22 11:00:00+01:00;-3.9;56.04926823
1900-01-22 12:00:00+01:00;-4.3;55.28389594
1900-01-22 13:00:00+01:00;-4.1;51.94066698
1900-01-22 14:00:00+01:00;-4.3;52.65937522
1900-01-22 15:00:00+01:00;-4;51.01161841
1900-01-22 16:00:00+01:00;-4;40.7505079
1900-01-22 17:00:00+01:00;-4.5;29.2590941
1900-01-22 18:00:00+01:00;-4.8;24.42756358
1900-01-22 19:00:00+01:00;-4.6;23.72407083
1900-01-22 20:00:00+01:00;-5;23.4913144
1900-01-22 21:00:00+01:00;-5.1;23.88495637
1900-01-22 22:00:00+01:00;-6.3;22.65343185
1900-01-22 23:00:00+01:00;-5.3;22.65945117
1900-01-23 00:00:00+01:00;-5.3;22.86954331
1900-01-23 01:00:00+01:00;-5.3;23.3862846
1900-01-23 02:00:00+01:00;-6.3;23.9218
1900-01-23 03:00:00+01:00;-5.6;24.23018727
1900-01-23 04:00:00+01:00;-6.8;26.01884981
1900-01-23 05:00:00+01:00;-7.5;31.0173125
1900-01-23 06:00:00+01:00;-8.2;41.50948049
1900-01-23 07:00:00+01:00;-8.2;56.23081273
1900-01-23 08:00:00+01:00;-8.7;63.63070118
1900-01-23 09:00:00+01:00;-9;64.15931928
1900-01-23 10:00:00+01:00;-9.1;61.7514522
1900-01-23 11:00:00+01:00;-7.6;60.9571927
1900-01-23 12:00:00+01:00;-6.3;58.60116467
1900-01-23 13:00:00+01:00;-5.8;54.78737969
1900-01-23 14:00:00+01:00;-5.3;54.81060937
1900-01-23 15:00:00+01:00;-5.6;53.78371493
1900-01-23 16:00:00+01:00;-6.8;43.95853849
1900-01-23 17:00:00+01:00;-7.3;31.68275606
1900-01-23 18:00:00+01:00;-5.6;25.94966519
1900-01-23 19:00:00+01:00;-5.8;25.45288207
1900-01-23 20:00:00+01:00;-5.1;24.82802512
1900-01-23 21:00:00+01:00;-6.1;25.62738086
1900-01-23 22:00:00+01:00;-6;23.91564907
1900-01-23 23:00:00+01:00;-5.6;24.13245436
1900-01-24 00:00:00+01:00;-5.3;24.24072074
1900-01-24 01:00:00+01:00;-5.3;24.73115677
1900-01-24 02:00:00+01:00;-5.3;24.92504513
1900-01-24 03:00:00+01:00;-5.6;25.49880098
1900-01-24 04:00:00+01:00;-5.1;26.97741638
1900-01-24 05:00:00+01:00;-5.5;32.30897362
1900-01-24 06:00:00+01:00;-5.1;41.64357574
1900-01-24 07:00:00+01:00;-5.1;55.75679599
1900-01-24 08:00:00+01:00;-4.8;61.31602497
1900-01-24 09:00:00+01:00;-4.5;60.64187622
1900-01-24 10:00:00+01:00;-5;58.24446286
1900-01-24 11:00:00+01:00;-4.6;57.81760598
1900-01-24 12:00:00+01:00;-4.1;56.04720026
1900-01-24 13:00:00+01:00;-3.4;52.10714658
1900-01-24 14:00:00+01:00;-3.4;52.33025557
1900-01-24 15:00:00+01:00;-3.5;50.97824681
1900-01-24 16:00:00+01:00;-4.1;41.20310952
1900-01-24 17:00:00+01:00;-4.6;29.66119127
1900-01-24 18:00:00+01:00;-3.8;24.35580005
1900-01-24 19:00:00+01:00;-3.5;23.5647347
1900-01-24 20:00:00+01:00;-3.3;23.09745564
1900-01-24 21:00:00+01:00;-2.8;23.16476124
1900-01-24 22:00:00+01:00;-1.5;21.34331456
1900-01-24 23:00:00+01:00;-2;21.69898203
1900-01-25 00:00:00+01:00;-2.3;21.85888984
1900-01-25 01:00:00+01:00;-1.5;21.99956092
1900-01-25 02:00:00+01:00;-1;22.00066814
1900-01-25 03:00:00+01:00;-0.7;22.20142529
1900-01-25 04:00:00+01:00;-1.5;23.83753705
1900-01-25 05:00:00+01:00;-1;28.5213662
1900-01-25 06:00:00+01:00;-0.8;36.23551205
1900-01-25 07:00:00+01:00;-1;48.99413227
1900-01-25 08:00:00+01:00;-1;54.78012467
1900-01-25 09:00:00+01:00;-0.5;54.13605838
1900-01-25 10:00:00+01:00;0;51.31273354
1900-01-25 11:00:00+01:00;0.1;50.84165364
1900-01-25 12:00:00+01:00;0.5;49.21665364
1900-01-25 13:00:00+01:00;0.8;46.09284949
1900-01-25 14:00:00+01:00;0.7;46.14651516
1900-01-25 15:00:00+01:00;0.4;44.98771016
1900-01-25 16:00:00+01:00;0.4;36.00107031
1900-01-25 17:00:00+01:00;0.3;25.52633813
1900-01-25 18:00:00+01:00;0.1;20.7108601
1900-01-25 19:00:00+01:00;0.1;19.99655981
1900-01-25 20:00:00+01:00;-0.1;19.61782597
1900-01-25 21:00:00+01:00;0;19.75597645
1900-01-25 22:00:00+01:00;-0.5;18.72159658
1900-01-25 23:00:00+01:00;-1.5;19.17295872
1900-01-26 00:00:00+01:00;-2;19.41316465
1900-01-26 01:00:00+01:00;-1.7;19.75530517
1900-01-26 02:00:00+01:00;-1.7;20.04088987
1900-01-26 03:00:00+01:00;-2.4;20.63933703
1900-01-26 04:00:00+01:00;-2.4;21.86357925
1900-01-26 05:00:00+01:00;-2.3;26.05251008
1900-01-26 06:00:00+01:00;-2.4;34.22491052
1900-01-26 07:00:00+01:00;-1.7;46.48482822
1900-01-26 08:00:00+01:00;-1;52.57167302
1900-01-26 09:00:00+01:00;-0.7;52.5046619
1900-01-26 10:00:00+01:00;0.1;49.82961158
1900-01-26 11:00:00+01:00;0.4;49.44263607
1900-01-26 12:00:00+01:00;0.4;48.4396465
1900-01-26 13:00:00+01:00;0.8;45.42604006
1900-01-26 14:00:00+01:00;0.5;45.89979697
1900-01-26 15:00:00+01:00;0.7;44.31738751
1900-01-26 16:00:00+01:00;0.9;35.36487699
1900-01-26 17:00:00+01:00;0.9;25.05522858
1900-01-26 18:00:00+01:00;0.7;20.32821816
1900-01-26 19:00:00+01:00;0.6;19.72009715
1900-01-26 20:00:00+01:00;0;19.57877733
1900-01-26 21:00:00+01:00;0.8;19.49106038
1900-01-26 22:00:00+01:00;0.6;18.46752362
1900-01-26 23:00:00+01:00;0.6;18.64663792
1900-01-27 00:00:00+01:00;0.5;17.99479896
1900-01-27 01:00:00+01:00;0.4;17.66392859
1900-01-27 02:00:00+01:00;0.4;17.67550864
1900-01-27 03:00:00+01:00;0.1;17.74888333
1900-01-27 04:00:00+01:00;0.4;18.13395792
1900-01-27 05:00:00+01:00;0.2;20.70504469
1900-01-27 06:00:00+01:00;0.1;21.71613768
1900-01-27 07:00:00+01:00;0.2;22.55897813
1900-01-27 08:00:00+01:00;-0.3;22.09766183
1900-01-27 09:00:00+01:00;-0.7;21.37142384
1900-01-27 10:00:00+01:00;-0.6;20.42510884
1900-01-27 11:00:00+01:00;-0.6;19.89098173
1900-01-27 12:00:00+01:00;-0.7;19.21506779
1900-01-27 13:00:00+01:00;-1.7;19.71966423
1900-01-27 14:00:00+01:00;-2;20.2332043
1900-01-27 15:00:00+01:00;-2.5;21.15865803
1900-01-27 16:00:00+01:00;-3.8;21.71667005
1900-01-27 17:00:00+01:00;-5.6;22.02624099
1900-01-27 18:00:00+01:00;-7.5;22.28799189
1900-01-27 19:00:00+01:00;-7.6;22.45722229
1900-01-27 20:00:00+01:00;-8.5;23.48786256
1900-01-27 21:00:00+01:00;-9.5;23.83235957
1900-01-27 22:00:00+01:00;-10;22.18961652
1900-01-27 23:00:00+01:00;-11.2;23.4508152
1900-01-28 00:00:00+01:00;-12.3;23.13294087
1900-01-28 01:00:00+01:00;-13.2;23.31819099
1900-01-28 02:00:00+01:00;-13.7;24.00560973
1900-01-28 03:00:00+01:00;-13.3;24.39214056
1900-01-28 04:00:00+01:00;-13.2;25.62279785
1900-01-28 05:00:00+01:00;-13;29.05334915
1900-01-28 06:00:00+01:00;-11.7;31.20393168
1900-01-28 07:00:00+01:00;-12;33.21382662
1900-01-28 08:00:00+01:00;-11.7;32.85864235
1900-01-28 09:00:00+01:00;-11.6;32.1212951
1900-01-28 10:00:00+01:00;-11.3;30.90948556
1900-01-28 11:00:00+01:00;-9.7;29.33333776
1900-01-28 12:00:00+01:00;-9.2;28.18147642
1900-01-28 13:00:00+01:00;-9.2;27.69874667
1900-01-28 14:00:00+01:00;-9.2;28.18546361
1900-01-28 15:00:00+01:00;-9.3;29.17316613
1900-01-28 16:00:00+01:00;-9.3;28.9599391
1900-01-28 17:00:00+01:00;-10.7;28.93905117
1900-01-28 18:00:00+01:00;-12.1;29.27026966
1900-01-28 19:00:00+01:00;-12.2;29.4665747
1900-01-28 20:00:00+01:00;-11.1;29.36799811
1900-01-28 21:00:00+01:00;-10.6;29.44977588
1900-01-28 22:00:00+01:00;-9.8;26.98961825
1900-01-28 23:00:00+01:00;-9.7;27.26594719
1900-01-29 00:00:00+01:00;-10.2;28.37091132
1900-01-29 01:00:00+01:00;-10.2;28.84926826
1900-01-29 02:00:00+01:00;-10.5;29.02405103
1900-01-29 03:00:00+01:00;-10.7;29.6100965
1900-01-29 04:00:00+01:00;-11.3;31.48559248
1900-01-29 05:00:00+01:00;-12.7;37.46403858
1900-01-29 06:00:00+01:00;-12.3;49.49879191
1900-01-29 07:00:00+01:00;-13.6;66.74217928
1900-01-29 08:00:00+01:00;-14.6;74.16567184
1900-01-29 09:00:00+01:00;-14.2;73.68818261
1900-01-29 10:00:00+01:00;-13.1;69.51153069
1900-01-29 11:00:00+01:00;-11.7;68.75089193
1900-01-29 12:00:00+01:00;-11.2;66.88209252
1900-01-29 13:00:00+01:00;-9.6;61.39496911
1900-01-29 14:00:00+01:00;-9.8;62.14527638
1900-01-29 15:00:00+01:00;-10.8;61.81844284
1900-01-29 16:00:00+01:00;-11.6;49.88803162
1900-01-29 17:00:00+01:00;-12.7;36.55484967
1900-01-29 18:00:00+01:00;-14;32.03522931
1900-01-29 19:00:00+01:00;-14.7;31.80644675
1900-01-29 20:00:00+01:00;-15;31.56820758
1900-01-29 21:00:00+01:00;-16;32.59611815
1900-01-29 22:00:00+01:00;-15.3;29.87197894
1900-01-29 23:00:00+01:00;-15.5;30.39642257
1900-01-30 00:00:00+01:00;-15.6;30.79533384
1900-01-30 01:00:00+01:00;-16.5;31.80394427
1900-01-30 02:00:00+01:00;-15.7;31.89891159
1900-01-30 03:00:00+01:00;-18;33.39156729
1900-01-30 04:00:00+01:00;-17;35.08737646
1900-01-30 05:00:00+01:00;-20.7;41.93619496
1900-01-30 06:00:00+01:00;-19.2;56.48284401
1900-01-30 07:00:00+01:00;-16.7;73.59341212
1900-01-30 08:00:00+01:00;-22;84.19689032
1900-01-30 09:00:00+01:00;-16.2;79.21336044
1900-01-30 10:00:00+01:00;-14;73.62274706
1900-01-30 11:00:00+01:00;-12.5;72.49890066
1900-01-30 12:00:00+01:00;-11.2;69.53140857
1900-01-30 13:00:00+01:00;-11;65.04210979
1900-01-30 14:00:00+01:00;-9.7;63.98560668
1900-01-30 15:00:00+01:00;-10.2;62.86939558
1900-01-30 16:00:00+01:00;-12;51.60770578
1900-01-30 17:00:00+01:00;-12.8;38.1435032
1900-01-30 18:00:00+01:00;-13.6;33.60227479
1900-01-30 19:00:00+01:00;-13.7;33.06427901
1900-01-30 20:00:00+01:00;-14.3;32.99180981
1900-01-30 21:00:00+01:00;-15.2;33.90823576
1900-01-30 22:00:00+01:00;-16;31.65216026
1900-01-30 23:00:00+01:00;-17.5;32.48337328
1900-01-31 00:00:00+01:00;-19.5;33.3451177
1900-01-31 01:00:00+01:00;-17.2;33.42156799
1900-01-31 02:00:00+01:00;-18.7;34.03058664
1900-01-31 03:00:00+01:00;-17.9;34.55934309
1900-01-31 04:00:00+01:00;-20.2;37.06984143
1900-01-31 05:00:00+01:00;-18.5;42.95148728
1900-01-31 06:00:00+01:00;-17.7;56.91692723
1900-01-31 07:00:00+01:00;-15.2;73.72906529
1900-01-31 08:00:00+01:00;-14.8;78.84078367
1900-01-31 09:00:00+01:00;-14.2;77.52915562
1900-01-31 10:00:00+01:00;-13;72.70435526
1900-01-31 11:00:00+01:00;-12.2;72.09219637
1900-01-31 12:00:00+01:00;-11.8;70.0046039
1900-01-31 13:00:00+01:00;-11.7;65.56838552
1900-01-31 14:00:00+01:00;-10.7;64.97297353
1900-01-31 15:00:00+01:00;-10.7;63.3807029
1900-01-31 16:00:00+01:00;-10.3;50.12784703
1900-01-31 17:00:00+01:00;-10.3;36.77623294
1900-01-31 18:00:00+01:00;-10.6;32.14547242
1900-01-31 19:00:00+01:00;-10.1;31.29628485
1900-01-31 20:00:00+01:00;-10;30.96334763
1900-01-31 21:00:00+01:00;-9.7;31.28539737
1900-01-31 22:00:00+01:00;-9.6;29.22151347
1900-01-31 23:00:00+01:00;-9.5;29.46981095
1900-02-01 00:00:00+01:00;-5.2;28.25673698
1900-02-01 01:00:00+01:00;-3.6;28.02342178
1900-02-01 02:00:00+01:00;-2.4;27.46532912
1900-02-01 03:00:00+01:00;3.4;25.90213941
1900-02-01 04:00:00+01:00;3.6;27.59431875
1900-02-01 05:00:00+01:00;4;33.58508171
1900-02-01 06:00:00+01:00;4.6;39.54544852
1900-02-01 07:00:00+01:00;5.4;51.00662627
1900-02-01 08:00:00+01:00;5;54.09081318
1900-02-01 09:00:00+01:00;5.5;52.02859894
1900-02-01 10:00:00+01:00;6.1;48.31951328
1900-02-01 11:00:00+01:00;6.4;46.35443081
1900-02-01 12:00:00+01:00;6.9;43.89594099
1900-02-01 13:00:00+01:00;7.6;40.25323043
1900-02-01 14:00:00+01:00;10.2;36.05112541
1900-02-01 15:00:00+01:00;8.9;35.27819281
1900-02-01 16:00:00+01:00;8.1;29.03581539
1900-02-01 17:00:00+01:00;5.2;22.26379354
1900-02-01 18:00:00+01:00;3.7;18.02978387
1900-02-01 19:00:00+01:00;4.4;16.77621709
1900-02-01 20:00:00+01:00;4.3;16.13922108
1900-02-01 21:00:00+01:00;3.8;16.18180087
1900-02-01 22:00:00+01:00;-1.5;16.62044938
1900-02-01 23:00:00+01:00;-2.4;16.71900457
1900-02-02 00:00:00+01:00;-2;16.60385778
1900-02-02 01:00:00+01:00;-2.6;17.1045726
1900-02-02 02:00:00+01:00;-3;17.51629245
1900-02-02 03:00:00+01:00;-2.9;17.96923447
1900-02-02 04:00:00+01:00;-3.9;19.17582792
1900-02-02 05:00:00+01:00;-4;22.55371389
1900-02-02 06:00:00+01:00;-3.6;30.88090776
1900-02-02 07:00:00+01:00;-4.6;44.07405763
1900-02-02 08:00:00+01:00;-6;53.56774059
1900-02-02 09:00:00+01:00;-4.6;53.60249275
1900-02-02 10:00:00+01:00;-3.3;51.08823449
1900-02-02 11:00:00+01:00;-1.2;49.81410365
1900-02-02 12:00:00+01:00;-0.7;48.71292306
1900-02-02 13:00:00+01:00;-1.2;46.7717857
1900-02-02 14:00:00+01:00;-1.2;47.54628757
1900-02-02 15:00:00+01:00;-1.7;47.02924889
1900-02-02 16:00:00+01:00;-3;38.86687187
1900-02-02 17:00:00+01:00;-3;27.44830957
1900-02-02 18:00:00+01:00;-2.5;22.33617528
1900-02-02 19:00:00+01:00;-2.1;21.67330027
1900-02-02 20:00:00+01:00;-1.7;21.25441769
1900-02-02 21:00:00+01:00;-1.7;21.6721885
1900-02-02 22:00:00+01:00;-2;20.48693362
1900-02-02 23:00:00+01:00;-2.8;20.95821495
1900-02-03 00:00:00+01:00;-3.1;20.27509627
1900-02-03 01:00:00+01:00;-3;19.93961917
1900-02-03 02:00:00+01:00;-2.6;19.88067942
1900-02-03 03:00:00+01:00;-2.6;19.95329584
1900-02-03 04:00:00+01:00;-3.5;20.88380271
1900-02-03 05:00:00+01:00;-4.3;24.09098252
1900-02-03 06:00:00+01:00;-5;25.8375765
1900-02-03 07:00:00+01:00;-4.8;26.94938766
1900-02-03 08:00:00+01:00;-4.8;26.30525428
1900-02-03 09:00:00+01:00;-4;24.90919506
1900-02-03 10:00:00+01:00;-3.1;23.30702006
1900-02-03 11:00:00+01:00;-2.3;22.19382773
1900-02-03 12:00:00+01:00;-1.5;20.91071219
1900-02-03 13:00:00+01:00;-1.2;20.34363382
1900-02-03 14:00:00+01:00;-1.4;20.64706036
1900-02-03 15:00:00+01:00;-1.5;21.2197651
1900-02-03 16:00:00+01:00;-1.7;21.23424158
1900-02-03 17:00:00+01:00;-1.7;20.63688377
1900-02-03 18:00:00+01:00;-2.1;20.63076175
1900-02-03 19:00:00+01:00;-2.5;20.91909115
1900-02-03 20:00:00+01:00;-2.3;21.10726141
1900-02-03 21:00:00+01:00;-2.4;21.39957787
1900-02-03 22:00:00+01:00;-3.1;20.32980956
1900-02-03 23:00:00+01:00;-5.1;21.44640216
1900-02-04 00:00:00+01:00;-6.1;21.22240553
1900-02-04 01:00:00+01:00;-6.8;21.16197817
1900-02-04 02:00:00+01:00;-6.3;21.23058925
1900-02-04 03:00:00+01:00;-4.1;20.73355128
1900-02-04 04:00:00+01:00;-4.1;21.44192384
1900-02-04 05:00:00+01:00;-4;24.51042731
1900-02-04 06:00:00+01:00;-3.5;25.58302224
1900-02-04 07:00:00+01:00;-3.3;26.5593166
1900-02-04 08:00:00+01:00;-2;25.0877016
1900-02-04 09:00:00+01:00;-2.8;24.44829019
1900-02-04 10:00:00+01:00;-2;22.78893053
1900-02-04 11:00:00+01:00;-1.5;21.79889559
1900-02-04 12:00:00+01:00;-1.4;20.93809189
1900-02-04 13:00:00+01:00;-1.5;20.61260009
1900-02-04 14:00:00+01:00;-1;20.4286615
1900-02-04 15:00:00+01:00;-1;20.90851439
1900-02-04 16:00:00+01:00;-0.7;20.65767121
1900-02-04 17:00:00+01:00;1.1;19.09018355
1900-02-04 18:00:00+01:00;0.6;19.39391541
1900-02-04 19:00:00+01:00;0.4;19.58115972
1900-02-04 20:00:00+01:00;-0.6;20.21605114
1900-02-04 21:00:00+01:00;0;20.2630763
1900-02-04 22:00:00+01:00;0;19.13960453
1900-02-04 23:00:00+01:00;0.5;19.20166574
1900-02-05 00:00:00+01:00;0.9;19.57661576
1900-02-05 01:00:00+01:00;1.5;19.60723839
1900-02-05 02:00:00+01:00;0.9;19.8329858
1900-02-05 03:00:00+01:00;1.2;19.96559364
1900-02-05 04:00:00+01:00;1.5;21.13434177
1900-02-05 05:00:00+01:00;1.7;25.41590189
1900-02-05 06:00:00+01:00;1.9;31.99449325
1900-02-05 07:00:00+01:00;1.7;43.65166511
1900-02-05 08:00:00+01:00;2;49.35511186
1900-02-05 09:00:00+01:00;2;49.25540279
1900-02-05 10:00:00+01:00;2.4;46.89677348
1900-02-05 11:00:00+01:00;1.6;47.28723373
1900-02-05 12:00:00+01:00;2;45.86869559
1900-02-05 13:00:00+01:00;2.1;43.22884326
1900-02-05 14:00:00+01:00;1.6;43.84202441
1900-02-05 15:00:00+01:00;1.4;42.70019736
1900-02-05 16:00:00+01:00;1.3;34.30261429
1900-02-05 17:00:00+01:00;1.3;24.03560301
1900-02-05 18:00:00+01:00;1.2;19.16702007
1900-02-05 19:00:00+01:00;1.4;18.41172399
1900-02-05 20:00:00+01:00;1.3;17.9890037
1900-02-05 21:00:00+01:00;1;18.27875884
1900-02-05 22:00:00+01:00;1.1;17.13799226
1900-02-05 23:00:00+01:00;0.8;17.38319411
1900-02-06 00:00:00+01:00;0.6;17.54726774
1900-02-06 01:00:00+01:00;0.4;18.01058303
1900-02-06 02:00:00+01:00;0.4;18.30630966
1900-02-06 03:00:00+01:00;0.2;18.70701523
1900-02-06 04:00:00+01:00;0.5;19.80945989
1900-02-06 05:00:00+01:00;0.5;23.81220344
1900-02-06 06:00:00+01:00;0.8;30.7894241
1900-02-06 07:00:00+01:00;1;42.39652822
1900-02-06 08:00:00+01:00;0.7;49.23594373
1900-02-06 09:00:00+01:00;0.1;50.1007014
1900-02-06 10:00:00+01:00;0.4;48.12615126
1900-02-06 11:00:00+01:00;1.5;47.12337832
1900-02-06 12:00:00+01:00;1.8;45.93403198
1900-02-06 13:00:00+01:00;0.9;44.32636572
1900-02-06 14:00:00+01:00;1.9;43.58638954
1900-02-06 15:00:00+01:00;3;41.0164123
1900-02-06 16:00:00+01:00;3.4;32.60891974
1900-02-06 17:00:00+01:00;2.5;23.48167861
1900-02-06 18:00:00+01:00;2.1;18.83382251
1900-02-06 19:00:00+01:00;2.9;17.81502681
1900-02-06 20:00:00+01:00;3.2;17.28564638
1900-02-06 21:00:00+01:00;3.6;17.26623482
1900-02-06 22:00:00+01:00;2.8;16.65978064
1900-02-06 23:00:00+01:00;2;17.04110614
1900-02-07 00:00:00+01:00;2.4;16.99979344
1900-02-07 01:00:00+01:00;2.7;17.23045039
1900-02-07 02:00:00+01:00;2.5;17.51337971
1900-02-07 03:00:00+01:00;2.7;17.68909884
1900-02-07 04:00:00+01:00;1;19.24218926
1900-02-07 05:00:00+01:00;2.3;22.85718487
1900-02-07 06:00:00+01:00;1.9;29.42144327
1900-02-07 07:00:00+01:00;2.2;40.50734162
1900-02-07 08:00:00+01:00;1;47.94183427
1900-02-07 09:00:00+01:00;0.4;48.81522117
1900-02-07 10:00:00+01:00;0.3;47.22637349
1900-02-07 11:00:00+01:00;0.1;47.57285697
1900-02-07 12:00:00+01:00;-0.3;47.23425026
1900-02-07 13:00:00+01:00;-0.5;44.97156666
1900-02-07 14:00:00+01:00;-0.3;45.44253724
1900-02-07 15:00:00+01:00;-0.5;44.53798092
1900-02-07 16:00:00+01:00;-0.3;35.52407044
1900-02-07 17:00:00+01:00;-0.5;24.86558661
1900-02-07 18:00:00+01:00;-0.6;19.91506606
1900-02-07 19:00:00+01:00;-0.6;19.33988349
1900-02-07 20:00:00+01:00;-0.8;19.03362055
1900-02-07 21:00:00+01:00;-1;19.4264723
1900-02-07 22:00:00+01:00;-1;18.22123553
1900-02-07 23:00:00+01:00;-1.2;18.52060792
1900-02-08 00:00:00+01:00;-0.8;18.61790345
1900-02-08 01:00:00+01:00;-1;19.17010857
1900-02-08 02:00:00+01:00;-0.7;19.45140084
1900-02-08 03:00:00+01:00;-0.8;19.92499142
1900-02-08 04:00:00+01:00;-1;21.26089236
1900-02-08 05:00:00+01:00;-0.7;25.52918943
1900-02-08 06:00:00+01:00;-0.7;33.2189721
1900-02-08 07:00:00+01:00;-0.5;45.53626699
1900-02-08 08:00:00+01:00;-0.3;51.87685077
1900-02-08 09:00:00+01:00;-0.3;52.05328713
1900-02-08 10:00:00+01:00;-0.1;49.90259113
1900-02-08 11:00:00+01:00;0;49.74385633
1900-02-08 12:00:00+01:00;0;48.74830197
1900-02-08 13:00:00+01:00;0.7;45.42041938
1900-02-08 14:00:00+01:00;0.7;45.5848691
1900-02-08 15:00:00+01:00;0.8;44.09458643
1900-02-08 16:00:00+01:00;0.6;35.51450923
1900-02-08 17:00:00+01:00;0.6;25.08218783
1900-02-08 18:00:00+01:00;0.7;20.17119728
1900-02-08 19:00:00+01:00;0.4;19.63522193
1900-02-08 20:00:00+01:00;0.1;19.34008837
1900-02-08 21:00:00+01:00;0.5;19.38321104
1900-02-08 22:00:00+01:00;0.6;18.21855867
1900-02-08 23:00:00+01:00;0.2;18.50377499
1900-02-09 00:00:00+01:00;0.1;18.62670384
1900-02-09 01:00:00+01:00;0.2;18.96685136
1900-02-09 02:00:00+01:00;0.2;19.21573177
1900-02-09 03:00:00+01:00;0.2;19.53161415
1900-02-09 04:00:00+01:00;0.3;20.72728856
1900-02-09 05:00:00+01:00;0;24.95232043
1900-02-09 06:00:00+01:00;0.1;32.18786081
1900-02-09 07:00:00+01:00;0;44.22840258
1900-02-09 08:00:00+01:00;-0.1;50.81515152
1900-02-09 09:00:00+01:00;0;50.95596959
1900-02-09 10:00:00+01:00;0;49.05562791
1900-02-09 11:00:00+01:00;0.9;48.18972951
1900-02-09 12:00:00+01:00;1.7;46.43499889
1900-02-09 13:00:00+01:00;2.2;43.44203107
1900-02-09 14:00:00+01:00;3.3;42.30444616
1900-02-09 15:00:00+01:00;3.1;41.06424953
1900-02-09 16:00:00+01:00;2.6;33.40747966
1900-02-09 17:00:00+01:00;1.8;23.98103881
1900-02-09 18:00:00+01:00;0;19.92602313
1900-02-09 19:00:00+01:00;-0.1;19.33207294
1900-02-09 20:00:00+01:00;0.2;18.76790933
1900-02-09 21:00:00+01:00;0.1;19.02787788
1900-02-09 22:00:00+01:00;-0.1;17.92984123
1900-02-09 23:00:00+01:00;0;18.08908988
1900-02-10 00:00:00+01:00;0;17.58419902
1900-02-10 01:00:00+01:00;-0.3;17.35857977
1900-02-10 02:00:00+01:00;-1.5;17.83080198
1900-02-10 03:00:00+01:00;-2.8;18.34170802
1900-02-10 04:00:00+01:00;-3.4;19.23427958
1900-02-10 05:00:00+01:00;-5.8;22.3574135
1900-02-10 06:00:00+01:00;-6.3;24.63709319
1900-02-10 07:00:00+01:00;-7.6;26.74377435
1900-02-10 08:00:00+01:00;-8.1;26.88053178
1900-02-10 09:00:00+01:00;-7.1;25.75767021
1900-02-10 10:00:00+01:00;-6.1;24.53756419
1900-02-10 11:00:00+01:00;-3.5;22.45991173
1900-02-10 12:00:00+01:00;-2.6;21.16335562
1900-02-10 13:00:00+01:00;-1.4;20.18273799
1900-02-10 14:00:00+01:00;-0.7;19.93930908
1900-02-10 15:00:00+01:00;-2.4;21.7342803
1900-02-10 16:00:00+01:00;-3.8;22.53421231
1900-02-10 17:00:00+01:00;-4.3;22.17148927
1900-02-10 18:00:00+01:00;-7;23.12473524
1900-02-10 19:00:00+01:00;-7.3;23.41666065
1900-02-10 20:00:00+01:00;-9.5;25.03793142
1900-02-10 21:00:00+01:00;-11.1;25.74423398
1900-02-10 22:00:00+01:00;-11.7;23.97152957
1900-02-10 23:00:00+01:00;-10.8;24.50371892
1900-02-11 00:00:00+01:00;-9.7;23.5831699
1900-02-11 01:00:00+01:00;-7.6;22.85271667
1900-02-11 02:00:00+01:00;-6.8;22.81923574
1900-02-11 03:00:00+01:00;-7.3;23.20092388
1900-02-11 04:00:00+01:00;-7.8;24.27450867
1900-02-11 05:00:00+01:00;-8.2;28.02425901
1900-02-11 06:00:00+01:00;-8.3;29.7526325
1900-02-11 07:00:00+01:00;-9;31.46483938
1900-02-11 08:00:00+01:00;-9.2;30.98105884
1900-02-11 09:00:00+01:00;-8.8;29.82520728
1900-02-11 10:00:00+01:00;-7.5;27.83037975
1900-02-11 11:00:00+01:00;-7.1;26.91688877
1900-02-11 12:00:00+01:00;-6;25.37692841
1900-02-11 13:00:00+01:00;-5.6;24.6379454
1900-02-11 14:00:00+01:00;-5.8;25.10937788
1900-02-11 15:00:00+01:00;-5.6;25.6897739
1900-02-11 16:00:00+01:00;-5.6;25.57924618
1900-02-11 17:00:00+01:00;-5.8;25.00962138
1900-02-11 18:00:00+01:00;-5.8;24.8307481
1900-02-11 19:00:00+01:00;-6.3;25.15882402
1900-02-11 20:00:00+01:00;-6.3;25.37097636
1900-02-11 21:00:00+01:00;-6.6;25.71352369
1900-02-11 22:00:00+01:00;-6.6;23.82254002
1900-02-11 23:00:00+01:00;-6.6;24.10777563
1900-02-12 00:00:00+01:00;-7.8;25.11462259
1900-02-12 01:00:00+01:00;-8.2;25.7419714
1900-02-12 02:00:00+01:00;-8.6;26.10573891
1900-02-12 03:00:00+01:00;-8.2;26.5541246
1900-02-12 04:00:00+01:00;-8.7;28.26005092
1900-02-12 05:00:00+01:00;-8.7;33.47735936
1900-02-12 06:00:00+01:00;-9;44.26533202
1900-02-12 07:00:00+01:00;-9.2;59.51281788
1900-02-12 08:00:00+01:00;-9.1;65.94693746
1900-02-12 09:00:00+01:00;-9.1;65.8204146
1900-02-12 10:00:00+01:00;-8.2;62.25148825
1900-02-12 11:00:00+01:00;-7.3;61.67900154
1900-02-12 12:00:00+01:00;-6.1;59.25359452
1900-02-12 13:00:00+01:00;-5.8;55.49829714
1900-02-12 14:00:00+01:00;-5.5;55.57827094
1900-02-12 15:00:00+01:00;-5.1;53.69659956
1900-02-12 16:00:00+01:00;-5.3;43.041647
1900-02-12 17:00:00+01:00;-5.3;31.00215766
1900-02-12 18:00:00+01:00;-5;26.03180506
1900-02-12 19:00:00+01:00;-4.6;25.22386888
1900-02-12 20:00:00+01:00;-4.5;24.84782095
1900-02-12 21:00:00+01:00;-4.1;25.02902447
1900-02-12 22:00:00+01:00;-4.1;23.53202072
1900-02-12 23:00:00+01:00;-4.5;23.93416836
1900-02-13 00:00:00+01:00;-4.1;23.92215794
1900-02-13 01:00:00+01:00;-3.9;24.23727503
1900-02-13 02:00:00+01:00;-3.6;24.25060807
1900-02-13 03:00:00+01:00;-3.4;24.54070701
1900-02-13 04:00:00+01:00;-2.5;25.84048287
1900-02-13 05:00:00+01:00;1.4;30.36018772
1900-02-13 06:00:00+01:00;3.3;36.58400741
1900-02-13 07:00:00+01:00;3.8;48.17293543
1900-02-13 08:00:00+01:00;4.1;52.01353608
1900-02-13 09:00:00+01:00;4.3;50.8098031
1900-02-13 10:00:00+01:00;4.8;47.65993636
1900-02-13 11:00:00+01:00;5.9;45.44111101
1900-02-13 12:00:00+01:00;4.9;44.79147807
1900-02-13 13:00:00+01:00;4.7;42.20222648
1900-02-13 14:00:00+01:00;4;42.26035687
1900-02-13 15:00:00+01:00;1.5;43.35649091
1900-02-13 16:00:00+01:00;0.3;35.71348712
1900-02-13 17:00:00+01:00;-1.2;25.8688269
1900-02-13 18:00:00+01:00;-2;21.14357302
1900-02-13 19:00:00+01:00;-3;20.88944131
1900-02-13 20:00:00+01:00;-3;20.34415004
1900-02-13 21:00:00+01:00;-3.9;20.91602283
1900-02-13 22:00:00+01:00;-4.8;19.56111161
1900-02-13 23:00:00+01:00;-7.8;20.5178248
1900-02-14 00:00:00+01:00;-10.3;21.41704031
1900-02-14 01:00:00+01:00;-9.7;21.87923977
1900-02-14 02:00:00+01:00;-12.7;23.14339953
1900-02-14 03:00:00+01:00;-15.6;24.70560875
1900-02-14 04:00:00+01:00;-17.2;26.16117385
1900-02-14 05:00:00+01:00;-14.5;29.62826925
1900-02-14 06:00:00+01:00;-12;41.07251568
1900-02-14 07:00:00+01:00;-12;56.70945873
1900-02-14 08:00:00+01:00;-15.7;68.29701001
1900-02-14 09:00:00+01:00;-11.6;66.11971793
1900-02-14 10:00:00+01:00;-8.3;61.23669873
1900-02-14 11:00:00+01:00;-5.5;59.39118992
1900-02-14 12:00:00+01:00;-1.4;54.38757886
1900-02-14 13:00:00+01:00;-1;50.9629103
1900-02-14 14:00:00+01:00;-0.6;50.36859005
1900-02-14 15:00:00+01:00;-0.3;48.43026929
1900-02-14 16:00:00+01:00;-0.6;39.13904102
1900-02-14 17:00:00+01:00;-0.7;28.72015186
1900-02-14 18:00:00+01:00;-0.3;24.04914699
1900-02-14 19:00:00+01:00;-0.3;23.38697879
1900-02-14 20:00:00+01:00;0.4;22.8731842
1900-02-14 21:00:00+01:00;0.3;23.20732663
1900-02-14 22:00:00+01:00;-2.1;22.86953993
1900-02-14 23:00:00+01:00;-0.5;22.65885325
1900-02-15 00:00:00+01:00;1.6;22.00325539
1900-02-15 01:00:00+01:00;1.2;22.25474275
1900-02-15 02:00:00+01:00;-1.2;22.79978265
1900-02-15 03:00:00+01:00;0.6;22.31358605
1900-02-15 04:00:00+01:00;1.1;23.33447548
1900-02-15 05:00:00+01:00;-1.5;28.30130398
1900-02-15 06:00:00+01:00;-3;36.59058229
1900-02-15 07:00:00+01:00;-5;50.45951796
1900-02-15 08:00:00+01:00;-6.1;57.74873379
1900-02-15 09:00:00+01:00;-7.1;58.71630644
1900-02-15 10:00:00+01:00;-4.3;54.10918487
1900-02-15 11:00:00+01:00;-1.9;52.0883266
1900-02-15 12:00:00+01:00;-1.5;50.72200026
1900-02-15 13:00:00+01:00;-1.5;47.93546177
1900-02-15 14:00:00+01:00;-1.4;48.26483181
1900-02-15 15:00:00+01:00;-1.9;47.53243366
1900-02-15 16:00:00+01:00;-2.3;38.36969302
1900-02-15 17:00:00+01:00;-3.4;27.64619519
1900-02-15 18:00:00+01:00;-4.3;23.04653626
1900-02-15 19:00:00+01:00;-5.6;23.07546543
1900-02-15 20:00:00+01:00;-9;24.10269993
1900-02-15 21:00:00+01:00;-14;26.67941694
1900-02-15 22:00:00+01:00;-12.1;23.70723225
1900-02-15 23:00:00+01:00;-14.8;24.85517826
1900-02-16 00:00:00+01:00;-13.2;24.98147784
1900-02-16 01:00:00+01:00;-15.2;26.45897091
1900-02-16 02:00:00+01:00;-18.5;27.97975407
1900-02-16 03:00:00+01:00;-11.8;27.14513232
1900-02-16 04:00:00+01:00;-10.1;28.47607592
1900-02-16 05:00:00+01:00;-9.7;33.80968237
1900-02-16 06:00:00+01:00;-8.7;44.61273442
1900-02-16 07:00:00+01:00;-5.1;57.74442699
1900-02-16 08:00:00+01:00;-4.6;62.90354943
1900-02-16 09:00:00+01:00;-5.8;63.39121381
1900-02-16 10:00:00+01:00;-4.1;59.12906946
1900-02-16 11:00:00+01:00;-4.3;59.17501417
1900-02-16 12:00:00+01:00;-3;56.57630466
1900-02-16 13:00:00+01:00;-2.5;52.78562325
1900-02-16 14:00:00+01:00;-2.5;52.6759654
1900-02-16 15:00:00+01:00;-2.4;50.98429332
1900-02-16 16:00:00+01:00;-3.5;41.76978168
1900-02-16 17:00:00+01:00;-5.1;31.20030544
1900-02-16 18:00:00+01:00;-7.8;27.64718704
1900-02-16 19:00:00+01:00;-9.2;27.71613342
1900-02-16 20:00:00+01:00;-10.3;27.77508508
1900-02-16 21:00:00+01:00;-15;30.05807307
1900-02-16 22:00:00+01:00;-18.2;28.42334222
1900-02-16 23:00:00+01:00;-19;28.87479388
1900-02-17 00:00:00+01:00;-16.7;27.2203582
1900-02-17 01:00:00+01:00;-13.7;26.03246726
1900-02-17 02:00:00+01:00;-14.2;26.21734871
1900-02-17 03:00:00+01:00;-13.2;26.18008666
1900-02-17 04:00:00+01:00;-12.5;27.0062361
1900-02-17 05:00:00+01:00;-11.7;30.6514963
1900-02-17 06:00:00+01:00;-13.6;33.49333414
1900-02-17 07:00:00+01:00;-15.7;36.38163978
1900-02-17 08:00:00+01:00;-15.6;36.19439489
1900-02-17 09:00:00+01:00;-10.7;32.68656389
1900-02-17 10:00:00+01:00;-9.3;30.45570207
1900-02-17 11:00:00+01:00;-3.5;25.98510667
1900-02-17 12:00:00+01:00;-2.5;24.47444762
1900-02-17 13:00:00+01:00;-0.6;22.32614292
1900-02-17 14:00:00+01:00;-0.7;22.28955676
1900-02-17 15:00:00+01:00;-1.2;23.13882079
1900-02-17 16:00:00+01:00;-1.7;23.83821012
1900-02-17 17:00:00+01:00;-3.5;24.52130422
1900-02-17 18:00:00+01:00;-4.8;25.34757954
1900-02-17 19:00:00+01:00;-7.1;26.51830341
1900-02-17 20:00:00+01:00;-7.6;26.96086455
1900-02-17 21:00:00+01:00;-8.7;27.6450777
1900-02-17 22:00:00+01:00;-9.5;25.67782201
1900-02-17 23:00:00+01:00;-12.7;26.98323424
1900-02-18 00:00:00+01:00;-13.6;26.26844332
1900-02-18 01:00:00+01:00;-13.7;25.94918103
1900-02-18 02:00:00+01:00;-13.3;25.95414695
1900-02-18 03:00:00+01:00;-14;26.3985706
1900-02-18 04:00:00+01:00;-15.2;27.86874729
1900-02-18 05:00:00+01:00;-19;32.72149476
1900-02-18 06:00:00+01:00;-22.2;37.23534109
1900-02-18 07:00:00+01:00;-21.5;39.17338557
1900-02-18 08:00:00+01:00;-22;39.49937117
1900-02-18 09:00:00+01:00;-17.4;36.43014181
1900-02-18 10:00:00+01:00;-9.6;30.56278367
1900-02-18 11:00:00+01:00;-6.3;27.72706589
1900-02-18 12:00:00+01:00;-3.5;25.09917886
1900-02-18 13:00:00+01:00;-3.6;24.33936354
1900-02-18 14:00:00+01:00;-2.5;23.66325648
1900-02-18 15:00:00+01:00;-2.9;24.54641905
1900-02-18 16:00:00+01:00;-3.8;25.44976683
1900-02-18 17:00:00+01:00;-5.1;25.75610514
1900-02-18 18:00:00+01:00;-7.3;27.01717877
1900-02-18 19:00:00+01:00;-10.3;28.57979978
1900-02-18 20:00:00+01:00;-10.5;29.05380708
1900-02-18 21:00:00+01:00;-16;31.72919763
1900-02-18 22:00:00+01:00;-15.1;28.81046282
1900-02-18 23:00:00+01:00;-11.5;28.08567118
1900-02-19 00:00:00+01:00;-11.5;28.98784623
1900-02-19 01:00:00+01:00;-10.7;29.27153526
1900-02-19 02:00:00+01:00;-14.7;30.51305548
1900-02-19 03:00:00+01:00;-18.4;32.25879322
1900-02-19 04:00:00+01:00;-17.7;33.7137133
1900-02-19 05:00:00+01:00;-20.5;39.61955734
1900-02-19 06:00:00+01:00;-22.5;54.94857315
1900-02-19 07:00:00+01:00;-20.4;72.02777618
1900-02-19 08:00:00+01:00;-21.2;80.20721035
1900-02-19 09:00:00+01:00;-13.2;73.48419712
1900-02-19 10:00:00+01:00;-10;67.48002132
1900-02-19 11:00:00+01:00;-7;64.81349364
1900-02-19 12:00:00+01:00;-3.6;59.93807145
1900-02-19 13:00:00+01:00;-1.9;54.65372189
1900-02-19 14:00:00+01:00;-1.5;53.56359944
1900-02-19 15:00:00+01:00;-2;52.26203427
1900-02-19 16:00:00+01:00;-3;42.7444852
1900-02-19 17:00:00+01:00;-4.8;32.59287936
1900-02-19 18:00:00+01:00;-6.5;28.79729048
1900-02-19 19:00:00+01:00;-6.8;28.26925438
1900-02-19 20:00:00+01:00;-9.5;29.08931082
1900-02-19 21:00:00+01:00;-10;29.63840104
1900-02-19 22:00:00+01:00;-11.2;27.86733133
1900-02-19 23:00:00+01:00;-14.7;29.19340084
1900-02-20 00:00:00+01:00;-15.3;29.65919022
1900-02-20 01:00:00+01:00;-16.5;30.71446196
1900-02-20 02:00:00+01:00;-16.4;30.90499746
1900-02-20 03:00:00+01:00;-19.4;32.38465847
1900-02-20 04:00:00+01:00;-19.7;33.97025239
1900-02-20 05:00:00+01:00;-20.2;39.27637156
1900-02-20 06:00:00+01:00;-16.2;51.75029146
1900-02-20 07:00:00+01:00;-13.8;67.20261669
1900-02-20 08:00:00+01:00;-11.2;71.2637326
1900-02-20 09:00:00+01:00;-10.7;70.32972962
1900-02-20 10:00:00+01:00;-8;64.79862017
1900-02-20 11:00:00+01:00;-5.3;62.21589819
1900-02-20 12:00:00+01:00;-4.3;59.69845012
1900-02-20 13:00:00+01:00;-3.4;55.28551839
1900-02-20 14:00:00+01:00;-2;53.52553432
1900-02-20 15:00:00+01:00;-2.3;52.10700607
1900-02-20 16:00:00+01:00;-2.3;41.76180878
1900-02-20 17:00:00+01:00;-3;31.21386512
1900-02-20 18:00:00+01:00;-5.6;27.85903912
1900-02-20 19:00:00+01:00;-7.3;27.99995133
1900-02-20 20:00:00+01:00;-8.7;28.26647768
1900-02-20 21:00:00+01:00;-10.2;29.33049895
1900-02-20 22:00:00+01:00;-11.3;27.58850228
1900-02-20 23:00:00+01:00;-11;27.74715385
1900-02-21 00:00:00+01:00;-12.3;28.20665341
1900-02-21 01:00:00+01:00;-14.2;29.19532886
1900-02-21 02:00:00+01:00;-14.6;29.4328196
1900-02-21 03:00:00+01:00;-18.2;30.97052216
1900-02-21 04:00:00+01:00;-16.9;31.95352253
1900-02-21 05:00:00+01:00;-16.7;36.84122157
1900-02-21 06:00:00+01:00;-17.9;50.57218381
1900-02-21 07:00:00+01:00;-16;66.71325929
1900-02-21 08:00:00+01:00;-15.5;73.77802095
1900-02-21 09:00:00+01:00;-13;71.73275581
1900-02-21 10:00:00+01:00;-9.7;65.88797864
1900-02-21 11:00:00+01:00;-7.3;63.91657069
1900-02-21 12:00:00+01:00;-5;60.23495001
1900-02-21 13:00:00+01:00;-3.8;55.50173789
1900-02-21 14:00:00+01:00;-2;53.39526661
1900-02-21 15:00:00+01:00;-1.5;51.09236569
1900-02-21 16:00:00+01:00;-1.7;41.14896064
1900-02-21 17:00:00+01:00;-2.9;31.06641703
1900-02-21 18:00:00+01:00;-4;27.05709409
1900-02-21 19:00:00+01:00;-4.8;26.75302175
1900-02-21 20:00:00+01:00;-5.3;26.67339297
1900-02-21 21:00:00+01:00;-5.3;27.0200077
1900-02-21 22:00:00+01:00;-6;25.58371426
1900-02-21 23:00:00+01:00;-8.7;26.61496326
1900-02-22 00:00:00+01:00;-9.2;26.86549085
1900-02-22 01:00:00+01:00;-10.2;27.55058362
1900-02-22 02:00:00+01:00;-12.8;28.36420615
1900-02-22 03:00:00+01:00;-13.3;28.95279161
1900-02-22 04:00:00+01:00;-14.6;30.64034576
1900-02-22 05:00:00+01:00;-17.5;36.03656856
1900-02-22 06:00:00+01:00;-15.2;48.26681099
1900-02-22 07:00:00+01:00;-15.7;64.95320171
1900-02-22 08:00:00+01:00;-16.5;73.08558933
1900-02-22 09:00:00+01:00;-9.3;67.15053512
1900-02-22 10:00:00+01:00;-6.5;61.75156502
1900-02-22 11:00:00+01:00;-2.4;57.78718578
1900-02-22 12:00:00+01:00;-1.9;55.72239605
1900-02-22 13:00:00+01:00;-0.7;51.2262583
1900-02-22 14:00:00+01:00;-1;51.10949367
1900-02-22 15:00:00+01:00;-1.2;49.66387191
1900-02-22 16:00:00+01:00;-2;40.50110343
1900-02-22 17:00:00+01:00;-4;30.61864501
1900-02-22 18:00:00+01:00;-7.1;27.3061499
1900-02-22 19:00:00+01:00;-9;27.59793302
1900-02-22 20:00:00+01:00;-10;27.69877467
1900-02-22 21:00:00+01:00;-12.2;29.14744224
1900-02-22 22:00:00+01:00;-11.1;26.6449017
1900-02-22 23:00:00+01:00;-14.3;27.89223121
1900-02-23 00:00:00+01:00;-19.5;29.67079068
1900-02-23 01:00:00+01:00;-20;30.66270778
1900-02-23 02:00:00+01:00;-20.7;31.22772929
1900-02-23 03:00:00+01:00;-21.2;32.25269467
1900-02-23 04:00:00+01:00;-23;34.18674117
1900-02-23 05:00:00+01:00;-23.5;39.28993183
1900-02-23 06:00:00+01:00;-24.7;55.49111516
1900-02-23 07:00:00+01:00;-24;74.17918875
1900-02-23 08:00:00+01:00;-18.7;78.52919305
1900-02-23 09:00:00+01:00;-13;73.84754074
1900-02-23 10:00:00+01:00;-9.7;67.80004901
1900-02-23 11:00:00+01:00;-7.6;66.02253039
1900-02-23 12:00:00+01:00;-6;62.93376187
1900-02-23 13:00:00+01:00;-5.6;58.79688304
1900-02-23 14:00:00+01:00;-5.1;58.11541557
1900-02-23 15:00:00+01:00;-5;56.32797689
1900-02-23 16:00:00+01:00;-4.6;44.77775694
1900-02-23 17:00:00+01:00;-5.1;33.56258202
1900-02-23 18:00:00+01:00;-8.2;30.50394322
1900-02-23 19:00:00+01:00;-8.7;30.13888416
1900-02-23 20:00:00+01:00;-8;29.62655799
1900-02-23 21:00:00+01:00;-7;29.65843487
1900-02-23 22:00:00+01:00;-6.1;27.69494877
1900-02-23 23:00:00+01:00;-5.6;27.85958393
1900-02-24 00:00:00+01:00;-7.6;26.45702734
1900-02-24 01:00:00+01:00;-8.6;26.16084694
1900-02-24 02:00:00+01:00;-8.7;25.89446938
1900-02-24 03:00:00+01:00;-9.6;26.07987559
1900-02-24 04:00:00+01:00;-9.2;26.57039758
1900-02-24 05:00:00+01:00;-9.1;30.35544944
1900-02-24 06:00:00+01:00;-6.3;30.21322462
1900-02-24 07:00:00+01:00;-5.3;30.45996616
1900-02-24 08:00:00+01:00;-5;29.0795296
1900-02-24 09:00:00+01:00;-4.6;27.52160216
1900-02-24 10:00:00+01:00;-3.3;25.15989734
1900-02-24 11:00:00+01:00;-2.3;23.66098983
1900-02-24 12:00:00+01:00;-1.7;22.38508448
1900-02-24 13:00:00+01:00;-0.8;21.11815186
1900-02-24 14:00:00+01:00;-0.7;21.04155235
1900-02-24 15:00:00+01:00;-1;21.69673202
1900-02-24 16:00:00+01:00;-1.5;22.10977092
1900-02-24 17:00:00+01:00;-2;21.88342862
1900-02-24 18:00:00+01:00;-2.1;21.83744535
1900-02-24 19:00:00+01:00;-4.3;22.87969765
1900-02-24 20:00:00+01:00;-5.6;23.72240109
1900-02-24 21:00:00+01:00;-7;24.45204856
1900-02-24 22:00:00+01:00;-8.6;23.18954229
1900-02-24 23:00:00+01:00;-10.2;24.30848167
1900-02-25 00:00:00+01:00;-10.6;23.67602991
1900-02-25 01:00:00+01:00;-11.6;23.6643353
1900-02-25 02:00:00+01:00;-10.6;23.59391888
1900-02-25 03:00:00+01:00;-11;23.92382804
1900-02-25 04:00:00+01:00;-12.2;25.28523473
1900-02-25 05:00:00+01:00;-13.5;28.890352
1900-02-25 06:00:00+01:00;-12.6;31.16125193
1900-02-25 07:00:00+01:00;-12;32.66020084
1900-02-25 08:00:00+01:00;-9.8;31.20445093
1900-02-25 09:00:00+01:00;-8;29.3372973
1900-02-25 10:00:00+01:00;-6.8;27.4085548
1900-02-25 11:00:00+01:00;-5.5;25.91337632
1900-02-25 12:00:00+01:00;-3.5;23.82653613
1900-02-25 13:00:00+01:00;-1.7;22.05477927
1900-02-25 14:00:00+01:00;-2;22.34372912
1900-02-25 15:00:00+01:00;-2.8;23.49451788
1900-02-25 16:00:00+01:00;-3.1;23.79285006
1900-02-25 17:00:00+01:00;-3.3;23.40210032
1900-02-25 18:00:00+01:00;-3.6;23.64165949
1900-02-25 19:00:00+01:00;-4.1;24.02547396
1900-02-25 20:00:00+01:00;-4.5;24.41637495
1900-02-25 21:00:00+01:00;-4;24.58495284
1900-02-25 22:00:00+01:00;-4.6;23.16896381
1900-02-25 23:00:00+01:00;-7;24.2054321
1900-02-26 00:00:00+01:00;-6.5;24.68783142
1900-02-26 01:00:00+01:00;-5.3;24.70670455
1900-02-26 02:00:00+01:00;-5.3;24.78514281
1900-02-26 03:00:00+01:00;-5.1;25.06079995
1900-02-26 04:00:00+01:00;-5;26.42975997
1900-02-26 05:00:00+01:00;-4.5;31.19580698
1900-02-26 06:00:00+01:00;-4.1;39.88014872
1900-02-26 07:00:00+01:00;-3.9;53.17333827
1900-02-26 08:00:00+01:00;-3.5;58.6528195
1900-02-26 09:00:00+01:00;-2.5;57.46873192
1900-02-26 10:00:00+01:00;-1.4;53.92255485
1900-02-26 11:00:00+01:00;-0.3;52.52108678
1900-02-26 12:00:00+01:00;1;49.92134297
1900-02-26 13:00:00+01:00;2.8;45.32829183
1900-02-26 14:00:00+01:00;3.5;44.03109102
1900-02-26 15:00:00+01:00;0.8;45.29998256
1900-02-26 16:00:00+01:00;-0.1;37.06386476
1900-02-26 17:00:00+01:00;-1.5;27.21418211
1900-02-26 18:00:00+01:00;-2.5;22.78002097
1900-02-26 19:00:00+01:00;-3.4;22.51775624
1900-02-26 20:00:00+01:00;-3.5;22.11609805
1900-02-26 21:00:00+01:00;-4.8;22.93671408
1900-02-26 22:00:00+01:00;-5.5;21.51307875
1900-02-26 23:00:00+01:00;-4.3;21.32927355
1900-02-27 00:00:00+01:00;-6.1;21.91427523
1900-02-27 01:00:00+01:00;-7;22.65063516
1900-02-27 02:00:00+01:00;-6;22.65586749
1900-02-27 03:00:00+01:00;-6.3;23.20687702
1900-02-27 04:00:00+01:00;-4.8;24.11424367
1900-02-27 05:00:00+01:00;-5;28.64580814
1900-02-27 06:00:00+01:00;-4.6;37.5889026
1900-02-27 07:00:00+01:00;-4.6;51.08395627
1900-02-27 08:00:00+01:00;-4.3;57.55066396
1900-02-27 09:00:00+01:00;-4.3;57.72055389
1900-02-27 10:00:00+01:00;-3.8;55.07865058
1900-02-27 11:00:00+01:00;-3.3;54.83698862
1900-02-27 12:00:00+01:00;-2.8;53.38022363
1900-02-27 13:00:00+01:00;-2.5;50.22476368
1900-02-27 14:00:00+01:00;-2.5;50.67283233
1900-02-27 15:00:00+01:00;-2.9;49.79307458
1900-02-27 16:00:00+01:00;-3;39.9381501
1900-02-27 17:00:00+01:00;-4;29.06004815
1900-02-27 18:00:00+01:00;-6.1;25.08843432
1900-02-27 19:00:00+01:00;-6.5;24.70524479
1900-02-27 20:00:00+01:00;-8.1;24.98313367
1900-02-27 21:00:00+01:00;-7.5;25.15328828
1900-02-27 22:00:00+01:00;-8.3;23.5499397
1900-02-27 23:00:00+01:00;-8.5;23.92063838
1900-02-28 00:00:00+01:00;-8.5;24.14485897
1900-02-28 01:00:00+01:00;-8;24.53846395
1900-02-28 02:00:00+01:00;-7.3;24.6189062
1900-02-28 03:00:00+01:00;-7.3;25.13638003
1900-02-28 04:00:00+01:00;-7.5;26.7021011
1900-02-28 05:00:00+01:00;-6.8;31.57812427
1900-02-28 06:00:00+01:00;-6.6;41.49538696
1900-02-28 07:00:00+01:00;-6.6;55.99067422
1900-02-28 08:00:00+01:00;-5.8;61.82194238
1900-02-28 09:00:00+01:00;-5.1;61.12259471
1900-02-28 10:00:00+01:00;-4.5;57.99911693
1900-02-28 11:00:00+01:00;-3.5;57.05167522
1900-02-28 12:00:00+01:00;-3;55.29249511
1900-02-28 13:00:00+01:00;-2.4;51.52508438
1900-02-28 14:00:00+01:00;-1.7;50.83111698
1900-02-28 15:00:00+01:00;-2.8;50.50887017
1900-02-28 16:00:00+01:00;-3;40.57646001
1900-02-28 17:00:00+01:00;-3.4;29.42873876
1900-02-28 18:00:00+01:00;-5.3;25.4338344
1900-02-28 19:00:00+01:00;-4.6;24.48771977
1900-02-28 20:00:00+01:00;-4.8;24.14145056
1900-02-28 21:00:00+01:00;-4.5;24.31376771
1900-02-28 22:00:00+01:00;-4.7;22.75283062
1900-02-28 23:00:00+01:00;-5.9;23.28027579
1900-03-01 00:00:00+01:00;-5.8;23.34908929
1900-03-01 01:00:00+01:00;-5.9;23.79628288
1900-03-01 02:00:00+01:00;-5.7;23.93239071
1900-03-01 03:00:00+01:00;-5.1;24.18380177
1900-03-01 04:00:00+01:00;-5;25.57086349
1900-03-01 05:00:00+01:00;-5;30.42159768
1900-03-01 06:00:00+01:00;-3.6;39.00312201
1900-03-01 07:00:00+01:00;-3.3;52.2959325
1900-03-01 08:00:00+01:00;-3.4;58.31480765
1900-03-01 09:00:00+01:00;-1.5;56.49164323
1900-03-01 10:00:00+01:00;-0.8;53.35858095
1900-03-01 11:00:00+01:00;-0.3;52.51784392
1900-03-01 12:00:00+01:00;0.1;50.8178719
1900-03-01 13:00:00+01:00;0;47.9471234
1900-03-01 14:00:00+01:00;0.6;47.22119194
1900-03-01 15:00:00+01:00;0.2;46.09551242
1900-03-01 16:00:00+01:00;0.2;36.92537509
1900-03-01 17:00:00+01:00;-0.1;26.61459253
1900-03-01 18:00:00+01:00;-0.3;21.88644604
1900-03-01 19:00:00+01:00;-1;21.47800283
1900-03-01 20:00:00+01:00;-0.8;20.96423319
1900-03-01 21:00:00+01:00;-0.8;21.16696505
1900-03-01 22:00:00+01:00;-1.7;20.15577513
1900-03-01 23:00:00+01:00;-1.5;20.23822864
1900-03-02 00:00:00+01:00;-1.9;20.37616865
1900-03-02 01:00:00+01:00;-2.5;20.86618192
1900-03-02 02:00:00+01:00;-2.6;21.06485474
1900-03-02 03:00:00+01:00;-3;21.50636083
1900-03-02 04:00:00+01:00;-3.8;22.91314586
1900-03-02 05:00:00+01:00;-4.5;27.23701378
1900-03-02 06:00:00+01:00;-4.6;36.10787565
1900-03-02 07:00:00+01:00;-5.1;49.65952792
1900-03-02 08:00:00+01:00;-4.1;55.99309615
1900-03-02 09:00:00+01:00;-3.4;55.73346855
1900-03-02 10:00:00+01:00;-2.3;52.72885417
1900-03-02 11:00:00+01:00;-1.4;52.00284742
1900-03-02 12:00:00+01:00;-0.7;50.31768499
1900-03-02 13:00:00+01:00;-0.5;47.35080498
1900-03-02 14:00:00+01:00;-0.5;47.58761974
1900-03-02 15:00:00+01:00;-0.7;46.44618156
1900-03-02 16:00:00+01:00;-0.7;37.21350048
1900-03-02 17:00:00+01:00;-2.6;27.44366828
1900-03-02 18:00:00+01:00;-2;22.25737448
1900-03-02 19:00:00+01:00;-2.8;22.00238684
1900-03-02 20:00:00+01:00;-2.4;21.46423627
1900-03-02 21:00:00+01:00;-2.5;21.82818032
1900-03-02 22:00:00+01:00;-3;20.6165124
1900-03-02 23:00:00+01:00;-3.1;20.91353728
1900-03-03 00:00:00+01:00;-3.5;20.29128353
1900-03-03 01:00:00+01:00;-3.5;19.9932382
1900-03-03 02:00:00+01:00;-3.3;20.02881224
1900-03-03 03:00:00+01:00;-3.5;20.18642256
1900-03-03 04:00:00+01:00;-3.5;20.85075594
1900-03-03 05:00:00+01:00;-3.9;23.91039259
1900-03-03 06:00:00+01:00;-4.3;25.43896877
1900-03-03 07:00:00+01:00;-4.1;26.4804099
1900-03-03 08:00:00+01:00;-5.3;26.49387993
1900-03-03 09:00:00+01:00;-4;24.87064843
1900-03-03 10:00:00+01:00;-3;23.23154714
1900-03-03 11:00:00+01:00;-2.3;22.17713646
1900-03-03 12:00:00+01:00;-2.4;21.45663343
1900-03-03 13:00:00+01:00;-2;20.87819813
1900-03-03 14:00:00+01:00;-2.3;21.31282907
1900-03-03 15:00:00+01:00;-2;21.64413964
1900-03-03 16:00:00+01:00;-1.7;21.33513609
1900-03-03 17:00:00+01:00;-2;20.9309891
1900-03-03 18:00:00+01:00;-2.6;21.03472127
1900-03-03 19:00:00+01:00;-2;20.84764933
1900-03-03 20:00:00+01:00;-1.5;20.84470827
1900-03-03 21:00:00+01:00;-1.5;21.13315833
1900-03-03 22:00:00+01:00;-1.5;19.88721613
1900-03-03 23:00:00+01:00;-1.7;20.29238859
1900-03-04 00:00:00+01:00;-2.1;19.99657978
1900-03-04 01:00:00+01:00;-2;19.62304007
1900-03-04 02:00:00+01:00;-2.5;19.79413892
1900-03-04 03:00:00+01:00;-0.3;19.14861506
1900-03-04 04:00:00+01:00;0.6;19.34910066
1900-03-04 05:00:00+01:00;0.7;22.32893141
1900-03-04 06:00:00+01:00;0.6;22.98724582
1900-03-04 07:00:00+01:00;1;23.55516677
1900-03-04 08:00:00+01:00;1.2;22.41692847
1900-03-04 09:00:00+01:00;1.1;21.26620197
1900-03-04 10:00:00+01:00;1.3;19.90359368
1900-03-04 11:00:00+01:00;1.7;18.9456236
1900-03-04 12:00:00+01:00;2;17.96448807
1900-03-04 13:00:00+01:00;2.7;17.10388205
1900-03-04 14:00:00+01:00;2.4;17.27066042
1900-03-04 15:00:00+01:00;2.7;17.33510966
1900-03-04 16:00:00+01:00;2.3;17.6341364
1900-03-04 17:00:00+01:00;1.8;17.50196942
1900-03-04 18:00:00+01:00;2;17.24225057
1900-03-04 19:00:00+01:00;1.7;17.42538065
1900-03-04 20:00:00+01:00;1.6;17.63064187
1900-03-04 21:00:00+01:00;1.7;17.77186681
1900-03-04 22:00:00+01:00;1.2;17.00679996
1900-03-04 23:00:00+01:00;1;17.42471692
1900-03-05 00:00:00+01:00;0.8;17.71645465
1900-03-05 01:00:00+01:00;1;17.96736806
1900-03-05 02:00:00+01:00;0.8;18.21203063
1900-03-05 03:00:00+01:00;0.6;18.55738632
1900-03-05 04:00:00+01:00;0.5;19.7302259
1900-03-05 05:00:00+01:00;0.8;23.6159506
1900-03-05 06:00:00+01:00;1.1;30.4150602
1900-03-05 07:00:00+01:00;0.7;42.24174129
1900-03-05 08:00:00+01:00;0.8;48.85201813
1900-03-05 09:00:00+01:00;0.9;49.09978002
1900-03-05 10:00:00+01:00;0.9;47.35965833
1900-03-05 11:00:00+01:00;0.6;47.66249189
1900-03-05 12:00:00+01:00;0.7;46.7529276
1900-03-05 13:00:00+01:00;1;44.04398699
1900-03-05 14:00:00+01:00;0.8;44.62551128
1900-03-05 15:00:00+01:00;1;43.16529029
1900-03-05 16:00:00+01:00;1.4;34.28775638
1900-03-05 17:00:00+01:00;1.3;24.1259041
1900-03-05 18:00:00+01:00;1.5;19.16831138
1900-03-05 19:00:00+01:00;1.5;18.52396884
1900-03-05 20:00:00+01:00;1.5;18.12188994
1900-03-05 21:00:00+01:00;1.4;18.37362097
1900-03-05 22:00:00+01:00;1.4;17.34210842
1900-03-05 23:00:00+01:00;1.1;17.6146228
1900-03-06 00:00:00+01:00;0.9;17.7742673
1900-03-06 01:00:00+01:00;-0.6;18.58885952
1900-03-06 02:00:00+01:00;-0.6;18.90386997
1900-03-06 03:00:00+01:00;-0.7;19.30291874
1900-03-06 04:00:00+01:00;0;20.31334332
1900-03-06 05:00:00+01:00;0.5;24.29918118
1900-03-06 06:00:00+01:00;0.4;31.47604773
1900-03-06 07:00:00+01:00;0.6;43.21662175
1900-03-06 08:00:00+01:00;0.7;49.66753304
1900-03-06 09:00:00+01:00;1;49.66391294
1900-03-06 10:00:00+01:00;0.7;48.0831731
1900-03-06 11:00:00+01:00;1;47.7504141
1900-03-06 12:00:00+01:00;0.9;46.92976437
1900-03-06 13:00:00+01:00;1;44.32679722
1900-03-06 14:00:00+01:00;0.4;45.25323148
1900-03-06 15:00:00+01:00;0.4;43.98769204
1900-03-06 16:00:00+01:00;0.1;35.51398443
1900-03-06 17:00:00+01:00;0.5;24.69324744
1900-03-06 18:00:00+01:00;0.5;19.79488203
1900-03-06 19:00:00+01:00;0.4;19.2142631
1900-03-06 20:00:00+01:00;0.4;18.81685588
1900-03-06 21:00:00+01:00;0.3;19.09898813
1900-03-06 22:00:00+01:00;-0.3;18.16638133
1900-03-06 23:00:00+01:00;-0.8;18.52932575
1900-03-07 00:00:00+01:00;-1.4;18.85752728
1900-03-07 01:00:00+01:00;-1.7;19.36950346
1900-03-07 02:00:00+01:00;-2;19.75444465
1900-03-07 03:00:00+01:00;-1.7;20.06309086
1900-03-07 04:00:00+01:00;-1.2;21.16452592
1900-03-07 05:00:00+01:00;-1.2;25.35110804
1900-03-07 06:00:00+01:00;-1.4;33.19731018
1900-03-07 07:00:00+01:00;-1;45.39400062
1900-03-07 08:00:00+01:00;-0.7;51.83771138
1900-03-07 09:00:00+01:00;-0.6;52.02980957
1900-03-07 10:00:00+01:00;-0.3;49.84977657
1900-03-07 11:00:00+01:00;0.2;49.38732498
1900-03-07 12:00:00+01:00;0.6;48.03876897
1900-03-07 13:00:00+01:00;0.3;45.70928739
1900-03-07 14:00:00+01:00;0.2;46.07641699
1900-03-07 15:00:00+01:00;0.8;44.08115049
1900-03-07 16:00:00+01:00;0.1;35.93421839
1900-03-07 17:00:00+01:00;0.5;25.15558903
1900-03-07 18:00:00+01:00;0.8;20.17721068
1900-03-07 19:00:00+01:00;0.8;19.52785876
1900-03-07 20:00:00+01:00;0.4;19.30915076
1900-03-07 21:00:00+01:00;-0.3;19.83519267
1900-03-07 22:00:00+01:00;0;18.56220051
1900-03-07 23:00:00+01:00;-0.1;18.78788434
1900-03-08 00:00:00+01:00;-0.6;19.01740533
1900-03-08 01:00:00+01:00;-1;19.50700584
1900-03-08 02:00:00+01:00;-1.2;19.8053348
1900-03-08 03:00:00+01:00;-1.5;20.23924129
1900-03-08 04:00:00+01:00;-1.4;21.43897457
1900-03-08 05:00:00+01:00;-1.5;25.63552064
1900-03-08 06:00:00+01:00;-1.2;33.29924381
1900-03-08 07:00:00+01:00;-1;45.52277672
1900-03-08 08:00:00+01:00;-0.7;51.87903376
1900-03-08 09:00:00+01:00;-0.5;51.91492063
1900-03-08 10:00:00+01:00;0.1;49.44504103
1900-03-08 11:00:00+01:00;0.1;49.38561227
1900-03-08 12:00:00+01:00;0.9;47.65044837
1900-03-08 13:00:00+01:00;0.8;45.13544606
1900-03-08 14:00:00+01:00;1.2;44.89898741
1900-03-08 15:00:00+01:00;1.3;43.41820894
1900-03-08 16:00:00+01:00;1.1;34.98974158
1900-03-08 17:00:00+01:00;1;24.77052283
1900-03-08 18:00:00+01:00;1;19.93800407
1900-03-08 19:00:00+01:00;0.3;19.60124581
1900-03-08 20:00:00+01:00;0.2;19.24432373
1900-03-08 21:00:00+01:00;0.1;19.50619741
1900-03-08 22:00:00+01:00;-0.6;18.56725001
1900-03-08 23:00:00+01:00;-1;18.89057799
1900-03-09 00:00:00+01:00;-1.5;19.16125555
1900-03-09 01:00:00+01:00;-2;19.72664975
1900-03-09 02:00:00+01:00;-2.3;20.10025032
1900-03-09 03:00:00+01:00;-2.4;20.52074923
1900-03-09 04:00:00+01:00;-2.1;21.65632998
1900-03-09 05:00:00+01:00;-2.9;25.94124567
1900-03-09 06:00:00+01:00;-2.5;34.04505686
1900-03-09 07:00:00+01:00;-2.4;46.65742628
1900-03-09 08:00:00+01:00;-2.8;53.85789887
1900-03-09 09:00:00+01:00;-2.1;53.63451936
1900-03-09 10:00:00+01:00;-1.9;51.51544225
1900-03-09 11:00:00+01:00;-1.7;51.50155263
1900-03-09 12:00:00+01:00;-1.5;50.42730761
1900-03-09 13:00:00+01:00;-1.2;47.44118972
1900-03-09 14:00:00+01:00;-0.7;47.36866352
1900-03-09 15:00:00+01:00;-1;46.4159157
1900-03-09 16:00:00+01:00;-0.3;36.59057328
1900-03-09 17:00:00+01:00;-0.3;25.94507305
1900-03-09 18:00:00+01:00;-0.7;21.30339809
1900-03-09 19:00:00+01:00;-0.3;20.51218959
1900-03-09 20:00:00+01:00;-1.4;20.60641
1900-03-09 21:00:00+01:00;-2;21.15468927
1900-03-09 22:00:00+01:00;-4.6;20.61918926
1900-03-09 23:00:00+01:00;-6.3;21.36459329
1900-03-10 00:00:00+01:00;-7.3;21.1010924
1900-03-10 01:00:00+01:00;-8.2;21.13878605
1900-03-10 02:00:00+01:00;-9.8;21.93472723
1900-03-10 03:00:00+01:00;-9.6;22.19654715
1900-03-10 04:00:00+01:00;-10.2;23.40940913
1900-03-10 05:00:00+01:00;-12.7;27.10276708
1900-03-10 06:00:00+01:00;-13.7;30.36077181
1900-03-10 07:00:00+01:00;-13.2;32.09676908
1900-03-10 08:00:00+01:00;-9;29.80448006
1900-03-10 09:00:00+01:00;-7.6;28.25778754
1900-03-10 10:00:00+01:00;-7.3;27.05337283
1900-03-10 11:00:00+01:00;-6.8;26.15851488
1900-03-10 12:00:00+01:00;-6.1;24.89865091
1900-03-10 13:00:00+01:00;-6.1;24.53289026
1900-03-10 14:00:00+01:00;-5.6;24.57795302
1900-03-10 15:00:00+01:00;-4.6;24.56003984
1900-03-10 16:00:00+01:00;-4.3;24.28769347
1900-03-10 17:00:00+01:00;-7.1;25.35443173
1900-03-10 18:00:00+01:00;-7.8;25.44001596
1900-03-10 19:00:00+01:00;-9.5;26.46213574
1900-03-10 20:00:00+01:00;-10.3;27.38539437
1900-03-10 21:00:00+01:00;-12.6;28.61519917
1900-03-10 22:00:00+01:00;-13.5;26.68454449
1900-03-10 23:00:00+01:00;-14;27.5340883
1900-03-11 00:00:00+01:00;-15;27.01912702
1900-03-11 01:00:00+01:00;-15.2;26.87987294
1900-03-11 02:00:00+01:00;-15.7;27.29415096
1900-03-11 03:00:00+01:00;-14.2;27.19762198
1900-03-11 04:00:00+01:00;-16.2;29.02146411
1900-03-11 05:00:00+01:00;-17.7;33.48574357
1900-03-11 06:00:00+01:00;-17;35.93820856
1900-03-11 07:00:00+01:00;-14.6;36.66314456
1900-03-11 08:00:00+01:00;-12.2;34.95316219
1900-03-11 09:00:00+01:00;-11.7;33.70969385
1900-03-11 10:00:00+01:00;-8.7;30.39943112
1900-03-11 11:00:00+01:00;-7.6;28.85517232
1900-03-11 12:00:00+01:00;-6.6;27.28579992
1900-03-11 13:00:00+01:00;-4.6;25.16840593
1900-03-11 14:00:00+01:00;-5.3;25.7642513
1900-03-11 15:00:00+01:00;-5;26.22661576
1900-03-11 16:00:00+01:00;-6.6;27.43480281
1900-03-11 17:00:00+01:00;-6.8;26.87403173
1900-03-11 18:00:00+01:00;-7.5;27.23079205
1900-03-11 19:00:00+01:00;-7.8;27.48523529
1900-03-11 20:00:00+01:00;-8.2;27.88649548
1900-03-11 21:00:00+01:00;-10.7;29.29475662
1900-03-11 22:00:00+01:00;-10.8;27.03776333
1900-03-11 23:00:00+01:00;-11.2;27.48969315
1900-03-12 00:00:00+01:00;-10.2;27.97187726
1900-03-12 01:00:00+01:00;-9.7;28.24768496
1900-03-12 02:00:00+01:00;-10;28.3607177
1900-03-12 03:00:00+01:00;-10.5;28.97819515
1900-03-12 04:00:00+01:00;-11.1;30.67552204
1900-03-12 05:00:00+01:00;-11.5;36.05351272
1900-03-12 06:00:00+01:00;-12;47.70432939
1900-03-12 07:00:00+01:00;-11.7;63.41502953
1900-03-12 08:00:00+01:00;-10.7;69.14208405
1900-03-12 09:00:00+01:00;-6.3;65.04554868
1900-03-12 10:00:00+01:00;1.6;55.21794959
1900-03-12 11:00:00+01:00;-1;56.49456514
1900-03-12 12:00:00+01:00;-0.5;54.2992664
1900-03-12 13:00:00+01:00;1.8;48.80332102
1900-03-12 14:00:00+01:00;1.7;48.00795376
1900-03-12 15:00:00+01:00;3.8;43.78686932
1900-03-12 16:00:00+01:00;5.4;33.80964079
1900-03-12 17:00:00+01:00;1.2;27.26051234
1900-03-12 18:00:00+01:00;-3;24.5358048
1900-03-12 19:00:00+01:00;-6;25.15223901
1900-03-12 20:00:00+01:00;-7;25.12756453
1900-03-12 21:00:00+01:00;-8.1;25.8610778
1900-03-12 22:00:00+01:00;-8.7;24.03546816
1900-03-12 23:00:00+01:00;-9;24.2766674
1900-03-13 00:00:00+01:00;-9.2;24.46325227
1900-03-13 01:00:00+01:00;-9.7;25.09334842
1900-03-13 02:00:00+01:00;-9.2;25.16425965
1900-03-13 03:00:00+01:00;-9.1;25.60562881
1900-03-13 04:00:00+01:00;-8;26.61965299
1900-03-13 05:00:00+01:00;-7.5;31.16844353
1900-03-13 06:00:00+01:00;-7.3;40.91130974
1900-03-13 07:00:00+01:00;-6.1;54.24609088
1900-03-13 08:00:00+01:00;-4;58.87363857
1900-03-13 09:00:00+01:00;-2.5;57.39510304
1900-03-13 10:00:00+01:00;-1.7;54.41479766
1900-03-13 11:00:00+01:00;-0.6;53.17749081
1900-03-13 12:00:00+01:00;0;51.33342754
1900-03-13 13:00:00+01:00;2.2;46.38429526
1900-03-13 14:00:00+01:00;5.2;42.70920194
1900-03-13 15:00:00+01:00;4;42.27790816
1900-03-13 16:00:00+01:00;4.4;33.77993888
1900-03-13 17:00:00+01:00;2.5;25.7536541
1900-03-13 18:00:00+01:00;0.6;22.04315363
1900-03-13 19:00:00+01:00;-2;22.43284865
1900-03-13 20:00:00+01:00;-4.8;23.13871168
1900-03-13 21:00:00+01:00;-3.8;22.96312468
1900-03-13 22:00:00+01:00;-7;22.29749387
1900-03-13 23:00:00+01:00;-7.8;22.65362523
1900-03-14 00:00:00+01:00;-8.5;22.95311296
1900-03-14 01:00:00+01:00;-6.6;22.85729102
1900-03-14 02:00:00+01:00;-5.8;22.80109368
1900-03-14 03:00:00+01:00;-4.6;22.80261403
1900-03-14 04:00:00+01:00;-5.1;24.14400879
1900-03-14 05:00:00+01:00;-4.5;28.39148687
1900-03-14 06:00:00+01:00;-5.3;37.53911991
1900-03-14 07:00:00+01:00;-3.6;49.94075406
1900-03-14 08:00:00+01:00;-3.3;56.24584721
1900-03-14 09:00:00+01:00;-2.3;55.51276595
1900-03-14 10:00:00+01:00;-2.5;53.4667454
1900-03-14 11:00:00+01:00;-1.2;52.32082967
1900-03-14 12:00:00+01:00;-1;51.06197097
1900-03-14 13:00:00+01:00;1.2;46.23468329
1900-03-14 14:00:00+01:00;0.3;47.17358065
1900-03-14 15:00:00+01:00;0;46.12268088
1900-03-14 16:00:00+01:00;0;37.05378223
1900-03-14 17:00:00+01:00;0;26.62607436
1900-03-14 18:00:00+01:00;0.1;21.90421881
1900-03-14 19:00:00+01:00;0;21.27834446
1900-03-14 20:00:00+01:00;-0.1;20.91321941
1900-03-14 21:00:00+01:00;-0.3;21.20858537
1900-03-14 22:00:00+01:00;-1.5;20.28770315
1900-03-14 23:00:00+01:00;-0.7;20.16097364
1900-03-15 00:00:00+01:00;-1.7;20.37663647
1900-03-15 01:00:00+01:00;-2.1;20.78484494
1900-03-15 02:00:00+01:00;-3.5;21.33818982
1900-03-15 03:00:00+01:00;-3.6;21.73907777
1900-03-15 04:00:00+01:00;-4.5;23.16853358
1900-03-15 05:00:00+01:00;-5.1;27.49518076
1900-03-15 06:00:00+01:00;-5;36.41486895
1900-03-15 07:00:00+01:00;-5.3;49.94079859
1900-03-15 08:00:00+01:00;-3.8;55.89274433
1900-03-15 09:00:00+01:00;-2.3;54.86646805
1900-03-15 10:00:00+01:00;-1.5;52.02001837
1900-03-15 11:00:00+01:00;0.7;49.91474517
1900-03-15 12:00:00+01:00;2.8;46.71025913
1900-03-15 13:00:00+01:00;3.3;43.61023666
1900-03-15 14:00:00+01:00;3.9;42.60895131
1900-03-15 15:00:00+01:00;3.5;41.44370165
1900-03-15 16:00:00+01:00;3;33.73644605
1900-03-15 17:00:00+01:00;1.5;24.87669457
1900-03-15 18:00:00+01:00;-1;21.22045593
1900-03-15 19:00:00+01:00;-2.8;21.40162147
1900-03-15 20:00:00+01:00;-4.1;21.53821678
1900-03-15 21:00:00+01:00;-6.1;22.71484117
1900-03-15 22:00:00+01:00;-6.5;21.12232078
1900-03-15 23:00:00+01:00;-8;21.83124423
1900-03-16 00:00:00+01:00;-8;22.12541647
1900-03-16 01:00:00+01:00;-4.8;21.83921541
1900-03-16 02:00:00+01:00;-4.8;22.12282048
1900-03-16 03:00:00+01:00;-3.1;22.08430781
1900-03-16 04:00:00+01:00;-3;23.36516817
1900-03-16 05:00:00+01:00;-2.4;27.71459897
1900-03-16 06:00:00+01:00;-2.8;36.05042512
1900-03-16 07:00:00+01:00;-2.5;48.72970301
1900-03-16 08:00:00+01:00;-1.4;54.23593397
1900-03-16 09:00:00+01:00;0.1;52.95177508
1900-03-16 10:00:00+01:00;1;49.98101826
1900-03-16 11:00:00+01:00;1.8;48.92181464
1900-03-16 12:00:00+01:00;2.2;47.43146312
1900-03-16 13:00:00+01:00;2.3;44.72678424
1900-03-16 14:00:00+01:00;2.1;44.79196354
1900-03-16 15:00:00+01:00;2.2;43.22109344
1900-03-16 16:00:00+01:00;3;34.07709024
1900-03-16 17:00:00+01:00;1.9;25.08335784
1900-03-16 18:00:00+01:00;1.4;20.6068901
1900-03-16 19:00:00+01:00;1;20.06119263
1900-03-16 20:00:00+01:00;1.1;19.58028387
1900-03-16 21:00:00+01:00;0.3;20.00353298
1900-03-16 22:00:00+01:00;0.5;18.68164518
1900-03-16 23:00:00+01:00;-0.1;18.86942352
1900-03-17 00:00:00+01:00;0.4;17.9278783
1900-03-17 01:00:00+01:00;0;17.61453367
1900-03-17 02:00:00+01:00;-1.2;17.95148175
1900-03-17 03:00:00+01:00;-4.6;19.05161284
1900-03-17 04:00:00+01:00;-5.6;20.10205554
1900-03-17 05:00:00+01:00;-5.8;22.50162148
1900-03-17 06:00:00+01:00;-6;24.55315491
1900-03-17 07:00:00+01:00;-2.1;24.00996027
1900-03-17 08:00:00+01:00;-0.5;22.5444286
1900-03-17 09:00:00+01:00;2;20.14222161
1900-03-17 10:00:00+01:00;2.6;18.65806806
1900-03-17 11:00:00+01:00;5.5;16.16127391
1900-03-17 12:00:00+01:00;4.3;16.20250236
1900-03-17 13:00:00+01:00;4.4;15.74785757
1900-03-17 14:00:00+01:00;6.3;14.3121798
1900-03-17 15:00:00+01:00;6.6;14.22325905
1900-03-17 16:00:00+01:00;7.6;13.88941166
1900-03-17 17:00:00+01:00;4.5;15.65767559
1900-03-17 18:00:00+01:00;2.1;16.90931583
1900-03-17 19:00:00+01:00;1.6;17.23679213
1900-03-17 20:00:00+01:00;0;18.2479653
1900-03-17 21:00:00+01:00;-1.9;19.18148309
1900-03-17 22:00:00+01:00;-1.7;17.94703204
1900-03-17 23:00:00+01:00;-3.1;18.95384831
1900-03-18 00:00:00+01:00;-4;18.78767281
1900-03-18 01:00:00+01:00;-4.6;18.71559303
1900-03-18 02:00:00+01:00;-6.3;19.4816331
1900-03-18 03:00:00+01:00;-5.5;19.38176887
1900-03-18 04:00:00+01:00;-6.3;20.35112781
1900-03-18 05:00:00+01:00;-6.1;22.51480064
1900-03-18 06:00:00+01:00;-6.3;24.53801089
1900-03-18 07:00:00+01:00;-4.8;25.21252247
1900-03-18 08:00:00+01:00;-2.4;23.55510336
1900-03-18 09:00:00+01:00;-0.8;21.82609833
1900-03-18 10:00:00+01:00;0;20.41840871
1900-03-18 11:00:00+01:00;1.1;19.21052658
1900-03-18 12:00:00+01:00;1.3;18.40343362
1900-03-18 13:00:00+01:00;1.5;17.98912549
1900-03-18 14:00:00+01:00;2.3;17.54661226
1900-03-18 15:00:00+01:00;3.7;16.89628241
1900-03-18 16:00:00+01:00;3.4;17.40482239
1900-03-18 17:00:00+01:00;2;18.02552017
1900-03-18 18:00:00+01:00;1.8;18.21829578
1900-03-18 19:00:00+01:00;2;18.27858984
1900-03-18 20:00:00+01:00;0.3;19.25260559
1900-03-18 21:00:00+01:00;-0.3;19.77942728
1900-03-18 22:00:00+01:00;-1.7;19.12123142
1900-03-18 23:00:00+01:00;-2.5;19.78999835
1900-03-19 00:00:00+01:00;-3.8;20.46411817
1900-03-19 01:00:00+01:00;-3.1;20.67574232
1900-03-19 02:00:00+01:00;-3.4;20.93325171
1900-03-19 03:00:00+01:00;-3.9;21.41280036
1900-03-19 04:00:00+01:00;-4.1;22.56575717
1900-03-19 05:00:00+01:00;-5;26.72728376
1900-03-19 06:00:00+01:00;-5.5;35.74994039
1900-03-19 07:00:00+01:00;-4.3;48.21530449
1900-03-19 08:00:00+01:00;-3.3;54.57917788
1900-03-19 09:00:00+01:00;-2.5;54.26996632
1900-03-19 10:00:00+01:00;-1;51.01631371
1900-03-19 11:00:00+01:00;0;50.12002737
1900-03-19 12:00:00+01:00;3.5;45.69233066
1900-03-19 13:00:00+01:00;4.5;42.19098513
1900-03-19 14:00:00+01:00;6.5;39.58692826
1900-03-19 15:00:00+01:00;7.2;37.13103517
1900-03-19 16:00:00+01:00;7.3;29.92510764
1900-03-19 17:00:00+01:00;4.6;23.0491509
1900-03-19 18:00:00+01:00;3;19.16220626
1900-03-19 19:00:00+01:00;-0.3;19.96007776
1900-03-19 20:00:00+01:00;-2;20.2644673
1900-03-19 21:00:00+01:00;-3.3;21.08199522
1900-03-19 22:00:00+01:00;-4;19.80251401
1900-03-19 23:00:00+01:00;-6;20.55179443
1900-03-20 00:00:00+01:00;-6.6;20.8940959
1900-03-20 01:00:00+01:00;-6.8;21.49059833
1900-03-20 02:00:00+01:00;-8.6;22.34451871
1900-03-20 03:00:00+01:00;-7.5;22.58847353
1900-03-20 04:00:00+01:00;-8.3;23.93327684
1900-03-20 05:00:00+01:00;-8.7;27.99466166
1900-03-20 06:00:00+01:00;-8.8;38.18538418
1900-03-20 07:00:00+01:00;-7.1;51.30205186
1900-03-20 08:00:00+01:00;-4.3;56.57729234
1900-03-20 09:00:00+01:00;-3.4;56.07706997
1900-03-20 10:00:00+01:00;-3;53.61864428
1900-03-20 11:00:00+01:00;-1.4;52.30118997
1900-03-20 12:00:00+01:00;1;49.01392304
1900-03-20 13:00:00+01:00;5.1;42.54384366
1900-03-20 14:00:00+01:00;4.8;42.23712093
1900-03-20 15:00:00+01:00;3.8;41.76380002
1900-03-20 16:00:00+01:00;4;33.54170482
1900-03-20 17:00:00+01:00;4.2;24.28730511
1900-03-20 18:00:00+01:00;3.4;20.21422324
1900-03-20 19:00:00+01:00;1;20.56888167
1900-03-20 20:00:00+01:00;-1;21.04006183
1900-03-20 21:00:00+01:00;-2.1;21.73124106
1900-03-20 22:00:00+01:00;-2.4;20.44216673
1900-03-20 23:00:00+01:00;-2;20.47589434
1900-03-21 00:00:00+01:00;-2;20.49510934
1900-03-21 01:00:00+01:00;-1.9;20.76591177
1900-03-21 02:00:00+01:00;0.2;20.24885664
1900-03-21 03:00:00+01:00;0.3;20.3767208
1900-03-21 04:00:00+01:00;0;21.57157913
1900-03-21 05:00:00+01:00;-1;25.81360202
1900-03-21 06:00:00+01:00;-0.7;32.99400598
1900-03-21 07:00:00+01:00;-1;45.05806299
1900-03-21 08:00:00+01:00;-0.5;51.17087043
1900-03-21 09:00:00+01:00;-1.2;51.90922558
1900-03-21 10:00:00+01:00;-0.5;49.34769736
1900-03-21 11:00:00+01:00;0.7;48.23170403
1900-03-21 12:00:00+01:00;1.2;46.82738316
1900-03-21 13:00:00+01:00;1.6;44.0387922
1900-03-21 14:00:00+01:00;2.5;43.29508006
1900-03-21 15:00:00+01:00;1.9;42.59388778
1900-03-21 16:00:00+01:00;4.7;31.85704669
1900-03-21 17:00:00+01:00;3.7;23.28895857
1900-03-21 18:00:00+01:00;2.3;19.26247805
1900-03-21 19:00:00+01:00;4;17.83761258
1900-03-21 20:00:00+01:00;5;17.01154378
1900-03-21 21:00:00+01:00;5.4;16.89512591
1900-03-21 22:00:00+01:00;4.9;16.29355644
1900-03-21 23:00:00+01:00;4.6;16.45861006
1900-03-22 00:00:00+01:00;4.6;16.39701507
1900-03-22 01:00:00+01:00;4.6;16.57784225
1900-03-22 02:00:00+01:00;3.8;16.97895898
1900-03-22 03:00:00+01:00;3;17.39761652
1900-03-22 04:00:00+01:00;1.7;18.80931739
1900-03-22 05:00:00+01:00;0;22.79870334
1900-03-22 06:00:00+01:00;-2.8;31.09179692
1900-03-22 07:00:00+01:00;0.2;41.36601108
1900-03-22 08:00:00+01:00;1.8;47.01460181
1900-03-22 09:00:00+01:00;7.5;42.35566112
1900-03-22 10:00:00+01:00;7;40.94843258
1900-03-22 11:00:00+01:00;9.7;37.62930222
1900-03-22 12:00:00+01:00;10.4;35.72515576
1900-03-22 13:00:00+01:00;12.9;30.76748567
1900-03-22 14:00:00+01:00;14.1;28.56885598
1900-03-22 15:00:00+01:00;12.2;28.81446143
1900-03-22 16:00:00+01:00;11.6;24.09059742
1900-03-22 17:00:00+01:00;11.2;17.11022268
1900-03-22 18:00:00+01:00;10.8;12.65743078
1900-03-22 19:00:00+01:00;10.1;12.14462915
1900-03-22 20:00:00+01:00;8.6;12.31399602
1900-03-22 21:00:00+01:00;6.9;13.01583677
1900-03-22 22:00:00+01:00;8;12.08568599
1900-03-22 23:00:00+01:00;7.2;12.35414751
1900-03-23 00:00:00+01:00;5.6;12.78930109
1900-03-23 01:00:00+01:00;2.7;13.89136373
1900-03-23 02:00:00+01:00;4;13.87414653
1900-03-23 03:00:00+01:00;6.6;13.29310039
1900-03-23 04:00:00+01:00;5;14.42195122
1900-03-23 05:00:00+01:00;4.2;17.2804282
1900-03-23 06:00:00+01:00;3.5;22.56463029
1900-03-23 07:00:00+01:00;3.2;32.42142831
1900-03-23 08:00:00+01:00;4.1;39.31838262
1900-03-23 09:00:00+01:00;4.7;39.83358961
1900-03-23 10:00:00+01:00;4.8;38.85075499
1900-03-23 11:00:00+01:00;4.9;38.99989041
1900-03-23 12:00:00+01:00;5.3;38.25342858
1900-03-23 13:00:00+01:00;5.2;36.74796282
1900-03-23 14:00:00+01:00;5.7;36.73786784
1900-03-23 15:00:00+01:00;5.2;36.2069208
1900-03-23 16:00:00+01:00;4.8;29.59457382
1900-03-23 17:00:00+01:00;4.2;20.68429152
1900-03-23 18:00:00+01:00;3.7;16.06806965
1900-03-23 19:00:00+01:00;3.5;15.62005283
1900-03-23 20:00:00+01:00;3.6;15.20337645
1900-03-23 21:00:00+01:00;3.2;15.56118814
1900-03-23 22:00:00+01:00;2.6;14.93447691
1900-03-23 23:00:00+01:00;2.4;15.21650758
1900-03-24 00:00:00+01:00;2.4;15.08423996
1900-03-24 01:00:00+01:00;2;14.88796495
1900-03-24 02:00:00+01:00;1.9;15.09254146
1900-03-24 03:00:00+01:00;1.7;15.2699876
1900-03-24 04:00:00+01:00;1.9;15.73072855
1900-03-24 05:00:00+01:00;1.4;17.82773255
1900-03-24 06:00:00+01:00;0.9;19.28129917
1900-03-24 07:00:00+01:00;2;19.72821342
1900-03-24 08:00:00+01:00;3.4;18.39503431
1900-03-24 09:00:00+01:00;4.1;17.0812274
1900-03-24 10:00:00+01:00;4.5;16.00500768
1900-03-24 11:00:00+01:00;5.9;14.59428963
1900-03-24 12:00:00+01:00;6;13.90212397
1900-03-24 13:00:00+01:00;6;13.70708811
1900-03-24 14:00:00+01:00;9;11.51619904
1900-03-24 15:00:00+01:00;8;12.29179897
1900-03-24 16:00:00+01:00;7.5;12.88930848
1900-03-24 17:00:00+01:00;6.1;13.58277418
1900-03-24 18:00:00+01:00;3.6;14.80092937
1900-03-24 19:00:00+01:00;1.4;15.91813305
1900-03-24 20:00:00+01:00;0.4;16.74545958
1900-03-24 21:00:00+01:00;-1.4;17.51415406
1900-03-24 22:00:00+01:00;-3.5;17.12598203
1900-03-24 23:00:00+01:00;-3.5;17.86410933
1900-03-25 00:00:00+01:00;-4.3;17.66153976
1900-03-25 01:00:00+01:00;-5.3;17.74620539
1900-03-25 02:00:00+01:00;-4;17.74043858
1900-03-25 03:00:00+01:00;-4;17.95033898
1900-03-25 04:00:00+01:00;-3;18.36649725
1900-03-25 05:00:00+01:00;-2.9;20.49638418
1900-03-25 06:00:00+01:00;-2;21.82205562
1900-03-25 07:00:00+01:00;-1;22.50846437
1900-03-25 08:00:00+01:00;-0.7;21.87182156
1900-03-25 09:00:00+01:00;0.1;20.61822238
1900-03-25 10:00:00+01:00;0;19.88047353
1900-03-25 11:00:00+01:00;0.6;19.04904913
1900-03-25 12:00:00+01:00;1.4;17.90476588
1900-03-25 13:00:00+01:00;2.2;17.1947436
1900-03-25 14:00:00+01:00;3;16.76899201
1900-03-25 15:00:00+01:00;2.6;17.44917782
1900-03-25 16:00:00+01:00;2.4;17.75289638
1900-03-25 17:00:00+01:00;2.6;17.36404492
1900-03-25 18:00:00+01:00;1.9;17.80931796
1900-03-25 19:00:00+01:00;1.6;18.08454255
1900-03-25 20:00:00+01:00;1.6;18.26012425
1900-03-25 21:00:00+01:00;1.5;18.58892276
1900-03-25 22:00:00+01:00;1.3;17.65582186
1900-03-25 23:00:00+01:00;1.2;17.95766912
1900-03-26 00:00:00+01:00;1.3;17.95614872
1900-03-26 01:00:00+01:00;1.4;17.54951881
1900-03-26 02:00:00+01:00;1.4;17.54120297
1900-03-26 03:00:00+01:00;1.6;17.3749276
1900-03-26 04:00:00+01:00;2.5;17.58171834
1900-03-26 05:00:00+01:00;2.8;19.59338596
1900-03-26 06:00:00+01:00;3;20.95649027
1900-03-26 07:00:00+01:00;2.9;23.81119976
1900-03-26 08:00:00+01:00;2.5;26.42972533
1900-03-26 09:00:00+01:00;1.5;26.56550365
1900-03-26 10:00:00+01:00;1.7;25.74508738
1900-03-26 11:00:00+01:00;2.1;25.2027843
1900-03-26 12:00:00+01:00;2.3;24.31534532
1900-03-26 13:00:00+01:00;2.6;23.9009274
1900-03-26 14:00:00+01:00;2.4;23.86056114
1900-03-26 15:00:00+01:00;3;23.16412459
1900-03-26 16:00:00+01:00;3.3;21.85678112
1900-03-26 17:00:00+01:00;3;19.44990942
1900-03-26 18:00:00+01:00;2.9;17.097535
1900-03-26 19:00:00+01:00;2;17.17460593
1900-03-26 20:00:00+01:00;2;17.40800885
1900-03-26 21:00:00+01:00;2;17.47280899
1900-03-26 22:00:00+01:00;2;16.65307432
1900-03-26 23:00:00+01:00;1.8;17.1553265
1900-03-27 00:00:00+01:00;1.8;16.65682382
1900-03-27 01:00:00+01:00;1.6;16.47011105
1900-03-27 02:00:00+01:00;0.9;16.83085305
1900-03-27 03:00:00+01:00;0.4;17.02237027
1900-03-27 04:00:00+01:00;0.5;17.67081515
1900-03-27 05:00:00+01:00;0.3;19.71261717
1900-03-27 06:00:00+01:00;0.9;21.5358014
1900-03-27 07:00:00+01:00;1.4;24.38038505
1900-03-27 08:00:00+01:00;2.5;26.39274162
1900-03-27 09:00:00+01:00;3.4;25.4636871
1900-03-27 10:00:00+01:00;5;23.67307915
1900-03-27 11:00:00+01:00;4.8;23.43487227
1900-03-27 12:00:00+01:00;5.5;22.25249153
1900-03-27 13:00:00+01:00;6;21.57409299
1900-03-27 14:00:00+01:00;5.8;21.31210661
1900-03-27 15:00:00+01:00;6.1;20.66802121
1900-03-27 16:00:00+01:00;4.5;20.82037161
1900-03-27 17:00:00+01:00;4.3;18.41152773
1900-03-27 18:00:00+01:00;3.8;16.31837839
1900-03-27 19:00:00+01:00;3.1;16.29549217
1900-03-27 20:00:00+01:00;2.8;16.64828492
1900-03-27 21:00:00+01:00;1.7;17.17042464
1900-03-27 22:00:00+01:00;1.6;16.38015852
1900-03-27 23:00:00+01:00;1.1;17.04075205
1900-03-28 00:00:00+01:00;1.2;16.48999545
1900-03-28 01:00:00+01:00;1.3;16.229914
1900-03-28 02:00:00+01:00;1.3;16.39230148
1900-03-28 03:00:00+01:00;1.2;16.41576911
1900-03-28 04:00:00+01:00;1.1;17.04219424
1900-03-28 05:00:00+01:00;0.4;18.9871842
1900-03-28 06:00:00+01:00;0.6;20.99497077
1900-03-28 07:00:00+01:00;2.7;23.04652075
1900-03-28 08:00:00+01:00;2.9;25.51153597
1900-03-28 09:00:00+01:00;3.7;24.71414216
1900-03-28 10:00:00+01:00;4.4;23.63755229
1900-03-28 11:00:00+01:00;5;22.9877091
1900-03-28 12:00:00+01:00;5.1;22.23936031
1900-03-28 13:00:00+01:00;5.5;21.74040893
1900-03-28 14:00:00+01:00;5.7;21.28208054
1900-03-28 15:00:00+01:00;5.6;20.98048831
1900-03-28 16:00:00+01:00;6.4;19.50099111
1900-03-28 17:00:00+01:00;4;18.52165757
1900-03-28 18:00:00+01:00;3.9;16.21157174
1900-03-28 19:00:00+01:00;4;15.83487867
1900-03-28 20:00:00+01:00;2.7;16.65754859
1900-03-28 21:00:00+01:00;2.2;16.9067349
1900-03-28 22:00:00+01:00;2.4;16.05222065
1900-03-28 23:00:00+01:00;2;16.62872328
1900-03-29 00:00:00+01:00;2.9;15.85737148
1900-03-29 01:00:00+01:00;1.9;15.87519487
1900-03-29 02:00:00+01:00;1.7;16.09125996
1900-03-29 03:00:00+01:00;1.3;16.21353634
1900-03-29 04:00:00+01:00;0.8;16.98307617
1900-03-29 05:00:00+01:00;-0.7;19.091937
1900-03-29 06:00:00+01:00;-0.3;21.21651047
1900-03-29 07:00:00+01:00;0.6;23.97038842
1900-03-29 08:00:00+01:00;1.8;26.07395417
1900-03-29 09:00:00+01:00;2.5;25.40632678
1900-03-29 10:00:00+01:00;3.2;24.39818675
1900-03-29 11:00:00+01:00;3.6;23.9179427
1900-03-29 12:00:00+01:00;3.5;23.28630723
1900-03-29 13:00:00+01:00;4.5;22.45163656
1900-03-29 14:00:00+01:00;4.2;22.40855998
1900-03-29 15:00:00+01:00;3.6;22.55513156
1900-03-29 16:00:00+01:00;3.6;21.51421821
1900-03-29 17:00:00+01:00;3.8;18.83983542
1900-03-29 18:00:00+01:00;2.1;17.34164238
1900-03-29 19:00:00+01:00;0.7;17.6973719
1900-03-29 20:00:00+01:00;-1.2;18.95338747
1900-03-29 21:00:00+01:00;-3;19.64957298
1900-03-29 22:00:00+01:00;-3.5;18.60922393
1900-03-29 23:00:00+01:00;-3.3;19.24169877
1900-03-30 00:00:00+01:00;-3.5;18.68013716
1900-03-30 01:00:00+01:00;-4;18.68909805
1900-03-30 02:00:00+01:00;-5.6;19.53389671
1900-03-30 03:00:00+01:00;-5.1;19.62168713
1900-03-30 04:00:00+01:00;-3.1;19.86510805
1900-03-30 05:00:00+01:00;-4.1;22.36058221
1900-03-30 06:00:00+01:00;-4.3;25.01824901
1900-03-30 07:00:00+01:00;-3.8;28.21508216
1900-03-30 08:00:00+01:00;-3.4;30.87995533
1900-03-30 09:00:00+01:00;-3.5;30.78324387
1900-03-30 10:00:00+01:00;-1.4;28.90909217
1900-03-30 11:00:00+01:00;0.5;27.44311941
1900-03-30 12:00:00+01:00;3.2;25.00122461
1900-03-30 13:00:00+01:00;5.3;23.15346536
1900-03-30 14:00:00+01:00;6.4;21.93316031
1900-03-30 15:00:00+01:00;7;21.04998193
1900-03-30 16:00:00+01:00;9.1;19.03376341
1900-03-30 17:00:00+01:00;9.4;16.74934565
1900-03-30 18:00:00+01:00;4.4;17.56060531
1900-03-30 19:00:00+01:00;3.3;17.75995599
1900-03-30 20:00:00+01:00;1;18.96810131
1900-03-30 21:00:00+01:00;0;19.47804555
1900-03-30 22:00:00+01:00;-1.5;18.85235077
1900-03-30 23:00:00+01:00;-0.1;18.80929864
1900-03-31 00:00:00+01:00;-3;19.01921083
1900-03-31 01:00:00+01:00;-0.1;17.912964
1900-03-31 02:00:00+01:00;-2.5;18.67100096
1900-03-31 03:00:00+01:00;-3.4;18.96308061
1900-03-31 04:00:00+01:00;-3;19.5881275
1900-03-31 05:00:00+01:00;-6.5;22.61335844
1900-03-31 06:00:00+01:00;-4.1;24.48797954
1900-03-31 07:00:00+01:00;0.2;25.68679722
1900-03-31 08:00:00+01:00;2.8;26.76429947
1900-03-31 09:00:00+01:00;4.1;25.43045161
1900-03-31 10:00:00+01:00;4.7;24.09227331
1900-03-31 11:00:00+01:00;6.2;22.72496336
1900-03-31 12:00:00+01:00;6.8;21.61677919
1900-03-31 13:00:00+01:00;7.7;20.61652067
1900-03-31 14:00:00+01:00;8.2;19.77885552
1900-03-31 15:00:00+01:00;8.8;18.83497594
1900-03-31 16:00:00+01:00;8.4;18.50364336
1900-03-31 17:00:00+01:00;9.9;15.46302835
1900-03-31 18:00:00+01:00;6.6;15.30491246
1900-03-31 19:00:00+01:00;5.6;15.46129328
1900-03-31 20:00:00+01:00;3.1;16.75280549
1900-03-31 21:00:00+01:00;2.1;17.23973593
1900-03-31 22:00:00+01:00;2.2;16.33430062
1900-03-31 23:00:00+01:00;2.8;16.53524901
1900-04-01 00:00:00+01:00;3.5;15.76044673
1900-04-01 01:00:00+01:00;4.3;15.21940027
1900-04-01 02:00:00+01:00;5.3;14.88590269
1900-04-01 03:00:00+01:00;6.3;14.34076403
1900-04-01 04:00:00+01:00;6.1;14.66259958
1900-04-01 05:00:00+01:00;6;16.0451109
1900-04-01 06:00:00+01:00;5.6;17.39050085
1900-04-01 07:00:00+01:00;6.8;19.45680612
1900-04-01 08:00:00+01:00;6.2;22.18960113
1900-04-01 09:00:00+01:00;6.1;21.86500118
1900-04-01 10:00:00+01:00;5.8;21.52892851
1900-04-01 11:00:00+01:00;6.8;20.71248504
1900-04-01 12:00:00+01:00;5.4;20.94756804
1900-04-01 13:00:00+01:00;5.7;20.73242347
1900-04-01 14:00:00+01:00;5.7;20.51111257
1900-04-01 15:00:00+01:00;3.8;21.58743303
1900-04-01 16:00:00+01:00;6.5;18.60932227
1900-04-01 17:00:00+01:00;8.2;15.2296305
1900-04-01 18:00:00+01:00;6.5;13.91286998
1900-04-01 19:00:00+01:00;4.9;14.33905152
1900-04-01 20:00:00+01:00;3.7;15.11750333
1900-04-01 21:00:00+01:00;2.8;15.42463591
1900-04-01 22:00:00+01:00;3.4;14.52027283
1900-04-01 23:00:00+01:00;1.9;15.53453721
1900-04-02 00:00:00+01:00;1.3;15.2135634
1900-04-02 01:00:00+01:00;1;15.11858805
1900-04-02 02:00:00+01:00;-2.5;16.5159604
1900-04-02 03:00:00+01:00;-2.4;16.72728844
1900-04-02 04:00:00+01:00;-4;18.15658677
1900-04-02 05:00:00+01:00;-2.5;19.25252083
1900-04-02 06:00:00+01:00;-1;21.38392618
1900-04-02 07:00:00+01:00;2.6;22.98170191
1900-04-02 08:00:00+01:00;5;24.35736091
1900-04-02 09:00:00+01:00;5.7;23.56125694
1900-04-02 10:00:00+01:00;7.6;21.61531358
1900-04-02 11:00:00+01:00;9.9;19.80616763
1900-04-02 12:00:00+01:00;9.8;19.18549797
1900-04-02 13:00:00+01:00;12.1;17.23428067
1900-04-02 14:00:00+01:00;9.9;18.0655379
1900-04-02 15:00:00+01:00;9.1;18.04149255
1900-04-02 16:00:00+01:00;13;12.38623235
1900-04-02 17:00:00+01:00;11;13.91249263
1900-04-02 18:00:00+01:00;8.2;13.43591548
1900-04-02 19:00:00+01:00;4.3;14.93634805
1900-04-02 20:00:00+01:00;2.9;15.84114229
1900-04-02 21:00:00+01:00;3;15.75558958
1900-04-02 22:00:00+01:00;2.7;15.17845582
1900-04-02 23:00:00+01:00;2.4;15.76619347
1900-04-03 00:00:00+01:00;2.1;15.17665765
1900-04-03 01:00:00+01:00;1;15.80470494
1900-04-03 02:00:00+01:00;0.8;16.07044888
1900-04-03 03:00:00+01:00;1.3;16.10028242
1900-04-03 04:00:00+01:00;0.8;16.89874678
1900-04-03 05:00:00+01:00;0.6;19.84956451
1900-04-03 06:00:00+01:00;0;26.60413351
1900-04-03 07:00:00+01:00;1.1;36.99846891
1900-04-03 08:00:00+01:00;2.5;43.53740596
1900-04-03 09:00:00+01:00;3.5;43.46611858
1900-04-03 10:00:00+01:00;5.6;40.5176307
1900-04-03 11:00:00+01:00;6;40.04671494
1900-04-03 12:00:00+01:00;7;38.42021211
1900-04-03 13:00:00+01:00;6.6;37.01605729
1900-04-03 14:00:00+01:00;7;36.51565249
1900-04-03 15:00:00+01:00;6.1;36.17295605
1900-04-03 16:00:00+01:00;4.9;30.32149251
1900-04-03 17:00:00+01:00;5.4;20.97919738
1900-04-03 18:00:00+01:00;3.7;17.04997357
1900-04-03 19:00:00+01:00;2.1;17.10956676
1900-04-03 20:00:00+01:00;1.2;17.02985075
1900-04-03 21:00:00+01:00;1.1;17.26651005
1900-04-03 22:00:00+01:00;0.2;16.4509543
1900-04-03 23:00:00+01:00;-1;16.95204977
1900-04-04 00:00:00+01:00;-1;17.1203884
1900-04-04 01:00:00+01:00;-2;17.83839489
1900-04-04 02:00:00+01:00;-3;18.48215658
1900-04-04 03:00:00+01:00;-4.8;19.45492932
1900-04-04 04:00:00+01:00;-5.1;20.51509191
1900-04-04 05:00:00+01:00;-7.6;24.43436442
1900-04-04 06:00:00+01:00;-5.6;33.17513494
1900-04-04 07:00:00+01:00;-1.4;43.61617644
1900-04-04 08:00:00+01:00;-0.7;50.27664369
1900-04-04 09:00:00+01:00;1.1;49.27496096
1900-04-04 10:00:00+01:00;-0.7;49.17268282
1900-04-04 11:00:00+01:00;-1.5;50.26945075
1900-04-04 12:00:00+01:00;-1;49.17126965
1900-04-04 13:00:00+01:00;0.4;45.41134112
1900-04-04 14:00:00+01:00;0.1;46.15379832
1900-04-04 15:00:00+01:00;0.5;44.50002904
1900-04-04 16:00:00+01:00;1.9;34.55729458
1900-04-04 17:00:00+01:00;2;24.60721377
1900-04-04 18:00:00+01:00;2.2;19.85733123
1900-04-04 19:00:00+01:00;2.2;19.21660648
1900-04-04 20:00:00+01:00;2.2;18.88304928
1900-04-04 21:00:00+01:00;2.2;19.10796648
1900-04-04 22:00:00+01:00;2;18.23831206
1900-04-04 23:00:00+01:00;1.9;18.45797143
1900-04-05 00:00:00+01:00;1.5;18.62462241
1900-04-05 01:00:00+01:00;0.9;19.096203
1900-04-05 02:00:00+01:00;0.6;19.34744881
1900-04-05 03:00:00+01:00;0;19.71950069
1900-04-05 04:00:00+01:00;-0.3;20.90091576
1900-04-05 05:00:00+01:00;0;24.72142581
1900-04-05 06:00:00+01:00;0.4;31.56509682
1900-04-05 07:00:00+01:00;1;42.95642428
1900-04-05 08:00:00+01:00;2.8;47.87232295
1900-04-05 09:00:00+01:00;3.1;47.68892797
1900-04-05 10:00:00+01:00;6;43.30087715
1900-04-05 11:00:00+01:00;8.7;39.90162987
1900-04-05 12:00:00+01:00;11.1;35.42011905
1900-04-05 13:00:00+01:00;11.9;32.30658162
1900-04-05 14:00:00+01:00;13.1;30.08421225
1900-04-05 15:00:00+01:00;12.2;29.36267739
1900-04-05 16:00:00+01:00;11.8;24.44450426
1900-04-05 17:00:00+01:00;11;17.77354732
1900-04-05 18:00:00+01:00;9;14.10474309
1900-04-05 19:00:00+01:00;6.4;14.44133587
1900-04-05 20:00:00+01:00;4.8;14.61001755
1900-04-05 21:00:00+01:00;4.2;14.90563822
1900-04-05 22:00:00+01:00;1.6;14.80513214
1900-04-05 23:00:00+01:00;0.7;15.12816605
1900-04-06 00:00:00+01:00;-1.7;15.8828167
1900-04-06 01:00:00+01:00;-2.9;16.65751251
1900-04-06 02:00:00+01:00;-2.6;16.96464044
1900-04-06 03:00:00+01:00;-3.9;17.70624204
1900-04-06 04:00:00+01:00;-3.4;18.32331492
1900-04-06 05:00:00+01:00;-3.5;21.31704096
1900-04-06 06:00:00+01:00;-2;28.6499606
1900-04-06 07:00:00+01:00;0;39.07175989
1900-04-06 08:00:00+01:00;1.5;45.43451016
1900-04-06 09:00:00+01:00;2;45.66394986
1900-04-06 10:00:00+01:00;3.7;42.92353327
1900-04-06 11:00:00+01:00;5.5;41.26070726
1900-04-06 12:00:00+01:00;7.4;38.74179041
1900-04-06 13:00:00+01:00;6.9;37.35724297
1900-04-06 14:00:00+01:00;9.4;34.51328429
1900-04-06 15:00:00+01:00;11.2;31.01558789
1900-04-06 16:00:00+01:00;9.5;26.75369531
1900-04-06 17:00:00+01:00;7.6;20.14096046
1900-04-06 18:00:00+01:00;7.2;15.82003772
1900-04-06 19:00:00+01:00;4.7;16.24988027
1900-04-06 20:00:00+01:00;3;16.58333151
1900-04-06 21:00:00+01:00;2;17.18987984
1900-04-06 22:00:00+01:00;1.8;16.23416757
1900-04-06 23:00:00+01:00;-0.1;16.88881055
1900-04-07 00:00:00+01:00;-0.6;16.67752083
1900-04-07 01:00:00+01:00;0.5;15.98297833
1900-04-07 02:00:00+01:00;-2;16.81320301
1900-04-07 03:00:00+01:00;-2.1;16.86570485
1900-04-07 04:00:00+01:00;-2.4;17.51095517
1900-04-07 05:00:00+01:00;-1.2;18.90124853
1900-04-07 06:00:00+01:00;-0.6;20.12484263
1900-04-07 07:00:00+01:00;2;19.86933372
1900-04-07 08:00:00+01:00;3.5;18.40464833
1900-04-07 09:00:00+01:00;6.7;15.57204635
1900-04-07 10:00:00+01:00;8.5;13.42855646
1900-04-07 11:00:00+01:00;10.3;11.64852279
1900-04-07 12:00:00+01:00;9.4;11.62120374
1900-04-07 13:00:00+01:00;11.5;9.936978594
1900-04-07 14:00:00+01:00;10.4;10.36210281
1900-04-07 15:00:00+01:00;12;9.182653185
1900-04-07 16:00:00+01:00;11.1;10.37209329
1900-04-07 17:00:00+01:00;9.2;11.62474531
1900-04-07 18:00:00+01:00;7.8;12.60034503
1900-04-07 19:00:00+01:00;6.9;13.12433348
1900-04-07 20:00:00+01:00;5.7;13.79469242
1900-04-07 21:00:00+01:00;4.4;14.50926771
1900-04-07 22:00:00+01:00;4.4;13.90622911
1900-04-07 23:00:00+01:00;3.6;14.52891495
1900-04-08 00:00:00+01:00;3.1;14.37697153
1900-04-08 01:00:00+01:00;2.9;14.05763154
1900-04-08 02:00:00+01:00;2.5;14.21448312
1900-04-08 03:00:00+01:00;2.3;14.18165098
1900-04-08 04:00:00+01:00;1.8;14.67261953
1900-04-08 05:00:00+01:00;1.5;16.07716892
1900-04-08 06:00:00+01:00;2;17.17536528
1900-04-08 07:00:00+01:00;4;17.07864958
1900-04-08 08:00:00+01:00;4.3;16.32664266
1900-04-08 09:00:00+01:00;6.2;14.43971116
1900-04-08 10:00:00+01:00;7;13.31403592
1900-04-08 11:00:00+01:00;7.5;12.59263959
1900-04-08 12:00:00+01:00;8.6;11.36459132
1900-04-08 13:00:00+01:00;9;11.04125314
1900-04-08 14:00:00+01:00;11;9.484587523
1900-04-08 15:00:00+01:00;10.4;9.932459093
1900-04-08 16:00:00+01:00;10.2;10.46799157
1900-04-08 17:00:00+01:00;9;11.2298146
1900-04-08 18:00:00+01:00;6.7;12.52250842
1900-04-08 19:00:00+01:00;4.6;13.62959788
1900-04-08 20:00:00+01:00;3.4;14.48087098
1900-04-08 21:00:00+01:00;2.5;14.90567878
1900-04-08 22:00:00+01:00;1.9;14.4061426
1900-04-08 23:00:00+01:00;1.5;15.1060731
1900-04-09 00:00:00+01:00;1.2;15.07948059
1900-04-09 01:00:00+01:00;0.5;15.67000468
1900-04-09 02:00:00+01:00;1;15.88744268
1900-04-09 03:00:00+01:00;0.1;16.44437064
1900-04-09 04:00:00+01:00;-1.2;17.60850431
1900-04-09 05:00:00+01:00;-2.1;20.83079833
1900-04-09 06:00:00+01:00;-0.3;27.60652783
1900-04-09 07:00:00+01:00;2;37.56920996
1900-04-09 08:00:00+01:00;3.6;43.50155881
1900-04-09 09:00:00+01:00;3.5;44.20240733
1900-04-09 10:00:00+01:00;4.9;41.7380796
1900-04-09 11:00:00+01:00;7.2;39.40896819
1900-04-09 12:00:00+01:00;7.6;38.21836744
1900-04-09 13:00:00+01:00;9;35.03376868
1900-04-09 14:00:00+01:00;9.3;34.2254889
1900-04-09 15:00:00+01:00;6.9;35.42127629
1900-04-09 16:00:00+01:00;5.1;30.21059512
1900-04-09 17:00:00+01:00;3.1;22.1960532
1900-04-09 18:00:00+01:00;2.4;17.67315929
1900-04-09 19:00:00+01:00;1.7;17.36923665
1900-04-09 20:00:00+01:00;1;17.22138003
1900-04-09 21:00:00+01:00;0.2;17.74568639
1900-04-09 22:00:00+01:00;-1;16.92412812
1900-04-09 23:00:00+01:00;-0.7;16.99672743
1900-04-10 00:00:00+01:00;-2.3;17.58199462
1900-04-10 01:00:00+01:00;-3.1;18.27399081
1900-04-10 02:00:00+01:00;-3.3;18.72303551
1900-04-10 03:00:00+01:00;-2.5;18.91999005
1900-04-10 04:00:00+01:00;-4.1;20.28698754
1900-04-10 05:00:00+01:00;-3.6;23.64662521
1900-04-10 06:00:00+01:00;-0.8;30.66291381
1900-04-10 07:00:00+01:00;0.3;41.92524582
1900-04-10 08:00:00+01:00;1.8;47.70789952
1900-04-10 09:00:00+01:00;2.8;47.21958667
1900-04-10 10:00:00+01:00;3.9;44.6583947
1900-04-10 11:00:00+01:00;4.4;43.97559318
1900-04-10 12:00:00+01:00;5.8;41.74165042
1900-04-10 13:00:00+01:00;5.1;40.26579432
1900-04-10 14:00:00+01:00;5.8;39.34912675
1900-04-10 15:00:00+01:00;5.4;38.32374513
1900-04-10 16:00:00+01:00;4.6;31.59811581
1900-04-10 17:00:00+01:00;3.9;22.77733977
1900-04-10 18:00:00+01:00;2.2;18.80843173
1900-04-10 19:00:00+01:00;0;19.1227814
1900-04-10 20:00:00+01:00;-0.6;18.93964279
1900-04-10 21:00:00+01:00;-1;19.32938764
1900-04-10 22:00:00+01:00;-1.5;18.17399069
1900-04-10 23:00:00+01:00;-1.9;18.45143066
1900-04-11 00:00:00+01:00;-0.8;18.24029404
1900-04-11 01:00:00+01:00;0;18.34459296
1900-04-11 02:00:00+01:00;-0.6;18.7047782
1900-04-11 03:00:00+01:00;-0.7;19.01334388
1900-04-11 04:00:00+01:00;-1.5;20.20545081
1900-04-11 05:00:00+01:00;-1.7;23.90520529
1900-04-11 06:00:00+01:00;-1.2;31.36828462
1900-04-11 07:00:00+01:00;0;42.66629258
1900-04-11 08:00:00+01:00;1.2;48.57894398
1900-04-11 09:00:00+01:00;1.7;48.50790796
1900-04-11 10:00:00+01:00;2.4;46.2354559
1900-04-11 11:00:00+01:00;3.2;45.3527106
1900-04-11 12:00:00+01:00;4;43.70101996
1900-04-11 13:00:00+01:00;5;40.47292996
1900-04-11 14:00:00+01:00;4.1;41.19422223
1900-04-11 15:00:00+01:00;4;39.90742374
1900-04-11 16:00:00+01:00;2.4;33.49927551
1900-04-11 17:00:00+01:00;2.1;23.8005677
1900-04-11 18:00:00+01:00;1.5;19.25833669
1900-04-11 19:00:00+01:00;1.8;18.44609068
1900-04-11 20:00:00+01:00;1.8;18.00020673
1900-04-11 21:00:00+01:00;1.2;18.38775578
1900-04-11 22:00:00+01:00;0.6;17.44676731
1900-04-11 23:00:00+01:00;0.6;17.55769533
1900-04-12 00:00:00+01:00;0.2;17.73915393
1900-04-12 01:00:00+01:00;-0.3;18.26159927
1900-04-12 02:00:00+01:00;-0.3;18.53385044
1900-04-12 03:00:00+01:00;-0.7;18.96646033
1900-04-12 04:00:00+01:00;0;19.86329424
1900-04-12 05:00:00+01:00;-0.5;23.7625008
1900-04-12 06:00:00+01:00;0.1;30.76776218
1900-04-12 07:00:00+01:00;1.6;41.56391413
1900-04-12 08:00:00+01:00;2.8;47.09638048
1900-04-12 09:00:00+01:00;3.7;46.50464468
1900-04-12 10:00:00+01:00;4.6;43.99503397
1900-04-12 11:00:00+01:00;6.7;41.56338813
1900-04-12 12:00:00+01:00;8;39.21394575
1900-04-12 13:00:00+01:00;9;36.15463123
1900-04-12 14:00:00+01:00;9.4;34.89340976
1900-04-12 15:00:00+01:00;9.6;32.98344719
1900-04-12 16:00:00+01:00;9.2;27.03703835
1900-04-12 17:00:00+01:00;8;19.81123523
1900-04-12 18:00:00+01:00;7;15.60074335
1900-04-12 19:00:00+01:00;5.1;15.66867399
1900-04-12 20:00:00+01:00;2.6;16.23815664
1900-04-12 21:00:00+01:00;3;16.18151008
1900-04-12 22:00:00+01:00;1.8;15.55947255
1900-04-12 23:00:00+01:00;2;15.5839221
1900-04-13 00:00:00+01:00;1.7;15.70062587
1900-04-13 01:00:00+01:00;0.7;16.28411234
1900-04-13 02:00:00+01:00;-0.3;16.83887996
1900-04-13 03:00:00+01:00;0.7;16.82113986
1900-04-13 04:00:00+01:00;0.4;17.77091877
1900-04-13 05:00:00+01:00;-1.5;21.31989029
1900-04-13 06:00:00+01:00;2;27.10792244
1900-04-13 07:00:00+01:00;3;37.32744041
1900-04-13 08:00:00+01:00;5.6;42.08109158
1900-04-13 09:00:00+01:00;6.4;41.69281721
1900-04-13 10:00:00+01:00;7.7;39.16011315
1900-04-13 11:00:00+01:00;8.9;37.48912919
1900-04-13 12:00:00+01:00;10;35.52612291
1900-04-13 13:00:00+01:00;10;33.74597821
1900-04-13 14:00:00+01:00;11.5;31.51512668
1900-04-13 15:00:00+01:00;10.2;31.37024417
1900-04-13 16:00:00+01:00;9.6;26.01297874
1900-04-13 17:00:00+01:00;10;18.09939835
1900-04-13 18:00:00+01:00;8.6;14.18118285
1900-04-13 19:00:00+01:00;7.5;13.92238666
1900-04-13 20:00:00+01:00;6.5;13.85771367
1900-04-13 21:00:00+01:00;4.4;14.74942831
1900-04-13 22:00:00+01:00;4.5;13.85125704
1900-04-13 23:00:00+01:00;3.9;14.06425104
1900-04-14 00:00:00+01:00;2.9;14.1961911
1900-04-14 01:00:00+01:00;2.6;13.91197561
1900-04-14 02:00:00+01:00;3;13.88276457
1900-04-14 03:00:00+01:00;3.2;13.76524668
1900-04-14 04:00:00+01:00;1.7;14.61692925
1900-04-14 05:00:00+01:00;2;15.79500229
1900-04-14 06:00:00+01:00;2.8;16.76620926
1900-04-14 07:00:00+01:00;4.8;16.63106902
1900-04-14 08:00:00+01:00;4.8;16.03692818
1900-04-14 09:00:00+01:00;5.1;15.0422805
1900-04-14 10:00:00+01:00;5.4;14.29394401
1900-04-14 11:00:00+01:00;8.4;11.9983282
1900-04-14 12:00:00+01:00;10.8;9.968944654
1900-04-14 13:00:00+01:00;12.7;8.539439515
1900-04-14 14:00:00+01:00;12.5;8.325582874
1900-04-14 15:00:00+01:00;14;6.791894937
1900-04-14 16:00:00+01:00;11.8;9.163266835
1900-04-14 17:00:00+01:00;9.9;10.42564749
1900-04-14 18:00:00+01:00;8.5;11.30638904
1900-04-14 19:00:00+01:00;7.7;11.80234674
1900-04-14 20:00:00+01:00;6.6;12.49244903
1900-04-14 21:00:00+01:00;3.8;13.80457105
1900-04-14 22:00:00+01:00;2.7;13.58054601
1900-04-14 23:00:00+01:00;1.6;14.52317143
1900-04-15 00:00:00+01:00;0.9;14.4201799
1900-04-15 01:00:00+01:00;0.2;14.32691546
1900-04-15 02:00:00+01:00;-1;14.97018738
1900-04-15 03:00:00+01:00;-1.2;15.16851371
1900-04-15 04:00:00+01:00;-2;16.02409665
1900-04-15 05:00:00+01:00;0;16.7888657
1900-04-15 06:00:00+01:00;1;17.98268104
1900-04-15 07:00:00+01:00;1.4;18.82638239
1900-04-15 08:00:00+01:00;2.7;17.72120318
1900-04-15 09:00:00+01:00;5.9;15.09402327
1900-04-15 10:00:00+01:00;8.3;12.83777597
1900-04-15 11:00:00+01:00;10.3;11.04930641
1900-04-15 12:00:00+01:00;15;6.840482613
1900-04-15 13:00:00+01:00;14.9;6.774870984
1900-04-15 14:00:00+01:00;15.8;6.764800469
1900-04-15 15:00:00+01:00;13.4;6.791894937
1900-04-15 16:00:00+01:00;13.4;6.778377447
1900-04-15 17:00:00+01:00;12.8;8.94372233
1900-04-15 18:00:00+01:00;10;10.79490725
1900-04-15 19:00:00+01:00;7.9;11.91082647
1900-04-15 20:00:00+01:00;5.8;13.07976696
1900-04-15 21:00:00+01:00;4.7;13.649699
1900-04-15 22:00:00+01:00;3.4;13.51863615
1900-04-15 23:00:00+01:00;3;14.12612091
1900-04-16 00:00:00+01:00;1.4;14.35686656
1900-04-16 01:00:00+01:00;2.7;14.2880331
1900-04-16 02:00:00+01:00;2.8;14.4771447
1900-04-16 03:00:00+01:00;2.7;14.61684737
1900-04-16 04:00:00+01:00;2.5;15.26160774
1900-04-16 05:00:00+01:00;2.5;17.95872559
1900-04-16 06:00:00+01:00;2.5;23.71877407
1900-04-16 07:00:00+01:00;2.4;33.88244863
1900-04-16 08:00:00+01:00;3.3;40.83331115
1900-04-16 09:00:00+01:00;5.4;39.97018045
1900-04-16 10:00:00+01:00;6.7;37.90765814
1900-04-16 11:00:00+01:00;8;36.60138708
1900-04-16 12:00:00+01:00;5.8;38.31329539
1900-04-16 13:00:00+01:00;5.7;36.81239045
1900-04-16 14:00:00+01:00;6.5;36.34091304
1900-04-16 15:00:00+01:00;6.1;35.62592119
1900-04-16 16:00:00+01:00;6.8;28.26115677
1900-04-16 17:00:00+01:00;7.3;19.48704947
1900-04-16 18:00:00+01:00;7.5;14.77661676
1900-04-16 19:00:00+01:00;7.6;14.07059282
1900-04-16 20:00:00+01:00;7.4;13.76263221
1900-04-16 21:00:00+01:00;6.2;14.31201768
1900-04-16 22:00:00+01:00;5;14.02049471
1900-04-16 23:00:00+01:00;4;14.38601148
1900-04-17 00:00:00+01:00;5.7;13.91566803
1900-04-17 01:00:00+01:00;3.9;14.66619537
1900-04-17 02:00:00+01:00;4.5;14.77933349
1900-04-17 03:00:00+01:00;3.7;15.18871966
1900-04-17 04:00:00+01:00;4;15.99386411
1900-04-17 05:00:00+01:00;4.6;19.11640039
1900-04-17 06:00:00+01:00;5.5;24.01515163
1900-04-17 07:00:00+01:00;7.3;32.69105907
1900-04-17 08:00:00+01:00;8.3;38.11547775
1900-04-17 09:00:00+01:00;10.7;36.35581499
1900-04-17 10:00:00+01:00;11.6;33.84385696
1900-04-17 11:00:00+01:00;12.5;32.36932338
1900-04-17 12:00:00+01:00;14.3;30.07907849
1900-04-17 13:00:00+01:00;14;28.49254329
1900-04-17 14:00:00+01:00;13.7;27.82703423
1900-04-17 15:00:00+01:00;13.5;26.6368332
1900-04-17 16:00:00+01:00;12.4;22.42132548
1900-04-17 17:00:00+01:00;11.7;15.77880103
1900-04-17 18:00:00+01:00;9.1;12.26419092
1900-04-17 19:00:00+01:00;8.4;11.85261013
1900-04-17 20:00:00+01:00;9.2;11.03839841
1900-04-17 21:00:00+01:00;8.1;11.45107887
1900-04-17 22:00:00+01:00;7.2;11.17456787
1900-04-17 23:00:00+01:00;6.8;11.2564871
1900-04-18 00:00:00+01:00;6.4;11.37446757
1900-04-18 01:00:00+01:00;5;11.98642891
1900-04-18 02:00:00+01:00;5.9;12.05622
1900-04-18 03:00:00+01:00;4.8;12.47167261
1900-04-18 04:00:00+01:00;5.3;12.93111126
1900-04-18 05:00:00+01:00;4.7;15.50220244
1900-04-18 06:00:00+01:00;5.4;20.17959855
1900-04-18 07:00:00+01:00;7.2;28.39731763
1900-04-18 08:00:00+01:00;7.9;35.10112698
1900-04-18 09:00:00+01:00;8.2;35.77157181
1900-04-18 10:00:00+01:00;8.9;34.48836575
1900-04-18 11:00:00+01:00;10.1;33.19668617
1900-04-18 12:00:00+01:00;10.6;32.25480633
1900-04-18 13:00:00+01:00;12.6;29.01586492
1900-04-18 14:00:00+01:00;9.7;31.61385546
1900-04-18 15:00:00+01:00;11;28.94099082
1900-04-18 16:00:00+01:00;10.5;24.01208162
1900-04-18 17:00:00+01:00;9.5;17.00533266
1900-04-18 18:00:00+01:00;6.3;13.68486702
1900-04-18 19:00:00+01:00;6;13.17582326
1900-04-18 20:00:00+01:00;5;13.14804986
1900-04-18 21:00:00+01:00;4.6;13.43530627
1900-04-18 22:00:00+01:00;4.6;12.65621356
1900-04-18 23:00:00+01:00;4.2;12.87268954
1900-04-19 00:00:00+01:00;3.6;13.14616383
1900-04-19 01:00:00+01:00;3.7;13.46795131
1900-04-19 02:00:00+01:00;3.5;13.9079194
1900-04-19 03:00:00+01:00;3.4;14.17849399
1900-04-19 04:00:00+01:00;3.4;14.97898142
1900-04-19 05:00:00+01:00;4;17.79188971
1900-04-19 06:00:00+01:00;4.1;23.22194073
1900-04-19 07:00:00+01:00;4.1;33.328107
1900-04-19 08:00:00+01:00;3.3;41.4072331
1900-04-19 09:00:00+01:00;5.5;40.48931794
1900-04-19 10:00:00+01:00;6.7;38.45755807
1900-04-19 11:00:00+01:00;8;37.09105801
1900-04-19 12:00:00+01:00;5.8;38.62549453
1900-04-19 13:00:00+01:00;8.6;34.33409819
1900-04-19 14:00:00+01:00;8.8;33.86068673
1900-04-19 15:00:00+01:00;8.8;32.51437546
1900-04-19 16:00:00+01:00;8.2;26.89909436
1900-04-19 17:00:00+01:00;8.8;18.42937605
1900-04-19 18:00:00+01:00;7.9;14.16421239
1900-04-19 19:00:00+01:00;6.6;14.02486816
1900-04-19 20:00:00+01:00;5;14.23472842
1900-04-19 21:00:00+01:00;3;15.14909763
1900-04-19 22:00:00+01:00;2.9;14.24480888
1900-04-19 23:00:00+01:00;2.6;14.43966856
1900-04-20 00:00:00+01:00;3;14.41952689
1900-04-20 01:00:00+01:00;3;14.77041306
1900-04-20 02:00:00+01:00;2.8;15.15244247
1900-04-20 03:00:00+01:00;2.4;15.52333155
1900-04-20 04:00:00+01:00;2.4;16.40827313
1900-04-20 05:00:00+01:00;2.5;19.61696877
1900-04-20 06:00:00+01:00;2.9;25.53489851
1900-04-20 07:00:00+01:00;3.2;35.89838283
1900-04-20 08:00:00+01:00;3.5;42.7238664
1900-04-20 09:00:00+01:00;3.3;43.58545314
1900-04-20 10:00:00+01:00;3.2;42.48599692
1900-04-20 11:00:00+01:00;4;41.90953013
1900-04-20 12:00:00+01:00;4.5;40.77602959
1900-04-20 13:00:00+01:00;7.4;36.15551105
1900-04-20 14:00:00+01:00;8;35.30618986
1900-04-20 15:00:00+01:00;9.5;32.23502145
1900-04-20 16:00:00+01:00;6.7;28.5402527
1900-04-20 17:00:00+01:00;6.2;20.20596756
1900-04-20 18:00:00+01:00;6.6;15.32754995
1900-04-20 19:00:00+01:00;4.7;15.50103893
1900-04-20 20:00:00+01:00;3.6;15.53686653
1900-04-20 21:00:00+01:00;4.5;15.27869443
1900-04-20 22:00:00+01:00;3.7;14.71525904
1900-04-20 23:00:00+01:00;4;14.73321056
1900-04-21 00:00:00+01:00;4.8;14.2606778
1900-04-21 01:00:00+01:00;2.1;14.68815891
1900-04-21 02:00:00+01:00;2;14.87063948
1900-04-21 03:00:00+01:00;2.3;14.79401371
1900-04-21 04:00:00+01:00;2.6;15.12695427
1900-04-21 05:00:00+01:00;2.8;16.82574295
1900-04-21 06:00:00+01:00;3;17.79373366
1900-04-21 07:00:00+01:00;3.4;18.41846019
1900-04-21 08:00:00+01:00;4.3;17.29068487
1900-04-21 09:00:00+01:00;4.8;16.05938436
1900-04-21 10:00:00+01:00;7;13.89787001
1900-04-21 11:00:00+01:00;7.3;13.14662685
1900-04-21 12:00:00+01:00;8.5;11.76687149
1900-04-21 13:00:00+01:00;10.4;10.342057
1900-04-21 14:00:00+01:00;10.2;10.21049823
1900-04-21 15:00:00+01:00;8.9;11.19706801
1900-04-21 16:00:00+01:00;9.3;11.19299677
1900-04-21 17:00:00+01:00;8;11.9219917
1900-04-21 18:00:00+01:00;6.3;12.83967264
1900-04-21 19:00:00+01:00;5.5;13.29812572
1900-04-21 20:00:00+01:00;5;13.71720292
1900-04-21 21:00:00+01:00;4.9;13.88072471
1900-04-21 22:00:00+01:00;5;13.33519219
1900-04-21 23:00:00+01:00;4.2;14.03899562
1900-04-22 00:00:00+01:00;4;13.93095057
1900-04-22 01:00:00+01:00;4.5;13.42910192
1900-04-22 02:00:00+01:00;5;13.33797888
1900-04-22 03:00:00+01:00;4.2;13.50669614
1900-04-22 04:00:00+01:00;5;13.56201453
1900-04-22 05:00:00+01:00;4.5;15.21493252
1900-04-22 06:00:00+01:00;5.5;15.68599496
1900-04-22 07:00:00+01:00;8;15.09042116
1900-04-22 08:00:00+01:00;9.2;13.55795637
1900-04-22 09:00:00+01:00;11.4;11.18553443
1900-04-22 10:00:00+01:00;13.2;7.165041624
1900-04-22 11:00:00+01:00;15.6;6.970263492
1900-04-22 12:00:00+01:00;16.5;6.840482613
1900-04-22 13:00:00+01:00;16.6;6.774870984
1900-04-22 14:00:00+01:00;17.6;6.764800469
1900-04-22 15:00:00+01:00;18.1;6.791894937
1900-04-22 16:00:00+01:00;17.8;6.778377447
1900-04-22 17:00:00+01:00;19;6.632659726
1900-04-22 18:00:00+01:00;17;6.671357012
1900-04-22 19:00:00+01:00;16.2;6.702048687
1900-04-22 20:00:00+01:00;12.1;7.857282109
1900-04-22 21:00:00+01:00;10;8.830930315
1900-04-22 22:00:00+01:00;7.4;9.63374916
1900-04-22 23:00:00+01:00;5.6;10.7362931
1900-04-23 00:00:00+01:00;4.2;10.51501375
1900-04-23 01:00:00+01:00;3;11.13789975
1900-04-23 02:00:00+01:00;2.4;11.70880692
1900-04-23 03:00:00+01:00;1.2;12.26014426
1900-04-23 04:00:00+01:00;1.6;12.5428504
1900-04-23 05:00:00+01:00;0.9;14.55263962
1900-04-23 06:00:00+01:00;2.3;19.99863536
1900-04-23 07:00:00+01:00;6.9;26.90997808
1900-04-23 08:00:00+01:00;7.5;34.10698147
1900-04-23 09:00:00+01:00;10.8;32.39995304
1900-04-23 10:00:00+01:00;13.8;29.59253075
1900-04-23 11:00:00+01:00;15.3;27.85656731
1900-04-23 12:00:00+01:00;15.1;27.53498933
1900-04-23 13:00:00+01:00;13.2;27.83774781
1900-04-23 14:00:00+01:00;14.2;26.49675061
1900-04-23 15:00:00+01:00;13;26.46654399
1900-04-23 16:00:00+01:00;10.5;23.55841996
1900-04-23 17:00:00+01:00;9.8;16.46726922
1900-04-23 18:00:00+01:00;9.4;12.0289041
1900-04-23 19:00:00+01:00;8.7;11.79165494
1900-04-23 20:00:00+01:00;9.2;11.21535233
1900-04-23 21:00:00+01:00;7.7;11.89136631
1900-04-23 22:00:00+01:00;7;11.59285239
1900-04-23 23:00:00+01:00;6.4;11.79487086
1900-04-24 00:00:00+01:00;6;11.89040154
1900-04-24 01:00:00+01:00;5.6;12.21218838
1900-04-24 02:00:00+01:00;5.4;12.51777114
1900-04-24 03:00:00+01:00;4.7;12.77383401
1900-04-24 04:00:00+01:00;4.9;13.27083081
1900-04-24 05:00:00+01:00;5.2;15.60052023
1900-04-24 06:00:00+01:00;6;19.93704452
1900-04-24 07:00:00+01:00;6.2;28.99742066
1900-04-24 08:00:00+01:00;7;35.8199976
1900-04-24 09:00:00+01:00;7.4;36.49433966
1900-04-24 10:00:00+01:00;9.6;34.02986971
1900-04-24 11:00:00+01:00;8.3;35.10832675
1900-04-24 12:00:00+01:00;11.3;31.61052189
1900-04-24 13:00:00+01:00;9.7;31.93625503
1900-04-24 14:00:00+01:00;11.3;30.11948995
1900-04-24 15:00:00+01:00;11.5;28.54292931
1900-04-24 16:00:00+01:00;10.9;23.7664099
1900-04-24 17:00:00+01:00;11.6;15.98404182
1900-04-24 18:00:00+01:00;8.7;12.66095328
1900-04-24 19:00:00+01:00;8;12.28362507
1900-04-24 20:00:00+01:00;6.8;12.35216006
1900-04-24 21:00:00+01:00;5.9;12.79052103
1900-04-24 22:00:00+01:00;5.3;12.29762212
1900-04-24 23:00:00+01:00;4.3;12.65786957
1900-04-25 00:00:00+01:00;5.4;12.44068276
1900-04-25 01:00:00+01:00;5.3;12.77310319
1900-04-25 02:00:00+01:00;5.3;13.10565845
1900-04-25 03:00:00+01:00;3.9;13.67982013
1900-04-25 04:00:00+01:00;2.5;14.76718762
1900-04-25 05:00:00+01:00;3.2;17.4070451
1900-04-25 06:00:00+01:00;3.9;22.8013051
1900-04-25 07:00:00+01:00;6;31.49028076
1900-04-25 08:00:00+01:00;7.1;37.66748052
1900-04-25 09:00:00+01:00;8.4;37.20662462
1900-04-25 10:00:00+01:00;10.6;34.37660718
1900-04-25 11:00:00+01:00;10.9;33.44387337
1900-04-25 12:00:00+01:00;12.2;31.38073449
1900-04-25 13:00:00+01:00;14;28.33338107
1900-04-25 14:00:00+01:00;12.4;28.97333272
1900-04-25 15:00:00+01:00;13.6;26.59748846
1900-04-25 16:00:00+01:00;10.4;24.23864831
1900-04-25 17:00:00+01:00;5.5;19.23522598
1900-04-25 18:00:00+01:00;3.4;15.22933364
1900-04-25 19:00:00+01:00;3.6;14.5561514
1900-04-25 20:00:00+01:00;3.4;14.14942238
1900-04-25 21:00:00+01:00;3;14.4387221
1900-04-25 22:00:00+01:00;2.7;13.57511656
1900-04-25 23:00:00+01:00;2.6;13.67688269
1900-04-26 00:00:00+01:00;2.2;13.9141764
1900-04-26 01:00:00+01:00;1.4;14.55237826
1900-04-26 02:00:00+01:00;1.4;14.97258271
1900-04-26 03:00:00+01:00;1.3;15.30601993
1900-04-26 04:00:00+01:00;0.8;16.19197956
1900-04-26 05:00:00+01:00;0.8;19.11980264
1900-04-26 06:00:00+01:00;0.8;25.68550528
1900-04-26 07:00:00+01:00;2.6;35.54401727
1900-04-26 08:00:00+01:00;3.2;42.57169256
1900-04-26 09:00:00+01:00;5;41.89822323
1900-04-26 10:00:00+01:00;5;40.84079874
1900-04-26 11:00:00+01:00;7;38.9742432
1900-04-26 12:00:00+01:00;8.4;36.97957597
1900-04-26 13:00:00+01:00;7.7;35.9492384
1900-04-26 14:00:00+01:00;7.6;35.8655729
1900-04-26 15:00:00+01:00;6.9;35.35025773
1900-04-26 16:00:00+01:00;8.4;27.35328429
1900-04-26 17:00:00+01:00;8.1;19.42358623
1900-04-26 18:00:00+01:00;6.5;15.47018298
1900-04-26 19:00:00+01:00;5.2;15.31765259
1900-04-26 20:00:00+01:00;3.3;15.65401246
1900-04-26 21:00:00+01:00;2.2;16.23094557
1900-04-26 22:00:00+01:00;1.7;15.36529158
1900-04-26 23:00:00+01:00;1.3;15.59891431
1900-04-27 00:00:00+01:00;1;15.78334805
1900-04-27 01:00:00+01:00;-0.1;16.46308777
1900-04-27 02:00:00+01:00;-0.5;16.91426898
1900-04-27 03:00:00+01:00;-1.4;17.51292456
1900-04-27 04:00:00+01:00;-1.7;18.47369476
1900-04-27 05:00:00+01:00;-0.3;21.50883444
1900-04-27 06:00:00+01:00;0.7;28.10213558
1900-04-27 07:00:00+01:00;1.6;38.81482449
1900-04-27 08:00:00+01:00;4;43.96310476
1900-04-27 09:00:00+01:00;4.1;44.31890084
1900-04-27 10:00:00+01:00;5.2;41.94668965
1900-04-27 11:00:00+01:00;3.8;43.05083211
1900-04-27 12:00:00+01:00;2.4;43.77729551
1900-04-27 13:00:00+01:00;0.4;43.52766934
1900-04-27 14:00:00+01:00;0.4;44.29437567
1900-04-27 15:00:00+01:00;0.1;43.57354206
1900-04-27 16:00:00+01:00;1.1;34.16041623
1900-04-27 17:00:00+01:00;0.3;24.32894564
1900-04-27 18:00:00+01:00;1;19.14033799
1900-04-27 19:00:00+01:00;0.6;18.75548797
1900-04-27 20:00:00+01:00;0.7;18.33219028
1900-04-27 21:00:00+01:00;0;18.85853536
1900-04-27 22:00:00+01:00;0.3;17.61858823
1900-04-27 23:00:00+01:00;-0.3;17.989176
1900-04-28 00:00:00+01:00;-2;18.03841299
1900-04-28 01:00:00+01:00;-2.4;17.86965401
1900-04-28 02:00:00+01:00;-3;18.23294547
1900-04-28 03:00:00+01:00;-3.5;18.50458126
1900-04-28 04:00:00+01:00;-4.3;19.45568976
1900-04-28 05:00:00+01:00;-2.8;21.36350894
1900-04-28 06:00:00+01:00;-1.5;22.38307398
1900-04-28 07:00:00+01:00;-0.1;22.80959332
1900-04-28 08:00:00+01:00;0.9;21.66813671
1900-04-28 09:00:00+01:00;2.3;19.92325962
1900-04-28 10:00:00+01:00;3.4;18.19198144
1900-04-28 11:00:00+01:00;4.7;16.72645694
1900-04-28 12:00:00+01:00;6.4;14.95754796
1900-04-28 13:00:00+01:00;6.6;14.30097154
1900-04-28 14:00:00+01:00;9.5;11.98917221
1900-04-28 15:00:00+01:00;8.1;12.98541061
1900-04-28 16:00:00+01:00;7.1;14.03748315
1900-04-28 17:00:00+01:00;7.1;13.90327636
1900-04-28 18:00:00+01:00;6.6;14.38230816
1900-04-28 19:00:00+01:00;5.7;14.87090163
1900-04-28 20:00:00+01:00;5.2;15.16011717
1900-04-28 21:00:00+01:00;4;15.94119977
1900-04-28 22:00:00+01:00;4;15.25471754
1900-04-28 23:00:00+01:00;3.5;15.7206818
1900-04-29 00:00:00+01:00;3.1;15.54150857
1900-04-29 01:00:00+01:00;3.1;15.10764996
1900-04-29 02:00:00+01:00;3.1;15.0617464
1900-04-29 03:00:00+01:00;3;14.95025908
1900-04-29 04:00:00+01:00;2.6;15.35167232
1900-04-29 05:00:00+01:00;3.2;16.86146499
1900-04-29 06:00:00+01:00;3.3;17.6657588
1900-04-29 07:00:00+01:00;4.4;17.83184597
1900-04-29 08:00:00+01:00;4.4;17.06113753
1900-04-29 09:00:00+01:00;4.8;15.87345359
1900-04-29 10:00:00+01:00;4;15.6296302
1900-04-29 11:00:00+01:00;3.8;15.32115491
1900-04-29 12:00:00+01:00;4.5;14.28376701
1900-04-29 13:00:00+01:00;4.3;14.41446952
1900-04-29 14:00:00+01:00;4.4;14.48133194
1900-04-29 15:00:00+01:00;4.6;14.62652332
1900-04-29 16:00:00+01:00;5;14.37302109
1900-04-29 17:00:00+01:00;5.3;13.94049241
1900-04-29 18:00:00+01:00;5.7;13.71064287
1900-04-29 19:00:00+01:00;5.2;14.07376378
1900-04-29 20:00:00+01:00;5.1;14.31737443
1900-04-29 21:00:00+01:00;3.8;15.08736722
1900-04-29 22:00:00+01:00;2.7;14.83501293
1900-04-29 23:00:00+01:00;1.7;15.66502666
1900-04-30 00:00:00+01:00;1.3;15.82288195
1900-04-30 01:00:00+01:00;1.1;16.28428277
1900-04-30 02:00:00+01:00;1.5;16.52358672
1900-04-30 03:00:00+01:00;1.4;16.86816912
1900-04-30 04:00:00+01:00;0.4;18.11954834
1900-04-30 05:00:00+01:00;0.2;21.65752923
1900-04-30 06:00:00+01:00;1.6;28.04763295
1900-04-30 07:00:00+01:00;3.6;38.04013944
1900-04-30 08:00:00+01:00;4.8;43.66489075
1900-04-30 09:00:00+01:00;7.7;41.48367583
1900-04-30 10:00:00+01:00;9.6;38.27811629
1900-04-30 11:00:00+01:00;12.3;34.19427563
1900-04-30 12:00:00+01:00;12.6;32.93205521
1900-04-30 13:00:00+01:00;14.4;29.3571135
1900-04-30 14:00:00+01:00;14.6;27.93194257
1900-04-30 15:00:00+01:00;14.8;26.26355724
1900-04-30 16:00:00+01:00;16;18.54579892
1900-04-30 17:00:00+01:00;12.9;15.98521183
1900-04-30 18:00:00+01:00;12;11.7008573
1900-04-30 19:00:00+01:00;8.9;12.42441124
1900-04-30 20:00:00+01:00;7.8;12.40405844
1900-04-30 21:00:00+01:00;7.2;12.6216874
1900-04-30 22:00:00+01:00;6.1;12.30748712
1900-04-30 23:00:00+01:00;5;12.57975026
1900-05-01 00:00:00+01:00;4.7;12.61178161
1900-05-01 01:00:00+01:00;2;13.58541271
1900-05-01 02:00:00+01:00;1.2;14.12246404
1900-05-01 03:00:00+01:00;1.2;14.34232546
1900-05-01 04:00:00+01:00;-1;15.43243984
1900-05-01 05:00:00+01:00;2.1;17.26043416
1900-05-01 06:00:00+01:00;3;22.68708315
1900-05-01 07:00:00+01:00;4.1;31.95636166
1900-05-01 08:00:00+01:00;6.3;37.71316888
1900-05-01 09:00:00+01:00;6.6;38.26836423
1900-05-01 10:00:00+01:00;8.1;36.13526614
1900-05-01 11:00:00+01:00;7.4;36.66893928
1900-05-01 12:00:00+01:00;9;34.65944555
1900-05-01 13:00:00+01:00;9.2;33.01085208
1900-05-01 14:00:00+01:00;9.8;32.24974327
1900-05-01 15:00:00+01:00;9.8;30.96967842
1900-05-01 16:00:00+01:00;10.4;24.746431
1900-05-01 17:00:00+01:00;7.5;18.80024654
1900-05-01 18:00:00+01:00;6;14.80156439
1900-05-01 19:00:00+01:00;5.7;14.31984841
1900-05-01 20:00:00+01:00;5.3;14.0835529
1900-05-01 21:00:00+01:00;4.6;14.51270916
1900-05-01 22:00:00+01:00;5;13.64206798
1900-05-01 23:00:00+01:00;4.2;13.98267449
1900-05-02 00:00:00+01:00;3.5;14.25867254
1900-05-02 01:00:00+01:00;3.3;14.60345071
1900-05-02 02:00:00+01:00;2.3;15.14316847
1900-05-02 03:00:00+01:00;1.8;15.49681004
1900-05-02 04:00:00+01:00;0.2;16.60013938
1900-05-02 05:00:00+01:00;0.6;19.47593504
1900-05-02 06:00:00+01:00;2;25.47223128
1900-05-02 07:00:00+01:00;2.9;35.57562707
1900-05-02 08:00:00+01:00;3.9;42.13398734
1900-05-02 09:00:00+01:00;5;41.9104947
1900-05-02 10:00:00+01:00;4.8;40.93174888
1900-05-02 11:00:00+01:00;4.8;40.89849004
1900-05-02 12:00:00+01:00;5.4;39.73944871
1900-05-02 13:00:00+01:00;5.5;37.77930923
1900-05-02 14:00:00+01:00;6.5;36.85984837
1900-05-02 15:00:00+01:00;6.3;35.80029188
1900-05-02 16:00:00+01:00;6.7;28.62461785
1900-05-02 17:00:00+01:00;6.4;20.17475057
1900-05-02 18:00:00+01:00;5.7;15.7654281
1900-05-02 19:00:00+01:00;6.1;14.92113453
1900-05-02 20:00:00+01:00;6;14.56340088
1900-05-02 21:00:00+01:00;5.8;14.74046552
1900-05-02 22:00:00+01:00;5.4;14.22708882
1900-05-02 23:00:00+01:00;5.2;14.41479525
1900-05-03 00:00:00+01:00;5.2;14.45145371
1900-05-03 01:00:00+01:00;5.2;14.72787983
1900-05-03 02:00:00+01:00;5;15.01729399
1900-05-03 03:00:00+01:00;5;15.16022976
1900-05-03 04:00:00+01:00;4.7;16.10929147
1900-05-03 05:00:00+01:00;5.1;19.30707603
1900-05-03 06:00:00+01:00;5.7;24.18270038
1900-05-03 07:00:00+01:00;6;33.82504732
1900-05-03 08:00:00+01:00;6.5;39.92512041
1900-05-03 09:00:00+01:00;6.8;40.09201388
1900-05-03 10:00:00+01:00;7.4;38.304562
1900-05-03 11:00:00+01:00;7.8;37.4865036
1900-05-03 12:00:00+01:00;8.9;35.61558129
1900-05-03 13:00:00+01:00;10;32.80154773
1900-05-03 14:00:00+01:00;10.2;32.0704857
1900-05-03 15:00:00+01:00;10;30.80047283
1900-05-03 16:00:00+01:00;9.6;25.31895599
1900-05-03 17:00:00+01:00;8.1;18.26592623
1900-05-03 18:00:00+01:00;7.8;13.60129826
1900-05-03 19:00:00+01:00;7;13.23847089
1900-05-03 20:00:00+01:00;6.2;13.09916456
1900-05-03 21:00:00+01:00;6.2;13.15647348
1900-05-03 22:00:00+01:00;5.9;12.58635127
1900-05-03 23:00:00+01:00;6.5;12.48750304
1900-05-04 00:00:00+01:00;6.8;12.42521092
1900-05-04 01:00:00+01:00;7;12.62032191
1900-05-04 02:00:00+01:00;6.8;12.95322168
1900-05-04 03:00:00+01:00;7;13.02212582
1900-05-04 04:00:00+01:00;6.9;13.85734141
1900-05-04 05:00:00+01:00;7.3;16.77918545
1900-05-04 06:00:00+01:00;7.4;21.0677046
1900-05-04 07:00:00+01:00;7.9;29.91560566
1900-05-04 08:00:00+01:00;10;34.7694336
1900-05-04 09:00:00+01:00;11.5;33.84209631
1900-05-04 10:00:00+01:00;12.2;32.17019874
1900-05-04 11:00:00+01:00;12.2;31.4585667
1900-05-04 12:00:00+01:00;13.1;30.05630297
1900-05-04 13:00:00+01:00;13.5;28.2404688
1900-05-04 14:00:00+01:00;13.8;27.26818469
1900-05-04 15:00:00+01:00;12.9;26.81761938
1900-05-04 16:00:00+01:00;11.7;22.67814324
1900-05-04 17:00:00+01:00;11.5;15.5264726
1900-05-04 18:00:00+01:00;11.2;10.93331856
1900-05-04 19:00:00+01:00;10.2;10.59207701
1900-05-04 20:00:00+01:00;9.7;10.26692064
1900-05-04 21:00:00+01:00;8.5;10.68401869
1900-05-04 22:00:00+01:00;8.5;10.16610769
1900-05-04 23:00:00+01:00;7.6;10.40855534
1900-05-05 00:00:00+01:00;7.2;10.74817501
1900-05-05 01:00:00+01:00;6.1;10.74317744
1900-05-05 02:00:00+01:00;5.8;11.03635738
1900-05-05 03:00:00+01:00;6.4;10.82566479
1900-05-05 04:00:00+01:00;7.4;10.75451617
1900-05-05 05:00:00+01:00;8.2;11.37822092
1900-05-05 06:00:00+01:00;9;11.76910839
1900-05-05 07:00:00+01:00;9;12.26759301
1900-05-05 08:00:00+01:00;10.5;10.84752046
1900-05-05 09:00:00+01:00;11.8;9.23532443
1900-05-05 10:00:00+01:00;13.2;7.165041624
1900-05-05 11:00:00+01:00;12.4;7.898869614
1900-05-05 12:00:00+01:00;14.4;6.840482613
1900-05-05 13:00:00+01:00;14.6;6.774870984
1900-05-05 14:00:00+01:00;14.5;6.764800469
1900-05-05 15:00:00+01:00;13.7;6.791894937
1900-05-05 16:00:00+01:00;13.5;6.778377447
1900-05-05 17:00:00+01:00;14.2;6.632659726
1900-05-05 18:00:00+01:00;13;6.671357012
1900-05-05 19:00:00+01:00;11.5;8.087510932
1900-05-05 20:00:00+01:00;10;8.937855135
1900-05-05 21:00:00+01:00;8.6;9.60504974
1900-05-05 22:00:00+01:00;8.5;9.569552112
1900-05-05 23:00:00+01:00;7;10.57325482
1900-05-06 00:00:00+01:00;6.2;10.70705849
1900-05-06 01:00:00+01:00;5.4;10.611154
1900-05-06 02:00:00+01:00;2.5;11.72426178
1900-05-06 03:00:00+01:00;3.4;11.51506813
1900-05-06 04:00:00+01:00;4;11.73611566
1900-05-06 05:00:00+01:00;4.8;12.23608484
1900-05-06 06:00:00+01:00;6.4;12.91308613
1900-05-06 07:00:00+01:00;7.3;13.21463092
1900-05-06 08:00:00+01:00;8;12.36512913
1900-05-06 09:00:00+01:00;9;11.06205041
1900-05-06 10:00:00+01:00;8.3;11.11197709
1900-05-06 11:00:00+01:00;10.6;9.354552616
1900-05-06 12:00:00+01:00;11.9;8.11201989
1900-05-06 13:00:00+01:00;12.9;7.50630259
1900-05-06 14:00:00+01:00;12.2;7.752445058
1900-05-06 15:00:00+01:00;14.5;6.791894937
1900-05-06 16:00:00+01:00;14.2;6.778377447
1900-05-06 17:00:00+01:00;13;6.632659726
1900-05-06 18:00:00+01:00;12.5;8.25481488
1900-05-06 19:00:00+01:00;11.8;8.738676407
1900-05-06 20:00:00+01:00;10.4;9.502216749
1900-05-06 21:00:00+01:00;9.4;10.14106026
1900-05-06 22:00:00+01:00;8.2;10.51211769
1900-05-06 23:00:00+01:00;5.8;11.78277216
1900-05-07 00:00:00+01:00;5.5;11.58526981
1900-05-07 01:00:00+01:00;3.8;12.35270093
1900-05-07 02:00:00+01:00;3.4;12.76586065
1900-05-07 03:00:00+01:00;2.8;13.11777652
1900-05-07 04:00:00+01:00;2.6;13.73461918
1900-05-07 05:00:00+01:00;3.1;16.06750393
1900-05-07 06:00:00+01:00;5.5;20.58910512
1900-05-07 07:00:00+01:00;7.6;28.6858183
1900-05-07 08:00:00+01:00;10.2;33.67768872
1900-05-07 09:00:00+01:00;11.6;33.00094694
1900-05-07 10:00:00+01:00;12.1;31.60013615
1900-05-07 11:00:00+01:00;13;30.33133181
1900-05-07 12:00:00+01:00;14;28.94620737
1900-05-07 13:00:00+01:00;14.9;26.85966074
1900-05-07 14:00:00+01:00;15.6;25.39460462
1900-05-07 15:00:00+01:00;15.7;23.5709247
1900-05-07 16:00:00+01:00;14;20.91250732
1900-05-07 17:00:00+01:00;13.5;14.64776834
1900-05-07 18:00:00+01:00;12.1;10.4724643
1900-05-07 19:00:00+01:00;11;10.27132704
1900-05-07 20:00:00+01:00;10.3;10.11203119
1900-05-07 21:00:00+01:00;8.8;10.71846256
1900-05-07 22:00:00+01:00;8.4;10.4125947
1900-05-07 23:00:00+01:00;8.2;10.45319563
1900-05-08 00:00:00+01:00;7.8;10.52343448
1900-05-08 01:00:00+01:00;7.6;10.73775652
1900-05-08 02:00:00+01:00;7.5;11.00111569
1900-05-08 03:00:00+01:00;7.1;11.11489229
1900-05-08 04:00:00+01:00;6.5;11.72812974
1900-05-08 05:00:00+01:00;7.7;13.69500319
1900-05-08 06:00:00+01:00;8.5;17.17354172
1900-05-08 07:00:00+01:00;9.8;24.7016062
1900-05-08 08:00:00+01:00;10.8;31.38815697
1900-05-08 09:00:00+01:00;11.7;31.32570809
1900-05-08 10:00:00+01:00;13.4;29.43144786
1900-05-08 11:00:00+01:00;14.4;28.11647333
1900-05-08 12:00:00+01:00;14.7;27.39216174
1900-05-08 13:00:00+01:00;15.1;25.94702514
1900-05-08 14:00:00+01:00;15.2;25.19334874
1900-05-08 15:00:00+01:00;15;23.5709247
1900-05-08 16:00:00+01:00;15.3;19.5437756
1900-05-08 17:00:00+01:00;15;12.09736475
1900-05-08 18:00:00+01:00;14;8.628749136
1900-05-08 19:00:00+01:00;12.7;8.907539481
1900-05-08 20:00:00+01:00;11.4;8.916632851
1900-05-08 21:00:00+01:00;11;9.041066521
1900-05-08 22:00:00+01:00;9.5;9.136980056
1900-05-08 23:00:00+01:00;8.2;9.343210677
1900-05-09 00:00:00+01:00;7.7;9.48276614
1900-05-09 01:00:00+01:00;7.2;9.873607605
1900-05-09 02:00:00+01:00;6.6;10.40813253
1900-05-09 03:00:00+01:00;6.3;10.62264548
1900-05-09 04:00:00+01:00;6.6;11.01883598
1900-05-09 05:00:00+01:00;7.9;12.9442509
1900-05-09 06:00:00+01:00;9.9;16.31297612
1900-05-09 07:00:00+01:00;10.9;24.03717339
1900-05-09 08:00:00+01:00;13.6;29.14979622
1900-05-09 09:00:00+01:00;16.4;25.60479038
1900-05-09 10:00:00+01:00;17.8;25.53854907
1900-05-09 11:00:00+01:00;20;25.7893142
1900-05-09 12:00:00+01:00;21.3;25.47768555
1900-05-09 13:00:00+01:00;21.3;24.27532348
1900-05-09 14:00:00+01:00;22.5;24.22946999
1900-05-09 15:00:00+01:00;20.7;23.5709247
1900-05-09 16:00:00+01:00;17.6;18.54579892
1900-05-09 17:00:00+01:00;17;12.09736475
1900-05-09 18:00:00+01:00;16.4;8.628749136
1900-05-09 19:00:00+01:00;15.4;8.103570803
1900-05-09 20:00:00+01:00;12.6;7.33763894
1900-05-09 21:00:00+01:00;11.9;7.555858066
1900-05-09 22:00:00+01:00;10.7;7.615240945
1900-05-09 23:00:00+01:00;9.4;7.883706349
1900-05-10 00:00:00+01:00;7.9;7.876385409
1900-05-10 01:00:00+01:00;7.5;8.198758271
1900-05-10 02:00:00+01:00;7.3;8.604000161
1900-05-10 03:00:00+01:00;8.4;8.323030787
1900-05-10 04:00:00+01:00;8.9;8.447423409
1900-05-10 05:00:00+01:00;9.2;9.9891825
1900-05-10 06:00:00+01:00;9.3;13.76271261
1900-05-10 07:00:00+01:00;9.4;21.01857732
1900-05-10 08:00:00+01:00;11.5;27.94186549
1900-05-10 09:00:00+01:00;11.8;28.77323718
1900-05-10 10:00:00+01:00;14.1;26.98406527
1900-05-10 11:00:00+01:00;16.7;25.7893142
1900-05-10 12:00:00+01:00;17.7;25.47768555
1900-05-10 13:00:00+01:00;19.7;24.27532348
1900-05-10 14:00:00+01:00;20.8;24.22946999
1900-05-10 15:00:00+01:00;20.4;23.5709247
1900-05-10 16:00:00+01:00;18.4;18.54579892
1900-05-10 17:00:00+01:00;17.3;12.09736475
1900-05-10 18:00:00+01:00;17.1;8.628749136
1900-05-10 19:00:00+01:00;16;8.103570803
1900-05-10 20:00:00+01:00;14.8;7.768932416
1900-05-10 21:00:00+01:00;15;7.910942877
1900-05-10 22:00:00+01:00;14;7.933841973
1900-05-10 23:00:00+01:00;13.5;7.99084909
1900-05-11 00:00:00+01:00;12.8;7.878274531
1900-05-11 01:00:00+01:00;11.6;8.025851489
1900-05-11 02:00:00+01:00;10.7;7.39980325
1900-05-11 03:00:00+01:00;9.7;7.720906867
1900-05-11 04:00:00+01:00;10.2;7.901142172
1900-05-11 05:00:00+01:00;12;9.153739715
1900-05-11 06:00:00+01:00;10.5;12.92835745
1900-05-11 07:00:00+01:00;10.5;20.37838102
1900-05-11 08:00:00+01:00;10.4;27.91420919
1900-05-11 09:00:00+01:00;10.5;28.55071059
1900-05-11 10:00:00+01:00;11;28.44641558
1900-05-11 11:00:00+01:00;11.8;27.97264338
1900-05-11 12:00:00+01:00;13;26.86424463
1900-05-11 13:00:00+01:00;14.6;25.01254266
1900-05-11 14:00:00+01:00;16.1;24.22946999
1900-05-11 15:00:00+01:00;15.2;23.5709247
1900-05-11 16:00:00+01:00;17.4;18.54579892
1900-05-11 17:00:00+01:00;16.6;12.09736475
1900-05-11 18:00:00+01:00;15.8;8.628749136
1900-05-11 19:00:00+01:00;14.4;8.103570803
1900-05-11 20:00:00+01:00;12.5;7.669398719
1900-05-11 21:00:00+01:00;11.5;8.088259643
1900-05-11 22:00:00+01:00;10.2;8.258297541
1900-05-11 23:00:00+01:00;9.6;8.502537992
1900-05-12 00:00:00+01:00;7.6;9.348401521
1900-05-12 01:00:00+01:00;7.1;9.258340208
1900-05-12 02:00:00+01:00;6.7;9.67952088
1900-05-12 03:00:00+01:00;6.9;9.620442334
1900-05-12 04:00:00+01:00;5;10.57899261
1900-05-12 05:00:00+01:00;9;9.93234622
1900-05-12 06:00:00+01:00;10.1;10.2906957
1900-05-12 07:00:00+01:00;9.7;10.97903198
1900-05-12 08:00:00+01:00;10.8;9.818628246
1900-05-12 09:00:00+01:00;12.4;8.137676464
1900-05-12 10:00:00+01:00;13.2;7.165041624
1900-05-12 11:00:00+01:00;13.8;6.970263492
1900-05-12 12:00:00+01:00;12.4;6.799837392
1900-05-12 13:00:00+01:00;10.8;8.071923901
1900-05-12 14:00:00+01:00;9.8;8.761678858
1900-05-12 15:00:00+01:00;9.1;9.370601509
1900-05-12 16:00:00+01:00;9.3;9.304192242
1900-05-12 17:00:00+01:00;9.2;9.311212741
1900-05-12 18:00:00+01:00;9.9;8.904582497
1900-05-12 19:00:00+01:00;9.9;9.09847133
1900-05-12 20:00:00+01:00;9.4;9.574806241
1900-05-12 21:00:00+01:00;8.9;9.956236116
1900-05-12 22:00:00+01:00;8.8;9.977774497
1900-05-12 23:00:00+01:00;8.7;10.49677422
1900-05-13 00:00:00+01:00;9.4;10.27357384
1900-05-13 01:00:00+01:00;9.6;9.859123005
1900-05-13 02:00:00+01:00;9.3;10.00133581
1900-05-13 03:00:00+01:00;8.8;10.02143469
1900-05-13 04:00:00+01:00;8.5;10.23911282
1900-05-13 05:00:00+01:00;8;11.26474374
1900-05-13 06:00:00+01:00;8;12.13330611
1900-05-13 07:00:00+01:00;8.1;12.71548717
1900-05-13 08:00:00+01:00;8.4;12.03867923
1900-05-13 09:00:00+01:00;8.5;11.2561726
1900-05-13 10:00:00+01:00;9.1;10.54307692
1900-05-13 11:00:00+01:00;9.3;10.13714988
1900-05-13 12:00:00+01:00;10.3;9.049509739
1900-05-13 13:00:00+01:00;9.9;9.401708441
1900-05-13 14:00:00+01:00;11.3;8.300159295
1900-05-13 15:00:00+01:00;12;7.710827053
1900-05-13 16:00:00+01:00;11.3;8.440381332
1900-05-13 17:00:00+01:00;10.5;8.907790732
1900-05-13 18:00:00+01:00;9.6;9.353074979
1900-05-13 19:00:00+01:00;9.5;9.512638107
1900-05-13 20:00:00+01:00;8.7;10.08469999
1900-05-13 21:00:00+01:00;8.8;10.14515496
1900-05-13 22:00:00+01:00;8.6;10.15665335
1900-05-13 23:00:00+01:00;8.6;10.62465208
1900-05-14 00:00:00+01:00;8.3;10.58486085
1900-05-14 01:00:00+01:00;8;10.97158151
1900-05-14 02:00:00+01:00;7.8;11.40863024
1900-05-14 03:00:00+01:00;7.7;11.60197574
1900-05-14 04:00:00+01:00;7.5;12.4096316
1900-05-14 05:00:00+01:00;8.2;15.00656725
1900-05-14 06:00:00+01:00;8.6;18.77818079
1900-05-14 07:00:00+01:00;8.9;27.25508515
1900-05-14 08:00:00+01:00;10.7;32.88452862
1900-05-14 09:00:00+01:00;12.6;31.85178421
1900-05-14 10:00:00+01:00;12;31.26176097
1900-05-14 11:00:00+01:00;12;30.72591426
1900-05-14 12:00:00+01:00;13.2;29.19639196
1900-05-14 13:00:00+01:00;13.3;27.78629889
1900-05-14 14:00:00+01:00;13;27.52125281
1900-05-14 15:00:00+01:00;13.3;26.0352435
1900-05-14 16:00:00+01:00;14.8;20.11779804
1900-05-14 17:00:00+01:00;13.6;14.2629614
1900-05-14 18:00:00+01:00;13.4;9.546690616
1900-05-14 19:00:00+01:00;13.4;8.103570803
1900-05-14 20:00:00+01:00;11;9.239036014
1900-05-14 21:00:00+01:00;9;9.873188371
1900-05-14 22:00:00+01:00;7.6;9.855006806
1900-05-14 23:00:00+01:00;7;10.04301892
1900-05-15 00:00:00+01:00;5.6;10.48347343
1900-05-15 01:00:00+01:00;4.4;11.16023157
1900-05-15 02:00:00+01:00;2.7;12.07865546
1900-05-15 03:00:00+01:00;3;12.2900674
1900-05-15 04:00:00+01:00;4.3;12.53485177
1900-05-15 05:00:00+01:00;7.6;14.36634426
1900-05-15 06:00:00+01:00;9.5;17.83788309
1900-05-15 07:00:00+01:00;11.3;25.49214455
1900-05-15 08:00:00+01:00;12.9;30.89388651
1900-05-15 09:00:00+01:00;15;29.68700387
1900-05-15 10:00:00+01:00;16.3;25.53854907
1900-05-15 11:00:00+01:00;17;25.7893142
1900-05-15 12:00:00+01:00;18.6;25.47768555
1900-05-15 13:00:00+01:00;18.1;24.27532348
1900-05-15 14:00:00+01:00;16.7;24.22946999
1900-05-15 15:00:00+01:00;16.7;23.5709247
1900-05-15 16:00:00+01:00;17.2;18.54579892
1900-05-15 17:00:00+01:00;16.4;12.09736475
1900-05-15 18:00:00+01:00;15.5;8.628749136
1900-05-15 19:00:00+01:00;14.5;8.103570803
1900-05-15 20:00:00+01:00;14.3;7.768932416
1900-05-15 21:00:00+01:00;14.1;7.910942877
1900-05-15 22:00:00+01:00;13.5;7.933841973
1900-05-15 23:00:00+01:00;12.7;7.99084909
1900-05-16 00:00:00+01:00;12.5;7.878274531
1900-05-16 01:00:00+01:00;11.9;8.025851489
1900-05-16 02:00:00+01:00;11.4;8.077661808
1900-05-16 03:00:00+01:00;11;8.011814723
1900-05-16 04:00:00+01:00;10.8;7.968386311
1900-05-16 05:00:00+01:00;10.8;9.621190956
1900-05-16 06:00:00+01:00;11.7;12.78900268
1900-05-16 07:00:00+01:00;12;20.06011147
1900-05-16 08:00:00+01:00;13.2;26.52901983
1900-05-16 09:00:00+01:00;13.6;27.08224167
1900-05-16 10:00:00+01:00;12.6;27.52454025
1900-05-16 11:00:00+01:00;12;27.94687193
1900-05-16 12:00:00+01:00;12.7;27.24193135
1900-05-16 13:00:00+01:00;14.6;25.09610282
1900-05-16 14:00:00+01:00;15.4;24.00499819
1900-05-16 15:00:00+01:00;14.7;23.54953721
1900-05-16 16:00:00+01:00;14.7;19.09407678
1900-05-16 17:00:00+01:00;14.5;12.79935669
1900-05-16 18:00:00+01:00;13.9;8.231220266
1900-05-16 19:00:00+01:00;12.3;8.196162015
1900-05-16 20:00:00+01:00;11.7;7.96432165
1900-05-16 21:00:00+01:00;10.6;8.424248474
1900-05-16 22:00:00+01:00;10;8.334107746
1900-05-16 23:00:00+01:00;10;8.408593677
1900-05-17 00:00:00+01:00;9.7;8.345685428
1900-05-17 01:00:00+01:00;9.5;8.648009276
1900-05-17 02:00:00+01:00;9;9.188684031
1900-05-17 03:00:00+01:00;8.8;9.381342755
1900-05-17 04:00:00+01:00;9;9.893294265
1900-05-17 05:00:00+01:00;8;12.25191941
1900-05-17 06:00:00+01:00;8.4;15.93915939
1900-05-17 07:00:00+01:00;8.6;24.17204183
1900-05-17 08:00:00+01:00;9.8;30.9745896
1900-05-17 09:00:00+01:00;11.5;30.90121181
1900-05-17 10:00:00+01:00;12.6;29.52631943
1900-05-17 11:00:00+01:00;14.4;27.69850979
1900-05-17 12:00:00+01:00;16;25.47768555
1900-05-17 13:00:00+01:00;16.5;24.27532348
1900-05-17 14:00:00+01:00;15.6;24.50242448
1900-05-17 15:00:00+01:00;15.8;23.5709247
1900-05-17 16:00:00+01:00;15.2;19.29372202
1900-05-17 17:00:00+01:00;14;13.54926451
1900-05-17 18:00:00+01:00;13.3;9.050683825
1900-05-17 19:00:00+01:00;12.2;8.811265476
1900-05-17 20:00:00+01:00;11.6;8.574351265
1900-05-17 21:00:00+01:00;10;9.155987153
1900-05-17 22:00:00+01:00;9.4;8.967556664
1900-05-17 23:00:00+01:00;7;9.490656738
1900-05-18 00:00:00+01:00;7.4;9.456622643
1900-05-18 01:00:00+01:00;6.1;10.13532107
1900-05-18 02:00:00+01:00;4;11.16219376
1900-05-18 03:00:00+01:00;3.8;11.4888798
1900-05-18 04:00:00+01:00;4.2;11.92886124
1900-05-18 05:00:00+01:00;7.1;13.60892729
1900-05-18 06:00:00+01:00;10;16.84472717
1900-05-18 07:00:00+01:00;11.3;24.46769251
1900-05-18 08:00:00+01:00;13;29.94834883
1900-05-18 09:00:00+01:00;13.3;30.03352015
1900-05-18 10:00:00+01:00;14;28.80810587
1900-05-18 11:00:00+01:00;16.1;25.7893142
1900-05-18 12:00:00+01:00;18.3;25.47768555
1900-05-18 13:00:00+01:00;17.9;24.27532348
1900-05-18 14:00:00+01:00;19.4;24.22946999
1900-05-18 15:00:00+01:00;19.9;23.5709247
1900-05-18 16:00:00+01:00;20.2;18.54579892
1900-05-18 17:00:00+01:00;20.2;12.09736475
1900-05-18 18:00:00+01:00;19;8.628749136
1900-05-18 19:00:00+01:00;18.9;8.103570803
1900-05-18 20:00:00+01:00;15.3;7.768932416
1900-05-18 21:00:00+01:00;13.7;7.910942877
1900-05-18 22:00:00+01:00;11.4;7.764562215
1900-05-18 23:00:00+01:00;10;8.044803972
1900-05-19 00:00:00+01:00;10;8.171678408
1900-05-19 01:00:00+01:00;8.3;8.256274678
1900-05-19 02:00:00+01:00;7.5;8.636975926
1900-05-19 03:00:00+01:00;8;8.325207001
1900-05-19 04:00:00+01:00;9.4;7.933552904
1900-05-19 05:00:00+01:00;11;7.455648554
1900-05-19 06:00:00+01:00;11.6;7.911376651
1900-05-19 07:00:00+01:00;14.6;8.876801461
1900-05-19 08:00:00+01:00;17;8.064587641
1900-05-19 09:00:00+01:00;17;7.397910149
1900-05-19 10:00:00+01:00;19.5;7.165041624
1900-05-19 11:00:00+01:00;20;6.970263492
1900-05-19 12:00:00+01:00;21.6;6.840482613
1900-05-19 13:00:00+01:00;22.1;6.774870984
1900-05-19 14:00:00+01:00;23.4;6.764800469
1900-05-19 15:00:00+01:00;24.9;6.791894937
1900-05-19 16:00:00+01:00;22;6.778377447
1900-05-19 17:00:00+01:00;23.7;6.632659726
1900-05-19 18:00:00+01:00;22.7;6.671357012
1900-05-19 19:00:00+01:00;21.4;6.702048687
1900-05-19 20:00:00+01:00;17.9;6.763284065
1900-05-19 21:00:00+01:00;17;6.913619339
1900-05-19 22:00:00+01:00;15.8;7.079109972
1900-05-19 23:00:00+01:00;16;7.658970163
1900-05-20 00:00:00+01:00;15.7;7.671980488
1900-05-20 01:00:00+01:00;14.9;7.448531989
1900-05-20 02:00:00+01:00;13.8;7.412753506
1900-05-20 03:00:00+01:00;13.2;7.390119585
1900-05-20 04:00:00+01:00;13.1;7.294583216
1900-05-20 05:00:00+01:00;12.8;7.324002212
1900-05-20 06:00:00+01:00;15;7.586353514
1900-05-20 07:00:00+01:00;16;8.876801461
1900-05-20 08:00:00+01:00;16.5;8.064587641
1900-05-20 09:00:00+01:00;17.2;7.397910149
1900-05-20 10:00:00+01:00;18.2;7.165041624
1900-05-20 11:00:00+01:00;18.3;6.970263492
1900-05-20 12:00:00+01:00;18;6.840482613
1900-05-20 13:00:00+01:00;19;6.774870984
1900-05-20 14:00:00+01:00;18;6.764800469
1900-05-20 15:00:00+01:00;17.6;6.791894937
1900-05-20 16:00:00+01:00;19;6.778377447
1900-05-20 17:00:00+01:00;18.6;6.632659726
1900-05-20 18:00:00+01:00;17.3;6.671357012
1900-05-20 19:00:00+01:00;17;6.702048687
1900-05-20 20:00:00+01:00;16.1;6.763284065
1900-05-20 21:00:00+01:00;15.7;6.913619339
1900-05-20 22:00:00+01:00;15.3;7.079109972
1900-05-20 23:00:00+01:00;15;7.658970163
1900-05-21 00:00:00+01:00;14.3;7.878274531
1900-05-21 01:00:00+01:00;13.7;8.025851489
1900-05-21 02:00:00+01:00;12.4;8.077661808
1900-05-21 03:00:00+01:00;12.4;8.011814723
1900-05-21 04:00:00+01:00;12.4;8.341265859
1900-05-21 05:00:00+01:00;13;9.153739715
1900-05-21 06:00:00+01:00;13.9;11.44583589
1900-05-21 07:00:00+01:00;15.5;19.03602395
1900-05-21 08:00:00+01:00;16;24.64816891
1900-05-21 09:00:00+01:00;18;25.60479038
1900-05-21 10:00:00+01:00;19.5;25.53854907
1900-05-21 11:00:00+01:00;18;25.7893142
1900-05-21 12:00:00+01:00;20.1;25.47768555
1900-05-21 13:00:00+01:00;20.3;24.27532348
1900-05-21 14:00:00+01:00;19.6;24.22946999
1900-05-21 15:00:00+01:00;21;23.5709247
1900-05-21 16:00:00+01:00;22.6;18.54579892
1900-05-21 17:00:00+01:00;19.3;12.09736475
1900-05-21 18:00:00+01:00;18.9;8.628749136
1900-05-21 19:00:00+01:00;17.5;8.103570803
1900-05-21 20:00:00+01:00;16.9;7.768932416
1900-05-21 21:00:00+01:00;15.6;7.910942877
1900-05-21 22:00:00+01:00;14.2;7.933841973
1900-05-21 23:00:00+01:00;13.5;7.99084909
1900-05-22 00:00:00+01:00;12.2;7.878274531
1900-05-22 01:00:00+01:00;10.6;6.518602016
1900-05-22 02:00:00+01:00;11;8.077661808
1900-05-22 03:00:00+01:00;11.2;8.011814723
1900-05-22 04:00:00+01:00;11.3;8.341265859
1900-05-22 05:00:00+01:00;12;9.153739715
1900-05-22 06:00:00+01:00;12.4;10.63955971
1900-05-22 07:00:00+01:00;13.4;19.03602395
1900-05-22 08:00:00+01:00;15.4;24.64816891
1900-05-22 09:00:00+01:00;16.6;25.60479038
1900-05-22 10:00:00+01:00;17.4;25.53854907
1900-05-22 11:00:00+01:00;18.5;25.7893142
1900-05-22 12:00:00+01:00;18.7;25.47768555
1900-05-22 13:00:00+01:00;19.1;24.27532348
1900-05-22 14:00:00+01:00;20.4;24.22946999
1900-05-22 15:00:00+01:00;20.9;23.5709247
1900-05-22 16:00:00+01:00;20.5;18.54579892
1900-05-22 17:00:00+01:00;20;12.09736475
1900-05-22 18:00:00+01:00;17.5;8.628749136
1900-05-22 19:00:00+01:00;16.6;8.103570803
1900-05-22 20:00:00+01:00;15.7;7.768932416
1900-05-22 21:00:00+01:00;15.3;7.910942877
1900-05-22 22:00:00+01:00;12.9;7.933841973
1900-05-22 23:00:00+01:00;11.2;7.99084909
1900-05-23 00:00:00+01:00;10.4;6.424103324
1900-05-23 01:00:00+01:00;7.7;7.117511923
1900-05-23 02:00:00+01:00;7.2;7.730984344
1900-05-23 03:00:00+01:00;6.9;7.974046772
1900-05-23 04:00:00+01:00;8.6;7.814792353
1900-05-23 05:00:00+01:00;12;9.153739715
1900-05-23 06:00:00+01:00;13.1;11.44583589
1900-05-23 07:00:00+01:00;14.2;19.03602395
1900-05-23 08:00:00+01:00;14.8;25.05530094
1900-05-23 09:00:00+01:00;15.9;25.60479038
1900-05-23 10:00:00+01:00;16.4;25.53854907
1900-05-23 11:00:00+01:00;16.7;25.7893142
1900-05-23 12:00:00+01:00;16.8;25.47768555
1900-05-23 13:00:00+01:00;17.5;24.27532348
1900-05-23 14:00:00+01:00;18.8;24.22946999
1900-05-23 15:00:00+01:00;19.2;23.5709247
1900-05-23 16:00:00+01:00;18.8;18.54579892
1900-05-23 17:00:00+01:00;19.3;12.09736475
1900-05-23 18:00:00+01:00;18.5;8.628749136
1900-05-23 19:00:00+01:00;16.2;8.103570803
1900-05-23 20:00:00+01:00;15.5;7.768932416
1900-05-23 21:00:00+01:00;14.1;7.910942877
1900-05-23 22:00:00+01:00;13.4;7.933841973
1900-05-23 23:00:00+01:00;13;7.99084909
1900-05-24 00:00:00+01:00;12.3;7.878274531
1900-05-24 01:00:00+01:00;12.6;8.025851489
1900-05-24 02:00:00+01:00;12.7;8.077661808
1900-05-24 03:00:00+01:00;12.4;8.011814723
1900-05-24 04:00:00+01:00;11.9;8.341265859
1900-05-24 05:00:00+01:00;13.8;9.153739715
1900-05-24 06:00:00+01:00;14.3;11.44583589
1900-05-24 07:00:00+01:00;15.6;19.03602395
1900-05-24 08:00:00+01:00;16.9;24.64816891
1900-05-24 09:00:00+01:00;17.7;25.60479038
1900-05-24 10:00:00+01:00;19.8;25.53854907
1900-05-24 11:00:00+01:00;21.2;25.7893142
1900-05-24 12:00:00+01:00;21.1;25.47768555
1900-05-24 13:00:00+01:00;20.6;24.27532348
1900-05-24 14:00:00+01:00;22.4;24.22946999
1900-05-24 15:00:00+01:00;22.9;23.5709247
1900-05-24 16:00:00+01:00;21.8;18.54579892
1900-05-24 17:00:00+01:00;22;12.09736475
1900-05-24 18:00:00+01:00;21;8.628749136
1900-05-24 19:00:00+01:00;19.1;8.103570803
1900-05-24 20:00:00+01:00;16.3;7.768932416
1900-05-24 21:00:00+01:00;15;7.910942877
1900-05-24 22:00:00+01:00;13;7.933841973
1900-05-24 23:00:00+01:00;11.7;7.99084909
1900-05-25 00:00:00+01:00;11.2;7.878274531
1900-05-25 01:00:00+01:00;10;6.518602016
1900-05-25 02:00:00+01:00;9.1;6.398746201
1900-05-25 03:00:00+01:00;8.5;6.479227946
1900-05-25 04:00:00+01:00;9.1;6.477367312
1900-05-25 05:00:00+01:00;11.8;7.583414205
1900-05-25 06:00:00+01:00;14.5;11.44583589
1900-05-25 07:00:00+01:00;16.2;19.03602395
1900-05-25 08:00:00+01:00;18.1;24.64816891
1900-05-25 09:00:00+01:00;19.6;25.60479038
1900-05-25 10:00:00+01:00;21.7;25.53854907
1900-05-25 11:00:00+01:00;22.2;25.7893142
1900-05-25 12:00:00+01:00;23.1;25.47768555
1900-05-25 13:00:00+01:00;25.4;24.27532348
1900-05-25 14:00:00+01:00;24.6;24.22946999
1900-05-25 15:00:00+01:00;24;23.5709247
1900-05-25 16:00:00+01:00;26.4;18.54579892
1900-05-25 17:00:00+01:00;24.1;12.09736475
1900-05-25 18:00:00+01:00;23.6;8.628749136
1900-05-25 19:00:00+01:00;21.5;8.103570803
1900-05-25 20:00:00+01:00;17.8;7.768932416
1900-05-25 21:00:00+01:00;15.9;7.910942877
1900-05-25 22:00:00+01:00;14;7.933841973
1900-05-25 23:00:00+01:00;13.5;7.99084909
1900-05-26 00:00:00+01:00;11.7;6.399388351
1900-05-26 01:00:00+01:00;11.6;6.367177772
1900-05-26 02:00:00+01:00;10.9;6.006318652
1900-05-26 03:00:00+01:00;11.1;6.287405219
1900-05-26 04:00:00+01:00;11;5.90850634
1900-05-26 05:00:00+01:00;11.8;5.975051221
1900-05-26 06:00:00+01:00;13;7.586353514
1900-05-26 07:00:00+01:00;15.1;8.876801461
1900-05-26 08:00:00+01:00;17.4;8.064587641
1900-05-26 09:00:00+01:00;18.4;7.397910149
1900-05-26 10:00:00+01:00;16.4;7.165041624
1900-05-26 11:00:00+01:00;19.4;6.970263492
1900-05-26 12:00:00+01:00;16.2;6.840482613
1900-05-26 13:00:00+01:00;16.2;6.774870984
1900-05-26 14:00:00+01:00;14;6.764800469
1900-05-26 15:00:00+01:00;11.1;6.436039572
1900-05-26 16:00:00+01:00;9.3;7.661689008
1900-05-26 17:00:00+01:00;8.7;7.925815095
1900-05-26 18:00:00+01:00;8.8;7.542018074
1900-05-26 19:00:00+01:00;9.8;7.339357462
1900-05-26 20:00:00+01:00;10.3;7.500745274
1900-05-26 21:00:00+01:00;10.4;7.510545746
1900-05-26 22:00:00+01:00;9.3;8.085761728
1900-05-26 23:00:00+01:00;8.1;9.142763759
1900-05-27 00:00:00+01:00;8.1;9.146557792
1900-05-27 01:00:00+01:00;7.5;9.075884288
1900-05-27 02:00:00+01:00;7.1;9.488057701
1900-05-27 03:00:00+01:00;6.9;9.573005785
1900-05-27 04:00:00+01:00;6.8;9.924672897
1900-05-27 05:00:00+01:00;6.6;10.53310258
1900-05-27 06:00:00+01:00;6.9;11.72640288
1900-05-27 07:00:00+01:00;6.7;12.7063084
1900-05-27 08:00:00+01:00;7.7;11.98370896
1900-05-27 09:00:00+01:00;8.9;10.77526924
1900-05-27 10:00:00+01:00;9.5;10.14204361
1900-05-27 11:00:00+01:00;11;8.99601585
1900-05-27 12:00:00+01:00;11.1;8.535021559
1900-05-27 13:00:00+01:00;11;8.726582716
1900-05-27 14:00:00+01:00;11.1;8.524401602
1900-05-27 15:00:00+01:00;11.2;8.421452331
1900-05-27 16:00:00+01:00;11;8.785911727
1900-05-27 17:00:00+01:00;10.7;8.946167161
1900-05-27 18:00:00+01:00;10.7;8.982657646
1900-05-27 19:00:00+01:00;10.2;9.333051832
1900-05-27 20:00:00+01:00;8.3;10.42847698
1900-05-27 21:00:00+01:00;7;11.12418402
1900-05-27 22:00:00+01:00;5.6;11.38355365
1900-05-27 23:00:00+01:00;4.7;12.27938104
1900-05-28 00:00:00+01:00;4.6;12.05852399
1900-05-28 01:00:00+01:00;3.7;12.68819714
1900-05-28 02:00:00+01:00;3.6;13.13977332
1900-05-28 03:00:00+01:00;3.7;13.38783976
1900-05-28 04:00:00+01:00;4.4;13.96170647
1900-05-28 05:00:00+01:00;4.6;16.71089826
1900-05-28 06:00:00+01:00;6;21.3102752
1900-05-28 07:00:00+01:00;7.2;30.00421932
1900-05-28 08:00:00+01:00;8.5;35.90593461
1900-05-28 09:00:00+01:00;9.2;35.96027366
1900-05-28 10:00:00+01:00;10.1;34.28051196
1900-05-28 11:00:00+01:00;11.3;32.42153722
1900-05-28 12:00:00+01:00;12.3;30.99797604
1900-05-28 13:00:00+01:00;12.5;29.31003621
1900-05-28 14:00:00+01:00;13.1;28.17333654
1900-05-28 15:00:00+01:00;12.7;27.27560675
1900-05-28 16:00:00+01:00;12.7;22.13639065
1900-05-28 17:00:00+01:00;12.7;15.28318395
1900-05-28 18:00:00+01:00;12.8;10.67271414
1900-05-28 19:00:00+01:00;12.3;10.21954613
1900-05-28 20:00:00+01:00;10.9;10.32012413
1900-05-28 21:00:00+01:00;9.2;10.95776772
1900-05-28 22:00:00+01:00;5.6;11.60048515
1900-05-28 23:00:00+01:00;4.5;11.9073335
1900-05-29 00:00:00+01:00;4.9;11.8302498
1900-05-29 01:00:00+01:00;4;12.34463541
1900-05-29 02:00:00+01:00;6.8;11.87704995
1900-05-29 03:00:00+01:00;6.7;11.97053231
1900-05-29 04:00:00+01:00;6.6;12.622532
1900-05-29 05:00:00+01:00;8.9;14.77394114
1900-05-29 06:00:00+01:00;10.4;18.00294293
1900-05-29 07:00:00+01:00;11.1;25.99400142
1900-05-29 08:00:00+01:00;12.2;31.56944174
1900-05-29 09:00:00+01:00;12.5;31.52089403
1900-05-29 10:00:00+01:00;12.8;30.39768721
1900-05-29 11:00:00+01:00;13.4;29.37189459
1900-05-29 12:00:00+01:00;13.6;28.67069564
1900-05-29 13:00:00+01:00;13.3;27.66692723
1900-05-29 14:00:00+01:00;12.9;27.54446566
1900-05-29 15:00:00+01:00;12.5;26.72776371
1900-05-29 16:00:00+01:00;13.5;20.97777552
1900-05-29 17:00:00+01:00;12.8;14.42416325
1900-05-29 18:00:00+01:00;12.6;9.970837664
1900-05-29 19:00:00+01:00;11.5;9.762282961
1900-05-29 20:00:00+01:00;10.7;9.563361897
1900-05-29 21:00:00+01:00;10.6;9.686300571
1900-05-29 22:00:00+01:00;9.6;9.576362424
1900-05-29 23:00:00+01:00;10.5;9.302452905
1900-05-30 00:00:00+01:00;9.5;9.277130159
1900-05-30 01:00:00+01:00;9.6;9.317375266
1900-05-30 02:00:00+01:00;8.3;10.03771399
1900-05-30 03:00:00+01:00;8;10.18253036
1900-05-30 04:00:00+01:00;7.9;10.71025673
1900-05-30 05:00:00+01:00;8;12.94040519
1900-05-30 06:00:00+01:00;8.7;16.51152791
1900-05-30 07:00:00+01:00;9.7;24.29113893
1900-05-30 08:00:00+01:00;10.3;31.40269464
1900-05-30 09:00:00+01:00;11.6;31.19974507
1900-05-30 10:00:00+01:00;11.4;30.67723928
1900-05-30 11:00:00+01:00;11.4;30.43508856
1900-05-30 12:00:00+01:00;12;29.53849781
1900-05-30 13:00:00+01:00;12.1;28.35593725
1900-05-30 14:00:00+01:00;12;28.17400397
1900-05-30 15:00:00+01:00;12.3;26.73735034
1900-05-30 16:00:00+01:00;12.1;21.74799956
1900-05-30 17:00:00+01:00;11.9;14.72718169
1900-05-30 18:00:00+01:00;11.8;10.07333314
1900-05-30 19:00:00+01:00;11.6;9.567696422
1900-05-30 20:00:00+01:00;11.2;9.279375454
1900-05-30 21:00:00+01:00;10.9;9.417592527
1900-05-30 22:00:00+01:00;10.6;9.218908115
1900-05-30 23:00:00+01:00;10.4;9.351106825
1900-05-31 00:00:00+01:00;10.1;9.263259982
1900-05-31 01:00:00+01:00;9.9;9.495424253
1900-05-31 02:00:00+01:00;9.8;9.933704952
1900-05-31 03:00:00+01:00;9.2;10.15559557
1900-05-31 04:00:00+01:00;9.2;10.76298448
1900-05-31 05:00:00+01:00;9.7;13.06394184
1900-05-31 06:00:00+01:00;10.2;16.56456183
1900-05-31 07:00:00+01:00;10.5;24.60611968
1900-05-31 08:00:00+01:00;11.2;30.89444358
1900-05-31 09:00:00+01:00;12.3;30.67935301
1900-05-31 10:00:00+01:00;12.5;29.81195566
1900-05-31 11:00:00+01:00;13.6;28.51296403
1900-05-31 12:00:00+01:00;14.1;27.61679864
1900-05-31 13:00:00+01:00;13.9;26.6599095
1900-05-31 14:00:00+01:00;15.6;24.58786346
1900-05-31 15:00:00+01:00;14.3;24.56839842
1900-05-31 16:00:00+01:00;14.8;19.58947633
1900-05-31 17:00:00+01:00;15;12.09736475
1900-05-31 18:00:00+01:00;14;8.628749136
1900-05-31 19:00:00+01:00;13.7;8.103570803
1900-05-31 20:00:00+01:00;13;7.768932416
1900-05-31 21:00:00+01:00;11.4;8.483591061
1900-05-31 22:00:00+01:00;11.2;8.287424486
1900-05-31 23:00:00+01:00;10.8;8.417471806
1900-06-01 00:00:00+01:00;11.5;7.878274531
1900-06-01 01:00:00+01:00;12.2;8.025851489
1900-06-01 02:00:00+01:00;12.2;8.077661808
1900-06-01 03:00:00+01:00;13.5;8.011814723
1900-06-01 04:00:00+01:00;11.8;8.341265859
1900-06-01 05:00:00+01:00;11.3;11.02372908
1900-06-01 06:00:00+01:00;12.6;13.96076007
1900-06-01 07:00:00+01:00;14.9;19.03602395
1900-06-01 08:00:00+01:00;17.5;24.64816891
1900-06-01 09:00:00+01:00;19.4;25.60479038
1900-06-01 10:00:00+01:00;23.2;25.53854907
1900-06-01 11:00:00+01:00;24.8;25.7893142
1900-06-01 12:00:00+01:00;25.5;25.47768555
1900-06-01 13:00:00+01:00;27;24.27532348
1900-06-01 14:00:00+01:00;30.8;24.22946999
1900-06-01 15:00:00+01:00;27.4;23.5709247
1900-06-01 16:00:00+01:00;26.1;18.54579892
1900-06-01 17:00:00+01:00;25.8;12.09736475
1900-06-01 18:00:00+01:00;25.6;8.628749136
1900-06-01 19:00:00+01:00;24.1;8.103570803
1900-06-01 20:00:00+01:00;21.5;7.768932416
1900-06-01 21:00:00+01:00;19.2;7.910942877
1900-06-01 22:00:00+01:00;17;7.933841973
1900-06-01 23:00:00+01:00;15;7.99084909
1900-06-02 00:00:00+01:00;14;7.671980488
1900-06-02 01:00:00+01:00;12.5;7.448531989
1900-06-02 02:00:00+01:00;11;6.262201362
1900-06-02 03:00:00+01:00;10.9;6.004581564
1900-06-02 04:00:00+01:00;11.9;5.81786615
1900-06-02 05:00:00+01:00;15;7.324002212
1900-06-02 06:00:00+01:00;18;7.586353514
1900-06-02 07:00:00+01:00;18.7;8.876801461
1900-06-02 08:00:00+01:00;21.2;8.064587641
1900-06-02 09:00:00+01:00;24.2;7.397910149
1900-06-02 10:00:00+01:00;26;7.165041624
1900-06-02 11:00:00+01:00;25;6.970263492
1900-06-02 12:00:00+01:00;26.8;6.840482613
1900-06-02 13:00:00+01:00;28;6.774870984
1900-06-02 14:00:00+01:00;26.6;6.764800469
1900-06-02 15:00:00+01:00;26;6.791894937
1900-06-02 16:00:00+01:00;25.4;6.778377447
1900-06-02 17:00:00+01:00;25.2;6.632659726
1900-06-02 18:00:00+01:00;24.5;6.671357012
1900-06-02 19:00:00+01:00;22.5;6.702048687
1900-06-02 20:00:00+01:00;19.3;6.763284065
1900-06-02 21:00:00+01:00;17.4;6.913619339
1900-06-02 22:00:00+01:00;16.3;7.079109972
1900-06-02 23:00:00+01:00;15.5;7.658970163
1900-06-03 00:00:00+01:00;11.7;6.399388351
1900-06-03 01:00:00+01:00;11.1;6.367177772
1900-06-03 02:00:00+01:00;10.3;6.006318652
1900-06-03 03:00:00+01:00;10;6.004581564
1900-06-03 04:00:00+01:00;11;5.836430954
1900-06-03 05:00:00+01:00;13.9;7.324002212
1900-06-03 06:00:00+01:00;15.4;7.586353514
1900-06-03 07:00:00+01:00;17.2;8.876801461
1900-06-03 08:00:00+01:00;20.5;8.064587641
1900-06-03 09:00:00+01:00;22;7.397910149
1900-06-03 10:00:00+01:00;23.6;7.165041624
1900-06-03 11:00:00+01:00;26.2;6.970263492
1900-06-03 12:00:00+01:00;26.6;6.840482613
1900-06-03 13:00:00+01:00;26.5;6.774870984
1900-06-03 14:00:00+01:00;25.9;6.764800469
1900-06-03 15:00:00+01:00;25.6;6.791894937
1900-06-03 16:00:00+01:00;24.3;6.778377447
1900-06-03 17:00:00+01:00;24.4;6.632659726
1900-06-03 18:00:00+01:00;23;6.671357012
1900-06-03 19:00:00+01:00;21.3;6.702048687
1900-06-03 20:00:00+01:00;20.8;6.763284065
1900-06-03 21:00:00+01:00;18.1;6.913619339
1900-06-03 22:00:00+01:00;18;7.079109972
1900-06-03 23:00:00+01:00;16.4;7.658970163
1900-06-04 00:00:00+01:00;15.4;7.878274531
1900-06-04 01:00:00+01:00;14;8.025851489
1900-06-04 02:00:00+01:00;14.6;8.077661808
1900-06-04 03:00:00+01:00;13.3;8.011814723
1900-06-04 04:00:00+01:00;14.4;8.341265859
1900-06-04 05:00:00+01:00;15.8;9.153739715
1900-06-04 06:00:00+01:00;18.5;11.44583589
1900-06-04 07:00:00+01:00;20;19.03602395
1900-06-04 08:00:00+01:00;22;24.64816891
1900-06-04 09:00:00+01:00;24;25.60479038
1900-06-04 10:00:00+01:00;23.9;25.53854907
1900-06-04 11:00:00+01:00;25.4;25.7893142
1900-06-04 12:00:00+01:00;25.5;25.47768555
1900-06-04 13:00:00+01:00;26.8;24.27532348
1900-06-04 14:00:00+01:00;27.3;24.22946999
1900-06-04 15:00:00+01:00;27.8;23.5709247
1900-06-04 16:00:00+01:00;28.7;18.54579892
1900-06-04 17:00:00+01:00;25.8;12.09736475
1900-06-04 18:00:00+01:00;24.2;8.628749136
1900-06-04 19:00:00+01:00;22.5;8.103570803
1900-06-04 20:00:00+01:00;19.4;7.768932416
1900-06-04 21:00:00+01:00;16.8;7.910942877
1900-06-04 22:00:00+01:00;16;7.933841973
1900-06-04 23:00:00+01:00;16.6;7.99084909
1900-06-05 00:00:00+01:00;16.1;7.878274531
1900-06-05 01:00:00+01:00;15.9;8.025851489
1900-06-05 02:00:00+01:00;15.3;8.077661808
1900-06-05 03:00:00+01:00;15.7;8.011814723
1900-06-05 04:00:00+01:00;15.6;8.341265859
1900-06-05 05:00:00+01:00;15.7;9.153739715
1900-06-05 06:00:00+01:00;16.1;11.44583589
1900-06-05 07:00:00+01:00;16.9;19.03602395
1900-06-05 08:00:00+01:00;19.8;24.64816891
1900-06-05 09:00:00+01:00;21.5;25.60479038
1900-06-05 10:00:00+01:00;21.9;25.53854907
1900-06-05 11:00:00+01:00;24.1;25.7893142
1900-06-05 12:00:00+01:00;24.7;25.47768555
1900-06-05 13:00:00+01:00;24.7;24.27532348
1900-06-05 14:00:00+01:00;25.1;24.22946999
1900-06-05 15:00:00+01:00;25.2;23.5709247
1900-06-05 16:00:00+01:00;24.9;18.54579892
1900-06-05 17:00:00+01:00;24.5;12.09736475
1900-06-05 18:00:00+01:00;23.8;8.628749136
1900-06-05 19:00:00+01:00;22.4;8.103570803
1900-06-05 20:00:00+01:00;21;7.768932416
1900-06-05 21:00:00+01:00;20;7.910942877
1900-06-05 22:00:00+01:00;18.5;7.933841973
1900-06-05 23:00:00+01:00;17.1;7.99084909
1900-06-06 00:00:00+01:00;16.9;7.878274531
1900-06-06 01:00:00+01:00;16;8.025851489
1900-06-06 02:00:00+01:00;15.5;8.077661808
1900-06-06 03:00:00+01:00;15;8.011814723
1900-06-06 04:00:00+01:00;16.6;8.341265859
1900-06-06 05:00:00+01:00;16.8;9.153739715
1900-06-06 06:00:00+01:00;17.8;11.44583589
1900-06-06 07:00:00+01:00;18.9;19.03602395
1900-06-06 08:00:00+01:00;19.4;24.64816891
1900-06-06 09:00:00+01:00;20.3;25.60479038
1900-06-06 10:00:00+01:00;20.1;25.53854907
1900-06-06 11:00:00+01:00;20.6;25.7893142
1900-06-06 12:00:00+01:00;21.8;25.47768555
1900-06-06 13:00:00+01:00;23.4;24.27532348
1900-06-06 14:00:00+01:00;23;24.22946999
1900-06-06 15:00:00+01:00;22.8;23.5709247
1900-06-06 16:00:00+01:00;22.6;18.54579892
1900-06-06 17:00:00+01:00;21.4;12.09736475
1900-06-06 18:00:00+01:00;20.6;8.628749136
1900-06-06 19:00:00+01:00;19.6;8.103570803
1900-06-06 20:00:00+01:00;18.7;7.768932416
1900-06-06 21:00:00+01:00;17.9;7.910942877
1900-06-06 22:00:00+01:00;17.3;7.933841973
1900-06-06 23:00:00+01:00;16.7;7.99084909
1900-06-07 00:00:00+01:00;15.2;7.878274531
1900-06-07 01:00:00+01:00;15.6;8.025851489
1900-06-07 02:00:00+01:00;15.3;8.077661808
1900-06-07 03:00:00+01:00;14.8;8.011814723
1900-06-07 04:00:00+01:00;15.6;8.341265859
1900-06-07 05:00:00+01:00;15.7;9.153739715
1900-06-07 06:00:00+01:00;16.7;11.44583589
1900-06-07 07:00:00+01:00;18;19.03602395
1900-06-07 08:00:00+01:00;17.8;24.64816891
1900-06-07 09:00:00+01:00;18.2;25.60479038
1900-06-07 10:00:00+01:00;21.1;25.53854907
1900-06-07 11:00:00+01:00;21.3;25.7893142
1900-06-07 12:00:00+01:00;20.9;25.47768555
1900-06-07 13:00:00+01:00;22.2;24.27532348
1900-06-07 14:00:00+01:00;22.6;24.22946999
1900-06-07 15:00:00+01:00;22.2;23.5709247
1900-06-07 16:00:00+01:00;21.4;18.54579892
1900-06-07 17:00:00+01:00;20.8;12.09736475
1900-06-07 18:00:00+01:00;20.9;8.628749136
1900-06-07 19:00:00+01:00;19.6;8.103570803
1900-06-07 20:00:00+01:00;18.6;7.768932416
1900-06-07 21:00:00+01:00;17;7.910942877
1900-06-07 22:00:00+01:00;15.9;7.933841973
1900-06-07 23:00:00+01:00;15.3;7.99084909
1900-06-08 00:00:00+01:00;14;7.878274531
1900-06-08 01:00:00+01:00;14.1;8.025851489
1900-06-08 02:00:00+01:00;14.9;8.077661808
1900-06-08 03:00:00+01:00;14.8;8.011814723
1900-06-08 04:00:00+01:00;14;8.341265859
1900-06-08 05:00:00+01:00;12.8;9.153739715
1900-06-08 06:00:00+01:00;12.6;8.737726779
1900-06-08 07:00:00+01:00;13.7;19.03602395
1900-06-08 08:00:00+01:00;14.3;22.5558821
1900-06-08 09:00:00+01:00;15.1;23.25170257
1900-06-08 10:00:00+01:00;15.5;23.37006569
1900-06-08 11:00:00+01:00;12;25.91518162
1900-06-08 12:00:00+01:00;14;24.39922412
1900-06-08 13:00:00+01:00;16.9;24.27532348
1900-06-08 14:00:00+01:00;17.6;24.22946999
1900-06-08 15:00:00+01:00;18.5;23.5709247
1900-06-08 16:00:00+01:00;19.3;18.54579892
1900-06-08 17:00:00+01:00;19.2;12.09736475
1900-06-08 18:00:00+01:00;18.2;8.628749136
1900-06-08 19:00:00+01:00;17.1;8.103570803
1900-06-08 20:00:00+01:00;14.6;7.768932416
1900-06-08 21:00:00+01:00;13.7;7.910942877
1900-06-08 22:00:00+01:00;12.5;7.933841973
1900-06-08 23:00:00+01:00;11.8;7.99084909
1900-06-09 00:00:00+01:00;10;7.275364869
1900-06-09 01:00:00+01:00;9.6;7.160199119
1900-06-09 02:00:00+01:00;8.3;7.908125809
1900-06-09 03:00:00+01:00;8.9;7.772961672
1900-06-09 04:00:00+01:00;9;7.997197123
1900-06-09 05:00:00+01:00;10.6;7.658183183
1900-06-09 06:00:00+01:00;12;7.987402877
1900-06-09 07:00:00+01:00;12.8;8.312916639
1900-06-09 08:00:00+01:00;13.8;8.064587641
1900-06-09 09:00:00+01:00;16;7.397910149
1900-06-09 10:00:00+01:00;16.4;7.165041624
1900-06-09 11:00:00+01:00;17.7;6.970263492
1900-06-09 12:00:00+01:00;17.6;6.840482613
1900-06-09 13:00:00+01:00;15;6.774870984
1900-06-09 14:00:00+01:00;18.1;6.764800469
1900-06-09 15:00:00+01:00;13.2;6.791894937
1900-06-09 16:00:00+01:00;15.8;6.778377447
1900-06-09 17:00:00+01:00;13.2;6.632659726
1900-06-09 18:00:00+01:00;15.4;6.671357012
1900-06-09 19:00:00+01:00;13;6.702048687
1900-06-09 20:00:00+01:00;12.5;6.586650603
1900-06-09 21:00:00+01:00;10.4;7.429209032
1900-06-09 22:00:00+01:00;9.9;7.778460996
1900-06-09 23:00:00+01:00;6.8;9.435770996
1900-06-10 00:00:00+01:00;6.5;9.441531974
1900-06-10 01:00:00+01:00;8.5;8.606238613
1900-06-10 02:00:00+01:00;9.8;8.408392125
1900-06-10 03:00:00+01:00;8.6;8.672904104
1900-06-10 04:00:00+01:00;9.1;8.680776069
1900-06-10 05:00:00+01:00;10.9;8.519656788
1900-06-10 06:00:00+01:00;12.6;8.516159194
1900-06-10 07:00:00+01:00;12.8;9.022849825
1900-06-10 08:00:00+01:00;12.1;8.556705805
1900-06-10 09:00:00+01:00;14.2;7.397910149
1900-06-10 10:00:00+01:00;13.6;7.165041624
1900-06-10 11:00:00+01:00;16.8;6.970263492
1900-06-10 12:00:00+01:00;15;6.840482613
1900-06-10 13:00:00+01:00;16.1;6.774870984
1900-06-10 14:00:00+01:00;19.9;6.764800469
1900-06-10 15:00:00+01:00;17.7;6.791894937
1900-06-10 16:00:00+01:00;18.4;6.778377447
1900-06-10 17:00:00+01:00;17;6.632659726
1900-06-10 18:00:00+01:00;15.2;6.671357012
1900-06-10 19:00:00+01:00;12.5;6.591388772
1900-06-10 20:00:00+01:00;12.3;6.8547169
1900-06-10 21:00:00+01:00;12;7.099857889
1900-06-10 22:00:00+01:00;11.8;7.230377725
1900-06-10 23:00:00+01:00;11.4;7.748275453
1900-06-11 00:00:00+01:00;11.3;7.878274531
1900-06-11 01:00:00+01:00;11.1;8.025851489
1900-06-11 02:00:00+01:00;10.8;7.763080317
1900-06-11 03:00:00+01:00;11;8.011814723
1900-06-11 04:00:00+01:00;11.6;8.341265859
1900-06-11 05:00:00+01:00;12.2;9.153739715
1900-06-11 06:00:00+01:00;13.2;11.44583589
1900-06-11 07:00:00+01:00;15.1;19.03602395
1900-06-11 08:00:00+01:00;17.2;24.64816891
1900-06-11 09:00:00+01:00;18.6;25.60479038
1900-06-11 10:00:00+01:00;18.9;25.53854907
1900-06-11 11:00:00+01:00;20;25.7893142
1900-06-11 12:00:00+01:00;18.4;25.47768555
1900-06-11 13:00:00+01:00;20;24.27532348
1900-06-11 14:00:00+01:00;20.2;24.22946999
1900-06-11 15:00:00+01:00;19.1;23.5709247
1900-06-11 16:00:00+01:00;15.7;17.83163746
1900-06-11 17:00:00+01:00;15.6;12.09736475
1900-06-11 18:00:00+01:00;14.7;8.628749136
1900-06-11 19:00:00+01:00;13.8;8.103570803
1900-06-11 20:00:00+01:00;10.8;7.108234992
1900-06-11 21:00:00+01:00;9.6;7.562373873
1900-06-11 22:00:00+01:00;7.8;7.637654507
1900-06-11 23:00:00+01:00;5.5;8.195309657
1900-06-12 00:00:00+01:00;4.5;8.532596559
1900-06-12 01:00:00+01:00;3.5;9.240348722
1900-06-12 02:00:00+01:00;5;9.378154108
1900-06-12 03:00:00+01:00;7.3;8.963412342
1900-06-12 04:00:00+01:00;7.4;9.379080884
1900-06-12 05:00:00+01:00;8.2;11.14013189
1900-06-12 06:00:00+01:00;10;14.70496837
1900-06-12 07:00:00+01:00;11.5;22.16679791
1900-06-12 08:00:00+01:00;14.3;27.64177763
1900-06-12 09:00:00+01:00;14;28.43096888
1900-06-12 10:00:00+01:00;16.4;25.53854907
1900-06-12 11:00:00+01:00;17.5;25.7893142
1900-06-12 12:00:00+01:00;18.3;25.47768555
1900-06-12 13:00:00+01:00;18.8;24.27532348
1900-06-12 14:00:00+01:00;17.8;24.22946999
1900-06-12 15:00:00+01:00;18.1;23.5709247
1900-06-12 16:00:00+01:00;20;18.54579892
1900-06-12 17:00:00+01:00;19.8;12.09736475
1900-06-12 18:00:00+01:00;18.4;8.628749136
1900-06-12 19:00:00+01:00;16;8.103570803
1900-06-12 20:00:00+01:00;15.8;7.768932416
1900-06-12 21:00:00+01:00;14.1;7.910942877
1900-06-12 22:00:00+01:00;11.7;7.637888876
1900-06-12 23:00:00+01:00;10.8;7.74938002
1900-06-13 00:00:00+01:00;10;7.581645636
1900-06-13 01:00:00+01:00;9.5;7.749840498
1900-06-13 02:00:00+01:00;8.4;8.182634465
1900-06-13 03:00:00+01:00;8.1;8.294601822
1900-06-13 04:00:00+01:00;9.8;8.126764775
1900-06-13 05:00:00+01:00;10.6;9.603693879
1900-06-13 06:00:00+01:00;13.5;11.44583589
1900-06-13 07:00:00+01:00;15;19.03602395
1900-06-13 08:00:00+01:00;16.2;24.64816891
1900-06-13 09:00:00+01:00;18.1;25.60479038
1900-06-13 10:00:00+01:00;17.4;25.53854907
1900-06-13 11:00:00+01:00;20.2;25.7893142
1900-06-13 12:00:00+01:00;20;25.47768555
1900-06-13 13:00:00+01:00;19.6;24.27532348
1900-06-13 14:00:00+01:00;21;24.22946999
1900-06-13 15:00:00+01:00;19.5;23.5709247
1900-06-13 16:00:00+01:00;19.7;18.54579892
1900-06-13 17:00:00+01:00;19;12.09736475
1900-06-13 18:00:00+01:00;19;8.628749136
1900-06-13 19:00:00+01:00;18.1;8.103570803
1900-06-13 20:00:00+01:00;15.9;7.768932416
1900-06-13 21:00:00+01:00;14.4;7.910942877
1900-06-13 22:00:00+01:00;13;7.933841973
1900-06-13 23:00:00+01:00;12;7.99084909
1900-06-14 00:00:00+01:00;12.4;7.878274531
1900-06-14 01:00:00+01:00;12.1;8.025851489
1900-06-14 02:00:00+01:00;11.7;8.077661808
1900-06-14 03:00:00+01:00;11.9;8.011814723
1900-06-14 04:00:00+01:00;11.6;8.341265859
1900-06-14 05:00:00+01:00;13;9.153739715
1900-06-14 06:00:00+01:00;12.6;10.74269762
1900-06-14 07:00:00+01:00;14.4;19.03602395
1900-06-14 08:00:00+01:00;16.2;24.64816891
1900-06-14 09:00:00+01:00;16.8;25.60479038
1900-06-14 10:00:00+01:00;18;25.53854907
1900-06-14 11:00:00+01:00;20.4;25.7893142
1900-06-14 12:00:00+01:00;20.7;25.47768555
1900-06-14 13:00:00+01:00;20.4;24.27532348
1900-06-14 14:00:00+01:00;21.8;24.22946999
1900-06-14 15:00:00+01:00;21.6;23.5709247
1900-06-14 16:00:00+01:00;24;18.54579892
1900-06-14 17:00:00+01:00;23.6;12.09736475
1900-06-14 18:00:00+01:00;23.7;8.628749136
1900-06-14 19:00:00+01:00;20.4;8.103570803
1900-06-14 20:00:00+01:00;18.7;7.768932416
1900-06-14 21:00:00+01:00;17.3;7.910942877
1900-06-14 22:00:00+01:00;16.4;7.933841973
1900-06-14 23:00:00+01:00;15.8;7.99084909
1900-06-15 00:00:00+01:00;15;7.878274531
1900-06-15 01:00:00+01:00;14.5;8.025851489
1900-06-15 02:00:00+01:00;13.3;8.077661808
1900-06-15 03:00:00+01:00;12.4;8.011814723
1900-06-15 04:00:00+01:00;12.5;8.341265859
1900-06-15 05:00:00+01:00;14.7;9.153739715
1900-06-15 06:00:00+01:00;14.3;11.44583589
1900-06-15 07:00:00+01:00;15.5;19.03602395
1900-06-15 08:00:00+01:00;18;24.64816891
1900-06-15 09:00:00+01:00;18.2;25.60479038
1900-06-15 10:00:00+01:00;20.3;25.53854907
1900-06-15 11:00:00+01:00;22.6;25.7893142
1900-06-15 12:00:00+01:00;22.5;25.47768555
1900-06-15 13:00:00+01:00;21.3;24.27532348
1900-06-15 14:00:00+01:00;23;24.22946999
1900-06-15 15:00:00+01:00;24.4;23.5709247
1900-06-15 16:00:00+01:00;25;18.54579892
1900-06-15 17:00:00+01:00;24.3;12.09736475
1900-06-15 18:00:00+01:00;23.4;8.628749136
1900-06-15 19:00:00+01:00;22.8;8.103570803
1900-06-15 20:00:00+01:00;20.4;7.768932416
1900-06-15 21:00:00+01:00;17.5;7.910942877
1900-06-15 22:00:00+01:00;16;7.933841973
1900-06-15 23:00:00+01:00;11.5;7.99084909
1900-06-16 00:00:00+01:00;10.4;6.136172198
1900-06-16 01:00:00+01:00;9.3;6.059420962
1900-06-16 02:00:00+01:00;7.7;6.359968413
1900-06-16 03:00:00+01:00;9.4;6.004581564
1900-06-16 04:00:00+01:00;10.4;5.94850597
1900-06-16 05:00:00+01:00;14;7.324002212
1900-06-16 06:00:00+01:00;17.2;7.586353514
1900-06-16 07:00:00+01:00;21.6;8.876801461
1900-06-16 08:00:00+01:00;23;8.064587641
1900-06-16 09:00:00+01:00;23.8;7.397910149
1900-06-16 10:00:00+01:00;25.5;7.165041624
1900-06-16 11:00:00+01:00;26.4;6.970263492
1900-06-16 12:00:00+01:00;26.7;6.840482613
1900-06-16 13:00:00+01:00;27.6;6.774870984
1900-06-16 14:00:00+01:00;28.3;6.764800469
1900-06-16 15:00:00+01:00;29.7;6.791894937
1900-06-16 16:00:00+01:00;27.5;6.778377447
1900-06-16 17:00:00+01:00;30.3;6.632659726
1900-06-16 18:00:00+01:00;29.3;6.671357012
1900-06-16 19:00:00+01:00;27;6.702048687
1900-06-16 20:00:00+01:00;21.6;6.763284065
1900-06-16 21:00:00+01:00;19.5;6.913619339
1900-06-16 22:00:00+01:00;18.4;7.079109972
1900-06-16 23:00:00+01:00;17.6;7.658970163
1900-06-17 00:00:00+01:00;16.5;7.671980488
1900-06-17 01:00:00+01:00;15.8;7.448531989
1900-06-17 02:00:00+01:00;14.8;7.412753506
1900-06-17 03:00:00+01:00;13;7.390119585
1900-06-17 04:00:00+01:00;12.2;7.294583216
1900-06-17 05:00:00+01:00;11.1;5.945558289
1900-06-17 06:00:00+01:00;13.4;7.586353514
1900-06-17 07:00:00+01:00;12;6.17556014
1900-06-17 08:00:00+01:00;14;8.064587641
1900-06-17 09:00:00+01:00;15.2;7.397910149
1900-06-17 10:00:00+01:00;15.4;7.165041624
1900-06-17 11:00:00+01:00;17;6.970263492
1900-06-17 12:00:00+01:00;18.8;6.840482613
1900-06-17 13:00:00+01:00;19.9;6.774870984
1900-06-17 14:00:00+01:00;21.2;6.764800469
1900-06-17 15:00:00+01:00;21.4;6.791894937
1900-06-17 16:00:00+01:00;22.4;6.778377447
1900-06-17 17:00:00+01:00;22.1;6.632659726
1900-06-17 18:00:00+01:00;21;6.671357012
1900-06-17 19:00:00+01:00;19.5;6.702048687
1900-06-17 20:00:00+01:00;17.9;6.763284065
1900-06-17 21:00:00+01:00;16.9;6.913619339
1900-06-17 22:00:00+01:00;14.3;7.079109972
1900-06-17 23:00:00+01:00;13.7;7.658970163
1900-06-18 00:00:00+01:00;11.3;7.878274531
1900-06-18 01:00:00+01:00;12.4;8.025851489
1900-06-18 02:00:00+01:00;8.6;6.770102064
1900-06-18 03:00:00+01:00;7.5;7.231126491
1900-06-18 04:00:00+01:00;8.8;7.121988222
1900-06-18 05:00:00+01:00;11.8;8.187507711
1900-06-18 06:00:00+01:00;14.5;11.44583589
1900-06-18 07:00:00+01:00;17.9;19.03602395
1900-06-18 08:00:00+01:00;19.2;24.64816891
1900-06-18 09:00:00+01:00;21;25.60479038
1900-06-18 10:00:00+01:00;23.5;25.53854907
1900-06-18 11:00:00+01:00;25;25.7893142
1900-06-18 12:00:00+01:00;24.8;25.47768555
1900-06-18 13:00:00+01:00;25.3;24.27532348
1900-06-18 14:00:00+01:00;26.3;24.22946999
1900-06-18 15:00:00+01:00;26.3;23.5709247
1900-06-18 16:00:00+01:00;27.2;18.54579892
1900-06-18 17:00:00+01:00;26.1;12.09736475
1900-06-18 18:00:00+01:00;26.7;8.628749136
1900-06-18 19:00:00+01:00;23.6;8.103570803
1900-06-18 20:00:00+01:00;20.7;7.768932416
1900-06-18 21:00:00+01:00;18.6;7.910942877
1900-06-18 22:00:00+01:00;16.1;7.933841973
1900-06-18 23:00:00+01:00;14.2;7.99084909
1900-06-19 00:00:00+01:00;12.2;7.878274531
1900-06-19 01:00:00+01:00;12.1;8.025851489
1900-06-19 02:00:00+01:00;12.9;8.077661808
1900-06-19 03:00:00+01:00;12.8;8.011814723
1900-06-19 04:00:00+01:00;12.6;8.341265859
1900-06-19 05:00:00+01:00;12.5;9.153739715
1900-06-19 06:00:00+01:00;12.6;8.733947573
1900-06-19 07:00:00+01:00;12.4;14.89268045
1900-06-19 08:00:00+01:00;12.7;21.98778788
1900-06-19 09:00:00+01:00;13.9;22.91218587
1900-06-19 10:00:00+01:00;14.2;23.37006569
1900-06-19 11:00:00+01:00;13;24.4687704
1900-06-19 12:00:00+01:00;13.3;24.42485057
1900-06-19 13:00:00+01:00;13.5;24.27335061
1900-06-19 14:00:00+01:00;17;24.22946999
1900-06-19 15:00:00+01:00;16.7;23.5709247
1900-06-19 16:00:00+01:00;17.1;18.54579892
1900-06-19 17:00:00+01:00;16.6;12.09736475
1900-06-19 18:00:00+01:00;16.2;8.628749136
1900-06-19 19:00:00+01:00;14.5;8.103570803
1900-06-19 20:00:00+01:00;13.6;7.768932416
1900-06-19 21:00:00+01:00;13.4;7.910942877
1900-06-19 22:00:00+01:00;12.7;7.933841973
1900-06-19 23:00:00+01:00;12.8;7.99084909
1900-06-20 00:00:00+01:00;12;7.878274531
1900-06-20 01:00:00+01:00;11.4;8.025851489
1900-06-20 02:00:00+01:00;10;7.851375895
1900-06-20 03:00:00+01:00;10.1;8.045629166
1900-06-20 04:00:00+01:00;11;8.341265859
1900-06-20 05:00:00+01:00;13.1;9.153739715
1900-06-20 06:00:00+01:00;14.9;11.44583589
1900-06-20 07:00:00+01:00;16.5;19.03602395
1900-06-20 08:00:00+01:00;18.4;24.64816891
1900-06-20 09:00:00+01:00;19.1;25.60479038
1900-06-20 10:00:00+01:00;20.8;25.53854907
1900-06-20 11:00:00+01:00;22.2;25.7893142
1900-06-20 12:00:00+01:00;22.7;25.47768555
1900-06-20 13:00:00+01:00;24.4;24.27532348
1900-06-20 14:00:00+01:00;23.3;24.22946999
1900-06-20 15:00:00+01:00;22;23.5709247
1900-06-20 16:00:00+01:00;21.5;18.54579892
1900-06-20 17:00:00+01:00;19.7;12.09736475
1900-06-20 18:00:00+01:00;18.3;8.628749136
1900-06-20 19:00:00+01:00;17;8.103570803
1900-06-20 20:00:00+01:00;15;7.768932416
1900-06-20 21:00:00+01:00;13;7.910942877
1900-06-20 22:00:00+01:00;11.4;6.699572888
1900-06-20 23:00:00+01:00;11.2;7.99084909
1900-06-21 00:00:00+01:00;11.2;7.878274531
1900-06-21 01:00:00+01:00;11;8.025851489
1900-06-21 02:00:00+01:00;11;8.077661808
1900-06-21 03:00:00+01:00;10.5;6.053326137
1900-06-21 04:00:00+01:00;10.7;5.980554943
1900-06-21 05:00:00+01:00;10.7;7.206940287
1900-06-21 06:00:00+01:00;10.2;11.07195263
1900-06-21 07:00:00+01:00;11.2;18.12464793
1900-06-21 08:00:00+01:00;12.9;25.07492623
1900-06-21 09:00:00+01:00;16.8;25.60479038
1900-06-21 10:00:00+01:00;19;25.53854907
1900-06-21 11:00:00+01:00;19.4;25.7893142
1900-06-21 12:00:00+01:00;19.2;25.47768555
1900-06-21 13:00:00+01:00;21.7;24.27532348
1900-06-21 14:00:00+01:00;20.7;24.22946999
1900-06-21 15:00:00+01:00;19.5;23.5709247
1900-06-21 16:00:00+01:00;17.6;18.54579892
1900-06-21 17:00:00+01:00;18.4;12.09736475
1900-06-21 18:00:00+01:00;17.1;8.628749136
1900-06-21 19:00:00+01:00;16.4;8.103570803
1900-06-21 20:00:00+01:00;15.3;7.768932416
1900-06-21 21:00:00+01:00;14.1;7.910942877
1900-06-21 22:00:00+01:00;13.9;7.933841973
1900-06-21 23:00:00+01:00;13;7.99084909
1900-06-22 00:00:00+01:00;12.2;7.878274531
1900-06-22 01:00:00+01:00;11.6;8.025851489
1900-06-22 02:00:00+01:00;11.5;8.077661808
1900-06-22 03:00:00+01:00;12.3;8.011814723
1900-06-22 04:00:00+01:00;13.4;8.341265859
1900-06-22 05:00:00+01:00;14;9.153739715
1900-06-22 06:00:00+01:00;14.5;11.44583589
1900-06-22 07:00:00+01:00;17.5;19.03602395
1900-06-22 08:00:00+01:00;17.7;24.64816891
1900-06-22 09:00:00+01:00;18.5;25.60479038
1900-06-22 10:00:00+01:00;19.9;25.53854907
1900-06-22 11:00:00+01:00;19.5;25.7893142
1900-06-22 12:00:00+01:00;21.6;25.47768555
1900-06-22 13:00:00+01:00;21;24.27532348
1900-06-22 14:00:00+01:00;21.2;24.22946999
1900-06-22 15:00:00+01:00;21;23.5709247
1900-06-22 16:00:00+01:00;18.8;18.54579892
1900-06-22 17:00:00+01:00;15.1;12.09736475
1900-06-22 18:00:00+01:00;17.9;8.628749136
1900-06-22 19:00:00+01:00;18;8.103570803
1900-06-22 20:00:00+01:00;17.4;7.768932416
1900-06-22 21:00:00+01:00;17;7.910942877
1900-06-22 22:00:00+01:00;15.8;7.933841973
1900-06-22 23:00:00+01:00;16.7;7.99084909
1900-06-23 00:00:00+01:00;15.5;7.671980488
1900-06-23 01:00:00+01:00;14.7;7.448531989
1900-06-23 02:00:00+01:00;12.4;7.412753506
1900-06-23 03:00:00+01:00;14.4;7.390119585
1900-06-23 04:00:00+01:00;15;7.294583216
1900-06-23 05:00:00+01:00;15.6;7.324002212
1900-06-23 06:00:00+01:00;16.6;7.586353514
1900-06-23 07:00:00+01:00;15.2;8.876801461
1900-06-23 08:00:00+01:00;16.3;8.064587641
1900-06-23 09:00:00+01:00;16.3;7.397910149
1900-06-23 10:00:00+01:00;17.5;7.165041624
1900-06-23 11:00:00+01:00;17;6.970263492
1900-06-23 12:00:00+01:00;16.2;6.840482613
1900-06-23 13:00:00+01:00;18.3;6.774870984
1900-06-23 14:00:00+01:00;14.6;6.764800469
1900-06-23 15:00:00+01:00;15.4;6.791894937
1900-06-23 16:00:00+01:00;14.5;6.778377447
1900-06-23 17:00:00+01:00;15.2;6.632659726
1900-06-23 18:00:00+01:00;15;6.671357012
1900-06-23 19:00:00+01:00;14.5;6.702048687
1900-06-23 20:00:00+01:00;14.4;6.763284065
1900-06-23 21:00:00+01:00;14.2;6.913619339
1900-06-23 22:00:00+01:00;13.6;7.079109972
1900-06-23 23:00:00+01:00;12.4;7.658970163
1900-06-24 00:00:00+01:00;12;7.671980488
1900-06-24 01:00:00+01:00;11.7;6.613650239
1900-06-24 02:00:00+01:00;13.5;7.412753506
1900-06-24 03:00:00+01:00;13.6;7.390119585
1900-06-24 04:00:00+01:00;12.7;7.294583216
1900-06-24 05:00:00+01:00;12.5;7.324002212
1900-06-24 06:00:00+01:00;12.3;7.452564675
1900-06-24 07:00:00+01:00;9;9.404479292
1900-06-24 08:00:00+01:00;9.8;8.783101593
1900-06-24 09:00:00+01:00;9.7;8.326016293
1900-06-24 10:00:00+01:00;11.5;7.286829337
1900-06-24 11:00:00+01:00;11.4;7.208706891
1900-06-24 12:00:00+01:00;13.1;5.972711018
1900-06-24 13:00:00+01:00;15.4;6.774870984
1900-06-24 14:00:00+01:00;16.4;6.764800469
1900-06-24 15:00:00+01:00;11.7;6.868272296
1900-06-24 16:00:00+01:00;14.9;6.778377447
1900-06-24 17:00:00+01:00;14;6.632659726
1900-06-24 18:00:00+01:00;14.7;6.671357012
1900-06-24 19:00:00+01:00;12.4;6.63123237
1900-06-24 20:00:00+01:00;11.5;7.165052482
1900-06-24 21:00:00+01:00;11.3;7.357997602
1900-06-24 22:00:00+01:00;10.4;7.929830354
1900-06-24 23:00:00+01:00;10.3;8.517898611
1900-06-25 00:00:00+01:00;10.2;8.275147408
1900-06-25 01:00:00+01:00;9.2;8.766139269
1900-06-25 02:00:00+01:00;9.4;9.18318917
1900-06-25 03:00:00+01:00;8.9;9.52319616
1900-06-25 04:00:00+01:00;9.2;10.09741894
1900-06-25 05:00:00+01:00;10;12.32193808
1900-06-25 06:00:00+01:00;10.4;15.94321448
1900-06-25 07:00:00+01:00;10.5;23.90149657
1900-06-25 08:00:00+01:00;13;29.2235673
1900-06-25 09:00:00+01:00;13.8;28.99875148
1900-06-25 10:00:00+01:00;14.4;27.8848917
1900-06-25 11:00:00+01:00;16.4;25.7893142
1900-06-25 12:00:00+01:00;17.2;25.47768555
1900-06-25 13:00:00+01:00;16.5;24.27532348
1900-06-25 14:00:00+01:00;17.4;24.22946999
1900-06-25 15:00:00+01:00;17.2;23.5709247
1900-06-25 16:00:00+01:00;17.4;18.54579892
1900-06-25 17:00:00+01:00;16.7;12.09736475
1900-06-25 18:00:00+01:00;15.7;8.628749136
1900-06-25 19:00:00+01:00;15.5;8.103570803
1900-06-25 20:00:00+01:00;14.2;7.768932416
1900-06-25 21:00:00+01:00;12.7;7.910942877
1900-06-25 22:00:00+01:00;12.3;7.933841973
1900-06-25 23:00:00+01:00;10.5;7.831278184
1900-06-26 00:00:00+01:00;8.3;8.072820954
1900-06-26 01:00:00+01:00;7.2;8.640128886
1900-06-26 02:00:00+01:00;5.8;9.464019842
1900-06-26 03:00:00+01:00;6.3;9.494682415
1900-06-26 04:00:00+01:00;8;9.462171821
1900-06-26 05:00:00+01:00;8.8;11.23040588
1900-06-26 06:00:00+01:00;11.2;14.35921955
1900-06-26 07:00:00+01:00;13.4;19.03602395
1900-06-26 08:00:00+01:00;16;24.64816891
1900-06-26 09:00:00+01:00;18;25.60479038
1900-06-26 10:00:00+01:00;17.7;25.53854907
1900-06-26 11:00:00+01:00;19;25.7893142
1900-06-26 12:00:00+01:00;18.6;25.47768555
1900-06-26 13:00:00+01:00;20.3;24.27532348
1900-06-26 14:00:00+01:00;19.3;24.22946999
1900-06-26 15:00:00+01:00;19.3;23.5709247
1900-06-26 16:00:00+01:00;19.1;18.54579892
1900-06-26 17:00:00+01:00;18.3;12.09736475
1900-06-26 18:00:00+01:00;18;8.628749136
1900-06-26 19:00:00+01:00;14.8;8.103570803
1900-06-26 20:00:00+01:00;13.8;7.768932416
1900-06-26 21:00:00+01:00;13.4;7.910942877
1900-06-26 22:00:00+01:00;11.6;7.170430773
1900-06-26 23:00:00+01:00;10.2;7.496762975
1900-06-27 00:00:00+01:00;10.1;7.233882351
1900-06-27 01:00:00+01:00;9.5;7.513860497
1900-06-27 02:00:00+01:00;8;8.053607859
1900-06-27 03:00:00+01:00;8.7;7.85504569
1900-06-27 04:00:00+01:00;9.7;7.847218296
1900-06-27 05:00:00+01:00;10.6;9.230064403
1900-06-27 06:00:00+01:00;13.3;11.44583589
1900-06-27 07:00:00+01:00;14.9;19.03602395
1900-06-27 08:00:00+01:00;16.6;24.64816891
1900-06-27 09:00:00+01:00;19;25.60479038
1900-06-27 10:00:00+01:00;20.2;25.53854907
1900-06-27 11:00:00+01:00;21.9;25.7893142
1900-06-27 12:00:00+01:00;22.3;25.47768555
1900-06-27 13:00:00+01:00;21.7;24.27532348
1900-06-27 14:00:00+01:00;20.5;24.22946999
1900-06-27 15:00:00+01:00;20.4;23.5709247
1900-06-27 16:00:00+01:00;23.2;18.54579892
1900-06-27 17:00:00+01:00;22;12.09736475
1900-06-27 18:00:00+01:00;22.3;8.628749136
1900-06-27 19:00:00+01:00;20.2;8.103570803
1900-06-27 20:00:00+01:00;18.6;7.768932416
1900-06-27 21:00:00+01:00;16.6;7.910942877
1900-06-27 22:00:00+01:00;14.8;7.933841973
1900-06-27 23:00:00+01:00;11.6;7.99084909
1900-06-28 00:00:00+01:00;9.9;6.412086701
1900-06-28 01:00:00+01:00;9.3;6.518602016
1900-06-28 02:00:00+01:00;7;6.894317823
1900-06-28 03:00:00+01:00;7;6.965874267
1900-06-28 04:00:00+01:00;10;6.289821786
1900-06-28 05:00:00+01:00;12.7;9.153739715
1900-06-28 06:00:00+01:00;15.9;11.44583589
1900-06-28 07:00:00+01:00;17.4;19.03602395
1900-06-28 08:00:00+01:00;19;24.64816891
1900-06-28 09:00:00+01:00;20.5;25.60479038
1900-06-28 10:00:00+01:00;22.9;25.53854907
1900-06-28 11:00:00+01:00;24.3;25.7893142
1900-06-28 12:00:00+01:00;24;25.47768555
1900-06-28 13:00:00+01:00;23.1;24.27532348
1900-06-28 14:00:00+01:00;24.6;24.22946999
1900-06-28 15:00:00+01:00;24.6;23.5709247
1900-06-28 16:00:00+01:00;23.9;18.54579892
1900-06-28 17:00:00+01:00;22.9;12.09736475
1900-06-28 18:00:00+01:00;23.5;8.628749136
1900-06-28 19:00:00+01:00;20.1;8.103570803
1900-06-28 20:00:00+01:00;17.8;7.768932416
1900-06-28 21:00:00+01:00;16;7.910942877
1900-06-28 22:00:00+01:00;13.8;7.933841973
1900-06-28 23:00:00+01:00;13.8;7.99084909
1900-06-29 00:00:00+01:00;13.7;7.878274531
1900-06-29 01:00:00+01:00;13.2;8.025851489
1900-06-29 02:00:00+01:00;12.8;8.077661808
1900-06-29 03:00:00+01:00;13.4;8.011814723
1900-06-29 04:00:00+01:00;13.7;8.341265859
1900-06-29 05:00:00+01:00;14.2;9.153739715
1900-06-29 06:00:00+01:00;14.6;11.44583589
1900-06-29 07:00:00+01:00;16.2;19.03602395
1900-06-29 08:00:00+01:00;16.2;24.64816891
1900-06-29 09:00:00+01:00;16.2;25.60479038
1900-06-29 10:00:00+01:00;14.7;23.37006569
1900-06-29 11:00:00+01:00;14.7;24.10593952
1900-06-29 12:00:00+01:00;16;25.47768555
1900-06-29 13:00:00+01:00;16.3;24.27532348
1900-06-29 14:00:00+01:00;16;24.22946999
1900-06-29 15:00:00+01:00;16.6;23.5709247
1900-06-29 16:00:00+01:00;16.5;18.54579892
1900-06-29 17:00:00+01:00;15.7;12.09736475
1900-06-29 18:00:00+01:00;15.2;8.628749136
1900-06-29 19:00:00+01:00;15;8.103570803
1900-06-29 20:00:00+01:00;15.1;7.768932416
1900-06-29 21:00:00+01:00;14.6;7.910942877
1900-06-29 22:00:00+01:00;14.6;7.933841973
1900-06-29 23:00:00+01:00;14.3;7.99084909
1900-06-30 00:00:00+01:00;14;7.671980488
1900-06-30 01:00:00+01:00;13.6;7.448531989
1900-06-30 02:00:00+01:00;12.9;7.412753506
1900-06-30 03:00:00+01:00;13.6;7.390119585
1900-06-30 04:00:00+01:00;13.1;7.294583216
1900-06-30 05:00:00+01:00;13;7.324002212
1900-06-30 06:00:00+01:00;13.9;7.586353514
1900-06-30 07:00:00+01:00;15;8.876801461
1900-06-30 08:00:00+01:00;16.3;8.064587641
1900-06-30 09:00:00+01:00;17.8;7.397910149
1900-06-30 10:00:00+01:00;18.5;7.165041624
1900-06-30 11:00:00+01:00;18.2;6.970263492
1900-06-30 12:00:00+01:00;19;6.840482613
1900-06-30 13:00:00+01:00;17.3;6.774870984
1900-06-30 14:00:00+01:00;17;6.764800469
1900-06-30 15:00:00+01:00;15.5;6.791894937
1900-06-30 16:00:00+01:00;15.4;6.778377447
1900-06-30 17:00:00+01:00;15.7;6.632659726
1900-06-30 18:00:00+01:00;15.2;6.671357012
1900-06-30 19:00:00+01:00;15.6;6.702048687
1900-06-30 20:00:00+01:00;15.6;6.763284065
1900-06-30 21:00:00+01:00;14.2;6.913619339
1900-06-30 22:00:00+01:00;14.5;7.079109972
1900-06-30 23:00:00+01:00;14.3;7.658970163
1900-07-01 00:00:00+01:00;14.4;7.671980488
1900-07-01 01:00:00+01:00;14.3;7.448531989
1900-07-01 02:00:00+01:00;13.9;7.412753506
1900-07-01 03:00:00+01:00;13.7;7.390119585
1900-07-01 04:00:00+01:00;14.3;7.294583216
1900-07-01 05:00:00+01:00;14.8;7.324002212
1900-07-01 06:00:00+01:00;15.2;7.586353514
1900-07-01 07:00:00+01:00;15.5;8.876801461
1900-07-01 08:00:00+01:00;16.7;8.064587641
1900-07-01 09:00:00+01:00;18.3;7.397910149
1900-07-01 10:00:00+01:00;21.7;7.165041624
1900-07-01 11:00:00+01:00;23.4;6.970263492
1900-07-01 12:00:00+01:00;24.4;6.840482613
1900-07-01 13:00:00+01:00;24.9;6.774870984
1900-07-01 14:00:00+01:00;24.4;6.764800469
1900-07-01 15:00:00+01:00;24.6;6.791894937
1900-07-01 16:00:00+01:00;24.3;6.778377447
1900-07-01 17:00:00+01:00;24;6.632659726
1900-07-01 18:00:00+01:00;23.2;6.671357012
1900-07-01 19:00:00+01:00;22.4;6.702048687
1900-07-01 20:00:00+01:00;21;6.763284065
1900-07-01 21:00:00+01:00;19.4;6.913619339
1900-07-01 22:00:00+01:00;18.4;7.079109972
1900-07-01 23:00:00+01:00;18.3;7.658970163
1900-07-02 00:00:00+01:00;18.5;7.878274531
1900-07-02 01:00:00+01:00;18.4;8.025851489
1900-07-02 02:00:00+01:00;18.2;8.077661808
1900-07-02 03:00:00+01:00;18.2;8.011814723
1900-07-02 04:00:00+01:00;17.5;8.341265859
1900-07-02 05:00:00+01:00;17.2;9.153739715
1900-07-02 06:00:00+01:00;17;11.44583589
1900-07-02 07:00:00+01:00;17.4;19.03602395
1900-07-02 08:00:00+01:00;18;24.64816891
1900-07-02 09:00:00+01:00;18.3;25.60479038
1900-07-02 10:00:00+01:00;19.3;25.53854907
1900-07-02 11:00:00+01:00;20.6;25.7893142
1900-07-02 12:00:00+01:00;23.5;25.47768555
1900-07-02 13:00:00+01:00;25.9;24.27532348
1900-07-02 14:00:00+01:00;27.4;24.22946999
1900-07-02 15:00:00+01:00;27.6;23.5709247
1900-07-02 16:00:00+01:00;28.4;18.54579892
1900-07-02 17:00:00+01:00;28.1;12.09736475
1900-07-02 18:00:00+01:00;27.1;8.628749136
1900-07-02 19:00:00+01:00;26.6;8.103570803
1900-07-02 20:00:00+01:00;25.2;7.768932416
1900-07-02 21:00:00+01:00;23;7.910942877
1900-07-02 22:00:00+01:00;21.7;7.933841973
1900-07-02 23:00:00+01:00;20.5;7.99084909
1900-07-03 00:00:00+01:00;19.2;7.878274531
1900-07-03 01:00:00+01:00;18.6;8.025851489
1900-07-03 02:00:00+01:00;17.9;8.077661808
1900-07-03 03:00:00+01:00;17.8;8.011814723
1900-07-03 04:00:00+01:00;18;8.341265859
1900-07-03 05:00:00+01:00;18.7;9.153739715
1900-07-03 06:00:00+01:00;21.1;11.44583589
1900-07-03 07:00:00+01:00;24;19.03602395
1900-07-03 08:00:00+01:00;26.1;24.64816891
1900-07-03 09:00:00+01:00;26.9;25.60479038
1900-07-03 10:00:00+01:00;27;25.53854907
1900-07-03 11:00:00+01:00;27.5;25.7893142
1900-07-03 12:00:00+01:00;29;25.47768555
1900-07-03 13:00:00+01:00;28.6;24.27532348
1900-07-03 14:00:00+01:00;28.7;24.22946999
1900-07-03 15:00:00+01:00;29.8;23.5709247
1900-07-03 16:00:00+01:00;29.5;18.54579892
1900-07-03 17:00:00+01:00;28;12.09736475
1900-07-03 18:00:00+01:00;27;8.628749136
1900-07-03 19:00:00+01:00;25.3;8.103570803
1900-07-03 20:00:00+01:00;23.1;7.768932416
1900-07-03 21:00:00+01:00;21.6;7.910942877
1900-07-03 22:00:00+01:00;20.1;7.933841973
1900-07-03 23:00:00+01:00;19.5;7.99084909
1900-07-04 00:00:00+01:00;19.1;7.878274531
1900-07-04 01:00:00+01:00;18.8;8.025851489
1900-07-04 02:00:00+01:00;18.8;8.077661808
1900-07-04 03:00:00+01:00;18.1;8.011814723
1900-07-04 04:00:00+01:00;16.4;8.341265859
1900-07-04 05:00:00+01:00;16;9.153739715
1900-07-04 06:00:00+01:00;16.3;11.44583589
1900-07-04 07:00:00+01:00;17.4;19.03602395
1900-07-04 08:00:00+01:00;18.4;24.64816891
1900-07-04 09:00:00+01:00;19.7;25.60479038
1900-07-04 10:00:00+01:00;20.8;25.53854907
1900-07-04 11:00:00+01:00;19.6;25.7893142
1900-07-04 12:00:00+01:00;19.6;25.47768555
1900-07-04 13:00:00+01:00;20;24.27532348
1900-07-04 14:00:00+01:00;20.3;24.22946999
1900-07-04 15:00:00+01:00;19.7;23.5709247
1900-07-04 16:00:00+01:00;19.8;18.54579892
1900-07-04 17:00:00+01:00;20.4;12.09736475
1900-07-04 18:00:00+01:00;19.7;8.628749136
1900-07-04 19:00:00+01:00;18.5;8.103570803
1900-07-04 20:00:00+01:00;17.6;7.768932416
1900-07-04 21:00:00+01:00;16.5;7.910942877
1900-07-04 22:00:00+01:00;15.7;7.933841973
1900-07-04 23:00:00+01:00;15.3;7.99084909
1900-07-05 00:00:00+01:00;14.9;7.878274531
1900-07-05 01:00:00+01:00;14.8;8.025851489
1900-07-05 02:00:00+01:00;14.2;8.077661808
1900-07-05 03:00:00+01:00;13.7;8.011814723
1900-07-05 04:00:00+01:00;13.5;8.341265859
1900-07-05 05:00:00+01:00;13.2;9.153739715
1900-07-05 06:00:00+01:00;14.6;11.44583589
1900-07-05 07:00:00+01:00;15.6;19.03602395
1900-07-05 08:00:00+01:00;16.5;24.64816891
1900-07-05 09:00:00+01:00;17.7;25.60479038
1900-07-05 10:00:00+01:00;17.8;25.53854907
1900-07-05 11:00:00+01:00;17.4;25.7893142
1900-07-05 12:00:00+01:00;17.7;25.47768555
1900-07-05 13:00:00+01:00;17.9;24.27532348
1900-07-05 14:00:00+01:00;18.6;24.22946999
1900-07-05 15:00:00+01:00;19.8;23.5709247
1900-07-05 16:00:00+01:00;19.1;18.54579892
1900-07-05 17:00:00+01:00;18.7;12.09736475
1900-07-05 18:00:00+01:00;17.9;8.628749136
1900-07-05 19:00:00+01:00;17.5;8.103570803
1900-07-05 20:00:00+01:00;16.8;7.768932416
1900-07-05 21:00:00+01:00;16.1;7.910942877
1900-07-05 22:00:00+01:00;15;7.933841973
1900-07-05 23:00:00+01:00;13.8;7.99084909
1900-07-06 00:00:00+01:00;12.3;7.878274531
1900-07-06 01:00:00+01:00;11.6;8.025851489
1900-07-06 02:00:00+01:00;11;8.077661808
1900-07-06 03:00:00+01:00;10.4;6.430376016
1900-07-06 04:00:00+01:00;11.5;8.341265859
1900-07-06 05:00:00+01:00;12.4;9.153739715
1900-07-06 06:00:00+01:00;13.5;11.44583589
1900-07-06 07:00:00+01:00;15.2;19.03602395
1900-07-06 08:00:00+01:00;15.6;24.64816891
1900-07-06 09:00:00+01:00;16.8;25.60479038
1900-07-06 10:00:00+01:00;18;25.53854907
1900-07-06 11:00:00+01:00;20;25.7893142
1900-07-06 12:00:00+01:00;20.9;25.47768555
1900-07-06 13:00:00+01:00;21.5;24.27532348
1900-07-06 14:00:00+01:00;22;24.22946999
1900-07-06 15:00:00+01:00;22.5;23.5709247
1900-07-06 16:00:00+01:00;22.4;18.54579892
1900-07-06 17:00:00+01:00;21.6;12.09736475
1900-07-06 18:00:00+01:00;21.1;8.628749136
1900-07-06 19:00:00+01:00;20.1;8.103570803
1900-07-06 20:00:00+01:00;18.6;7.768932416
1900-07-06 21:00:00+01:00;17.7;7.910942877
1900-07-06 22:00:00+01:00;16.6;7.933841973
1900-07-06 23:00:00+01:00;15.6;7.99084909
1900-07-07 00:00:00+01:00;15.3;7.671980488
1900-07-07 01:00:00+01:00;15.2;7.448531989
1900-07-07 02:00:00+01:00;15.3;7.412753506
1900-07-07 03:00:00+01:00;15.1;7.390119585
1900-07-07 04:00:00+01:00;15.6;7.294583216
1900-07-07 05:00:00+01:00;17.3;7.324002212
1900-07-07 06:00:00+01:00;17.5;7.586353514
1900-07-07 07:00:00+01:00;17.2;8.876801461
1900-07-07 08:00:00+01:00;17.5;8.064587641
1900-07-07 09:00:00+01:00;17.4;7.397910149
1900-07-07 10:00:00+01:00;17.2;7.165041624
1900-07-07 11:00:00+01:00;17.8;6.970263492
1900-07-07 12:00:00+01:00;17.6;6.840482613
1900-07-07 13:00:00+01:00;18;6.774870984
1900-07-07 14:00:00+01:00;16.8;6.764800469
1900-07-07 15:00:00+01:00;17;6.791894937
1900-07-07 16:00:00+01:00;16.2;6.778377447
1900-07-07 17:00:00+01:00;15.7;6.632659726
1900-07-07 18:00:00+01:00;14.4;6.671357012
1900-07-07 19:00:00+01:00;14.2;6.702048687
1900-07-07 20:00:00+01:00;14.1;6.763284065
1900-07-07 21:00:00+01:00;13.6;6.913619339
1900-07-07 22:00:00+01:00;13.2;7.079109972
1900-07-07 23:00:00+01:00;13.3;7.658970163
1900-07-08 00:00:00+01:00;13.1;7.671980488
1900-07-08 01:00:00+01:00;13.1;7.448531989
1900-07-08 02:00:00+01:00;13.4;7.412753506
1900-07-08 03:00:00+01:00;13.3;7.390119585
1900-07-08 04:00:00+01:00;13.3;7.294583216
1900-07-08 05:00:00+01:00;13.5;7.324002212
1900-07-08 06:00:00+01:00;14;7.586353514
1900-07-08 07:00:00+01:00;14.3;8.876801461
1900-07-08 08:00:00+01:00;15;8.064587641
1900-07-08 09:00:00+01:00;15.9;7.397910149
1900-07-08 10:00:00+01:00;16.1;7.165041624
1900-07-08 11:00:00+01:00;15.5;6.970263492
1900-07-08 12:00:00+01:00;17;6.840482613
1900-07-08 13:00:00+01:00;17.1;6.774870984
1900-07-08 14:00:00+01:00;17.1;6.764800469
1900-07-08 15:00:00+01:00;16.9;6.791894937
1900-07-08 16:00:00+01:00;15.8;6.778377447
1900-07-08 17:00:00+01:00;15.3;6.632659726
1900-07-08 18:00:00+01:00;15.2;6.671357012
1900-07-08 19:00:00+01:00;15;6.702048687
1900-07-08 20:00:00+01:00;14.9;6.763284065
1900-07-08 21:00:00+01:00;14.6;6.913619339
1900-07-08 22:00:00+01:00;14.3;7.079109972
1900-07-08 23:00:00+01:00;14.5;7.658970163
1900-07-09 00:00:00+01:00;14.5;8.076980788
1900-07-09 01:00:00+01:00;14.4;7.932073689
1900-07-09 02:00:00+01:00;14;7.952627906
1900-07-09 03:00:00+01:00;14.1;7.919323085
1900-07-09 04:00:00+01:00;14.1;7.950012116
1900-07-09 05:00:00+01:00;14;7.746698012
1900-07-09 06:00:00+01:00;14.4;8.825262214
1900-07-09 07:00:00+01:00;11.4;11.46038367
1900-07-09 08:00:00+01:00;10.9;14.32752091
1900-07-09 09:00:00+01:00;10.7;14.48890945
1900-07-09 10:00:00+01:00;11;14.58051688
1900-07-09 11:00:00+01:00;11.7;14.27948536
1900-07-09 12:00:00+01:00;11.7;13.8799819
1900-07-09 13:00:00+01:00;11.6;14.35197419
1900-07-09 14:00:00+01:00;12;13.79200621
1900-07-09 15:00:00+01:00;12.4;12.88934794
1900-07-09 16:00:00+01:00;12.5;11.86192608
1900-07-09 17:00:00+01:00;14.6;10.01751733
1900-07-09 18:00:00+01:00;14.2;7.796075812
1900-07-09 19:00:00+01:00;13.9;7.399794787
1900-07-09 20:00:00+01:00;13.1;7.459782965
1900-07-09 21:00:00+01:00;12.7;7.358167831
1900-07-09 22:00:00+01:00;12.6;7.690875772
1900-07-09 23:00:00+01:00;12.6;8.291262963
1900-07-10 00:00:00+01:00;12.2;8.076980788
1900-07-10 01:00:00+01:00;12;7.932073689
1900-07-10 02:00:00+01:00;12.2;7.952627906
1900-07-10 03:00:00+01:00;12.1;7.919323085
1900-07-10 04:00:00+01:00;12.4;7.950012116
1900-07-10 05:00:00+01:00;12.7;7.746698012
1900-07-10 06:00:00+01:00;13;8.825262214
1900-07-10 07:00:00+01:00;13.4;12.24072566
1900-07-10 08:00:00+01:00;14.6;14.69412834
1900-07-10 09:00:00+01:00;14.8;14.62021245
1900-07-10 10:00:00+01:00;15.7;14.57890872
1900-07-10 11:00:00+01:00;16;14.64418709
1900-07-10 12:00:00+01:00;16.3;14.45862681
1900-07-10 13:00:00+01:00;16.3;14.32946818
1900-07-10 14:00:00+01:00;16.5;14.03893527
1900-07-10 15:00:00+01:00;16.8;13.48129444
1900-07-10 16:00:00+01:00;18.2;12.38623235
1900-07-10 17:00:00+01:00;17.6;10.01751733
1900-07-10 18:00:00+01:00;16.6;7.796075812
1900-07-10 19:00:00+01:00;15.4;7.399794787
1900-07-10 20:00:00+01:00;15.3;7.459782965
1900-07-10 21:00:00+01:00;14.8;7.518284439
1900-07-10 22:00:00+01:00;13.9;7.690875772
1900-07-10 23:00:00+01:00;12.4;8.291262963
1900-07-11 00:00:00+01:00;11.6;7.549663689
1900-07-11 01:00:00+01:00;11.2;7.396020217
1900-07-11 02:00:00+01:00;11.3;7.613189317
1900-07-11 03:00:00+01:00;11.1;7.638551592
1900-07-11 04:00:00+01:00;10.8;7.824259981
1900-07-11 05:00:00+01:00;11.5;7.464509566
1900-07-11 06:00:00+01:00;11.8;8.897996761
1900-07-11 07:00:00+01:00;13;12.24072566
1900-07-11 08:00:00+01:00;14.6;14.69412834
1900-07-11 09:00:00+01:00;17;14.62021245
1900-07-11 10:00:00+01:00;17.4;14.57890872
1900-07-11 11:00:00+01:00;18.9;14.64418709
1900-07-11 12:00:00+01:00;19.6;14.45862681
1900-07-11 13:00:00+01:00;18.1;14.32946818
1900-07-11 14:00:00+01:00;19.1;14.03893527
1900-07-11 15:00:00+01:00;18.2;13.48129444
1900-07-11 16:00:00+01:00;16.8;12.38623235
1900-07-11 17:00:00+01:00;16.4;10.01751733
1900-07-11 18:00:00+01:00;16;7.796075812
1900-07-11 19:00:00+01:00;16;7.399794787
1900-07-11 20:00:00+01:00;15.2;7.459782965
1900-07-11 21:00:00+01:00;15;7.518284439
1900-07-11 22:00:00+01:00;14.5;7.690875772
1900-07-11 23:00:00+01:00;14.2;8.291262963
1900-07-12 00:00:00+01:00;13.8;8.076980788
1900-07-12 01:00:00+01:00;13.6;7.932073689
1900-07-12 02:00:00+01:00;13;7.952627906
1900-07-12 03:00:00+01:00;12.5;7.919323085
1900-07-12 04:00:00+01:00;12.5;7.950012116
1900-07-12 05:00:00+01:00;12.4;7.746698012
1900-07-12 06:00:00+01:00;12.6;8.027312139
1900-07-12 07:00:00+01:00;14.3;12.24072566
1900-07-12 08:00:00+01:00;15.2;14.69412834
1900-07-12 09:00:00+01:00;15.8;14.62021245
1900-07-12 10:00:00+01:00;16.5;14.57890872
1900-07-12 11:00:00+01:00;17.2;14.64418709
1900-07-12 12:00:00+01:00;14.6;14.45862681
1900-07-12 13:00:00+01:00;12.2;13.68386008
1900-07-12 14:00:00+01:00;13.8;14.03893527
1900-07-12 15:00:00+01:00;15.6;13.48129444
1900-07-12 16:00:00+01:00;15.7;12.38623235
1900-07-12 17:00:00+01:00;15.4;10.01751733
1900-07-12 18:00:00+01:00;14.5;7.796075812
1900-07-12 19:00:00+01:00;14.2;7.399794787
1900-07-12 20:00:00+01:00;12.9;6.663631767
1900-07-12 21:00:00+01:00;12;7.068523258
1900-07-12 22:00:00+01:00;11;7.500420808
1900-07-12 23:00:00+01:00;9.9;8.51330945
1900-07-13 00:00:00+01:00;10.2;8.288068002
1900-07-13 01:00:00+01:00;10.2;8.126385901
1900-07-13 02:00:00+01:00;9.8;8.55937087
1900-07-13 03:00:00+01:00;8.6;8.889457619
1900-07-13 04:00:00+01:00;9.2;9.059224418
1900-07-13 05:00:00+01:00;11.2;8.562383557
1900-07-13 06:00:00+01:00;12.6;9.52228643
1900-07-13 07:00:00+01:00;12.8;12.19593177
1900-07-13 08:00:00+01:00;12.3;14.95187557
1900-07-13 09:00:00+01:00;13.5;14.62021245
1900-07-13 10:00:00+01:00;13.9;14.57890872
1900-07-13 11:00:00+01:00;14.4;14.64418709
1900-07-13 12:00:00+01:00;15;14.45862681
1900-07-13 13:00:00+01:00;16.2;14.32946818
1900-07-13 14:00:00+01:00;16.8;14.03893527
1900-07-13 15:00:00+01:00;17;13.48129444
1900-07-13 16:00:00+01:00;16.8;12.38623235
1900-07-13 17:00:00+01:00;17.2;10.01751733
1900-07-13 18:00:00+01:00;16.9;7.796075812
1900-07-13 19:00:00+01:00;15.5;7.399794787
1900-07-13 20:00:00+01:00;14.9;7.459782965
1900-07-13 21:00:00+01:00;14.4;7.518284439
1900-07-13 22:00:00+01:00;12.9;7.690875772
1900-07-13 23:00:00+01:00;11.8;8.048899546
1900-07-14 00:00:00+01:00;11.8;7.987950315
1900-07-14 01:00:00+01:00;10.5;8.006426304
1900-07-14 02:00:00+01:00;9.6;8.513295205
1900-07-14 03:00:00+01:00;8;8.893222223
1900-07-14 04:00:00+01:00;9.3;8.773431394
1900-07-14 05:00:00+01:00;10.6;8.341080343
1900-07-14 06:00:00+01:00;13;8.825262214
1900-07-14 07:00:00+01:00;14;12.24072566
1900-07-14 08:00:00+01:00;14.7;14.69412834
1900-07-14 09:00:00+01:00;15.8;14.62021245
1900-07-14 10:00:00+01:00;16.1;14.57890872
1900-07-14 11:00:00+01:00;17.1;14.64418709
1900-07-14 12:00:00+01:00;17.8;14.45862681
1900-07-14 13:00:00+01:00;19;14.32946818
1900-07-14 14:00:00+01:00;19.9;14.03893527
1900-07-14 15:00:00+01:00;20;13.48129444
1900-07-14 16:00:00+01:00;20.4;12.38623235
1900-07-14 17:00:00+01:00;20.5;10.01751733
1900-07-14 18:00:00+01:00;18.5;7.796075812
1900-07-14 19:00:00+01:00;17.5;7.399794787
1900-07-14 20:00:00+01:00;16.2;7.459782965
1900-07-14 21:00:00+01:00;15.5;7.518284439
1900-07-14 22:00:00+01:00;14.3;7.690875772
1900-07-14 23:00:00+01:00;13.4;8.291262963
1900-07-15 00:00:00+01:00;12.6;8.076980788
1900-07-15 01:00:00+01:00;12.3;7.932073689
1900-07-15 02:00:00+01:00;12;7.952627906
1900-07-15 03:00:00+01:00;12.1;7.919323085
1900-07-15 04:00:00+01:00;12.5;7.950012116
1900-07-15 05:00:00+01:00;12.8;7.746698012
1900-07-15 06:00:00+01:00;14.1;8.825262214
1900-07-15 07:00:00+01:00;15.8;12.24072566
1900-07-15 08:00:00+01:00;16.4;14.69412834
1900-07-15 09:00:00+01:00;18.8;14.62021245
1900-07-15 10:00:00+01:00;20.2;14.57890872
1900-07-15 11:00:00+01:00;21.4;14.64418709
1900-07-15 12:00:00+01:00;20.3;14.45862681
1900-07-15 13:00:00+01:00;22.1;14.32946818
1900-07-15 14:00:00+01:00;21.1;14.03893527
1900-07-15 15:00:00+01:00;21;13.48129444
1900-07-15 16:00:00+01:00;21.2;12.38623235
1900-07-15 17:00:00+01:00;21;10.01751733
1900-07-15 18:00:00+01:00;21;7.796075812
1900-07-15 19:00:00+01:00;20.3;7.399794787
1900-07-15 20:00:00+01:00;19.9;7.459782965
1900-07-15 21:00:00+01:00;19.3;7.518284439
1900-07-15 22:00:00+01:00;18.4;7.690875772
1900-07-15 23:00:00+01:00;17.4;8.291262963
1900-07-16 00:00:00+01:00;16.4;8.076980788
1900-07-16 01:00:00+01:00;15.4;7.932073689
1900-07-16 02:00:00+01:00;15.1;7.952627906
1900-07-16 03:00:00+01:00;15;7.919323085
1900-07-16 04:00:00+01:00;15.2;7.950012116
1900-07-16 05:00:00+01:00;15.4;7.746698012
1900-07-16 06:00:00+01:00;16.4;8.825262214
1900-07-16 07:00:00+01:00;17.6;12.24072566
1900-07-16 08:00:00+01:00;19;14.69412834
1900-07-16 09:00:00+01:00;18.6;14.62021245
1900-07-16 10:00:00+01:00;20.2;14.57890872
1900-07-16 11:00:00+01:00;20.7;14.64418709
1900-07-16 12:00:00+01:00;23;14.45862681
1900-07-16 13:00:00+01:00;22.9;14.32946818
1900-07-16 14:00:00+01:00;23.8;14.03893527
1900-07-16 15:00:00+01:00;23.5;13.48129444
1900-07-16 16:00:00+01:00;23;12.38623235
1900-07-16 17:00:00+01:00;23.1;10.01751733
1900-07-16 18:00:00+01:00;22.3;7.796075812
1900-07-16 19:00:00+01:00;22;7.399794787
1900-07-16 20:00:00+01:00;20.9;7.459782965
1900-07-16 21:00:00+01:00;18.7;7.518284439
1900-07-16 22:00:00+01:00;16.5;7.690875772
1900-07-16 23:00:00+01:00;15.9;8.291262963
1900-07-17 00:00:00+01:00;16;8.076980788
1900-07-17 01:00:00+01:00;15;7.932073689
1900-07-17 02:00:00+01:00;14.9;7.952627906
1900-07-17 03:00:00+01:00;14.2;7.919323085
1900-07-17 04:00:00+01:00;13.4;7.950012116
1900-07-17 05:00:00+01:00;14.5;7.746698012
1900-07-17 06:00:00+01:00;16.3;8.825262214
1900-07-17 07:00:00+01:00;18.3;12.24072566
1900-07-17 08:00:00+01:00;19.2;14.69412834
1900-07-17 09:00:00+01:00;19.9;14.62021245
1900-07-17 10:00:00+01:00;21;14.57890872
1900-07-17 11:00:00+01:00;22.2;14.64418709
1900-07-17 12:00:00+01:00;22.8;14.45862681
1900-07-17 13:00:00+01:00;24.1;14.32946818
1900-07-17 14:00:00+01:00;25;14.03893527
1900-07-17 15:00:00+01:00;23.7;13.48129444
1900-07-17 16:00:00+01:00;24.6;12.38623235
1900-07-17 17:00:00+01:00;22.8;10.01751733
1900-07-17 18:00:00+01:00;24.3;7.796075812
1900-07-17 19:00:00+01:00;23;7.399794787
1900-07-17 20:00:00+01:00;19.5;7.459782965
1900-07-17 21:00:00+01:00;18.1;7.518284439
1900-07-17 22:00:00+01:00;17.1;7.690875772
1900-07-17 23:00:00+01:00;16;8.291262963
1900-07-18 00:00:00+01:00;13.9;8.076980788
1900-07-18 01:00:00+01:00;12.8;7.932073689
1900-07-18 02:00:00+01:00;11.9;6.802075762
1900-07-18 03:00:00+01:00;11.5;6.816608719
1900-07-18 04:00:00+01:00;11.3;6.519910296
1900-07-18 05:00:00+01:00;12;7.746698012
1900-07-18 06:00:00+01:00;14.8;8.825262214
1900-07-18 07:00:00+01:00;16.3;12.24072566
1900-07-18 08:00:00+01:00;17.4;14.69412834
1900-07-18 09:00:00+01:00;19.4;14.62021245
1900-07-18 10:00:00+01:00;20.6;14.57890872
1900-07-18 11:00:00+01:00;23;14.64418709
1900-07-18 12:00:00+01:00;24.8;14.45862681
1900-07-18 13:00:00+01:00;25.6;14.32946818
1900-07-18 14:00:00+01:00;24;14.03893527
1900-07-18 15:00:00+01:00;25.4;13.48129444
1900-07-18 16:00:00+01:00;22.2;12.38623235
1900-07-18 17:00:00+01:00;21.9;10.01751733
1900-07-18 18:00:00+01:00;20.8;7.796075812
1900-07-18 19:00:00+01:00;18.4;7.399794787
1900-07-18 20:00:00+01:00;18;7.459782965
1900-07-18 21:00:00+01:00;17.7;7.518284439
1900-07-18 22:00:00+01:00;17;7.690875772
1900-07-18 23:00:00+01:00;16.2;8.291262963
1900-07-19 00:00:00+01:00;16.1;8.076980788
1900-07-19 01:00:00+01:00;15.5;7.932073689
1900-07-19 02:00:00+01:00;15;7.952627906
1900-07-19 03:00:00+01:00;15.5;7.919323085
1900-07-19 04:00:00+01:00;15.4;7.950012116
1900-07-19 05:00:00+01:00;15.3;7.746698012
1900-07-19 06:00:00+01:00;15.5;8.825262214
1900-07-19 07:00:00+01:00;15.1;12.24072566
1900-07-19 08:00:00+01:00;14;14.69412834
1900-07-19 09:00:00+01:00;14.2;14.62021245
1900-07-19 10:00:00+01:00;15.8;14.57890872
1900-07-19 11:00:00+01:00;16.4;14.64418709
1900-07-19 12:00:00+01:00;15.9;14.45862681
1900-07-19 13:00:00+01:00;17.8;14.32946818
1900-07-19 14:00:00+01:00;18.4;14.03893527
1900-07-19 15:00:00+01:00;19.2;13.48129444
1900-07-19 16:00:00+01:00;19;12.38623235
1900-07-19 17:00:00+01:00;18.4;10.01751733
1900-07-19 18:00:00+01:00;17.7;7.796075812
1900-07-19 19:00:00+01:00;16.6;7.399794787
1900-07-19 20:00:00+01:00;16.1;7.459782965
1900-07-19 21:00:00+01:00;14.8;7.518284439
1900-07-19 22:00:00+01:00;13.5;7.690875772
1900-07-19 23:00:00+01:00;13.2;8.291262963
1900-07-20 00:00:00+01:00;13;8.076980788
1900-07-20 01:00:00+01:00;13;7.932073689
1900-07-20 02:00:00+01:00;13.1;7.952627906
1900-07-20 03:00:00+01:00;13;7.919323085
1900-07-20 04:00:00+01:00;13;7.950012116
1900-07-20 05:00:00+01:00;13.4;7.746698012
1900-07-20 06:00:00+01:00;14;8.825262214
1900-07-20 07:00:00+01:00;13.7;12.24072566
1900-07-20 08:00:00+01:00;13.5;14.69412834
1900-07-20 09:00:00+01:00;13.8;14.62021245
1900-07-20 10:00:00+01:00;14.8;14.57890872
1900-07-20 11:00:00+01:00;16.1;14.64418709
1900-07-20 12:00:00+01:00;17.8;14.45862681
1900-07-20 13:00:00+01:00;19;14.32946818
1900-07-20 14:00:00+01:00;20.2;14.03893527
1900-07-20 15:00:00+01:00;15.5;13.48129444
1900-07-20 16:00:00+01:00;17.4;12.38623235
1900-07-20 17:00:00+01:00;19;10.01751733
1900-07-20 18:00:00+01:00;18.3;7.796075812
1900-07-20 19:00:00+01:00;18.2;7.399794787
1900-07-20 20:00:00+01:00;16.7;7.459782965
1900-07-20 21:00:00+01:00;15.3;7.518284439
1900-07-20 22:00:00+01:00;14.7;7.690875772
1900-07-20 23:00:00+01:00;14.3;8.291262963
1900-07-21 00:00:00+01:00;12.7;8.076980788
1900-07-21 01:00:00+01:00;13.3;7.932073689
1900-07-21 02:00:00+01:00;13.6;7.952627906
1900-07-21 03:00:00+01:00;13.9;7.919323085
1900-07-21 04:00:00+01:00;13.6;7.950012116
1900-07-21 05:00:00+01:00;13.8;7.746698012
1900-07-21 06:00:00+01:00;14.7;8.825262214
1900-07-21 07:00:00+01:00;15.4;12.24072566
1900-07-21 08:00:00+01:00;16.1;14.69412834
1900-07-21 09:00:00+01:00;18.6;14.62021245
1900-07-21 10:00:00+01:00;19.3;14.57890872
1900-07-21 11:00:00+01:00;19.5;14.64418709
1900-07-21 12:00:00+01:00;20.6;14.45862681
1900-07-21 13:00:00+01:00;21.8;14.32946818
1900-07-21 14:00:00+01:00;22.6;14.03893527
1900-07-21 15:00:00+01:00;24;13.48129444
1900-07-21 16:00:00+01:00;23.9;12.38623235
1900-07-21 17:00:00+01:00;22.4;10.01751733
1900-07-21 18:00:00+01:00;21;7.796075812
1900-07-21 19:00:00+01:00;20;7.399794787
1900-07-21 20:00:00+01:00;18.9;7.459782965
1900-07-21 21:00:00+01:00;18.1;7.518284439
1900-07-21 22:00:00+01:00;17.3;7.690875772
1900-07-21 23:00:00+01:00;15.6;8.291262963
1900-07-22 00:00:00+01:00;15;8.076980788
1900-07-22 01:00:00+01:00;14.6;7.932073689
1900-07-22 02:00:00+01:00;13.6;7.952627906
1900-07-22 03:00:00+01:00;12.9;7.919323085
1900-07-22 04:00:00+01:00;13.2;7.950012116
1900-07-22 05:00:00+01:00;13.5;7.746698012
1900-07-22 06:00:00+01:00;14.4;8.825262214
1900-07-22 07:00:00+01:00;16.2;12.24072566
1900-07-22 08:00:00+01:00;16;14.69412834
1900-07-22 09:00:00+01:00;16.2;14.62021245
1900-07-22 10:00:00+01:00;16.4;14.57890872
1900-07-22 11:00:00+01:00;15.8;14.64418709
1900-07-22 12:00:00+01:00;16.7;14.45862681
1900-07-22 13:00:00+01:00;17;14.32946818
1900-07-22 14:00:00+01:00;18.9;14.03893527
1900-07-22 15:00:00+01:00;19.6;13.48129444
1900-07-22 16:00:00+01:00;19;12.38623235
1900-07-22 17:00:00+01:00;17.9;10.01751733
1900-07-22 18:00:00+01:00;18;7.796075812
1900-07-22 19:00:00+01:00;18.5;7.399794787
1900-07-22 20:00:00+01:00;18;7.459782965
1900-07-22 21:00:00+01:00;15.6;7.518284439
1900-07-22 22:00:00+01:00;13.6;7.690875772
1900-07-22 23:00:00+01:00;12.5;8.291262963
1900-07-23 00:00:00+01:00;12;8.076980788
1900-07-23 01:00:00+01:00;11.8;6.850719472
1900-07-23 02:00:00+01:00;10.5;7.216619357
1900-07-23 03:00:00+01:00;10;7.304486376
1900-07-23 04:00:00+01:00;9;7.949831346
1900-07-23 05:00:00+01:00;10;7.279608881
1900-07-23 06:00:00+01:00;12.3;8.365579326
1900-07-23 07:00:00+01:00;14.1;12.24072566
1900-07-23 08:00:00+01:00;15.6;14.69412834
1900-07-23 09:00:00+01:00;17.1;14.62021245
1900-07-23 10:00:00+01:00;18.5;14.57890872
1900-07-23 11:00:00+01:00;20.5;14.64418709
1900-07-23 12:00:00+01:00;21.5;14.45862681
1900-07-23 13:00:00+01:00;22;14.32946818
1900-07-23 14:00:00+01:00;22.9;14.03893527
1900-07-23 15:00:00+01:00;23.3;13.48129444
1900-07-23 16:00:00+01:00;23.6;12.38623235
1900-07-23 17:00:00+01:00;23.4;10.01751733
1900-07-23 18:00:00+01:00;22.7;7.796075812
1900-07-23 19:00:00+01:00;20.8;7.399794787
1900-07-23 20:00:00+01:00;19.2;7.459782965
1900-07-23 21:00:00+01:00;17.1;7.518284439
1900-07-23 22:00:00+01:00;16;7.690875772
1900-07-23 23:00:00+01:00;15.5;8.291262963
1900-07-24 00:00:00+01:00;15.2;8.076980788
1900-07-24 01:00:00+01:00;14;7.932073689
1900-07-24 02:00:00+01:00;12.8;7.952627906
1900-07-24 03:00:00+01:00;12.9;7.919323085
1900-07-24 04:00:00+01:00;13;7.950012116
1900-07-24 05:00:00+01:00;13;7.746698012
1900-07-24 06:00:00+01:00;15;8.825262214
1900-07-24 07:00:00+01:00;16.6;12.24072566
1900-07-24 08:00:00+01:00;19;14.69412834
1900-07-24 09:00:00+01:00;19;14.62021245
1900-07-24 10:00:00+01:00;21.3;14.57890872
1900-07-24 11:00:00+01:00;22;14.64418709
1900-07-24 12:00:00+01:00;22.4;14.45862681
1900-07-24 13:00:00+01:00;22.2;14.32946818
1900-07-24 14:00:00+01:00;22.6;14.03893527
1900-07-24 15:00:00+01:00;22.1;13.48129444
1900-07-24 16:00:00+01:00;21.3;12.38623235
1900-07-24 17:00:00+01:00;20.7;10.01751733
1900-07-24 18:00:00+01:00;20;7.796075812
1900-07-24 19:00:00+01:00;19;7.399794787
1900-07-24 20:00:00+01:00;17.9;7.459782965
1900-07-24 21:00:00+01:00;17.5;7.518284439
1900-07-24 22:00:00+01:00;17;7.690875772
1900-07-24 23:00:00+01:00;16;8.291262963
1900-07-25 00:00:00+01:00;14.8;8.076980788
1900-07-25 01:00:00+01:00;14.6;7.932073689
1900-07-25 02:00:00+01:00;14.4;7.952627906
1900-07-25 03:00:00+01:00;13.6;7.919323085
1900-07-25 04:00:00+01:00;13.4;7.950012116
1900-07-25 05:00:00+01:00;13.2;7.746698012
1900-07-25 06:00:00+01:00;14;8.825262214
1900-07-25 07:00:00+01:00;15;12.24072566
1900-07-25 08:00:00+01:00;16;14.69412834
1900-07-25 09:00:00+01:00;15.6;14.62021245
1900-07-25 10:00:00+01:00;16.5;14.57890872
1900-07-25 11:00:00+01:00;18.8;14.64418709
1900-07-25 12:00:00+01:00;19.6;14.45862681
1900-07-25 13:00:00+01:00;19.4;14.32946818
1900-07-25 14:00:00+01:00;19.9;14.03893527
1900-07-25 15:00:00+01:00;20.1;13.48129444
1900-07-25 16:00:00+01:00;21.2;12.38623235
1900-07-25 17:00:00+01:00;20.8;10.01751733
1900-07-25 18:00:00+01:00;20.3;7.796075812
1900-07-25 19:00:00+01:00;20.4;7.399794787
1900-07-25 20:00:00+01:00;17.9;7.459782965
1900-07-25 21:00:00+01:00;16.9;7.518284439
1900-07-25 22:00:00+01:00;15.8;7.690875772
1900-07-25 23:00:00+01:00;16.3;8.291262963
1900-07-26 00:00:00+01:00;17.3;8.076980788
1900-07-26 01:00:00+01:00;17.2;7.932073689
1900-07-26 02:00:00+01:00;16.4;7.952627906
1900-07-26 03:00:00+01:00;16.1;7.919323085
1900-07-26 04:00:00+01:00;15.6;7.950012116
1900-07-26 05:00:00+01:00;15.9;7.746698012
1900-07-26 06:00:00+01:00;16.9;8.825262214
1900-07-26 07:00:00+01:00;18.8;12.24072566
1900-07-26 08:00:00+01:00;19.9;14.69412834
1900-07-26 09:00:00+01:00;20;14.62021245
1900-07-26 10:00:00+01:00;20.5;14.57890872
1900-07-26 11:00:00+01:00;20.6;14.64418709
1900-07-26 12:00:00+01:00;21.7;14.45862681
1900-07-26 13:00:00+01:00;21.8;14.32946818
1900-07-26 14:00:00+01:00;22.5;14.03893527
1900-07-26 15:00:00+01:00;23.3;13.48129444
1900-07-26 16:00:00+01:00;23.5;12.38623235
1900-07-26 17:00:00+01:00;23.6;10.01751733
1900-07-26 18:00:00+01:00;22.5;7.796075812
1900-07-26 19:00:00+01:00;21.4;7.399794787
1900-07-26 20:00:00+01:00;19.4;7.459782965
1900-07-26 21:00:00+01:00;16.5;7.518284439
1900-07-26 22:00:00+01:00;14.5;7.690875772
1900-07-26 23:00:00+01:00;13.7;8.291262963
1900-07-27 00:00:00+01:00;12.6;8.076980788
1900-07-27 01:00:00+01:00;12.3;7.932073689
1900-07-27 02:00:00+01:00;12;7.952627906
1900-07-27 03:00:00+01:00;11.4;6.816608719
1900-07-27 04:00:00+01:00;10.6;6.574584908
1900-07-27 05:00:00+01:00;11.9;6.397315691
1900-07-27 06:00:00+01:00;13.7;8.825262214
1900-07-27 07:00:00+01:00;16.6;12.24072566
1900-07-27 08:00:00+01:00;17.5;14.69412834
1900-07-27 09:00:00+01:00;19.2;14.62021245
1900-07-27 10:00:00+01:00;21.6;14.57890872
1900-07-27 11:00:00+01:00;22.6;14.64418709
1900-07-27 12:00:00+01:00;24.5;14.45862681
1900-07-27 13:00:00+01:00;25.5;14.32946818
1900-07-27 14:00:00+01:00;26;14.03893527
1900-07-27 15:00:00+01:00;26.3;13.48129444
1900-07-27 16:00:00+01:00;25.2;12.38623235
1900-07-27 17:00:00+01:00;24.9;10.01751733
1900-07-27 18:00:00+01:00;24.2;7.796075812
1900-07-27 19:00:00+01:00;22.2;7.399794787
1900-07-27 20:00:00+01:00;20;7.459782965
1900-07-27 21:00:00+01:00;18.7;7.518284439
1900-07-27 22:00:00+01:00;17.4;7.690875772
1900-07-27 23:00:00+01:00;16.7;8.291262963
1900-07-28 00:00:00+01:00;15.4;8.076980788
1900-07-28 01:00:00+01:00;14.7;7.932073689
1900-07-28 02:00:00+01:00;14;7.952627906
1900-07-28 03:00:00+01:00;13.4;7.919323085
1900-07-28 04:00:00+01:00;13.2;7.950012116
1900-07-28 05:00:00+01:00;14.9;7.746698012
1900-07-28 06:00:00+01:00;16.5;8.825262214
1900-07-28 07:00:00+01:00;17;12.24072566
1900-07-28 08:00:00+01:00;19.4;14.69412834
1900-07-28 09:00:00+01:00;20.4;14.62021245
1900-07-28 10:00:00+01:00;22;14.57890872
1900-07-28 11:00:00+01:00;23.7;14.64418709
1900-07-28 12:00:00+01:00;25;14.45862681
1900-07-28 13:00:00+01:00;25.1;14.32946818
1900-07-28 14:00:00+01:00;26.4;14.03893527
1900-07-28 15:00:00+01:00;26.5;13.48129444
1900-07-28 16:00:00+01:00;26.2;12.38623235
1900-07-28 17:00:00+01:00;25.4;10.01751733
1900-07-28 18:00:00+01:00;24.5;7.796075812
1900-07-28 19:00:00+01:00;21.8;7.399794787
1900-07-28 20:00:00+01:00;19.8;7.459782965
1900-07-28 21:00:00+01:00;18;7.518284439
1900-07-28 22:00:00+01:00;17.3;7.690875772
1900-07-28 23:00:00+01:00;16.7;8.291262963
1900-07-29 00:00:00+01:00;15.7;8.076980788
1900-07-29 01:00:00+01:00;15.8;7.932073689
1900-07-29 02:00:00+01:00;15.7;7.952627906
1900-07-29 03:00:00+01:00;17;7.919323085
1900-07-29 04:00:00+01:00;17.2;7.950012116
1900-07-29 05:00:00+01:00;17.7;7.746698012
1900-07-29 06:00:00+01:00;17.6;8.825262214
1900-07-29 07:00:00+01:00;18.1;12.24072566
1900-07-29 08:00:00+01:00;18.8;14.69412834
1900-07-29 09:00:00+01:00;20.1;14.62021245
1900-07-29 10:00:00+01:00;21;14.57890872
1900-07-29 11:00:00+01:00;21.2;14.64418709
1900-07-29 12:00:00+01:00;22.3;14.45862681
1900-07-29 13:00:00+01:00;23.4;14.32946818
1900-07-29 14:00:00+01:00;24.8;14.03893527
1900-07-29 15:00:00+01:00;25.8;13.48129444
1900-07-29 16:00:00+01:00;25.5;12.38623235
1900-07-29 17:00:00+01:00;25.7;10.01751733
1900-07-29 18:00:00+01:00;26;7.796075812
1900-07-29 19:00:00+01:00;24.7;7.399794787
1900-07-29 20:00:00+01:00;22.3;7.459782965
1900-07-29 21:00:00+01:00;20.4;7.518284439
1900-07-29 22:00:00+01:00;18.5;7.690875772
1900-07-29 23:00:00+01:00;16.9;8.291262963
1900-07-30 00:00:00+01:00;16.2;7.878274531
1900-07-30 01:00:00+01:00;15.4;8.025851489
1900-07-30 02:00:00+01:00;15;8.077661808
1900-07-30 03:00:00+01:00;14.6;8.011814723
1900-07-30 04:00:00+01:00;14.5;8.341265859
1900-07-30 05:00:00+01:00;14.9;9.153739715
1900-07-30 06:00:00+01:00;17;11.44583589
1900-07-30 07:00:00+01:00;19;19.03602395
1900-07-30 08:00:00+01:00;20;24.64816891
1900-07-30 09:00:00+01:00;21.9;25.60479038
1900-07-30 10:00:00+01:00;23.2;25.53854907
1900-07-30 11:00:00+01:00;24.7;25.7893142
1900-07-30 12:00:00+01:00;26.5;25.47768555
1900-07-30 13:00:00+01:00;26.8;24.27532348
1900-07-30 14:00:00+01:00;27.2;24.22946999
1900-07-30 15:00:00+01:00;27.9;23.5709247
1900-07-30 16:00:00+01:00;27.3;18.54579892
1900-07-30 17:00:00+01:00;26.8;12.09736475
1900-07-30 18:00:00+01:00;25.8;8.628749136
1900-07-30 19:00:00+01:00;23.6;8.103570803
1900-07-30 20:00:00+01:00;21.4;7.768932416
1900-07-30 21:00:00+01:00;19.5;7.910942877
1900-07-30 22:00:00+01:00;17.5;7.933841973
1900-07-30 23:00:00+01:00;16.6;7.99084909
1900-07-31 00:00:00+01:00;16;7.878274531
1900-07-31 01:00:00+01:00;15.1;8.025851489
1900-07-31 02:00:00+01:00;15.2;8.077661808
1900-07-31 03:00:00+01:00;15.1;8.011814723
1900-07-31 04:00:00+01:00;15.4;8.341265859
1900-07-31 05:00:00+01:00;15.5;9.153739715
1900-07-31 06:00:00+01:00;15.9;11.44583589
1900-07-31 07:00:00+01:00;16.6;19.03602395
1900-07-31 08:00:00+01:00;17.4;24.64816891
1900-07-31 09:00:00+01:00;19.4;25.60479038
1900-07-31 10:00:00+01:00;19.4;25.53854907
1900-07-31 11:00:00+01:00;20.1;25.7893142
1900-07-31 12:00:00+01:00;21.5;25.47768555
1900-07-31 13:00:00+01:00;22.1;24.27532348
1900-07-31 14:00:00+01:00;24.3;24.22946999
1900-07-31 15:00:00+01:00;24.6;23.5709247
1900-07-31 16:00:00+01:00;25;18.54579892
1900-07-31 17:00:00+01:00;25.2;12.09736475
1900-07-31 18:00:00+01:00;23.7;8.628749136
1900-07-31 19:00:00+01:00;22.9;8.103570803
1900-07-31 20:00:00+01:00;20.6;7.768932416
1900-07-31 21:00:00+01:00;20;7.910942877
1900-07-31 22:00:00+01:00;18.9;7.933841973
1900-07-31 23:00:00+01:00;17.6;7.99084909
1900-08-01 00:00:00+01:00;17.4;7.878274531
1900-08-01 01:00:00+01:00;16.7;8.025851489
1900-08-01 02:00:00+01:00;16.2;8.077661808
1900-08-01 03:00:00+01:00;14.5;8.011814723
1900-08-01 04:00:00+01:00;15.9;8.341265859
1900-08-01 05:00:00+01:00;16.1;9.153739715
1900-08-01 06:00:00+01:00;16.3;11.44583589
1900-08-01 07:00:00+01:00;17.5;19.03602395
1900-08-01 08:00:00+01:00;18.9;24.64816891
1900-08-01 09:00:00+01:00;21;25.60479038
1900-08-01 10:00:00+01:00;22.3;25.53854907
1900-08-01 11:00:00+01:00;23.1;25.7893142
1900-08-01 12:00:00+01:00;24.5;25.47768555
1900-08-01 13:00:00+01:00;25.2;24.27532348
1900-08-01 14:00:00+01:00;23.8;24.22946999
1900-08-01 15:00:00+01:00;24.7;23.5709247
1900-08-01 16:00:00+01:00;25.8;18.54579892
1900-08-01 17:00:00+01:00;23.4;12.09736475
1900-08-01 18:00:00+01:00;21.8;8.628749136
1900-08-01 19:00:00+01:00;22;8.103570803
1900-08-01 20:00:00+01:00;20.2;7.768932416
1900-08-01 21:00:00+01:00;19.3;7.910942877
1900-08-01 22:00:00+01:00;18.7;7.933841973
1900-08-01 23:00:00+01:00;17.9;7.99084909
1900-08-02 00:00:00+01:00;17.9;7.878274531
1900-08-02 01:00:00+01:00;16.2;8.025851489
1900-08-02 02:00:00+01:00;15.8;8.077661808
1900-08-02 03:00:00+01:00;15.4;8.011814723
1900-08-02 04:00:00+01:00;18.7;8.341265859
1900-08-02 05:00:00+01:00;16.6;9.153739715
1900-08-02 06:00:00+01:00;16.5;11.44583589
1900-08-02 07:00:00+01:00;16.6;19.03602395
1900-08-02 08:00:00+01:00;16.7;24.64816891
1900-08-02 09:00:00+01:00;17.8;25.60479038
1900-08-02 10:00:00+01:00;20.6;25.53854907
1900-08-02 11:00:00+01:00;22.4;25.7893142
1900-08-02 12:00:00+01:00;21.5;25.47768555
1900-08-02 13:00:00+01:00;21.4;24.27532348
1900-08-02 14:00:00+01:00;21.7;24.22946999
1900-08-02 15:00:00+01:00;26;23.5709247
1900-08-02 16:00:00+01:00;23.5;18.54579892
1900-08-02 17:00:00+01:00;22.5;12.09736475
1900-08-02 18:00:00+01:00;21;8.628749136
1900-08-02 19:00:00+01:00;20.2;8.103570803
1900-08-02 20:00:00+01:00;19.7;7.768932416
1900-08-02 21:00:00+01:00;18.2;7.910942877
1900-08-02 22:00:00+01:00;18.3;7.933841973
1900-08-02 23:00:00+01:00;18.1;7.99084909
1900-08-03 00:00:00+01:00;17.9;7.878274531
1900-08-03 01:00:00+01:00;17.9;8.025851489
1900-08-03 02:00:00+01:00;17.4;8.077661808
1900-08-03 03:00:00+01:00;17.3;8.011814723
1900-08-03 04:00:00+01:00;17;8.341265859
1900-08-03 05:00:00+01:00;17.5;9.153739715
1900-08-03 06:00:00+01:00;17.4;11.44583589
1900-08-03 07:00:00+01:00;18;19.03602395
1900-08-03 08:00:00+01:00;19.2;24.64816891
1900-08-03 09:00:00+01:00;21.1;25.60479038
1900-08-03 10:00:00+01:00;21.2;25.53854907
1900-08-03 11:00:00+01:00;24;25.7893142
1900-08-03 12:00:00+01:00;25.4;25.47768555
1900-08-03 13:00:00+01:00;26.9;24.27532348
1900-08-03 14:00:00+01:00;26.3;24.22946999
1900-08-03 15:00:00+01:00;25;23.5709247
1900-08-03 16:00:00+01:00;24.3;18.54579892
1900-08-03 17:00:00+01:00;23.7;12.09736475
1900-08-03 18:00:00+01:00;23.2;8.628749136
1900-08-03 19:00:00+01:00;20.6;8.103570803
1900-08-03 20:00:00+01:00;19.7;7.768932416
1900-08-03 21:00:00+01:00;18.6;7.910942877
1900-08-03 22:00:00+01:00;18.6;7.933841973
1900-08-03 23:00:00+01:00;18;7.99084909
1900-08-04 00:00:00+01:00;17.2;7.671980488
1900-08-04 01:00:00+01:00;17;7.448531989
1900-08-04 02:00:00+01:00;16.7;7.412753506
1900-08-04 03:00:00+01:00;16.9;7.390119585
1900-08-04 04:00:00+01:00;16.8;7.294583216
1900-08-04 05:00:00+01:00;16.4;7.324002212
1900-08-04 06:00:00+01:00;17;7.586353514
1900-08-04 07:00:00+01:00;18;8.876801461
1900-08-04 08:00:00+01:00;18.2;8.064587641
1900-08-04 09:00:00+01:00;18.9;7.397910149
1900-08-04 10:00:00+01:00;21.5;7.165041624
1900-08-04 11:00:00+01:00;21.2;6.970263492
1900-08-04 12:00:00+01:00;20.5;6.840482613
1900-08-04 13:00:00+01:00;16.6;6.774870984
1900-08-04 14:00:00+01:00;16.8;6.764800469
1900-08-04 15:00:00+01:00;18.4;6.791894937
1900-08-04 16:00:00+01:00;18.3;6.778377447
1900-08-04 17:00:00+01:00;20.1;6.632659726
1900-08-04 18:00:00+01:00;19.2;6.671357012
1900-08-04 19:00:00+01:00;17.9;6.702048687
1900-08-04 20:00:00+01:00;17;6.763284065
1900-08-04 21:00:00+01:00;16.4;6.913619339
1900-08-04 22:00:00+01:00;15;7.079109972
1900-08-04 23:00:00+01:00;13.5;7.658970163
1900-08-05 00:00:00+01:00;14;7.671980488
1900-08-05 01:00:00+01:00;13.5;7.448531989
1900-08-05 02:00:00+01:00;13.5;7.412753506
1900-08-05 03:00:00+01:00;12.6;7.390119585
1900-08-05 04:00:00+01:00;11.1;5.955112845
1900-08-05 05:00:00+01:00;11.5;6.038669576
1900-08-05 06:00:00+01:00;13.6;7.586353514
1900-08-05 07:00:00+01:00;14.8;8.876801461
1900-08-05 08:00:00+01:00;16.4;8.064587641
1900-08-05 09:00:00+01:00;15.9;7.397910149
1900-08-05 10:00:00+01:00;13.3;7.165041624
1900-08-05 11:00:00+01:00;13.8;6.970263492
1900-08-05 12:00:00+01:00;14;6.840482613
1900-08-05 13:00:00+01:00;13.8;6.649829132
1900-08-05 14:00:00+01:00;13.2;6.764800469
1900-08-05 15:00:00+01:00;13.6;6.791894937
1900-08-05 16:00:00+01:00;16.2;6.778377447
1900-08-05 17:00:00+01:00;17.7;6.632659726
1900-08-05 18:00:00+01:00;17.8;6.671357012
1900-08-05 19:00:00+01:00;17.2;6.702048687
1900-08-05 20:00:00+01:00;16;6.763284065
1900-08-05 21:00:00+01:00;15.7;6.913619339
1900-08-05 22:00:00+01:00;15.3;7.079109972
1900-08-05 23:00:00+01:00;14.6;7.658970163
1900-08-06 00:00:00+01:00;14.5;7.878274531
1900-08-06 01:00:00+01:00;13.8;8.025851489
1900-08-06 02:00:00+01:00;12.3;8.077661808
1900-08-06 03:00:00+01:00;11.7;8.011814723
1900-08-06 04:00:00+01:00;12;8.341265859
1900-08-06 05:00:00+01:00;12.9;9.153739715
1900-08-06 06:00:00+01:00;12.4;12.25280305
1900-08-06 07:00:00+01:00;14;19.03602395
1900-08-06 08:00:00+01:00;14.3;25.75320404
1900-08-06 09:00:00+01:00;12.9;27.44444434
1900-08-06 10:00:00+01:00;12.4;27.49342545
1900-08-06 11:00:00+01:00;11.3;28.26681357
1900-08-06 12:00:00+01:00;12.5;27.08376254
1900-08-06 13:00:00+01:00;13.7;25.48155151
1900-08-06 14:00:00+01:00;14.5;24.52116553
1900-08-06 15:00:00+01:00;17.2;23.5709247
1900-08-06 16:00:00+01:00;17.8;18.54579892
1900-08-06 17:00:00+01:00;18.4;12.09736475
1900-08-06 18:00:00+01:00;18.1;8.628749136
1900-08-06 19:00:00+01:00;18.1;8.103570803
1900-08-06 20:00:00+01:00;17.6;7.768932416
1900-08-06 21:00:00+01:00;18;7.910942877
1900-08-06 22:00:00+01:00;18;7.933841973
1900-08-06 23:00:00+01:00;17.6;7.99084909
1900-08-07 00:00:00+01:00;16.9;7.878274531
1900-08-07 01:00:00+01:00;16.4;8.025851489
1900-08-07 02:00:00+01:00;16.2;8.077661808
1900-08-07 03:00:00+01:00;15.6;8.011814723
1900-08-07 04:00:00+01:00;14.8;8.341265859
1900-08-07 05:00:00+01:00;14.6;9.153739715
1900-08-07 06:00:00+01:00;14.9;11.44583589
1900-08-07 07:00:00+01:00;16;19.03602395
1900-08-07 08:00:00+01:00;16.2;24.64816891
1900-08-07 09:00:00+01:00;17;25.60479038
1900-08-07 10:00:00+01:00;17.4;25.53854907
1900-08-07 11:00:00+01:00;18.4;25.7893142
1900-08-07 12:00:00+01:00;18.5;25.47768555
1900-08-07 13:00:00+01:00;18.4;24.27532348
1900-08-07 14:00:00+01:00;19.1;24.22946999
1900-08-07 15:00:00+01:00;19;23.5709247
1900-08-07 16:00:00+01:00;19.1;18.54579892
1900-08-07 17:00:00+01:00;18.4;12.09736475
1900-08-07 18:00:00+01:00;17.7;8.628749136
1900-08-07 19:00:00+01:00;15.8;8.103570803
1900-08-07 20:00:00+01:00;15.8;7.768932416
1900-08-07 21:00:00+01:00;14.7;7.910942877
1900-08-07 22:00:00+01:00;13.6;7.933841973
1900-08-07 23:00:00+01:00;12.3;7.99084909
1900-08-08 00:00:00+01:00;12.1;7.878274531
1900-08-08 01:00:00+01:00;12.4;8.025851489
1900-08-08 02:00:00+01:00;12;8.077661808
1900-08-08 03:00:00+01:00;11.5;8.011814723
1900-08-08 04:00:00+01:00;11.3;8.341265859
1900-08-08 05:00:00+01:00;12.6;9.153739715
1900-08-08 06:00:00+01:00;13;11.44583589
1900-08-08 07:00:00+01:00;13.7;19.03602395
1900-08-08 08:00:00+01:00;14.6;24.66020828
1900-08-08 09:00:00+01:00;17.8;25.60479038
1900-08-08 10:00:00+01:00;19.5;25.53854907
1900-08-08 11:00:00+01:00;21.1;25.7893142
1900-08-08 12:00:00+01:00;21.6;25.47768555
1900-08-08 13:00:00+01:00;22.7;24.27532348
1900-08-08 14:00:00+01:00;22.1;24.22946999
1900-08-08 15:00:00+01:00;22;23.5709247
1900-08-08 16:00:00+01:00;20;18.54579892
1900-08-08 17:00:00+01:00;19.8;12.09736475
1900-08-08 18:00:00+01:00;18.8;8.628749136
1900-08-08 19:00:00+01:00;16.6;8.103570803
1900-08-08 20:00:00+01:00;15.2;7.768932416
1900-08-08 21:00:00+01:00;14.4;7.910942877
1900-08-08 22:00:00+01:00;13.1;7.933841973
1900-08-08 23:00:00+01:00;12.6;7.99084909
1900-08-09 00:00:00+01:00;11.2;7.878274531
1900-08-09 01:00:00+01:00;11.1;8.025851489
1900-08-09 02:00:00+01:00;10.6;6.472330895
1900-08-09 03:00:00+01:00;10;6.400744298
1900-08-09 04:00:00+01:00;9.1;6.822827521
1900-08-09 05:00:00+01:00;10.7;7.845049055
1900-08-09 06:00:00+01:00;12.7;10.8153272
1900-08-09 07:00:00+01:00;14;19.03602395
1900-08-09 08:00:00+01:00;15.2;24.64816891
1900-08-09 09:00:00+01:00;16.6;25.60479038
1900-08-09 10:00:00+01:00;17.2;25.53854907
1900-08-09 11:00:00+01:00;18.9;25.7893142
1900-08-09 12:00:00+01:00;19.3;25.47768555
1900-08-09 13:00:00+01:00;17.6;24.27532348
1900-08-09 14:00:00+01:00;20;24.22946999
1900-08-09 15:00:00+01:00;18.5;23.5709247
1900-08-09 16:00:00+01:00;18.6;18.54579892
1900-08-09 17:00:00+01:00;17.2;12.09736475
1900-08-09 18:00:00+01:00;16.8;8.628749136
1900-08-09 19:00:00+01:00;16.4;8.103570803
1900-08-09 20:00:00+01:00;15.8;7.768932416
1900-08-09 21:00:00+01:00;16.1;7.910942877
1900-08-09 22:00:00+01:00;15;7.933841973
1900-08-09 23:00:00+01:00;14.9;7.99084909
1900-08-10 00:00:00+01:00;14.7;7.878274531
1900-08-10 01:00:00+01:00;14.3;8.025851489
1900-08-10 02:00:00+01:00;14.3;8.077661808
1900-08-10 03:00:00+01:00;14.3;8.011814723
1900-08-10 04:00:00+01:00;15.4;8.341265859
1900-08-10 05:00:00+01:00;16;9.153739715
1900-08-10 06:00:00+01:00;16.4;11.44583589
1900-08-10 07:00:00+01:00;17;19.03602395
1900-08-10 08:00:00+01:00;18.8;24.64816891
1900-08-10 09:00:00+01:00;16.9;25.60479038
1900-08-10 10:00:00+01:00;18.1;25.53854907
1900-08-10 11:00:00+01:00;19.5;25.7893142
1900-08-10 12:00:00+01:00;20.2;25.47768555
1900-08-10 13:00:00+01:00;20.3;24.27532348
1900-08-10 14:00:00+01:00;20.4;24.22946999
1900-08-10 15:00:00+01:00;20.6;23.5709247
1900-08-10 16:00:00+01:00;20.9;18.54579892
1900-08-10 17:00:00+01:00;22.8;12.09736475
1900-08-10 18:00:00+01:00;21.4;8.628749136
1900-08-10 19:00:00+01:00;20.1;8.103570803
1900-08-10 20:00:00+01:00;18.2;7.768932416
1900-08-10 21:00:00+01:00;16.8;7.910942877
1900-08-10 22:00:00+01:00;15.4;7.933841973
1900-08-10 23:00:00+01:00;14.2;7.99084909
1900-08-11 00:00:00+01:00;12.5;7.671980488
1900-08-11 01:00:00+01:00;11.9;6.367177772
1900-08-11 02:00:00+01:00;11.8;6.262201362
1900-08-11 03:00:00+01:00;10.6;6.004581564
1900-08-11 04:00:00+01:00;10.4;5.968875101
1900-08-11 05:00:00+01:00;11.7;6.021003778
1900-08-11 06:00:00+01:00;15.4;7.586353514
1900-08-11 07:00:00+01:00;17.1;8.876801461
1900-08-11 08:00:00+01:00;17.3;8.064587641
1900-08-11 09:00:00+01:00;19.4;7.397910149
1900-08-11 10:00:00+01:00;22.1;7.165041624
1900-08-11 11:00:00+01:00;21.6;6.970263492
1900-08-11 12:00:00+01:00;22;6.840482613
1900-08-11 13:00:00+01:00;22.5;6.774870984
1900-08-11 14:00:00+01:00;22.2;6.764800469
1900-08-11 15:00:00+01:00;23.6;6.791894937
1900-08-11 16:00:00+01:00;24.6;6.778377447
1900-08-11 17:00:00+01:00;23.8;6.632659726
1900-08-11 18:00:00+01:00;23;6.671357012
1900-08-11 19:00:00+01:00;19.2;6.702048687
1900-08-11 20:00:00+01:00;17.4;6.763284065
1900-08-11 21:00:00+01:00;15.4;6.913619339
1900-08-11 22:00:00+01:00;14.2;7.079109972
1900-08-11 23:00:00+01:00;13.4;7.658970163
1900-08-12 00:00:00+01:00;13.9;7.671980488
1900-08-12 01:00:00+01:00;12.3;7.448531989
1900-08-12 02:00:00+01:00;13;7.412753506
1900-08-12 03:00:00+01:00;12;7.390119585
1900-08-12 04:00:00+01:00;11.5;5.901635774
1900-08-12 05:00:00+01:00;13.4;7.324002212
1900-08-12 06:00:00+01:00;15.7;7.586353514
1900-08-12 07:00:00+01:00;17.5;8.876801461
1900-08-12 08:00:00+01:00;17.4;8.064587641
1900-08-12 09:00:00+01:00;17.8;7.397910149
1900-08-12 10:00:00+01:00;17.9;7.165041624
1900-08-12 11:00:00+01:00;20;6.970263492
1900-08-12 12:00:00+01:00;21.5;6.840482613
1900-08-12 13:00:00+01:00;22.6;6.774870984
1900-08-12 14:00:00+01:00;23.3;6.764800469
1900-08-12 15:00:00+01:00;23.3;6.791894937
1900-08-12 16:00:00+01:00;24.2;6.778377447
1900-08-12 17:00:00+01:00;24.9;6.632659726
1900-08-12 18:00:00+01:00;24.1;6.671357012
1900-08-12 19:00:00+01:00;20.3;6.702048687
1900-08-12 20:00:00+01:00;19.1;6.763284065
1900-08-12 21:00:00+01:00;17.4;6.913619339
1900-08-12 22:00:00+01:00;16;7.079109972
1900-08-12 23:00:00+01:00;13.8;7.658970163
1900-08-13 00:00:00+01:00;12.9;7.878274531
1900-08-13 01:00:00+01:00;11.6;8.025851489
1900-08-13 02:00:00+01:00;11.2;8.077661808
1900-08-13 03:00:00+01:00;10;5.974247316
1900-08-13 04:00:00+01:00;10.2;5.863609593
1900-08-13 05:00:00+01:00;11.7;6.85453794
1900-08-13 06:00:00+01:00;14.2;11.44583589
1900-08-13 07:00:00+01:00;16;19.03602395
1900-08-13 08:00:00+01:00;18.9;24.64816891
1900-08-13 09:00:00+01:00;19.9;25.60479038
1900-08-13 10:00:00+01:00;21.9;25.53854907
1900-08-13 11:00:00+01:00;24.2;25.7893142
1900-08-13 12:00:00+01:00;25.5;25.47768555
1900-08-13 13:00:00+01:00;27;24.27532348
1900-08-13 14:00:00+01:00;27.9;24.22946999
1900-08-13 15:00:00+01:00;29.4;23.5709247
1900-08-13 16:00:00+01:00;28.4;18.54579892
1900-08-13 17:00:00+01:00;26;12.09736475
1900-08-13 18:00:00+01:00;24.4;8.628749136
1900-08-13 19:00:00+01:00;21.3;8.103570803
1900-08-13 20:00:00+01:00;19;7.768932416
1900-08-13 21:00:00+01:00;16.5;7.910942877
1900-08-13 22:00:00+01:00;15;7.933841973
1900-08-13 23:00:00+01:00;14;7.99084909
1900-08-14 00:00:00+01:00;12.6;7.878274531
1900-08-14 01:00:00+01:00;12.2;8.025851489
1900-08-14 02:00:00+01:00;12;8.077661808
1900-08-14 03:00:00+01:00;11.6;8.011814723
1900-08-14 04:00:00+01:00;13;8.341265859
1900-08-14 05:00:00+01:00;13.5;9.153739715
1900-08-14 06:00:00+01:00;13.7;11.44583589
1900-08-14 07:00:00+01:00;13.9;19.03602395
1900-08-14 08:00:00+01:00;14.7;20.99052311
1900-08-14 09:00:00+01:00;16;25.60479038
1900-08-14 10:00:00+01:00;18.8;25.53854907
1900-08-14 11:00:00+01:00;21.4;25.7893142
1900-08-14 12:00:00+01:00;23.4;25.47768555
1900-08-14 13:00:00+01:00;25.5;24.27532348
1900-08-14 14:00:00+01:00;28.1;24.22946999
1900-08-14 15:00:00+01:00;31.4;23.5709247
1900-08-14 16:00:00+01:00;27.5;18.54579892
1900-08-14 17:00:00+01:00;26.1;12.09736475
1900-08-14 18:00:00+01:00;24.8;8.628749136
1900-08-14 19:00:00+01:00;20.5;8.103570803
1900-08-14 20:00:00+01:00;19.5;7.768932416
1900-08-14 21:00:00+01:00;16.9;7.910942877
1900-08-14 22:00:00+01:00;15.5;7.933841973
1900-08-14 23:00:00+01:00;14.1;7.99084909
1900-08-15 00:00:00+01:00;14.9;7.878274531
1900-08-15 01:00:00+01:00;13.6;8.025851489
1900-08-15 02:00:00+01:00;12.8;8.077661808
1900-08-15 03:00:00+01:00;12.5;8.011814723
1900-08-15 04:00:00+01:00;13;8.341265859
1900-08-15 05:00:00+01:00;13;9.153739715
1900-08-15 06:00:00+01:00;15;11.44583589
1900-08-15 07:00:00+01:00;17.3;19.03602395
1900-08-15 08:00:00+01:00;18.4;24.64816891
1900-08-15 09:00:00+01:00;19.2;25.60479038
1900-08-15 10:00:00+01:00;21;25.53854907
1900-08-15 11:00:00+01:00;23.1;25.7893142
1900-08-15 12:00:00+01:00;25.6;25.47768555
1900-08-15 13:00:00+01:00;31;24.27532348
1900-08-15 14:00:00+01:00;29.8;24.22946999
1900-08-15 15:00:00+01:00;28.7;23.5709247
1900-08-15 16:00:00+01:00;29;18.54579892
1900-08-15 17:00:00+01:00;27.2;12.09736475
1900-08-15 18:00:00+01:00;25;8.628749136
1900-08-15 19:00:00+01:00;21.9;8.103570803
1900-08-15 20:00:00+01:00;19.6;7.768932416
1900-08-15 21:00:00+01:00;17.5;7.910942877
1900-08-15 22:00:00+01:00;16;7.933841973
1900-08-15 23:00:00+01:00;15;7.99084909
1900-08-16 00:00:00+01:00;14.4;7.878274531
1900-08-16 01:00:00+01:00;13.7;8.025851489
1900-08-16 02:00:00+01:00;13.3;8.077661808
1900-08-16 03:00:00+01:00;13;8.011814723
1900-08-16 04:00:00+01:00;12.8;8.341265859
1900-08-16 05:00:00+01:00;13.2;9.153739715
1900-08-16 06:00:00+01:00;16;11.44583589
1900-08-16 07:00:00+01:00;19.8;19.03602395
1900-08-16 08:00:00+01:00;20;24.64816891
1900-08-16 09:00:00+01:00;21.3;25.60479038
1900-08-16 10:00:00+01:00;22.9;25.53854907
1900-08-16 11:00:00+01:00;24.7;25.7893142
1900-08-16 12:00:00+01:00;26.5;25.47768555
1900-08-16 13:00:00+01:00;30.2;24.27532348
1900-08-16 14:00:00+01:00;32.6;24.22946999
1900-08-16 15:00:00+01:00;32;23.5709247
1900-08-16 16:00:00+01:00;27.7;18.54579892
1900-08-16 17:00:00+01:00;26.4;12.09736475
1900-08-16 18:00:00+01:00;25.1;8.628749136
1900-08-16 19:00:00+01:00;21.1;8.103570803
1900-08-16 20:00:00+01:00;19.1;7.768932416
1900-08-16 21:00:00+01:00;17.4;7.910942877
1900-08-16 22:00:00+01:00;17;7.933841973
1900-08-16 23:00:00+01:00;16.5;7.99084909
1900-08-17 00:00:00+01:00;15.7;7.878274531
1900-08-17 01:00:00+01:00;14.1;8.025851489
1900-08-17 02:00:00+01:00;13.8;8.077661808
1900-08-17 03:00:00+01:00;13.3;8.011814723
1900-08-17 04:00:00+01:00;13.1;8.341265859
1900-08-17 05:00:00+01:00;14;9.153739715
1900-08-17 06:00:00+01:00;16;11.44583589
1900-08-17 07:00:00+01:00;17.6;19.03602395
1900-08-17 08:00:00+01:00;19.4;24.64816891
1900-08-17 09:00:00+01:00;20.8;25.60479038
1900-08-17 10:00:00+01:00;23.6;25.53854907
1900-08-17 11:00:00+01:00;25.7;25.7893142
1900-08-17 12:00:00+01:00;27.3;25.47768555
1900-08-17 13:00:00+01:00;28.3;24.27532348
1900-08-17 14:00:00+01:00;26.7;24.22946999
1900-08-17 15:00:00+01:00;25.3;23.5709247
1900-08-17 16:00:00+01:00;25.3;18.54579892
1900-08-17 17:00:00+01:00;22.8;12.09736475
1900-08-17 18:00:00+01:00;21.8;8.628749136
1900-08-17 19:00:00+01:00;21;8.103570803
1900-08-17 20:00:00+01:00;20;7.768932416
1900-08-17 21:00:00+01:00;19.8;7.910942877
1900-08-17 22:00:00+01:00;19.5;7.933841973
1900-08-17 23:00:00+01:00;19;7.99084909
1900-08-18 00:00:00+01:00;18.3;7.671980488
1900-08-18 01:00:00+01:00;18.2;7.448531989
1900-08-18 02:00:00+01:00;18;7.412753506
1900-08-18 03:00:00+01:00;15.7;7.390119585
1900-08-18 04:00:00+01:00;14.5;7.294583216
1900-08-18 05:00:00+01:00;14.9;7.324002212
1900-08-18 06:00:00+01:00;15.6;7.586353514
1900-08-18 07:00:00+01:00;17;8.876801461
1900-08-18 08:00:00+01:00;19;8.064587641
1900-08-18 09:00:00+01:00;20.2;7.397910149
1900-08-18 10:00:00+01:00;22.2;7.165041624
1900-08-18 11:00:00+01:00;24.6;6.970263492
1900-08-18 12:00:00+01:00;24.9;6.840482613
1900-08-18 13:00:00+01:00;24;6.774870984
1900-08-18 14:00:00+01:00;26.2;6.764800469
1900-08-18 15:00:00+01:00;24.1;6.791894937
1900-08-18 16:00:00+01:00;23.9;6.778377447
1900-08-18 17:00:00+01:00;23;6.632659726
1900-08-18 18:00:00+01:00;22.4;6.671357012
1900-08-18 19:00:00+01:00;20;6.702048687
1900-08-18 20:00:00+01:00;18.6;6.763284065
1900-08-18 21:00:00+01:00;17.4;6.913619339
1900-08-18 22:00:00+01:00;15.9;7.079109972
1900-08-18 23:00:00+01:00;16;7.658970163
1900-08-19 00:00:00+01:00;15.8;7.671980488
1900-08-19 01:00:00+01:00;15.2;7.448531989
1900-08-19 02:00:00+01:00;14.4;7.412753506
1900-08-19 03:00:00+01:00;14.4;7.390119585
1900-08-19 04:00:00+01:00;13.8;7.294583216
1900-08-19 05:00:00+01:00;13.5;7.324002212
1900-08-19 06:00:00+01:00;14.2;7.586353514
1900-08-19 07:00:00+01:00;15.8;8.876801461
1900-08-19 08:00:00+01:00;17;8.064587641
1900-08-19 09:00:00+01:00;20.1;7.397910149
1900-08-19 10:00:00+01:00;19.4;7.165041624
1900-08-19 11:00:00+01:00;20.5;6.970263492
1900-08-19 12:00:00+01:00;21.7;6.840482613
1900-08-19 13:00:00+01:00;22.4;6.774870984
1900-08-19 14:00:00+01:00;23.9;6.764800469
1900-08-19 15:00:00+01:00;20.7;6.791894937
1900-08-19 16:00:00+01:00;20.4;6.778377447
1900-08-19 17:00:00+01:00;19.9;6.632659726
1900-08-19 18:00:00+01:00;19;6.671357012
1900-08-19 19:00:00+01:00;16.4;6.702048687
1900-08-19 20:00:00+01:00;15.3;6.763284065
1900-08-19 21:00:00+01:00;14.1;6.913619339
1900-08-19 22:00:00+01:00;12.8;7.079109972
1900-08-19 23:00:00+01:00;12.5;7.658970163
1900-08-20 00:00:00+01:00;11.4;7.878274531
1900-08-20 01:00:00+01:00;10.5;6.518602016
1900-08-20 02:00:00+01:00;10.5;6.472330895
1900-08-20 03:00:00+01:00;9.6;6.230461929
1900-08-20 04:00:00+01:00;8.9;6.63454965
1900-08-20 05:00:00+01:00;10;7.691451435
1900-08-20 06:00:00+01:00;13.9;11.44583589
1900-08-20 07:00:00+01:00;14.7;19.03602395
1900-08-20 08:00:00+01:00;15.3;24.64816891
1900-08-20 09:00:00+01:00;16.3;25.60479038
1900-08-20 10:00:00+01:00;17.2;25.53854907
1900-08-20 11:00:00+01:00;18.5;25.7893142
1900-08-20 12:00:00+01:00;20;25.47768555
1900-08-20 13:00:00+01:00;19.3;24.27532348
1900-08-20 14:00:00+01:00;18;24.22946999
1900-08-20 15:00:00+01:00;18.3;23.5709247
1900-08-20 16:00:00+01:00;17.2;18.54579892
1900-08-20 17:00:00+01:00;18.3;12.09736475
1900-08-20 18:00:00+01:00;16.5;8.628749136
1900-08-20 19:00:00+01:00;12.8;7.263311802
1900-08-20 20:00:00+01:00;12.7;6.836156102
1900-08-20 21:00:00+01:00;12.8;7.910942877
1900-08-20 22:00:00+01:00;12.4;7.933841973
1900-08-20 23:00:00+01:00;11.6;7.99084909
1900-08-21 00:00:00+01:00;11;7.878274531
1900-08-21 01:00:00+01:00;11.2;8.025851489
1900-08-21 02:00:00+01:00;10.8;7.175873303
1900-08-21 03:00:00+01:00;11.4;8.011814723
1900-08-21 04:00:00+01:00;12;8.341265859
1900-08-21 05:00:00+01:00;10.9;9.004424979
1900-08-21 06:00:00+01:00;11.9;12.30244329
1900-08-21 07:00:00+01:00;14;19.03602395
1900-08-21 08:00:00+01:00;14.5;25.49392252
1900-08-21 09:00:00+01:00;15.5;25.55675652
1900-08-21 10:00:00+01:00;16.5;25.53854907
1900-08-21 11:00:00+01:00;16.8;25.7893142
1900-08-21 12:00:00+01:00;16.7;25.47768555
1900-08-21 13:00:00+01:00;15.6;23.98475532
1900-08-21 14:00:00+01:00;16.2;24.22946999
1900-08-21 15:00:00+01:00;18.8;23.5709247
1900-08-21 16:00:00+01:00;17.9;18.54579892
1900-08-21 17:00:00+01:00;17.1;12.09736475
1900-08-21 18:00:00+01:00;15.5;8.628749136
1900-08-21 19:00:00+01:00;13;8.103570803
1900-08-21 20:00:00+01:00;12;7.29641859
1900-08-21 21:00:00+01:00;10.7;7.780267719
1900-08-21 22:00:00+01:00;10.3;7.598406955
1900-08-21 23:00:00+01:00;9.5;7.812172573
1900-08-22 00:00:00+01:00;8.3;7.796978619
1900-08-22 01:00:00+01:00;7.5;8.329170118
1900-08-22 02:00:00+01:00;6.4;9.100640878
1900-08-22 03:00:00+01:00;6;9.435917036
1900-08-22 04:00:00+01:00;5.2;10.08438341
1900-08-22 05:00:00+01:00;7.3;11.53997662
1900-08-22 06:00:00+01:00;9.9;14.97352081
1900-08-22 07:00:00+01:00;11.5;22.39667495
1900-08-22 08:00:00+01:00;12.9;28.54973596
1900-08-22 09:00:00+01:00;14.1;28.36998081
1900-08-22 10:00:00+01:00;15.5;26.90221979
1900-08-22 11:00:00+01:00;15.7;25.7893142
1900-08-22 12:00:00+01:00;16.1;25.47768555
1900-08-22 13:00:00+01:00;18;24.27532348
1900-08-22 14:00:00+01:00;17.5;24.22946999
1900-08-22 15:00:00+01:00;18.5;23.5709247
1900-08-22 16:00:00+01:00;17.5;18.54579892
1900-08-22 17:00:00+01:00;16.6;12.09736475
1900-08-22 18:00:00+01:00;15.6;8.628749136
1900-08-22 19:00:00+01:00;15;8.103570803
1900-08-22 20:00:00+01:00;12;8.084167759
1900-08-22 21:00:00+01:00;11.7;8.181451174
1900-08-22 22:00:00+01:00;11.8;7.910976514
1900-08-22 23:00:00+01:00;12.3;7.99084909
1900-08-23 00:00:00+01:00;11;7.878274531
1900-08-23 01:00:00+01:00;10.9;7.934600053
1900-08-23 02:00:00+01:00;11;8.077661808
1900-08-23 03:00:00+01:00;9.8;8.328837918
1900-08-23 04:00:00+01:00;9.8;8.611676812
1900-08-23 05:00:00+01:00;9.5;10.38905759
1900-08-23 06:00:00+01:00;10.4;13.8413648
1900-08-23 07:00:00+01:00;12.2;20.79259438
1900-08-23 08:00:00+01:00;14.3;26.54839292
1900-08-23 09:00:00+01:00;15.2;26.50190597
1900-08-23 10:00:00+01:00;16.6;25.53854907
1900-08-23 11:00:00+01:00;17.3;25.7893142
1900-08-23 12:00:00+01:00;19.6;25.47768555
1900-08-23 13:00:00+01:00;21;24.27532348
1900-08-23 14:00:00+01:00;20.6;24.22946999
1900-08-23 15:00:00+01:00;21;23.5709247
1900-08-23 16:00:00+01:00;20.1;18.54579892
1900-08-23 17:00:00+01:00;19.7;12.09736475
1900-08-23 18:00:00+01:00;18.6;8.628749136
1900-08-23 19:00:00+01:00;17.7;8.103570803
1900-08-23 20:00:00+01:00;15.3;7.768932416
1900-08-23 21:00:00+01:00;13.7;7.910942877
1900-08-23 22:00:00+01:00;12.1;7.933841973
1900-08-23 23:00:00+01:00;12.5;7.99084909
1900-08-24 00:00:00+01:00;11.4;7.878274531
1900-08-24 01:00:00+01:00;10.1;6.911590713
1900-08-24 02:00:00+01:00;9.2;7.342992509
1900-08-24 03:00:00+01:00;8.6;7.567025923
1900-08-24 04:00:00+01:00;8;7.963064674
1900-08-24 05:00:00+01:00;8.8;9.223721729
1900-08-24 06:00:00+01:00;10.5;12.57453906
1900-08-24 07:00:00+01:00;12.5;19.22774343
1900-08-24 08:00:00+01:00;14.8;25.10914185
1900-08-24 09:00:00+01:00;16.7;25.60479038
1900-08-24 10:00:00+01:00;18.6;25.53854907
1900-08-24 11:00:00+01:00;19.6;25.7893142
1900-08-24 12:00:00+01:00;20.9;25.47768555
1900-08-24 13:00:00+01:00;22.6;24.27532348
1900-08-24 14:00:00+01:00;22;24.22946999
1900-08-24 15:00:00+01:00;22.3;23.5709247
1900-08-24 16:00:00+01:00;22.2;18.54579892
1900-08-24 17:00:00+01:00;19.4;12.09736475
1900-08-24 18:00:00+01:00;17.7;8.628749136
1900-08-24 19:00:00+01:00;16.5;8.103570803
1900-08-24 20:00:00+01:00;15.8;7.768932416
1900-08-24 21:00:00+01:00;14.2;7.910942877
1900-08-24 22:00:00+01:00;13.2;7.933841973
1900-08-24 23:00:00+01:00;12.1;7.99084909
1900-08-25 00:00:00+01:00;11;6.971680099
1900-08-25 01:00:00+01:00;9.8;6.785347798
1900-08-25 02:00:00+01:00;9;7.263667597
1900-08-25 03:00:00+01:00;8.4;7.352404208
1900-08-25 04:00:00+01:00;8.9;7.318024414
1900-08-25 05:00:00+01:00;8.2;7.227538971
1900-08-25 06:00:00+01:00;9.7;7.905372587
1900-08-25 07:00:00+01:00;11.2;8.078986854
1900-08-25 08:00:00+01:00;12.6;8.064587641
1900-08-25 09:00:00+01:00;13.3;7.397910149
1900-08-25 10:00:00+01:00;14.2;7.165041624
1900-08-25 11:00:00+01:00;15.6;6.970263492
1900-08-25 12:00:00+01:00;15.9;6.840482613
1900-08-25 13:00:00+01:00;16.9;6.774870984
1900-08-25 14:00:00+01:00;17.5;6.764800469
1900-08-25 15:00:00+01:00;18.1;6.791894937
1900-08-25 16:00:00+01:00;19.2;6.778377447
1900-08-25 17:00:00+01:00;18.5;6.632659726
1900-08-25 18:00:00+01:00;17;6.671357012
1900-08-25 19:00:00+01:00;14;6.702048687
1900-08-25 20:00:00+01:00;12.6;6.468584822
1900-08-25 21:00:00+01:00;10.2;7.428250028
1900-08-25 22:00:00+01:00;9.6;7.810563379
1900-08-25 23:00:00+01:00;9.3;8.520443801
1900-08-26 00:00:00+01:00;9;8.629010566
1900-08-26 01:00:00+01:00;8.5;8.47117987
1900-08-26 02:00:00+01:00;7.9;8.877380297
1900-08-26 03:00:00+01:00;7;9.09909096
1900-08-26 04:00:00+01:00;7.6;9.147464616
1900-08-26 05:00:00+01:00;6.9;9.595111356
1900-08-26 06:00:00+01:00;9.4;9.792058198
1900-08-26 07:00:00+01:00;12.2;9.26814589
1900-08-26 08:00:00+01:00;13.6;8.064587641
1900-08-26 09:00:00+01:00;14.5;7.397910149
1900-08-26 10:00:00+01:00;16.7;7.165041624
1900-08-26 11:00:00+01:00;19.8;6.970263492
1900-08-26 12:00:00+01:00;19.6;6.840482613
1900-08-26 13:00:00+01:00;22.3;6.774870984
1900-08-26 14:00:00+01:00;22.5;6.764800469
1900-08-26 15:00:00+01:00;23;6.791894937
1900-08-26 16:00:00+01:00;22.7;6.778377447
1900-08-26 17:00:00+01:00;21.4;6.632659726
1900-08-26 18:00:00+01:00;20.3;6.671357012
1900-08-26 19:00:00+01:00;18.4;6.702048687
1900-08-26 20:00:00+01:00;16.8;6.763284065
1900-08-26 21:00:00+01:00;16.5;6.913619339
1900-08-26 22:00:00+01:00;16.1;7.079109972
1900-08-26 23:00:00+01:00;15.9;7.658970163
1900-08-27 00:00:00+01:00;15.4;7.878274531
1900-08-27 01:00:00+01:00;15.4;8.025851489
1900-08-27 02:00:00+01:00;15.4;8.077661808
1900-08-27 03:00:00+01:00;15.5;8.011814723
1900-08-27 04:00:00+01:00;15.6;8.341265859
1900-08-27 05:00:00+01:00;15.1;9.153739715
1900-08-27 06:00:00+01:00;14.6;11.44583589
1900-08-27 07:00:00+01:00;15.2;19.03602395
1900-08-27 08:00:00+01:00;15.3;24.64816891
1900-08-27 09:00:00+01:00;16.1;25.60479038
1900-08-27 10:00:00+01:00;17.6;25.53854907
1900-08-27 11:00:00+01:00;19.3;25.7893142
1900-08-27 12:00:00+01:00;20.9;25.47768555
1900-08-27 13:00:00+01:00;20.7;24.27532348
1900-08-27 14:00:00+01:00;20.8;24.22946999
1900-08-27 15:00:00+01:00;21.9;23.5709247
1900-08-27 16:00:00+01:00;21.3;18.54579892
1900-08-27 17:00:00+01:00;20.3;12.09736475
1900-08-27 18:00:00+01:00;19;8.628749136
1900-08-27 19:00:00+01:00;16.7;8.103570803
1900-08-27 20:00:00+01:00;15.8;7.768932416
1900-08-27 21:00:00+01:00;15.1;7.910942877
1900-08-27 22:00:00+01:00;13.2;7.933841973
1900-08-27 23:00:00+01:00;12.4;7.99084909
1900-08-28 00:00:00+01:00;12.2;7.878274531
1900-08-28 01:00:00+01:00;13.4;8.025851489
1900-08-28 02:00:00+01:00;13.6;8.077661808
1900-08-28 03:00:00+01:00;13.4;8.011814723
1900-08-28 04:00:00+01:00;13.3;8.341265859
1900-08-28 05:00:00+01:00;13.5;9.153739715
1900-08-28 06:00:00+01:00;13.7;11.44583589
1900-08-28 07:00:00+01:00;14;19.03602395
1900-08-28 08:00:00+01:00;14;24.00505621
1900-08-28 09:00:00+01:00;14.4;24.76796872
1900-08-28 10:00:00+01:00;15;24.35464506
1900-08-28 11:00:00+01:00;16.4;25.7893142
1900-08-28 12:00:00+01:00;16.4;25.47768555
1900-08-28 13:00:00+01:00;18.2;24.27532348
1900-08-28 14:00:00+01:00;19.5;24.22946999
1900-08-28 15:00:00+01:00;21.6;23.5709247
1900-08-28 16:00:00+01:00;20.4;18.54579892
1900-08-28 17:00:00+01:00;19;12.09736475
1900-08-28 18:00:00+01:00;17.3;8.628749136
1900-08-28 19:00:00+01:00;16.2;8.103570803
1900-08-28 20:00:00+01:00;15.8;7.768932416
1900-08-28 21:00:00+01:00;14.7;7.910942877
1900-08-28 22:00:00+01:00;14.8;7.933841973
1900-08-28 23:00:00+01:00;14.1;7.99084909
1900-08-29 00:00:00+01:00;14.6;7.878274531
1900-08-29 01:00:00+01:00;14.4;8.025851489
1900-08-29 02:00:00+01:00;14.6;8.077661808
1900-08-29 03:00:00+01:00;14.4;8.011814723
1900-08-29 04:00:00+01:00;14.3;8.341265859
1900-08-29 05:00:00+01:00;14.4;9.153739715
1900-08-29 06:00:00+01:00;14.8;11.44583589
1900-08-29 07:00:00+01:00;15;19.03602395
1900-08-29 08:00:00+01:00;16;24.64816891
1900-08-29 09:00:00+01:00;16.2;25.60479038
1900-08-29 10:00:00+01:00;18.8;25.53854907
1900-08-29 11:00:00+01:00;19.4;25.7893142
1900-08-29 12:00:00+01:00;20;25.47768555
1900-08-29 13:00:00+01:00;20.4;24.27532348
1900-08-29 14:00:00+01:00;20.5;24.22946999
1900-08-29 15:00:00+01:00;19.9;23.5709247
1900-08-29 16:00:00+01:00;20.6;18.54579892
1900-08-29 17:00:00+01:00;19.4;12.09736475
1900-08-29 18:00:00+01:00;17.7;8.628749136
1900-08-29 19:00:00+01:00;16.5;8.103570803
1900-08-29 20:00:00+01:00;15.6;7.768932416
1900-08-29 21:00:00+01:00;14.4;7.910942877
1900-08-29 22:00:00+01:00;14.2;7.933841973
1900-08-29 23:00:00+01:00;15;7.99084909
1900-08-30 00:00:00+01:00;14.7;7.878274531
1900-08-30 01:00:00+01:00;14.6;8.025851489
1900-08-30 02:00:00+01:00;15;8.077661808
1900-08-30 03:00:00+01:00;15.1;8.011814723
1900-08-30 04:00:00+01:00;14.7;8.341265859
1900-08-30 05:00:00+01:00;14.8;9.153739715
1900-08-30 06:00:00+01:00;15;11.44583589
1900-08-30 07:00:00+01:00;15.5;19.03602395
1900-08-30 08:00:00+01:00;15.6;24.64816891
1900-08-30 09:00:00+01:00;15.5;23.61174612
1900-08-30 10:00:00+01:00;14.9;24.07805319
1900-08-30 11:00:00+01:00;15;24.10593952
1900-08-30 12:00:00+01:00;14.6;24.1720356
1900-08-30 13:00:00+01:00;15.3;23.32737479
1900-08-30 14:00:00+01:00;15.7;23.07527768
1900-08-30 15:00:00+01:00;15.1;23.5709247
1900-08-30 16:00:00+01:00;15.3;17.90612883
1900-08-30 17:00:00+01:00;15.2;12.09736475
1900-08-30 18:00:00+01:00;15.2;8.628749136
1900-08-30 19:00:00+01:00;15;8.103570803
1900-08-30 20:00:00+01:00;14.8;7.768932416
1900-08-30 21:00:00+01:00;14.5;7.910942877
1900-08-30 22:00:00+01:00;14.3;7.933841973
1900-08-30 23:00:00+01:00;14.4;7.99084909
1900-08-31 00:00:00+01:00;14.4;7.878274531
1900-08-31 01:00:00+01:00;13.7;8.025851489
1900-08-31 02:00:00+01:00;14;8.077661808
1900-08-31 03:00:00+01:00;13.9;8.011814723
1900-08-31 04:00:00+01:00;14;8.341265859
1900-08-31 05:00:00+01:00;13.4;9.153739715
1900-08-31 06:00:00+01:00;13;11.44583589
1900-08-31 07:00:00+01:00;13.1;19.03602395
1900-08-31 08:00:00+01:00;13.4;26.17862292
1900-08-31 09:00:00+01:00;13.9;26.68715986
1900-08-31 10:00:00+01:00;14.6;25.92040564
1900-08-31 11:00:00+01:00;16.3;25.7893142
1900-08-31 12:00:00+01:00;16.3;25.47768555
1900-08-31 13:00:00+01:00;17;24.27532348
1900-08-31 14:00:00+01:00;17.1;24.22946999
1900-08-31 15:00:00+01:00;18.9;23.5709247
1900-08-31 16:00:00+01:00;20;18.54579892
1900-08-31 17:00:00+01:00;17;12.09736475
1900-08-31 18:00:00+01:00;16.9;8.628749136
1900-08-31 19:00:00+01:00;15.6;8.103570803
1900-08-31 20:00:00+01:00;14.8;7.768932416
1900-08-31 21:00:00+01:00;13.5;7.910942877
1900-08-31 22:00:00+01:00;11.9;6.699572888
1900-08-31 23:00:00+01:00;10.1;7.053499997
1900-09-01 00:00:00+01:00;9.3;7.587003635
1900-09-01 01:00:00+01:00;8.5;7.591047059
1900-09-01 02:00:00+01:00;7.7;8.206063551
1900-09-01 03:00:00+01:00;7.7;8.263481203
1900-09-01 04:00:00+01:00;8.4;8.341615799
1900-09-01 05:00:00+01:00;9;8.361733187
1900-09-01 06:00:00+01:00;9.6;9.198486144
1900-09-01 07:00:00+01:00;9.9;9.673042019
1900-09-01 08:00:00+01:00;9.9;9.280900675
1900-09-01 09:00:00+01:00;10.2;8.487883518
1900-09-01 10:00:00+01:00;12.4;7.026171112
1900-09-01 11:00:00+01:00;13.2;6.411764961
1900-09-01 12:00:00+01:00;15.3;6.840482613
1900-09-01 13:00:00+01:00;16.1;6.774870984
1900-09-01 14:00:00+01:00;17.2;6.764800469
1900-09-01 15:00:00+01:00;16.2;6.791894937
1900-09-01 16:00:00+01:00;16.9;6.778377447
1900-09-01 17:00:00+01:00;15.7;6.632659726
1900-09-01 18:00:00+01:00;15.2;6.671357012
1900-09-01 19:00:00+01:00;15.1;6.702048687
1900-09-01 20:00:00+01:00;14.7;6.763284065
1900-09-01 21:00:00+01:00;13.6;6.913619339
1900-09-01 22:00:00+01:00;11.1;7.833520116
1900-09-01 23:00:00+01:00;10.6;8.470115927
1900-09-02 00:00:00+01:00;9.2;8.917080392
1900-09-02 01:00:00+01:00;8.3;8.843780212
1900-09-02 02:00:00+01:00;8.4;9.00116384
1900-09-02 03:00:00+01:00;8;9.032442829
1900-09-02 04:00:00+01:00;7.3;9.476095339
1900-09-02 05:00:00+01:00;9.2;9.271489232
1900-09-02 06:00:00+01:00;10.5;9.557678783
1900-09-02 07:00:00+01:00;12.2;9.43354251
1900-09-02 08:00:00+01:00;15.5;8.064587641
1900-09-02 09:00:00+01:00;16.5;7.397910149
1900-09-02 10:00:00+01:00;18.2;7.165041624
1900-09-02 11:00:00+01:00;19.4;6.970263492
1900-09-02 12:00:00+01:00;19.6;6.840482613
1900-09-02 13:00:00+01:00;19.3;6.774870984
1900-09-02 14:00:00+01:00;21.6;6.764800469
1900-09-02 15:00:00+01:00;20;6.791894937
1900-09-02 16:00:00+01:00;20.8;6.778377447
1900-09-02 17:00:00+01:00;20.1;6.632659726
1900-09-02 18:00:00+01:00;18.3;6.671357012
1900-09-02 19:00:00+01:00;15.3;6.702048687
1900-09-02 20:00:00+01:00;14.4;6.763284065
1900-09-02 21:00:00+01:00;13.6;6.913619339
1900-09-02 22:00:00+01:00;12;7.079109972
1900-09-02 23:00:00+01:00;10.5;7.317426799
1900-09-03 00:00:00+01:00;9.5;7.122571463
1900-09-03 01:00:00+01:00;9.6;7.265794036
1900-09-03 02:00:00+01:00;8.5;7.731959051
1900-09-03 03:00:00+01:00;9;7.615962633
1900-09-03 04:00:00+01:00;7.5;8.184875094
1900-09-03 05:00:00+01:00;7.2;9.625297945
1900-09-03 06:00:00+01:00;7.5;13.25173362
1900-09-03 07:00:00+01:00;10.7;20.41123814
1900-09-03 08:00:00+01:00;14;26.03858611
1900-09-03 09:00:00+01:00;16.5;25.60479038
1900-09-03 10:00:00+01:00;17.2;25.53854907
1900-09-03 11:00:00+01:00;18.2;25.7893142
1900-09-03 12:00:00+01:00;18.6;25.47768555
1900-09-03 13:00:00+01:00;18.7;24.27532348
1900-09-03 14:00:00+01:00;22.1;24.22946999
1900-09-03 15:00:00+01:00;18.8;23.5709247
1900-09-03 16:00:00+01:00;19.5;18.54579892
1900-09-03 17:00:00+01:00;18.4;12.09736475
1900-09-03 18:00:00+01:00;17.1;8.628749136
1900-09-03 19:00:00+01:00;15;8.103570803
1900-09-03 20:00:00+01:00;13.8;7.768932416
1900-09-03 21:00:00+01:00;13.4;7.910942877
1900-09-03 22:00:00+01:00;13;7.933841973
1900-09-03 23:00:00+01:00;13.2;7.99084909
1900-09-04 00:00:00+01:00;9.1;7.500139455
1900-09-04 01:00:00+01:00;8;7.885167805
1900-09-04 02:00:00+01:00;7;8.55700315
1900-09-04 03:00:00+01:00;7.3;8.591101796
1900-09-04 04:00:00+01:00;5.7;9.241378485
1900-09-04 05:00:00+01:00;5.5;10.7066114
1900-09-04 06:00:00+01:00;6.6;14.4874622
1900-09-04 07:00:00+01:00;7.5;22.18048744
1900-09-04 08:00:00+01:00;9.4;29.19072749
1900-09-04 09:00:00+01:00;10.3;29.95152334
1900-09-04 10:00:00+01:00;10.8;29.47672817
1900-09-04 11:00:00+01:00;12.6;28.32904065
1900-09-04 12:00:00+01:00;13.3;27.54292775
1900-09-04 13:00:00+01:00;14.6;25.70091923
1900-09-04 14:00:00+01:00;16.3;24.22946999
1900-09-04 15:00:00+01:00;16.3;23.5709247
1900-09-04 16:00:00+01:00;16;18.54579892
1900-09-04 17:00:00+01:00;15.4;12.09736475
1900-09-04 18:00:00+01:00;14.9;8.628749136
1900-09-04 19:00:00+01:00;13.3;8.103570803
1900-09-04 20:00:00+01:00;13;7.768932416
1900-09-04 21:00:00+01:00;12.6;7.910942877
1900-09-04 22:00:00+01:00;11.2;8.712879834
1900-09-04 23:00:00+01:00;11;7.99084909
1900-09-05 00:00:00+01:00;10.7;8.755887535
1900-09-05 01:00:00+01:00;8.4;9.556240025
1900-09-05 02:00:00+01:00;8.9;9.736214901
1900-09-05 03:00:00+01:00;7.9;10.07652908
1900-09-05 04:00:00+01:00;8;10.50489117
1900-09-05 05:00:00+01:00;7.4;12.65282125
1900-09-05 06:00:00+01:00;9;16.17318902
1900-09-05 07:00:00+01:00;8.7;23.97541689
1900-09-05 08:00:00+01:00;11.8;29.76456228
1900-09-05 09:00:00+01:00;14.1;28.71152607
1900-09-05 10:00:00+01:00;15.4;27.08900273
1900-09-05 11:00:00+01:00;16.8;25.7893142
1900-09-05 12:00:00+01:00;16.5;25.47768555
1900-09-05 13:00:00+01:00;17;24.27532348
1900-09-05 14:00:00+01:00;17.4;24.22946999
1900-09-05 15:00:00+01:00;16.2;23.5709247
1900-09-05 16:00:00+01:00;17.7;18.54579892
1900-09-05 17:00:00+01:00;17.5;12.09736475
1900-09-05 18:00:00+01:00;15.6;8.628749136
1900-09-05 19:00:00+01:00;13.1;8.103570803
1900-09-05 20:00:00+01:00;10.3;8.353835186
1900-09-05 21:00:00+01:00;9.1;8.834892482
1900-09-05 22:00:00+01:00;9.3;8.584325763
1900-09-05 23:00:00+01:00;9.9;8.475551482
1900-09-06 00:00:00+01:00;8.6;8.591731339
1900-09-06 01:00:00+01:00;6.3;9.477913221
1900-09-06 02:00:00+01:00;6.7;9.796031359
1900-09-06 03:00:00+01:00;5.8;10.18916404
1900-09-06 04:00:00+01:00;5.4;10.71320228
1900-09-06 05:00:00+01:00;4.7;12.71047658
1900-09-06 06:00:00+01:00;5.7;17.09158084
1900-09-06 07:00:00+01:00;10;23.86432971
1900-09-06 08:00:00+01:00;11.7;29.88591982
1900-09-06 09:00:00+01:00;13;29.65563109
1900-09-06 10:00:00+01:00;14.8;27.848268
1900-09-06 11:00:00+01:00;15.5;26.76235926
1900-09-06 12:00:00+01:00;16;25.47768555
1900-09-06 13:00:00+01:00;16.1;24.27532348
1900-09-06 14:00:00+01:00;17.1;24.22946999
1900-09-06 15:00:00+01:00;17.5;23.5709247
1900-09-06 16:00:00+01:00;17.2;18.54579892
1900-09-06 17:00:00+01:00;16;12.09736475
1900-09-06 18:00:00+01:00;14.5;8.628749136
1900-09-06 19:00:00+01:00;13.5;8.103570803
1900-09-06 20:00:00+01:00;12.8;8.237341109
1900-09-06 21:00:00+01:00;12.4;7.910942877
1900-09-06 22:00:00+01:00;9.7;8.849522012
1900-09-06 23:00:00+01:00;9.5;8.940149458
1900-09-07 00:00:00+01:00;8;9.136656389
1900-09-07 01:00:00+01:00;8.3;9.250544651
1900-09-07 02:00:00+01:00;8.3;9.569579286
1900-09-07 03:00:00+01:00;8.8;9.444773441
1900-09-07 04:00:00+01:00;8.8;9.844468221
1900-09-07 05:00:00+01:00;9.8;11.57817248
1900-09-07 06:00:00+01:00;10.8;14.76370164
1900-09-07 07:00:00+01:00;12.6;21.77281947
1900-09-07 08:00:00+01:00;13.9;27.67577245
1900-09-07 09:00:00+01:00;15.3;27.18153184
1900-09-07 10:00:00+01:00;15.7;26.35566065
1900-09-07 11:00:00+01:00;17.8;25.7893142
1900-09-07 12:00:00+01:00;18;25.47768555
1900-09-07 13:00:00+01:00;19.6;24.27532348
1900-09-07 14:00:00+01:00;21.9;24.22946999
1900-09-07 15:00:00+01:00;24.2;23.5709247
1900-09-07 16:00:00+01:00;19.8;18.54579892
1900-09-07 17:00:00+01:00;18.8;12.09736475
1900-09-07 18:00:00+01:00;17;8.628749136
1900-09-07 19:00:00+01:00;15.4;8.103570803
1900-09-07 20:00:00+01:00;15.2;7.768932416
1900-09-07 21:00:00+01:00;12.8;7.910942877
1900-09-07 22:00:00+01:00;12.3;7.933841973
1900-09-07 23:00:00+01:00;10.7;7.210021649
1900-09-08 00:00:00+01:00;9.9;7.559369963
1900-09-08 01:00:00+01:00;9.6;7.288504925
1900-09-08 02:00:00+01:00;10.4;7.244570687
1900-09-08 03:00:00+01:00;11;7.075003529
1900-09-08 04:00:00+01:00;10.8;7.014612813
1900-09-08 05:00:00+01:00;11;6.878816622
1900-09-08 06:00:00+01:00;10.6;7.86273147
1900-09-08 07:00:00+01:00;10.9;8.261118644
1900-09-08 08:00:00+01:00;11.8;7.390013468
1900-09-08 09:00:00+01:00;12.7;7.397910149
1900-09-08 10:00:00+01:00;13.1;7.165041624
1900-09-08 11:00:00+01:00;14.4;6.970263492
1900-09-08 12:00:00+01:00;16.3;6.840482613
1900-09-08 13:00:00+01:00;18.6;6.774870984
1900-09-08 14:00:00+01:00;20;6.764800469
1900-09-08 15:00:00+01:00;21.1;6.791894937
1900-09-08 16:00:00+01:00;23.3;6.778377447
1900-09-08 17:00:00+01:00;22.7;6.632659726
1900-09-08 18:00:00+01:00;18.6;6.671357012
1900-09-08 19:00:00+01:00;15.6;6.702048687
1900-09-08 20:00:00+01:00;14.9;6.763284065
1900-09-08 21:00:00+01:00;14.6;6.913619339
1900-09-08 22:00:00+01:00;13.7;7.079109972
1900-09-08 23:00:00+01:00;12.9;7.658970163
1900-09-09 00:00:00+01:00;12.1;7.671980488
1900-09-09 01:00:00+01:00;11.4;6.806594041
1900-09-09 02:00:00+01:00;11.5;6.929696237
1900-09-09 03:00:00+01:00;11.5;6.879774128
1900-09-09 04:00:00+01:00;11.5;6.754524957
1900-09-09 05:00:00+01:00;11.2;6.810466347
1900-09-09 06:00:00+01:00;12.9;7.019157608
1900-09-09 07:00:00+01:00;15;8.876801461
1900-09-09 08:00:00+01:00;15.2;8.064587641
1900-09-09 09:00:00+01:00;16.2;7.397910149
1900-09-09 10:00:00+01:00;17;7.165041624
1900-09-09 11:00:00+01:00;18;6.970263492
1900-09-09 12:00:00+01:00;18.1;6.840482613
1900-09-09 13:00:00+01:00;19;6.774870984
1900-09-09 14:00:00+01:00;20.5;6.764800469
1900-09-09 15:00:00+01:00;20.4;6.791894937
1900-09-09 16:00:00+01:00;21;6.778377447
1900-09-09 17:00:00+01:00;20.2;6.632659726
1900-09-09 18:00:00+01:00;17.6;6.671357012
1900-09-09 19:00:00+01:00;16.6;6.702048687
1900-09-09 20:00:00+01:00;15.4;6.763284065
1900-09-09 21:00:00+01:00;15.3;6.913619339
1900-09-09 22:00:00+01:00;14.5;7.079109972
1900-09-09 23:00:00+01:00;12.2;7.658970163
1900-09-10 00:00:00+01:00;11.9;7.878274531
1900-09-10 01:00:00+01:00;10.6;6.518602016
1900-09-10 02:00:00+01:00;10;6.771987069
1900-09-10 03:00:00+01:00;11;8.011814723
1900-09-10 04:00:00+01:00;11.4;8.341265859
1900-09-10 05:00:00+01:00;11.6;8.398042985
1900-09-10 06:00:00+01:00;11.9;11.48107918
1900-09-10 07:00:00+01:00;13;19.03602395
1900-09-10 08:00:00+01:00;13;25.6245093
1900-09-10 09:00:00+01:00;13.8;26.10819996
1900-09-10 10:00:00+01:00;15.4;24.8771603
1900-09-10 11:00:00+01:00;16;25.7893142
1900-09-10 12:00:00+01:00;16.8;25.47768555
1900-09-10 13:00:00+01:00;16.8;24.27532348
1900-09-10 14:00:00+01:00;17.4;24.22946999
1900-09-10 15:00:00+01:00;16.7;23.5709247
1900-09-10 16:00:00+01:00;16.6;18.54579892
1900-09-10 17:00:00+01:00;15.5;12.09736475
1900-09-10 18:00:00+01:00;14.5;8.628749136
1900-09-10 19:00:00+01:00;13.5;8.103570803
1900-09-10 20:00:00+01:00;12.4;7.252285263
1900-09-10 21:00:00+01:00;11.9;7.491083869
1900-09-10 22:00:00+01:00;10.2;7.791808428
1900-09-10 23:00:00+01:00;9.1;8.107459618
1900-09-11 00:00:00+01:00;9.5;7.842362581
1900-09-11 01:00:00+01:00;9;8.200362189
1900-09-11 02:00:00+01:00;8.8;8.572632715
1900-09-11 03:00:00+01:00;9.4;8.522592527
1900-09-11 04:00:00+01:00;9.7;8.934308679
1900-09-11 05:00:00+01:00;9.7;10.93551325
1900-09-11 06:00:00+01:00;10;14.62915014
1900-09-11 07:00:00+01:00;10.7;22.32021706
1900-09-11 08:00:00+01:00;11.8;28.82027548
1900-09-11 09:00:00+01:00;13.8;28.2221854
1900-09-11 10:00:00+01:00;14.9;26.99113617
1900-09-11 11:00:00+01:00;17.4;25.7893142
1900-09-11 12:00:00+01:00;17.8;25.47768555
1900-09-11 13:00:00+01:00;19.7;24.27532348
1900-09-11 14:00:00+01:00;21.3;24.22946999
1900-09-11 15:00:00+01:00;19;23.5709247
1900-09-11 16:00:00+01:00;19.2;18.54579892
1900-09-11 17:00:00+01:00;18.4;12.09736475
1900-09-11 18:00:00+01:00;16.4;8.628749136
1900-09-11 19:00:00+01:00;15.3;8.103570803
1900-09-11 20:00:00+01:00;14.1;7.768932416
1900-09-11 21:00:00+01:00;11.7;7.59012544
1900-09-11 22:00:00+01:00;10.8;7.568697155
1900-09-11 23:00:00+01:00;11.4;7.99084909
1900-09-12 00:00:00+01:00;11.7;7.878274531
1900-09-12 01:00:00+01:00;11.9;8.025851489
1900-09-12 02:00:00+01:00;12.2;8.077661808
1900-09-12 03:00:00+01:00;12.4;8.011814723
1900-09-12 04:00:00+01:00;12;8.341265859
1900-09-12 05:00:00+01:00;11.6;9.40873789
1900-09-12 06:00:00+01:00;11.8;12.49096538
1900-09-12 07:00:00+01:00;13;19.03602395
1900-09-12 08:00:00+01:00;12.9;26.32983367
1900-09-12 09:00:00+01:00;11.3;28.29082583
1900-09-12 10:00:00+01:00;11.5;28.00676736
1900-09-12 11:00:00+01:00;12;27.73650617
1900-09-12 12:00:00+01:00;13.4;26.47378406
1900-09-12 13:00:00+01:00;13.5;25.81921362
1900-09-12 14:00:00+01:00;13.6;25.63540576
1900-09-12 15:00:00+01:00;13.1;25.07431895
1900-09-12 16:00:00+01:00;11.1;21.72307303
1900-09-12 17:00:00+01:00;11.6;14.01005994
1900-09-12 18:00:00+01:00;9;10.38648861
1900-09-12 19:00:00+01:00;7.5;10.47433192
1900-09-12 20:00:00+01:00;6.5;10.42072407
1900-09-12 21:00:00+01:00;6.4;10.53999629
1900-09-12 22:00:00+01:00;6;10.02200054
1900-09-12 23:00:00+01:00;5.8;10.16679232
1900-09-13 00:00:00+01:00;5.6;10.3897406
1900-09-13 01:00:00+01:00;3.8;11.34200912
1900-09-13 02:00:00+01:00;3.5;11.99771457
1900-09-13 03:00:00+01:00;2.6;12.66308264
1900-09-13 04:00:00+01:00;2;13.55327809
1900-09-13 05:00:00+01:00;1.5;16.20460086
1900-09-13 06:00:00+01:00;2.8;21.99461346
1900-09-13 07:00:00+01:00;6.6;30.00258828
1900-09-13 08:00:00+01:00;8.6;35.78371741
1900-09-13 09:00:00+01:00;10.1;35.24124117
1900-09-13 10:00:00+01:00;12.2;32.36172699
1900-09-13 11:00:00+01:00;14.3;30.08077823
1900-09-13 12:00:00+01:00;14.3;29.43351914
1900-09-13 13:00:00+01:00;14.6;27.6685621
1900-09-13 14:00:00+01:00;12.5;28.75295299
1900-09-13 15:00:00+01:00;12.3;27.71093275
1900-09-13 16:00:00+01:00;12.9;22.03981941
1900-09-13 17:00:00+01:00;11.7;15.89619245
1900-09-13 18:00:00+01:00;9.4;12.29898002
1900-09-13 19:00:00+01:00;6.3;12.94352301
1900-09-13 20:00:00+01:00;5.7;12.68414361
1900-09-13 21:00:00+01:00;5.4;12.86492872
1900-09-13 22:00:00+01:00;5.8;11.99631603
1900-09-13 23:00:00+01:00;3.6;12.66497089
1900-09-14 00:00:00+01:00;4;12.64629834
1900-09-14 01:00:00+01:00;5.1;12.63173847
1900-09-14 02:00:00+01:00;4.8;13.00490985
1900-09-14 03:00:00+01:00;4.7;13.15441812
1900-09-14 04:00:00+01:00;1.7;14.51166561
1900-09-14 05:00:00+01:00;1.3;16.99733399
1900-09-14 06:00:00+01:00;4.9;21.48312353
1900-09-14 07:00:00+01:00;7.1;29.73613053
1900-09-14 08:00:00+01:00;10.2;34.26993877
1900-09-14 09:00:00+01:00;11.6;33.55460979
1900-09-14 10:00:00+01:00;12.5;31.91876647
1900-09-14 11:00:00+01:00;12.8;31.11552717
1900-09-14 12:00:00+01:00;13.9;29.66833101
1900-09-14 13:00:00+01:00;10.6;31.18511304
1900-09-14 14:00:00+01:00;12.9;28.40378466
1900-09-14 15:00:00+01:00;11.4;28.62369327
1900-09-14 16:00:00+01:00;11;23.69583915
1900-09-14 17:00:00+01:00;9.1;17.32602777
1900-09-14 18:00:00+01:00;7.7;13.2121539
1900-09-14 19:00:00+01:00;6;13.24986124
1900-09-14 20:00:00+01:00;4.6;13.31331899
1900-09-14 21:00:00+01:00;4.1;13.58785526
1900-09-14 22:00:00+01:00;3.1;13.0248572
1900-09-14 23:00:00+01:00;3.6;12.91221872
1900-09-15 00:00:00+01:00;4.2;12.82425818
1900-09-15 01:00:00+01:00;3.8;12.63754161
1900-09-15 02:00:00+01:00;4;12.77241976
1900-09-15 03:00:00+01:00;1;13.72514506
1900-09-15 04:00:00+01:00;0.7;14.28254134
1900-09-15 05:00:00+01:00;0.1;15.50541053
1900-09-15 06:00:00+01:00;2.4;16.32675235
1900-09-15 07:00:00+01:00;6;15.55804811
1900-09-15 08:00:00+01:00;7.4;14.26511636
1900-09-15 09:00:00+01:00;9.6;12.17052632
1900-09-15 10:00:00+01:00;11.2;10.4507781
1900-09-15 11:00:00+01:00;12.3;9.271644721
1900-09-15 12:00:00+01:00;13.4;8.125729279
1900-09-15 13:00:00+01:00;14.1;6.774870984
1900-09-15 14:00:00+01:00;13.8;6.764800469
1900-09-15 15:00:00+01:00;14;6.791894937
1900-09-15 16:00:00+01:00;14;6.778377447
1900-09-15 17:00:00+01:00;13.8;6.632659726
1900-09-15 18:00:00+01:00;10.4;9.939438079
1900-09-15 19:00:00+01:00;7.6;11.32006581
1900-09-15 20:00:00+01:00;5.3;12.58882009
1900-09-15 21:00:00+01:00;4.5;12.89811832
1900-09-15 22:00:00+01:00;4.2;12.44994359
1900-09-15 23:00:00+01:00;3.4;13.24625686
1900-09-16 00:00:00+01:00;3;13.12316187
1900-09-16 01:00:00+01:00;2.5;12.9570294
1900-09-16 02:00:00+01:00;2.2;13.28378312
1900-09-16 03:00:00+01:00;-0.5;14.12159569
1900-09-16 04:00:00+01:00;-1.2;14.86795206
1900-09-16 05:00:00+01:00;2.3;14.7755022
1900-09-16 06:00:00+01:00;2.7;15.99510832
1900-09-16 07:00:00+01:00;4.4;16.10855004
1900-09-16 08:00:00+01:00;5.6;15.00186332
1900-09-16 09:00:00+01:00;6.7;13.61977318
1900-09-16 10:00:00+01:00;8.9;11.73500995
1900-09-16 11:00:00+01:00;10.9;10.05833345
1900-09-16 12:00:00+01:00;12.4;8.655706631
1900-09-16 13:00:00+01:00;14.3;6.774870984
1900-09-16 14:00:00+01:00;15.2;6.764800469
1900-09-16 15:00:00+01:00;14.6;6.791894937
1900-09-16 16:00:00+01:00;14.6;6.778377447
1900-09-16 17:00:00+01:00;13.7;6.632659726
1900-09-16 18:00:00+01:00;12.8;8.966979924
1900-09-16 19:00:00+01:00;11.8;9.544768331
1900-09-16 20:00:00+01:00;12;9.21548011
1900-09-16 21:00:00+01:00;10.6;10.28857255
1900-09-16 22:00:00+01:00;10.5;10.29657753
1900-09-16 23:00:00+01:00;9.9;10.72599881
1900-09-17 00:00:00+01:00;8.6;10.97790143
1900-09-17 01:00:00+01:00;8.9;10.99777566
1900-09-17 02:00:00+01:00;8.5;11.27525448
1900-09-17 03:00:00+01:00;7.6;11.42151235
1900-09-17 04:00:00+01:00;7.9;11.76565351
1900-09-17 05:00:00+01:00;7.6;14.12705347
1900-09-17 06:00:00+01:00;8.1;17.69144076
1900-09-17 07:00:00+01:00;9.4;25.19696001
1900-09-17 08:00:00+01:00;11;31.27797337
1900-09-17 09:00:00+01:00;11.3;31.42225663
1900-09-17 10:00:00+01:00;12.6;29.74873934
1900-09-17 11:00:00+01:00;12.3;29.5330134
1900-09-17 12:00:00+01:00;12;29.31140381
1900-09-17 13:00:00+01:00;12.1;28.19876457
1900-09-17 14:00:00+01:00;11.6;28.31559125
1900-09-17 15:00:00+01:00;12.1;26.87592897
1900-09-17 16:00:00+01:00;12.3;21.54955342
1900-09-17 17:00:00+01:00;12;14.65558652
1900-09-17 18:00:00+01:00;12.3;9.917079975
1900-09-17 19:00:00+01:00;12.5;9.202426255
1900-09-17 20:00:00+01:00;12.5;8.807031285
1900-09-17 21:00:00+01:00;12.2;7.910942877
1900-09-17 22:00:00+01:00;12.4;7.933841973
1900-09-17 23:00:00+01:00;12.1;7.99084909
1900-09-18 00:00:00+01:00;11.6;7.878274531
1900-09-18 01:00:00+01:00;11.5;8.025851489
1900-09-18 02:00:00+01:00;11.5;8.077661808
1900-09-18 03:00:00+01:00;11.2;8.011814723
1900-09-18 04:00:00+01:00;11.1;8.341265859
1900-09-18 05:00:00+01:00;10.3;12.23063735
1900-09-18 06:00:00+01:00;10.5;15.67887417
1900-09-18 07:00:00+01:00;11.4;23.24978129
1900-09-18 08:00:00+01:00;13;29.02062847
1900-09-18 09:00:00+01:00;13.6;29.01646644
1900-09-18 10:00:00+01:00;14.4;27.82310839
1900-09-18 11:00:00+01:00;14.7;27.01214752
1900-09-18 12:00:00+01:00;15.3;26.06012263
1900-09-18 13:00:00+01:00;14.4;25.76601604
1900-09-18 14:00:00+01:00;14.2;25.45340919
1900-09-18 15:00:00+01:00;15;23.5709247
1900-09-18 16:00:00+01:00;14.4;19.48033452
1900-09-18 17:00:00+01:00;14.8;12.83640584
1900-09-18 18:00:00+01:00;14;8.628749136
1900-09-18 19:00:00+01:00;12.1;8.319447713
1900-09-18 20:00:00+01:00;10.2;8.331630548
1900-09-18 21:00:00+01:00;9.5;8.617984202
1900-09-18 22:00:00+01:00;8.1;8.662406172
1900-09-18 23:00:00+01:00;8;8.739144253
1900-09-19 00:00:00+01:00;8.2;8.778261365
1900-09-19 01:00:00+01:00;9.8;8.664724997
1900-09-19 02:00:00+01:00;9.8;9.064696277
1900-09-19 03:00:00+01:00;10;9.119990212
1900-09-19 04:00:00+01:00;10;9.719069002
1900-09-19 05:00:00+01:00;10;11.95670478
1900-09-19 06:00:00+01:00;10.2;15.56628853
1900-09-19 07:00:00+01:00;11;23.28901092
1900-09-19 08:00:00+01:00;11.3;30.01517164
1900-09-19 09:00:00+01:00;13.3;29.35402483
1900-09-19 10:00:00+01:00;14.1;28.21046394
1900-09-19 11:00:00+01:00;15.2;26.85083992
1900-09-19 12:00:00+01:00;15.9;25.47768555
1900-09-19 13:00:00+01:00;16.7;24.27532348
1900-09-19 14:00:00+01:00;17.3;24.22946999
1900-09-19 15:00:00+01:00;16.9;23.5709247
1900-09-19 16:00:00+01:00;16;18.54579892
1900-09-19 17:00:00+01:00;15.8;12.09736475
1900-09-19 18:00:00+01:00;14.4;8.628749136
1900-09-19 19:00:00+01:00;15.9;8.103570803
1900-09-19 20:00:00+01:00;14.3;7.768932416
1900-09-19 21:00:00+01:00;13.5;7.910942877
1900-09-19 22:00:00+01:00;15;7.933841973
1900-09-19 23:00:00+01:00;12.1;7.99084909
1900-09-20 00:00:00+01:00;12.7;7.878274531
1900-09-20 01:00:00+01:00;12.5;8.025851489
1900-09-20 02:00:00+01:00;11.7;8.077661808
1900-09-20 03:00:00+01:00;11.5;8.011814723
1900-09-20 04:00:00+01:00;9.3;8.573599735
1900-09-20 05:00:00+01:00;8.7;10.44081372
1900-09-20 06:00:00+01:00;10.4;13.80766781
1900-09-20 07:00:00+01:00;11.5;21.03240467
1900-09-20 08:00:00+01:00;13.5;26.93114482
1900-09-20 09:00:00+01:00;14.8;26.69552527
1900-09-20 10:00:00+01:00;16;25.43079033
1900-09-20 11:00:00+01:00;16.9;25.7893142
1900-09-20 12:00:00+01:00;17.5;25.47768555
1900-09-20 13:00:00+01:00;17.7;24.27532348
1900-09-20 14:00:00+01:00;18;24.22946999
1900-09-20 15:00:00+01:00;18.3;23.5709247
1900-09-20 16:00:00+01:00;17.6;18.54579892
1900-09-20 17:00:00+01:00;16.4;12.09736475
1900-09-20 18:00:00+01:00;14.8;8.628749136
1900-09-20 19:00:00+01:00;15.1;8.103570803
1900-09-20 20:00:00+01:00;13.7;7.768932416
1900-09-20 21:00:00+01:00;12.9;7.910942877
1900-09-20 22:00:00+01:00;11.4;7.257039338
1900-09-20 23:00:00+01:00;10.3;7.546492434
1900-09-21 00:00:00+01:00;10.4;7.341295349
1900-09-21 01:00:00+01:00;10.9;7.445784338
1900-09-21 02:00:00+01:00;9.4;8.117779155
1900-09-21 03:00:00+01:00;8.4;8.518838556
1900-09-21 04:00:00+01:00;8.7;8.807444769
1900-09-21 05:00:00+01:00;9.4;10.40969564
1900-09-21 06:00:00+01:00;8.2;14.10311193
1900-09-21 07:00:00+01:00;9.8;21.48407772
1900-09-21 08:00:00+01:00;11.2;28.6289836
1900-09-21 09:00:00+01:00;13.2;28.21421165
1900-09-21 10:00:00+01:00;14.7;26.80865227
1900-09-21 11:00:00+01:00;14.8;26.32941295
1900-09-21 12:00:00+01:00;15;25.87900501
1900-09-21 13:00:00+01:00;15.1;25.00199949
1900-09-21 14:00:00+01:00;15.5;24.17566611
1900-09-21 15:00:00+01:00;15.8;23.5709247
1900-09-21 16:00:00+01:00;15.9;18.53645046
1900-09-21 17:00:00+01:00;15.9;12.09736475
1900-09-21 18:00:00+01:00;15.7;8.628749136
1900-09-21 19:00:00+01:00;15.5;8.103570803
1900-09-21 20:00:00+01:00;15.4;7.768932416
1900-09-21 21:00:00+01:00;15;7.910942877
1900-09-21 22:00:00+01:00;14;7.933841973
1900-09-21 23:00:00+01:00;12.2;7.99084909
1900-09-22 00:00:00+01:00;11;8.085994147
1900-09-22 01:00:00+01:00;12;7.448531989
1900-09-22 02:00:00+01:00;13.6;7.412753506
1900-09-22 03:00:00+01:00;13.5;7.390119585
1900-09-22 04:00:00+01:00;13;7.294583216
1900-09-22 05:00:00+01:00;13.4;7.324002212
1900-09-22 06:00:00+01:00;13.2;7.586353514
1900-09-22 07:00:00+01:00;12.5;8.285435431
1900-09-22 08:00:00+01:00;12.6;8.064587641
1900-09-22 09:00:00+01:00;14.2;7.397910149
1900-09-22 10:00:00+01:00;15.7;7.165041624
1900-09-22 11:00:00+01:00;16;6.970263492
1900-09-22 12:00:00+01:00;16.5;6.840482613
1900-09-22 13:00:00+01:00;16.6;6.774870984
1900-09-22 14:00:00+01:00;17.2;6.764800469
1900-09-22 15:00:00+01:00;16.7;6.791894937
1900-09-22 16:00:00+01:00;16.4;6.778377447
1900-09-22 17:00:00+01:00;15.6;6.632659726
1900-09-22 18:00:00+01:00;13.9;6.671357012
1900-09-22 19:00:00+01:00;14.1;6.702048687
1900-09-22 20:00:00+01:00;14;6.763284065
1900-09-22 21:00:00+01:00;13.6;6.913619339
1900-09-22 22:00:00+01:00;12.4;7.079109972
1900-09-22 23:00:00+01:00;12.7;7.658970163
1900-09-23 00:00:00+01:00;11.8;7.277793341
1900-09-23 01:00:00+01:00;10.9;7.099573924
1900-09-23 02:00:00+01:00;9.8;7.69076147
1900-09-23 03:00:00+01:00;9.8;7.669207356
1900-09-23 04:00:00+01:00;8.5;8.315790713
1900-09-23 05:00:00+01:00;8.9;8.400610758
1900-09-23 06:00:00+01:00;8.2;9.825059876
1900-09-23 07:00:00+01:00;9.7;9.809361825
1900-09-23 08:00:00+01:00;11.6;8.37427692
1900-09-23 09:00:00+01:00;12.4;7.320106313
1900-09-23 10:00:00+01:00;14.2;7.165041624
1900-09-23 11:00:00+01:00;13.8;6.970263492
1900-09-23 12:00:00+01:00;14.4;6.840482613
1900-09-23 13:00:00+01:00;14.2;6.774870984
1900-09-23 14:00:00+01:00;14;6.764800469
1900-09-23 15:00:00+01:00;13.9;6.791894937
1900-09-23 16:00:00+01:00;13.6;6.778377447
1900-09-23 17:00:00+01:00;12.9;6.43446855
1900-09-23 18:00:00+01:00;12.8;6.523595717
1900-09-23 19:00:00+01:00;12.8;6.775525856
1900-09-23 20:00:00+01:00;12.6;7.029216842
1900-09-23 21:00:00+01:00;12.6;7.291301981
1900-09-23 22:00:00+01:00;12.3;7.079109972
1900-09-23 23:00:00+01:00;12.6;7.658970163
1900-09-24 00:00:00+01:00;12.8;7.878274531
1900-09-24 01:00:00+01:00;12.7;8.025851489
1900-09-24 02:00:00+01:00;13.4;8.077661808
1900-09-24 03:00:00+01:00;13.1;8.011814723
1900-09-24 04:00:00+01:00;12.7;8.341265859
1900-09-24 05:00:00+01:00;12.6;9.153739715
1900-09-24 06:00:00+01:00;13;11.44583589
1900-09-24 07:00:00+01:00;13.1;19.03602395
1900-09-24 08:00:00+01:00;13.3;27.55488791
1900-09-24 09:00:00+01:00;13.4;28.0634738
1900-09-24 10:00:00+01:00;13.2;27.77543207
1900-09-24 11:00:00+01:00;13.3;27.40844942
1900-09-24 12:00:00+01:00;13.5;26.92285307
1900-09-24 13:00:00+01:00;14;25.72312076
1900-09-24 14:00:00+01:00;14;25.38646392
1900-09-24 15:00:00+01:00;13.7;24.54341166
1900-09-24 16:00:00+01:00;13.7;19.79206983
1900-09-24 17:00:00+01:00;13.3;13.19573298
1900-09-24 18:00:00+01:00;12;8.919920494
1900-09-24 19:00:00+01:00;10.4;8.696964964
1900-09-24 20:00:00+01:00;8.6;8.924647863
1900-09-24 21:00:00+01:00;8.4;9.027623391
1900-09-24 22:00:00+01:00;8;8.692293667
1900-09-24 23:00:00+01:00;8.5;8.614581288
1900-09-25 00:00:00+01:00;8.7;8.673646716
1900-09-25 01:00:00+01:00;9.6;8.765952612
1900-09-25 02:00:00+01:00;10;8.908835829
1900-09-25 03:00:00+01:00;10;9.279945854
1900-09-25 04:00:00+01:00;10.1;9.928889568
1900-09-25 05:00:00+01:00;10;12.35972084
1900-09-25 06:00:00+01:00;10.4;16.01060846
1900-09-25 07:00:00+01:00;11.4;23.79448994
1900-09-25 08:00:00+01:00;12.4;29.92272129
1900-09-25 09:00:00+01:00;13;29.99717635
1900-09-25 10:00:00+01:00;13.7;28.83711823
1900-09-25 11:00:00+01:00;15.6;26.81867279
1900-09-25 12:00:00+01:00;15;26.79248425
1900-09-25 13:00:00+01:00;14.7;25.9578471
1900-09-25 14:00:00+01:00;14.2;25.84281378
1900-09-25 15:00:00+01:00;14.2;24.67070354
1900-09-25 16:00:00+01:00;13;20.83984307
1900-09-25 17:00:00+01:00;12;14.28715806
1900-09-25 18:00:00+01:00;11.3;9.82971773
1900-09-25 19:00:00+01:00;12;8.985465779
1900-09-25 20:00:00+01:00;11.4;8.69156166
1900-09-25 21:00:00+01:00;11.6;8.587230043
1900-09-25 22:00:00+01:00;11.3;8.381259364
1900-09-25 23:00:00+01:00;10.7;8.525613351
1900-09-26 00:00:00+01:00;10;8.474764381
1900-09-26 01:00:00+01:00;9.8;8.710476221
1900-09-26 02:00:00+01:00;9.3;9.216848038
1900-09-26 03:00:00+01:00;9.2;9.344785932
1900-09-26 04:00:00+01:00;8.4;10.09861506
1900-09-26 05:00:00+01:00;7.6;12.38484861
1900-09-26 06:00:00+01:00;7.2;16.51331653
1900-09-26 07:00:00+01:00;8;24.61832764
1900-09-26 08:00:00+01:00;10;31.13724274
1900-09-26 09:00:00+01:00;11.2;31.11653295
1900-09-26 10:00:00+01:00;12.3;29.7870192
1900-09-26 11:00:00+01:00;13;28.96395441
1900-09-26 12:00:00+01:00;13.4;28.23950371
1900-09-26 13:00:00+01:00;13.3;27.255095
1900-09-26 14:00:00+01:00;14.3;25.93132883
1900-09-26 15:00:00+01:00;14.3;24.75267269
1900-09-26 16:00:00+01:00;14.5;19.98627041
1900-09-26 17:00:00+01:00;12.7;14.06592522
1900-09-26 18:00:00+01:00;10;10.53874154
1900-09-26 19:00:00+01:00;6.8;11.29418456
1900-09-26 20:00:00+01:00;5.4;11.37658361
1900-09-26 21:00:00+01:00;6;11.25259435
1900-09-26 22:00:00+01:00;4.3;11.12760385
1900-09-26 23:00:00+01:00;4.4;11.21733162
1900-09-27 00:00:00+01:00;3.5;11.63683133
1900-09-27 01:00:00+01:00;3.3;12.15551167
1900-09-27 02:00:00+01:00;2.9;12.76734836
1900-09-27 03:00:00+01:00;3.7;12.88590998
1900-09-27 04:00:00+01:00;4.5;13.4108807
1900-09-27 05:00:00+01:00;5;15.98603921
1900-09-27 06:00:00+01:00;5.9;20.61487419
1900-09-27 07:00:00+01:00;6.1;29.88271775
1900-09-27 08:00:00+01:00;6.9;36.6952004
1900-09-27 09:00:00+01:00;7.8;36.87742548
1900-09-27 10:00:00+01:00;8.2;35.79147935
1900-09-27 11:00:00+01:00;8.9;35.02131742
1900-09-27 12:00:00+01:00;9.5;33.95486214
1900-09-27 13:00:00+01:00;10.2;31.85019648
1900-09-27 14:00:00+01:00;10.6;31.17368792
1900-09-27 15:00:00+01:00;10.5;29.96862227
1900-09-27 16:00:00+01:00;10.3;24.61325196
1900-09-27 17:00:00+01:00;9.2;17.67162364
1900-09-27 18:00:00+01:00;8.1;13.50628343
1900-09-27 19:00:00+01:00;6.2;13.63934988
1900-09-27 20:00:00+01:00;5.5;13.44283289
1900-09-27 21:00:00+01:00;5.4;13.56583258
1900-09-27 22:00:00+01:00;4.8;12.9898032
1900-09-27 23:00:00+01:00;5.2;12.93919914
1900-09-28 00:00:00+01:00;5.2;12.94905031
1900-09-28 01:00:00+01:00;5.1;13.23217635
1900-09-28 02:00:00+01:00;5.5;13.38540609
1900-09-28 03:00:00+01:00;6;13.37965097
1900-09-28 04:00:00+01:00;5.6;14.28001761
1900-09-28 05:00:00+01:00;6;17.17762069
1900-09-28 06:00:00+01:00;5;22.42692463
1900-09-28 07:00:00+01:00;5;32.19116508
1900-09-28 08:00:00+01:00;6.2;38.50113553
1900-09-28 09:00:00+01:00;7.3;38.30269273
1900-09-28 10:00:00+01:00;9.7;35.26030626
1900-09-28 11:00:00+01:00;10.1;34.36411355
1900-09-28 12:00:00+01:00;10.1;33.65673174
1900-09-28 13:00:00+01:00;11.1;30.76047774
1900-09-28 14:00:00+01:00;11;30.78087672
1900-09-28 15:00:00+01:00;11.5;28.80588993
1900-09-28 16:00:00+01:00;11;23.89640536
1900-09-28 17:00:00+01:00;10;17.04287557
1900-09-28 18:00:00+01:00;9.6;12.53711689
1900-09-28 19:00:00+01:00;8.2;12.40023085
1900-09-28 20:00:00+01:00;7.5;12.19452021
1900-09-28 21:00:00+01:00;7.1;12.35999606
1900-09-28 22:00:00+01:00;7.4;11.65504683
1900-09-28 23:00:00+01:00;7.1;11.76935747
1900-09-29 00:00:00+01:00;6.5;11.9650681
1900-09-29 01:00:00+01:00;6.9;11.5060061
1900-09-29 02:00:00+01:00;6.7;11.66267386
1900-09-29 03:00:00+01:00;6.6;11.62651885
1900-09-29 04:00:00+01:00;6.4;11.95129535
1900-09-29 05:00:00+01:00;6.1;13.19783589
1900-09-29 06:00:00+01:00;6.2;14.0350971
1900-09-29 07:00:00+01:00;6.4;14.57437931
1900-09-29 08:00:00+01:00;6.5;13.93203202
1900-09-29 09:00:00+01:00;7;12.84075141
1900-09-29 10:00:00+01:00;7;12.40156566
1900-09-29 11:00:00+01:00;7;12.08064559
1900-09-29 12:00:00+01:00;7.4;11.31866289
1900-09-29 13:00:00+01:00;7.8;11.19710406
1900-09-29 14:00:00+01:00;7.9;11.13531754
1900-09-29 15:00:00+01:00;8;11.20678334
1900-09-29 16:00:00+01:00;7.2;11.8579256
1900-09-29 17:00:00+01:00;7;11.80011793
1900-09-29 18:00:00+01:00;7.4;11.50871115
1900-09-29 19:00:00+01:00;7.5;11.58555492
1900-09-29 20:00:00+01:00;7.4;11.82293753
1900-09-29 21:00:00+01:00;7.4;11.99989073
1900-09-29 22:00:00+01:00;7.7;11.68860271
1900-09-29 23:00:00+01:00;7.8;12.06152996
1900-09-30 00:00:00+01:00;7.8;12.02813092
1900-09-30 01:00:00+01:00;8.2;11.58944357
1900-09-30 02:00:00+01:00;8.5;11.54450335
1900-09-30 03:00:00+01:00;8.3;11.49402679
1900-09-30 04:00:00+01:00;9;11.4494832
1900-09-30 05:00:00+01:00;9;12.83218066
1900-09-30 06:00:00+01:00;9.3;13.06681767
1900-09-30 07:00:00+01:00;9.7;13.28309221
1900-09-30 08:00:00+01:00;10.4;12.03371326
1900-09-30 09:00:00+01:00;12.2;9.912872715
1900-09-30 10:00:00+01:00;14;7.165041624
1900-09-30 11:00:00+01:00;15;6.970263492
1900-09-30 12:00:00+01:00;15.8;6.840482613
1900-09-30 13:00:00+01:00;15.8;6.774870984
1900-09-30 14:00:00+01:00;16.1;6.764800469
1900-09-30 15:00:00+01:00;15.6;6.791894937
1900-09-30 16:00:00+01:00;14.6;6.778377447
1900-09-30 17:00:00+01:00;13.4;6.632659726
1900-09-30 18:00:00+01:00;13.2;6.671357012
1900-09-30 19:00:00+01:00;11.3;7.826977688
1900-09-30 20:00:00+01:00;11.1;8.01201444
1900-09-30 21:00:00+01:00;9.6;8.684930128
1900-09-30 22:00:00+01:00;9;8.879259023
1900-09-30 23:00:00+01:00;9;9.372101871
1900-10-01 00:00:00+01:00;9.5;8.829367123
1900-10-01 01:00:00+01:00;9.4;9.023697574
1900-10-01 02:00:00+01:00;9.4;9.390352229
1900-10-01 03:00:00+01:00;9.7;9.356315413
1900-10-01 04:00:00+01:00;9.6;9.932014167
1900-10-01 05:00:00+01:00;9.3;12.1851328
1900-10-01 06:00:00+01:00;9.5;15.88766986
1900-10-01 07:00:00+01:00;9.8;23.37306734
1900-10-01 08:00:00+01:00;9.9;30.54475024
1900-10-01 09:00:00+01:00;10.3;31.32183853
1900-10-01 10:00:00+01:00;11.1;30.36644345
1900-10-01 11:00:00+01:00;11.6;29.86402692
1900-10-01 12:00:00+01:00;11.8;29.36757091
1900-10-01 13:00:00+01:00;11.9;28.31161004
1900-10-01 14:00:00+01:00;12.3;27.7856123
1900-10-01 15:00:00+01:00;12.4;26.58283418
1900-10-01 16:00:00+01:00;12.9;21.02107043
1900-10-01 17:00:00+01:00;12.8;14.20382858
1900-10-01 18:00:00+01:00;10.5;10.57508938
1900-10-01 19:00:00+01:00;10;10.11162742
1900-10-01 20:00:00+01:00;9;10.06157809
1900-10-01 21:00:00+01:00;9;10.05788601
1900-10-01 22:00:00+01:00;8.5;9.790170612
1900-10-01 23:00:00+01:00;7.6;10.07713803
1900-10-02 00:00:00+01:00;6.5;10.45478068
1900-10-02 01:00:00+01:00;7.5;10.51628547
1900-10-02 02:00:00+01:00;6.4;11.22877048
1900-10-02 03:00:00+01:00;6.3;11.48309652
1900-10-02 04:00:00+01:00;6.7;12.08121431
1900-10-02 05:00:00+01:00;7;14.59512466
1900-10-02 06:00:00+01:00;8;18.49581388
1900-10-02 07:00:00+01:00;8.2;27.1589331
1900-10-02 08:00:00+01:00;9.4;33.41020164
1900-10-02 09:00:00+01:00;9.8;33.88835336
1900-10-02 10:00:00+01:00;10.5;32.61064715
1900-10-02 11:00:00+01:00;11;31.64087515
1900-10-02 12:00:00+01:00;11.4;30.79654
1900-10-02 13:00:00+01:00;12;29.03010833
1900-10-02 14:00:00+01:00;12.5;28.19595655
1900-10-02 15:00:00+01:00;12.2;27.2727
1900-10-02 16:00:00+01:00;11.8;22.45316835
1900-10-02 17:00:00+01:00;10.6;15.91618009
1900-10-02 18:00:00+01:00;9.3;11.76118923
1900-10-02 19:00:00+01:00;7.3;11.96752348
1900-10-02 20:00:00+01:00;7;11.60935126
1900-10-02 21:00:00+01:00;6.6;11.8376883
1900-10-02 22:00:00+01:00;6.6;11.23190001
1900-10-02 23:00:00+01:00;7;11.18193713
1900-10-03 00:00:00+01:00;6.5;11.34390354
1900-10-03 01:00:00+01:00;7;11.5091043
1900-10-03 02:00:00+01:00;7.1;11.80566807
1900-10-03 03:00:00+01:00;7.2;11.90208397
1900-10-03 04:00:00+01:00;8.1;12.39764175
1900-10-03 05:00:00+01:00;8.7;15.0377157
1900-10-03 06:00:00+01:00;8.9;18.74595287
1900-10-03 07:00:00+01:00;9.4;27.05581492
1900-10-03 08:00:00+01:00;9.6;33.69836681
1900-10-03 09:00:00+01:00;9.8;34.26058823
1900-10-03 10:00:00+01:00;9.8;33.51121962
1900-10-03 11:00:00+01:00;9.9;33.1186751
1900-10-03 12:00:00+01:00;10.2;32.32712414
1900-10-03 13:00:00+01:00;10.7;30.49797839
1900-10-03 14:00:00+01:00;11.4;29.53598652
1900-10-03 15:00:00+01:00;12.5;27.19305625
1900-10-03 16:00:00+01:00;12.2;22.29822897
1900-10-03 17:00:00+01:00;10.9;15.92353525
1900-10-03 18:00:00+01:00;10;11.60857715
1900-10-03 19:00:00+01:00;9.2;11.21269422
1900-10-03 20:00:00+01:00;8.7;10.91149474
1900-10-03 21:00:00+01:00;7.1;11.53832836
1900-10-03 22:00:00+01:00;6.4;11.13482708
1900-10-03 23:00:00+01:00;5.6;11.39867257
1900-10-04 00:00:00+01:00;4.8;11.67602624
1900-10-04 01:00:00+01:00;4.4;12.13832042
1900-10-04 02:00:00+01:00;4.5;12.51937286
1900-10-04 03:00:00+01:00;4.2;12.85055591
1900-10-04 04:00:00+01:00;4.3;13.56172432
1900-10-04 05:00:00+01:00;4.8;16.20783292
1900-10-04 06:00:00+01:00;4.3;21.63662847
1900-10-04 07:00:00+01:00;4.9;31.15601869
1900-10-04 08:00:00+01:00;7.5;36.67815179
1900-10-04 09:00:00+01:00;10.6;34.79769226
1900-10-04 10:00:00+01:00;12.1;32.35389251
1900-10-04 11:00:00+01:00;13.5;30.59075571
1900-10-04 12:00:00+01:00;15.4;28.38718248
1900-10-04 13:00:00+01:00;16.2;24.27532348
1900-10-04 14:00:00+01:00;13;28.05196034
1900-10-04 15:00:00+01:00;12.2;27.56293199
1900-10-04 16:00:00+01:00;11;23.42205036
1900-10-04 17:00:00+01:00;10;16.53538343
1900-10-04 18:00:00+01:00;9.7;11.94435733
1900-10-04 19:00:00+01:00;8.6;11.73017899
1900-10-04 20:00:00+01:00;7.4;11.77076629
1900-10-04 21:00:00+01:00;7.2;11.87579309
1900-10-04 22:00:00+01:00;6.7;11.43603957
1900-10-04 23:00:00+01:00;6.2;11.59850033
1900-10-05 00:00:00+01:00;5.8;11.7105023
1900-10-05 01:00:00+01:00;4.8;12.24445048
1900-10-05 02:00:00+01:00;3.4;12.96764285
1900-10-05 03:00:00+01:00;2.4;13.4632132
1900-10-05 04:00:00+01:00;2.4;14.06928566
1900-10-05 05:00:00+01:00;1.9;16.65100724
1900-10-05 06:00:00+01:00;3.6;21.83524588
1900-10-05 07:00:00+01:00;4.8;30.86553406
1900-10-05 08:00:00+01:00;5.5;37.914964
1900-10-05 09:00:00+01:00;7;37.67791269
1900-10-05 10:00:00+01:00;7.7;36.335137
1900-10-05 11:00:00+01:00;8.5;35.54305174
1900-10-05 12:00:00+01:00;9.2;34.44530396
1900-10-05 13:00:00+01:00;9.6;32.66490311
1900-10-05 14:00:00+01:00;8.8;33.30117621
1900-10-05 15:00:00+01:00;8.9;31.92304563
1900-10-05 16:00:00+01:00;8.9;25.91323435
1900-10-05 17:00:00+01:00;6.1;19.37816385
1900-10-05 18:00:00+01:00;5;15.05547214
1900-10-05 19:00:00+01:00;3.4;15.1630025
1900-10-05 20:00:00+01:00;2.6;15.05392655
1900-10-05 21:00:00+01:00;2.5;15.29454287
1900-10-05 22:00:00+01:00;1.4;14.69312131
1900-10-05 23:00:00+01:00;1;14.98083209
1900-10-06 00:00:00+01:00;0.5;15.14045385
1900-10-06 01:00:00+01:00;0.5;14.90701034
1900-10-06 02:00:00+01:00;0.1;15.27087262
1900-10-06 03:00:00+01:00;-1;15.70415434
1900-10-06 04:00:00+01:00;-0.3;16.05874058
1900-10-06 05:00:00+01:00;0.1;17.59015637
1900-10-06 06:00:00+01:00;0.2;19.07990855
1900-10-06 07:00:00+01:00;0.4;20.07789032
1900-10-06 08:00:00+01:00;1.6;19.05288267
1900-10-06 09:00:00+01:00;3.8;17.05077005
1900-10-06 10:00:00+01:00;5;15.5854161
1900-10-06 11:00:00+01:00;6.4;14.22832315
1900-10-06 12:00:00+01:00;7.3;13.10140917
1900-10-06 13:00:00+01:00;8.5;12.11169809
1900-10-06 14:00:00+01:00;8.5;11.92502049
1900-10-06 15:00:00+01:00;8;12.3964081
1900-10-06 16:00:00+01:00;8.1;12.6774966
1900-10-06 17:00:00+01:00;6.3;13.69278709
1900-10-06 18:00:00+01:00;3.5;15.15187432
1900-10-06 19:00:00+01:00;2.2;15.85839878
1900-10-06 20:00:00+01:00;0.9;16.76529702
1900-10-06 21:00:00+01:00;1.2;16.69001492
1900-10-06 22:00:00+01:00;-1;16.51369399
1900-10-06 23:00:00+01:00;-1.2;17.16120226
1900-10-07 00:00:00+01:00;-2.5;17.14054036
1900-10-07 01:00:00+01:00;-2.1;16.75701265
1900-10-07 02:00:00+01:00;-4.3;17.65843351
1900-10-07 03:00:00+01:00;-4.6;17.91529186
1900-10-07 04:00:00+01:00;-5.3;18.89658381
1900-10-07 05:00:00+01:00;-6.3;21.15047595
1900-10-07 06:00:00+01:00;-6.8;23.68249793
1900-10-07 07:00:00+01:00;-3;23.35060288
1900-10-07 08:00:00+01:00;2;20.27728328
1900-10-07 09:00:00+01:00;4;18.17985727
1900-10-07 10:00:00+01:00;5.9;15.97652235
1900-10-07 11:00:00+01:00;7.6;14.27603491
1900-10-07 12:00:00+01:00;8.7;12.9766481
1900-10-07 13:00:00+01:00;9;12.35707194
1900-10-07 14:00:00+01:00;9.4;11.79772472
1900-10-07 15:00:00+01:00;9.3;11.91582353
1900-10-07 16:00:00+01:00;8.8;12.78474997
1900-10-07 17:00:00+01:00;7.6;13.54823325
1900-10-07 18:00:00+01:00;7.1;14.10442006
1900-10-07 19:00:00+01:00;7.2;14.15667421
1900-10-07 20:00:00+01:00;5.7;14.87523703
1900-10-07 21:00:00+01:00;6;15.06305767
1900-10-07 22:00:00+01:00;5.1;14.79835625
1900-10-07 23:00:00+01:00;4.1;15.37160317
1900-10-08 00:00:00+01:00;4.1;15.4946713
1900-10-08 01:00:00+01:00;3.3;15.89941844
1900-10-08 02:00:00+01:00;0.6;16.75925579
1900-10-08 03:00:00+01:00;-1.2;17.42156297
1900-10-08 04:00:00+01:00;-1.5;18.18656867
1900-10-08 05:00:00+01:00;-3.1;21.34783703
1900-10-08 06:00:00+01:00;-3.9;29.25869736
1900-10-08 07:00:00+01:00;-2;39.90243455
1900-10-08 08:00:00+01:00;3.2;43.77463295
1900-10-08 09:00:00+01:00;5.3;42.53118426
1900-10-08 10:00:00+01:00;6.5;40.16945509
1900-10-08 11:00:00+01:00;8.4;38.02536506
1900-10-08 12:00:00+01:00;9.3;36.30187821
1900-10-08 13:00:00+01:00;10;33.84197801
1900-10-08 14:00:00+01:00;10.4;32.77420866
1900-10-08 15:00:00+01:00;10;31.67956746
1900-10-08 16:00:00+01:00;10;25.7418383
1900-10-08 17:00:00+01:00;8.6;18.8868142
1900-10-08 18:00:00+01:00;4.6;16.05519468
1900-10-08 19:00:00+01:00;3;16.15036001
1900-10-08 20:00:00+01:00;1.8;16.22386161
1900-10-08 21:00:00+01:00;1;16.78223438
1900-10-08 22:00:00+01:00;0;16.02026833
1900-10-08 23:00:00+01:00;-0.3;16.28737443
1900-10-09 00:00:00+01:00;-0.6;16.56696129
1900-10-09 01:00:00+01:00;-0.7;17.07142074
1900-10-09 02:00:00+01:00;-1.7;17.68138335
1900-10-09 03:00:00+01:00;-2.3;18.17777447
1900-10-09 04:00:00+01:00;-3.5;19.3368672
1900-10-09 05:00:00+01:00;-2.5;22.336501
1900-10-09 06:00:00+01:00;-3.4;30.35481098
1900-10-09 07:00:00+01:00;-2.8;42.00733533
1900-10-09 08:00:00+01:00;2.1;46.07402826
1900-10-09 09:00:00+01:00;5.4;43.79888198
1900-10-09 10:00:00+01:00;6.6;41.29206812
1900-10-09 11:00:00+01:00;8.4;39.13766393
1900-10-09 12:00:00+01:00;9.1;37.51680769
1900-10-09 13:00:00+01:00;10.2;34.5926773
1900-10-09 14:00:00+01:00;10.8;33.13310624
1900-10-09 15:00:00+01:00;10.4;31.94769319
1900-10-09 16:00:00+01:00;9.9;26.43161742
1900-10-09 17:00:00+01:00;8.4;19.69642661
1900-10-09 18:00:00+01:00;4.9;16.69294397
1900-10-09 19:00:00+01:00;3.9;16.43499142
1900-10-09 20:00:00+01:00;2.8;16.43456479
1900-10-09 21:00:00+01:00;1.4;17.12572795
1900-10-09 22:00:00+01:00;0.6;16.23928728
1900-10-09 23:00:00+01:00;-0.1;16.5205691
1900-10-10 00:00:00+01:00;0.1;16.53512265
1900-10-10 01:00:00+01:00;1.2;16.56824284
1900-10-10 02:00:00+01:00;0.4;17.01221315
1900-10-10 03:00:00+01:00;1.7;16.84695667
1900-10-10 04:00:00+01:00;-0.5;18.21518243
1900-10-10 05:00:00+01:00;0.2;21.28809784
1900-10-10 06:00:00+01:00;0.7;27.72719205
1900-10-10 07:00:00+01:00;1.2;38.31356333
1900-10-10 08:00:00+01:00;3.3;43.88198453
1900-10-10 09:00:00+01:00;5.8;42.32079344
1900-10-10 10:00:00+01:00;6.7;40.20070494
1900-10-10 11:00:00+01:00;7;39.5644426
1900-10-10 12:00:00+01:00;7.7;38.10837889
1900-10-10 13:00:00+01:00;8.4;35.6097731
1900-10-10 14:00:00+01:00;8.2;35.42904694
1900-10-10 15:00:00+01:00;8.2;34.01433267
1900-10-10 16:00:00+01:00;7.6;28.09772317
1900-10-10 17:00:00+01:00;6.8;20.23693209
1900-10-10 18:00:00+01:00;6;15.91327223
1900-10-10 19:00:00+01:00;5.7;15.33734187
1900-10-10 20:00:00+01:00;5.6;14.93738489
1900-10-10 21:00:00+01:00;5.6;14.97481675
1900-10-10 22:00:00+01:00;5.3;14.3117486
1900-10-10 23:00:00+01:00;5.2;14.36218933
1900-10-11 00:00:00+01:00;5;14.36260922
1900-10-11 01:00:00+01:00;4.2;14.81439498
1900-10-11 02:00:00+01:00;3.6;15.1925709
1900-10-11 03:00:00+01:00;3.4;15.43607628
1900-10-11 04:00:00+01:00;3.6;16.19096248
1900-10-11 05:00:00+01:00;3.7;19.31473709
1900-10-11 06:00:00+01:00;4;24.705899
1900-10-11 07:00:00+01:00;3.9;34.84114899
1900-10-11 08:00:00+01:00;4.2;41.61582035
1900-10-11 09:00:00+01:00;4.6;41.96509165
1900-10-11 10:00:00+01:00;5;40.47060467
1900-10-11 11:00:00+01:00;5.1;40.32964306
1900-10-11 12:00:00+01:00;5.2;39.63555567
1900-10-11 13:00:00+01:00;5.4;37.58947272
1900-10-11 14:00:00+01:00;5.6;37.56055134
1900-10-11 15:00:00+01:00;5.4;36.55211993
1900-10-11 16:00:00+01:00;5.8;29.14992074
1900-10-11 17:00:00+01:00;5.9;20.166104
1900-10-11 18:00:00+01:00;5.8;15.42180834
1900-10-11 19:00:00+01:00;5.8;14.74939891
1900-10-11 20:00:00+01:00;6;14.25032856
1900-10-11 21:00:00+01:00;6.7;14.06475195
1900-10-11 22:00:00+01:00;7.5;13.26583838
1900-10-11 23:00:00+01:00;7.5;13.38781651
1900-10-12 00:00:00+01:00;7.8;13.31667288
1900-10-12 01:00:00+01:00;7.7;13.55387995
1900-10-12 02:00:00+01:00;7.9;13.7075736
1900-10-12 03:00:00+01:00;7.4;13.92324
1900-10-12 04:00:00+01:00;7.7;14.78159832
1900-10-12 05:00:00+01:00;7.7;18.10718947
1900-10-12 06:00:00+01:00;8;22.25462278
1900-10-12 07:00:00+01:00;7.8;31.56796035
1900-10-12 08:00:00+01:00;8;37.71077825
1900-10-12 09:00:00+01:00;8.1;38.00124568
1900-10-12 10:00:00+01:00;8;36.90315878
1900-10-12 11:00:00+01:00;8.4;36.09910988
1900-10-12 12:00:00+01:00;9;34.76156676
1900-10-12 13:00:00+01:00;9.2;32.86814967
1900-10-12 14:00:00+01:00;9.1;32.69104232
1900-10-12 15:00:00+01:00;9.5;30.85879689
1900-10-12 16:00:00+01:00;9.4;25.06851585
1900-10-12 17:00:00+01:00;9.3;17.16297118
1900-10-12 18:00:00+01:00;9.1;12.44424153
1900-10-12 19:00:00+01:00;9.1;11.68640714
1900-10-12 20:00:00+01:00;8.9;11.26897634
1900-10-12 21:00:00+01:00;9;11.20869437
1900-10-12 22:00:00+01:00;8.2;11.05245803
1900-10-12 23:00:00+01:00;5.9;11.76161606
1900-10-13 00:00:00+01:00;5;12.19508638
1900-10-13 01:00:00+01:00;4.7;12.02105121
1900-10-13 02:00:00+01:00;4.8;12.23264599
1900-10-13 03:00:00+01:00;7;11.5571667
1900-10-13 04:00:00+01:00;6.8;11.90968231
1900-10-13 05:00:00+01:00;7.4;12.99338325
1900-10-13 06:00:00+01:00;7.6;13.62870624
1900-10-13 07:00:00+01:00;8;14.02659123
1900-10-13 08:00:00+01:00;9;12.79165725
1900-10-13 09:00:00+01:00;11.6;10.34420889
1900-10-13 10:00:00+01:00;12.7;7.165041624
1900-10-13 11:00:00+01:00;13.4;7.886634204
1900-10-13 12:00:00+01:00;14.3;6.840482613
1900-10-13 13:00:00+01:00;14;6.774870984
1900-10-13 14:00:00+01:00;15.9;6.764800469
1900-10-13 15:00:00+01:00;13.9;6.791894937
1900-10-13 16:00:00+01:00;13.4;6.778377447
1900-10-13 17:00:00+01:00;12.6;7.59960831
1900-10-13 18:00:00+01:00;12.8;7.648232838
1900-10-13 19:00:00+01:00;12;8.081195243
1900-10-13 20:00:00+01:00;11.7;8.319286917
1900-10-13 21:00:00+01:00;11.4;8.642435231
1900-10-13 22:00:00+01:00;11.2;8.856359402
1900-10-13 23:00:00+01:00;11.3;9.130718944
1900-10-14 00:00:00+01:00;11;9.113683074
1900-10-14 01:00:00+01:00;10.8;8.825543769
1900-10-14 02:00:00+01:00;10.5;8.909134929
1900-10-14 03:00:00+01:00;9.4;9.079720128
1900-10-14 04:00:00+01:00;8;9.672052932
1900-10-14 05:00:00+01:00;8.3;10.08849584
1900-10-14 06:00:00+01:00;10.2;10.14253312
1900-10-14 07:00:00+01:00;9.7;10.80534546
1900-10-14 08:00:00+01:00;10;10.06224158
1900-10-14 09:00:00+01:00;11.2;8.623419743
1900-10-14 10:00:00+01:00;11.4;8.177466833
1900-10-14 11:00:00+01:00;13.9;6.970263492
1900-10-14 12:00:00+01:00;15.6;6.840482613
1900-10-14 13:00:00+01:00;16.8;6.774870984
1900-10-14 14:00:00+01:00;17.2;6.764800469
1900-10-14 15:00:00+01:00;15.1;6.791894937
1900-10-14 16:00:00+01:00;11.7;7.301109117
1900-10-14 17:00:00+01:00;11.9;7.173860599
1900-10-14 18:00:00+01:00;11.8;7.193436542
1900-10-14 19:00:00+01:00;10.6;7.864925072
1900-10-14 20:00:00+01:00;10;8.37653326
1900-10-14 21:00:00+01:00;10;8.426570652
1900-10-14 22:00:00+01:00;9.6;8.670572692
1900-10-14 23:00:00+01:00;8.6;9.558596317
1900-10-15 00:00:00+01:00;7.3;9.588953739
1900-10-15 01:00:00+01:00;8.4;9.624162862
1900-10-15 02:00:00+01:00;8;10.15214274
1900-10-15 03:00:00+01:00;7.3;10.49953808
1900-10-15 04:00:00+01:00;6.8;11.17858962
1900-10-15 05:00:00+01:00;6.4;13.48471626
1900-10-15 06:00:00+01:00;6;18.1091948
1900-10-15 07:00:00+01:00;6;27.09509671
1900-10-15 08:00:00+01:00;6.2;34.92904534
1900-10-15 09:00:00+01:00;6.3;36.12192075
1900-10-15 10:00:00+01:00;6.7;35.28754667
1900-10-15 11:00:00+01:00;7;35.30981837
1900-10-15 12:00:00+01:00;7;35.15816878
1900-10-15 13:00:00+01:00;7.4;33.4934625
1900-10-15 14:00:00+01:00;7.6;33.72362996
1900-10-15 15:00:00+01:00;7.4;32.89649678
1900-10-15 16:00:00+01:00;7.4;26.642294
1900-10-15 17:00:00+01:00;7.2;18.25289085
1900-10-15 18:00:00+01:00;7;13.54691021
1900-10-15 19:00:00+01:00;7;12.93808821
1900-10-15 20:00:00+01:00;6.9;12.5785423
1900-10-15 21:00:00+01:00;6.8;12.7494096
1900-10-15 22:00:00+01:00;6.5;12.32984716
1900-10-15 23:00:00+01:00;6;12.6199569
1900-10-16 00:00:00+01:00;6;12.7098943
1900-10-16 01:00:00+01:00;6;13.0763373
1900-10-16 02:00:00+01:00;6;13.45655997
1900-10-16 03:00:00+01:00;6.2;13.62474779
1900-10-16 04:00:00+01:00;6.3;14.52221936
1900-10-16 05:00:00+01:00;6.2;17.72407635
1900-10-16 06:00:00+01:00;6.2;22.52766584
1900-10-16 07:00:00+01:00;6.1;32.20068743
1900-10-16 08:00:00+01:00;6.3;38.90692652
1900-10-16 09:00:00+01:00;6.2;39.61964748
1900-10-16 10:00:00+01:00;6.9;37.94969034
1900-10-16 11:00:00+01:00;8.4;36.29692397
1900-10-16 12:00:00+01:00;8.8;35.18870402
1900-10-16 13:00:00+01:00;8.9;33.40912433
1900-10-16 14:00:00+01:00;8.7;33.38496414
1900-10-16 15:00:00+01:00;8.6;32.14614329
1900-10-16 16:00:00+01:00;8.9;25.76838098
1900-10-16 17:00:00+01:00;9.2;17.55965029
1900-10-16 18:00:00+01:00;9.2;12.82710505
1900-10-16 19:00:00+01:00;8.8;12.27408971
1900-10-16 20:00:00+01:00;8.8;11.8252749
1900-10-16 21:00:00+01:00;8.4;11.99936104
1900-10-16 22:00:00+01:00;8.1;11.64251667
1900-10-16 23:00:00+01:00;8.6;11.55874693
1900-10-17 00:00:00+01:00;8.3;11.62663433
1900-10-17 01:00:00+01:00;8.3;11.84519702
1900-10-17 02:00:00+01:00;8.1;12.17666231
1900-10-17 03:00:00+01:00;8.2;12.25056993
1900-10-17 04:00:00+01:00;7.8;13.16269832
1900-10-17 05:00:00+01:00;6.9;16.22782696
1900-10-17 06:00:00+01:00;6.8;20.6916018
1900-10-17 07:00:00+01:00;6.8;29.86689059
1900-10-17 08:00:00+01:00;6.2;37.40379677
1900-10-17 09:00:00+01:00;6.6;37.86340541
1900-10-17 10:00:00+01:00;6.7;36.87255237
1900-10-17 11:00:00+01:00;7.8;35.79697675
1900-10-17 12:00:00+01:00;8.2;34.88286038
1900-10-17 13:00:00+01:00;8.2;33.31788782
1900-10-17 14:00:00+01:00;8;33.56359222
1900-10-17 15:00:00+01:00;7.3;33.11737844
1900-10-17 16:00:00+01:00;7.6;26.52025404
1900-10-17 17:00:00+01:00;6.3;18.72025728
1900-10-17 18:00:00+01:00;5.6;14.13267836
1900-10-17 19:00:00+01:00;5.7;13.47158463
1900-10-17 20:00:00+01:00;5.7;13.03124553
1900-10-17 21:00:00+01:00;5.5;13.23317638
1900-10-17 22:00:00+01:00;5.4;12.59636837
1900-10-17 23:00:00+01:00;5.2;12.80768434
1900-10-18 00:00:00+01:00;5.8;12.77637851
1900-10-18 01:00:00+01:00;5.6;13.2038618
1900-10-18 02:00:00+01:00;5.6;13.5965763
1900-10-18 03:00:00+01:00;5.2;13.97951509
1900-10-18 04:00:00+01:00;5.2;14.93033442
1900-10-18 05:00:00+01:00;5.2;18.13616296
1900-10-18 06:00:00+01:00;4.6;23.61034844
1900-10-18 07:00:00+01:00;4.4;33.82443053
1900-10-18 08:00:00+01:00;5.4;40.17676221
1900-10-18 09:00:00+01:00;7.1;39.37511219
1900-10-18 10:00:00+01:00;7.6;37.78950603
1900-10-18 11:00:00+01:00;8.4;36.69255214
1900-10-18 12:00:00+01:00;8.6;35.77631748
1900-10-18 13:00:00+01:00;9;33.68977146
1900-10-18 14:00:00+01:00;9.2;33.16249383
1900-10-18 15:00:00+01:00;9;31.97088286
1900-10-18 16:00:00+01:00;8.7;26.15943434
1900-10-18 17:00:00+01:00;6.6;19.14299747
1900-10-18 18:00:00+01:00;5.7;14.67674998
1900-10-18 19:00:00+01:00;4.7;14.44123805
1900-10-18 20:00:00+01:00;3;14.66406207
1900-10-18 21:00:00+01:00;2.4;15.05179488
1900-10-18 22:00:00+01:00;2.8;13.94606264
1900-10-18 23:00:00+01:00;2.5;14.14947168
1900-10-19 00:00:00+01:00;2;14.43593436
1900-10-19 01:00:00+01:00;0.5;15.29507062
1900-10-19 02:00:00+01:00;-0.3;15.96718086
1900-10-19 03:00:00+01:00;-1;16.58558028
1900-10-19 04:00:00+01:00;-1.4;17.59454123
1900-10-19 05:00:00+01:00;-2;20.89412196
1900-10-19 06:00:00+01:00;-2.4;28.76010855
1900-10-19 07:00:00+01:00;-1.7;40.25878406
1900-10-19 08:00:00+01:00;0.6;46.46559432
1900-10-19 09:00:00+01:00;2.6;45.61682364
1900-10-19 10:00:00+01:00;4.5;42.69271507
1900-10-19 11:00:00+01:00;5.5;41.6303926
1900-10-19 12:00:00+01:00;6.4;39.98464555
1900-10-19 13:00:00+01:00;8;36.51615334
1900-10-19 14:00:00+01:00;8.6;35.41422566
1900-10-19 15:00:00+01:00;7.8;34.79804942
1900-10-19 16:00:00+01:00;6.2;29.5537015
1900-10-19 17:00:00+01:00;3.7;22.13671663
1900-10-19 18:00:00+01:00;2.7;17.79797369
1900-10-19 19:00:00+01:00;0.6;18.11241518
1900-10-19 20:00:00+01:00;-0.3;18.04889062
1900-10-19 21:00:00+01:00;0;18.15999942
1900-10-19 22:00:00+01:00;-0.6;17.18051522
1900-10-19 23:00:00+01:00;-0.8;17.43775287
1900-10-20 00:00:00+01:00;-0.7;17.10457845
1900-10-20 01:00:00+01:00;-0.6;16.77848488
1900-10-20 02:00:00+01:00;0.4;16.60765704
1900-10-20 03:00:00+01:00;1;16.42040355
1900-10-20 04:00:00+01:00;2;16.51785405
1900-10-20 05:00:00+01:00;2.6;18.44589652
1900-10-20 06:00:00+01:00;3;19.0240055
1900-10-20 07:00:00+01:00;2.8;19.79355087
1900-10-20 08:00:00+01:00;4.4;18.1607867
1900-10-20 09:00:00+01:00;8.5;14.75031076
1900-10-20 10:00:00+01:00;9.3;13.08731487
1900-10-20 11:00:00+01:00;9.5;12.29382389
1900-10-20 12:00:00+01:00;9.7;11.55957832
1900-10-20 13:00:00+01:00;9.8;11.16856951
1900-10-20 14:00:00+01:00;9.9;10.83115613
1900-10-20 15:00:00+01:00;9.7;10.99002622
1900-10-20 16:00:00+01:00;9;11.85456438
1900-10-20 17:00:00+01:00;9.1;11.74394574
1900-10-20 18:00:00+01:00;9.5;11.75718307
1900-10-20 19:00:00+01:00;9.8;11.63226561
1900-10-20 20:00:00+01:00;9.6;11.61512735
1900-10-20 21:00:00+01:00;9.4;11.95138312
1900-10-20 22:00:00+01:00;8.5;11.99363169
1900-10-20 23:00:00+01:00;8.4;12.19564328
1900-10-21 00:00:00+01:00;7.2;12.38210318
1900-10-21 01:00:00+01:00;7.4;11.84405743
1900-10-21 02:00:00+01:00;7.2;11.84876665
1900-10-21 03:00:00+01:00;6.8;11.78482329
1900-10-21 04:00:00+01:00;6.8;11.9559478
1900-10-21 05:00:00+01:00;6.8;13.07617079
1900-10-21 06:00:00+01:00;6.5;13.90436995
1900-10-21 07:00:00+01:00;6.9;14.26071831
1900-10-21 08:00:00+01:00;7.4;13.32326438
1900-10-21 09:00:00+01:00;8.8;11.69703813
1900-10-21 10:00:00+01:00;8.9;11.08875335
1900-10-21 11:00:00+01:00;10.7;9.552425446
1900-10-21 12:00:00+01:00;12;8.227618727
1900-10-21 13:00:00+01:00;13.3;7.322417401
1900-10-21 14:00:00+01:00;15;6.764800469
1900-10-21 15:00:00+01:00;14;6.791894937
1900-10-21 16:00:00+01:00;13.6;6.778377447
1900-10-21 17:00:00+01:00;12.4;7.802190938
1900-10-21 18:00:00+01:00;11.5;8.398357551
1900-10-21 19:00:00+01:00;10.8;8.833652771
1900-10-21 20:00:00+01:00;11.1;8.809893391
1900-10-21 21:00:00+01:00;10.1;9.443759078
1900-10-21 22:00:00+01:00;9.4;9.716340928
1900-10-21 23:00:00+01:00;10.3;9.83746764
1900-10-22 00:00:00+01:00;11;7.878274531
1900-10-22 01:00:00+01:00;11.1;8.025851489
1900-10-22 02:00:00+01:00;11.3;8.077661808
1900-10-22 03:00:00+01:00;11.2;8.011814723
1900-10-22 04:00:00+01:00;11;8.341265859
1900-10-22 05:00:00+01:00;10.7;12.97930578
1900-10-22 06:00:00+01:00;10.4;16.44445719
1900-10-22 07:00:00+01:00;10.9;24.21707717
1900-10-22 08:00:00+01:00;10.9;30.75738155
1900-10-22 09:00:00+01:00;10.5;31.476567
1900-10-22 10:00:00+01:00;12;29.82529905
1900-10-22 11:00:00+01:00;12.9;28.76370641
1900-10-22 12:00:00+01:00;14.2;27.27486608
1900-10-22 13:00:00+01:00;14.8;25.76315219
1900-10-22 14:00:00+01:00;14.5;25.4856402
1900-10-22 15:00:00+01:00;19.6;23.5709247
1900-10-22 16:00:00+01:00;18.6;18.54579892
1900-10-22 17:00:00+01:00;14.6;13.1360221
1900-10-22 18:00:00+01:00;13.8;8.58555242
1900-10-22 19:00:00+01:00;13.1;8.103570803
1900-10-22 20:00:00+01:00;13;7.768932416
1900-10-22 21:00:00+01:00;13.2;7.910942877
1900-10-22 22:00:00+01:00;11.5;7.877834139
1900-10-22 23:00:00+01:00;11.5;7.99084909
1900-10-23 00:00:00+01:00;10.4;7.947942044
1900-10-23 01:00:00+01:00;11.3;8.025851489
1900-10-23 02:00:00+01:00;10;8.409344385
1900-10-23 03:00:00+01:00;8.5;9.099191048
1900-10-23 04:00:00+01:00;9.4;9.385598647
1900-10-23 05:00:00+01:00;7.9;11.70581612
1900-10-23 06:00:00+01:00;8;15.43533731
1900-10-23 07:00:00+01:00;9.1;23.09315562
1900-10-23 08:00:00+01:00;9.6;30.30534026
1900-10-23 09:00:00+01:00;9.8;31.26634729
1900-10-23 10:00:00+01:00;11.2;29.88310063
1900-10-23 11:00:00+01:00;13.7;27.76656613
1900-10-23 12:00:00+01:00;13;27.92571771
1900-10-23 13:00:00+01:00;12.6;27.32874545
1900-10-23 14:00:00+01:00;11.6;27.78170717
1900-10-23 15:00:00+01:00;11;27.40929319
1900-10-23 16:00:00+01:00;10;23.26500483
1900-10-23 17:00:00+01:00;7.2;16.92727081
1900-10-23 18:00:00+01:00;5.9;12.53863751
1900-10-23 19:00:00+01:00;5;12.38971874
1900-10-23 20:00:00+01:00;4.7;12.06281659
1900-10-23 21:00:00+01:00;3.6;12.71509557
1900-10-23 22:00:00+01:00;3.7;11.86461031
1900-10-23 23:00:00+01:00;4.1;11.92754893
1900-10-24 00:00:00+01:00;3.8;12.20930333
1900-10-24 01:00:00+01:00;4;12.65436355
1900-10-24 02:00:00+01:00;3.6;13.26084264
1900-10-24 03:00:00+01:00;3.8;13.5269353
1900-10-24 04:00:00+01:00;3.8;14.38254373
1900-10-24 05:00:00+01:00;3.8;17.2832168
1900-10-24 06:00:00+01:00;3.5;23.01924932
1900-10-24 07:00:00+01:00;3.5;33.27608532
1900-10-24 08:00:00+01:00;4;40.59762646
1900-10-24 09:00:00+01:00;5.9;39.96431429
1900-10-24 10:00:00+01:00;8.3;37.00753943
1900-10-24 11:00:00+01:00;8.3;36.78812504
1900-10-24 12:00:00+01:00;8;36.50919247
1900-10-24 13:00:00+01:00;7.9;34.96934666
1900-10-24 14:00:00+01:00;7.8;34.97618576
1900-10-24 15:00:00+01:00;7;34.57850237
1900-10-24 16:00:00+01:00;6.4;28.49568591
1900-10-24 17:00:00+01:00;6.1;19.8946861
1900-10-24 18:00:00+01:00;5.9;15.17658833
1900-10-24 19:00:00+01:00;5.6;14.61798553
1900-10-24 20:00:00+01:00;5;14.41168234
1900-10-24 21:00:00+01:00;5.3;14.35786495
1900-10-24 22:00:00+01:00;4.9;13.73668636
1900-10-24 23:00:00+01:00;4.7;13.88967508
1900-10-25 00:00:00+01:00;4.3;14.04629734
1900-10-25 01:00:00+01:00;3.5;14.58995136
1900-10-25 02:00:00+01:00;3.4;14.93434669
1900-10-25 03:00:00+01:00;3.2;15.23510515
1900-10-25 04:00:00+01:00;3;16.18393618
1900-10-25 05:00:00+01:00;2.2;19.53194998
1900-10-25 06:00:00+01:00;1.9;25.82198537
1900-10-25 07:00:00+01:00;1.1;37.03206267
1900-10-25 08:00:00+01:00;1.2;44.57067311
1900-10-25 09:00:00+01:00;0.9;45.75375668
1900-10-25 10:00:00+01:00;1.8;43.90616542
1900-10-25 11:00:00+01:00;2.4;43.70136769
1900-10-25 12:00:00+01:00;2.3;43.28622777
1900-10-25 13:00:00+01:00;2.8;40.77997692
1900-10-25 14:00:00+01:00;2.7;41.35500904
1900-10-25 15:00:00+01:00;2.6;40.32025579
1900-10-25 16:00:00+01:00;2.6;32.42852556
1900-10-25 17:00:00+01:00;2.9;22.40064829
1900-10-25 18:00:00+01:00;2.7;17.64514004
1900-10-25 19:00:00+01:00;2.8;17.00259416
1900-10-25 20:00:00+01:00;3.2;16.4530555
1900-10-25 21:00:00+01:00;4;16.33342035
1900-10-25 22:00:00+01:00;4.6;15.39980736
1900-10-25 23:00:00+01:00;5.3;15.40728119
1900-10-26 00:00:00+01:00;8.9;14.47751588
1900-10-26 01:00:00+01:00;9.8;13.75515072
1900-10-26 02:00:00+01:00;9.5;14.61917313
1900-10-26 03:00:00+01:00;9.7;14.60175733
1900-10-26 04:00:00+01:00;10.2;15.62170245
1900-10-26 05:00:00+01:00;10.1;19.47582559
1900-10-26 06:00:00+01:00;10.1;22.79326919
1900-10-26 07:00:00+01:00;10.3;31.61949367
1900-10-26 08:00:00+01:00;10.6;36.62151059
1900-10-26 09:00:00+01:00;9.8;37.38572495
1900-10-26 10:00:00+01:00;10;35.77441628
1900-10-26 11:00:00+01:00;10.6;34.35970571
1900-10-26 12:00:00+01:00;10.6;33.36646868
1900-10-26 13:00:00+01:00;10.7;31.52284113
1900-10-26 14:00:00+01:00;10.3;31.35030794
1900-10-26 15:00:00+01:00;10.3;29.84223709
1900-10-26 16:00:00+01:00;10.1;24.30709898
1900-10-26 17:00:00+01:00;10.4;16.3374978
1900-10-26 18:00:00+01:00;9.7;11.79361728
1900-10-26 19:00:00+01:00;9.3;11.13244031
1900-10-26 20:00:00+01:00;9;10.66049905
1900-10-26 21:00:00+01:00;7.1;11.33705529
1900-10-26 22:00:00+01:00;7.3;10.60442642
1900-10-26 23:00:00+01:00;7.2;10.60500061
1900-10-27 00:00:00+01:00;6.6;11.05073777
1900-10-27 01:00:00+01:00;6.4;10.86182162
1900-10-27 02:00:00+01:00;6.1;11.19141467
1900-10-27 03:00:00+01:00;6;11.25294727
1900-10-27 04:00:00+01:00;6;11.62719078
1900-10-27 05:00:00+01:00;5.3;12.91634975
1900-10-27 06:00:00+01:00;5;14.26626337
1900-10-27 07:00:00+01:00;4.9;15.20055548
1900-10-27 08:00:00+01:00;4.8;14.90276088
1900-10-27 09:00:00+01:00;4.8;14.24996045
1900-10-27 10:00:00+01:00;4.4;14.18577374
1900-10-27 11:00:00+01:00;4.5;13.8787646
1900-10-27 12:00:00+01:00;4.4;13.43137501
1900-10-27 13:00:00+01:00;4.1;13.86041657
1900-10-27 14:00:00+01:00;3.5;14.50984744
1900-10-27 15:00:00+01:00;2.9;15.3237526
1900-10-27 16:00:00+01:00;2;15.73624774
1900-10-27 17:00:00+01:00;2;15.28868115
1900-10-27 18:00:00+01:00;2.2;14.81138118
1900-10-27 19:00:00+01:00;2;15.08754894
1900-10-27 20:00:00+01:00;1;16.01629131
1900-10-27 21:00:00+01:00;0.8;16.1535985
1900-10-27 22:00:00+01:00;0.7;15.41520167
1900-10-27 23:00:00+01:00;0.9;16.00768063
1900-10-28 00:00:00+01:00;1.7;15.56575361
1900-10-28 01:00:00+01:00;1.8;15.32359271
1900-10-28 02:00:00+01:00;1.6;15.59495417
1900-10-28 03:00:00+01:00;1.5;15.73913934
1900-10-28 04:00:00+01:00;1.3;16.37917753
1900-10-28 05:00:00+01:00;1.3;18.53749074
1900-10-28 06:00:00+01:00;1.4;19.70470323
1900-10-28 07:00:00+01:00;1.5;20.63892183
1900-10-28 08:00:00+01:00;2.7;19.41012622
1900-10-28 09:00:00+01:00;2;18.89739238
1900-10-28 10:00:00+01:00;2.3;17.90041426
1900-10-28 11:00:00+01:00;2.6;17.21296801
1900-10-28 12:00:00+01:00;2.9;16.36810563
1900-10-28 13:00:00+01:00;2.9;16.20312127
1900-10-28 14:00:00+01:00;3;16.21124487
1900-10-28 15:00:00+01:00;3;16.5233805
1900-10-28 16:00:00+01:00;3;16.50246457
1900-10-28 17:00:00+01:00;2.9;16.17773984
1900-10-28 18:00:00+01:00;3;15.99808438
1900-10-28 19:00:00+01:00;3.1;16.04557491
1900-10-28 20:00:00+01:00;3;16.26403764
1900-10-28 21:00:00+01:00;3.1;16.41444696
1900-10-28 22:00:00+01:00;3.1;15.6629214
1900-10-28 23:00:00+01:00;3.2;15.9829757
1900-10-29 00:00:00+01:00;3.3;16.22391612
1900-10-29 01:00:00+01:00;3.5;16.48364005
1900-10-29 02:00:00+01:00;4;16.58609929
1900-10-29 03:00:00+01:00;4.2;16.73085916
1900-10-29 04:00:00+01:00;4.5;17.75607288
1900-10-29 05:00:00+01:00;4.6;21.54289294
1900-10-29 06:00:00+01:00;5;26.89812624
1900-10-29 07:00:00+01:00;5.8;36.77702218
1900-10-29 08:00:00+01:00;6.5;42.19785132
1900-10-29 09:00:00+01:00;9.6;39.57893951
1900-10-29 10:00:00+01:00;9.5;38.0001208
1900-10-29 11:00:00+01:00;9.5;37.05837736
1900-10-29 12:00:00+01:00;9.4;36.07809746
1900-10-29 13:00:00+01:00;9.4;34.12738844
1900-10-29 14:00:00+01:00;9;33.92801986
1900-10-29 15:00:00+01:00;8.3;33.1677199
1900-10-29 16:00:00+01:00;7.9;27.12194918
1900-10-29 17:00:00+01:00;7.4;19.00368131
1900-10-29 18:00:00+01:00;6.6;14.52569664
1900-10-29 19:00:00+01:00;5.4;14.30676562
1900-10-29 20:00:00+01:00;4.6;14.11414891
1900-10-29 21:00:00+01:00;4.3;14.2864639
1900-10-29 22:00:00+01:00;3.3;13.71446673
1900-10-29 23:00:00+01:00;3.4;13.74429397
1900-10-30 00:00:00+01:00;3.4;13.79914776
1900-10-30 01:00:00+01:00;4.4;13.83910825
1900-10-30 02:00:00+01:00;5.3;13.89395424
1900-10-30 03:00:00+01:00;6.1;13.83314209
1900-10-30 04:00:00+01:00;7.5;14.36195719
1900-10-30 05:00:00+01:00;6.7;17.69645162
1900-10-30 06:00:00+01:00;6.3;22.47317978
1900-10-30 07:00:00+01:00;5.4;32.60844184
1900-10-30 08:00:00+01:00;5.2;39.81972641
1900-10-30 09:00:00+01:00;5.1;40.768892
1900-10-30 10:00:00+01:00;5;39.88116944
1900-10-30 11:00:00+01:00;5.1;39.87888637
1900-10-30 12:00:00+01:00;5.5;38.98463765
1900-10-30 13:00:00+01:00;5.6;37.10514753
1900-10-30 14:00:00+01:00;5.4;37.54233554
1900-10-30 15:00:00+01:00;5.2;36.57161071
1900-10-30 16:00:00+01:00;5;29.66832468
1900-10-30 17:00:00+01:00;4.9;20.52626945
1900-10-30 18:00:00+01:00;4.4;15.89242784
1900-10-30 19:00:00+01:00;4.2;15.33115831
1900-10-30 20:00:00+01:00;4;14.95416764
1900-10-30 21:00:00+01:00;3.9;15.11272204
1900-10-30 22:00:00+01:00;3.7;14.30446687
1900-10-30 23:00:00+01:00;2.3;14.7974262
1900-10-31 00:00:00+01:00;2.5;14.84015509
1900-10-31 01:00:00+01:00;2.5;15.23071686
1900-10-31 02:00:00+01:00;2.7;15.55738058
1900-10-31 03:00:00+01:00;2.3;16.01578501
1900-10-31 04:00:00+01:00;2.4;17.07383867
1900-10-31 05:00:00+01:00;2.1;20.67767454
1900-10-31 06:00:00+01:00;1.6;27.35398742
1900-10-31 07:00:00+01:00;1.7;38.45023074
1900-10-31 08:00:00+01:00;1;46.22925118
1900-10-31 09:00:00+01:00;0.8;47.14896995
1900-10-31 10:00:00+01:00;0.7;45.87638512
1900-10-31 11:00:00+01:00;1.5;45.42736577
1900-10-31 12:00:00+01:00;1.8;44.51017049
1900-10-31 13:00:00+01:00;2.1;42.03533221
1900-10-31 14:00:00+01:00;2;42.5672367
1900-10-31 15:00:00+01:00;1.9;41.49405978
1900-10-31 16:00:00+01:00;1.8;33.4228763
1900-10-31 17:00:00+01:00;1.4;23.52695055
1900-10-31 18:00:00+01:00;0.7;18.93596634
1900-10-31 19:00:00+01:00;0.3;18.53298345
1900-10-31 20:00:00+01:00;0.3;18.13901429
1900-10-31 21:00:00+01:00;-0.1;18.57553276
1900-10-31 22:00:00+01:00;1.6;16.94125145
1900-10-31 23:00:00+01:00;2.5;16.89024021
1900-11-01 00:00:00+01:00;4.2;16.52462732
1900-11-01 01:00:00+01:00;5.7;16.41122076
1900-11-01 02:00:00+01:00;8.2;15.91767579
1900-11-01 03:00:00+01:00;8.8;15.82920984
1900-11-01 04:00:00+01:00;9.4;16.93818286
1900-11-01 05:00:00+01:00;9.2;21.13509551
1900-11-01 06:00:00+01:00;7.9;25.7726497
1900-11-01 07:00:00+01:00;6.9;36.15946095
1900-11-01 08:00:00+01:00;6.9;41.80081003
1900-11-01 09:00:00+01:00;7.6;41.17315348
1900-11-01 10:00:00+01:00;8.4;38.83459945
1900-11-01 11:00:00+01:00;9.3;37.15872326
1900-11-01 12:00:00+01:00;12.9;32.34513581
1900-11-01 13:00:00+01:00;10.4;32.99008415
1900-11-01 14:00:00+01:00;10.8;31.78344728
1900-11-01 15:00:00+01:00;9.7;31.35946909
1900-11-01 16:00:00+01:00;8;26.790324
1900-11-01 17:00:00+01:00;6.9;18.95349625
1900-11-01 18:00:00+01:00;6.7;14.08577074
1900-11-01 19:00:00+01:00;6.6;13.3141035
1900-11-01 20:00:00+01:00;6.3;12.82871463
1900-11-01 21:00:00+01:00;5.6;13.02365195
1900-11-01 22:00:00+01:00;4.4;12.55416133
1900-11-01 23:00:00+01:00;3;12.93070554
1900-11-02 00:00:00+01:00;2;13.28168149
1900-11-02 01:00:00+01:00;0.7;14.06982786
1900-11-02 02:00:00+01:00;0.6;14.62036447
1900-11-02 03:00:00+01:00;0.4;15.13248164
1900-11-02 04:00:00+01:00;0.1;16.11141516
1900-11-02 05:00:00+01:00;0.7;19.08166751
1900-11-02 06:00:00+01:00;2.6;25.00471114
1900-11-02 07:00:00+01:00;3.6;35.02789865
1900-11-02 08:00:00+01:00;3.8;42.11846327
1900-11-02 09:00:00+01:00;4.3;42.47337819
1900-11-02 10:00:00+01:00;5.3;40.50669709
1900-11-02 11:00:00+01:00;5.5;40.27487969
1900-11-02 12:00:00+01:00;6;39.28375988
1900-11-02 13:00:00+01:00;5.8;37.63530673
1900-11-02 14:00:00+01:00;5.7;37.84407566
1900-11-02 15:00:00+01:00;6.1;36.14992301
1900-11-02 16:00:00+01:00;6.4;28.94934757
1900-11-02 17:00:00+01:00;6.2;20.35225533
1900-11-02 18:00:00+01:00;6.3;15.604709
1900-11-02 19:00:00+01:00;6.4;14.90037138
1900-11-02 20:00:00+01:00;6;14.69951928
1900-11-02 21:00:00+01:00;5.9;14.86481759
1900-11-02 22:00:00+01:00;5.7;14.29427425
1900-11-02 23:00:00+01:00;5.5;14.45684262
1900-11-03 00:00:00+01:00;5.1;14.24015537
1900-11-03 01:00:00+01:00;5.2;13.80648207
1900-11-03 02:00:00+01:00;4.5;13.99843243
1900-11-03 03:00:00+01:00;4.4;13.92158919
1900-11-03 04:00:00+01:00;4;14.33799815
1900-11-03 05:00:00+01:00;4.5;15.79176446
1900-11-03 06:00:00+01:00;5;16.39928501
1900-11-03 07:00:00+01:00;5.3;16.92531084
1900-11-03 08:00:00+01:00;5.4;16.14392396
1900-11-03 09:00:00+01:00;4.4;15.78522737
1900-11-03 10:00:00+01:00;3.9;15.47560859
1900-11-03 11:00:00+01:00;3.8;15.13922013
1900-11-03 12:00:00+01:00;3.3;14.84883778
1900-11-03 13:00:00+01:00;3.4;14.86262899
1900-11-03 14:00:00+01:00;3.5;14.95556329
1900-11-03 15:00:00+01:00;3.7;15.12157635
1900-11-03 16:00:00+01:00;4;14.82198958
1900-11-03 17:00:00+01:00;4.6;14.11551424
1900-11-03 18:00:00+01:00;4.6;13.96299332
1900-11-03 19:00:00+01:00;4.7;14.04939105
1900-11-03 20:00:00+01:00;5;14.14420849
1900-11-03 21:00:00+01:00;5.1;14.32322587
1900-11-03 22:00:00+01:00;4.8;13.96127588
1900-11-03 23:00:00+01:00;4.9;14.36374773
1900-11-04 00:00:00+01:00;4.6;14.3324745
1900-11-04 01:00:00+01:00;4.6;14.03739735
1900-11-04 02:00:00+01:00;3.8;14.36572191
1900-11-04 03:00:00+01:00;4.1;14.27169889
1900-11-04 04:00:00+01:00;3.9;14.72513461
1900-11-04 05:00:00+01:00;2.9;16.88718398
1900-11-04 06:00:00+01:00;2.3;18.23362568
1900-11-04 07:00:00+01:00;2.4;19.11905618
1900-11-04 08:00:00+01:00;1.7;18.96880461
1900-11-04 09:00:00+01:00;2.1;17.94614666
1900-11-04 10:00:00+01:00;2.8;16.85292564
1900-11-04 11:00:00+01:00;3.3;16.07602784
1900-11-04 12:00:00+01:00;5.5;14.04131869
1900-11-04 13:00:00+01:00;4.1;14.80028714
1900-11-04 14:00:00+01:00;4;14.92740728
1900-11-04 15:00:00+01:00;3.7;15.41715796
1900-11-04 16:00:00+01:00;3.4;15.54717645
1900-11-04 17:00:00+01:00;3.1;15.34019754
1900-11-04 18:00:00+01:00;2.5;15.40147707
1900-11-04 19:00:00+01:00;2;15.75200197
1900-11-04 20:00:00+01:00;0.9;16.62496655
1900-11-04 21:00:00+01:00;0.6;16.84283961
1900-11-04 22:00:00+01:00;0.5;16.0229385
1900-11-04 23:00:00+01:00;0.2;16.71864936
1900-11-05 00:00:00+01:00;1.1;16.61780417
1900-11-05 01:00:00+01:00;1;17.1088234
1900-11-05 02:00:00+01:00;1;17.47479599
1900-11-05 03:00:00+01:00;1.4;17.74240944
1900-11-05 04:00:00+01:00;1.1;18.99245267
1900-11-05 05:00:00+01:00;1.1;22.85295642
1900-11-05 06:00:00+01:00;1;29.72903278
1900-11-05 07:00:00+01:00;1.1;41.2032883
1900-11-05 08:00:00+01:00;1.1;47.96654109
1900-11-05 09:00:00+01:00;1.4;48.124467
1900-11-05 10:00:00+01:00;1;46.83257156
1900-11-05 11:00:00+01:00;0.9;47.02554498
1900-11-05 12:00:00+01:00;1.1;46.13790849
1900-11-05 13:00:00+01:00;1.4;43.50084924
1900-11-05 14:00:00+01:00;1.3;43.97379817
1900-11-05 15:00:00+01:00;1.2;42.84828932
1900-11-05 16:00:00+01:00;1.3;34.30898147
1900-11-05 17:00:00+01:00;1;24.23413434
1900-11-05 18:00:00+01:00;0.7;19.48449262
1900-11-05 19:00:00+01:00;0.7;18.86350208
1900-11-05 20:00:00+01:00;0.3;18.60408549
1900-11-05 21:00:00+01:00;0.2;18.85860806
1900-11-05 22:00:00+01:00;0.2;17.70075837
1900-11-05 23:00:00+01:00;0.2;17.87776452
1900-11-06 00:00:00+01:00;0.6;17.90077442
1900-11-06 01:00:00+01:00;0.7;18.27017609
1900-11-06 02:00:00+01:00;1.3;18.38811125
1900-11-06 03:00:00+01:00;2.2;18.44976901
1900-11-06 04:00:00+01:00;3.2;19.44015426
1900-11-06 05:00:00+01:00;5.4;23.26272826
1900-11-06 06:00:00+01:00;8;27.55538695
1900-11-06 07:00:00+01:00;8.6;37.24561477
1900-11-06 08:00:00+01:00;9.1;41.70615885
1900-11-06 09:00:00+01:00;8.7;41.6601062
1900-11-06 10:00:00+01:00;9.2;39.38729881
1900-11-06 11:00:00+01:00;9.5;38.03447637
1900-11-06 12:00:00+01:00;9.8;36.51055022
1900-11-06 13:00:00+01:00;10.8;33.51072798
1900-11-06 14:00:00+01:00;8.9;34.53287866
1900-11-06 15:00:00+01:00;8.3;33.58231475
1900-11-06 16:00:00+01:00;7.5;27.77830407
1900-11-06 17:00:00+01:00;7.2;19.4394472
1900-11-06 18:00:00+01:00;6.8;14.7784888
1900-11-06 19:00:00+01:00;6.2;14.24223062
1900-11-06 20:00:00+01:00;5.8;13.8497428
1900-11-06 21:00:00+01:00;4.9;14.18249358
1900-11-06 22:00:00+01:00;3.2;13.80908511
1900-11-06 23:00:00+01:00;4;13.56798939
1900-11-07 00:00:00+01:00;2.7;13.89793843
1900-11-07 01:00:00+01:00;2;14.36788379
1900-11-07 02:00:00+01:00;2.8;14.43947869
1900-11-07 03:00:00+01:00;3.4;14.46806886
1900-11-07 04:00:00+01:00;2.3;15.51704023
1900-11-07 05:00:00+01:00;2.3;18.49957368
1900-11-07 06:00:00+01:00;2.7;24.5331004
1900-11-07 07:00:00+01:00;5.9;33.17622921
1900-11-07 08:00:00+01:00;6.7;39.42356898
1900-11-07 09:00:00+01:00;7.7;39.15618526
1900-11-07 10:00:00+01:00;8.5;37.3550716
1900-11-07 11:00:00+01:00;9;36.44340012
1900-11-07 12:00:00+01:00;9.6;35.11409439
1900-11-07 13:00:00+01:00;10.1;32.99397883
1900-11-07 14:00:00+01:00;8.2;34.50008864
1900-11-07 15:00:00+01:00;8;33.36202625
1900-11-07 16:00:00+01:00;8.4;26.65766975
1900-11-07 17:00:00+01:00;8.4;18.50987025
1900-11-07 18:00:00+01:00;10.3;12.97490332
1900-11-07 19:00:00+01:00;11.2;11.66416513
1900-11-07 20:00:00+01:00;11.6;11.15653166
1900-11-07 21:00:00+01:00;11.4;11.17067549
1900-11-07 22:00:00+01:00;11;10.95916021
1900-11-07 23:00:00+01:00;10.5;11.1259774
1900-11-08 00:00:00+01:00;9;11.26871604
1900-11-08 01:00:00+01:00;8.1;11.87771477
1900-11-08 02:00:00+01:00;7.4;12.26968163
1900-11-08 03:00:00+01:00;6.6;12.55123715
1900-11-08 04:00:00+01:00;6.5;13.21772881
1900-11-08 05:00:00+01:00;5.5;15.99619723
1900-11-08 06:00:00+01:00;6;20.43853149
1900-11-08 07:00:00+01:00;5.8;29.78951939
1900-11-08 08:00:00+01:00;5.6;37.379523
1900-11-08 09:00:00+01:00;4.5;39.30662627
1900-11-08 10:00:00+01:00;5;38.12724022
1900-11-08 11:00:00+01:00;6.1;37.32443043
1900-11-08 12:00:00+01:00;6.5;36.53966995
1900-11-08 13:00:00+01:00;7.1;34.40286883
1900-11-08 14:00:00+01:00;6.4;35.34411959
1900-11-08 15:00:00+01:00;5.8;34.8662755
1900-11-08 16:00:00+01:00;6.7;27.36391598
1900-11-08 17:00:00+01:00;6.8;18.55371972
1900-11-08 18:00:00+01:00;6.6;13.80968142
1900-11-08 19:00:00+01:00;6.4;13.31172775
1900-11-08 20:00:00+01:00;6.3;12.99205671
1900-11-08 21:00:00+01:00;5.7;13.42505048
1900-11-08 22:00:00+01:00;5.4;12.95238825
1900-11-08 23:00:00+01:00;3.9;13.59868863
1900-11-09 00:00:00+01:00;3.6;13.87727992
1900-11-09 01:00:00+01:00;3;14.49328789
1900-11-09 02:00:00+01:00;2.5;15.06777944
1900-11-09 03:00:00+01:00;2;15.56264623
1900-11-09 04:00:00+01:00;0.4;16.92469972
1900-11-09 05:00:00+01:00;0.4;20.13852757
1900-11-09 06:00:00+01:00;0.9;26.82146494
1900-11-09 07:00:00+01:00;0.4;38.30765597
1900-11-09 08:00:00+01:00;0.9;45.60766554
1900-11-09 09:00:00+01:00;2.3;45.20883973
1900-11-09 10:00:00+01:00;4.8;41.7691782
1900-11-09 11:00:00+01:00;4.4;41.99420948
1900-11-09 12:00:00+01:00;3.6;42.08979662
1900-11-09 13:00:00+01:00;4.1;39.58948074
1900-11-09 14:00:00+01:00;6.8;36.91386627
1900-11-09 15:00:00+01:00;6.2;36.1670495
1900-11-09 16:00:00+01:00;6;29.37330036
1900-11-09 17:00:00+01:00;5.6;20.76376616
1900-11-09 18:00:00+01:00;4;16.74978478
1900-11-09 19:00:00+01:00;4;16.13685429
1900-11-09 20:00:00+01:00;3.5;15.97292718
1900-11-09 21:00:00+01:00;2.8;16.46085175
1900-11-09 22:00:00+01:00;1;16.1296959
1900-11-09 23:00:00+01:00;0.1;16.57490364
1900-11-10 00:00:00+01:00;0.2;16.33892449
1900-11-10 01:00:00+01:00;-0.3;16.22183535
1900-11-10 02:00:00+01:00;-0.3;16.42705486
1900-11-10 03:00:00+01:00;0.8;16.16722602
1900-11-10 04:00:00+01:00;0.9;16.6190712
1900-11-10 05:00:00+01:00;0;18.92377084
1900-11-10 06:00:00+01:00;-1;20.67620868
1900-11-10 07:00:00+01:00;-0.7;21.59024162
1900-11-10 08:00:00+01:00;-0.3;20.88459593
1900-11-10 09:00:00+01:00;0.8;19.45579754
1900-11-10 10:00:00+01:00;2.6;17.63176851
1900-11-10 11:00:00+01:00;3.2;16.74776986
1900-11-10 12:00:00+01:00;3.3;16.0169245
1900-11-10 13:00:00+01:00;3.2;15.91826986
1900-11-10 14:00:00+01:00;3;16.16787792
1900-11-10 15:00:00+01:00;3;16.51973135
1900-11-10 16:00:00+01:00;2.7;16.75748665
1900-11-10 17:00:00+01:00;4.2;15.53498688
1900-11-10 18:00:00+01:00;4.4;15.47734348
1900-11-10 19:00:00+01:00;3.1;16.22678938
1900-11-10 20:00:00+01:00;3.1;16.4392083
1900-11-10 21:00:00+01:00;3;16.76139142
1900-11-10 22:00:00+01:00;3;16.00463022
1900-11-10 23:00:00+01:00;3;16.32973619
1900-11-11 00:00:00+01:00;3;16.08032599
1900-11-11 01:00:00+01:00;2.9;15.727858
1900-11-11 02:00:00+01:00;2.7;15.78391249
1900-11-11 03:00:00+01:00;2.9;15.68507493
1900-11-11 04:00:00+01:00;3.5;15.87491605
1900-11-11 05:00:00+01:00;5.6;17.40183267
1900-11-11 06:00:00+01:00;5.7;17.66305802
1900-11-11 07:00:00+01:00;7;17.50074383
1900-11-11 08:00:00+01:00;7.8;15.97523644
1900-11-11 09:00:00+01:00;7.5;14.90500794
1900-11-11 10:00:00+01:00;8.5;13.22843723
1900-11-11 11:00:00+01:00;9.5;11.94163822
1900-11-11 12:00:00+01:00;11.5;10.03970966
1900-11-11 13:00:00+01:00;12.3;9.115158068
1900-11-11 14:00:00+01:00;12;8.86811908
1900-11-11 15:00:00+01:00;10.9;9.531195873
1900-11-11 16:00:00+01:00;9.9;10.50490347
1900-11-11 17:00:00+01:00;8.6;11.2100453
1900-11-11 18:00:00+01:00;8.4;11.3191424
1900-11-11 19:00:00+01:00;7.8;11.62850633
1900-11-11 20:00:00+01:00;7.6;11.80641492
1900-11-11 21:00:00+01:00;7.3;12.03775568
1900-11-11 22:00:00+01:00;8;11.48908518
1900-11-11 23:00:00+01:00;8.1;11.76456758
1900-11-12 00:00:00+01:00;8.2;11.64916411
1900-11-12 01:00:00+01:00;7.5;11.98613566
1900-11-12 02:00:00+01:00;7.4;12.2212539
1900-11-12 03:00:00+01:00;7;12.37127182
1900-11-12 04:00:00+01:00;6;13.29374868
1900-11-12 05:00:00+01:00;6;16.01055334
1900-11-12 06:00:00+01:00;6.8;20.30259789
1900-11-12 07:00:00+01:00;6;29.9505666
1900-11-12 08:00:00+01:00;5.2;37.97858481
1900-11-12 09:00:00+01:00;5;39.1289594
1900-11-12 10:00:00+01:00;4.7;38.58713598
1900-11-12 11:00:00+01:00;5;38.58651783
1900-11-12 12:00:00+01:00;5.7;37.60339648
1900-11-12 13:00:00+01:00;4.9;36.77261422
1900-11-12 14:00:00+01:00;4.6;37.67021276
1900-11-12 15:00:00+01:00;4.8;36.42632791
1900-11-12 16:00:00+01:00;5.3;28.96156409
1900-11-12 17:00:00+01:00;6.1;19.40886623
1900-11-12 18:00:00+01:00;5.2;14.97538002
1900-11-12 19:00:00+01:00;4.7;14.57450643
1900-11-12 20:00:00+01:00;4.3;14.31296588
1900-11-12 21:00:00+01:00;3.7;14.71957488
1900-11-12 22:00:00+01:00;3.6;13.95592763
1900-11-12 23:00:00+01:00;3.8;14.10284118
1900-11-13 00:00:00+01:00;4.2;14.17595036
1900-11-13 01:00:00+01:00;4.2;14.59160807
1900-11-13 02:00:00+01:00;4.2;14.9906177
1900-11-13 03:00:00+01:00;5.4;14.94992802
1900-11-13 04:00:00+01:00;4.7;16.17267867
1900-11-13 05:00:00+01:00;5.1;19.61773424
1900-11-13 06:00:00+01:00;5.5;24.8447142
1900-11-13 07:00:00+01:00;4.6;35.56438462
1900-11-13 08:00:00+01:00;4.8;42.13596268
1900-11-13 09:00:00+01:00;5.2;42.2861098
1900-11-13 10:00:00+01:00;5;41.11395165
1900-11-13 11:00:00+01:00;7.1;38.93379882
1900-11-13 12:00:00+01:00;10;35.2635255
1900-11-13 13:00:00+01:00;10.6;32.84824473
1900-11-13 14:00:00+01:00;10;32.72923491
1900-11-13 15:00:00+01:00;7.2;34.29605096
1900-11-13 16:00:00+01:00;4.5;29.98138356
1900-11-13 17:00:00+01:00;3.6;21.05787589
1900-11-13 18:00:00+01:00;2.7;16.47899828
1900-11-13 19:00:00+01:00;2.1;16.11534239
1900-11-13 20:00:00+01:00;1.6;15.83008178
1900-11-13 21:00:00+01:00;1;16.23524522
1900-11-13 22:00:00+01:00;1.2;15.0491646
1900-11-13 23:00:00+01:00;0.5;15.37631556
1900-11-14 00:00:00+01:00;0.8;15.45883244
1900-11-14 01:00:00+01:00;0.5;15.98788356
1900-11-14 02:00:00+01:00;0.1;16.50246229
1900-11-14 03:00:00+01:00;-0.6;17.1281732
1900-11-14 04:00:00+01:00;-0.7;18.15050959
1900-11-14 05:00:00+01:00;-0.6;21.59593709
1900-11-14 06:00:00+01:00;-0.6;28.96511849
1900-11-14 07:00:00+01:00;1.2;39.57892841
1900-11-14 08:00:00+01:00;1.2;46.74239375
1900-11-14 09:00:00+01:00;1.4;47.22864902
1900-11-14 10:00:00+01:00;1.6;45.61446832
1900-11-14 11:00:00+01:00;1.6;45.8214638
1900-11-14 12:00:00+01:00;1.5;45.37408418
1900-11-14 13:00:00+01:00;1.6;43.14365892
1900-11-14 14:00:00+01:00;1.5;43.74215622
1900-11-14 15:00:00+01:00;1.8;42.22742674
1900-11-14 16:00:00+01:00;1.9;33.84735388
1900-11-14 17:00:00+01:00;2.5;23.51057496
1900-11-14 18:00:00+01:00;2.6;18.67755807
1900-11-14 19:00:00+01:00;3;17.84054145
1900-11-14 20:00:00+01:00;2.4;17.69558704
1900-11-14 21:00:00+01:00;2.7;17.74067533
1900-11-14 22:00:00+01:00;2.1;17.00094453
1900-11-14 23:00:00+01:00;1.8;17.24717091
1900-11-15 00:00:00+01:00;1.7;17.35835795
1900-11-15 01:00:00+01:00;1.7;17.70276726
1900-11-15 02:00:00+01:00;1.7;17.9440764
1900-11-15 03:00:00+01:00;1.9;18.13176517
1900-11-15 04:00:00+01:00;2;19.22326262
1900-11-15 05:00:00+01:00;2.2;23.08772712
1900-11-15 06:00:00+01:00;2.4;29.37397912
1900-11-15 07:00:00+01:00;2.6;40.45430569
1900-11-15 08:00:00+01:00;2.5;46.89370151
1900-11-15 09:00:00+01:00;2.6;47.05667721
1900-11-15 10:00:00+01:00;2.8;45.18737338
1900-11-15 11:00:00+01:00;2.9;44.89681577
1900-11-15 12:00:00+01:00;3;43.89932097
1900-11-15 13:00:00+01:00;3.2;41.3836476
1900-11-15 14:00:00+01:00;3.2;41.47849562
1900-11-15 15:00:00+01:00;3.4;39.91215231
1900-11-15 16:00:00+01:00;3.3;32.15101446
1900-11-15 17:00:00+01:00;3.4;22.42374303
1900-11-15 18:00:00+01:00;3.5;17.53831997
1900-11-15 19:00:00+01:00;3.1;17.04740751
1900-11-15 20:00:00+01:00;2.8;16.74309983
1900-11-15 21:00:00+01:00;2.4;17.07399724
1900-11-15 22:00:00+01:00;1.9;16.25905237
1900-11-15 23:00:00+01:00;2.5;16.24318737
1900-11-16 00:00:00+01:00;2.8;16.23479793
1900-11-16 01:00:00+01:00;2.4;16.67743068
1900-11-16 02:00:00+01:00;1.7;17.15039975
1900-11-16 03:00:00+01:00;2.1;17.32887676
1900-11-16 04:00:00+01:00;2.2;18.39734539
1900-11-16 05:00:00+01:00;1.6;22.26698652
1900-11-16 06:00:00+01:00;1.8;28.78697059
1900-11-16 07:00:00+01:00;1.6;40.16417399
1900-11-16 08:00:00+01:00;1.1;47.38343639
1900-11-16 09:00:00+01:00;1.4;47.62542685
1900-11-16 10:00:00+01:00;1.8;45.7140064
1900-11-16 11:00:00+01:00;1.9;45.63527357
1900-11-16 12:00:00+01:00;1.8;44.95658608
1900-11-16 13:00:00+01:00;2;42.46300794
1900-11-16 14:00:00+01:00;2.5;42.26148047
1900-11-16 15:00:00+01:00;2;41.54573585
1900-11-16 16:00:00+01:00;1.8;33.52952658
1900-11-16 17:00:00+01:00;1.5;23.56913475
1900-11-16 18:00:00+01:00;1.5;18.67003178
1900-11-16 19:00:00+01:00;1.5;18.05012574
1900-11-16 20:00:00+01:00;1.5;17.64093826
1900-11-16 21:00:00+01:00;1.3;17.92959991
1900-11-16 22:00:00+01:00;1.2;16.91142245
1900-11-16 23:00:00+01:00;0.7;17.25344529
1900-11-17 00:00:00+01:00;1.4;16.67705162
1900-11-17 01:00:00+01:00;0.6;16.61603454
1900-11-17 02:00:00+01:00;0.2;16.86023605
1900-11-17 03:00:00+01:00;0.4;16.87481538
1900-11-17 04:00:00+01:00;0;17.5719166
1900-11-17 05:00:00+01:00;0.4;19.78398635
1900-11-17 06:00:00+01:00;0.2;21.02577475
1900-11-17 07:00:00+01:00;0;22.10639208
1900-11-17 08:00:00+01:00;-0.6;21.81733048
1900-11-17 09:00:00+01:00;0.6;20.26537879
1900-11-17 10:00:00+01:00;0.5;19.45721004
1900-11-17 11:00:00+01:00;0.6;18.87379085
1900-11-17 12:00:00+01:00;0.3;18.35181815
1900-11-17 13:00:00+01:00;0;18.40997139
1900-11-17 14:00:00+01:00;0.6;18.21309993
1900-11-17 15:00:00+01:00;0;19.09273905
1900-11-17 16:00:00+01:00;-1.2;19.7300292
1900-11-17 17:00:00+01:00;-1.4;19.24055357
1900-11-17 18:00:00+01:00;-1.7;19.01085951
1900-11-17 19:00:00+01:00;-2.3;19.40913825
1900-11-17 20:00:00+01:00;-2.3;19.80419277
1900-11-17 21:00:00+01:00;-2.8;20.12880713
1900-11-17 22:00:00+01:00;-3;18.95838292
1900-11-17 23:00:00+01:00;-2;19.17877718
1900-11-18 00:00:00+01:00;-2.1;18.8566299
1900-11-18 01:00:00+01:00;-3.9;19.113232
1900-11-18 02:00:00+01:00;-5.5;19.82278318
1900-11-18 03:00:00+01:00;-5.8;20.15665131
1900-11-18 04:00:00+01:00;-5.6;20.93263107
1900-11-18 05:00:00+01:00;-6.3;23.91864224
1900-11-18 06:00:00+01:00;-5.3;25.45913074
1900-11-18 07:00:00+01:00;-5.6;26.97360733
1900-11-18 08:00:00+01:00;-6.1;26.83118535
1900-11-18 09:00:00+01:00;-4.6;25.23601406
1900-11-18 10:00:00+01:00;-3.1;23.37127853
1900-11-18 11:00:00+01:00;-2.5;22.41065146
1900-11-18 12:00:00+01:00;-1;20.70453627
1900-11-18 13:00:00+01:00;-1.5;20.63642779
1900-11-18 14:00:00+01:00;-1.7;20.97258209
1900-11-18 15:00:00+01:00;-2;21.73293577
1900-11-18 16:00:00+01:00;-2.5;21.96969354
1900-11-18 17:00:00+01:00;-3.4;21.89971142
1900-11-18 18:00:00+01:00;-4.3;22.07399433
1900-11-18 19:00:00+01:00;-6.1;23.03024244
1900-11-18 20:00:00+01:00;-6.3;23.55269443
1900-11-18 21:00:00+01:00;-6.6;23.79862505
1900-11-18 22:00:00+01:00;-7.1;22.2928624
1900-11-18 23:00:00+01:00;-8.3;23.30237676
1900-11-19 00:00:00+01:00;-9.6;24.14094693
1900-11-19 01:00:00+01:00;-8.8;24.56529222
1900-11-19 02:00:00+01:00;-8.7;24.85068213
1900-11-19 03:00:00+01:00;-9.3;25.6032233
1900-11-19 04:00:00+01:00;-8.3;26.80471674
1900-11-19 05:00:00+01:00;-6.3;31.3489915
1900-11-19 06:00:00+01:00;-5.6;40.82398297
1900-11-19 07:00:00+01:00;-4.6;54.37054612
1900-11-19 08:00:00+01:00;-3.6;59.56016192
1900-11-19 09:00:00+01:00;-4.8;60.33206414
1900-11-19 10:00:00+01:00;-3;56.2711028
1900-11-19 11:00:00+01:00;-2.4;55.56907376
1900-11-19 12:00:00+01:00;-2.5;54.43327101
1900-11-19 13:00:00+01:00;-2.5;51.3041128
1900-11-19 14:00:00+01:00;-2.5;51.45016755
1900-11-19 15:00:00+01:00;-3;50.54947458
1900-11-19 16:00:00+01:00;-3.3;40.69107275
1900-11-19 17:00:00+01:00;-3.6;29.3895209
1900-11-19 18:00:00+01:00;-4.1;24.77951193
1900-11-19 19:00:00+01:00;-3;23.63730825
1900-11-19 20:00:00+01:00;-3;23.25027788
1900-11-19 21:00:00+01:00;-2.9;23.47610616
1900-11-19 22:00:00+01:00;-2.8;21.99077555
1900-11-19 23:00:00+01:00;-4.3;22.58129449
1900-11-20 00:00:00+01:00;-4.8;22.74350401
1900-11-20 01:00:00+01:00;-4.3;22.96015526
1900-11-20 02:00:00+01:00;-4;22.99429158
1900-11-20 03:00:00+01:00;-4.1;23.32158899
1900-11-20 04:00:00+01:00;-3.5;24.48707675
1900-11-20 05:00:00+01:00;-3.8;29.23776835
1900-11-20 06:00:00+01:00;-3.5;37.84723933
1900-11-20 07:00:00+01:00;-4;51.51110831
1900-11-20 08:00:00+01:00;-4;57.93240658
1900-11-20 09:00:00+01:00;-3.5;57.48046423
1900-11-20 10:00:00+01:00;-4.6;56.06782752
1900-11-20 11:00:00+01:00;-4.6;56.31616465
1900-11-20 12:00:00+01:00;-3.3;54.02061657
1900-11-20 13:00:00+01:00;-3.3;50.97633717
1900-11-20 14:00:00+01:00;-3.5;51.64097935
1900-11-20 15:00:00+01:00;-4.8;51.76329816
1900-11-20 16:00:00+01:00;-4.1;40.72875452
1900-11-20 17:00:00+01:00;-4.6;29.18981957
1900-11-20 18:00:00+01:00;-3.4;23.66383843
1900-11-20 19:00:00+01:00;-2.8;22.78507411
1900-11-20 20:00:00+01:00;-3.9;22.87348222
1900-11-20 21:00:00+01:00;-3.4;23.01062844
1900-11-20 22:00:00+01:00;-3.5;21.61243072
1900-11-20 23:00:00+01:00;-3;21.7192722
1900-11-21 00:00:00+01:00;-3;21.82913263
1900-11-21 01:00:00+01:00;-2.6;22.13086253
1900-11-21 02:00:00+01:00;-2.9;22.42226184
1900-11-21 03:00:00+01:00;-3;22.84667879
1900-11-21 04:00:00+01:00;-3.8;24.50099507
1900-11-21 05:00:00+01:00;-3.4;29.20979125
1900-11-21 06:00:00+01:00;-3.3;37.87887105
1900-11-21 07:00:00+01:00;-5;52.30157599
1900-11-21 08:00:00+01:00;-5.3;59.14932875
1900-11-21 09:00:00+01:00;-4.5;58.59662968
1900-11-21 10:00:00+01:00;-1.7;53.80379773
1900-11-21 11:00:00+01:00;-1.4;53.27404612
1900-11-21 12:00:00+01:00;-1.2;51.85382685
1900-11-21 13:00:00+01:00;-1.5;49.13675659
1900-11-21 14:00:00+01:00;-1.9;49.72804872
1900-11-21 15:00:00+01:00;-1.2;47.50836259
1900-11-21 16:00:00+01:00;-1.7;38.42062351
1900-11-21 17:00:00+01:00;-2.4;27.68335456
1900-11-21 18:00:00+01:00;-2.3;22.71877137
1900-11-21 19:00:00+01:00;-6.8;24.07447367
1900-11-21 20:00:00+01:00;-5.1;22.92236752
1900-11-21 21:00:00+01:00;-6.1;23.67858398
1900-11-21 22:00:00+01:00;-5;21.63750273
1900-11-21 23:00:00+01:00;-2.5;21.20542541
1900-11-22 00:00:00+01:00;-2.1;21.23268673
1900-11-22 01:00:00+01:00;-1.2;21.40332623
1900-11-22 02:00:00+01:00;-1.2;21.60792246
1900-11-22 03:00:00+01:00;-0.8;21.84721698
1900-11-22 04:00:00+01:00;-0.8;23.26838271
1900-11-22 05:00:00+01:00;-0.3;27.94029912
1900-11-22 06:00:00+01:00;-0.5;35.63149524
1900-11-22 07:00:00+01:00;-0.7;48.23628863
1900-11-22 08:00:00+01:00;-0.3;53.70880963
1900-11-22 09:00:00+01:00;-0.3;53.48495971
1900-11-22 10:00:00+01:00;-0.1;51.08864982
1900-11-22 11:00:00+01:00;0;50.76535529
1900-11-22 12:00:00+01:00;0.3;49.34618051
1900-11-22 13:00:00+01:00;0.1;46.73847632
1900-11-22 14:00:00+01:00;0.4;46.51106238
1900-11-22 15:00:00+01:00;0.1;45.41042756
1900-11-22 16:00:00+01:00;-0.3;36.71154973
1900-11-22 17:00:00+01:00;-0.3;26.02092597
1900-11-22 18:00:00+01:00;-1;21.45494044
1900-11-22 19:00:00+01:00;-1.5;20.91889395
1900-11-22 20:00:00+01:00;-2;20.6274497
1900-11-22 21:00:00+01:00;-2.3;20.90950066
1900-11-22 22:00:00+01:00;-2.1;19.38154092
1900-11-22 23:00:00+01:00;-4.8;20.32017889
1900-11-23 00:00:00+01:00;-4.6;20.45689073
1900-11-23 01:00:00+01:00;-7.3;21.75256744
1900-11-23 02:00:00+01:00;-9.5;22.79004127
1900-11-23 03:00:00+01:00;-7.5;22.89459554
1900-11-23 04:00:00+01:00;-11.7;25.22987446
1900-11-23 05:00:00+01:00;-10.7;29.26802986
1900-11-23 06:00:00+01:00;-12;41.01158735
1900-11-23 07:00:00+01:00;-11.2;55.88671992
1900-11-23 08:00:00+01:00;-11.6;64.47527112
1900-11-23 09:00:00+01:00;-8.6;62.72622617
1900-11-23 10:00:00+01:00;-6.1;58.37449452
1900-11-23 11:00:00+01:00;-5.1;57.8511995
1900-11-23 12:00:00+01:00;-4.6;56.34621656
1900-11-23 13:00:00+01:00;-4.1;52.75277341
1900-11-23 14:00:00+01:00;-3.3;52.35537999
1900-11-23 15:00:00+01:00;-3.6;51.31621312
1900-11-23 16:00:00+01:00;-3.5;40.9866184
1900-11-23 17:00:00+01:00;-4;29.79871109
1900-11-23 18:00:00+01:00;-3.5;24.82606039
1900-11-23 19:00:00+01:00;-3.5;24.25857639
1900-11-23 20:00:00+01:00;-3.8;24.11848382
1900-11-23 21:00:00+01:00;-3.1;24.24087112
1900-11-23 22:00:00+01:00;-2.4;22.71770641
1900-11-23 23:00:00+01:00;-1.4;22.74313484
1900-11-24 00:00:00+01:00;-1.2;21.48176805
1900-11-24 01:00:00+01:00;-1.7;21.19131477
1900-11-24 02:00:00+01:00;-1.5;20.92692705
1900-11-24 03:00:00+01:00;-1.4;20.83628003
1900-11-24 04:00:00+01:00;-1.9;21.42455147
1900-11-24 05:00:00+01:00;-2.1;24.7404549
1900-11-24 06:00:00+01:00;-1.5;25.16013055
1900-11-24 07:00:00+01:00;-1.9;26.08542974
1900-11-24 08:00:00+01:00;-1.9;25.02581378
1900-11-24 09:00:00+01:00;-2;23.87194971
1900-11-24 10:00:00+01:00;-2.3;22.81523005
1900-11-24 11:00:00+01:00;-2;21.93118438
1900-11-24 12:00:00+01:00;-1.7;20.89842867
1900-11-24 13:00:00+01:00;-1.5;20.39417946
1900-11-24 14:00:00+01:00;-1;20.20700821
1900-11-24 15:00:00+01:00;-1.5;21.03487455
1900-11-24 16:00:00+01:00;-1;20.53433889
1900-11-24 17:00:00+01:00;-0.7;19.76398738
1900-11-24 18:00:00+01:00;-0.5;19.46216156
1900-11-24 19:00:00+01:00;-0.3;19.42331216
1900-11-24 20:00:00+01:00;0;19.43676484
1900-11-24 21:00:00+01:00;0;19.67280415
1900-11-24 22:00:00+01:00;-0.1;18.60525053
1900-11-24 23:00:00+01:00;-0.3;19.02645928
1900-11-25 00:00:00+01:00;-0.1;18.62817071
1900-11-25 01:00:00+01:00;0;18.25381172
1900-11-25 02:00:00+01:00;0;18.26446186
1900-11-25 03:00:00+01:00;-0.1;18.31075196
1900-11-25 04:00:00+01:00;-0.8;19.07395074
1900-11-25 05:00:00+01:00;-0.6;21.73083527
1900-11-25 06:00:00+01:00;-1;22.93583548
1900-11-25 07:00:00+01:00;-1.2;24.00171011
1900-11-25 08:00:00+01:00;-1;23.17685885
1900-11-25 09:00:00+01:00;-1;22.17312009
1900-11-25 10:00:00+01:00;-1.2;21.27084098
1900-11-25 11:00:00+01:00;-1.2;20.67331389
1900-11-25 12:00:00+01:00;-1;19.76679952
1900-11-25 13:00:00+01:00;-0.7;19.33011061
1900-11-25 14:00:00+01:00;-0.7;19.52250452
1900-11-25 15:00:00+01:00;-0.7;19.98001225
1900-11-25 16:00:00+01:00;-1.2;20.13954221
1900-11-25 17:00:00+01:00;-0.8;19.30032739
1900-11-25 18:00:00+01:00;-0.7;18.97938033
1900-11-25 19:00:00+01:00;-0.6;19.03042937
1900-11-25 20:00:00+01:00;-0.7;19.35125646
1900-11-25 21:00:00+01:00;-0.8;19.60157486
1900-11-25 22:00:00+01:00;-1.5;18.71989683
1900-11-25 23:00:00+01:00;-0.7;18.90310419
1900-11-26 00:00:00+01:00;-2;19.69436315
1900-11-26 01:00:00+01:00;-1.7;20.08133479
1900-11-26 02:00:00+01:00;-0.7;20.1078656
1900-11-26 03:00:00+01:00;-1;20.57895562
1900-11-26 04:00:00+01:00;-1.7;22.06774868
1900-11-26 05:00:00+01:00;-2.5;26.57236775
1900-11-26 06:00:00+01:00;-2.8;34.9490285
1900-11-26 07:00:00+01:00;-2.5;47.64350466
1900-11-26 08:00:00+01:00;-4.3;55.81971537
1900-11-26 09:00:00+01:00;-2.9;55.03221857
1900-11-26 10:00:00+01:00;-2.1;52.28927466
1900-11-26 11:00:00+01:00;-0.5;50.86380589
1900-11-26 12:00:00+01:00;-0.3;49.61513341
1900-11-26 13:00:00+01:00;0;46.58236947
1900-11-26 14:00:00+01:00;-0.3;47.08476467
1900-11-26 15:00:00+01:00;-1.5;47.05774362
1900-11-26 16:00:00+01:00;-2.5;38.49969196
1900-11-26 17:00:00+01:00;-4.3;28.06841108
1900-11-26 18:00:00+01:00;-5.8;23.67025685
1900-11-26 19:00:00+01:00;-6.6;23.50358387
1900-11-26 20:00:00+01:00;-6;22.84503234
1900-11-26 21:00:00+01:00;-8;24.07925552
1900-11-26 22:00:00+01:00;-7.8;22.16563605
1900-11-26 23:00:00+01:00;-10.2;23.17472282
1900-11-27 00:00:00+01:00;-10.2;23.52894102
1900-11-27 01:00:00+01:00;-12.3;24.84771839
1900-11-27 02:00:00+01:00;-12.2;25.35613515
1900-11-27 03:00:00+01:00;-9.7;25.45224593
1900-11-27 04:00:00+01:00;-8.2;26.60885926
1900-11-27 05:00:00+01:00;-9;31.72150314
1900-11-27 06:00:00+01:00;-9.7;42.83763186
1900-11-27 07:00:00+01:00;-13.8;60.69662451
1900-11-27 08:00:00+01:00;-14.7;69.53581532
1900-11-27 09:00:00+01:00;-13.2;68.98874522
1900-11-27 10:00:00+01:00;-7.6;61.7593967
1900-11-27 11:00:00+01:00;-4.8;59.50046454
1900-11-27 12:00:00+01:00;-4;57.47194766
1900-11-27 13:00:00+01:00;-3.4;53.60941374
1900-11-27 14:00:00+01:00;-5.8;56.24819985
1900-11-27 15:00:00+01:00;-7;56.21193859
1900-11-27 16:00:00+01:00;-8.6;46.25233638
1900-11-27 17:00:00+01:00;-10.3;34.13944104
1900-11-27 18:00:00+01:00;-12.7;30.18099987
1900-11-27 19:00:00+01:00;-11.3;29.09896749
1900-11-27 20:00:00+01:00;-11;28.66549565
1900-11-27 21:00:00+01:00;-10.6;29.02252415
1900-11-27 22:00:00+01:00;-9.2;26.55754165
1900-11-27 23:00:00+01:00;-8;26.54210454
1900-11-28 00:00:00+01:00;-7.5;26.55479281
1900-11-28 01:00:00+01:00;-6.3;26.61083481
1900-11-28 02:00:00+01:00;-5.1;26.3159401
1900-11-28 03:00:00+01:00;-6;26.98047429
1900-11-28 04:00:00+01:00;-5.3;28.56397995
1900-11-28 05:00:00+01:00;-4.3;34.09318968
1900-11-28 06:00:00+01:00;-3.8;43.14273708
1900-11-28 07:00:00+01:00;-2.4;56.18125821
1900-11-28 08:00:00+01:00;-2.6;60.8632465
1900-11-28 09:00:00+01:00;-2;59.40584998
1900-11-28 10:00:00+01:00;-0.6;55.27674235
1900-11-28 11:00:00+01:00;-0.1;54.16215339
1900-11-28 12:00:00+01:00;-1.5;54.00738558
1900-11-28 13:00:00+01:00;-1;50.32983052
1900-11-28 14:00:00+01:00;-0.7;49.74551545
1900-11-28 15:00:00+01:00;-3.5;51.17978597
1900-11-28 16:00:00+01:00;-2.6;40.06814208
1900-11-28 17:00:00+01:00;-4.1;29.47839952
1900-11-28 18:00:00+01:00;-4.5;24.59425022
1900-11-28 19:00:00+01:00;-5;24.05566333
1900-11-28 20:00:00+01:00;-4.3;23.22477983
1900-11-28 21:00:00+01:00;-5;23.69437529
1900-11-28 22:00:00+01:00;-5.6;22.14297179
1900-11-28 23:00:00+01:00;-6.8;22.64122595
1900-11-29 00:00:00+01:00;-6.8;22.7709628
1900-11-29 01:00:00+01:00;-7.8;23.54144192
1900-11-29 02:00:00+01:00;-6.5;23.48062659
1900-11-29 03:00:00+01:00;-7.1;24.12941028
1900-11-29 04:00:00+01:00;-6.6;25.36724736
1900-11-29 05:00:00+01:00;-7.6;30.22772034
1900-11-29 06:00:00+01:00;-7.3;40.23172459
1900-11-29 07:00:00+01:00;-6.5;54.20394448
1900-11-29 08:00:00+01:00;-6;60.64305035
1900-11-29 09:00:00+01:00;-5.3;60.20294403
1900-11-29 10:00:00+01:00;-4.1;56.82164619
1900-11-29 11:00:00+01:00;-2.4;55.33558828
1900-11-29 12:00:00+01:00;-2;53.7170166
1900-11-29 13:00:00+01:00;-2.8;51.38325058
1900-11-29 14:00:00+01:00;-3;51.84988738
1900-11-29 15:00:00+01:00;-5;52.63693111
1900-11-29 16:00:00+01:00;-5.1;42.13166837
1900-11-29 17:00:00+01:00;-5.5;30.29290569
1900-11-29 18:00:00+01:00;-7.1;26.04998284
1900-11-29 19:00:00+01:00;-8.2;25.97013884
1900-11-29 20:00:00+01:00;-8;25.51124503
1900-11-29 21:00:00+01:00;-8.2;26.03034762
1900-11-29 22:00:00+01:00;-6.3;23.58456078
1900-11-29 23:00:00+01:00;-6.1;23.79671551
1900-11-30 00:00:00+01:00;-7;24.20326827
1900-11-30 01:00:00+01:00;-6.3;24.47534082
1900-11-30 02:00:00+01:00;-8.1;25.20295737
1900-11-30 03:00:00+01:00;-10;26.28978371
1900-11-30 04:00:00+01:00;-9.1;27.54754304
1900-11-30 05:00:00+01:00;-7.3;32.21447118
1900-11-30 06:00:00+01:00;-7.6;42.46205897
1900-11-30 07:00:00+01:00;-7.1;56.86741867
1900-11-30 08:00:00+01:00;-6.8;63.03952299
1900-11-30 09:00:00+01:00;-5.5;61.83167054
1900-11-30 10:00:00+01:00;-3.5;57.47248391
1900-11-30 11:00:00+01:00;-2.5;56.38456021
1900-11-30 12:00:00+01:00;-2;54.5631638
1900-11-30 13:00:00+01:00;-1.4;50.78734683
1900-11-30 14:00:00+01:00;-1.4;50.63527713
1900-11-30 15:00:00+01:00;-1;48.5695056
1900-11-30 16:00:00+01:00;-1;38.87215465
1900-11-30 17:00:00+01:00;-1.7;28.47891202
1900-11-30 18:00:00+01:00;-2;23.83595774
1900-11-30 19:00:00+01:00;-2.4;23.26789945
1900-11-30 20:00:00+01:00;-2;22.67376298
1900-11-30 21:00:00+01:00;-2.3;22.99563681
1900-11-30 22:00:00+01:00;-3.7;22.02075665
1900-11-30 23:00:00+01:00;-6.8;23.11204895
1900-12-01 00:00:00+01:00;-7.5;22.41342281
1900-12-01 01:00:00+01:00;-7.7;22.16563697
1900-12-01 02:00:00+01:00;-9.8;22.91663504
1900-12-01 03:00:00+01:00;-11.3;23.56023329
1900-12-01 04:00:00+01:00;-10.2;24.13203187
1900-12-01 05:00:00+01:00;-12.2;27.84573111
1900-12-01 06:00:00+01:00;-9.1;28.98381011
1900-12-01 07:00:00+01:00;-10.6;31.18490264
1900-12-01 08:00:00+01:00;-12.8;32.0452663
1900-12-01 09:00:00+01:00;-11;30.39092547
1900-12-01 10:00:00+01:00;-9;28.28500565
1900-12-01 11:00:00+01:00;-7.5;26.77468762
1900-12-01 12:00:00+01:00;-7.6;26.00238391
1900-12-01 13:00:00+01:00;-6.6;25.01426141
1900-12-01 14:00:00+01:00;-6.1;25.06989445
1900-12-01 15:00:00+01:00;-6.3;25.98101833
1900-12-01 16:00:00+01:00;-6.3;25.8117699
1900-12-01 17:00:00+01:00;-6;24.92403
1900-12-01 18:00:00+01:00;-5.6;24.58711781
1900-12-01 19:00:00+01:00;-5.5;24.73041204
1900-12-01 20:00:00+01:00;-5.3;24.95958902
1900-12-01 21:00:00+01:00;-5.3;25.43740262
1900-12-01 22:00:00+01:00;-4.8;23.67120617
1900-12-01 23:00:00+01:00;-4.5;23.82963313
1900-12-02 00:00:00+01:00;-4.1;23.20008466
1900-12-02 01:00:00+01:00;-4.1;22.81503037
1900-12-02 02:00:00+01:00;-4.1;22.66131732
1900-12-02 03:00:00+01:00;-3.8;22.5159301
1900-12-02 04:00:00+01:00;-3.6;23.03343366
1900-12-02 05:00:00+01:00;-3.6;26.64030006
1900-12-02 06:00:00+01:00;-3.4;27.38898271
1900-12-02 07:00:00+01:00;-2.5;27.82960427
1900-12-02 08:00:00+01:00;-2.5;26.65458709
1900-12-02 09:00:00+01:00;-2;25.02834846
1900-12-02 10:00:00+01:00;-1.2;23.00949156
1900-12-02 11:00:00+01:00;-0.7;21.84127457
1900-12-02 12:00:00+01:00;-1;21.11949295
1900-12-02 13:00:00+01:00;-0.8;20.4245009
1900-12-02 14:00:00+01:00;-0.7;20.39827595
1900-12-02 15:00:00+01:00;-0.5;20.65565017
1900-12-02 16:00:00+01:00;-0.3;20.46502687
1900-12-02 17:00:00+01:00;-0.3;19.92051722
1900-12-02 18:00:00+01:00;-0.3;19.7968589
1900-12-02 19:00:00+01:00;-2;20.62269344
1900-12-02 20:00:00+01:00;-2.1;20.86621004
1900-12-02 21:00:00+01:00;-2.3;21.10375935
1900-12-02 22:00:00+01:00;-3.4;20.10964254
1900-12-02 23:00:00+01:00;-1.9;20.00644931
1900-12-03 00:00:00+01:00;-3;20.74718794
1900-12-03 01:00:00+01:00;-3.1;21.18108823
1900-12-03 02:00:00+01:00;-3.4;21.49286101
1900-12-03 03:00:00+01:00;-5;22.35378821
1900-12-03 04:00:00+01:00;-4.6;23.52285905
1900-12-03 05:00:00+01:00;-4.5;27.87512254
1900-12-03 06:00:00+01:00;-4.8;36.91986688
1900-12-03 07:00:00+01:00;-5.1;50.57775746
1900-12-03 08:00:00+01:00;-5.6;58.00082641
1900-12-03 09:00:00+01:00;-4.6;57.51709463
1900-12-03 10:00:00+01:00;-4;54.86050663
1900-12-03 11:00:00+01:00;-2.3;53.5245457
1900-12-03 12:00:00+01:00;-2.4;52.57846859
1900-12-03 13:00:00+01:00;-1.4;48.73502675
1900-12-03 14:00:00+01:00;-1.4;48.99518523
1900-12-03 15:00:00+01:00;-3.4;49.8571569
1900-12-03 16:00:00+01:00;-3.5;39.95831864
1900-12-03 17:00:00+01:00;-4.6;28.94239458
1900-12-03 18:00:00+01:00;-4;23.72197056
1900-12-03 19:00:00+01:00;-5;23.5839356
1900-12-03 20:00:00+01:00;-4.5;23.00341663
1900-12-03 21:00:00+01:00;-3.6;22.99871615
1900-12-03 22:00:00+01:00;-4.3;21.7419861
1900-12-03 23:00:00+01:00;-3.5;21.82805339
1900-12-04 00:00:00+01:00;-3.4;21.97013528
1900-12-04 01:00:00+01:00;-3.3;22.40361408
1900-12-04 02:00:00+01:00;-2.5;22.41676698
1900-12-04 03:00:00+01:00;-2;22.62980429
1900-12-04 04:00:00+01:00;-1.7;24.00105811
1900-12-04 05:00:00+01:00;-0.3;28.60779448
1900-12-04 06:00:00+01:00;0.4;35.9003814
1900-12-04 07:00:00+01:00;4.4;45.81180511
1900-12-04 08:00:00+01:00;7.4;47.84721862
1900-12-04 09:00:00+01:00;5.5;48.49032242
1900-12-04 10:00:00+01:00;11.2;39.72827078
1900-12-04 11:00:00+01:00;8.9;41.60755357
1900-12-04 12:00:00+01:00;9.6;39.32148838
1900-12-04 13:00:00+01:00;7.8;38.55723207
1900-12-04 14:00:00+01:00;7.7;37.68454783
1900-12-04 15:00:00+01:00;4.7;39.2057972
1900-12-04 16:00:00+01:00;1.3;34.35832713
1900-12-04 17:00:00+01:00;2;23.63376799
1900-12-04 18:00:00+01:00;2;18.65613294
1900-12-04 19:00:00+01:00;1.4;18.12191817
1900-12-04 20:00:00+01:00;1.2;17.63104035
1900-12-04 21:00:00+01:00;0.6;17.94473694
1900-12-04 22:00:00+01:00;0.4;16.72479234
1900-12-04 23:00:00+01:00;-1.5;17.28440613
1900-12-05 00:00:00+01:00;-2;17.46084367
1900-12-05 01:00:00+01:00;-0.8;17.46940595
1900-12-05 02:00:00+01:00;-1.2;17.82517882
1900-12-05 03:00:00+01:00;-3.5;18.783859
1900-12-05 04:00:00+01:00;-2.9;19.51503893
1900-12-05 05:00:00+01:00;-2.9;22.92702136
1900-12-05 06:00:00+01:00;-3;30.9804897
1900-12-05 07:00:00+01:00;-4.3;44.24004249
1900-12-05 08:00:00+01:00;-5.1;53.22536277
1900-12-05 09:00:00+01:00;-4.1;53.47800229
1900-12-05 10:00:00+01:00;-3.3;51.52312267
1900-12-05 11:00:00+01:00;-2.8;51.81672671
1900-12-05 12:00:00+01:00;-2.3;50.83745838
1900-12-05 13:00:00+01:00;0.1;46.10020737
1900-12-05 14:00:00+01:00;1.6;44.90338596
1900-12-05 15:00:00+01:00;1.8;43.31765763
1900-12-05 16:00:00+01:00;-0.3;36.56828815
1900-12-05 17:00:00+01:00;-0.3;25.93784896
1900-12-05 18:00:00+01:00;1.8;20.21012774
1900-12-05 19:00:00+01:00;4.5;18.36922164
1900-12-05 20:00:00+01:00;4.3;18.14696748
1900-12-05 21:00:00+01:00;2.8;18.93532653
1900-12-05 22:00:00+01:00;2.6;18.12869727
1900-12-05 23:00:00+01:00;3.6;18.02551434
1900-12-06 00:00:00+01:00;4.3;17.81703527
1900-12-06 01:00:00+01:00;3.5;18.28495369
1900-12-06 02:00:00+01:00;2.4;18.74697006
1900-12-06 03:00:00+01:00;2.8;18.79620181
1900-12-06 04:00:00+01:00;3.2;19.8933727
1900-12-06 05:00:00+01:00;3;24.08969008
1900-12-06 06:00:00+01:00;2.2;30.57966106
1900-12-06 07:00:00+01:00;2.1;41.80136284
1900-12-06 08:00:00+01:00;2.3;47.63859584
1900-12-06 09:00:00+01:00;1.5;48.30818406
1900-12-06 10:00:00+01:00;2.7;45.40177196
1900-12-06 11:00:00+01:00;3.4;44.3962513
1900-12-06 12:00:00+01:00;4;42.77025804
1900-12-06 13:00:00+01:00;3;41.37500084
1900-12-06 14:00:00+01:00;2.4;42.18296764
1900-12-06 15:00:00+01:00;1.4;42.01880305
1900-12-06 16:00:00+01:00;-0.1;34.93245087
1900-12-06 17:00:00+01:00;-2.1;25.16047311
1900-12-06 18:00:00+01:00;-3;20.38626629
1900-12-06 19:00:00+01:00;-3.1;19.9352788
1900-12-06 20:00:00+01:00;-3.1;19.5165782
1900-12-06 21:00:00+01:00;-2.8;19.7194399
1900-12-06 22:00:00+01:00;-2.4;18.20397179
1900-12-06 23:00:00+01:00;-2;18.36376658
1900-12-07 00:00:00+01:00;-2.4;18.74806495
1900-12-07 01:00:00+01:00;-2;19.19956854
1900-12-07 02:00:00+01:00;-1.7;19.50549444
1900-12-07 03:00:00+01:00;-0.8;19.72091009
1900-12-07 04:00:00+01:00;-0.5;20.97252539
1900-12-07 05:00:00+01:00;-1;25.36860512
1900-12-07 06:00:00+01:00;-1;33.14809055
1900-12-07 07:00:00+01:00;-1;45.61236008
1900-12-07 08:00:00+01:00;-0.7;52.09023704
1900-12-07 09:00:00+01:00;-0.6;52.27523916
1900-12-07 10:00:00+01:00;-1;50.73237845
1900-12-07 11:00:00+01:00;-0.3;50.22514626
1900-12-07 12:00:00+01:00;-0.1;49.15590091
1900-12-07 13:00:00+01:00;0.1;46.34669334
1900-12-07 14:00:00+01:00;0;46.70953977
1900-12-07 15:00:00+01:00;-0.3;45.70661148
1900-12-07 16:00:00+01:00;-0.5;36.78901942
1900-12-07 17:00:00+01:00;-0.6;26.08039361
1900-12-07 18:00:00+01:00;-2.3;21.91063723
1900-12-07 19:00:00+01:00;-3;21.5684754
1900-12-07 20:00:00+01:00;-2.5;20.89755803
1900-12-07 21:00:00+01:00;-2.5;21.14858773
1900-12-07 22:00:00+01:00;-3.4;20.00410542
1900-12-07 23:00:00+01:00;-5;20.67090995
1900-12-08 00:00:00+01:00;-5.6;20.27624158
1900-12-08 01:00:00+01:00;-3.9;19.53416509
1900-12-08 02:00:00+01:00;-4.6;19.90765377
1900-12-08 03:00:00+01:00;-4.3;19.99522722
1900-12-08 04:00:00+01:00;-3;20.31185054
1900-12-08 05:00:00+01:00;-3;23.21878422
1900-12-08 06:00:00+01:00;-3.3;24.70321244
1900-12-08 07:00:00+01:00;-3.4;25.92458887
1900-12-08 08:00:00+01:00;-3.5;25.38729581
1900-12-08 09:00:00+01:00;-4.1;24.83555405
1900-12-08 10:00:00+01:00;-4;23.80818855
1900-12-08 11:00:00+01:00;-3.5;22.93728187
1900-12-08 12:00:00+01:00;-3;21.85107642
1900-12-08 13:00:00+01:00;-2.4;21.17327927
1900-12-08 14:00:00+01:00;-1.7;20.92560122
1900-12-08 15:00:00+01:00;-2;21.68184759
1900-12-08 16:00:00+01:00;-1.5;21.25068386
1900-12-08 17:00:00+01:00;-1.5;20.71921895
1900-12-08 18:00:00+01:00;-1.2;20.4379373
1900-12-08 19:00:00+01:00;-1.4;20.62319635
1900-12-08 20:00:00+01:00;-1.5;20.88480269
1900-12-08 21:00:00+01:00;-1.2;21.05209817
1900-12-08 22:00:00+01:00;-1.4;19.88492432
1900-12-08 23:00:00+01:00;-1;20.03427688
1900-12-09 00:00:00+01:00;-0.8;19.53884197
1900-12-09 01:00:00+01:00;-0.7;19.13247788
1900-12-09 02:00:00+01:00;-1;19.16639298
1900-12-09 03:00:00+01:00;-1;19.15408521
1900-12-09 04:00:00+01:00;-0.6;19.56867385
1900-12-09 05:00:00+01:00;-0.7;22.52837223
1900-12-09 06:00:00+01:00;-1.5;23.78123526
1900-12-09 07:00:00+01:00;-1.7;24.83914452
1900-12-09 08:00:00+01:00;-3;24.77705579
1900-12-09 09:00:00+01:00;-3.8;24.26060265
1900-12-09 10:00:00+01:00;0.2;20.79254637
1900-12-09 11:00:00+01:00;0.6;19.8318694
1900-12-09 12:00:00+01:00;1.5;18.4614604
1900-12-09 13:00:00+01:00;1.4;18.11055118
1900-12-09 14:00:00+01:00;0.1;19.06763724
1900-12-09 15:00:00+01:00;-0.3;19.77918054
1900-12-09 16:00:00+01:00;0;19.44736101
1900-12-09 17:00:00+01:00;0.7;18.50220675
1900-12-09 18:00:00+01:00;0.6;18.40735651
1900-12-09 19:00:00+01:00;0.7;18.43684396
1900-12-09 20:00:00+01:00;-0.3;19.11172496
1900-12-09 21:00:00+01:00;-1.9;19.9832307
1900-12-09 22:00:00+01:00;-2;18.79098321
1900-12-09 23:00:00+01:00;1.6;18.01602082
1900-12-10 00:00:00+01:00;1.9;18.41666773
1900-12-10 01:00:00+01:00;1.7;18.79496647
1900-12-10 02:00:00+01:00;0.3;19.39192639
1900-12-10 03:00:00+01:00;1.7;19.29593271
1900-12-10 04:00:00+01:00;0.8;20.80022859
1900-12-10 05:00:00+01:00;0;25.19161122
1900-12-10 06:00:00+01:00;-2.3;33.5002129
1900-12-10 07:00:00+01:00;1.3;43.76069064
1900-12-10 08:00:00+01:00;0.6;50.34530668
1900-12-10 09:00:00+01:00;0.1;50.78381374
1900-12-10 10:00:00+01:00;0.8;48.30725683
1900-12-10 11:00:00+01:00;0.7;48.31277538
1900-12-10 12:00:00+01:00;-1.7;49.76612451
1900-12-10 13:00:00+01:00;-2.6;48.00076922
1900-12-10 14:00:00+01:00;-2.9;49.12444101
1900-12-10 15:00:00+01:00;-3.3;48.4481539
1900-12-10 16:00:00+01:00;-2.4;37.95158262
1900-12-10 17:00:00+01:00;-0.6;25.65417245
1900-12-10 18:00:00+01:00;-3.1;21.84578112
1900-12-10 19:00:00+01:00;0.5;19.69246714
1900-12-10 20:00:00+01:00;1.5;18.8796157
1900-12-10 21:00:00+01:00;0.1;19.61748957
1900-12-10 22:00:00+01:00;0.4;18.3355956
1900-12-10 23:00:00+01:00;0.4;18.58704278
1900-12-11 00:00:00+01:00;0.1;18.83559415
1900-12-11 01:00:00+01:00;-0.1;19.33758222
1900-12-11 02:00:00+01:00;0.2;19.53320243
1900-12-11 03:00:00+01:00;-0.3;20.07165584
1900-12-11 04:00:00+01:00;-1.2;21.62408308
1900-12-11 05:00:00+01:00;-1.2;25.9388398
1900-12-11 06:00:00+01:00;-2;33.99759271
1900-12-11 07:00:00+01:00;-2;46.72196852
1900-12-11 08:00:00+01:00;-3;54.31812792
1900-12-11 09:00:00+01:00;-2.8;54.53691377
1900-12-11 10:00:00+01:00;-5.6;54.97351366
1900-12-11 11:00:00+01:00;-5.3;55.36374803
1900-12-11 12:00:00+01:00;-3.6;52.90046097
1900-12-11 13:00:00+01:00;-5.6;51.86154603
1900-12-11 14:00:00+01:00;-6.3;53.65389775
1900-12-11 15:00:00+01:00;-7;53.37311555
1900-12-11 16:00:00+01:00;-7.3;42.79600313
1900-12-11 17:00:00+01:00;-8;30.32371978
1900-12-11 18:00:00+01:00;-10;25.95096423
1900-12-11 19:00:00+01:00;-10;25.548952
1900-12-11 20:00:00+01:00;-11.1;25.65776078
1900-12-11 21:00:00+01:00;-8.7;25.24756883
1900-12-11 22:00:00+01:00;-7.8;23.15402692
1900-12-11 23:00:00+01:00;-6.8;23.29353938
1900-12-12 00:00:00+01:00;-6.3;23.49923131
1900-12-12 01:00:00+01:00;-6.1;24.09234124
1900-12-12 02:00:00+01:00;-5.8;24.40458956
1900-12-12 03:00:00+01:00;-5;24.8055221
1900-12-12 04:00:00+01:00;-5;26.51533269
1900-12-12 05:00:00+01:00;-1.2;31.28300073
1900-12-12 06:00:00+01:00;-1.7;39.84260464
1900-12-12 07:00:00+01:00;-1.4;53.29118031
1900-12-12 08:00:00+01:00;-1.2;58.36248911
1900-12-12 09:00:00+01:00;-0.7;57.43370608
1900-12-12 10:00:00+01:00;-1.7;55.48943872
1900-12-12 11:00:00+01:00;-1.5;54.86781749
1900-12-12 12:00:00+01:00;-2;53.98253175
1900-12-12 13:00:00+01:00;-2.1;50.84919108
1900-12-12 14:00:00+01:00;-2.9;51.70416889
1900-12-12 15:00:00+01:00;-3;50.30378874
1900-12-12 16:00:00+01:00;-4.1;41.09009205
1900-12-12 17:00:00+01:00;-5.3;29.88242411
1900-12-12 18:00:00+01:00;-5.5;24.86700048
1900-12-12 19:00:00+01:00;-7.6;25.08457951
1900-12-12 20:00:00+01:00;-6.5;24.05889491
1900-12-12 21:00:00+01:00;-7.3;24.66556978
1900-12-12 22:00:00+01:00;-8.3;23.06196839
1900-12-12 23:00:00+01:00;-8.5;23.33934294
1900-12-13 00:00:00+01:00;-9.7;23.88227821
1900-12-13 01:00:00+01:00;-9.1;24.30298224
1900-12-13 02:00:00+01:00;-9.7;24.78908726
1900-12-13 03:00:00+01:00;-7.6;24.80458692
1900-12-13 04:00:00+01:00;-9.6;26.74248091
1900-12-13 05:00:00+01:00;-10.8;31.84949915
1900-12-13 06:00:00+01:00;-15.6;45.44771261
1900-12-13 07:00:00+01:00;-10.3;58.84821713
1900-12-13 08:00:00+01:00;-13;68.41312906
1900-12-13 09:00:00+01:00;-11.5;67.76783151
1900-12-13 10:00:00+01:00;-9;63.1184652
1900-12-13 11:00:00+01:00;-9.2;63.87105769
1900-12-13 12:00:00+01:00;-7.3;60.94401116
1900-12-13 13:00:00+01:00;-7;57.18998053
1900-12-13 14:00:00+01:00;-8.2;59.03644541
1900-12-13 15:00:00+01:00;-7.3;56.75557949
1900-12-13 16:00:00+01:00;-8.2;46.06556109
1900-12-13 17:00:00+01:00;-8.1;33.14949828
1900-12-13 18:00:00+01:00;-8.6;28.49933289
1900-12-13 19:00:00+01:00;-8.3;27.79557383
1900-12-13 20:00:00+01:00;-6.6;26.79535652
1900-12-13 21:00:00+01:00;-5.5;26.76893564
1900-12-13 22:00:00+01:00;-5.1;25.043355
1900-12-13 23:00:00+01:00;-5.1;25.35986359
1900-12-14 00:00:00+01:00;-4.6;25.30689527
1900-12-14 01:00:00+01:00;-2.6;25.11946736
1900-12-14 02:00:00+01:00;0;24.40831738
1900-12-14 03:00:00+01:00;2.7;23.88600104
1900-12-14 04:00:00+01:00;2.9;25.5741062
1900-12-14 05:00:00+01:00;3.1;31.18060632
1900-12-14 06:00:00+01:00;4;37.1071563
1900-12-14 07:00:00+01:00;6;47.70487057
1900-12-14 08:00:00+01:00;5.3;51.50193581
1900-12-14 09:00:00+01:00;4.6;50.8128282
1900-12-14 10:00:00+01:00;3.9;48.61551778
1900-12-14 11:00:00+01:00;3.4;47.96987623
1900-12-14 12:00:00+01:00;2.9;46.92122297
1900-12-14 13:00:00+01:00;4.1;42.92612249
1900-12-14 14:00:00+01:00;3;43.42497324
1900-12-14 15:00:00+01:00;2.1;42.74714485
1900-12-14 16:00:00+01:00;1.8;34.4336663
1900-12-14 17:00:00+01:00;2.2;24.02516011
1900-12-14 18:00:00+01:00;1.3;19.43892217
1900-12-14 19:00:00+01:00;-0.5;19.38655184
1900-12-14 20:00:00+01:00;-2;19.4023841
1900-12-14 21:00:00+01:00;-3.3;20.05905445
1900-12-14 22:00:00+01:00;-3.5;18.49289985
1900-12-14 23:00:00+01:00;-3.8;18.6270204
1900-12-15 00:00:00+01:00;-5.8;18.80798835
1900-12-15 01:00:00+01:00;-6.6;18.76349668
1900-12-15 02:00:00+01:00;-6.1;18.98626288
1900-12-15 03:00:00+01:00;-6.1;19.29066037
1900-12-15 04:00:00+01:00;-6.1;20.19372796
1900-12-15 05:00:00+01:00;-6.1;22.66214358
1900-12-15 06:00:00+01:00;-5.8;24.72471836
1900-12-15 07:00:00+01:00;-8.2;27.4892514
1900-12-15 08:00:00+01:00;-6.8;26.72936904
1900-12-15 09:00:00+01:00;-6;25.70835831
1900-12-15 10:00:00+01:00;-5.3;24.56351385
1900-12-15 11:00:00+01:00;-4.6;23.6733063
1900-12-15 12:00:00+01:00;-3.5;22.25982962
1900-12-15 13:00:00+01:00;-2.5;21.37677817
1900-12-15 14:00:00+01:00;-4.3;22.93847777
1900-12-15 15:00:00+01:00;-4.8;24.01090598
1900-12-15 16:00:00+01:00;-4.5;23.6020832
1900-12-15 17:00:00+01:00;-5.6;23.61526828
1900-12-15 18:00:00+01:00;-6.5;23.76536749
1900-12-15 19:00:00+01:00;-7.1;24.22500313
1900-12-15 20:00:00+01:00;-8.5;25.3642814
1900-12-15 21:00:00+01:00;-8.8;25.61466621
1900-12-15 22:00:00+01:00;-9.3;23.90735259
1900-12-15 23:00:00+01:00;-10.7;25.00204048
1900-12-16 00:00:00+01:00;-12.1;24.70177792
1900-12-16 01:00:00+01:00;-11.6;24.33512706
1900-12-16 02:00:00+01:00;-11.2;24.47412581
1900-12-16 03:00:00+01:00;-13.7;25.5719392
1900-12-16 04:00:00+01:00;-11.7;26.0439659
1900-12-16 05:00:00+01:00;-9.5;29.11590424
1900-12-16 06:00:00+01:00;-8.2;30.38061457
1900-12-16 07:00:00+01:00;-7;31.12476347
1900-12-16 08:00:00+01:00;-6.3;29.96790109
1900-12-16 09:00:00+01:00;-6.3;28.85913122
1900-12-16 10:00:00+01:00;-6.1;27.3116941
1900-12-16 11:00:00+01:00;-6;26.4946601
1900-12-16 12:00:00+01:00;-5.8;25.49703532
1900-12-16 13:00:00+01:00;-5.1;24.49016212
1900-12-16 14:00:00+01:00;-5.1;24.72687871
1900-12-16 15:00:00+01:00;-4;24.56653773
1900-12-16 16:00:00+01:00;-3.5;24.24069815
1900-12-16 17:00:00+01:00;-2.6;23.13590479
1900-12-16 18:00:00+01:00;-2;22.93932344
1900-12-16 19:00:00+01:00;1;21.62917777
1900-12-16 20:00:00+01:00;1;21.53127873
1900-12-16 21:00:00+01:00;1;22.09213762
1900-12-16 22:00:00+01:00;1.1;20.84587998
1900-12-16 23:00:00+01:00;1.1;20.794022
1900-12-17 00:00:00+01:00;0.7;21.68111954
1900-12-17 01:00:00+01:00;1;21.70312409
1900-12-17 02:00:00+01:00;0.3;21.81869365
1900-12-17 03:00:00+01:00;-0.7;22.13247889
1900-12-17 04:00:00+01:00;-1.4;23.52441326
1900-12-17 05:00:00+01:00;-1.5;28.04941894
1900-12-17 06:00:00+01:00;-1.5;35.81078583
1900-12-17 07:00:00+01:00;-1.2;48.16680875
1900-12-17 08:00:00+01:00;-1.5;54.34437704
1900-12-17 09:00:00+01:00;-1.5;54.19687661
1900-12-17 10:00:00+01:00;-1;51.45479601
1900-12-17 11:00:00+01:00;-1;51.24114192
1900-12-17 12:00:00+01:00;-1;50.08744282
1900-12-17 13:00:00+01:00;-1;47.22410722
1900-12-17 14:00:00+01:00;-1;47.52606372
1900-12-17 15:00:00+01:00;-1.4;46.61804802
1900-12-17 16:00:00+01:00;-1.9;37.67991042
1900-12-17 17:00:00+01:00;-1.4;26.1727532
1900-12-17 18:00:00+01:00;-1.7;21.31025966
1900-12-17 19:00:00+01:00;-2;20.86112799
1900-12-17 20:00:00+01:00;-2.5;20.68430587
1900-12-17 21:00:00+01:00;-3;21.22299541
1900-12-17 22:00:00+01:00;-2.8;19.78494605
1900-12-17 23:00:00+01:00;-2.5;19.99285891
1900-12-18 00:00:00+01:00;-2;20.06929448
1900-12-18 01:00:00+01:00;-2.5;20.71675168
1900-12-18 02:00:00+01:00;-2.8;21.1348629
1900-12-18 03:00:00+01:00;-2.8;21.58874415
1900-12-18 04:00:00+01:00;-3.4;23.08369322
1900-12-18 05:00:00+01:00;-3.5;27.55959187
1900-12-18 06:00:00+01:00;-3.5;36.20686138
1900-12-18 07:00:00+01:00;-3;49.11933789
1900-12-18 08:00:00+01:00;-3.6;56.20845776
1900-12-18 09:00:00+01:00;-3.3;56.17897716
1900-12-18 10:00:00+01:00;-3.5;54.20543134
1900-12-18 11:00:00+01:00;-4.3;55.20251822
1900-12-18 12:00:00+01:00;-4;53.99982641
1900-12-18 13:00:00+01:00;-4.8;51.79753869
1900-12-18 14:00:00+01:00;-5;52.84227437
1900-12-18 15:00:00+01:00;-5.3;52.01356429
1900-12-18 16:00:00+01:00;-4;40.41941448
1900-12-18 17:00:00+01:00;-3.6;28.45580761
1900-12-18 18:00:00+01:00;-5.3;24.28234793
1900-12-18 19:00:00+01:00;-6;24.03955386
1900-12-18 20:00:00+01:00;-7.1;24.10488965
1900-12-18 21:00:00+01:00;-7.8;24.81101502
1900-12-18 22:00:00+01:00;-9.2;23.40315568
1900-12-18 23:00:00+01:00;-7.8;23.35591429
1900-12-19 00:00:00+01:00;-9.8;24.22349962
1900-12-19 01:00:00+01:00;-13.7;26.03169616
1900-12-19 02:00:00+01:00;-14.3;26.7086744
1900-12-19 03:00:00+01:00;-12.3;26.99571004
1900-12-19 04:00:00+01:00;-14;28.97395013
1900-12-19 05:00:00+01:00;-17.5;34.55464491
1900-12-19 06:00:00+01:00;-15.1;47.24215855
1900-12-19 07:00:00+01:00;-13.3;63.01128758
1900-12-19 08:00:00+01:00;-15.7;72.50730141
1900-12-19 09:00:00+01:00;-15.3;72.75127566
1900-12-19 10:00:00+01:00;-12.6;67.74946729
1900-12-19 11:00:00+01:00;-12;67.99016884
1900-12-19 12:00:00+01:00;-10.2;65.11696032
1900-12-19 13:00:00+01:00;-8.8;60.04404551
1900-12-19 14:00:00+01:00;-8.7;60.53810198
1900-12-19 15:00:00+01:00;-8;58.3689308
1900-12-19 16:00:00+01:00;-8.7;47.19361915
1900-12-19 17:00:00+01:00;-9;34.45305282
1900-12-19 18:00:00+01:00;-7.8;29.13993223
1900-12-19 19:00:00+01:00;-8.1;28.72871282
1900-12-19 20:00:00+01:00;-6.8;27.95559508
1900-12-19 21:00:00+01:00;-5.8;28.01079982
1900-12-19 22:00:00+01:00;-5.5;26.32308167
1900-12-19 23:00:00+01:00;-5.3;26.67065272
1900-12-20 00:00:00+01:00;-4.3;26.50336012
1900-12-20 01:00:00+01:00;-3.8;26.62684304
1900-12-20 02:00:00+01:00;-2.9;26.29109922
1900-12-20 03:00:00+01:00;-1.9;26.26586112
1900-12-20 04:00:00+01:00;-0.7;27.66492746
1900-12-20 05:00:00+01:00;-1.4;33.38133799
1900-12-20 06:00:00+01:00;-1.7;41.54391091
1900-12-20 07:00:00+01:00;-1.5;54.75317034
1900-12-20 08:00:00+01:00;-0.5;58.36555595
1900-12-20 09:00:00+01:00;-0.6;57.31472664
1900-12-20 10:00:00+01:00;-0.6;54.27038953
1900-12-20 11:00:00+01:00;-0.6;53.49853334
1900-12-20 12:00:00+01:00;0;51.33926304
1900-12-20 13:00:00+01:00;0.5;47.69501114
1900-12-20 14:00:00+01:00;0;47.87981368
1900-12-20 15:00:00+01:00;1.7;44.34853477
1900-12-20 16:00:00+01:00;1.9;35.30543837
1900-12-20 17:00:00+01:00;-0.3;26.38574238
1900-12-20 18:00:00+01:00;-3;22.64736699
1900-12-20 19:00:00+01:00;-2;21.4661241
1900-12-20 20:00:00+01:00;1.6;19.46217442
1900-12-20 21:00:00+01:00;-3;21.45741934
1900-12-20 22:00:00+01:00;-3.5;20.07631695
1900-12-20 23:00:00+01:00;-3.5;20.21042129
1900-12-21 00:00:00+01:00;-3.3;20.26041452
1900-12-21 01:00:00+01:00;-2.9;20.56171717
1900-12-21 02:00:00+01:00;-3.8;21.07595846
1900-12-21 03:00:00+01:00;-3.5;21.43691637
1900-12-21 04:00:00+01:00;-1;22.12612756
1900-12-21 05:00:00+01:00;-2;26.7336568
1900-12-21 06:00:00+01:00;-2.4;34.98417117
1900-12-21 07:00:00+01:00;0.2;46.18111717
1900-12-21 08:00:00+01:00;-2.5;54.44166201
1900-12-21 09:00:00+01:00;-2.5;54.6994681
1900-12-21 10:00:00+01:00;-1.5;51.7971831
1900-12-21 11:00:00+01:00;-0.3;50.68887436
1900-12-21 12:00:00+01:00;-1.2;50.53792207
1900-12-21 13:00:00+01:00;-0.3;46.94950665
1900-12-21 14:00:00+01:00;-1.4;48.35879541
1900-12-21 15:00:00+01:00;-1.5;47.20937785
1900-12-21 16:00:00+01:00;-1;37.40133581
1900-12-21 17:00:00+01:00;-0.6;26.33504269
1900-12-21 18:00:00+01:00;0.6;20.92307133
1900-12-21 19:00:00+01:00;2.8;19.25969502
1900-12-21 20:00:00+01:00;6.4;17.47440759
1900-12-21 21:00:00+01:00;6;17.67912501
1900-12-21 22:00:00+01:00;3.8;17.66548205
1900-12-21 23:00:00+01:00;4.2;17.66245874
1900-12-22 00:00:00+01:00;2;17.46973482
1900-12-22 01:00:00+01:00;3;16.76834141
1900-12-22 02:00:00+01:00;3.8;16.38969819
1900-12-22 03:00:00+01:00;0.3;17.34441779
1900-12-22 04:00:00+01:00;2.2;17.18882662
1900-12-22 05:00:00+01:00;1.8;19.7287535
1900-12-22 06:00:00+01:00;5.6;18.83231871
1900-12-22 07:00:00+01:00;4.9;19.6702695
1900-12-22 08:00:00+01:00;4.9;18.58609073
1900-12-22 09:00:00+01:00;5.2;17.17476476
1900-12-22 10:00:00+01:00;8.2;14.14333958
1900-12-22 11:00:00+01:00;7.3;13.96116053
1900-12-22 12:00:00+01:00;6.2;13.90787274
1900-12-22 13:00:00+01:00;8.4;12.15766939
1900-12-22 14:00:00+01:00;8.6;11.71411906
1900-12-22 15:00:00+01:00;8;12.12758696
1900-12-22 16:00:00+01:00;7.6;12.53623826
1900-12-22 17:00:00+01:00;6.6;12.89397022
1900-12-22 18:00:00+01:00;6.8;12.68385369
1900-12-22 19:00:00+01:00;8.1;12.12345244
1900-12-22 20:00:00+01:00;7.1;12.72478689
1900-12-22 21:00:00+01:00;3.4;14.55559862
1900-12-22 22:00:00+01:00;5.4;13.28015777
1900-12-22 23:00:00+01:00;3.2;14.45106223
1900-12-23 00:00:00+01:00;0.9;14.86274868
1900-12-23 01:00:00+01:00;5.9;13.14390991
1900-12-23 02:00:00+01:00;1.9;14.40928832
1900-12-23 03:00:00+01:00;1.1;14.63982741
1900-12-23 04:00:00+01:00;1.2;15.08533487
1900-12-23 05:00:00+01:00;2.7;16.12790583
1900-12-23 06:00:00+01:00;0.2;18.45238735
1900-12-23 07:00:00+01:00;-1;20.1501271
1900-12-23 08:00:00+01:00;-0.7;19.76621531
1900-12-23 09:00:00+01:00;-2.1;19.97992541
1900-12-23 10:00:00+01:00;-1.2;19.1925385
1900-12-23 11:00:00+01:00;-1;18.81073154
1900-12-23 12:00:00+01:00;-0.7;18.00777257
1900-12-23 13:00:00+01:00;-0.5;18.05207783
1900-12-23 14:00:00+01:00;-0.1;18.16554353
1900-12-23 15:00:00+01:00;0;18.62321435
1900-12-23 16:00:00+01:00;0.9;17.84249635
1900-12-23 17:00:00+01:00;0;17.92992988
1900-12-23 18:00:00+01:00;1.4;16.98057914
1900-12-23 19:00:00+01:00;2.8;16.55668152
1900-12-23 20:00:00+01:00;3.7;16.40367349
1900-12-23 21:00:00+01:00;6.4;15.61806534
1900-12-23 22:00:00+01:00;5.7;15.45885266
1900-12-23 23:00:00+01:00;7;15.25349966
1900-12-24 00:00:00+01:00;6.3;15.99258419
1900-12-24 01:00:00+01:00;5.7;16.50087891
1900-12-24 02:00:00+01:00;5.6;16.72016475
1900-12-24 03:00:00+01:00;5;17.04384534
1900-12-24 04:00:00+01:00;5;18.2315216
1900-12-24 05:00:00+01:00;5.7;22.19327396
1900-12-24 06:00:00+01:00;5.8;27.35741549
1900-12-24 07:00:00+01:00;5.8;37.57207458
1900-12-24 08:00:00+01:00;6.9;42.3701406
1900-12-24 09:00:00+01:00;6.7;42.33804972
1900-12-24 10:00:00+01:00;5.5;41.60539977
1900-12-24 11:00:00+01:00;6.1;40.50567005
1900-12-24 12:00:00+01:00;4.8;40.77285184
1900-12-24 13:00:00+01:00;4.8;38.58839519
1900-12-24 14:00:00+01:00;4.6;38.83194452
1900-12-24 15:00:00+01:00;4.5;37.59569991
1900-12-24 16:00:00+01:00;5.6;29.26081813
1900-12-24 17:00:00+01:00;4.4;20.75601777
1900-12-24 18:00:00+01:00;4.7;15.62783045
1900-12-24 19:00:00+01:00;5;14.78220335
1900-12-24 20:00:00+01:00;4.7;14.41766491
1900-12-24 21:00:00+01:00;4.5;14.63935645
1900-12-24 22:00:00+01:00;5.1;13.69433892
1900-12-24 23:00:00+01:00;5.2;13.83876041
1900-12-25 00:00:00+01:00;5.4;13.88416837
1900-12-25 01:00:00+01:00;5.2;14.26872145
1900-12-25 02:00:00+01:00;4.1;14.90589768
1900-12-25 03:00:00+01:00;3.8;15.24783738
1900-12-25 04:00:00+01:00;3.1;16.39375674
1900-12-25 05:00:00+01:00;2.5;19.86885381
1900-12-25 06:00:00+01:00;2.4;26.12134398
1900-12-25 07:00:00+01:00;0.8;37.94667721
1900-12-25 08:00:00+01:00;1.7;44.91000185
1900-12-25 09:00:00+01:00;1;46.34243255
1900-12-25 10:00:00+01:00;1;45.07504822
1900-12-25 11:00:00+01:00;2.6;43.90585006
1900-12-25 12:00:00+01:00;3.6;42.26486155
1900-12-25 13:00:00+01:00;3.5;40.24332283
1900-12-25 14:00:00+01:00;3;41.04385023
1900-12-25 15:00:00+01:00;2.4;40.49905848
1900-12-25 16:00:00+01:00;1.7;33.14643567
1900-12-25 17:00:00+01:00;1.6;23.00630163
1900-12-25 18:00:00+01:00;0.7;18.45443563
1900-12-25 19:00:00+01:00;1.8;17.39898203
1900-12-25 20:00:00+01:00;0.9;17.36932339
1900-12-25 21:00:00+01:00;2;17.16146482
1900-12-25 22:00:00+01:00;1;16.53052948
1900-12-25 23:00:00+01:00;2.6;16.33085145
1900-12-26 00:00:00+01:00;3.3;16.3096147
1900-12-26 01:00:00+01:00;2.3;17.00477614
1900-12-26 02:00:00+01:00;2;17.42877369
1900-12-26 03:00:00+01:00;1.5;17.92011497
1900-12-26 04:00:00+01:00;0.8;19.27576657
1900-12-26 05:00:00+01:00;0.5;23.22447168
1900-12-26 06:00:00+01:00;-0.5;30.74316895
1900-12-26 07:00:00+01:00;-0.3;42.47231292
1900-12-26 08:00:00+01:00;0;49.24665102
1900-12-26 09:00:00+01:00;0;49.67973574
1900-12-26 10:00:00+01:00;-0.1;48.05880898
1900-12-26 11:00:00+01:00;0;48.16134365
1900-12-26 12:00:00+01:00;0;47.43823269
1900-12-26 13:00:00+01:00;0.1;44.91707468
1900-12-26 14:00:00+01:00;0.3;45.22383599
1900-12-26 15:00:00+01:00;0.5;43.78216575
1900-12-26 16:00:00+01:00;0.4;35.18447932
1900-12-26 17:00:00+01:00;-0.1;24.91873801
1900-12-26 18:00:00+01:00;1.4;19.29419552
1900-12-26 19:00:00+01:00;2.1;18.34494343
1900-12-26 20:00:00+01:00;2;17.97882545
1900-12-26 21:00:00+01:00;4;17.35872904
1900-12-26 22:00:00+01:00;2.3;17.06814167
1900-12-26 23:00:00+01:00;2.6;17.20674005
1900-12-27 00:00:00+01:00;2.5;17.36826347
1900-12-27 01:00:00+01:00;2.5;17.738428
1900-12-27 02:00:00+01:00;1.9;18.17808676
1900-12-27 03:00:00+01:00;1.2;18.6859485
1900-12-27 04:00:00+01:00;0.2;20.14031419
1900-12-27 05:00:00+01:00;-2.5;24.60766444
1900-12-27 06:00:00+01:00;-2.1;32.46325555
1900-12-27 07:00:00+01:00;-2.4;45.00013395
1900-12-27 08:00:00+01:00;-3;52.69278096
1900-12-27 09:00:00+01:00;-3.1;53.34355519
1900-12-27 10:00:00+01:00;-4.1;52.40088198
1900-12-27 11:00:00+01:00;-3.9;52.78371441
1900-12-27 12:00:00+01:00;-3;51.20181108
1900-12-27 13:00:00+01:00;-3.6;49.07061419
1900-12-27 14:00:00+01:00;-3.4;49.80178056
1900-12-27 15:00:00+01:00;-5.1;50.60633242
1900-12-27 16:00:00+01:00;-6.1;41.25353957
1900-12-27 17:00:00+01:00;-7.5;29.45825176
1900-12-27 18:00:00+01:00;-7.8;24.35812297
1900-12-27 19:00:00+01:00;-9.2;24.55576913
1900-12-27 20:00:00+01:00;-9.5;24.30474906
1900-12-27 21:00:00+01:00;-9.6;24.95243584
1900-12-27 22:00:00+01:00;-8.7;22.79064339
1900-12-27 23:00:00+01:00;-9.2;23.38063811
1900-12-28 00:00:00+01:00;-8.7;23.69982972
1900-12-28 01:00:00+01:00;-8.6;24.46485164
1900-12-28 02:00:00+01:00;-7.3;24.60545405
1900-12-28 03:00:00+01:00;-6.8;25.18376164
1900-12-28 04:00:00+01:00;-6.6;26.84416899
1900-12-28 05:00:00+01:00;-4.8;31.79927397
1900-12-28 06:00:00+01:00;-5.6;41.6816663
1900-12-28 07:00:00+01:00;-3.9;55.13857344
1900-12-28 08:00:00+01:00;-5;61.79002815
1900-12-28 09:00:00+01:00;-4.6;61.25580532
1900-12-28 10:00:00+01:00;-4.3;58.29633146
1900-12-28 11:00:00+01:00;-4.1;58.02074078
1900-12-28 12:00:00+01:00;-3.4;56.05340167
1900-12-28 13:00:00+01:00;-3.3;52.67060394
1900-12-28 14:00:00+01:00;-3.5;53.01626474
1900-12-28 15:00:00+01:00;-3.1;51.06402758
1900-12-28 16:00:00+01:00;-3;40.7149462
1900-12-28 17:00:00+01:00;-3.9;29.78129657
1900-12-28 18:00:00+01:00;-4.1;24.98677949
1900-12-28 19:00:00+01:00;-4.3;24.35695733
1900-12-28 20:00:00+01:00;-4;23.77461406
1900-12-28 21:00:00+01:00;-3.8;23.91739581
1900-12-28 22:00:00+01:00;-4;22.40419778
1900-12-28 23:00:00+01:00;-5.3;22.92774137
1900-12-29 00:00:00+01:00;-7.5;22.54306417
1900-12-29 01:00:00+01:00;-7.6;22.2156896
1900-12-29 02:00:00+01:00;-10;23.06823009
1900-12-29 03:00:00+01:00;-12.7;24.17059907
1900-12-29 04:00:00+01:00;-20.9;28.09160924
1900-12-29 05:00:00+01:00;-16.4;29.85791881
1900-12-29 06:00:00+01:00;-18.4;33.88680802
1900-12-29 07:00:00+01:00;-14.7;34.37839489
1900-12-29 08:00:00+01:00;-10.1;31.78953854
1900-12-29 09:00:00+01:00;-8;29.73183334
1900-12-29 10:00:00+01:00;-7.1;27.89751529
1900-12-29 11:00:00+01:00;-6.8;26.99641633
1900-12-29 12:00:00+01:00;-6.3;25.81266832
1900-12-29 13:00:00+01:00;-7.3;25.93704815
1900-12-29 14:00:00+01:00;-8;26.82555412
1900-12-29 15:00:00+01:00;-9.8;29.01610852
1900-12-29 16:00:00+01:00;-11.7;29.93033727
1900-12-29 17:00:00+01:00;-17;32.02838224
1900-12-29 18:00:00+01:00;-13.5;29.37877702
1900-12-29 19:00:00+01:00;-17.7;31.53968226
1900-12-29 20:00:00+01:00;-16.7;31.8513902
1900-12-29 21:00:00+01:00;-13.2;30.4923622
1900-12-29 22:00:00+01:00;-12.5;27.99177409
1900-12-29 23:00:00+01:00;-10.6;27.89248718
1900-12-30 00:00:00+01:00;-10.5;27.21197454
1900-12-30 01:00:00+01:00;-11.2;27.15997916
1900-12-30 02:00:00+01:00;-10.7;27.03441583
1900-12-30 03:00:00+01:00;-8.2;26.38805391
1900-12-30 04:00:00+01:00;-6.1;26.28314642
1900-12-30 05:00:00+01:00;-6.3;30.77479135
1900-12-30 06:00:00+01:00;-5.6;31.09718216
1900-12-30 07:00:00+01:00;-6;32.209882
1900-12-30 08:00:00+01:00;-7.1;31.73031238
1900-12-30 09:00:00+01:00;-7.8;30.91987423
1900-12-30 10:00:00+01:00;-6.3;28.39714167
1900-12-30 11:00:00+01:00;-7;27.97603082
1900-12-30 12:00:00+01:00;-7.6;27.41389009
1900-12-30 13:00:00+01:00;-6.6;26.07988931
1900-12-30 14:00:00+01:00;-8.6;27.73920853
1900-12-30 15:00:00+01:00;-6.8;27.17901388
1900-12-30 16:00:00+01:00;-5.6;26.19648317
1900-12-30 17:00:00+01:00;-5.1;25.0674181
1900-12-30 18:00:00+01:00;-5.1;24.92357774
1900-12-30 19:00:00+01:00;-5.3;24.91179414
1900-12-30 20:00:00+01:00;-4.8;24.67871832
1900-12-30 21:00:00+01:00;-4.8;24.92040711
1900-12-30 22:00:00+01:00;-4.5;23.06117752
1900-12-30 23:00:00+01:00;-4.6;23.29014274
1900-12-31 00:00:00+01:00;-4.8;24.0504075
1900-12-31 01:00:00+01:00;-4.6;24.30625806
1900-12-31 02:00:00+01:00;-4.6;24.36658154
1900-12-31 03:00:00+01:00;-4.6;24.74690243
1900-12-31 04:00:00+01:00;-4.6;26.31506496
1900-12-31 05:00:00+01:00;-4.6;31.47672624
1900-12-31 06:00:00+01:00;-4.1;40.50817914
1900-12-31 07:00:00+01:00;-4.3;54.50853617
1900-12-31 08:00:00+01:00;-3.1;59.36229973
1900-12-31 09:00:00+01:00;-2.6;58.46716736
1900-12-31 10:00:00+01:00;-1.7;55.00063877
1900-12-31 11:00:00+01:00;0.8;52.17348416
1900-12-31 12:00:00+01:00;1.2;50.20613645
1900-12-31 13:00:00+01:00;1.5;46.83273331
1900-12-31 14:00:00+01:00;1.5;46.30693534
1900-12-31 15:00:00+01:00;0.3;45.93605222
1900-12-31 16:00:00+01:00;0.6;36.5030141
1900-12-31 17:00:00+01:00;-0.6;26.74139761
1900-12-31 18:00:00+01:00;-2.5;22.72139985
1900-12-31 19:00:00+01:00;-3;22.25597098
1900-12-31 20:00:00+01:00;-2.5;21.59629915
1900-12-31 21:00:00+01:00;-2.1;21.66493935
1900-12-31 22:00:00+01:00;-1.7;20.15079583
1900-12-31 23:00:00+01:00;-1.1;20.15488611
