TimeStamp;Tout;ElImp
1900-01-01 00:00:00+01:00;-0.8;24.32465343
1900-01-01 01:00:00+01:00;-0.7;22.21769544
1900-01-01 02:00:00+01:00;-0.3;21.46666303
1900-01-01 03:00:00+01:00;-0.3;21.30018145
1900-01-01 04:00:00+01:00;-0.8;21.79549175
1900-01-01 05:00:00+01:00;-0.5;23.66792424
1900-01-01 06:00:00+01:00;-0.7;31.16917371
1900-01-01 07:00:00+01:00;-0.6;37.13040362
1900-01-01 08:00:00+01:00;-0.7;31.99410083
1900-01-01 09:00:00+01:00;-1.2;32.4196519
1900-01-01 10:00:00+01:00;-1.7;31.8518949
1900-01-01 11:00:00+01:00;-1.9;30.396961
1900-01-01 12:00:00+01:00;-2.4;30.23242475
1900-01-01 13:00:00+01:00;-2.3;29.73598893
1900-01-01 14:00:00+01:00;-2;30.44193559
1900-01-01 15:00:00+01:00;-0.3;30.32253634
1900-01-01 16:00:00+01:00;0;34.02388735
1900-01-01 17:00:00+01:00;0.2;36.4029599
1900-01-01 18:00:00+01:00;0.7;36.33192022
1900-01-01 19:00:00+01:00;1.1;36.00148961
1900-01-01 20:00:00+01:00;1.3;36.09980608
1900-01-01 21:00:00+01:00;1.6;33.93870123
1900-01-01 22:00:00+01:00;1.8;31.07374555
1900-01-01 23:00:00+01:00;2;28.15736667
1900-01-02 00:00:00+01:00;2.6;22.93044809
1900-01-02 01:00:00+01:00;3.1;20.81048217
1900-01-02 02:00:00+01:00;3.2;20.02743086
1900-01-02 03:00:00+01:00;2.7;19.87466787
1900-01-02 04:00:00+01:00;2.9;19.99754001
1900-01-02 05:00:00+01:00;3;21.84461438
1900-01-02 06:00:00+01:00;3.4;29.35433208
1900-01-02 07:00:00+01:00;3.3;34.24573808
1900-01-02 08:00:00+01:00;3;29.83510158
1900-01-02 09:00:00+01:00;2.6;30.10662458
1900-01-02 10:00:00+01:00;2.5;29.01859441
1900-01-02 11:00:00+01:00;2.7;27.38404565
1900-01-02 12:00:00+01:00;2.6;26.62984896
1900-01-02 13:00:00+01:00;2;26.39613233
1900-01-02 14:00:00+01:00;1.8;27.14116716
1900-01-02 15:00:00+01:00;2.3;27.92367375
1900-01-02 16:00:00+01:00;3.4;30.93738452
1900-01-02 17:00:00+01:00;3.5;33.18910589
1900-01-02 18:00:00+01:00;2.5;33.88446258
1900-01-02 19:00:00+01:00;1.7;34.18598195
1900-01-02 20:00:00+01:00;2.1;33.85376416
1900-01-02 21:00:00+01:00;2;31.86417977
1900-01-02 22:00:00+01:00;2.1;29.1498522
1900-01-02 23:00:00+01:00;2.1;26.17856399
1900-01-03 00:00:00+01:00;1.9;21.43935633
1900-01-03 01:00:00+01:00;2.2;19.2476066
1900-01-03 02:00:00+01:00;1.6;18.80752564
1900-01-03 03:00:00+01:00;1.7;18.6603471
1900-01-03 04:00:00+01:00;1.6;19.15298803
1900-01-03 05:00:00+01:00;1.3;21.20940304
1900-01-03 06:00:00+01:00;1;28.49244429
1900-01-03 07:00:00+01:00;1.4;34.34465075
1900-01-03 08:00:00+01:00;1.5;29.6006346
1900-01-03 09:00:00+01:00;1.6;29.71871529
1900-01-03 10:00:00+01:00;1.4;28.99522769
1900-01-03 11:00:00+01:00;1.1;27.73858407
1900-01-03 12:00:00+01:00;1.2;27.2026728
1900-01-03 13:00:00+01:00;0.9;26.93960121
1900-01-03 14:00:00+01:00;1.2;27.56676507
1900-01-03 15:00:00+01:00;1;28.75078694
1900-01-03 16:00:00+01:00;0.6;32.73230979
1900-01-03 17:00:00+01:00;0.3;35.294755
1900-01-03 18:00:00+01:00;0.6;35.35329949
1900-01-03 19:00:00+01:00;0.5;35.32968348
1900-01-03 20:00:00+01:00;0.6;35.15695853
1900-01-03 21:00:00+01:00;0.4;33.19108415
1900-01-03 22:00:00+01:00;0;30.6467079
1900-01-03 23:00:00+01:00;-0.3;27.81184092
1900-01-04 00:00:00+01:00;-0.1;23.03752683
1900-01-04 01:00:00+01:00;0;20.91187933
1900-01-04 02:00:00+01:00;0.3;20.23841351
1900-01-04 03:00:00+01:00;0.3;20.13131636
1900-01-04 04:00:00+01:00;0.3;20.57155287
1900-01-04 05:00:00+01:00;0.1;22.60500666
1900-01-04 06:00:00+01:00;0.2;29.91548732
1900-01-04 07:00:00+01:00;0.1;35.96518021
1900-01-04 08:00:00+01:00;0.7;30.79507164
1900-01-04 09:00:00+01:00;-0.1;31.28108882
1900-01-04 10:00:00+01:00;-0.3;30.622984
1900-01-04 11:00:00+01:00;-1;29.43979097
1900-01-04 12:00:00+01:00;-0.3;28.7199802
1900-01-04 13:00:00+01:00;-1;28.62106726
1900-01-04 14:00:00+01:00;-1.2;29.56861486
1900-01-04 15:00:00+01:00;-1.2;30.48339741
1900-01-04 16:00:00+01:00;-4.3;36.11148444
1900-01-04 17:00:00+01:00;-3.5;38.1141321
1900-01-04 18:00:00+01:00;-3;38.06489055
1900-01-04 19:00:00+01:00;-5.5;39.36603001
1900-01-04 20:00:00+01:00;-2.1;37.43701651
1900-01-04 21:00:00+01:00;-0.7;34.83667778
1900-01-04 22:00:00+01:00;2.9;30.86774321
1900-01-04 23:00:00+01:00;3.5;27.87712339
1900-01-05 00:00:00+01:00;3.8;22.73833407
1900-01-05 01:00:00+01:00;4.3;20.70699898
1900-01-05 02:00:00+01:00;4.2;19.95275782
1900-01-05 03:00:00+01:00;3.8;19.74196073
1900-01-05 04:00:00+01:00;4;19.8062116
1900-01-05 05:00:00+01:00;4.8;21.42813357
1900-01-05 06:00:00+01:00;4.6;29.29644716
1900-01-05 07:00:00+01:00;4.4;33.80875775
1900-01-05 08:00:00+01:00;4.9;29.35973204
1900-01-05 09:00:00+01:00;4.6;29.67283947
1900-01-05 10:00:00+01:00;4.7;28.26209755
1900-01-05 11:00:00+01:00;5;26.54063107
1900-01-05 12:00:00+01:00;5.2;25.42522542
1900-01-05 13:00:00+01:00;5.6;24.70113362
1900-01-05 14:00:00+01:00;5.8;25.0204998
1900-01-05 15:00:00+01:00;6.7;25.4437255
1900-01-05 16:00:00+01:00;5.7;29.39769954
1900-01-05 17:00:00+01:00;6;31.43542425
1900-01-05 18:00:00+01:00;7;30.98000338
1900-01-05 19:00:00+01:00;10.7;28.67774995
1900-01-05 20:00:00+01:00;7.9;30.32131222
1900-01-05 21:00:00+01:00;6.5;28.83728995
1900-01-05 22:00:00+01:00;6.4;26.20815829
1900-01-05 23:00:00+01:00;5.5;23.45938488
1900-01-06 00:00:00+01:00;5.4;20.51289193
1900-01-06 01:00:00+01:00;3.4;18.40292589
1900-01-06 02:00:00+01:00;1.8;17.93536889
1900-01-06 03:00:00+01:00;1.5;17.29145564
1900-01-06 04:00:00+01:00;2.8;16.782944
1900-01-06 05:00:00+01:00;1.3;17.6527891
1900-01-06 06:00:00+01:00;0.5;19.09135028
1900-01-06 07:00:00+01:00;0.4;21.61902815
1900-01-06 08:00:00+01:00;-1;27.93430855
1900-01-06 09:00:00+01:00;-1.5;33.60151813
1900-01-06 10:00:00+01:00;2.2;33.95882701
1900-01-06 11:00:00+01:00;2.4;34.15893592
1900-01-06 12:00:00+01:00;2.5;32.53135177
1900-01-06 13:00:00+01:00;3.6;30.50328591
1900-01-06 14:00:00+01:00;5.1;28.99680457
1900-01-06 15:00:00+01:00;4;30.06974112
1900-01-06 16:00:00+01:00;3.7;30.90227813
1900-01-06 17:00:00+01:00;5.3;31.48940594
1900-01-06 18:00:00+01:00;5;31.6459882
1900-01-06 19:00:00+01:00;3.9;32.0436665
1900-01-06 20:00:00+01:00;3.7;31.82595179
1900-01-06 21:00:00+01:00;4.1;29.50851982
1900-01-06 22:00:00+01:00;3.6;26.9388459
1900-01-06 23:00:00+01:00;1.1;25.25382131
1900-01-07 00:00:00+01:00;2;23.32726046
1900-01-07 01:00:00+01:00;2.3;20.61279873
1900-01-07 02:00:00+01:00;2;19.50144207
1900-01-07 03:00:00+01:00;1.7;18.977493
1900-01-07 04:00:00+01:00;2.1;18.7554545
1900-01-07 05:00:00+01:00;2;19.05681224
1900-01-07 06:00:00+01:00;1.1;20.78517316
1900-01-07 07:00:00+01:00;1.9;22.53410058
1900-01-07 08:00:00+01:00;0.5;28.42029639
1900-01-07 09:00:00+01:00;0.8;33.85980845
1900-01-07 10:00:00+01:00;1.1;35.28404261
1900-01-07 11:00:00+01:00;1.7;35.24220245
1900-01-07 12:00:00+01:00;2.4;33.12093852
1900-01-07 13:00:00+01:00;3;31.37413265
1900-01-07 14:00:00+01:00;1.8;31.40826774
1900-01-07 15:00:00+01:00;1.4;32.05715231
1900-01-07 16:00:00+01:00;0.8;33.07463802
1900-01-07 17:00:00+01:00;1.3;34.2962264
1900-01-07 18:00:00+01:00;-0.3;35.12464463
1900-01-07 19:00:00+01:00;-2.5;35.80009239
1900-01-07 20:00:00+01:00;-4.5;35.97668797
1900-01-07 21:00:00+01:00;-5;33.66390162
1900-01-07 22:00:00+01:00;-4.6;30.76476935
1900-01-07 23:00:00+01:00;-7.3;28.9143162
1900-01-08 00:00:00+01:00;-7.6;26.01440503
1900-01-08 01:00:00+01:00;-6.6;23.4354803
1900-01-08 02:00:00+01:00;-5.1;22.64932873
1900-01-08 03:00:00+01:00;-8;23.58602471
1900-01-08 04:00:00+01:00;-7.8;24.44397551
1900-01-08 05:00:00+01:00;-8.8;26.9452323
1900-01-08 06:00:00+01:00;-8;33.74407335
1900-01-08 07:00:00+01:00;-3.4;39.7172348
1900-01-08 08:00:00+01:00;-3.5;34.13844509
1900-01-08 09:00:00+01:00;-3.5;34.6676158
1900-01-08 10:00:00+01:00;-3.4;34.04244087
1900-01-08 11:00:00+01:00;-2;31.92966706
1900-01-08 12:00:00+01:00;0;30.48554429
1900-01-08 13:00:00+01:00;0.2;29.93349984
1900-01-08 14:00:00+01:00;-0.1;30.74474807
1900-01-08 15:00:00+01:00;-2.5;32.39738536
1900-01-08 16:00:00+01:00;-5.3;38.08397744
1900-01-08 17:00:00+01:00;-6;41.16547552
1900-01-08 18:00:00+01:00;-8.6;42.80147338
1900-01-08 19:00:00+01:00;-8.8;42.93036765
1900-01-08 20:00:00+01:00;-8.7;42.37262541
1900-01-08 21:00:00+01:00;-8.7;40.01835721
1900-01-08 22:00:00+01:00;-8.6;37.13932471
1900-01-08 23:00:00+01:00;-9.1;34.34101649
1900-01-09 00:00:00+01:00;-8.6;29.62833061
1900-01-09 01:00:00+01:00;-8.2;27.31358187
1900-01-09 02:00:00+01:00;-8;26.67796797
1900-01-09 03:00:00+01:00;-8.2;26.65288354
1900-01-09 04:00:00+01:00;-8.3;27.14672036
1900-01-09 05:00:00+01:00;-8.7;29.25521327
1900-01-09 06:00:00+01:00;-8.7;36.59731422
1900-01-09 07:00:00+01:00;-8.5;44.31063268
1900-01-09 08:00:00+01:00;-8.2;37.63062484
1900-01-09 09:00:00+01:00;-8.3;38.34395112
1900-01-09 10:00:00+01:00;-7.6;37.72388915
1900-01-09 11:00:00+01:00;-6.6;35.60083818
1900-01-09 12:00:00+01:00;-5.6;34.8862261
1900-01-09 13:00:00+01:00;-5.1;34.16352594
1900-01-09 14:00:00+01:00;-5.8;35.3762867
1900-01-09 15:00:00+01:00;-5.8;35.37129292
1900-01-09 16:00:00+01:00;-5.5;39.50907999
1900-01-09 17:00:00+01:00;-6;42.57621157
1900-01-09 18:00:00+01:00;-6;42.71453744
1900-01-09 19:00:00+01:00;-5.6;42.35798427
1900-01-09 20:00:00+01:00;-5.5;42.41143249
1900-01-09 21:00:00+01:00;-5;39.89205074
1900-01-09 22:00:00+01:00;-4.6;36.73075314
1900-01-09 23:00:00+01:00;-5;34.01913245
1900-01-10 00:00:00+01:00;-5.3;29.25723893
1900-01-10 01:00:00+01:00;-6.3;27.47688827
1900-01-10 02:00:00+01:00;-7.6;27.09363125
1900-01-10 03:00:00+01:00;-8;27.09475871
1900-01-10 04:00:00+01:00;-8.1;27.52548499
1900-01-10 05:00:00+01:00;-7.8;29.42121653
1900-01-10 06:00:00+01:00;-7.8;36.95507727
1900-01-10 07:00:00+01:00;-8.2;44.41509219
1900-01-10 08:00:00+01:00;-8.1;37.72306059
1900-01-10 09:00:00+01:00;-7.3;38.06086135
1900-01-10 10:00:00+01:00;-7;37.35159332
1900-01-10 11:00:00+01:00;-7;35.50575958
1900-01-10 12:00:00+01:00;-6.3;34.88904981
1900-01-10 13:00:00+01:00;-6.6;34.45979296
1900-01-10 14:00:00+01:00;-6.1;35.06215446
1900-01-10 15:00:00+01:00;-7;35.65484592
1900-01-10 16:00:00+01:00;-6.5;39.66898377
1900-01-10 17:00:00+01:00;-6;42.11853003
1900-01-10 18:00:00+01:00;-4.8;41.65467816
1900-01-10 19:00:00+01:00;-3.8;41.01460782
1900-01-10 20:00:00+01:00;-4.5;41.54505138
1900-01-10 21:00:00+01:00;-4;39.13076054
1900-01-10 22:00:00+01:00;-3.9;36.16675335
1900-01-10 23:00:00+01:00;-3.8;33.39402809
1900-01-11 00:00:00+01:00;-4;28.61786014
1900-01-11 01:00:00+01:00;-3.5;26.51606409
1900-01-11 02:00:00+01:00;-4;25.84185225
1900-01-11 03:00:00+01:00;-3.3;25.38465751
1900-01-11 04:00:00+01:00;-3.5;25.56845469
1900-01-11 05:00:00+01:00;-3.5;27.48032153
1900-01-11 06:00:00+01:00;-4.6;35.48706031
1900-01-11 07:00:00+01:00;-3.6;41.33659959
1900-01-11 08:00:00+01:00;-4.1;35.60836582
1900-01-11 09:00:00+01:00;-3.5;35.9283719
1900-01-11 10:00:00+01:00;-3.1;34.81937666
1900-01-11 11:00:00+01:00;-3;32.91393265
1900-01-11 12:00:00+01:00;-2.8;32.19411988
1900-01-11 13:00:00+01:00;-2.4;31.38102274
1900-01-11 14:00:00+01:00;-2.4;32.03803654
1900-01-11 15:00:00+01:00;-2;32.11134977
1900-01-11 16:00:00+01:00;-1.7;35.91159196
1900-01-11 17:00:00+01:00;-1.9;38.5698618
1900-01-11 18:00:00+01:00;-1.4;38.45060746
1900-01-11 19:00:00+01:00;-1.9;38.57700541
1900-01-11 20:00:00+01:00;-2.5;38.86313793
1900-01-11 21:00:00+01:00;-2.5;36.65664257
1900-01-11 22:00:00+01:00;-2.9;33.92397969
1900-01-11 23:00:00+01:00;-3;31.06282539
1900-01-12 00:00:00+01:00;-3.1;26.31497267
1900-01-12 01:00:00+01:00;-3.1;24.21788487
1900-01-12 02:00:00+01:00;-4.1;23.79987006
1900-01-12 03:00:00+01:00;-4.5;23.82166232
1900-01-12 04:00:00+01:00;-4.1;24.14800264
1900-01-12 05:00:00+01:00;-3.9;26.07473904
1900-01-12 06:00:00+01:00;-3.5;33.41238299
1900-01-12 07:00:00+01:00;-3.3;39.82644084
1900-01-12 08:00:00+01:00;-3.4;34.14285757
1900-01-12 09:00:00+01:00;-3.6;34.60535495
1900-01-12 10:00:00+01:00;-4.3;34.20323278
1900-01-12 11:00:00+01:00;-3;32.05939697
1900-01-12 12:00:00+01:00;-2.8;31.51010937
1900-01-12 13:00:00+01:00;-2.6;30.90116827
1900-01-12 14:00:00+01:00;-3.1;31.93981024
1900-01-12 15:00:00+01:00;-4.3;33.11348395
1900-01-12 16:00:00+01:00;-3;36.47387092
1900-01-12 17:00:00+01:00;-3;39.06500618
1900-01-12 18:00:00+01:00;-3;39.27539182
1900-01-12 19:00:00+01:00;-3;39.20132683
1900-01-12 20:00:00+01:00;-3;39.18643947
1900-01-12 21:00:00+01:00;-2.6;36.86869855
1900-01-12 22:00:00+01:00;-2.9;34.12150315
1900-01-12 23:00:00+01:00;-2.5;31.15482298
1900-01-13 00:00:00+01:00;-3;28.44613672
1900-01-13 01:00:00+01:00;-2;25.41218194
1900-01-13 02:00:00+01:00;-2.4;24.14673162
1900-01-13 03:00:00+01:00;-2.5;23.62951032
1900-01-13 04:00:00+01:00;-2.5;23.47819736
1900-01-13 05:00:00+01:00;-2.1;23.64127684
1900-01-13 06:00:00+01:00;-2.5;25.56678914
1900-01-13 07:00:00+01:00;-2.4;27.35252789
1900-01-13 08:00:00+01:00;-1.5;32.31186782
1900-01-13 09:00:00+01:00;-2;38.3593389
1900-01-13 10:00:00+01:00;-1.7;39.67568471
1900-01-13 11:00:00+01:00;-0.7;39.2093483
1900-01-13 12:00:00+01:00;-0.8;37.06965268
1900-01-13 13:00:00+01:00;-0.6;35.53856356
1900-01-13 14:00:00+01:00;-1.2;34.94251388
1900-01-13 15:00:00+01:00;-1.2;35.30014463
1900-01-13 16:00:00+01:00;-2.5;36.74727273
1900-01-13 17:00:00+01:00;-3;38.53864295
1900-01-13 18:00:00+01:00;-2.6;38.27517558
1900-01-13 19:00:00+01:00;-2.5;37.81836577
1900-01-13 20:00:00+01:00;-3.1;37.52566849
1900-01-13 21:00:00+01:00;-2.5;34.85404228
1900-01-13 22:00:00+01:00;-2.9;31.8701955
1900-01-13 23:00:00+01:00;-3;29.43464269
1900-01-14 00:00:00+01:00;-9.1;29.19888706
1900-01-14 01:00:00+01:00;-9.2;26.90646534
1900-01-14 02:00:00+01:00;-10.2;26.59537751
1900-01-14 03:00:00+01:00;-9.7;25.72599682
1900-01-14 04:00:00+01:00;-9;25.43489096
1900-01-14 05:00:00+01:00;-7.8;25.82487983
1900-01-14 06:00:00+01:00;-6.1;27.0211625
1900-01-14 07:00:00+01:00;-5;28.90830905
1900-01-14 08:00:00+01:00;-4.3;34.17727843
1900-01-14 09:00:00+01:00;-3.6;39.85865704
1900-01-14 10:00:00+01:00;-0.3;40.13887786
1900-01-14 11:00:00+01:00;-0.3;39.89039806
1900-01-14 12:00:00+01:00;-0.7;37.72814234
1900-01-14 13:00:00+01:00;-1.2;36.68802295
1900-01-14 14:00:00+01:00;-0.6;35.29186338
1900-01-14 15:00:00+01:00;-1.2;36.07367228
1900-01-14 16:00:00+01:00;-2;37.30380776
1900-01-14 17:00:00+01:00;-1;38.36523922
1900-01-14 18:00:00+01:00;-1.4;38.60239036
1900-01-14 19:00:00+01:00;-1.4;38.32609899
1900-01-14 20:00:00+01:00;-1.7;38.09636993
1900-01-14 21:00:00+01:00;-1;35.5196913
1900-01-14 22:00:00+01:00;-2.3;32.7218859
1900-01-14 23:00:00+01:00;-1.7;30.20722577
1900-01-15 00:00:00+01:00;-1.5;26.15479544
1900-01-15 01:00:00+01:00;-1.4;23.97323153
1900-01-15 02:00:00+01:00;-1.4;23.05526013
1900-01-15 03:00:00+01:00;-1;22.55786438
1900-01-15 04:00:00+01:00;-0.6;22.53199121
1900-01-15 05:00:00+01:00;0;24.13656526
1900-01-15 06:00:00+01:00;0;31.65682491
1900-01-15 07:00:00+01:00;-0.6;37.48483202
1900-01-15 08:00:00+01:00;0.3;31.93725776
1900-01-15 09:00:00+01:00;0.6;32.12011602
1900-01-15 10:00:00+01:00;0.5;31.15881096
1900-01-15 11:00:00+01:00;0.6;29.52807917
1900-01-15 12:00:00+01:00;0.7;28.79818538
1900-01-15 13:00:00+01:00;1;28.14664898
1900-01-15 14:00:00+01:00;0.9;28.84782344
1900-01-15 15:00:00+01:00;1;29.49141255
1900-01-15 16:00:00+01:00;1;33.27152409
1900-01-15 17:00:00+01:00;1.3;35.55782376
1900-01-15 18:00:00+01:00;0.9;35.93448796
1900-01-15 19:00:00+01:00;0.9;35.79475048
1900-01-15 20:00:00+01:00;1.5;35.58840982
1900-01-15 21:00:00+01:00;1.9;33.37640664
1900-01-15 22:00:00+01:00;1.5;30.68447257
1900-01-15 23:00:00+01:00;1.5;27.74264724
1900-01-16 00:00:00+01:00;1.4;22.85231725
1900-01-16 01:00:00+01:00;1.6;20.69093453
1900-01-16 02:00:00+01:00;1.5;19.98730033
1900-01-16 03:00:00+01:00;1.2;19.83907749
1900-01-16 04:00:00+01:00;1.2;20.16637305
1900-01-16 05:00:00+01:00;1.2;22.08114527
1900-01-16 06:00:00+01:00;1.4;29.389001
1900-01-16 07:00:00+01:00;1.4;34.99049805
1900-01-16 08:00:00+01:00;1.3;30.23127281
1900-01-16 09:00:00+01:00;1.1;30.46355754
1900-01-16 10:00:00+01:00;1;29.64151713
1900-01-16 11:00:00+01:00;1.2;28.10404831
1900-01-16 12:00:00+01:00;1.2;27.51918698
1900-01-16 13:00:00+01:00;1;27.17747511
1900-01-16 14:00:00+01:00;1;27.9185077
1900-01-16 15:00:00+01:00;0.7;29.07133554
1900-01-16 16:00:00+01:00;0.3;33.05048531
1900-01-16 17:00:00+01:00;0.2;35.48939165
1900-01-16 18:00:00+01:00;0.5;35.52253614
1900-01-16 19:00:00+01:00;0.2;35.59257818
1900-01-16 20:00:00+01:00;-0.3;35.64084649
1900-01-16 21:00:00+01:00;0;33.48033307
1900-01-16 22:00:00+01:00;-0.3;30.88808213
1900-01-16 23:00:00+01:00;-0.8;28.1055353
1900-01-17 00:00:00+01:00;-0.8;23.41036702
1900-01-17 01:00:00+01:00;-1;21.33846943
1900-01-17 02:00:00+01:00;-0.5;20.63787047
1900-01-17 03:00:00+01:00;-1.2;20.7481312
1900-01-17 04:00:00+01:00;-1.5;21.3616155
1900-01-17 05:00:00+01:00;-2.3;23.62540236
1900-01-17 06:00:00+01:00;-2.1;30.78383713
1900-01-17 07:00:00+01:00;-2;37.42354351
1900-01-17 08:00:00+01:00;-2;32.08689593
1900-01-17 09:00:00+01:00;-2.1;32.40994472
1900-01-17 10:00:00+01:00;-1.5;31.62915397
1900-01-17 11:00:00+01:00;-2;30.35224685
1900-01-17 12:00:00+01:00;-2.9;30.45354355
1900-01-17 13:00:00+01:00;-3.4;30.28561781
1900-01-17 14:00:00+01:00;-3;31.03736895
1900-01-17 15:00:00+01:00;-2.1;31.36215731
1900-01-17 16:00:00+01:00;-1.5;34.98403291
1900-01-17 17:00:00+01:00;-2.6;38.10518181
1900-01-17 18:00:00+01:00;-2.8;38.43576732
1900-01-17 19:00:00+01:00;-2.8;38.39655836
1900-01-17 20:00:00+01:00;-3;38.31940308
1900-01-17 21:00:00+01:00;-3;36.18528174
1900-01-17 22:00:00+01:00;-3.4;33.56632036
1900-01-17 23:00:00+01:00;-5;31.16186342
1900-01-18 00:00:00+01:00;-5.1;26.63768837
1900-01-18 01:00:00+01:00;-4;24.20498758
1900-01-18 02:00:00+01:00;-4.5;23.78240145
1900-01-18 03:00:00+01:00;-4.3;23.7098154
1900-01-18 04:00:00+01:00;-3.4;23.91461463
1900-01-18 05:00:00+01:00;-4.8;26.37034643
1900-01-18 06:00:00+01:00;-7.1;34.23668573
1900-01-18 07:00:00+01:00;-5.6;41.23179197
1900-01-18 08:00:00+01:00;-4.8;34.93283744
1900-01-18 09:00:00+01:00;-5;35.48191135
1900-01-18 10:00:00+01:00;-4.8;34.90144307
1900-01-18 11:00:00+01:00;-3.3;32.66968196
1900-01-18 12:00:00+01:00;-4.6;32.81680823
1900-01-18 13:00:00+01:00;-3.3;31.67746568
1900-01-18 14:00:00+01:00;-4.8;33.24133123
1900-01-18 15:00:00+01:00;-7.5;35.1614867
1900-01-18 16:00:00+01:00;-9;40.27618057
1900-01-18 17:00:00+01:00;-8.3;42.53526837
1900-01-18 18:00:00+01:00;-8.2;42.70121919
1900-01-18 19:00:00+01:00;-7.3;42.23127401
1900-01-18 20:00:00+01:00;-6.3;41.55401548
1900-01-18 21:00:00+01:00;-6.3;39.30724075
1900-01-18 22:00:00+01:00;-6.6;36.55665061
1900-01-18 23:00:00+01:00;-6.1;33.5680058
1900-01-19 00:00:00+01:00;-7.3;29.28950453
1900-01-19 01:00:00+01:00;-6.5;27.00104627
1900-01-19 02:00:00+01:00;-6.8;26.46026973
1900-01-19 03:00:00+01:00;-7.1;26.5119528
1900-01-19 04:00:00+01:00;-7.5;27.12935449
1900-01-19 05:00:00+01:00;-7.8;29.30124992
1900-01-19 06:00:00+01:00;-7.6;36.81507544
1900-01-19 07:00:00+01:00;-7.3;43.94872825
1900-01-19 08:00:00+01:00;-7.1;37.46169286
1900-01-19 09:00:00+01:00;-7.1;38.14024858
1900-01-19 10:00:00+01:00;-7.1;37.5778997
1900-01-19 11:00:00+01:00;-6.6;35.60083818
1900-01-19 12:00:00+01:00;-6.1;35.02874741
1900-01-19 13:00:00+01:00;-6.1;34.48286846
1900-01-19 14:00:00+01:00;-5.8;35.15937149
1900-01-19 15:00:00+01:00;-5.6;35.0448512
1900-01-19 16:00:00+01:00;-6.1;39.53919343
1900-01-19 17:00:00+01:00;-6.1;42.23778383
1900-01-19 18:00:00+01:00;-5.1;41.84179872
1900-01-19 19:00:00+01:00;-5.8;42.08123186
1900-01-19 20:00:00+01:00;-5.6;42.01141926
1900-01-19 21:00:00+01:00;-6.3;39.95732619
1900-01-19 22:00:00+01:00;-6.6;37.10876438
1900-01-19 23:00:00+01:00;-6.8;34.35332537
1900-01-20 00:00:00+01:00;-7;31.55482085
1900-01-20 01:00:00+01:00;-6.8;28.76148737
1900-01-20 02:00:00+01:00;-7.8;27.82864603
1900-01-20 03:00:00+01:00;-7.6;27.21111476
1900-01-20 04:00:00+01:00;-7.3;26.97872016
1900-01-20 05:00:00+01:00;-7.8;27.55367423
1900-01-20 06:00:00+01:00;-7.3;29.22565205
1900-01-20 07:00:00+01:00;-7.6;31.32719355
1900-01-20 08:00:00+01:00;-7.1;36.64076619
1900-01-20 09:00:00+01:00;-7;42.48973013
1900-01-20 10:00:00+01:00;-6.6;43.95806792
1900-01-20 11:00:00+01:00;-6.3;44.09438502
1900-01-20 12:00:00+01:00;-6.3;41.89210471
1900-01-20 13:00:00+01:00;-5.8;40.13068641
1900-01-20 14:00:00+01:00;-4.6;38.4883508
1900-01-20 15:00:00+01:00;-5;39.12692071
1900-01-20 16:00:00+01:00;-5.1;39.97694799
1900-01-20 17:00:00+01:00;-6;42.10648163
1900-01-20 18:00:00+01:00;-5.5;41.87563917
1900-01-20 19:00:00+01:00;-5.3;41.41386136
1900-01-20 20:00:00+01:00;-5.3;40.97059569
1900-01-20 21:00:00+01:00;-5.8;38.66368962
1900-01-20 22:00:00+01:00;-6.1;35.39571225
1900-01-20 23:00:00+01:00;-5.3;32.76965613
1900-01-21 00:00:00+01:00;-5.6;31.0508589
1900-01-21 01:00:00+01:00;-5.6;28.23544673
1900-01-21 02:00:00+01:00;-5.8;26.91476824
1900-01-21 03:00:00+01:00;-6.3;26.52130244
1900-01-21 04:00:00+01:00;-6.8;26.49974933
1900-01-21 05:00:00+01:00;-6.6;26.83423068
1900-01-21 06:00:00+01:00;-5.8;28.45688372
1900-01-21 07:00:00+01:00;-6.3;30.47036059
1900-01-21 08:00:00+01:00;-6.3;35.9058436
1900-01-21 09:00:00+01:00;-6;41.65550542
1900-01-21 10:00:00+01:00;-5.3;42.96617239
1900-01-21 11:00:00+01:00;-5.1;43.05219595
1900-01-21 12:00:00+01:00;-4.6;40.54334763
1900-01-21 13:00:00+01:00;-4.6;39.06919209
1900-01-21 14:00:00+01:00;-4.3;37.96661381
1900-01-21 15:00:00+01:00;-4;38.19227932
1900-01-21 16:00:00+01:00;-3.1;38.45669228
1900-01-21 17:00:00+01:00;-3.5;40.28077908
1900-01-21 18:00:00+01:00;-3.8;40.43694622
1900-01-21 19:00:00+01:00;-4.6;40.45911057
1900-01-21 20:00:00+01:00;-4.3;39.85787286
1900-01-21 21:00:00+01:00;-4;37.28287614
1900-01-21 22:00:00+01:00;-3.5;33.80327623
1900-01-21 23:00:00+01:00;-4.1;31.58861386
1900-01-22 00:00:00+01:00;-3.4;27.60625389
1900-01-22 01:00:00+01:00;-3.6;25.63467583
1900-01-22 02:00:00+01:00;-4.6;25.16266576
1900-01-22 03:00:00+01:00;-4.8;25.0475353
1900-01-22 04:00:00+01:00;-4.3;25.19256595
1900-01-22 05:00:00+01:00;-4.3;27.13368804
1900-01-22 06:00:00+01:00;-4.3;34.74440272
1900-01-22 07:00:00+01:00;-4.6;41.35508146
1900-01-22 08:00:00+01:00;-4.1;35.19672758
1900-01-22 09:00:00+01:00;-3.5;35.48906309
1900-01-22 10:00:00+01:00;-4.1;34.86563051
1900-01-22 11:00:00+01:00;-3.9;33.02614162
1900-01-22 12:00:00+01:00;-4.3;32.75763622
1900-01-22 13:00:00+01:00;-4.1;32.10911579
1900-01-22 14:00:00+01:00;-4.3;33.01943889
1900-01-22 15:00:00+01:00;-4;33.25682901
1900-01-22 16:00:00+01:00;-4;37.36401546
1900-01-22 17:00:00+01:00;-4.5;40.25434014
1900-01-22 18:00:00+01:00;-4.8;40.59525923
1900-01-22 19:00:00+01:00;-4.6;40.39953357
1900-01-22 20:00:00+01:00;-5;40.42651247
1900-01-22 21:00:00+01:00;-5.1;38.20802416
1900-01-22 22:00:00+01:00;-6.3;35.76554241
1900-01-22 23:00:00+01:00;-5.3;32.58803685
1900-01-23 00:00:00+01:00;-5.3;27.93379673
1900-01-23 01:00:00+01:00;-5.3;25.85953018
1900-01-23 02:00:00+01:00;-6.3;25.47896123
1900-01-23 03:00:00+01:00;-5.6;25.22354434
1900-01-23 04:00:00+01:00;-6.8;26.04349199
1900-01-23 05:00:00+01:00;-7.5;28.31861235
1900-01-23 06:00:00+01:00;-8.2;35.86973151
1900-01-23 07:00:00+01:00;-8.2;43.62222274
1900-01-23 08:00:00+01:00;-8.7;37.23834691
1900-01-23 09:00:00+01:00;-9;37.91414308
1900-01-23 10:00:00+01:00;-9.1;37.75495796
1900-01-23 11:00:00+01:00;-7.6;35.48402138
1900-01-23 12:00:00+01:00;-6.3;34.70211526
1900-01-23 13:00:00+01:00;-5.8;33.91931611
1900-01-23 14:00:00+01:00;-5.3;34.50940755
1900-01-23 15:00:00+01:00;-5.6;34.81357281
1900-01-23 16:00:00+01:00;-6.8;39.74680751
1900-01-23 17:00:00+01:00;-7.3;42.75346638
1900-01-23 18:00:00+01:00;-5.6;42.04864566
1900-01-23 19:00:00+01:00;-5.8;42.08123186
1900-01-23 20:00:00+01:00;-5.1;41.84510202
1900-01-23 21:00:00+01:00;-6.1;39.9370552
1900-01-23 22:00:00+01:00;-6;36.95680823
1900-01-23 23:00:00+01:00;-5.6;34.06143788
1900-01-24 00:00:00+01:00;-5.3;29.2269311
1900-01-24 01:00:00+01:00;-5.3;27.2596018
1900-01-24 02:00:00+01:00;-5.3;26.54039607
1900-01-24 03:00:00+01:00;-5.6;26.48449562
1900-01-24 04:00:00+01:00;-5.1;26.59266574
1900-01-24 05:00:00+01:00;-5.5;28.68576984
1900-01-24 06:00:00+01:00;-5.1;36.36971974
1900-01-24 07:00:00+01:00;-5.1;42.72558998
1900-01-24 08:00:00+01:00;-4.8;36.47065577
1900-01-24 09:00:00+01:00;-4.5;36.92157728
1900-01-24 10:00:00+01:00;-5;36.15200174
1900-01-24 11:00:00+01:00;-4.6;34.11103847
1900-01-24 12:00:00+01:00;-4.1;33.36042168
1900-01-24 13:00:00+01:00;-3.4;32.42313899
1900-01-24 14:00:00+01:00;-3.4;33.12296883
1900-01-24 15:00:00+01:00;-3.5;33.35046431
1900-01-24 16:00:00+01:00;-4.1;37.77421338
1900-01-24 17:00:00+01:00;-4.6;40.65717702
1900-01-24 18:00:00+01:00;-3.8;40.3897642
1900-01-24 19:00:00+01:00;-3.5;40.09948417
1900-01-24 20:00:00+01:00;-3.3;40.08274401
1900-01-24 21:00:00+01:00;-2.8;37.64986501
1900-01-24 22:00:00+01:00;-1.5;34.26907677
1900-01-24 23:00:00+01:00;-2;31.58528494
1900-01-25 00:00:00+01:00;-2.3;26.77789946
1900-01-25 01:00:00+01:00;-1.5;24.53434131
1900-01-25 02:00:00+01:00;-1;23.61293689
1900-01-25 03:00:00+01:00;-0.7;23.22890072
1900-01-25 04:00:00+01:00;-1.5;23.61712093
1900-01-25 05:00:00+01:00;-1;25.35346631
1900-01-25 06:00:00+01:00;-0.8;33.03941314
1900-01-25 07:00:00+01:00;-1;38.6626261
1900-01-25 08:00:00+01:00;-1;33.30897922
1900-01-25 09:00:00+01:00;-0.5;33.55355761
1900-01-25 10:00:00+01:00;0;32.24542538
1900-01-25 11:00:00+01:00;0.1;30.44149566
1900-01-25 12:00:00+01:00;0.5;29.46995366
1900-01-25 13:00:00+01:00;0.8;28.75711512
1900-01-25 14:00:00+01:00;0.7;29.38384803
1900-01-25 15:00:00+01:00;0.4;30.08972993
1900-01-25 16:00:00+01:00;0.4;33.90022062
1900-01-25 17:00:00+01:00;0.3;36.38960104
1900-01-25 18:00:00+01:00;0.1;36.62693523
1900-01-25 19:00:00+01:00;0.1;36.46386712
1900-01-25 20:00:00+01:00;-0.1;36.52057268
1900-01-25 21:00:00+01:00;0;34.33726389
1900-01-25 22:00:00+01:00;-0.5;31.71216942
1900-01-25 23:00:00+01:00;-1.5;29.05877518
1900-01-26 00:00:00+01:00;-2;24.45110048
1900-01-26 01:00:00+01:00;-1.7;22.19173714
1900-01-26 02:00:00+01:00;-1.7;21.5684207
1900-01-26 03:00:00+01:00;-2.4;21.66866179
1900-01-26 04:00:00+01:00;-2.4;22.15243854
1900-01-26 05:00:00+01:00;-2.3;24.10266084
1900-01-26 06:00:00+01:00;-2.4;31.38490293
1900-01-26 07:00:00+01:00;-1.7;37.63826963
1900-01-26 08:00:00+01:00;-1;32.06370882
1900-01-26 09:00:00+01:00;-0.7;32.28262046
1900-01-26 10:00:00+01:00;0.1;31.17889782
1900-01-26 11:00:00+01:00;0.4;29.50327961
1900-01-26 12:00:00+01:00;0.4;28.88072421
1900-01-26 13:00:00+01:00;0.8;28.22940816
1900-01-26 14:00:00+01:00;0.5;29.07332741
1900-01-26 15:00:00+01:00;0.7;29.69297978
1900-01-26 16:00:00+01:00;0.9;33.41381397
1900-01-26 17:00:00+01:00;0.9;35.90202158
1900-01-26 18:00:00+01:00;0.7;36.20478995
1900-01-26 19:00:00+01:00;0.6;36.14976791
1900-01-26 20:00:00+01:00;0;36.483445
1900-01-26 21:00:00+01:00;0.8;34.12813278
1900-01-26 22:00:00+01:00;0.6;31.41335485
1900-01-26 23:00:00+01:00;0.6;28.50533605
1900-01-27 00:00:00+01:00;0.5;25.62322746
1900-01-27 01:00:00+01:00;0.4;22.85743356
1900-01-27 02:00:00+01:00;0.4;21.5214472
1900-01-27 03:00:00+01:00;0.1;21.01265787
1900-01-27 04:00:00+01:00;0.4;20.74480181
1900-01-27 05:00:00+01:00;0.2;21.03115448
1900-01-27 06:00:00+01:00;0.1;22.67469028
1900-01-27 07:00:00+01:00;0.2;24.48893466
1900-01-27 08:00:00+01:00;-0.3;30.02987725
1900-01-27 09:00:00+01:00;-0.7;35.89727944
1900-01-27 10:00:00+01:00;-0.6;37.39327616
1900-01-27 11:00:00+01:00;-0.6;37.63354931
1900-01-27 12:00:00+01:00;-0.7;35.87766567
1900-01-27 13:00:00+01:00;-1.7;34.92542937
1900-01-27 14:00:00+01:00;-2;34.53178924
1900-01-27 15:00:00+01:00;-2.5;35.23125064
1900-01-27 16:00:00+01:00;-3.8;36.68736271
1900-01-27 17:00:00+01:00;-5.6;39.17483454
1900-01-27 18:00:00+01:00;-7.5;40.12846658
1900-01-27 19:00:00+01:00;-7.6;39.63884182
1900-01-27 20:00:00+01:00;-8.5;39.21733712
1900-01-27 21:00:00+01:00;-9.5;36.95179316
1900-01-27 22:00:00+01:00;-10;34.19380494
1900-01-27 23:00:00+01:00;-11.2;31.95331237
1900-01-28 00:00:00+01:00;-12.3;30.65928249
1900-01-28 01:00:00+01:00;-13.2;28.80329813
1900-01-28 02:00:00+01:00;-13.7;28.64456592
1900-01-28 03:00:00+01:00;-13.3;27.87328065
1900-01-28 04:00:00+01:00;-13.2;27.87503866
1900-01-28 05:00:00+01:00;-13;28.86808422
1900-01-28 06:00:00+01:00;-11.7;30.18594734
1900-01-28 07:00:00+01:00;-12;33.119014
1900-01-28 08:00:00+01:00;-11.7;39.0699757
1900-01-28 09:00:00+01:00;-11.6;45.01178115
1900-01-28 10:00:00+01:00;-11.3;46.98279654
1900-01-28 11:00:00+01:00;-9.7;47.06355508
1900-01-28 12:00:00+01:00;-9.2;44.69523132
1900-01-28 13:00:00+01:00;-9.2;43.30926418
1900-01-28 14:00:00+01:00;-9.2;42.4519093
1900-01-28 15:00:00+01:00;-9.3;43.02624612
1900-01-28 16:00:00+01:00;-9.3;43.98589211
1900-01-28 17:00:00+01:00;-10.7;46.55675467
1900-01-28 18:00:00+01:00;-12.1;47.39234589
1900-01-28 19:00:00+01:00;-12.2;47.02726334
1900-01-28 20:00:00+01:00;-11.1;46.03664375
1900-01-28 21:00:00+01:00;-10.6;43.28496715
1900-01-28 22:00:00+01:00;-9.8;39.41207704
1900-01-28 23:00:00+01:00;-9.7;37.04520351
1900-01-29 00:00:00+01:00;-10.2;33.45323043
1900-01-29 01:00:00+01:00;-10.2;31.39399788
1900-01-29 02:00:00+01:00;-10.5;30.66281511
1900-01-29 03:00:00+01:00;-10.7;30.54820185
1900-01-29 04:00:00+01:00;-11.3;30.99723504
1900-01-29 05:00:00+01:00;-12.7;33.4551772
1900-01-29 06:00:00+01:00;-12.3;41.08277618
1900-01-29 07:00:00+01:00;-13.6;49.72577936
1900-01-29 08:00:00+01:00;-14.6;42.36555258
1900-01-29 09:00:00+01:00;-14.2;43.08061644
1900-01-29 10:00:00+01:00;-13.1;42.50834574
1900-01-29 11:00:00+01:00;-11.7;39.94606006
1900-01-29 12:00:00+01:00;-11.2;39.57793101
1900-01-29 13:00:00+01:00;-9.6;38.15902204
1900-01-29 14:00:00+01:00;-9.8;39.10558191
1900-01-29 15:00:00+01:00;-10.8;39.19419476
1900-01-29 16:00:00+01:00;-11.6;44.24515641
1900-01-29 17:00:00+01:00;-12.7;47.76987188
1900-01-29 18:00:00+01:00;-14;48.59985837
1900-01-29 19:00:00+01:00;-14.7;48.91990822
1900-01-29 20:00:00+01:00;-15;48.58072831
1900-01-29 21:00:00+01:00;-16;46.36277303
1900-01-29 22:00:00+01:00;-15.3;43.12337935
1900-01-29 23:00:00+01:00;-15.5;40.44384237
1900-01-30 00:00:00+01:00;-15.6;36.1046431
1900-01-30 01:00:00+01:00;-16.5;34.27356576
1900-01-30 02:00:00+01:00;-15.7;33.51825111
1900-01-30 03:00:00+01:00;-18;34.27425871
1900-01-30 04:00:00+01:00;-17;34.61205285
1900-01-30 05:00:00+01:00;-20.7;37.97444595
1900-01-30 06:00:00+01:00;-19.2;45.20825175
1900-01-30 07:00:00+01:00;-16.7;53.61273764
1900-01-30 08:00:00+01:00;-22;47.0019882
1900-01-30 09:00:00+01:00;-16.2;46.43610601
1900-01-30 10:00:00+01:00;-14;45.31662702
1900-01-30 11:00:00+01:00;-12.5;42.4607357
1900-01-30 12:00:00+01:00;-11.2;41.50675567
1900-01-30 13:00:00+01:00;-11;40.68079072
1900-01-30 14:00:00+01:00;-9.7;40.80420354
1900-01-30 15:00:00+01:00;-10.2;40.06643364
1900-01-30 16:00:00+01:00;-12;45.7986866
1900-01-30 17:00:00+01:00;-12.8;49.35191179
1900-01-30 18:00:00+01:00;-13.6;49.92198923
1900-01-30 19:00:00+01:00;-13.7;49.86885097
1900-01-30 20:00:00+01:00;-14.3;50.12736163
1900-01-30 21:00:00+01:00;-15.2;47.79363021
1900-01-30 22:00:00+01:00;-16;44.8606209
1900-01-30 23:00:00+01:00;-17.5;42.55267661
1900-01-31 00:00:00+01:00;-19.5;38.77289843
1900-01-31 01:00:00+01:00;-17.2;35.93576374
1900-01-31 02:00:00+01:00;-18.7;35.65527538
1900-01-31 03:00:00+01:00;-17.9;35.43542736
1900-01-31 04:00:00+01:00;-20.2;36.60973242
1900-01-31 05:00:00+01:00;-18.5;38.12638932
1900-01-31 06:00:00+01:00;-17.7;45.71574771
1900-01-31 07:00:00+01:00;-15.2;53.35004193
1900-01-31 08:00:00+01:00;-14.8;44.97412548
1900-01-31 09:00:00+01:00;-14.2;45.90603404
1900-01-31 10:00:00+01:00;-13;44.87932684
1900-01-31 11:00:00+01:00;-12.2;42.25497881
1900-01-31 12:00:00+01:00;-11.8;41.71006994
1900-01-31 13:00:00+01:00;-11.7;40.91500782
1900-01-31 14:00:00+01:00;-10.7;41.24798822
1900-01-31 15:00:00+01:00;-10.7;40.30567881
1900-01-31 16:00:00+01:00;-10.3;44.80196758
1900-01-31 17:00:00+01:00;-10.3;47.91232532
1900-01-31 18:00:00+01:00;-10.6;48.21292077
1900-01-31 19:00:00+01:00;-10.1;47.80116284
1900-01-31 20:00:00+01:00;-10;48.15893952
1900-01-31 21:00:00+01:00;-9.7;45.52231623
1900-01-31 22:00:00+01:00;-9.6;42.21168145
1900-01-31 23:00:00+01:00;-9.5;39.43831449
1900-02-01 00:00:00+01:00;-5.2;33.00760956
1900-02-01 01:00:00+01:00;-3.6;30.73998751
1900-02-01 02:00:00+01:00;-2.4;29.23651296
1900-02-01 03:00:00+01:00;3.4;26.9255574
1900-02-01 04:00:00+01:00;3.6;25.96996334
1900-02-01 05:00:00+01:00;4;27.41104287
1900-02-01 06:00:00+01:00;4.6;36.12319431
1900-02-01 07:00:00+01:00;5.4;38.21406737
1900-02-01 08:00:00+01:00;5;33.74718565
1900-02-01 09:00:00+01:00;5.5;34.12979609
1900-02-01 10:00:00+01:00;6.1;31.49587084
1900-02-01 11:00:00+01:00;6.4;29.11267264
1900-02-01 12:00:00+01:00;6.9;27.10229609
1900-02-01 13:00:00+01:00;7.6;25.90634293
1900-02-01 14:00:00+01:00;10.2;24.52482639
1900-02-01 15:00:00+01:00;8.9;25.31402135
1900-02-01 16:00:00+01:00;8.1;29.13334092
1900-02-01 17:00:00+01:00;5.2;32.98892775
1900-02-01 18:00:00+01:00;3.7;33.75504948
1900-02-01 19:00:00+01:00;4.4;33.02857992
1900-02-01 20:00:00+01:00;4.3;33.01280386
1900-02-01 21:00:00+01:00;3.8;30.93562003
1900-02-01 22:00:00+01:00;-1.5;29.75459477
1900-02-01 23:00:00+01:00;-2.4;26.62310683
1900-02-02 00:00:00+01:00;-2;21.80169042
1900-02-02 01:00:00+01:00;-2.6;19.40415246
1900-02-02 02:00:00+01:00;-3;18.92547079
1900-02-02 03:00:00+01:00;-2.9;19.01245557
1900-02-02 04:00:00+01:00;-3.9;20.19335526
1900-02-02 05:00:00+01:00;-4;22.29907902
1900-02-02 06:00:00+01:00;-3.6;28.82333968
1900-02-02 07:00:00+01:00;-4.6;37.13869622
1900-02-02 08:00:00+01:00;-6;31.93628593
1900-02-02 09:00:00+01:00;-4.6;31.70796931
1900-02-02 10:00:00+01:00;-3.3;31.29547095
1900-02-02 11:00:00+01:00;-1.2;29.27376563
1900-02-02 12:00:00+01:00;-0.7;28.82082686
1900-02-02 13:00:00+01:00;-1.2;28.77363981
1900-02-02 14:00:00+01:00;-1.2;29.7989673
1900-02-02 15:00:00+01:00;-1.7;31.02076444
1900-02-02 16:00:00+01:00;-3;35.80333538
1900-02-02 17:00:00+01:00;-3;38.40630372
1900-02-02 18:00:00+01:00;-2.5;38.42736612
1900-02-02 19:00:00+01:00;-2.1;38.24682181
1900-02-02 20:00:00+01:00;-1.7;38.19176933
1900-02-02 21:00:00+01:00;-1.7;36.18895475
1900-02-02 22:00:00+01:00;-2;33.47591391
1900-02-02 23:00:00+01:00;-2.8;30.85718948
1900-02-03 00:00:00+01:00;-3.1;28.09572346
1900-02-03 01:00:00+01:00;-3;25.36072214
1900-02-03 02:00:00+01:00;-2.6;23.96946181
1900-02-03 03:00:00+01:00;-2.6;23.43222641
1900-02-03 04:00:00+01:00;-3.5;23.52461174
1900-02-03 05:00:00+01:00;-4.3;24.14459404
1900-02-03 06:00:00+01:00;-5;25.94460492
1900-02-03 07:00:00+01:00;-4.8;28.04880179
1900-02-03 08:00:00+01:00;-4.8;33.5598298
1900-02-03 09:00:00+01:00;-4;38.99590268
1900-02-03 10:00:00+01:00;-3.1;40.24792916
1900-02-03 11:00:00+01:00;-2.3;40.11286698
1900-02-03 12:00:00+01:00;-1.5;37.61005488
1900-02-03 13:00:00+01:00;-1.2;36.04433165
1900-02-03 14:00:00+01:00;-1.4;35.25173478
1900-02-03 15:00:00+01:00;-1.5;35.71714555
1900-02-03 16:00:00+01:00;-1.7;36.55608856
1900-02-03 17:00:00+01:00;-1.7;38.10490552
1900-02-03 18:00:00+01:00;-2.1;38.29560142
1900-02-03 19:00:00+01:00;-2.5;38.13574653
1900-02-03 20:00:00+01:00;-2.3;37.59712847
1900-02-03 21:00:00+01:00;-2.4;35.24015743
1900-02-03 22:00:00+01:00;-3.1;32.34351733
1900-02-03 23:00:00+01:00;-5.1;30.44934693
1900-02-04 00:00:00+01:00;-6.1;28.95114427
1900-02-04 01:00:00+01:00;-6.8;26.60040783
1900-02-04 02:00:00+01:00;-6.3;25.50059841
1900-02-04 03:00:00+01:00;-4.1;24.2440587
1900-02-04 04:00:00+01:00;-4.1;24.11712328
1900-02-04 05:00:00+01:00;-4;24.46490364
1900-02-04 06:00:00+01:00;-3.5;26.06683977
1900-02-04 07:00:00+01:00;-3.3;27.87973221
1900-02-04 08:00:00+01:00;-2;32.70618605
1900-02-04 09:00:00+01:00;-2.8;38.85781528
1900-02-04 10:00:00+01:00;-2;40.05726107
1900-02-04 11:00:00+01:00;-1.5;39.86338847
1900-02-04 12:00:00+01:00;-1.4;37.64710289
1900-02-04 13:00:00+01:00;-1.5;36.30682303
1900-02-04 14:00:00+01:00;-1;35.09808218
1900-02-04 15:00:00+01:00;-1;35.51006967
1900-02-04 16:00:00+01:00;-0.7;36.09018479
1900-02-04 17:00:00+01:00;1.1;36.69196162
1900-02-04 18:00:00+01:00;0.6;36.96126511
1900-02-04 19:00:00+01:00;0.4;36.78389432
1900-02-04 20:00:00+01:00;-0.6;36.85296051
1900-02-04 21:00:00+01:00;0;34.29781826
1900-02-04 22:00:00+01:00;0;31.12704931
1900-02-04 23:00:00+01:00;0.5;28.55567974
1900-02-05 00:00:00+01:00;0.9;24.40924039
1900-02-05 01:00:00+01:00;1.5;22.13734212
1900-02-05 02:00:00+01:00;0.9;21.4132549
1900-02-05 03:00:00+01:00;1.2;21.01505162
1900-02-05 04:00:00+01:00;1.5;21.06815212
1900-02-05 05:00:00+01:00;1.7;22.83666297
1900-02-05 06:00:00+01:00;1.9;30.34029241
1900-02-05 07:00:00+01:00;1.7;35.57015416
1900-02-05 08:00:00+01:00;2;30.66344274
1900-02-05 09:00:00+01:00;2;30.84938528
1900-02-05 10:00:00+01:00;2.4;29.569892
1900-02-05 11:00:00+01:00;1.6;28.29008589
1900-02-05 12:00:00+01:00;2;27.38546986
1900-02-05 13:00:00+01:00;2.1;26.829073
1900-02-05 14:00:00+01:00;1.6;27.71174461
1900-02-05 15:00:00+01:00;1.4;28.73024271
1900-02-05 16:00:00+01:00;1.3;32.49254674
1900-02-05 17:00:00+01:00;1.3;34.87578852
1900-02-05 18:00:00+01:00;1.2;35.11171604
1900-02-05 19:00:00+01:00;1.4;34.89290822
1900-02-05 20:00:00+01:00;1.3;34.84876194
1900-02-05 21:00:00+01:00;1;32.88402668
1900-02-05 22:00:00+01:00;1.1;30.11705266
1900-02-05 23:00:00+01:00;0.8;27.24232693
1900-02-06 00:00:00+01:00;0.6;22.5156731
1900-02-06 01:00:00+01:00;0.4;20.44086429
1900-02-06 02:00:00+01:00;0.4;19.82161322
1900-02-06 03:00:00+01:00;0.2;19.75961286
1900-02-06 04:00:00+01:00;0.5;20.1358999
1900-02-06 05:00:00+01:00;0.5;22.10155523
1900-02-06 06:00:00+01:00;0.8;29.33029139
1900-02-06 07:00:00+01:00;1;35.13388629
1900-02-06 08:00:00+01:00;0.7;30.41708935
1900-02-06 09:00:00+01:00;0.1;30.79779971
1900-02-06 10:00:00+01:00;0.4;29.99795973
1900-02-06 11:00:00+01:00;1.5;28.13765716
1900-02-06 12:00:00+01:00;1.8;27.38597317
1900-02-06 13:00:00+01:00;0.9;27.38517479
1900-02-06 14:00:00+01:00;1.9;27.61508167
1900-02-06 15:00:00+01:00;3;27.93150382
1900-02-06 16:00:00+01:00;3.4;31.39053183
1900-02-06 17:00:00+01:00;2.5;34.28651796
1900-02-06 18:00:00+01:00;2.1;34.6903819
1900-02-06 19:00:00+01:00;2.9;34.15328058
1900-02-06 20:00:00+01:00;3.2;34.18439352
1900-02-06 21:00:00+01:00;3.6;32.0467541
1900-02-06 22:00:00+01:00;2.8;29.57346972
1900-02-06 23:00:00+01:00;2;26.88484556
1900-02-07 00:00:00+01:00;2.4;21.87769911
1900-02-07 01:00:00+01:00;2.7;19.70040623
1900-02-07 02:00:00+01:00;2.5;19.04940808
1900-02-07 03:00:00+01:00;2.7;18.75900011
1900-02-07 04:00:00+01:00;1;19.61762094
1900-02-07 05:00:00+01:00;2.3;21.11653699
1900-02-07 06:00:00+01:00;1.9;28.4894854
1900-02-07 07:00:00+01:00;2.2;33.98698859
1900-02-07 08:00:00+01:00;1;29.72872954
1900-02-07 09:00:00+01:00;0.4;29.9585254
1900-02-07 10:00:00+01:00;0.3;29.3127054
1900-02-07 11:00:00+01:00;0.1;28.02868903
1900-02-07 12:00:00+01:00;-0.3;27.83841386
1900-02-07 13:00:00+01:00;-0.5;27.53123548
1900-02-07 14:00:00+01:00;-0.3;28.30730662
1900-02-07 15:00:00+01:00;-0.5;29.5661139
1900-02-07 16:00:00+01:00;-0.3;33.26583802
1900-02-07 17:00:00+01:00;-0.5;35.75879695
1900-02-07 18:00:00+01:00;-0.6;36.02624056
1900-02-07 19:00:00+01:00;-0.6;35.9945389
1900-02-07 20:00:00+01:00;-0.8;35.86754231
1900-02-07 21:00:00+01:00;-1;33.91165566
1900-02-07 22:00:00+01:00;-1;31.25931806
1900-02-07 23:00:00+01:00;-1.2;28.40398567
1900-02-08 00:00:00+01:00;-0.8;23.61999623
1900-02-08 01:00:00+01:00;-1;21.60434162
1900-02-08 02:00:00+01:00;-0.7;20.98138529
1900-02-08 03:00:00+01:00;-0.8;20.96577031
1900-02-08 04:00:00+01:00;-1;21.49030379
1900-02-08 05:00:00+01:00;-0.7;23.42935162
1900-02-08 06:00:00+01:00;-0.7;30.88261889
1900-02-08 07:00:00+01:00;-0.5;36.93243839
1900-02-08 08:00:00+01:00;-0.3;31.76839229
1900-02-08 09:00:00+01:00;-0.3;32.09235506
1900-02-08 10:00:00+01:00;-0.1;31.18497795
1900-02-08 11:00:00+01:00;0;29.5996936
1900-02-08 12:00:00+01:00;0;29.01131046
1900-02-08 13:00:00+01:00;0.7;28.19892104
1900-02-08 14:00:00+01:00;0.7;28.87899227
1900-02-08 15:00:00+01:00;0.8;29.56117535
1900-02-08 16:00:00+01:00;0.6;33.48245229
1900-02-08 17:00:00+01:00;0.6;35.9385085
1900-02-08 18:00:00+01:00;0.7;36.06660487
1900-02-08 19:00:00+01:00;0.4;36.10516478
1900-02-08 20:00:00+01:00;0.1;36.23378473
1900-02-08 21:00:00+01:00;0.5;33.99109302
1900-02-08 22:00:00+01:00;0.6;31.17537477
1900-02-08 23:00:00+01:00;0.2;28.36824311
1900-02-09 00:00:00+01:00;0.1;23.56746563
1900-02-09 01:00:00+01:00;0.2;21.43014774
1900-02-09 02:00:00+01:00;0.2;20.75824318
1900-02-09 03:00:00+01:00;0.2;20.5792312
1900-02-09 04:00:00+01:00;0.3;20.89630506
1900-02-09 05:00:00+01:00;0;22.91864334
1900-02-09 06:00:00+01:00;0.1;30.24507319
1900-02-09 07:00:00+01:00;0;36.21040256
1900-02-09 08:00:00+01:00;-0.1;31.19729923
1900-02-09 09:00:00+01:00;0;31.39149311
1900-02-09 10:00:00+01:00;0;30.58612066
1900-02-09 11:00:00+01:00;0.9;28.73587622
1900-02-09 12:00:00+01:00;1.7;27.72716795
1900-02-09 13:00:00+01:00;2.2;27.02382687
1900-02-09 14:00:00+01:00;3.3;27.0840045
1900-02-09 15:00:00+01:00;3.1;27.98819796
1900-02-09 16:00:00+01:00;2.6;31.95782403
1900-02-09 17:00:00+01:00;1.8;34.80540457
1900-02-09 18:00:00+01:00;0;35.9504792
1900-02-09 19:00:00+01:00;-0.1;35.91443143
1900-02-09 20:00:00+01:00;0.2;35.62909842
1900-02-09 21:00:00+01:00;0.1;33.58839493
1900-02-09 22:00:00+01:00;-0.1;30.93500191
1900-02-09 23:00:00+01:00;0;27.95729664
1900-02-10 00:00:00+01:00;0;25.04694747
1900-02-10 01:00:00+01:00;-0.3;22.46008133
1900-02-10 02:00:00+01:00;-1.5;21.72335561
1900-02-10 03:00:00+01:00;-2.8;21.48531219
1900-02-10 04:00:00+01:00;-3.4;21.52617244
1900-02-10 05:00:00+01:00;-5.8;22.84058336
1900-02-10 06:00:00+01:00;-6.3;24.2300854
1900-02-10 07:00:00+01:00;-7.6;27.45901697
1900-02-10 08:00:00+01:00;-8.1;33.74165428
1900-02-10 09:00:00+01:00;-7.1;38.94281598
1900-02-10 10:00:00+01:00;-6.1;40.50877727
1900-02-10 11:00:00+01:00;-3.5;40.0525144
1900-02-10 12:00:00+01:00;-2.6;37.7893477
1900-02-10 13:00:00+01:00;-1.4;35.725509
1900-02-10 14:00:00+01:00;-0.7;34.56553615
1900-02-10 15:00:00+01:00;-2.4;36.02966549
1900-02-10 16:00:00+01:00;-3.8;37.63819832
1900-02-10 17:00:00+01:00;-4.3;39.53242996
1900-02-10 18:00:00+01:00;-7;40.97240858
1900-02-10 19:00:00+01:00;-7.3;40.67703409
1900-02-10 20:00:00+01:00;-9.5;40.94526638
1900-02-10 21:00:00+01:00;-11.1;38.91647709
1900-02-10 22:00:00+01:00;-11.7;36.08736307
1900-02-10 23:00:00+01:00;-10.8;33.35620161
1900-02-11 00:00:00+01:00;-9.7;31.52539101
1900-02-11 01:00:00+01:00;-7.6;28.55199958
1900-02-11 02:00:00+01:00;-6.8;27.23516092
1900-02-11 03:00:00+01:00;-7.3;26.93768192
1900-02-11 04:00:00+01:00;-7.8;27.02747163
1900-02-11 05:00:00+01:00;-8.2;27.66010995
1900-02-11 06:00:00+01:00;-8.3;29.47335563
1900-02-11 07:00:00+01:00;-9;31.84146052
1900-02-11 08:00:00+01:00;-9.2;37.54989732
1900-02-11 09:00:00+01:00;-8.8;43.22773923
1900-02-11 10:00:00+01:00;-7.5;44.4924887
1900-02-11 11:00:00+01:00;-7.1;44.74397946
1900-02-11 12:00:00+01:00;-6;41.98074529
1900-02-11 13:00:00+01:00;-5.6;40.4014724
1900-02-11 14:00:00+01:00;-5.8;39.58241016
1900-02-11 15:00:00+01:00;-5.6;39.94010297
1900-02-11 16:00:00+01:00;-5.6;40.81129045
1900-02-11 17:00:00+01:00;-5.8;42.64861741
1900-02-11 18:00:00+01:00;-5.8;42.68853867
1900-02-11 19:00:00+01:00;-6.3;42.57535706
1900-02-11 20:00:00+01:00;-6.3;42.07323316
1900-02-11 21:00:00+01:00;-6.6;39.58145107
1900-02-11 22:00:00+01:00;-6.6;36.05095645
1900-02-11 23:00:00+01:00;-6.6;33.56838504
1900-02-12 00:00:00+01:00;-7.8;30.22006572
1900-02-12 01:00:00+01:00;-8.2;28.22150711
1900-02-12 02:00:00+01:00;-8.6;27.68623582
1900-02-12 03:00:00+01:00;-8.2;27.52184345
1900-02-12 04:00:00+01:00;-8.7;28.08145445
1900-02-12 05:00:00+01:00;-8.7;30.1080194
1900-02-12 06:00:00+01:00;-9;37.74789102
1900-02-12 07:00:00+01:00;-9.2;45.37871646
1900-02-12 08:00:00+01:00;-9.1;38.48926767
1900-02-12 09:00:00+01:00;-9.1;39.10060247
1900-02-12 10:00:00+01:00;-8.2;38.33662564
1900-02-12 11:00:00+01:00;-7.3;36.11125726
1900-02-12 12:00:00+01:00;-6.1;35.22417899
1900-02-12 13:00:00+01:00;-5.8;34.48192976
1900-02-12 14:00:00+01:00;-5.5;35.11069865
1900-02-12 15:00:00+01:00;-5.1;34.86977577
1900-02-12 16:00:00+01:00;-5.3;39.24134017
1900-02-12 17:00:00+01:00;-5.3;42.01245421
1900-02-12 18:00:00+01:00;-5;42.03552821
1900-02-12 19:00:00+01:00;-4.6;41.70583392
1900-02-12 20:00:00+01:00;-4.5;41.89283199
1900-02-12 21:00:00+01:00;-4.1;39.48071343
1900-02-12 22:00:00+01:00;-4.1;36.49346228
1900-02-12 23:00:00+01:00;-4.5;33.84875455
1900-02-13 00:00:00+01:00;-4.1;28.84539309
1900-02-13 01:00:00+01:00;-3.9;26.78908921
1900-02-13 02:00:00+01:00;-3.6;25.88159748
1900-02-13 03:00:00+01:00;-3.4;25.54200531
1900-02-13 04:00:00+01:00;-2.5;25.3488515
1900-02-13 05:00:00+01:00;1.4;25.97348363
1900-02-13 06:00:00+01:00;3.3;33.82379227
1900-02-13 07:00:00+01:00;3.8;37.23338616
1900-02-13 08:00:00+01:00;4.1;32.45184725
1900-02-13 09:00:00+01:00;4.3;32.80795365
1900-02-13 10:00:00+01:00;4.8;30.70177598
1900-02-13 11:00:00+01:00;5.9;28.28111291
1900-02-13 12:00:00+01:00;4.9;27.28364246
1900-02-13 13:00:00+01:00;4.7;26.69363083
1900-02-13 14:00:00+01:00;4;27.35499513
1900-02-13 15:00:00+01:00;1.5;29.21072443
1900-02-13 16:00:00+01:00;0.3;33.59854861
1900-02-13 17:00:00+01:00;-1.2;36.77844102
1900-02-13 18:00:00+01:00;-2;37.30665521
1900-02-13 19:00:00+01:00;-3;37.69604138
1900-02-13 20:00:00+01:00;-3;37.16496467
1900-02-13 21:00:00+01:00;-3.9;35.22011237
1900-02-13 22:00:00+01:00;-4.8;32.73336413
1900-02-13 23:00:00+01:00;-7.8;30.48557839
1900-02-14 00:00:00+01:00;-10.3;26.90191056
1900-02-14 01:00:00+01:00;-9.7;24.15347466
1900-02-14 02:00:00+01:00;-12.7;24.52559553
1900-02-14 03:00:00+01:00;-15.6;25.6514726
1900-02-14 04:00:00+01:00;-17.2;27.49214319
1900-02-14 05:00:00+01:00;-14.5;28.9791066
1900-02-14 06:00:00+01:00;-12;35.06076746
1900-02-14 07:00:00+01:00;-12;44.67330162
1900-02-14 08:00:00+01:00;-15.7;38.90481907
1900-02-14 09:00:00+01:00;-11.6;38.43473464
1900-02-14 10:00:00+01:00;-8.3;37.56682075
1900-02-14 11:00:00+01:00;-5.5;34.9892178
1900-02-14 12:00:00+01:00;-1.4;32.78751271
1900-02-14 13:00:00+01:00;-1;32.14253588
1900-02-14 14:00:00+01:00;-0.6;32.60214271
1900-02-14 15:00:00+01:00;-0.3;32.32382972
1900-02-14 16:00:00+01:00;-0.6;36.66725232
1900-02-14 17:00:00+01:00;-0.7;39.59593785
1900-02-14 18:00:00+01:00;-0.3;39.62170617
1900-02-14 19:00:00+01:00;-0.3;39.47551206
1900-02-14 20:00:00+01:00;0.4;40.008367
1900-02-14 21:00:00+01:00;0.3;37.95127581
1900-02-14 22:00:00+01:00;-2.1;35.75848093
1900-02-14 23:00:00+01:00;-0.5;32.52246392
1900-02-15 00:00:00+01:00;1.6;26.65045111
1900-02-15 01:00:00+01:00;1.2;24.8841602
1900-02-15 02:00:00+01:00;-1.2;24.43539915
1900-02-15 03:00:00+01:00;0.6;23.34618485
1900-02-15 04:00:00+01:00;1.1;22.88073197
1900-02-15 05:00:00+01:00;-1.5;25.3255722
1900-02-15 06:00:00+01:00;-3;33.00843867
1900-02-15 07:00:00+01:00;-5;40.21990207
1900-02-15 08:00:00+01:00;-6.1;34.28002366
1900-02-15 09:00:00+01:00;-7.1;34.58365262
1900-02-15 10:00:00+01:00;-4.3;33.27846104
1900-02-15 11:00:00+01:00;-1.9;30.73207303
1900-02-15 12:00:00+01:00;-1.5;30.09526959
1900-02-15 13:00:00+01:00;-1.5;29.61644565
1900-02-15 14:00:00+01:00;-1.4;30.35610752
1900-02-15 15:00:00+01:00;-1.9;31.32447937
1900-02-15 16:00:00+01:00;-2.3;35.5008053
1900-02-15 17:00:00+01:00;-3.4;38.61588933
1900-02-15 18:00:00+01:00;-4.3;39.30872622
1900-02-15 19:00:00+01:00;-5.6;39.98121776
1900-02-15 20:00:00+01:00;-9;40.89967455
1900-02-15 21:00:00+01:00;-14;40.37578008
1900-02-15 22:00:00+01:00;-12.1;37.06786575
1900-02-15 23:00:00+01:00;-14.8;34.90690276
1900-02-16 00:00:00+01:00;-13.2;30.45947971
1900-02-16 01:00:00+01:00;-15.2;28.74973432
1900-02-16 02:00:00+01:00;-18.5;29.39731665
1900-02-16 03:00:00+01:00;-11.8;28.09321767
1900-02-16 04:00:00+01:00;-10.1;28.43405978
1900-02-16 05:00:00+01:00;-9.7;30.53209763
1900-02-16 06:00:00+01:00;-8.7;38.03683078
1900-02-16 07:00:00+01:00;-5.1;43.6576054
1900-02-16 08:00:00+01:00;-4.6;37.3933694
1900-02-16 09:00:00+01:00;-5.8;38.48325018
1900-02-16 10:00:00+01:00;-4.1;37.01638535
1900-02-16 11:00:00+01:00;-4.3;35.20743119
1900-02-16 12:00:00+01:00;-3;34.0044895
1900-02-16 13:00:00+01:00;-2.5;33.19442998
1900-02-16 14:00:00+01:00;-2.5;33.83309352
1900-02-16 15:00:00+01:00;-2.4;33.61180835
1900-02-16 16:00:00+01:00;-3.5;38.469748
1900-02-16 17:00:00+01:00;-5.1;42.20291087
1900-02-16 18:00:00+01:00;-7.8;43.85568549
1900-02-16 19:00:00+01:00;-9.2;44.55095932
1900-02-16 20:00:00+01:00;-10.3;44.75145901
1900-02-16 21:00:00+01:00;-15;43.80636052
1900-02-16 22:00:00+01:00;-18.2;41.88616913
1900-02-16 23:00:00+01:00;-19;38.9733765
1900-02-17 00:00:00+01:00;-16.7;35.32556421
1900-02-17 01:00:00+01:00;-13.7;31.97803676
1900-02-17 02:00:00+01:00;-14.2;31.0560242
1900-02-17 03:00:00+01:00;-13.2;30.0232665
1900-02-17 04:00:00+01:00;-12.5;29.66694758
1900-02-17 05:00:00+01:00;-11.7;30.0765441
1900-02-17 06:00:00+01:00;-13.6;32.257586
1900-02-17 07:00:00+01:00;-15.7;35.67468906
1900-02-17 08:00:00+01:00;-15.6;41.83125372
1900-02-17 09:00:00+01:00;-10.7;45.99916312
1900-02-17 10:00:00+01:00;-9.3;47.32965945
1900-02-17 11:00:00+01:00;-3.5;44.7472079
1900-02-17 12:00:00+01:00;-2.5;41.30577656
1900-02-17 13:00:00+01:00;-0.6;39.17782122
1900-02-17 14:00:00+01:00;-0.7;37.57817316
1900-02-17 15:00:00+01:00;-1.2;38.36542813
1900-02-17 16:00:00+01:00;-1.7;39.58461213
1900-02-17 17:00:00+01:00;-3.5;42.40629147
1900-02-17 18:00:00+01:00;-4.8;43.19236212
1900-02-17 19:00:00+01:00;-7.1;44.01102178
1900-02-17 20:00:00+01:00;-7.6;43.78476545
1900-02-17 21:00:00+01:00;-8.7;41.49108499
1900-02-17 22:00:00+01:00;-9.5;37.9946927
1900-02-17 23:00:00+01:00;-12.7;36.17666414
1900-02-18 00:00:00+01:00;-13.6;34.47573472
1900-02-18 01:00:00+01:00;-13.7;31.87980587
1900-02-18 02:00:00+01:00;-13.3;30.75436628
1900-02-18 03:00:00+01:00;-14;30.21947431
1900-02-18 04:00:00+01:00;-15.2;30.32062957
1900-02-18 05:00:00+01:00;-19;32.32679322
1900-02-18 06:00:00+01:00;-22.2;34.14047437
1900-02-18 07:00:00+01:00;-21.5;37.57290753
1900-02-18 08:00:00+01:00;-22;44.28291958
1900-02-18 09:00:00+01:00;-17.4;48.17156947
1900-02-18 10:00:00+01:00;-9.6;47.33305331
1900-02-18 11:00:00+01:00;-6.3;46.09941037
1900-02-18 12:00:00+01:00;-3.5;41.88736582
1900-02-18 13:00:00+01:00;-3.6;40.82086561
1900-02-18 14:00:00+01:00;-2.5;38.77068658
1900-02-18 15:00:00+01:00;-2.9;39.5294388
1900-02-18 16:00:00+01:00;-3.8;41.02910932
1900-02-18 17:00:00+01:00;-5.1;43.62573811
1900-02-18 18:00:00+01:00;-7.3;44.96465405
1900-02-18 19:00:00+01:00;-10.3;46.1306229
1900-02-18 20:00:00+01:00;-10.5;45.77444117
1900-02-18 21:00:00+01:00;-16;45.08367314
1900-02-18 22:00:00+01:00;-15.1;41.25939233
1900-02-18 23:00:00+01:00;-11.5;37.77838243
1900-02-19 00:00:00+01:00;-11.5;34.12291706
1900-02-19 01:00:00+01:00;-10.7;31.81801078
1900-02-19 02:00:00+01:00;-14.7;32.10698058
1900-02-19 03:00:00+01:00;-18.4;33.14654173
1900-02-19 04:00:00+01:00;-17.7;33.60224889
1900-02-19 05:00:00+01:00;-20.5;36.49175848
1900-02-19 06:00:00+01:00;-22.5;43.67507622
1900-02-19 07:00:00+01:00;-20.4;53.68348342
1900-02-19 08:00:00+01:00;-21.2;44.86259546
1900-02-19 09:00:00+01:00;-13.2;43.2849789
1900-02-19 10:00:00+01:00;-10;41.75223147
1900-02-19 11:00:00+01:00;-7;38.51937422
1900-02-19 12:00:00+01:00;-3.6;36.31081744
1900-02-19 13:00:00+01:00;-1.9;34.82906014
1900-02-19 14:00:00+01:00;-1.5;35.07472084
1900-02-19 15:00:00+01:00;-2;34.59525298
1900-02-19 16:00:00+01:00;-3;39.53261526
1900-02-19 17:00:00+01:00;-4.8;43.57716
1900-02-19 18:00:00+01:00;-6.5;44.6827835
1900-02-19 19:00:00+01:00;-6.8;44.68085678
1900-02-19 20:00:00+01:00;-9.5;46.18609522
1900-02-19 21:00:00+01:00;-10;43.7846873
1900-02-19 22:00:00+01:00;-11.2;40.99863333
1900-02-19 23:00:00+01:00;-14.7;39.23298299
1900-02-20 00:00:00+01:00;-15.3;35.01288846
1900-02-20 01:00:00+01:00;-16.5;33.13936633
1900-02-20 02:00:00+01:00;-16.4;32.47339846
1900-02-20 03:00:00+01:00;-19.4;33.26718459
1900-02-20 04:00:00+01:00;-19.7;34.06428942
1900-02-20 05:00:00+01:00;-20.2;36.21327276
1900-02-20 06:00:00+01:00;-16.2;42.19462004
1900-02-20 07:00:00+01:00;-13.8;49.98518926
1900-02-20 08:00:00+01:00;-11.2;41.19781675
1900-02-20 09:00:00+01:00;-10.7;41.85058956
1900-02-20 10:00:00+01:00;-8;40.25671294
1900-02-20 11:00:00+01:00;-5.3;37.13719144
1900-02-20 12:00:00+01:00;-4.3;35.9716359
1900-02-20 13:00:00+01:00;-3.4;34.93847372
1900-02-20 14:00:00+01:00;-2;34.81863187
1900-02-20 15:00:00+01:00;-2.3;34.41714932
1900-02-20 16:00:00+01:00;-2.3;38.76315975
1900-02-20 17:00:00+01:00;-3;42.14852338
1900-02-20 18:00:00+01:00;-5.6;43.7289762
1900-02-20 19:00:00+01:00;-7.3;44.51960269
1900-02-20 20:00:00+01:00;-8.7;45.34566661
1900-02-20 21:00:00+01:00;-10.2;43.44790379
1900-02-20 22:00:00+01:00;-11.3;40.73719336
1900-02-20 23:00:00+01:00;-11;37.7402466
1900-02-21 00:00:00+01:00;-12.3;33.44025844
1900-02-21 01:00:00+01:00;-14.2;31.62957599
1900-02-21 02:00:00+01:00;-14.6;30.99125119
1900-02-21 03:00:00+01:00;-18.2;31.86694427
1900-02-21 04:00:00+01:00;-16.9;32.09051553
1900-02-21 05:00:00+01:00;-16.7;33.93878412
1900-02-21 06:00:00+01:00;-17.9;41.12590942
1900-02-21 07:00:00+01:00;-16;50.23430579
1900-02-21 08:00:00+01:00;-15.5;42.02293665
1900-02-21 09:00:00+01:00;-13;42.06750247
1900-02-21 10:00:00+01:00;-9.7;40.65320174
1900-02-21 11:00:00+01:00;-7.3;37.76288085
1900-02-21 12:00:00+01:00;-5;36.19750652
1900-02-21 13:00:00+01:00;-3.8;35.00543203
1900-02-21 14:00:00+01:00;-2;34.70153605
1900-02-21 15:00:00+01:00;-1.5;33.89746163
1900-02-21 16:00:00+01:00;-1.7;38.32429519
1900-02-21 17:00:00+01:00;-2.9;41.99875748
1900-02-21 18:00:00+01:00;-4;42.79548624
1900-02-21 19:00:00+01:00;-4.8;43.0670237
1900-02-21 20:00:00+01:00;-5.3;43.80075387
1900-02-21 21:00:00+01:00;-5.3;41.4516355
1900-02-21 22:00:00+01:00;-6;38.55127473
1900-02-21 23:00:00+01:00;-8.7;36.57973707
1900-02-22 00:00:00+01:00;-9.2;31.96590472
1900-02-22 01:00:00+01:00;-10.2;30.04200953
1900-02-22 02:00:00+01:00;-12.8;29.92679063
1900-02-22 03:00:00+01:00;-13.3;29.88326544
1900-02-22 04:00:00+01:00;-14.6;30.74411705
1900-02-22 05:00:00+01:00;-17.5;33.61301439
1900-02-22 06:00:00+01:00;-15.2;39.81910798
1900-02-22 07:00:00+01:00;-15.7;49.34374039
1900-02-22 08:00:00+01:00;-16.5;41.49468385
1900-02-22 09:00:00+01:00;-9.3;40.00815557
1900-02-22 10:00:00+01:00;-6.5;38.37345845
1900-02-22 11:00:00+01:00;-2.4;34.78118069
1900-02-22 12:00:00+01:00;-1.9;33.64165986
1900-02-22 13:00:00+01:00;-0.7;32.429064
1900-02-22 14:00:00+01:00;-1;33.09063237
1900-02-22 15:00:00+01:00;-1.2;32.9726481
1900-02-22 16:00:00+01:00;-2;37.62595108
1900-02-22 17:00:00+01:00;-4;41.58930775
1900-02-22 18:00:00+01:00;-7.1;43.4559202
1900-02-22 19:00:00+01:00;-9;44.4186868
1900-02-22 20:00:00+01:00;-10;44.68354855
1900-02-22 21:00:00+01:00;-12.2;43.09163875
1900-02-22 22:00:00+01:00;-11.1;39.82505345
1900-02-22 23:00:00+01:00;-14.3;37.92963452
1900-02-23 00:00:00+01:00;-19.5;35.30770243
1900-02-23 01:00:00+01:00;-20;32.97638738
1900-02-23 02:00:00+01:00;-20.7;32.7081706
1900-02-23 03:00:00+01:00;-21.2;33.12798594
1900-02-23 04:00:00+01:00;-23;34.66110879
1900-02-23 05:00:00+01:00;-23.5;36.93987468
1900-02-23 06:00:00+01:00;-24.7;43.77895108
1900-02-23 07:00:00+01:00;-24;55.4754281
1900-02-23 08:00:00+01:00;-18.7;44.26095453
1900-02-23 09:00:00+01:00;-13;43.62313708
1900-02-23 10:00:00+01:00;-9.7;42.05885478
1900-02-23 11:00:00+01:00;-7.6;39.2229142
1900-02-23 12:00:00+01:00;-6;37.92704339
1900-02-23 13:00:00+01:00;-5.6;37.14447876
1900-02-23 14:00:00+01:00;-5.1;37.56880057
1900-02-23 15:00:00+01:00;-5;36.72589603
1900-02-23 16:00:00+01:00;-4.6;41.0866671
1900-02-23 17:00:00+01:00;-5.1;44.55054795
1900-02-23 18:00:00+01:00;-8.2;46.42668886
1900-02-23 19:00:00+01:00;-8.7;46.58783225
1900-02-23 20:00:00+01:00;-8;46.82467593
1900-02-23 21:00:00+01:00;-7;44.05437204
1900-02-23 22:00:00+01:00;-6.1;40.57444347
1900-02-23 23:00:00+01:00;-5.6;37.77929851
1900-02-24 00:00:00+01:00;-7.6;35.39910663
1900-02-24 01:00:00+01:00;-8.6;32.40057152
1900-02-24 02:00:00+01:00;-8.7;30.60914291
1900-02-24 03:00:00+01:00;-9.6;30.1980449
1900-02-24 04:00:00+01:00;-9.2;29.62267939
1900-02-24 05:00:00+01:00;-9.1;29.63607965
1900-02-24 06:00:00+01:00;-6.3;30.54187712
1900-02-24 07:00:00+01:00;-5.3;31.38302132
1900-02-24 08:00:00+01:00;-5;36.19733148
1900-02-24 09:00:00+01:00;-4.6;41.91756708
1900-02-24 10:00:00+01:00;-3.3;42.78097165
1900-02-24 11:00:00+01:00;-2.3;42.06676641
1900-02-24 12:00:00+01:00;-1.7;39.15620785
1900-02-24 13:00:00+01:00;-0.8;37.33911852
1900-02-24 14:00:00+01:00;-0.7;35.97843357
1900-02-24 15:00:00+01:00;-1;36.5478459
1900-02-24 16:00:00+01:00;-1.5;37.61529985
1900-02-24 17:00:00+01:00;-2;39.52521015
1900-02-24 18:00:00+01:00;-2.1;39.53087566
1900-02-24 19:00:00+01:00;-4.3;40.18754847
1900-02-24 20:00:00+01:00;-5.6;40.15493462
1900-02-24 21:00:00+01:00;-7;38.05851733
1900-02-24 22:00:00+01:00;-8.6;35.31426648
1900-02-24 23:00:00+01:00;-10.2;33.2107024
1900-02-25 00:00:00+01:00;-10.6;31.54007661
1900-02-25 01:00:00+01:00;-11.6;29.2966106
1900-02-25 02:00:00+01:00;-10.6;28.14314838
1900-02-25 03:00:00+01:00;-11;27.50064355
1900-02-25 04:00:00+01:00;-12.2;27.61082573
1900-02-25 05:00:00+01:00;-13.5;28.77284593
1900-02-25 06:00:00+01:00;-12.6;29.89141333
1900-02-25 07:00:00+01:00;-12;32.58220582
1900-02-25 08:00:00+01:00;-9.8;37.69685531
1900-02-25 09:00:00+01:00;-8;42.91934705
1900-02-25 10:00:00+01:00;-6.8;44.24027249
1900-02-25 11:00:00+01:00;-5.5;43.96049555
1900-02-25 12:00:00+01:00;-3.5;40.53888937
1900-02-25 13:00:00+01:00;-1.7;38.31489638
1900-02-25 14:00:00+01:00;-2;37.23714036
1900-02-25 15:00:00+01:00;-2.8;38.18503791
1900-02-25 16:00:00+01:00;-3.1;39.24531636
1900-02-25 17:00:00+01:00;-3.3;41.12109824
1900-02-25 18:00:00+01:00;-3.6;41.41571844
1900-02-25 19:00:00+01:00;-4.1;41.42280005
1900-02-25 20:00:00+01:00;-4.5;41.27149742
1900-02-25 21:00:00+01:00;-4;38.67942972
1900-02-25 22:00:00+01:00;-4.6;35.39027916
1900-02-25 23:00:00+01:00;-7;33.62417878
1900-02-26 00:00:00+01:00;-6.5;29.72970045
1900-02-26 01:00:00+01:00;-5.3;27.23414596
1900-02-26 02:00:00+01:00;-5.3;26.395598
1900-02-26 03:00:00+01:00;-5.1;26.0513712
1900-02-26 04:00:00+01:00;-5;26.14142363
1900-02-26 05:00:00+01:00;-4.5;27.77660923
1900-02-26 06:00:00+01:00;-4.1;35.23145025
1900-02-26 07:00:00+01:00;-3.9;41.25314324
1900-02-26 08:00:00+01:00;-3.5;35.14812379
1900-02-26 09:00:00+01:00;-2.5;35.29624225
1900-02-26 10:00:00+01:00;-1.4;33.83103395
1900-02-26 11:00:00+01:00;-0.3;31.55521404
1900-02-26 12:00:00+01:00;1;30.10066162
1900-02-26 13:00:00+01:00;2.8;28.67283038
1900-02-26 14:00:00+01:00;3.5;28.72481044
1900-02-26 15:00:00+01:00;0.8;30.40072929
1900-02-26 16:00:00+01:00;-0.1;34.79690929
1900-02-26 17:00:00+01:00;-1.5;38.12515352
1900-02-26 18:00:00+01:00;-2.5;38.81796928
1900-02-26 19:00:00+01:00;-3.4;39.17292159
1900-02-26 20:00:00+01:00;-3.5;39.02912752
1900-02-26 21:00:00+01:00;-4.8;37.24681351
1900-02-26 22:00:00+01:00;-5.5;34.63481193
1900-02-26 23:00:00+01:00;-4.3;31.24763046
1900-02-27 00:00:00+01:00;-6.1;27.08697067
1900-02-27 01:00:00+01:00;-7;25.04069477
1900-02-27 02:00:00+01:00;-6;24.17565339
1900-02-27 03:00:00+01:00;-6.3;24.20329137
1900-02-27 04:00:00+01:00;-4.8;24.2621457
1900-02-27 05:00:00+01:00;-5;26.30129186
1900-02-27 06:00:00+01:00;-4.6;33.51826015
1900-02-27 07:00:00+01:00;-4.6;40.42569144
1900-02-27 08:00:00+01:00;-4.3;34.41640453
1900-02-27 09:00:00+01:00;-4.3;34.84353702
1900-02-27 10:00:00+01:00;-3.8;34.11008742
1900-02-27 11:00:00+01:00;-3.3;32.32020798
1900-02-27 12:00:00+01:00;-2.8;31.72465925
1900-02-27 13:00:00+01:00;-2.5;31.16778885
1900-02-27 14:00:00+01:00;-2.5;32.03250532
1900-02-27 15:00:00+01:00;-2.9;32.66525042
1900-02-27 16:00:00+01:00;-3;36.83363314
1900-02-27 17:00:00+01:00;-4;40.04036983
1900-02-27 18:00:00+01:00;-6.1;41.36189577
1900-02-27 19:00:00+01:00;-6.5;41.53267809
1900-02-27 20:00:00+01:00;-8.1;41.87694818
1900-02-27 21:00:00+01:00;-7.5;39.32790647
1900-02-27 22:00:00+01:00;-8.3;36.72422503
1900-02-27 23:00:00+01:00;-8.5;33.88940531
1900-02-28 00:00:00+01:00;-8.5;29.35281026
1900-02-28 01:00:00+01:00;-8;26.97483675
1900-02-28 02:00:00+01:00;-7.3;26.17737977
1900-02-28 03:00:00+01:00;-7.3;26.11667801
1900-02-28 04:00:00+01:00;-7.5;26.68028311
1900-02-28 05:00:00+01:00;-6.8;28.51466389
1900-02-28 06:00:00+01:00;-6.6;36.067869
1900-02-28 07:00:00+01:00;-6.6;43.16156179
1900-02-28 08:00:00+01:00;-5.8;36.61811103
1900-02-28 09:00:00+01:00;-5.1;37.06254508
1900-02-28 10:00:00+01:00;-4.5;36.09056284
1900-02-28 11:00:00+01:00;-3.5;33.89197789
1900-02-28 12:00:00+01:00;-3;33.06981676
1900-02-28 13:00:00+01:00;-2.4;32.22288987
1900-02-28 14:00:00+01:00;-1.7;32.52978159
1900-02-28 15:00:00+01:00;-2.8;33.1871751
1900-02-28 16:00:00+01:00;-3;37.44752528
1900-02-28 17:00:00+01:00;-3.4;40.38738612
1900-02-28 18:00:00+01:00;-5.3;41.55199053
1900-02-28 19:00:00+01:00;-4.6;41.0646597
1900-02-28 20:00:00+01:00;-4.8;41.12751807
1900-02-28 21:00:00+01:00;-4.5;38.70372372
1900-02-28 22:00:00+01:00;-4.7;35.77917096
1900-02-28 23:00:00+01:00;-5.9;33.21543962
1900-03-01 00:00:00+01:00;-5.8;27.97617631
1900-03-01 01:00:00+01:00;-5.9;26.09119531
1900-03-01 02:00:00+01:00;-5.7;25.44831353
1900-03-01 03:00:00+01:00;-5.1;25.15950343
1900-03-01 04:00:00+01:00;-5;25.45386235
1900-03-01 05:00:00+01:00;-5;27.5405881
1900-03-01 06:00:00+01:00;-3.6;35.00852008
1900-03-01 07:00:00+01:00;-3.3;40.79690747
1900-03-01 08:00:00+01:00;-3.4;34.75956188
1900-03-01 09:00:00+01:00;-1.5;34.34707711
1900-03-01 10:00:00+01:00;-0.8;32.97430857
1900-03-01 11:00:00+01:00;-0.3;31.06882038
1900-03-01 12:00:00+01:00;0.1;30.09287709
1900-03-01 13:00:00+01:00;0;29.56755069
1900-03-01 14:00:00+01:00;0.6;30.12902702
1900-03-01 15:00:00+01:00;0.2;30.41122537
1900-03-01 16:00:00+01:00;0.2;33.62477896
1900-03-01 17:00:00+01:00;-0.1;36.03203763
1900-03-01 18:00:00+01:00;-0.3;36.46810371
1900-03-01 19:00:00+01:00;-1;36.97770068
1900-03-01 20:00:00+01:00;-0.8;36.96491244
1900-03-01 21:00:00+01:00;-0.8;34.66434332
1900-03-01 22:00:00+01:00;-1.7;31.95931559
1900-03-01 23:00:00+01:00;-1.5;29.13322923
1900-03-02 00:00:00+01:00;-1.9;24.90886779
1900-03-02 01:00:00+01:00;-2.5;23.14681354
1900-03-02 02:00:00+01:00;-2.6;22.55198586
1900-03-02 03:00:00+01:00;-3;22.50760479
1900-03-02 04:00:00+01:00;-3.8;23.17230813
1900-03-02 05:00:00+01:00;-4.5;25.45341867
1900-03-02 06:00:00+01:00;-4.6;32.7957838
1900-03-02 07:00:00+01:00;-5.1;39.95224257
1900-03-02 08:00:00+01:00;-4.1;33.35395814
1900-03-02 09:00:00+01:00;-3.4;33.11597748
1900-03-02 10:00:00+01:00;-2.3;32.15458737
1900-03-02 11:00:00+01:00;-1.4;30.34238629
1900-03-02 12:00:00+01:00;-0.7;29.54045946
1900-03-02 13:00:00+01:00;-0.5;28.96543486
1900-03-02 14:00:00+01:00;-0.5;29.97028374
1900-03-02 15:00:00+01:00;-0.7;30.44508385
1900-03-02 16:00:00+01:00;-0.7;33.67607272
1900-03-02 17:00:00+01:00;-2.6;36.93676488
1900-03-02 18:00:00+01:00;-2;37.03651468
1900-03-02 19:00:00+01:00;-2.8;37.69832746
1900-03-02 20:00:00+01:00;-2.4;37.42612239
1900-03-02 21:00:00+01:00;-2.5;35.21093839
1900-03-02 22:00:00+01:00;-3;32.46584906
1900-03-02 23:00:00+01:00;-3.1;29.82851729
1900-03-03 00:00:00+01:00;-3.5;27.37982347
1900-03-03 01:00:00+01:00;-3.5;25.06463213
1900-03-03 02:00:00+01:00;-3.3;23.92078605
1900-03-03 03:00:00+01:00;-3.5;23.47645209
1900-03-03 04:00:00+01:00;-3.5;23.39352868
1900-03-03 05:00:00+01:00;-3.9;23.89071397
1900-03-03 06:00:00+01:00;-4.3;25.83616596
1900-03-03 07:00:00+01:00;-4.1;28.13534129
1900-03-03 08:00:00+01:00;-5.3;33.8863254
1900-03-03 09:00:00+01:00;-4;38.62707271
1900-03-03 10:00:00+01:00;-3;39.43403785
1900-03-03 11:00:00+01:00;-2.3;39.12263832
1900-03-03 12:00:00+01:00;-2.4;37.07759154
1900-03-03 13:00:00+01:00;-2;35.66239628
1900-03-03 14:00:00+01:00;-2.3;34.86809386
1900-03-03 15:00:00+01:00;-2;34.81274487
1900-03-03 16:00:00+01:00;-1.7;35.44830806
1900-03-03 17:00:00+01:00;-2;37.2625641
1900-03-03 18:00:00+01:00;-2.6;37.88988397
1900-03-03 19:00:00+01:00;-2;37.33745291
1900-03-03 20:00:00+01:00;-1.5;36.76356439
1900-03-03 21:00:00+01:00;-1.5;34.3457765
1900-03-03 22:00:00+01:00;-1.5;30.86357194
1900-03-03 23:00:00+01:00;-1.7;28.60145798
1900-03-04 00:00:00+01:00;-2.1;27.16698168
1900-03-04 01:00:00+01:00;-2;24.7077475
1900-03-04 02:00:00+01:00;-2.5;23.65186764
1900-03-04 03:00:00+01:00;-0.3;22.49531748
1900-03-04 04:00:00+01:00;0.6;22.16666993
1900-03-04 05:00:00+01:00;0.7;22.24604699
1900-03-04 06:00:00+01:00;0.6;24.40153686
1900-03-04 07:00:00+01:00;1;26.01007638
1900-03-04 08:00:00+01:00;1.2;30.70571204
1900-03-04 09:00:00+01:00;1.1;36.06943546
1900-03-04 10:00:00+01:00;1.3;36.83809429
1900-03-04 11:00:00+01:00;1.7;36.20142748
1900-03-04 12:00:00+01:00;2;33.73097772
1900-03-04 13:00:00+01:00;2.7;32.18795822
1900-03-04 14:00:00+01:00;2.4;31.17070584
1900-03-04 15:00:00+01:00;2.7;31.04499837
1900-03-04 16:00:00+01:00;2.3;31.96257779
1900-03-04 17:00:00+01:00;1.8;33.78363049
1900-03-04 18:00:00+01:00;2;33.89138964
1900-03-04 19:00:00+01:00;1.7;33.77212963
1900-03-04 20:00:00+01:00;1.6;33.40816953
1900-03-04 21:00:00+01:00;1.7;30.95188871
1900-03-04 22:00:00+01:00;1.2;27.80150389
1900-03-04 23:00:00+01:00;1;25.42492061
1900-03-05 00:00:00+01:00;0.8;22.21804597
1900-03-05 01:00:00+01:00;1;20.2381202
1900-03-05 02:00:00+01:00;0.8;19.67780953
1900-03-05 03:00:00+01:00;0.6;19.59250591
1900-03-05 04:00:00+01:00;0.5;20.07247174
1900-03-05 05:00:00+01:00;0.8;22.05047346
1900-03-05 06:00:00+01:00;1.1;29.44289457
1900-03-05 07:00:00+01:00;0.7;35.21227475
1900-03-05 08:00:00+01:00;0.8;30.00263825
1900-03-05 09:00:00+01:00;0.9;29.76022043
1900-03-05 10:00:00+01:00;0.9;28.96856778
1900-03-05 11:00:00+01:00;0.6;27.76825979
1900-03-05 12:00:00+01:00;0.7;27.2746034
1900-03-05 13:00:00+01:00;1;26.73903344
1900-03-05 14:00:00+01:00;0.8;27.8845552
1900-03-05 15:00:00+01:00;1;28.55734209
1900-03-05 16:00:00+01:00;1.4;31.38913883
1900-03-05 17:00:00+01:00;1.3;33.51353
1900-03-05 18:00:00+01:00;1.5;33.8198171
1900-03-05 19:00:00+01:00;1.5;34.03826079
1900-03-05 20:00:00+01:00;1.5;34.04119823
1900-03-05 21:00:00+01:00;1.4;31.94198084
1900-03-05 22:00:00+01:00;1.4;29.1121115
1900-03-05 23:00:00+01:00;1.1;26.48095238
1900-03-06 00:00:00+01:00;0.9;22.26580921
1900-03-06 01:00:00+01:00;-0.6;20.83524586
1900-03-06 02:00:00+01:00;-0.6;20.36154403
1900-03-06 03:00:00+01:00;-0.7;20.3277345
1900-03-06 04:00:00+01:00;0;20.60343633
1900-03-06 05:00:00+01:00;0.5;22.54020473
1900-03-06 06:00:00+01:00;0.4;30.11494759
1900-03-06 07:00:00+01:00;0.6;35.6911573
1900-03-06 08:00:00+01:00;0.7;30.44869781
1900-03-06 09:00:00+01:00;1;30.2106377
1900-03-06 10:00:00+01:00;0.7;29.45288701
1900-03-06 11:00:00+01:00;1;27.95908468
1900-03-06 12:00:00+01:00;0.9;27.45041335
1900-03-06 13:00:00+01:00;1;26.9628469
1900-03-06 14:00:00+01:00;0.4;28.27130587
1900-03-06 15:00:00+01:00;0.4;28.98988768
1900-03-06 16:00:00+01:00;0.1;32.24228938
1900-03-06 17:00:00+01:00;0.5;34.10321002
1900-03-06 18:00:00+01:00;0.5;34.51356607
1900-03-06 19:00:00+01:00;0.4;34.80076631
1900-03-06 20:00:00+01:00;0.4;34.73217441
1900-03-06 21:00:00+01:00;0.3;32.60505896
1900-03-06 22:00:00+01:00;-0.3;29.98648675
1900-03-06 23:00:00+01:00;-0.8;27.41910044
1900-03-07 00:00:00+01:00;-1.4;23.44286816
1900-03-07 01:00:00+01:00;-1.7;21.6136421
1900-03-07 02:00:00+01:00;-2;21.20956864
1900-03-07 03:00:00+01:00;-1.7;21.078853
1900-03-07 04:00:00+01:00;-1.2;21.43882847
1900-03-07 05:00:00+01:00;-1.2;23.56366221
1900-03-07 06:00:00+01:00;-1.4;31.11875038
1900-03-07 07:00:00+01:00;-1;37.0602051
1900-03-07 08:00:00+01:00;-0.7;31.47944722
1900-03-07 09:00:00+01:00;-0.6;31.38392742
1900-03-07 10:00:00+01:00;-0.3;30.51374756
1900-03-07 11:00:00+01:00;0.2;28.91548936
1900-03-07 12:00:00+01:00;0.6;28.1872231
1900-03-07 13:00:00+01:00;0.3;27.87466438
1900-03-07 14:00:00+01:00;0.2;28.92250667
1900-03-07 15:00:00+01:00;0.8;29.14848393
1900-03-07 16:00:00+01:00;0.1;32.64644779
1900-03-07 17:00:00+01:00;0.5;34.56268639
1900-03-07 18:00:00+01:00;0.8;34.80732958
1900-03-07 19:00:00+01:00;0.8;35.01525947
1900-03-07 20:00:00+01:00;0.4;35.25626047
1900-03-07 21:00:00+01:00;-0.3;33.32088228
1900-03-07 22:00:00+01:00;0;30.34958191
1900-03-07 23:00:00+01:00;-0.1;27.66754028
1900-03-08 00:00:00+01:00;-0.6;23.53957526
1900-03-08 01:00:00+01:00;-1;21.7786083
1900-03-08 02:00:00+01:00;-1.2;21.28070538
1900-03-08 03:00:00+01:00;-1.5;21.25483191
1900-03-08 04:00:00+01:00;-1.4;21.68419695
1900-03-08 05:00:00+01:00;-1.5;23.80563635
1900-03-08 06:00:00+01:00;-1.2;31.2181061
1900-03-08 07:00:00+01:00;-1;37.1205892
1900-03-08 08:00:00+01:00;-0.7;31.5027475
1900-03-08 09:00:00+01:00;-0.5;31.33485659
1900-03-08 10:00:00+01:00;0.1;30.31134856
1900-03-08 11:00:00+01:00;0.1;28.8827435
1900-03-08 12:00:00+01:00;0.9;27.97510464
1900-03-08 13:00:00+01:00;0.8;27.55072636
1900-03-08 14:00:00+01:00;1.2;28.30787727
1900-03-08 15:00:00+01:00;1.3;28.80362609
1900-03-08 16:00:00+01:00;1.1;31.98900052
1900-03-08 17:00:00+01:00;1;34.16384863
1900-03-08 18:00:00+01:00;1;34.56834954
1900-03-08 19:00:00+01:00;0.3;35.15248304
1900-03-08 20:00:00+01:00;0.2;35.17836181
1900-03-08 21:00:00+01:00;0.1;33.0119338
1900-03-08 22:00:00+01:00;-0.6;30.38492782
1900-03-08 23:00:00+01:00;-1;27.78216165
1900-03-09 00:00:00+01:00;-1.5;23.73606808
1900-03-09 01:00:00+01:00;-2;21.97609577
1900-03-09 02:00:00+01:00;-2.3;21.56055077
1900-03-09 03:00:00+01:00;-2.4;21.53062359
1900-03-09 04:00:00+01:00;-2.1;21.94803048
1900-03-09 05:00:00+01:00;-2.9;24.30024301
1900-03-09 06:00:00+01:00;-2.5;31.58534949
1900-03-09 07:00:00+01:00;-2.4;37.95718596
1900-03-09 08:00:00+01:00;-2.8;32.32915193
1900-03-09 09:00:00+01:00;-2.1;32.03272993
1900-03-09 10:00:00+01:00;-1.9;31.35769225
1900-03-09 11:00:00+01:00;-1.7;29.87791912
1900-03-09 12:00:00+01:00;-1.5;29.43201137
1900-03-09 13:00:00+01:00;-1.2;28.85469177
1900-03-09 14:00:00+01:00;-0.7;29.68471797
1900-03-09 15:00:00+01:00;-1;30.3538767
1900-03-09 16:00:00+01:00;-0.3;33.17733474
1900-03-09 17:00:00+01:00;-0.3;35.37313045
1900-03-09 18:00:00+01:00;-0.7;36.01193267
1900-03-09 19:00:00+01:00;-0.3;36.03386619
1900-03-09 20:00:00+01:00;-1.4;36.55732614
1900-03-09 21:00:00+01:00;-2;34.55203702
1900-03-09 22:00:00+01:00;-4.6;32.54979234
1900-03-09 23:00:00+01:00;-6.3;30.32176924
1900-03-10 00:00:00+01:00;-7.3;27.97005384
1900-03-10 01:00:00+01:00;-8.2;26.16587936
1900-03-10 02:00:00+01:00;-9.8;26.10487288
1900-03-10 03:00:00+01:00;-9.6;25.3848383
1900-03-10 04:00:00+01:00;-10.2;25.52621515
1900-03-10 05:00:00+01:00;-12.7;27.17364632
1900-03-10 06:00:00+01:00;-13.7;28.83563585
1900-03-10 07:00:00+01:00;-13.2;32.31223443
1900-03-10 08:00:00+01:00;-9;36.64589625
1900-03-10 09:00:00+01:00;-7.6;41.44182676
1900-03-10 10:00:00+01:00;-7.3;42.73157515
1900-03-10 11:00:00+01:00;-6.8;42.86968954
1900-03-10 12:00:00+01:00;-6.1;40.42734822
1900-03-10 13:00:00+01:00;-6.1;39.21903501
1900-03-10 14:00:00+01:00;-5.6;38.01148423
1900-03-10 15:00:00+01:00;-4.6;37.59770631
1900-03-10 16:00:00+01:00;-4.3;38.35010898
1900-03-10 17:00:00+01:00;-7.1;41.72190469
1900-03-10 18:00:00+01:00;-7.8;42.53087442
1900-03-10 19:00:00+01:00;-9.5;43.14530728
1900-03-10 20:00:00+01:00;-10.3;43.0397718
1900-03-10 21:00:00+01:00;-12.6;41.28126121
1900-03-10 22:00:00+01:00;-13.5;37.9511625
1900-03-10 23:00:00+01:00;-14;35.69102999
1900-03-11 00:00:00+01:00;-15;34.57445568
1900-03-11 01:00:00+01:00;-15.2;32.56500783
1900-03-11 02:00:00+01:00;-15.7;32.03018869
1900-03-11 03:00:00+01:00;-14.2;30.99895264
1900-03-11 04:00:00+01:00;-16.2;31.48897478
1900-03-11 05:00:00+01:00;-17.7;32.77734425
1900-03-11 06:00:00+01:00;-17;34.24608556
1900-03-11 07:00:00+01:00;-14.6;36.54468746
1900-03-11 08:00:00+01:00;-12.2;41.22379789
1900-03-11 09:00:00+01:00;-11.7;46.55688447
1900-03-11 10:00:00+01:00;-8.7;46.79092308
1900-03-11 11:00:00+01:00;-7.6;46.1845006
1900-03-11 12:00:00+01:00;-6.6;42.91655761
1900-03-11 13:00:00+01:00;-4.6;40.78109209
1900-03-11 14:00:00+01:00;-5.3;39.62685109
1900-03-11 15:00:00+01:00;-5;39.62976273
1900-03-11 16:00:00+01:00;-6.6;41.53958337
1900-03-11 17:00:00+01:00;-6.8;43.54912303
1900-03-11 18:00:00+01:00;-7.5;44.35650432
1900-03-11 19:00:00+01:00;-7.8;44.29227135
1900-03-11 20:00:00+01:00;-8.2;44.13535106
1900-03-11 21:00:00+01:00;-10.7;42.36390269
1900-03-11 22:00:00+01:00;-10.8;38.40119399
1900-03-11 23:00:00+01:00;-11.2;36.11085324
1900-03-12 00:00:00+01:00;-10.2;32.63324145
1900-03-12 01:00:00+01:00;-9.7;30.60685043
1900-03-12 02:00:00+01:00;-10;29.93235187
1900-03-12 03:00:00+01:00;-10.5;29.90084295
1900-03-12 04:00:00+01:00;-11.1;30.32309219
1900-03-12 05:00:00+01:00;-11.5;32.4538876
1900-03-12 06:00:00+01:00;-12;40.17389571
1900-03-12 07:00:00+01:00;-11.7;47.83804261
1900-03-12 08:00:00+01:00;-10.7;39.85864879
1900-03-12 09:00:00+01:00;-6.3;38.93813761
1900-03-12 10:00:00+01:00;1.6;34.91206506
1900-03-12 11:00:00+01:00;-1;33.7837979
1900-03-12 12:00:00+01:00;-0.5;32.48629955
1900-03-12 13:00:00+01:00;1.8;30.7138391
1900-03-12 14:00:00+01:00;1.7;31.32435627
1900-03-12 15:00:00+01:00;3.8;29.64478911
1900-03-12 16:00:00+01:00;5.4;31.93291181
1900-03-12 17:00:00+01:00;1.2;36.63194402
1900-03-12 18:00:00+01:00;-3;39.18397067
1900-03-12 19:00:00+01:00;-6;40.91094836
1900-03-12 20:00:00+01:00;-7;41.12165829
1900-03-12 21:00:00+01:00;-8.1;38.94030545
1900-03-12 22:00:00+01:00;-8.7;36.02388538
1900-03-12 23:00:00+01:00;-9;33.26315064
1900-03-13 00:00:00+01:00;-9.2;29.25672726
1900-03-13 01:00:00+01:00;-9.7;27.32304608
1900-03-13 02:00:00+01:00;-9.2;26.64250283
1900-03-13 03:00:00+01:00;-9.1;26.55489396
1900-03-13 04:00:00+01:00;-8;26.67845114
1900-03-13 05:00:00+01:00;-7.5;28.54862426
1900-03-13 06:00:00+01:00;-7.3;35.89945251
1900-03-13 07:00:00+01:00;-6.1;42.32045345
1900-03-13 08:00:00+01:00;-4;34.99197898
1900-03-13 09:00:00+01:00;-2.5;34.65724756
1900-03-13 10:00:00+01:00;-1.7;33.53671563
1900-03-13 11:00:00+01:00;-0.6;31.46128255
1900-03-13 12:00:00+01:00;0;30.44469316
1900-03-13 13:00:00+01:00;2.2;28.90359983
1900-03-13 14:00:00+01:00;5.2;28.11449196
1900-03-13 15:00:00+01:00;4;28.64055465
1900-03-13 16:00:00+01:00;4.4;31.6534464
1900-03-13 17:00:00+01:00;2.5;35.09241356
1900-03-13 18:00:00+01:00;0.6;36.47790701
1900-03-13 19:00:00+01:00;-2;37.9559655
1900-03-13 20:00:00+01:00;-4.8;39.10210814
1900-03-13 21:00:00+01:00;-3.8;36.2833538
1900-03-13 22:00:00+01:00;-7;34.27612326
1900-03-13 23:00:00+01:00;-7.8;31.62790067
1900-03-14 00:00:00+01:00;-8.5;27.78522798
1900-03-14 01:00:00+01:00;-6.6;25.09184299
1900-03-14 02:00:00+01:00;-5.8;24.27511972
1900-03-14 03:00:00+01:00;-4.6;23.78888915
1900-03-14 04:00:00+01:00;-5.1;24.32447468
1900-03-14 05:00:00+01:00;-4.5;26.17061038
1900-03-14 06:00:00+01:00;-5.3;33.73416423
1900-03-14 07:00:00+01:00;-3.6;39.75780715
1900-03-14 08:00:00+01:00;-3.3;33.60672724
1900-03-14 09:00:00+01:00;-2.3;33.34348426
1900-03-14 10:00:00+01:00;-2.5;32.64947541
1900-03-14 11:00:00+01:00;-1.2;30.64006278
1900-03-14 12:00:00+01:00;-1;30.01173718
1900-03-14 13:00:00+01:00;1.2;28.52480863
1900-03-14 14:00:00+01:00;0.3;29.95310624
1900-03-14 15:00:00+01:00;0;30.38339671
1900-03-14 16:00:00+01:00;0;33.6980941
1900-03-14 17:00:00+01:00;0;36.04021672
1900-03-14 18:00:00+01:00;0.1;36.42680848
1900-03-14 19:00:00+01:00;0;36.65719218
1900-03-14 20:00:00+01:00;-0.1;36.94170274
1900-03-14 21:00:00+01:00;-0.3;34.7491003
1900-03-14 22:00:00+01:00;-1.5;32.07524959
1900-03-14 23:00:00+01:00;-0.7;29.04533693
1900-03-15 00:00:00+01:00;-1.7;24.89579118
1900-03-15 01:00:00+01:00;-2.1;23.07460678
1900-03-15 02:00:00+01:00;-3.5;22.81411206
1900-03-15 03:00:00+01:00;-3.6;22.73623882
1900-03-15 04:00:00+01:00;-4.5;23.46658717
1900-03-15 05:00:00+01:00;-5.1;25.74437719
1900-03-15 06:00:00+01:00;-5;32.96453678
1900-03-15 07:00:00+01:00;-5.3;40.12763981
1900-03-15 08:00:00+01:00;-3.8;33.33871746
1900-03-15 09:00:00+01:00;-2.3;32.86806788
1900-03-15 10:00:00+01:00;-1.5;31.8237711
1900-03-15 11:00:00+01:00;0.7;29.46220387
1900-03-15 12:00:00+01:00;2.8;27.73771714
1900-03-15 13:00:00+01:00;3.3;26.99466353
1900-03-15 14:00:00+01:00;3.9;27.44750889
1900-03-15 15:00:00+01:00;3.5;27.94265442
1900-03-15 16:00:00+01:00;3;31.26035775
1900-03-15 17:00:00+01:00;1.5;34.25320451
1900-03-15 18:00:00+01:00;-1;35.98164204
1900-03-15 19:00:00+01:00;-2.8;37.17507034
1900-03-15 20:00:00+01:00;-4.1;37.42935567
1900-03-15 21:00:00+01:00;-6.1;35.83437301
1900-03-15 22:00:00+01:00;-6.5;33.12736873
1900-03-15 23:00:00+01:00;-8;30.81027219
1900-03-16 00:00:00+01:00;-8;26.97084684
1900-03-16 01:00:00+01:00;-4.8;24.08808995
1900-03-16 02:00:00+01:00;-4.8;23.59619323
1900-03-16 03:00:00+01:00;-3.1;23.08161476
1900-03-16 04:00:00+01:00;-3;23.43148905
1900-03-16 05:00:00+01:00;-2.4;25.29308596
1900-03-16 06:00:00+01:00;-2.8;32.98876878
1900-03-16 07:00:00+01:00;-2.5;38.95064604
1900-03-16 08:00:00+01:00;-1.4;32.73525297
1900-03-16 09:00:00+01:00;0.1;32.31021459
1900-03-16 10:00:00+01:00;1;30.91943829
1900-03-16 11:00:00+01:00;1.8;29.07558728
1900-03-16 12:00:00+01:00;2.2;28.12159319
1900-03-16 13:00:00+01:00;2.3;27.61789955
1900-03-16 14:00:00+01:00;2.1;28.61104599
1900-03-16 15:00:00+01:00;2.2;28.87671715
1900-03-16 16:00:00+01:00;3;31.587971
1900-03-16 17:00:00+01:00;1.9;34.44566073
1900-03-16 18:00:00+01:00;1.4;35.10006176
1900-03-16 19:00:00+01:00;1;35.45046298
1900-03-16 20:00:00+01:00;1.1;35.57600109
1900-03-16 21:00:00+01:00;0.3;33.5457129
1900-03-16 22:00:00+01:00;0.5;30.43832376
1900-03-16 23:00:00+01:00;-0.1;27.74887668
1900-03-17 00:00:00+01:00;0.4;24.83648271
1900-03-17 01:00:00+01:00;0;22.44516111
1900-03-17 02:00:00+01:00;-1.2;21.6273796
1900-03-17 03:00:00+01:00;-4.6;22.02696902
1900-03-17 04:00:00+01:00;-5.6;22.16941877
1900-03-17 05:00:00+01:00;-5.8;22.8829473
1900-03-17 06:00:00+01:00;-6;24.36839762
1900-03-17 07:00:00+01:00;-2.1;26.01880663
1900-03-17 08:00:00+01:00;-0.5;30.63748504
1900-03-17 09:00:00+01:00;2;35.03377848
1900-03-17 10:00:00+01:00;2.6;35.71318284
1900-03-17 11:00:00+01:00;5.5;33.8066096
1900-03-17 12:00:00+01:00;4.3;32.04884639
1900-03-17 13:00:00+01:00;4.4;30.94453332
1900-03-17 14:00:00+01:00;6.3;28.60983165
1900-03-17 15:00:00+01:00;6.6;28.52911923
1900-03-17 16:00:00+01:00;7.6;28.69206643
1900-03-17 17:00:00+01:00;4.5;32.00691425
1900-03-17 18:00:00+01:00;2.1;33.54804113
1900-03-17 19:00:00+01:00;1.6;33.56687531
1900-03-17 20:00:00+01:00;0;33.83002923
1900-03-17 21:00:00+01:00;-1.9;32.02365892
1900-03-17 22:00:00+01:00;-1.7;28.7513907
1900-03-17 23:00:00+01:00;-3.1;26.66639964
1900-03-18 00:00:00+01:00;-4;25.4214293
1900-03-18 01:00:00+01:00;-4.6;23.49925301
1900-03-18 02:00:00+01:00;-6.3;23.3787887
1900-03-18 03:00:00+01:00;-5.5;22.34876029
1900-03-18 04:00:00+01:00;-6.3;22.36996328
1900-03-18 05:00:00+01:00;-6.1;22.91660451
1900-03-18 06:00:00+01:00;-6.3;24.26918115
1900-03-18 07:00:00+01:00;-4.8;26.80836437
1900-03-18 08:00:00+01:00;-2.4;31.39361676
1900-03-18 09:00:00+01:00;-0.8;36.0846385
1900-03-18 10:00:00+01:00;0;36.92495998
1900-03-18 11:00:00+01:00;1.1;36.34685762
1900-03-18 12:00:00+01:00;1.3;34.13982124
1900-03-18 13:00:00+01:00;1.5;32.96123256
1900-03-18 14:00:00+01:00;2.3;31.49285658
1900-03-18 15:00:00+01:00;3.7;30.8726741
1900-03-18 16:00:00+01:00;3.4;31.92101474
1900-03-18 17:00:00+01:00;2;34.42707216
1900-03-18 18:00:00+01:00;1.8;34.89561157
1900-03-18 19:00:00+01:00;2;34.69633304
1900-03-18 20:00:00+01:00;0.3;35.16004322
1900-03-18 21:00:00+01:00;-0.3;32.96509804
1900-03-18 22:00:00+01:00;-1.7;30.02670627
1900-03-18 23:00:00+01:00;-2.5;27.82849571
1900-03-19 00:00:00+01:00;-3.8;25.12023058
1900-03-19 01:00:00+01:00;-3.1;22.92985452
1900-03-19 02:00:00+01:00;-3.4;22.39731178
1900-03-19 03:00:00+01:00;-3.9;22.41059349
1900-03-19 04:00:00+01:00;-4.1;22.93271906
1900-03-19 05:00:00+01:00;-5;25.24557464
1900-03-19 06:00:00+01:00;-5.5;32.42116458
1900-03-19 07:00:00+01:00;-4.3;39.10100605
1900-03-19 08:00:00+01:00;-3.3;32.66694937
1900-03-19 09:00:00+01:00;-2.5;32.35839873
1900-03-19 10:00:00+01:00;-1;31.20482695
1900-03-19 11:00:00+01:00;0;29.39335786
1900-03-19 12:00:00+01:00;3.5;27.16134424
1900-03-19 13:00:00+01:00;4.5;26.18394826
1900-03-19 14:00:00+01:00;6.5;25.88479316
1900-03-19 15:00:00+01:00;7.2;25.803799
1900-03-19 16:00:00+01:00;7.3;28.67368626
1900-03-19 17:00:00+01:00;4.6;32.33680756
1900-03-19 18:00:00+01:00;3;33.60093422
1900-03-19 19:00:00+01:00;-0.3;35.55298552
1900-03-19 20:00:00+01:00;-2;36.16664585
1900-03-19 21:00:00+01:00;-3.3;34.36860554
1900-03-19 22:00:00+01:00;-4;31.73863139
1900-03-19 23:00:00+01:00;-6;29.50693069
1900-03-20 00:00:00+01:00;-6.6;25.71498453
1900-03-20 01:00:00+01:00;-6.8;23.66282092
1900-03-20 02:00:00+01:00;-8.6;23.73793729
1900-03-20 03:00:00+01:00;-7.5;23.56310178
1900-03-20 04:00:00+01:00;-8.3;24.56646274
1900-03-20 05:00:00+01:00;-8.7;26.8381358
1900-03-20 06:00:00+01:00;-8.8;33.74342353
1900-03-20 07:00:00+01:00;-7.1;41.15750733
1900-03-20 08:00:00+01:00;-4.3;33.65580355
1900-03-20 09:00:00+01:00;-3.4;33.3687305
1900-03-20 10:00:00+01:00;-3;32.64221698
1900-03-20 11:00:00+01:00;-1.4;30.56260277
1900-03-20 12:00:00+01:00;1;28.9913096
1900-03-20 13:00:00+01:00;5.1;26.6194311
1900-03-20 14:00:00+01:00;4.8;27.51264676
1900-03-20 15:00:00+01:00;3.8;28.23572884
1900-03-20 16:00:00+01:00;4;31.32396582
1900-03-20 17:00:00+01:00;4.2;33.580215
1900-03-20 18:00:00+01:00;3.4;34.46981803
1900-03-20 19:00:00+01:00;1;35.8926521
1900-03-20 20:00:00+01:00;-1;37.03675265
1900-03-20 21:00:00+01:00;-2.1;35.14330951
1900-03-20 22:00:00+01:00;-2.4;32.2686767
1900-03-20 23:00:00+01:00;-2;29.37707227
1900-03-21 00:00:00+01:00;-2;25.02779765
1900-03-21 01:00:00+01:00;-1.9;23.06113082
1900-03-21 02:00:00+01:00;0.2;21.77206285
1900-03-21 03:00:00+01:00;0.3;21.39951296
1900-03-21 04:00:00+01:00;0;21.61067554
1900-03-21 05:00:00+01:00;-1;23.80745076
1900-03-21 06:00:00+01:00;-0.7;31.06363304
1900-03-21 07:00:00+01:00;-1;36.90268137
1900-03-21 08:00:00+01:00;-0.5;31.13100126
1900-03-21 09:00:00+01:00;-1.2;31.08257745
1900-03-21 10:00:00+01:00;-0.5;30.09707489
1900-03-21 11:00:00+01:00;0.7;28.21989569
1900-03-21 12:00:00+01:00;1.2;27.446472
1900-03-21 13:00:00+01:00;1.6;26.89115612
1900-03-21 14:00:00+01:00;2.5;27.44301665
1900-03-21 15:00:00+01:00;1.9;28.36974364
1900-03-21 16:00:00+01:00;4.7;29.87938206
1900-03-21 17:00:00+01:00;3.7;32.60421331
1900-03-21 18:00:00+01:00;2.3;33.78881573
1900-03-21 19:00:00+01:00;4;33.07393228
1900-03-21 20:00:00+01:00;5;33.01464074
1900-03-21 21:00:00+01:00;5.4;30.73626636
1900-03-21 22:00:00+01:00;4.9;27.93179527
1900-03-21 23:00:00+01:00;4.6;25.28043581
1900-03-22 00:00:00+01:00;4.6;20.71686652
1900-03-22 01:00:00+01:00;4.6;18.90377987
1900-03-22 02:00:00+01:00;3.8;18.47083435
1900-03-22 03:00:00+01:00;3;18.45045033
1900-03-22 04:00:00+01:00;1.7;19.18126282
1900-03-22 05:00:00+01:00;0;21.71687982
1900-03-22 06:00:00+01:00;-2.8;29.42200409
1900-03-22 07:00:00+01:00;0.2;34.91040631
1900-03-22 08:00:00+01:00;1.8;29.10439627
1900-03-22 09:00:00+01:00;7.5;27.13838324
1900-03-22 10:00:00+01:00;7;25.70627632
1900-03-22 11:00:00+01:00;9.7;23.227262
1900-03-22 12:00:00+01:00;10.4;21.52850869
1900-03-22 13:00:00+01:00;12.9;19.81080771
1900-03-22 14:00:00+01:00;14.1;12.14029663
1900-03-22 15:00:00+01:00;12.2;21.30577815
1900-03-22 16:00:00+01:00;11.6;24.14123697
1900-03-22 17:00:00+01:00;11.2;26.22139989
1900-03-22 18:00:00+01:00;10.8;26.76620167
1900-03-22 19:00:00+01:00;10.1;27.22111756
1900-03-22 20:00:00+01:00;8.6;28.17367171
1900-03-22 21:00:00+01:00;6.9;26.82654303
1900-03-22 22:00:00+01:00;8;23.75190277
1900-03-22 23:00:00+01:00;7.2;21.15098499
1900-03-23 00:00:00+01:00;5.6;17.24690316
1900-03-23 01:00:00+01:00;2.7;16.04781047
1900-03-23 02:00:00+01:00;4;15.26198865
1900-03-23 03:00:00+01:00;6.6;14.3867893
1900-03-23 04:00:00+01:00;5;15.24558502
1900-03-23 05:00:00+01:00;4.2;17.3747249
1900-03-23 06:00:00+01:00;3.5;24.10845581
1900-03-23 07:00:00+01:00;3.2;30.06361383
1900-03-23 08:00:00+01:00;4.1;25.08173415
1900-03-23 09:00:00+01:00;4.7;24.29078943
1900-03-23 10:00:00+01:00;4.8;23.64089828
1900-03-23 11:00:00+01:00;4.9;22.727819
1900-03-23 12:00:00+01:00;5.3;22.16906081
1900-03-23 13:00:00+01:00;5.2;22.05866234
1900-03-23 14:00:00+01:00;5.7;22.9688163
1900-03-23 15:00:00+01:00;5.2;24.69264282
1900-03-23 16:00:00+01:00;4.8;27.72854735
1900-03-23 17:00:00+01:00;4.2;29.99953
1900-03-23 18:00:00+01:00;3.7;30.77832392
1900-03-23 19:00:00+01:00;3.5;31.21577746
1900-03-23 20:00:00+01:00;3.6;31.02750964
1900-03-23 21:00:00+01:00;3.2;29.16658743
1900-03-23 22:00:00+01:00;2.6;26.74967158
1900-03-23 23:00:00+01:00;2.4;24.0712032
1900-03-24 00:00:00+01:00;2.4;21.46899903
1900-03-24 01:00:00+01:00;2;19.33566518
1900-03-24 02:00:00+01:00;1.9;18.46739561
1900-03-24 03:00:00+01:00;1.7;18.01286562
1900-03-24 04:00:00+01:00;1.9;17.94261446
1900-03-24 05:00:00+01:00;1.4;18.50985651
1900-03-24 06:00:00+01:00;0.9;20.28873832
1900-03-24 07:00:00+01:00;2;22.43880999
1900-03-24 08:00:00+01:00;3.4;27.0961064
1900-03-24 09:00:00+01:00;4.1;32.09225106
1900-03-24 10:00:00+01:00;4.5;32.8861828
1900-03-24 11:00:00+01:00;5.9;31.85800859
1900-03-24 12:00:00+01:00;6;29.74801992
1900-03-24 13:00:00+01:00;6;28.66454761
1900-03-24 14:00:00+01:00;9;25.87835783
1900-03-24 15:00:00+01:00;8;26.55375397
1900-03-24 16:00:00+01:00;7.5;27.50843774
1900-03-24 17:00:00+01:00;6.1;29.80116869
1900-03-24 18:00:00+01:00;3.6;31.3518191
1900-03-24 19:00:00+01:00;1.4;32.14611245
1900-03-24 20:00:00+01:00;0.4;32.02896461
1900-03-24 21:00:00+01:00;-1.4;30.17089297
1900-03-24 22:00:00+01:00;-3.5;27.81537248
1900-03-24 23:00:00+01:00;-3.5;25.21681057
1900-03-25 00:00:00+01:00;-4.3;23.96318659
1900-03-25 01:00:00+01:00;-5.3;22.31870857
1900-03-25 02:00:00+01:00;-4;21.4470478
1900-03-25 03:00:00+01:00;-4;20.7568804
1900-03-25 04:00:00+01:00;-3;20.43541877
1900-03-25 05:00:00+01:00;-2.9;21.02117317
1900-03-25 06:00:00+01:00;-2;22.37131048
1900-03-25 07:00:00+01:00;-1;24.71630027
1900-03-25 08:00:00+01:00;-0.7;29.97019683
1900-03-25 09:00:00+01:00;0.1;34.94850843
1900-03-25 10:00:00+01:00;0;36.16077051
1900-03-25 11:00:00+01:00;0.6;35.95901304
1900-03-25 12:00:00+01:00;1.4;33.61947591
1900-03-25 13:00:00+01:00;2.2;32.10664788
1900-03-25 14:00:00+01:00;3;30.71709724
1900-03-25 15:00:00+01:00;2.6;31.15463772
1900-03-25 16:00:00+01:00;2.4;32.12116772
1900-03-25 17:00:00+01:00;2.6;33.73682389
1900-03-25 18:00:00+01:00;1.9;34.47441824
1900-03-25 19:00:00+01:00;1.6;34.47655113
1900-03-25 20:00:00+01:00;1.6;34.19986961
1900-03-25 21:00:00+01:00;1.5;31.86682431
1900-03-25 22:00:00+01:00;1.3;28.50887541
1900-03-25 23:00:00+01:00;1.2;26.13460638
1900-03-26 00:00:00+01:00;1.3;22.13478296
1900-03-26 01:00:00+01:00;1.4;18.72640136
1900-03-26 02:00:00+01:00;1.4;19.26448013
1900-03-26 03:00:00+01:00;1.6;17.72100553
1900-03-26 04:00:00+01:00;2.5;16.88448648
1900-03-26 05:00:00+01:00;2.8;17.66330953
1900-03-26 06:00:00+01:00;3;19.73538389
1900-03-26 07:00:00+01:00;2.9;21.20373623
1900-03-26 08:00:00+01:00;2.5;25.15917243
1900-03-26 09:00:00+01:00;1.5;31.80139803
1900-03-26 10:00:00+01:00;1.7;31.03477346
1900-03-26 11:00:00+01:00;2.1;30.96105975
1900-03-26 12:00:00+01:00;2.3;29.46871068
1900-03-26 13:00:00+01:00;2.6;27.68380594
1900-03-26 14:00:00+01:00;2.4;27.63814365
1900-03-26 15:00:00+01:00;3;26.74765051
1900-03-26 16:00:00+01:00;3.3;27.22722943
1900-03-26 17:00:00+01:00;3;28.67344754
1900-03-26 18:00:00+01:00;2.9;28.66869033
1900-03-26 19:00:00+01:00;2;29.25493024
1900-03-26 20:00:00+01:00;2;29.57284442
1900-03-26 21:00:00+01:00;2;27.8284351
1900-03-26 22:00:00+01:00;2;24.56275661
1900-03-26 23:00:00+01:00;1.8;22.64245879
1900-03-27 00:00:00+01:00;1.8;20.89474631
1900-03-27 01:00:00+01:00;1.6;17.59901482
1900-03-27 02:00:00+01:00;0.9;18.86717092
1900-03-27 03:00:00+01:00;0.4;17.55954603
1900-03-27 04:00:00+01:00;0.5;17.34626109
1900-03-27 05:00:00+01:00;0.3;18.28203824
1900-03-27 06:00:00+01:00;0.9;20.1699204
1900-03-27 07:00:00+01:00;1.4;21.90568688
1900-03-27 08:00:00+01:00;2.5;25.13122179
1900-03-27 09:00:00+01:00;3.4;29.93708425
1900-03-27 10:00:00+01:00;5;28.77427435
1900-03-27 11:00:00+01:00;4.8;29.33165101
1900-03-27 12:00:00+01:00;5.5;27.34990306
1900-03-27 13:00:00+01:00;6;25.65727323
1900-03-27 14:00:00+01:00;5.8;25.4444936
1900-03-27 15:00:00+01:00;6.1;25.02626707
1900-03-27 16:00:00+01:00;4.5;26.38244896
1900-03-27 17:00:00+01:00;4.3;27.82345237
1900-03-27 18:00:00+01:00;3.8;27.99685629
1900-03-27 19:00:00+01:00;3.1;28.50125373
1900-03-27 20:00:00+01:00;2.8;28.90832647
1900-03-27 21:00:00+01:00;1.7;27.59375534
1900-03-27 22:00:00+01:00;1.6;24.45294752
1900-03-27 23:00:00+01:00;1.1;22.52030691
1900-03-28 00:00:00+01:00;1.2;20.83982126
1900-03-28 01:00:00+01:00;1.3;17.28714472
1900-03-28 02:00:00+01:00;1.3;18.35762932
1900-03-28 03:00:00+01:00;1.2;16.90062501
1900-03-28 04:00:00+01:00;1.1;16.72688722
1900-03-28 05:00:00+01:00;0.4;17.77665192
1900-03-28 06:00:00+01:00;0.6;19.70997656
1900-03-28 07:00:00+01:00;2.7;20.93519864
1900-03-28 08:00:00+01:00;2.9;24.48003645
1900-03-28 09:00:00+01:00;3.7;29.55544721
1900-03-28 10:00:00+01:00;4.4;28.9874654
1900-03-28 11:00:00+01:00;5;28.91757046
1900-03-28 12:00:00+01:00;5.1;27.38050466
1900-03-28 13:00:00+01:00;5.5;25.78416958
1900-03-28 14:00:00+01:00;5.7;25.38571249
1900-03-28 15:00:00+01:00;5.6;25.19054565
1900-03-28 16:00:00+01:00;6.4;25.33664172
1900-03-28 17:00:00+01:00;4;27.88578776
1900-03-28 18:00:00+01:00;3.9;27.91024418
1900-03-28 19:00:00+01:00;4;28.0759734
1900-03-28 20:00:00+01:00;2.7;28.93435112
1900-03-28 21:00:00+01:00;2.2;27.34324914
1900-03-28 22:00:00+01:00;2.4;24.05963301
1900-03-28 23:00:00+01:00;2;22.10048251
1900-03-29 00:00:00+01:00;2.9;20.00735859
1900-03-29 01:00:00+01:00;1.9;17.01125487
1900-03-29 02:00:00+01:00;1.7;17.96109006
1900-03-29 03:00:00+01:00;1.3;16.7031285
1900-03-29 04:00:00+01:00;0.8;16.73824827
1900-03-29 05:00:00+01:00;-0.7;18.08376739
1900-03-29 06:00:00+01:00;-0.3;19.87382478
1900-03-29 07:00:00+01:00;0.6;21.97264673
1900-03-29 08:00:00+01:00;1.8;24.86441339
1900-03-29 09:00:00+01:00;2.5;30.7323476
1900-03-29 10:00:00+01:00;3.2;29.81290871
1900-03-29 11:00:00+01:00;3.6;29.77501036
1900-03-29 12:00:00+01:00;3.5;28.45332441
1900-03-29 13:00:00+01:00;4.5;26.40634875
1900-03-29 14:00:00+01:00;4.2;26.35603769
1900-03-29 15:00:00+01:00;3.6;26.256155
1900-03-29 16:00:00+01:00;3.6;26.94031757
1900-03-29 17:00:00+01:00;3.8;28.18026895
1900-03-29 18:00:00+01:00;2.1;29.00069863
1900-03-29 19:00:00+01:00;0.7;29.76375121
1900-03-29 20:00:00+01:00;-1.2;31.23688415
1900-03-29 21:00:00+01:00;-3;29.9489021
1900-03-29 22:00:00+01:00;-3.5;27.05745567
1900-03-29 23:00:00+01:00;-3.3;24.7652159
1900-03-30 00:00:00+01:00;-3.5;23.53567588
1900-03-30 01:00:00+01:00;-4;18.99792045
1900-03-30 02:00:00+01:00;-5.6;23.51216627
1900-03-30 03:00:00+01:00;-5.1;20.65870926
1900-03-30 04:00:00+01:00;-3.1;19.80231945
1900-03-30 05:00:00+01:00;-4.1;20.99707154
1900-03-30 06:00:00+01:00;-4.3;22.96031069
1900-03-30 07:00:00+01:00;-3.8;25.14108866
1900-03-30 08:00:00+01:00;-3.4;28.30429883
1900-03-30 09:00:00+01:00;-3.5;36.9073632
1900-03-30 10:00:00+01:00;-1.4;33.74248929
1900-03-30 11:00:00+01:00;0.5;33.03323355
1900-03-30 12:00:00+01:00;3.2;29.96721007
1900-03-30 13:00:00+01:00;5.3;27.1451474
1900-03-30 14:00:00+01:00;6.4;26.31501618
1900-03-30 15:00:00+01:00;7;25.91841417
1900-03-30 16:00:00+01:00;9.1;25.12756585
1900-03-30 17:00:00+01:00;9.4;26.98078318
1900-03-30 18:00:00+01:00;4.4;28.59061366
1900-03-30 19:00:00+01:00;3.3;29.5659209
1900-03-30 20:00:00+01:00;1;30.80977745
1900-03-30 21:00:00+01:00;0;29.62490109
1900-03-30 22:00:00+01:00;-1.5;26.81982372
1900-03-30 23:00:00+01:00;-0.1;24.3374748
1900-03-31 00:00:00+01:00;-3;23.7602809
1900-03-31 01:00:00+01:00;-0.1;18.85234164
1900-03-31 02:00:00+01:00;-2.5;21.64714087
1900-03-31 03:00:00+01:00;-3.4;19.83268617
1900-03-31 04:00:00+01:00;-3;19.56151443
1900-03-31 05:00:00+01:00;-6.5;21.68329797
1900-03-31 06:00:00+01:00;-4.1;22.52121204
1900-03-31 07:00:00+01:00;0.2;22.8338992
1900-03-31 08:00:00+01:00;2.8;25.42312132
1900-03-31 09:00:00+01:00;4.1;29.30674218
1900-03-31 10:00:00+01:00;4.7;29.09053118
1900-03-31 11:00:00+01:00;6.2;28.67863325
1900-03-31 12:00:00+01:00;6.8;26.66403012
1900-03-31 13:00:00+01:00;7.7;24.84430092
1900-03-31 14:00:00+01:00;8.2;24.20805129
1900-03-31 15:00:00+01:00;8.8;23.95587548
1900-03-31 16:00:00+01:00;8.4;24.59094334
1900-03-31 17:00:00+01:00;9.9;25.73732969
1900-03-31 18:00:00+01:00;6.6;26.74075957
1900-03-31 19:00:00+01:00;5.6;27.64935088
1900-03-31 20:00:00+01:00;3.1;28.91831443
1900-03-31 21:00:00+01:00;2.1;27.6276037
1900-03-31 22:00:00+01:00;2.2;24.29832483
1900-03-31 23:00:00+01:00;2.8;22.0086316
1900-04-01 00:00:00+01:00;3.5;19.8265023
1900-04-01 01:00:00+01:00;4.3;16.72972943
1900-04-01 02:00:00+01:00;5.3;15.62819974
1900-04-01 03:00:00+01:00;6.3;14.33221811
1900-04-01 04:00:00+01:00;6.1;13.84937669
1900-04-01 05:00:00+01:00;6;14.60664666
1900-04-01 06:00:00+01:00;5.6;16.81263701
1900-04-01 07:00:00+01:00;6.8;18.14027939
1900-04-01 08:00:00+01:00;6.2;22.09148756
1900-04-01 09:00:00+01:00;6.1;26.97954962
1900-04-01 10:00:00+01:00;5.8;27.43848302
1900-04-01 11:00:00+01:00;6.8;26.81383327
1900-04-01 12:00:00+01:00;5.4;26.23237986
1900-04-01 13:00:00+01:00;5.7;24.81733952
1900-04-01 14:00:00+01:00;5.7;24.48020698
1900-04-01 15:00:00+01:00;3.8;25.13049835
1900-04-01 16:00:00+01:00;6.5;24.53566096
1900-04-01 17:00:00+01:00;8.2;25.20448751
1900-04-01 18:00:00+01:00;6.5;25.94112397
1900-04-01 19:00:00+01:00;4.9;26.88481642
1900-04-01 20:00:00+01:00;3.7;27.7107608
1900-04-01 21:00:00+01:00;2.8;26.06833436
1900-04-01 22:00:00+01:00;3.4;22.78091028
1900-04-01 23:00:00+01:00;1.9;20.97141904
1900-04-02 00:00:00+01:00;1.3;19.68305672
1900-04-02 01:00:00+01:00;1;16.03684651
1900-04-02 02:00:00+01:00;-2.5;19.8761824
1900-04-02 03:00:00+01:00;-2.4;17.66329868
1900-04-02 04:00:00+01:00;-4;18.61317847
1900-04-02 05:00:00+01:00;-2.5;18.57909716
1900-04-02 06:00:00+01:00;-1;19.99716628
1900-04-02 07:00:00+01:00;2.6;20.93772277
1900-04-02 08:00:00+01:00;5;23.6854121
1900-04-02 09:00:00+01:00;5.7;27.59406116
1900-04-02 10:00:00+01:00;7.6;26.78921967
1900-04-02 11:00:00+01:00;9.9;25.98544585
1900-04-02 12:00:00+01:00;9.8;24.24772009
1900-04-02 13:00:00+01:00;12.1;21.86069226
1900-04-02 14:00:00+01:00;9.9;22.59551258
1900-04-02 15:00:00+01:00;9.1;23.09509022
1900-04-02 16:00:00+01:00;13;20.46030399
1900-04-02 17:00:00+01:00;11;24.32377998
1900-04-02 18:00:00+01:00;8.2;25.26030649
1900-04-02 19:00:00+01:00;4.3;27.38304921
1900-04-02 20:00:00+01:00;2.9;28.35126187
1900-04-02 21:00:00+01:00;3;26.33291441
1900-04-02 22:00:00+01:00;2.7;23.38547644
1900-04-02 23:00:00+01:00;2.4;21.21318526
1900-04-03 00:00:00+01:00;2.1;19.73494044
1900-04-03 01:00:00+01:00;1;17.9866919
1900-04-03 02:00:00+01:00;0.8;17.46128536
1900-04-03 03:00:00+01:00;1.3;17.15336645
1900-04-03 04:00:00+01:00;0.8;17.76732296
1900-04-03 05:00:00+01:00;0.6;19.75421264
1900-04-03 06:00:00+01:00;0;26.55848792
1900-04-03 07:00:00+01:00;1.1;32.66664959
1900-04-03 08:00:00+01:00;2.5;27.24019437
1900-04-03 09:00:00+01:00;3.5;26.53757882
1900-04-03 10:00:00+01:00;5.6;25.05657949
1900-04-03 11:00:00+01:00;6;23.8468129
1900-04-03 12:00:00+01:00;7;22.6905361
1900-04-03 13:00:00+01:00;6.6;22.63537538
1900-04-03 14:00:00+01:00;7;23.34593923
1900-04-03 15:00:00+01:00;6.1;24.87936777
1900-04-03 16:00:00+01:00;4.9;28.45274861
1900-04-03 17:00:00+01:00;5.4;30.25382933
1900-04-03 18:00:00+01:00;3.7;31.64244127
1900-04-03 19:00:00+01:00;2.1;32.71837343
1900-04-03 20:00:00+01:00;1.2;32.86530997
1900-04-03 21:00:00+01:00;1.1;30.76578934
1900-04-03 22:00:00+01:00;0.2;28.32131545
1900-04-03 23:00:00+01:00;-1;25.84845432
1900-04-04 00:00:00+01:00;-1;21.77756611
1900-04-04 01:00:00+01:00;-2;20.01033865
1900-04-04 02:00:00+01:00;-3;19.869676
1900-04-04 03:00:00+01:00;-4.8;20.46053204
1900-04-04 04:00:00+01:00;-5.1;21.41946488
1900-04-04 05:00:00+01:00;-7.6;24.3869847
1900-04-04 06:00:00+01:00;-5.6;30.55607766
1900-04-04 07:00:00+01:00;-1.4;36.31358425
1900-04-04 08:00:00+01:00;-0.7;30.59921451
1900-04-04 09:00:00+01:00;1.1;29.95996625
1900-04-04 10:00:00+01:00;-0.7;29.92084287
1900-04-04 11:00:00+01:00;-1.5;29.03142739
1900-04-04 12:00:00+01:00;-1;28.63521914
1900-04-04 13:00:00+01:00;0.4;27.66491136
1900-04-04 14:00:00+01:00;0.1;28.9476891
1900-04-04 15:00:00+01:00;0.5;29.3701042
1900-04-04 16:00:00+01:00;1.9;31.77381603
1900-04-04 17:00:00+01:00;2;33.96923584
1900-04-04 18:00:00+01:00;2.2;34.32654591
1900-04-04 19:00:00+01:00;2.2;34.53891074
1900-04-04 20:00:00+01:00;2.2;34.88260976
1900-04-04 21:00:00+01:00;2.2;32.77200146
1900-04-04 22:00:00+01:00;2;29.93825346
1900-04-04 23:00:00+01:00;1.9;27.31137428
1900-04-05 00:00:00+01:00;1.5;23.02721141
1900-04-05 01:00:00+01:00;0.9;21.41017032
1900-04-05 02:00:00+01:00;0.6;20.84834406
1900-04-05 03:00:00+01:00;0;20.74492381
1900-04-05 04:00:00+01:00;-0.3;21.11229957
1900-04-05 05:00:00+01:00;0;22.91133
1900-04-05 06:00:00+01:00;0.4;30.17900102
1900-04-05 07:00:00+01:00;1;35.48213418
1900-04-05 08:00:00+01:00;2.8;29.72585017
1900-04-05 09:00:00+01:00;3.1;29.50210942
1900-04-05 10:00:00+01:00;6;27.19781629
1900-04-05 11:00:00+01:00;8.7;24.58972546
1900-04-05 12:00:00+01:00;11.1;22.0291337
1900-04-05 13:00:00+01:00;11.9;21.05620408
1900-04-05 14:00:00+01:00;13.1;20.75978774
1900-04-05 15:00:00+01:00;12.2;21.7830405
1900-04-05 16:00:00+01:00;11.8;24.53178546
1900-04-05 17:00:00+01:00;11;26.88707694
1900-04-05 18:00:00+01:00;9;28.2961104
1900-04-05 19:00:00+01:00;6.4;29.76396689
1900-04-05 20:00:00+01:00;4.8;30.44914465
1900-04-05 21:00:00+01:00;4.2;28.5678186
1900-04-05 22:00:00+01:00;1.6;26.67689911
1900-04-05 23:00:00+01:00;0.7;24.00609387
1900-04-06 00:00:00+01:00;-1.7;20.65774534
1900-04-06 01:00:00+01:00;-2.9;18.75293325
1900-04-06 02:00:00+01:00;-2.6;18.30828882
1900-04-06 03:00:00+01:00;-3.9;18.72642279
1900-04-06 04:00:00+01:00;-3.4;19.44673492
1900-04-06 05:00:00+01:00;-3.5;21.5581326
1900-04-06 06:00:00+01:00;-2;27.76971721
1900-04-06 07:00:00+01:00;0;33.8781216
1900-04-06 08:00:00+01:00;1.5;28.17209232
1900-04-06 09:00:00+01:00;2;27.62268117
1900-04-06 10:00:00+01:00;3.7;26.37335133
1900-04-06 11:00:00+01:00;5.5;24.58549241
1900-04-06 12:00:00+01:00;7.4;23.01878919
1900-04-06 13:00:00+01:00;6.9;22.98350353
1900-04-06 14:00:00+01:00;9.4;22.61102783
1900-04-06 15:00:00+01:00;11.2;22.47944053
1900-04-06 16:00:00+01:00;9.5;26.17557185
1900-04-06 17:00:00+01:00;7.6;29.3496924
1900-04-06 18:00:00+01:00;7.2;30.06185499
1900-04-06 19:00:00+01:00;4.7;31.58841611
1900-04-06 20:00:00+01:00;3;32.46992297
1900-04-06 21:00:00+01:00;2;30.76075543
1900-04-06 22:00:00+01:00;1.8;28.0327093
1900-04-06 23:00:00+01:00;-0.1;25.77318928
1900-04-07 00:00:00+01:00;-0.6;23.14125215
1900-04-07 01:00:00+01:00;0.5;20.54742403
1900-04-07 02:00:00+01:00;-2;20.40479322
1900-04-07 03:00:00+01:00;-2.1;19.61318821
1900-04-07 04:00:00+01:00;-2.4;19.47990964
1900-04-07 05:00:00+01:00;-1.2;19.58643522
1900-04-07 06:00:00+01:00;-0.6;20.83319815
1900-04-07 07:00:00+01:00;2;22.57564345
1900-04-07 08:00:00+01:00;3.5;27.11652829
1900-04-07 09:00:00+01:00;6.7;31.18162419
1900-04-07 10:00:00+01:00;8.5;31.20909557
1900-04-07 11:00:00+01:00;10.3;29.45557827
1900-04-07 12:00:00+01:00;9.4;27.60443703
1900-04-07 13:00:00+01:00;11.5;25.53733181
1900-04-07 14:00:00+01:00;10.4;24.84104116
1900-04-07 15:00:00+01:00;12;24.08198011
1900-04-07 16:00:00+01:00;11.1;25.3176294
1900-04-07 17:00:00+01:00;9.2;27.94848478
1900-04-07 18:00:00+01:00;7.8;28.99303004
1900-04-07 19:00:00+01:00;6.9;29.30718636
1900-04-07 20:00:00+01:00;5.7;29.49222482
1900-04-07 21:00:00+01:00;4.4;27.59443997
1900-04-07 22:00:00+01:00;4.4;24.51261797
1900-04-07 23:00:00+01:00;3.6;22.19571574
1900-04-08 00:00:00+01:00;3.1;20.65456259
1900-04-08 01:00:00+01:00;2.9;18.40418343
1900-04-08 02:00:00+01:00;2.5;17.50303201
1900-04-08 03:00:00+01:00;2.3;16.75827464
1900-04-08 04:00:00+01:00;1.8;16.63643128
1900-04-08 05:00:00+01:00;1.5;17.06994534
1900-04-08 06:00:00+01:00;2;18.20590793
1900-04-08 07:00:00+01:00;4;20.1486021
1900-04-08 08:00:00+01:00;4.3;25.21381871
1900-04-08 09:00:00+01:00;6.2;29.65308902
1900-04-08 10:00:00+01:00;7;30.30277794
1900-04-08 11:00:00+01:00;7.5;29.74525067
1900-04-08 12:00:00+01:00;8.6;27.26823912
1900-04-08 13:00:00+01:00;9;26.0742202
1900-04-08 14:00:00+01:00;11;23.9056577
1900-04-08 15:00:00+01:00;10.4;24.420478
1900-04-08 16:00:00+01:00;10.2;25.24495871
1900-04-08 17:00:00+01:00;9;27.45604623
1900-04-08 18:00:00+01:00;6.7;28.94112814
1900-04-08 19:00:00+01:00;4.6;29.78288807
1900-04-08 20:00:00+01:00;3.4;29.84556885
1900-04-08 21:00:00+01:00;2.5;27.7576642
1900-04-08 22:00:00+01:00;1.9;24.99410447
1900-04-08 23:00:00+01:00;1.5;22.57035759
1900-04-09 00:00:00+01:00;1.2;19.70412449
1900-04-09 01:00:00+01:00;0.5;17.83087716
1900-04-09 02:00:00+01:00;1;17.27649148
1900-04-09 03:00:00+01:00;0.1;17.49002177
1900-04-09 04:00:00+01:00;-1.2;18.59217258
1900-04-09 05:00:00+01:00;-2.1;20.95138324
1900-04-09 06:00:00+01:00;-0.3;27.24046331
1900-04-09 07:00:00+01:00;2;32.73849173
1900-04-09 08:00:00+01:00;3.6;27.37157709
1900-04-09 09:00:00+01:00;3.5;27.07919241
1900-04-09 10:00:00+01:00;4.9;25.78729195
1900-04-09 11:00:00+01:00;7.2;23.75385083
1900-04-09 12:00:00+01:00;7.6;22.68477765
1900-04-09 13:00:00+01:00;9;21.69154523
1900-04-09 14:00:00+01:00;9.3;22.30795804
1900-04-09 15:00:00+01:00;6.9;24.54283119
1900-04-09 16:00:00+01:00;5.1;28.3962734
1900-04-09 17:00:00+01:00;3.1;31.53747036
1900-04-09 18:00:00+01:00;2.4;32.37591339
1900-04-09 19:00:00+01:00;1.7;33.00318548
1900-04-09 20:00:00+01:00;1;33.06032248
1900-04-09 21:00:00+01:00;0.2;31.18943887
1900-04-09 22:00:00+01:00;-1;28.8346502
1900-04-09 23:00:00+01:00;-0.7;25.88895984
1900-04-10 00:00:00+01:00;-2.3;22.30076486
1900-04-10 01:00:00+01:00;-3.1;20.4295246
1900-04-10 02:00:00+01:00;-3.3;20.11205958
1900-04-10 03:00:00+01:00;-2.5;19.93908679
1900-04-10 04:00:00+01:00;-4.1;21.10852513
1900-04-10 05:00:00+01:00;-3.6;23.02709992
1900-04-10 06:00:00+01:00;-0.8;29.37385024
1900-04-10 07:00:00+01:00;0.3;35.15088213
1900-04-10 08:00:00+01:00;1.8;29.49532315
1900-04-10 09:00:00+01:00;2.8;29.050538
1900-04-10 10:00:00+01:00;3.9;27.6963003
1900-04-10 11:00:00+01:00;4.4;26.24314106
1900-04-10 12:00:00+01:00;5.8;24.82630922
1900-04-10 13:00:00+01:00;5.1;24.81660343
1900-04-10 14:00:00+01:00;5.8;25.36041485
1900-04-10 15:00:00+01:00;5.4;26.21375451
1900-04-10 16:00:00+01:00;4.6;29.6052663
1900-04-10 17:00:00+01:00;3.9;32.08930195
1900-04-10 18:00:00+01:00;2.2;33.4034696
1900-04-10 19:00:00+01:00;0;34.77973088
1900-04-10 20:00:00+01:00;-0.6;34.81846429
1900-04-10 21:00:00+01:00;-1;32.73682042
1900-04-10 22:00:00+01:00;-1.5;30.05479876
1900-04-10 23:00:00+01:00;-1.9;27.35628951
1900-04-11 00:00:00+01:00;-0.8;22.82021248
1900-04-11 01:00:00+01:00;0;20.59965648
1900-04-11 02:00:00+01:00;-0.6;20.15548525
1900-04-11 03:00:00+01:00;-0.7;20.03990866
1900-04-11 04:00:00+01:00;-1.5;20.709574
1900-04-11 05:00:00+01:00;-1.7;22.7742409
1900-04-11 06:00:00+01:00;-1.2;29.82915804
1900-04-11 07:00:00+01:00;0;35.56362554
1900-04-11 08:00:00+01:00;1.2;29.90378678
1900-04-11 09:00:00+01:00;1.7;29.60837093
1900-04-11 10:00:00+01:00;2.4;28.49889296
1900-04-11 11:00:00+01:00;3.2;26.88185701
1900-04-11 12:00:00+01:00;4;25.82923944
1900-04-11 13:00:00+01:00;5;24.95448974
1900-04-11 14:00:00+01:00;4.1;26.26457788
1900-04-11 15:00:00+01:00;4;26.98952103
1900-04-11 16:00:00+01:00;2.4;30.88172006
1900-04-11 17:00:00+01:00;2.1;33.16435714
1900-04-11 18:00:00+01:00;1.5;33.89904321
1900-04-11 19:00:00+01:00;1.8;33.92644737
1900-04-11 20:00:00+01:00;1.8;33.92498492
1900-04-11 21:00:00+01:00;1.2;31.94008983
1900-04-11 22:00:00+01:00;0.6;29.25284488
1900-04-11 23:00:00+01:00;0.6;26.43093487
1900-04-12 00:00:00+01:00;0.2;22.28000667
1900-04-12 01:00:00+01:00;-0.3;20.50390489
1900-04-12 02:00:00+01:00;-0.3;19.9855007
1900-04-12 03:00:00+01:00;-0.7;19.99330829
1900-04-12 04:00:00+01:00;0;20.24316437
1900-04-12 05:00:00+01:00;-0.5;22.4244332
1900-04-12 06:00:00+01:00;0.1;29.56642288
1900-04-12 07:00:00+01:00;1.6;34.69865369
1900-04-12 08:00:00+01:00;2.8;29.28832273
1900-04-12 09:00:00+01:00;3.7;28.84359974
1900-04-12 10:00:00+01:00;4.6;27.37512961
1900-04-12 11:00:00+01:00;6.7;25.18669097
1900-04-12 12:00:00+01:00;8;23.50373394
1900-04-12 13:00:00+01:00;9;22.57858572
1900-04-12 14:00:00+01:00;9.4;22.95271728
1900-04-12 15:00:00+01:00;9.6;23.47603608
1900-04-12 16:00:00+01:00;9.2;26.37280603
1900-04-12 17:00:00+01:00;8;29.00908424
1900-04-12 18:00:00+01:00;7;29.8973346
1900-04-12 19:00:00+01:00;5.1;31.02355096
1900-04-12 20:00:00+01:00;2.6;32.08468705
1900-04-12 21:00:00+01:00;3;29.79508231
1900-04-12 22:00:00+01:00;1.8;27.3877833
1900-04-12 23:00:00+01:00;2;24.44311871
1900-04-13 00:00:00+01:00;1.7;20.25612166
1900-04-13 01:00:00+01:00;0.7;18.47642481
1900-04-13 02:00:00+01:00;-0.3;18.23121649
1900-04-13 03:00:00+01:00;0.7;17.8671926
1900-04-13 04:00:00+01:00;0.4;18.51684682
1900-04-13 05:00:00+01:00;-1.5;21.12464336
1900-04-13 06:00:00+01:00;2;27.18120947
1900-04-13 07:00:00+01:00;3;32.40758779
1900-04-13 08:00:00+01:00;5.6;26.84625271
1900-04-13 09:00:00+01:00;6.4;26.26094014
1900-04-13 10:00:00+01:00;7.7;24.55809547
1900-04-13 11:00:00+01:00;8.9;22.87194245
1900-04-13 12:00:00+01:00;10;21.28947436
1900-04-13 13:00:00+01:00;10;20.93278913
1900-04-13 14:00:00+01:00;11.5;20.84789164
1900-04-13 15:00:00+01:00;10.2;22.49270034
1900-04-13 16:00:00+01:00;9.6;25.48828048
1900-04-13 17:00:00+01:00;10;27.24322438
1900-04-13 18:00:00+01:00;8.6;28.42031668
1900-04-13 19:00:00+01:00;7.5;29.1507002
1900-04-13 20:00:00+01:00;6.5;29.72378357
1900-04-13 21:00:00+01:00;4.4;28.42196292
1900-04-13 22:00:00+01:00;4.5;25.61760162
1900-04-13 23:00:00+01:00;3.9;22.90150703
1900-04-14 00:00:00+01:00;2.9;20.40313517
1900-04-14 01:00:00+01:00;2.6;18.2164432
1900-04-14 02:00:00+01:00;3;17.13393163
1900-04-14 03:00:00+01:00;3.2;16.3331658
1900-04-14 04:00:00+01:00;1.7;16.55368441
1900-04-14 05:00:00+01:00;2;16.80095691
1900-04-14 06:00:00+01:00;2.8;17.96163721
1900-04-14 07:00:00+01:00;4.8;19.82616563
1900-04-14 08:00:00+01:00;4.8;24.99206819
1900-04-14 09:00:00+01:00;5.1;29.99532418
1900-04-14 10:00:00+01:00;5.4;30.90162775
1900-04-14 11:00:00+01:00;8.4;29.26480724
1900-04-14 12:00:00+01:00;10.8;25.96623927
1900-04-14 13:00:00+01:00;12.7;24.02044992
1900-04-14 14:00:00+01:00;12.5;22.89362407
1900-04-14 15:00:00+01:00;14;13.98709095
1900-04-14 16:00:00+01:00;11.8;24.05498408
1900-04-14 17:00:00+01:00;9.9;26.64144423
1900-04-14 18:00:00+01:00;8.5;27.65073811
1900-04-14 19:00:00+01:00;7.7;27.911753
1900-04-14 20:00:00+01:00;6.6;28.05382643
1900-04-14 21:00:00+01:00;3.8;26.6850661
1900-04-14 22:00:00+01:00;2.7;24.11708427
1900-04-14 23:00:00+01:00;1.6;21.84835729
1900-04-15 00:00:00+01:00;0.9;20.45806707
1900-04-15 01:00:00+01:00;0.2;18.57825337
1900-04-15 02:00:00+01:00;-1;18.38515877
1900-04-15 03:00:00+01:00;-1.2;17.65381356
1900-04-15 04:00:00+01:00;-2;17.72433321
1900-04-15 05:00:00+01:00;0;17.7666166
1900-04-15 06:00:00+01:00;1;18.84615137
1900-04-15 07:00:00+01:00;1.4;21.48071318
1900-04-15 08:00:00+01:00;2.7;26.37162364
1900-04-15 09:00:00+01:00;5.9;30.33321826
1900-04-15 10:00:00+01:00;8.3;30.27068351
1900-04-15 11:00:00+01:00;10.3;28.65756929
1900-04-15 12:00:00+01:00;15;14.88335556
1900-04-15 13:00:00+01:00;14.9;14.4635814
1900-04-15 14:00:00+01:00;15.8;13.91365853
1900-04-15 15:00:00+01:00;13.4;22.70077378
1900-04-15 16:00:00+01:00;13.4;23.41204192
1900-04-15 17:00:00+01:00;12.8;25.31893789
1900-04-15 18:00:00+01:00;10;27.08925713
1900-04-15 19:00:00+01:00;7.9;28.03393687
1900-04-15 20:00:00+01:00;5.8;28.61522224
1900-04-15 21:00:00+01:00;4.7;26.6458462
1900-04-15 22:00:00+01:00;3.4;24.06705661
1900-04-15 23:00:00+01:00;3;21.58302945
1900-04-16 00:00:00+01:00;1.4;19.00912156
1900-04-16 01:00:00+01:00;2.7;16.46076089
1900-04-16 02:00:00+01:00;2.8;15.85838951
1900-04-16 03:00:00+01:00;2.7;15.68513838
1900-04-16 04:00:00+01:00;2.5;16.23859014
1900-04-16 05:00:00+01:00;2.5;18.16607306
1900-04-16 06:00:00+01:00;2.5;24.80846498
1900-04-16 07:00:00+01:00;2.4;30.92272654
1900-04-16 08:00:00+01:00;3.3;25.82569916
1900-04-16 09:00:00+01:00;5.4;24.63935543
1900-04-16 10:00:00+01:00;6.7;23.39950386
1900-04-16 11:00:00+01:00;8;21.93333583
1900-04-16 12:00:00+01:00;5.8;22.33030814
1900-04-16 13:00:00+01:00;5.7;22.2398446
1900-04-16 14:00:00+01:00;6.5;22.96699563
1900-04-16 15:00:00+01:00;6.1;24.49836002
1900-04-16 16:00:00+01:00;6.8;26.94793798
1900-04-16 17:00:00+01:00;7.3;28.70952857
1900-04-16 18:00:00+01:00;7.5;29.100898
1900-04-16 19:00:00+01:00;7.6;29.2651245
1900-04-16 20:00:00+01:00;7.4;29.66254566
1900-04-16 21:00:00+01:00;6.2;28.11640172
1900-04-16 22:00:00+01:00;5;25.75393948
1900-04-16 23:00:00+01:00;4;23.22111361
1900-04-17 00:00:00+01:00;5.7;18.30240197
1900-04-17 01:00:00+01:00;3.9;16.8918505
1900-04-17 02:00:00+01:00;4.5;16.21039278
1900-04-17 03:00:00+01:00;3.7;16.25801873
1900-04-17 04:00:00+01:00;4;16.63226639
1900-04-17 05:00:00+01:00;4.6;18.42823146
1900-04-17 06:00:00+01:00;5.5;25.41216646
1900-04-17 07:00:00+01:00;7.3;29.29814675
1900-04-17 08:00:00+01:00;8.3;24.98227715
1900-04-17 09:00:00+01:00;10.7;23.85902482
1900-04-17 10:00:00+01:00;11.6;20.71111325
1900-04-17 11:00:00+01:00;12.5;20.39807242
1900-04-17 12:00:00+01:00;14.3;12.05139102
1900-04-17 13:00:00+01:00;14;11.64320602
1900-04-17 14:00:00+01:00;13.7;18.45681747
1900-04-17 15:00:00+01:00;13.5;19.75809239
1900-04-17 16:00:00+01:00;12.4;22.73654079
1900-04-17 17:00:00+01:00;11.7;24.88207143
1900-04-17 18:00:00+01:00;9.1;26.66211194
1900-04-17 19:00:00+01:00;8.4;27.21600931
1900-04-17 20:00:00+01:00;9.2;26.84235496
1900-04-17 21:00:00+01:00;8.1;25.29886104
1900-04-17 22:00:00+01:00;7.2;22.92167744
1900-04-17 23:00:00+01:00;6.8;20.06146904
1900-04-18 00:00:00+01:00;6.4;15.85852626
1900-04-18 01:00:00+01:00;5;14.13638342
1900-04-18 02:00:00+01:00;5.9;13.42430181
1900-04-18 03:00:00+01:00;4.8;13.56229104
1900-04-18 04:00:00+01:00;5.3;14.01364073
1900-04-18 05:00:00+01:00;4.7;16.16122537
1900-04-18 06:00:00+01:00;5.4;22.64021782
1900-04-18 07:00:00+01:00;7.2;27.3065321
1900-04-18 08:00:00+01:00;7.9;23.22746207
1900-04-18 09:00:00+01:00;8.2;22.54322067
1900-04-18 10:00:00+01:00;8.9;21.40909728
1900-04-18 11:00:00+01:00;10.1;20.08132851
1900-04-18 12:00:00+01:00;10.6;19.04899835
1900-04-18 13:00:00+01:00;12.6;17.90009202
1900-04-18 14:00:00+01:00;9.7;20.1378956
1900-04-18 15:00:00+01:00;11;20.98773996
1900-04-18 16:00:00+01:00;10.5;23.78973502
1900-04-18 17:00:00+01:00;9.5;26.17209672
1900-04-18 18:00:00+01:00;6.3;28.31091972
1900-04-18 19:00:00+01:00;6;28.72036914
1900-04-18 20:00:00+01:00;5;28.90165199
1900-04-18 21:00:00+01:00;4.6;27.07197169
1900-04-18 22:00:00+01:00;4.6;24.47019955
1900-04-18 23:00:00+01:00;4.2;21.70884778
1900-04-19 00:00:00+01:00;3.6;17.71863239
1900-04-19 01:00:00+01:00;3.7;15.63819093
1900-04-19 02:00:00+01:00;3.5;15.28540228
1900-04-19 03:00:00+01:00;3.4;15.25255618
1900-04-19 04:00:00+01:00;3.4;15.89683848
1900-04-19 05:00:00+01:00;4;17.73598535
1900-04-19 06:00:00+01:00;4.1;24.65936545
1900-04-19 07:00:00+01:00;4.1;30.29297971
1900-04-19 08:00:00+01:00;3.3;26.14931412
1900-04-19 09:00:00+01:00;5.5;25.05667408
1900-04-19 10:00:00+01:00;6.7;23.80376121
1900-04-19 11:00:00+01:00;8;22.29477809
1900-04-19 12:00:00+01:00;5.8;22.55760356
1900-04-19 13:00:00+01:00;8.6;21.03367647
1900-04-19 14:00:00+01:00;8.8;21.75816972
1900-04-19 15:00:00+01:00;8.8;22.96232378
1900-04-19 16:00:00+01:00;8.2;25.98923922
1900-04-19 17:00:00+01:00;8.8;27.60993608
1900-04-19 18:00:00+01:00;7.9;28.50501999
1900-04-19 19:00:00+01:00;6.6;29.37190826
1900-04-19 20:00:00+01:00;5;30.05850555
1900-04-19 21:00:00+01:00;3;28.72145635
1900-04-19 22:00:00+01:00;2.9;26.07517362
1900-04-19 23:00:00+01:00;2.6;23.29358873
1900-04-20 00:00:00+01:00;3;18.96007307
1900-04-20 01:00:00+01:00;3;16.97229132
1900-04-20 02:00:00+01:00;2.8;16.55731861
1900-04-20 03:00:00+01:00;2.4;16.58480875
1900-04-20 04:00:00+01:00;2.4;17.16934916
1900-04-20 05:00:00+01:00;2.5;19.19622115
1900-04-20 06:00:00+01:00;2.9;26.16688063
1900-04-20 07:00:00+01:00;3.2;31.69398446
1900-04-20 08:00:00+01:00;3.5;26.91928149
1900-04-20 09:00:00+01:00;3.3;26.55447844
1900-04-20 10:00:00+01:00;3.2;25.93277129
1900-04-20 11:00:00+01:00;4;24.59218517
1900-04-20 12:00:00+01:00;4.5;23.81737264
1900-04-20 13:00:00+01:00;7.4;22.16265857
1900-04-20 14:00:00+01:00;8;22.70251578
1900-04-20 15:00:00+01:00;9.5;22.93138463
1900-04-20 16:00:00+01:00;6.7;27.19126746
1900-04-20 17:00:00+01:00;6.2;29.45953874
1900-04-20 18:00:00+01:00;6.6;29.71384878
1900-04-20 19:00:00+01:00;4.7;30.93618717
1900-04-20 20:00:00+01:00;3.6;31.38253568
1900-04-20 21:00:00+01:00;4.5;28.98065218
1900-04-20 22:00:00+01:00;3.7;26.48417422
1900-04-20 23:00:00+01:00;4;23.56744925
1900-04-21 00:00:00+01:00;4.8;20.70156595
1900-04-21 01:00:00+01:00;2.1;19.10532252
1900-04-21 02:00:00+01:00;2;18.22458501
1900-04-21 03:00:00+01:00;2.3;17.49182933
1900-04-21 04:00:00+01:00;2.6;17.30916172
1900-04-21 05:00:00+01:00;2.8;17.58329649
1900-04-21 06:00:00+01:00;3;19.17943947
1900-04-21 07:00:00+01:00;3.4;21.36405212
1900-04-21 08:00:00+01:00;4.3;26.13811975
1900-04-21 09:00:00+01:00;4.8;31.10993159
1900-04-21 10:00:00+01:00;7;31.13217129
1900-04-21 11:00:00+01:00;7.3;30.41390707
1900-04-21 12:00:00+01:00;8.5;27.68645338
1900-04-21 13:00:00+01:00;10.4;25.65627638
1900-04-21 14:00:00+01:00;10.2;24.58355894
1900-04-21 15:00:00+01:00;8.9;25.47731542
1900-04-21 16:00:00+01:00;9.3;25.90396551
1900-04-21 17:00:00+01:00;8;28.12477915
1900-04-21 18:00:00+01:00;6.3;29.27590854
1900-04-21 19:00:00+01:00;5.5;29.45321319
1900-04-21 20:00:00+01:00;5;29.23965149
1900-04-21 21:00:00+01:00;4.9;26.94448606
1900-04-21 22:00:00+01:00;5;23.90716069
1900-04-21 23:00:00+01:00;4.2;21.67661787
1900-04-22 00:00:00+01:00;4;20.19330431
1900-04-22 01:00:00+01:00;4.5;17.74792902
1900-04-22 02:00:00+01:00;5;16.507151
1900-04-22 03:00:00+01:00;4.2;16.10534087
1900-04-22 04:00:00+01:00;5;15.75384347
1900-04-22 05:00:00+01:00;4.5;16.13573366
1900-04-22 06:00:00+01:00;5.5;17.47758051
1900-04-22 07:00:00+01:00;8;18.77850973
1900-04-22 08:00:00+01:00;9.2;23.10827234
1900-04-22 09:00:00+01:00;11.4;27.54942448
1900-04-22 10:00:00+01:00;13.2;27.40452856
1900-04-22 11:00:00+01:00;15.6;15.65159054
1900-04-22 12:00:00+01:00;16.5;14.88335556
1900-04-22 13:00:00+01:00;16.6;14.4635814
1900-04-22 14:00:00+01:00;17.6;13.91365853
1900-04-22 15:00:00+01:00;18.1;13.98709095
1900-04-22 16:00:00+01:00;17.8;14.54514757
1900-04-22 17:00:00+01:00;19;15.13330727
1900-04-22 18:00:00+01:00;17;15.72032019
1900-04-22 19:00:00+01:00;16.2;16.34230806
1900-04-22 20:00:00+01:00;12.1;22.46938261
1900-04-22 21:00:00+01:00;10;21.89125885
1900-04-22 22:00:00+01:00;7.4;19.9459858
1900-04-22 23:00:00+01:00;5.6;17.72749742
1900-04-23 00:00:00+01:00;4.2;15.19668561
1900-04-23 01:00:00+01:00;3;13.19068373
1900-04-23 02:00:00+01:00;2.4;12.98394375
1900-04-23 03:00:00+01:00;1.2;13.33597652
1900-04-23 04:00:00+01:00;1.6;14.17768303
1900-04-23 05:00:00+01:00;0.9;16.39832251
1900-04-23 06:00:00+01:00;2.3;22.10651726
1900-04-23 07:00:00+01:00;6.9;26.67436809
1900-04-23 08:00:00+01:00;7.5;22.61177169
1900-04-23 09:00:00+01:00;10.8;20.98453638
1900-04-23 10:00:00+01:00;13.8;12.98115103
1900-04-23 11:00:00+01:00;15.3;12.41649058
1900-04-23 12:00:00+01:00;15.1;12.05139102
1900-04-23 13:00:00+01:00;13.2;16.89002739
1900-04-23 14:00:00+01:00;14.2;12.14029663
1900-04-23 15:00:00+01:00;13;19.47595852
1900-04-23 16:00:00+01:00;10.5;23.35342764
1900-04-23 17:00:00+01:00;9.8;25.62767304
1900-04-23 18:00:00+01:00;9.4;26.41234747
1900-04-23 19:00:00+01:00;8.7;27.11893553
1900-04-23 20:00:00+01:00;9.2;27.03073613
1900-04-23 21:00:00+01:00;7.7;25.72354443
1900-04-23 22:00:00+01:00;7;23.3316794
1900-04-23 23:00:00+01:00;6.4;20.60392861
1900-04-24 00:00:00+01:00;6;16.37213052
1900-04-24 01:00:00+01:00;5.6;14.390112
1900-04-24 02:00:00+01:00;5.4;13.89046335
1900-04-24 03:00:00+01:00;4.7;13.86218116
1900-04-24 04:00:00+01:00;4.9;14.33692735
1900-04-24 05:00:00+01:00;5.2;16.11348836
1900-04-24 06:00:00+01:00;6;22.5438507
1900-04-24 07:00:00+01:00;6.2;27.80546136
1900-04-24 08:00:00+01:00;7;23.5087758
1900-04-24 09:00:00+01:00;7.4;22.79135703
1900-04-24 10:00:00+01:00;9.6;21.23853226
1900-04-24 11:00:00+01:00;8.3;20.92570372
1900-04-24 12:00:00+01:00;11.3;18.89322819
1900-04-24 13:00:00+01:00;9.7;19.42247366
1900-04-24 14:00:00+01:00;11.3;19.50462426
1900-04-24 15:00:00+01:00;11.5;20.82737008
1900-04-24 16:00:00+01:00;10.9;23.65382106
1900-04-24 17:00:00+01:00;11.6;25.08927189
1900-04-24 18:00:00+01:00;8.7;27.06821577
1900-04-24 19:00:00+01:00;8;27.65006019
1900-04-24 20:00:00+01:00;6.8;28.13433295
1900-04-24 21:00:00+01:00;5.9;26.50928237
1900-04-24 22:00:00+01:00;5.3;24.09182421
1900-04-24 23:00:00+01:00;4.3;21.49320836
1900-04-25 00:00:00+01:00;5.4;16.93164487
1900-04-25 01:00:00+01:00;5.3;14.96469774
1900-04-25 02:00:00+01:00;5.3;14.49661495
1900-04-25 03:00:00+01:00;3.9;14.7591254
1900-04-25 04:00:00+01:00;2.5;15.84279841
1900-04-25 05:00:00+01:00;3.2;17.6710126
1900-04-25 06:00:00+01:00;3.9;24.33076588
1900-04-25 07:00:00+01:00;6;29.01788984
1900-04-25 08:00:00+01:00;7.1;24.5642897
1900-04-25 09:00:00+01:00;8.4;23.66972753
1900-04-25 10:00:00+01:00;10.6;21.73128823
1900-04-25 11:00:00+01:00;10.9;20.51563876
1900-04-25 12:00:00+01:00;12.2;18.86228584
1900-04-25 13:00:00+01:00;14;11.64320602
1900-04-25 14:00:00+01:00;12.4;19.07212963
1900-04-25 15:00:00+01:00;13.6;19.75061681
1900-04-25 16:00:00+01:00;10.4;23.9825447
1900-04-25 17:00:00+01:00;5.5;28.51743409
1900-04-25 18:00:00+01:00;3.4;30.08290246
1900-04-25 19:00:00+01:00;3.6;30.27447524
1900-04-25 20:00:00+01:00;3.4;29.89660857
1900-04-25 21:00:00+01:00;3;27.98272289
1900-04-25 22:00:00+01:00;2.7;25.44520265
1900-04-25 23:00:00+01:00;2.6;22.53269982
1900-04-26 00:00:00+01:00;2.2;18.53755672
1900-04-26 01:00:00+01:00;1.4;16.69543287
1900-04-26 02:00:00+01:00;1.4;16.33884981
1900-04-26 03:00:00+01:00;1.3;16.3639013
1900-04-26 04:00:00+01:00;0.8;17.20154376
1900-04-26 05:00:00+01:00;0.8;19.25733776
1900-04-26 06:00:00+01:00;0.8;26.00185181
1900-04-26 07:00:00+01:00;2.6;31.65834155
1900-04-26 08:00:00+01:00;3.2;26.79213158
1900-04-26 09:00:00+01:00;5;25.91585699
1900-04-26 10:00:00+01:00;5;25.1514438
1900-04-26 11:00:00+01:00;7;23.37000267
1900-04-26 12:00:00+01:00;8.4;21.97113857
1900-04-26 13:00:00+01:00;7.7;22.07753316
1900-04-26 14:00:00+01:00;7.6;23.02783913
1900-04-26 15:00:00+01:00;6.9;24.49336702
1900-04-26 16:00:00+01:00;8.4;26.47623461
1900-04-26 17:00:00+01:00;8.1;28.620606
1900-04-26 18:00:00+01:00;6.5;29.85360594
1900-04-26 19:00:00+01:00;5.2;30.70315595
1900-04-26 20:00:00+01:00;3.3;31.4939187
1900-04-26 21:00:00+01:00;2.2;29.78013094
1900-04-26 22:00:00+01:00;1.7;27.20725656
1900-04-26 23:00:00+01:00;1.3;24.46754937
1900-04-27 00:00:00+01:00;1;20.38144785
1900-04-27 01:00:00+01:00;-0.1;18.6378089
1900-04-27 02:00:00+01:00;-0.5;18.30462724
1900-04-27 03:00:00+01:00;-1.4;18.54542837
1900-04-27 04:00:00+01:00;-1.7;19.34894142
1900-04-27 05:00:00+01:00;-0.3;20.98086527
1900-04-27 06:00:00+01:00;0.7;27.72712821
1900-04-27 07:00:00+01:00;1.6;33.40958447
1900-04-27 08:00:00+01:00;4;27.68695278
1900-04-27 09:00:00+01:00;4.1;27.37753342
1900-04-27 10:00:00+01:00;5.2;26.01200691
1900-04-27 11:00:00+01:00;3.8;25.37165449
1900-04-27 12:00:00+01:00;2.4;25.50825471
1900-04-27 13:00:00+01:00;0.4;26.17419054
1900-04-27 14:00:00+01:00;0.4;27.40940384
1900-04-27 15:00:00+01:00;0.1;28.63130666
1900-04-27 16:00:00+01:00;1.1;31.19140002
1900-04-27 17:00:00+01:00;0.3;33.74762904
1900-04-27 18:00:00+01:00;1;33.86636935
1900-04-27 19:00:00+01:00;0.6;34.37185858
1900-04-27 20:00:00+01:00;0.7;34.2295382
1900-04-27 21:00:00+01:00;0;32.33012228
1900-04-27 22:00:00+01:00;0.3;29.43234428
1900-04-27 23:00:00+01:00;-0.3;26.8735256
1900-04-28 00:00:00+01:00;-2;24.7022912
1900-04-28 01:00:00+01:00;-2.4;22.61847417
1900-04-28 02:00:00+01:00;-3;21.96460539
1900-04-28 03:00:00+01:00;-3.5;21.46175962
1900-04-28 04:00:00+01:00;-4.3;21.57265031
1900-04-28 05:00:00+01:00;-2.8;21.72301766
1900-04-28 06:00:00+01:00;-1.5;23.14313496
1900-04-28 07:00:00+01:00;-0.1;25.13377309
1900-04-28 08:00:00+01:00;0.9;29.95417553
1900-04-28 09:00:00+01:00;2.3;34.87502303
1900-04-28 10:00:00+01:00;3.4;35.44766395
1900-04-28 11:00:00+01:00;4.7;34.28282046
1900-04-28 12:00:00+01:00;6.4;30.89848137
1900-04-28 13:00:00+01:00;6.6;29.78241876
1900-04-28 14:00:00+01:00;9.5;26.64250709
1900-04-28 15:00:00+01:00;8.1;27.50751496
1900-04-28 16:00:00+01:00;7.1;28.76194397
1900-04-28 17:00:00+01:00;7.1;30.32134649
1900-04-28 18:00:00+01:00;6.6;30.84751853
1900-04-28 19:00:00+01:00;5.7;31.14665529
1900-04-28 20:00:00+01:00;5.2;31.09872344
1900-04-28 21:00:00+01:00;4;29.1902068
1900-04-28 22:00:00+01:00;4;25.96739517
1900-04-28 23:00:00+01:00;3.5;23.68963678
1900-04-29 00:00:00+01:00;3.1;22.12712187
1900-04-29 01:00:00+01:00;3.1;19.65324653
1900-04-29 02:00:00+01:00;3.1;18.41296942
1900-04-29 03:00:00+01:00;3;17.73632356
1900-04-29 04:00:00+01:00;2.6;17.58342657
1900-04-29 05:00:00+01:00;3.2;17.58202482
1900-04-29 06:00:00+01:00;3.3;19.11665536
1900-04-29 07:00:00+01:00;4.4;20.93469241
1900-04-29 08:00:00+01:00;4.4;25.92923933
1900-04-29 09:00:00+01:00;4.8;30.88726153
1900-04-29 10:00:00+01:00;4;32.10504576
1900-04-29 11:00:00+01:00;3.8;32.10027014
1900-04-29 12:00:00+01:00;4.5;30.03185184
1900-04-29 13:00:00+01:00;4.3;28.96645389
1900-04-29 14:00:00+01:00;4.4;28.22673524
1900-04-29 15:00:00+01:00;4.6;28.24918023
1900-04-29 16:00:00+01:00;5;28.72237833
1900-04-29 17:00:00+01:00;5.3;30.10601861
1900-04-29 18:00:00+01:00;5.7;30.18266731
1900-04-29 19:00:00+01:00;5.2;30.276839
1900-04-29 20:00:00+01:00;5.1;30.01664653
1900-04-29 21:00:00+01:00;3.8;28.17041788
1900-04-29 22:00:00+01:00;2.7;25.47957962
1900-04-29 23:00:00+01:00;1.7;23.31300794
1900-04-30 00:00:00+01:00;1.3;20.39845491
1900-04-30 01:00:00+01:00;1.1;18.48907087
1900-04-30 02:00:00+01:00;1.5;17.94643781
1900-04-30 03:00:00+01:00;1.4;17.91706132
1900-04-30 04:00:00+01:00;0.4;18.79593073
1900-04-30 05:00:00+01:00;0.2;20.96442389
1900-04-30 06:00:00+01:00;1.6;27.80507892
1900-04-30 07:00:00+01:00;3.6;32.61125603
1900-04-30 08:00:00+01:00;4.8;27.62905151
1900-04-30 09:00:00+01:00;7.7;26.56783416
1900-04-30 10:00:00+01:00;9.6;24.36161853
1900-04-30 11:00:00+01:00;12.3;21.91718187
1900-04-30 12:00:00+01:00;12.6;20.22505172
1900-04-30 13:00:00+01:00;14.4;11.64320602
1900-04-30 14:00:00+01:00;14.6;12.14029663
1900-04-30 15:00:00+01:00;14.8;13.30075943
1900-04-30 16:00:00+01:00;16;14.52870948
1900-04-30 17:00:00+01:00;12.9;25.04842412
1900-04-30 18:00:00+01:00;12;25.90901383
1900-04-30 19:00:00+01:00;8.9;27.64073441
1900-04-30 20:00:00+01:00;7.8;28.2340091
1900-04-30 21:00:00+01:00;7.2;26.44154448
1900-04-30 22:00:00+01:00;6.1;24.06056168
1900-04-30 23:00:00+01:00;5;21.40580758
1900-05-01 00:00:00+01:00;4.7;17.14031762
1900-05-01 01:00:00+01:00;2;15.70748177
1900-05-01 02:00:00+01:00;1.2;15.45436568
1900-05-01 03:00:00+01:00;1.2;15.40558134
1900-05-01 04:00:00+01:00;-1;16.82452822
1900-05-01 05:00:00+01:00;2.1;17.81932632
1900-05-01 06:00:00+01:00;3;24.13145078
1900-05-01 07:00:00+01:00;4.1;29.6497578
1900-05-01 08:00:00+01:00;6.3;24.47980038
1900-05-01 09:00:00+01:00;6.6;23.81279725
1900-05-01 10:00:00+01:00;8.1;22.42952904
1900-05-01 11:00:00+01:00;7.4;21.79430842
1900-05-01 12:00:00+01:00;9;20.42317011
1900-05-01 13:00:00+01:00;9.2;20.14270523
1900-05-01 14:00:00+01:00;9.8;20.75386078
1900-05-01 15:00:00+01:00;9.8;22.12020499
1900-05-01 16:00:00+01:00;10.4;24.47090278
1900-05-01 17:00:00+01:00;7.5;28.02051874
1900-05-01 18:00:00+01:00;6;29.33636308
1900-05-01 19:00:00+01:00;5.7;29.7607797
1900-05-01 20:00:00+01:00;5.3;29.91089537
1900-05-01 21:00:00+01:00;4.6;28.19238411
1900-05-01 22:00:00+01:00;5;25.39220977
1900-05-01 23:00:00+01:00;4.2;22.81607233
1900-05-02 00:00:00+01:00;3.5;18.77457954
1900-05-02 01:00:00+01:00;3.3;16.80782758
1900-05-02 02:00:00+01:00;2.3;16.53617899
1900-05-02 03:00:00+01:00;1.8;16.55577013
1900-05-02 04:00:00+01:00;0.2;17.60528563
1900-05-02 05:00:00+01:00;0.6;19.52210332
1900-05-02 06:00:00+01:00;2;26.00464909
1900-05-02 07:00:00+01:00;2.9;31.60790272
1900-05-02 08:00:00+01:00;3.9;26.64179456
1900-05-02 09:00:00+01:00;5;25.92488388
1900-05-02 10:00:00+01:00;4.8;25.17073495
1900-05-02 11:00:00+01:00;4.8;24.09775636
1900-05-02 12:00:00+01:00;5.4;23.27448453
1900-05-02 13:00:00+01:00;5.5;22.95297746
1900-05-02 14:00:00+01:00;6.5;23.43345931
1900-05-02 15:00:00+01:00;6.3;24.66655995
1900-05-02 16:00:00+01:00;6.7;27.27240532
1900-05-02 17:00:00+01:00;6.4;29.42205205
1900-05-02 18:00:00+01:00;5.7;30.2273063
1900-05-02 19:00:00+01:00;6.1;30.2258467
1900-05-02 20:00:00+01:00;6;30.45282916
1900-05-02 21:00:00+01:00;5.8;28.52877289
1900-05-02 22:00:00+01:00;5.4;25.93107207
1900-05-02 23:00:00+01:00;5.2;23.23358168
1900-05-03 00:00:00+01:00;5.2;18.84148693
1900-05-03 01:00:00+01:00;5.2;16.99658982
1900-05-03 02:00:00+01:00;5;16.46822154
1900-05-03 03:00:00+01:00;5;16.23550173
1900-05-03 04:00:00+01:00;4.7;16.63483114
1900-05-03 05:00:00+01:00;5.1;18.43786979
1900-05-03 06:00:00+01:00;5.7;25.55871944
1900-05-03 07:00:00+01:00;6;30.11267978
1900-05-03 08:00:00+01:00;6.5;25.7546071
1900-05-03 09:00:00+01:00;6.8;25.22515573
1900-05-03 10:00:00+01:00;7.4;23.85778362
1900-05-03 11:00:00+01:00;7.8;22.52370622
1900-05-03 12:00:00+01:00;8.9;21.09574886
1900-05-03 13:00:00+01:00;10;20.18537538
1900-05-03 14:00:00+01:00;10.2;20.77022688
1900-05-03 15:00:00+01:00;10;22.04910532
1900-05-03 16:00:00+01:00;9.6;24.82080674
1900-05-03 17:00:00+01:00;8.1;27.47012024
1900-05-03 18:00:00+01:00;7.8;28.02386554
1900-05-03 19:00:00+01:00;7;28.62832501
1900-05-03 20:00:00+01:00;6.2;28.90292135
1900-05-03 21:00:00+01:00;6.2;26.91472862
1900-05-03 22:00:00+01:00;5.9;24.33729479
1900-05-03 23:00:00+01:00;6.5;21.29348462
1900-05-04 00:00:00+01:00;6.8;16.82242905
1900-05-04 01:00:00+01:00;7;14.85863734
1900-05-04 02:00:00+01:00;6.8;14.37346708
1900-05-04 03:00:00+01:00;7;14.11923628
1900-05-04 04:00:00+01:00;6.9;14.54976246
1900-05-04 05:00:00+01:00;7.3;16.38868661
1900-05-04 06:00:00+01:00;7.4;23.53938048
1900-05-04 07:00:00+01:00;7.9;27.86619356
1900-05-04 08:00:00+01:00;10;23.39779175
1900-05-04 09:00:00+01:00;11.5;21.23783654
1900-05-04 10:00:00+01:00;12.2;12.98115103
1900-05-04 11:00:00+01:00;12.2;19.52189618
1900-05-04 12:00:00+01:00;13.1;12.05139102
1900-05-04 13:00:00+01:00;13.5;17.4085823
1900-05-04 14:00:00+01:00;13.8;17.85959316
1900-05-04 15:00:00+01:00;12.9;19.75481857
1900-05-04 16:00:00+01:00;11.7;22.8079045
1900-05-04 17:00:00+01:00;11.5;24.63776989
1900-05-04 18:00:00+01:00;11.2;25.19197332
1900-05-04 19:00:00+01:00;10.2;25.85420831
1900-05-04 20:00:00+01:00;9.7;26.04327023
1900-05-04 21:00:00+01:00;8.5;24.53436026
1900-05-04 22:00:00+01:00;8.5;21.89158781
1900-05-04 23:00:00+01:00;7.6;19.20481657
1900-05-05 00:00:00+01:00;7.2;16.53396239
1900-05-05 01:00:00+01:00;6.1;14.66510619
1900-05-05 02:00:00+01:00;5.8;13.99280596
1900-05-05 03:00:00+01:00;6.4;13.07387892
1900-05-05 04:00:00+01:00;7.4;12.68200196
1900-05-05 05:00:00+01:00;8.2;12.71447524
1900-05-05 06:00:00+01:00;9;14.00147407
1900-05-05 07:00:00+01:00;9;16.18086601
1900-05-05 08:00:00+01:00;10.5;20.65522442
1900-05-05 09:00:00+01:00;11.8;25.35182327
1900-05-05 10:00:00+01:00;13.2;25.55273838
1900-05-05 11:00:00+01:00;12.4;25.18770596
1900-05-05 12:00:00+01:00;14.4;14.88335556
1900-05-05 13:00:00+01:00;14.6;14.4635814
1900-05-05 14:00:00+01:00;14.5;13.91365853
1900-05-05 15:00:00+01:00;13.7;20.85042451
1900-05-05 16:00:00+01:00;13.5;21.54298787
1900-05-05 17:00:00+01:00;14.2;15.13330727
1900-05-05 18:00:00+01:00;13;22.39521191
1900-05-05 19:00:00+01:00;11.5;24.03538155
1900-05-05 20:00:00+01:00;10;24.33662786
1900-05-05 21:00:00+01:00;8.6;22.56966924
1900-05-05 22:00:00+01:00;8.5;19.90331033
1900-05-05 23:00:00+01:00;7;17.75885086
1900-05-06 00:00:00+01:00;6.2;16.3678193
1900-05-06 01:00:00+01:00;5.4;14.4721804
1900-05-06 02:00:00+01:00;2.5;14.7977831
1900-05-06 03:00:00+01:00;3.4;13.65403614
1900-05-06 04:00:00+01:00;4;13.37758507
1900-05-06 05:00:00+01:00;4.8;13.67560836
1900-05-06 06:00:00+01:00;6.4;14.5850647
1900-05-06 07:00:00+01:00;7.3;16.86209638
1900-05-06 08:00:00+01:00;8;21.83016737
1900-05-06 09:00:00+01:00;9;26.57375907
1900-05-06 10:00:00+01:00;8.3;27.81901764
1900-05-06 11:00:00+01:00;10.6;26.50425142
1900-05-06 12:00:00+01:00;11.9;24.08706984
1900-05-06 13:00:00+01:00;12.9;22.60610973
1900-05-06 14:00:00+01:00;12.2;22.06422965
1900-05-06 15:00:00+01:00;14.5;13.98709095
1900-05-06 16:00:00+01:00;14.2;14.54514757
1900-05-06 17:00:00+01:00;13;23.86553865
1900-05-06 18:00:00+01:00;12.5;24.42584695
1900-05-06 19:00:00+01:00;11.8;24.74278261
1900-05-06 20:00:00+01:00;10.4;25.13506255
1900-05-06 21:00:00+01:00;9.4;23.31485598
1900-05-06 22:00:00+01:00;8.2;20.9196677
1900-05-06 23:00:00+01:00;5.8;19.08823378
1900-05-07 00:00:00+01:00;5.5;16.11816041
1900-05-07 01:00:00+01:00;3.8;14.48028295
1900-05-07 02:00:00+01:00;3.4;14.10107015
1900-05-07 03:00:00+01:00;2.8;14.19556814
1900-05-07 04:00:00+01:00;2.6;15.00337594
1900-05-07 05:00:00+01:00;3.1;16.86061429
1900-05-07 06:00:00+01:00;5.5;22.94779502
1900-05-07 07:00:00+01:00;7.6;27.35479774
1900-05-07 08:00:00+01:00;10.2;22.72573082
1900-05-07 09:00:00+01:00;11.6;20.62782325
1900-05-07 10:00:00+01:00;12.1;12.98115103
1900-05-07 11:00:00+01:00;13;12.41649058
1900-05-07 12:00:00+01:00;14;12.05139102
1900-05-07 13:00:00+01:00;14.9;11.64320602
1900-05-07 14:00:00+01:00;15.6;12.14029663
1900-05-07 15:00:00+01:00;15.7;13.30075943
1900-05-07 16:00:00+01:00;14;14.52870948
1900-05-07 17:00:00+01:00;13.5;23.43907618
1900-05-07 18:00:00+01:00;12.1;24.65456372
1900-05-07 19:00:00+01:00;11;25.44119286
1900-05-07 20:00:00+01:00;10.3;25.90503418
1900-05-07 21:00:00+01:00;8.8;24.59506423
1900-05-07 22:00:00+01:00;8.4;22.13228581
1900-05-07 23:00:00+01:00;8.2;19.24122378
1900-05-08 00:00:00+01:00;7.8;14.96130669
1900-05-08 01:00:00+01:00;7.6;12.91750617
1900-05-08 02:00:00+01:00;7.5;12.3692067
1900-05-08 03:00:00+01:00;7.1;12.22396867
1900-05-08 04:00:00+01:00;6.5;12.89662756
1900-05-08 05:00:00+01:00;7.7;14.38565252
1900-05-08 06:00:00+01:00;8.5;20.88147982
1900-05-08 07:00:00+01:00;9.8;25.00799018
1900-05-08 08:00:00+01:00;10.8;21.32571092
1900-05-08 09:00:00+01:00;11.7;19.38471503
1900-05-08 10:00:00+01:00;13.4;12.98115103
1900-05-08 11:00:00+01:00;14.4;12.41649058
1900-05-08 12:00:00+01:00;14.7;12.05139102
1900-05-08 13:00:00+01:00;15.1;11.64320602
1900-05-08 14:00:00+01:00;15.2;12.14029663
1900-05-08 15:00:00+01:00;15;13.30075943
1900-05-08 16:00:00+01:00;15.3;14.52870948
1900-05-08 17:00:00+01:00;15;15.34155239
1900-05-08 18:00:00+01:00;14;15.75801912
1900-05-08 19:00:00+01:00;12.7;22.92411681
1900-05-08 20:00:00+01:00;11.4;23.53878995
1900-05-08 21:00:00+01:00;11;21.82504532
1900-05-08 22:00:00+01:00;9.5;20.72686389
1900-05-08 23:00:00+01:00;8.2;18.13399923
1900-05-09 00:00:00+01:00;7.7;13.98662878
1900-05-09 01:00:00+01:00;7.2;12.00542015
1900-05-09 02:00:00+01:00;6.6;11.73469875
1900-05-09 03:00:00+01:00;6.3;11.73112529
1900-05-09 04:00:00+01:00;6.6;12.31599199
1900-05-09 05:00:00+01:00;7.9;13.87573779
1900-05-09 06:00:00+01:00;9.9;20.1273396
1900-05-09 07:00:00+01:00;10.9;22.9581312
1900-05-09 08:00:00+01:00;13.6;13.93983703
1900-05-09 09:00:00+01:00;16.4;13.94830371
1900-05-09 10:00:00+01:00;17.8;12.98115103
1900-05-09 11:00:00+01:00;20;12.41649058
1900-05-09 12:00:00+01:00;21.3;12.05139102
1900-05-09 13:00:00+01:00;21.3;11.64320602
1900-05-09 14:00:00+01:00;22.5;12.14029663
1900-05-09 15:00:00+01:00;20.7;13.30075943
1900-05-09 16:00:00+01:00;17.6;14.52870948
1900-05-09 17:00:00+01:00;17;15.34155239
1900-05-09 18:00:00+01:00;16.4;15.75801912
1900-05-09 19:00:00+01:00;15.4;16.36728329
1900-05-09 20:00:00+01:00;12.6;21.89626828
1900-05-09 21:00:00+01:00;11.9;20.34143146
1900-05-09 22:00:00+01:00;10.7;19.00459036
1900-05-09 23:00:00+01:00;9.4;16.29672013
1900-05-10 00:00:00+01:00;7.9;12.45816033
1900-05-10 01:00:00+01:00;7.5;10.27117913
1900-05-10 02:00:00+01:00;7.3;9.883590165
1900-05-10 03:00:00+01:00;8.4;9.454770838
1900-05-10 04:00:00+01:00;8.9;9.962354294
1900-05-10 05:00:00+01:00;9.2;11.75704623
1900-05-10 06:00:00+01:00;9.3;18.0458901
1900-05-10 07:00:00+01:00;9.4;23.19020795
1900-05-10 08:00:00+01:00;11.5;18.38935125
1900-05-10 09:00:00+01:00;11.8;17.4757656
1900-05-10 10:00:00+01:00;14.1;12.98115103
1900-05-10 11:00:00+01:00;16.7;12.41649058
1900-05-10 12:00:00+01:00;17.7;12.05139102
1900-05-10 13:00:00+01:00;19.7;11.64320602
1900-05-10 14:00:00+01:00;20.8;12.14029663
1900-05-10 15:00:00+01:00;20.4;13.30075943
1900-05-10 16:00:00+01:00;18.4;14.52870948
1900-05-10 17:00:00+01:00;17.3;15.34155239
1900-05-10 18:00:00+01:00;17.1;15.75801912
1900-05-10 19:00:00+01:00;16;16.36728329
1900-05-10 20:00:00+01:00;14.8;16.52084193
1900-05-10 21:00:00+01:00;15;15.78743727
1900-05-10 22:00:00+01:00;14;14.38890715
1900-05-10 23:00:00+01:00;13.5;12.03249653
1900-05-11 00:00:00+01:00;12.8;9.673605282
1900-05-11 01:00:00+01:00;11.6;8.7830002
1900-05-11 02:00:00+01:00;10.7;8.640379993
1900-05-11 03:00:00+01:00;9.7;8.896213003
1900-05-11 04:00:00+01:00;10.2;9.334094107
1900-05-11 05:00:00+01:00;12;9.256428443
1900-05-11 06:00:00+01:00;10.5;16.81919056
1900-05-11 07:00:00+01:00;10.5;21.42822388
1900-05-11 08:00:00+01:00;10.4;19.13336841
1900-05-11 09:00:00+01:00;10.5;18.02348861
1900-05-11 10:00:00+01:00;11;17.19831528
1900-05-11 11:00:00+01:00;11.8;16.38926638
1900-05-11 12:00:00+01:00;13;12.05139102
1900-05-11 13:00:00+01:00;14.6;11.64320602
1900-05-11 14:00:00+01:00;16.1;12.14029663
1900-05-11 15:00:00+01:00;15.2;13.30075943
1900-05-11 16:00:00+01:00;17.4;14.52870948
1900-05-11 17:00:00+01:00;16.6;15.34155239
1900-05-11 18:00:00+01:00;15.8;15.75801912
1900-05-11 19:00:00+01:00;14.4;16.36728329
1900-05-11 20:00:00+01:00;12.5;22.24776942
1900-05-11 21:00:00+01:00;11.5;20.86787542
1900-05-11 22:00:00+01:00;10.2;19.73212017
1900-05-11 23:00:00+01:00;9.6;17.00677466
1900-05-12 00:00:00+01:00;7.6;14.80960665
1900-05-12 01:00:00+01:00;7.1;12.96699423
1900-05-12 02:00:00+01:00;6.7;12.50307928
1900-05-12 03:00:00+01:00;6.9;11.67107987
1900-05-12 04:00:00+01:00;5;12.11311211
1900-05-12 05:00:00+01:00;9;11.47048311
1900-05-12 06:00:00+01:00;10.1;12.6289539
1900-05-12 07:00:00+01:00;9.7;15.02905223
1900-05-12 08:00:00+01:00;10.8;19.70235927
1900-05-12 09:00:00+01:00;12.4;24.15449409
1900-05-12 10:00:00+01:00;13.2;24.5564231
1900-05-12 11:00:00+01:00;13.8;15.65159054
1900-05-12 12:00:00+01:00;12.4;22.73688164
1900-05-12 13:00:00+01:00;10.8;22.53169016
1900-05-12 14:00:00+01:00;9.8;22.60010769
1900-05-12 15:00:00+01:00;9.1;23.15365713
1900-05-12 16:00:00+01:00;9.3;23.70720738
1900-05-12 17:00:00+01:00;9.2;25.2323399
1900-05-12 18:00:00+01:00;9.9;25.15666918
1900-05-12 19:00:00+01:00;9.9;25.07394889
1900-05-12 20:00:00+01:00;9.4;25.00476583
1900-05-12 21:00:00+01:00;8.9;23.02301075
1900-05-12 22:00:00+01:00;8.8;20.35406403
1900-05-12 23:00:00+01:00;8.7;17.95095386
1900-05-13 00:00:00+01:00;9.4;16.18496091
1900-05-13 01:00:00+01:00;9.6;13.80848138
1900-05-13 02:00:00+01:00;9.3;12.80724317
1900-05-13 03:00:00+01:00;8.8;12.3070327
1900-05-13 04:00:00+01:00;8.5;12.21551557
1900-05-13 05:00:00+01:00;8;12.63687928
1900-05-13 06:00:00+01:00;8;14.1401388
1900-05-13 07:00:00+01:00;8.1;16.48966308
1900-05-13 08:00:00+01:00;8.4;21.56199161
1900-05-13 09:00:00+01:00;8.5;26.63378468
1900-05-13 10:00:00+01:00;9.1;27.40744207
1900-05-13 11:00:00+01:00;9.3;27.09720834
1900-05-13 12:00:00+01:00;10.3;24.95183333
1900-05-13 13:00:00+01:00;9.9;24.0781436
1900-05-13 14:00:00+01:00;11.3;22.48213701
1900-05-13 15:00:00+01:00;12;22.1441572
1900-05-13 16:00:00+01:00;11.3;23.11190246
1900-05-13 17:00:00+01:00;10.5;24.94578273
1900-05-13 18:00:00+01:00;9.6;25.62336413
1900-05-13 19:00:00+01:00;9.5;25.5068091
1900-05-13 20:00:00+01:00;8.7;25.49094449
1900-05-13 21:00:00+01:00;8.8;23.22619278
1900-05-13 22:00:00+01:00;8.6;20.54342887
1900-05-13 23:00:00+01:00;8.6;18.09607388
1900-05-14 00:00:00+01:00;8.3;14.98544236
1900-05-14 01:00:00+01:00;8;13.17339699
1900-05-14 02:00:00+01:00;7.8;12.79790644
1900-05-14 03:00:00+01:00;7.7;12.71078743
1900-05-14 04:00:00+01:00;7.5;13.3138431
1900-05-14 05:00:00+01:00;8.2;15.09161879
1900-05-14 06:00:00+01:00;8.6;22.04872148
1900-05-14 07:00:00+01:00;8.9;26.40111875
1900-05-14 08:00:00+01:00;10.7;22.25589847
1900-05-14 09:00:00+01:00;12.6;13.94830371
1900-05-14 10:00:00+01:00;12;12.98115103
1900-05-14 11:00:00+01:00;12;18.82926622
1900-05-14 12:00:00+01:00;13.2;12.05139102
1900-05-14 13:00:00+01:00;13.3;16.87123448
1900-05-14 14:00:00+01:00;13;17.70976514
1900-05-14 15:00:00+01:00;13.3;19.18081044
1900-05-14 16:00:00+01:00;14.8;14.52870948
1900-05-14 17:00:00+01:00;13.6;23.02188066
1900-05-14 18:00:00+01:00;13.4;22.63935533
1900-05-14 19:00:00+01:00;13.4;22.77606815
1900-05-14 20:00:00+01:00;11;23.86765092
1900-05-14 21:00:00+01:00;9;23.73263709
1900-05-14 22:00:00+01:00;7.6;21.63999218
1900-05-14 23:00:00+01:00;7;18.84831126
1900-05-15 00:00:00+01:00;5.6;15.07231587
1900-05-15 01:00:00+01:00;4.4;13.25757236
1900-05-15 02:00:00+01:00;2.7;13.3736594
1900-05-15 03:00:00+01:00;3;13.37375082
1900-05-15 04:00:00+01:00;4.3;13.82476657
1900-05-15 05:00:00+01:00;7.6;14.82447176
1900-05-15 06:00:00+01:00;9.5;21.32094746
1900-05-15 07:00:00+01:00;11.3;23.49876354
1900-05-15 08:00:00+01:00;12.9;13.93983703
1900-05-15 09:00:00+01:00;15;13.94830371
1900-05-15 10:00:00+01:00;16.3;12.98115103
1900-05-15 11:00:00+01:00;17;12.41649058
1900-05-15 12:00:00+01:00;18.6;12.05139102
1900-05-15 13:00:00+01:00;18.1;11.64320602
1900-05-15 14:00:00+01:00;16.7;12.14029663
1900-05-15 15:00:00+01:00;16.7;13.30075943
1900-05-15 16:00:00+01:00;17.2;14.52870948
1900-05-15 17:00:00+01:00;16.4;15.34155239
1900-05-15 18:00:00+01:00;15.5;15.75801912
1900-05-15 19:00:00+01:00;14.5;16.36728329
1900-05-15 20:00:00+01:00;14.3;16.52084193
1900-05-15 21:00:00+01:00;14.1;15.78743727
1900-05-15 22:00:00+01:00;13.5;14.38890715
1900-05-15 23:00:00+01:00;12.7;12.03249653
1900-05-16 00:00:00+01:00;12.5;9.673605282
1900-05-16 01:00:00+01:00;11.9;8.7830002
1900-05-16 02:00:00+01:00;11.4;8.640379993
1900-05-16 03:00:00+01:00;11;8.669999023
1900-05-16 04:00:00+01:00;10.8;9.306550156
1900-05-16 05:00:00+01:00;10.8;10.94043819
1900-05-16 06:00:00+01:00;11.7;12.79428954
1900-05-16 07:00:00+01:00;12;15.20851648
1900-05-16 08:00:00+01:00;13.2;13.93983703
1900-05-16 09:00:00+01:00;13.6;13.94830371
1900-05-16 10:00:00+01:00;12.6;12.98115103
1900-05-16 11:00:00+01:00;12;16.42603422
1900-05-16 12:00:00+01:00;12.7;15.50576484
1900-05-16 13:00:00+01:00;14.6;11.64320602
1900-05-16 14:00:00+01:00;15.4;12.14029663
1900-05-16 15:00:00+01:00;14.7;13.30075943
1900-05-16 16:00:00+01:00;14.7;14.52870948
1900-05-16 17:00:00+01:00;14.5;15.34155239
1900-05-16 18:00:00+01:00;13.9;21.40409817
1900-05-16 19:00:00+01:00;12.3;22.3680571
1900-05-16 20:00:00+01:00;11.7;22.5303558
1900-05-16 21:00:00+01:00;10.6;22.05114064
1900-05-16 22:00:00+01:00;10;19.82322883
1900-05-16 23:00:00+01:00;10;16.8998584
1900-05-17 00:00:00+01:00;9.7;12.34405581
1900-05-17 01:00:00+01:00;9.5;10.56135894
1900-05-17 02:00:00+01:00;9;10.32259117
1900-05-17 03:00:00+01:00;8.8;10.50847546
1900-05-17 04:00:00+01:00;9;11.10696472
1900-05-17 05:00:00+01:00;8;13.42387871
1900-05-17 06:00:00+01:00;8.4;19.98056559
1900-05-17 07:00:00+01:00;8.6;25.020717
1900-05-17 08:00:00+01:00;9.8;21.16249581
1900-05-17 09:00:00+01:00;11.5;19.00563117
1900-05-17 10:00:00+01:00;12.6;12.98115103
1900-05-17 11:00:00+01:00;14.4;12.41649058
1900-05-17 12:00:00+01:00;16;12.05139102
1900-05-17 13:00:00+01:00;16.5;11.64320602
1900-05-17 14:00:00+01:00;15.6;12.14029663
1900-05-17 15:00:00+01:00;15.8;13.30075943
1900-05-17 16:00:00+01:00;15.2;14.52870948
1900-05-17 17:00:00+01:00;14;15.34155239
1900-05-17 18:00:00+01:00;13.3;22.20909687
1900-05-17 19:00:00+01:00;12.2;22.91279112
1900-05-17 20:00:00+01:00;11.6;23.18021037
1900-05-17 21:00:00+01:00;10;22.8679242
1900-05-17 22:00:00+01:00;9.4;20.54395735
1900-05-17 23:00:00+01:00;7;18.29732274
1900-05-18 00:00:00+01:00;7.4;13.98224998
1900-05-18 01:00:00+01:00;6.1;12.24358674
1900-05-18 02:00:00+01:00;4;12.45513391
1900-05-18 03:00:00+01:00;3.8;12.58097213
1900-05-18 04:00:00+01:00;4.2;13.35249465
1900-05-18 05:00:00+01:00;7.1;14.46275751
1900-05-18 06:00:00+01:00;10;20.55965242
1900-05-18 07:00:00+01:00;11.3;23.03889649
1900-05-18 08:00:00+01:00;13;13.93983703
1900-05-18 09:00:00+01:00;13.3;13.94830371
1900-05-18 10:00:00+01:00;14;12.98115103
1900-05-18 11:00:00+01:00;16.1;12.41649058
1900-05-18 12:00:00+01:00;18.3;12.05139102
1900-05-18 13:00:00+01:00;17.9;11.64320602
1900-05-18 14:00:00+01:00;19.4;12.14029663
1900-05-18 15:00:00+01:00;19.9;13.30075943
1900-05-18 16:00:00+01:00;20.2;14.52870948
1900-05-18 17:00:00+01:00;20.2;15.34155239
1900-05-18 18:00:00+01:00;19;15.75801912
1900-05-18 19:00:00+01:00;18.9;16.36728329
1900-05-18 20:00:00+01:00;15.3;16.52084193
1900-05-18 21:00:00+01:00;13.7;15.78743727
1900-05-18 22:00:00+01:00;11.4;18.39797856
1900-05-18 23:00:00+01:00;10;16.48268137
1900-05-19 00:00:00+01:00;10;13.59560089
1900-05-19 01:00:00+01:00;8.3;11.84891337
1900-05-19 02:00:00+01:00;7.5;11.3565305
1900-05-19 03:00:00+01:00;8;10.20959061
1900-05-19 04:00:00+01:00;9.4;9.534615722
1900-05-19 05:00:00+01:00;11;8.459605954
1900-05-19 06:00:00+01:00;11.6;10.3270983
1900-05-19 07:00:00+01:00;14.6;10.8124251
1900-05-19 08:00:00+01:00;17;13.32766493
1900-05-19 09:00:00+01:00;17;16.06582639
1900-05-19 10:00:00+01:00;19.5;16.03641977
1900-05-19 11:00:00+01:00;20;15.65159054
1900-05-19 12:00:00+01:00;21.6;14.88335556
1900-05-19 13:00:00+01:00;22.1;14.4635814
1900-05-19 14:00:00+01:00;23.4;13.91365853
1900-05-19 15:00:00+01:00;24.9;13.98709095
1900-05-19 16:00:00+01:00;22;14.54514757
1900-05-19 17:00:00+01:00;23.7;15.13330727
1900-05-19 18:00:00+01:00;22.7;15.72032019
1900-05-19 19:00:00+01:00;21.4;16.34230806
1900-05-19 20:00:00+01:00;17.9;15.75339396
1900-05-19 21:00:00+01:00;17;14.54212782
1900-05-19 22:00:00+01:00;15.8;13.0389602
1900-05-19 23:00:00+01:00;16;11.99373873
1900-05-20 00:00:00+01:00;15.7;10.58409551
1900-05-20 01:00:00+01:00;14.9;9.354187295
1900-05-20 02:00:00+01:00;13.8;8.958610087
1900-05-20 03:00:00+01:00;13.2;8.606422836
1900-05-20 04:00:00+01:00;13.1;8.504065681
1900-05-20 05:00:00+01:00;12.8;8.459605954
1900-05-20 06:00:00+01:00;15;9.458065545
1900-05-20 07:00:00+01:00;16;10.8124251
1900-05-20 08:00:00+01:00;16.5;13.32766493
1900-05-20 09:00:00+01:00;17.2;16.06582639
1900-05-20 10:00:00+01:00;18.2;16.03641977
1900-05-20 11:00:00+01:00;18.3;15.65159054
1900-05-20 12:00:00+01:00;18;14.88335556
1900-05-20 13:00:00+01:00;19;14.4635814
1900-05-20 14:00:00+01:00;18;13.91365853
1900-05-20 15:00:00+01:00;17.6;13.98709095
1900-05-20 16:00:00+01:00;19;14.54514757
1900-05-20 17:00:00+01:00;18.6;15.13330727
1900-05-20 18:00:00+01:00;17.3;15.72032019
1900-05-20 19:00:00+01:00;17;16.34230806
1900-05-20 20:00:00+01:00;16.1;15.75339396
1900-05-20 21:00:00+01:00;15.7;14.54212782
1900-05-20 22:00:00+01:00;15.3;13.0389602
1900-05-20 23:00:00+01:00;15;11.99373873
1900-05-21 00:00:00+01:00;14.3;9.673605282
1900-05-21 01:00:00+01:00;13.7;8.7830002
1900-05-21 02:00:00+01:00;12.4;8.640379993
1900-05-21 03:00:00+01:00;12.4;8.669999023
1900-05-21 04:00:00+01:00;12.4;8.578621455
1900-05-21 05:00:00+01:00;13;9.256428443
1900-05-21 06:00:00+01:00;13.9;12.79428954
1900-05-21 07:00:00+01:00;15.5;15.20851648
1900-05-21 08:00:00+01:00;16;13.93983703
1900-05-21 09:00:00+01:00;18;13.94830371
1900-05-21 10:00:00+01:00;19.5;12.98115103
1900-05-21 11:00:00+01:00;18;12.41649058
1900-05-21 12:00:00+01:00;20.1;12.05139102
1900-05-21 13:00:00+01:00;20.3;11.64320602
1900-05-21 14:00:00+01:00;19.6;12.14029663
1900-05-21 15:00:00+01:00;21;13.30075943
1900-05-21 16:00:00+01:00;22.6;14.52870948
1900-05-21 17:00:00+01:00;19.3;15.34155239
1900-05-21 18:00:00+01:00;18.9;15.75801912
1900-05-21 19:00:00+01:00;17.5;16.36728329
1900-05-21 20:00:00+01:00;16.9;16.52084193
1900-05-21 21:00:00+01:00;15.6;15.78743727
1900-05-21 22:00:00+01:00;14.2;14.38890715
1900-05-21 23:00:00+01:00;13.5;12.03249653
1900-05-22 00:00:00+01:00;12.2;9.673605282
1900-05-22 01:00:00+01:00;10.6;8.7830002
1900-05-22 02:00:00+01:00;11;8.640379993
1900-05-22 03:00:00+01:00;11.2;8.669999023
1900-05-22 04:00:00+01:00;11.3;8.578621455
1900-05-22 05:00:00+01:00;12;9.256428443
1900-05-22 06:00:00+01:00;12.4;12.79428954
1900-05-22 07:00:00+01:00;13.4;15.20851648
1900-05-22 08:00:00+01:00;15.4;13.93983703
1900-05-22 09:00:00+01:00;16.6;13.94830371
1900-05-22 10:00:00+01:00;17.4;12.98115103
1900-05-22 11:00:00+01:00;18.5;12.41649058
1900-05-22 12:00:00+01:00;18.7;12.05139102
1900-05-22 13:00:00+01:00;19.1;11.64320602
1900-05-22 14:00:00+01:00;20.4;12.14029663
1900-05-22 15:00:00+01:00;20.9;13.30075943
1900-05-22 16:00:00+01:00;20.5;14.52870948
1900-05-22 17:00:00+01:00;20;15.34155239
1900-05-22 18:00:00+01:00;17.5;15.75801912
1900-05-22 19:00:00+01:00;16.6;16.36728329
1900-05-22 20:00:00+01:00;15.7;16.52084193
1900-05-22 21:00:00+01:00;15.3;15.78743727
1900-05-22 22:00:00+01:00;12.9;14.38890715
1900-05-22 23:00:00+01:00;11.2;14.2445531
1900-05-23 00:00:00+01:00;10.4;10.53678822
1900-05-23 01:00:00+01:00;7.7;9.151788011
1900-05-23 02:00:00+01:00;7.2;8.977715849
1900-05-23 03:00:00+01:00;6.9;9.101201435
1900-05-23 04:00:00+01:00;8.6;9.494423844
1900-05-23 05:00:00+01:00;12;9.256428443
1900-05-23 06:00:00+01:00;13.1;12.79428954
1900-05-23 07:00:00+01:00;14.2;15.20851648
1900-05-23 08:00:00+01:00;14.8;13.93983703
1900-05-23 09:00:00+01:00;15.9;13.94830371
1900-05-23 10:00:00+01:00;16.4;12.98115103
1900-05-23 11:00:00+01:00;16.7;12.41649058
1900-05-23 12:00:00+01:00;16.8;12.05139102
1900-05-23 13:00:00+01:00;17.5;11.64320602
1900-05-23 14:00:00+01:00;18.8;12.14029663
1900-05-23 15:00:00+01:00;19.2;13.30075943
1900-05-23 16:00:00+01:00;18.8;14.52870948
1900-05-23 17:00:00+01:00;19.3;15.34155239
1900-05-23 18:00:00+01:00;18.5;15.75801912
1900-05-23 19:00:00+01:00;16.2;16.36728329
1900-05-23 20:00:00+01:00;15.5;16.52084193
1900-05-23 21:00:00+01:00;14.1;15.78743727
1900-05-23 22:00:00+01:00;13.4;14.38890715
1900-05-23 23:00:00+01:00;13;12.03249653
1900-05-24 00:00:00+01:00;12.3;9.673605282
1900-05-24 01:00:00+01:00;12.6;8.7830002
1900-05-24 02:00:00+01:00;12.7;8.640379993
1900-05-24 03:00:00+01:00;12.4;8.669999023
1900-05-24 04:00:00+01:00;11.9;8.578621455
1900-05-24 05:00:00+01:00;13.8;9.256428443
1900-05-24 06:00:00+01:00;14.3;12.79428954
1900-05-24 07:00:00+01:00;15.6;15.20851648
1900-05-24 08:00:00+01:00;16.9;13.93983703
1900-05-24 09:00:00+01:00;17.7;13.94830371
1900-05-24 10:00:00+01:00;19.8;12.98115103
1900-05-24 11:00:00+01:00;21.2;12.41649058
1900-05-24 12:00:00+01:00;21.1;12.05139102
1900-05-24 13:00:00+01:00;20.6;11.64320602
1900-05-24 14:00:00+01:00;22.4;12.14029663
1900-05-24 15:00:00+01:00;22.9;13.30075943
1900-05-24 16:00:00+01:00;21.8;14.52870948
1900-05-24 17:00:00+01:00;22;15.34155239
1900-05-24 18:00:00+01:00;21;15.75801912
1900-05-24 19:00:00+01:00;19.1;16.36728329
1900-05-24 20:00:00+01:00;16.3;16.52084193
1900-05-24 21:00:00+01:00;15;15.78743727
1900-05-24 22:00:00+01:00;13;14.38890715
1900-05-24 23:00:00+01:00;11.7;13.25259593
1900-05-25 00:00:00+01:00;11.2;9.478114684
1900-05-25 01:00:00+01:00;10;8.7830002
1900-05-25 02:00:00+01:00;9.1;7.621481451
1900-05-25 03:00:00+01:00;8.5;7.62255079
1900-05-25 04:00:00+01:00;9.1;8.359623154
1900-05-25 05:00:00+01:00;11.8;9.256428443
1900-05-25 06:00:00+01:00;14.5;12.79428954
1900-05-25 07:00:00+01:00;16.2;15.20851648
1900-05-25 08:00:00+01:00;18.1;13.93983703
1900-05-25 09:00:00+01:00;19.6;13.94830371
1900-05-25 10:00:00+01:00;21.7;12.98115103
1900-05-25 11:00:00+01:00;22.2;12.41649058
1900-05-25 12:00:00+01:00;23.1;12.05139102
1900-05-25 13:00:00+01:00;25.4;11.64320602
1900-05-25 14:00:00+01:00;24.6;12.14029663
1900-05-25 15:00:00+01:00;24;13.30075943
1900-05-25 16:00:00+01:00;26.4;14.52870948
1900-05-25 17:00:00+01:00;24.1;15.34155239
1900-05-25 18:00:00+01:00;23.6;15.75801912
1900-05-25 19:00:00+01:00;21.5;16.36728329
1900-05-25 20:00:00+01:00;17.8;16.52084193
1900-05-25 21:00:00+01:00;15.9;15.78743727
1900-05-25 22:00:00+01:00;14;14.38890715
1900-05-25 23:00:00+01:00;13.5;12.03249653
1900-05-26 00:00:00+01:00;11.7;10.58409551
1900-05-26 01:00:00+01:00;11.6;9.354187295
1900-05-26 02:00:00+01:00;10.9;8.035534811
1900-05-26 03:00:00+01:00;11.1;8.606422836
1900-05-26 04:00:00+01:00;11;8.504065681
1900-05-26 05:00:00+01:00;11.8;8.459605954
1900-05-26 06:00:00+01:00;13;9.458065545
1900-05-26 07:00:00+01:00;15.1;10.8124251
1900-05-26 08:00:00+01:00;17.4;13.32766493
1900-05-26 09:00:00+01:00;18.4;16.06582639
1900-05-26 10:00:00+01:00;16.4;16.03641977
1900-05-26 11:00:00+01:00;19.4;15.65159054
1900-05-26 12:00:00+01:00;16.2;14.88335556
1900-05-26 13:00:00+01:00;16.2;14.4635814
1900-05-26 14:00:00+01:00;14;13.91365853
1900-05-26 15:00:00+01:00;11.1;20.10086103
1900-05-26 16:00:00+01:00;9.3;21.7969079
1900-05-26 17:00:00+01:00;8.7;23.53389841
1900-05-26 18:00:00+01:00;8.8;23.78959968
1900-05-26 19:00:00+01:00;9.8;23.18344748
1900-05-26 20:00:00+01:00;10.3;22.59565237
1900-05-26 21:00:00+01:00;10.4;20.42465305
1900-05-26 22:00:00+01:00;9.3;18.31141597
1900-05-26 23:00:00+01:00;8.1;16.13231309
1900-05-27 00:00:00+01:00;8.1;14.61145047
1900-05-27 01:00:00+01:00;7.5;12.77306313
1900-05-27 02:00:00+01:00;7.1;12.28809282
1900-05-27 03:00:00+01:00;6.9;11.61425521
1900-05-27 04:00:00+01:00;6.8;11.58052476
1900-05-27 05:00:00+01:00;6.6;12.14500711
1900-05-27 06:00:00+01:00;6.9;13.3786129
1900-05-27 07:00:00+01:00;6.7;16.2855544
1900-05-27 08:00:00+01:00;7.7;21.43085811
1900-05-27 09:00:00+01:00;8.9;26.19582003
1900-05-27 10:00:00+01:00;9.5;27.03603642
1900-05-27 11:00:00+01:00;11;26.16500557
1900-05-27 12:00:00+01:00;11.1;24.4709826
1900-05-27 13:00:00+01:00;11;23.56721984
1900-05-27 14:00:00+01:00;11.1;22.70642965
1900-05-27 15:00:00+01:00;11.2;22.75542195
1900-05-27 16:00:00+01:00;11;23.4523672
1900-05-27 17:00:00+01:00;10.7;25.01961766
1900-05-27 18:00:00+01:00;10.7;25.21639135
1900-05-27 19:00:00+01:00;10.2;25.33433481
1900-05-27 20:00:00+01:00;8.3;25.83467584
1900-05-27 21:00:00+01:00;7;24.07959874
1900-05-27 22:00:00+01:00;5.6;21.80221126
1900-05-27 23:00:00+01:00;4.7;19.53079347
1900-05-28 00:00:00+01:00;4.6;16.62530856
1900-05-28 01:00:00+01:00;3.7;14.82643224
1900-05-28 02:00:00+01:00;3.6;14.49268394
1900-05-28 03:00:00+01:00;3.7;14.46801615
1900-05-28 04:00:00+01:00;4.4;14.95415424
1900-05-28 05:00:00+01:00;4.6;16.93386475
1900-05-28 06:00:00+01:00;6;23.53162201
1900-05-28 07:00:00+01:00;7.2;28.06002063
1900-05-28 08:00:00+01:00;8.5;23.76395415
1900-05-28 09:00:00+01:00;9.2;23.03644372
1900-05-28 10:00:00+01:00;10.1;21.54171765
1900-05-28 11:00:00+01:00;11.3;20.08890005
1900-05-28 12:00:00+01:00;12.3;18.56145192
1900-05-28 13:00:00+01:00;12.5;18.16939174
1900-05-28 14:00:00+01:00;13.1;18.52728871
1900-05-28 15:00:00+01:00;12.7;20.09997646
1900-05-28 16:00:00+01:00;12.7;22.53777571
1900-05-28 17:00:00+01:00;12.7;24.35721001
1900-05-28 18:00:00+01:00;12.8;24.75779211
1900-05-28 19:00:00+01:00;12.3;24.11279581
1900-05-28 20:00:00+01:00;10.9;26.15322103
1900-05-28 21:00:00+01:00;9.2;24.87710252
1900-05-28 22:00:00+01:00;5.6;23.41018685
1900-05-28 23:00:00+01:00;4.5;20.74183144
1900-05-29 00:00:00+01:00;4.9;16.38975031
1900-05-29 01:00:00+01:00;4;14.4781207
1900-05-29 02:00:00+01:00;6.8;13.25963584
1900-05-29 03:00:00+01:00;6.7;13.07265575
1900-05-29 04:00:00+01:00;6.6;13.59977798
1900-05-29 05:00:00+01:00;8.9;14.79476404
1900-05-29 06:00:00+01:00;10.4;21.51352009
1900-05-29 07:00:00+01:00;11.1;23.78028783
1900-05-29 08:00:00+01:00;12.2;13.93983703
1900-05-29 09:00:00+01:00;12.5;13.94830371
1900-05-29 10:00:00+01:00;12.8;12.98115103
1900-05-29 11:00:00+01:00;13.4;12.41649058
1900-05-29 12:00:00+01:00;13.6;12.05139102
1900-05-29 13:00:00+01:00;13.3;16.74803441
1900-05-29 14:00:00+01:00;12.9;17.68119867
1900-05-29 15:00:00+01:00;12.5;19.56948493
1900-05-29 16:00:00+01:00;13.5;21.38261673
1900-05-29 17:00:00+01:00;12.8;23.50028125
1900-05-29 18:00:00+01:00;12.6;24.07738077
1900-05-29 19:00:00+01:00;11.5;24.86362263
1900-05-29 20:00:00+01:00;10.7;25.33870371
1900-05-29 21:00:00+01:00;10.6;23.53845735
1900-05-29 22:00:00+01:00;9.6;21.20724552
1900-05-29 23:00:00+01:00;10.5;17.92591271
1900-05-30 00:00:00+01:00;9.5;13.2107102
1900-05-30 01:00:00+01:00;9.6;11.25885838
1900-05-30 02:00:00+01:00;8.3;11.39055749
1900-05-30 03:00:00+01:00;8;11.30125416
1900-05-30 04:00:00+01:00;7.9;11.90212923
1900-05-30 05:00:00+01:00;8;13.85158576
1900-05-30 06:00:00+01:00;8.7;20.43132454
1900-05-30 07:00:00+01:00;9.7;24.82527306
1900-05-30 08:00:00+01:00;10.3;21.30882636
1900-05-30 09:00:00+01:00;11.6;19.26066568
1900-05-30 10:00:00+01:00;11.4;19.1889464
1900-05-30 11:00:00+01:00;11.4;18.40060627
1900-05-30 12:00:00+01:00;12;17.29296379
1900-05-30 13:00:00+01:00;12.1;17.04746939
1900-05-30 14:00:00+01:00;12;17.91551897
1900-05-30 15:00:00+01:00;12.3;19.52427697
1900-05-30 16:00:00+01:00;12.1;22.01370223
1900-05-30 17:00:00+01:00;11.9;23.83050603
1900-05-30 18:00:00+01:00;11.8;24.3497454
1900-05-30 19:00:00+01:00;11.6;23.65108024
1900-05-30 20:00:00+01:00;11.2;23.91930729
1900-05-30 21:00:00+01:00;10.9;23.24456925
1900-05-30 22:00:00+01:00;10.6;20.77550023
1900-05-30 23:00:00+01:00;10.4;17.98150308
1900-05-31 00:00:00+01:00;10.1;13.15761089
1900-05-31 01:00:00+01:00;9.9;11.45542881
1900-05-31 02:00:00+01:00;9.8;11.00989769
1900-05-31 03:00:00+01:00;9.2;11.27983665
1900-05-31 04:00:00+01:00;9.2;11.7774989
1900-05-31 05:00:00+01:00;9.7;13.55835984
1900-05-31 06:00:00+01:00;10.2;20.34885469
1900-05-31 07:00:00+01:00;10.5;23.32601669
1900-05-31 08:00:00+01:00;11.2;19.98158581
1900-05-31 09:00:00+01:00;12.3;13.94830371
1900-05-31 10:00:00+01:00;12.5;12.98115103
1900-05-31 11:00:00+01:00;13.6;12.41649058
1900-05-31 12:00:00+01:00;14.1;12.05139102
1900-05-31 13:00:00+01:00;13.9;15.91455654
1900-05-31 14:00:00+01:00;15.6;12.14029663
1900-05-31 15:00:00+01:00;14.3;13.30075943
1900-05-31 16:00:00+01:00;14.8;14.52870948
1900-05-31 17:00:00+01:00;15;15.34155239
1900-05-31 18:00:00+01:00;14;15.75801912
1900-05-31 19:00:00+01:00;13.7;16.36728329
1900-05-31 20:00:00+01:00;13;16.52084193
1900-05-31 21:00:00+01:00;11.4;21.27249679
1900-05-31 22:00:00+01:00;11.2;18.91761212
1900-05-31 23:00:00+01:00;10.8;16.91166878
1900-06-01 00:00:00+01:00;11.5;9.275313616
1900-06-01 01:00:00+01:00;12.2;8.4502502
1900-06-01 02:00:00+01:00;12.2;8.302588326
1900-06-01 03:00:00+01:00;13.5;8.317082357
1900-06-01 04:00:00+01:00;11.8;8.205538121
1900-06-01 05:00:00+01:00;11.3;8.88334511
1900-06-01 06:00:00+01:00;12.6;12.23466454
1900-06-01 07:00:00+01:00;14.9;14.47747482
1900-06-01 08:00:00+01:00;17.5;13.20879536
1900-06-01 09:00:00+01:00;19.4;13.32313704
1900-06-01 10:00:00+01:00;23.2;12.48202603
1900-06-01 11:00:00+01:00;24.8;11.80140724
1900-06-01 12:00:00+01:00;25.5;11.45647436
1900-06-01 13:00:00+01:00;27;11.10878935
1900-06-01 14:00:00+01:00;30.8;11.63108829
1900-06-01 15:00:00+01:00;27.4;12.5495511
1900-06-01 16:00:00+01:00;26.1;13.56070948
1900-06-01 17:00:00+01:00;25.8;14.42901072
1900-06-01 18:00:00+01:00;25.6;14.60851912
1900-06-01 19:00:00+01:00;24.1;15.02619996
1900-06-01 20:00:00+01:00;21.5;15.1343836
1900-06-01 21:00:00+01:00;19.2;14.49172894
1900-06-01 22:00:00+01:00;17;13.45115715
1900-06-01 23:00:00+01:00;15;11.38212153
1900-06-02 00:00:00+01:00;14;10.00430385
1900-06-02 01:00:00+01:00;12.5;8.950853962
1900-06-02 02:00:00+01:00;11;8.585526754
1900-06-02 03:00:00+01:00;10.9;5.857166808
1900-06-02 04:00:00+01:00;11.9;8.125940681
1900-06-02 05:00:00+01:00;15;8.121814287
1900-06-02 06:00:00+01:00;18;9.125315545
1900-06-02 07:00:00+01:00;18.7;10.26288343
1900-06-02 08:00:00+01:00;21.2;12.43528993
1900-06-02 09:00:00+01:00;24.2;14.94657639
1900-06-02 10:00:00+01:00;26;15.05329477
1900-06-02 11:00:00+01:00;25;14.65838221
1900-06-02 12:00:00+01:00;26.8;13.93552223
1900-06-02 13:00:00+01:00;28;13.5107064
1900-06-02 14:00:00+01:00;26.6;13.04649186
1900-06-02 15:00:00+01:00;26;13.02413262
1900-06-02 16:00:00+01:00;25.4;13.42589757
1900-06-02 17:00:00+01:00;25.2;13.9938906
1900-06-02 18:00:00+01:00;24.5;14.18261186
1900-06-02 19:00:00+01:00;22.5;14.59789139
1900-06-02 20:00:00+01:00;19.3;13.98881063
1900-06-02 21:00:00+01:00;17.4;13.06996115
1900-06-02 22:00:00+01:00;16.3;12.0104602
1900-06-02 23:00:00+01:00;15.5;11.33832206
1900-06-03 00:00:00+01:00;11.7;10.00430385
1900-06-03 01:00:00+01:00;11.1;8.950853962
1900-06-03 02:00:00+01:00;10.3;6.895466223
1900-06-03 03:00:00+01:00;10;5.918265548
1900-06-03 04:00:00+01:00;11;8.125940681
1900-06-03 05:00:00+01:00;13.9;8.121814287
1900-06-03 06:00:00+01:00;15.4;9.125315545
1900-06-03 07:00:00+01:00;17.2;10.26288343
1900-06-03 08:00:00+01:00;20.5;12.43528993
1900-06-03 09:00:00+01:00;22;14.94657639
1900-06-03 10:00:00+01:00;23.6;15.05329477
1900-06-03 11:00:00+01:00;26.2;14.65838221
1900-06-03 12:00:00+01:00;26.6;13.93552223
1900-06-03 13:00:00+01:00;26.5;13.5107064
1900-06-03 14:00:00+01:00;25.9;13.04649186
1900-06-03 15:00:00+01:00;25.6;13.02413262
1900-06-03 16:00:00+01:00;24.3;13.42589757
1900-06-03 17:00:00+01:00;24.4;13.9938906
1900-06-03 18:00:00+01:00;23;14.18261186
1900-06-03 19:00:00+01:00;21.3;14.59789139
1900-06-03 20:00:00+01:00;20.8;13.98881063
1900-06-03 21:00:00+01:00;18.1;13.06996115
1900-06-03 22:00:00+01:00;18;12.0104602
1900-06-03 23:00:00+01:00;16.4;11.33832206
1900-06-04 00:00:00+01:00;15.4;9.275313616
1900-06-04 01:00:00+01:00;14;8.4502502
1900-06-04 02:00:00+01:00;14.6;8.302588326
1900-06-04 03:00:00+01:00;13.3;8.317082357
1900-06-04 04:00:00+01:00;14.4;8.205538121
1900-06-04 05:00:00+01:00;15.8;8.88334511
1900-06-04 06:00:00+01:00;18.5;12.23466454
1900-06-04 07:00:00+01:00;20;14.47747482
1900-06-04 08:00:00+01:00;22;13.20879536
1900-06-04 09:00:00+01:00;24;13.32313704
1900-06-04 10:00:00+01:00;23.9;12.48202603
1900-06-04 11:00:00+01:00;25.4;11.80140724
1900-06-04 12:00:00+01:00;25.5;11.45647436
1900-06-04 13:00:00+01:00;26.8;11.10878935
1900-06-04 14:00:00+01:00;27.3;11.63108829
1900-06-04 15:00:00+01:00;27.8;12.5495511
1900-06-04 16:00:00+01:00;28.7;13.56070948
1900-06-04 17:00:00+01:00;25.8;14.42901072
1900-06-04 18:00:00+01:00;24.2;14.60851912
1900-06-04 19:00:00+01:00;22.5;15.02619996
1900-06-04 20:00:00+01:00;19.4;15.1343836
1900-06-04 21:00:00+01:00;16.8;14.49172894
1900-06-04 22:00:00+01:00;16;13.45115715
1900-06-04 23:00:00+01:00;16.6;11.38212153
1900-06-05 00:00:00+01:00;16.1;9.275313616
1900-06-05 01:00:00+01:00;15.9;8.4502502
1900-06-05 02:00:00+01:00;15.3;8.302588326
1900-06-05 03:00:00+01:00;15.7;8.317082357
1900-06-05 04:00:00+01:00;15.6;8.205538121
1900-06-05 05:00:00+01:00;15.7;8.88334511
1900-06-05 06:00:00+01:00;16.1;12.23466454
1900-06-05 07:00:00+01:00;16.9;14.47747482
1900-06-05 08:00:00+01:00;19.8;13.20879536
1900-06-05 09:00:00+01:00;21.5;13.32313704
1900-06-05 10:00:00+01:00;21.9;12.48202603
1900-06-05 11:00:00+01:00;24.1;11.80140724
1900-06-05 12:00:00+01:00;24.7;11.45647436
1900-06-05 13:00:00+01:00;24.7;11.10878935
1900-06-05 14:00:00+01:00;25.1;11.63108829
1900-06-05 15:00:00+01:00;25.2;12.5495511
1900-06-05 16:00:00+01:00;24.9;13.56070948
1900-06-05 17:00:00+01:00;24.5;14.42901072
1900-06-05 18:00:00+01:00;23.8;14.60851912
1900-06-05 19:00:00+01:00;22.4;15.02619996
1900-06-05 20:00:00+01:00;21;15.1343836
1900-06-05 21:00:00+01:00;20;14.49172894
1900-06-05 22:00:00+01:00;18.5;13.45115715
1900-06-05 23:00:00+01:00;17.1;11.38212153
1900-06-06 00:00:00+01:00;16.9;9.275313616
1900-06-06 01:00:00+01:00;16;8.4502502
1900-06-06 02:00:00+01:00;15.5;8.302588326
1900-06-06 03:00:00+01:00;15;8.317082357
1900-06-06 04:00:00+01:00;16.6;8.205538121
1900-06-06 05:00:00+01:00;16.8;8.88334511
1900-06-06 06:00:00+01:00;17.8;12.23466454
1900-06-06 07:00:00+01:00;18.9;14.47747482
1900-06-06 08:00:00+01:00;19.4;13.20879536
1900-06-06 09:00:00+01:00;20.3;13.32313704
1900-06-06 10:00:00+01:00;20.1;12.48202603
1900-06-06 11:00:00+01:00;20.6;11.80140724
1900-06-06 12:00:00+01:00;21.8;11.45647436
1900-06-06 13:00:00+01:00;23.4;11.10878935
1900-06-06 14:00:00+01:00;23;11.63108829
1900-06-06 15:00:00+01:00;22.8;12.5495511
1900-06-06 16:00:00+01:00;22.6;13.56070948
1900-06-06 17:00:00+01:00;21.4;14.42901072
1900-06-06 18:00:00+01:00;20.6;14.60851912
1900-06-06 19:00:00+01:00;19.6;15.02619996
1900-06-06 20:00:00+01:00;18.7;15.1343836
1900-06-06 21:00:00+01:00;17.9;14.49172894
1900-06-06 22:00:00+01:00;17.3;13.45115715
1900-06-06 23:00:00+01:00;16.7;11.38212153
1900-06-07 00:00:00+01:00;15.2;9.275313616
1900-06-07 01:00:00+01:00;15.6;8.4502502
1900-06-07 02:00:00+01:00;15.3;8.302588326
1900-06-07 03:00:00+01:00;14.8;8.317082357
1900-06-07 04:00:00+01:00;15.6;8.205538121
1900-06-07 05:00:00+01:00;15.7;8.88334511
1900-06-07 06:00:00+01:00;16.7;12.23466454
1900-06-07 07:00:00+01:00;18;14.47747482
1900-06-07 08:00:00+01:00;17.8;13.20879536
1900-06-07 09:00:00+01:00;18.2;13.32313704
1900-06-07 10:00:00+01:00;21.1;12.48202603
1900-06-07 11:00:00+01:00;21.3;11.80140724
1900-06-07 12:00:00+01:00;20.9;11.45647436
1900-06-07 13:00:00+01:00;22.2;11.10878935
1900-06-07 14:00:00+01:00;22.6;11.63108829
1900-06-07 15:00:00+01:00;22.2;12.5495511
1900-06-07 16:00:00+01:00;21.4;13.56070948
1900-06-07 17:00:00+01:00;20.8;14.42901072
1900-06-07 18:00:00+01:00;20.9;14.60851912
1900-06-07 19:00:00+01:00;19.6;15.02619996
1900-06-07 20:00:00+01:00;18.6;15.1343836
1900-06-07 21:00:00+01:00;17;14.49172894
1900-06-07 22:00:00+01:00;15.9;13.45115715
1900-06-07 23:00:00+01:00;15.3;11.38212153
1900-06-08 00:00:00+01:00;14;9.275313616
1900-06-08 01:00:00+01:00;14.1;8.4502502
1900-06-08 02:00:00+01:00;14.9;8.302588326
1900-06-08 03:00:00+01:00;14.8;8.317082357
1900-06-08 04:00:00+01:00;14;8.205538121
1900-06-08 05:00:00+01:00;12.8;8.88334511
1900-06-08 06:00:00+01:00;12.6;12.23466454
1900-06-08 07:00:00+01:00;13.7;14.47747482
1900-06-08 08:00:00+01:00;14.3;13.20879536
1900-06-08 09:00:00+01:00;15.1;13.32313704
1900-06-08 10:00:00+01:00;15.5;12.48202603
1900-06-08 11:00:00+01:00;12;14.05400637
1900-06-08 12:00:00+01:00;14;11.45647436
1900-06-08 13:00:00+01:00;16.9;11.10878935
1900-06-08 14:00:00+01:00;17.6;11.63108829
1900-06-08 15:00:00+01:00;18.5;12.5495511
1900-06-08 16:00:00+01:00;19.3;13.56070948
1900-06-08 17:00:00+01:00;19.2;14.42901072
1900-06-08 18:00:00+01:00;18.2;14.60851912
1900-06-08 19:00:00+01:00;17.1;15.02619996
1900-06-08 20:00:00+01:00;14.6;15.1343836
1900-06-08 21:00:00+01:00;13.7;14.49172894
1900-06-08 22:00:00+01:00;12.5;13.45115715
1900-06-08 23:00:00+01:00;11.8;13.68347028
1900-06-09 00:00:00+01:00;10;11.88241907
1900-06-09 01:00:00+01:00;9.6;10.2219363
1900-06-09 02:00:00+01:00;8.3;10.17768039
1900-06-09 03:00:00+01:00;8.9;9.253714945
1900-06-09 04:00:00+01:00;9;9.175056475
1900-06-09 05:00:00+01:00;10.6;9.057459611
1900-06-09 06:00:00+01:00;12;9.125315545
1900-06-09 07:00:00+01:00;12.8;10.26288343
1900-06-09 08:00:00+01:00;13.8;12.43528993
1900-06-09 09:00:00+01:00;16;14.94657639
1900-06-09 10:00:00+01:00;16.4;15.05329477
1900-06-09 11:00:00+01:00;17.7;14.65838221
1900-06-09 12:00:00+01:00;17.6;13.93552223
1900-06-09 13:00:00+01:00;15;13.5107064
1900-06-09 14:00:00+01:00;18.1;13.04649186
1900-06-09 15:00:00+01:00;13.2;18.69322384
1900-06-09 16:00:00+01:00;15.8;13.42589757
1900-06-09 17:00:00+01:00;13.2;20.46609844
1900-06-09 18:00:00+01:00;15.4;14.18261186
1900-06-09 19:00:00+01:00;13;19.28072641
1900-06-09 20:00:00+01:00;12.5;19.19063112
1900-06-09 21:00:00+01:00;10.4;18.85830646
1900-06-09 22:00:00+01:00;9.9;16.96390652
1900-06-09 23:00:00+01:00;6.8;15.62732178
1900-06-10 00:00:00+01:00;6.5;14.22201232
1900-06-10 01:00:00+01:00;8.5;11.86897271
1900-06-10 02:00:00+01:00;9.8;10.69492908
1900-06-10 03:00:00+01:00;8.6;10.30719538
1900-06-10 04:00:00+01:00;9.1;10.02413158
1900-06-10 05:00:00+01:00;10.9;9.651610901
1900-06-10 06:00:00+01:00;12.6;9.125315545
1900-06-10 07:00:00+01:00;12.8;10.26288343
1900-06-10 08:00:00+01:00;12.1;17.62637281
1900-06-10 09:00:00+01:00;14.2;14.94657639
1900-06-10 10:00:00+01:00;13.6;21.95305409
1900-06-10 11:00:00+01:00;16.8;14.65838221
1900-06-10 12:00:00+01:00;15;13.93552223
1900-06-10 13:00:00+01:00;16.1;13.5107064
1900-06-10 14:00:00+01:00;19.9;13.04649186
1900-06-10 15:00:00+01:00;17.7;13.02413262
1900-06-10 16:00:00+01:00;18.4;13.42589757
1900-06-10 17:00:00+01:00;17;13.9938906
1900-06-10 18:00:00+01:00;15.2;14.18261186
1900-06-10 19:00:00+01:00;12.5;20.58411071
1900-06-10 20:00:00+01:00;12.3;19.48514896
1900-06-10 21:00:00+01:00;12;17.73315134
1900-06-10 22:00:00+01:00;11.8;15.74433438
1900-06-10 23:00:00+01:00;11.4;13.82475134
1900-06-11 00:00:00+01:00;11.3;9.275313616
1900-06-11 01:00:00+01:00;11.1;8.4502502
1900-06-11 02:00:00+01:00;10.8;8.302588326
1900-06-11 03:00:00+01:00;11;8.317082357
1900-06-11 04:00:00+01:00;11.6;8.205538121
1900-06-11 05:00:00+01:00;12.2;8.88334511
1900-06-11 06:00:00+01:00;13.2;12.23466454
1900-06-11 07:00:00+01:00;15.1;14.47747482
1900-06-11 08:00:00+01:00;17.2;13.20879536
1900-06-11 09:00:00+01:00;18.6;13.32313704
1900-06-11 10:00:00+01:00;18.9;12.48202603
1900-06-11 11:00:00+01:00;20;11.80140724
1900-06-11 12:00:00+01:00;18.4;11.45647436
1900-06-11 13:00:00+01:00;20;11.10878935
1900-06-11 14:00:00+01:00;20.2;11.63108829
1900-06-11 15:00:00+01:00;19.1;12.5495511
1900-06-11 16:00:00+01:00;15.7;13.56070948
1900-06-11 17:00:00+01:00;15.6;14.42901072
1900-06-11 18:00:00+01:00;14.7;14.60851912
1900-06-11 19:00:00+01:00;13.8;15.02619996
1900-06-11 20:00:00+01:00;10.8;21.22223311
1900-06-11 21:00:00+01:00;9.6;19.9136709
1900-06-11 22:00:00+01:00;7.8;18.45979365
1900-06-11 23:00:00+01:00;5.5;16.30833427
1900-06-12 00:00:00+01:00;4.5;12.90853294
1900-06-12 01:00:00+01:00;3.5;10.89808468
1900-06-12 02:00:00+01:00;5;10.29395415
1900-06-12 03:00:00+01:00;7.3;9.733459434
1900-06-12 04:00:00+01:00;7.4;10.52758611
1900-06-12 05:00:00+01:00;8.2;12.31659524
1900-06-12 06:00:00+01:00;10;18.28744098
1900-06-12 07:00:00+01:00;11.5;21.21875911
1900-06-12 08:00:00+01:00;14.3;13.20879536
1900-06-12 09:00:00+01:00;14;13.32313704
1900-06-12 10:00:00+01:00;16.4;12.48202603
1900-06-12 11:00:00+01:00;17.5;11.80140724
1900-06-12 12:00:00+01:00;18.3;11.45647436
1900-06-12 13:00:00+01:00;18.8;11.10878935
1900-06-12 14:00:00+01:00;17.8;11.63108829
1900-06-12 15:00:00+01:00;18.1;12.5495511
1900-06-12 16:00:00+01:00;20;13.56070948
1900-06-12 17:00:00+01:00;19.8;14.42901072
1900-06-12 18:00:00+01:00;18.4;14.60851912
1900-06-12 19:00:00+01:00;16;15.02619996
1900-06-12 20:00:00+01:00;15.8;15.1343836
1900-06-12 21:00:00+01:00;14.1;14.49172894
1900-06-12 22:00:00+01:00;11.7;17.32754411
1900-06-12 23:00:00+01:00;10.8;15.49515736
1900-06-13 00:00:00+01:00;10;11.22571779
1900-06-13 01:00:00+01:00;9.5;9.298107483
1900-06-13 02:00:00+01:00;8.4;9.13507794
1900-06-13 03:00:00+01:00;8.1;9.072258267
1900-06-13 04:00:00+01:00;9.8;9.217073784
1900-06-13 05:00:00+01:00;10.6;10.59644487
1900-06-13 06:00:00+01:00;13.5;12.23466454
1900-06-13 07:00:00+01:00;15;14.47747482
1900-06-13 08:00:00+01:00;16.2;13.20879536
1900-06-13 09:00:00+01:00;18.1;13.32313704
1900-06-13 10:00:00+01:00;17.4;12.48202603
1900-06-13 11:00:00+01:00;20.2;11.80140724
1900-06-13 12:00:00+01:00;20;11.45647436
1900-06-13 13:00:00+01:00;19.6;11.10878935
1900-06-13 14:00:00+01:00;21;11.63108829
1900-06-13 15:00:00+01:00;19.5;12.5495511
1900-06-13 16:00:00+01:00;19.7;13.56070948
1900-06-13 17:00:00+01:00;19;14.42901072
1900-06-13 18:00:00+01:00;19;14.60851912
1900-06-13 19:00:00+01:00;18.1;15.02619996
1900-06-13 20:00:00+01:00;15.9;15.1343836
1900-06-13 21:00:00+01:00;14.4;14.49172894
1900-06-13 22:00:00+01:00;13;13.45115715
1900-06-13 23:00:00+01:00;12;11.38212153
1900-06-14 00:00:00+01:00;12.4;9.275313616
1900-06-14 01:00:00+01:00;12.1;8.4502502
1900-06-14 02:00:00+01:00;11.7;8.302588326
1900-06-14 03:00:00+01:00;11.9;8.317082357
1900-06-14 04:00:00+01:00;11.6;8.205538121
1900-06-14 05:00:00+01:00;13;8.88334511
1900-06-14 06:00:00+01:00;12.6;12.23466454
1900-06-14 07:00:00+01:00;14.4;14.47747482
1900-06-14 08:00:00+01:00;16.2;13.20879536
1900-06-14 09:00:00+01:00;16.8;13.32313704
1900-06-14 10:00:00+01:00;18;12.48202603
1900-06-14 11:00:00+01:00;20.4;11.80140724
1900-06-14 12:00:00+01:00;20.7;11.45647436
1900-06-14 13:00:00+01:00;20.4;11.10878935
1900-06-14 14:00:00+01:00;21.8;11.63108829
1900-06-14 15:00:00+01:00;21.6;12.5495511
1900-06-14 16:00:00+01:00;24;13.56070948
1900-06-14 17:00:00+01:00;23.6;14.42901072
1900-06-14 18:00:00+01:00;23.7;14.60851912
1900-06-14 19:00:00+01:00;20.4;15.02619996
1900-06-14 20:00:00+01:00;18.7;15.1343836
1900-06-14 21:00:00+01:00;17.3;14.49172894
1900-06-14 22:00:00+01:00;16.4;13.45115715
1900-06-14 23:00:00+01:00;15.8;11.38212153
1900-06-15 00:00:00+01:00;15;9.275313616
1900-06-15 01:00:00+01:00;14.5;8.4502502
1900-06-15 02:00:00+01:00;13.3;8.302588326
1900-06-15 03:00:00+01:00;12.4;8.317082357
1900-06-15 04:00:00+01:00;12.5;8.205538121
1900-06-15 05:00:00+01:00;14.7;8.88334511
1900-06-15 06:00:00+01:00;14.3;12.23466454
1900-06-15 07:00:00+01:00;15.5;14.47747482
1900-06-15 08:00:00+01:00;18;13.20879536
1900-06-15 09:00:00+01:00;18.2;13.32313704
1900-06-15 10:00:00+01:00;20.3;12.48202603
1900-06-15 11:00:00+01:00;22.6;11.80140724
1900-06-15 12:00:00+01:00;22.5;11.45647436
1900-06-15 13:00:00+01:00;21.3;11.10878935
1900-06-15 14:00:00+01:00;23;11.63108829
1900-06-15 15:00:00+01:00;24.4;12.5495511
1900-06-15 16:00:00+01:00;25;13.56070948
1900-06-15 17:00:00+01:00;24.3;14.42901072
1900-06-15 18:00:00+01:00;23.4;14.60851912
1900-06-15 19:00:00+01:00;22.8;15.02619996
1900-06-15 20:00:00+01:00;20.4;15.1343836
1900-06-15 21:00:00+01:00;17.5;14.49172894
1900-06-15 22:00:00+01:00;16;13.45115715
1900-06-15 23:00:00+01:00;11.5;11.81681909
1900-06-16 00:00:00+01:00;10.4;9.485377896
1900-06-16 01:00:00+01:00;9.3;8.151879868
1900-06-16 02:00:00+01:00;7.7;8.462470437
1900-06-16 03:00:00+01:00;9.4;6.926223701
1900-06-16 04:00:00+01:00;10.4;6.761508352
1900-06-16 05:00:00+01:00;14;8.121814287
1900-06-16 06:00:00+01:00;17.2;9.125315545
1900-06-16 07:00:00+01:00;21.6;10.26288343
1900-06-16 08:00:00+01:00;23;12.43528993
1900-06-16 09:00:00+01:00;23.8;14.94657639
1900-06-16 10:00:00+01:00;25.5;15.05329477
1900-06-16 11:00:00+01:00;26.4;14.65838221
1900-06-16 12:00:00+01:00;26.7;13.93552223
1900-06-16 13:00:00+01:00;27.6;13.5107064
1900-06-16 14:00:00+01:00;28.3;13.04649186
1900-06-16 15:00:00+01:00;29.7;13.02413262
1900-06-16 16:00:00+01:00;27.5;13.42589757
1900-06-16 17:00:00+01:00;30.3;13.9938906
1900-06-16 18:00:00+01:00;29.3;14.18261186
1900-06-16 19:00:00+01:00;27;14.59789139
1900-06-16 20:00:00+01:00;21.6;13.98881063
1900-06-16 21:00:00+01:00;19.5;13.06996115
1900-06-16 22:00:00+01:00;18.4;12.0104602
1900-06-16 23:00:00+01:00;17.6;11.33832206
1900-06-17 00:00:00+01:00;16.5;10.00430385
1900-06-17 01:00:00+01:00;15.8;8.950853962
1900-06-17 02:00:00+01:00;14.8;8.585526754
1900-06-17 03:00:00+01:00;13;8.238381169
1900-06-17 04:00:00+01:00;12.2;8.125940681
1900-06-17 05:00:00+01:00;11.1;8.121814287
1900-06-17 06:00:00+01:00;13.4;9.125315545
1900-06-17 07:00:00+01:00;12;7.791872796
1900-06-17 08:00:00+01:00;14;12.43528993
1900-06-17 09:00:00+01:00;15.2;14.94657639
1900-06-17 10:00:00+01:00;15.4;15.05329477
1900-06-17 11:00:00+01:00;17;14.65838221
1900-06-17 12:00:00+01:00;18.8;13.93552223
1900-06-17 13:00:00+01:00;19.9;13.5107064
1900-06-17 14:00:00+01:00;21.2;13.04649186
1900-06-17 15:00:00+01:00;21.4;13.02413262
1900-06-17 16:00:00+01:00;22.4;13.42589757
1900-06-17 17:00:00+01:00;22.1;13.9938906
1900-06-17 18:00:00+01:00;21;14.18261186
1900-06-17 19:00:00+01:00;19.5;14.59789139
1900-06-17 20:00:00+01:00;17.9;13.98881063
1900-06-17 21:00:00+01:00;16.9;13.06996115
1900-06-17 22:00:00+01:00;14.3;12.0104602
1900-06-17 23:00:00+01:00;13.7;11.33832206
1900-06-18 00:00:00+01:00;11.3;9.275313616
1900-06-18 01:00:00+01:00;12.4;8.4502502
1900-06-18 02:00:00+01:00;8.6;7.677731871
1900-06-18 03:00:00+01:00;7.5;8.01252903
1900-06-18 04:00:00+01:00;8.8;8.541071337
1900-06-18 05:00:00+01:00;11.8;8.88334511
1900-06-18 06:00:00+01:00;14.5;12.23466454
1900-06-18 07:00:00+01:00;17.9;14.47747482
1900-06-18 08:00:00+01:00;19.2;13.20879536
1900-06-18 09:00:00+01:00;21;13.32313704
1900-06-18 10:00:00+01:00;23.5;12.48202603
1900-06-18 11:00:00+01:00;25;11.80140724
1900-06-18 12:00:00+01:00;24.8;11.45647436
1900-06-18 13:00:00+01:00;25.3;11.10878935
1900-06-18 14:00:00+01:00;26.3;11.63108829
1900-06-18 15:00:00+01:00;26.3;12.5495511
1900-06-18 16:00:00+01:00;27.2;13.56070948
1900-06-18 17:00:00+01:00;26.1;14.42901072
1900-06-18 18:00:00+01:00;26.7;14.60851912
1900-06-18 19:00:00+01:00;23.6;15.02619996
1900-06-18 20:00:00+01:00;20.7;15.1343836
1900-06-18 21:00:00+01:00;18.6;14.49172894
1900-06-18 22:00:00+01:00;16.1;13.45115715
1900-06-18 23:00:00+01:00;14.2;11.38212153
1900-06-19 00:00:00+01:00;12.2;9.275313616
1900-06-19 01:00:00+01:00;12.1;8.4502502
1900-06-19 02:00:00+01:00;12.9;8.302588326
1900-06-19 03:00:00+01:00;12.8;8.317082357
1900-06-19 04:00:00+01:00;12.6;8.205538121
1900-06-19 05:00:00+01:00;12.5;8.88334511
1900-06-19 06:00:00+01:00;12.6;12.23466454
1900-06-19 07:00:00+01:00;12.4;14.47747482
1900-06-19 08:00:00+01:00;12.7;13.20879536
1900-06-19 09:00:00+01:00;13.9;13.32313704
1900-06-19 10:00:00+01:00;14.2;12.48202603
1900-06-19 11:00:00+01:00;13;11.80140724
1900-06-19 12:00:00+01:00;13.3;11.45647436
1900-06-19 13:00:00+01:00;13.5;12.7798167
1900-06-19 14:00:00+01:00;17;11.63108829
1900-06-19 15:00:00+01:00;16.7;12.5495511
1900-06-19 16:00:00+01:00;17.1;13.56070948
1900-06-19 17:00:00+01:00;16.6;14.42901072
1900-06-19 18:00:00+01:00;16.2;14.60851912
1900-06-19 19:00:00+01:00;14.5;15.02619996
1900-06-19 20:00:00+01:00;13.6;15.1343836
1900-06-19 21:00:00+01:00;13.4;14.49172894
1900-06-19 22:00:00+01:00;12.7;13.45115715
1900-06-19 23:00:00+01:00;12.8;11.38212153
1900-06-20 00:00:00+01:00;12;9.275313616
1900-06-20 01:00:00+01:00;11.4;8.4502502
1900-06-20 02:00:00+01:00;10;8.302588326
1900-06-20 03:00:00+01:00;10.1;8.317082357
1900-06-20 04:00:00+01:00;11;8.205538121
1900-06-20 05:00:00+01:00;13.1;8.88334511
1900-06-20 06:00:00+01:00;14.9;12.23466454
1900-06-20 07:00:00+01:00;16.5;14.47747482
1900-06-20 08:00:00+01:00;18.4;13.20879536
1900-06-20 09:00:00+01:00;19.1;13.32313704
1900-06-20 10:00:00+01:00;20.8;12.48202603
1900-06-20 11:00:00+01:00;22.2;11.80140724
1900-06-20 12:00:00+01:00;22.7;11.45647436
1900-06-20 13:00:00+01:00;24.4;11.10878935
1900-06-20 14:00:00+01:00;23.3;11.63108829
1900-06-20 15:00:00+01:00;22;12.5495511
1900-06-20 16:00:00+01:00;21.5;13.56070948
1900-06-20 17:00:00+01:00;19.7;14.42901072
1900-06-20 18:00:00+01:00;18.3;14.60851912
1900-06-20 19:00:00+01:00;17;15.02619996
1900-06-20 20:00:00+01:00;15;15.1343836
1900-06-20 21:00:00+01:00;13;14.49172894
1900-06-20 22:00:00+01:00;11.4;15.56772149
1900-06-20 23:00:00+01:00;11.2;12.93034679
1900-06-21 00:00:00+01:00;11.2;9.273869788
1900-06-21 01:00:00+01:00;11;8.4502502
1900-06-21 02:00:00+01:00;11;8.302588326
1900-06-21 03:00:00+01:00;10.5;8.317082357
1900-06-21 04:00:00+01:00;10.7;7.567674146
1900-06-21 05:00:00+01:00;10.7;9.271085982
1900-06-21 06:00:00+01:00;10.2;15.39314165
1900-06-21 07:00:00+01:00;11.2;19.48864341
1900-06-21 08:00:00+01:00;12.9;13.20879536
1900-06-21 09:00:00+01:00;16.8;13.32313704
1900-06-21 10:00:00+01:00;19;12.48202603
1900-06-21 11:00:00+01:00;19.4;11.80140724
1900-06-21 12:00:00+01:00;19.2;11.45647436
1900-06-21 13:00:00+01:00;21.7;11.10878935
1900-06-21 14:00:00+01:00;20.7;11.63108829
1900-06-21 15:00:00+01:00;19.5;12.5495511
1900-06-21 16:00:00+01:00;17.6;13.56070948
1900-06-21 17:00:00+01:00;18.4;14.42901072
1900-06-21 18:00:00+01:00;17.1;14.60851912
1900-06-21 19:00:00+01:00;16.4;15.02619996
1900-06-21 20:00:00+01:00;15.3;15.1343836
1900-06-21 21:00:00+01:00;14.1;14.49172894
1900-06-21 22:00:00+01:00;13.9;13.45115715
1900-06-21 23:00:00+01:00;13;11.38212153
1900-06-22 00:00:00+01:00;12.2;9.275313616
1900-06-22 01:00:00+01:00;11.6;8.4502502
1900-06-22 02:00:00+01:00;11.5;8.302588326
1900-06-22 03:00:00+01:00;12.3;8.317082357
1900-06-22 04:00:00+01:00;13.4;8.205538121
1900-06-22 05:00:00+01:00;14;8.88334511
1900-06-22 06:00:00+01:00;14.5;12.23466454
1900-06-22 07:00:00+01:00;17.5;14.47747482
1900-06-22 08:00:00+01:00;17.7;13.20879536
1900-06-22 09:00:00+01:00;18.5;13.32313704
1900-06-22 10:00:00+01:00;19.9;12.48202603
1900-06-22 11:00:00+01:00;19.5;11.80140724
1900-06-22 12:00:00+01:00;21.6;11.45647436
1900-06-22 13:00:00+01:00;21;11.10878935
1900-06-22 14:00:00+01:00;21.2;11.63108829
1900-06-22 15:00:00+01:00;21;12.5495511
1900-06-22 16:00:00+01:00;18.8;13.56070948
1900-06-22 17:00:00+01:00;15.1;14.42901072
1900-06-22 18:00:00+01:00;17.9;14.60851912
1900-06-22 19:00:00+01:00;18;15.02619996
1900-06-22 20:00:00+01:00;17.4;15.1343836
1900-06-22 21:00:00+01:00;17;14.49172894
1900-06-22 22:00:00+01:00;15.8;13.45115715
1900-06-22 23:00:00+01:00;16.7;11.38212153
1900-06-23 00:00:00+01:00;15.5;10.00430385
1900-06-23 01:00:00+01:00;14.7;8.950853962
1900-06-23 02:00:00+01:00;12.4;8.585526754
1900-06-23 03:00:00+01:00;14.4;8.238381169
1900-06-23 04:00:00+01:00;15;8.125940681
1900-06-23 05:00:00+01:00;15.6;8.121814287
1900-06-23 06:00:00+01:00;16.6;9.125315545
1900-06-23 07:00:00+01:00;15.2;10.26288343
1900-06-23 08:00:00+01:00;16.3;12.43528993
1900-06-23 09:00:00+01:00;16.3;14.94657639
1900-06-23 10:00:00+01:00;17.5;15.05329477
1900-06-23 11:00:00+01:00;17;14.65838221
1900-06-23 12:00:00+01:00;16.2;13.93552223
1900-06-23 13:00:00+01:00;18.3;13.5107064
1900-06-23 14:00:00+01:00;14.6;13.04649186
1900-06-23 15:00:00+01:00;15.4;13.02413262
1900-06-23 16:00:00+01:00;14.5;13.42589757
1900-06-23 17:00:00+01:00;15.2;13.9938906
1900-06-23 18:00:00+01:00;15;14.18261186
1900-06-23 19:00:00+01:00;14.5;14.59789139
1900-06-23 20:00:00+01:00;14.4;13.98881063
1900-06-23 21:00:00+01:00;14.2;13.06996115
1900-06-23 22:00:00+01:00;13.6;12.0104602
1900-06-23 23:00:00+01:00;12.4;11.33832206
1900-06-24 00:00:00+01:00;12;10.00430385
1900-06-24 01:00:00+01:00;11.7;8.950853962
1900-06-24 02:00:00+01:00;13.5;8.585526754
1900-06-24 03:00:00+01:00;13.6;8.238381169
1900-06-24 04:00:00+01:00;12.7;8.125940681
1900-06-24 05:00:00+01:00;12.5;8.121814287
1900-06-24 06:00:00+01:00;12.3;9.125315545
1900-06-24 07:00:00+01:00;9;12.85518401
1900-06-24 08:00:00+01:00;9.8;17.70510378
1900-06-24 09:00:00+01:00;9.7;22.41928027
1900-06-24 10:00:00+01:00;11.5;22.98830736
1900-06-24 11:00:00+01:00;11.4;22.92977788
1900-06-24 12:00:00+01:00;13.1;19.82994076
1900-06-24 13:00:00+01:00;15.4;13.5107064
1900-06-24 14:00:00+01:00;16.4;13.04649186
1900-06-24 15:00:00+01:00;11.7;19.95024957
1900-06-24 16:00:00+01:00;14.9;13.42589757
1900-06-24 17:00:00+01:00;14;13.9938906
1900-06-24 18:00:00+01:00;14.7;14.18261186
1900-06-24 19:00:00+01:00;12.4;20.62918487
1900-06-24 20:00:00+01:00;11.5;20.67477922
1900-06-24 21:00:00+01:00;11.3;18.91595733
1900-06-24 22:00:00+01:00;10.4;17.14060646
1900-06-24 23:00:00+01:00;10.3;15.05877536
1900-06-25 00:00:00+01:00;10.2;11.84749034
1900-06-25 01:00:00+01:00;9.2;10.33887948
1900-06-25 02:00:00+01:00;9.4;9.98560348
1900-06-25 03:00:00+01:00;8.9;10.29700162
1900-06-25 04:00:00+01:00;9.2;10.87161901
1900-06-25 05:00:00+01:00;10;12.19355288
1900-06-25 06:00:00+01:00;10.4;19.30536208
1900-06-25 07:00:00+01:00;10.5;22.27867622
1900-06-25 08:00:00+01:00;13;13.20879536
1900-06-25 09:00:00+01:00;13.8;13.32313704
1900-06-25 10:00:00+01:00;14.4;12.48202603
1900-06-25 11:00:00+01:00;16.4;11.80140724
1900-06-25 12:00:00+01:00;17.2;11.45647436
1900-06-25 13:00:00+01:00;16.5;11.10878935
1900-06-25 14:00:00+01:00;17.4;11.63108829
1900-06-25 15:00:00+01:00;17.2;12.5495511
1900-06-25 16:00:00+01:00;17.4;13.56070948
1900-06-25 17:00:00+01:00;16.7;14.42901072
1900-06-25 18:00:00+01:00;15.7;14.60851912
1900-06-25 19:00:00+01:00;15.5;15.02619996
1900-06-25 20:00:00+01:00;14.2;15.1343836
1900-06-25 21:00:00+01:00;12.7;14.49172894
1900-06-25 22:00:00+01:00;12.3;13.45115715
1900-06-25 23:00:00+01:00;10.5;15.58846334
1900-06-26 00:00:00+01:00;8.3;12.21808813
1900-06-26 01:00:00+01:00;7.2;10.38856406
1900-06-26 02:00:00+01:00;5.8;10.40129041
1900-06-26 03:00:00+01:00;6.3;10.25705847
1900-06-26 04:00:00+01:00;8;10.51709883
1900-06-26 05:00:00+01:00;8.8;12.24209823
1900-06-26 06:00:00+01:00;11.2;17.31336249
1900-06-26 07:00:00+01:00;13.4;14.47747482
1900-06-26 08:00:00+01:00;16;13.20879536
1900-06-26 09:00:00+01:00;18;13.32313704
1900-06-26 10:00:00+01:00;17.7;12.48202603
1900-06-26 11:00:00+01:00;19;11.80140724
1900-06-26 12:00:00+01:00;18.6;11.45647436
1900-06-26 13:00:00+01:00;20.3;11.10878935
1900-06-26 14:00:00+01:00;19.3;11.63108829
1900-06-26 15:00:00+01:00;19.3;12.5495511
1900-06-26 16:00:00+01:00;19.1;13.56070948
1900-06-26 17:00:00+01:00;18.3;14.42901072
1900-06-26 18:00:00+01:00;18;14.60851912
1900-06-26 19:00:00+01:00;14.8;15.02619996
1900-06-26 20:00:00+01:00;13.8;15.1343836
1900-06-26 21:00:00+01:00;13.4;14.49172894
1900-06-26 22:00:00+01:00;11.6;16.87050215
1900-06-26 23:00:00+01:00;10.2;15.20424593
1900-06-27 00:00:00+01:00;10.1;10.90043937
1900-06-27 01:00:00+01:00;9.5;9.053632569
1900-06-27 02:00:00+01:00;8;8.992303312
1900-06-27 03:00:00+01:00;8.7;8.638034357
1900-06-27 04:00:00+01:00;9.7;9.006125894
1900-06-27 05:00:00+01:00;10.6;10.39284551
1900-06-27 06:00:00+01:00;13.3;12.23466454
1900-06-27 07:00:00+01:00;14.9;14.47747482
1900-06-27 08:00:00+01:00;16.6;13.20879536
1900-06-27 09:00:00+01:00;19;13.32313704
1900-06-27 10:00:00+01:00;20.2;12.48202603
1900-06-27 11:00:00+01:00;21.9;11.80140724
1900-06-27 12:00:00+01:00;22.3;11.45647436
1900-06-27 13:00:00+01:00;21.7;11.10878935
1900-06-27 14:00:00+01:00;20.5;11.63108829
1900-06-27 15:00:00+01:00;20.4;12.5495511
1900-06-27 16:00:00+01:00;23.2;13.56070948
1900-06-27 17:00:00+01:00;22;14.42901072
1900-06-27 18:00:00+01:00;22.3;14.60851912
1900-06-27 19:00:00+01:00;20.2;15.02619996
1900-06-27 20:00:00+01:00;18.6;15.1343836
1900-06-27 21:00:00+01:00;16.6;14.49172894
1900-06-27 22:00:00+01:00;14.8;13.45115715
1900-06-27 23:00:00+01:00;11.6;12.89336042
1900-06-28 00:00:00+01:00;9.9;9.670065589
1900-06-28 01:00:00+01:00;9.3;7.703537238
1900-06-28 02:00:00+01:00;7;7.76936295
1900-06-28 03:00:00+01:00;7;7.746647846
1900-06-28 04:00:00+01:00;10;7.8686119
1900-06-28 05:00:00+01:00;12.7;8.88334511
1900-06-28 06:00:00+01:00;15.9;12.23466454
1900-06-28 07:00:00+01:00;17.4;14.47747482
1900-06-28 08:00:00+01:00;19;13.20879536
1900-06-28 09:00:00+01:00;20.5;13.32313704
1900-06-28 10:00:00+01:00;22.9;12.48202603
1900-06-28 11:00:00+01:00;24.3;11.80140724
1900-06-28 12:00:00+01:00;24;11.45647436
1900-06-28 13:00:00+01:00;23.1;11.10878935
1900-06-28 14:00:00+01:00;24.6;11.63108829
1900-06-28 15:00:00+01:00;24.6;12.5495511
1900-06-28 16:00:00+01:00;23.9;13.56070948
1900-06-28 17:00:00+01:00;22.9;14.42901072
1900-06-28 18:00:00+01:00;23.5;14.60851912
1900-06-28 19:00:00+01:00;20.1;15.02619996
1900-06-28 20:00:00+01:00;17.8;15.1343836
1900-06-28 21:00:00+01:00;16;14.49172894
1900-06-28 22:00:00+01:00;13.8;13.45115715
1900-06-28 23:00:00+01:00;13.8;11.38212153
1900-06-29 00:00:00+01:00;13.7;9.275313616
1900-06-29 01:00:00+01:00;13.2;8.4502502
1900-06-29 02:00:00+01:00;12.8;8.302588326
1900-06-29 03:00:00+01:00;13.4;8.317082357
1900-06-29 04:00:00+01:00;13.7;8.205538121
1900-06-29 05:00:00+01:00;14.2;8.88334511
1900-06-29 06:00:00+01:00;14.6;12.23466454
1900-06-29 07:00:00+01:00;16.2;14.47747482
1900-06-29 08:00:00+01:00;16.2;13.20879536
1900-06-29 09:00:00+01:00;16.2;13.32313704
1900-06-29 10:00:00+01:00;14.7;12.48202603
1900-06-29 11:00:00+01:00;14.7;11.80140724
1900-06-29 12:00:00+01:00;16;11.45647436
1900-06-29 13:00:00+01:00;16.3;11.10878935
1900-06-29 14:00:00+01:00;16;11.63108829
1900-06-29 15:00:00+01:00;16.6;12.5495511
1900-06-29 16:00:00+01:00;16.5;13.56070948
1900-06-29 17:00:00+01:00;15.7;14.42901072
1900-06-29 18:00:00+01:00;15.2;14.60851912
1900-06-29 19:00:00+01:00;15;15.02619996
1900-06-29 20:00:00+01:00;15.1;15.1343836
1900-06-29 21:00:00+01:00;14.6;14.49172894
1900-06-29 22:00:00+01:00;14.6;13.45115715
1900-06-29 23:00:00+01:00;14.3;11.38212153
1900-06-30 00:00:00+01:00;14;10.00430385
1900-06-30 01:00:00+01:00;13.6;8.950853962
1900-06-30 02:00:00+01:00;12.9;8.585526754
1900-06-30 03:00:00+01:00;13.6;8.238381169
1900-06-30 04:00:00+01:00;13.1;8.125940681
1900-06-30 05:00:00+01:00;13;8.121814287
1900-06-30 06:00:00+01:00;13.9;9.125315545
1900-06-30 07:00:00+01:00;15;10.26288343
1900-06-30 08:00:00+01:00;16.3;12.43528993
1900-06-30 09:00:00+01:00;17.8;14.94657639
1900-06-30 10:00:00+01:00;18.5;15.05329477
1900-06-30 11:00:00+01:00;18.2;14.65838221
1900-06-30 12:00:00+01:00;19;13.93552223
1900-06-30 13:00:00+01:00;17.3;13.5107064
1900-06-30 14:00:00+01:00;17;13.04649186
1900-06-30 15:00:00+01:00;15.5;13.02413262
1900-06-30 16:00:00+01:00;15.4;13.42589757
1900-06-30 17:00:00+01:00;15.7;13.9938906
1900-06-30 18:00:00+01:00;15.2;14.18261186
1900-06-30 19:00:00+01:00;15.6;14.59789139
1900-06-30 20:00:00+01:00;15.6;13.98881063
1900-06-30 21:00:00+01:00;14.2;13.06996115
1900-06-30 22:00:00+01:00;14.5;12.0104602
1900-06-30 23:00:00+01:00;14.3;11.33832206
1900-07-01 00:00:00+01:00;14.4;10.00430385
1900-07-01 01:00:00+01:00;14.3;8.950853962
1900-07-01 02:00:00+01:00;13.9;8.585526754
1900-07-01 03:00:00+01:00;13.7;8.238381169
1900-07-01 04:00:00+01:00;14.3;8.125940681
1900-07-01 05:00:00+01:00;14.8;8.121814287
1900-07-01 06:00:00+01:00;15.2;9.125315545
1900-07-01 07:00:00+01:00;15.5;10.26288343
1900-07-01 08:00:00+01:00;16.7;12.43528993
1900-07-01 09:00:00+01:00;18.3;14.94657639
1900-07-01 10:00:00+01:00;21.7;15.05329477
1900-07-01 11:00:00+01:00;23.4;14.65838221
1900-07-01 12:00:00+01:00;24.4;13.93552223
1900-07-01 13:00:00+01:00;24.9;13.5107064
1900-07-01 14:00:00+01:00;24.4;13.04649186
1900-07-01 15:00:00+01:00;24.6;13.02413262
1900-07-01 16:00:00+01:00;24.3;13.42589757
1900-07-01 17:00:00+01:00;24;13.9938906
1900-07-01 18:00:00+01:00;23.2;14.18261186
1900-07-01 19:00:00+01:00;22.4;14.59789139
1900-07-01 20:00:00+01:00;21;13.98881063
1900-07-01 21:00:00+01:00;19.4;13.06996115
1900-07-01 22:00:00+01:00;18.4;12.0104602
1900-07-01 23:00:00+01:00;18.3;11.33832206
1900-07-02 00:00:00+01:00;18.5;9.275313616
1900-07-02 01:00:00+01:00;18.4;8.4502502
1900-07-02 02:00:00+01:00;18.2;8.302588326
1900-07-02 03:00:00+01:00;18.2;8.317082357
1900-07-02 04:00:00+01:00;17.5;8.205538121
1900-07-02 05:00:00+01:00;17.2;8.88334511
1900-07-02 06:00:00+01:00;17;12.23466454
1900-07-02 07:00:00+01:00;17.4;14.47747482
1900-07-02 08:00:00+01:00;18;13.20879536
1900-07-02 09:00:00+01:00;18.3;13.32313704
1900-07-02 10:00:00+01:00;19.3;12.48202603
1900-07-02 11:00:00+01:00;20.6;11.80140724
1900-07-02 12:00:00+01:00;23.5;11.45647436
1900-07-02 13:00:00+01:00;25.9;11.10878935
1900-07-02 14:00:00+01:00;27.4;11.63108829
1900-07-02 15:00:00+01:00;27.6;12.5495511
1900-07-02 16:00:00+01:00;28.4;13.56070948
1900-07-02 17:00:00+01:00;28.1;14.42901072
1900-07-02 18:00:00+01:00;27.1;14.60851912
1900-07-02 19:00:00+01:00;26.6;15.02619996
1900-07-02 20:00:00+01:00;25.2;15.1343836
1900-07-02 21:00:00+01:00;23;14.49172894
1900-07-02 22:00:00+01:00;21.7;13.45115715
1900-07-02 23:00:00+01:00;20.5;11.38212153
1900-07-03 00:00:00+01:00;19.2;9.275313616
1900-07-03 01:00:00+01:00;18.6;8.4502502
1900-07-03 02:00:00+01:00;17.9;8.302588326
1900-07-03 03:00:00+01:00;17.8;8.317082357
1900-07-03 04:00:00+01:00;18;8.205538121
1900-07-03 05:00:00+01:00;18.7;8.88334511
1900-07-03 06:00:00+01:00;21.1;12.23466454
1900-07-03 07:00:00+01:00;24;14.47747482
1900-07-03 08:00:00+01:00;26.1;13.20879536
1900-07-03 09:00:00+01:00;26.9;13.32313704
1900-07-03 10:00:00+01:00;27;12.48202603
1900-07-03 11:00:00+01:00;27.5;11.80140724
1900-07-03 12:00:00+01:00;29;11.45647436
1900-07-03 13:00:00+01:00;28.6;11.10878935
1900-07-03 14:00:00+01:00;28.7;11.63108829
1900-07-03 15:00:00+01:00;29.8;12.5495511
1900-07-03 16:00:00+01:00;29.5;13.56070948
1900-07-03 17:00:00+01:00;28;14.42901072
1900-07-03 18:00:00+01:00;27;14.60851912
1900-07-03 19:00:00+01:00;25.3;15.02619996
1900-07-03 20:00:00+01:00;23.1;15.1343836
1900-07-03 21:00:00+01:00;21.6;14.49172894
1900-07-03 22:00:00+01:00;20.1;13.45115715
1900-07-03 23:00:00+01:00;19.5;11.38212153
1900-07-04 00:00:00+01:00;19.1;9.275313616
1900-07-04 01:00:00+01:00;18.8;8.4502502
1900-07-04 02:00:00+01:00;18.8;8.302588326
1900-07-04 03:00:00+01:00;18.1;8.317082357
1900-07-04 04:00:00+01:00;16.4;8.205538121
1900-07-04 05:00:00+01:00;16;8.88334511
1900-07-04 06:00:00+01:00;16.3;12.23466454
1900-07-04 07:00:00+01:00;17.4;14.47747482
1900-07-04 08:00:00+01:00;18.4;13.20879536
1900-07-04 09:00:00+01:00;19.7;13.32313704
1900-07-04 10:00:00+01:00;20.8;12.48202603
1900-07-04 11:00:00+01:00;19.6;11.80140724
1900-07-04 12:00:00+01:00;19.6;11.45647436
1900-07-04 13:00:00+01:00;20;11.10878935
1900-07-04 14:00:00+01:00;20.3;11.63108829
1900-07-04 15:00:00+01:00;19.7;12.5495511
1900-07-04 16:00:00+01:00;19.8;13.56070948
1900-07-04 17:00:00+01:00;20.4;14.42901072
1900-07-04 18:00:00+01:00;19.7;14.60851912
1900-07-04 19:00:00+01:00;18.5;15.02619996
1900-07-04 20:00:00+01:00;17.6;15.1343836
1900-07-04 21:00:00+01:00;16.5;14.49172894
1900-07-04 22:00:00+01:00;15.7;13.45115715
1900-07-04 23:00:00+01:00;15.3;11.38212153
1900-07-05 00:00:00+01:00;14.9;9.275313616
1900-07-05 01:00:00+01:00;14.8;8.4502502
1900-07-05 02:00:00+01:00;14.2;8.302588326
1900-07-05 03:00:00+01:00;13.7;8.317082357
1900-07-05 04:00:00+01:00;13.5;8.205538121
1900-07-05 05:00:00+01:00;13.2;8.88334511
1900-07-05 06:00:00+01:00;14.6;12.23466454
1900-07-05 07:00:00+01:00;15.6;14.47747482
1900-07-05 08:00:00+01:00;16.5;13.20879536
1900-07-05 09:00:00+01:00;17.7;13.32313704
1900-07-05 10:00:00+01:00;17.8;12.48202603
1900-07-05 11:00:00+01:00;17.4;11.80140724
1900-07-05 12:00:00+01:00;17.7;11.45647436
1900-07-05 13:00:00+01:00;17.9;11.10878935
1900-07-05 14:00:00+01:00;18.6;11.63108829
1900-07-05 15:00:00+01:00;19.8;12.5495511
1900-07-05 16:00:00+01:00;19.1;13.56070948
1900-07-05 17:00:00+01:00;18.7;14.42901072
1900-07-05 18:00:00+01:00;17.9;14.60851912
1900-07-05 19:00:00+01:00;17.5;15.02619996
1900-07-05 20:00:00+01:00;16.8;15.1343836
1900-07-05 21:00:00+01:00;16.1;14.49172894
1900-07-05 22:00:00+01:00;15;13.45115715
1900-07-05 23:00:00+01:00;13.8;11.38212153
1900-07-06 00:00:00+01:00;12.3;9.275313616
1900-07-06 01:00:00+01:00;11.6;8.4502502
1900-07-06 02:00:00+01:00;11;8.302588326
1900-07-06 03:00:00+01:00;10.4;8.317082357
1900-07-06 04:00:00+01:00;11.5;8.205538121
1900-07-06 05:00:00+01:00;12.4;8.88334511
1900-07-06 06:00:00+01:00;13.5;12.23466454
1900-07-06 07:00:00+01:00;15.2;14.47747482
1900-07-06 08:00:00+01:00;15.6;13.20879536
1900-07-06 09:00:00+01:00;16.8;13.32313704
1900-07-06 10:00:00+01:00;18;12.48202603
1900-07-06 11:00:00+01:00;20;11.80140724
1900-07-06 12:00:00+01:00;20.9;11.45647436
1900-07-06 13:00:00+01:00;21.5;11.10878935
1900-07-06 14:00:00+01:00;22;11.63108829
1900-07-06 15:00:00+01:00;22.5;12.5495511
1900-07-06 16:00:00+01:00;22.4;13.56070948
1900-07-06 17:00:00+01:00;21.6;14.42901072
1900-07-06 18:00:00+01:00;21.1;14.60851912
1900-07-06 19:00:00+01:00;20.1;15.02619996
1900-07-06 20:00:00+01:00;18.6;15.1343836
1900-07-06 21:00:00+01:00;17.7;14.49172894
1900-07-06 22:00:00+01:00;16.6;13.45115715
1900-07-06 23:00:00+01:00;15.6;11.38212153
1900-07-07 00:00:00+01:00;15.3;10.00430385
1900-07-07 01:00:00+01:00;15.2;8.950853962
1900-07-07 02:00:00+01:00;15.3;8.585526754
1900-07-07 03:00:00+01:00;15.1;8.238381169
1900-07-07 04:00:00+01:00;15.6;8.125940681
1900-07-07 05:00:00+01:00;17.3;8.121814287
1900-07-07 06:00:00+01:00;17.5;9.125315545
1900-07-07 07:00:00+01:00;17.2;10.26288343
1900-07-07 08:00:00+01:00;17.5;12.43528993
1900-07-07 09:00:00+01:00;17.4;14.94657639
1900-07-07 10:00:00+01:00;17.2;15.05329477
1900-07-07 11:00:00+01:00;17.8;14.65838221
1900-07-07 12:00:00+01:00;17.6;13.93552223
1900-07-07 13:00:00+01:00;18;13.5107064
1900-07-07 14:00:00+01:00;16.8;13.04649186
1900-07-07 15:00:00+01:00;17;13.02413262
1900-07-07 16:00:00+01:00;16.2;13.42589757
1900-07-07 17:00:00+01:00;15.7;13.9938906
1900-07-07 18:00:00+01:00;14.4;14.18261186
1900-07-07 19:00:00+01:00;14.2;14.59789139
1900-07-07 20:00:00+01:00;14.1;13.98881063
1900-07-07 21:00:00+01:00;13.6;13.06996115
1900-07-07 22:00:00+01:00;13.2;12.0104602
1900-07-07 23:00:00+01:00;13.3;11.33832206
1900-07-08 00:00:00+01:00;13.1;10.00430385
1900-07-08 01:00:00+01:00;13.1;8.950853962
1900-07-08 02:00:00+01:00;13.4;8.585526754
1900-07-08 03:00:00+01:00;13.3;8.238381169
1900-07-08 04:00:00+01:00;13.3;8.125940681
1900-07-08 05:00:00+01:00;13.5;8.121814287
1900-07-08 06:00:00+01:00;14;9.125315545
1900-07-08 07:00:00+01:00;14.3;10.26288343
1900-07-08 08:00:00+01:00;15;12.43528993
1900-07-08 09:00:00+01:00;15.9;14.94657639
1900-07-08 10:00:00+01:00;16.1;15.05329477
1900-07-08 11:00:00+01:00;15.5;14.65838221
1900-07-08 12:00:00+01:00;17;13.93552223
1900-07-08 13:00:00+01:00;17.1;13.5107064
1900-07-08 14:00:00+01:00;17.1;13.04649186
1900-07-08 15:00:00+01:00;16.9;13.02413262
1900-07-08 16:00:00+01:00;15.8;13.42589757
1900-07-08 17:00:00+01:00;15.3;13.9938906
1900-07-08 18:00:00+01:00;15.2;14.18261186
1900-07-08 19:00:00+01:00;15;14.59789139
1900-07-08 20:00:00+01:00;14.9;13.98881063
1900-07-08 21:00:00+01:00;14.6;13.06996115
1900-07-08 22:00:00+01:00;14.3;12.0104602
1900-07-08 23:00:00+01:00;14.5;11.33832206
1900-07-09 00:00:00+01:00;14.5;7.746014804
1900-07-09 01:00:00+01:00;14.4;6.814036441
1900-07-09 02:00:00+01:00;14;6.414350656
1900-07-09 03:00:00+01:00;14.1;6.247847655
1900-07-09 04:00:00+01:00;14.1;6.197174135
1900-07-09 05:00:00+01:00;14;6.477242704
1900-07-09 06:00:00+01:00;14.4;7.782275678
1900-07-09 07:00:00+01:00;11.4;12.6132178
1900-07-09 08:00:00+01:00;10.9;15.43109166
1900-07-09 09:00:00+01:00;10.7;20.63276354
1900-07-09 10:00:00+01:00;11;21.12597387
1900-07-09 11:00:00+01:00;11.7;19.87172527
1900-07-09 12:00:00+01:00;11.7;18.5143796
1900-07-09 13:00:00+01:00;11.6;18.0683009
1900-07-09 14:00:00+01:00;12;17.20288509
1900-07-09 15:00:00+01:00;12.4;17.16152951
1900-07-09 16:00:00+01:00;12.5;17.77239915
1900-07-09 17:00:00+01:00;14.6;12.57229992
1900-07-09 18:00:00+01:00;14.2;12.56531786
1900-07-09 19:00:00+01:00;13.9;12.65904789
1900-07-09 20:00:00+01:00;13.1;12.360916
1900-07-09 21:00:00+01:00;12.7;16.38527187
1900-07-09 22:00:00+01:00;12.6;14.38133342
1900-07-09 23:00:00+01:00;12.6;9.079400178
1900-07-10 00:00:00+01:00;12.2;7.746014804
1900-07-10 01:00:00+01:00;12;6.814036441
1900-07-10 02:00:00+01:00;12.2;6.414350656
1900-07-10 03:00:00+01:00;12.1;6.247847655
1900-07-10 04:00:00+01:00;12.4;6.197174135
1900-07-10 05:00:00+01:00;12.7;6.477242704
1900-07-10 06:00:00+01:00;13;7.782275678
1900-07-10 07:00:00+01:00;13.4;9.455578726
1900-07-10 08:00:00+01:00;14.6;10.46240859
1900-07-10 09:00:00+01:00;14.8;12.28674888
1900-07-10 10:00:00+01:00;15.7;12.78154746
1900-07-10 11:00:00+01:00;16;12.61087501
1900-07-10 12:00:00+01:00;16.3;11.53454482
1900-07-10 13:00:00+01:00;16.3;11.31049484
1900-07-10 14:00:00+01:00;16.5;11.17622535
1900-07-10 15:00:00+01:00;16.8;11.36452058
1900-07-10 16:00:00+01:00;18.2;11.95429715
1900-07-10 17:00:00+01:00;17.6;12.57229992
1900-07-10 18:00:00+01:00;16.6;12.56531786
1900-07-10 19:00:00+01:00;15.4;12.65904789
1900-07-10 20:00:00+01:00;15.3;12.360916
1900-07-10 21:00:00+01:00;14.8;11.52735758
1900-07-10 22:00:00+01:00;13.9;10.27908468
1900-07-10 23:00:00+01:00;12.4;9.079400178
1900-07-11 00:00:00+01:00;11.6;7.746014804
1900-07-11 01:00:00+01:00;11.2;6.814036441
1900-07-11 02:00:00+01:00;11.3;6.414350656
1900-07-11 03:00:00+01:00;11.1;6.247847655
1900-07-11 04:00:00+01:00;10.8;7.090876195
1900-07-11 05:00:00+01:00;11.5;6.477242704
1900-07-11 06:00:00+01:00;11.8;9.42935585
1900-07-11 07:00:00+01:00;13;9.455578726
1900-07-11 08:00:00+01:00;14.6;10.46240859
1900-07-11 09:00:00+01:00;17;12.28674888
1900-07-11 10:00:00+01:00;17.4;12.78154746
1900-07-11 11:00:00+01:00;18.9;12.61087501
1900-07-11 12:00:00+01:00;19.6;11.53454482
1900-07-11 13:00:00+01:00;18.1;11.31049484
1900-07-11 14:00:00+01:00;19.1;11.17622535
1900-07-11 15:00:00+01:00;18.2;11.36452058
1900-07-11 16:00:00+01:00;16.8;11.95429715
1900-07-11 17:00:00+01:00;16.4;12.57229992
1900-07-11 18:00:00+01:00;16;12.56531786
1900-07-11 19:00:00+01:00;16;12.65904789
1900-07-11 20:00:00+01:00;15.2;12.360916
1900-07-11 21:00:00+01:00;15;11.52735758
1900-07-11 22:00:00+01:00;14.5;10.27908468
1900-07-11 23:00:00+01:00;14.2;9.079400178
1900-07-12 00:00:00+01:00;13.8;7.746014804
1900-07-12 01:00:00+01:00;13.6;6.814036441
1900-07-12 02:00:00+01:00;13;6.414350656
1900-07-12 03:00:00+01:00;12.5;6.247847655
1900-07-12 04:00:00+01:00;12.5;6.197174135
1900-07-12 05:00:00+01:00;12.4;6.477242704
1900-07-12 06:00:00+01:00;12.6;7.782275678
1900-07-12 07:00:00+01:00;14.3;9.455578726
1900-07-12 08:00:00+01:00;15.2;10.46240859
1900-07-12 09:00:00+01:00;15.8;12.28674888
1900-07-12 10:00:00+01:00;16.5;12.78154746
1900-07-12 11:00:00+01:00;17.2;12.61087501
1900-07-12 12:00:00+01:00;14.6;11.53454482
1900-07-12 13:00:00+01:00;12.2;17.40517887
1900-07-12 14:00:00+01:00;13.8;11.17622535
1900-07-12 15:00:00+01:00;15.6;11.36452058
1900-07-12 16:00:00+01:00;15.7;11.95429715
1900-07-12 17:00:00+01:00;15.4;12.57229992
1900-07-12 18:00:00+01:00;14.5;12.56531786
1900-07-12 19:00:00+01:00;14.2;12.65904789
1900-07-12 20:00:00+01:00;12.9;17.6640767
1900-07-12 21:00:00+01:00;12;16.1074208
1900-07-12 22:00:00+01:00;11;14.61760673
1900-07-12 23:00:00+01:00;9.9;13.12016683
1900-07-13 00:00:00+01:00;10.2;11.09102159
1900-07-13 01:00:00+01:00;10.2;9.527088466
1900-07-13 02:00:00+01:00;9.8;8.260767552
1900-07-13 03:00:00+01:00;8.6;8.693163829
1900-07-13 04:00:00+01:00;9.2;8.389382903
1900-07-13 05:00:00+01:00;11.2;6.477242704
1900-07-13 06:00:00+01:00;12.6;7.782275678
1900-07-13 07:00:00+01:00;12.8;9.455578726
1900-07-13 08:00:00+01:00;12.3;15.17117466
1900-07-13 09:00:00+01:00;13.5;12.28674888
1900-07-13 10:00:00+01:00;13.9;18.88798753
1900-07-13 11:00:00+01:00;14.4;12.61087501
1900-07-13 12:00:00+01:00;15;11.53454482
1900-07-13 13:00:00+01:00;16.2;11.31049484
1900-07-13 14:00:00+01:00;16.8;11.17622535
1900-07-13 15:00:00+01:00;17;11.36452058
1900-07-13 16:00:00+01:00;16.8;11.95429715
1900-07-13 17:00:00+01:00;17.2;12.57229992
1900-07-13 18:00:00+01:00;16.9;12.56531786
1900-07-13 19:00:00+01:00;15.5;12.65904789
1900-07-13 20:00:00+01:00;14.9;12.360916
1900-07-13 21:00:00+01:00;14.4;11.52735758
1900-07-13 22:00:00+01:00;12.9;14.10883747
1900-07-13 23:00:00+01:00;11.8;12.19087635
1900-07-14 00:00:00+01:00;11.8;7.746014804
1900-07-14 01:00:00+01:00;10.5;9.466306084
1900-07-14 02:00:00+01:00;9.6;8.301694505
1900-07-14 03:00:00+01:00;8;8.776416528
1900-07-14 04:00:00+01:00;9.3;8.141537738
1900-07-14 05:00:00+01:00;10.6;8.012011833
1900-07-14 06:00:00+01:00;13;7.782275678
1900-07-14 07:00:00+01:00;14;9.455578726
1900-07-14 08:00:00+01:00;14.7;10.46240859
1900-07-14 09:00:00+01:00;15.8;12.28674888
1900-07-14 10:00:00+01:00;16.1;12.78154746
1900-07-14 11:00:00+01:00;17.1;12.61087501
1900-07-14 12:00:00+01:00;17.8;11.53454482
1900-07-14 13:00:00+01:00;19;11.31049484
1900-07-14 14:00:00+01:00;19.9;11.17622535
1900-07-14 15:00:00+01:00;20;11.36452058
1900-07-14 16:00:00+01:00;20.4;11.95429715
1900-07-14 17:00:00+01:00;20.5;12.57229992
1900-07-14 18:00:00+01:00;18.5;12.56531786
1900-07-14 19:00:00+01:00;17.5;12.65904789
1900-07-14 20:00:00+01:00;16.2;12.360916
1900-07-14 21:00:00+01:00;15.5;11.52735758
1900-07-14 22:00:00+01:00;14.3;10.27908468
1900-07-14 23:00:00+01:00;13.4;9.079400178
1900-07-15 00:00:00+01:00;12.6;7.746014804
1900-07-15 01:00:00+01:00;12.3;6.814036441
1900-07-15 02:00:00+01:00;12;6.414350656
1900-07-15 03:00:00+01:00;12.1;6.247847655
1900-07-15 04:00:00+01:00;12.5;6.197174135
1900-07-15 05:00:00+01:00;12.8;6.477242704
1900-07-15 06:00:00+01:00;14.1;7.782275678
1900-07-15 07:00:00+01:00;15.8;9.455578726
1900-07-15 08:00:00+01:00;16.4;10.46240859
1900-07-15 09:00:00+01:00;18.8;12.28674888
1900-07-15 10:00:00+01:00;20.2;12.78154746
1900-07-15 11:00:00+01:00;21.4;12.61087501
1900-07-15 12:00:00+01:00;20.3;11.53454482
1900-07-15 13:00:00+01:00;22.1;11.31049484
1900-07-15 14:00:00+01:00;21.1;11.17622535
1900-07-15 15:00:00+01:00;21;11.36452058
1900-07-15 16:00:00+01:00;21.2;11.95429715
1900-07-15 17:00:00+01:00;21;12.57229992
1900-07-15 18:00:00+01:00;21;12.56531786
1900-07-15 19:00:00+01:00;20.3;12.65904789
1900-07-15 20:00:00+01:00;19.9;12.360916
1900-07-15 21:00:00+01:00;19.3;11.52735758
1900-07-15 22:00:00+01:00;18.4;10.27908468
1900-07-15 23:00:00+01:00;17.4;9.079400178
1900-07-16 00:00:00+01:00;16.4;7.746014804
1900-07-16 01:00:00+01:00;15.4;6.814036441
1900-07-16 02:00:00+01:00;15.1;6.414350656
1900-07-16 03:00:00+01:00;15;6.247847655
1900-07-16 04:00:00+01:00;15.2;6.197174135
1900-07-16 05:00:00+01:00;15.4;6.477242704
1900-07-16 06:00:00+01:00;16.4;7.782275678
1900-07-16 07:00:00+01:00;17.6;9.455578726
1900-07-16 08:00:00+01:00;19;10.46240859
1900-07-16 09:00:00+01:00;18.6;12.28674888
1900-07-16 10:00:00+01:00;20.2;12.78154746
1900-07-16 11:00:00+01:00;20.7;12.61087501
1900-07-16 12:00:00+01:00;23;11.53454482
1900-07-16 13:00:00+01:00;22.9;11.31049484
1900-07-16 14:00:00+01:00;23.8;11.17622535
1900-07-16 15:00:00+01:00;23.5;11.36452058
1900-07-16 16:00:00+01:00;23;11.95429715
1900-07-16 17:00:00+01:00;23.1;12.57229992
1900-07-16 18:00:00+01:00;22.3;12.56531786
1900-07-16 19:00:00+01:00;22;12.65904789
1900-07-16 20:00:00+01:00;20.9;12.360916
1900-07-16 21:00:00+01:00;18.7;11.52735758
1900-07-16 22:00:00+01:00;16.5;10.27908468
1900-07-16 23:00:00+01:00;15.9;9.079400178
1900-07-17 00:00:00+01:00;16;7.746014804
1900-07-17 01:00:00+01:00;15;6.814036441
1900-07-17 02:00:00+01:00;14.9;6.414350656
1900-07-17 03:00:00+01:00;14.2;6.247847655
1900-07-17 04:00:00+01:00;13.4;6.197174135
1900-07-17 05:00:00+01:00;14.5;6.477242704
1900-07-17 06:00:00+01:00;16.3;7.782275678
1900-07-17 07:00:00+01:00;18.3;9.455578726
1900-07-17 08:00:00+01:00;19.2;10.46240859
1900-07-17 09:00:00+01:00;19.9;12.28674888
1900-07-17 10:00:00+01:00;21;12.78154746
1900-07-17 11:00:00+01:00;22.2;12.61087501
1900-07-17 12:00:00+01:00;22.8;11.53454482
1900-07-17 13:00:00+01:00;24.1;11.31049484
1900-07-17 14:00:00+01:00;25;11.17622535
1900-07-17 15:00:00+01:00;23.7;11.36452058
1900-07-17 16:00:00+01:00;24.6;11.95429715
1900-07-17 17:00:00+01:00;22.8;12.57229992
1900-07-17 18:00:00+01:00;24.3;12.56531786
1900-07-17 19:00:00+01:00;23;12.65904789
1900-07-17 20:00:00+01:00;19.5;12.360916
1900-07-17 21:00:00+01:00;18.1;11.52735758
1900-07-17 22:00:00+01:00;17.1;10.27908468
1900-07-17 23:00:00+01:00;16;9.079400178
1900-07-18 00:00:00+01:00;13.9;7.746014804
1900-07-18 01:00:00+01:00;12.8;6.814036441
1900-07-18 02:00:00+01:00;11.9;6.414350656
1900-07-18 03:00:00+01:00;11.5;6.247847655
1900-07-18 04:00:00+01:00;11.3;6.197174135
1900-07-18 05:00:00+01:00;12;6.477242704
1900-07-18 06:00:00+01:00;14.8;7.782275678
1900-07-18 07:00:00+01:00;16.3;9.455578726
1900-07-18 08:00:00+01:00;17.4;10.46240859
1900-07-18 09:00:00+01:00;19.4;12.28674888
1900-07-18 10:00:00+01:00;20.6;12.78154746
1900-07-18 11:00:00+01:00;23;12.61087501
1900-07-18 12:00:00+01:00;24.8;11.53454482
1900-07-18 13:00:00+01:00;25.6;11.31049484
1900-07-18 14:00:00+01:00;24;11.17622535
1900-07-18 15:00:00+01:00;25.4;11.36452058
1900-07-18 16:00:00+01:00;22.2;11.95429715
1900-07-18 17:00:00+01:00;21.9;12.57229992
1900-07-18 18:00:00+01:00;20.8;12.56531786
1900-07-18 19:00:00+01:00;18.4;12.65904789
1900-07-18 20:00:00+01:00;18;12.360916
1900-07-18 21:00:00+01:00;17.7;11.52735758
1900-07-18 22:00:00+01:00;17;10.27908468
1900-07-18 23:00:00+01:00;16.2;9.079400178
1900-07-19 00:00:00+01:00;16.1;7.746014804
1900-07-19 01:00:00+01:00;15.5;6.814036441
1900-07-19 02:00:00+01:00;15;6.414350656
1900-07-19 03:00:00+01:00;15.5;6.247847655
1900-07-19 04:00:00+01:00;15.4;6.197174135
1900-07-19 05:00:00+01:00;15.3;6.477242704
1900-07-19 06:00:00+01:00;15.5;7.782275678
1900-07-19 07:00:00+01:00;15.1;9.455578726
1900-07-19 08:00:00+01:00;14;10.46240859
1900-07-19 09:00:00+01:00;14.2;12.28674888
1900-07-19 10:00:00+01:00;15.8;12.78154746
1900-07-19 11:00:00+01:00;16.4;12.61087501
1900-07-19 12:00:00+01:00;15.9;11.53454482
1900-07-19 13:00:00+01:00;17.8;11.31049484
1900-07-19 14:00:00+01:00;18.4;11.17622535
1900-07-19 15:00:00+01:00;19.2;11.36452058
1900-07-19 16:00:00+01:00;19;11.95429715
1900-07-19 17:00:00+01:00;18.4;12.57229992
1900-07-19 18:00:00+01:00;17.7;12.56531786
1900-07-19 19:00:00+01:00;16.6;12.65904789
1900-07-19 20:00:00+01:00;16.1;12.360916
1900-07-19 21:00:00+01:00;14.8;11.52735758
1900-07-19 22:00:00+01:00;13.5;10.27908468
1900-07-19 23:00:00+01:00;13.2;9.079400178
1900-07-20 00:00:00+01:00;13;7.746014804
1900-07-20 01:00:00+01:00;13;6.814036441
1900-07-20 02:00:00+01:00;13.1;6.414350656
1900-07-20 03:00:00+01:00;13;6.247847655
1900-07-20 04:00:00+01:00;13;6.197174135
1900-07-20 05:00:00+01:00;13.4;6.477242704
1900-07-20 06:00:00+01:00;14;7.782275678
1900-07-20 07:00:00+01:00;13.7;9.455578726
1900-07-20 08:00:00+01:00;13.5;10.46240859
1900-07-20 09:00:00+01:00;13.8;12.28674888
1900-07-20 10:00:00+01:00;14.8;12.78154746
1900-07-20 11:00:00+01:00;16.1;12.61087501
1900-07-20 12:00:00+01:00;17.8;11.53454482
1900-07-20 13:00:00+01:00;19;11.31049484
1900-07-20 14:00:00+01:00;20.2;11.17622535
1900-07-20 15:00:00+01:00;15.5;11.36452058
1900-07-20 16:00:00+01:00;17.4;11.95429715
1900-07-20 17:00:00+01:00;19;12.57229992
1900-07-20 18:00:00+01:00;18.3;12.56531786
1900-07-20 19:00:00+01:00;18.2;12.65904789
1900-07-20 20:00:00+01:00;16.7;12.360916
1900-07-20 21:00:00+01:00;15.3;11.52735758
1900-07-20 22:00:00+01:00;14.7;10.27908468
1900-07-20 23:00:00+01:00;14.3;9.079400178
1900-07-21 00:00:00+01:00;12.7;7.746014804
1900-07-21 01:00:00+01:00;13.3;6.814036441
1900-07-21 02:00:00+01:00;13.6;6.414350656
1900-07-21 03:00:00+01:00;13.9;6.247847655
1900-07-21 04:00:00+01:00;13.6;6.197174135
1900-07-21 05:00:00+01:00;13.8;6.477242704
1900-07-21 06:00:00+01:00;14.7;7.782275678
1900-07-21 07:00:00+01:00;15.4;9.455578726
1900-07-21 08:00:00+01:00;16.1;10.46240859
1900-07-21 09:00:00+01:00;18.6;12.28674888
1900-07-21 10:00:00+01:00;19.3;12.78154746
1900-07-21 11:00:00+01:00;19.5;12.61087501
1900-07-21 12:00:00+01:00;20.6;11.53454482
1900-07-21 13:00:00+01:00;21.8;11.31049484
1900-07-21 14:00:00+01:00;22.6;11.17622535
1900-07-21 15:00:00+01:00;24;11.36452058
1900-07-21 16:00:00+01:00;23.9;11.95429715
1900-07-21 17:00:00+01:00;22.4;12.57229992
1900-07-21 18:00:00+01:00;21;12.56531786
1900-07-21 19:00:00+01:00;20;12.65904789
1900-07-21 20:00:00+01:00;18.9;12.360916
1900-07-21 21:00:00+01:00;18.1;11.52735758
1900-07-21 22:00:00+01:00;17.3;10.27908468
1900-07-21 23:00:00+01:00;15.6;9.079400178
1900-07-22 00:00:00+01:00;15;7.746014804
1900-07-22 01:00:00+01:00;14.6;6.814036441
1900-07-22 02:00:00+01:00;13.6;6.414350656
1900-07-22 03:00:00+01:00;12.9;6.247847655
1900-07-22 04:00:00+01:00;13.2;6.197174135
1900-07-22 05:00:00+01:00;13.5;6.477242704
1900-07-22 06:00:00+01:00;14.4;7.782275678
1900-07-22 07:00:00+01:00;16.2;9.455578726
1900-07-22 08:00:00+01:00;16;10.46240859
1900-07-22 09:00:00+01:00;16.2;12.28674888
1900-07-22 10:00:00+01:00;16.4;12.78154746
1900-07-22 11:00:00+01:00;15.8;12.61087501
1900-07-22 12:00:00+01:00;16.7;11.53454482
1900-07-22 13:00:00+01:00;17;11.31049484
1900-07-22 14:00:00+01:00;18.9;11.17622535
1900-07-22 15:00:00+01:00;19.6;11.36452058
1900-07-22 16:00:00+01:00;19;11.95429715
1900-07-22 17:00:00+01:00;17.9;12.57229992
1900-07-22 18:00:00+01:00;18;12.56531786
1900-07-22 19:00:00+01:00;18.5;12.65904789
1900-07-22 20:00:00+01:00;18;12.360916
1900-07-22 21:00:00+01:00;15.6;11.52735758
1900-07-22 22:00:00+01:00;13.6;10.27908468
1900-07-22 23:00:00+01:00;12.5;9.079400178
1900-07-23 00:00:00+01:00;12;7.746014804
1900-07-23 01:00:00+01:00;11.8;6.814036441
1900-07-23 02:00:00+01:00;10.5;7.070888505
1900-07-23 03:00:00+01:00;10;7.098245441
1900-07-23 04:00:00+01:00;9;7.542166738
1900-07-23 05:00:00+01:00;10;7.500497507
1900-07-23 06:00:00+01:00;12.3;7.782275678
1900-07-23 07:00:00+01:00;14.1;9.455578726
1900-07-23 08:00:00+01:00;15.6;10.46240859
1900-07-23 09:00:00+01:00;17.1;12.28674888
1900-07-23 10:00:00+01:00;18.5;12.78154746
1900-07-23 11:00:00+01:00;20.5;12.61087501
1900-07-23 12:00:00+01:00;21.5;11.53454482
1900-07-23 13:00:00+01:00;22;11.31049484
1900-07-23 14:00:00+01:00;22.9;11.17622535
1900-07-23 15:00:00+01:00;23.3;11.36452058
1900-07-23 16:00:00+01:00;23.6;11.95429715
1900-07-23 17:00:00+01:00;23.4;12.57229992
1900-07-23 18:00:00+01:00;22.7;12.56531786
1900-07-23 19:00:00+01:00;20.8;12.65904789
1900-07-23 20:00:00+01:00;19.2;12.360916
1900-07-23 21:00:00+01:00;17.1;11.52735758
1900-07-23 22:00:00+01:00;16;10.27908468
1900-07-23 23:00:00+01:00;15.5;9.079400178
1900-07-24 00:00:00+01:00;15.2;7.746014804
1900-07-24 01:00:00+01:00;14;6.814036441
1900-07-24 02:00:00+01:00;12.8;6.414350656
1900-07-24 03:00:00+01:00;12.9;6.247847655
1900-07-24 04:00:00+01:00;13;6.197174135
1900-07-24 05:00:00+01:00;13;6.477242704
1900-07-24 06:00:00+01:00;15;7.782275678
1900-07-24 07:00:00+01:00;16.6;9.455578726
1900-07-24 08:00:00+01:00;19;10.46240859
1900-07-24 09:00:00+01:00;19;12.28674888
1900-07-24 10:00:00+01:00;21.3;12.78154746
1900-07-24 11:00:00+01:00;22;12.61087501
1900-07-24 12:00:00+01:00;22.4;11.53454482
1900-07-24 13:00:00+01:00;22.2;11.31049484
1900-07-24 14:00:00+01:00;22.6;11.17622535
1900-07-24 15:00:00+01:00;22.1;11.36452058
1900-07-24 16:00:00+01:00;21.3;11.95429715
1900-07-24 17:00:00+01:00;20.7;12.57229992
1900-07-24 18:00:00+01:00;20;12.56531786
1900-07-24 19:00:00+01:00;19;12.65904789
1900-07-24 20:00:00+01:00;17.9;12.360916
1900-07-24 21:00:00+01:00;17.5;11.52735758
1900-07-24 22:00:00+01:00;17;10.27908468
1900-07-24 23:00:00+01:00;16;9.079400178
1900-07-25 00:00:00+01:00;14.8;7.746014804
1900-07-25 01:00:00+01:00;14.6;6.814036441
1900-07-25 02:00:00+01:00;14.4;6.414350656
1900-07-25 03:00:00+01:00;13.6;6.247847655
1900-07-25 04:00:00+01:00;13.4;6.197174135
1900-07-25 05:00:00+01:00;13.2;6.477242704
1900-07-25 06:00:00+01:00;14;7.782275678
1900-07-25 07:00:00+01:00;15;9.455578726
1900-07-25 08:00:00+01:00;16;10.46240859
1900-07-25 09:00:00+01:00;15.6;12.28674888
1900-07-25 10:00:00+01:00;16.5;12.78154746
1900-07-25 11:00:00+01:00;18.8;12.61087501
1900-07-25 12:00:00+01:00;19.6;11.53454482
1900-07-25 13:00:00+01:00;19.4;11.31049484
1900-07-25 14:00:00+01:00;19.9;11.17622535
1900-07-25 15:00:00+01:00;20.1;11.36452058
1900-07-25 16:00:00+01:00;21.2;11.95429715
1900-07-25 17:00:00+01:00;20.8;12.57229992
1900-07-25 18:00:00+01:00;20.3;12.56531786
1900-07-25 19:00:00+01:00;20.4;12.65904789
1900-07-25 20:00:00+01:00;17.9;12.360916
1900-07-25 21:00:00+01:00;16.9;11.52735758
1900-07-25 22:00:00+01:00;15.8;10.27908468
1900-07-25 23:00:00+01:00;16.3;9.079400178
1900-07-26 00:00:00+01:00;17.3;7.746014804
1900-07-26 01:00:00+01:00;17.2;6.814036441
1900-07-26 02:00:00+01:00;16.4;6.414350656
1900-07-26 03:00:00+01:00;16.1;6.247847655
1900-07-26 04:00:00+01:00;15.6;6.197174135
1900-07-26 05:00:00+01:00;15.9;6.477242704
1900-07-26 06:00:00+01:00;16.9;7.782275678
1900-07-26 07:00:00+01:00;18.8;9.455578726
1900-07-26 08:00:00+01:00;19.9;10.46240859
1900-07-26 09:00:00+01:00;20;12.28674888
1900-07-26 10:00:00+01:00;20.5;12.78154746
1900-07-26 11:00:00+01:00;20.6;12.61087501
1900-07-26 12:00:00+01:00;21.7;11.53454482
1900-07-26 13:00:00+01:00;21.8;11.31049484
1900-07-26 14:00:00+01:00;22.5;11.17622535
1900-07-26 15:00:00+01:00;23.3;11.36452058
1900-07-26 16:00:00+01:00;23.5;11.95429715
1900-07-26 17:00:00+01:00;23.6;12.57229992
1900-07-26 18:00:00+01:00;22.5;12.56531786
1900-07-26 19:00:00+01:00;21.4;12.65904789
1900-07-26 20:00:00+01:00;19.4;12.360916
1900-07-26 21:00:00+01:00;16.5;11.52735758
1900-07-26 22:00:00+01:00;14.5;10.27908468
1900-07-26 23:00:00+01:00;13.7;9.079400178
1900-07-27 00:00:00+01:00;12.6;7.746014804
1900-07-27 01:00:00+01:00;12.3;6.814036441
1900-07-27 02:00:00+01:00;12;6.414350656
1900-07-27 03:00:00+01:00;11.4;6.247847655
1900-07-27 04:00:00+01:00;10.6;5.789067524
1900-07-27 05:00:00+01:00;11.9;6.477242704
1900-07-27 06:00:00+01:00;13.7;7.782275678
1900-07-27 07:00:00+01:00;16.6;9.455578726
1900-07-27 08:00:00+01:00;17.5;10.46240859
1900-07-27 09:00:00+01:00;19.2;12.28674888
1900-07-27 10:00:00+01:00;21.6;12.78154746
1900-07-27 11:00:00+01:00;22.6;12.61087501
1900-07-27 12:00:00+01:00;24.5;11.53454482
1900-07-27 13:00:00+01:00;25.5;11.31049484
1900-07-27 14:00:00+01:00;26;11.17622535
1900-07-27 15:00:00+01:00;26.3;11.36452058
1900-07-27 16:00:00+01:00;25.2;11.95429715
1900-07-27 17:00:00+01:00;24.9;12.57229992
1900-07-27 18:00:00+01:00;24.2;12.56531786
1900-07-27 19:00:00+01:00;22.2;12.65904789
1900-07-27 20:00:00+01:00;20;12.360916
1900-07-27 21:00:00+01:00;18.7;11.52735758
1900-07-27 22:00:00+01:00;17.4;10.27908468
1900-07-27 23:00:00+01:00;16.7;9.079400178
1900-07-28 00:00:00+01:00;15.4;7.746014804
1900-07-28 01:00:00+01:00;14.7;6.814036441
1900-07-28 02:00:00+01:00;14;6.414350656
1900-07-28 03:00:00+01:00;13.4;6.247847655
1900-07-28 04:00:00+01:00;13.2;6.197174135
1900-07-28 05:00:00+01:00;14.9;6.477242704
1900-07-28 06:00:00+01:00;16.5;7.782275678
1900-07-28 07:00:00+01:00;17;9.455578726
1900-07-28 08:00:00+01:00;19.4;10.46240859
1900-07-28 09:00:00+01:00;20.4;12.28674888
1900-07-28 10:00:00+01:00;22;12.78154746
1900-07-28 11:00:00+01:00;23.7;12.61087501
1900-07-28 12:00:00+01:00;25;11.53454482
1900-07-28 13:00:00+01:00;25.1;11.31049484
1900-07-28 14:00:00+01:00;26.4;11.17622535
1900-07-28 15:00:00+01:00;26.5;11.36452058
1900-07-28 16:00:00+01:00;26.2;11.95429715
1900-07-28 17:00:00+01:00;25.4;12.57229992
1900-07-28 18:00:00+01:00;24.5;12.56531786
1900-07-28 19:00:00+01:00;21.8;12.65904789
1900-07-28 20:00:00+01:00;19.8;12.360916
1900-07-28 21:00:00+01:00;18;11.52735758
1900-07-28 22:00:00+01:00;17.3;10.27908468
1900-07-28 23:00:00+01:00;16.7;9.079400178
1900-07-29 00:00:00+01:00;15.7;7.746014804
1900-07-29 01:00:00+01:00;15.8;6.814036441
1900-07-29 02:00:00+01:00;15.7;6.414350656
1900-07-29 03:00:00+01:00;17;6.247847655
1900-07-29 04:00:00+01:00;17.2;6.197174135
1900-07-29 05:00:00+01:00;17.7;6.477242704
1900-07-29 06:00:00+01:00;17.6;7.782275678
1900-07-29 07:00:00+01:00;18.1;9.455578726
1900-07-29 08:00:00+01:00;18.8;10.46240859
1900-07-29 09:00:00+01:00;20.1;12.28674888
1900-07-29 10:00:00+01:00;21;12.78154746
1900-07-29 11:00:00+01:00;21.2;12.61087501
1900-07-29 12:00:00+01:00;22.3;11.53454482
1900-07-29 13:00:00+01:00;23.4;11.31049484
1900-07-29 14:00:00+01:00;24.8;11.17622535
1900-07-29 15:00:00+01:00;25.8;11.36452058
1900-07-29 16:00:00+01:00;25.5;11.95429715
1900-07-29 17:00:00+01:00;25.7;12.57229992
1900-07-29 18:00:00+01:00;26;12.56531786
1900-07-29 19:00:00+01:00;24.7;12.65904789
1900-07-29 20:00:00+01:00;22.3;12.360916
1900-07-29 21:00:00+01:00;20.4;11.52735758
1900-07-29 22:00:00+01:00;18.5;10.27908468
1900-07-29 23:00:00+01:00;16.9;9.079400178
1900-07-30 00:00:00+01:00;16.2;9.275313616
1900-07-30 01:00:00+01:00;15.4;8.4502502
1900-07-30 02:00:00+01:00;15;8.302588326
1900-07-30 03:00:00+01:00;14.6;8.317082357
1900-07-30 04:00:00+01:00;14.5;8.205538121
1900-07-30 05:00:00+01:00;14.9;8.88334511
1900-07-30 06:00:00+01:00;17;12.23466454
1900-07-30 07:00:00+01:00;19;14.47747482
1900-07-30 08:00:00+01:00;20;13.20879536
1900-07-30 09:00:00+01:00;21.9;13.32313704
1900-07-30 10:00:00+01:00;23.2;12.48202603
1900-07-30 11:00:00+01:00;24.7;11.80140724
1900-07-30 12:00:00+01:00;26.5;11.45647436
1900-07-30 13:00:00+01:00;26.8;11.10878935
1900-07-30 14:00:00+01:00;27.2;11.63108829
1900-07-30 15:00:00+01:00;27.9;12.5495511
1900-07-30 16:00:00+01:00;27.3;13.56070948
1900-07-30 17:00:00+01:00;26.8;14.42901072
1900-07-30 18:00:00+01:00;25.8;14.60851912
1900-07-30 19:00:00+01:00;23.6;15.02619996
1900-07-30 20:00:00+01:00;21.4;15.1343836
1900-07-30 21:00:00+01:00;19.5;14.49172894
1900-07-30 22:00:00+01:00;17.5;13.45115715
1900-07-30 23:00:00+01:00;16.6;11.38212153
1900-07-31 00:00:00+01:00;16;9.275313616
1900-07-31 01:00:00+01:00;15.1;8.4502502
1900-07-31 02:00:00+01:00;15.2;8.302588326
1900-07-31 03:00:00+01:00;15.1;8.317082357
1900-07-31 04:00:00+01:00;15.4;8.205538121
1900-07-31 05:00:00+01:00;15.5;8.88334511
1900-07-31 06:00:00+01:00;15.9;12.23466454
1900-07-31 07:00:00+01:00;16.6;14.47747482
1900-07-31 08:00:00+01:00;17.4;13.20879536
1900-07-31 09:00:00+01:00;19.4;13.32313704
1900-07-31 10:00:00+01:00;19.4;12.48202603
1900-07-31 11:00:00+01:00;20.1;11.80140724
1900-07-31 12:00:00+01:00;21.5;11.45647436
1900-07-31 13:00:00+01:00;22.1;11.10878935
1900-07-31 14:00:00+01:00;24.3;11.63108829
1900-07-31 15:00:00+01:00;24.6;12.5495511
1900-07-31 16:00:00+01:00;25;13.56070948
1900-07-31 17:00:00+01:00;25.2;14.42901072
1900-07-31 18:00:00+01:00;23.7;14.60851912
1900-07-31 19:00:00+01:00;22.9;15.02619996
1900-07-31 20:00:00+01:00;20.6;15.1343836
1900-07-31 21:00:00+01:00;20;14.49172894
1900-07-31 22:00:00+01:00;18.9;13.45115715
1900-07-31 23:00:00+01:00;17.6;11.38212153
1900-08-01 00:00:00+01:00;17.4;9.275313616
1900-08-01 01:00:00+01:00;16.7;8.4502502
1900-08-01 02:00:00+01:00;16.2;8.302588326
1900-08-01 03:00:00+01:00;14.5;8.317082357
1900-08-01 04:00:00+01:00;15.9;8.205538121
1900-08-01 05:00:00+01:00;16.1;8.88334511
1900-08-01 06:00:00+01:00;16.3;12.23466454
1900-08-01 07:00:00+01:00;17.5;14.47747482
1900-08-01 08:00:00+01:00;18.9;13.20879536
1900-08-01 09:00:00+01:00;21;13.32313704
1900-08-01 10:00:00+01:00;22.3;12.48202603
1900-08-01 11:00:00+01:00;23.1;11.80140724
1900-08-01 12:00:00+01:00;24.5;11.45647436
1900-08-01 13:00:00+01:00;25.2;11.10878935
1900-08-01 14:00:00+01:00;23.8;11.63108829
1900-08-01 15:00:00+01:00;24.7;12.5495511
1900-08-01 16:00:00+01:00;25.8;13.56070948
1900-08-01 17:00:00+01:00;23.4;14.42901072
1900-08-01 18:00:00+01:00;21.8;14.60851912
1900-08-01 19:00:00+01:00;22;15.02619996
1900-08-01 20:00:00+01:00;20.2;15.1343836
1900-08-01 21:00:00+01:00;19.3;14.49172894
1900-08-01 22:00:00+01:00;18.7;13.45115715
1900-08-01 23:00:00+01:00;17.9;11.38212153
1900-08-02 00:00:00+01:00;17.9;9.275313616
1900-08-02 01:00:00+01:00;16.2;8.4502502
1900-08-02 02:00:00+01:00;15.8;8.302588326
1900-08-02 03:00:00+01:00;15.4;8.317082357
1900-08-02 04:00:00+01:00;18.7;8.205538121
1900-08-02 05:00:00+01:00;16.6;8.88334511
1900-08-02 06:00:00+01:00;16.5;12.23466454
1900-08-02 07:00:00+01:00;16.6;14.47747482
1900-08-02 08:00:00+01:00;16.7;13.20879536
1900-08-02 09:00:00+01:00;17.8;13.32313704
1900-08-02 10:00:00+01:00;20.6;12.48202603
1900-08-02 11:00:00+01:00;22.4;11.80140724
1900-08-02 12:00:00+01:00;21.5;11.45647436
1900-08-02 13:00:00+01:00;21.4;11.10878935
1900-08-02 14:00:00+01:00;21.7;11.63108829
1900-08-02 15:00:00+01:00;26;12.5495511
1900-08-02 16:00:00+01:00;23.5;13.56070948
1900-08-02 17:00:00+01:00;22.5;14.42901072
1900-08-02 18:00:00+01:00;21;14.60851912
1900-08-02 19:00:00+01:00;20.2;15.02619996
1900-08-02 20:00:00+01:00;19.7;15.1343836
1900-08-02 21:00:00+01:00;18.2;14.49172894
1900-08-02 22:00:00+01:00;18.3;13.45115715
1900-08-02 23:00:00+01:00;18.1;11.38212153
1900-08-03 00:00:00+01:00;17.9;9.275313616
1900-08-03 01:00:00+01:00;17.9;8.4502502
1900-08-03 02:00:00+01:00;17.4;8.302588326
1900-08-03 03:00:00+01:00;17.3;8.317082357
1900-08-03 04:00:00+01:00;17;8.205538121
1900-08-03 05:00:00+01:00;17.5;8.88334511
1900-08-03 06:00:00+01:00;17.4;12.23466454
1900-08-03 07:00:00+01:00;18;14.47747482
1900-08-03 08:00:00+01:00;19.2;13.20879536
1900-08-03 09:00:00+01:00;21.1;13.32313704
1900-08-03 10:00:00+01:00;21.2;12.48202603
1900-08-03 11:00:00+01:00;24;11.80140724
1900-08-03 12:00:00+01:00;25.4;11.45647436
1900-08-03 13:00:00+01:00;26.9;11.10878935
1900-08-03 14:00:00+01:00;26.3;11.63108829
1900-08-03 15:00:00+01:00;25;12.5495511
1900-08-03 16:00:00+01:00;24.3;13.56070948
1900-08-03 17:00:00+01:00;23.7;14.42901072
1900-08-03 18:00:00+01:00;23.2;14.60851912
1900-08-03 19:00:00+01:00;20.6;15.02619996
1900-08-03 20:00:00+01:00;19.7;15.1343836
1900-08-03 21:00:00+01:00;18.6;14.49172894
1900-08-03 22:00:00+01:00;18.6;13.45115715
1900-08-03 23:00:00+01:00;18;11.38212153
1900-08-04 00:00:00+01:00;17.2;10.00430385
1900-08-04 01:00:00+01:00;17;8.950853962
1900-08-04 02:00:00+01:00;16.7;8.585526754
1900-08-04 03:00:00+01:00;16.9;8.238381169
1900-08-04 04:00:00+01:00;16.8;8.125940681
1900-08-04 05:00:00+01:00;16.4;8.121814287
1900-08-04 06:00:00+01:00;17;9.125315545
1900-08-04 07:00:00+01:00;18;10.26288343
1900-08-04 08:00:00+01:00;18.2;12.43528993
1900-08-04 09:00:00+01:00;18.9;14.94657639
1900-08-04 10:00:00+01:00;21.5;15.05329477
1900-08-04 11:00:00+01:00;21.2;14.65838221
1900-08-04 12:00:00+01:00;20.5;13.93552223
1900-08-04 13:00:00+01:00;16.6;13.5107064
1900-08-04 14:00:00+01:00;16.8;13.04649186
1900-08-04 15:00:00+01:00;18.4;13.02413262
1900-08-04 16:00:00+01:00;18.3;13.42589757
1900-08-04 17:00:00+01:00;20.1;13.9938906
1900-08-04 18:00:00+01:00;19.2;14.18261186
1900-08-04 19:00:00+01:00;17.9;14.59789139
1900-08-04 20:00:00+01:00;17;13.98881063
1900-08-04 21:00:00+01:00;16.4;13.06996115
1900-08-04 22:00:00+01:00;15;12.0104602
1900-08-04 23:00:00+01:00;13.5;11.33832206
1900-08-05 00:00:00+01:00;14;10.00430385
1900-08-05 01:00:00+01:00;13.5;8.950853962
1900-08-05 02:00:00+01:00;13.5;8.585526754
1900-08-05 03:00:00+01:00;12.6;8.238381169
1900-08-05 04:00:00+01:00;11.1;8.125940681
1900-08-05 05:00:00+01:00;11.5;8.121814287
1900-08-05 06:00:00+01:00;13.6;9.125315545
1900-08-05 07:00:00+01:00;14.8;10.26288343
1900-08-05 08:00:00+01:00;16.4;12.43528993
1900-08-05 09:00:00+01:00;15.9;14.94657639
1900-08-05 10:00:00+01:00;13.3;20.8266488
1900-08-05 11:00:00+01:00;13.8;14.65838221
1900-08-05 12:00:00+01:00;14;13.93552223
1900-08-05 13:00:00+01:00;13.8;13.5107064
1900-08-05 14:00:00+01:00;13.2;18.33225422
1900-08-05 15:00:00+01:00;13.6;18.13615494
1900-08-05 16:00:00+01:00;16.2;13.42589757
1900-08-05 17:00:00+01:00;17.7;13.9938906
1900-08-05 18:00:00+01:00;17.8;14.18261186
1900-08-05 19:00:00+01:00;17.2;14.59789139
1900-08-05 20:00:00+01:00;16;13.98881063
1900-08-05 21:00:00+01:00;15.7;13.06996115
1900-08-05 22:00:00+01:00;15.3;12.0104602
1900-08-05 23:00:00+01:00;14.6;11.33832206
1900-08-06 00:00:00+01:00;14.5;9.275313616
1900-08-06 01:00:00+01:00;13.8;8.4502502
1900-08-06 02:00:00+01:00;12.3;8.302588326
1900-08-06 03:00:00+01:00;11.7;8.317082357
1900-08-06 04:00:00+01:00;12;8.205538121
1900-08-06 05:00:00+01:00;12.9;8.88334511
1900-08-06 06:00:00+01:00;12.4;12.23466454
1900-08-06 07:00:00+01:00;14;14.47747482
1900-08-06 08:00:00+01:00;14.3;13.20879536
1900-08-06 09:00:00+01:00;12.9;13.32313704
1900-08-06 10:00:00+01:00;12.4;12.48202603
1900-08-06 11:00:00+01:00;11.3;15.880937
1900-08-06 12:00:00+01:00;12.5;14.74353524
1900-08-06 13:00:00+01:00;13.7;14.0953783
1900-08-06 14:00:00+01:00;14.5;11.63108829
1900-08-06 15:00:00+01:00;17.2;12.5495511
1900-08-06 16:00:00+01:00;17.8;13.56070948
1900-08-06 17:00:00+01:00;18.4;14.42901072
1900-08-06 18:00:00+01:00;18.1;14.60851912
1900-08-06 19:00:00+01:00;18.1;15.02619996
1900-08-06 20:00:00+01:00;17.6;15.1343836
1900-08-06 21:00:00+01:00;18;14.49172894
1900-08-06 22:00:00+01:00;18;13.45115715
1900-08-06 23:00:00+01:00;17.6;11.38212153
1900-08-07 00:00:00+01:00;16.9;9.275313616
1900-08-07 01:00:00+01:00;16.4;8.4502502
1900-08-07 02:00:00+01:00;16.2;8.302588326
1900-08-07 03:00:00+01:00;15.6;8.317082357
1900-08-07 04:00:00+01:00;14.8;8.205538121
1900-08-07 05:00:00+01:00;14.6;8.88334511
1900-08-07 06:00:00+01:00;14.9;12.23466454
1900-08-07 07:00:00+01:00;16;14.47747482
1900-08-07 08:00:00+01:00;16.2;13.20879536
1900-08-07 09:00:00+01:00;17;13.32313704
1900-08-07 10:00:00+01:00;17.4;12.48202603
1900-08-07 11:00:00+01:00;18.4;11.80140724
1900-08-07 12:00:00+01:00;18.5;11.45647436
1900-08-07 13:00:00+01:00;18.4;11.10878935
1900-08-07 14:00:00+01:00;19.1;11.63108829
1900-08-07 15:00:00+01:00;19;12.5495511
1900-08-07 16:00:00+01:00;19.1;13.56070948
1900-08-07 17:00:00+01:00;18.4;14.42901072
1900-08-07 18:00:00+01:00;17.7;14.60851912
1900-08-07 19:00:00+01:00;15.8;15.02619996
1900-08-07 20:00:00+01:00;15.8;15.1343836
1900-08-07 21:00:00+01:00;14.7;14.49172894
1900-08-07 22:00:00+01:00;13.6;13.45115715
1900-08-07 23:00:00+01:00;12.3;11.38212153
1900-08-08 00:00:00+01:00;12.1;9.275313616
1900-08-08 01:00:00+01:00;12.4;8.4502502
1900-08-08 02:00:00+01:00;12;8.302588326
1900-08-08 03:00:00+01:00;11.5;8.317082357
1900-08-08 04:00:00+01:00;11.3;8.205538121
1900-08-08 05:00:00+01:00;12.6;8.88334511
1900-08-08 06:00:00+01:00;13;12.23466454
1900-08-08 07:00:00+01:00;13.7;14.47747482
1900-08-08 08:00:00+01:00;14.6;13.20879536
1900-08-08 09:00:00+01:00;17.8;13.32313704
1900-08-08 10:00:00+01:00;19.5;12.48202603
1900-08-08 11:00:00+01:00;21.1;11.80140724
1900-08-08 12:00:00+01:00;21.6;11.45647436
1900-08-08 13:00:00+01:00;22.7;11.10878935
1900-08-08 14:00:00+01:00;22.1;11.63108829
1900-08-08 15:00:00+01:00;22;12.5495511
1900-08-08 16:00:00+01:00;20;13.56070948
1900-08-08 17:00:00+01:00;19.8;14.42901072
1900-08-08 18:00:00+01:00;18.8;14.60851912
1900-08-08 19:00:00+01:00;16.6;15.02619996
1900-08-08 20:00:00+01:00;15.2;15.1343836
1900-08-08 21:00:00+01:00;14.4;14.49172894
1900-08-08 22:00:00+01:00;13.1;13.45115715
1900-08-08 23:00:00+01:00;12.6;11.38212153
1900-08-09 00:00:00+01:00;11.2;9.463506405
1900-08-09 01:00:00+01:00;11.1;8.4502502
1900-08-09 02:00:00+01:00;10.6;8.302588326
1900-08-09 03:00:00+01:00;10;8.317082357
1900-08-09 04:00:00+01:00;9.1;8.263086605
1900-08-09 05:00:00+01:00;10.7;9.618806244
1900-08-09 06:00:00+01:00;12.7;12.23466454
1900-08-09 07:00:00+01:00;14;14.47747482
1900-08-09 08:00:00+01:00;15.2;13.20879536
1900-08-09 09:00:00+01:00;16.6;13.32313704
1900-08-09 10:00:00+01:00;17.2;12.48202603
1900-08-09 11:00:00+01:00;18.9;11.80140724
1900-08-09 12:00:00+01:00;19.3;11.45647436
1900-08-09 13:00:00+01:00;17.6;11.10878935
1900-08-09 14:00:00+01:00;20;11.63108829
1900-08-09 15:00:00+01:00;18.5;12.5495511
1900-08-09 16:00:00+01:00;18.6;13.56070948
1900-08-09 17:00:00+01:00;17.2;14.42901072
1900-08-09 18:00:00+01:00;16.8;14.60851912
1900-08-09 19:00:00+01:00;16.4;15.02619996
1900-08-09 20:00:00+01:00;15.8;15.1343836
1900-08-09 21:00:00+01:00;16.1;14.49172894
1900-08-09 22:00:00+01:00;15;13.45115715
1900-08-09 23:00:00+01:00;14.9;11.38212153
1900-08-10 00:00:00+01:00;14.7;9.275313616
1900-08-10 01:00:00+01:00;14.3;8.4502502
1900-08-10 02:00:00+01:00;14.3;8.302588326
1900-08-10 03:00:00+01:00;14.3;8.317082357
1900-08-10 04:00:00+01:00;15.4;8.205538121
1900-08-10 05:00:00+01:00;16;8.88334511
1900-08-10 06:00:00+01:00;16.4;12.23466454
1900-08-10 07:00:00+01:00;17;14.47747482
1900-08-10 08:00:00+01:00;18.8;13.20879536
1900-08-10 09:00:00+01:00;16.9;13.32313704
1900-08-10 10:00:00+01:00;18.1;12.48202603
1900-08-10 11:00:00+01:00;19.5;11.80140724
1900-08-10 12:00:00+01:00;20.2;11.45647436
1900-08-10 13:00:00+01:00;20.3;11.10878935
1900-08-10 14:00:00+01:00;20.4;11.63108829
1900-08-10 15:00:00+01:00;20.6;12.5495511
1900-08-10 16:00:00+01:00;20.9;13.56070948
1900-08-10 17:00:00+01:00;22.8;14.42901072
1900-08-10 18:00:00+01:00;21.4;14.60851912
1900-08-10 19:00:00+01:00;20.1;15.02619996
1900-08-10 20:00:00+01:00;18.2;15.1343836
1900-08-10 21:00:00+01:00;16.8;14.49172894
1900-08-10 22:00:00+01:00;15.4;13.45115715
1900-08-10 23:00:00+01:00;14.2;11.38212153
1900-08-11 00:00:00+01:00;12.5;10.00430385
1900-08-11 01:00:00+01:00;11.9;8.950853962
1900-08-11 02:00:00+01:00;11.8;8.585526754
1900-08-11 03:00:00+01:00;10.6;7.10618063
1900-08-11 04:00:00+01:00;10.4;7.036814861
1900-08-11 05:00:00+01:00;11.7;8.121814287
1900-08-11 06:00:00+01:00;15.4;9.125315545
1900-08-11 07:00:00+01:00;17.1;10.26288343
1900-08-11 08:00:00+01:00;17.3;12.43528993
1900-08-11 09:00:00+01:00;19.4;14.94657639
1900-08-11 10:00:00+01:00;22.1;15.05329477
1900-08-11 11:00:00+01:00;21.6;14.65838221
1900-08-11 12:00:00+01:00;22;13.93552223
1900-08-11 13:00:00+01:00;22.5;13.5107064
1900-08-11 14:00:00+01:00;22.2;13.04649186
1900-08-11 15:00:00+01:00;23.6;13.02413262
1900-08-11 16:00:00+01:00;24.6;13.42589757
1900-08-11 17:00:00+01:00;23.8;13.9938906
1900-08-11 18:00:00+01:00;23;14.18261186
1900-08-11 19:00:00+01:00;19.2;14.59789139
1900-08-11 20:00:00+01:00;17.4;13.98881063
1900-08-11 21:00:00+01:00;15.4;13.06996115
1900-08-11 22:00:00+01:00;14.2;12.0104602
1900-08-11 23:00:00+01:00;13.4;11.33832206
1900-08-12 00:00:00+01:00;13.9;10.00430385
1900-08-12 01:00:00+01:00;12.3;8.950853962
1900-08-12 02:00:00+01:00;13;8.585526754
1900-08-12 03:00:00+01:00;12;8.238381169
1900-08-12 04:00:00+01:00;11.5;8.125940681
1900-08-12 05:00:00+01:00;13.4;8.121814287
1900-08-12 06:00:00+01:00;15.7;9.125315545
1900-08-12 07:00:00+01:00;17.5;10.26288343
1900-08-12 08:00:00+01:00;17.4;12.43528993
1900-08-12 09:00:00+01:00;17.8;14.94657639
1900-08-12 10:00:00+01:00;17.9;15.05329477
1900-08-12 11:00:00+01:00;20;14.65838221
1900-08-12 12:00:00+01:00;21.5;13.93552223
1900-08-12 13:00:00+01:00;22.6;13.5107064
1900-08-12 14:00:00+01:00;23.3;13.04649186
1900-08-12 15:00:00+01:00;23.3;13.02413262
1900-08-12 16:00:00+01:00;24.2;13.42589757
1900-08-12 17:00:00+01:00;24.9;13.9938906
1900-08-12 18:00:00+01:00;24.1;14.18261186
1900-08-12 19:00:00+01:00;20.3;14.59789139
1900-08-12 20:00:00+01:00;19.1;13.98881063
1900-08-12 21:00:00+01:00;17.4;13.06996115
1900-08-12 22:00:00+01:00;16;12.0104602
1900-08-12 23:00:00+01:00;13.8;11.33832206
1900-08-13 00:00:00+01:00;12.9;9.275313616
1900-08-13 01:00:00+01:00;11.6;8.4502502
1900-08-13 02:00:00+01:00;11.2;8.302588326
1900-08-13 03:00:00+01:00;10;8.317082357
1900-08-13 04:00:00+01:00;10.2;7.106488804
1900-08-13 05:00:00+01:00;11.7;8.88334511
1900-08-13 06:00:00+01:00;14.2;12.23466454
1900-08-13 07:00:00+01:00;16;14.47747482
1900-08-13 08:00:00+01:00;18.9;13.20879536
1900-08-13 09:00:00+01:00;19.9;13.32313704
1900-08-13 10:00:00+01:00;21.9;12.48202603
1900-08-13 11:00:00+01:00;24.2;11.80140724
1900-08-13 12:00:00+01:00;25.5;11.45647436
1900-08-13 13:00:00+01:00;27;11.10878935
1900-08-13 14:00:00+01:00;27.9;11.63108829
1900-08-13 15:00:00+01:00;29.4;12.5495511
1900-08-13 16:00:00+01:00;28.4;13.56070948
1900-08-13 17:00:00+01:00;26;14.42901072
1900-08-13 18:00:00+01:00;24.4;14.60851912
1900-08-13 19:00:00+01:00;21.3;15.02619996
1900-08-13 20:00:00+01:00;19;15.1343836
1900-08-13 21:00:00+01:00;16.5;14.49172894
1900-08-13 22:00:00+01:00;15;13.45115715
1900-08-13 23:00:00+01:00;14;11.38212153
1900-08-14 00:00:00+01:00;12.6;9.275313616
1900-08-14 01:00:00+01:00;12.2;8.4502502
1900-08-14 02:00:00+01:00;12;8.302588326
1900-08-14 03:00:00+01:00;11.6;8.317082357
1900-08-14 04:00:00+01:00;13;8.205538121
1900-08-14 05:00:00+01:00;13.5;8.88334511
1900-08-14 06:00:00+01:00;13.7;12.23466454
1900-08-14 07:00:00+01:00;13.9;14.47747482
1900-08-14 08:00:00+01:00;14.7;13.20879536
1900-08-14 09:00:00+01:00;16;13.32313704
1900-08-14 10:00:00+01:00;18.8;12.48202603
1900-08-14 11:00:00+01:00;21.4;11.80140724
1900-08-14 12:00:00+01:00;23.4;11.45647436
1900-08-14 13:00:00+01:00;25.5;11.10878935
1900-08-14 14:00:00+01:00;28.1;11.63108829
1900-08-14 15:00:00+01:00;31.4;12.5495511
1900-08-14 16:00:00+01:00;27.5;13.56070948
1900-08-14 17:00:00+01:00;26.1;14.42901072
1900-08-14 18:00:00+01:00;24.8;14.60851912
1900-08-14 19:00:00+01:00;20.5;15.02619996
1900-08-14 20:00:00+01:00;19.5;15.1343836
1900-08-14 21:00:00+01:00;16.9;14.49172894
1900-08-14 22:00:00+01:00;15.5;13.45115715
1900-08-14 23:00:00+01:00;14.1;11.38212153
1900-08-15 00:00:00+01:00;14.9;9.275313616
1900-08-15 01:00:00+01:00;13.6;8.4502502
1900-08-15 02:00:00+01:00;12.8;8.302588326
1900-08-15 03:00:00+01:00;12.5;8.317082357
1900-08-15 04:00:00+01:00;13;8.205538121
1900-08-15 05:00:00+01:00;13;8.88334511
1900-08-15 06:00:00+01:00;15;12.23466454
1900-08-15 07:00:00+01:00;17.3;14.47747482
1900-08-15 08:00:00+01:00;18.4;13.20879536
1900-08-15 09:00:00+01:00;19.2;13.32313704
1900-08-15 10:00:00+01:00;21;12.48202603
1900-08-15 11:00:00+01:00;23.1;11.80140724
1900-08-15 12:00:00+01:00;25.6;11.45647436
1900-08-15 13:00:00+01:00;31;11.10878935
1900-08-15 14:00:00+01:00;29.8;11.63108829
1900-08-15 15:00:00+01:00;28.7;12.5495511
1900-08-15 16:00:00+01:00;29;13.56070948
1900-08-15 17:00:00+01:00;27.2;14.42901072
1900-08-15 18:00:00+01:00;25;14.60851912
1900-08-15 19:00:00+01:00;21.9;15.02619996
1900-08-15 20:00:00+01:00;19.6;15.1343836
1900-08-15 21:00:00+01:00;17.5;14.49172894
1900-08-15 22:00:00+01:00;16;13.45115715
1900-08-15 23:00:00+01:00;15;11.38212153
1900-08-16 00:00:00+01:00;14.4;9.275313616
1900-08-16 01:00:00+01:00;13.7;8.4502502
1900-08-16 02:00:00+01:00;13.3;8.302588326
1900-08-16 03:00:00+01:00;13;8.317082357
1900-08-16 04:00:00+01:00;12.8;8.205538121
1900-08-16 05:00:00+01:00;13.2;8.88334511
1900-08-16 06:00:00+01:00;16;12.23466454
1900-08-16 07:00:00+01:00;19.8;14.47747482
1900-08-16 08:00:00+01:00;20;13.20879536
1900-08-16 09:00:00+01:00;21.3;13.32313704
1900-08-16 10:00:00+01:00;22.9;12.48202603
1900-08-16 11:00:00+01:00;24.7;11.80140724
1900-08-16 12:00:00+01:00;26.5;11.45647436
1900-08-16 13:00:00+01:00;30.2;11.10878935
1900-08-16 14:00:00+01:00;32.6;11.63108829
1900-08-16 15:00:00+01:00;32;12.5495511
1900-08-16 16:00:00+01:00;27.7;13.56070948
1900-08-16 17:00:00+01:00;26.4;14.42901072
1900-08-16 18:00:00+01:00;25.1;14.60851912
1900-08-16 19:00:00+01:00;21.1;15.02619996
1900-08-16 20:00:00+01:00;19.1;15.1343836
1900-08-16 21:00:00+01:00;17.4;14.49172894
1900-08-16 22:00:00+01:00;17;13.45115715
1900-08-16 23:00:00+01:00;16.5;11.38212153
1900-08-17 00:00:00+01:00;15.7;9.275313616
1900-08-17 01:00:00+01:00;14.1;8.4502502
1900-08-17 02:00:00+01:00;13.8;8.302588326
1900-08-17 03:00:00+01:00;13.3;8.317082357
1900-08-17 04:00:00+01:00;13.1;8.205538121
1900-08-17 05:00:00+01:00;14;8.88334511
1900-08-17 06:00:00+01:00;16;12.23466454
1900-08-17 07:00:00+01:00;17.6;14.47747482
1900-08-17 08:00:00+01:00;19.4;13.20879536
1900-08-17 09:00:00+01:00;20.8;13.32313704
1900-08-17 10:00:00+01:00;23.6;12.48202603
1900-08-17 11:00:00+01:00;25.7;11.80140724
1900-08-17 12:00:00+01:00;27.3;11.45647436
1900-08-17 13:00:00+01:00;28.3;11.10878935
1900-08-17 14:00:00+01:00;26.7;11.63108829
1900-08-17 15:00:00+01:00;25.3;12.5495511
1900-08-17 16:00:00+01:00;25.3;13.56070948
1900-08-17 17:00:00+01:00;22.8;14.42901072
1900-08-17 18:00:00+01:00;21.8;14.60851912
1900-08-17 19:00:00+01:00;21;15.02619996
1900-08-17 20:00:00+01:00;20;15.1343836
1900-08-17 21:00:00+01:00;19.8;14.49172894
1900-08-17 22:00:00+01:00;19.5;13.45115715
1900-08-17 23:00:00+01:00;19;11.38212153
1900-08-18 00:00:00+01:00;18.3;10.00430385
1900-08-18 01:00:00+01:00;18.2;8.950853962
1900-08-18 02:00:00+01:00;18;8.585526754
1900-08-18 03:00:00+01:00;15.7;8.238381169
1900-08-18 04:00:00+01:00;14.5;8.125940681
1900-08-18 05:00:00+01:00;14.9;8.121814287
1900-08-18 06:00:00+01:00;15.6;9.125315545
1900-08-18 07:00:00+01:00;17;10.26288343
1900-08-18 08:00:00+01:00;19;12.43528993
1900-08-18 09:00:00+01:00;20.2;14.94657639
1900-08-18 10:00:00+01:00;22.2;15.05329477
1900-08-18 11:00:00+01:00;24.6;14.65838221
1900-08-18 12:00:00+01:00;24.9;13.93552223
1900-08-18 13:00:00+01:00;24;13.5107064
1900-08-18 14:00:00+01:00;26.2;13.04649186
1900-08-18 15:00:00+01:00;24.1;13.02413262
1900-08-18 16:00:00+01:00;23.9;13.42589757
1900-08-18 17:00:00+01:00;23;13.9938906
1900-08-18 18:00:00+01:00;22.4;14.18261186
1900-08-18 19:00:00+01:00;20;14.59789139
1900-08-18 20:00:00+01:00;18.6;13.98881063
1900-08-18 21:00:00+01:00;17.4;13.06996115
1900-08-18 22:00:00+01:00;15.9;12.0104602
1900-08-18 23:00:00+01:00;16;11.33832206
1900-08-19 00:00:00+01:00;15.8;10.00430385
1900-08-19 01:00:00+01:00;15.2;8.950853962
1900-08-19 02:00:00+01:00;14.4;8.585526754
1900-08-19 03:00:00+01:00;14.4;8.238381169
1900-08-19 04:00:00+01:00;13.8;8.125940681
1900-08-19 05:00:00+01:00;13.5;8.121814287
1900-08-19 06:00:00+01:00;14.2;9.125315545
1900-08-19 07:00:00+01:00;15.8;10.26288343
1900-08-19 08:00:00+01:00;17;12.43528993
1900-08-19 09:00:00+01:00;20.1;14.94657639
1900-08-19 10:00:00+01:00;19.4;15.05329477
1900-08-19 11:00:00+01:00;20.5;14.65838221
1900-08-19 12:00:00+01:00;21.7;13.93552223
1900-08-19 13:00:00+01:00;22.4;13.5107064
1900-08-19 14:00:00+01:00;23.9;13.04649186
1900-08-19 15:00:00+01:00;20.7;13.02413262
1900-08-19 16:00:00+01:00;20.4;13.42589757
1900-08-19 17:00:00+01:00;19.9;13.9938906
1900-08-19 18:00:00+01:00;19;14.18261186
1900-08-19 19:00:00+01:00;16.4;14.59789139
1900-08-19 20:00:00+01:00;15.3;13.98881063
1900-08-19 21:00:00+01:00;14.1;13.06996115
1900-08-19 22:00:00+01:00;12.8;13.1236559
1900-08-19 23:00:00+01:00;12.5;11.33832206
1900-08-20 00:00:00+01:00;11.4;9.275313616
1900-08-20 01:00:00+01:00;10.5;8.4502502
1900-08-20 02:00:00+01:00;10.5;8.302588326
1900-08-20 03:00:00+01:00;9.6;7.251547511
1900-08-20 04:00:00+01:00;8.9;8.138034622
1900-08-20 05:00:00+01:00;10;9.67029334
1900-08-20 06:00:00+01:00;13.9;12.23466454
1900-08-20 07:00:00+01:00;14.7;14.47747482
1900-08-20 08:00:00+01:00;15.3;13.20879536
1900-08-20 09:00:00+01:00;16.3;13.32313704
1900-08-20 10:00:00+01:00;17.2;12.48202603
1900-08-20 11:00:00+01:00;18.5;11.80140724
1900-08-20 12:00:00+01:00;20;11.45647436
1900-08-20 13:00:00+01:00;19.3;11.10878935
1900-08-20 14:00:00+01:00;18;11.63108829
1900-08-20 15:00:00+01:00;18.3;12.5495511
1900-08-20 16:00:00+01:00;17.2;13.56070948
1900-08-20 17:00:00+01:00;18.3;14.42901072
1900-08-20 18:00:00+01:00;16.5;14.60851912
1900-08-20 19:00:00+01:00;12.8;20.13259632
1900-08-20 20:00:00+01:00;12.7;19.93234996
1900-08-20 21:00:00+01:00;12.8;14.49172894
1900-08-20 22:00:00+01:00;12.4;13.45115715
1900-08-20 23:00:00+01:00;11.6;14.0703663
1900-08-21 00:00:00+01:00;11;10.47349079
1900-08-21 01:00:00+01:00;11.2;8.4502502
1900-08-21 02:00:00+01:00;10.8;8.302588326
1900-08-21 03:00:00+01:00;11.4;8.317082357
1900-08-21 04:00:00+01:00;12;8.205538121
1900-08-21 05:00:00+01:00;10.9;10.21195249
1900-08-21 06:00:00+01:00;11.9;12.23466454
1900-08-21 07:00:00+01:00;14;14.47747482
1900-08-21 08:00:00+01:00;14.5;13.20879536
1900-08-21 09:00:00+01:00;15.5;13.32313704
1900-08-21 10:00:00+01:00;16.5;12.48202603
1900-08-21 11:00:00+01:00;16.8;11.80140724
1900-08-21 12:00:00+01:00;16.7;11.45647436
1900-08-21 13:00:00+01:00;15.6;11.10878935
1900-08-21 14:00:00+01:00;16.2;11.63108829
1900-08-21 15:00:00+01:00;18.8;12.5495511
1900-08-21 16:00:00+01:00;17.9;13.56070948
1900-08-21 17:00:00+01:00;17.1;14.42901072
1900-08-21 18:00:00+01:00;15.5;14.60851912
1900-08-21 19:00:00+01:00;13;20.28704729
1900-08-21 20:00:00+01:00;12;20.44039807
1900-08-21 21:00:00+01:00;10.7;20.00410091
1900-08-21 22:00:00+01:00;10.3;18.06343323
1900-08-21 23:00:00+01:00;9.5;15.56451721
1900-08-22 00:00:00+01:00;8.3;11.95794586
1900-08-22 01:00:00+01:00;7.5;10.07419365
1900-08-22 02:00:00+01:00;6.4;10.03904468
1900-08-22 03:00:00+01:00;6;10.19730938
1900-08-22 04:00:00+01:00;5.2;11.37453707
1900-08-22 05:00:00+01:00;7.3;12.76085692
1900-08-22 06:00:00+01:00;9.9;18.49566246
1900-08-22 07:00:00+01:00;11.5;21.32194879
1900-08-22 08:00:00+01:00;12.9;13.20879536
1900-08-22 09:00:00+01:00;14.1;13.32313704
1900-08-22 10:00:00+01:00;15.5;12.48202603
1900-08-22 11:00:00+01:00;15.7;11.80140724
1900-08-22 12:00:00+01:00;16.1;11.45647436
1900-08-22 13:00:00+01:00;18;11.10878935
1900-08-22 14:00:00+01:00;17.5;11.63108829
1900-08-22 15:00:00+01:00;18.5;12.5495511
1900-08-22 16:00:00+01:00;17.5;13.56070948
1900-08-22 17:00:00+01:00;16.6;14.42901072
1900-08-22 18:00:00+01:00;15.6;14.60851912
1900-08-22 19:00:00+01:00;15;15.02619996
1900-08-22 20:00:00+01:00;12;21.2850015
1900-08-22 21:00:00+01:00;11.7;19.68311073
1900-08-22 22:00:00+01:00;11.8;17.59342374
1900-08-22 23:00:00+01:00;12.3;11.38212153
1900-08-23 00:00:00+01:00;11;11.37095711
1900-08-23 01:00:00+01:00;10.9;8.4502502
1900-08-23 02:00:00+01:00;11;8.302588326
1900-08-23 03:00:00+01:00;9.8;9.069935934
1900-08-23 04:00:00+01:00;9.8;9.605254133
1900-08-23 05:00:00+01:00;9.5;11.56708784
1900-08-23 06:00:00+01:00;10.4;17.62311673
1900-08-23 07:00:00+01:00;12.2;14.47747482
1900-08-23 08:00:00+01:00;14.3;13.20879536
1900-08-23 09:00:00+01:00;15.2;13.32313704
1900-08-23 10:00:00+01:00;16.6;12.48202603
1900-08-23 11:00:00+01:00;17.3;11.80140724
1900-08-23 12:00:00+01:00;19.6;11.45647436
1900-08-23 13:00:00+01:00;21;11.10878935
1900-08-23 14:00:00+01:00;20.6;11.63108829
1900-08-23 15:00:00+01:00;21;12.5495511
1900-08-23 16:00:00+01:00;20.1;13.56070948
1900-08-23 17:00:00+01:00;19.7;14.42901072
1900-08-23 18:00:00+01:00;18.6;14.60851912
1900-08-23 19:00:00+01:00;17.7;15.02619996
1900-08-23 20:00:00+01:00;15.3;15.1343836
1900-08-23 21:00:00+01:00;13.7;14.49172894
1900-08-23 22:00:00+01:00;12.1;13.45115715
1900-08-23 23:00:00+01:00;12.5;11.38212153
1900-08-24 00:00:00+01:00;11.4;9.275313616
1900-08-24 01:00:00+01:00;10.1;8.4502502
1900-08-24 02:00:00+01:00;9.2;8.313658729
1900-08-24 03:00:00+01:00;8.6;8.351308013
1900-08-24 04:00:00+01:00;8;9.317038015
1900-08-24 05:00:00+01:00;8.8;10.99548864
1900-08-24 06:00:00+01:00;10.5;16.0102437
1900-08-24 07:00:00+01:00;12.5;14.47747482
1900-08-24 08:00:00+01:00;14.8;13.20879536
1900-08-24 09:00:00+01:00;16.7;13.32313704
1900-08-24 10:00:00+01:00;18.6;12.48202603
1900-08-24 11:00:00+01:00;19.6;11.80140724
1900-08-24 12:00:00+01:00;20.9;11.45647436
1900-08-24 13:00:00+01:00;22.6;11.10878935
1900-08-24 14:00:00+01:00;22;11.63108829
1900-08-24 15:00:00+01:00;22.3;12.5495511
1900-08-24 16:00:00+01:00;22.2;13.56070948
1900-08-24 17:00:00+01:00;19.4;14.42901072
1900-08-24 18:00:00+01:00;17.7;14.60851912
1900-08-24 19:00:00+01:00;16.5;15.02619996
1900-08-24 20:00:00+01:00;15.8;15.1343836
1900-08-24 21:00:00+01:00;14.2;14.49172894
1900-08-24 22:00:00+01:00;13.2;13.45115715
1900-08-24 23:00:00+01:00;12.1;11.38212153
1900-08-25 00:00:00+01:00;11;11.15539374
1900-08-25 01:00:00+01:00;9.8;9.790454752
1900-08-25 02:00:00+01:00;9;9.465340328
1900-08-25 03:00:00+01:00;8.4;8.708977945
1900-08-25 04:00:00+01:00;8.9;8.331359108
1900-08-25 05:00:00+01:00;8.2;8.980654226
1900-08-25 06:00:00+01:00;9.7;9.486751894
1900-08-25 07:00:00+01:00;11.2;11.58956031
1900-08-25 08:00:00+01:00;12.6;15.41602203
1900-08-25 09:00:00+01:00;13.3;14.94657639
1900-08-25 10:00:00+01:00;14.2;15.05329477
1900-08-25 11:00:00+01:00;15.6;14.65838221
1900-08-25 12:00:00+01:00;15.9;13.93552223
1900-08-25 13:00:00+01:00;16.9;13.5107064
1900-08-25 14:00:00+01:00;17.5;13.04649186
1900-08-25 15:00:00+01:00;18.1;13.02413262
1900-08-25 16:00:00+01:00;19.2;13.42589757
1900-08-25 17:00:00+01:00;18.5;13.9938906
1900-08-25 18:00:00+01:00;17;14.18261186
1900-08-25 19:00:00+01:00;14;14.59789139
1900-08-25 20:00:00+01:00;12.6;19.06348377
1900-08-25 21:00:00+01:00;10.2;18.82606121
1900-08-25 22:00:00+01:00;9.6;16.99139616
1900-08-25 23:00:00+01:00;9.3;14.89196376
1900-08-26 00:00:00+01:00;9;13.47995542
1900-08-26 01:00:00+01:00;8.5;11.70967937
1900-08-26 02:00:00+01:00;7.9;11.23761949
1900-08-26 03:00:00+01:00;7;10.68669631
1900-08-26 04:00:00+01:00;7.6;10.37205131
1900-08-26 05:00:00+01:00;6.9;11.01689006
1900-08-26 06:00:00+01:00;9.4;11.54027387
1900-08-26 07:00:00+01:00;12.2;12.53952002
1900-08-26 08:00:00+01:00;13.6;12.43528993
1900-08-26 09:00:00+01:00;14.5;14.94657639
1900-08-26 10:00:00+01:00;16.7;15.05329477
1900-08-26 11:00:00+01:00;19.8;14.65838221
1900-08-26 12:00:00+01:00;19.6;13.93552223
1900-08-26 13:00:00+01:00;22.3;13.5107064
1900-08-26 14:00:00+01:00;22.5;13.04649186
1900-08-26 15:00:00+01:00;23;13.02413262
1900-08-26 16:00:00+01:00;22.7;13.42589757
1900-08-26 17:00:00+01:00;21.4;13.9938906
1900-08-26 18:00:00+01:00;20.3;14.18261186
1900-08-26 19:00:00+01:00;18.4;14.59789139
1900-08-26 20:00:00+01:00;16.8;13.98881063
1900-08-26 21:00:00+01:00;16.5;13.06996115
1900-08-26 22:00:00+01:00;16.1;12.0104602
1900-08-26 23:00:00+01:00;15.9;11.33832206
1900-08-27 00:00:00+01:00;15.4;9.275313616
1900-08-27 01:00:00+01:00;15.4;8.4502502
1900-08-27 02:00:00+01:00;15.4;8.302588326
1900-08-27 03:00:00+01:00;15.5;8.317082357
1900-08-27 04:00:00+01:00;15.6;8.205538121
1900-08-27 05:00:00+01:00;15.1;8.88334511
1900-08-27 06:00:00+01:00;14.6;12.23466454
1900-08-27 07:00:00+01:00;15.2;14.47747482
1900-08-27 08:00:00+01:00;15.3;13.20879536
1900-08-27 09:00:00+01:00;16.1;13.32313704
1900-08-27 10:00:00+01:00;17.6;12.48202603
1900-08-27 11:00:00+01:00;19.3;11.80140724
1900-08-27 12:00:00+01:00;20.9;11.45647436
1900-08-27 13:00:00+01:00;20.7;11.10878935
1900-08-27 14:00:00+01:00;20.8;11.63108829
1900-08-27 15:00:00+01:00;21.9;12.5495511
1900-08-27 16:00:00+01:00;21.3;13.56070948
1900-08-27 17:00:00+01:00;20.3;14.42901072
1900-08-27 18:00:00+01:00;19;14.60851912
1900-08-27 19:00:00+01:00;16.7;15.02619996
1900-08-27 20:00:00+01:00;15.8;15.1343836
1900-08-27 21:00:00+01:00;15.1;14.49172894
1900-08-27 22:00:00+01:00;13.2;13.45115715
1900-08-27 23:00:00+01:00;12.4;11.38212153
1900-08-28 00:00:00+01:00;12.2;9.275313616
1900-08-28 01:00:00+01:00;13.4;8.4502502
1900-08-28 02:00:00+01:00;13.6;8.302588326
1900-08-28 03:00:00+01:00;13.4;8.317082357
1900-08-28 04:00:00+01:00;13.3;8.205538121
1900-08-28 05:00:00+01:00;13.5;8.88334511
1900-08-28 06:00:00+01:00;13.7;12.23466454
1900-08-28 07:00:00+01:00;14;14.47747482
1900-08-28 08:00:00+01:00;14;13.20879536
1900-08-28 09:00:00+01:00;14.4;13.32313704
1900-08-28 10:00:00+01:00;15;12.48202603
1900-08-28 11:00:00+01:00;16.4;11.80140724
1900-08-28 12:00:00+01:00;16.4;11.45647436
1900-08-28 13:00:00+01:00;18.2;11.10878935
1900-08-28 14:00:00+01:00;19.5;11.63108829
1900-08-28 15:00:00+01:00;21.6;12.5495511
1900-08-28 16:00:00+01:00;20.4;13.56070948
1900-08-28 17:00:00+01:00;19;14.42901072
1900-08-28 18:00:00+01:00;17.3;14.60851912
1900-08-28 19:00:00+01:00;16.2;15.02619996
1900-08-28 20:00:00+01:00;15.8;15.1343836
1900-08-28 21:00:00+01:00;14.7;14.49172894
1900-08-28 22:00:00+01:00;14.8;13.45115715
1900-08-28 23:00:00+01:00;14.1;11.38212153
1900-08-29 00:00:00+01:00;14.6;9.275313616
1900-08-29 01:00:00+01:00;14.4;8.4502502
1900-08-29 02:00:00+01:00;14.6;8.302588326
1900-08-29 03:00:00+01:00;14.4;8.317082357
1900-08-29 04:00:00+01:00;14.3;8.205538121
1900-08-29 05:00:00+01:00;14.4;8.88334511
1900-08-29 06:00:00+01:00;14.8;12.23466454
1900-08-29 07:00:00+01:00;15;14.47747482
1900-08-29 08:00:00+01:00;16;13.20879536
1900-08-29 09:00:00+01:00;16.2;13.32313704
1900-08-29 10:00:00+01:00;18.8;12.48202603
1900-08-29 11:00:00+01:00;19.4;11.80140724
1900-08-29 12:00:00+01:00;20;11.45647436
1900-08-29 13:00:00+01:00;20.4;11.10878935
1900-08-29 14:00:00+01:00;20.5;11.63108829
1900-08-29 15:00:00+01:00;19.9;12.5495511
1900-08-29 16:00:00+01:00;20.6;13.56070948
1900-08-29 17:00:00+01:00;19.4;14.42901072
1900-08-29 18:00:00+01:00;17.7;14.60851912
1900-08-29 19:00:00+01:00;16.5;15.02619996
1900-08-29 20:00:00+01:00;15.6;15.1343836
1900-08-29 21:00:00+01:00;14.4;14.49172894
1900-08-29 22:00:00+01:00;14.2;13.45115715
1900-08-29 23:00:00+01:00;15;11.38212153
1900-08-30 00:00:00+01:00;14.7;9.275313616
1900-08-30 01:00:00+01:00;14.6;8.4502502
1900-08-30 02:00:00+01:00;15;8.302588326
1900-08-30 03:00:00+01:00;15.1;8.317082357
1900-08-30 04:00:00+01:00;14.7;8.205538121
1900-08-30 05:00:00+01:00;14.8;8.88334511
1900-08-30 06:00:00+01:00;15;12.23466454
1900-08-30 07:00:00+01:00;15.5;14.47747482
1900-08-30 08:00:00+01:00;15.6;13.20879536
1900-08-30 09:00:00+01:00;15.5;13.32313704
1900-08-30 10:00:00+01:00;14.9;12.48202603
1900-08-30 11:00:00+01:00;15;11.80140724
1900-08-30 12:00:00+01:00;14.6;11.45647436
1900-08-30 13:00:00+01:00;15.3;11.10878935
1900-08-30 14:00:00+01:00;15.7;11.63108829
1900-08-30 15:00:00+01:00;15.1;12.5495511
1900-08-30 16:00:00+01:00;15.3;13.56070948
1900-08-30 17:00:00+01:00;15.2;14.42901072
1900-08-30 18:00:00+01:00;15.2;14.60851912
1900-08-30 19:00:00+01:00;15;15.02619996
1900-08-30 20:00:00+01:00;14.8;15.1343836
1900-08-30 21:00:00+01:00;14.5;14.49172894
1900-08-30 22:00:00+01:00;14.3;13.45115715
1900-08-30 23:00:00+01:00;14.4;11.38212153
1900-08-31 00:00:00+01:00;14.4;9.275313616
1900-08-31 01:00:00+01:00;13.7;8.4502502
1900-08-31 02:00:00+01:00;14;8.302588326
1900-08-31 03:00:00+01:00;13.9;8.317082357
1900-08-31 04:00:00+01:00;14;8.205538121
1900-08-31 05:00:00+01:00;13.4;8.88334511
1900-08-31 06:00:00+01:00;13;12.23466454
1900-08-31 07:00:00+01:00;13.1;14.47747482
1900-08-31 08:00:00+01:00;13.4;13.20879536
1900-08-31 09:00:00+01:00;13.9;13.32313704
1900-08-31 10:00:00+01:00;14.6;12.48202603
1900-08-31 11:00:00+01:00;16.3;11.80140724
1900-08-31 12:00:00+01:00;16.3;11.45647436
1900-08-31 13:00:00+01:00;17;11.10878935
1900-08-31 14:00:00+01:00;17.1;11.63108829
1900-08-31 15:00:00+01:00;18.9;12.5495511
1900-08-31 16:00:00+01:00;20;13.56070948
1900-08-31 17:00:00+01:00;17;14.42901072
1900-08-31 18:00:00+01:00;16.9;14.60851912
1900-08-31 19:00:00+01:00;15.6;15.02619996
1900-08-31 20:00:00+01:00;14.8;15.1343836
1900-08-31 21:00:00+01:00;13.5;14.49172894
1900-08-31 22:00:00+01:00;11.9;16.270532
1900-08-31 23:00:00+01:00;10.1;14.69572901
1900-09-01 00:00:00+01:00;9.3;12.77637271
1900-09-01 01:00:00+01:00;8.5;11.07495116
1900-09-01 02:00:00+01:00;7.7;10.88491403
1900-09-01 03:00:00+01:00;7.7;10.11108023
1900-09-01 04:00:00+01:00;8.4;9.88487253
1900-09-01 05:00:00+01:00;9;10.18542971
1900-09-01 06:00:00+01:00;9.6;11.25585805
1900-09-01 07:00:00+01:00;9.9;13.79062155
1900-09-01 08:00:00+01:00;9.9;19.08596104
1900-09-01 09:00:00+01:00;10.2;23.90483636
1900-09-01 10:00:00+01:00;12.4;24.0473199
1900-09-01 11:00:00+01:00;13.2;22.4130941
1900-09-01 12:00:00+01:00;15.3;14.88335556
1900-09-01 13:00:00+01:00;16.1;14.4635814
1900-09-01 14:00:00+01:00;17.2;13.91365853
1900-09-01 15:00:00+01:00;16.2;13.98709095
1900-09-01 16:00:00+01:00;16.9;14.54514757
1900-09-01 17:00:00+01:00;15.7;15.13330727
1900-09-01 18:00:00+01:00;15.2;15.72032019
1900-09-01 19:00:00+01:00;15.1;16.34230806
1900-09-01 20:00:00+01:00;14.7;15.75339396
1900-09-01 21:00:00+01:00;13.6;14.54212782
1900-09-01 22:00:00+01:00;11.1;17.33992595
1900-09-01 23:00:00+01:00;10.6;15.70462455
1900-09-02 00:00:00+01:00;9.2;14.44684216
1900-09-02 01:00:00+01:00;8.3;12.54183937
1900-09-02 02:00:00+01:00;8.4;11.73643658
1900-09-02 03:00:00+01:00;8;11.05679463
1900-09-02 04:00:00+01:00;7.3;11.10693168
1900-09-02 05:00:00+01:00;9.2;10.91452979
1900-09-02 06:00:00+01:00;10.5;11.90866256
1900-09-02 07:00:00+01:00;12.2;13.23917366
1900-09-02 08:00:00+01:00;15.5;13.32766493
1900-09-02 09:00:00+01:00;16.5;16.06582639
1900-09-02 10:00:00+01:00;18.2;16.03641977
1900-09-02 11:00:00+01:00;19.4;15.65159054
1900-09-02 12:00:00+01:00;19.6;14.88335556
1900-09-02 13:00:00+01:00;19.3;14.4635814
1900-09-02 14:00:00+01:00;21.6;13.91365853
1900-09-02 15:00:00+01:00;20;13.98709095
1900-09-02 16:00:00+01:00;20.8;14.54514757
1900-09-02 17:00:00+01:00;20.1;15.13330727
1900-09-02 18:00:00+01:00;18.3;15.72032019
1900-09-02 19:00:00+01:00;15.3;16.34230806
1900-09-02 20:00:00+01:00;14.4;15.75339396
1900-09-02 21:00:00+01:00;13.6;14.54212782
1900-09-02 22:00:00+01:00;12;15.87743381
1900-09-02 23:00:00+01:00;10.5;14.22623865
1900-09-03 00:00:00+01:00;9.5;11.23716634
1900-09-03 01:00:00+01:00;9.6;9.133423418
1900-09-03 02:00:00+01:00;8.5;9.008731493
1900-09-03 03:00:00+01:00;9;8.754650679
1900-09-03 04:00:00+01:00;7.5;9.931853522
1900-09-03 05:00:00+01:00;7.2;11.96625007
1900-09-03 06:00:00+01:00;7.5;17.92707225
1900-09-03 07:00:00+01:00;10.7;21.38672775
1900-09-03 08:00:00+01:00;14;13.93983703
1900-09-03 09:00:00+01:00;16.5;13.94830371
1900-09-03 10:00:00+01:00;17.2;12.98115103
1900-09-03 11:00:00+01:00;18.2;12.41649058
1900-09-03 12:00:00+01:00;18.6;12.05139102
1900-09-03 13:00:00+01:00;18.7;11.64320602
1900-09-03 14:00:00+01:00;22.1;12.14029663
1900-09-03 15:00:00+01:00;18.8;13.30075943
1900-09-03 16:00:00+01:00;19.5;14.52870948
1900-09-03 17:00:00+01:00;18.4;15.34155239
1900-09-03 18:00:00+01:00;17.1;15.75801912
1900-09-03 19:00:00+01:00;15;16.36728329
1900-09-03 20:00:00+01:00;13.8;16.52084193
1900-09-03 21:00:00+01:00;13.4;15.78743727
1900-09-03 22:00:00+01:00;13;14.38890715
1900-09-03 23:00:00+01:00;13.2;12.03249653
1900-09-04 00:00:00+01:00;9.1;11.60994264
1900-09-04 01:00:00+01:00;8;9.960303332
1900-09-04 02:00:00+01:00;7;9.828023889
1900-09-04 03:00:00+01:00;7.3;9.716314312
1900-09-04 04:00:00+01:00;5.7;11.00861144
1900-09-04 05:00:00+01:00;5.5;13.00796334
1900-09-04 06:00:00+01:00;6.6;18.70204354
1900-09-04 07:00:00+01:00;7.5;24.32615186
1900-09-04 08:00:00+01:00;9.4;20.10151123
1900-09-04 09:00:00+01:00;10.3;19.00626582
1900-09-04 10:00:00+01:00;10.8;18.17672683
1900-09-04 11:00:00+01:00;12.6;16.93368486
1900-09-04 12:00:00+01:00;13.3;12.05139102
1900-09-04 13:00:00+01:00;14.6;11.64320602
1900-09-04 14:00:00+01:00;16.3;12.14029663
1900-09-04 15:00:00+01:00;16.3;13.30075943
1900-09-04 16:00:00+01:00;16;14.52870948
1900-09-04 17:00:00+01:00;15.4;15.34155239
1900-09-04 18:00:00+01:00;14.9;15.75801912
1900-09-04 19:00:00+01:00;13.3;22.52404359
1900-09-04 20:00:00+01:00;13;16.52084193
1900-09-04 21:00:00+01:00;12.6;15.78743727
1900-09-04 22:00:00+01:00;11.2;19.33604522
1900-09-04 23:00:00+01:00;11;16.71710354
1900-09-05 00:00:00+01:00;10.7;12.65247082
1900-09-05 01:00:00+01:00;8.4;11.71243232
1900-09-05 02:00:00+01:00;8.9;11.09235706
1900-09-05 03:00:00+01:00;7.9;11.19544691
1900-09-05 04:00:00+01:00;8;11.72489677
1900-09-05 05:00:00+01:00;7.4;13.80350819
1900-09-05 06:00:00+01:00;9;19.95499437
1900-09-05 07:00:00+01:00;8.7;24.90676443
1900-09-05 08:00:00+01:00;11.8;19.39350816
1900-09-05 09:00:00+01:00;14.1;13.94830371
1900-09-05 10:00:00+01:00;15.4;12.98115103
1900-09-05 11:00:00+01:00;16.8;12.41649058
1900-09-05 12:00:00+01:00;16.5;12.05139102
1900-09-05 13:00:00+01:00;17;11.64320602
1900-09-05 14:00:00+01:00;17.4;12.14029663
1900-09-05 15:00:00+01:00;16.2;13.30075943
1900-09-05 16:00:00+01:00;17.7;14.52870948
1900-09-05 17:00:00+01:00;17.5;15.34155239
1900-09-05 18:00:00+01:00;15.6;15.75801912
1900-09-05 19:00:00+01:00;13.1;22.08503597
1900-09-05 20:00:00+01:00;10.3;24.03329825
1900-09-05 21:00:00+01:00;9.1;22.66118785
1900-09-05 22:00:00+01:00;9.3;20.12545054
1900-09-05 23:00:00+01:00;9.9;16.9764388
1900-09-06 00:00:00+01:00;8.6;13.08547875
1900-09-06 01:00:00+01:00;6.3;11.56543031
1900-09-06 02:00:00+01:00;6.7;11.10348595
1900-09-06 03:00:00+01:00;5.8;11.298031
1900-09-06 04:00:00+01:00;5.4;12.22533297
1900-09-06 05:00:00+01:00;4.7;14.42692543
1900-09-06 06:00:00+01:00;5.7;20.45804367
1900-09-06 07:00:00+01:00;10;24.25500592
1900-09-06 08:00:00+01:00;11.7;19.45511607
1900-09-06 09:00:00+01:00;13;13.94830371
1900-09-06 10:00:00+01:00;14.8;12.98115103
1900-09-06 11:00:00+01:00;15.5;12.41649058
1900-09-06 12:00:00+01:00;16;12.05139102
1900-09-06 13:00:00+01:00;16.1;11.64320602
1900-09-06 14:00:00+01:00;17.1;12.14029663
1900-09-06 15:00:00+01:00;17.5;13.30075943
1900-09-06 16:00:00+01:00;17.2;14.52870948
1900-09-06 17:00:00+01:00;16;15.34155239
1900-09-06 18:00:00+01:00;14.5;15.75801912
1900-09-06 19:00:00+01:00;13.5;22.4101983
1900-09-06 20:00:00+01:00;12.8;22.86931022
1900-09-06 21:00:00+01:00;12.4;21.17460057
1900-09-06 22:00:00+01:00;9.7;20.40253476
1900-09-06 23:00:00+01:00;9.5;17.50840336
1900-09-07 00:00:00+01:00;8;13.6399418
1900-09-07 01:00:00+01:00;8.3;11.39107271
1900-09-07 02:00:00+01:00;8.3;10.9060409
1900-09-07 03:00:00+01:00;8.8;10.57152303
1900-09-07 04:00:00+01:00;8.8;11.0935463
1900-09-07 05:00:00+01:00;9.8;12.61359445
1900-09-07 06:00:00+01:00;10.8;18.13199588
1900-09-07 07:00:00+01:00;12.6;15.20851648
1900-09-07 08:00:00+01:00;13.9;13.93983703
1900-09-07 09:00:00+01:00;15.3;13.94830371
1900-09-07 10:00:00+01:00;15.7;12.98115103
1900-09-07 11:00:00+01:00;17.8;12.41649058
1900-09-07 12:00:00+01:00;18;12.05139102
1900-09-07 13:00:00+01:00;19.6;11.64320602
1900-09-07 14:00:00+01:00;21.9;12.14029663
1900-09-07 15:00:00+01:00;24.2;13.30075943
1900-09-07 16:00:00+01:00;19.8;14.52870948
1900-09-07 17:00:00+01:00;18.8;15.34155239
1900-09-07 18:00:00+01:00;17;15.75801912
1900-09-07 19:00:00+01:00;15.4;16.36728329
1900-09-07 20:00:00+01:00;15.2;16.52084193
1900-09-07 21:00:00+01:00;12.8;15.78743727
1900-09-07 22:00:00+01:00;12.3;14.38890715
1900-09-07 23:00:00+01:00;10.7;15.52681774
1900-09-08 00:00:00+01:00;9.9;12.80992059
1900-09-08 01:00:00+01:00;9.6;10.7765983
1900-09-08 02:00:00+01:00;10.4;9.797352802
1900-09-08 03:00:00+01:00;11;8.606422836
1900-09-08 04:00:00+01:00;10.8;8.687630946
1900-09-08 05:00:00+01:00;11;8.459605954
1900-09-08 06:00:00+01:00;10.6;10.01745863
1900-09-08 07:00:00+01:00;10.9;12.55341816
1900-09-08 08:00:00+01:00;11.8;17.48590229
1900-09-08 09:00:00+01:00;12.7;22.07860373
1900-09-08 10:00:00+01:00;13.1;22.8170455
1900-09-08 11:00:00+01:00;14.4;15.65159054
1900-09-08 12:00:00+01:00;16.3;14.88335556
1900-09-08 13:00:00+01:00;18.6;14.4635814
1900-09-08 14:00:00+01:00;20;13.91365853
1900-09-08 15:00:00+01:00;21.1;13.98709095
1900-09-08 16:00:00+01:00;23.3;14.54514757
1900-09-08 17:00:00+01:00;22.7;15.13330727
1900-09-08 18:00:00+01:00;18.6;15.72032019
1900-09-08 19:00:00+01:00;15.6;16.34230806
1900-09-08 20:00:00+01:00;14.9;15.75339396
1900-09-08 21:00:00+01:00;14.6;14.54212782
1900-09-08 22:00:00+01:00;13.7;13.0389602
1900-09-08 23:00:00+01:00;12.9;11.99373873
1900-09-09 00:00:00+01:00;12.1;10.58409551
1900-09-09 01:00:00+01:00;11.4;9.354187295
1900-09-09 02:00:00+01:00;11.5;8.958610087
1900-09-09 03:00:00+01:00;11.5;8.606422836
1900-09-09 04:00:00+01:00;11.5;8.504065681
1900-09-09 05:00:00+01:00;11.2;8.459605954
1900-09-09 06:00:00+01:00;12.9;9.458065545
1900-09-09 07:00:00+01:00;15;10.8124251
1900-09-09 08:00:00+01:00;15.2;13.32766493
1900-09-09 09:00:00+01:00;16.2;16.06582639
1900-09-09 10:00:00+01:00;17;16.03641977
1900-09-09 11:00:00+01:00;18;15.65159054
1900-09-09 12:00:00+01:00;18.1;14.88335556
1900-09-09 13:00:00+01:00;19;14.4635814
1900-09-09 14:00:00+01:00;20.5;13.91365853
1900-09-09 15:00:00+01:00;20.4;13.98709095
1900-09-09 16:00:00+01:00;21;14.54514757
1900-09-09 17:00:00+01:00;20.2;15.13330727
1900-09-09 18:00:00+01:00;17.6;15.72032019
1900-09-09 19:00:00+01:00;16.6;16.34230806
1900-09-09 20:00:00+01:00;15.4;15.75339396
1900-09-09 21:00:00+01:00;15.3;14.54212782
1900-09-09 22:00:00+01:00;14.5;13.0389602
1900-09-09 23:00:00+01:00;12.2;11.99373873
1900-09-10 00:00:00+01:00;11.9;9.673605282
1900-09-10 01:00:00+01:00;10.6;8.7830002
1900-09-10 02:00:00+01:00;10;8.640379993
1900-09-10 03:00:00+01:00;11;8.669999023
1900-09-10 04:00:00+01:00;11.4;8.578621455
1900-09-10 05:00:00+01:00;11.6;9.256428443
1900-09-10 06:00:00+01:00;11.9;12.79428954
1900-09-10 07:00:00+01:00;13;15.20851648
1900-09-10 08:00:00+01:00;13;13.93983703
1900-09-10 09:00:00+01:00;13.8;13.94830371
1900-09-10 10:00:00+01:00;15.4;12.98115103
1900-09-10 11:00:00+01:00;16;12.41649058
1900-09-10 12:00:00+01:00;16.8;12.05139102
1900-09-10 13:00:00+01:00;16.8;11.64320602
1900-09-10 14:00:00+01:00;17.4;12.14029663
1900-09-10 15:00:00+01:00;16.7;13.30075943
1900-09-10 16:00:00+01:00;16.6;14.52870948
1900-09-10 17:00:00+01:00;15.5;15.34155239
1900-09-10 18:00:00+01:00;14.5;15.75801912
1900-09-10 19:00:00+01:00;13.5;21.4329495
1900-09-10 20:00:00+01:00;12.4;21.79634886
1900-09-10 21:00:00+01:00;11.9;20.27399464
1900-09-10 22:00:00+01:00;10.2;19.21808321
1900-09-10 23:00:00+01:00;9.1;16.55269891
1900-09-11 00:00:00+01:00;9.5;11.89648434
1900-09-11 01:00:00+01:00;9;10.07741067
1900-09-11 02:00:00+01:00;8.8;9.885748311
1900-09-11 03:00:00+01:00;9.4;9.657589392
1900-09-11 04:00:00+01:00;9.7;10.24944361
1900-09-11 05:00:00+01:00;9.7;12.23611913
1900-09-11 06:00:00+01:00;10;18.78638378
1900-09-11 07:00:00+01:00;10.7;22.24365075
1900-09-11 08:00:00+01:00;11.8;18.88008469
1900-09-11 09:00:00+01:00;13.8;13.94830371
1900-09-11 10:00:00+01:00;14.9;12.98115103
1900-09-11 11:00:00+01:00;17.4;12.41649058
1900-09-11 12:00:00+01:00;17.8;12.05139102
1900-09-11 13:00:00+01:00;19.7;11.64320602
1900-09-11 14:00:00+01:00;21.3;12.14029663
1900-09-11 15:00:00+01:00;19;13.30075943
1900-09-11 16:00:00+01:00;19.2;14.52870948
1900-09-11 17:00:00+01:00;18.4;15.34155239
1900-09-11 18:00:00+01:00;16.4;15.75801912
1900-09-11 19:00:00+01:00;15.3;16.36728329
1900-09-11 20:00:00+01:00;14.1;16.52084193
1900-09-11 21:00:00+01:00;11.7;20.36318609
1900-09-11 22:00:00+01:00;10.8;18.94951683
1900-09-11 23:00:00+01:00;11.4;15.1641336
1900-09-12 00:00:00+01:00;11.7;9.673605282
1900-09-12 01:00:00+01:00;11.9;8.7830002
1900-09-12 02:00:00+01:00;12.2;8.640379993
1900-09-12 03:00:00+01:00;12.4;8.669999023
1900-09-12 04:00:00+01:00;12;8.578621455
1900-09-12 05:00:00+01:00;11.6;9.256428443
1900-09-12 06:00:00+01:00;11.8;12.79428954
1900-09-12 07:00:00+01:00;13;15.20851648
1900-09-12 08:00:00+01:00;12.9;13.93983703
1900-09-12 09:00:00+01:00;11.3;17.70915503
1900-09-12 10:00:00+01:00;11.5;16.16679193
1900-09-12 11:00:00+01:00;12;16.24411626
1900-09-12 12:00:00+01:00;13.4;12.05139102
1900-09-12 13:00:00+01:00;13.5;14.90967425
1900-09-12 14:00:00+01:00;13.6;15.8406253
1900-09-12 15:00:00+01:00;13.1;18.29070107
1900-09-12 16:00:00+01:00;11.1;21.73882953
1900-09-12 17:00:00+01:00;11.6;23.12752316
1900-09-12 18:00:00+01:00;9;25.02388778
1900-09-12 19:00:00+01:00;7.5;26.14749911
1900-09-12 20:00:00+01:00;6.5;26.06484173
1900-09-12 21:00:00+01:00;6.4;24.21039272
1900-09-12 22:00:00+01:00;6;21.88100231
1900-09-12 23:00:00+01:00;5.8;18.98802097
1900-09-13 00:00:00+01:00;5.6;14.98391802
1900-09-13 01:00:00+01:00;3.8;13.42810792
1900-09-13 02:00:00+01:00;3.5;13.30835182
1900-09-13 03:00:00+01:00;2.6;13.74272819
1900-09-13 04:00:00+01:00;2;14.93521229
1900-09-13 05:00:00+01:00;1.5;17.29399028
1900-09-13 06:00:00+01:00;2.8;23.60731968
1900-09-13 07:00:00+01:00;6.6;28.18977763
1900-09-13 08:00:00+01:00;8.6;23.70882147
1900-09-13 09:00:00+01:00;10.1;22.82649649
1900-09-13 10:00:00+01:00;12.2;12.98115103
1900-09-13 11:00:00+01:00;14.3;12.41649058
1900-09-13 12:00:00+01:00;14.3;12.05139102
1900-09-13 13:00:00+01:00;14.6;11.64320602
1900-09-13 14:00:00+01:00;12.5;18.87034366
1900-09-13 15:00:00+01:00;12.3;20.37185212
1900-09-13 16:00:00+01:00;12.9;22.49507863
1900-09-13 17:00:00+01:00;11.7;24.99873536
1900-09-13 18:00:00+01:00;9.4;26.65002581
1900-09-13 19:00:00+01:00;6.3;28.47405653
1900-09-13 20:00:00+01:00;5.7;28.43888623
1900-09-13 21:00:00+01:00;5.4;26.54518519
1900-09-13 22:00:00+01:00;5.8;23.77837974
1900-09-13 23:00:00+01:00;3.6;21.50976776
1900-09-14 00:00:00+01:00;4;17.22018206
1900-09-14 01:00:00+01:00;5.1;14.81129648
1900-09-14 02:00:00+01:00;4.8;14.38079967
1900-09-14 03:00:00+01:00;4.7;14.24046655
1900-09-14 04:00:00+01:00;1.7;15.74091933
1900-09-14 05:00:00+01:00;1.3;17.8299847
1900-09-14 06:00:00+01:00;4.9;23.51276355
1900-09-14 07:00:00+01:00;7.1;27.95606537
1900-09-14 08:00:00+01:00;10.2;23.09594634
1900-09-14 09:00:00+01:00;11.6;21.04806729
1900-09-14 10:00:00+01:00;12.5;12.98115103
1900-09-14 11:00:00+01:00;12.8;19.4024086
1900-09-14 12:00:00+01:00;13.9;12.05139102
1900-09-14 13:00:00+01:00;10.6;19.06237735
1900-09-14 14:00:00+01:00;12.9;18.68515137
1900-09-14 15:00:00+01:00;11.4;20.86024618
1900-09-14 16:00:00+01:00;11;23.61103988
1900-09-14 17:00:00+01:00;9.1;26.50373074
1900-09-14 18:00:00+01:00;7.7;27.69563591
1900-09-14 19:00:00+01:00;6;28.78485505
1900-09-14 20:00:00+01:00;4.6;29.05982327
1900-09-14 21:00:00+01:00;4.1;27.18913519
1900-09-14 22:00:00+01:00;3.1;24.89887582
1900-09-14 23:00:00+01:00;3.6;21.75640072
1900-09-15 00:00:00+01:00;4.2;18.81671993
1900-09-15 01:00:00+01:00;3.8;16.7771208
1900-09-15 02:00:00+01:00;4;15.91023322
1900-09-15 03:00:00+01:00;1;16.10495864
1900-09-15 04:00:00+01:00;0.7;15.99779169
1900-09-15 05:00:00+01:00;0.1;16.70888698
1900-09-15 06:00:00+01:00;2.4;17.35476997
1900-09-15 07:00:00+01:00;6;18.95306186
1900-09-15 08:00:00+01:00;7.4;23.58460541
1900-09-15 09:00:00+01:00;9.6;28.10821134
1900-09-15 10:00:00+01:00;11.2;28.3174046
1900-09-15 11:00:00+01:00;12.3;26.98134584
1900-09-15 12:00:00+01:00;13.4;23.03278462
1900-09-15 13:00:00+01:00;14.1;14.4635814
1900-09-15 14:00:00+01:00;13.8;13.91365853
1900-09-15 15:00:00+01:00;14;13.98709095
1900-09-15 16:00:00+01:00;14;14.54514757
1900-09-15 17:00:00+01:00;13.8;24.17425841
1900-09-15 18:00:00+01:00;10.4;26.2034174
1900-09-15 19:00:00+01:00;7.6;27.391353
1900-09-15 20:00:00+01:00;5.3;27.88696202
1900-09-15 21:00:00+01:00;4.5;25.74445488
1900-09-15 22:00:00+01:00;4.2;22.92600624
1900-09-15 23:00:00+01:00;3.4;20.53555104
1900-09-16 00:00:00+01:00;3;19.0577028
1900-09-16 01:00:00+01:00;2.5;17.08482788
1900-09-16 02:00:00+01:00;2.2;16.4972102
1900-09-16 03:00:00+01:00;-0.5;16.45702778
1900-09-16 04:00:00+01:00;-1.2;16.43149894
1900-09-16 05:00:00+01:00;2.3;15.94394214
1900-09-16 06:00:00+01:00;2.7;17.06144658
1900-09-16 07:00:00+01:00;4.4;19.26374539
1900-09-16 08:00:00+01:00;5.6;24.08930578
1900-09-16 09:00:00+01:00;6.7;28.84358857
1900-09-16 10:00:00+01:00;8.9;29.00154868
1900-09-16 11:00:00+01:00;10.9;27.54519233
1900-09-16 12:00:00+01:00;12.4;24.70333768
1900-09-16 13:00:00+01:00;14.3;14.4635814
1900-09-16 14:00:00+01:00;15.2;13.91365853
1900-09-16 15:00:00+01:00;14.6;13.98709095
1900-09-16 16:00:00+01:00;14.6;14.54514757
1900-09-16 17:00:00+01:00;13.7;24.36480135
1900-09-16 18:00:00+01:00;12.8;25.14730965
1900-09-16 19:00:00+01:00;11.8;25.60775692
1900-09-16 20:00:00+01:00;12;24.15852898
1900-09-16 21:00:00+01:00;10.6;23.67246963
1900-09-16 22:00:00+01:00;10.5;20.74212518
1900-09-16 23:00:00+01:00;9.9;18.44561142
1900-09-17 00:00:00+01:00;8.6;15.33583563
1900-09-17 01:00:00+01:00;8.9;13.22872069
1900-09-17 02:00:00+01:00;8.5;12.67602086
1900-09-17 03:00:00+01:00;7.6;12.53096783
1900-09-17 04:00:00+01:00;7.9;12.74699235
1900-09-17 05:00:00+01:00;7.6;14.67581748
1900-09-17 06:00:00+01:00;8.1;21.20193829
1900-09-17 07:00:00+01:00;9.4;25.32727992
1900-09-17 08:00:00+01:00;11;20.18136479
1900-09-17 09:00:00+01:00;11.3;20.32996306
1900-09-17 10:00:00+01:00;12.6;12.98115103
1900-09-17 11:00:00+01:00;12.3;17.88626286
1900-09-17 12:00:00+01:00;12;17.10390498
1900-09-17 13:00:00+01:00;12.1;16.88525596
1900-09-17 14:00:00+01:00;11.6;18.01624869
1900-09-17 15:00:00+01:00;12.1;19.59136603
1900-09-17 16:00:00+01:00;12.3;21.87302736
1900-09-17 17:00:00+01:00;12;23.75612297
1900-09-17 18:00:00+01:00;12.3;24.06551482
1900-09-17 19:00:00+01:00;12.5;23.20707004
1900-09-17 20:00:00+01:00;12.5;23.46750842
1900-09-17 21:00:00+01:00;12.2;21.76848054
1900-09-17 22:00:00+01:00;12.4;14.38890715
1900-09-17 23:00:00+01:00;12.1;12.03249653
1900-09-18 00:00:00+01:00;11.6;9.673605282
1900-09-18 01:00:00+01:00;11.5;8.7830002
1900-09-18 02:00:00+01:00;11.5;8.640379993
1900-09-18 03:00:00+01:00;11.2;8.669999023
1900-09-18 04:00:00+01:00;11.1;8.578621455
1900-09-18 05:00:00+01:00;10.3;12.45894746
1900-09-18 06:00:00+01:00;10.5;18.75737122
1900-09-18 07:00:00+01:00;11.4;22.4640647
1900-09-18 08:00:00+01:00;13;13.93983703
1900-09-18 09:00:00+01:00;13.6;13.94830371
1900-09-18 10:00:00+01:00;14.4;12.98115103
1900-09-18 11:00:00+01:00;14.7;12.41649058
1900-09-18 12:00:00+01:00;15.3;12.05139102
1900-09-18 13:00:00+01:00;14.4;11.64320602
1900-09-18 14:00:00+01:00;14.2;12.14029663
1900-09-18 15:00:00+01:00;15;13.30075943
1900-09-18 16:00:00+01:00;14.4;14.52870948
1900-09-18 17:00:00+01:00;14.8;15.34155239
1900-09-18 18:00:00+01:00;14;15.75801912
1900-09-18 19:00:00+01:00;12.1;22.50304088
1900-09-18 20:00:00+01:00;10.2;24.00521706
1900-09-18 21:00:00+01:00;9.5;22.44581227
1900-09-18 22:00:00+01:00;8.1;20.47457904
1900-09-18 23:00:00+01:00;8;17.53414241
1900-09-19 00:00:00+01:00;8.2;13.28842768
1900-09-19 01:00:00+01:00;9.8;10.59078835
1900-09-19 02:00:00+01:00;9.8;10.22171037
1900-09-19 03:00:00+01:00;10;8.669999023
1900-09-19 04:00:00+01:00;10;10.61917482
1900-09-19 05:00:00+01:00;10;12.36761211
1900-09-19 06:00:00+01:00;10.2;19.54987243
1900-09-19 07:00:00+01:00;11;22.59416529
1900-09-19 08:00:00+01:00;11.3;19.50788801
1900-09-19 09:00:00+01:00;13.3;13.94830371
1900-09-19 10:00:00+01:00;14.1;12.98115103
1900-09-19 11:00:00+01:00;15.2;12.41649058
1900-09-19 12:00:00+01:00;15.9;12.05139102
1900-09-19 13:00:00+01:00;16.7;11.64320602
1900-09-19 14:00:00+01:00;17.3;12.14029663
1900-09-19 15:00:00+01:00;16.9;13.30075943
1900-09-19 16:00:00+01:00;16;14.52870948
1900-09-19 17:00:00+01:00;15.8;15.34155239
1900-09-19 18:00:00+01:00;14.4;15.75801912
1900-09-19 19:00:00+01:00;15.9;16.36728329
1900-09-19 20:00:00+01:00;14.3;16.52084193
1900-09-19 21:00:00+01:00;13.5;15.78743727
1900-09-19 22:00:00+01:00;15;14.38890715
1900-09-19 23:00:00+01:00;12.1;12.03249653
1900-09-20 00:00:00+01:00;12.7;9.673605282
1900-09-20 01:00:00+01:00;12.5;8.7830002
1900-09-20 02:00:00+01:00;11.7;8.640379993
1900-09-20 03:00:00+01:00;11.5;8.669999023
1900-09-20 04:00:00+01:00;9.3;10.01202527
1900-09-20 05:00:00+01:00;8.7;12.14642729
1900-09-20 06:00:00+01:00;10.4;18.15577186
1900-09-20 07:00:00+01:00;11.5;21.44058214
1900-09-20 08:00:00+01:00;13.5;13.93983703
1900-09-20 09:00:00+01:00;14.8;13.94830371
1900-09-20 10:00:00+01:00;16;12.98115103
1900-09-20 11:00:00+01:00;16.9;12.41649058
1900-09-20 12:00:00+01:00;17.5;12.05139102
1900-09-20 13:00:00+01:00;17.7;11.64320602
1900-09-20 14:00:00+01:00;18;12.14029663
1900-09-20 15:00:00+01:00;18.3;13.30075943
1900-09-20 16:00:00+01:00;17.6;14.52870948
1900-09-20 17:00:00+01:00;16.4;15.34155239
1900-09-20 18:00:00+01:00;14.8;15.75801912
1900-09-20 19:00:00+01:00;15.1;16.36728329
1900-09-20 20:00:00+01:00;13.7;16.52084193
1900-09-20 21:00:00+01:00;12.9;15.78743727
1900-09-20 22:00:00+01:00;11.4;17.89883248
1900-09-20 23:00:00+01:00;10.3;15.91185202
1900-09-21 00:00:00+01:00;10.4;11.37692254
1900-09-21 01:00:00+01:00;10.9;8.7830002
1900-09-21 02:00:00+01:00;9.4;9.357072615
1900-09-21 03:00:00+01:00;8.4;9.649395927
1900-09-21 04:00:00+01:00;8.7;10.27622519
1900-09-21 05:00:00+01:00;9.4;11.97475509
1900-09-21 06:00:00+01:00;8.2;18.6338536
1900-09-21 07:00:00+01:00;9.8;23.32248624
1900-09-21 08:00:00+01:00;11.2;18.74981987
1900-09-21 09:00:00+01:00;13.2;13.94830371
1900-09-21 10:00:00+01:00;14.7;12.98115103
1900-09-21 11:00:00+01:00;14.8;12.41649058
1900-09-21 12:00:00+01:00;15;12.05139102
1900-09-21 13:00:00+01:00;15.1;11.64320602
1900-09-21 14:00:00+01:00;15.5;12.14029663
1900-09-21 15:00:00+01:00;15.8;13.30075943
1900-09-21 16:00:00+01:00;15.9;14.52870948
1900-09-21 17:00:00+01:00;15.9;15.34155239
1900-09-21 18:00:00+01:00;15.7;15.75801912
1900-09-21 19:00:00+01:00;15.5;16.36728329
1900-09-21 20:00:00+01:00;15.4;16.52084193
1900-09-21 21:00:00+01:00;15;15.78743727
1900-09-21 22:00:00+01:00;14;14.38890715
1900-09-21 23:00:00+01:00;12.2;12.03249653
1900-09-22 00:00:00+01:00;11;13.12694768
1900-09-22 01:00:00+01:00;12;9.354187295
1900-09-22 02:00:00+01:00;13.6;8.958610087
1900-09-22 03:00:00+01:00;13.5;8.606422836
1900-09-22 04:00:00+01:00;13;8.504065681
1900-09-22 05:00:00+01:00;13.4;8.459605954
1900-09-22 06:00:00+01:00;13.2;9.458065545
1900-09-22 07:00:00+01:00;12.5;10.8124251
1900-09-22 08:00:00+01:00;12.6;16.80819202
1900-09-22 09:00:00+01:00;14.2;16.06582639
1900-09-22 10:00:00+01:00;15.7;16.03641977
1900-09-22 11:00:00+01:00;16;15.65159054
1900-09-22 12:00:00+01:00;16.5;14.88335556
1900-09-22 13:00:00+01:00;16.6;14.4635814
1900-09-22 14:00:00+01:00;17.2;13.91365853
1900-09-22 15:00:00+01:00;16.7;13.98709095
1900-09-22 16:00:00+01:00;16.4;14.54514757
1900-09-22 17:00:00+01:00;15.6;15.13330727
1900-09-22 18:00:00+01:00;13.9;20.24089451
1900-09-22 19:00:00+01:00;14.1;16.34230806
1900-09-22 20:00:00+01:00;14;15.75339396
1900-09-22 21:00:00+01:00;13.6;14.54212782
1900-09-22 22:00:00+01:00;12.4;15.95621649
1900-09-22 23:00:00+01:00;12.7;11.99373873
1900-09-23 00:00:00+01:00;11.8;10.58409551
1900-09-23 01:00:00+01:00;10.9;10.49077716
1900-09-23 02:00:00+01:00;9.8;10.28841522
1900-09-23 03:00:00+01:00;9.8;9.571173935
1900-09-23 04:00:00+01:00;8.5;9.868131172
1900-09-23 05:00:00+01:00;8.9;10.22486352
1900-09-23 06:00:00+01:00;8.2;11.58208145
1900-09-23 07:00:00+01:00;9.7;13.89491338
1900-09-23 08:00:00+01:00;11.6;18.40718261
1900-09-23 09:00:00+01:00;12.4;23.12260844
1900-09-23 10:00:00+01:00;14.2;16.03641977
1900-09-23 11:00:00+01:00;13.8;15.65159054
1900-09-23 12:00:00+01:00;14.4;14.88335556
1900-09-23 13:00:00+01:00;14.2;14.4635814
1900-09-23 14:00:00+01:00;14;13.91365853
1900-09-23 15:00:00+01:00;13.9;19.84480609
1900-09-23 16:00:00+01:00;13.6;20.60578723
1900-09-23 17:00:00+01:00;12.9;22.38740146
1900-09-23 18:00:00+01:00;12.8;22.64603295
1900-09-23 19:00:00+01:00;12.8;22.55091701
1900-09-23 20:00:00+01:00;12.6;21.53420686
1900-09-23 21:00:00+01:00;12.6;19.52755598
1900-09-23 22:00:00+01:00;12.3;17.12103256
1900-09-23 23:00:00+01:00;12.6;11.99373873
1900-09-24 00:00:00+01:00;12.8;9.673605282
1900-09-24 01:00:00+01:00;12.7;8.7830002
1900-09-24 02:00:00+01:00;13.4;8.640379993
1900-09-24 03:00:00+01:00;13.1;8.669999023
1900-09-24 04:00:00+01:00;12.7;8.578621455
1900-09-24 05:00:00+01:00;12.6;9.256428443
1900-09-24 06:00:00+01:00;13;12.79428954
1900-09-24 07:00:00+01:00;13.1;15.20851648
1900-09-24 08:00:00+01:00;13.3;13.93983703
1900-09-24 09:00:00+01:00;13.4;13.94830371
1900-09-24 10:00:00+01:00;13.2;12.98115103
1900-09-24 11:00:00+01:00;13.3;12.41649058
1900-09-24 12:00:00+01:00;13.5;12.05139102
1900-09-24 13:00:00+01:00;14;11.64320602
1900-09-24 14:00:00+01:00;14;12.14029663
1900-09-24 15:00:00+01:00;13.7;17.98916868
1900-09-24 16:00:00+01:00;13.7;20.20092777
1900-09-24 17:00:00+01:00;13.3;21.97429052
1900-09-24 18:00:00+01:00;12;23.10109307
1900-09-24 19:00:00+01:00;10.4;24.17427388
1900-09-24 20:00:00+01:00;8.6;24.56544788
1900-09-24 21:00:00+01:00;8.4;22.80354723
1900-09-24 22:00:00+01:00;8;20.50823437
1900-09-24 23:00:00+01:00;8.5;17.40312083
1900-09-25 00:00:00+01:00;8.7;13.15597286
1900-09-25 01:00:00+01:00;9.6;10.68758537
1900-09-25 02:00:00+01:00;10;8.640379993
1900-09-25 03:00:00+01:00;10;8.669999023
1900-09-25 04:00:00+01:00;10.1;10.75228168
1900-09-25 05:00:00+01:00;10;12.58722491
1900-09-25 06:00:00+01:00;10.4;19.91892681
1900-09-25 07:00:00+01:00;11.4;22.70857938
1900-09-25 08:00:00+01:00;12.4;13.93983703
1900-09-25 09:00:00+01:00;13;13.94830371
1900-09-25 10:00:00+01:00;13.7;12.98115103
1900-09-25 11:00:00+01:00;15.6;12.41649058
1900-09-25 12:00:00+01:00;15;12.05139102
1900-09-25 13:00:00+01:00;14.7;11.64320602
1900-09-25 14:00:00+01:00;14.2;12.14029663
1900-09-25 15:00:00+01:00;14.2;13.30075943
1900-09-25 16:00:00+01:00;13;21.1816479
1900-09-25 17:00:00+01:00;12;23.38997774
1900-09-25 18:00:00+01:00;11.3;24.20652349
1900-09-25 19:00:00+01:00;12;23.09167793
1900-09-25 20:00:00+01:00;11.4;23.29747468
1900-09-25 21:00:00+01:00;11.6;21.39431734
1900-09-25 22:00:00+01:00;11.3;19.0071976
1900-09-25 23:00:00+01:00;10.7;17.03547678
1900-09-26 00:00:00+01:00;10;12.442093
1900-09-26 01:00:00+01:00;9.8;10.63818655
1900-09-26 02:00:00+01:00;9.3;10.35247665
1900-09-26 03:00:00+01:00;9.2;10.47392431
1900-09-26 04:00:00+01:00;8.4;11.3483305
1900-09-26 05:00:00+01:00;7.6;13.59351
1900-09-26 06:00:00+01:00;7.2;20.23735326
1900-09-26 07:00:00+01:00;8;25.36050565
1900-09-26 08:00:00+01:00;10;21.12730913
1900-09-26 09:00:00+01:00;11.2;20.04503884
1900-09-26 10:00:00+01:00;12.3;12.98115103
1900-09-26 11:00:00+01:00;13;12.41649058
1900-09-26 12:00:00+01:00;13.4;12.05139102
1900-09-26 13:00:00+01:00;13.3;16.32299417
1900-09-26 14:00:00+01:00;14.3;12.14029663
1900-09-26 15:00:00+01:00;14.3;13.30075943
1900-09-26 16:00:00+01:00;14.5;14.52870948
1900-09-26 17:00:00+01:00;12.7;23.14749488
1900-09-26 18:00:00+01:00;10;25.01553678
1900-09-26 19:00:00+01:00;6.8;26.96420424
1900-09-26 20:00:00+01:00;5.4;27.03355938
1900-09-26 21:00:00+01:00;6;24.91825727
1900-09-26 22:00:00+01:00;4.3;23.02429504
1900-09-26 23:00:00+01:00;4.4;20.05489918
1900-09-27 00:00:00+01:00;3.5;16.3019652
1900-09-27 01:00:00+01:00;3.3;14.25941438
1900-09-27 02:00:00+01:00;2.9;14.09106884
1900-09-27 03:00:00+01:00;3.7;13.96911803
1900-09-27 04:00:00+01:00;4.5;14.50037499
1900-09-27 05:00:00+01:00;5;16.39650971
1900-09-27 06:00:00+01:00;5.9;23.01839959
1900-09-27 07:00:00+01:00;6.1;28.24233759
1900-09-27 08:00:00+01:00;6.9;23.98849131
1900-09-27 09:00:00+01:00;7.8;23.21492038
1900-09-27 10:00:00+01:00;8.2;22.20058046
1900-09-27 11:00:00+01:00;8.9;21.05036918
1900-09-27 12:00:00+01:00;9.5;20.0278623
1900-09-27 13:00:00+01:00;10.2;19.48456252
1900-09-27 14:00:00+01:00;10.6;20.14160615
1900-09-27 15:00:00+01:00;10.5;21.58660297
1900-09-27 16:00:00+01:00;10.3;24.31772837
1900-09-27 17:00:00+01:00;9.2;26.84395331
1900-09-27 18:00:00+01:00;8.1;27.89754641
1900-09-27 19:00:00+01:00;6.2;29.09477164
1900-09-27 20:00:00+01:00;5.5;29.23768452
1900-09-27 21:00:00+01:00;5.4;27.27406887
1900-09-27 22:00:00+01:00;4.8;24.77889741
1900-09-27 23:00:00+01:00;5.2;21.7616552
1900-09-28 00:00:00+01:00;5.2;17.42459556
1900-09-28 01:00:00+01:00;5.1;15.43637896
1900-09-28 02:00:00+01:00;5.5;14.79076851
1900-09-28 03:00:00+01:00;6;14.47013981
1900-09-28 04:00:00+01:00;5.6;15.05496176
1900-09-28 05:00:00+01:00;6;16.91912454
1900-09-28 06:00:00+01:00;5;24.20466132
1900-09-28 07:00:00+01:00;5;29.56407622
1900-09-28 08:00:00+01:00;6.2;24.91032642
1900-09-28 09:00:00+01:00;7.3;24.08613914
1900-09-28 10:00:00+01:00;9.7;22.16686945
1900-09-28 11:00:00+01:00;10.1;20.94304517
1900-09-28 12:00:00+01:00;10.1;19.9520034
1900-09-28 13:00:00+01:00;11.1;19.18606625
1900-09-28 14:00:00+01:00;11;19.96601189
1900-09-28 15:00:00+01:00;11.5;21.01052118
1900-09-28 16:00:00+01:00;11;23.80393367
1900-09-28 17:00:00+01:00;10;26.19324908
1900-09-28 18:00:00+01:00;9.6;26.8311284
1900-09-28 19:00:00+01:00;8.2;27.72230013
1900-09-28 20:00:00+01:00;7.5;27.99761152
1900-09-28 21:00:00+01:00;7.1;26.16111148
1900-09-28 22:00:00+01:00;7.4;23.37078355
1900-09-28 23:00:00+01:00;7.1;20.56900293
1900-09-29 00:00:00+01:00;6.5;17.99282017
1900-09-29 01:00:00+01:00;6.9;15.60734331
1900-09-29 02:00:00+01:00;6.7;14.65747509
1900-09-29 03:00:00+01:00;6.6;14.04960805
1900-09-29 04:00:00+01:00;6.4;13.99487459
1900-09-29 05:00:00+01:00;6.1;14.36337794
1900-09-29 06:00:00+01:00;6.2;15.80038649
1900-09-29 07:00:00+01:00;6.4;18.05504809
1900-09-29 08:00:00+01:00;6.5;23.16441431
1900-09-29 09:00:00+01:00;7;28.01410745
1900-09-29 10:00:00+01:00;7;29.00652482
1900-09-29 11:00:00+01:00;7;28.89060418
1900-09-29 12:00:00+01:00;7.4;27.12313208
1900-09-29 13:00:00+01:00;7.8;25.78876646
1900-09-29 14:00:00+01:00;7.9;25.04280611
1900-09-29 15:00:00+01:00;8;25.12521015
1900-09-29 16:00:00+01:00;7.2;26.24749515
1900-09-29 17:00:00+01:00;7;27.83779605
1900-09-29 18:00:00+01:00;7.4;27.88563288
1900-09-29 19:00:00+01:00;7.5;27.67334519
1900-09-29 20:00:00+01:00;7.4;27.38905577
1900-09-29 21:00:00+01:00;7.4;25.1558506
1900-09-29 22:00:00+01:00;7.7;22.18517034
1900-09-29 23:00:00+01:00;7.8;19.7817204
1900-09-30 00:00:00+01:00;7.8;18.22095975
1900-09-30 01:00:00+01:00;8.2;15.77486133
1900-09-30 02:00:00+01:00;8.5;14.49764268
1900-09-30 03:00:00+01:00;8.3;14.0301162
1900-09-30 04:00:00+01:00;9;13.76664236
1900-09-30 05:00:00+01:00;9;13.8430867
1900-09-30 06:00:00+01:00;9.3;15.55246494
1900-09-30 07:00:00+01:00;9.7;17.26312155
1900-09-30 08:00:00+01:00;10.4;21.78131404
1900-09-30 09:00:00+01:00;12.2;26.3394901
1900-09-30 10:00:00+01:00;14;16.03641977
1900-09-30 11:00:00+01:00;15;15.65159054
1900-09-30 12:00:00+01:00;15.8;14.88335556
1900-09-30 13:00:00+01:00;15.8;14.4635814
1900-09-30 14:00:00+01:00;16.1;13.91365853
1900-09-30 15:00:00+01:00;15.6;13.98709095
1900-09-30 16:00:00+01:00;14.6;14.54514757
1900-09-30 17:00:00+01:00;13.4;22.7994492
1900-09-30 18:00:00+01:00;13.2;22.0453101
1900-09-30 19:00:00+01:00;11.3;23.75003715
1900-09-30 20:00:00+01:00;11.1;23.4159497
1900-09-30 21:00:00+01:00;9.6;21.65993535
1900-09-30 22:00:00+01:00;9;19.16586805
1900-09-30 23:00:00+01:00;9;16.57610306
1900-10-01 00:00:00+01:00;9.5;12.80056589
1900-10-01 01:00:00+01:00;9.4;10.94653412
1900-10-01 02:00:00+01:00;9.4;10.51129119
1900-10-01 03:00:00+01:00;9.7;10.31405604
1900-10-01 04:00:00+01:00;9.6;11.06095768
1900-10-01 05:00:00+01:00;9.3;13.09947039
1900-10-01 06:00:00+01:00;9.5;19.7600665
1900-10-01 07:00:00+01:00;9.8;24.31488576
1900-10-01 08:00:00+01:00;9.9;20.93390551
1900-10-01 09:00:00+01:00;10.3;20.01426891
1900-10-01 10:00:00+01:00;11.1;18.86118545
1900-10-01 11:00:00+01:00;11.6;17.9658236
1900-10-01 12:00:00+01:00;11.8;17.11502957
1900-10-01 13:00:00+01:00;11.9;16.93310846
1900-10-01 14:00:00+01:00;12.3;17.62881528
1900-10-01 15:00:00+01:00;12.4;19.41653619
1900-10-01 16:00:00+01:00;12.9;21.51530067
1900-10-01 17:00:00+01:00;12.8;23.28131204
1900-10-01 18:00:00+01:00;10.5;24.9763544
1900-10-01 19:00:00+01:00;10;25.46506617
1900-10-01 20:00:00+01:00;9;25.79356876
1900-10-01 21:00:00+01:00;9;23.92470779
1900-10-01 22:00:00+01:00;8.5;21.5322379
1900-10-01 23:00:00+01:00;7.6;18.87422346
1900-10-02 00:00:00+01:00;6.5;14.98442613
1900-10-02 01:00:00+01:00;7.5;12.68382781
1900-10-02 02:00:00+01:00;6.4;12.57943764
1900-10-02 03:00:00+01:00;6.3;12.5863792
1900-10-02 04:00:00+01:00;6.7;13.15361011
1900-10-02 05:00:00+01:00;7;15.09717448
1900-10-02 06:00:00+01:00;8;21.76751048
1900-10-02 07:00:00+01:00;8.2;26.50830776
1900-10-02 08:00:00+01:00;9.4;22.48072848
1900-10-02 09:00:00+01:00;9.8;21.72498875
1900-10-02 10:00:00+01:00;10.5;20.4092625
1900-10-02 11:00:00+01:00;11;19.32522571
1900-10-02 12:00:00+01:00;11.4;18.23339497
1900-10-02 13:00:00+01:00;12;17.70895599
1900-10-02 14:00:00+01:00;12.5;18.21959803
1900-10-02 15:00:00+01:00;12.2;19.96356134
1900-10-02 16:00:00+01:00;11.8;22.61662572
1900-10-02 17:00:00+01:00;10.6;25.05414649
1900-10-02 18:00:00+01:00;9.3;26.19098097
1900-10-02 19:00:00+01:00;7.3;27.47736716
1900-10-02 20:00:00+01:00;7;27.35244066
1900-10-02 21:00:00+01:00;6.6;25.57647819
1900-10-02 22:00:00+01:00;6.6;23.00699917
1900-10-02 23:00:00+01:00;7;19.98439711
1900-10-03 00:00:00+01:00;6.5;15.82294295
1900-10-03 01:00:00+01:00;7;13.70181049
1900-10-03 02:00:00+01:00;7.1;13.19268068
1900-10-03 03:00:00+01:00;7.2;13.00685193
1900-10-03 04:00:00+01:00;8.1;13.22724204
1900-10-03 05:00:00+01:00;8.7;15.00215426
1900-10-03 06:00:00+01:00;8.9;22.06459135
1900-10-03 07:00:00+01:00;9.4;26.19891124
1900-10-03 08:00:00+01:00;9.6;22.67077782
1900-10-03 09:00:00+01:00;9.8;21.99880451
1900-10-03 10:00:00+01:00;9.8;20.90481872
1900-10-03 11:00:00+01:00;9.9;19.96078267
1900-10-03 12:00:00+01:00;10.2;19.00751985
1900-10-03 13:00:00+01:00;10.7;18.54462417
1900-10-03 14:00:00+01:00;11.4;19.02449577
1900-10-03 15:00:00+01:00;12.5;19.97455634
1900-10-03 16:00:00+01:00;12.2;22.56797324
1900-10-03 17:00:00+01:00;10.9;25.05176133
1900-10-03 18:00:00+01:00;10;25.95703777
1900-10-03 19:00:00+01:00;9.2;26.5413653
1900-10-03 20:00:00+01:00;8.7;26.68504302
1900-10-03 21:00:00+01:00;7.1;25.30664311
1900-10-03 22:00:00+01:00;6.4;22.92438237
1900-10-03 23:00:00+01:00;5.6;20.21954503
1900-10-04 00:00:00+01:00;4.8;16.25106357
1900-10-04 01:00:00+01:00;4.4;14.27580627
1900-10-04 02:00:00+01:00;4.5;13.87134717
1900-10-04 03:00:00+01:00;4.2;13.93620859
1900-10-04 04:00:00+01:00;4.3;14.64679554
1900-10-04 05:00:00+01:00;4.8;16.57782024
1900-10-04 06:00:00+01:00;4.3;23.54507724
1900-10-04 07:00:00+01:00;4.9;29.10044177
1900-10-04 08:00:00+01:00;7.5;24.06156675
1900-10-04 09:00:00+01:00;10.6;22.6774292
1900-10-04 10:00:00+01:00;12.1;12.98115103
1900-10-04 11:00:00+01:00;13.5;12.41649058
1900-10-04 12:00:00+01:00;15.4;12.05139102
1900-10-04 13:00:00+01:00;16.2;11.64320602
1900-10-04 14:00:00+01:00;13;18.32979712
1900-10-04 15:00:00+01:00;12.2;20.21622965
1900-10-04 16:00:00+01:00;11;23.34772455
1900-10-04 17:00:00+01:00;10;25.68890197
1900-10-04 18:00:00+01:00;9.7;26.29524068
1900-10-04 19:00:00+01:00;8.6;27.08005188
1900-10-04 20:00:00+01:00;7.4;27.54204999
1900-10-04 21:00:00+01:00;7.2;25.66587434
1900-10-04 22:00:00+01:00;6.7;23.19704511
1900-10-04 23:00:00+01:00;6.2;20.41075379
1900-10-05 00:00:00+01:00;5.8;16.21598837
1900-10-05 01:00:00+01:00;4.8;14.39876101
1900-10-05 02:00:00+01:00;3.4;14.30991351
1900-10-05 03:00:00+01:00;2.4;14.53713352
1900-10-05 04:00:00+01:00;2.4;15.29694982
1900-10-05 05:00:00+01:00;1.9;17.48425883
1900-10-05 06:00:00+01:00;3.6;23.59682335
1900-10-05 07:00:00+01:00;4.8;28.98598494
1900-10-05 08:00:00+01:00;5.5;24.48333434
1900-10-05 09:00:00+01:00;7;23.52022706
1900-10-05 10:00:00+01:00;7.7;22.48132237
1900-10-05 11:00:00+01:00;8.5;21.30955188
1900-10-05 12:00:00+01:00;9.2;20.31432973
1900-10-05 13:00:00+01:00;9.6;19.9730802
1900-10-05 14:00:00+01:00;8.8;21.25523357
1900-10-05 15:00:00+01:00;8.9;22.57384044
1900-10-05 16:00:00+01:00;8.9;25.2167219
1900-10-05 17:00:00+01:00;6.1;28.64009668
1900-10-05 18:00:00+01:00;5;29.70215281
1900-10-05 19:00:00+01:00;3.4;30.83235479
1900-10-05 20:00:00+01:00;2.6;30.82398233
1900-10-05 21:00:00+01:00;2.5;28.83123251
1900-10-05 22:00:00+01:00;1.4;26.58000352
1900-10-05 23:00:00+01:00;1;23.85506529
1900-10-06 00:00:00+01:00;0.5;21.32319436
1900-10-06 01:00:00+01:00;0.5;19.27838715
1900-10-06 02:00:00+01:00;0.1;18.69258347
1900-10-06 03:00:00+01:00;-1;18.31184118
1900-10-06 04:00:00+01:00;-0.3;18.0178374
1900-10-06 05:00:00+01:00;0.1;18.41459659
1900-10-06 06:00:00+01:00;0.2;19.86927102
1900-10-06 07:00:00+01:00;0.4;22.55476898
1900-10-06 08:00:00+01:00;1.6;27.52516064
1900-10-06 09:00:00+01:00;3.8;31.95230277
1900-10-06 10:00:00+01:00;5;32.53798866
1900-10-06 11:00:00+01:00;6.4;31.54342744
1900-10-06 12:00:00+01:00;7.3;29.00407112
1900-10-06 13:00:00+01:00;8.5;27.41479512
1900-10-06 14:00:00+01:00;8.5;26.24452651
1900-10-06 15:00:00+01:00;8;26.69148354
1900-10-06 16:00:00+01:00;8.1;27.38489464
1900-10-06 17:00:00+01:00;6.3;29.95910663
1900-10-06 18:00:00+01:00;3.5;31.71360455
1900-10-06 19:00:00+01:00;2.2;32.10513498
1900-10-06 20:00:00+01:00;0.9;32.16471043
1900-10-06 21:00:00+01:00;1.2;29.62137358
1900-10-06 22:00:00+01:00;-1;27.2118343
1900-10-06 23:00:00+01:00;-1.2;24.71675161
1900-10-07 00:00:00+01:00;-2.5;23.50985398
1900-10-07 01:00:00+01:00;-2.1;21.32213153
1900-10-07 02:00:00+01:00;-4.3;21.3632047
1900-10-07 03:00:00+01:00;-4.6;20.66576013
1900-10-07 04:00:00+01:00;-5.3;20.74249274
1900-10-07 05:00:00+01:00;-6.3;21.81558278
1900-10-07 06:00:00+01:00;-6.8;23.16400933
1900-10-07 07:00:00+01:00;-3;25.25398734
1900-10-07 08:00:00+01:00;2;28.74390394
1900-10-07 09:00:00+01:00;4;33.37347552
1900-10-07 10:00:00+01:00;5.9;33.53977128
1900-10-07 11:00:00+01:00;7.6;32.02167888
1900-10-07 12:00:00+01:00;8.7;28.98439132
1900-10-07 13:00:00+01:00;9;27.98415797
1900-10-07 14:00:00+01:00;9.4;26.36552756
1900-10-07 15:00:00+01:00;9.3;26.58581331
1900-10-07 16:00:00+01:00;8.8;27.65290483
1900-10-07 17:00:00+01:00;7.6;29.97646716
1900-10-07 18:00:00+01:00;7.1;30.55041947
1900-10-07 19:00:00+01:00;7.2;30.42360628
1900-10-07 20:00:00+01:00;5.7;30.85122591
1900-10-07 21:00:00+01:00;6;28.48475285
1900-10-07 22:00:00+01:00;5.1;25.49878421
1900-10-07 23:00:00+01:00;4.1;23.3490971
1900-10-08 00:00:00+01:00;4.1;19.89967578
1900-10-08 01:00:00+01:00;3.3;18.1569875
1900-10-08 02:00:00+01:00;0.6;18.16957991
1900-10-08 03:00:00+01:00;-1.2;18.45551103
1900-10-08 04:00:00+01:00;-1.5;19.09342444
1900-10-08 05:00:00+01:00;-3.1;21.49021213
1900-10-08 06:00:00+01:00;-3.9;27.96025783
1900-10-08 07:00:00+01:00;-2;34.70270401
1900-10-08 08:00:00+01:00;3.2;27.47042855
1900-10-08 09:00:00+01:00;5.3;26.48778699
1900-10-08 10:00:00+01:00;6.5;25.0146868
1900-10-08 11:00:00+01:00;8.4;23.11034756
1900-10-08 12:00:00+01:00;9.3;21.68953398
1900-10-08 13:00:00+01:00;10;21.0087625
1900-10-08 14:00:00+01:00;10.4;21.49154268
1900-10-08 15:00:00+01:00;10;22.66139147
1900-10-08 16:00:00+01:00;10;25.32787208
1900-10-08 17:00:00+01:00;8.6;28.07100255
1900-10-08 18:00:00+01:00;4.6;30.63888734
1900-10-08 19:00:00+01:00;3;31.75097124
1900-10-08 20:00:00+01:00;1.8;32.03392785
1900-10-08 21:00:00+01:00;1;30.25388652
1900-10-08 22:00:00+01:00;0;27.91980536
1900-10-08 23:00:00+01:00;-0.3;25.17595621
1900-10-09 00:00:00+01:00;-0.6;21.22860271
1900-10-09 01:00:00+01:00;-0.7;19.25240757
1900-10-09 02:00:00+01:00;-1.7;19.07088737
1900-10-09 03:00:00+01:00;-2.3;19.20224663
1900-10-09 04:00:00+01:00;-3.5;20.27093463
1900-10-09 05:00:00+01:00;-2.5;21.97382066
1900-10-09 06:00:00+01:00;-3.4;28.81378349
1900-10-09 07:00:00+01:00;-2.8;35.8637372
1900-10-09 08:00:00+01:00;2.1;28.61538328
1900-10-09 09:00:00+01:00;5.4;27.45574614
1900-10-09 10:00:00+01:00;6.6;25.86375784
1900-10-09 11:00:00+01:00;8.4;23.93137204
1900-10-09 12:00:00+01:00;9.1;22.52699425
1900-10-09 13:00:00+01:00;10.2;21.65493706
1900-10-09 14:00:00+01:00;10.8;21.99164889
1900-10-09 15:00:00+01:00;10.4;22.94164283
1900-10-09 16:00:00+01:00;9.9;25.96617455
1900-10-09 17:00:00+01:00;8.4;28.88206079
1900-10-09 18:00:00+01:00;4.9;31.1574319
1900-10-09 19:00:00+01:00;3.9;31.86693238
1900-10-09 20:00:00+01:00;2.8;32.30266401
1900-10-09 21:00:00+01:00;1.4;30.64427239
1900-10-09 22:00:00+01:00;0.6;28.09864152
1900-10-09 23:00:00+01:00;-0.1;25.4058636
1900-10-10 00:00:00+01:00;0.1;21.15126392
1900-10-10 01:00:00+01:00;1.2;18.78780306
1900-10-10 02:00:00+01:00;0.4;18.42677282
1900-10-10 03:00:00+01:00;1.7;17.89731565
1900-10-10 04:00:00+01:00;-0.5;18.98799193
1900-10-10 05:00:00+01:00;0.2;20.73492255
1900-10-10 06:00:00+01:00;0.7;27.45742956
1900-10-10 07:00:00+01:00;1.2;33.26155381
1900-10-10 08:00:00+01:00;3.3;27.54474187
1900-10-10 09:00:00+01:00;5.8;26.51023066
1900-10-10 10:00:00+01:00;6.7;25.08523062
1900-10-10 11:00:00+01:00;7;23.80564831
1900-10-10 12:00:00+01:00;7.7;22.62823321
1900-10-10 13:00:00+01:00;8.4;21.99115613
1900-10-10 14:00:00+01:00;8.2;22.90169939
1900-10-10 15:00:00+01:00;8.2;23.86678423
1900-10-10 16:00:00+01:00;7.6;26.9914761
1900-10-10 17:00:00+01:00;6.8;29.4709219
1900-10-10 18:00:00+01:00;6;30.31471342
1900-10-10 19:00:00+01:00;5.7;30.64700039
1900-10-10 20:00:00+01:00;5.6;30.8331936
1900-10-10 21:00:00+01:00;5.6;28.75588925
1900-10-10 22:00:00+01:00;5.3;26.01708301
1900-10-10 23:00:00+01:00;5.2;23.18110658
1900-10-11 00:00:00+01:00;5;18.77121698
1900-10-11 01:00:00+01:00;4.2;17.05548435
1900-10-11 02:00:00+01:00;3.6;16.61731704
1900-10-11 03:00:00+01:00;3.4;16.50254267
1900-10-11 04:00:00+01:00;3.6;16.84138231
1900-10-11 05:00:00+01:00;3.7;18.74731059
1900-10-11 06:00:00+01:00;4;25.71376646
1900-10-11 07:00:00+01:00;3.9;31.04596397
1900-10-11 08:00:00+01:00;4.2;26.39096218
1900-10-11 09:00:00+01:00;4.6;25.82327973
1900-10-11 10:00:00+01:00;5;24.87929669
1900-10-11 11:00:00+01:00;5.1;23.7723166
1900-10-11 12:00:00+01:00;5.2;23.15178098
1900-10-11 13:00:00+01:00;5.4;22.7767036
1900-10-11 14:00:00+01:00;5.6;23.6639404
1900-10-11 15:00:00+01:00;5.4;24.97982413
1900-10-11 16:00:00+01:00;5.8;27.55180364
1900-10-11 17:00:00+01:00;5.9;29.42961696
1900-10-11 18:00:00+01:00;5.8;29.91067224
1900-10-11 19:00:00+01:00;5.8;30.12025046
1900-10-11 20:00:00+01:00;6;30.11953941
1900-10-11 21:00:00+01:00;6.7;27.90074043
1900-10-11 22:00:00+01:00;7.5;24.90541691
1900-10-11 23:00:00+01:00;7.5;22.17802233
1900-10-12 00:00:00+01:00;7.8;17.59556283
1900-10-12 01:00:00+01:00;7.7;15.85233281
1900-10-12 02:00:00+01:00;7.9;15.17960716
1900-10-12 03:00:00+01:00;7.4;15.01669259
1900-10-12 04:00:00+01:00;7.7;15.18697522
1900-10-12 05:00:00+01:00;7.7;17.12662882
1900-10-12 06:00:00+01:00;8;24.47123948
1900-10-12 07:00:00+01:00;7.8;28.66274898
1900-10-12 08:00:00+01:00;8;24.71273665
1900-10-12 09:00:00+01:00;8.1;24.14792611
1900-10-12 10:00:00+01:00;8;22.97025782
1900-10-12 11:00:00+01:00;8.4;21.68851508
1900-10-12 12:00:00+01:00;9;20.49751907
1900-10-12 13:00:00+01:00;9.2;20.02977184
1900-10-12 14:00:00+01:00;9.1;20.83991643
1900-10-12 15:00:00+01:00;9.5;21.97284932
1900-10-12 16:00:00+01:00;9.4;24.52976695
1900-10-12 17:00:00+01:00;9.3;26.33522149
1900-10-12 18:00:00+01:00;9.1;26.82056416
1900-10-12 19:00:00+01:00;9.1;26.96862267
1900-10-12 20:00:00+01:00;8.9;27.07449515
1900-10-12 21:00:00+01:00;9;25.12145599
1900-10-12 22:00:00+01:00;8.2;22.75409003
1900-10-12 23:00:00+01:00;5.9;20.5775249
1900-10-13 00:00:00+01:00;5;18.11245195
1900-10-13 01:00:00+01:00;4.7;16.09785349
1900-10-13 02:00:00+01:00;4.8;15.3098693
1900-10-13 03:00:00+01:00;7;13.99928851
1900-10-13 04:00:00+01:00;6.8;14.00319755
1900-10-13 05:00:00+01:00;7.4;14.09697613
1900-10-13 06:00:00+01:00;7.6;15.72339475
1900-10-13 07:00:00+01:00;8;17.74699598
1900-10-13 08:00:00+01:00;9;22.35115437
1900-10-13 09:00:00+01:00;11.6;26.6108377
1900-10-13 10:00:00+01:00;12.7;26.78770529
1900-10-13 11:00:00+01:00;13.4;15.65159054
1900-10-13 12:00:00+01:00;14.3;14.88335556
1900-10-13 13:00:00+01:00;14;14.4635814
1900-10-13 14:00:00+01:00;15.9;13.91365853
1900-10-13 15:00:00+01:00;13.9;21.02671791
1900-10-13 16:00:00+01:00;13.4;21.87275815
1900-10-13 17:00:00+01:00;12.6;23.71213449
1900-10-13 18:00:00+01:00;12.8;23.79731674
1900-10-13 19:00:00+01:00;12;24.07374968
1900-10-13 20:00:00+01:00;11.7;23.93536185
1900-10-13 21:00:00+01:00;11.4;21.89094383
1900-10-13 22:00:00+01:00;11.2;18.32756218
1900-10-13 23:00:00+01:00;11.3;16.02691319
1900-10-14 00:00:00+01:00;11;14.41051643
1900-10-14 01:00:00+01:00;10.8;12.24818531
1900-10-14 02:00:00+01:00;10.5;11.33746174
1900-10-14 03:00:00+01:00;9.4;11.22808157
1900-10-14 04:00:00+01:00;8;11.44953912
1900-10-14 05:00:00+01:00;8.3;11.65161567
1900-10-14 06:00:00+01:00;10.2;12.48860236
1900-10-14 07:00:00+01:00;9.7;14.86064182
1900-10-14 08:00:00+01:00;10;19.84629654
1900-10-14 09:00:00+01:00;11.2;24.41206298
1900-10-14 10:00:00+01:00;11.4;25.18709458
1900-10-14 11:00:00+01:00;13.9;15.65159054
1900-10-14 12:00:00+01:00;15.6;14.88335556
1900-10-14 13:00:00+01:00;16.8;14.4635814
1900-10-14 14:00:00+01:00;17.2;13.91365853
1900-10-14 15:00:00+01:00;15.1;13.98709095
1900-10-14 16:00:00+01:00;11.7;21.86875016
1900-10-14 17:00:00+01:00;11.9;23.1115659
1900-10-14 18:00:00+01:00;11.8;23.35699828
1900-10-14 19:00:00+01:00;10.6;23.77052629
1900-10-14 20:00:00+01:00;10;23.63065327
1900-10-14 21:00:00+01:00;10;21.42305013
1900-10-14 22:00:00+01:00;9.6;18.95396518
1900-10-14 23:00:00+01:00;8.6;16.74452581
1900-10-15 00:00:00+01:00;7.3;14.11380811
1900-10-15 01:00:00+01:00;8.4;11.78314301
1900-10-15 02:00:00+01:00;8;11.50206591
1900-10-15 03:00:00+01:00;7.3;11.61322363
1900-10-15 04:00:00+01:00;6.8;12.41820983
1900-10-15 05:00:00+01:00;6.4;14.53793483
1900-10-15 06:00:00+01:00;6;21.22906976
1900-10-15 07:00:00+01:00;6;26.95695434
1900-10-15 08:00:00+01:00;6.2;22.89614686
1900-10-15 09:00:00+01:00;6.3;22.12755041
1900-10-15 10:00:00+01:00;6.7;21.47333644
1900-10-15 11:00:00+01:00;7;20.66516984
1900-10-15 12:00:00+01:00;7;20.31561762
1900-10-15 13:00:00+01:00;7.4;20.05593741
1900-10-15 14:00:00+01:00;7.6;21.10247668
1900-10-15 15:00:00+01:00;7.4;22.9012101
1900-10-15 16:00:00+01:00;7.4;25.54154268
1900-10-15 17:00:00+01:00;7.2;27.48624985
1900-10-15 18:00:00+01:00;7;28.0898738
1900-10-15 19:00:00+01:00;7;28.36669644
1900-10-15 20:00:00+01:00;6.9;28.37977702
1900-10-15 21:00:00+01:00;6.8;26.54118514
1900-10-15 22:00:00+01:00;6.5;24.06158901
1900-10-15 23:00:00+01:00;6;21.43237746
1900-10-16 00:00:00+01:00;6;17.14498035
1900-10-16 01:00:00+01:00;6;15.30219801
1900-10-16 02:00:00+01:00;6;14.87595343
1900-10-16 03:00:00+01:00;6.2;14.71464868
1900-10-16 04:00:00+01:00;6.3;15.15901158
1900-10-16 05:00:00+01:00;6.2;17.21507249
1900-10-16 06:00:00+01:00;6.2;24.43333122
1900-10-16 07:00:00+01:00;6.1;29.32925134
1900-10-16 08:00:00+01:00;6.3;25.15291952
1900-10-16 09:00:00+01:00;6.2;24.66503483
1900-10-16 10:00:00+01:00;6.9;23.47797429
1900-10-16 11:00:00+01:00;8.4;21.83452818
1900-10-16 12:00:00+01:00;8.8;20.76143016
1900-10-16 13:00:00+01:00;8.9;20.3797774
1900-10-16 14:00:00+01:00;8.7;21.28617481
1900-10-16 15:00:00+01:00;8.6;22.65910004
1900-10-16 16:00:00+01:00;8.9;25.07740972
1900-10-16 17:00:00+01:00;9.2;26.73267388
1900-10-16 18:00:00+01:00;9.2;27.14326638
1900-10-16 19:00:00+01:00;8.8;27.52446766
1900-10-16 20:00:00+01:00;8.8;27.66227546
1900-10-16 21:00:00+01:00;8.4;25.89391555
1900-10-16 22:00:00+01:00;8.1;23.32320052
1900-10-16 23:00:00+01:00;8.6;20.33861099
1900-10-17 00:00:00+01:00;8.3;15.96792141
1900-10-17 01:00:00+01:00;8.3;14.09222099
1900-10-17 02:00:00+01:00;8.1;13.59973965
1900-10-17 03:00:00+01:00;8.2;13.3576952
1900-10-17 04:00:00+01:00;7.8;13.87818436
1900-10-17 05:00:00+01:00;6.9;16.13321881
1900-10-17 06:00:00+01:00;6.8;23.19074483
1900-10-17 07:00:00+01:00;6.8;28.08264067
1900-10-17 08:00:00+01:00;6.2;24.2915746
1900-10-17 09:00:00+01:00;6.6;23.51490977
1900-10-17 10:00:00+01:00;6.7;22.63854883
1900-10-17 11:00:00+01:00;7.8;21.27661073
1900-10-17 12:00:00+01:00;8.2;20.39756801
1900-10-17 13:00:00+01:00;8.2;20.1253009
1900-10-17 14:00:00+01:00;8;21.13611921
1900-10-17 15:00:00+01:00;7.3;23.03167765
1900-10-17 16:00:00+01:00;7.6;25.47435116
1900-10-17 17:00:00+01:00;6.3;27.97980412
1900-10-17 18:00:00+01:00;5.6;28.80465086
1900-10-17 19:00:00+01:00;5.7;29.02195538
1900-10-17 20:00:00+01:00;5.7;28.80840313
1900-10-17 21:00:00+01:00;5.5;26.93642821
1900-10-17 22:00:00+01:00;5.4;24.37230259
1900-10-17 23:00:00+01:00;5.2;21.63046746
1900-10-18 00:00:00+01:00;5.8;17.22119829
1900-10-18 01:00:00+01:00;5.6;15.42248805
1900-10-18 02:00:00+01:00;5.6;15.01163662
1900-10-18 03:00:00+01:00;5.2;15.06281101
1900-10-18 04:00:00+01:00;5.2;15.62688677
1900-10-18 05:00:00+01:00;5.2;17.68870214
1900-10-18 06:00:00+01:00;4.6;25.0038349
1900-10-18 07:00:00+01:00;4.4;30.46044872
1900-10-18 08:00:00+01:00;5.4;25.74490361
1900-10-18 09:00:00+01:00;7.1;24.80412748
1900-10-18 10:00:00+01:00;7.6;23.52671229
1900-10-18 11:00:00+01:00;8.4;22.12655438
1900-10-18 12:00:00+01:00;8.6;21.14217533
1900-10-18 13:00:00+01:00;9;20.62791797
1900-10-18 14:00:00+01:00;9.2;21.30807213
1900-10-18 15:00:00+01:00;9;22.63053459
1900-10-18 16:00:00+01:00;8.7;25.40332387
1900-10-18 17:00:00+01:00;6.6;28.39022977
1900-10-18 18:00:00+01:00;5.7;29.2692231
1900-10-18 19:00:00+01:00;4.7;30.01311738
1900-10-18 20:00:00+01:00;3;30.42671189
1900-10-18 21:00:00+01:00;2.4;28.57049907
1900-10-18 22:00:00+01:00;2.8;25.79469525
1900-10-18 23:00:00+01:00;2.5;23.00546721
1900-10-19 00:00:00+01:00;2;19.04313568
1900-10-19 01:00:00+01:00;0.5;17.44055416
1900-10-19 02:00:00+01:00;-0.3;17.32901318
1900-10-19 03:00:00+01:00;-1;17.62547012
1900-10-19 04:00:00+01:00;-1.4;18.60666255
1900-10-19 05:00:00+01:00;-2;20.96895872
1900-10-19 06:00:00+01:00;-2.4;27.79687839
1900-10-19 07:00:00+01:00;-1.7;34.80453812
1900-10-19 08:00:00+01:00;0.6;28.62945259
1900-10-19 09:00:00+01:00;2.6;27.80066359
1900-10-19 10:00:00+01:00;4.5;26.39394832
1900-10-19 11:00:00+01:00;5.5;24.85836935
1900-10-19 12:00:00+01:00;6.4;23.6883222
1900-10-19 13:00:00+01:00;8;22.60430141
1900-10-19 14:00:00+01:00;8.6;23.06587496
1900-10-19 15:00:00+01:00;7.8;24.31913726
1900-10-19 16:00:00+01:00;6.2;28.04049814
1900-10-19 17:00:00+01:00;3.7;31.45911204
1900-10-19 18:00:00+01:00;2.7;32.44305337
1900-10-19 19:00:00+01:00;0.6;33.81175237
1900-10-19 20:00:00+01:00;-0.3;33.88351745
1900-10-19 21:00:00+01:00;0;31.60370105
1900-10-19 22:00:00+01:00;-0.6;29.05937881
1900-10-19 23:00:00+01:00;-0.8;26.33024218
1900-10-20 00:00:00+01:00;-0.7;23.66985221
1900-10-20 01:00:00+01:00;-0.6;21.42719755
1900-10-20 02:00:00+01:00;0.4;20.13955459
1900-10-20 03:00:00+01:00;1;19.33363247
1900-10-20 04:00:00+01:00;2;18.91806651
1900-10-20 05:00:00+01:00;2.6;18.92413273
1900-10-20 06:00:00+01:00;3;20.57202135
1900-10-20 07:00:00+01:00;2.8;22.61371051
1900-10-20 08:00:00+01:00;4.4;26.98355714
1900-10-20 09:00:00+01:00;8.5;30.81835251
1900-10-20 10:00:00+01:00;9.3;31.12093124
1900-10-20 11:00:00+01:00;9.5;30.03848672
1900-10-20 12:00:00+01:00;9.7;27.56324996
1900-10-20 13:00:00+01:00;9.8;26.60013886
1900-10-20 14:00:00+01:00;9.9;25.28441735
1900-10-20 15:00:00+01:00;9.7;25.52907437
1900-10-20 16:00:00+01:00;9;26.61199465
1900-10-20 17:00:00+01:00;9.1;28.07403903
1900-10-20 18:00:00+01:00;9.5;28.08695948
1900-10-20 19:00:00+01:00;9.8;27.78993855
1900-10-20 20:00:00+01:00;9.6;27.61519645
1900-10-20 21:00:00+01:00;9.4;25.41103177
1900-10-20 22:00:00+01:00;8.5;22.53613955
1900-10-20 23:00:00+01:00;8.4;20.05377262
1900-10-21 00:00:00+01:00;7.2;18.60006764
1900-10-21 01:00:00+01:00;7.4;16.03263398
1900-10-21 02:00:00+01:00;7.2;14.85089843
1900-10-21 03:00:00+01:00;6.8;14.25562133
1900-10-21 04:00:00+01:00;6.8;14.05966384
1900-10-21 05:00:00+01:00;6.8;14.21046013
1900-10-21 06:00:00+01:00;6.5;15.73448698
1900-10-21 07:00:00+01:00;6.9;17.82063264
1900-10-21 08:00:00+01:00;7.4;22.68157985
1900-10-21 09:00:00+01:00;8.8;27.26523639
1900-10-21 10:00:00+01:00;8.9;28.08347806
1900-10-21 11:00:00+01:00;10.7;26.80232866
1900-10-21 12:00:00+01:00;12;24.21759376
1900-10-21 13:00:00+01:00;13.3;21.47213032
1900-10-21 14:00:00+01:00;15;13.91365853
1900-10-21 15:00:00+01:00;14;13.98709095
1900-10-21 16:00:00+01:00;13.6;21.85516106
1900-10-21 17:00:00+01:00;12.4;23.92119149
1900-10-21 18:00:00+01:00;11.5;24.59804424
1900-10-21 19:00:00+01:00;10.8;24.81579643
1900-10-21 20:00:00+01:00;11.1;24.41944215
1900-10-21 21:00:00+01:00;10.1;22.61642168
1900-10-21 22:00:00+01:00;9.4;20.0848716
1900-10-21 23:00:00+01:00;10.3;17.38714483
1900-10-22 00:00:00+01:00;11;13.24444525
1900-10-22 01:00:00+01:00;11.1;8.7830002
1900-10-22 02:00:00+01:00;11.3;8.640379993
1900-10-22 03:00:00+01:00;11.2;8.669999023
1900-10-22 04:00:00+01:00;11;8.578621455
1900-10-22 05:00:00+01:00;10.7;12.78966511
1900-10-22 06:00:00+01:00;10.4;20.26616382
1900-10-22 07:00:00+01:00;10.9;23.03888834
1900-10-22 08:00:00+01:00;10.9;20.9366076
1900-10-22 09:00:00+01:00;10.5;20.1989699
1900-10-22 10:00:00+01:00;12;12.98115103
1900-10-22 11:00:00+01:00;12.9;17.39815204
1900-10-22 12:00:00+01:00;14.2;12.05139102
1900-10-22 13:00:00+01:00;14.8;11.64320602
1900-10-22 14:00:00+01:00;14.5;12.14029663
1900-10-22 15:00:00+01:00;19.6;13.30075943
1900-10-22 16:00:00+01:00;18.6;14.52870948
1900-10-22 17:00:00+01:00;14.6;15.34155239
1900-10-22 18:00:00+01:00;13.8;21.73255704
1900-10-22 19:00:00+01:00;13.1;22.21349297
1900-10-22 20:00:00+01:00;13;16.52084193
1900-10-22 21:00:00+01:00;13.2;15.78743727
1900-10-22 22:00:00+01:00;11.5;18.50668027
1900-10-22 23:00:00+01:00;11.5;15.69454421
1900-10-23 00:00:00+01:00;10.4;11.93260193
1900-10-23 01:00:00+01:00;11.3;8.7830002
1900-10-23 02:00:00+01:00;10;8.640379993
1900-10-23 03:00:00+01:00;8.5;10.2266893
1900-10-23 04:00:00+01:00;9.4;10.64921041
1900-10-23 05:00:00+01:00;7.9;13.10638669
1900-10-23 06:00:00+01:00;8;19.56609523
1900-10-23 07:00:00+01:00;9.1;24.36431607
1900-10-23 08:00:00+01:00;9.6;20.75756613
1900-10-23 09:00:00+01:00;9.8;19.79624254
1900-10-23 10:00:00+01:00;11.2;18.46842016
1900-10-23 11:00:00+01:00;13.7;12.41649058
1900-10-23 12:00:00+01:00;13;12.05139102
1900-10-23 13:00:00+01:00;12.6;16.15886439
1900-10-23 14:00:00+01:00;11.6;17.53634779
1900-10-23 15:00:00+01:00;11;19.92091824
1900-10-23 16:00:00+01:00;10;22.9457869
1900-10-23 17:00:00+01:00;7.2;26.16884495
1900-10-23 18:00:00+01:00;5.9;27.35912487
1900-10-23 19:00:00+01:00;5;28.18229377
1900-10-23 20:00:00+01:00;4.7;27.73300916
1900-10-23 21:00:00+01:00;3.6;26.24006006
1900-10-23 22:00:00+01:00;3.7;23.75930237
1900-10-23 23:00:00+01:00;4.1;20.7674113
1900-10-24 00:00:00+01:00;3.8;16.82157721
1900-10-24 01:00:00+01:00;4;14.80056144
1900-10-24 02:00:00+01:00;3.6;14.61798996
1900-10-24 03:00:00+01:00;3.8;14.60671778
1900-10-24 04:00:00+01:00;3.8;15.36804462
1900-10-24 05:00:00+01:00;3.8;17.46350912
1900-10-24 06:00:00+01:00;3.5;24.43546543
1900-10-24 07:00:00+01:00;3.5;30.39910815
1900-10-24 08:00:00+01:00;4;25.7892746
1900-10-24 09:00:00+01:00;5.9;24.81224732
1900-10-24 10:00:00+01:00;8.3;23.11834883
1900-10-24 11:00:00+01:00;8.3;22.16561824
1900-10-24 12:00:00+01:00;8;21.53454841
1900-10-24 13:00:00+01:00;7.9;21.35413362
1900-10-24 14:00:00+01:00;7.8;22.31713061
1900-10-24 15:00:00+01:00;7;23.97921797
1900-10-24 16:00:00+01:00;6.4;27.07313561
1900-10-24 17:00:00+01:00;6.1;29.15341794
1900-10-24 18:00:00+01:00;5.9;29.68063416
1900-10-24 19:00:00+01:00;5.6;30.03511334
1900-10-24 20:00:00+01:00;5;30.24688671
1900-10-24 21:00:00+01:00;5.3;28.08942384
1900-10-24 22:00:00+01:00;4.9;25.48773991
1900-10-24 23:00:00+01:00;4.7;22.71653581
1900-10-25 00:00:00+01:00;4.3;18.52022087
1900-10-25 01:00:00+01:00;3.5;16.80000847
1900-10-25 02:00:00+01:00;3.4;16.3454401
1900-10-25 03:00:00+01:00;3.2;16.30189297
1900-10-25 04:00:00+01:00;3;16.91276062
1900-10-25 05:00:00+01:00;2.2;19.20869394
1900-10-25 06:00:00+01:00;1.9;26.24321167
1900-10-25 07:00:00+01:00;1.1;32.68240196
1900-10-25 08:00:00+01:00;1.2;27.64365985
1900-10-25 09:00:00+01:00;0.9;27.29888753
1900-10-25 10:00:00+01:00;1.8;26.64381001
1900-10-25 11:00:00+01:00;2.4;25.41109312
1900-10-25 12:00:00+01:00;2.3;25.12720237
1900-10-25 13:00:00+01:00;2.8;24.62462672
1900-10-25 14:00:00+01:00;2.7;25.78786315
1900-10-25 15:00:00+01:00;2.6;26.94979726
1900-10-25 16:00:00+01:00;2.6;29.90211031
1900-10-25 17:00:00+01:00;2.9;31.74726069
1900-10-25 18:00:00+01:00;2.7;32.30855323
1900-10-25 19:00:00+01:00;2.8;32.52257553
1900-10-25 20:00:00+01:00;3.2;32.34011933
1900-10-25 21:00:00+01:00;4;30.03600718
1900-10-25 22:00:00+01:00;4.6;27.09273996
1900-10-25 23:00:00+01:00;5.3;24.22224574
1900-10-26 00:00:00+01:00;8.9;18.61598644
1900-10-26 01:00:00+01:00;9.8;15.8644615
1900-10-26 02:00:00+01:00;9.5;15.25525734
1900-10-26 03:00:00+01:00;9.7;14.86167402
1900-10-26 04:00:00+01:00;10.2;14.68671913
1900-10-26 05:00:00+01:00;10.1;16.44564309
1900-10-26 06:00:00+01:00;10.1;25.32737109
1900-10-26 07:00:00+01:00;10.3;28.24505083
1900-10-26 08:00:00+01:00;10.6;24.5866916
1900-10-26 09:00:00+01:00;9.8;24.29765334
1900-10-26 10:00:00+01:00;10;22.61617183
1900-10-26 11:00:00+01:00;10.6;21.09719986
1900-10-26 12:00:00+01:00;10.6;19.85833998
1900-10-26 13:00:00+01:00;10.7;19.35569128
1900-10-26 14:00:00+01:00;10.3;20.16724375
1900-10-26 15:00:00+01:00;10.3;21.45182477
1900-10-26 16:00:00+01:00;10.1;23.97310696
1900-10-26 17:00:00+01:00;10.4;25.47931637
1900-10-26 18:00:00+01:00;9.7;26.16258301
1900-10-26 19:00:00+01:00;9.3;26.45680449
1900-10-26 20:00:00+01:00;9;26.43116654
1900-10-26 21:00:00+01:00;7.1;25.09733529
1900-10-26 22:00:00+01:00;7.3;22.37160536
1900-10-26 23:00:00+01:00;7.2;19.40618801
1900-10-27 00:00:00+01:00;6.6;16.84806287
1900-10-27 01:00:00+01:00;6.4;14.82098775
1900-10-27 02:00:00+01:00;6.1;14.15600925
1900-10-27 03:00:00+01:00;6;13.55296634
1900-10-27 04:00:00+01:00;6;13.54019905
1900-10-27 05:00:00+01:00;5.3;14.19406783
1900-10-27 06:00:00+01:00;5;15.73375257
1900-10-27 07:00:00+01:00;4.9;18.45305057
1900-10-27 08:00:00+01:00;4.8;23.90465521
1900-10-27 09:00:00+01:00;4.8;28.94297174
1900-10-27 10:00:00+01:00;4.4;30.25220797
1900-10-27 11:00:00+01:00;4.5;30.42127546
1900-10-27 12:00:00+01:00;4.4;29.12063103
1900-10-27 13:00:00+01:00;4.1;28.07695567
1900-10-27 14:00:00+01:00;3.5;27.97911388
1900-10-27 15:00:00+01:00;2.9;28.47791108
1900-10-27 16:00:00+01:00;2;29.69385299
1900-10-27 17:00:00+01:00;2;31.21395496
1900-10-27 18:00:00+01:00;2.2;31.39787357
1900-10-27 19:00:00+01:00;2;31.27219703
1900-10-27 20:00:00+01:00;1;31.2448451
1900-10-27 21:00:00+01:00;0.8;28.9379865
1900-10-27 22:00:00+01:00;0.7;26.06054969
1900-10-27 23:00:00+01:00;0.9;23.61139475
1900-10-28 00:00:00+01:00;1.7;21.99796813
1900-10-28 01:00:00+01:00;1.8;19.83882873
1900-10-28 02:00:00+01:00;1.6;19.01843405
1900-10-28 03:00:00+01:00;1.5;18.55848761
1900-10-28 04:00:00+01:00;1.3;18.64536972
1900-10-28 05:00:00+01:00;1.3;19.09819537
1900-10-28 06:00:00+01:00;1.4;20.90479301
1900-10-28 07:00:00+01:00;1.5;23.25213622
1900-10-28 08:00:00+01:00;2.7;27.99092341
1900-10-28 09:00:00+01:00;2;33.54297527
1900-10-28 10:00:00+01:00;2.3;34.48813561
1900-10-28 11:00:00+01:00;2.6;34.20498927
1900-10-28 12:00:00+01:00;2.9;32.11180207
1900-10-28 13:00:00+01:00;2.9;30.96576469
1900-10-28 14:00:00+01:00;3;30.0021557
1900-10-28 15:00:00+01:00;3;30.09789878
1900-10-28 16:00:00+01:00;3;30.7896665
1900-10-28 17:00:00+01:00;2.9;32.38724224
1900-10-28 18:00:00+01:00;3;32.59249114
1900-10-28 19:00:00+01:00;3.1;32.33199396
1900-10-28 20:00:00+01:00;3;31.99962077
1900-10-28 21:00:00+01:00;3.1;29.59807379
1900-10-28 22:00:00+01:00;3.1;26.38861977
1900-10-28 23:00:00+01:00;3.2;23.97116211
1900-10-29 00:00:00+01:00;3.3;20.6414855
1900-10-29 01:00:00+01:00;3.5;18.77142245
1900-10-29 02:00:00+01:00;4;18.06884338
1900-10-29 03:00:00+01:00;4.2;17.79307479
1900-10-29 04:00:00+01:00;4.5;17.97877538
1900-10-29 05:00:00+01:00;4.6;19.93563803
1900-10-29 06:00:00+01:00;5;27.42081776
1900-10-29 07:00:00+01:00;5.8;31.5403907
1900-10-29 08:00:00+01:00;6.5;27.03612237
1900-10-29 09:00:00+01:00;9.6;25.84009793
1900-10-29 10:00:00+01:00;9.5;24.13346566
1900-10-29 11:00:00+01:00;9.5;22.74288023
1900-10-29 12:00:00+01:00;9.4;21.55014355
1900-10-29 13:00:00+01:00;9.4;21.07839995
1900-10-29 14:00:00+01:00;9;21.90744363
1900-10-29 15:00:00+01:00;8.3;23.30049727
1900-10-29 16:00:00+01:00;7.9;26.12829908
1900-10-29 17:00:00+01:00;7.4;28.22592436
1900-10-29 18:00:00+01:00;6.6;29.00818365
1900-10-29 19:00:00+01:00;5.4;29.79336757
1900-10-29 20:00:00+01:00;4.6;29.91236879
1900-10-29 21:00:00+01:00;4.3;27.9322221
1900-10-29 22:00:00+01:00;3.3;25.54788519
1900-10-29 23:00:00+01:00;3.4;22.58911404
1900-10-30 00:00:00+01:00;3.4;18.34796835
1900-10-30 01:00:00+01:00;4.4;16.0464019
1900-10-30 02:00:00+01:00;5.3;15.31249634
1900-10-30 03:00:00+01:00;6.1;14.92133806
1900-10-30 04:00:00+01:00;7.5;14.87671301
1900-10-30 05:00:00+01:00;6.7;17.08909638
1900-10-30 06:00:00+01:00;6.3;24.40715634
1900-10-30 07:00:00+01:00;5.4;29.67272595
1900-10-30 08:00:00+01:00;5.2;25.51602048
1900-10-30 09:00:00+01:00;5.1;25.12056297
1900-10-30 10:00:00+01:00;5;24.44597508
1900-10-30 11:00:00+01:00;5.1;23.43959822
1900-10-30 12:00:00+01:00;5.5;22.74847946
1900-10-30 13:00:00+01:00;5.6;22.44549095
1900-10-30 14:00:00+01:00;5.4;23.55881737
1900-10-30 15:00:00+01:00;5.2;24.94664799
1900-10-30 16:00:00+01:00;5;27.8496569
1900-10-30 17:00:00+01:00;4.9;29.81986617
1900-10-30 18:00:00+01:00;4.4;30.52411358
1900-10-30 19:00:00+01:00;4.2;30.86152845
1900-10-30 20:00:00+01:00;4;30.77997806
1900-10-30 21:00:00+01:00;3.9;28.75828401
1900-10-30 22:00:00+01:00;3.7;26.09150709
1900-10-30 23:00:00+01:00;2.3;23.6545177
1900-10-31 00:00:00+01:00;2.5;19.39055494
1900-10-31 01:00:00+01:00;2.5;17.43590221
1900-10-31 02:00:00+01:00;2.7;16.9741189
1900-10-31 03:00:00+01:00;2.3;17.07384156
1900-10-31 04:00:00+01:00;2.4;17.70214571
1900-10-31 05:00:00+01:00;2.1;19.94221377
1900-10-31 06:00:00+01:00;1.6;27.30613641
1900-10-31 07:00:00+01:00;1.7;33.21687003
1900-10-31 08:00:00+01:00;1;28.55131248
1900-10-31 09:00:00+01:00;0.8;28.28976423
1900-10-31 10:00:00+01:00;0.7;27.83057316
1900-10-31 11:00:00+01:00;1.5;26.40177435
1900-10-31 12:00:00+01:00;1.8;25.90062779
1900-10-31 13:00:00+01:00;2.1;25.43583081
1900-10-31 14:00:00+01:00;2;26.56689571
1900-10-31 15:00:00+01:00;1.9;27.60371751
1900-10-31 16:00:00+01:00;1.8;30.65770358
1900-10-31 17:00:00+01:00;1.4;32.9150567
1900-10-31 18:00:00+01:00;0.7;33.7292156
1900-10-31 19:00:00+01:00;0.3;34.22204344
1900-10-31 20:00:00+01:00;0.3;34.00611686
1900-10-31 21:00:00+01:00;-0.1;32.02752728
1900-10-31 22:00:00+01:00;1.6;28.71876815
1900-10-31 23:00:00+01:00;2.5;25.73941977
1900-11-01 00:00:00+01:00;4.2;20.86425108
1900-11-01 01:00:00+01:00;5.7;18.76460825
1900-11-01 02:00:00+01:00;8.2;17.47397424
1900-11-01 03:00:00+01:00;8.8;16.91739741
1900-11-01 04:00:00+01:00;9.4;16.69518278
1900-11-01 05:00:00+01:00;9.2;18.68120615
1900-11-01 06:00:00+01:00;7.9;26.98875567
1900-11-01 07:00:00+01:00;6.9;31.01152152
1900-11-01 08:00:00+01:00;6.9;26.86737007
1900-11-01 09:00:00+01:00;7.6;26.30397269
1900-11-01 10:00:00+01:00;8.4;24.48529204
1900-11-01 11:00:00+01:00;9.3;22.75398554
1900-11-01 12:00:00+01:00;12.9;19.78988635
1900-11-01 13:00:00+01:00;10.4;20.43873725
1900-11-01 14:00:00+01:00;10.8;20.77845939
1900-11-01 15:00:00+01:00;9.7;22.36831705
1900-11-01 16:00:00+01:00;8;25.8344498
1900-11-01 17:00:00+01:00;6.9;28.1922082
1900-11-01 18:00:00+01:00;6.7;28.60679607
1900-11-01 19:00:00+01:00;6.6;28.7528435
1900-11-01 20:00:00+01:00;6.3;28.61944908
1900-11-01 21:00:00+01:00;5.6;26.72683467
1900-11-01 22:00:00+01:00;4.4;24.38282315
1900-11-01 23:00:00+01:00;3;21.78296362
1900-11-02 00:00:00+01:00;2;17.95457921
1900-11-02 01:00:00+01:00;0.7;16.17125638
1900-11-02 02:00:00+01:00;0.6;15.95584032
1900-11-02 03:00:00+01:00;0.4;16.18739524
1900-11-02 04:00:00+01:00;0.1;17.2268874
1900-11-02 05:00:00+01:00;0.7;19.25541009
1900-11-02 06:00:00+01:00;2.6;25.74646278
1900-11-02 07:00:00+01:00;3.6;31.19879322
1900-11-02 08:00:00+01:00;3.8;26.61925964
1900-11-02 09:00:00+01:00;4.3;26.0908508
1900-11-02 10:00:00+01:00;5.3;24.97718581
1900-11-02 11:00:00+01:00;5.5;23.85782056
1900-11-02 12:00:00+01:00;6;23.08391579
1900-11-02 13:00:00+01:00;5.8;22.91713207
1900-11-02 14:00:00+01:00;5.7;23.96317099
1900-11-02 15:00:00+01:00;6.1;24.86332534
1900-11-02 16:00:00+01:00;6.4;27.50944298
1900-11-02 17:00:00+01:00;6.2;29.60491994
1900-11-02 18:00:00+01:00;6.3;30.00046259
1900-11-02 19:00:00+01:00;6.4;30.16377955
1900-11-02 20:00:00+01:00;6;30.59773775
1900-11-02 21:00:00+01:00;5.9;28.66638408
1900-11-02 22:00:00+01:00;5.7;25.98003354
1900-11-02 23:00:00+01:00;5.5;23.27146345
1900-11-03 00:00:00+01:00;5.1;20.70986066
1900-11-03 01:00:00+01:00;5.2;18.2302377
1900-11-03 02:00:00+01:00;4.5;17.23337224
1900-11-03 03:00:00+01:00;4.4;16.6187239
1900-11-03 04:00:00+01:00;4;16.55314174
1900-11-03 05:00:00+01:00;4.5;16.6076894
1900-11-03 06:00:00+01:00;5;18.14818425
1900-11-03 07:00:00+01:00;5.3;20.18118661
1900-11-03 08:00:00+01:00;5.4;25.16187834
1900-11-03 09:00:00+01:00;4.4;30.64363856
1900-11-03 10:00:00+01:00;3.9;31.83666768
1900-11-03 11:00:00+01:00;3.8;31.85797772
1900-11-03 12:00:00+01:00;3.3;30.53415198
1900-11-03 13:00:00+01:00;3.4;29.2332106
1900-11-03 14:00:00+01:00;3.5;28.55044945
1900-11-03 15:00:00+01:00;3.7;28.53607606
1900-11-03 16:00:00+01:00;4;29.03987581
1900-11-03 17:00:00+01:00;4.6;30.21076842
1900-11-03 18:00:00+01:00;4.6;30.46877578
1900-11-03 19:00:00+01:00;4.7;30.2362358
1900-11-03 20:00:00+01:00;5;29.77669645
1900-11-03 21:00:00+01:00;5.1;27.4879937
1900-11-03 22:00:00+01:00;4.8;24.58224142
1900-11-03 23:00:00+01:00;4.9;22.20736627
1900-11-04 00:00:00+01:00;4.6;20.76952279
1900-11-04 01:00:00+01:00;4.6;18.47069146
1900-11-04 02:00:00+01:00;3.8;17.6446104
1900-11-04 03:00:00+01:00;4.1;17.01355488
1900-11-04 04:00:00+01:00;3.9;17.01085794
1900-11-04 05:00:00+01:00;2.9;17.62594194
1900-11-04 06:00:00+01:00;2.3;19.48585937
1900-11-04 07:00:00+01:00;2.4;21.90393116
1900-11-04 08:00:00+01:00;1.7;27.45575276
1900-11-04 09:00:00+01:00;2.1;32.43825757
1900-11-04 10:00:00+01:00;2.8;33.24795239
1900-11-04 11:00:00+01:00;3.3;32.93277912
1900-11-04 12:00:00+01:00;5.5;29.85532482
1900-11-04 13:00:00+01:00;4.1;29.44119693
1900-11-04 14:00:00+01:00;4;28.67223222
1900-11-04 15:00:00+01:00;3.7;28.92524215
1900-11-04 16:00:00+01:00;3.4;29.76049536
1900-11-04 17:00:00+01:00;3.1;31.43272676
1900-11-04 18:00:00+01:00;2.5;31.99437486
1900-11-04 19:00:00+01:00;2;31.98518619
1900-11-04 20:00:00+01:00;0.9;31.98821678
1900-11-04 21:00:00+01:00;0.6;29.70492509
1900-11-04 22:00:00+01:00;0.5;26.71570362
1900-11-04 23:00:00+01:00;0.2;24.39373574
1900-11-05 00:00:00+01:00;1.1;21.16165048
1900-11-05 01:00:00+01:00;1;19.34433711
1900-11-05 02:00:00+01:00;1;18.91939257
1900-11-05 03:00:00+01:00;1.4;18.78602122
1900-11-05 04:00:00+01:00;1.1;19.40486871
1900-11-05 05:00:00+01:00;1.1;21.51119075
1900-11-05 06:00:00+01:00;1;28.93641462
1900-11-05 07:00:00+01:00;1.1;34.63832164
1900-11-05 08:00:00+01:00;1.1;29.5446923
1900-11-05 09:00:00+01:00;1.4;29.21998776
1900-11-05 10:00:00+01:00;1;28.60486674
1900-11-05 11:00:00+01:00;0.9;27.39255322
1900-11-05 12:00:00+01:00;1.1;26.92097024
1900-11-05 13:00:00+01:00;1.4;26.41335499
1900-11-05 14:00:00+01:00;1.3;27.5206122
1900-11-05 15:00:00+01:00;1.2;28.38330348
1900-11-05 16:00:00+01:00;1.3;31.38446202
1900-11-05 17:00:00+01:00;1;33.63078424
1900-11-05 18:00:00+01:00;0.7;34.21194213
1900-11-05 19:00:00+01:00;0.7;34.45127624
1900-11-05 20:00:00+01:00;0.3;34.5012212
1900-11-05 21:00:00+01:00;0.2;32.34678796
1900-11-05 22:00:00+01:00;0.2;29.51597542
1900-11-05 23:00:00+01:00;0.2;26.75562279
1900-11-06 00:00:00+01:00;0.6;22.40539264
1900-11-06 01:00:00+01:00;0.7;20.54400533
1900-11-06 02:00:00+01:00;1.3;19.871593
1900-11-06 03:00:00+01:00;2.2;19.49267808
1900-11-06 04:00:00+01:00;3.2;19.49375102
1900-11-06 05:00:00+01:00;5.4;20.82994518
1900-11-06 06:00:00+01:00;8;28.28410418
1900-11-06 07:00:00+01:00;8.6;31.15101559
1900-11-06 08:00:00+01:00;9.1;27.1171909
1900-11-06 09:00:00+01:00;8.7;27.05203032
1900-11-06 10:00:00+01:00;9.2;25.08188971
1900-11-06 11:00:00+01:00;9.5;23.4633711
1900-11-06 12:00:00+01:00;9.8;21.95911838
1900-11-06 13:00:00+01:00;10.8;20.95492593
1900-11-06 14:00:00+01:00;8.9;22.40676816
1900-11-06 15:00:00+01:00;8.3;23.58926105
1900-11-06 16:00:00+01:00;7.5;26.65918603
1900-11-06 17:00:00+01:00;7.2;28.66545288
1900-11-06 18:00:00+01:00;6.8;29.20218352
1900-11-06 19:00:00+01:00;6.2;29.61987122
1900-11-06 20:00:00+01:00;5.8;29.68419956
1900-11-06 21:00:00+01:00;4.9;27.87387156
1900-11-06 22:00:00+01:00;3.2;25.64341534
1900-11-06 23:00:00+01:00;4;22.40512585
1900-11-07 00:00:00+01:00;2.7;18.48844846
1900-11-07 01:00:00+01:00;2;16.5220689
1900-11-07 02:00:00+01:00;2.8;15.81940541
1900-11-07 03:00:00+01:00;3.4;15.54038202
1900-11-07 04:00:00+01:00;2.3;16.46873586
1900-11-07 05:00:00+01:00;2.3;18.5455893
1900-11-07 06:00:00+01:00;2.7;25.42024814
1900-11-07 07:00:00+01:00;5.9;29.83019763
1900-11-07 08:00:00+01:00;6.7;25.49936225
1900-11-07 09:00:00+01:00;7.7;24.85573339
1900-11-07 10:00:00+01:00;8.5;23.42140668
1900-11-07 11:00:00+01:00;9;22.13153698
1900-11-07 12:00:00+01:00;9.6;20.89536932
1900-11-07 13:00:00+01:00;10.1;20.36370258
1900-11-07 14:00:00+01:00;8.2;22.0666718
1900-11-07 15:00:00+01:00;8;23.36570383
1900-11-07 16:00:00+01:00;8.4;25.80722996
1900-11-07 17:00:00+01:00;8.4;27.70285776
1900-11-07 18:00:00+01:00;10.3;27.11676109
1900-11-07 19:00:00+01:00;11.2;26.76998688
1900-11-07 20:00:00+01:00;11.6;25.94875463
1900-11-07 21:00:00+01:00;11.4;24.07003745
1900-11-07 22:00:00+01:00;11;21.55065143
1900-11-07 23:00:00+01:00;10.5;20.01704533
1900-11-08 00:00:00+01:00;9;15.0686354
1900-11-08 01:00:00+01:00;8.1;14.11983909
1900-11-08 02:00:00+01:00;7.4;13.67985656
1900-11-08 03:00:00+01:00;6.6;13.64940692
1900-11-08 04:00:00+01:00;6.5;14.08907699
1900-11-08 05:00:00+01:00;5.5;16.29400533
1900-11-08 06:00:00+01:00;6;22.90457265
1900-11-08 07:00:00+01:00;5.8;28.26389706
1900-11-08 08:00:00+01:00;5.6;24.19519889
1900-11-08 09:00:00+01:00;4.5;23.83227267
1900-11-08 10:00:00+01:00;5;23.15657906
1900-11-08 11:00:00+01:00;6.1;21.86888657
1900-11-08 12:00:00+01:00;6.5;21.20375288
1900-11-08 13:00:00+01:00;7.1;20.69751646
1900-11-08 14:00:00+01:00;6.4;22.02661743
1900-11-08 15:00:00+01:00;5.8;23.89914252
1900-11-08 16:00:00+01:00;6.7;26.05993009
1900-11-08 17:00:00+01:00;6.8;27.79814074
1900-11-08 18:00:00+01:00;6.6;28.3780597
1900-11-08 19:00:00+01:00;6.4;28.78009611
1900-11-08 20:00:00+01:00;6.3;28.79333938
1900-11-08 21:00:00+01:00;5.7;27.15255192
1900-11-08 22:00:00+01:00;5.4;24.71261409
1900-11-08 23:00:00+01:00;3.9;22.43710243
1900-11-09 00:00:00+01:00;3.6;18.40813568
1900-11-09 01:00:00+01:00;3;16.68379172
1900-11-09 02:00:00+01:00;2.5;16.46276824
1900-11-09 03:00:00+01:00;2;16.6221011
1900-11-09 04:00:00+01:00;0.4;17.83943406
1900-11-09 05:00:00+01:00;0.4;19.97725068
1900-11-09 06:00:00+01:00;0.9;26.83197015
1900-11-09 07:00:00+01:00;0.4;33.43281288
1900-11-09 08:00:00+01:00;0.9;28.18704015
1900-11-09 09:00:00+01:00;2.3;27.39422663
1900-11-09 10:00:00+01:00;4.8;25.78636871
1900-11-09 11:00:00+01:00;4.4;24.78061641
1900-11-09 12:00:00+01:00;3.6;24.56206508
1900-11-09 13:00:00+01:00;4.1;24.02098534
1900-11-09 14:00:00+01:00;6.8;23.61513891
1900-11-09 15:00:00+01:00;6.2;24.89862958
1900-11-09 16:00:00+01:00;6;27.81681808
1900-11-09 17:00:00+01:00;5.6;30.03327002
1900-11-09 18:00:00+01:00;4;31.33556031
1900-11-09 19:00:00+01:00;4;31.59259874
1900-11-09 20:00:00+01:00;3.5;31.8423134
1900-11-09 21:00:00+01:00;2.8;30.06898513
1900-11-09 22:00:00+01:00;1;27.97353941
1900-11-09 23:00:00+01:00;0.1;25.45735566
1900-11-10 00:00:00+01:00;0.2;22.80441739
1900-11-10 01:00:00+01:00;-0.3;20.78661246
1900-11-10 02:00:00+01:00;-0.3;19.9555913
1900-11-10 03:00:00+01:00;0.8;19.01396987
1900-11-10 04:00:00+01:00;0.9;18.87904515
1900-11-10 05:00:00+01:00;0;19.51336584
1900-11-10 06:00:00+01:00;-1;21.34787337
1900-11-10 07:00:00+01:00;-0.7;23.867801
1900-11-10 08:00:00+01:00;-0.3;29.06848481
1900-11-10 09:00:00+01:00;0.8;33.79782868
1900-11-10 10:00:00+01:00;2.6;34.2552241
1900-11-10 11:00:00+01:00;3.2;33.79281518
1900-11-10 12:00:00+01:00;3.3;31.77184218
1900-11-10 13:00:00+01:00;3.2;30.68021571
1900-11-10 14:00:00+01:00;3;29.9465663
1900-11-10 15:00:00+01:00;3;30.09309426
1900-11-10 16:00:00+01:00;2.7;31.02486633
1900-11-10 17:00:00+01:00;4.2;31.81970457
1900-11-10 18:00:00+01:00;4.4;32.02405702
1900-11-10 19:00:00+01:00;3.1;32.52644554
1900-11-10 20:00:00+01:00;3.1;32.24209218
1900-11-10 21:00:00+01:00;3;29.98423394
1900-11-10 22:00:00+01:00;3;26.75729577
1900-11-10 23:00:00+01:00;3;24.37677821
1900-11-11 00:00:00+01:00;3;22.7970424
1900-11-11 01:00:00+01:00;2.9;20.37411097
1900-11-11 02:00:00+01:00;2.7;19.20448434
1900-11-11 03:00:00+01:00;2.9;18.60837641
1900-11-11 04:00:00+01:00;3.5;18.35503711
1900-11-11 05:00:00+01:00;5.6;17.8411524
1900-11-11 06:00:00+01:00;5.7;19.77019429
1900-11-11 07:00:00+01:00;7;20.97617873
1900-11-11 08:00:00+01:00;7.8;25.26904514
1900-11-11 09:00:00+01:00;7.5;30.65870842
1900-11-11 10:00:00+01:00;8.5;30.92480666
1900-11-11 11:00:00+01:00;9.5;29.56946194
1900-11-11 12:00:00+01:00;11.5;26.09747875
1900-11-11 13:00:00+01:00;12.3;24.68555894
1900-11-11 14:00:00+01:00;12;23.43119342
1900-11-11 15:00:00+01:00;10.9;24.09489064
1900-11-11 16:00:00+01:00;9.9;25.22648732
1900-11-11 17:00:00+01:00;8.6;27.37527649
1900-11-11 18:00:00+01:00;8.4;27.666319
1900-11-11 19:00:00+01:00;7.8;27.72810414
1900-11-11 20:00:00+01:00;7.6;27.41259378
1900-11-11 21:00:00+01:00;7.3;25.18412708
1900-11-11 22:00:00+01:00;8;21.9758486
1900-11-11 23:00:00+01:00;8.1;19.45624229
1900-11-12 00:00:00+01:00;8.2;15.99592776
1900-11-12 01:00:00+01:00;7.5;14.2140071
1900-11-12 02:00:00+01:00;7.4;13.62973415
1900-11-12 03:00:00+01:00;7;13.47231345
1900-11-12 04:00:00+01:00;6;14.21410135
1900-11-12 05:00:00+01:00;6;16.19410892
1900-11-12 06:00:00+01:00;6.8;22.91093248
1900-11-12 07:00:00+01:00;6;28.29590607
1900-11-12 08:00:00+01:00;5.2;24.47786366
1900-11-12 09:00:00+01:00;5;23.87878806
1900-11-12 10:00:00+01:00;4.7;23.42331423
1900-11-12 11:00:00+01:00;5;22.45417672
1900-11-12 12:00:00+01:00;5.7;21.78993658
1900-11-12 13:00:00+01:00;4.9;22.00005434
1900-11-12 14:00:00+01:00;4.6;23.31876798
1900-11-12 15:00:00+01:00;4.8;24.75195626
1900-11-12 16:00:00+01:00;5.3;27.2452025
1900-11-12 17:00:00+01:00;6.1;28.67060878
1900-11-12 18:00:00+01:00;5.2;29.60320031
1900-11-12 19:00:00+01:00;4.7;30.12919203
1900-11-12 20:00:00+01:00;4.3;30.11069697
1900-11-12 21:00:00+01:00;3.7;28.33285248
1900-11-12 22:00:00+01:00;3.6;25.76343271
1900-11-12 23:00:00+01:00;3.8;22.94135488
1900-11-13 00:00:00+01:00;4.2;18.64925335
1900-11-13 01:00:00+01:00;4.2;16.82355329
1900-11-13 02:00:00+01:00;4.2;16.422146
1900-11-13 03:00:00+01:00;5.4;16.02825508
1900-11-13 04:00:00+01:00;4.7;16.68557367
1900-11-13 05:00:00+01:00;5.1;18.63085956
1900-11-13 06:00:00+01:00;5.5;26.00887472
1900-11-13 07:00:00+01:00;4.6;31.23281926
1900-11-13 08:00:00+01:00;4.8;26.76694123
1900-11-13 09:00:00+01:00;5.2;26.27206895
1900-11-13 10:00:00+01:00;5;25.35225138
1900-11-13 11:00:00+01:00;7.1;23.37163099
1900-11-13 12:00:00+01:00;10;21.09829129
1900-11-13 13:00:00+01:00;10.6;20.37856475
1900-11-13 14:00:00+01:00;10;21.2736182
1900-11-13 15:00:00+01:00;7.2;23.829243
1900-11-13 16:00:00+01:00;4.5;28.02529023
1900-11-13 17:00:00+01:00;3.6;30.39018866
1900-11-13 18:00:00+01:00;2.7;31.28229872
1900-11-13 19:00:00+01:00;2.1;31.85241975
1900-11-13 20:00:00+01:00;1.6;31.60583343
1900-11-13 21:00:00+01:00;1;29.68506176
1900-11-13 22:00:00+01:00;1.2;26.93051046
1900-11-13 23:00:00+01:00;0.5;24.25633362
1900-11-14 00:00:00+01:00;0.8;20.08892044
1900-11-14 01:00:00+01:00;0.5;18.16180318
1900-11-14 02:00:00+01:00;0.1;17.89225911
1900-11-14 03:00:00+01:00;-0.6;18.16657064
1900-11-14 04:00:00+01:00;-0.7;18.96188788
1900-11-14 05:00:00+01:00;-0.6;21.10026482
1900-11-14 06:00:00+01:00;-0.6;28.17865243
1900-11-14 07:00:00+01:00;1.2;33.8548932
1900-11-14 08:00:00+01:00;1.2;28.86821889
1900-11-14 09:00:00+01:00;1.4;28.56102455
1900-11-14 10:00:00+01:00;1.6;27.85209339
1900-11-14 11:00:00+01:00;1.6;26.72415276
1900-11-14 12:00:00+01:00;1.5;26.45900002
1900-11-14 13:00:00+01:00;1.6;26.18275573
1900-11-14 14:00:00+01:00;1.5;27.4011416
1900-11-14 15:00:00+01:00;1.8;28.09112918
1900-11-14 16:00:00+01:00;1.9;31.09103326
1900-11-14 17:00:00+01:00;2.5;32.86323523
1900-11-14 18:00:00+01:00;2.6;33.23135916
1900-11-14 19:00:00+01:00;3;33.22309251
1900-11-14 20:00:00+01:00;2.4;33.62734942
1900-11-14 21:00:00+01:00;2.7;31.39160374
1900-11-14 22:00:00+01:00;2.1;28.75039478
1900-11-14 23:00:00+01:00;1.8;26.10493857
1900-11-15 00:00:00+01:00;1.7;21.8195009
1900-11-15 01:00:00+01:00;1.7;19.98447913
1900-11-15 02:00:00+01:00;1.7;19.42125249
1900-11-15 03:00:00+01:00;1.9;19.17525634
1900-11-15 04:00:00+01:00;2;19.47413154
1900-11-15 05:00:00+01:00;2.2;21.4176444
1900-11-15 06:00:00+01:00;2.4;28.8632635
1900-11-15 07:00:00+01:00;2.6;33.96081344
1900-11-15 08:00:00+01:00;2.5;29.13269471
1900-11-15 09:00:00+01:00;2.6;28.85981907
1900-11-15 10:00:00+01:00;2.8;27.82353926
1900-11-15 11:00:00+01:00;2.9;26.45090104
1900-11-15 12:00:00+01:00;3;25.73828871
1900-11-15 13:00:00+01:00;3.2;25.2065221
1900-11-15 14:00:00+01:00;3.2;26.12073626
1900-11-15 15:00:00+01:00;3.4;26.85256028
1900-11-15 16:00:00+01:00;3.3;29.81084486
1900-11-15 17:00:00+01:00;3.4;31.75405441
1900-11-15 18:00:00+01:00;3.5;32.10067496
1900-11-15 19:00:00+01:00;3.1;32.51762448
1900-11-15 20:00:00+01:00;2.8;32.63112348
1900-11-15 21:00:00+01:00;2.4;30.67342699
1900-11-15 22:00:00+01:00;1.9;28.05140959
1900-11-15 23:00:00+01:00;2.5;25.09397608
1900-11-16 00:00:00+01:00;2.8;20.68554245
1900-11-16 01:00:00+01:00;2.4;18.93887835
1900-11-16 02:00:00+01:00;1.7;18.59980195
1900-11-16 03:00:00+01:00;2.1;18.37810981
1900-11-16 04:00:00+01:00;2.2;18.78730306
1900-11-16 05:00:00+01:00;1.6;21.03835466
1900-11-16 06:00:00+01:00;1.8;28.36292235
1900-11-16 07:00:00+01:00;1.6;34.0423048
1900-11-16 08:00:00+01:00;1.1;29.21589949
1900-11-16 09:00:00+01:00;1.4;28.8528941
1900-11-16 10:00:00+01:00;1.8;27.97283911
1900-11-16 11:00:00+01:00;1.9;26.68116457
1900-11-16 12:00:00+01:00;1.8;26.22563899
1900-11-16 13:00:00+01:00;2;25.74825055
1900-11-16 14:00:00+01:00;2.5;26.51392849
1900-11-16 15:00:00+01:00;2;27.6630854
1900-11-16 16:00:00+01:00;1.8;30.76027409
1900-11-16 17:00:00+01:00;1.5;32.9537479
1900-11-16 18:00:00+01:00;1.5;33.38130979
1900-11-16 19:00:00+01:00;1.5;33.62555094
1900-11-16 20:00:00+01:00;1.5;33.52918789
1900-11-16 21:00:00+01:00;1.3;31.47193958
1900-11-16 22:00:00+01:00;1.2;28.71060141
1900-11-16 23:00:00+01:00;0.7;26.12608779
1900-11-17 00:00:00+01:00;1.4;23.36896119
1900-11-17 01:00:00+01:00;0.6;21.29939025
1900-11-17 02:00:00+01:00;0.2;20.41743882
1900-11-17 03:00:00+01:00;0.4;19.82883937
1900-11-17 04:00:00+01:00;0;19.9089782
1900-11-17 05:00:00+01:00;0.4;20.18668308
1900-11-17 06:00:00+01:00;0.2;22.07185579
1900-11-17 07:00:00+01:00;0;24.46587662
1900-11-17 08:00:00+01:00;-0.6;29.92915624
1900-11-17 09:00:00+01:00;0.6;34.69839862
1900-11-17 10:00:00+01:00;0.5;35.80736005
1900-11-17 11:00:00+01:00;0.6;35.72561208
1900-11-17 12:00:00+01:00;0.3;34.00476192
1900-11-17 13:00:00+01:00;0;32.9325058
1900-11-17 14:00:00+01:00;0.6;31.81041349
1900-11-17 15:00:00+01:00;0;32.26442333
1900-11-17 16:00:00+01:00;-1.2;33.68383785
1900-11-17 17:00:00+01:00;-1.4;35.3642908
1900-11-17 18:00:00+01:00;-1.7;35.79534148
1900-11-17 19:00:00+01:00;-2.3;35.78519322
1900-11-17 20:00:00+01:00;-2.3;35.27763388
1900-11-17 21:00:00+01:00;-2.8;32.98046027
1900-11-17 22:00:00+01:00;-3;29.81786601
1900-11-17 23:00:00+01:00;-2;27.13860724
1900-11-18 00:00:00+01:00;-2.1;25.7255129
1900-11-18 01:00:00+01:00;-3.9;24.00545569
1900-11-18 02:00:00+01:00;-5.5;23.73541534
1900-11-18 03:00:00+01:00;-5.8;23.25243027
1900-11-18 04:00:00+01:00;-5.6;23.18312315
1900-11-18 05:00:00+01:00;-6.3;24.08045734
1900-11-18 06:00:00+01:00;-5.3;25.58540622
1900-11-18 07:00:00+01:00;-5.6;28.40440455
1900-11-18 08:00:00+01:00;-6.1;34.12009244
1900-11-18 09:00:00+01:00;-4.6;38.85768798
1900-11-18 10:00:00+01:00;-3.1;39.5829646
1900-11-18 11:00:00+01:00;-2.5;39.3645044
1900-11-18 12:00:00+01:00;-1;36.3931942
1900-11-18 13:00:00+01:00;-1.5;35.52465943
1900-11-18 14:00:00+01:00;-1.7;34.62140139
1900-11-18 15:00:00+01:00;-2;34.92965485
1900-11-18 16:00:00+01:00;-2.5;36.02258752
1900-11-18 17:00:00+01:00;-3.4;38.19840789
1900-11-18 18:00:00+01:00;-4.3;38.9967122
1900-11-18 19:00:00+01:00;-6.1;39.56098627
1900-11-18 20:00:00+01:00;-6.3;39.10575475
1900-11-18 21:00:00+01:00;-6.6;36.63818682
1900-11-18 22:00:00+01:00;-7.1;33.33867188
1900-11-18 23:00:00+01:00;-8.3;31.2952748
1900-11-19 00:00:00+01:00;-9.6;28.9798021
1900-11-19 01:00:00+01:00;-8.8;26.80137056
1900-11-19 02:00:00+01:00;-8.7;26.32949308
1900-11-19 03:00:00+01:00;-9.3;26.55161055
1900-11-19 04:00:00+01:00;-8.3;26.86509932
1900-11-19 05:00:00+01:00;-6.3;28.39963023
1900-11-19 06:00:00+01:00;-5.6;36.05793018
1900-11-19 07:00:00+01:00;-4.6;42.05250695
1900-11-19 08:00:00+01:00;-3.6;35.43421174
1900-11-19 09:00:00+01:00;-4.8;36.00252213
1900-11-19 10:00:00+01:00;-3;34.59216424
1900-11-19 11:00:00+01:00;-2.4;32.65991904
1900-11-19 12:00:00+01:00;-2.5;32.11321504
1900-11-19 13:00:00+01:00;-2.5;31.57326766
1900-11-19 14:00:00+01:00;-2.5;32.55478271
1900-11-19 15:00:00+01:00;-3;32.76537119
1900-11-19 16:00:00+01:00;-3.3;36.3682754
1900-11-19 17:00:00+01:00;-3.6;38.90287446
1900-11-19 18:00:00+01:00;-4.1;39.55501742
1900-11-19 19:00:00+01:00;-3;39.15163997
1900-11-19 20:00:00+01:00;-3;39.30084635
1900-11-19 21:00:00+01:00;-2.9;36.89146867
1900-11-19 22:00:00+01:00;-2.8;33.76930363
1900-11-19 23:00:00+01:00;-4.3;31.5083711
1900-11-20 00:00:00+01:00;-4.8;27.33747003
1900-11-20 01:00:00+01:00;-4.3;25.27062388
1900-11-20 02:00:00+01:00;-4;24.51662629
1900-11-20 03:00:00+01:00;-4.1;24.30696059
1900-11-20 04:00:00+01:00;-3.5;24.39376514
1900-11-20 05:00:00+01:00;-3.8;26.54400387
1900-11-20 06:00:00+01:00;-3.5;34.1901054
1900-11-20 07:00:00+01:00;-4;40.58117283
1900-11-20 08:00:00+01:00;-4;34.46125043
1900-11-20 09:00:00+01:00;-3.5;34.36562512
1900-11-20 10:00:00+01:00;-4.6;34.06216235
1900-11-20 11:00:00+01:00;-4.6;32.5187751
1900-11-20 12:00:00+01:00;-3.3;31.62452509
1900-11-20 13:00:00+01:00;-3.3;31.10555728
1900-11-20 14:00:00+01:00;-3.5;32.28255523
1900-11-20 15:00:00+01:00;-4.8;33.19003227
1900-11-20 16:00:00+01:00;-4.1;36.20379593
1900-11-20 17:00:00+01:00;-4.6;38.7367265
1900-11-20 18:00:00+01:00;-3.4;38.47353908
1900-11-20 19:00:00+01:00;-2.8;38.38003568
1900-11-20 20:00:00+01:00;-3.9;38.85973449
1900-11-20 21:00:00+01:00;-3.4;36.36593405
1900-11-20 22:00:00+01:00;-3.5;33.44325794
1900-11-20 23:00:00+01:00;-3;30.63089475
1900-11-21 00:00:00+01:00;-3;26.35348156
1900-11-21 01:00:00+01:00;-2.6;24.46028504
1900-11-21 02:00:00+01:00;-2.9;23.94996936
1900-11-21 03:00:00+01:00;-3;23.83982723
1900-11-21 04:00:00+01:00;-3.8;24.44340849
1900-11-21 05:00:00+01:00;-3.4;26.43957183
1900-11-21 06:00:00+01:00;-3.3;34.23889262
1900-11-21 07:00:00+01:00;-5;41.16936553
1900-11-21 08:00:00+01:00;-5.3;34.96827269
1900-11-21 09:00:00+01:00;-4.5;34.83226173
1900-11-21 10:00:00+01:00;-1.7;33.08754079
1900-11-21 11:00:00+01:00;-1.4;31.28069998
1900-11-21 12:00:00+01:00;-1.2;30.54118029
1900-11-21 13:00:00+01:00;-1.5;30.11843118
1900-11-21 14:00:00+01:00;-1.9;31.27304158
1900-11-21 15:00:00+01:00;-1.2;31.06801051
1900-11-21 16:00:00+01:00;-1.7;34.586119
1900-11-21 17:00:00+01:00;-2.4;37.16850262
1900-11-21 18:00:00+01:00;-2.3;37.48526566
1900-11-21 19:00:00+01:00;-6.8;40.08951919
1900-11-21 20:00:00+01:00;-5.1;38.85846513
1900-11-21 21:00:00+01:00;-6.1;36.83658807
1900-11-21 22:00:00+01:00;-5;33.54352171
1900-11-21 23:00:00+01:00;-2.5;30.11155746
1900-11-22 00:00:00+01:00;-2.1;25.73015337
1900-11-22 01:00:00+01:00;-1.2;23.74652768
1900-11-22 02:00:00+01:00;-1.2;23.14637272
1900-11-22 03:00:00+01:00;-0.8;22.85621895
1900-11-22 04:00:00+01:00;-0.8;23.07166636
1900-11-22 05:00:00+01:00;-0.3;24.97627506
1900-11-22 06:00:00+01:00;-0.5;32.98682589
1900-11-22 07:00:00+01:00;-0.7;38.32771484
1900-11-22 08:00:00+01:00;-0.3;32.58962127
1900-11-22 09:00:00+01:00;-0.3;32.56065928
1900-11-22 10:00:00+01:00;-0.1;31.47207225
1900-11-22 11:00:00+01:00;0;29.86969568
1900-11-22 12:00:00+01:00;0.3;29.06848228
1900-11-22 13:00:00+01:00;0.1;28.63707727
1900-11-22 14:00:00+01:00;0.4;29.40195241
1900-11-22 15:00:00+01:00;0.1;29.9106906
1900-11-22 16:00:00+01:00;-0.3;33.29368337
1900-11-22 17:00:00+01:00;-0.3;35.44851329
1900-11-22 18:00:00+01:00;-1;36.18799842
1900-11-22 19:00:00+01:00;-1.5;36.56403031
1900-11-22 20:00:00+01:00;-2;36.55306875
1900-11-22 21:00:00+01:00;-2.3;34.27217546
1900-11-22 22:00:00+01:00;-2.1;31.23958843
1900-11-22 23:00:00+01:00;-4.8;29.25964702
1900-11-23 00:00:00+01:00;-4.6;25.1674857
1900-11-23 01:00:00+01:00;-7.3;23.9199566
1900-11-23 02:00:00+01:00;-9.5;24.17827649
1900-11-23 03:00:00+01:00;-7.5;23.8673748
1900-11-23 04:00:00+01:00;-11.7;26.04076148
1900-11-23 05:00:00+01:00;-10.7;28.06444787
1900-11-23 06:00:00+01:00;-12;35.35977476
1900-11-23 07:00:00+01:00;-11.2;44.19919234
1900-11-23 08:00:00+01:00;-11.6;37.10315965
1900-11-23 09:00:00+01:00;-8.6;36.41689289
1900-11-23 10:00:00+01:00;-6.1;35.40112261
1900-11-23 11:00:00+01:00;-5.1;33.49442669
1900-11-23 12:00:00+01:00;-4.6;33.01174954
1900-11-23 13:00:00+01:00;-4.1;32.30310115
1900-11-23 14:00:00+01:00;-3.3;33.01346904
1900-11-23 15:00:00+01:00;-3.6;33.15914756
1900-11-23 16:00:00+01:00;-3.5;36.60233536
1900-11-23 17:00:00+01:00;-4;39.32245512
1900-11-23 18:00:00+01:00;-3.5;39.51057801
1900-11-23 19:00:00+01:00;-3.5;39.7660593
1900-11-23 20:00:00+01:00;-3.8;40.18957782
1900-11-23 21:00:00+01:00;-3.1;37.67017268
1900-11-23 22:00:00+01:00;-2.4;34.44381457
1900-11-23 23:00:00+01:00;-1.4;31.63055233
1900-11-24 00:00:00+01:00;-1.2;29.1477411
1900-11-24 01:00:00+01:00;-1.7;26.57337749
1900-11-24 02:00:00+01:00;-1.5;24.86499397
1900-11-24 03:00:00+01:00;-1.4;24.42690164
1900-11-24 04:00:00+01:00;-1.9;24.33028117
1900-11-24 05:00:00+01:00;-2.1;24.43261402
1900-11-24 06:00:00+01:00;-1.5;26.28656924
1900-11-24 07:00:00+01:00;-1.9;28.0591161
1900-11-24 08:00:00+01:00;-1.9;32.85972031
1900-11-24 09:00:00+01:00;-2;38.12085238
1900-11-24 10:00:00+01:00;-2.3;39.1896461
1900-11-24 11:00:00+01:00;-2;38.89876834
1900-11-24 12:00:00+01:00;-1.7;36.54238244
1900-11-24 13:00:00+01:00;-1.5;35.17303105
1900-11-24 14:00:00+01:00;-1;33.86108355
1900-11-24 15:00:00+01:00;-1.5;34.21329989
1900-11-24 16:00:00+01:00;-1;34.66021773
1900-11-24 17:00:00+01:00;-0.7;36.07954532
1900-11-24 18:00:00+01:00;-0.5;36.22703219
1900-11-24 19:00:00+01:00;-0.3;35.858203
1900-11-24 20:00:00+01:00;0;35.32518256
1900-11-24 21:00:00+01:00;0;32.88834117
1900-11-24 22:00:00+01:00;-0.1;29.50563699
1900-11-24 23:00:00+01:00;-0.3;27.23456352
1900-11-25 00:00:00+01:00;-0.1;25.66492819
1900-11-25 01:00:00+01:00;0;23.19914955
1900-11-25 02:00:00+01:00;0;21.94641314
1900-11-25 03:00:00+01:00;-0.1;21.50801291
1900-11-25 04:00:00+01:00;-0.8;21.62396522
1900-11-25 05:00:00+01:00;-0.6;21.85581472
1900-11-25 06:00:00+01:00;-1;23.90561325
1900-11-25 07:00:00+01:00;-1.2;26.13629841
1900-11-25 08:00:00+01:00;-1;31.18782339
1900-11-25 09:00:00+01:00;-1;36.43124878
1900-11-25 10:00:00+01:00;-1.2;37.54101927
1900-11-25 11:00:00+01:00;-1.2;37.50006799
1900-11-25 12:00:00+01:00;-1;35.39957997
1900-11-25 13:00:00+01:00;-0.7;33.9696298
1900-11-25 14:00:00+01:00;-0.7;33.07838519
1900-11-25 15:00:00+01:00;-0.7;33.14880879
1900-11-25 16:00:00+01:00;-1.2;34.16011848
1900-11-25 17:00:00+01:00;-0.8;35.52080691
1900-11-25 18:00:00+01:00;-0.7;35.73786287
1900-11-25 19:00:00+01:00;-0.6;35.42795133
1900-11-25 20:00:00+01:00;-0.7;35.06252388
1900-11-25 21:00:00+01:00;-0.8;32.68132537
1900-11-25 22:00:00+01:00;-1.5;29.59572891
1900-11-25 23:00:00+01:00;-0.7;27.01015827
1900-11-26 00:00:00+01:00;-2;24.27262739
1900-11-26 01:00:00+01:00;-1.7;22.35469011
1900-11-26 02:00:00+01:00;-0.7;21.60536402
1900-11-26 03:00:00+01:00;-1;21.59472545
1900-11-26 04:00:00+01:00;-1.7;22.22604284
1900-11-26 05:00:00+01:00;-2.5;24.60526223
1900-11-26 06:00:00+01:00;-2.8;32.19652899
1900-11-26 07:00:00+01:00;-2.5;38.44131931
1900-11-26 08:00:00+01:00;-4.3;33.22863179
1900-11-26 09:00:00+01:00;-2.9;32.77734543
1900-11-26 10:00:00+01:00;-2.1;31.87900234
1900-11-26 11:00:00+01:00;-0.5;29.78495705
1900-11-26 12:00:00+01:00;-0.3;29.12309861
1900-11-26 13:00:00+01:00;0;28.48749676
1900-11-26 14:00:00+01:00;-0.3;29.60702349
1900-11-26 15:00:00+01:00;-1.5;30.68402898
1900-11-26 16:00:00+01:00;-2.5;34.46144301
1900-11-26 17:00:00+01:00;-4.3;37.61257286
1900-11-26 18:00:00+01:00;-5.8;38.82080373
1900-11-26 19:00:00+01:00;-6.6;39.56296137
1900-11-26 20:00:00+01:00;-6;38.73615216
1900-11-26 21:00:00+01:00;-8;37.09564853
1900-11-26 22:00:00+01:00;-7.8;34.19077557
1900-11-26 23:00:00+01:00;-10.2;32.1801906
1900-11-27 00:00:00+01:00;-10.2;28.44318302
1900-11-27 01:00:00+01:00;-12.3;26.9862882
1900-11-27 02:00:00+01:00;-12.2;26.77184629
1900-11-27 03:00:00+01:00;-9.7;26.39976021
1900-11-27 04:00:00+01:00;-8.2;26.69547824
1900-11-27 05:00:00+01:00;-9;29.2186452
1900-11-27 06:00:00+01:00;-9.7;36.97265256
1900-11-27 07:00:00+01:00;-13.8;47.02018798
1900-11-27 08:00:00+01:00;-14.7;39.52940332
1900-11-27 09:00:00+01:00;-13.2;39.39329365
1900-11-27 10:00:00+01:00;-7.6;37.53274436
1900-11-27 11:00:00+01:00;-4.8;34.80624857
1900-11-27 12:00:00+01:00;-4;33.97252768
1900-11-27 13:00:00+01:00;-3.4;33.16331132
1900-11-27 14:00:00+01:00;-5.8;35.40330636
1900-11-27 15:00:00+01:00;-7;35.7742285
1900-11-27 16:00:00+01:00;-8.6;40.38703111
1900-11-27 17:00:00+01:00;-10.3;43.83987414
1900-11-27 18:00:00+01:00;-12.7;45.53268191
1900-11-27 19:00:00+01:00;-11.3;45.12551528
1900-11-27 20:00:00+01:00;-11;44.710355
1900-11-27 21:00:00+01:00;-10.6;42.0205796
1900-11-27 22:00:00+01:00;-9.2;38.46011212
1900-11-27 23:00:00+01:00;-8;35.50941713
1900-11-28 00:00:00+01:00;-7.5;31.11432266
1900-11-28 01:00:00+01:00;-6.3;29.00880016
1900-11-28 02:00:00+01:00;-5.1;27.92912205
1900-11-28 03:00:00+01:00;-6;27.93526809
1900-11-28 04:00:00+01:00;-5.3;27.88840458
1900-11-28 05:00:00+01:00;-4.3;29.66914529
1900-11-28 06:00:00+01:00;-3.8;37.96013037
1900-11-28 07:00:00+01:00;-2.4;42.42298378
1900-11-28 08:00:00+01:00;-2.6;36.30679086
1900-11-28 09:00:00+01:00;-2;36.31355892
1900-11-28 10:00:00+01:00;-0.6;34.43200999
1900-11-28 11:00:00+01:00;-0.1;32.34550274
1900-11-28 12:00:00+01:00;-1.5;32.03847377
1900-11-28 13:00:00+01:00;-1;31.19281393
1900-11-28 14:00:00+01:00;-0.7;31.82123681
1900-11-28 15:00:00+01:00;-3.5;33.08750225
1900-11-28 16:00:00+01:00;-2.6;35.94480398
1900-11-28 17:00:00+01:00;-4.1;39.00736017
1900-11-28 18:00:00+01:00;-4.5;39.44891524
1900-11-28 19:00:00+01:00;-5;39.80923908
1900-11-28 20:00:00+01:00;-4.3;39.2159475
1900-11-28 21:00:00+01:00;-5;36.94425519
1900-11-28 22:00:00+01:00;-5.6;34.05720757
1900-11-28 23:00:00+01:00;-6.8;31.60199545
1900-11-29 00:00:00+01:00;-6.8;27.49854393
1900-11-29 01:00:00+01:00;-7.8;25.76666854
1900-11-29 02:00:00+01:00;-6.5;24.96227465
1900-11-29 03:00:00+01:00;-7.1;25.09651613
1900-11-29 04:00:00+01:00;-6.6;25.49620546
1900-11-29 05:00:00+01:00;-7.6;27.98598308
1900-11-29 06:00:00+01:00;-7.3;35.4106237
1900-11-29 07:00:00+01:00;-6.5;42.38770522
1900-11-29 08:00:00+01:00;-6;35.71406126
1900-11-29 09:00:00+01:00;-5.3;35.73033441
1900-11-29 10:00:00+01:00;-4.1;34.73525643
1900-11-29 11:00:00+01:00;-2.4;32.48757571
1900-11-29 12:00:00+01:00;-2;31.7094102
1900-11-29 13:00:00+01:00;-2.8;31.55777969
1900-11-29 14:00:00+01:00;-3;32.69221248
1900-11-29 15:00:00+01:00;-5;33.75176298
1900-11-29 16:00:00+01:00;-5.1;37.30214329
1900-11-29 17:00:00+01:00;-5.5;39.86206078
1900-11-29 18:00:00+01:00;-7.1;41.10010625
1900-11-29 19:00:00+01:00;-8.2;41.94586646
1900-11-29 20:00:00+01:00;-8;41.48568962
1900-11-29 21:00:00+01:00;-8.2;39.10803742
1900-11-29 22:00:00+01:00;-6.3;35.47079622
1900-11-29 23:00:00+01:00;-6.1;32.74513569
1900-11-30 00:00:00+01:00;-7;28.86284493
1900-11-30 01:00:00+01:00;-6.3;26.78565613
1900-11-30 02:00:00+01:00;-8.1;26.70794513
1900-11-30 03:00:00+01:00;-10;27.23090061
1900-11-30 04:00:00+01:00;-9.1;27.56241508
1900-11-30 05:00:00+01:00;-7.3;29.15492062
1900-11-30 06:00:00+01:00;-7.6;36.97586218
1900-11-30 07:00:00+01:00;-7.1;43.7671505
1900-11-30 08:00:00+01:00;-6.8;36.95509885
1900-11-30 09:00:00+01:00;-5.5;36.85754191
1900-11-30 10:00:00+01:00;-3.5;35.35642966
1900-11-30 11:00:00+01:00;-2.5;33.23037484
1900-11-30 12:00:00+01:00;-2;32.32544451
1900-11-30 13:00:00+01:00;-1.4;31.45073235
1900-11-30 14:00:00+01:00;-1.4;32.31040922
1900-11-30 15:00:00+01:00;-1;31.85384408
1900-11-30 16:00:00+01:00;-1;35.19600715
1900-11-30 17:00:00+01:00;-1.7;37.93650881
1900-11-30 18:00:00+01:00;-2;38.42573532
1900-11-30 19:00:00+01:00;-2.4;38.74192522
1900-11-30 20:00:00+01:00;-2;38.73152785
1900-11-30 21:00:00+01:00;-2.3;36.44158939
1900-11-30 22:00:00+01:00;-3.7;33.8437407
1900-11-30 23:00:00+01:00;-6.8;32.07164757
1900-12-01 00:00:00+01:00;-7.5;30.29737621
1900-12-01 01:00:00+01:00;-7.7;27.73631603
1900-12-01 02:00:00+01:00;-9.8;27.39340056
1900-12-01 03:00:00+01:00;-11.3;27.04052169
1900-12-01 04:00:00+01:00;-10.2;26.49891485
1900-12-01 05:00:00+01:00;-12.2;27.81903033
1900-12-01 06:00:00+01:00;-9.1;28.38423698
1900-12-01 07:00:00+01:00;-10.6;31.34693178
1900-12-01 08:00:00+01:00;-12.8;38.1668838
1900-12-01 09:00:00+01:00;-11;43.14644179
1900-12-01 10:00:00+01:00;-9;44.39469917
1900-12-01 11:00:00+01:00;-7.5;44.41636543
1900-12-01 12:00:00+01:00;-7.6;42.51488105
1900-12-01 13:00:00+01:00;-6.6;40.52130731
1900-12-01 14:00:00+01:00;-6.1;39.43707427
1900-12-01 15:00:00+01:00;-6.3;40.03975022
1900-12-01 16:00:00+01:00;-6.3;40.93845514
1900-12-01 17:00:00+01:00;-6;42.51935095
1900-12-01 18:00:00+01:00;-5.6;42.4340852
1900-12-01 19:00:00+01:00;-5.5;42.13877119
1900-12-01 20:00:00+01:00;-5.3;41.77742379
1900-12-01 21:00:00+01:00;-5.3;39.46410637
1900-12-01 22:00:00+01:00;-4.8;35.93085395
1900-12-01 23:00:00+01:00;-4.5;33.57283594
1900-12-02 00:00:00+01:00;-4.1;31.6802256
1900-12-02 01:00:00+01:00;-4.1;28.69361298
1900-12-02 02:00:00+01:00;-4.1;27.01641941
1900-12-02 03:00:00+01:00;-3.8;26.40375447
1900-12-02 04:00:00+01:00;-3.6;26.13342476
1900-12-02 05:00:00+01:00;-3.6;26.17703651
1900-12-02 06:00:00+01:00;-3.4;28.13841919
1900-12-02 07:00:00+01:00;-2.5;29.22297994
1900-12-02 08:00:00+01:00;-2.5;34.15245814
1900-12-02 09:00:00+01:00;-2;39.8284182
1900-12-02 10:00:00+01:00;-1.2;40.76719222
1900-12-02 11:00:00+01:00;-0.7;40.19630091
1900-12-02 12:00:00+01:00;-1;37.87146049
1900-12-02 13:00:00+01:00;-0.8;36.33227004
1900-12-02 14:00:00+01:00;-0.7;35.15385737
1900-12-02 15:00:00+01:00;-0.5;35.3798661
1900-12-02 16:00:00+01:00;-0.3;35.94800003
1900-12-02 17:00:00+01:00;-0.3;37.46533369
1900-12-02 18:00:00+01:00;-0.3;37.39648399
1900-12-02 19:00:00+01:00;-2;37.83214807
1900-12-02 20:00:00+01:00;-2.1;37.33827664
1900-12-02 21:00:00+01:00;-2.3;34.91319608
1900-12-02 22:00:00+01:00;-3.4;32.09701338
1900-12-02 23:00:00+01:00;-1.9;29.16789413
1900-12-03 00:00:00+01:00;-3;25.77678439
1900-12-03 01:00:00+01:00;-3.1;23.63240037
1900-12-03 02:00:00+01:00;-3.4;23.03196236
1900-12-03 03:00:00+01:00;-5;23.36115605
1900-12-03 04:00:00+01:00;-4.6;23.76306457
1900-12-03 05:00:00+01:00;-4.5;25.71370509
1900-12-03 06:00:00+01:00;-4.8;33.01098521
1900-12-03 07:00:00+01:00;-5.1;40.29709911
1900-12-03 08:00:00+01:00;-5.6;34.4910772
1900-12-03 09:00:00+01:00;-4.6;34.58754828
1900-12-03 10:00:00+01:00;-4;33.90214895
1900-12-03 11:00:00+01:00;-2.3;31.6662671
1900-12-03 12:00:00+01:00;-2.4;31.23507369
1900-12-03 13:00:00+01:00;-1.4;30.27525311
1900-12-03 14:00:00+01:00;-1.4;31.01261197
1900-12-03 15:00:00+01:00;-3.4;32.59300504
1900-12-03 16:00:00+01:00;-3.5;36.72758031
1900-12-03 17:00:00+01:00;-4.6;39.94283485
1900-12-03 18:00:00+01:00;-4;39.86043521
1900-12-03 19:00:00+01:00;-5;40.33612169
1900-12-03 20:00:00+01:00;-4.5;39.92932063
1900-12-03 21:00:00+01:00;-3.6;37.41083115
1900-12-03 22:00:00+01:00;-4.3;34.79258099
1900-12-03 23:00:00+01:00;-3.5;31.73434047
1900-12-04 00:00:00+01:00;-3.4;26.95716106
1900-12-04 01:00:00+01:00;-3.3;24.89886973
1900-12-04 02:00:00+01:00;-2.5;24.00897342
1900-12-04 03:00:00+01:00;-2;23.64889149
1900-12-04 04:00:00+01:00;-1.7;23.77368998
1900-12-04 05:00:00+01:00;-0.3;25.25481726
1900-12-04 06:00:00+01:00;0.4;32.95455836
1900-12-04 07:00:00+01:00;4.4;35.99571224
1900-12-04 08:00:00+01:00;7.4;30.55739034
1900-12-04 09:00:00+01:00;5.5;31.52704185
1900-12-04 10:00:00+01:00;11.2;27.47396071
1900-12-04 11:00:00+01:00;8.9;26.39588731
1900-12-04 12:00:00+01:00;9.6;24.40725514
1900-12-04 13:00:00+01:00;7.8;24.61622308
1900-12-04 14:00:00+01:00;7.7;24.88372306
1900-12-04 15:00:00+01:00;4.7;27.06780396
1900-12-04 16:00:00+01:00;1.3;32.54612835
1900-12-04 17:00:00+01:00;2;34.4538227
1900-12-04 18:00:00+01:00;2;34.54824151
1900-12-04 19:00:00+01:00;1.4;34.64049193
1900-12-04 20:00:00+01:00;1.2;34.46323957
1900-12-04 21:00:00+01:00;0.6;32.5034906
1900-12-04 22:00:00+01:00;0.4;29.75768976
1900-12-04 23:00:00+01:00;-1.5;27.1749192
1900-12-05 00:00:00+01:00;-2;22.6098994
1900-12-05 01:00:00+01:00;-0.8;19.84006902
1900-12-05 02:00:00+01:00;-1.2;19.28671423
1900-12-05 03:00:00+01:00;-3.5;19.81948247
1900-12-05 04:00:00+01:00;-2.9;20.33656115
1900-12-05 05:00:00+01:00;-2.9;22.29159566
1900-12-05 06:00:00+01:00;-3;28.97307258
1900-12-05 07:00:00+01:00;-4.3;37.15126689
1900-12-05 08:00:00+01:00;-5.1;31.86726362
1900-12-05 09:00:00+01:00;-4.1;31.79360124
1900-12-05 10:00:00+01:00;-3.3;31.61517775
1900-12-05 11:00:00+01:00;-2.8;30.24826132
1900-12-05 12:00:00+01:00;-2.3;29.99107001
1900-12-05 13:00:00+01:00;0.1;28.58066533
1900-12-05 14:00:00+01:00;1.6;28.66578761
1900-12-05 15:00:00+01:00;1.8;29.25380429
1900-12-05 16:00:00+01:00;-0.3;34.27011043
1900-12-05 17:00:00+01:00;-0.3;36.81795113
1900-12-05 18:00:00+01:00;1.8;35.94429126
1900-12-05 19:00:00+01:00;4.5;34.40140074
1900-12-05 20:00:00+01:00;4.3;35.15020553
1900-12-05 21:00:00+01:00;2.8;33.71611502
1900-12-05 22:00:00+01:00;2.6;30.98774759
1900-12-05 23:00:00+01:00;3.6;27.84514682
1900-12-06 00:00:00+01:00;4.3;22.52000705
1900-12-06 01:00:00+01:00;3.5;20.82312823
1900-12-06 02:00:00+01:00;2.4;20.32385842
1900-12-06 03:00:00+01:00;2.8;19.85986239
1900-12-06 04:00:00+01:00;3.2;19.85656011
1900-12-06 05:00:00+01:00;3;21.72986371
1900-12-06 06:00:00+01:00;2.2;29.3616485
1900-12-06 07:00:00+01:00;2.1;34.6155187
1900-12-06 08:00:00+01:00;2.3;29.73690231
1900-12-06 09:00:00+01:00;1.5;29.97540467
1900-12-06 10:00:00+01:00;2.7;28.5422018
1900-12-06 11:00:00+01:00;3.4;26.72282616
1900-12-06 12:00:00+01:00;4;25.60031003
1900-12-06 13:00:00+01:00;3;25.59630954
1900-12-06 14:00:00+01:00;2.4;26.57543819
1900-12-06 15:00:00+01:00;1.4;28.2556541
1900-12-06 16:00:00+01:00;-0.1;32.74703008
1900-12-06 17:00:00+01:00;-2.1;36.10356124
1900-12-06 18:00:00+01:00;-3;36.78253304
1900-12-06 19:00:00+01:00;-3.1;36.87964186
1900-12-06 20:00:00+01:00;-3.1;36.27950767
1900-12-06 21:00:00+01:00;-2.8;34.06700772
1900-12-06 22:00:00+01:00;-2.4;31.3140275
1900-12-06 23:00:00+01:00;-2;28.25836379
1900-12-07 00:00:00+01:00;-2.4;23.85089174
1900-12-07 01:00:00+01:00;-2;21.60383917
1900-12-07 02:00:00+01:00;-1.7;21.01428966
1900-12-07 03:00:00+01:00;-0.8;20.76292162
1900-12-07 04:00:00+01:00;-0.5;21.19529196
1900-12-07 05:00:00+01:00;-1;23.39488096
1900-12-07 06:00:00+01:00;-1;30.79258189
1900-12-07 07:00:00+01:00;-1;37.07688719
1900-12-07 08:00:00+01:00;-0.7;31.83358781
1900-12-07 09:00:00+01:00;-0.6;32.14929862
1900-12-07 10:00:00+01:00;-1;31.5809261
1900-12-07 11:00:00+01:00;-0.3;29.86050462
1900-12-07 12:00:00+01:00;-0.1;29.28452905
1900-12-07 13:00:00+01:00;0.1;28.7757321
1900-12-07 14:00:00+01:00;0;29.57932108
1900-12-07 15:00:00+01:00;-0.3;30.42681215
1900-12-07 16:00:00+01:00;-0.5;34.43221794
1900-12-07 17:00:00+01:00;-0.6;36.96930714
1900-12-07 18:00:00+01:00;-2.3;38.02440646
1900-12-07 19:00:00+01:00;-3;38.28746932
1900-12-07 20:00:00+01:00;-2.5;37.77632352
1900-12-07 21:00:00+01:00;-2.5;35.57809171
1900-12-07 22:00:00+01:00;-3.4;33.08560061
1900-12-07 23:00:00+01:00;-5;30.60037988
1900-12-08 00:00:00+01:00;-5.6;27.81179376
1900-12-08 01:00:00+01:00;-3.9;24.83466991
1900-12-08 02:00:00+01:00;-4.6;24.03371872
1900-12-08 03:00:00+01:00;-4.3;23.34323481
1900-12-08 04:00:00+01:00;-3;22.90044188
1900-12-08 05:00:00+01:00;-3;23.33185217
1900-12-08 06:00:00+01:00;-3.3;25.1256728
1900-12-08 07:00:00+01:00;-3.4;27.25034225
1900-12-08 08:00:00+01:00;-3.5;32.82536718
1900-12-08 09:00:00+01:00;-4.1;38.87321957
1900-12-08 10:00:00+01:00;-4;40.51370995
1900-12-08 11:00:00+01:00;-3.5;40.68825415
1900-12-08 12:00:00+01:00;-3;38.48590085
1900-12-08 13:00:00+01:00;-2.4;36.73690439
1900-12-08 14:00:00+01:00;-1.7;35.51405453
1900-12-08 15:00:00+01:00;-2;36.12280824
1900-12-08 16:00:00+01:00;-1.5;36.61614592
1900-12-08 17:00:00+01:00;-1.5;38.23034911
1900-12-08 18:00:00+01:00;-1.2;38.07548004
1900-12-08 19:00:00+01:00;-1.4;37.85002786
1900-12-08 20:00:00+01:00;-1.5;37.49461615
1900-12-08 21:00:00+01:00;-1.2;35.02461904
1900-12-08 22:00:00+01:00;-1.4;31.90212518
1900-12-08 23:00:00+01:00;-1;29.35620855
1900-12-09 00:00:00+01:00;-0.8;27.42727621
1900-12-09 01:00:00+01:00;-0.7;24.53101886
1900-12-09 02:00:00+01:00;-1;23.16553492
1900-12-09 03:00:00+01:00;-1;22.60587702
1900-12-09 04:00:00+01:00;-0.6;22.34807251
1900-12-09 05:00:00+01:00;-0.7;22.59159793
1900-12-09 06:00:00+01:00;-1.5;24.57450598
1900-12-09 07:00:00+01:00;-1.7;26.43490984
1900-12-09 08:00:00+01:00;-3;32.29630429
1900-12-09 09:00:00+01:00;-3.8;38.28813242
1900-12-09 10:00:00+01:00;0.2;38.31185973
1900-12-09 11:00:00+01:00;0.6;37.96953731
1900-12-09 12:00:00+01:00;1.5;35.25596267
1900-12-09 13:00:00+01:00;1.4;33.91159488
1900-12-09 14:00:00+01:00;0.1;33.70079274
1900-12-09 15:00:00+01:00;-0.3;34.30698441
1900-12-09 16:00:00+01:00;0;34.82581382
1900-12-09 17:00:00+01:00;0.7;35.9441021
1900-12-09 18:00:00+01:00;0.6;35.95133111
1900-12-09 19:00:00+01:00;0.7;35.56466011
1900-12-09 20:00:00+01:00;-0.3;35.5305271
1900-12-09 21:00:00+01:00;-1.9;33.67800378
1900-12-09 22:00:00+01:00;-2;30.69922483
1900-12-09 23:00:00+01:00;1.6;27.23955849
1900-12-10 00:00:00+01:00;1.9;23.24772392
1900-12-10 01:00:00+01:00;1.7;21.29796533
1900-12-10 02:00:00+01:00;0.3;20.94291177
1900-12-10 03:00:00+01:00;1.7;20.35166653
1900-12-10 04:00:00+01:00;0.8;20.89052564
1900-12-10 05:00:00+01:00;0;23.06729762
1900-12-10 06:00:00+01:00;-2.3;30.8766417
1900-12-10 07:00:00+01:00;1.3;35.7082916
1900-12-10 08:00:00+01:00;0.6;31.02883977
1900-12-10 09:00:00+01:00;0.1;31.30029677
1900-12-10 10:00:00+01:00;0.8;30.22624014
1900-12-10 11:00:00+01:00;0.7;28.76373713
1900-12-10 12:00:00+01:00;-1.7;29.35228321
1900-12-10 13:00:00+01:00;-2.6;29.38170077
1900-12-10 14:00:00+01:00;-2.9;30.46317988
1900-12-10 15:00:00+01:00;-3.3;31.63501536
1900-12-10 16:00:00+01:00;-2.4;35.07359924
1900-12-10 17:00:00+01:00;-0.6;36.54572736
1900-12-10 18:00:00+01:00;-3.1;38.08120238
1900-12-10 19:00:00+01:00;0.5;36.14036353
1900-12-10 20:00:00+01:00;1.5;35.8057727
1900-12-10 21:00:00+01:00;0.1;34.2015437
1900-12-10 22:00:00+01:00;0.4;31.29742084
1900-12-10 23:00:00+01:00;0.4;28.44859648
1900-12-11 00:00:00+01:00;0.1;23.76446657
1900-12-11 01:00:00+01:00;-0.1;21.80674355
1900-12-11 02:00:00+01:00;0.2;21.0868234
1900-12-11 03:00:00+01:00;-0.3;21.11377996
1900-12-11 04:00:00+01:00;-1.2;21.80671181
1900-12-11 05:00:00+01:00;-1.2;23.79265299
1900-12-11 06:00:00+01:00;-2;31.27346091
1900-12-11 07:00:00+01:00;-2;37.81472744
1900-12-11 08:00:00+01:00;-3;32.7728465
1900-12-11 09:00:00+01:00;-2.8;33.03327423
1900-12-11 10:00:00+01:00;-5.6;33.60466109
1900-12-11 11:00:00+01:00;-5.3;32.07939341
1900-12-11 12:00:00+01:00;-3.6;31.18711141
1900-12-11 13:00:00+01:00;-5.6;31.65591573
1900-12-11 14:00:00+01:00;-6.3;33.02591017
1900-12-11 15:00:00+01:00;-7;34.2003321
1900-12-11 16:00:00+01:00;-7.3;38.50329369
1900-12-11 17:00:00+01:00;-8;41.42547337
1900-12-11 18:00:00+01:00;-10;42.67608518
1900-12-11 19:00:00+01:00;-10;42.78066601
1900-12-11 20:00:00+01:00;-11.1;42.46186212
1900-12-11 21:00:00+01:00;-8.7;39.3264102
1900-12-11 22:00:00+01:00;-7.8;36.32034813
1900-12-11 23:00:00+01:00;-6.8;33.24085332
1900-12-12 00:00:00+01:00;-6.3;28.59523389
1900-12-12 01:00:00+01:00;-6.1;26.56962921
1900-12-12 02:00:00+01:00;-5.8;25.9901866
1900-12-12 03:00:00+01:00;-5;25.79808146
1900-12-12 04:00:00+01:00;-5;26.20992604
1900-12-12 05:00:00+01:00;-1.2;27.11259859
1900-12-12 06:00:00+01:00;-1.7;35.51685717
1900-12-12 07:00:00+01:00;-1.4;40.76455941
1900-12-12 08:00:00+01:00;-1.2;35.30138922
1900-12-12 09:00:00+01:00;-0.7;35.9084226
1900-12-12 10:00:00+01:00;-1.7;34.91156825
1900-12-12 11:00:00+01:00;-1.5;32.90963354
1900-12-12 12:00:00+01:00;-2;32.35142585
1900-12-12 13:00:00+01:00;-2.1;31.76611091
1900-12-12 14:00:00+01:00;-2.9;32.78206107
1900-12-12 15:00:00+01:00;-3;32.99758525
1900-12-12 16:00:00+01:00;-4.1;37.66551926
1900-12-12 17:00:00+01:00;-5.3;40.89965988
1900-12-12 18:00:00+01:00;-5.5;41.0816205
1900-12-12 19:00:00+01:00;-7.6;42.02434277
1900-12-12 20:00:00+01:00;-6.5;40.96410647
1900-12-12 21:00:00+01:00;-7.3;38.83730851
1900-12-12 22:00:00+01:00;-8.3;36.25778409
1900-12-12 23:00:00+01:00;-8.5;33.30955548
1900-12-13 00:00:00+01:00;-9.7;29.18628155
1900-12-13 01:00:00+01:00;-9.1;26.6954011
1900-12-13 02:00:00+01:00;-9.7;26.29811892
1900-12-13 03:00:00+01:00;-7.6;25.78555028
1900-12-13 04:00:00+01:00;-9.6;26.98211828
1900-12-13 05:00:00+01:00;-10.8;29.55376838
1900-12-13 06:00:00+01:00;-15.6;37.73924844
1900-12-13 07:00:00+01:00;-10.3;45.30637005
1900-12-13 08:00:00+01:00;-13;39.34239316
1900-12-13 09:00:00+01:00;-11.5;39.68252748
1900-12-13 10:00:00+01:00;-9;38.78369893
1900-12-13 11:00:00+01:00;-9.2;37.13113479
1900-12-13 12:00:00+01:00;-7.3;36.17249287
1900-12-13 13:00:00+01:00;-7;35.50824514
1900-12-13 14:00:00+01:00;-8.2;37.02109022
1900-12-13 15:00:00+01:00;-7.3;36.48607861
1900-12-13 16:00:00+01:00;-8.2;41.4219689
1900-12-13 17:00:00+01:00;-8.1;44.23697153
1900-12-13 18:00:00+01:00;-8.6;44.71948225
1900-12-13 19:00:00+01:00;-8.3;44.48820236
1900-12-13 20:00:00+01:00;-6.6;43.87283933
1900-12-13 21:00:00+01:00;-5.5;41.17395066
1900-12-13 22:00:00+01:00;-5.1;37.98897851
1900-12-13 23:00:00+01:00;-5.1;35.2790263
1900-12-14 00:00:00+01:00;-4.6;30.18511007
1900-12-14 01:00:00+01:00;-2.6;27.74801364
1900-12-14 02:00:00+01:00;0;26.1279215
1900-12-14 03:00:00+01:00;2.7;24.91847299
1900-12-14 04:00:00+01:00;2.9;24.44258558
1900-12-14 05:00:00+01:00;3.1;26.1131807
1900-12-14 06:00:00+01:00;4;34.29121606
1900-12-14 07:00:00+01:00;6;36.535327
1900-12-14 08:00:00+01:00;5.3;32.32875047
1900-12-14 09:00:00+01:00;4.6;32.91650314
1900-12-14 10:00:00+01:00;3.9;31.1902013
1900-12-14 11:00:00+01:00;3.4;29.36063659
1900-12-14 12:00:00+01:00;2.9;28.36354921
1900-12-14 13:00:00+01:00;4.1;27.1102818
1900-12-14 14:00:00+01:00;3;27.9581069
1900-12-14 15:00:00+01:00;2.1;28.92657135
1900-12-14 16:00:00+01:00;1.8;32.74403537
1900-12-14 17:00:00+01:00;2.2;34.83632613
1900-12-14 18:00:00+01:00;1.3;35.33676748
1900-12-14 19:00:00+01:00;-0.5;36.02052537
1900-12-14 20:00:00+01:00;-2;36.20680812
1900-12-14 21:00:00+01:00;-3.3;34.37870436
1900-12-14 22:00:00+01:00;-3.5;31.64615928
1900-12-14 23:00:00+01:00;-3.8;28.54532912
1900-12-15 00:00:00+01:00;-5.8;25.93235454
1900-12-15 01:00:00+01:00;-6.6;23.7821812
1900-12-15 02:00:00+01:00;-6.1;23.05898187
1900-12-15 03:00:00+01:00;-6.1;22.35181694
1900-12-15 04:00:00+01:00;-6.1;22.29816476
1900-12-15 05:00:00+01:00;-6.1;23.11278342
1900-12-15 06:00:00+01:00;-5.8;24.46606181
1900-12-15 07:00:00+01:00;-8.2;28.09818763
1900-12-15 08:00:00+01:00;-6.8;33.74237738
1900-12-15 09:00:00+01:00;-6;39.26316002
1900-12-15 10:00:00+01:00;-5.3;40.94224397
1900-12-15 11:00:00+01:00;-4.6;41.28830601
1900-12-15 12:00:00+01:00;-3.5;38.87882657
1900-12-15 13:00:00+01:00;-2.5;36.98964764
1900-12-15 14:00:00+01:00;-4.3;37.27329038
1900-12-15 15:00:00+01:00;-4.8;38.05403901
1900-12-15 16:00:00+01:00;-4.5;38.73690646
1900-12-15 17:00:00+01:00;-5.6;41.04039218
1900-12-15 18:00:00+01:00;-6.5;41.6155929
1900-12-15 19:00:00+01:00;-7.1;41.5502034
1900-12-15 20:00:00+01:00;-8.5;41.57730933
1900-12-15 21:00:00+01:00;-8.8;39.1245008
1900-12-15 22:00:00+01:00;-9.3;36.07667745
1900-12-15 23:00:00+01:00;-10.7;34.00497873
1900-12-16 00:00:00+01:00;-12.1;32.66591013
1900-12-16 01:00:00+01:00;-11.6;30.08776748
1900-12-16 02:00:00+01:00;-11.2;29.1098461
1900-12-16 03:00:00+01:00;-13.7;29.2538138
1900-12-16 04:00:00+01:00;-11.7;28.61073396
1900-12-16 05:00:00+01:00;-9.5;28.65240021
1900-12-16 06:00:00+01:00;-8.2;30.21154568
1900-12-16 07:00:00+01:00;-7;31.79058478
1900-12-16 08:00:00+01:00;-6.3;36.90342681
1900-12-16 09:00:00+01:00;-6.3;42.93304214
1900-12-16 10:00:00+01:00;-6.1;44.44969974
1900-12-16 11:00:00+01:00;-6;44.56182645
1900-12-16 12:00:00+01:00;-5.8;42.12408272
1900-12-16 13:00:00+01:00;-5.1;40.40015968
1900-12-16 14:00:00+01:00;-5.1;39.31313208
1900-12-16 15:00:00+01:00;-4;39.10994257
1900-12-16 16:00:00+01:00;-3.5;39.68431368
1900-12-16 17:00:00+01:00;-2.6;40.90930824
1900-12-16 18:00:00+01:00;-2;40.65633582
1900-12-16 19:00:00+01:00;1;38.99885355
1900-12-16 20:00:00+01:00;1;38.86167049
1900-12-16 21:00:00+01:00;1;36.57136545
1900-12-16 22:00:00+01:00;1.1;33.0073106
1900-12-16 23:00:00+01:00;1.1;30.67649589
1900-12-17 00:00:00+01:00;0.7;26.4074803
1900-12-17 01:00:00+01:00;1;24.30366638
1900-12-17 02:00:00+01:00;0.3;23.45460123
1900-12-17 03:00:00+01:00;-0.7;23.16037076
1900-12-17 04:00:00+01:00;-1.4;23.35362617
1900-12-17 05:00:00+01:00;-1.5;25.16909401
1900-12-17 06:00:00+01:00;-1.5;32.64278524
1900-12-17 07:00:00+01:00;-1.2;38.31819503
1900-12-17 08:00:00+01:00;-1.5;32.99436889
1900-12-17 09:00:00+01:00;-1.5;33.24388139
1900-12-17 10:00:00+01:00;-1;32.11200929
1900-12-17 11:00:00+01:00;-1;30.39007295
1900-12-17 12:00:00+01:00;-1;29.75094393
1900-12-17 13:00:00+01:00;-1;29.18368091
1900-12-17 14:00:00+01:00;-1;29.86953747
1900-12-17 15:00:00+01:00;-1.4;30.80449165
1900-12-17 16:00:00+01:00;-1.9;34.93776939
1900-12-17 17:00:00+01:00;-1.4;37.08694698
1900-12-17 18:00:00+01:00;-1.7;37.41064454
1900-12-17 19:00:00+01:00;-2;37.52477169
1900-12-17 20:00:00+01:00;-2.5;37.54930006
1900-12-17 21:00:00+01:00;-3;35.61399453
1900-12-17 22:00:00+01:00;-2.8;32.84559184
1900-12-17 23:00:00+01:00;-2.5;29.89017314
1900-12-18 00:00:00+01:00;-2;25.06988548
1900-12-18 01:00:00+01:00;-2.5;23.16770836
1900-12-18 02:00:00+01:00;-2.8;22.67528579
1900-12-18 03:00:00+01:00;-2.8;22.61054963
1900-12-18 04:00:00+01:00;-3.4;23.25749887
1900-12-18 05:00:00+01:00;-3.5;25.30005875
1900-12-18 06:00:00+01:00;-3.5;32.66734046
1900-12-18 07:00:00+01:00;-3;39.15640867
1900-12-18 08:00:00+01:00;-3.6;33.75605032
1900-12-18 09:00:00+01:00;-3.3;34.06396811
1900-12-18 10:00:00+01:00;-3.5;33.53949868
1900-12-18 11:00:00+01:00;-4.3;32.2752009
1900-12-18 12:00:00+01:00;-4;31.8933711
1900-12-18 13:00:00+01:00;-4.8;31.8135726
1900-12-18 14:00:00+01:00;-5;32.8732225
1900-12-18 15:00:00+01:00;-5.3;33.65079654
1900-12-18 16:00:00+01:00;-4;37.04558762
1900-12-18 17:00:00+01:00;-3.6;39.42694757
1900-12-18 18:00:00+01:00;-5.3;40.5386333
1900-12-18 19:00:00+01:00;-6;40.87956721
1900-12-18 20:00:00+01:00;-7.1;40.98641565
1900-12-18 21:00:00+01:00;-7.8;38.94708467
1900-12-18 22:00:00+01:00;-9.2;36.62969625
1900-12-18 23:00:00+01:00;-7.8;33.31660988
1900-12-19 00:00:00+01:00;-9.8;29.51484062
1900-12-19 01:00:00+01:00;-13.7;28.35167972
1900-12-19 02:00:00+01:00;-14.3;28.17870201
1900-12-19 03:00:00+01:00;-12.3;27.94246682
1900-12-19 04:00:00+01:00;-14;29.33313596
1900-12-19 05:00:00+01:00;-17.5;32.69240104
1900-12-19 06:00:00+01:00;-15.1;39.09508783
1900-12-19 07:00:00+01:00;-13.3;47.91107473
1900-12-19 08:00:00+01:00;-15.7;41.27885848
1900-12-19 09:00:00+01:00;-15.3;42.00157272
1900-12-19 10:00:00+01:00;-12.6;41.33189635
1900-12-19 11:00:00+01:00;-12;39.2901003
1900-12-19 12:00:00+01:00;-10.2;38.52815614
1900-12-19 13:00:00+01:00;-8.8;37.29822502
1900-12-19 14:00:00+01:00;-8.7;38.14903548
1900-12-19 15:00:00+01:00;-8;37.44614194
1900-12-19 16:00:00+01:00;-8.7;42.3814246
1900-12-19 17:00:00+01:00;-9;45.56153189
1900-12-19 18:00:00+01:00;-7.8;45.16936495
1900-12-19 19:00:00+01:00;-8.1;45.2716298
1900-12-19 20:00:00+01:00;-6.8;45.09911795
1900-12-19 21:00:00+01:00;-5.8;42.44050448
1900-12-19 22:00:00+01:00;-5.5;39.23258696
1900-12-19 23:00:00+01:00;-5.3;36.589263
1900-12-20 00:00:00+01:00;-4.3;31.29319925
1900-12-20 01:00:00+01:00;-3.8;29.27985273
1900-12-20 02:00:00+01:00;-2.9;28.00965102
1900-12-20 03:00:00+01:00;-1.9;27.26343274
1900-12-20 04:00:00+01:00;-0.7;26.57834153
1900-12-20 05:00:00+01:00;-1.4;28.45967164
1900-12-20 06:00:00+01:00;-1.7;36.7406148
1900-12-20 07:00:00+01:00;-1.5;41.47185138
1900-12-20 08:00:00+01:00;-0.5;35.3995885
1900-12-20 09:00:00+01:00;-0.6;35.85634281
1900-12-20 10:00:00+01:00;-0.6;34.27702594
1900-12-20 11:00:00+01:00;-0.6;32.18225463
1900-12-20 12:00:00+01:00;0;30.89765
1900-12-20 13:00:00+01:00;0.5;29.94693448
1900-12-20 14:00:00+01:00;0;30.63126387
1900-12-20 15:00:00+01:00;1.7;29.9484307
1900-12-20 16:00:00+01:00;1.9;33.6075488
1900-12-20 17:00:00+01:00;-0.3;37.26306886
1900-12-20 18:00:00+01:00;-3;38.77239814
1900-12-20 19:00:00+01:00;-2;38.05171373
1900-12-20 20:00:00+01:00;1.6;36.43039424
1900-12-20 21:00:00+01:00;-3;35.85777657
1900-12-20 22:00:00+01:00;-3.5;33.15971255
1900-12-20 23:00:00+01:00;-3.5;30.12073123
1900-12-21 00:00:00+01:00;-3.3;25.33799327
1900-12-21 01:00:00+01:00;-2.9;22.99384193
1900-12-21 02:00:00+01:00;-3.8;22.59123787
1900-12-21 03:00:00+01:00;-3.5;22.45651537
1900-12-21 04:00:00+01:00;-1;22.18293931
1900-12-21 05:00:00+01:00;-2;24.46051976
1900-12-21 06:00:00+01:00;-2.4;31.9310427
1900-12-21 07:00:00+01:00;0.2;37.08253814
1900-12-21 08:00:00+01:00;-2.5;32.91141029
1900-12-21 09:00:00+01:00;-2.5;33.25917333
1900-12-21 10:00:00+01:00;-1.5;32.24478772
1900-12-21 11:00:00+01:00;-0.3;30.20279762
1900-12-21 12:00:00+01:00;-1.2;30.03184906
1900-12-21 13:00:00+01:00;-0.3;29.14863724
1900-12-21 14:00:00+01:00;-1.4;30.44057008
1900-12-21 15:00:00+01:00;-1.5;31.19297499
1900-12-21 16:00:00+01:00;-1;34.89566105
1900-12-21 17:00:00+01:00;-0.6;37.2223781
1900-12-21 18:00:00+01:00;0.6;36.74252013
1900-12-21 19:00:00+01:00;2.8;35.42622464
1900-12-21 20:00:00+01:00;6.4;34.52750863
1900-12-21 21:00:00+01:00;6;32.67520765
1900-12-21 22:00:00+01:00;3.8;30.48393204
1900-12-21 23:00:00+01:00;4.2;27.47487203
1900-12-22 00:00:00+01:00;2;25.13050964
1900-12-22 01:00:00+01:00;3;21.93936207
1900-12-22 02:00:00+01:00;3.8;20.06518789
1900-12-22 03:00:00+01:00;0.3;20.54452406
1900-12-22 04:00:00+01:00;2.2;19.85728349
1900-12-22 05:00:00+01:00;1.8;20.11037107
1900-12-22 06:00:00+01:00;5.6;20.91510764
1900-12-22 07:00:00+01:00;4.9;22.34332052
1900-12-22 08:00:00+01:00;4.9;27.24568292
1900-12-22 09:00:00+01:00;5.2;32.90633754
1900-12-22 10:00:00+01:00;8.2;32.8320388
1900-12-22 11:00:00+01:00;7.3;32.46666579
1900-12-22 12:00:00+01:00;6.2;30.80876822
1900-12-22 13:00:00+01:00;8.4;28.25563385
1900-12-22 14:00:00+01:00;8.6;26.95863488
1900-12-22 15:00:00+01:00;8;27.59796726
1900-12-22 16:00:00+01:00;7.6;28.34339456
1900-12-22 17:00:00+01:00;6.6;30.20890413
1900-12-22 18:00:00+01:00;6.8;29.9356459
1900-12-22 19:00:00+01:00;8.1;29.00395786
1900-12-22 20:00:00+01:00;7.1;29.13745906
1900-12-22 21:00:00+01:00;3.4;28.21841251
1900-12-22 22:00:00+01:00;5.4;24.89580664
1900-12-22 23:00:00+01:00;3.2;22.99195685
1900-12-23 00:00:00+01:00;0.9;21.70840445
1900-12-23 01:00:00+01:00;5.9;17.81873772
1900-12-23 02:00:00+01:00;1.9;17.94697773
1900-12-23 03:00:00+01:00;1.1;17.3701875
1900-12-23 04:00:00+01:00;1.2;17.14222734
1900-12-23 05:00:00+01:00;2.7;17.09558575
1900-12-23 06:00:00+01:00;0.2;19.0077108
1900-12-23 07:00:00+01:00;-1;21.98593602
1900-12-23 08:00:00+01:00;-0.7;27.74972432
1900-12-23 09:00:00+01:00;-2.1;33.74795325
1900-12-23 10:00:00+01:00;-1.2;35.3448376
1900-12-23 11:00:00+01:00;-1;36.05668446
1900-12-23 12:00:00+01:00;-0.7;34.59843062
1900-12-23 13:00:00+01:00;-0.5;33.0165683
1900-12-23 14:00:00+01:00;-0.1;32.48130496
1900-12-23 15:00:00+01:00;0;32.90665848
1900-12-23 16:00:00+01:00;0.9;33.14349393
1900-12-23 17:00:00+01:00;0;35.17150462
1900-12-23 18:00:00+01:00;1.4;34.47054543
1900-12-23 19:00:00+01:00;2.8;33.60784848
1900-12-23 20:00:00+01:00;3.7;33.01098057
1900-12-23 21:00:00+01:00;6.4;29.91566677
1900-12-23 22:00:00+01:00;5.7;27.26949711
1900-12-23 23:00:00+01:00;7;24.65543488
1900-12-24 00:00:00+01:00;6.3;20.66421994
1900-12-24 01:00:00+01:00;5.7;19.03440469
1900-12-24 02:00:00+01:00;5.6;18.29999014
1900-12-24 03:00:00+01:00;5;18.12790693
1900-12-24 04:00:00+01:00;5;18.29521103
1900-12-24 05:00:00+01:00;5.7;19.96415568
1900-12-24 06:00:00+01:00;5.8;27.51249087
1900-12-24 07:00:00+01:00;5.8;31.82748853
1900-12-24 08:00:00+01:00;6.9;27.40014612
1900-12-24 09:00:00+01:00;6.7;27.42673037
1900-12-24 10:00:00+01:00;5.5;26.41729784
1900-12-24 11:00:00+01:00;6.1;24.70106445
1900-12-24 12:00:00+01:00;4.8;24.33436433
1900-12-24 13:00:00+01:00;4.8;23.85971636
1900-12-24 14:00:00+01:00;4.6;24.53949069
1900-12-24 15:00:00+01:00;4.5;25.89962577
1900-12-24 16:00:00+01:00;5.6;28.72248718
1900-12-24 17:00:00+01:00;4.4;31.51634859
1900-12-24 18:00:00+01:00;4.7;31.4988879
1900-12-24 19:00:00+01:00;5;31.20385999
1900-12-24 20:00:00+01:00;4.7;31.19784439
1900-12-24 21:00:00+01:00;4.5;29.38966707
1900-12-24 22:00:00+01:00;5.1;26.62187953
1900-12-24 23:00:00+01:00;5.2;23.64714603
1900-12-25 00:00:00+01:00;5.4;18.73663854
1900-12-25 01:00:00+01:00;5.2;16.6950439
1900-12-25 02:00:00+01:00;4.1;16.38761141
1900-12-25 03:00:00+01:00;3.8;16.33739227
1900-12-25 04:00:00+01:00;3.1;17.06789172
1900-12-25 05:00:00+01:00;2.5;19.21657434
1900-12-25 06:00:00+01:00;2.4;26.18079435
1900-12-25 07:00:00+01:00;0.8;33.0908243
1900-12-25 08:00:00+01:00;1.7;28.11565286
1900-12-25 09:00:00+01:00;1;28.35219191
1900-12-25 10:00:00+01:00;1;27.89766185
1900-12-25 11:00:00+01:00;2.6;26.10899161
1900-12-25 12:00:00+01:00;3.6;25.13822879
1900-12-25 13:00:00+01:00;3.5;24.83090461
1900-12-25 14:00:00+01:00;3;25.81774885
1900-12-25 15:00:00+01:00;2.4;27.43091461
1900-12-25 16:00:00+01:00;1.7;31.48095623
1900-12-25 17:00:00+01:00;1.6;33.84317119
1900-12-25 18:00:00+01:00;0.7;34.55578136
1900-12-25 19:00:00+01:00;1.8;33.95218232
1900-12-25 20:00:00+01:00;0.9;34.17129369
1900-12-25 21:00:00+01:00;2;31.8050811
1900-12-25 22:00:00+01:00;1;29.541479
1900-12-25 23:00:00+01:00;2.6;26.16823514
1900-12-26 00:00:00+01:00;3.3;21.16597306
1900-12-26 01:00:00+01:00;2.3;19.45300068
1900-12-26 02:00:00+01:00;2;18.95030027
1900-12-26 03:00:00+01:00;1.5;18.9832663
1900-12-26 04:00:00+01:00;0.8;19.67016781
1900-12-26 05:00:00+01:00;0.5;21.73643945
1900-12-26 06:00:00+01:00;-0.5;29.12779638
1900-12-26 07:00:00+01:00;-0.3;35.45221956
1900-12-26 08:00:00+01:00;0;30.32665684
1900-12-26 09:00:00+01:00;0;30.4526962
1900-12-26 10:00:00+01:00;-0.1;29.8295268
1900-12-26 11:00:00+01:00;0;28.43158881
1900-12-26 12:00:00+01:00;0;28.05751942
1900-12-26 13:00:00+01:00;0.1;27.64434481
1900-12-26 14:00:00+01:00;0.3;28.37696645
1900-12-26 15:00:00+01:00;0.5;29.27344841
1900-12-26 16:00:00+01:00;0.4;33.11486735
1900-12-26 17:00:00+01:00;-0.1;35.79869266
1900-12-26 18:00:00+01:00;1.4;35.19516785
1900-12-26 19:00:00+01:00;2.1;34.73211695
1900-12-26 20:00:00+01:00;2;34.86902481
1900-12-26 21:00:00+01:00;4;32.17612081
1900-12-26 22:00:00+01:00;2.3;29.98924563
1900-12-26 23:00:00+01:00;2.6;27.0419455
1900-12-27 00:00:00+01:00;2.5;22.2184381
1900-12-27 01:00:00+01:00;2.5;20.22299914
1900-12-27 02:00:00+01:00;1.9;19.72352656
1900-12-27 03:00:00+01:00;1.2;19.74313554
1900-12-27 04:00:00+01:00;0.2;20.4392559
1900-12-27 05:00:00+01:00;-2.5;23.24860734
1900-12-27 06:00:00+01:00;-2.1;30.15678776
1900-12-27 07:00:00+01:00;-2.4;37.09436055
1900-12-27 08:00:00+01:00;-3;31.85636891
1900-12-27 09:00:00+01:00;-3.1;32.0491161
1900-12-27 10:00:00+01:00;-4.1;32.07017766
1900-12-27 11:00:00+01:00;-3.9;30.61572865
1900-12-27 12:00:00+01:00;-3;30.09160951
1900-12-27 13:00:00+01:00;-3.6;29.96797677
1900-12-27 14:00:00+01:00;-3.4;30.85015813
1900-12-27 15:00:00+01:00;-5.1;32.71741615
1900-12-27 16:00:00+01:00;-6.1;37.32091488
1900-12-27 17:00:00+01:00;-7.5;40.54921094
1900-12-27 18:00:00+01:00;-7.8;40.96116874
1900-12-27 19:00:00+01:00;-9.2;41.79833207
1900-12-27 20:00:00+01:00;-9.5;41.09255836
1900-12-27 21:00:00+01:00;-9.6;38.94484026
1900-12-27 22:00:00+01:00;-8.7;36.01877668
1900-12-27 23:00:00+01:00;-9.2;33.3602237
1900-12-28 00:00:00+01:00;-8.7;28.94662846
1900-12-28 01:00:00+01:00;-8.6;26.87950011
1900-12-28 02:00:00+01:00;-7.3;26.16345688
1900-12-28 03:00:00+01:00;-6.8;26.16600452
1900-12-28 04:00:00+01:00;-6.6;26.6785064
1900-12-28 05:00:00+01:00;-4.8;28.21678908
1900-12-28 06:00:00+01:00;-5.6;36.33203251
1900-12-28 07:00:00+01:00;-3.9;42.17465707
1900-12-28 08:00:00+01:00;-5;36.71036711
1900-12-28 09:00:00+01:00;-4.6;37.33774177
1900-12-28 10:00:00+01:00;-4.3;36.35662983
1900-12-28 11:00:00+01:00;-4.1;34.41838723
1900-12-28 12:00:00+01:00;-3.4;33.52966272
1900-12-28 13:00:00+01:00;-3.3;32.89509302
1900-12-28 14:00:00+01:00;-3.5;33.6952383
1900-12-28 15:00:00+01:00;-3.1;33.50371309
1900-12-28 16:00:00+01:00;-3;37.58071384
1900-12-28 17:00:00+01:00;-3.9;40.75391694
1900-12-28 18:00:00+01:00;-4.1;40.98775505
1900-12-28 19:00:00+01:00;-4.3;40.90678492
1900-12-28 20:00:00+01:00;-4;40.77253322
1900-12-28 21:00:00+01:00;-3.8;38.34959408
1900-12-28 22:00:00+01:00;-4;35.41031483
1900-12-28 23:00:00+01:00;-5.3;32.85565985
1900-12-29 00:00:00+01:00;-7.5;30.46130796
1900-12-29 01:00:00+01:00;-7.6;27.80066603
1900-12-29 02:00:00+01:00;-10;27.561581
1900-12-29 03:00:00+01:00;-12.7;27.65703117
1900-12-29 04:00:00+01:00;-20.9;29.7502971
1900-12-29 05:00:00+01:00;-16.4;29.78561272
1900-12-29 06:00:00+01:00;-18.4;31.38977893
1900-12-29 07:00:00+01:00;-14.7;33.87173196
1900-12-29 08:00:00+01:00;-10.1;38.22421102
1900-12-29 09:00:00+01:00;-8;43.39184205
1900-12-29 10:00:00+01:00;-7.1;44.78616263
1900-12-29 11:00:00+01:00;-6.8;44.9535684
1900-12-29 12:00:00+01:00;-6.3;42.41833943
1900-12-29 13:00:00+01:00;-7.3;41.56227424
1900-12-29 14:00:00+01:00;-8;41.08762365
1900-12-29 15:00:00+01:00;-9.8;42.61674198
1900-12-29 16:00:00+01:00;-11.7;44.62329384
1900-12-29 17:00:00+01:00;-17;49.27713476
1900-12-29 18:00:00+01:00;-13.5;47.53877919
1900-12-29 19:00:00+01:00;-17.7;49.09285323
1900-12-29 20:00:00+01:00;-16.7;47.91908809
1900-12-29 21:00:00+01:00;-13.2;44.08742688
1900-12-29 22:00:00+01:00;-12.5;40.43413834
1900-12-29 23:00:00+01:00;-10.6;37.68649786
1900-12-30 00:00:00+01:00;-10.5;36.02270037
1900-12-30 01:00:00+01:00;-11.2;33.44076791
1900-12-30 02:00:00+01:00;-10.7;31.8824757
1900-12-30 03:00:00+01:00;-8.2;30.68186746
1900-12-30 04:00:00+01:00;-6.1;29.73020425
1900-12-30 05:00:00+01:00;-6.3;29.76568672
1900-12-30 06:00:00+01:00;-5.6;31.73396255
1900-12-30 07:00:00+01:00;-6;32.98217526
1900-12-30 08:00:00+01:00;-7.1;38.5035519
1900-12-30 09:00:00+01:00;-7.8;44.88361751
1900-12-30 10:00:00+01:00;-6.3;45.89253336
1900-12-30 11:00:00+01:00;-7;46.18905568
1900-12-30 12:00:00+01:00;-7.6;44.0104955
1900-12-30 13:00:00+01:00;-6.6;42.06808789
1900-12-30 14:00:00+01:00;-8.6;42.06933161
1900-12-30 15:00:00+01:00;-6.8;41.41432436
1900-12-30 16:00:00+01:00;-5.6;41.52916271
1900-12-30 17:00:00+01:00;-5.1;42.81720237
1900-12-30 18:00:00+01:00;-5.1;42.76589028
1900-12-30 19:00:00+01:00;-5.3;42.33918271
1900-12-30 20:00:00+01:00;-4.8;41.53496894
1900-12-30 21:00:00+01:00;-4.8;38.94331349
1900-12-30 22:00:00+01:00;-4.5;35.27566993
1900-12-30 23:00:00+01:00;-4.6;32.8718649
1900-12-31 00:00:00+01:00;-4.8;29.01365539
1900-12-31 01:00:00+01:00;-4.6;26.8390835
1900-12-31 02:00:00+01:00;-4.6;25.97854715
1900-12-31 03:00:00+01:00;-4.6;25.74160072
1900-12-31 04:00:00+01:00;-4.6;25.99827299
1900-12-31 05:00:00+01:00;-4.6;27.97288727
1900-12-31 06:00:00+01:00;-4.1;35.6831955
1900-12-31 07:00:00+01:00;-4.3;41.96624231
1900-12-31 08:00:00+01:00;-3.1;35.60330114
1900-12-31 09:00:00+01:00;-2.6;35.9952494
1900-12-31 10:00:00+01:00;-1.7;34.55222837
1900-12-31 11:00:00+01:00;0.8;31.64493527
1900-12-31 12:00:00+01:00;1.2;30.35506906
1900-12-31 13:00:00+01:00;1.5;29.52492523
1900-12-31 14:00:00+01:00;1.5;29.8830439
1900-12-31 15:00:00+01:00;0.3;30.72687096
1900-12-31 16:00:00+01:00;0.6;34.4331431
1900-12-31 17:00:00+01:00;-0.6;37.62621476
1900-12-31 18:00:00+01:00;-2.5;38.76638018
1900-12-31 19:00:00+01:00;-3;38.88626708
1900-12-31 20:00:00+01:00;-2.5;38.5201876
1900-12-31 21:00:00+01:00;-2.1;36.14823605
1900-12-31 22:00:00+01:00;-1.7;33.13934765
1900-12-31 23:00:00+01:00;-1.1;30.03284591
