TimeStamp;Tout;ElImp
1900-01-01 00:00:00+01:00;-0.8;28.21000178
1900-01-01 01:00:00+01:00;-0.7;28.08840901
1900-01-01 02:00:00+01:00;-0.3;28.1940804
1900-01-01 03:00:00+01:00;-0.3;28.52996769
1900-01-01 04:00:00+01:00;-0.8;29.72579265
1900-01-01 05:00:00+01:00;-0.5;31.81338365
1900-01-01 06:00:00+01:00;-0.7;38.90409461
1900-01-01 07:00:00+01:00;-0.6;46.39806297
1900-01-01 08:00:00+01:00;-0.7;50.94624239
1900-01-01 09:00:00+01:00;-1.2;52.26733981
1900-01-01 10:00:00+01:00;-1.7;53.12370137
1900-01-01 11:00:00+01:00;-1.9;52.77013763
1900-01-01 12:00:00+01:00;-2.4;52.77852627
1900-01-01 13:00:00+01:00;-2.3;51.97785143
1900-01-01 14:00:00+01:00;-2;50.78520792
1900-01-01 15:00:00+01:00;-0.3;47.84800831
1900-01-01 16:00:00+01:00;0;43.91581885
1900-01-01 17:00:00+01:00;0.2;40.5919683
1900-01-01 18:00:00+01:00;0.7;37.96658408
1900-01-01 19:00:00+01:00;1.1;35.79879927
1900-01-01 20:00:00+01:00;1.3;33.39372185
1900-01-01 21:00:00+01:00;1.6;31.03305841
1900-01-01 22:00:00+01:00;1.8;29.13592866
1900-01-01 23:00:00+01:00;2;28.14434726
1900-01-02 00:00:00+01:00;2.6;26.80371461
1900-01-02 01:00:00+01:00;3.1;26.4880694
1900-01-02 02:00:00+01:00;3.2;26.58779765
1900-01-02 03:00:00+01:00;2.7;26.96500585
1900-01-02 04:00:00+01:00;2.9;27.7937314
1900-01-02 05:00:00+01:00;3;29.53156615
1900-01-02 06:00:00+01:00;3.4;35.60963179
1900-01-02 07:00:00+01:00;3.3;42.60896812
1900-01-02 08:00:00+01:00;3;46.81595109
1900-01-02 09:00:00+01:00;2.6;47.95561891
1900-01-02 10:00:00+01:00;2.5;48.32116004
1900-01-02 11:00:00+01:00;2.7;47.49431679
1900-01-02 12:00:00+01:00;2.6;46.98413405
1900-01-02 13:00:00+01:00;2;46.54915581
1900-01-02 14:00:00+01:00;1.8;45.61444721
1900-01-02 15:00:00+01:00;2.3;43.5803688
1900-01-02 16:00:00+01:00;3.4;39.45200596
1900-01-02 17:00:00+01:00;3.5;36.38001496
1900-01-02 18:00:00+01:00;2.5;34.70609248
1900-01-02 19:00:00+01:00;1.7;33.31381978
1900-01-02 20:00:00+01:00;2.1;30.91652343
1900-01-02 21:00:00+01:00;2;28.80497309
1900-01-02 22:00:00+01:00;2.1;27.04700607
1900-01-02 23:00:00+01:00;2.1;26.13044539
1900-01-03 00:00:00+01:00;1.9;25.18755961
1900-01-03 01:00:00+01:00;2.2;25.02497251
1900-01-03 02:00:00+01:00;1.6;25.43572213
1900-01-03 03:00:00+01:00;1.7;25.74637085
1900-01-03 04:00:00+01:00;1.6;26.78637107
1900-01-03 05:00:00+01:00;1.3;28.92770896
1900-01-03 06:00:00+01:00;1;35.57387856
1900-01-03 07:00:00+01:00;1.4;42.47410408
1900-01-03 08:00:00+01:00;1.5;46.83785234
1900-01-03 09:00:00+01:00;1.6;47.79863193
1900-01-03 10:00:00+01:00;1.4;48.47106991
1900-01-03 11:00:00+01:00;1.1;48.28045532
1900-01-03 12:00:00+01:00;1.2;47.89368514
1900-01-03 13:00:00+01:00;0.9;47.42685071
1900-01-03 14:00:00+01:00;1.2;46.27276046
1900-01-03 15:00:00+01:00;1;44.84269556
1900-01-03 16:00:00+01:00;0.6;41.6205533
1900-01-03 17:00:00+01:00;0.3;38.79886411
1900-01-03 18:00:00+01:00;0.6;36.42797663
1900-01-03 19:00:00+01:00;0.5;34.66120163
1900-01-03 20:00:00+01:00;0.6;32.38888831
1900-01-03 21:00:00+01:00;0.4;30.29522847
1900-01-03 22:00:00+01:00;0;28.74569475
1900-01-03 23:00:00+01:00;-0.3;27.96400336
1900-01-04 00:00:00+01:00;-0.1;26.84864882
1900-01-04 01:00:00+01:00;0;26.77684355
1900-01-04 02:00:00+01:00;0.3;26.93273182
1900-01-04 03:00:00+01:00;0.3;27.30664137
1900-01-04 04:00:00+01:00;0.3;28.36394746
1900-01-04 05:00:00+01:00;0.1;30.57745564
1900-01-04 06:00:00+01:00;0.2;37.30784024
1900-01-04 07:00:00+01:00;0.1;44.73627918
1900-01-04 08:00:00+01:00;0.7;48.81441766
1900-01-04 09:00:00+01:00;-0.1;50.41135649
1900-01-04 10:00:00+01:00;-0.3;51.11109152
1900-01-04 11:00:00+01:00;-1;51.18172568
1900-01-04 12:00:00+01:00;-0.3;50.34592376
1900-01-04 13:00:00+01:00;-1;50.16370684
1900-01-04 14:00:00+01:00;-1.2;49.40144214
1900-01-04 15:00:00+01:00;-1.2;47.7581213
1900-01-04 16:00:00+01:00;-4.3;45.89599893
1900-01-04 17:00:00+01:00;-3.5;42.19671377
1900-01-04 18:00:00+01:00;-3;39.58022261
1900-01-04 19:00:00+01:00;-5.5;38.94817538
1900-01-04 20:00:00+01:00;-2.1;34.96748412
1900-01-04 21:00:00+01:00;-0.7;32.10055967
1900-01-04 22:00:00+01:00;2.9;28.87024375
1900-01-04 23:00:00+01:00;3.5;27.74929752
1900-01-05 00:00:00+01:00;3.8;26.62885329
1900-01-05 01:00:00+01:00;4.3;26.31388373
1900-01-05 02:00:00+01:00;4.2;26.4669257
1900-01-05 03:00:00+01:00;3.8;26.79289301
1900-01-05 04:00:00+01:00;4;27.61133603
1900-01-05 05:00:00+01:00;4.8;28.94486153
1900-01-05 06:00:00+01:00;4.6;35.12852184
1900-01-05 07:00:00+01:00;4.4;42.11131942
1900-01-05 08:00:00+01:00;4.9;45.63806446
1900-01-05 09:00:00+01:00;4.6;46.70187866
1900-01-05 10:00:00+01:00;4.7;46.85871606
1900-01-05 11:00:00+01:00;5;45.85936755
1900-01-05 12:00:00+01:00;5.2;45.06468666
1900-01-05 13:00:00+01:00;5.6;43.81415524
1900-01-05 14:00:00+01:00;5.8;42.41133356
1900-01-05 15:00:00+01:00;6.7;40.05576629
1900-01-05 16:00:00+01:00;5.7;37.53893477
1900-01-05 17:00:00+01:00;6;34.31128305
1900-01-05 18:00:00+01:00;7;31.51415638
1900-01-05 19:00:00+01:00;10.7;27.67898442
1900-01-05 20:00:00+01:00;7.9;26.86683979
1900-01-05 21:00:00+01:00;6.5;25.36426071
1900-01-05 22:00:00+01:00;6.4;23.70185495
1900-01-05 23:00:00+01:00;5.5;23.12185884
1900-01-06 00:00:00+01:00;5.4;20.82649408
1900-01-06 01:00:00+01:00;3.4;20.98274592
1900-01-06 02:00:00+01:00;1.8;21.59995551
1900-01-06 03:00:00+01:00;1.5;21.7068611
1900-01-06 04:00:00+01:00;2.8;21.46515262
1900-01-06 05:00:00+01:00;1.3;22.78690492
1900-01-06 06:00:00+01:00;0.5;24.73401658
1900-01-06 07:00:00+01:00;0.4;26.42742446
1900-01-06 08:00:00+01:00;-1;29.19996897
1900-01-06 09:00:00+01:00;-1.5;31.31559814
1900-01-06 10:00:00+01:00;2.2;30.48738873
1900-01-06 11:00:00+01:00;2.4;30.88566812
1900-01-06 12:00:00+01:00;2.5;30.775114
1900-01-06 13:00:00+01:00;3.6;29.86219115
1900-01-06 14:00:00+01:00;5.1;28.50613219
1900-01-06 15:00:00+01:00;4;28.65681796
1900-01-06 16:00:00+01:00;3.7;28.19667459
1900-01-06 17:00:00+01:00;5.3;26.77987767
1900-01-06 18:00:00+01:00;5;25.82175376
1900-01-06 19:00:00+01:00;3.9;25.38930579
1900-01-06 20:00:00+01:00;3.7;24.64638125
1900-01-06 21:00:00+01:00;4.1;23.93032848
1900-01-06 22:00:00+01:00;3.6;23.64612838
1900-01-06 23:00:00+01:00;1.1;24.41051623
1900-01-07 00:00:00+01:00;2;23.71091061
1900-01-07 01:00:00+01:00;2.3;23.21491626
1900-01-07 02:00:00+01:00;2;23.23878293
1900-01-07 03:00:00+01:00;1.7;23.1138658
1900-01-07 04:00:00+01:00;2.1;23.28353154
1900-01-07 05:00:00+01:00;2;23.85528218
1900-01-07 06:00:00+01:00;1.1;25.48319104
1900-01-07 07:00:00+01:00;1.9;26.12709369
1900-01-07 08:00:00+01:00;0.5;27.74067172
1900-01-07 09:00:00+01:00;0.8;27.58039646
1900-01-07 10:00:00+01:00;1.1;27.55736048
1900-01-07 11:00:00+01:00;1.7;27.57720108
1900-01-07 12:00:00+01:00;2.4;27.1315274
1900-01-07 13:00:00+01:00;3;26.66007332
1900-01-07 14:00:00+01:00;1.8;27.20329346
1900-01-07 15:00:00+01:00;1.4;27.38917966
1900-01-07 16:00:00+01:00;0.8;27.48619031
1900-01-07 17:00:00+01:00;1.3;27.04774656
1900-01-07 18:00:00+01:00;-0.3;27.36891836
1900-01-07 19:00:00+01:00;-2.5;27.9113992
1900-01-07 20:00:00+01:00;-4.5;28.16072155
1900-01-07 21:00:00+01:00;-5;28.1719105
1900-01-07 22:00:00+01:00;-4.6;27.62350131
1900-01-07 23:00:00+01:00;-7.3;28.31983281
1900-01-08 00:00:00+01:00;-7.6;29.84510707
1900-01-08 01:00:00+01:00;-6.6;29.63360899
1900-01-08 02:00:00+01:00;-5.1;29.60224768
1900-01-08 03:00:00+01:00;-8;31.13244771
1900-01-08 04:00:00+01:00;-7.8;32.52091232
1900-01-08 05:00:00+01:00;-8.8;36.04633395
1900-01-08 06:00:00+01:00;-8;44.09980179
1900-01-08 07:00:00+01:00;-3.4;49.90048364
1900-01-08 08:00:00+01:00;-3.5;54.83207886
1900-01-08 09:00:00+01:00;-3.5;55.97608707
1900-01-08 10:00:00+01:00;-3.4;56.57832482
1900-01-08 11:00:00+01:00;-2;55.10422144
1900-01-08 12:00:00+01:00;0;53.23921815
1900-01-08 13:00:00+01:00;0.2;52.33793553
1900-01-08 14:00:00+01:00;-0.1;51.43122949
1900-01-08 15:00:00+01:00;-2.5;51.56451917
1900-01-08 16:00:00+01:00;-5.3;49.35785697
1900-01-08 17:00:00+01:00;-6;46.40353719
1900-01-08 18:00:00+01:00;-8.6;45.28381119
1900-01-08 19:00:00+01:00;-8.8;43.26394681
1900-01-08 20:00:00+01:00;-8.7;40.57489239
1900-01-08 21:00:00+01:00;-8.7;38.00502246
1900-01-08 22:00:00+01:00;-8.6;36.0937475
1900-01-08 23:00:00+01:00;-9.1;35.2351107
1900-01-09 00:00:00+01:00;-8.6;33.6924086
1900-01-09 01:00:00+01:00;-8.2;33.49939176
1900-01-09 02:00:00+01:00;-8;33.78219276
1900-01-09 03:00:00+01:00;-8.2;34.29795523
1900-01-09 04:00:00+01:00;-8.3;35.59156567
1900-01-09 05:00:00+01:00;-8.7;38.64041124
1900-01-09 06:00:00+01:00;-8.7;47.25851199
1900-01-09 07:00:00+01:00;-8.5;56.10047908
1900-01-09 08:00:00+01:00;-8.2;61.19501607
1900-01-09 09:00:00+01:00;-8.3;62.4004968
1900-01-09 10:00:00+01:00;-7.6;62.60850555
1900-01-09 11:00:00+01:00;-6.6;61.37576186
1900-01-09 12:00:00+01:00;-5.6;60.32717193
1900-01-09 13:00:00+01:00;-5.1;59.21560812
1900-01-09 14:00:00+01:00;-5.8;58.65859568
1900-01-09 15:00:00+01:00;-5.8;56.81540925
1900-01-09 16:00:00+01:00;-5.5;52.13038538
1900-01-09 17:00:00+01:00;-6;48.72793543
1900-01-09 18:00:00+01:00;-6;45.89470069
1900-01-09 19:00:00+01:00;-5.6;43.27919426
1900-01-09 20:00:00+01:00;-5.5;40.50894701
1900-01-09 21:00:00+01:00;-5;37.69126928
1900-01-09 22:00:00+01:00;-4.6;35.49526945
1900-01-09 23:00:00+01:00;-5;34.60564077
1900-01-10 00:00:00+01:00;-5.3;33.38003985
1900-01-10 01:00:00+01:00;-6.3;33.54142907
1900-01-10 02:00:00+01:00;-7.6;34.18140178
1900-01-10 03:00:00+01:00;-8;34.74667679
1900-01-10 04:00:00+01:00;-8.1;36.03076239
1900-01-10 05:00:00+01:00;-7.8;38.76838997
1900-01-10 06:00:00+01:00;-7.8;47.30719264
1900-01-10 07:00:00+01:00;-8.2;56.30383582
1900-01-10 08:00:00+01:00;-8.1;61.30792795
1900-01-10 09:00:00+01:00;-7.3;61.68783136
1900-01-10 10:00:00+01:00;-7;61.96941397
1900-01-10 11:00:00+01:00;-7;61.29440021
1900-01-10 12:00:00+01:00;-6.3;60.31815941
1900-01-10 13:00:00+01:00;-6.6;59.6813122
1900-01-10 14:00:00+01:00;-6.1;58.11598835
1900-01-10 15:00:00+01:00;-7;56.85723724
1900-01-10 16:00:00+01:00;-6.5;51.93373828
1900-01-10 17:00:00+01:00;-6;47.97383676
1900-01-10 18:00:00+01:00;-4.8;44.60326026
1900-01-10 19:00:00+01:00;-3.8;41.80016636
1900-01-10 20:00:00+01:00;-4.5;39.53000502
1900-01-10 21:00:00+01:00;-4;36.83228465
1900-01-10 22:00:00+01:00;-3.9;34.85881133
1900-01-10 23:00:00+01:00;-3.8;33.88307773
1900-01-11 00:00:00+01:00;-4;32.72841631
1900-01-11 01:00:00+01:00;-3.5;32.43613338
1900-01-11 02:00:00+01:00;-4;32.75883837
1900-01-11 03:00:00+01:00;-3.3;32.8338375
1900-01-11 04:00:00+01:00;-3.5;33.94657065
1900-01-11 05:00:00+01:00;-3.5;36.30182735
1900-01-11 06:00:00+01:00;-4.6;44.68327808
1900-01-11 07:00:00+01:00;-3.6;52.32579815
1900-01-11 08:00:00+01:00;-4.1;57.16940115
1900-01-11 09:00:00+01:00;-3.5;57.61009766
1900-01-11 10:00:00+01:00;-3.1;57.65278077
1900-01-11 11:00:00+01:00;-3;56.74923494
1900-01-11 12:00:00+01:00;-2.8;55.97894832
1900-01-11 13:00:00+01:00;-2.4;54.68034116
1900-01-11 14:00:00+01:00;-2.4;53.3952891
1900-01-11 15:00:00+01:00;-2;51.15411061
1900-01-11 16:00:00+01:00;-1.7;46.84296487
1900-01-11 17:00:00+01:00;-1.9;43.47285754
1900-01-11 18:00:00+01:00;-1.4;40.63383826
1900-01-11 19:00:00+01:00;-1.9;38.75401177
1900-01-11 20:00:00+01:00;-2.5;36.53672505
1900-01-11 21:00:00+01:00;-2.5;34.12545785
1900-01-11 22:00:00+01:00;-2.9;32.39807241
1900-01-11 23:00:00+01:00;-3;31.46009638
1900-01-12 00:00:00+01:00;-3.1;30.28361128
1900-01-12 01:00:00+01:00;-3.1;30.17889881
1900-01-12 02:00:00+01:00;-4.1;30.71215968
1900-01-12 03:00:00+01:00;-4.5;31.2624839
1900-01-12 04:00:00+01:00;-4.1;32.30441445
1900-01-12 05:00:00+01:00;-3.9;34.74557705
1900-01-12 06:00:00+01:00;-3.5;42.17863574
1900-01-12 07:00:00+01:00;-3.3;50.08105435
1900-01-12 08:00:00+01:00;-3.4;54.81391276
1900-01-12 09:00:00+01:00;-3.6;55.92997003
1900-01-12 10:00:00+01:00;-4.3;56.96138671
1900-01-12 11:00:00+01:00;-3;55.45660988
1900-01-12 12:00:00+01:00;-2.8;54.86029847
1900-01-12 13:00:00+01:00;-2.6;53.88877935
1900-01-12 14:00:00+01:00;-3.1;53.17934478
1900-01-12 15:00:00+01:00;-4.3;52.30787059
1900-01-12 16:00:00+01:00;-3;47.3026479
1900-01-12 17:00:00+01:00;-3;43.92756484
1900-01-12 18:00:00+01:00;-3;41.44795286
1900-01-12 19:00:00+01:00;-3;39.37148476
1900-01-12 20:00:00+01:00;-3;36.90632195
1900-01-12 21:00:00+01:00;-2.6;34.35607519
1900-01-12 22:00:00+01:00;-2.9;32.61132745
1900-01-12 23:00:00+01:00;-2.5;31.51642127
1900-01-13 00:00:00+01:00;-3;29.17055695
1900-01-13 01:00:00+01:00;-2;28.18852071
1900-01-13 02:00:00+01:00;-2.4;28.34298829
1900-01-13 03:00:00+01:00;-2.5;28.05832076
1900-01-13 04:00:00+01:00;-2.5;28.44383634
1900-01-13 05:00:00+01:00;-2.1;29.00095339
1900-01-13 06:00:00+01:00;-2.5;30.9841143
1900-01-13 07:00:00+01:00;-2.4;32.67055018
1900-01-13 08:00:00+01:00;-1.5;34.64955609
1900-01-13 09:00:00+01:00;-2;36.31227798
1900-01-13 10:00:00+01:00;-1.7;37.09457475
1900-01-13 11:00:00+01:00;-0.7;36.83778562
1900-01-13 12:00:00+01:00;-0.8;36.70535371
1900-01-13 13:00:00+01:00;-0.6;36.07921256
1900-01-13 14:00:00+01:00;-1.2;35.6659808
1900-01-13 15:00:00+01:00;-1.2;34.89095961
1900-01-13 16:00:00+01:00;-2.5;34.89296712
1900-01-13 17:00:00+01:00;-3;34.67929087
1900-01-13 18:00:00+01:00;-2.6;33.06205304
1900-01-13 19:00:00+01:00;-2.5;31.70426102
1900-01-13 20:00:00+01:00;-3.1;30.86768751
1900-01-13 21:00:00+01:00;-2.5;29.83342859
1900-01-13 22:00:00+01:00;-2.9;29.25295126
1900-01-13 23:00:00+01:00;-3;28.96667234
1900-01-14 00:00:00+01:00;-9.1;30.70097013
1900-01-14 01:00:00+01:00;-9.2;30.26185407
1900-01-14 02:00:00+01:00;-10.2;30.76583249
1900-01-14 03:00:00+01:00;-9.7;30.85948255
1900-01-14 04:00:00+01:00;-9;31.01912142
1900-01-14 05:00:00+01:00;-7.8;31.52212444
1900-01-14 06:00:00+01:00;-6.1;32.38912595
1900-01-14 07:00:00+01:00;-5;33.07720587
1900-01-14 08:00:00+01:00;-4.3;34.14472841
1900-01-14 09:00:00+01:00;-3.6;33.84407647
1900-01-14 10:00:00+01:00;-0.3;32.27505349
1900-01-14 11:00:00+01:00;-0.3;32.54691052
1900-01-14 12:00:00+01:00;-0.7;32.5476637
1900-01-14 13:00:00+01:00;-1.2;32.56185986
1900-01-14 14:00:00+01:00;-0.6;31.96017476
1900-01-14 15:00:00+01:00;-1.2;32.11512117
1900-01-14 16:00:00+01:00;-2;32.359872
1900-01-14 17:00:00+01:00;-1;31.51275584
1900-01-14 18:00:00+01:00;-1.4;31.08192013
1900-01-14 19:00:00+01:00;-1.4;30.53829446
1900-01-14 20:00:00+01:00;-1.7;30.31967686
1900-01-14 21:00:00+01:00;-1;29.76750685
1900-01-14 22:00:00+01:00;-2.3;29.59385228
1900-01-14 23:00:00+01:00;-1.7;29.36590479
1900-01-15 00:00:00+01:00;-1.5;30.15332222
1900-01-15 01:00:00+01:00;-1.4;29.83687799
1900-01-15 02:00:00+01:00;-1.4;29.84034435
1900-01-15 03:00:00+01:00;-1;29.84800189
1900-01-15 04:00:00+01:00;-0.6;30.57359484
1900-01-15 05:00:00+01:00;0;32.30826074
1900-01-15 06:00:00+01:00;0;39.15569947
1900-01-15 07:00:00+01:00;-0.6;46.9354509
1900-01-15 08:00:00+01:00;0.3;50.61422723
1900-01-15 09:00:00+01:00;0.6;51.25674714
1900-01-15 10:00:00+01:00;0.5;51.75304352
1900-01-15 11:00:00+01:00;0.6;51.06543486
1900-01-15 12:00:00+01:00;0.7;50.49329484
1900-01-15 13:00:00+01:00;1;49.41226719
1900-01-15 14:00:00+01:00;0.9;48.36926369
1900-01-15 15:00:00+01:00;1;46.57629383
1900-01-15 16:00:00+01:00;1;42.91665388
1900-01-15 17:00:00+01:00;1.3;39.56059732
1900-01-15 18:00:00+01:00;0.9;37.41067987
1900-01-15 19:00:00+01:00;0.9;35.44464503
1900-01-15 20:00:00+01:00;1.5;32.8290901
1900-01-15 21:00:00+01:00;1.9;30.41985795
1900-01-15 22:00:00+01:00;1.5;28.72745485
1900-01-15 23:00:00+01:00;1.5;27.7607818
1900-01-16 00:00:00+01:00;1.4;26.68894562
1900-01-16 01:00:00+01:00;1.6;26.46399324
1900-01-16 02:00:00+01:00;1.5;26.62544578
1900-01-16 03:00:00+01:00;1.2;26.97663947
1900-01-16 04:00:00+01:00;1.2;27.93071959
1900-01-16 05:00:00+01:00;1.2;29.91567954
1900-01-16 06:00:00+01:00;1.4;36.34839145
1900-01-16 07:00:00+01:00;1.4;43.4533443
1900-01-16 08:00:00+01:00;1.3;47.82642753
1900-01-16 09:00:00+01:00;1.1;48.93687186
1900-01-16 10:00:00+01:00;1;49.47334385
1900-01-16 11:00:00+01:00;1.2;48.81766472
1900-01-16 12:00:00+01:00;1.2;48.41132125
1900-01-16 13:00:00+01:00;1;47.81925659
1900-01-16 14:00:00+01:00;1;46.83942174
1900-01-16 15:00:00+01:00;0.7;45.4375379
1900-01-16 16:00:00+01:00;0.3;42.10693599
1900-01-16 17:00:00+01:00;0.2;39.08672822
1900-01-16 18:00:00+01:00;0.5;36.66044368
1900-01-16 19:00:00+01:00;0.2;34.96450471
1900-01-16 20:00:00+01:00;-0.3;32.94719818
1900-01-16 21:00:00+01:00;0;30.62256766
1900-01-16 22:00:00+01:00;-0.3;29.01809547
1900-01-16 23:00:00+01:00;-0.8;28.29877086
1900-01-17 00:00:00+01:00;-0.8;27.23013098
1900-01-17 01:00:00+01:00;-1;27.25265273
1900-01-17 02:00:00+01:00;-0.5;27.3706922
1900-01-17 03:00:00+01:00;-1.2;27.99029572
1900-01-17 04:00:00+01:00;-1.5;29.2072199
1900-01-17 05:00:00+01:00;-2.3;31.88333383
1900-01-17 06:00:00+01:00;-2.1;39.00311004
1900-01-17 07:00:00+01:00;-2;46.63264517
1900-01-17 08:00:00+01:00;-2;51.40600532
1900-01-17 09:00:00+01:00;-2.1;52.56594746
1900-01-17 10:00:00+01:00;-1.5;52.76789243
1900-01-17 11:00:00+01:00;-2;52.71811523
1900-01-17 12:00:00+01:00;-2.9;53.13041405
1900-01-17 13:00:00+01:00;-3.4;52.8656714
1900-01-17 14:00:00+01:00;-3;51.69396438
1900-01-17 15:00:00+01:00;-2.1;49.3486355
1900-01-17 16:00:00+01:00;-1.5;45.07467139
1900-01-17 17:00:00+01:00;-2.6;42.47742617
1900-01-17 18:00:00+01:00;-2.8;40.20977275
1900-01-17 19:00:00+01:00;-2.8;38.25245762
1900-01-17 20:00:00+01:00;-3;35.96050222
1900-01-17 21:00:00+01:00;-3;33.64783546
1900-01-17 22:00:00+01:00;-3.4;32.03159838
1900-01-17 23:00:00+01:00;-5;31.70836449
1900-01-18 00:00:00+01:00;-5.1;30.57775365
1900-01-18 01:00:00+01:00;-4;30.22160779
1900-01-18 02:00:00+01:00;-4.5;30.71295545
1900-01-18 03:00:00+01:00;-4.3;31.14083493
1900-01-18 04:00:00+01:00;-3.4;32.06083658
1900-01-18 05:00:00+01:00;-4.8;35.13728888
1900-01-18 06:00:00+01:00;-7.1;44.2861339
1900-01-18 07:00:00+01:00;-5.6;51.86705997
1900-01-18 08:00:00+01:00;-4.8;56.33661041
1900-01-18 09:00:00+01:00;-5;57.55010758
1900-01-18 10:00:00+01:00;-4.8;58.05551563
1900-01-18 11:00:00+01:00;-3.3;56.42661101
1900-01-18 12:00:00+01:00;-4.6;56.96226038
1900-01-18 13:00:00+01:00;-3.3;55.1548399
1900-01-18 14:00:00+01:00;-4.8;55.20282758
1900-01-18 15:00:00+01:00;-7.5;55.44329961
1900-01-18 16:00:00+01:00;-9;51.86080924
1900-01-18 17:00:00+01:00;-8.3;47.90541262
1900-01-18 18:00:00+01:00;-8.2;45.24374447
1900-01-18 19:00:00+01:00;-7.3;42.64368382
1900-01-18 20:00:00+01:00;-6.3;39.60069038
1900-01-18 21:00:00+01:00;-6.3;37.13162231
1900-01-18 22:00:00+01:00;-6.6;35.38598376
1900-01-18 23:00:00+01:00;-6.1;34.22951133
1900-01-19 00:00:00+01:00;-7.3;33.36289729
1900-01-19 01:00:00+01:00;-6.5;33.09142323
1900-01-19 02:00:00+01:00;-6.8;33.50847355
1900-01-19 03:00:00+01:00;-7.1;34.11737154
1900-01-19 04:00:00+01:00;-7.5;35.59801423
1900-01-19 05:00:00+01:00;-7.8;38.63332914
1900-01-19 06:00:00+01:00;-7.6;47.09394456
1900-01-19 07:00:00+01:00;-7.3;55.73165261
1900-01-19 08:00:00+01:00;-7.1;60.67134924
1900-01-19 09:00:00+01:00;-7.1;61.72156863
1900-01-19 10:00:00+01:00;-7.1;62.31368079
1900-01-19 11:00:00+01:00;-6.6;61.37576186
1900-01-19 12:00:00+01:00;-6.1;60.55051919
1900-01-19 13:00:00+01:00;-6.1;59.72632884
1900-01-19 14:00:00+01:00;-5.8;58.29972746
1900-01-19 15:00:00+01:00;-5.6;56.15494856
1900-01-19 16:00:00+01:00;-6.1;51.87952911
1900-01-19 17:00:00+01:00;-6.1;48.13749639
1900-01-19 18:00:00+01:00;-5.1;44.80601138
1900-01-19 19:00:00+01:00;-5.8;42.82307119
1900-01-19 20:00:00+01:00;-5.6;40.07597025
1900-01-19 21:00:00+01:00;-6.3;37.82375607
1900-01-19 22:00:00+01:00;-6.6;35.98207014
1900-01-19 23:00:00+01:00;-6.8;35.07757206
1900-01-20 00:00:00+01:00;-7;32.54542492
1900-01-20 01:00:00+01:00;-6.8;31.80774233
1900-01-20 02:00:00+01:00;-7.8;32.34477081
1900-01-20 03:00:00+01:00;-7.6;31.96727188
1900-01-20 04:00:00+01:00;-7.3;32.3408737
1900-01-20 05:00:00+01:00;-7.8;33.43204068
1900-01-20 06:00:00+01:00;-7.3;35.31911528
1900-01-20 07:00:00+01:00;-7.6;37.43491526
1900-01-20 08:00:00+01:00;-7.1;39.90172962
1900-01-20 09:00:00+01:00;-7;41.47885631
1900-01-20 10:00:00+01:00;-6.6;42.3637516
1900-01-20 11:00:00+01:00;-6.3;42.64753896
1900-01-20 12:00:00+01:00;-6.3;42.53022882
1900-01-20 13:00:00+01:00;-5.8;41.58511677
1900-01-20 14:00:00+01:00;-4.6;40.01043363
1900-01-20 15:00:00+01:00;-5;39.45248572
1900-01-20 16:00:00+01:00;-5.1;38.62190791
1900-01-20 17:00:00+01:00;-6;38.66741699
1900-01-20 18:00:00+01:00;-5.5;36.98134176
1900-01-20 19:00:00+01:00;-5.3;35.58166858
1900-01-20 20:00:00+01:00;-5.3;34.51493119
1900-01-20 21:00:00+01:00;-5.8;33.90847598
1900-01-20 22:00:00+01:00;-6.1;33.19297253
1900-01-20 23:00:00+01:00;-5.3;32.50715766
1900-01-21 00:00:00+01:00;-5.6;31.81921884
1900-01-21 01:00:00+01:00;-5.6;31.28579553
1900-01-21 02:00:00+01:00;-5.8;31.26283192
1900-01-21 03:00:00+01:00;-6.3;31.09483316
1900-01-21 04:00:00+01:00;-6.8;31.66272624
1900-01-21 05:00:00+01:00;-6.6;32.27948673
1900-01-21 06:00:00+01:00;-5.8;33.43227369
1900-01-21 07:00:00+01:00;-6.3;34.73935278
1900-01-21 08:00:00+01:00;-6.3;36.08644508
1900-01-21 09:00:00+01:00;-6;35.90673112
1900-01-21 10:00:00+01:00;-5.3;35.66296599
1900-01-21 11:00:00+01:00;-5.1;35.97289052
1900-01-21 12:00:00+01:00;-4.6;35.48556536
1900-01-21 13:00:00+01:00;-4.6;35.09181575
1900-01-21 14:00:00+01:00;-4.3;34.68587177
1900-01-21 15:00:00+01:00;-4;34.36199049
1900-01-21 16:00:00+01:00;-3.1;33.63477581
1900-01-21 17:00:00+01:00;-3.5;33.51924269
1900-01-21 18:00:00+01:00;-3.8;32.98462552
1900-01-21 19:00:00+01:00;-4.6;32.7782291
1900-01-21 20:00:00+01:00;-4.3;32.18754221
1900-01-21 21:00:00+01:00;-4;31.71296454
1900-01-21 22:00:00+01:00;-3.5;30.77312807
1900-01-21 23:00:00+01:00;-4.1;30.90584774
1900-01-22 00:00:00+01:00;-3.4;31.65976143
1900-01-22 01:00:00+01:00;-3.6;31.5860012
1900-01-22 02:00:00+01:00;-4.6;32.10408011
1900-01-22 03:00:00+01:00;-4.8;32.53487331
1900-01-22 04:00:00+01:00;-4.3;33.49094587
1900-01-22 05:00:00+01:00;-4.3;35.96394581
1900-01-22 06:00:00+01:00;-4.3;43.81968268
1900-01-22 07:00:00+01:00;-4.6;52.20390664
1900-01-22 08:00:00+01:00;-4.1;56.55641883
1900-01-22 09:00:00+01:00;-3.5;57.04072881
1900-01-22 10:00:00+01:00;-4.1;57.88675907
1900-01-22 11:00:00+01:00;-3.9;57.05950502
1900-01-22 12:00:00+01:00;-4.3;56.87133046
1900-01-22 13:00:00+01:00;-4.1;55.85299341
1900-01-22 14:00:00+01:00;-4.3;54.87389444
1900-01-22 15:00:00+01:00;-4;52.7988741
1900-01-22 16:00:00+01:00;-4;48.5799087
1900-01-22 17:00:00+01:00;-4.5;45.39473787
1900-01-22 18:00:00+01:00;-4.8;42.96864094
1900-01-22 19:00:00+01:00;-4.6;40.69213932
1900-01-22 20:00:00+01:00;-5;38.32674849
1900-01-22 21:00:00+01:00;-5.1;35.90316316
1900-01-22 22:00:00+01:00;-6.3;34.52006599
1900-01-22 23:00:00+01:00;-5.3;33.1766836
1900-01-23 00:00:00+01:00;-5.3;31.96166332
1900-01-23 01:00:00+01:00;-5.3;31.90878728
1900-01-23 02:00:00+01:00;-6.3;32.49977449
1900-01-23 03:00:00+01:00;-5.6;32.74193117
1900-01-23 04:00:00+01:00;-6.8;34.38073823
1900-01-23 05:00:00+01:00;-7.5;37.50741901
1900-01-23 06:00:00+01:00;-8.2;46.3399677
1900-01-23 07:00:00+01:00;-8.2;55.10167913
1900-01-23 08:00:00+01:00;-8.7;60.734548
1900-01-23 09:00:00+01:00;-9;62.08547713
1900-01-23 10:00:00+01:00;-9.1;62.90401888
1900-01-23 11:00:00+01:00;-7.6;61.35520806
1900-01-23 12:00:00+01:00;-6.3;60.01244144
1900-01-23 13:00:00+01:00;-5.8;58.8042825
1900-01-23 14:00:00+01:00;-5.3;57.26258534
1900-01-23 15:00:00+01:00;-5.6;55.61359025
1900-01-23 16:00:00+01:00;-6.8;51.93499824
1900-01-23 17:00:00+01:00;-7.3;48.59321459
1900-01-23 18:00:00+01:00;-5.6;44.9818894
1900-01-23 19:00:00+01:00;-5.8;42.82307119
1900-01-23 20:00:00+01:00;-5.1;39.87762204
1900-01-23 21:00:00+01:00;-6.1;37.79248327
1900-01-23 22:00:00+01:00;-6;35.79440666
1900-01-23 23:00:00+01:00;-5.6;34.69289156
1900-01-24 00:00:00+01:00;-5.3;33.34755794
1900-01-24 01:00:00+01:00;-5.3;33.26895864
1900-01-24 02:00:00+01:00;-5.3;33.52017493
1900-01-24 03:00:00+01:00;-5.6;34.04079474
1900-01-24 04:00:00+01:00;-5.1;35.06385888
1900-01-24 05:00:00+01:00;-5.5;37.78985878
1900-01-24 06:00:00+01:00;-5.1;45.76012156
1900-01-24 07:00:00+01:00;-5.1;54.20692859
1900-01-24 08:00:00+01:00;-4.8;58.62661985
1900-01-24 09:00:00+01:00;-4.5;59.24311274
1900-01-24 10:00:00+01:00;-5;59.89902464
1900-01-24 11:00:00+01:00;-4.6;58.80989455
1900-01-24 12:00:00+01:00;-4.1;57.86103704
1900-01-24 13:00:00+01:00;-3.4;56.37906979
1900-01-24 14:00:00+01:00;-3.4;55.11388093
1900-01-24 15:00:00+01:00;-3.5;53.27716934
1900-01-24 16:00:00+01:00;-4.1;49.35590706
1900-01-24 17:00:00+01:00;-4.6;46.02564294
1900-01-24 18:00:00+01:00;-3.8;42.93812314
1900-01-24 19:00:00+01:00;-3.5;40.54694305
1900-01-24 20:00:00+01:00;-3.3;37.89422043
1900-01-24 21:00:00+01:00;-2.8;35.19745909
1900-01-24 22:00:00+01:00;-1.5;32.71557629
1900-01-24 23:00:00+01:00;-2;31.91594968
1900-01-25 00:00:00+01:00;-2.3;30.80043422
1900-01-25 01:00:00+01:00;-1.5;30.38813448
1900-01-25 02:00:00+01:00;-1;30.38221242
1900-01-25 03:00:00+01:00;-0.7;30.52955507
1900-01-25 04:00:00+01:00;-1.5;31.78346288
1900-01-25 05:00:00+01:00;-1;33.74372914
1900-01-25 06:00:00+01:00;-0.8;40.84836571
1900-01-25 07:00:00+01:00;-1;48.66126864
1900-01-25 08:00:00+01:00;-1;52.97847612
1900-01-25 09:00:00+01:00;-0.5;53.49490955
1900-01-25 10:00:00+01:00;0;53.40936244
1900-01-25 11:00:00+01:00;0.1;52.52520215
1900-01-25 12:00:00+01:00;0.5;51.58802899
1900-01-25 13:00:00+01:00;0.8;50.41284232
1900-01-25 14:00:00+01:00;0.7;49.24080416
1900-01-25 15:00:00+01:00;0.4;47.66584286
1900-01-25 16:00:00+01:00;0.4;43.8739695
1900-01-25 17:00:00+01:00;0.3;40.60278641
1900-01-25 18:00:00+01:00;0.1;38.24984523
1900-01-25 19:00:00+01:00;0.1;36.20694115
1900-01-25 20:00:00+01:00;-0.1;33.90009336
1900-01-25 21:00:00+01:00;0;31.5349258
1900-01-25 22:00:00+01:00;-0.5;29.91568477
1900-01-25 23:00:00+01:00;-1.5;29.31710311
1900-01-26 00:00:00+01:00;-2;28.31448565
1900-01-26 01:00:00+01:00;-1.7;28.12456683
1900-01-26 02:00:00+01:00;-1.7;28.36050389
1900-01-26 03:00:00+01:00;-2.4;28.97713864
1900-01-26 04:00:00+01:00;-2.4;30.08093025
1900-01-26 05:00:00+01:00;-2.3;32.42064101
1900-01-26 06:00:00+01:00;-2.4;39.7221714
1900-01-26 07:00:00+01:00;-1.7;47.00318926
1900-01-26 08:00:00+01:00;-1;51.12410821
1900-01-26 09:00:00+01:00;-0.7;51.91685678
1900-01-26 10:00:00+01:00;0.1;51.84892949
1900-01-26 11:00:00+01:00;0.4;51.05915162
1900-01-26 12:00:00+01:00;0.4;50.6224395
1900-01-26 13:00:00+01:00;0.8;49.54546154
1900-01-26 14:00:00+01:00;0.5;48.71180583
1900-01-26 15:00:00+01:00;0.7;46.89263392
1900-01-26 16:00:00+01:00;0.9;43.15191035
1900-01-26 17:00:00+01:00;0.9;39.99639935
1900-01-26 18:00:00+01:00;0.7;37.77042976
1900-01-26 19:00:00+01:00;0.6;35.88211764
1900-01-26 20:00:00+01:00;0;33.85620837
1900-01-26 21:00:00+01:00;0.8;31.27350523
1900-01-26 22:00:00+01:00;0.6;29.54979569
1900-01-26 23:00:00+01:00;0.6;28.60067923
1900-01-27 00:00:00+01:00;0.5;26.12557893
1900-01-27 01:00:00+01:00;0.4;25.52790478
1900-01-27 02:00:00+01:00;0.4;25.49133066
1900-01-27 03:00:00+01:00;0.1;25.32912439
1900-01-27 04:00:00+01:00;0.4;25.50462025
1900-01-27 05:00:00+01:00;0.2;26.20519418
1900-01-27 06:00:00+01:00;0.1;27.86657191
1900-01-27 07:00:00+01:00;0.2;29.39152468
1900-01-27 08:00:00+01:00;-0.3;31.83390099
1900-01-27 09:00:00+01:00;-0.7;33.53760058
1900-01-27 10:00:00+01:00;-0.6;34.53059734
1900-01-27 11:00:00+01:00;-0.6;34.99815616
1900-01-27 12:00:00+01:00;-0.7;34.96442489
1900-01-27 13:00:00+01:00;-1.7;35.12927973
1900-01-27 14:00:00+01:00;-2;34.9135678
1900-01-27 15:00:00+01:00;-2.5;34.69579715
1900-01-27 16:00:00+01:00;-3.8;34.77665148
1900-01-27 17:00:00+01:00;-5.6;35.40764401
1900-01-27 18:00:00+01:00;-7.5;35.11576566
1900-01-27 19:00:00+01:00;-7.6;33.83675242
1900-01-27 20:00:00+01:00;-8.5;32.91412558
1900-01-27 21:00:00+01:00;-9.5;32.564613
1900-01-27 22:00:00+01:00;-10;32.0856952
1900-01-27 23:00:00+01:00;-11.2;32.26601383
1900-01-28 00:00:00+01:00;-12.3;32.50770209
1900-01-28 01:00:00+01:00;-13.2;32.42682752
1900-01-28 02:00:00+01:00;-13.7;32.94090386
1900-01-28 03:00:00+01:00;-13.3;33.32013144
1900-01-28 04:00:00+01:00;-13.2;33.8666317
1900-01-28 05:00:00+01:00;-13;35.08454647
1900-01-28 06:00:00+01:00;-11.7;36.43746109
1900-01-28 07:00:00+01:00;-12;37.92468731
1900-01-28 08:00:00+01:00;-11.7;39.69945793
1900-01-28 09:00:00+01:00;-11.6;39.95202059
1900-01-28 10:00:00+01:00;-11.3;40.30717266
1900-01-28 11:00:00+01:00;-9.7;40.2997173
1900-01-28 12:00:00+01:00;-9.2;40.03178046
1900-01-28 13:00:00+01:00;-9.2;39.70666792
1900-01-28 14:00:00+01:00;-9.2;39.60742901
1900-01-28 15:00:00+01:00;-9.3;39.67603432
1900-01-28 16:00:00+01:00;-9.3;39.60180881
1900-01-28 17:00:00+01:00;-10.7;40.15994275
1900-01-28 18:00:00+01:00;-12.1;40.22297463
1900-01-28 19:00:00+01:00;-12.2;39.66376701
1900-01-28 20:00:00+01:00;-11.1;38.70468182
1900-01-28 21:00:00+01:00;-10.6;38.10739388
1900-01-28 22:00:00+01:00;-9.8;36.89241355
1900-01-28 23:00:00+01:00;-9.7;36.79328661
1900-01-29 00:00:00+01:00;-10.2;37.75030136
1900-01-29 01:00:00+01:00;-10.2;37.58627378
1900-01-29 02:00:00+01:00;-10.5;37.89980287
1900-01-29 03:00:00+01:00;-10.7;38.39088196
1900-01-29 04:00:00+01:00;-11.3;39.89106698
1900-01-29 05:00:00+01:00;-12.7;43.630642
1900-01-29 06:00:00+01:00;-12.3;53.10324746
1900-01-29 07:00:00+01:00;-13.6;63.54641838
1900-01-29 08:00:00+01:00;-14.6;69.82909147
1900-01-29 09:00:00+01:00;-14.2;70.57949539
1900-01-29 10:00:00+01:00;-13.1;70.45235735
1900-01-29 11:00:00+01:00;-11.7;68.74498973
1900-01-29 12:00:00+01:00;-11.2;67.89107301
1900-01-29 13:00:00+01:00;-9.6;65.71912936
1900-01-29 14:00:00+01:00;-9.8;64.52305067
1900-01-29 15:00:00+01:00;-10.8;63.17254678
1900-01-29 16:00:00+01:00;-11.6;58.52130923
1900-01-29 17:00:00+01:00;-12.7;55.08573548
1900-01-29 18:00:00+01:00;-14;52.68300599
1900-01-29 19:00:00+01:00;-14.7;50.42212172
1900-01-29 20:00:00+01:00;-15;47.56026883
1900-01-29 21:00:00+01:00;-16;45.11351157
1900-01-29 22:00:00+01:00;-15.3;42.81798517
1900-01-29 23:00:00+01:00;-15.5;41.8964866
1900-01-30 00:00:00+01:00;-15.6;40.4522563
1900-01-30 01:00:00+01:00;-16.5;40.77044863
1900-01-30 02:00:00+01:00;-15.7;41.00668832
1900-01-30 03:00:00+01:00;-18;42.46399924
1900-01-30 04:00:00+01:00;-17;43.83264672
1900-01-30 05:00:00+01:00;-20.7;49.24217956
1900-01-30 06:00:00+01:00;-19.2;59.74107714
1900-01-30 07:00:00+01:00;-16.7;68.97513075
1900-01-30 08:00:00+01:00;-22;78.56386796
1900-01-30 09:00:00+01:00;-16.2;75.61992846
1900-01-30 10:00:00+01:00;-14;74.66748987
1900-01-30 11:00:00+01:00;-12.5;72.67376873
1900-01-30 12:00:00+01:00;-11.2;71.04552664
1900-01-30 13:00:00+01:00;-11;69.84426107
1900-01-30 14:00:00+01:00;-9.7;67.34091312
1900-01-30 15:00:00+01:00;-10.2;65.52516038
1900-01-30 16:00:00+01:00;-12;61.4491753
1900-01-30 17:00:00+01:00;-12.8;57.65955359
1900-01-30 18:00:00+01:00;-13.6;54.8375934
1900-01-30 19:00:00+01:00;-13.7;52.06945694
1900-01-30 20:00:00+01:00;-14.3;49.2237512
1900-01-30 21:00:00+01:00;-15.2;46.59815571
1900-01-30 22:00:00+01:00;-16;44.72112687
1900-01-30 23:00:00+01:00;-17.5;44.18269192
1900-01-31 00:00:00+01:00;-19.5;43.21105407
1900-01-31 01:00:00+01:00;-17.2;42.42823953
1900-01-31 02:00:00+01:00;-18.7;43.29100547
1900-01-31 03:00:00+01:00;-17.9;43.65686047
1900-01-31 04:00:00+01:00;-20.2;46.00926494
1900-01-31 05:00:00+01:00;-18.5;49.26923559
1900-01-31 06:00:00+01:00;-17.7;59.73159101
1900-01-31 07:00:00+01:00;-15.2;68.80169972
1900-01-31 08:00:00+01:00;-14.8;73.76306601
1900-01-31 09:00:00+01:00;-14.2;74.24139503
1900-01-31 10:00:00+01:00;-13;73.86749715
1900-01-31 11:00:00+01:00;-12.2;72.31568254
1900-01-31 12:00:00+01:00;-11.8;71.36634919
1900-01-31 13:00:00+01:00;-11.7;70.21931569
1900-01-31 14:00:00+01:00;-10.7;67.99877941
1900-01-31 15:00:00+01:00;-10.7;65.82604559
1900-01-31 16:00:00+01:00;-10.3;60.32038232
1900-01-31 17:00:00+01:00;-10.3;56.10834037
1900-01-31 18:00:00+01:00;-10.6;53.06024999
1900-01-31 19:00:00+01:00;-10.1;50.01302033
1900-01-31 20:00:00+01:00;-10;46.93096875
1900-01-31 21:00:00+01:00;-9.7;43.91343747
1900-01-31 22:00:00+01:00;-9.6;41.60942914
1900-01-31 23:00:00+01:00;-9.5;40.4333493
1900-02-01 00:00:00+01:00;-5.2;37.40202148
1900-02-01 01:00:00+01:00;-3.6;36.54581798
1900-02-01 02:00:00+01:00;-2.4;36.0955554
1900-02-01 03:00:00+01:00;3.4;34.20535315
1900-02-01 04:00:00+01:00;3.6;34.63844413
1900-02-01 05:00:00+01:00;4;35.73290637
1900-02-01 06:00:00+01:00;4.6;42.0971273
1900-02-01 07:00:00+01:00;5.4;48.94060835
1900-02-01 08:00:00+01:00;5;52.1468108
1900-02-01 09:00:00+01:00;5.5;52.16715564
1900-02-01 10:00:00+01:00;6.1;51.3055546
1900-02-01 11:00:00+01:00;6.4;49.53139032
1900-02-01 12:00:00+01:00;6.9;47.84051744
1900-02-01 13:00:00+01:00;7.6;45.82348398
1900-02-01 14:00:00+01:00;10.2;41.92717306
1900-02-01 15:00:00+01:00;8.9;40.89229782
1900-02-01 16:00:00+01:00;8.1;38.25190421
1900-02-01 17:00:00+01:00;5.2;36.60828146
1900-02-01 18:00:00+01:00;3.7;34.85027424
1900-02-01 19:00:00+01:00;4.4;32.34439619
1900-02-01 20:00:00+01:00;4.3;29.92470759
1900-02-01 21:00:00+01:00;3.8;27.72913711
1900-02-01 22:00:00+01:00;-1.5;27.84154236
1900-02-01 23:00:00+01:00;-2.4;26.91386025
1900-02-02 00:00:00+01:00;-2;25.47502578
1900-02-02 01:00:00+01:00;-2.6;25.47166349
1900-02-02 02:00:00+01:00;-3;25.76515695
1900-02-02 03:00:00+01:00;-2.9;26.25716783
1900-02-02 04:00:00+01:00;-3.9;27.79397898
1900-02-02 05:00:00+01:00;-4;30.50140886
1900-02-02 06:00:00+01:00;-3.6;37.52940163
1900-02-02 07:00:00+01:00;-4.6;45.81098067
1900-02-02 08:00:00+01:00;-6;52.1712017
1900-02-02 09:00:00+01:00;-4.6;52.520561
1900-02-02 10:00:00+01:00;-3.3;52.58555962
1900-02-02 11:00:00+01:00;-1.2;50.96181533
1900-02-02 12:00:00+01:00;-0.7;50.50306235
1900-02-02 13:00:00+01:00;-1.2;50.41165195
1900-02-02 14:00:00+01:00;-1.2;49.78254114
1900-02-02 15:00:00+01:00;-1.7;48.75682675
1900-02-02 16:00:00+01:00;-3;45.9492482
1900-02-02 17:00:00+01:00;-3;42.84225421
1900-02-02 18:00:00+01:00;-2.5;40.2827748
1900-02-02 19:00:00+01:00;-2.1;38.22007037
1900-02-02 20:00:00+01:00;-1.7;35.77728281
1900-02-02 21:00:00+01:00;-1.7;33.5887568
1900-02-02 22:00:00+01:00;-2;31.87891344
1900-02-02 23:00:00+01:00;-2.8;31.23679684
1900-02-03 00:00:00+01:00;-3.1;28.87194764
1900-02-03 01:00:00+01:00;-3;28.21805843
1900-02-03 02:00:00+01:00;-2.6;28.15106244
1900-02-03 03:00:00+01:00;-2.6;27.88590155
1900-02-03 04:00:00+01:00;-3.5;28.6101095
1900-02-03 05:00:00+01:00;-4.3;29.72755908
1900-02-03 06:00:00+01:00;-5;31.95042182
1900-02-03 07:00:00+01:00;-4.8;33.70456577
1900-02-03 08:00:00+01:00;-4.8;36.1185093
1900-02-03 09:00:00+01:00;-4;37.33170417
1900-02-03 10:00:00+01:00;-3.1;37.91915811
1900-02-03 11:00:00+01:00;-2.3;37.92373152
1900-02-03 12:00:00+01:00;-1.5;37.33807899
1900-02-03 13:00:00+01:00;-1.2;36.68235707
1900-02-03 14:00:00+01:00;-1.4;36.06498896
1900-02-03 15:00:00+01:00;-1.5;35.39744979
1900-02-03 16:00:00+01:00;-1.7;34.69482058
1900-02-03 17:00:00+01:00;-1.7;34.18666098
1900-02-03 18:00:00+01:00;-2.1;33.07878387
1900-02-03 19:00:00+01:00;-2.5;32.03516452
1900-02-03 20:00:00+01:00;-2.3;30.89334222
1900-02-03 21:00:00+01:00;-2.4;30.2055946
1900-02-03 22:00:00+01:00;-3.1;29.77106779
1900-02-03 23:00:00+01:00;-5.1;30.17940652
1900-02-04 00:00:00+01:00;-6.1;30.01315137
1900-02-04 01:00:00+01:00;-6.8;29.77745173
1900-02-04 02:00:00+01:00;-6.3;29.6686543
1900-02-04 03:00:00+01:00;-4.1;28.71632459
1900-02-04 04:00:00+01:00;-4.1;29.09043856
1900-02-04 05:00:00+01:00;-4;29.71601075
1900-02-04 06:00:00+01:00;-3.5;30.91381457
1900-02-04 07:00:00+01:00;-3.3;31.89412248
1900-02-04 08:00:00+01:00;-2;32.47204899
1900-02-04 09:00:00+01:00;-2.8;32.7876919
1900-02-04 10:00:00+01:00;-2;32.45953718
1900-02-04 11:00:00+01:00;-1.5;32.53405415
1900-02-04 12:00:00+01:00;-1.4;32.31260789
1900-02-04 13:00:00+01:00;-1.5;32.09307101
1900-02-04 14:00:00+01:00;-1;31.58304169
1900-02-04 15:00:00+01:00;-1;31.42359419
1900-02-04 16:00:00+01:00;-0.7;31.04044571
1900-02-04 17:00:00+01:00;1.1;29.75438694
1900-02-04 18:00:00+01:00;0.6;29.37531259
1900-02-04 19:00:00+01:00;0.4;28.92148597
1900-02-04 20:00:00+01:00;-0.6;29.01219118
1900-02-04 21:00:00+01:00;0;28.48746343
1900-02-04 22:00:00+01:00;0;27.8352173
1900-02-04 23:00:00+01:00;0.5;27.55851308
1900-02-05 00:00:00+01:00;0.9;28.34462067
1900-02-05 01:00:00+01:00;1.5;27.87531769
1900-02-05 02:00:00+01:00;0.9;28.08539813
1900-02-05 03:00:00+01:00;1.2;28.18797094
1900-02-05 04:00:00+01:00;1.5;28.97058998
1900-02-05 05:00:00+01:00;1.7;30.73352816
1900-02-05 06:00:00+01:00;1.9;37.1436079
1900-02-05 07:00:00+01:00;1.7;44.37719893
1900-02-05 08:00:00+01:00;2;48.29682621
1900-02-05 09:00:00+01:00;2;49.12573754
1900-02-05 10:00:00+01:00;2.4;49.13583073
1900-02-05 11:00:00+01:00;1.6;49.03661671
1900-02-05 12:00:00+01:00;2;48.20821424
1900-02-05 13:00:00+01:00;2.1;47.26218882
1900-02-05 14:00:00+01:00;1.6;46.54315254
1900-02-05 15:00:00+01:00;1.4;45.00190411
1900-02-05 16:00:00+01:00;1.3;41.50019514
1900-02-05 17:00:00+01:00;1.3;38.43684244
1900-02-05 18:00:00+01:00;1.2;36.22715715
1900-02-05 19:00:00+01:00;1.4;34.26381996
1900-02-05 20:00:00+01:00;1.3;32.02900144
1900-02-05 21:00:00+01:00;1;29.9392382
1900-02-05 22:00:00+01:00;1.1;28.1305799
1900-02-05 23:00:00+01:00;0.8;27.30520123
1900-02-06 00:00:00+01:00;0.6;26.30746395
1900-02-06 01:00:00+01:00;0.4;26.2947013
1900-02-06 02:00:00+01:00;0.4;26.5094509
1900-02-06 03:00:00+01:00;0.2;26.92698169
1900-02-06 04:00:00+01:00;0.5;27.87291471
1900-02-06 05:00:00+01:00;0.5;29.98447721
1900-02-06 06:00:00+01:00;0.8;36.49947297
1900-02-06 07:00:00+01:00;1;43.61078544
1900-02-06 08:00:00+01:00;0.7;48.25155338
1900-02-06 09:00:00+01:00;0.1;49.71583366
1900-02-06 10:00:00+01:00;0.4;50.0894889
1900-02-06 11:00:00+01:00;1.5;48.82165838
1900-02-06 12:00:00+01:00;1.8;48.20514295
1900-02-06 13:00:00+01:00;0.9;48.15923058
1900-02-06 14:00:00+01:00;1.9;46.40613333
1900-02-06 15:00:00+01:00;3;43.96146633
1900-02-06 16:00:00+01:00;3.4;40.36663225
1900-02-06 17:00:00+01:00;2.5;37.85987701
1900-02-06 18:00:00+01:00;2.1;35.83495781
1900-02-06 19:00:00+01:00;2.9;33.58452238
1900-02-06 20:00:00+01:00;3.2;31.23997467
1900-02-06 21:00:00+01:00;3.6;28.92183134
1900-02-06 22:00:00+01:00;2.8;27.47682316
1900-02-06 23:00:00+01:00;2;26.85400842
1900-02-07 00:00:00+01:00;2.4;25.67027665
1900-02-07 01:00:00+01:00;2.7;25.43417975
1900-02-07 02:00:00+01:00;2.5;25.6374306
1900-02-07 03:00:00+01:00;2.7;25.81579395
1900-02-07 04:00:00+01:00;1;27.29736283
1900-02-07 05:00:00+01:00;2.3;28.75770173
1900-02-07 06:00:00+01:00;1.9;35.25434153
1900-02-07 07:00:00+01:00;2.2;42.05174423
1900-02-07 08:00:00+01:00;1;47.15228646
1900-02-07 09:00:00+01:00;0.4;48.52435753
1900-02-07 10:00:00+01:00;0.3;49.1143302
1900-02-07 11:00:00+01:00;0.1;48.87543727
1900-02-07 12:00:00+01:00;-0.3;48.90418559
1900-02-07 13:00:00+01:00;-0.5;48.3794613
1900-02-07 14:00:00+01:00;-0.3;47.38341706
1900-02-07 15:00:00+01:00;-0.5;45.97378561
1900-02-07 16:00:00+01:00;-0.3;42.22996411
1900-02-07 17:00:00+01:00;-0.5;39.30081197
1900-02-07 18:00:00+01:00;-0.6;37.12242565
1900-02-07 19:00:00+01:00;-0.6;35.33770921
1900-02-07 20:00:00+01:00;-0.8;33.21141127
1900-02-07 21:00:00+01:00;-1;31.13024197
1900-02-07 22:00:00+01:00;-1;29.44643723
1900-02-07 23:00:00+01:00;-1.2;28.63096878
1900-02-08 00:00:00+01:00;-0.8;27.45479749
1900-02-08 01:00:00+01:00;-1;27.51094789
1900-02-08 02:00:00+01:00;-0.7;27.72494047
1900-02-08 03:00:00+01:00;-0.8;28.20160003
1900-02-08 04:00:00+01:00;-1;29.37063536
1900-02-08 05:00:00+01:00;-0.7;31.55788516
1900-02-08 06:00:00+01:00;-0.7;38.61158524
1900-02-08 07:00:00+01:00;-0.5;46.11289747
1900-02-08 08:00:00+01:00;-0.3;50.51118592
1900-02-08 09:00:00+01:00;-0.3;51.53195606
1900-02-08 10:00:00+01:00;-0.1;51.89113585
1900-02-08 11:00:00+01:00;0;51.26745385
1900-02-08 12:00:00+01:00;0;50.82821504
1900-02-08 13:00:00+01:00;0.7;49.49393293
1900-02-08 14:00:00+01:00;0.7;48.40556219
1900-02-08 15:00:00+01:00;0.8;46.63594069
1900-02-08 16:00:00+01:00;0.6;43.13463059
1900-02-08 17:00:00+01:00;0.6;39.95803054
1900-02-08 18:00:00+01:00;0.7;37.55721855
1900-02-08 19:00:00+01:00;0.4;35.76410176
1900-02-08 20:00:00+01:00;0.1;33.58047898
1900-02-08 21:00:00+01:00;0.5;31.14213755
1900-02-08 22:00:00+01:00;0.6;29.2928619
1900-02-08 23:00:00+01:00;0.2;28.49123541
1900-02-09 00:00:00+01:00;0.1;27.42177392
1900-02-09 01:00:00+01:00;0.2;27.2680667
1900-02-09 02:00:00+01:00;0.2;27.45951049
1900-02-09 03:00:00+01:00;0.2;27.77124301
1900-02-09 04:00:00+01:00;0.3;28.73488008
1900-02-09 05:00:00+01:00;0;30.93709979
1900-02-09 06:00:00+01:00;0.1;37.67944335
1900-02-09 07:00:00+01:00;0;45.0930964
1900-02-09 08:00:00+01:00;-0.1;49.61128114
1900-02-09 09:00:00+01:00;0;50.51987011
1900-02-09 10:00:00+01:00;0;51.00762556
1900-02-09 11:00:00+01:00;0.9;49.82025304
1900-02-09 12:00:00+01:00;1.7;48.76119519
1900-02-09 13:00:00+01:00;2.2;47.58371923
1900-02-09 14:00:00+01:00;3.3;45.6343843
1900-02-09 15:00:00+01:00;3.1;44.14599576
1900-02-09 16:00:00+01:00;2.6;41.09613127
1900-02-09 17:00:00+01:00;1.8;38.48501846
1900-02-09 18:00:00+01:00;0;37.17745964
1900-02-09 19:00:00+01:00;-0.1;35.35367629
1900-02-09 20:00:00+01:00;0.2;32.91746407
1900-02-09 21:00:00+01:00;0.1;30.73277377
1900-02-09 22:00:00+01:00;-0.1;29.06088383
1900-02-09 23:00:00+01:00;0;28.08931923
1900-02-10 00:00:00+01:00;0;25.68432378
1900-02-10 01:00:00+01:00;-0.3;25.19919416
1900-02-10 02:00:00+01:00;-1.5;25.7133754
1900-02-10 03:00:00+01:00;-2.8;26.09575815
1900-02-10 04:00:00+01:00;-3.4;26.7084504
1900-02-10 05:00:00+01:00;-5.8;28.61357358
1900-02-10 06:00:00+01:00;-6.3;30.83752132
1900-02-10 07:00:00+01:00;-7.6;33.47587878
1900-02-10 08:00:00+01:00;-8.1;36.25697309
1900-02-10 09:00:00+01:00;-7.1;37.8396895
1900-02-10 10:00:00+01:00;-6.1;38.67685422
1900-02-10 11:00:00+01:00;-3.5;37.87758582
1900-02-10 12:00:00+01:00;-2.6;37.3405001
1900-02-10 13:00:00+01:00;-1.4;36.2329329
1900-02-10 14:00:00+01:00;-0.7;35.23301178
1900-02-10 15:00:00+01:00;-2.4;35.72126357
1900-02-10 16:00:00+01:00;-3.8;35.90123994
1900-02-10 17:00:00+01:00;-4.3;35.79401697
1900-02-10 18:00:00+01:00;-7;36.02186724
1900-02-10 19:00:00+01:00;-7.3;34.90538814
1900-02-10 20:00:00+01:00;-9.5;34.73741473
1900-02-10 21:00:00+01:00;-11.1;34.65659102
1900-02-10 22:00:00+01:00;-11.7;34.20099896
1900-02-10 23:00:00+01:00;-10.8;33.62298713
1900-02-11 00:00:00+01:00;-9.7;32.88119934
1900-02-11 01:00:00+01:00;-7.6;31.74967838
1900-02-11 02:00:00+01:00;-6.8;31.58844241
1900-02-11 03:00:00+01:00;-7.3;31.61509807
1900-02-11 04:00:00+01:00;-7.8;32.2921653
1900-02-11 05:00:00+01:00;-8.2;33.27365723
1900-02-11 06:00:00+01:00;-8.3;34.92843594
1900-02-11 07:00:00+01:00;-9;36.36195807
1900-02-11 08:00:00+01:00;-9.2;37.96691355
1900-02-11 09:00:00+01:00;-8.8;37.83218337
1900-02-11 10:00:00+01:00;-7.5;37.41551936
1900-02-11 11:00:00+01:00;-7.1;37.79851478
1900-02-11 12:00:00+01:00;-6;37.09515238
1900-02-11 13:00:00+01:00;-5.6;36.57549516
1900-02-11 14:00:00+01:00;-5.8;36.53014605
1900-02-11 15:00:00+01:00;-5.6;36.33785436
1900-02-11 16:00:00+01:00;-5.6;36.1981833
1900-02-11 17:00:00+01:00;-5.8;36.05274151
1900-02-11 18:00:00+01:00;-5.8;35.34893288
1900-02-11 19:00:00+01:00;-6.3;34.99279597
1900-02-11 20:00:00+01:00;-6.3;34.51766685
1900-02-11 21:00:00+01:00;-6.6;34.1663658
1900-02-11 22:00:00+01:00;-6.6;33.24647032
1900-02-11 23:00:00+01:00;-6.6;33.06552477
1900-02-12 00:00:00+01:00;-7.8;34.34727963
1900-02-12 01:00:00+01:00;-8.2;34.38144227
1900-02-12 02:00:00+01:00;-8.6;34.82255967
1900-02-12 03:00:00+01:00;-8.2;35.19304165
1900-02-12 04:00:00+01:00;-8.7;36.64607896
1900-02-12 05:00:00+01:00;-8.7;39.60051751
1900-02-12 06:00:00+01:00;-9;48.53850308
1900-02-12 07:00:00+01:00;-9.2;57.61497878
1900-02-12 08:00:00+01:00;-9.1;62.69627743
1900-02-12 09:00:00+01:00;-9.1;63.65777154
1900-02-12 10:00:00+01:00;-8.2;63.59561951
1900-02-12 11:00:00+01:00;-7.3;62.25715975
1900-02-12 12:00:00+01:00;-6.1;60.87013344
1900-02-12 13:00:00+01:00;-5.8;59.72903866
1900-02-12 14:00:00+01:00;-5.5;58.24210387
1900-02-12 15:00:00+01:00;-5.1;56.00426681
1900-02-12 16:00:00+01:00;-5.3;51.69386194
1900-02-12 17:00:00+01:00;-5.3;48.02886274
1900-02-12 18:00:00+01:00;-5;45.13357913
1900-02-12 19:00:00+01:00;-4.6;42.59466316
1900-02-12 20:00:00+01:00;-4.5;39.90938675
1900-02-12 21:00:00+01:00;-4.1;37.20971825
1900-02-12 22:00:00+01:00;-4.1;35.21940901
1900-02-12 23:00:00+01:00;-4.5;34.39591641
1900-02-13 00:00:00+01:00;-4.1;32.96968471
1900-02-13 01:00:00+01:00;-3.9;32.72592817
1900-02-13 02:00:00+01:00;-3.6;32.7804205
1900-02-13 03:00:00+01:00;-3.4;32.99913579
1900-02-13 04:00:00+01:00;-2.5;33.72859428
1900-02-13 05:00:00+01:00;1.4;34.28466088
1900-02-13 06:00:00+01:00;3.3;40.2071349
1900-02-13 07:00:00+01:00;3.8;47.21382732
1900-02-13 08:00:00+01:00;4.1;50.44051685
1900-02-13 09:00:00+01:00;4.3;50.86889199
1900-02-13 10:00:00+01:00;4.8;50.37329082
1900-02-13 11:00:00+01:00;5.9;48.3515955
1900-02-13 12:00:00+01:00;4.9;48.09815207
1900-02-13 13:00:00+01:00;4.7;47.07642255
1900-02-13 14:00:00+01:00;4;46.13615287
1900-02-13 15:00:00+01:00;1.5;46.17840223
1900-02-13 16:00:00+01:00;0.3;43.2131394
1900-02-13 17:00:00+01:00;-1.2;40.75102608
1900-02-13 18:00:00+01:00;-2;38.69685995
1900-02-13 19:00:00+01:00;-3;37.17915474
1900-02-13 20:00:00+01:00;-3;34.70116563
1900-02-13 21:00:00+01:00;-3.9;32.66384569
1900-02-13 22:00:00+01:00;-4.8;31.18738024
1900-02-13 23:00:00+01:00;-7.8;31.2295909
1900-02-14 00:00:00+01:00;-10.3;30.72645033
1900-02-14 01:00:00+01:00;-9.7;30.5214081
1900-02-14 02:00:00+01:00;-12.7;31.83557552
1900-02-14 03:00:00+01:00;-15.6;33.50468627
1900-02-14 04:00:00+01:00;-17.2;35.69370015
1900-02-14 05:00:00+01:00;-14.5;38.709214
1900-02-14 06:00:00+01:00;-12;46.85059716
1900-02-14 07:00:00+01:00;-12;56.12566273
1900-02-14 08:00:00+01:00;-15.7;64.94771918
1900-02-14 09:00:00+01:00;-11.6;63.65918253
1900-02-14 10:00:00+01:00;-8.3;62.49807932
1900-02-14 11:00:00+01:00;-5.5;60.27882015
1900-02-14 12:00:00+01:00;-1.4;56.9766605
1900-02-14 13:00:00+01:00;-1;55.95187037
1900-02-14 14:00:00+01:00;-0.6;54.46596552
1900-02-14 15:00:00+01:00;-0.3;52.53247873
1900-02-14 16:00:00+01:00;-0.6;48.93951349
1900-02-14 17:00:00+01:00;-0.7;45.55741681
1900-02-14 18:00:00+01:00;-0.3;42.75597622
1900-02-14 19:00:00+01:00;-0.3;40.48705557
1900-02-14 20:00:00+01:00;0.4;37.68788795
1900-02-14 21:00:00+01:00;0.3;35.36816041
1900-02-14 22:00:00+01:00;-2.1;34.34720765
1900-02-14 23:00:00+01:00;-0.5;32.75536843
1900-02-15 00:00:00+01:00;1.6;30.76470282
1900-02-15 01:00:00+01:00;1.2;30.56226784
1900-02-15 02:00:00+01:00;-1.2;31.21758533
1900-02-15 03:00:00+01:00;0.6;30.60851063
1900-02-15 04:00:00+01:00;1.1;31.02778051
1900-02-15 05:00:00+01:00;-1.5;33.74505376
1900-02-15 06:00:00+01:00;-3;41.59045496
1900-02-15 07:00:00+01:00;-5;50.4227706
1900-02-15 08:00:00+01:00;-6.1;55.68606573
1900-02-15 09:00:00+01:00;-7.1;57.11202084
1900-02-15 10:00:00+01:00;-4.3;55.62283908
1900-02-15 11:00:00+01:00;-1.9;53.27704942
1900-02-15 12:00:00+01:00;-1.5;52.57174381
1900-02-15 13:00:00+01:00;-1.5;51.79270134
1900-02-15 14:00:00+01:00;-1.4;50.68901569
1900-02-15 15:00:00+01:00;-1.9;49.36409038
1900-02-15 16:00:00+01:00;-2.3;45.70220194
1900-02-15 17:00:00+01:00;-3.4;43.05626252
1900-02-15 18:00:00+01:00;-4.3;41.12687262
1900-02-15 19:00:00+01:00;-5.6;39.81762055
1900-02-15 20:00:00+01:00;-9;38.97825281
1900-02-15 21:00:00+01:00;-14;38.64236615
1900-02-15 22:00:00+01:00;-12.1;36.15429264
1900-02-15 23:00:00+01:00;-14.8;36.23027405
1900-02-16 00:00:00+01:00;-13.2;34.46421629
1900-02-16 01:00:00+01:00;-15.2;35.32425012
1900-02-16 02:00:00+01:00;-18.5;36.9954274
1900-02-16 03:00:00+01:00;-11.8;35.89750086
1900-02-16 04:00:00+01:00;-10.1;37.00282869
1900-02-16 05:00:00+01:00;-9.7;40.14341005
1900-02-16 06:00:00+01:00;-8.7;48.72794139
1900-02-16 07:00:00+01:00;-5.1;55.62005979
1900-02-16 08:00:00+01:00;-4.6;59.95118552
1900-02-16 09:00:00+01:00;-5.8;61.71662315
1900-02-16 10:00:00+01:00;-4.1;60.9998384
1900-02-16 11:00:00+01:00;-4.3;60.42152274
1900-02-16 12:00:00+01:00;-3;58.93578286
1900-02-16 13:00:00+01:00;-2.5;57.65958272
1900-02-16 14:00:00+01:00;-2.5;56.35742811
1900-02-16 15:00:00+01:00;-2.4;54.45896936
1900-02-16 16:00:00+01:00;-3.5;51.07140137
1900-02-16 17:00:00+01:00;-5.1;48.40832616
1900-02-16 18:00:00+01:00;-7.8;47.1396356
1900-02-16 19:00:00+01:00;-9.2;45.51810142
1900-02-16 20:00:00+01:00;-10.3;43.22401828
1900-02-16 21:00:00+01:00;-15;42.34329394
1900-02-16 22:00:00+01:00;-18.2;41.5963289
1900-02-16 23:00:00+01:00;-19;40.66415727
1900-02-17 00:00:00+01:00;-16.7;37.35900673
1900-02-17 01:00:00+01:00;-13.7;35.4651188
1900-02-17 02:00:00+01:00;-14.2;35.85522602
1900-02-17 03:00:00+01:00;-13.2;35.21613297
1900-02-17 04:00:00+01:00;-12.5;35.51888449
1900-02-17 05:00:00+01:00;-11.7;36.31333685
1900-02-17 06:00:00+01:00;-13.6;39.51232556
1900-02-17 07:00:00+01:00;-15.7;42.9692101
1900-02-17 08:00:00+01:00;-15.6;46.15140182
1900-02-17 09:00:00+01:00;-10.7;45.76916658
1900-02-17 10:00:00+01:00;-9.3;46.32507922
1900-02-17 11:00:00+01:00;-3.5;43.35227867
1900-02-17 12:00:00+01:00;-2.5;42.57079402
1900-02-17 13:00:00+01:00;-0.6;40.93595881
1900-02-17 14:00:00+01:00;-0.7;39.52712368
1900-02-17 15:00:00+01:00;-1.2;38.79622749
1900-02-17 16:00:00+01:00;-1.7;38.27676751
1900-02-17 17:00:00+01:00;-3.5;38.97959658
1900-02-17 18:00:00+01:00;-4.8;38.39590007
1900-02-17 19:00:00+01:00;-7.1;38.37223404
1900-02-17 20:00:00+01:00;-7.6;37.52410496
1900-02-17 21:00:00+01:00;-8.7;36.9752312
1900-02-17 22:00:00+01:00;-9.5;36.1467338
1900-02-17 23:00:00+01:00;-12.7;36.61285122
1900-02-18 00:00:00+01:00;-13.6;36.13320212
1900-02-18 01:00:00+01:00;-13.7;35.47726781
1900-02-18 02:00:00+01:00;-13.3;35.30820625
1900-02-18 03:00:00+01:00;-14;35.54691259
1900-02-18 04:00:00+01:00;-15.2;36.39232268
1900-02-18 05:00:00+01:00;-19;39.14642067
1900-02-18 06:00:00+01:00;-22.2;42.47435972
1900-02-18 07:00:00+01:00;-21.5;43.27213032
1900-02-18 08:00:00+01:00;-22;45.69931711
1900-02-18 09:00:00+01:00;-17.4;43.85145329
1900-02-18 10:00:00+01:00;-9.6;40.37188338
1900-02-18 11:00:00+01:00;-6.3;39.22940995
1900-02-18 12:00:00+01:00;-3.5;37.43689878
1900-02-18 13:00:00+01:00;-3.6;37.21738275
1900-02-18 14:00:00+01:00;-2.5;36.28845838
1900-02-18 15:00:00+01:00;-2.9;36.27371573
1900-02-18 16:00:00+01:00;-3.8;36.75913204
1900-02-18 17:00:00+01:00;-5.1;37.20931843
1900-02-18 18:00:00+01:00;-7.3;37.75503393
1900-02-18 19:00:00+01:00;-10.3;38.71925986
1900-02-18 20:00:00+01:00;-10.5;38.42345992
1900-02-18 21:00:00+01:00;-16;40.23980095
1900-02-18 22:00:00+01:00;-15.1;39.0260808
1900-02-18 23:00:00+01:00;-11.5;37.63712476
1900-02-19 00:00:00+01:00;-11.5;38.4344068
1900-02-19 01:00:00+01:00;-10.7;38.02889103
1900-02-19 02:00:00+01:00;-14.7;39.54314297
1900-02-19 03:00:00+01:00;-18.4;41.31525426
1900-02-19 04:00:00+01:00;-17.7;42.65624814
1900-02-19 05:00:00+01:00;-20.5;47.55984888
1900-02-19 06:00:00+01:00;-22.5;59.3366036
1900-02-19 07:00:00+01:00;-20.4;68.52771476
1900-02-19 08:00:00+01:00;-21.2;75.18014196
1900-02-19 09:00:00+01:00;-13.2;70.49859539
1900-02-19 10:00:00+01:00;-10;68.84014121
1900-02-19 11:00:00+01:00;-7;65.85298552
1900-02-19 12:00:00+01:00;-3.6;62.69593261
1900-02-19 13:00:00+01:00;-1.9;60.35489527
1900-02-19 14:00:00+01:00;-1.5;58.48793616
1900-02-19 15:00:00+01:00;-2;56.96823622
1900-02-19 16:00:00+01:00;-3;53.47637533
1900-02-19 17:00:00+01:00;-4.8;50.77109321
1900-02-19 18:00:00+01:00;-6.5;48.78831101
1900-02-19 19:00:00+01:00;-6.8;46.34394601
1900-02-19 20:00:00+01:00;-9.5;44.76194321
1900-02-19 21:00:00+01:00;-10;42.07795258
1900-02-19 22:00:00+01:00;-11.2;40.36271533
1900-02-19 23:00:00+01:00;-14.7;40.60953553
1900-02-20 00:00:00+01:00;-15.3;39.28994536
1900-02-20 01:00:00+01:00;-16.5;39.66857244
1900-02-20 02:00:00+01:00;-16.4;39.9891876
1900-02-20 03:00:00+01:00;-19.4;41.47172048
1900-02-20 04:00:00+01:00;-19.7;43.11828208
1900-02-20 05:00:00+01:00;-20.2;47.22668704
1900-02-20 06:00:00+01:00;-16.2;55.60976733
1900-02-20 07:00:00+01:00;-13.8;63.90975551
1900-02-20 08:00:00+01:00;-11.2;67.24912955
1900-02-20 09:00:00+01:00;-10.7;67.77513334
1900-02-20 10:00:00+01:00;-8;66.34141664
1900-02-20 11:00:00+01:00;-5.3;63.49675165
1900-02-20 12:00:00+01:00;-4.3;62.12759517
1900-02-20 13:00:00+01:00;-3.4;60.51347231
1900-02-20 14:00:00+01:00;-2;58.02608888
1900-02-20 15:00:00+01:00;-2.3;56.3958725
1900-02-20 16:00:00+01:00;-2.3;52.2868932
1900-02-20 17:00:00+01:00;-3;49.00811978
1900-02-20 18:00:00+01:00;-5.6;47.57453779
1900-02-20 19:00:00+01:00;-7.3;45.97645478
1900-02-20 20:00:00+01:00;-8.7;43.81807929
1900-02-20 21:00:00+01:00;-10.2;41.72907615
1900-02-20 22:00:00+01:00;-11.3;40.08438737
1900-02-20 23:00:00+01:00;-11;38.82238774
1900-02-21 00:00:00+01:00;-12.3;37.68209006
1900-02-21 01:00:00+01:00;-14.2;38.06064361
1900-02-21 02:00:00+01:00;-14.6;38.41775575
1900-02-21 03:00:00+01:00;-18.2;39.99074468
1900-02-21 04:00:00+01:00;-16.9;40.95582704
1900-02-21 05:00:00+01:00;-16.7;44.4369234
1900-02-21 06:00:00+01:00;-17.9;55.11671391
1900-02-21 07:00:00+01:00;-16;63.95765791
1900-02-21 08:00:00+01:00;-15.5;69.54152391
1900-02-21 09:00:00+01:00;-13;68.85152463
1900-02-21 10:00:00+01:00;-9.7;67.19925769
1900-02-21 11:00:00+01:00;-7.3;64.75551071
1900-02-21 12:00:00+01:00;-5;62.48335978
1900-02-21 13:00:00+01:00;-3.8;60.61785993
1900-02-21 14:00:00+01:00;-2;57.83236356
1900-02-21 15:00:00+01:00;-1.5;55.59402212
1900-02-21 16:00:00+01:00;-1.7;51.71273184
1900-02-21 17:00:00+01:00;-2.9;48.79418691
1900-02-21 18:00:00+01:00;-4;46.59269703
1900-02-21 19:00:00+01:00;-4.8;44.52407422
1900-02-21 20:00:00+01:00;-5.3;42.01774182
1900-02-21 21:00:00+01:00;-5.3;39.36626585
1900-02-21 22:00:00+01:00;-6;37.51586303
1900-02-21 23:00:00+01:00;-8.7;37.47560898
1900-02-22 00:00:00+01:00;-9.2;36.18214683
1900-02-22 01:00:00+01:00;-10.2;36.27281538
1900-02-22 02:00:00+01:00;-12.8;37.26590934
1900-02-22 03:00:00+01:00;-13.3;37.78966305
1900-02-22 04:00:00+01:00;-14.6;39.49353406
1900-02-22 05:00:00+01:00;-17.5;44.12253071
1900-02-22 06:00:00+01:00;-15.2;52.83320749
1900-02-22 07:00:00+01:00;-15.7;62.65234781
1900-02-22 08:00:00+01:00;-16.5;69.00225602
1900-02-22 09:00:00+01:00;-9.3;64.90316429
1900-02-22 10:00:00+01:00;-6.5;63.36498364
1900-02-22 11:00:00+01:00;-2.4;59.48006273
1900-02-22 12:00:00+01:00;-1.9;58.3638205
1900-02-22 13:00:00+01:00;-0.7;56.42708334
1900-02-22 14:00:00+01:00;-1;55.24359568
1900-02-22 15:00:00+01:00;-1.2;53.58476387
1900-02-22 16:00:00+01:00;-2;50.1473853
1900-02-22 17:00:00+01:00;-4;47.75844037
1900-02-22 18:00:00+01:00;-7.1;46.72340597
1900-02-22 19:00:00+01:00;-9;45.37851181
1900-02-22 20:00:00+01:00;-10;43.13978601
1900-02-22 21:00:00+01:00;-12.2;41.44667398
1900-02-22 22:00:00+01:00;-11.1;39.09173257
1900-02-22 23:00:00+01:00;-14.3;39.258369
1900-02-23 00:00:00+01:00;-19.5;39.49728959
1900-02-23 01:00:00+01:00;-20;39.72505541
1900-02-23 02:00:00+01:00;-20.7;40.42222265
1900-02-23 03:00:00+01:00;-21.2;41.38628953
1900-02-23 04:00:00+01:00;-23;43.69154939
1900-02-23 05:00:00+01:00;-23.5;48.26071736
1900-02-23 06:00:00+01:00;-24.7;60.21634431
1900-02-23 07:00:00+01:00;-24;70.70498937
1900-02-23 08:00:00+01:00;-18.7;73.66579988
1900-02-23 09:00:00+01:00;-13;70.86771431
1900-02-23 10:00:00+01:00;-9.7;69.23385008
1900-02-23 11:00:00+01:00;-7.6;67.01089531
1900-02-23 12:00:00+01:00;-6;65.29242047
1900-02-23 13:00:00+01:00;-5.6;64.10824935
1900-02-23 14:00:00+01:00;-5.1;62.33936506
1900-02-23 15:00:00+01:00;-5;60.40075161
1900-02-23 16:00:00+01:00;-4.6;55.78202067
1900-02-23 17:00:00+01:00;-5.1;52.27640872
1900-02-23 18:00:00+01:00;-8.2;50.99191886
1900-02-23 19:00:00+01:00;-8.7;48.61728415
1900-02-23 20:00:00+01:00;-8;45.407793
1900-02-23 21:00:00+01:00;-7;42.21972108
1900-02-23 22:00:00+01:00;-6.1;39.70409941
1900-02-23 23:00:00+01:00;-5.6;38.46280936
1900-02-24 00:00:00+01:00;-7.6;36.07340621
1900-02-24 01:00:00+01:00;-8.6;35.46927464
1900-02-24 02:00:00+01:00;-8.7;35.36168205
1900-02-24 03:00:00+01:00;-9.6;34.97346095
1900-02-24 04:00:00+01:00;-9.2;35.07314162
1900-02-24 05:00:00+01:00;-9.1;35.60544519
1900-02-24 06:00:00+01:00;-6.3;36.17296424
1900-02-24 07:00:00+01:00;-5.3;37.18405865
1900-02-24 08:00:00+01:00;-5;39.40462691
1900-02-24 09:00:00+01:00;-4.6;40.45322585
1900-02-24 10:00:00+01:00;-3.3;40.59966344
1900-02-24 11:00:00+01:00;-2.3;40.20226136
1900-02-24 12:00:00+01:00;-1.7;39.57946907
1900-02-24 13:00:00+01:00;-0.8;38.45818918
1900-02-24 14:00:00+01:00;-0.7;37.24690844
1900-02-24 15:00:00+01:00;-1;36.49709184
1900-02-24 16:00:00+01:00;-1.5;35.9545825
1900-02-24 17:00:00+01:00;-2;35.76681944
1900-02-24 18:00:00+01:00;-2.1;34.41283999
1900-02-24 19:00:00+01:00;-4.3;34.25713523
1900-02-24 20:00:00+01:00;-5.6;33.69990659
1900-02-24 21:00:00+01:00;-7;33.42325429
1900-02-24 22:00:00+01:00;-8.6;33.22363077
1900-02-24 23:00:00+01:00;-10.2;33.4201664
1900-02-25 00:00:00+01:00;-10.6;33.03404417
1900-02-25 01:00:00+01:00;-11.6;32.78660949
1900-02-25 02:00:00+01:00;-10.6;32.48035686
1900-02-25 03:00:00+01:00;-11;32.65385265
1900-02-25 04:00:00+01:00;-12.2;33.4773235
1900-02-25 05:00:00+01:00;-13.5;35.0691824
1900-02-25 06:00:00+01:00;-12.6;36.45766013
1900-02-25 07:00:00+01:00;-12;37.40037826
1900-02-25 08:00:00+01:00;-9.8;38.14650844
1900-02-25 09:00:00+01:00;-8;37.41128812
1900-02-25 10:00:00+01:00;-6.8;37.07442175
1900-02-25 11:00:00+01:00;-5.5;36.94413826
1900-02-25 12:00:00+01:00;-3.5;35.68355977
1900-02-25 13:00:00+01:00;-1.7;34.42807539
1900-02-25 14:00:00+01:00;-2;34.28966919
1900-02-25 15:00:00+01:00;-2.8;34.55925181
1900-02-25 16:00:00+01:00;-3.1;34.62681757
1900-02-25 17:00:00+01:00;-3.3;34.48681266
1900-02-25 18:00:00+01:00;-3.6;34.04527593
1900-02-25 19:00:00+01:00;-4.1;33.77998547
1900-02-25 20:00:00+01:00;-4.5;33.6582938
1900-02-25 21:00:00+01:00;-4;33.10382034
1900-02-25 22:00:00+01:00;-4.6;32.47955103
1900-02-25 23:00:00+01:00;-7;33.14298863
1900-02-26 00:00:00+01:00;-6.5;33.85535879
1900-02-26 01:00:00+01:00;-5.3;33.24422825
1900-02-26 02:00:00+01:00;-5.3;33.37471865
1900-02-26 03:00:00+01:00;-5.1;33.57854979
1900-02-26 04:00:00+01:00;-5;34.55173468
1900-02-26 05:00:00+01:00;-4.5;36.70085075
1900-02-26 06:00:00+01:00;-4.1;44.24651392
1900-02-26 07:00:00+01:00;-3.9;52.15428662
1900-02-26 08:00:00+01:00;-3.5;56.33562042
1900-02-26 09:00:00+01:00;-2.5;56.44505698
1900-02-26 10:00:00+01:00;-1.4;55.93826924
1900-02-26 11:00:00+01:00;-0.3;54.27234374
1900-02-26 12:00:00+01:00;1;52.62924243
1900-02-26 13:00:00+01:00;2.8;50.30265694
1900-02-26 14:00:00+01:00;3.5;48.36422935
1900-02-26 15:00:00+01:00;0.8;48.60110262
1900-02-26 16:00:00+01:00;-0.1;45.42413623
1900-02-26 17:00:00+01:00;-1.5;42.87144953
1900-02-26 18:00:00+01:00;-2.5;40.88545184
1900-02-26 19:00:00+01:00;-3.4;39.22400489
1900-02-26 20:00:00+01:00;-3.5;36.75163438
1900-02-26 21:00:00+01:00;-4.8;34.86524426
1900-02-26 22:00:00+01:00;-5.5;33.26780625
1900-02-26 23:00:00+01:00;-4.3;31.74358726
1900-02-27 00:00:00+01:00;-6.1;31.03340293
1900-02-27 01:00:00+01:00;-7;31.21762744
1900-02-27 02:00:00+01:00;-6;31.17678423
1900-02-27 03:00:00+01:00;-6.3;31.71354008
1900-02-27 04:00:00+01:00;-4.8;32.4117905
1900-02-27 05:00:00+01:00;-5;35.0726372
1900-02-27 06:00:00+01:00;-4.6;42.67356668
1900-02-27 07:00:00+01:00;-4.6;50.79475609
1900-02-27 08:00:00+01:00;-4.3;55.44389107
1900-02-27 09:00:00+01:00;-4.3;56.480703
1900-02-27 10:00:00+01:00;-3.8;56.74305038
1900-02-27 11:00:00+01:00;-3.3;55.89797443
1900-02-27 12:00:00+01:00;-2.8;55.21117932
1900-02-27 13:00:00+01:00;-2.5;54.32843555
1900-02-27 14:00:00+01:00;-2.5;53.37850427
1900-02-27 15:00:00+01:00;-2.9;51.98421979
1900-02-27 16:00:00+01:00;-3;48.02878702
1900-02-27 17:00:00+01:00;-4;45.20633391
1900-02-27 18:00:00+01:00;-6.1;43.77900155
1900-02-27 19:00:00+01:00;-6.5;41.83845345
1900-02-27 20:00:00+01:00;-8.1;40.01387315
1900-02-27 21:00:00+01:00;-7.5;37.21176863
1900-02-27 22:00:00+01:00;-8.3;35.63378511
1900-02-27 23:00:00+01:00;-8.5;34.73282308
1900-02-28 00:00:00+01:00;-8.5;33.39971051
1900-02-28 01:00:00+01:00;-8;33.15802517
1900-02-28 02:00:00+01:00;-7.3;33.24722736
1900-02-28 03:00:00+01:00;-7.3;33.71665147
1900-02-28 04:00:00+01:00;-7.5;35.08508396
1900-02-28 05:00:00+01:00;-6.8;37.68231804
1900-02-28 06:00:00+01:00;-6.6;45.97952618
1900-02-28 07:00:00+01:00;-6.6;54.6430826
1900-02-28 08:00:00+01:00;-5.8;59.09356823
1900-02-28 09:00:00+01:00;-5.1;59.63327404
1900-02-28 10:00:00+01:00;-4.5;59.72658138
1900-02-28 11:00:00+01:00;-3.5;58.30676379
1900-02-28 12:00:00+01:00;-3;57.40719299
1900-02-28 13:00:00+01:00;-2.4;56.06410037
1900-02-28 14:00:00+01:00;-1.7;54.26227754
1900-02-28 15:00:00+01:00;-2.8;53.25772431
1900-02-28 16:00:00+01:00;-3;49.26785844
1900-02-28 17:00:00+01:00;-3.4;45.97506795
1900-02-28 18:00:00+01:00;-5.3;44.30154515
1900-02-28 19:00:00+01:00;-4.6;41.66084328
1900-02-28 20:00:00+01:00;-4.8;39.08468362
1900-02-28 21:00:00+01:00;-4.5;36.40185321
1900-02-28 22:00:00+01:00;-4.7;34.47183351
1900-02-28 23:00:00+01:00;-5.9;33.85722421
1900-03-01 00:00:00+01:00;-5.8;32.4696444
1900-03-01 01:00:00+01:00;-5.9;32.34210555
1900-03-01 02:00:00+01:00;-5.7;32.49718223
1900-03-01 03:00:00+01:00;-5.1;32.68063976
1900-03-01 04:00:00+01:00;-5;33.76640076
1900-03-01 05:00:00+01:00;-5;36.31460954
1900-03-01 06:00:00+01:00;-3.6;43.49315139
1900-03-01 07:00:00+01:00;-3.3;51.42253383
1900-03-01 08:00:00+01:00;-3.4;56.04758788
1900-03-01 09:00:00+01:00;-1.5;55.62709731
1900-03-01 10:00:00+01:00;-0.8;55.44450569
1900-03-01 11:00:00+01:00;-0.3;54.26872294
1900-03-01 12:00:00+01:00;0.1;53.3328166
1900-03-01 13:00:00+01:00;0;52.47112988
1900-03-01 14:00:00+01:00;0.6;50.75794281
1900-03-01 15:00:00+01:00;0.2;49.25881671
1900-03-01 16:00:00+01:00;0.2;45.46304566
1900-03-01 17:00:00+01:00;-0.1;42.2747188
1900-03-01 18:00:00+01:00;-0.3;39.81934707
1900-03-01 19:00:00+01:00;-1;38.02925646
1900-03-01 20:00:00+01:00;-0.8;35.45345193
1900-03-01 21:00:00+01:00;-0.8;33.06525827
1900-03-01 22:00:00+01:00;-1.7;31.50887788
1900-03-01 23:00:00+01:00;-1.5;30.39460255
1900-03-02 00:00:00+01:00;-1.9;29.2831682
1900-03-02 01:00:00+01:00;-2.5;29.27295534
1900-03-02 02:00:00+01:00;-2.6;29.4455241
1900-03-02 03:00:00+01:00;-3;29.88139629
1900-03-02 04:00:00+01:00;-3.8;31.19983061
1900-03-02 05:00:00+01:00;-4.5;33.93210391
1900-03-02 06:00:00+01:00;-4.6;41.5861201
1900-03-02 07:00:00+01:00;-5.1;49.87199933
1900-03-02 08:00:00+01:00;-4.1;54.12762093
1900-03-02 09:00:00+01:00;-3.4;54.68847707
1900-03-02 10:00:00+01:00;-2.3;54.5085552
1900-03-02 11:00:00+01:00;-1.4;53.34163829
1900-03-02 12:00:00+01:00;-0.7;52.41379968
1900-03-02 13:00:00+01:00;-0.5;51.4743569
1900-03-02 14:00:00+01:00;-0.5;50.41134271
1900-03-02 15:00:00+01:00;-0.7;48.87165201
1900-03-02 16:00:00+01:00;-0.7;45.09912107
1900-03-02 17:00:00+01:00;-2.6;42.94467162
1900-03-02 18:00:00+01:00;-2;40.20923817
1900-03-02 19:00:00+01:00;-2.8;38.60129839
1900-03-02 20:00:00+01:00;-2.4;36.0107091
1900-03-02 21:00:00+01:00;-2.5;33.72957831
1900-03-02 22:00:00+01:00;-3;32.10689775
1900-03-02 23:00:00+01:00;-3.1;31.21790066
1900-03-03 00:00:00+01:00;-3.5;28.90881426
1900-03-03 01:00:00+01:00;-3.5;28.29315496
1900-03-03 02:00:00+01:00;-3.3;28.33998497
1900-03-03 03:00:00+01:00;-3.5;28.17863599
1900-03-03 04:00:00+01:00;-3.5;28.5719767
1900-03-03 05:00:00+01:00;-3.9;29.51069581
1900-03-03 06:00:00+01:00;-4.3;31.5497615
1900-03-03 07:00:00+01:00;-4.1;33.24531218
1900-03-03 08:00:00+01:00;-5.3;36.26088923
1900-03-03 09:00:00+01:00;-4;37.28410393
1900-03-03 10:00:00+01:00;-3;37.84273051
1900-03-03 11:00:00+01:00;-2.3;37.89780968
1900-03-03 12:00:00+01:00;-2.4;37.87222142
1900-03-03 13:00:00+01:00;-2;37.16686953
1900-03-03 14:00:00+01:00;-2.3;36.68850382
1900-03-03 15:00:00+01:00;-2;35.80972179
1900-03-03 16:00:00+01:00;-1.7;34.83360827
1900-03-03 17:00:00+01:00;-2;34.52475021
1900-03-03 18:00:00+01:00;-2.6;33.54434862
1900-03-03 19:00:00+01:00;-2;31.94731836
1900-03-03 20:00:00+01:00;-1.5;30.68989278
1900-03-03 21:00:00+01:00;-1.5;29.95457888
1900-03-03 22:00:00+01:00;-1.5;29.22111364
1900-03-03 23:00:00+01:00;-1.7;28.96996425
1900-03-04 00:00:00+01:00;-2.1;28.41145235
1900-03-04 01:00:00+01:00;-2;27.88074126
1900-03-04 02:00:00+01:00;-2.5;27.97444077
1900-03-04 03:00:00+01:00;-0.3;26.73463507
1900-03-04 04:00:00+01:00;0.6;26.69760766
1900-03-04 05:00:00+01:00;0.7;27.05658714
1900-03-04 06:00:00+01:00;0.6;28.34273051
1900-03-04 07:00:00+01:00;1;29.18327482
1900-03-04 08:00:00+01:00;1.2;29.97634654
1900-03-04 09:00:00+01:00;1.1;29.85268431
1900-03-04 10:00:00+01:00;1.3;29.66981947
1900-03-04 11:00:00+01:00;1.7;29.62676638
1900-03-04 12:00:00+01:00;2;29.20102157
1900-03-04 13:00:00+01:00;2.7;28.54572746
1900-03-04 14:00:00+01:00;2.4;28.3596944
1900-03-04 15:00:00+01:00;2.7;27.93276339
1900-03-04 16:00:00+01:00;2.3;27.8675404
1900-03-04 17:00:00+01:00;1.8;27.79884476
1900-03-04 18:00:00+01:00;2;27.00720077
1900-03-04 19:00:00+01:00;1.7;26.54285623
1900-03-04 20:00:00+01:00;1.6;26.10925175
1900-03-04 21:00:00+01:00;1.7;25.77085858
1900-03-04 22:00:00+01:00;1.2;25.39028289
1900-03-04 23:00:00+01:00;1;25.30642525
1900-03-05 00:00:00+01:00;0.8;26.46915159
1900-03-05 01:00:00+01:00;1;26.23233885
1900-03-05 02:00:00+01:00;0.8;26.40236016
1900-03-05 03:00:00+01:00;0.6;26.76274501
1900-03-05 04:00:00+01:00;0.5;27.80046693
1900-03-05 05:00:00+01:00;0.8;29.75407904
1900-03-05 06:00:00+01:00;1.1;36.15895313
1900-03-05 07:00:00+01:00;0.7;43.55471279
1900-03-05 08:00:00+01:00;0.8;47.9249685
1900-03-05 09:00:00+01:00;0.9;48.85243736
1900-03-05 10:00:00+01:00;0.9;49.36250447
1900-03-05 11:00:00+01:00;0.6;49.13554926
1900-03-05 12:00:00+01:00;0.7;48.73541649
1900-03-05 13:00:00+01:00;1;47.8361317
1900-03-05 14:00:00+01:00;0.8;47.0599181
1900-03-05 15:00:00+01:00;1;45.33398605
1900-03-05 16:00:00+01:00;1.4;41.57393404
1900-03-05 17:00:00+01:00;1.3;38.58470492
1900-03-05 18:00:00+01:00;1.5;36.24898851
1900-03-05 19:00:00+01:00;1.5;34.41137978
1900-03-05 20:00:00+01:00;1.5;32.18624883
1900-03-05 21:00:00+01:00;1.4;30.06021291
1900-03-05 22:00:00+01:00;1.4;28.31295198
1900-03-05 23:00:00+01:00;1.1;27.51299237
1900-03-06 00:00:00+01:00;0.9;26.52292716
1900-03-06 01:00:00+01:00;-0.6;26.91064934
1900-03-06 02:00:00+01:00;-0.6;27.15340603
1900-03-06 03:00:00+01:00;-0.7;27.56193417
1900-03-06 04:00:00+01:00;0;28.39050836
1900-03-06 05:00:00+01:00;0.5;30.32506537
1900-03-06 06:00:00+01:00;0.4;37.09115088
1900-03-06 07:00:00+01:00;0.6;44.26580798
1900-03-06 08:00:00+01:00;0.7;48.61394545
1900-03-06 09:00:00+01:00;1;49.40162687
1900-03-06 10:00:00+01:00;0.7;50.09693117
1900-03-06 11:00:00+01:00;1;49.36174285
1900-03-06 12:00:00+01:00;0.9;49.02683542
1900-03-06 13:00:00+01:00;1;48.20400915
1900-03-06 14:00:00+01:00;0.4;47.66922953
1900-03-06 15:00:00+01:00;0.4;46.03550947
1900-03-06 16:00:00+01:00;0.1;42.62070827
1900-03-06 17:00:00+01:00;0.5;39.29366026
1900-03-06 18:00:00+01:00;0.5;37.0328526
1900-03-06 19:00:00+01:00;0.4;35.23010706
1900-03-06 20:00:00+01:00;0.4;32.97723142
1900-03-06 21:00:00+01:00;0.3;30.81947831
1900-03-06 22:00:00+01:00;-0.3;29.32384668
1900-03-06 23:00:00+01:00;-0.8;28.60472749
1900-03-07 00:00:00+01:00;-1.4;27.72493887
1900-03-07 01:00:00+01:00;-1.7;27.73437626
1900-03-07 02:00:00+01:00;-2;28.06948883
1900-03-07 03:00:00+01:00;-1.7;28.36783217
1900-03-07 04:00:00+01:00;-1.2;29.30526917
1900-03-07 05:00:00+01:00;-1.2;31.58857083
1900-03-07 06:00:00+01:00;-1.4;38.74884577
1900-03-07 07:00:00+01:00;-1;46.10170986
1900-03-07 08:00:00+01:00;-0.7;50.49517993
1900-03-07 09:00:00+01:00;-0.6;51.47550048
1900-03-07 10:00:00+01:00;-0.3;51.79948744
1900-03-07 11:00:00+01:00;0.2;50.93338203
1900-03-07 12:00:00+01:00;0.6;50.22599299
1900-03-07 13:00:00+01:00;0.3;49.69282118
1900-03-07 14:00:00+01:00;0.2;48.73131951
1900-03-07 15:00:00+01:00;0.8;46.61403601
1900-03-07 16:00:00+01:00;0.1;43.43645604
1900-03-07 17:00:00+01:00;0.5;40.05071618
1900-03-07 18:00:00+01:00;0.8;37.57207651
1900-03-07 19:00:00+01:00;0.8;35.64860936
1900-03-07 20:00:00+01:00;0.4;33.54893862
1900-03-07 21:00:00+01:00;-0.3;31.61067391
1900-03-07 22:00:00+01:00;0;29.70405777
1900-03-07 23:00:00+01:00;-0.1;28.80490079
1900-03-08 00:00:00+01:00;-0.6;27.84927212
1900-03-08 01:00:00+01:00;-1;27.85167769
1900-03-08 02:00:00+01:00;-1.2;28.10426138
1900-03-08 03:00:00+01:00;-1.5;28.54266293
1900-03-08 04:00:00+01:00;-1.4;29.57895859
1900-03-08 05:00:00+01:00;-1.5;31.88062721
1900-03-08 06:00:00+01:00;-1.2;38.77992904
1900-03-08 07:00:00+01:00;-1;46.19326484
1900-03-08 08:00:00+01:00;-0.7;50.52987704
1900-03-08 09:00:00+01:00;-0.5;51.37732541
1900-03-08 10:00:00+01:00;0.1;51.43971636
1900-03-08 11:00:00+01:00;0.1;50.89946363
1900-03-08 12:00:00+01:00;0.9;49.88493019
1900-03-08 13:00:00+01:00;0.8;49.16745903
1900-03-08 14:00:00+01:00;1.2;47.7908048
1900-03-08 15:00:00+01:00;1.3;46.06594095
1900-03-08 16:00:00+01:00;1.1;42.6288682
1900-03-08 17:00:00+01:00;1;39.5577155
1900-03-08 18:00:00+01:00;1;37.26065449
1900-03-08 19:00:00+01:00;0.3;35.71582739
1900-03-08 20:00:00+01:00;0.2;33.4707291
1900-03-08 21:00:00+01:00;0.1;31.26236096
1900-03-08 22:00:00+01:00;-0.6;29.7658237
1900-03-08 23:00:00+01:00;-1;28.98765659
1900-03-09 00:00:00+01:00;-1.5;28.03658474
1900-03-09 01:00:00+01:00;-2;28.10491337
1900-03-09 02:00:00+01:00;-2.3;28.4358243
1900-03-09 03:00:00+01:00;-2.4;28.85572313
1900-03-09 04:00:00+01:00;-2.1;29.85731139
1900-03-09 05:00:00+01:00;-2.9;32.52910477
1900-03-09 06:00:00+01:00;-2.5;39.61199438
1900-03-09 07:00:00+01:00;-2.4;47.25184185
1900-03-09 08:00:00+01:00;-2.8;52.2799735
1900-03-09 09:00:00+01:00;-2.1;52.83503273
1900-03-09 10:00:00+01:00;-1.9;53.28828923
1900-03-09 11:00:00+01:00;-1.7;52.6859009
1900-03-09 12:00:00+01:00;-1.5;52.22086295
1900-03-09 13:00:00+01:00;-1.2;51.28240775
1900-03-09 14:00:00+01:00;-0.7;49.92363009
1900-03-09 15:00:00+01:00;-1;48.50268881
1900-03-09 16:00:00+01:00;-0.3;44.30023307
1900-03-09 17:00:00+01:00;-0.3;41.12341322
1900-03-09 18:00:00+01:00;-0.7;39.00088329
1900-03-09 19:00:00+01:00;-0.3;36.84032791
1900-03-09 20:00:00+01:00;-1.4;35.02913251
1900-03-09 21:00:00+01:00;-2;33.00383177
1900-03-09 22:00:00+01:00;-4.6;32.26047308
1900-03-09 23:00:00+01:00;-6.3;31.95460848
1900-03-10 00:00:00+01:00;-7.3;30.0011163
1900-03-10 01:00:00+01:00;-8.2;29.73069565
1900-03-10 02:00:00+01:00;-9.8;30.7191503
1900-03-10 03:00:00+01:00;-9.6;30.6423557
1900-03-10 04:00:00+01:00;-10.2;31.40833872
1900-03-10 05:00:00+01:00;-12.7;33.65765856
1900-03-10 06:00:00+01:00;-13.7;36.51772852
1900-03-10 07:00:00+01:00;-13.2;38.73890854
1900-03-10 08:00:00+01:00;-9;39.60553855
1900-03-10 09:00:00+01:00;-7.6;40.83995953
1900-03-10 10:00:00+01:00;-7.3;41.98530052
1900-03-10 11:00:00+01:00;-6.8;42.3582924
1900-03-10 12:00:00+01:00;-6.1;41.94706709
1900-03-10 13:00:00+01:00;-6.1;41.42255436
1900-03-10 14:00:00+01:00;-5.6;40.48019529
1900-03-10 15:00:00+01:00;-4.6;39.14307182
1900-03-10 16:00:00+01:00;-4.3;38.17475993
1900-03-10 17:00:00+01:00;-7.1;39.52065595
1900-03-10 18:00:00+01:00;-7.8;38.6118833
1900-03-10 19:00:00+01:00;-9.5;38.34740893
1900-03-10 20:00:00+01:00;-10.3;37.61803635
1900-03-10 21:00:00+01:00;-12.6;37.85200551
1900-03-10 22:00:00+01:00;-13.5;37.40517722
1900-03-10 23:00:00+01:00;-14;37.21353982
1900-03-11 00:00:00+01:00;-15;37.05866714
1900-03-11 01:00:00+01:00;-15.2;36.58933767
1900-03-11 02:00:00+01:00;-15.7;36.90291093
1900-03-11 03:00:00+01:00;-14.2;36.42831539
1900-03-11 04:00:00+01:00;-16.2;37.68824743
1900-03-11 05:00:00+01:00;-17.7;39.44341409
1900-03-11 06:00:00+01:00;-17;40.98607086
1900-03-11 07:00:00+01:00;-14.6;41.11019343
1900-03-11 08:00:00+01:00;-12.2;41.83296364
1900-03-11 09:00:00+01:00;-11.7;41.68338342
1900-03-11 10:00:00+01:00;-8.7;40.43275499
1900-03-11 11:00:00+01:00;-7.6;40.36654046
1900-03-11 12:00:00+01:00;-6.6;39.55117586
1900-03-11 13:00:00+01:00;-4.6;38.05117293
1900-03-11 14:00:00+01:00;-5.3;38.05193674
1900-03-11 15:00:00+01:00;-5;37.6649117
1900-03-11 16:00:00+01:00;-6.6;38.4960515
1900-03-11 17:00:00+01:00;-6.8;38.30722445
1900-03-11 18:00:00+01:00;-7.5;37.98991973
1900-03-11 19:00:00+01:00;-7.8;37.55728301
1900-03-11 20:00:00+01:00;-8.2;37.39387362
1900-03-11 21:00:00+01:00;-10.7;37.9194408
1900-03-11 22:00:00+01:00;-10.8;36.95815104
1900-03-11 23:00:00+01:00;-11.2;36.89823342
1900-03-12 00:00:00+01:00;-10.2;37.34698437
1900-03-12 01:00:00+01:00;-9.7;36.96230036
1900-03-12 02:00:00+01:00;-10;37.1987998
1900-03-12 03:00:00+01:00;-10.5;37.7383931
1900-03-12 04:00:00+01:00;-11.1;39.12763058
1900-03-12 05:00:00+01:00;-11.5;42.2715697
1900-03-12 06:00:00+01:00;-12;51.72001777
1900-03-12 07:00:00+01:00;-11.7;60.83909739
1900-03-12 08:00:00+01:00;-10.7;65.44657482
1900-03-12 09:00:00+01:00;-6.3;63.23704217
1900-03-12 10:00:00+01:00;1.6;57.84841442
1900-03-12 11:00:00+01:00;-1;58.48487624
1900-03-12 12:00:00+01:00;-0.5;57.23540313
1900-03-12 13:00:00+01:00;1.8;54.38077641
1900-03-12 14:00:00+01:00;1.7;52.81948841
1900-03-12 15:00:00+01:00;3.8;49.33047478
1900-03-12 16:00:00+01:00;5.4;44.74905664
1900-03-12 17:00:00+01:00;1.2;43.68992875
1900-03-12 18:00:00+01:00;-3;43.23608426
1900-03-12 19:00:00+01:00;-6;42.43134948
1900-03-12 20:00:00+01:00;-7;40.19769084
1900-03-12 21:00:00+01:00;-8.1;37.97150359
1900-03-12 22:00:00+01:00;-8.7;36.17255749
1900-03-12 23:00:00+01:00;-9;35.13676339
1900-03-13 00:00:00+01:00;-9.2;33.75412442
1900-03-13 01:00:00+01:00;-9.7;33.77208026
1900-03-13 02:00:00+01:00;-9.2;33.85730819
1900-03-13 03:00:00+01:00;-9.1;34.24676891
1900-03-13 04:00:00+01:00;-8;35.06656406
1900-03-13 05:00:00+01:00;-7.5;37.61311878
1900-03-13 06:00:00+01:00;-7.3;45.7038323
1900-03-13 07:00:00+01:00;-6.1;53.31279073
1900-03-13 08:00:00+01:00;-4;56.54210796
1900-03-13 09:00:00+01:00;-2.5;56.37486082
1900-03-13 10:00:00+01:00;-1.7;56.40887969
1900-03-13 11:00:00+01:00;-0.6;54.90923141
1900-03-13 12:00:00+01:00;0;53.90623918
1900-03-13 13:00:00+01:00;2.2;51.41099471
1900-03-13 14:00:00+01:00;5.2;47.77621944
1900-03-13 15:00:00+01:00;4;47.08349004
1900-03-13 16:00:00+01:00;4.4;43.66559283
1900-03-13 17:00:00+01:00;2.5;41.58009709
1900-03-13 18:00:00+01:00;0.6;40.09236673
1900-03-13 19:00:00+01:00;-2;39.18874768
1900-03-13 20:00:00+01:00;-4.8;37.92019246
1900-03-13 21:00:00+01:00;-3.8;34.93434808
1900-03-13 22:00:00+01:00;-7;34.2187158
1900-03-13 23:00:00+01:00;-7.8;33.38991076
1900-03-14 00:00:00+01:00;-8.5;32.1951732
1900-03-14 01:00:00+01:00;-6.6;31.41419695
1900-03-14 02:00:00+01:00;-5.8;31.32324125
1900-03-14 03:00:00+01:00;-4.6;31.25271798
1900-03-14 04:00:00+01:00;-5.1;32.47312634
1900-03-14 05:00:00+01:00;-4.5;34.73953273
1900-03-14 06:00:00+01:00;-5.3;42.79017948
1900-03-14 07:00:00+01:00;-3.6;49.80206523
1900-03-14 08:00:00+01:00;-3.3;54.30613185
1900-03-14 09:00:00+01:00;-2.3;54.60299688
1900-03-14 10:00:00+01:00;-2.5;55.25827959
1900-03-14 11:00:00+01:00;-1.2;53.76069256
1900-03-14 12:00:00+01:00;-1;53.17869877
1900-03-14 13:00:00+01:00;1.2;50.77420779
1900-03-14 14:00:00+01:00;0.3;50.44399487
1900-03-14 15:00:00+01:00;0;49.09002913
1900-03-14 16:00:00+01:00;0;45.50714499
1900-03-14 17:00:00+01:00;0;42.3210239
1900-03-14 18:00:00+01:00;0.1;39.87025047
1900-03-14 19:00:00+01:00;0;37.82773565
1900-03-14 20:00:00+01:00;-0.1;35.40444732
1900-03-14 21:00:00+01:00;-0.3;33.1312708
1900-03-14 22:00:00+01:00;-1.5;31.62617703
1900-03-14 23:00:00+01:00;-0.7;30.24634224
1900-03-15 00:00:00+01:00;-1.7;29.27432584
1900-03-15 01:00:00+01:00;-2.1;29.17825584
1900-03-15 02:00:00+01:00;-3.5;29.75011539
1900-03-15 03:00:00+01:00;-3.6;30.13622216
1900-03-15 04:00:00+01:00;-4.5;31.51295835
1900-03-15 05:00:00+01:00;-5.1;34.2989449
1900-03-15 06:00:00+01:00;-5;41.89905379
1900-03-15 07:00:00+01:00;-5.3;50.10795562
1900-03-15 08:00:00+01:00;-3.8;54.03071505
1900-03-15 09:00:00+01:00;-2.3;53.9868306
1900-03-15 10:00:00+01:00;-1.5;53.89609686
1900-03-15 11:00:00+01:00;0.7;51.68230183
1900-03-15 12:00:00+01:00;2.8;49.5336971
1900-03-15 13:00:00+01:00;3.3;48.28890987
1900-03-15 14:00:00+01:00;3.9;46.57351102
1900-03-15 15:00:00+01:00;3.5;45.19077888
1900-03-15 16:00:00+01:00;3;42.14503556
1900-03-15 17:00:00+01:00;1.5;39.86908674
1900-03-15 18:00:00+01:00;-1;38.8681821
1900-03-15 19:00:00+01:00;-2.8;37.83921549
1900-03-15 20:00:00+01:00;-4.1;36.07175921
1900-03-15 21:00:00+01:00;-6.1;34.56776916
1900-03-15 22:00:00+01:00;-6.5;32.95879895
1900-03-15 23:00:00+01:00;-8;32.57561826
1900-03-16 00:00:00+01:00;-8;31.33530482
1900-03-16 01:00:00+01:00;-4.8;30.32857217
1900-03-16 02:00:00+01:00;-4.8;30.59536904
1900-03-16 03:00:00+01:00;-3.1;30.47588429
1900-03-16 04:00:00+01:00;-3;31.52215148
1900-03-16 05:00:00+01:00;-2.4;33.61413893
1900-03-16 06:00:00+01:00;-2.8;41.15008197
1900-03-16 07:00:00+01:00;-2.5;48.74314469
1900-03-16 08:00:00+01:00;-1.4;52.53839431
1900-03-16 09:00:00+01:00;0.1;52.43398494
1900-03-16 10:00:00+01:00;1;52.16956121
1900-03-16 11:00:00+01:00;1.8;50.92571517
1900-03-16 12:00:00+01:00;2.2;50.14981542
1900-03-16 13:00:00+01:00;2.3;49.29913392
1900-03-16 14:00:00+01:00;2.1;48.36107709
1900-03-16 15:00:00+01:00;2.2;46.70344474
1900-03-16 16:00:00+01:00;3;42.80628564
1900-03-16 17:00:00+01:00;1.9;40.31750236
1900-03-16 18:00:00+01:00;1.4;38.19567373
1900-03-16 19:00:00+01:00;1;36.33550402
1900-03-16 20:00:00+01:00;1.1;33.87404655
1900-03-16 21:00:00+01:00;0.3;31.82097489
1900-03-16 22:00:00+01:00;0.5;29.78019662
1900-03-16 23:00:00+01:00;-0.1;28.88737606
1900-03-17 00:00:00+01:00;0.4;26.05452064
1900-03-17 01:00:00+01:00;0;25.48272948
1900-03-17 02:00:00+01:00;-1.2;25.84938246
1900-03-17 03:00:00+01:00;-4.6;26.95297323
1900-03-17 04:00:00+01:00;-5.6;27.67166535
1900-03-17 05:00:00+01:00;-5.8;28.72885609
1900-03-17 06:00:00+01:00;-6;30.74895268
1900-03-17 07:00:00+01:00;-2.1;30.81123968
1900-03-17 08:00:00+01:00;-0.5;32.33513612
1900-03-17 09:00:00+01:00;2;32.48981683
1900-03-17 10:00:00+01:00;2.6;33.04743921
1900-03-17 11:00:00+01:00;5.5;31.54102793
1900-03-17 12:00:00+01:00;4.3;32.02886142
1900-03-17 13:00:00+01:00;4.4;31.63680934
1900-03-17 14:00:00+01:00;6.3;29.56321984
1900-03-17 15:00:00+01:00;6.6;28.51460636
1900-03-17 16:00:00+01:00;7.6;27.16794962
1900-03-17 17:00:00+01:00;4.5;28.63264042
1900-03-17 18:00:00+01:00;2.1;28.80521206
1900-03-17 19:00:00+01:00;1.6;27.85059258
1900-03-17 20:00:00+01:00;0;27.60615441
1900-03-17 21:00:00+01:00;-1.9;27.69741606
1900-03-17 22:00:00+01:00;-1.7;26.96068421
1900-03-17 23:00:00+01:00;-3.1;27.18033546
1900-03-18 00:00:00+01:00;-4;27.14037015
1900-03-18 01:00:00+01:00;-4.6;26.89777185
1900-03-18 02:00:00+01:00;-6.3;27.54829247
1900-03-18 03:00:00+01:00;-5.5;27.34444613
1900-03-18 04:00:00+01:00;-6.3;27.90776444
1900-03-18 05:00:00+01:00;-6.1;28.66163835
1900-03-18 06:00:00+01:00;-6.3;30.16615023
1900-03-18 07:00:00+01:00;-4.8;30.57182555
1900-03-18 08:00:00+01:00;-2.4;30.84374128
1900-03-18 09:00:00+01:00;-0.8;30.19408068
1900-03-18 10:00:00+01:00;0;29.9493682
1900-03-18 11:00:00+01:00;1.1;29.78936233
1900-03-18 12:00:00+01:00;1.3;29.60292973
1900-03-18 13:00:00+01:00;1.5;29.36007904
1900-03-18 14:00:00+01:00;2.3;28.78093228
1900-03-18 15:00:00+01:00;3.7;27.88295532
1900-03-18 16:00:00+01:00;3.4;27.99061227
1900-03-18 17:00:00+01:00;2;28.54288037
1900-03-18 18:00:00+01:00;1.8;28.08297123
1900-03-18 19:00:00+01:00;2;27.50451158
1900-03-18 20:00:00+01:00;0.3;27.94766595
1900-03-18 21:00:00+01:00;-0.3;27.9021652
1900-03-18 22:00:00+01:00;-1.7;27.83269566
1900-03-18 23:00:00+01:00;-2.5;27.9518329
1900-03-19 00:00:00+01:00;-3.8;29.46055613
1900-03-19 01:00:00+01:00;-3.1;29.09900519
1900-03-19 02:00:00+01:00;-3.4;29.32683446
1900-03-19 03:00:00+01:00;-3.9;29.81044465
1900-03-19 04:00:00+01:00;-4.1;30.91631503
1900-03-19 05:00:00+01:00;-5;33.7308373
1900-03-19 06:00:00+01:00;-5.5;41.52023301
1900-03-19 07:00:00+01:00;-4.3;48.70127703
1900-03-19 08:00:00+01:00;-3.3;52.90668163
1900-03-19 09:00:00+01:00;-2.5;53.39542384
1900-03-19 10:00:00+01:00;-1;52.9167006
1900-03-19 11:00:00+01:00;0;51.68746648
1900-03-19 12:00:00+01:00;3.5;48.60471129
1900-03-19 13:00:00+01:00;4.5;46.97336533
1900-03-19 14:00:00+01:00;6.5;44.18660795
1900-03-19 15:00:00+01:00;7.2;42.10181015
1900-03-19 16:00:00+01:00;7.3;39.15753058
1900-03-19 17:00:00+01:00;4.6;37.72922996
1900-03-19 18:00:00+01:00;3;36.3410884
1900-03-19 19:00:00+01:00;-0.3;36.139963
1900-03-19 20:00:00+01:00;-2;34.62325525
1900-03-19 21:00:00+01:00;-3.3;32.87152496
1900-03-19 22:00:00+01:00;-4;31.36110302
1900-03-19 23:00:00+01:00;-6;31.10618411
1900-03-20 00:00:00+01:00;-6.6;30.02556176
1900-03-20 01:00:00+01:00;-6.8;30.03817546
1900-03-20 02:00:00+01:00;-8.6;30.91202339
1900-03-20 03:00:00+01:00;-7.5;31.11351055
1900-03-20 04:00:00+01:00;-8.3;32.64439007
1900-03-20 05:00:00+01:00;-8.7;35.76596463
1900-03-20 06:00:00+01:00;-8.8;44.03052927
1900-03-20 07:00:00+01:00;-7.1;51.39960614
1900-03-20 08:00:00+01:00;-4.3;54.62658131
1900-03-20 09:00:00+01:00;-3.4;55.01605915
1900-03-20 10:00:00+01:00;-3;55.33128789
1900-03-20 11:00:00+01:00;-1.4;53.67475176
1900-03-20 12:00:00+01:00;1;51.54880732
1900-03-20 13:00:00+01:00;5.1;47.69766476
1900-03-20 14:00:00+01:00;4.8;46.74998101
1900-03-20 15:00:00+01:00;3.8;46.03225713
1900-03-20 16:00:00+01:00;4;42.7928159
1900-03-20 17:00:00+01:00;4.2;39.64661408
1900-03-20 18:00:00+01:00;3.4;37.79634301
1900-03-20 19:00:00+01:00;1;36.97951773
1900-03-20 20:00:00+01:00;-1;35.53858733
1900-03-20 21:00:00+01:00;-2.1;33.63819381
1900-03-20 22:00:00+01:00;-2.4;31.87041685
1900-03-20 23:00:00+01:00;-2;30.67882069
1900-03-21 00:00:00+01:00;-2;29.40804312
1900-03-21 01:00:00+01:00;-1.9;29.15288866
1900-03-21 02:00:00+01:00;0.2;28.53364921
1900-03-21 03:00:00+01:00;0.3;28.63374111
1900-03-21 04:00:00+01:00;0;29.54097907
1900-03-21 05:00:00+01:00;-1;31.84994153
1900-03-21 06:00:00+01:00;-0.7;38.44640348
1900-03-21 07:00:00+01:00;-1;45.86287078
1900-03-21 08:00:00+01:00;-0.5;49.92682533
1900-03-21 09:00:00+01:00;-1.2;51.29239315
1900-03-21 10:00:00+01:00;-0.5;51.22978631
1900-03-21 11:00:00+01:00;0.7;49.80310741
1900-03-21 12:00:00+01:00;1.2;49.02623127
1900-03-21 13:00:00+01:00;1.6;48.09467803
1900-03-21 14:00:00+01:00;2.5;46.45920488
1900-03-21 15:00:00+01:00;1.9;45.36128828
1900-03-21 16:00:00+01:00;4.7;40.24066421
1900-03-21 17:00:00+01:00;3.7;37.87436151
1900-03-21 18:00:00+01:00;2.3;36.43039416
1900-03-21 19:00:00+01:00;4;33.67009769
1900-03-21 20:00:00+01:00;5;30.9479833
1900-03-21 21:00:00+01:00;5.4;28.58269834
1900-03-21 22:00:00+01:00;4.9;26.90093512
1900-03-21 23:00:00+01:00;4.6;26.03694038
1900-03-22 00:00:00+01:00;4.6;24.95856128
1900-03-22 01:00:00+01:00;4.6;24.71507067
1900-03-22 02:00:00+01:00;3.8;25.05231992
1900-03-22 03:00:00+01:00;3;25.50908137
1900-03-22 04:00:00+01:00;1.7;26.82195207
1900-03-22 05:00:00+01:00;0;29.43087802
1900-03-22 06:00:00+01:00;-2.8;37.50920069
1900-03-22 07:00:00+01:00;0.2;43.02205986
1900-03-22 08:00:00+01:00;1.8;46.34000204
1900-03-22 09:00:00+01:00;7.5;43.17233894
1900-03-22 10:00:00+01:00;7;43.62167151
1900-03-22 11:00:00+01:00;9.7;40.84557542
1900-03-22 12:00:00+01:00;10.4;39.52697269
1900-03-22 13:00:00+01:00;12.9;35.30628222
1900-03-22 14:00:00+01:00;14.1;31.71871096
1900-03-22 15:00:00+01:00;12.2;33.09299946
1900-03-22 16:00:00+01:00;11.6;32.39738601
1900-03-22 17:00:00+01:00;11.2;29.9187009
1900-03-22 18:00:00+01:00;10.8;28.03058866
1900-03-22 19:00:00+01:00;10.1;26.76410818
1900-03-22 20:00:00+01:00;8.6;25.54532561
1900-03-22 21:00:00+01:00;6.9;24.34740948
1900-03-22 22:00:00+01:00;8;22.26618002
1900-03-22 23:00:00+01:00;7.2;21.65747296
1900-03-23 00:00:00+01:00;5.6;21.2655488
1900-03-23 01:00:00+01:00;2.7;22.05710784
1900-03-23 02:00:00+01:00;4;21.81971555
1900-03-23 03:00:00+01:00;6.6;21.20733478
1900-03-23 04:00:00+01:00;5;22.43503373
1900-03-23 05:00:00+01:00;4.2;24.26747445
1900-03-23 06:00:00+01:00;3.5;29.86962151
1900-03-23 07:00:00+01:00;3.2;36.12304577
1900-03-23 08:00:00+01:00;4.1;39.78079276
1900-03-23 09:00:00+01:00;4.7;40.44984029
1900-03-23 10:00:00+01:00;4.8;40.99963302
1900-03-23 11:00:00+01:00;4.9;40.83960962
1900-03-23 12:00:00+01:00;5.3;40.4752416
1900-03-23 13:00:00+01:00;5.2;40.20264313
1900-03-23 14:00:00+01:00;5.7;39.30129521
1900-03-23 15:00:00+01:00;5.2;38.46441862
1900-03-23 16:00:00+01:00;4.8;35.95138853
1900-03-23 17:00:00+01:00;4.2;33.74690099
1900-03-23 18:00:00+01:00;3.7;32.18655544
1900-03-23 19:00:00+01:00;3.5;30.83120384
1900-03-23 20:00:00+01:00;3.6;28.82766322
1900-03-23 21:00:00+01:00;3.2;27.01808784
1900-03-23 22:00:00+01:00;2.6;25.71514777
1900-03-23 23:00:00+01:00;2.4;24.9734039
1900-03-24 00:00:00+01:00;2.4;22.74515357
1900-03-24 01:00:00+01:00;2;22.31742115
1900-03-24 02:00:00+01:00;1.9;22.41735653
1900-03-24 03:00:00+01:00;1.7;22.50621306
1900-03-24 04:00:00+01:00;1.9;22.7575116
1900-03-24 05:00:00+01:00;1.4;23.68752899
1900-03-24 06:00:00+01:00;0.9;25.51482165
1900-03-24 07:00:00+01:00;2;26.59811633
1900-03-24 08:00:00+01:00;3.4;28.02018777
1900-03-24 09:00:00+01:00;4.1;29.07552782
1900-03-24 10:00:00+01:00;4.5;29.7847867
1900-03-24 11:00:00+01:00;5.9;29.26059876
1900-03-24 12:00:00+01:00;6;29.02879869
1900-03-24 13:00:00+01:00;6;28.78560295
1900-03-24 14:00:00+01:00;9;26.23342553
1900-03-24 15:00:00+01:00;8;26.11357878
1900-03-24 16:00:00+01:00;7.5;25.76453141
1900-03-24 17:00:00+01:00;6.1;26.16918415
1900-03-24 18:00:00+01:00;3.6;26.41737825
1900-03-24 19:00:00+01:00;1.4;26.3784889
1900-03-24 20:00:00+01:00;0.4;25.74367415
1900-03-24 21:00:00+01:00;-1.4;25.8194597
1900-03-24 22:00:00+01:00;-3.5;26.03987276
1900-03-24 23:00:00+01:00;-3.5;25.77690212
1900-03-25 00:00:00+01:00;-4.3;25.87873176
1900-03-25 01:00:00+01:00;-5.3;25.79589169
1900-03-25 02:00:00+01:00;-4;25.46595688
1900-03-25 03:00:00+01:00;-4;25.6871888
1900-03-25 04:00:00+01:00;-3;25.65468291
1900-03-25 05:00:00+01:00;-2.9;26.44844055
1900-03-25 06:00:00+01:00;-2;27.47537319
1900-03-25 07:00:00+01:00;-1;28.12957154
1900-03-25 08:00:00+01:00;-0.7;29.24300635
1900-03-25 09:00:00+01:00;0.1;28.99630262
1900-03-25 10:00:00+01:00;0;29.24049479
1900-03-25 11:00:00+01:00;0.6;29.38350894
1900-03-25 12:00:00+01:00;1.4;28.94488394
1900-03-25 13:00:00+01:00;2.2;28.41280277
1900-03-25 14:00:00+01:00;3;27.89005568
1900-03-25 15:00:00+01:00;2.6;28.05677059
1900-03-25 16:00:00+01:00;2.4;28.08297844
1900-03-25 17:00:00+01:00;2.6;27.79959301
1900-03-25 18:00:00+01:00;1.9;27.63226433
1900-03-25 19:00:00+01:00;1.6;27.2775531
1900-03-25 20:00:00+01:00;1.6;26.9312697
1900-03-25 21:00:00+01:00;1.5;26.69469244
1900-03-25 22:00:00+01:00;1.3;26.12924483
1900-03-25 23:00:00+01:00;1.2;26.02538468
1900-03-26 00:00:00+01:00;1.3;25.20056864
1900-03-26 01:00:00+01:00;1.4;24.53190036
1900-03-26 02:00:00+01:00;1.4;24.65603104
1900-03-26 03:00:00+01:00;1.6;24.66941596
1900-03-26 04:00:00+01:00;2.5;24.9348801
1900-03-26 05:00:00+01:00;2.8;25.85922517
1900-03-26 06:00:00+01:00;3;30.21382642
1900-03-26 07:00:00+01:00;2.9;35.11526532
1900-03-26 08:00:00+01:00;2.5;38.47008046
1900-03-26 09:00:00+01:00;1.5;40.0569021
1900-03-26 10:00:00+01:00;1.7;39.53725746
1900-03-26 11:00:00+01:00;2.1;39.34353189
1900-03-26 12:00:00+01:00;2.3;38.60355877
1900-03-26 13:00:00+01:00;2.6;37.74617417
1900-03-26 14:00:00+01:00;2.4;37.20524817
1900-03-26 15:00:00+01:00;3;35.85065538
1900-03-26 16:00:00+01:00;3.3;33.77509077
1900-03-26 17:00:00+01:00;3;32.09016197
1900-03-26 18:00:00+01:00;2.9;31.14907969
1900-03-26 19:00:00+01:00;2;29.99795062
1900-03-26 20:00:00+01:00;2;28.04587651
1900-03-26 21:00:00+01:00;2;26.2973619
1900-03-26 22:00:00+01:00;2;24.74943502
1900-03-26 23:00:00+01:00;1.8;24.31419699
1900-03-27 00:00:00+01:00;1.8;23.72705619
1900-03-27 01:00:00+01:00;1.6;23.35291725
1900-03-27 02:00:00+01:00;0.9;23.80754303
1900-03-27 03:00:00+01:00;0.4;24.20253572
1900-03-27 04:00:00+01:00;0.5;24.91305582
1900-03-27 05:00:00+01:00;0.3;26.40526959
1900-03-27 06:00:00+01:00;0.9;31.05787599
1900-03-27 07:00:00+01:00;1.4;35.8339275
1900-03-27 08:00:00+01:00;2.5;38.42134325
1900-03-27 09:00:00+01:00;3.4;38.6964727
1900-03-27 10:00:00+01:00;5;37.12234445
1900-03-27 11:00:00+01:00;4.8;37.10979199
1900-03-27 12:00:00+01:00;5.5;35.85860527
1900-03-27 13:00:00+01:00;6;34.79225072
1900-03-27 14:00:00+01:00;5.8;34.15928864
1900-03-27 15:00:00+01:00;6.1;33.11558627
1900-03-27 16:00:00+01:00;4.5;32.56463855
1900-03-27 17:00:00+01:00;4.3;30.85446421
1900-03-27 18:00:00+01:00;3.8;30.21133433
1900-03-27 19:00:00+01:00;3.1;28.97295633
1900-03-27 20:00:00+01:00;2.8;27.22067781
1900-03-27 21:00:00+01:00;1.7;26.01182223
1900-03-27 22:00:00+01:00;1.6;24.50327354
1900-03-27 23:00:00+01:00;1.1;24.19744957
1900-03-28 00:00:00+01:00;1.2;23.56762194
1900-03-28 01:00:00+01:00;1.3;23.11029606
1900-03-28 02:00:00+01:00;1.3;23.29062433
1900-03-28 03:00:00+01:00;1.2;23.49362913
1900-03-28 04:00:00+01:00;1.1;24.1813004
1900-03-28 05:00:00+01:00;0.4;25.76266952
1900-03-28 06:00:00+01:00;0.6;30.5145702
1900-03-28 07:00:00+01:00;2.7;34.20010412
1900-03-28 08:00:00+01:00;2.9;37.27588048
1900-03-28 09:00:00+01:00;3.7;37.68558003
1900-03-28 10:00:00+01:00;4.4;36.85316207
1900-03-28 11:00:00+01:00;5;36.40215777
1900-03-28 12:00:00+01:00;5.1;35.7574075
1900-03-28 13:00:00+01:00;5.5;34.88433317
1900-03-28 14:00:00+01:00;5.7;34.03493871
1900-03-28 15:00:00+01:00;5.6;33.37193973
1900-03-28 16:00:00+01:00;6.4;31.16138223
1900-03-28 17:00:00+01:00;4;30.96336111
1900-03-28 18:00:00+01:00;3.9;30.08473479
1900-03-28 19:00:00+01:00;4;28.40515162
1900-03-28 20:00:00+01:00;2.7;27.23653419
1900-03-28 21:00:00+01:00;2.2;25.72496297
1900-03-28 22:00:00+01:00;2.4;24.0867631
1900-03-28 23:00:00+01:00;2;23.7157415
1900-03-29 00:00:00+01:00;2.9;22.78492793
1900-03-29 01:00:00+01:00;1.9;22.69224964
1900-03-29 02:00:00+01:00;1.7;22.93701203
1900-03-29 03:00:00+01:00;1.3;23.25179578
1900-03-29 04:00:00+01:00;0.8;24.08911695
1900-03-29 05:00:00+01:00;-0.7;26.04797104
1900-03-29 06:00:00+01:00;-0.3;30.84784159
1900-03-29 07:00:00+01:00;0.6;35.35898837
1900-03-29 08:00:00+01:00;1.8;37.97360887
1900-03-29 09:00:00+01:00;2.5;38.53968171
1900-03-29 10:00:00+01:00;3.2;37.74364224
1900-03-29 11:00:00+01:00;3.6;37.5836065
1900-03-29 12:00:00+01:00;3.5;37.15533119
1900-03-29 13:00:00+01:00;4.5;35.80542541
1900-03-29 14:00:00+01:00;4.2;35.38314875
1900-03-29 15:00:00+01:00;3.6;35.06321324
1900-03-29 16:00:00+01:00;3.6;33.33927018
1900-03-29 17:00:00+01:00;3.8;31.36911074
1900-03-29 18:00:00+01:00;2.1;31.48601434
1900-03-29 19:00:00+01:00;0.7;30.66884312
1900-03-29 20:00:00+01:00;-1.2;29.82541701
1900-03-29 21:00:00+01:00;-3;28.70876113
1900-03-29 22:00:00+01:00;-3.5;27.30254554
1900-03-29 23:00:00+01:00;-3.3;26.76322613
1900-03-30 00:00:00+01:00;-3.5;26.22419442
1900-03-30 01:00:00+01:00;-4;26.07383462
1900-03-30 02:00:00+01:00;-5.6;26.95423648
1900-03-30 03:00:00+01:00;-5.1;27.17196243
1900-03-30 04:00:00+01:00;-3.1;27.36865153
1900-03-30 05:00:00+01:00;-4.1;29.46643015
1900-03-30 06:00:00+01:00;-4.3;35.32820109
1900-03-30 07:00:00+01:00;-3.8;40.56420543
1900-03-30 08:00:00+01:00;-3.4;44.10167353
1900-03-30 09:00:00+01:00;-3.5;45.46024058
1900-03-30 10:00:00+01:00;-1.4;43.89760898
1900-03-30 11:00:00+01:00;0.5;42.71221976
1900-03-30 12:00:00+01:00;3.2;39.90739144
1900-03-30 13:00:00+01:00;5.3;37.54215389
1900-03-30 14:00:00+01:00;6.4;35.80388028
1900-03-30 15:00:00+01:00;7;34.59038024
1900-03-30 16:00:00+01:00;9.1;31.41401702
1900-03-30 17:00:00+01:00;9.4;29.28909215
1900-03-30 18:00:00+01:00;4.4;31.53693658
1900-03-30 19:00:00+01:00;3.3;30.48729201
1900-03-30 20:00:00+01:00;1;29.69914929
1900-03-30 21:00:00+01:00;0;28.38920354
1900-03-30 22:00:00+01:00;-1.5;27.36689745
1900-03-30 23:00:00+01:00;-0.1;26.21686947
1900-03-31 00:00:00+01:00;-3;26.56681581
1900-03-31 01:00:00+01:00;-0.1;24.90592132
1900-03-31 02:00:00+01:00;-2.5;25.93296047
1900-03-31 03:00:00+01:00;-3.4;26.15322321
1900-03-31 04:00:00+01:00;-3;26.40991521
1900-03-31 05:00:00+01:00;-6.5;29.00801169
1900-03-31 06:00:00+01:00;-4.1;32.12719043
1900-03-31 07:00:00+01:00;0.2;33.36381178
1900-03-31 08:00:00+01:00;2.8;34.79632016
1900-03-31 09:00:00+01:00;4.1;35.29744951
1900-03-31 10:00:00+01:00;4.7;34.68496063
1900-03-31 11:00:00+01:00;6.2;33.54017976
1900-03-31 12:00:00+01:00;6.8;32.39721802
1900-03-31 13:00:00+01:00;7.7;31.02660369
1900-03-31 14:00:00+01:00;8.2;29.46805504
1900-03-31 15:00:00+01:00;8.8;27.94156988
1900-03-31 16:00:00+01:00;8.4;26.98246137
1900-03-31 17:00:00+01:00;9.9;24.92604513
1900-03-31 18:00:00+01:00;6.6;26.2174537
1900-03-31 19:00:00+01:00;5.6;25.07776538
1900-03-31 20:00:00+01:00;3.1;25.07696378
1900-03-31 21:00:00+01:00;2.1;24.67245874
1900-03-31 22:00:00+01:00;2.2;23.8194739
1900-03-31 23:00:00+01:00;2.8;23.35489576
1900-04-01 00:00:00+01:00;3.5;22.45485568
1900-04-01 01:00:00+01:00;4.3;21.70003982
1900-04-01 02:00:00+01:00;5.3;21.24661178
1900-04-01 03:00:00+01:00;6.3;20.45246084
1900-04-01 04:00:00+01:00;6.1;20.67568627
1900-04-01 05:00:00+01:00;6;21.08004709
1900-04-01 06:00:00+01:00;5.6;23.43461209
1900-04-01 07:00:00+01:00;6.8;25.23235599
1900-04-01 08:00:00+01:00;6.2;27.2416886
1900-04-01 09:00:00+01:00;6.1;27.54898876
1900-04-01 10:00:00+01:00;5.8;26.821704
1900-04-01 11:00:00+01:00;6.8;26.24970224
1900-04-01 12:00:00+01:00;5.4;26.93227217
1900-04-01 13:00:00+01:00;5.7;26.4331792
1900-04-01 14:00:00+01:00;5.7;26.04545096
1900-04-01 15:00:00+01:00;3.8;26.96608927
1900-04-01 16:00:00+01:00;6.5;24.15368337
1900-04-01 17:00:00+01:00;8.2;22.16176532
1900-04-01 18:00:00+01:00;6.5;22.8904782
1900-04-01 19:00:00+01:00;4.9;22.65706996
1900-04-01 20:00:00+01:00;3.7;22.37519134
1900-04-01 21:00:00+01:00;2.8;22.26399052
1900-04-01 22:00:00+01:00;3.4;21.45710319
1900-04-01 23:00:00+01:00;1.9;21.94166972
1900-04-02 00:00:00+01:00;1.3;22.13759848
1900-04-02 01:00:00+01:00;1;21.9254302
1900-04-02 02:00:00+01:00;-2.5;23.40039875
1900-04-02 03:00:00+01:00;-2.4;23.75259981
1900-04-02 04:00:00+01:00;-4;25.2139153
1900-04-02 05:00:00+01:00;-2.5;26.50549955
1900-04-02 06:00:00+01:00;-1;31.10184354
1900-04-02 07:00:00+01:00;2.6;34.12441651
1900-04-02 08:00:00+01:00;5;35.83781319
1900-04-02 09:00:00+01:00;5.7;36.26312261
1900-04-02 10:00:00+01:00;7.6;34.48906221
1900-04-02 11:00:00+01:00;9.9;32.39444198
1900-04-02 12:00:00+01:00;9.8;31.68633104
1900-04-02 13:00:00+01:00;12.1;27.60787021
1900-04-02 14:00:00+01:00;9.9;30.13278695
1900-04-02 15:00:00+01:00;9.1;30.03626221
1900-04-02 16:00:00+01:00;13;24.56310304
1900-04-02 17:00:00+01:00;11;25.6464156
1900-04-02 18:00:00+01:00;8.2;26.65302791
1900-04-02 19:00:00+01:00;4.3;27.43585145
1900-04-02 20:00:00+01:00;2.9;26.39212449
1900-04-02 21:00:00+01:00;3;24.54140585
1900-04-02 22:00:00+01:00;2.7;23.14965479
1900-04-02 23:00:00+01:00;2.4;22.73421299
1900-04-03 00:00:00+01:00;2.1;23.84154549
1900-04-03 01:00:00+01:00;1;24.04507339
1900-04-03 02:00:00+01:00;0.8;24.1757601
1900-04-03 03:00:00+01:00;1.3;24.22773211
1900-04-03 04:00:00+01:00;0.8;25.17737766
1900-04-03 05:00:00+01:00;0.6;27.18199385
1900-04-03 06:00:00+01:00;0;33.60146282
1900-04-03 07:00:00+01:00;1.1;39.75497572
1900-04-03 08:00:00+01:00;2.5;43.3908075
1900-04-03 09:00:00+01:00;3.5;43.77672358
1900-04-03 10:00:00+01:00;5.6;42.91511748
1900-04-03 11:00:00+01:00;6;42.36050521
1900-04-03 12:00:00+01:00;7;41.36117945
1900-04-03 13:00:00+01:00;6.6;41.17042032
1900-04-03 14:00:00+01:00;7;40.02445405
1900-04-03 15:00:00+01:00;6.1;39.36790771
1900-04-03 16:00:00+01:00;4.9;37.46504584
1900-04-03 17:00:00+01:00;5.4;34.5598429
1900-04-03 18:00:00+01:00;3.7;33.51983625
1900-04-03 19:00:00+01:00;2.1;32.64823233
1900-04-03 20:00:00+01:00;1.2;30.91366448
1900-04-03 21:00:00+01:00;1.1;28.8224799
1900-04-03 22:00:00+01:00;0.2;27.50638352
1900-04-03 23:00:00+01:00;-1;27.02687366
1900-04-04 00:00:00+01:00;-1;25.95052444
1900-04-04 01:00:00+01:00;-2;26.19517783
1900-04-04 02:00:00+01:00;-3;26.76936477
1900-04-04 03:00:00+01:00;-4.8;27.83072828
1900-04-04 04:00:00+01:00;-5.1;29.1550181
1900-04-04 05:00:00+01:00;-7.6;32.93440707
1900-04-04 06:00:00+01:00;-5.6;39.65155852
1900-04-04 07:00:00+01:00;-1.4;44.90971021
1900-04-04 08:00:00+01:00;-0.7;49.18440011
1900-04-04 09:00:00+01:00;1.1;49.0421661
1900-04-04 10:00:00+01:00;-0.7;51.00810756
1900-04-04 11:00:00+01:00;-1.5;51.37421349
1900-04-04 12:00:00+01:00;-1;50.92750278
1900-04-04 13:00:00+01:00;0.4;49.34947217
1900-04-04 14:00:00+01:00;0.1;48.76534789
1900-04-04 15:00:00+01:00;0.5;46.97731468
1900-04-04 16:00:00+01:00;1.9;42.61005853
1900-04-04 17:00:00+01:00;2;39.56535005
1900-04-04 18:00:00+01:00;2.2;37.23142446
1900-04-04 19:00:00+01:00;2.2;35.32622937
1900-04-04 20:00:00+01:00;2.2;33.08042935
1900-04-04 21:00:00+01:00;2.2;30.90515767
1900-04-04 22:00:00+01:00;2;29.18128636
1900-04-04 23:00:00+01:00;1.9;28.29590442
1900-04-05 00:00:00+01:00;1.5;27.35446373
1900-04-05 01:00:00+01:00;0.9;27.37712467
1900-04-05 02:00:00+01:00;0.6;27.58738759
1900-04-05 03:00:00+01:00;0;27.96912963
1900-04-05 04:00:00+01:00;-0.3;28.96187655
1900-04-05 05:00:00+01:00;0;30.77561403
1900-04-05 06:00:00+01:00;0.4;37.15653532
1900-04-05 07:00:00+01:00;1;44.00885056
1900-04-05 08:00:00+01:00;2.8;47.01805838
1900-04-05 09:00:00+01:00;3.1;47.75722755
1900-04-05 10:00:00+01:00;6;45.94760853
1900-04-05 11:00:00+01:00;8.7;43.06267509
1900-04-05 12:00:00+01:00;11.1;40.24945118
1900-04-05 13:00:00+01:00;11.9;38.34789585
1900-04-05 14:00:00+01:00;13.1;34.36537474
1900-04-05 15:00:00+01:00;12.2;33.79092195
1900-04-05 16:00:00+01:00;11.8;31.79208953
1900-04-05 17:00:00+01:00;11;30.8510294
1900-04-05 18:00:00+01:00;9;29.87535778
1900-04-05 19:00:00+01:00;6.4;29.48605228
1900-04-05 20:00:00+01:00;4.8;28.15614054
1900-04-05 21:00:00+01:00;4.2;26.33213665
1900-04-05 22:00:00+01:00;1.6;25.67592094
1900-04-05 23:00:00+01:00;0.7;25.03304977
1900-04-06 00:00:00+01:00;-1.7;24.73227278
1900-04-06 01:00:00+01:00;-2.9;25.0288456
1900-04-06 02:00:00+01:00;-2.6;25.18253605
1900-04-06 03:00:00+01:00;-3.9;26.01550413
1900-04-06 04:00:00+01:00;-3.4;26.9576151
1900-04-06 05:00:00+01:00;-3.5;29.48125587
1900-04-06 06:00:00+01:00;-2;35.54123152
1900-04-06 07:00:00+01:00;0;41.42691656
1900-04-06 08:00:00+01:00;1.5;45.02589201
1900-04-06 09:00:00+01:00;2;45.70172489
1900-04-06 10:00:00+01:00;3.7;45.13841482
1900-04-06 11:00:00+01:00;5.5;43.55595421
1900-04-06 12:00:00+01:00;7.4;41.90580258
1900-04-06 13:00:00+01:00;6.9;41.74688396
1900-04-06 14:00:00+01:00;9.4;38.99181686
1900-04-06 15:00:00+01:00;11.2;36.39338161
1900-04-06 16:00:00+01:00;9.5;35.25803917
1900-04-06 17:00:00+01:00;7.6;33.79237628
1900-04-06 18:00:00+01:00;7.2;32.08400738
1900-04-06 19:00:00+01:00;4.7;31.69225234
1900-04-06 20:00:00+01:00;3;30.42144385
1900-04-06 21:00:00+01:00;2;28.77351247
1900-04-06 22:00:00+01:00;1.8;27.13184513
1900-04-06 23:00:00+01:00;-0.1;26.88402524
1900-04-07 00:00:00+01:00;-0.6;24.68656817
1900-04-07 01:00:00+01:00;0.5;23.60807159
1900-04-07 02:00:00+01:00;-2;24.52477949
1900-04-07 03:00:00+01:00;-2.1;24.42410685
1900-04-07 04:00:00+01:00;-2.4;24.73722434
1900-04-07 05:00:00+01:00;-1.2;25.01694373
1900-04-07 06:00:00+01:00;-0.6;26.36322175
1900-04-07 07:00:00+01:00;2;26.73816388
1900-04-07 08:00:00+01:00;3.5;28.04835346
1900-04-07 09:00:00+01:00;6.7;27.66459335
1900-04-07 10:00:00+01:00;8.5;27.38481753
1900-04-07 11:00:00+01:00;10.3;25.11497935
1900-04-07 12:00:00+01:00;9.4;26.66806159
1900-04-07 13:00:00+01:00;11.5;24.37354115
1900-04-07 14:00:00+01:00;10.4;25.04708382
1900-04-07 15:00:00+01:00;12;22.79953243
1900-04-07 16:00:00+01:00;11.1;22.52396196
1900-04-07 17:00:00+01:00;9.2;24.08539712
1900-04-07 18:00:00+01:00;7.8;23.82520388
1900-04-07 19:00:00+01:00;6.9;23.1657658
1900-04-07 20:00:00+01:00;5.7;22.84035882
1900-04-07 21:00:00+01:00;4.4;22.72803437
1900-04-07 22:00:00+01:00;4.4;22.11705807
1900-04-07 23:00:00+01:00;3.6;22.08417448
1900-04-08 00:00:00+01:00;3.1;21.76215198
1900-04-08 01:00:00+01:00;2.9;21.33222421
1900-04-08 02:00:00+01:00;2.5;21.27210722
1900-04-08 03:00:00+01:00;2.3;21.16271629
1900-04-08 04:00:00+01:00;1.8;21.47976709
1900-04-08 05:00:00+01:00;1.5;22.16414324
1900-04-08 06:00:00+01:00;2;23.08853344
1900-04-08 07:00:00+01:00;4;23.14335752
1900-04-08 08:00:00+01:00;4.3;23.91710333
1900-04-08 09:00:00+01:00;6.2;23.0852122
1900-04-08 10:00:00+01:00;7;22.73515315
1900-04-08 11:00:00+01:00;7.5;22.68405709
1900-04-08 12:00:00+01:00;8.6;22.02067684
1900-04-08 13:00:00+01:00;9;21.86646613
1900-04-08 14:00:00+01:00;11;20.28385657
1900-04-08 15:00:00+01:00;10.4;20.36386445
1900-04-08 16:00:00+01:00;10.2;20.67655159
1900-04-08 17:00:00+01:00;9;21.09954831
1900-04-08 18:00:00+01:00;6.7;21.81844136
1900-04-08 19:00:00+01:00;4.6;22.36987841
1900-04-08 20:00:00+01:00;3.4;22.38328745
1900-04-08 21:00:00+01:00;2.5;22.53914176
1900-04-08 22:00:00+01:00;1.9;22.41730032
1900-04-08 23:00:00+01:00;1.5;22.34885199
1900-04-09 00:00:00+01:00;1.2;23.78524382
1900-04-09 01:00:00+01:00;0.5;23.92438735
1900-04-09 02:00:00+01:00;1;23.9809543
1900-04-09 03:00:00+01:00;0.1;24.61314473
1900-04-09 04:00:00+01:00;-1.2;26.05381289
1900-04-09 05:00:00+01:00;-2.1;28.70652579
1900-04-09 06:00:00+01:00;-0.3;34.40311506
1900-04-09 07:00:00+01:00;2;39.99882603
1900-04-09 08:00:00+01:00;3.6;43.3143479
1900-04-09 09:00:00+01:00;3.5;44.47868517
1900-04-09 10:00:00+01:00;4.9;44.08969697
1900-04-09 11:00:00+01:00;7.2;42.032504
1900-04-09 12:00:00+01:00;7.6;41.36344522
1900-04-09 13:00:00+01:00;9;39.65308865
1900-04-09 14:00:00+01:00;9.3;38.48277917
1900-04-09 15:00:00+01:00;6.9;38.99476304
1900-04-09 16:00:00+01:00;5.1;37.454936
1900-04-09 17:00:00+01:00;3.1;35.91977035
1900-04-09 18:00:00+01:00;2.4;34.27902617
1900-04-09 19:00:00+01:00;1.7;32.95692884
1900-04-09 20:00:00+01:00;1;31.13316423
1900-04-09 21:00:00+01:00;0.2;29.31713953
1900-04-09 22:00:00+01:00;-1;28.10781221
1900-04-09 23:00:00+01:00;-0.7;27.04576983
1900-04-10 00:00:00+01:00;-2.3;26.47763401
1900-04-10 01:00:00+01:00;-3.1;26.66993149
1900-04-10 02:00:00+01:00;-3.3;27.02660801
1900-04-10 03:00:00+01:00;-2.5;27.21955412
1900-04-10 04:00:00+01:00;-4.1;28.83271693
1900-04-10 05:00:00+01:00;-3.6;31.14159445
1900-04-10 06:00:00+01:00;-0.8;36.75667589
1900-04-10 07:00:00+01:00;0.3;43.40166313
1900-04-10 08:00:00+01:00;1.8;46.92214249
1900-04-10 09:00:00+01:00;2.8;47.27569523
1900-04-10 10:00:00+01:00;3.9;47.01989263
1900-04-10 11:00:00+01:00;4.4;46.23518487
1900-04-10 12:00:00+01:00;5.8;44.83071581
1900-04-10 13:00:00+01:00;5.1;44.73439503
1900-04-10 14:00:00+01:00;5.8;43.26563049
1900-04-10 15:00:00+01:00;5.4;42.12856589
1900-04-10 16:00:00+01:00;4.6;39.63545328
1900-04-10 17:00:00+01:00;3.9;37.0916258
1900-04-10 18:00:00+01:00;2.2;35.80717353
1900-04-10 19:00:00+01:00;0;35.09336076
1900-04-10 20:00:00+01:00;-0.6;33.10519911
1900-04-10 21:00:00+01:00;-1;31.0227515
1900-04-10 22:00:00+01:00;-1.5;29.44480919
1900-04-10 23:00:00+01:00;-1.9;28.62235094
1900-04-11 00:00:00+01:00;-0.8;27.07313511
1900-04-11 01:00:00+01:00;0;26.64494815
1900-04-11 02:00:00+01:00;-0.6;26.94641054
1900-04-11 03:00:00+01:00;-0.7;27.26545444
1900-04-11 04:00:00+01:00;-1.5;28.46245674
1900-04-11 05:00:00+01:00;-1.7;30.73255285
1900-04-11 06:00:00+01:00;-1.2;37.36211894
1900-04-11 07:00:00+01:00;0;43.98249469
1900-04-11 08:00:00+01:00;1.2;47.67881853
1900-04-11 09:00:00+01:00;1.7;48.37901973
1900-04-11 10:00:00+01:00;2.4;48.43213712
1900-04-11 11:00:00+01:00;3.2;47.38872814
1900-04-11 12:00:00+01:00;4;46.43588601
1900-04-11 13:00:00+01:00;5;44.95961826
1900-04-11 14:00:00+01:00;4.1;44.63171752
1900-04-11 15:00:00+01:00;4;43.21888018
1900-04-11 16:00:00+01:00;2.4;41.06916166
1900-04-11 17:00:00+01:00;2.1;38.27202104
1900-04-11 18:00:00+01:00;1.5;36.3712296
1900-04-11 19:00:00+01:00;1.8;34.32811472
1900-04-11 20:00:00+01:00;1.8;32.04932465
1900-04-11 21:00:00+01:00;1.2;30.06789024
1900-04-11 22:00:00+01:00;0.6;28.49636716
1900-04-11 23:00:00+01:00;0.6;27.49923536
1900-04-12 00:00:00+01:00;0.2;26.52004011
1900-04-12 01:00:00+01:00;-0.3;26.57033826
1900-04-12 02:00:00+01:00;-0.3;26.76189544
1900-04-12 03:00:00+01:00;-0.7;27.21745296
1900-04-12 04:00:00+01:00;0;27.97900498
1900-04-12 05:00:00+01:00;-0.5;30.26018421
1900-04-12 06:00:00+01:00;0.1;36.63673349
1900-04-12 07:00:00+01:00;1.6;42.91087786
1900-04-12 08:00:00+01:00;2.8;46.36652371
1900-04-12 09:00:00+01:00;3.7;46.69630295
1900-04-12 10:00:00+01:00;4.6;46.43809852
1900-04-12 11:00:00+01:00;6.7;44.27798456
1900-04-12 12:00:00+01:00;8;42.71057802
1900-04-12 13:00:00+01:00;9;41.11109835
1900-04-12 14:00:00+01:00;9.4;39.55711371
1900-04-12 15:00:00+01:00;9.6;37.89694673
1900-04-12 16:00:00+01:00;9.2;35.50031552
1900-04-12 17:00:00+01:00;8;33.36248874
1900-04-12 18:00:00+01:00;7;31.77285265
1900-04-12 19:00:00+01:00;5.1;30.97568048
1900-04-12 20:00:00+01:00;2.6;30.01473825
1900-04-12 21:00:00+01:00;3;27.69692518
1900-04-12 22:00:00+01:00;1.8;26.43555457
1900-04-12 23:00:00+01:00;2;25.38009561
1900-04-13 00:00:00+01:00;1.7;24.389768
1900-04-13 01:00:00+01:00;0.7;24.53926244
1900-04-13 02:00:00+01:00;-0.3;24.9996366
1900-04-13 03:00:00+01:00;0.7;24.9823381
1900-04-13 04:00:00+01:00;0.4;26.02034343
1900-04-13 05:00:00+01:00;-1.5;28.86231146
1900-04-13 06:00:00+01:00;2;33.53375406
1900-04-13 07:00:00+01:00;3;39.64702003
1900-04-13 08:00:00+01:00;5.6;42.03733525
1900-04-13 09:00:00+01:00;6.4;42.41546522
1900-04-13 10:00:00+01:00;7.7;41.84283338
1900-04-13 11:00:00+01:00;8.9;40.43301702
1900-04-13 12:00:00+01:00;10;39.12826042
1900-04-13 13:00:00+01:00;10;38.42011312
1900-04-13 14:00:00+01:00;11.5;36.18886947
1900-04-13 15:00:00+01:00;10.2;35.90617694
1900-04-13 16:00:00+01:00;9.6;33.9227592
1900-04-13 17:00:00+01:00;10;31.10954733
1900-04-13 18:00:00+01:00;8.6;29.95238111
1900-04-13 19:00:00+01:00;7.5;28.88467963
1900-04-13 20:00:00+01:00;6.5;27.30734642
1900-04-13 21:00:00+01:00;4.4;26.1671562
1900-04-13 22:00:00+01:00;4.5;24.41816618
1900-04-13 23:00:00+01:00;3.9;23.67644722
1900-04-14 00:00:00+01:00;2.9;21.71744049
1900-04-14 01:00:00+01:00;2.6;21.1876158
1900-04-14 02:00:00+01:00;3;20.96943192
1900-04-14 03:00:00+01:00;3.2;20.77342015
1900-04-14 04:00:00+01:00;1.7;21.46882891
1900-04-14 05:00:00+01:00;2;21.9537826
1900-04-14 06:00:00+01:00;2.8;23.05602122
1900-04-14 07:00:00+01:00;4.8;23.54915202
1900-04-14 08:00:00+01:00;4.8;25.43196912
1900-04-14 09:00:00+01:00;5.1;26.73180571
1900-04-14 10:00:00+01:00;5.4;27.56453343
1900-04-14 11:00:00+01:00;8.4;26.18606244
1900-04-14 12:00:00+01:00;10.8;23.96421997
1900-04-14 13:00:00+01:00;12.7;23.05092951
1900-04-14 14:00:00+01:00;12.5;22.61780142
1900-04-14 15:00:00+01:00;14;20.85299218
1900-04-14 16:00:00+01:00;11.8;21.52687883
1900-04-14 17:00:00+01:00;9.9;22.62771575
1900-04-14 18:00:00+01:00;8.5;22.36811235
1900-04-14 19:00:00+01:00;7.7;21.67410033
1900-04-14 20:00:00+01:00;6.6;21.31858424
1900-04-14 21:00:00+01:00;3.8;21.88578176
1900-04-14 22:00:00+01:00;2.7;21.77235825
1900-04-14 23:00:00+01:00;1.6;21.93216174
1900-04-15 00:00:00+01:00;0.9;21.92729144
1900-04-15 01:00:00+01:00;0.2;21.71050469
1900-04-15 02:00:00+01:00;-1;22.14474503
1900-04-15 03:00:00+01:00;-1.2;22.47438571
1900-04-15 04:00:00+01:00;-2;23.03558806
1900-04-15 05:00:00+01:00;0;23.02457894
1900-04-15 06:00:00+01:00;1;23.87040142
1900-04-15 07:00:00+01:00;1.4;24.71738437
1900-04-15 08:00:00+01:00;2.7;25.22646907
1900-04-15 09:00:00+01:00;5.9;23.76109631
1900-04-15 10:00:00+01:00;8.3;22.50641105
1900-04-15 11:00:00+01:00;10.3;21.01219839
1900-04-15 12:00:00+01:00;15;17.04780433
1900-04-15 13:00:00+01:00;14.9;17.20806338
1900-04-15 14:00:00+01:00;15.8;16.88132691
1900-04-15 15:00:00+01:00;13.4;18.96372633
1900-04-15 16:00:00+01:00;13.4;18.34497028
1900-04-15 17:00:00+01:00;12.8;18.7515956
1900-04-15 18:00:00+01:00;10;19.56703962
1900-04-15 19:00:00+01:00;7.9;20.52969745
1900-04-15 20:00:00+01:00;5.8;21.06991165
1900-04-15 21:00:00+01:00;4.7;21.29291778
1900-04-15 22:00:00+01:00;3.4;21.3890626
1900-04-15 23:00:00+01:00;3;21.25904752
1900-04-16 00:00:00+01:00;1.4;23.0455586
1900-04-16 01:00:00+01:00;2.7;22.45828969
1900-04-16 02:00:00+01:00;2.8;22.47385888
1900-04-16 03:00:00+01:00;2.7;22.6702852
1900-04-16 04:00:00+01:00;2.5;23.4871091
1900-04-16 05:00:00+01:00;2.5;25.26966659
1900-04-16 06:00:00+01:00;2.5;30.93586188
1900-04-16 07:00:00+01:00;2.4;37.30571002
1900-04-16 08:00:00+01:00;3.3;41.08654723
1900-04-16 09:00:00+01:00;5.4;40.65956572
1900-04-16 10:00:00+01:00;6.7;40.33287535
1900-04-16 11:00:00+01:00;8;39.15375657
1900-04-16 12:00:00+01:00;5.8;40.74868605
1900-04-16 13:00:00+01:00;5.7;40.5075365
1900-04-16 14:00:00+01:00;6.5;39.35935398
1900-04-16 15:00:00+01:00;6.1;38.47607466
1900-04-16 16:00:00+01:00;6.8;35.41460668
1900-04-16 17:00:00+01:00;7.3;32.63912434
1900-04-16 18:00:00+01:00;7.5;30.68727345
1900-04-16 19:00:00+01:00;7.6;29.07785709
1900-04-16 20:00:00+01:00;7.4;27.21009074
1900-04-16 21:00:00+01:00;6.2;25.75461507
1900-04-16 22:00:00+01:00;5;24.54569178
1900-04-16 23:00:00+01:00;4;23.99313673
1900-04-17 00:00:00+01:00;5.7;22.3993477
1900-04-17 01:00:00+01:00;3.9;22.80344218
1900-04-17 02:00:00+01:00;4.5;22.74950121
1900-04-17 03:00:00+01:00;3.7;23.22819395
1900-04-17 04:00:00+01:00;4;23.98604922
1900-04-17 05:00:00+01:00;4.6;25.42735059
1900-04-17 06:00:00+01:00;5.5;30.49705265
1900-04-17 07:00:00+01:00;7.3;35.57708385
1900-04-17 08:00:00+01:00;8.3;38.5937407
1900-04-17 09:00:00+01:00;10.7;37.59928239
1900-04-17 10:00:00+01:00;11.6;36.00990346
1900-04-17 11:00:00+01:00;12.5;35.05774955
1900-04-17 12:00:00+01:00;14.3;32.12189255
1900-04-17 13:00:00+01:00;14;31.96329627
1900-04-17 14:00:00+01:00;13.7;31.29794712
1900-04-17 15:00:00+01:00;13.5;30.16276796
1900-04-17 16:00:00+01:00;12.4;29.70261355
1900-04-17 17:00:00+01:00;11.7;27.92000004
1900-04-17 18:00:00+01:00;9.1;27.38285184
1900-04-17 19:00:00+01:00;8.4;26.30570151
1900-04-17 20:00:00+01:00;9.2;24.07273637
1900-04-17 21:00:00+01:00;8.1;22.66277126
1900-04-17 22:00:00+01:00;7.2;21.40130536
1900-04-17 23:00:00+01:00;6.8;20.58227037
1900-04-18 00:00:00+01:00;6.4;19.79826869
1900-04-18 01:00:00+01:00;5;20.05898843
1900-04-18 02:00:00+01:00;5.9;19.88654197
1900-04-18 03:00:00+01:00;4.8;20.41599972
1900-04-18 04:00:00+01:00;5.3;21.03776087
1900-04-18 05:00:00+01:00;4.7;22.86856393
1900-04-18 06:00:00+01:00;5.4;27.70267204
1900-04-18 07:00:00+01:00;7.2;32.54238617
1900-04-18 08:00:00+01:00;7.9;36.07954259
1900-04-18 09:00:00+01:00;8.2;36.97471495
1900-04-18 10:00:00+01:00;8.9;37.0844264
1900-04-18 11:00:00+01:00;10.1;36.02437591
1900-04-18 12:00:00+01:00;10.6;35.47580677
1900-04-18 13:00:00+01:00;12.6;33.28861244
1900-04-18 14:00:00+01:00;9.7;34.92312632
1900-04-18 15:00:00+01:00;11;32.7980776
1900-04-18 16:00:00+01:00;10.5;30.96189365
1900-04-18 17:00:00+01:00;9.5;29.18056052
1900-04-18 18:00:00+01:00;6.3;29.1245264
1900-04-18 19:00:00+01:00;6;27.86002426
1900-04-18 20:00:00+01:00;5;26.46126738
1900-04-18 21:00:00+01:00;4.6;24.72015525
1900-04-18 22:00:00+01:00;4.6;23.17544613
1900-04-18 23:00:00+01:00;4.2;22.44491195
1900-04-19 00:00:00+01:00;3.6;21.71939386
1900-04-19 01:00:00+01:00;3.7;21.59778559
1900-04-19 02:00:00+01:00;3.5;21.86616534
1900-04-19 03:00:00+01:00;3.4;22.20215956
1900-04-19 04:00:00+01:00;3.4;23.12632902
1900-04-19 05:00:00+01:00;4;24.68728006
1900-04-19 06:00:00+01:00;4.1;30.22096784
1900-04-19 07:00:00+01:00;4.1;36.60573515
1900-04-19 08:00:00+01:00;3.3;41.56845157
1900-04-19 09:00:00+01:00;5.5;41.16585758
1900-04-19 10:00:00+01:00;6.7;40.91801188
1900-04-19 11:00:00+01:00;8;39.70049714
1900-04-19 12:00:00+01:00;5.8;41.12041131
1900-04-19 13:00:00+01:00;8.6;38.56609334
1900-04-19 14:00:00+01:00;8.8;37.53503067
1900-04-19 15:00:00+01:00;8.8;36.27989555
1900-04-19 16:00:00+01:00;8.2;34.20673487
1900-04-19 17:00:00+01:00;8.8;31.31981381
1900-04-19 18:00:00+01:00;7.9;29.88248917
1900-04-19 19:00:00+01:00;6.6;28.96810461
1900-04-19 20:00:00+01:00;5;27.72323856
1900-04-19 21:00:00+01:00;3;26.55385579
1900-04-19 22:00:00+01:00;2.9;24.97512755
1900-04-19 23:00:00+01:00;2.6;24.170117
1900-04-20 00:00:00+01:00;3;23.03436985
1900-04-20 01:00:00+01:00;3;22.93682925
1900-04-20 02:00:00+01:00;2.8;23.17596518
1900-04-20 03:00:00+01:00;2.4;23.60666426
1900-04-20 04:00:00+01:00;2.4;24.54693851
1900-04-20 05:00:00+01:00;2.5;26.42942799
1900-04-20 06:00:00+01:00;2.9;32.18183104
1900-04-20 07:00:00+01:00;3.2;38.59503022
1900-04-20 08:00:00+01:00;3.5;42.66555839
1900-04-20 09:00:00+01:00;3.3;43.86777948
1900-04-20 10:00:00+01:00;3.2;44.58421795
1900-04-20 11:00:00+01:00;4;43.8003042
1900-04-20 12:00:00+01:00;4.5;43.15535901
1900-04-20 13:00:00+01:00;7.4;40.40476637
1900-04-20 14:00:00+01:00;8;39.03630197
1900-04-20 15:00:00+01:00;9.5;36.57024516
1900-04-20 16:00:00+01:00;6.7;35.85380009
1900-04-20 17:00:00+01:00;6.2;33.5137611
1900-04-20 18:00:00+01:00;6.6;31.37512567
1900-04-20 19:00:00+01:00;4.7;30.74233212
1900-04-20 20:00:00+01:00;3.6;29.21494874
1900-04-20 21:00:00+01:00;4.5;26.75713684
1900-04-20 22:00:00+01:00;3.7;25.38522941
1900-04-20 23:00:00+01:00;4;24.34432173
1900-04-21 00:00:00+01:00;4.8;21.70224185
1900-04-21 01:00:00+01:00;2.1;22.08676254
1900-04-21 02:00:00+01:00;2;22.15386608
1900-04-21 03:00:00+01:00;2.3;21.95353818
1900-04-21 04:00:00+01:00;2.6;22.07294155
1900-04-21 05:00:00+01:00;2.8;22.63278286
1900-04-21 06:00:00+01:00;3;24.03369116
1900-04-21 07:00:00+01:00;3.4;25.31063772
1900-04-21 08:00:00+01:00;4.3;26.84878679
1900-04-21 09:00:00+01:00;4.8;27.9355648
1900-04-21 10:00:00+01:00;7;27.546893
1900-04-21 11:00:00+01:00;7.3;27.54829397
1900-04-21 12:00:00+01:00;8.5;26.57428139
1900-04-21 13:00:00+01:00;10.4;25.2976506
1900-04-21 14:00:00+01:00;10.2;24.63833233
1900-04-21 15:00:00+01:00;8.9;24.81650858
1900-04-21 16:00:00+01:00;9.3;23.92980433
1900-04-21 17:00:00+01:00;8;24.29122859
1900-04-21 18:00:00+01:00;6.3;24.14668873
1900-04-21 19:00:00+01:00;5.5;23.3823732
1900-04-21 20:00:00+01:00;5;22.62388032
1900-04-21 21:00:00+01:00;4.9;22.03872491
1900-04-21 22:00:00+01:00;5;21.43803078
1900-04-21 23:00:00+01:00;4.2;21.50967343
1900-04-22 00:00:00+01:00;4;21.20868508
1900-04-22 01:00:00+01:00;4.5;20.56656302
1900-04-22 02:00:00+01:00;5;20.24057461
1900-04-22 03:00:00+01:00;4.2;20.29947865
1900-04-22 04:00:00+01:00;5;20.20016653
1900-04-22 05:00:00+01:00;4.5;20.86694937
1900-04-22 06:00:00+01:00;5.5;21.53922479
1900-04-22 07:00:00+01:00;8;20.83740774
1900-04-22 08:00:00+01:00;9.2;21.12287718
1900-04-22 09:00:00+01:00;11.4;19.55923736
1900-04-22 10:00:00+01:00;13.2;18.51040348
1900-04-22 11:00:00+01:00;15.6;16.50297754
1900-04-22 12:00:00+01:00;16.5;16.57152882
1900-04-22 13:00:00+01:00;16.6;16.573497
1900-04-22 14:00:00+01:00;17.6;16.5210083
1900-04-22 15:00:00+01:00;18.1;16.30768148
1900-04-22 16:00:00+01:00;17.8;16.09837004
1900-04-22 17:00:00+01:00;19;15.85170681
1900-04-22 18:00:00+01:00;17;15.53016299
1900-04-22 19:00:00+01:00;16.2;15.23795852
1900-04-22 20:00:00+01:00;12.1;15.9528101
1900-04-22 21:00:00+01:00;10;16.54971429
1900-04-22 22:00:00+01:00;7.4;16.91596722
1900-04-22 23:00:00+01:00;5.6;17.16743352
1900-04-23 00:00:00+01:00;4.2;19.03205738
1900-04-23 01:00:00+01:00;3;19.26299267
1900-04-23 02:00:00+01:00;2.4;19.60469025
1900-04-23 03:00:00+01:00;1.2;20.29878653
1900-04-23 04:00:00+01:00;1.6;21.10356736
1900-04-23 05:00:00+01:00;0.9;23.38422833
1900-04-23 06:00:00+01:00;2.3;28.24810531
1900-04-23 07:00:00+01:00;6.9;31.53891852
1900-04-23 08:00:00+01:00;7.5;35.26164776
1900-04-23 09:00:00+01:00;10.8;34.0532403
1900-04-23 10:00:00+01:00;13.8;31.88791029
1900-04-23 11:00:00+01:00;15.3;31.28493069
1900-04-23 12:00:00+01:00;15.1;31.19676825
1900-04-23 13:00:00+01:00;13.2;32.09896426
1900-04-23 14:00:00+01:00;14.2;30.74782475
1900-04-23 15:00:00+01:00;13;30.54367514
1900-04-23 16:00:00+01:00;10.5;30.08125685
1900-04-23 17:00:00+01:00;9.8;28.38202768
1900-04-23 18:00:00+01:00;9.4;27.08344497
1900-04-23 19:00:00+01:00;8.7;26.24390357
1900-04-23 20:00:00+01:00;9.2;24.27823481
1900-04-23 21:00:00+01:00;7.7;23.13430498
1900-04-23 22:00:00+01:00;7;21.85182987
1900-04-23 23:00:00+01:00;6.4;21.16189409
1900-04-24 00:00:00+01:00;6;20.33837073
1900-04-24 01:00:00+01:00;5.6;20.26866025
1900-04-24 02:00:00+01:00;5.4;20.37775233
1900-04-24 03:00:00+01:00;4.7;20.72812607
1900-04-24 04:00:00+01:00;4.9;21.39387757
1900-04-24 05:00:00+01:00;5.2;22.78209227
1900-04-24 06:00:00+01:00;6;27.39329133
1900-04-24 07:00:00+01:00;6.2;33.14895385
1900-04-24 08:00:00+01:00;7;36.7210866
1900-04-24 09:00:00+01:00;7.4;37.57292576
1900-04-24 10:00:00+01:00;9.6;36.72062433
1900-04-24 11:00:00+01:00;8.3;37.58270288
1900-04-24 12:00:00+01:00;11.3;35.21914054
1900-04-24 13:00:00+01:00;9.7;35.93338676
1900-04-24 14:00:00+01:00;11.3;33.99757326
1900-04-24 15:00:00+01:00;11.5;32.68181748
1900-04-24 16:00:00+01:00;10.9;30.89532467
1900-04-24 17:00:00+01:00;11.6;28.21978518
1900-04-24 18:00:00+01:00;8.7;27.89482605
1900-04-24 19:00:00+01:00;8;26.83175265
1900-04-24 20:00:00+01:00;6.8;25.56331907
1900-04-24 21:00:00+01:00;5.9;24.05808127
1900-04-24 22:00:00+01:00;5.3;22.73939635
1900-04-24 23:00:00+01:00;4.3;22.218861
1900-04-25 00:00:00+01:00;5.4;20.92250385
1900-04-25 01:00:00+01:00;5.3;20.84528393
1900-04-25 02:00:00+01:00;5.3;20.99124532
1900-04-25 03:00:00+01:00;3.9;21.67779505
1900-04-25 04:00:00+01:00;2.5;23.03503497
1900-04-25 05:00:00+01:00;3.2;24.66649785
1900-04-25 06:00:00+01:00;3.9;29.95587707
1900-04-25 07:00:00+01:00;6;34.95726741
1900-04-25 08:00:00+01:00;7.1;38.26814581
1900-04-25 09:00:00+01:00;8.4;38.36557796
1900-04-25 10:00:00+01:00;10.6;37.10824374
1900-04-25 11:00:00+01:00;10.9;36.52631667
1900-04-25 12:00:00+01:00;12.2;35.08689135
1900-04-25 13:00:00+01:00;14;31.89488461
1900-04-25 14:00:00+01:00;12.4;33.00763532
1900-04-25 15:00:00+01:00;13.6;30.16509351
1900-04-25 16:00:00+01:00;10.4;31.29911858
1900-04-25 17:00:00+01:00;5.5;31.73170132
1900-04-25 18:00:00+01:00;3.4;31.0275976
1900-04-25 19:00:00+01:00;3.6;29.48679856
1900-04-25 20:00:00+01:00;3.4;27.60077012
1900-04-25 21:00:00+01:00;3;25.76734015
1900-04-25 22:00:00+01:00;2.7;24.30285142
1900-04-25 23:00:00+01:00;2.6;23.39857419
1900-04-26 00:00:00+01:00;2.2;22.56085612
1900-04-26 01:00:00+01:00;1.4;22.76606307
1900-04-26 02:00:00+01:00;1.4;23.02070651
1900-04-26 03:00:00+01:00;1.3;23.41453057
1900-04-26 04:00:00+01:00;0.8;24.53114348
1900-04-26 05:00:00+01:00;0.8;26.60951078
1900-04-26 06:00:00+01:00;0.8;32.75191181
1900-04-26 07:00:00+01:00;2.6;38.45103973
1900-04-26 08:00:00+01:00;3.2;42.55042636
1900-04-26 09:00:00+01:00;5;42.4522894
1900-04-26 10:00:00+01:00;5;43.15264478
1900-04-26 11:00:00+01:00;7;41.48310099
1900-04-26 12:00:00+01:00;8.4;40.21191768
1900-04-26 13:00:00+01:00;7.7;40.26910027
1900-04-26 14:00:00+01:00;7.6;39.54398701
1900-04-26 15:00:00+01:00;6.9;38.8789812
1900-04-26 16:00:00+01:00;8.4;35.29355858
1900-04-26 17:00:00+01:00;8.1;32.75524167
1900-04-26 18:00:00+01:00;6.5;31.56210766
1900-04-26 19:00:00+01:00;5.2;30.53557779
1900-04-26 20:00:00+01:00;3.3;29.34660373
1900-04-26 21:00:00+01:00;2.2;27.71976934
1900-04-26 22:00:00+01:00;1.7;26.24458409
1900-04-26 23:00:00+01:00;1.3;25.45661353
1900-04-27 00:00:00+01:00;1;24.50598127
1900-04-27 01:00:00+01:00;-0.1;24.74514837
1900-04-27 02:00:00+01:00;-0.5;25.08255295
1900-04-27 03:00:00+01:00;-1.4;25.74857771
1900-04-27 04:00:00+01:00;-1.7;26.90176842
1900-04-27 05:00:00+01:00;-0.3;28.62189509
1900-04-27 06:00:00+01:00;0.7;34.54820759
1900-04-27 07:00:00+01:00;1.6;40.95637807
1900-04-27 08:00:00+01:00;4;43.68503549
1900-04-27 09:00:00+01:00;4.1;44.65789271
1900-04-27 10:00:00+01:00;5.2;44.36484877
1900-04-27 11:00:00+01:00;3.8;45.01060925
1900-04-27 12:00:00+01:00;2.4;45.87978323
1900-04-27 13:00:00+01:00;0.4;46.89920585
1900-04-27 14:00:00+01:00;0.4;46.24328412
1900-04-27 15:00:00+01:00;0.1;45.04069852
1900-04-27 16:00:00+01:00;1.1;41.01900234
1900-04-27 17:00:00+01:00;0.3;38.64212987
1900-04-27 18:00:00+01:00;1;36.17754151
1900-04-27 19:00:00+01:00;0.6;34.65849158
1900-04-27 20:00:00+01:00;0.7;32.41877199
1900-04-27 21:00:00+01:00;0;30.54129438
1900-04-27 22:00:00+01:00;0.3;28.7019651
1900-04-27 23:00:00+01:00;-0.3;28.01455272
1900-04-28 00:00:00+01:00;-2;26.29089043
1900-04-28 01:00:00+01:00;-2.4;25.84062566
1900-04-28 02:00:00+01:00;-3;26.21801736
1900-04-28 03:00:00+01:00;-3.5;26.30286581
1900-04-28 04:00:00+01:00;-4.3;26.94834389
1900-04-28 05:00:00+01:00;-2.8;27.27530531
1900-04-28 06:00:00+01:00;-1.5;28.54873908
1900-04-28 07:00:00+01:00;-0.1;29.63759513
1900-04-28 08:00:00+01:00;0.9;31.51991998
1900-04-28 09:00:00+01:00;2.3;32.27166258
1900-04-28 10:00:00+01:00;3.4;32.64052092
1900-04-28 11:00:00+01:00;4.7;32.1125149
1900-04-28 12:00:00+01:00;6.4;30.82780785
1900-04-28 13:00:00+01:00;6.6;30.349275
1900-04-28 14:00:00+01:00;9.5;27.4269807
1900-04-28 15:00:00+01:00;8.1;27.33696108
1900-04-28 16:00:00+01:00;7.1;27.23311259
1900-04-28 17:00:00+01:00;7.1;26.73865307
1900-04-28 18:00:00+01:00;6.6;25.84077951
1900-04-28 19:00:00+01:00;5.7;25.13877425
1900-04-28 20:00:00+01:00;5.2;24.51010648
1900-04-28 21:00:00+01:00;4;24.34261624
1900-04-28 22:00:00+01:00;4;23.69936374
1900-04-28 23:00:00+01:00;3.5;23.58010268
1900-04-29 00:00:00+01:00;3.1;23.08319059
1900-04-29 01:00:00+01:00;3.1;22.53967838
1900-04-29 02:00:00+01:00;3.1;22.30675918
1900-04-29 03:00:00+01:00;3;21.94933636
1900-04-29 04:00:00+01:00;2.6;22.22391624
1900-04-29 05:00:00+01:00;3.2;22.39011255
1900-04-29 06:00:00+01:00;3.3;23.44029206
1900-04-29 07:00:00+01:00;4.4;23.86915471
1900-04-29 08:00:00+01:00;4.4;24.68942272
1900-04-29 09:00:00+01:00;4.8;24.45913729
1900-04-29 10:00:00+01:00;4;24.86612679
1900-04-29 11:00:00+01:00;3.8;25.23749889
1900-04-29 12:00:00+01:00;4.5;24.85444299
1900-04-29 13:00:00+01:00;4.3;24.89634846
1900-04-29 14:00:00+01:00;4.4;24.80231556
1900-04-29 15:00:00+01:00;4.6;24.65865862
1900-04-29 16:00:00+01:00;5;24.22198252
1900-04-29 17:00:00+01:00;5.3;23.85906996
1900-04-29 18:00:00+01:00;5.7;23.12529315
1900-04-29 19:00:00+01:00;5.2;22.88153197
1900-04-29 20:00:00+01:00;5.1;22.53547775
1900-04-29 21:00:00+01:00;3.8;22.86810932
1900-04-29 22:00:00+01:00;2.7;22.89764675
1900-04-29 23:00:00+01:00;1.7;23.10167472
1900-04-30 00:00:00+01:00;1.3;24.5319667
1900-04-30 01:00:00+01:00;1.1;24.52699757
1900-04-30 02:00:00+01:00;1.5;24.63101634
1900-04-30 03:00:00+01:00;1.4;25.01116895
1900-04-30 04:00:00+01:00;0.4;26.33911365
1900-04-30 05:00:00+01:00;0.2;28.57065668
1900-04-30 06:00:00+01:00;1.6;34.31126145
1900-04-30 07:00:00+01:00;3.6;40.04577221
1900-04-30 08:00:00+01:00;4.8;43.40091824
1900-04-30 09:00:00+01:00;7.7;42.3637223
1900-04-30 10:00:00+01:00;9.6;41.24109088
1900-04-30 11:00:00+01:00;12.3;38.13674538
1900-04-30 12:00:00+01:00;12.6;35.83282787
1900-04-30 13:00:00+01:00;14.4;32.36875979
1900-04-30 14:00:00+01:00;14.6;30.90371104
1900-04-30 15:00:00+01:00;14.8;29.69536783
1900-04-30 16:00:00+01:00;16;27.74917968
1900-04-30 17:00:00+01:00;12.9;27.69429613
1900-04-30 18:00:00+01:00;12;26.24413446
1900-04-30 19:00:00+01:00;8.9;27.05691758
1900-04-30 20:00:00+01:00;7.8;25.63821522
1900-04-30 21:00:00+01:00;7.2;23.92297277
1900-04-30 22:00:00+01:00;6.1;22.67417071
1900-04-30 23:00:00+01:00;5;22.07849126
1900-05-01 00:00:00+01:00;4.7;21.12804236
1900-05-01 01:00:00+01:00;2;21.76944151
1900-05-01 02:00:00+01:00;1.2;22.14137359
1900-05-01 03:00:00+01:00;1.2;22.43061696
1900-05-01 04:00:00+01:00;-1;24.04137681
1900-05-01 05:00:00+01:00;2.1;24.90547485
1900-05-01 06:00:00+01:00;3;30.06893689
1900-05-01 07:00:00+01:00;4.1;35.63047558
1900-05-01 08:00:00+01:00;6.3;38.34022516
1900-05-01 09:00:00+01:00;6.6;39.17338173
1900-05-01 10:00:00+01:00;8.1;38.69505883
1900-05-01 11:00:00+01:00;7.4;39.03714529
1900-05-01 12:00:00+01:00;9;37.69201016
1900-05-01 13:00:00+01:00;9.2;37.11012826
1900-05-01 14:00:00+01:00;9.8;35.94982348
1900-05-01 15:00:00+01:00;9.8;34.8269722
1900-05-01 16:00:00+01:00;10.4;32.2848138
1900-05-01 17:00:00+01:00;7.5;31.56953542
1900-05-01 18:00:00+01:00;6;30.6207589
1900-05-01 19:00:00+01:00;5.7;29.29571812
1900-05-01 20:00:00+01:00;5.3;27.55206465
1900-05-01 21:00:00+01:00;4.6;25.9130373
1900-05-01 22:00:00+01:00;5;24.15515242
1900-05-01 23:00:00+01:00;4.2;23.56763976
1900-05-02 00:00:00+01:00;3.5;22.848501
1900-05-02 01:00:00+01:00;3.3;22.75863961
1900-05-02 02:00:00+01:00;2.3;23.1776592
1900-05-02 03:00:00+01:00;1.8;23.59607018
1900-05-02 04:00:00+01:00;0.2;24.97258538
1900-05-02 05:00:00+01:00;0.6;26.92068052
1900-05-02 06:00:00+01:00;2;32.33274502
1900-05-02 07:00:00+01:00;2.9;38.41953804
1900-05-02 08:00:00+01:00;3.9;42.15339722
1900-05-02 09:00:00+01:00;5;42.46398876
1900-05-02 10:00:00+01:00;4.8;43.21397324
1900-05-02 11:00:00+01:00;4.8;42.92747913
1900-05-02 12:00:00+01:00;5.4;42.28502959
1900-05-02 13:00:00+01:00;5.5;41.67686275
1900-05-02 14:00:00+01:00;6.5;40.13107945
1900-05-02 15:00:00+01:00;6.3;38.97343231
1900-05-02 16:00:00+01:00;6.7;36.01756764
1900-05-02 17:00:00+01:00;6.4;33.51765381
1900-05-02 18:00:00+01:00;5.7;31.90946582
1900-05-02 19:00:00+01:00;6.1;30.07916153
1900-05-02 20:00:00+01:00;6;28.11955535
1900-05-02 21:00:00+01:00;5.8;26.21304021
1900-05-02 22:00:00+01:00;5.4;24.72119532
1900-05-02 23:00:00+01:00;5.2;23.91707336
1900-05-03 00:00:00+01:00;5.2;22.96417211
1900-05-03 01:00:00+01:00;5.2;22.82540731
1900-05-03 02:00:00+01:00;5;22.98557228
1900-05-03 03:00:00+01:00;5;23.16314508
1900-05-03 04:00:00+01:00;4.7;24.01197708
1900-05-03 05:00:00+01:00;5.1;25.40547323
1900-05-03 06:00:00+01:00;5.7;30.57631394
1900-05-03 07:00:00+01:00;6;36.617199
1900-05-03 08:00:00+01:00;6.5;40.18910275
1900-05-03 09:00:00+01:00;6.8;40.93472447
1900-05-03 10:00:00+01:00;7.4;40.87928566
1900-05-03 11:00:00+01:00;7.8;40.07801854
1900-05-03 12:00:00+01:00;8.9;38.79001699
1900-05-03 13:00:00+01:00;10;37.19160494
1900-05-03 14:00:00+01:00;10.2;36.00743529
1900-05-03 15:00:00+01:00;10;34.76419611
1900-05-03 16:00:00+01:00;9.6;32.5755394
1900-05-03 17:00:00+01:00;8.1;30.85964463
1900-05-03 18:00:00+01:00;7.8;29.11144209
1900-05-03 19:00:00+01:00;7;27.99124387
1900-05-03 20:00:00+01:00;6.2;26.42204759
1900-05-03 21:00:00+01:00;6.2;24.4752163
1900-05-03 22:00:00+01:00;5.9;22.9808123
1900-05-03 23:00:00+01:00;6.5;21.85371304
1900-05-04 00:00:00+01:00;6.8;20.84165953
1900-05-04 01:00:00+01:00;7;20.63790633
1900-05-04 02:00:00+01:00;6.8;20.79874845
1900-05-04 03:00:00+01:00;7;20.91885898
1900-05-04 04:00:00+01:00;6.9;21.70268798
1900-05-04 05:00:00+01:00;7.3;22.95445679
1900-05-04 06:00:00+01:00;7.4;27.91714878
1900-05-04 07:00:00+01:00;7.9;33.49589028
1900-05-04 08:00:00+01:00;10;35.67262021
1900-05-04 09:00:00+01:00;11.5;34.27473874
1900-05-04 10:00:00+01:00;12.2;34.29111183
1900-05-04 11:00:00+01:00;12.2;34.75933941
1900-05-04 12:00:00+01:00;13.1;32.65207276
1900-05-04 13:00:00+01:00;13.5;31.82278807
1900-05-04 14:00:00+01:00;13.8;31.04704372
1900-05-04 15:00:00+01:00;12.9;30.91972731
1900-05-04 16:00:00+01:00;11.7;29.54479482
1900-05-04 17:00:00+01:00;11.5;27.43425968
1900-05-04 18:00:00+01:00;11.2;25.71626897
1900-05-04 19:00:00+01:00;10.2;24.7998397
1900-05-04 20:00:00+01:00;9.7;23.18412417
1900-05-04 21:00:00+01:00;8.5;21.82944034
1900-05-04 22:00:00+01:00;8.5;20.23803115
1900-05-04 23:00:00+01:00;7.6;19.65448578
1900-05-05 00:00:00+01:00;7.2;17.61773152
1900-05-05 01:00:00+01:00;6.1;17.47612608
1900-05-05 02:00:00+01:00;5.8;17.55834335
1900-05-05 03:00:00+01:00;6.4;17.37852171
1900-05-05 04:00:00+01:00;7.4;17.11701346
1900-05-05 05:00:00+01:00;8.2;17.47621853
1900-05-05 06:00:00+01:00;9;18.35090433
1900-05-05 07:00:00+01:00;9;19.47224716
1900-05-05 08:00:00+01:00;10.5;20.4496353
1900-05-05 09:00:00+01:00;11.8;20.810054
1900-05-05 10:00:00+01:00;13.2;21.01136492
1900-05-05 11:00:00+01:00;12.4;21.7556769
1900-05-05 12:00:00+01:00;14.4;20.71014778
1900-05-05 13:00:00+01:00;14.6;20.62828031
1900-05-05 14:00:00+01:00;14.5;20.30584354
1900-05-05 15:00:00+01:00;13.7;19.95616844
1900-05-05 16:00:00+01:00;13.5;19.31648482
1900-05-05 17:00:00+01:00;14.2;18.63505829
1900-05-05 18:00:00+01:00;13;18.13988738
1900-05-05 19:00:00+01:00;11.5;17.96052759
1900-05-05 20:00:00+01:00;10;17.61053585
1900-05-05 21:00:00+01:00;8.6;17.36755596
1900-05-05 22:00:00+01:00;8.5;17.10326981
1900-05-05 23:00:00+01:00;7;17.34103633
1900-05-06 00:00:00+01:00;6.2;17.43541138
1900-05-06 01:00:00+01:00;5.4;17.29026835
1900-05-06 02:00:00+01:00;2.5;18.25306624
1900-05-06 03:00:00+01:00;3.4;18.19164511
1900-05-06 04:00:00+01:00;4;18.18326539
1900-05-06 05:00:00+01:00;4.8;18.55327876
1900-05-06 06:00:00+01:00;6.4;19.01740773
1900-05-06 07:00:00+01:00;7.3;19.58696056
1900-05-06 08:00:00+01:00;8;20.12346742
1900-05-06 09:00:00+01:00;9;19.7735791
1900-05-06 10:00:00+01:00;8.3;20.23220966
1900-05-06 11:00:00+01:00;10.6;19.4120852
1900-05-06 12:00:00+01:00;11.9;18.82857239
1900-05-06 13:00:00+01:00;12.9;18.47328281
1900-05-06 14:00:00+01:00;12.2;18.66787784
1900-05-06 15:00:00+01:00;14.5;17.14896229
1900-05-06 16:00:00+01:00;14.2;17.16148174
1900-05-06 17:00:00+01:00;13;17.34764553
1900-05-06 18:00:00+01:00;12.5;17.459636
1900-05-06 19:00:00+01:00;11.8;17.07831142
1900-05-06 20:00:00+01:00;10.4;17.45662101
1900-05-06 21:00:00+01:00;9.4;17.57251592
1900-05-06 22:00:00+01:00;8.2;17.59657537
1900-05-06 23:00:00+01:00;5.8;18.55519314
1900-05-07 00:00:00+01:00;5.5;20.05325195
1900-05-07 01:00:00+01:00;3.8;20.46673888
1900-05-07 02:00:00+01:00;3.4;20.68103542
1900-05-07 03:00:00+01:00;2.8;21.13270931
1900-05-07 04:00:00+01:00;2.6;22.07953037
1900-05-07 05:00:00+01:00;3.1;23.76068083
1900-05-07 06:00:00+01:00;5.5;27.98147211
1900-05-07 07:00:00+01:00;7.6;32.67553258
1900-05-07 08:00:00+01:00;10.2;34.68590735
1900-05-07 09:00:00+01:00;11.6;33.69865963
1900-05-07 10:00:00+01:00;12.1;33.8637456
1900-05-07 11:00:00+01:00;13;32.67761456
1900-05-07 12:00:00+01:00;14;31.84593295
1900-05-07 13:00:00+01:00;14.9;31.13166938
1900-05-07 14:00:00+01:00;15.6;30.32670871
1900-05-07 15:00:00+01:00;15.7;29.40179018
1900-05-07 16:00:00+01:00;14;28.04027979
1900-05-07 17:00:00+01:00;13.5;26.03572483
1900-05-07 18:00:00+01:00;12.1;24.96547961
1900-05-07 19:00:00+01:00;11;24.3696849
1900-05-07 20:00:00+01:00;10.3;23.01302504
1900-05-07 21:00:00+01:00;8.8;21.87953473
1900-05-07 22:00:00+01:00;8.4;20.50183348
1900-05-07 23:00:00+01:00;8.2;19.64704976
1900-05-08 00:00:00+01:00;7.8;18.87289484
1900-05-08 01:00:00+01:00;7.6;18.71526912
1900-05-08 02:00:00+01:00;7.5;18.75327547
1900-05-08 03:00:00+01:00;7.1;18.96338785
1900-05-08 04:00:00+01:00;6.5;19.80133192
1900-05-08 05:00:00+01:00;7.7;20.6732181
1900-05-08 06:00:00+01:00;8.5;24.84619665
1900-05-08 07:00:00+01:00;9.8;29.4544637
1900-05-08 08:00:00+01:00;10.8;32.58627524
1900-05-08 09:00:00+01:00;11.7;32.55062575
1900-05-08 10:00:00+01:00;13.4;31.95897536
1900-05-08 11:00:00+01:00;14.4;31.67551612
1900-05-08 12:00:00+01:00;14.7;31.44649194
1900-05-08 13:00:00+01:00;15.1;30.93654206
1900-05-08 14:00:00+01:00;15.2;30.28670558
1900-05-08 15:00:00+01:00;15;29.16411869
1900-05-08 16:00:00+01:00;15.3;27.61272736
1900-05-08 17:00:00+01:00;15;25.16538243
1900-05-08 18:00:00+01:00;14;23.20140324
1900-05-08 19:00:00+01:00;12.7;22.52262955
1900-05-08 20:00:00+01:00;11.4;21.45720815
1900-05-08 21:00:00+01:00;11;19.91602472
1900-05-08 22:00:00+01:00;9.5;18.98043494
1900-05-08 23:00:00+01:00;8.2;18.52432195
1900-05-09 00:00:00+01:00;7.7;17.82571435
1900-05-09 01:00:00+01:00;7.2;17.85372694
1900-05-09 02:00:00+01:00;6.6;18.15715669
1900-05-09 03:00:00+01:00;6.3;18.48148328
1900-05-09 04:00:00+01:00;6.6;19.14141425
1900-05-09 05:00:00+01:00;7.9;20.0860545
1900-05-09 06:00:00+01:00;9.9;23.64238394
1900-05-09 07:00:00+01:00;10.9;28.30427275
1900-05-09 08:00:00+01:00;13.6;29.24237549
1900-05-09 09:00:00+01:00;16.4;30.5682297
1900-05-09 10:00:00+01:00;17.8;31.62744528
1900-05-09 11:00:00+01:00;20;32.32542098
1900-05-09 12:00:00+01:00;21.3;32.7752909
1900-05-09 13:00:00+01:00;21.3;32.48347023
1900-05-09 14:00:00+01:00;22.5;32.53087201
1900-05-09 15:00:00+01:00;20.7;30.93117012
1900-05-09 16:00:00+01:00;17.6;28.14628684
1900-05-09 17:00:00+01:00;17;25.42130787
1900-05-09 18:00:00+01:00;16.4;23.08894215
1900-05-09 19:00:00+01:00;15.4;21.8051732
1900-05-09 20:00:00+01:00;12.6;20.11000143
1900-05-09 21:00:00+01:00;11.9;18.65910906
1900-05-09 22:00:00+01:00;10.7;17.52208344
1900-05-09 23:00:00+01:00;9.4;16.61693616
1900-05-10 00:00:00+01:00;7.9;16.21061922
1900-05-10 01:00:00+01:00;7.5;16.16250654
1900-05-10 02:00:00+01:00;7.3;16.26813774
1900-05-10 03:00:00+01:00;8.4;16.08343934
1900-05-10 04:00:00+01:00;8.9;16.54992862
1900-05-10 05:00:00+01:00;9.2;17.69129881
1900-05-10 06:00:00+01:00;9.3;21.81638229
1900-05-10 07:00:00+01:00;9.4;26.76052314
1900-05-10 08:00:00+01:00;11.5;29.63463052
1900-05-10 09:00:00+01:00;11.8;30.80105323
1900-05-10 10:00:00+01:00;14.1;31.43066015
1900-05-10 11:00:00+01:00;16.7;31.45394929
1900-05-10 12:00:00+01:00;17.7;31.68073518
1900-05-10 13:00:00+01:00;19.7;31.9523123
1900-05-10 14:00:00+01:00;20.8;31.90278406
1900-05-10 15:00:00+01:00;20.4;30.83940733
1900-05-10 16:00:00+01:00;18.4;28.34484042
1900-05-10 17:00:00+01:00;17.3;25.4818524
1900-05-10 18:00:00+01:00;17.1;23.07848643
1900-05-10 19:00:00+01:00;16;21.79595782
1900-05-10 20:00:00+01:00;14.8;20.2590708
1900-05-10 21:00:00+01:00;15;18.68920501
1900-05-10 22:00:00+01:00;14;17.42660798
1900-05-10 23:00:00+01:00;13.5;16.56550256
1900-05-11 00:00:00+01:00;12.8;15.74392214
1900-05-11 01:00:00+01:00;11.6;15.57326278
1900-05-11 02:00:00+01:00;10.7;15.53951335
1900-05-11 03:00:00+01:00;9.7;15.47330819
1900-05-11 04:00:00+01:00;10.2;16.26446757
1900-05-11 05:00:00+01:00;12;17.4777158
1900-05-11 06:00:00+01:00;10.5;21.61341668
1900-05-11 07:00:00+01:00;10.5;26.39618773
1900-05-11 08:00:00+01:00;10.4;29.62082774
1900-05-11 09:00:00+01:00;10.5;30.53516854
1900-05-11 10:00:00+01:00;11;30.85723169
1900-05-11 11:00:00+01:00;11.8;30.42959882
1900-05-11 12:00:00+01:00;13;31.149577
1900-05-11 13:00:00+01:00;14.6;30.73571098
1900-05-11 14:00:00+01:00;16.1;30.40323959
1900-05-11 15:00:00+01:00;15.2;29.18661853
1900-05-11 16:00:00+01:00;17.4;28.09664844
1900-05-11 17:00:00+01:00;16.6;25.3109269
1900-05-11 18:00:00+01:00;15.8;23.09790419
1900-05-11 19:00:00+01:00;14.4;21.82053217
1900-05-11 20:00:00+01:00;12.5;20.33699202
1900-05-11 21:00:00+01:00;11.5;19.01100852
1900-05-11 22:00:00+01:00;10.2;18.22712186
1900-05-11 23:00:00+01:00;9.6;17.62801697
1900-05-12 00:00:00+01:00;7.6;16.01581957
1900-05-12 01:00:00+01:00;7.1;15.75484664
1900-05-12 02:00:00+01:00;6.7;15.94127516
1900-05-12 03:00:00+01:00;6.9;16.01614672
1900-05-12 04:00:00+01:00;5;16.86661001
1900-05-12 05:00:00+01:00;9;16.5691458
1900-05-12 06:00:00+01:00;10.1;17.41672528
1900-05-12 07:00:00+01:00;9.7;18.64723983
1900-05-12 08:00:00+01:00;10.8;19.71210372
1900-05-12 09:00:00+01:00;12.4;20.04238861
1900-05-12 10:00:00+01:00;13.2;20.52546959
1900-05-12 11:00:00+01:00;13.8;20.57611984
1900-05-12 12:00:00+01:00;12.4;21.1649804
1900-05-12 13:00:00+01:00;10.8;21.1756388
1900-05-12 14:00:00+01:00;9.8;21.7276974
1900-05-12 15:00:00+01:00;9.1;21.87261605
1900-05-12 16:00:00+01:00;9.3;21.33161719
1900-05-12 17:00:00+01:00;9.2;21.06833665
1900-05-12 18:00:00+01:00;9.9;19.65967923
1900-05-12 19:00:00+01:00;9.9;18.61424978
1900-05-12 20:00:00+01:00;9.4;18.14311168
1900-05-12 21:00:00+01:00;8.9;17.78735269
1900-05-12 22:00:00+01:00;8.8;17.42433565
1900-05-12 23:00:00+01:00;8.7;17.25260667
1900-05-13 00:00:00+01:00;9.4;16.81346696
1900-05-13 01:00:00+01:00;9.6;16.36445649
1900-05-13 02:00:00+01:00;9.3;16.27971447
1900-05-13 03:00:00+01:00;8.8;16.40836887
1900-05-13 04:00:00+01:00;8.5;16.60841211
1900-05-13 05:00:00+01:00;8;17.23040308
1900-05-13 06:00:00+01:00;8;18.30961505
1900-05-13 07:00:00+01:00;8.1;19.21467654
1900-05-13 08:00:00+01:00;8.4;19.81919393
1900-05-13 09:00:00+01:00;8.5;19.91789358
1900-05-13 10:00:00+01:00;9.1;19.71598294
1900-05-13 11:00:00+01:00;9.3;19.84411531
1900-05-13 12:00:00+01:00;10.3;19.4830546
1900-05-13 13:00:00+01:00;9.9;19.59837247
1900-05-13 14:00:00+01:00;11.3;18.93405883
1900-05-13 15:00:00+01:00;12;18.43609723
1900-05-13 16:00:00+01:00;11.3;18.42932525
1900-05-13 17:00:00+01:00;10.5;18.54746552
1900-05-13 18:00:00+01:00;9.6;18.43145958
1900-05-13 19:00:00+01:00;9.5;18.02330526
1900-05-13 20:00:00+01:00;8.7;17.78259533
1900-05-13 21:00:00+01:00;8.8;17.62827869
1900-05-13 22:00:00+01:00;8.6;17.26179678
1900-05-13 23:00:00+01:00;8.6;17.13610923
1900-05-14 00:00:00+01:00;8.3;18.9116925
1900-05-14 01:00:00+01:00;8;18.93931684
1900-05-14 02:00:00+01:00;7.8;19.17016616
1900-05-14 03:00:00+01:00;7.7;19.44552587
1900-05-14 04:00:00+01:00;7.5;20.31073124
1900-05-14 05:00:00+01:00;8.2;21.43528072
1900-05-14 06:00:00+01:00;8.6;25.94946496
1900-05-14 07:00:00+01:00;8.9;31.42444292
1900-05-14 08:00:00+01:00;10.7;33.90940575
1900-05-14 09:00:00+01:00;12.6;32.89224119
1900-05-14 10:00:00+01:00;12;33.60765913
1900-05-14 11:00:00+01:00;12;33.80865618
1900-05-14 12:00:00+01:00;13.2;32.16496865
1900-05-14 13:00:00+01:00;13.3;32.07629907
1900-05-14 14:00:00+01:00;13;31.49174599
1900-05-14 15:00:00+01:00;13.3;30.2220783
1900-05-14 16:00:00+01:00;14.8;27.70866403
1900-05-14 17:00:00+01:00;13.6;25.68970556
1900-05-14 18:00:00+01:00;13.4;23.82850769
1900-05-14 19:00:00+01:00;13.4;22.47096847
1900-05-14 20:00:00+01:00;11;21.85979557
1900-05-14 21:00:00+01:00;9;20.95163411
1900-05-14 22:00:00+01:00;7.6;20.00180479
1900-05-14 23:00:00+01:00;7;19.33734173
1900-05-15 00:00:00+01:00;5.6;18.9349721
1900-05-15 01:00:00+01:00;4.4;19.24204818
1900-05-15 02:00:00+01:00;2.7;19.98241963
1900-05-15 03:00:00+01:00;3;20.27974367
1900-05-15 04:00:00+01:00;4.3;20.78917355
1900-05-15 05:00:00+01:00;7.6;21.17379528
1900-05-15 06:00:00+01:00;9.5;24.92237967
1900-05-15 07:00:00+01:00;11.3;28.84765472
1900-05-15 08:00:00+01:00;12.9;30.08256133
1900-05-15 09:00:00+01:00;15;30.60699503
1900-05-15 10:00:00+01:00;16.3;31.41697114
1900-05-15 11:00:00+01:00;17;31.50026342
1900-05-15 12:00:00+01:00;18.6;31.95629273
1900-05-15 13:00:00+01:00;18.1;31.43022526
1900-05-15 14:00:00+01:00;16.7;30.59456002
1900-05-15 15:00:00+01:00;16.7;29.70766617
1900-05-15 16:00:00+01:00;17.2;28.04701005
1900-05-15 17:00:00+01:00;16.4;25.27477657
1900-05-15 18:00:00+01:00;15.5;23.1023852
1900-05-15 19:00:00+01:00;14.5;21.81899627
1900-05-15 20:00:00+01:00;14.3;20.26580828
1900-05-15 21:00:00+01:00;14.1;18.70046738
1900-05-15 22:00:00+01:00;13.5;17.43196644
1900-05-15 23:00:00+01:00;12.7;16.6001181
1900-05-16 00:00:00+01:00;12.5;15.74392214
1900-05-16 01:00:00+01:00;11.9;15.72486421
1900-05-16 02:00:00+01:00;11.4;15.82530277
1900-05-16 03:00:00+01:00;11;15.92016612
1900-05-16 04:00:00+01:00;10.8;16.27395474
1900-05-16 05:00:00+01:00;10.8;17.501938
1900-05-16 06:00:00+01:00;11.7;21.23065126
1900-05-16 07:00:00+01:00;12;25.77297232
1900-05-16 08:00:00+01:00;13.2;29.27852373
1900-05-16 09:00:00+01:00;13.6;30.66537612
1900-05-16 10:00:00+01:00;12.6;30.88045403
1900-05-16 11:00:00+01:00;12;30.41753462
1900-05-16 12:00:00+01:00;12.7;30.9660737
1900-05-16 13:00:00+01:00;14.6;30.75360351
1900-05-16 14:00:00+01:00;15.4;30.17849808
1900-05-16 15:00:00+01:00;14.7;29.04417593
1900-05-16 16:00:00+01:00;14.7;27.42731116
1900-05-16 17:00:00+01:00;14.5;25.14132329
1900-05-16 18:00:00+01:00;13.9;22.75932951
1900-05-16 19:00:00+01:00;12.3;21.9787613
1900-05-16 20:00:00+01:00;11.7;20.27658666
1900-05-16 21:00:00+01:00;10.6;19.09589247
1900-05-16 22:00:00+01:00;10;18.30142611
1900-05-16 23:00:00+01:00;10;17.53141058
1900-05-17 00:00:00+01:00;9.7;16.54970166
1900-05-17 01:00:00+01:00;9.5;16.54922603
1900-05-17 02:00:00+01:00;9;16.85364651
1900-05-17 03:00:00+01:00;8.8;17.1415826
1900-05-17 04:00:00+01:00;9;17.86340041
1900-05-17 05:00:00+01:00;8;19.57079679
1900-05-17 06:00:00+01:00;8.4;24.00260607
1900-05-17 07:00:00+01:00;8.6;29.28648965
1900-05-17 08:00:00+01:00;9.8;32.53454183
1900-05-17 09:00:00+01:00;11.5;32.25810508
1900-05-17 10:00:00+01:00;12.6;32.36031108
1900-05-17 11:00:00+01:00;14.4;31.57661135
1900-05-17 12:00:00+01:00;16;31.32337587
1900-05-17 13:00:00+01:00;16.5;31.0150921
1900-05-17 14:00:00+01:00;15.6;30.30874559
1900-05-17 15:00:00+01:00;15.8;29.43237778
1900-05-17 16:00:00+01:00;15.2;27.59906952
1900-05-17 17:00:00+01:00;14;25.15403912
1900-05-17 18:00:00+01:00;13.3;23.41021852
1900-05-17 19:00:00+01:00;12.2;22.44301394
1900-05-17 20:00:00+01:00;11.6;21.03197416
1900-05-17 21:00:00+01:00;10;19.99017168
1900-05-17 22:00:00+01:00;9.4;18.75740127
1900-05-17 23:00:00+01:00;7;18.77863831
1900-05-18 00:00:00+01:00;7.4;17.81326305
1900-05-18 01:00:00+01:00;6.1;18.15262006
1900-05-18 02:00:00+01:00;4;19.00010141
1900-05-18 03:00:00+01:00;3.8;19.43737212
1900-05-18 04:00:00+01:00;4.2;20.2464581
1900-05-18 05:00:00+01:00;7.1;20.79929849
1900-05-18 06:00:00+01:00;10;23.83566983
1900-05-18 07:00:00+01:00;11.3;28.32035766
1900-05-18 08:00:00+01:00;13;29.77371446
1900-05-18 09:00:00+01:00;13.3;31.23049367
1900-05-18 10:00:00+01:00;14;31.74637857
1900-05-18 11:00:00+01:00;16.1;31.36132103
1900-05-18 12:00:00+01:00;18.3;31.86444021
1900-05-18 13:00:00+01:00;17.9;31.36496438
1900-05-18 14:00:00+01:00;19.4;31.45550196
1900-05-18 15:00:00+01:00;19.9;30.68646933
1900-05-18 16:00:00+01:00;20.2;28.79158597
1900-05-18 17:00:00+01:00;20.2;25.99105699
1900-05-18 18:00:00+01:00;19;23.05010664
1900-05-18 19:00:00+01:00;18.9;21.7514168
1900-05-18 20:00:00+01:00;15.3;20.25233332
1900-05-18 21:00:00+01:00;13.7;18.72468111
1900-05-18 22:00:00+01:00;11.4;17.66224951
1900-05-18 23:00:00+01:00;10;17.24893744
1900-05-19 00:00:00+01:00;10;15.29134168
1900-05-19 01:00:00+01:00;8.3;15.234397
1900-05-19 02:00:00+01:00;7.5;14.69802496
1900-05-19 03:00:00+01:00;8;15.20053712
1900-05-19 04:00:00+01:00;9.4;14.88434279
1900-05-19 05:00:00+01:00;11;14.99839299
1900-05-19 06:00:00+01:00;11.6;15.5937992
1900-05-19 07:00:00+01:00;14.6;15.7957217
1900-05-19 08:00:00+01:00;17;17.09458762
1900-05-19 09:00:00+01:00;17;18.52347869
1900-05-19 10:00:00+01:00;19.5;19.53353989
1900-05-19 11:00:00+01:00;20;19.92716001
1900-05-19 12:00:00+01:00;21.6;19.99319526
1900-05-19 13:00:00+01:00;22.1;19.97290944
1900-05-19 14:00:00+01:00;23.4;19.62555369
1900-05-19 15:00:00+01:00;24.9;18.93937391
1900-05-19 16:00:00+01:00;22;18.38318741
1900-05-19 17:00:00+01:00;23.7;17.98661388
1900-05-19 18:00:00+01:00;22.7;17.18543213
1900-05-19 19:00:00+01:00;21.4;16.30279433
1900-05-19 20:00:00+01:00;17.9;15.53587142
1900-05-19 21:00:00+01:00;17;15.1029361
1900-05-19 22:00:00+01:00;15.8;14.66625684
1900-05-19 23:00:00+01:00;16;14.5085561
1900-05-20 00:00:00+01:00;15.7;14.19179528
1900-05-20 01:00:00+01:00;14.9;13.93601889
1900-05-20 02:00:00+01:00;13.8;13.72796803
1900-05-20 03:00:00+01:00;13.2;13.74735939
1900-05-20 04:00:00+01:00;13.1;13.77895809
1900-05-20 05:00:00+01:00;12.8;13.51272257
1900-05-20 06:00:00+01:00;15;14.40776765
1900-05-20 07:00:00+01:00;16;15.10468355
1900-05-20 08:00:00+01:00;16.5;15.76094382
1900-05-20 09:00:00+01:00;17.2;15.92603053
1900-05-20 10:00:00+01:00;18.2;16.14364917
1900-05-20 11:00:00+01:00;18.3;16.47400502
1900-05-20 12:00:00+01:00;18;16.55555621
1900-05-20 13:00:00+01:00;19;16.54818967
1900-05-20 14:00:00+01:00;18;16.51682676
1900-05-20 15:00:00+01:00;17.6;16.31338564
1900-05-20 16:00:00+01:00;19;16.08324268
1900-05-20 17:00:00+01:00;18.6;15.85701846
1900-05-20 18:00:00+01:00;17.3;15.52592591
1900-05-20 19:00:00+01:00;17;15.22654121
1900-05-20 20:00:00+01:00;16.1;14.86559919
1900-05-20 21:00:00+01:00;15.7;14.65737981
1900-05-20 22:00:00+01:00;15.3;14.35693763
1900-05-20 23:00:00+01:00;15;14.30349786
1900-05-21 00:00:00+01:00;14.3;15.74392214
1900-05-21 01:00:00+01:00;13.7;15.48615298
1900-05-21 02:00:00+01:00;12.4;15.52322232
1900-05-21 03:00:00+01:00;12.4;15.64767156
1900-05-21 04:00:00+01:00;12.4;16.14929541
1900-05-21 05:00:00+01:00;13;17.38998739
1900-05-21 06:00:00+01:00;13.9;20.97414743
1900-05-21 07:00:00+01:00;15.5;25.60116455
1900-05-21 08:00:00+01:00;16;29.08255251
1900-05-21 09:00:00+01:00;18;30.73194628
1900-05-21 10:00:00+01:00;19.5;32.14601517
1900-05-21 11:00:00+01:00;18;31.65464385
1900-05-21 12:00:00+01:00;20.1;32.41555532
1900-05-21 13:00:00+01:00;20.3;32.14809494
1900-05-21 14:00:00+01:00;19.6;31.51927543
1900-05-21 15:00:00+01:00;21;31.02293292
1900-05-21 16:00:00+01:00;22.6;29.50015949
1900-05-21 17:00:00+01:00;19.3;25.8854826
1900-05-21 18:00:00+01:00;18.9;23.05160032
1900-05-21 19:00:00+01:00;17.5;21.77291936
1900-05-21 20:00:00+01:00;16.9;20.23077339
1900-05-21 21:00:00+01:00;15.6;18.68169675
1900-05-21 22:00:00+01:00;14.2;17.38717418
1900-05-21 23:00:00+01:00;13.5;16.56550256
1900-05-22 00:00:00+01:00;12.2;15.78597026
1900-05-22 01:00:00+01:00;10.6;14.60215746
1900-05-22 02:00:00+01:00;11;14.88967134
1900-05-22 03:00:00+01:00;11.2;14.99894005
1900-05-22 04:00:00+01:00;11.3;15.5133251
1900-05-22 05:00:00+01:00;12;17.33635816
1900-05-22 06:00:00+01:00;12.4;21.0043327
1900-05-22 07:00:00+01:00;13.4;25.64853104
1900-05-22 08:00:00+01:00;15.4;29.09984936
1900-05-22 09:00:00+01:00;16.6;30.58869428
1900-05-22 10:00:00+01:00;17.4;31.57131884
1900-05-22 11:00:00+01:00;18.5;31.86759749
1900-05-22 12:00:00+01:00;18.7;31.98691024
1900-05-22 13:00:00+01:00;19.1;31.75652966
1900-05-22 14:00:00+01:00;20.4;31.75499866
1900-05-22 15:00:00+01:00;20.9;30.99234532
1900-05-22 16:00:00+01:00;20.5;28.86604356
1900-05-22 17:00:00+01:00;20;25.94841172
1900-05-22 18:00:00+01:00;17.5;23.07251174
1900-05-22 19:00:00+01:00;16.6;21.78674244
1900-05-22 20:00:00+01:00;15.7;20.24694334
1900-05-22 21:00:00+01:00;15.3;18.68545088
1900-05-22 22:00:00+01:00;12.9;17.43839659
1900-05-22 23:00:00+01:00;11.2;15.98714779
1900-05-23 00:00:00+01:00;10.4;15.27612202
1900-05-23 01:00:00+01:00;7.7;15.08800585
1900-05-23 02:00:00+01:00;7.2;15.38096468
1900-05-23 03:00:00+01:00;6.9;15.76891035
1900-05-23 04:00:00+01:00;8.6;16.01575835
1900-05-23 05:00:00+01:00;12;17.44317593
1900-05-23 06:00:00+01:00;13.1;21.04343372
1900-05-23 07:00:00+01:00;14.2;25.63048666
1900-05-23 08:00:00+01:00;14.8;29.12534338
1900-05-23 09:00:00+01:00;15.9;30.51706827
1900-05-23 10:00:00+01:00;16.4;31.43100275
1900-05-23 11:00:00+01:00;16.7;31.45394929
1900-05-23 12:00:00+01:00;16.8;31.45015012
1900-05-23 13:00:00+01:00;17.5;31.23444262
1900-05-23 14:00:00+01:00;18.8;31.26418153
1900-05-23 15:00:00+01:00;19.2;30.47235614
1900-05-23 16:00:00+01:00;18.8;28.44411721
1900-05-23 17:00:00+01:00;19.3;25.8854826
1900-05-23 18:00:00+01:00;18.5;23.05757501
1900-05-23 19:00:00+01:00;16.2;21.79288602
1900-05-23 20:00:00+01:00;15.5;20.24963833
1900-05-23 21:00:00+01:00;14.1;18.70046738
1900-05-23 22:00:00+01:00;13.4;17.43303813
1900-05-23 23:00:00+01:00;13;16.5966639
1900-05-24 00:00:00+01:00;12.3;15.78477987
1900-05-24 01:00:00+01:00;12.6;15.5258792
1900-05-24 02:00:00+01:00;12.7;15.51952358
1900-05-24 03:00:00+01:00;12.4;15.64767156
1900-05-24 04:00:00+01:00;11.9;16.09795505
1900-05-24 05:00:00+01:00;13.8;17.38998739
1900-05-24 06:00:00+01:00;14.3;20.97414743
1900-05-24 07:00:00+01:00;15.6;25.598909
1900-05-24 08:00:00+01:00;16.9;29.05660724
1900-05-24 09:00:00+01:00;17.7;30.70124942
1900-05-24 10:00:00+01:00;19.8;32.2364613
1900-05-24 11:00:00+01:00;21.2;32.69167976
1900-05-24 12:00:00+01:00;21.1;32.71132743
1900-05-24 13:00:00+01:00;20.6;32.24598626
1900-05-24 14:00:00+01:00;22.4;32.49392566
1900-05-24 15:00:00+01:00;22.9;31.73276019
1900-05-24 16:00:00+01:00;21.8;29.1993407
1900-05-24 17:00:00+01:00;22;26.39835955
1900-05-24 18:00:00+01:00;21;22.98183293
1900-05-24 19:00:00+01:00;19.1;21.74834501
1900-05-24 20:00:00+01:00;16.3;20.23885837
1900-05-24 21:00:00+01:00;15;18.68920501
1900-05-24 22:00:00+01:00;13;17.4373249
1900-05-24 23:00:00+01:00;11.7;15.71559315
1900-05-25 00:00:00+01:00;11.2;14.95848053
1900-05-25 01:00:00+01:00;10;14.56808916
1900-05-25 02:00:00+01:00;9.1;13.83996399
1900-05-25 03:00:00+01:00;8.5;14.25108329
1900-05-25 04:00:00+01:00;9.1;14.80814321
1900-05-25 05:00:00+01:00;11.8;17.30642468
1900-05-25 06:00:00+01:00;14.5;20.97414743
1900-05-25 07:00:00+01:00;16.2;25.58537572
1900-05-25 08:00:00+01:00;18.1;29.02201354
1900-05-25 09:00:00+01:00;19.6;30.89566285
1900-05-25 10:00:00+01:00;21.7;32.82393202
1900-05-25 11:00:00+01:00;22.2;33.00626787
1900-05-25 12:00:00+01:00;23.1;33.36786792
1900-05-25 13:00:00+01:00;25.4;33.97611377
1900-05-25 14:00:00+01:00;24.6;33.30674535
1900-05-25 15:00:00+01:00;24;32.1564063
1900-05-25 16:00:00+01:00;26.4;30.74031945
1900-05-25 17:00:00+01:00;24.1;26.88501656
1900-05-25 18:00:00+01:00;23.6;23.06008303
1900-05-25 19:00:00+01:00;21.5;21.70793452
1900-05-25 20:00:00+01:00;17.8;20.21864593
1900-05-25 21:00:00+01:00;15.9;18.67794263
1900-05-25 22:00:00+01:00;14;17.42660798
1900-05-25 23:00:00+01:00;13.5;16.56550256
1900-05-26 00:00:00+01:00;11.7;13.53812294
1900-05-26 01:00:00+01:00;11.6;13.36090019
1900-05-26 02:00:00+01:00;10.9;12.87002709
1900-05-26 03:00:00+01:00;11.1;12.88142795
1900-05-26 04:00:00+01:00;11;12.86314699
1900-05-26 05:00:00+01:00;11.8;13.51098418
1900-05-26 06:00:00+01:00;13;14.50968287
1900-05-26 07:00:00+01:00;15.1;15.70183361
1900-05-26 08:00:00+01:00;17.4;17.09458762
1900-05-26 09:00:00+01:00;18.4;18.52347869
1900-05-26 10:00:00+01:00;16.4;19.56734085
1900-05-26 11:00:00+01:00;19.4;19.92461029
1900-05-26 12:00:00+01:00;16.2;20.05846463
1900-05-26 13:00:00+01:00;16.2;19.92280381
1900-05-26 14:00:00+01:00;14;19.09907967
1900-05-26 15:00:00+01:00;11.1;19.17891387
1900-05-26 16:00:00+01:00;9.3;19.07223528
1900-05-26 17:00:00+01:00;8.7;19.18589775
1900-05-26 18:00:00+01:00;8.8;18.195011
1900-05-26 19:00:00+01:00;9.8;16.64779619
1900-05-26 20:00:00+01:00;10.3;16.38891888
1900-05-26 21:00:00+01:00;10.4;15.96873998
1900-05-26 22:00:00+01:00;9.3;15.92717779
1900-05-26 23:00:00+01:00;8.1;16.05780815
1900-05-27 00:00:00+01:00;8.1;15.99920587
1900-05-27 01:00:00+01:00;7.5;15.4651356
1900-05-27 02:00:00+01:00;7.1;15.59921799
1900-05-27 03:00:00+01:00;6.9;15.8427288
1900-05-27 04:00:00+01:00;6.8;16.12973858
1900-05-27 05:00:00+01:00;6.6;16.8797957
1900-05-27 06:00:00+01:00;6.9;17.93076471
1900-05-27 07:00:00+01:00;6.7;19.08682738
1900-05-27 08:00:00+01:00;7.7;19.70064386
1900-05-27 09:00:00+01:00;8.9;19.44701994
1900-05-27 10:00:00+01:00;9.5;19.41760887
1900-05-27 11:00:00+01:00;11;19.14048586
1900-05-27 12:00:00+01:00;11.1;19.11222108
1900-05-27 13:00:00+01:00;11;19.2342994
1900-05-27 14:00:00+01:00;11.1;19.12226563
1900-05-27 15:00:00+01:00;11.2;18.9296635
1900-05-27 16:00:00+01:00;11;18.70517083
1900-05-27 17:00:00+01:00;10.7;18.60277855
1900-05-27 18:00:00+01:00;10.7;18.12596892
1900-05-27 19:00:00+01:00;10.2;17.87491778
1900-05-27 20:00:00+01:00;8.3;18.14547533
1900-05-27 21:00:00+01:00;7;18.59188271
1900-05-27 22:00:00+01:00;5.6;18.93069064
1900-05-27 23:00:00+01:00;4.7;19.06522812
1900-05-28 00:00:00+01:00;4.6;20.5735041
1900-05-28 01:00:00+01:00;3.7;20.80916098
1900-05-28 02:00:00+01:00;3.6;21.06525752
1900-05-28 03:00:00+01:00;3.7;21.3843724
1900-05-28 04:00:00+01:00;4.4;22.08244798
1900-05-28 05:00:00+01:00;4.6;23.74496253
1900-05-28 06:00:00+01:00;6;28.40158832
1900-05-28 07:00:00+01:00;7.2;33.68483309
1900-05-28 08:00:00+01:00;8.5;36.73002723
1900-05-28 09:00:00+01:00;9.2;37.26819447
1900-05-28 10:00:00+01:00;10.1;37.07595127
1900-05-28 11:00:00+01:00;11.3;35.82463727
1900-05-28 12:00:00+01:00;12.3;34.62624735
1900-05-28 13:00:00+01:00;12.5;33.57927631
1900-05-28 14:00:00+01:00;13.1;32.25967174
1900-05-28 15:00:00+01:00;12.7;31.45704776
1900-05-28 16:00:00+01:00;12.7;29.44158923
1900-05-28 17:00:00+01:00;12.7;26.96482629
1900-05-28 18:00:00+01:00;12.8;24.76244564
1900-05-28 19:00:00+01:00;12.3;23.51035641
1900-05-28 20:00:00+01:00;10.9;23.26346117
1900-05-28 21:00:00+01:00;9.2;22.1604343
1900-05-28 22:00:00+01:00;5.6;21.99166813
1900-05-28 23:00:00+01:00;4.5;21.44217902
1900-05-29 00:00:00+01:00;4.9;20.32880698
1900-05-29 01:00:00+01:00;4;20.45236298
1900-05-29 02:00:00+01:00;6.8;19.67985395
1900-05-29 03:00:00+01:00;6.7;19.85047034
1900-05-29 04:00:00+01:00;6.6;20.60775728
1900-05-29 05:00:00+01:00;8.9;21.05525595
1900-05-29 06:00:00+01:00;10.4;24.38858751
1900-05-29 07:00:00+01:00;11.1;29.14322778
1900-05-29 08:00:00+01:00;12.2;31.64737944
1900-05-29 09:00:00+01:00;12.5;32.67310555
1900-05-29 10:00:00+01:00;12.8;33.01635902
1900-05-29 11:00:00+01:00;13.4;32.09407415
1900-05-29 12:00:00+01:00;13.6;31.9154198
1900-05-29 13:00:00+01:00;13.3;31.96332705
1900-05-29 14:00:00+01:00;12.9;31.52969405
1900-05-29 15:00:00+01:00;12.5;30.63034699
1900-05-29 16:00:00+01:00;13.5;28.14914271
1900-05-29 17:00:00+01:00;12.8;26.14883945
1900-05-29 18:00:00+01:00;12.6;24.15932163
1900-05-29 19:00:00+01:00;11.5;23.67273265
1900-05-29 20:00:00+01:00;10.7;22.38170006
1900-05-29 21:00:00+01:00;10.6;20.63463946
1900-05-29 22:00:00+01:00;9.6;19.32711328
1900-05-29 23:00:00+01:00;10.5;18.1958924
1900-05-30 00:00:00+01:00;9.5;17.57825829
1900-05-30 01:00:00+01:00;9.6;17.29215938
1900-05-30 02:00:00+01:00;8.3;17.73348995
1900-05-30 03:00:00+01:00;8;17.98395416
1900-05-30 04:00:00+01:00;7.9;18.71141067
1900-05-30 05:00:00+01:00;8;20.05231798
1900-05-30 06:00:00+01:00;8.7;24.33762189
1900-05-30 07:00:00+01:00;9.7;29.17544587
1900-05-30 08:00:00+01:00;10.3;32.68304904
1900-05-30 09:00:00+01:00;11.6;32.46353315
1900-05-30 10:00:00+01:00;11.4;33.50157766
1900-05-30 11:00:00+01:00;11.4;33.30566382
1900-05-30 12:00:00+01:00;12;32.6717041
1900-05-30 13:00:00+01:00;12.1;32.40444888
1900-05-30 14:00:00+01:00;12;31.78405884
1900-05-30 15:00:00+01:00;12.3;30.5132985
1900-05-30 16:00:00+01:00;12.1;28.66836566
1900-05-30 17:00:00+01:00;11.9;26.32605966
1900-05-30 18:00:00+01:00;11.8;24.59274278
1900-05-30 19:00:00+01:00;11.6;23.41055472
1900-05-30 20:00:00+01:00;11.2;21.90774613
1900-05-30 21:00:00+01:00;10.9;20.31032564
1900-05-30 22:00:00+01:00;10.6;18.7033855
1900-05-30 23:00:00+01:00;10.4;18.23958616
1900-05-31 00:00:00+01:00;10.1;17.47395472
1900-05-31 01:00:00+01:00;9.9;17.48531836
1900-05-31 02:00:00+01:00;9.8;17.59657333
1900-05-31 03:00:00+01:00;9.2;17.92899041
1900-05-31 04:00:00+01:00;9.2;18.62090188
1900-05-31 05:00:00+01:00;9.7;19.64050773
1900-05-31 06:00:00+01:00;10.2;23.64332687
1900-05-31 07:00:00+01:00;10.5;28.69176958
1900-05-31 08:00:00+01:00;11.2;31.37921723
1900-05-31 09:00:00+01:00;12.3;32.11639773
1900-05-31 10:00:00+01:00;12.5;32.56553807
1900-05-31 11:00:00+01:00;13.6;31.79240191
1900-05-31 12:00:00+01:00;14.1;31.52715426
1900-05-31 13:00:00+01:00;13.9;31.16779946
1900-05-31 14:00:00+01:00;15.6;30.31046582
1900-05-31 15:00:00+01:00;14.3;29.3184364
1900-05-31 16:00:00+01:00;14.8;27.57264945
1900-05-31 17:00:00+01:00;15;25.16538243
1900-05-31 18:00:00+01:00;14;23.14795987
1900-05-31 19:00:00+01:00;13.7;21.9723616
1900-05-31 20:00:00+01:00;13;20.32654522
1900-05-31 21:00:00+01:00;11.4;19.27641194
1900-05-31 22:00:00+01:00;11.2;17.9930406
1900-05-31 23:00:00+01:00;10.8;17.32029429
1900-06-01 00:00:00+01:00;11.5;16.31495416
1900-06-01 01:00:00+01:00;12.2;15.53057327
1900-06-01 02:00:00+01:00;12.2;15.52568815
1900-06-01 03:00:00+01:00;13.5;15.62312287
1900-06-01 04:00:00+01:00;11.8;16.29772047
1900-06-01 05:00:00+01:00;11.3;18.08749838
1900-06-01 06:00:00+01:00;12.6;21.3365646
1900-06-01 07:00:00+01:00;14.9;25.61469783
1900-06-01 08:00:00+01:00;17.5;29.03931039
1900-06-01 09:00:00+01:00;19.4;30.87519828
1900-06-01 10:00:00+01:00;23.2;33.29385145
1900-06-01 11:00:00+01:00;24.8;33.83606934
1900-06-01 12:00:00+01:00;25.5;34.18253431
1900-06-01 13:00:00+01:00;27;34.57891983
1900-06-01 14:00:00+01:00;30.8;35.61867494
1900-06-01 15:00:00+01:00;27.4;33.46585789
1900-06-01 16:00:00+01:00;26.1;30.64241209
1900-06-01 17:00:00+01:00;25.8;27.278977
1900-06-01 18:00:00+01:00;25.6;23.13193297
1900-06-01 19:00:00+01:00;24.1;21.81038235
1900-06-01 20:00:00+01:00;21.5;20.12389498
1900-06-01 21:00:00+01:00;19.2;18.63664725
1900-06-01 22:00:00+01:00;17;17.38717418
1900-06-01 23:00:00+01:00;15;16.56550256
1900-06-02 00:00:00+01:00;14;14.3496472
1900-06-02 01:00:00+01:00;12.5;13.55430594
1900-06-02 02:00:00+01:00;11;12.62665924
1900-06-02 03:00:00+01:00;10.9;12.57887371
1900-06-02 04:00:00+01:00;11.9;13.27998481
1900-06-02 05:00:00+01:00;15;14.17824617
1900-06-02 06:00:00+01:00;18;14.75662247
1900-06-02 07:00:00+01:00;18.7;15.6555792
1900-06-02 08:00:00+01:00;21.2;17.09458762
1900-06-02 09:00:00+01:00;24.2;18.52347869
1900-06-02 10:00:00+01:00;26;19.5510181
1900-06-02 11:00:00+01:00;25;19.92716001
1900-06-02 12:00:00+01:00;26.8;19.99319526
1900-06-02 13:00:00+01:00;28;19.97290944
1900-06-02 14:00:00+01:00;26.6;19.62555369
1900-06-02 15:00:00+01:00;26;18.93937391
1900-06-02 16:00:00+01:00;25.4;18.38318741
1900-06-02 17:00:00+01:00;25.2;17.98661388
1900-06-02 18:00:00+01:00;24.5;17.18543213
1900-06-02 19:00:00+01:00;22.5;16.30279433
1900-06-02 20:00:00+01:00;19.3;15.5162659
1900-06-02 21:00:00+01:00;17.4;15.09746907
1900-06-02 22:00:00+01:00;16.3;14.66625684
1900-06-02 23:00:00+01:00;15.5;14.5085561
1900-06-03 00:00:00+01:00;11.7;13.24554445
1900-06-03 01:00:00+01:00;11.1;13.15902204
1900-06-03 02:00:00+01:00;10.3;12.4312483
1900-06-03 03:00:00+01:00;10;12.45657241
1900-06-03 04:00:00+01:00;11;12.43733247
1900-06-03 05:00:00+01:00;13.9;13.84104674
1900-06-03 06:00:00+01:00;15.4;14.36567327
1900-06-03 07:00:00+01:00;17.2;15.07011679
1900-06-03 08:00:00+01:00;20.5;15.74689392
1900-06-03 09:00:00+01:00;22;15.92603053
1900-06-03 10:00:00+01:00;23.6;16.14695278
1900-06-03 11:00:00+01:00;26.2;16.46475112
1900-06-03 12:00:00+01:00;26.6;16.50945397
1900-06-03 13:00:00+01:00;26.5;16.52087282
1900-06-03 14:00:00+01:00;25.9;16.4548607
1900-06-03 15:00:00+01:00;25.6;16.26043249
1900-06-03 16:00:00+01:00;24.3;16.05610027
1900-06-03 17:00:00+01:00;24.4;15.81788957
1900-06-03 18:00:00+01:00;23;15.50106516
1900-06-03 19:00:00+01:00;21.3;15.20082408
1900-06-03 20:00:00+01:00;20.8;14.83241493
1900-06-03 21:00:00+01:00;18.1;14.62457761
1900-06-03 22:00:00+01:00;18;14.35693763
1900-06-03 23:00:00+01:00;16.4;14.28356737
1900-06-04 00:00:00+01:00;15.4;15.74392214
1900-06-04 01:00:00+01:00;14;15.48615298
1900-06-04 02:00:00+01:00;14.6;15.4894399
1900-06-04 03:00:00+01:00;13.3;15.62312287
1900-06-04 04:00:00+01:00;14.4;16.12643067
1900-06-04 05:00:00+01:00;15.8;17.38998739
1900-06-04 06:00:00+01:00;18.5;20.97414743
1900-06-04 07:00:00+01:00;20;25.50821844
1900-06-04 08:00:00+01:00;22;28.90958403
1900-06-04 09:00:00+01:00;24;31.4210042
1900-06-04 10:00:00+01:00;23.9;33.51314719
1900-06-04 11:00:00+01:00;25.4;34.02756199
1900-06-04 12:00:00+01:00;25.5;34.18253431
1900-06-04 13:00:00+01:00;26.8;34.50356908
1900-06-04 14:00:00+01:00;27.3;34.30429679
1900-06-04 15:00:00+01:00;27.8;33.61991102
1900-06-04 16:00:00+01:00;28.7;31.56070105
1900-06-04 17:00:00+01:00;25.8;27.278977
1900-06-04 18:00:00+01:00;24.2;23.08163801
1900-06-04 19:00:00+01:00;22.5;21.74733753
1900-06-04 20:00:00+01:00;19.4;20.197086
1900-06-04 21:00:00+01:00;16.8;18.66668025
1900-06-04 22:00:00+01:00;16;17.38717418
1900-06-04 23:00:00+01:00;16.6;16.56550256
1900-06-05 00:00:00+01:00;16.1;15.74392214
1900-06-05 01:00:00+01:00;15.9;15.48615298
1900-06-05 02:00:00+01:00;15.3;15.4894399
1900-06-05 03:00:00+01:00;15.7;15.62312287
1900-06-05 04:00:00+01:00;15.6;16.12643067
1900-06-05 05:00:00+01:00;15.7;17.38998739
1900-06-05 06:00:00+01:00;16.1;20.97414743
1900-06-05 07:00:00+01:00;16.9;25.56958689
1900-06-05 08:00:00+01:00;19.8;28.97300581
1900-06-05 09:00:00+01:00;21.5;31.11552038
1900-06-05 10:00:00+01:00;21.9;32.88658794
1900-06-05 11:00:00+01:00;24.1;33.61266125
1900-06-05 12:00:00+01:00;24.7;33.91097885
1900-06-05 13:00:00+01:00;24.7;33.71238611
1900-06-05 14:00:00+01:00;25.1;33.4914771
1900-06-05 15:00:00+01:00;25.2;32.61856568
1900-06-05 16:00:00+01:00;24.9;30.25078263
1900-06-05 17:00:00+01:00;24.5;26.97771313
1900-06-05 18:00:00+01:00;23.8;23.06726802
1900-06-05 19:00:00+01:00;22.4;21.74339723
1900-06-05 20:00:00+01:00;21;20.12389498
1900-06-05 21:00:00+01:00;20;18.60835874
1900-06-05 22:00:00+01:00;18.5;17.38717418
1900-06-05 23:00:00+01:00;17.1;16.56550256
1900-06-06 00:00:00+01:00;16.9;15.74392214
1900-06-06 01:00:00+01:00;16;15.48615298
1900-06-06 02:00:00+01:00;15.5;15.4894399
1900-06-06 03:00:00+01:00;15;15.62312287
1900-06-06 04:00:00+01:00;16.6;16.12643067
1900-06-06 05:00:00+01:00;16.8;17.38998739
1900-06-06 06:00:00+01:00;17.8;20.97414743
1900-06-06 07:00:00+01:00;18.9;25.52447594
1900-06-06 08:00:00+01:00;19.4;28.98453704
1900-06-06 09:00:00+01:00;20.3;30.96728885
1900-06-06 10:00:00+01:00;20.1;32.32690742
1900-06-06 11:00:00+01:00;20.6;32.50855037
1900-06-06 12:00:00+01:00;21.8;32.93519956
1900-06-06 13:00:00+01:00;23.4;33.22260618
1900-06-06 14:00:00+01:00;23;32.71560376
1900-06-06 15:00:00+01:00;22.8;31.69424691
1900-06-06 16:00:00+01:00;22.6;29.50015949
1900-06-06 17:00:00+01:00;21.4;26.25931469
1900-06-06 18:00:00+01:00;20.6;22.98183293
1900-06-06 19:00:00+01:00;19.6;21.74066552
1900-06-06 20:00:00+01:00;18.7;20.20651847
1900-06-06 21:00:00+01:00;17.9;18.65291513
1900-06-06 22:00:00+01:00;17.3;17.38717418
1900-06-06 23:00:00+01:00;16.7;16.56550256
1900-06-07 00:00:00+01:00;15.2;15.74392214
1900-06-07 01:00:00+01:00;15.6;15.48615298
1900-06-07 02:00:00+01:00;15.3;15.4894399
1900-06-07 03:00:00+01:00;14.8;15.62312287
1900-06-07 04:00:00+01:00;15.6;16.12643067
1900-06-07 05:00:00+01:00;15.7;17.38998739
1900-06-07 06:00:00+01:00;16.7;20.97414743
1900-06-07 07:00:00+01:00;18;25.54477587
1900-06-07 08:00:00+01:00;17.8;29.03066196
1900-06-07 09:00:00+01:00;18.2;30.75241085
1900-06-07 10:00:00+01:00;21.1;32.63596424
1900-06-07 11:00:00+01:00;21.3;32.72220133
1900-06-07 12:00:00+01:00;20.9;32.66049537
1900-06-07 13:00:00+01:00;22.2;32.7957995
1900-06-07 14:00:00+01:00;22.6;32.56781836
1900-06-07 15:00:00+01:00;22.2;31.46316722
1900-06-07 16:00:00+01:00;21.4;29.09165571
1900-06-07 17:00:00+01:00;20.8;26.11899281
1900-06-07 18:00:00+01:00;20.9;22.98183293
1900-06-07 19:00:00+01:00;19.6;21.74066552
1900-06-07 20:00:00+01:00;18.6;20.20786597
1900-06-07 21:00:00+01:00;17;18.6641775
1900-06-07 22:00:00+01:00;15.9;17.38717418
1900-06-07 23:00:00+01:00;15.3;16.56550256
1900-06-08 00:00:00+01:00;14;15.74392214
1900-06-08 01:00:00+01:00;14.1;15.48615298
1900-06-08 02:00:00+01:00;14.9;15.4894399
1900-06-08 03:00:00+01:00;14.8;15.62312287
1900-06-08 04:00:00+01:00;14;16.12643067
1900-06-08 05:00:00+01:00;12.8;17.11926012
1900-06-08 06:00:00+01:00;12.6;20.79011949
1900-06-08 07:00:00+01:00;13.7;25.6417644
1900-06-08 08:00:00+01:00;14.3;29.08943422
1900-06-08 09:00:00+01:00;15.1;30.47474861
1900-06-08 10:00:00+01:00;15.5;31.21732967
1900-06-08 11:00:00+01:00;12;28.91763418
1900-06-08 12:00:00+01:00;14;30.75178703
1900-06-08 13:00:00+01:00;16.9;31.0823754
1900-06-08 14:00:00+01:00;17.6;30.88154067
1900-06-08 15:00:00+01:00;18.5;30.25824295
1900-06-08 16:00:00+01:00;19.3;28.56821319
1900-06-08 17:00:00+01:00;19.2;25.86530109
1900-06-08 18:00:00+01:00;18.2;23.06205603
1900-06-08 19:00:00+01:00;17.1;21.77906295
1900-06-08 20:00:00+01:00;14.6;20.26176579
1900-06-08 21:00:00+01:00;13.7;18.66035819
1900-06-08 22:00:00+01:00;12.5;17.14194762
1900-06-08 23:00:00+01:00;11.8;16.16707223
1900-06-09 00:00:00+01:00;10;14.62669856
1900-06-09 01:00:00+01:00;9.6;14.40050851
1900-06-09 02:00:00+01:00;8.3;14.74477173
1900-06-09 03:00:00+01:00;8.9;14.76405911
1900-06-09 04:00:00+01:00;9;14.92392663
1900-06-09 05:00:00+01:00;10.6;15.15472153
1900-06-09 06:00:00+01:00;12;15.57281874
1900-06-09 07:00:00+01:00;12.8;16.20154722
1900-06-09 08:00:00+01:00;13.8;17.29731688
1900-06-09 09:00:00+01:00;16;18.56805035
1900-06-09 10:00:00+01:00;16.4;19.56734085
1900-06-09 11:00:00+01:00;17.7;19.94285224
1900-06-09 12:00:00+01:00;17.6;20.04355686
1900-06-09 13:00:00+01:00;15;20.03653985
1900-06-09 14:00:00+01:00;18.1;19.68647436
1900-06-09 15:00:00+01:00;13.2;19.09062138
1900-06-09 16:00:00+01:00;15.8;18.39691026
1900-06-09 17:00:00+01:00;13.2;18.0465883
1900-06-09 18:00:00+01:00;15.4;17.23431275
1900-06-09 19:00:00+01:00;13;16.45071225
1900-06-09 20:00:00+01:00;12.5;15.78502073
1900-06-09 21:00:00+01:00;10.4;15.90583139
1900-06-09 22:00:00+01:00;9.9;15.67508051
1900-06-09 23:00:00+01:00;6.8;15.89185963
1900-06-10 00:00:00+01:00;6.5;15.98904908
1900-06-10 01:00:00+01:00;8.5;15.44278594
1900-06-10 02:00:00+01:00;9.8;15.00715881
1900-06-10 03:00:00+01:00;8.6;15.32007617
1900-06-10 04:00:00+01:00;9.1;15.34645868
1900-06-10 05:00:00+01:00;10.9;15.37053593
1900-06-10 06:00:00+01:00;12.6;15.37480834
1900-06-10 07:00:00+01:00;12.8;15.93630388
1900-06-10 08:00:00+01:00;12.1;16.96989028
1900-06-10 09:00:00+01:00;14.2;16.54684627
1900-06-10 10:00:00+01:00;13.6;16.77265175
1900-06-10 11:00:00+01:00;16.8;16.49010087
1900-06-10 12:00:00+01:00;15;16.68934978
1900-06-10 13:00:00+01:00;16.1;16.60937165
1900-06-10 14:00:00+01:00;19.9;16.49696442
1900-06-10 15:00:00+01:00;17.7;16.31224481
1900-06-10 16:00:00+01:00;18.4;16.09080636
1900-06-10 17:00:00+01:00;17;15.87826505
1900-06-10 18:00:00+01:00;15.2;15.6001498
1900-06-10 19:00:00+01:00;12.5;15.56190031
1900-06-10 20:00:00+01:00;12.3;15.23655793
1900-06-10 21:00:00+01:00;12;15.10633891
1900-06-10 22:00:00+01:00;11.8;14.86903542
1900-06-10 23:00:00+01:00;11.4;14.80163797
1900-06-11 00:00:00+01:00;11.3;16.00794208
1900-06-11 01:00:00+01:00;11.1;15.84648426
1900-06-11 02:00:00+01:00;10.8;15.82717231
1900-06-11 03:00:00+01:00;11;15.96923665
1900-06-11 04:00:00+01:00;11.6;16.30886528
1900-06-11 05:00:00+01:00;12.2;17.51345061
1900-06-11 06:00:00+01:00;13.2;21.1277196
1900-06-11 07:00:00+01:00;15.1;25.61018673
1900-06-11 08:00:00+01:00;17.2;29.04795881
1900-06-11 09:00:00+01:00;18.6;30.79333999
1900-06-11 10:00:00+01:00;18.9;31.96512292
1900-06-11 11:00:00+01:00;20;32.32542098
1900-06-11 12:00:00+01:00;18.4;31.89505772
1900-06-11 13:00:00+01:00;20;32.05020362
1900-06-11 14:00:00+01:00;20.2;31.68110596
1900-06-11 15:00:00+01:00;19.1;30.44176854
1900-06-11 16:00:00+01:00;15.7;27.66034319
1900-06-11 17:00:00+01:00;15.6;25.13017525
1900-06-11 18:00:00+01:00;14.7;23.11433459
1900-06-11 19:00:00+01:00;13.8;21.0979172
1900-06-11 20:00:00+01:00;10.8;19.47253359
1900-06-11 21:00:00+01:00;9.6;18.29680853
1900-06-11 22:00:00+01:00;7.8;17.62087343
1900-06-11 23:00:00+01:00;5.5;17.54369913
1900-06-12 00:00:00+01:00;4.5;17.0160681
1900-06-12 01:00:00+01:00;3.5;17.32830866
1900-06-12 02:00:00+01:00;5;17.12256509
1900-06-12 03:00:00+01:00;7.3;16.75508631
1900-06-12 04:00:00+01:00;7.4;17.55111378
1900-06-12 05:00:00+01:00;8.2;18.74686421
1900-06-12 06:00:00+01:00;10;22.66826142
1900-06-12 07:00:00+01:00;11.5;27.09879952
1900-06-12 08:00:00+01:00;14.3;29.19183345
1900-06-12 09:00:00+01:00;14;30.60848918
1900-06-12 10:00:00+01:00;16.4;31.43100275
1900-06-12 11:00:00+01:00;17.5;31.57745364
1900-06-12 12:00:00+01:00;18.3;31.86444021
1900-06-12 13:00:00+01:00;18.8;31.65863834
1900-06-12 14:00:00+01:00;17.8;30.94531414
1900-06-12 15:00:00+01:00;18.1;30.13589255
1900-06-12 16:00:00+01:00;20;28.74194757
1900-06-12 17:00:00+01:00;19.8;25.98639015
1900-06-12 18:00:00+01:00;18.4;23.05906868
1900-06-12 19:00:00+01:00;16;21.79595782
1900-06-12 20:00:00+01:00;15.8;20.24559585
1900-06-12 21:00:00+01:00;14.1;18.70046738
1900-06-12 22:00:00+01:00;11.7;17.56662159
1900-06-12 23:00:00+01:00;10.8;16.84472087
1900-06-13 00:00:00+01:00;10;16.17653881
1900-06-13 01:00:00+01:00;9.5;15.55015481
1900-06-13 02:00:00+01:00;8.4;15.81716246
1900-06-13 03:00:00+01:00;8.1;16.06205557
1900-06-13 04:00:00+01:00;9.8;16.19319117
1900-06-13 05:00:00+01:00;10.6;17.52807454
1900-06-13 06:00:00+01:00;13.5;20.97414743
1900-06-13 07:00:00+01:00;15;25.61244228
1900-06-13 08:00:00+01:00;16.2;29.07678689
1900-06-13 09:00:00+01:00;18.1;30.74217856
1900-06-13 10:00:00+01:00;17.4;31.57131884
1900-06-13 11:00:00+01:00;20.2;32.38646411
1900-06-13 12:00:00+01:00;20;32.38493781
1900-06-13 13:00:00+01:00;19.6;31.91968186
1900-06-13 14:00:00+01:00;21;31.97667676
1900-06-13 15:00:00+01:00;19.5;30.56411894
1900-06-13 16:00:00+01:00;19.7;28.66748998
1900-06-13 17:00:00+01:00;19;25.82493807
1900-06-13 18:00:00+01:00;19;23.05010664
1900-06-13 19:00:00+01:00;18.1;21.76370398
1900-06-13 20:00:00+01:00;15.9;20.24424835
1900-06-13 21:00:00+01:00;14.4;18.69671326
1900-06-13 22:00:00+01:00;13;17.4373249
1900-06-13 23:00:00+01:00;12;16.38315684
1900-06-14 00:00:00+01:00;12.4;15.74392214
1900-06-14 01:00:00+01:00;12.1;15.53174679
1900-06-14 02:00:00+01:00;11.7;15.18081569
1900-06-14 03:00:00+01:00;11.9;15.54446528
1900-06-14 04:00:00+01:00;11.6;15.75165711
1900-06-14 05:00:00+01:00;13;17.38998739
1900-06-14 06:00:00+01:00;12.6;20.9998839
1900-06-14 07:00:00+01:00;14.4;25.62597556
1900-06-14 08:00:00+01:00;16.2;29.07678689
1900-06-14 09:00:00+01:00;16.8;30.60915885
1900-06-14 10:00:00+01:00;18;31.6555085
1900-06-14 11:00:00+01:00;20.4;32.44750724
1900-06-14 12:00:00+01:00;20.7;32.59926035
1900-06-14 13:00:00+01:00;20.4;32.18072538
1900-06-14 14:00:00+01:00;21.8;32.27224756
1900-06-14 15:00:00+01:00;21.6;31.23208753
1900-06-14 16:00:00+01:00;24;29.95706053
1900-06-14 17:00:00+01:00;23.6;26.76914585
1900-06-14 18:00:00+01:00;23.7;23.06367553
1900-06-14 19:00:00+01:00;20.4;21.6860255
1900-06-14 20:00:00+01:00;18.7;20.20651847
1900-06-14 21:00:00+01:00;17.3;18.66042338
1900-06-14 22:00:00+01:00;16.4;17.38717418
1900-06-14 23:00:00+01:00;15.8;16.56550256
1900-06-15 00:00:00+01:00;15;15.74392214
1900-06-15 01:00:00+01:00;14.5;15.48615298
1900-06-15 02:00:00+01:00;13.3;15.4894399
1900-06-15 03:00:00+01:00;12.4;15.64767156
1900-06-15 04:00:00+01:00;12.5;16.14796501
1900-06-15 05:00:00+01:00;14.7;17.38998739
1900-06-15 06:00:00+01:00;14.3;20.97414743
1900-06-15 07:00:00+01:00;15.5;25.60116455
1900-06-15 08:00:00+01:00;18;29.02489635
1900-06-15 09:00:00+01:00;18.2;30.75241085
1900-06-15 10:00:00+01:00;20.3;32.38720484
1900-06-15 11:00:00+01:00;22.6;33.13392963
1900-06-15 12:00:00+01:00;22.5;33.16420132
1900-06-15 13:00:00+01:00;21.3;32.48347023
1900-06-15 14:00:00+01:00;23;32.71560376
1900-06-15 15:00:00+01:00;24.4;32.31045943
1900-06-15 16:00:00+01:00;25;30.28341842
1900-06-15 17:00:00+01:00;24.3;26.93136485
1900-06-15 18:00:00+01:00;23.4;23.05289804
1900-06-15 19:00:00+01:00;22.8;21.75915843
1900-06-15 20:00:00+01:00;20.4;20.12389498
1900-06-15 21:00:00+01:00;17.5;18.65792063
1900-06-15 22:00:00+01:00;16;17.38717418
1900-06-15 23:00:00+01:00;11.5;15.60171485
1900-06-16 00:00:00+01:00;10.4;13.30469145
1900-06-16 01:00:00+01:00;9.3;13.12925292
1900-06-16 02:00:00+01:00;7.7;12.24138737
1900-06-16 03:00:00+01:00;9.4;13.25306214
1900-06-16 04:00:00+01:00;10.4;13.05333111
1900-06-16 05:00:00+01:00;14;14.19245179
1900-06-16 06:00:00+01:00;17.2;14.75662247
1900-06-16 07:00:00+01:00;21.6;15.6555792
1900-06-16 08:00:00+01:00;23;17.09458762
1900-06-16 09:00:00+01:00;23.8;18.52347869
1900-06-16 10:00:00+01:00;25.5;19.5510181
1900-06-16 11:00:00+01:00;26.4;19.92716001
1900-06-16 12:00:00+01:00;26.7;19.99319526
1900-06-16 13:00:00+01:00;27.6;19.97290944
1900-06-16 14:00:00+01:00;28.3;19.62555369
1900-06-16 15:00:00+01:00;29.7;18.93937391
1900-06-16 16:00:00+01:00;27.5;18.38318741
1900-06-16 17:00:00+01:00;30.3;17.98661388
1900-06-16 18:00:00+01:00;29.3;17.18543213
1900-06-16 19:00:00+01:00;27;16.30279433
1900-06-16 20:00:00+01:00;21.6;15.52789426
1900-06-16 21:00:00+01:00;19.5;15.06876714
1900-06-16 22:00:00+01:00;18.4;14.66625684
1900-06-16 23:00:00+01:00;17.6;14.5085561
1900-06-17 00:00:00+01:00;16.5;14.19179528
1900-06-17 01:00:00+01:00;15.8;13.88335789
1900-06-17 02:00:00+01:00;14.8;13.71512563
1900-06-17 03:00:00+01:00;13;13.74991917
1900-06-17 04:00:00+01:00;12.2;13.4430779
1900-06-17 05:00:00+01:00;11.1;12.52637012
1900-06-17 06:00:00+01:00;13.4;13.99103064
1900-06-17 07:00:00+01:00;12;13.79202684
1900-06-17 08:00:00+01:00;14;15.48064472
1900-06-17 09:00:00+01:00;15.2;15.87822198
1900-06-17 10:00:00+01:00;15.4;16.07327607
1900-06-17 11:00:00+01:00;17;16.48795475
1900-06-17 12:00:00+01:00;18.8;16.54703748
1900-06-17 13:00:00+01:00;19.9;16.53869942
1900-06-17 14:00:00+01:00;21.2;16.4548607
1900-06-17 15:00:00+01:00;21.4;16.26043249
1900-06-17 16:00:00+01:00;22.4;16.05610027
1900-06-17 17:00:00+01:00;22.1;15.81788957
1900-06-17 18:00:00+01:00;21;15.50106516
1900-06-17 19:00:00+01:00;19.5;15.19086214
1900-06-17 20:00:00+01:00;17.9;14.8403921
1900-06-17 21:00:00+01:00;16.9;14.64097871
1900-06-17 22:00:00+01:00;14.3;14.40685971
1900-06-17 23:00:00+01:00;13.7;14.17883033
1900-06-18 00:00:00+01:00;11.3;15.04443291
1900-06-18 01:00:00+01:00;12.4;15.52822623
1900-06-18 02:00:00+01:00;8.6;14.37454726
1900-06-18 03:00:00+01:00;7.5;15.00891863
1900-06-18 04:00:00+01:00;8.8;15.37313532
1900-06-18 05:00:00+01:00;11.8;17.36847841
1900-06-18 06:00:00+01:00;14.5;20.97414743
1900-06-18 07:00:00+01:00;17.9;25.54703141
1900-06-18 08:00:00+01:00;19.2;28.99030265
1900-06-18 09:00:00+01:00;21;31.05442362
1900-06-18 10:00:00+01:00;23.5;33.38783534
1900-06-18 11:00:00+01:00;25;33.89990023
1900-06-18 12:00:00+01:00;24.8;33.94492328
1900-06-18 13:00:00+01:00;25.3;33.93843839
1900-06-18 14:00:00+01:00;26.3;33.9348333
1900-06-18 15:00:00+01:00;26.3;33.04221179
1900-06-18 16:00:00+01:00;27.2;31.00140576
1900-06-18 17:00:00+01:00;26.1;27.34849943
1900-06-18 18:00:00+01:00;26.7;23.17145044
1900-06-18 19:00:00+01:00;23.6;21.79068085
1900-06-18 20:00:00+01:00;20.7;20.12389498
1900-06-18 21:00:00+01:00;18.6;18.6441555
1900-06-18 22:00:00+01:00;16.1;17.38717418
1900-06-18 23:00:00+01:00;14.2;16.56550256
1900-06-19 00:00:00+01:00;12.2;15.78597026
1900-06-19 01:00:00+01:00;12.1;15.53174679
1900-06-19 02:00:00+01:00;12.9;15.4894399
1900-06-19 03:00:00+01:00;12.8;15.62312287
1900-06-19 04:00:00+01:00;12.6;16.12643067
1900-06-19 05:00:00+01:00;12.5;17.03824091
1900-06-19 06:00:00+01:00;12.6;20.65054047
1900-06-19 07:00:00+01:00;12.4;25.07780506
1900-06-19 08:00:00+01:00;12.7;27.44716951
1900-06-19 09:00:00+01:00;13.9;30.00198156
1900-06-19 10:00:00+01:00;14.2;30.7860743
1900-06-19 11:00:00+01:00;13;29.95634283
1900-06-19 12:00:00+01:00;13.3;30.19921452
1900-06-19 13:00:00+01:00;13.5;30.09311804
1900-06-19 14:00:00+01:00;17;30.69022024
1900-06-19 15:00:00+01:00;16.7;29.70766617
1900-06-19 16:00:00+01:00;17.1;28.02219085
1900-06-19 17:00:00+01:00;16.6;25.3109269
1900-06-19 18:00:00+01:00;16.2;23.09192949
1900-06-19 19:00:00+01:00;14.5;21.81899627
1900-06-19 20:00:00+01:00;13.6;20.25122504
1900-06-19 21:00:00+01:00;13.4;18.70280028
1900-06-19 22:00:00+01:00;12.7;17.44053998
1900-06-19 23:00:00+01:00;12.8;16.5989667
1900-06-20 00:00:00+01:00;12;15.78835105
1900-06-20 01:00:00+01:00;11.4;15.68265046
1900-06-20 02:00:00+01:00;10;15.90238212
1900-06-20 03:00:00+01:00;10.1;16.08650957
1900-06-20 04:00:00+01:00;11;16.54047532
1900-06-20 05:00:00+01:00;13.1;17.38998739
1900-06-20 06:00:00+01:00;14.9;20.97414743
1900-06-20 07:00:00+01:00;16.5;25.57860907
1900-06-20 08:00:00+01:00;18.4;29.01336512
1900-06-20 09:00:00+01:00;19.1;30.84450142
1900-06-20 10:00:00+01:00;20.8;32.54198035
1900-06-20 11:00:00+01:00;22.2;33.00626787
1900-06-20 12:00:00+01:00;22.7;33.23209018
1900-06-20 13:00:00+01:00;24.4;33.59935997
1900-06-20 14:00:00+01:00;23.3;32.82644281
1900-06-20 15:00:00+01:00;22;31.38614066
1900-06-20 16:00:00+01:00;21.5;29.11857695
1900-06-20 17:00:00+01:00;19.7;25.96620864
1900-06-20 18:00:00+01:00;18.3;23.06056236
1900-06-20 19:00:00+01:00;17;21.78059885
1900-06-20 20:00:00+01:00;15;20.25637581
1900-06-20 21:00:00+01:00;13;18.64033013
1900-06-20 22:00:00+01:00;11.4;16.63623823
1900-06-20 23:00:00+01:00;11.2;15.60655565
1900-06-21 00:00:00+01:00;11.2;15.0235619
1900-06-21 01:00:00+01:00;11;14.81759089
1900-06-21 02:00:00+01:00;11;14.83593742
1900-06-21 03:00:00+01:00;10.5;14.6259066
1900-06-21 04:00:00+01:00;10.7;15.04530821
1900-06-21 05:00:00+01:00;10.7;16.42214816
1900-06-21 06:00:00+01:00;10.2;20.69105395
1900-06-21 07:00:00+01:00;11.2;25.15846946
1900-06-21 08:00:00+01:00;12.9;29.01482119
1900-06-21 09:00:00+01:00;16.8;30.60915885
1900-06-21 10:00:00+01:00;19;31.99527163
1900-06-21 11:00:00+01:00;19.4;32.14229158
1900-06-21 12:00:00+01:00;19.2;32.13999777
1900-06-21 13:00:00+01:00;21.7;32.62228324
1900-06-21 14:00:00+01:00;20.7;31.86583771
1900-06-21 15:00:00+01:00;19.5;30.56411894
1900-06-21 16:00:00+01:00;17.6;28.14628684
1900-06-21 17:00:00+01:00;18.4;25.70384901
1900-06-21 18:00:00+01:00;17.1;23.07848643
1900-06-21 19:00:00+01:00;16.4;21.78981423
1900-06-21 20:00:00+01:00;15.3;20.25233332
1900-06-21 21:00:00+01:00;14.1;18.70046738
1900-06-21 22:00:00+01:00;13.9;17.42767967
1900-06-21 23:00:00+01:00;13;16.5966639
1900-06-22 00:00:00+01:00;12.2;15.78597026
1900-06-22 01:00:00+01:00;11.6;15.20734642
1900-06-22 02:00:00+01:00;11.5;15.33858431
1900-06-22 03:00:00+01:00;12.3;15.64889683
1900-06-22 04:00:00+01:00;13.4;16.12643067
1900-06-22 05:00:00+01:00;14;17.38998739
1900-06-22 06:00:00+01:00;14.5;20.97414743
1900-06-22 07:00:00+01:00;17.5;25.5560536
1900-06-22 08:00:00+01:00;17.7;29.03354477
1900-06-22 09:00:00+01:00;18.5;30.78310771
1900-06-22 10:00:00+01:00;19.9;32.26661001
1900-06-22 11:00:00+01:00;19.5;32.17281315
1900-06-22 12:00:00+01:00;21.6;32.8712361
1900-06-22 13:00:00+01:00;21;32.37650802
1900-06-22 14:00:00+01:00;21.2;32.05056946
1900-06-22 15:00:00+01:00;21;31.02293292
1900-06-22 16:00:00+01:00;18.8;28.44411721
1900-06-22 17:00:00+01:00;15.1;25.17302103
1900-06-22 18:00:00+01:00;17.9;23.06653705
1900-06-22 19:00:00+01:00;18;21.76523988
1900-06-22 20:00:00+01:00;17.4;20.22403592
1900-06-22 21:00:00+01:00;17;18.6641775
1900-06-22 22:00:00+01:00;15.8;17.38717418
1900-06-22 23:00:00+01:00;16.7;16.56550256
1900-06-23 00:00:00+01:00;15.5;14.28476903
1900-06-23 01:00:00+01:00;14.7;13.98558147
1900-06-23 02:00:00+01:00;12.4;13.47168219
1900-06-23 03:00:00+01:00;14.4;13.89064351
1900-06-23 04:00:00+01:00;15;13.88604661
1900-06-23 05:00:00+01:00;15.6;14.1364033
1900-06-23 06:00:00+01:00;16.6;14.75662247
1900-06-23 07:00:00+01:00;15.2;15.70053498
1900-06-23 08:00:00+01:00;16.3;17.11106333
1900-06-23 09:00:00+01:00;16.3;18.56478622
1900-06-23 10:00:00+01:00;17.5;19.55534696
1900-06-23 11:00:00+01:00;17;19.95036364
1900-06-23 12:00:00+01:00;16.2;20.05846463
1900-06-23 13:00:00+01:00;18.3;20.00760759
1900-06-23 14:00:00+01:00;14.6;19.20568721
1900-06-23 15:00:00+01:00;15.4;18.79985001
1900-06-23 16:00:00+01:00;14.5;18.27569888
1900-06-23 17:00:00+01:00;15.2;17.98975073
1900-06-23 18:00:00+01:00;15;17.16594265
1900-06-23 19:00:00+01:00;14.5;16.27763445
1900-06-23 20:00:00+01:00;14.4;15.50259783
1900-06-23 21:00:00+01:00;14.2;15.06030035
1900-06-23 22:00:00+01:00;13.6;14.66894395
1900-06-23 23:00:00+01:00;12.4;14.40151889
1900-06-24 00:00:00+01:00;12;14.25544296
1900-06-24 01:00:00+01:00;11.7;13.9981132
1900-06-24 02:00:00+01:00;13.5;13.73182075
1900-06-24 03:00:00+01:00;13.6;13.74223985
1900-06-24 04:00:00+01:00;12.7;13.85890631
1900-06-24 05:00:00+01:00;12.5;14.26940111
1900-06-24 06:00:00+01:00;12.3;14.94793066
1900-06-24 07:00:00+01:00;9;16.98082701
1900-06-24 08:00:00+01:00;9.8;17.49376561
1900-06-24 09:00:00+01:00;9.7;17.67977666
1900-06-24 10:00:00+01:00;11.5;17.15189435
1900-06-24 11:00:00+01:00;11.4;17.47910122
1900-06-24 12:00:00+01:00;13.1;16.8487077
1900-06-24 13:00:00+01:00;15.4;16.61819716
1900-06-24 14:00:00+01:00;16.4;16.53355294
1900-06-24 15:00:00+01:00;11.7;17.32016802
1900-06-24 16:00:00+01:00;14.9;16.15299769
1900-06-24 17:00:00+01:00;14;15.88803107
1900-06-24 18:00:00+01:00;14.7;15.62679102
1900-06-24 19:00:00+01:00;12.4;15.53675727
1900-06-24 20:00:00+01:00;11.5;15.54546039
1900-06-24 21:00:00+01:00;11.3;15.33746721
1900-06-24 22:00:00+01:00;10.4;15.47043323
1900-06-24 23:00:00+01:00;10.3;15.42949602
1900-06-25 00:00:00+01:00;10.2;16.70911133
1900-06-25 01:00:00+01:00;9.2;16.68551949
1900-06-25 02:00:00+01:00;9.4;16.84011583
1900-06-25 03:00:00+01:00;8.9;17.2840585
1900-06-25 04:00:00+01:00;9.2;18.02449996
1900-06-25 05:00:00+01:00;10;18.97379516
1900-06-25 06:00:00+01:00;10.4;23.26484202
1900-06-25 07:00:00+01:00;10.5;28.30817588
1900-06-25 08:00:00+01:00;13;29.67187981
1900-06-25 09:00:00+01:00;13.8;30.95448372
1900-06-25 10:00:00+01:00;14.4;31.57376839
1900-06-25 11:00:00+01:00;16.4;31.40763516
1900-06-25 12:00:00+01:00;17.2;31.51353724
1900-06-25 13:00:00+01:00;16.5;31.0150921
1900-06-25 14:00:00+01:00;17.4;30.81776719
1900-06-25 15:00:00+01:00;17.2;29.86060416
1900-06-25 16:00:00+01:00;17.4;28.09664844
1900-06-25 17:00:00+01:00;16.7;25.32900207
1900-06-25 18:00:00+01:00;15.7;23.09939786
1900-06-25 19:00:00+01:00;15.5;21.8036373
1900-06-25 20:00:00+01:00;14.2;20.26715578
1900-06-25 21:00:00+01:00;12.7;18.70355873
1900-06-25 22:00:00+01:00;12.3;17.39500707
1900-06-25 23:00:00+01:00;10.5;17.05356391
1900-06-26 00:00:00+01:00;8.3;16.38563777
1900-06-26 01:00:00+01:00;7.2;16.60775735
1900-06-26 02:00:00+01:00;5.8;17.19370171
1900-06-26 03:00:00+01:00;6.3;17.32662415
1900-06-26 04:00:00+01:00;8;17.55884811
1900-06-26 05:00:00+01:00;8.8;18.62662409
1900-06-26 06:00:00+01:00;11.2;22.2152999
1900-06-26 07:00:00+01:00;13.4;25.64853104
1900-06-26 08:00:00+01:00;16;29.08255251
1900-06-26 09:00:00+01:00;18;30.73194628
1900-06-26 10:00:00+01:00;17.7;31.61341367
1900-06-26 11:00:00+01:00;19;32.02020532
1900-06-26 12:00:00+01:00;18.6;31.95629273
1900-06-26 13:00:00+01:00;20.3;32.14809494
1900-06-26 14:00:00+01:00;19.3;31.42361522
1900-06-26 15:00:00+01:00;19.3;30.50294374
1900-06-26 16:00:00+01:00;19.1;28.5185748
1900-06-26 17:00:00+01:00;18.3;25.6836675
1900-06-26 18:00:00+01:00;18;23.06504338
1900-06-26 19:00:00+01:00;14.8;21.81438858
1900-06-26 20:00:00+01:00;13.8;20.25155871
1900-06-26 21:00:00+01:00;13.4;18.70137332
1900-06-26 22:00:00+01:00;11.6;17.28804812
1900-06-26 23:00:00+01:00;10.2;16.81156746
1900-06-27 00:00:00+01:00;10.1;15.90634013
1900-06-27 01:00:00+01:00;9.5;15.28766425
1900-06-27 02:00:00+01:00;8;15.69368457
1900-06-27 03:00:00+01:00;8.7;15.60655875
1900-06-27 04:00:00+01:00;9.7;15.95360088
1900-06-27 05:00:00+01:00;10.6;17.34765525
1900-06-27 06:00:00+01:00;13.3;21.04581193
1900-06-27 07:00:00+01:00;14.9;25.61469783
1900-06-27 08:00:00+01:00;16.6;29.06525566
1900-06-27 09:00:00+01:00;19;30.83426914
1900-06-27 10:00:00+01:00;20.2;32.35705613
1900-06-27 11:00:00+01:00;21.9;32.91052154
1900-06-27 12:00:00+01:00;22.3;33.09631245
1900-06-27 13:00:00+01:00;21.7;32.62228324
1900-06-27 14:00:00+01:00;20.5;31.79194501
1900-06-27 15:00:00+01:00;20.4;30.83940733
1900-06-27 16:00:00+01:00;23.2;29.69597422
1900-06-27 17:00:00+01:00;22;26.39835955
1900-06-27 18:00:00+01:00;22.3;23.01338057
1900-06-27 19:00:00+01:00;20.2;21.6860255
1900-06-27 20:00:00+01:00;18.6;20.20786597
1900-06-27 21:00:00+01:00;16.6;18.669183
1900-06-27 22:00:00+01:00;14.8;17.38717418
1900-06-27 23:00:00+01:00;11.6;15.80492139
1900-06-28 00:00:00+01:00;9.9;13.91484009
1900-06-28 01:00:00+01:00;9.3;13.89299023
1900-06-28 02:00:00+01:00;7;14.53279652
1900-06-28 03:00:00+01:00;7;14.75459632
1900-06-28 04:00:00+01:00;10;15.24036149
1900-06-28 05:00:00+01:00;12.7;17.26906205
1900-06-28 06:00:00+01:00;15.9;20.97414743
1900-06-28 07:00:00+01:00;17.4;25.55830915
1900-06-28 08:00:00+01:00;19;28.99606827
1900-06-28 09:00:00+01:00;20.5;30.99332685
1900-06-28 10:00:00+01:00;22.9;33.19986756
1900-06-28 11:00:00+01:00;24.3;33.67649214
1900-06-28 12:00:00+01:00;24;33.67336782
1900-06-28 13:00:00+01:00;23.1;33.10958004
1900-06-28 14:00:00+01:00;24.6;33.30674535
1900-06-28 15:00:00+01:00;24.6;32.38748599
1900-06-28 16:00:00+01:00;23.9;29.92442474
1900-06-28 17:00:00+01:00;22.9;26.60692684
1900-06-28 18:00:00+01:00;23.5;23.05649053
1900-06-28 19:00:00+01:00;20.1;21.6860255
1900-06-28 20:00:00+01:00;17.8;20.21864593
1900-06-28 21:00:00+01:00;16;18.67669125
1900-06-28 22:00:00+01:00;13.8;17.42875136
1900-06-28 23:00:00+01:00;13.8;16.56550256
1900-06-29 00:00:00+01:00;13.7;15.74392214
1900-06-29 01:00:00+01:00;13.2;15.48615298
1900-06-29 02:00:00+01:00;12.8;15.4894399
1900-06-29 03:00:00+01:00;13.4;15.62312287
1900-06-29 04:00:00+01:00;13.7;16.12643067
1900-06-29 05:00:00+01:00;14.2;17.38998739
1900-06-29 06:00:00+01:00;14.6;20.97414743
1900-06-29 07:00:00+01:00;16.2;25.58537572
1900-06-29 08:00:00+01:00;16.2;29.07678689
1900-06-29 09:00:00+01:00;16.2;30.54776513
1900-06-29 10:00:00+01:00;14.7;30.76665571
1900-06-29 11:00:00+01:00;14.7;30.77861996
1900-06-29 12:00:00+01:00;16;31.32337587
1900-06-29 13:00:00+01:00;16.3;30.98145045
1900-06-29 14:00:00+01:00;16;30.37406202
1900-06-29 15:00:00+01:00;16.6;29.67707857
1900-06-29 16:00:00+01:00;16.5;27.87327567
1900-06-29 17:00:00+01:00;15.7;25.14825041
1900-06-29 18:00:00+01:00;15.2;23.10686622
1900-06-29 19:00:00+01:00;15;21.81131679
1900-06-29 20:00:00+01:00;15.1;20.25502832
1900-06-29 21:00:00+01:00;14.6;18.69421051
1900-06-29 22:00:00+01:00;14.6;17.38717418
1900-06-29 23:00:00+01:00;14.3;16.56550256
1900-06-30 00:00:00+01:00;14;14.3496472
1900-06-30 01:00:00+01:00;13.6;13.99937606
1900-06-30 02:00:00+01:00;12.9;13.93492919
1900-06-30 03:00:00+01:00;13.6;13.9008826
1900-06-30 04:00:00+01:00;13.1;13.91166676
1900-06-30 05:00:00+01:00;13;14.34461497
1900-06-30 06:00:00+01:00;13.9;14.94521154
1900-06-30 07:00:00+01:00;15;15.70313224
1900-06-30 08:00:00+01:00;16.3;17.11106333
1900-06-30 09:00:00+01:00;17.8;18.52347869
1900-06-30 10:00:00+01:00;18.5;19.54444343
1900-06-30 11:00:00+01:00;18.2;19.93748696
1900-06-30 12:00:00+01:00;19;20.02864909
1900-06-30 13:00:00+01:00;17.3;20.01815231
1900-06-30 14:00:00+01:00;17;19.69797361
1900-06-30 15:00:00+01:00;15.5;18.92488962
1900-06-30 16:00:00+01:00;15.4;18.37062211
1900-06-30 17:00:00+01:00;15.7;17.98311117
1900-06-30 18:00:00+01:00;15.2;17.16311793
1900-06-30 19:00:00+01:00;15.6;16.34849175
1900-06-30 20:00:00+01:00;15.6;15.56808049
1900-06-30 21:00:00+01:00;14.2;15.06610695
1900-06-30 22:00:00+01:00;14.5;14.71361096
1900-06-30 23:00:00+01:00;14.3;14.53798661
1900-07-01 00:00:00+01:00;14.4;14.25161036
1900-07-01 01:00:00+01:00;14.3;13.94354321
1900-07-01 02:00:00+01:00;13.9;13.72668379
1900-07-01 03:00:00+01:00;13.7;13.74095996
1900-07-01 04:00:00+01:00;14.3;13.76277694
1900-07-01 05:00:00+01:00;14.8;13.97156583
1900-07-01 06:00:00+01:00;15.2;14.4049815
1900-07-01 07:00:00+01:00;15.5;15.11117669
1900-07-01 08:00:00+01:00;16.7;15.758518
1900-07-01 09:00:00+01:00;18.3;15.92603053
1900-07-01 10:00:00+01:00;21.7;16.14695278
1900-07-01 11:00:00+01:00;23.4;16.46475112
1900-07-01 12:00:00+01:00;24.4;16.50945397
1900-07-01 13:00:00+01:00;24.9;16.52087282
1900-07-01 14:00:00+01:00;24.4;16.4548607
1900-07-01 15:00:00+01:00;24.6;16.26043249
1900-07-01 16:00:00+01:00;24.3;16.05610027
1900-07-01 17:00:00+01:00;24;15.81788957
1900-07-01 18:00:00+01:00;23.2;15.50106516
1900-07-01 19:00:00+01:00;22.4;15.20082408
1900-07-01 20:00:00+01:00;21;14.83241493
1900-07-01 21:00:00+01:00;19.4;14.60680976
1900-07-01 22:00:00+01:00;18.4;14.35693763
1900-07-01 23:00:00+01:00;18.3;14.28356737
1900-07-02 00:00:00+01:00;18.5;15.74392214
1900-07-02 01:00:00+01:00;18.4;15.48615298
1900-07-02 02:00:00+01:00;18.2;15.4894399
1900-07-02 03:00:00+01:00;18.2;15.62312287
1900-07-02 04:00:00+01:00;17.5;16.12643067
1900-07-02 05:00:00+01:00;17.2;17.38998739
1900-07-02 06:00:00+01:00;17;20.97414743
1900-07-02 07:00:00+01:00;17.4;25.55830915
1900-07-02 08:00:00+01:00;18;29.02489635
1900-07-02 09:00:00+01:00;18.3;30.76264314
1900-07-02 10:00:00+01:00;19.3;32.08571775
1900-07-02 11:00:00+01:00;20.6;32.50855037
1900-07-02 12:00:00+01:00;23.5;33.50364565
1900-07-02 13:00:00+01:00;25.9;34.16449066
1900-07-02 14:00:00+01:00;27.4;34.34124314
1900-07-02 15:00:00+01:00;27.6;33.54288445
1900-07-02 16:00:00+01:00;28.4;31.45925127
1900-07-02 17:00:00+01:00;28.1;27.81198229
1900-07-02 18:00:00+01:00;27.1;23.18582042
1900-07-02 19:00:00+01:00;26.6;21.90888989
1900-07-02 20:00:00+01:00;25.2;20.12389498
1900-07-02 21:00:00+01:00;23;18.60835874
1900-07-02 22:00:00+01:00;21.7;17.38717418
1900-07-02 23:00:00+01:00;20.5;16.56550256
1900-07-03 00:00:00+01:00;19.2;15.74392214
1900-07-03 01:00:00+01:00;18.6;15.48615298
1900-07-03 02:00:00+01:00;17.9;15.4894399
1900-07-03 03:00:00+01:00;17.8;15.62312287
1900-07-03 04:00:00+01:00;18;16.12643067
1900-07-03 05:00:00+01:00;18.7;17.38998739
1900-07-03 06:00:00+01:00;21.1;20.97414743
1900-07-03 07:00:00+01:00;24;25.50821844
1900-07-03 08:00:00+01:00;26.1;29.48638843
1900-07-03 09:00:00+01:00;26.9;31.77536543
1900-07-03 10:00:00+01:00;27;34.48431402
1900-07-03 11:00:00+01:00;27.5;34.69778626
1900-07-03 12:00:00+01:00;29;35.37058948
1900-07-03 13:00:00+01:00;28.6;35.28295701
1900-07-03 14:00:00+01:00;28.7;34.80017751
1900-07-03 15:00:00+01:00;29.8;34.4493964
1900-07-03 16:00:00+01:00;29.5;31.83123379
1900-07-03 17:00:00+01:00;28;27.78880815
1900-07-03 18:00:00+01:00;27;23.18222793
1900-07-03 19:00:00+01:00;25.3;21.85766597
1900-07-03 20:00:00+01:00;23.1;20.12389498
1900-07-03 21:00:00+01:00;21.6;18.60835874
1900-07-03 22:00:00+01:00;20.1;17.38717418
1900-07-03 23:00:00+01:00;19.5;16.56550256
1900-07-04 00:00:00+01:00;19.1;15.74392214
1900-07-04 01:00:00+01:00;18.8;15.48615298
1900-07-04 02:00:00+01:00;18.8;15.4894399
1900-07-04 03:00:00+01:00;18.1;15.62312287
1900-07-04 04:00:00+01:00;16.4;16.12643067
1900-07-04 05:00:00+01:00;16;17.38998739
1900-07-04 06:00:00+01:00;16.3;20.97414743
1900-07-04 07:00:00+01:00;17.4;25.55830915
1900-07-04 08:00:00+01:00;18.4;29.01336512
1900-07-04 09:00:00+01:00;19.7;30.90589514
1900-07-04 10:00:00+01:00;20.8;32.54198035
1900-07-04 11:00:00+01:00;19.6;32.20333471
1900-07-04 12:00:00+01:00;19.6;32.26246779
1900-07-04 13:00:00+01:00;20;32.05020362
1900-07-04 14:00:00+01:00;20.3;31.71805231
1900-07-04 15:00:00+01:00;19.7;30.62529414
1900-07-04 16:00:00+01:00;19.8;28.69230918
1900-07-04 17:00:00+01:00;20.4;26.03370226
1900-07-04 18:00:00+01:00;19.7;23.03965093
1900-07-04 19:00:00+01:00;18.5;21.75756039
1900-07-04 20:00:00+01:00;17.6;20.22134093
1900-07-04 21:00:00+01:00;16.5;18.67043438
1900-07-04 22:00:00+01:00;15.7;17.38717418
1900-07-04 23:00:00+01:00;15.3;16.56550256
1900-07-05 00:00:00+01:00;14.9;15.74392214
1900-07-05 01:00:00+01:00;14.8;15.48615298
1900-07-05 02:00:00+01:00;14.2;15.4894399
1900-07-05 03:00:00+01:00;13.7;15.62312287
1900-07-05 04:00:00+01:00;13.5;16.12643067
1900-07-05 05:00:00+01:00;13.2;17.38998739
1900-07-05 06:00:00+01:00;14.6;20.97414743
1900-07-05 07:00:00+01:00;15.6;25.598909
1900-07-05 08:00:00+01:00;16.5;29.06813847
1900-07-05 09:00:00+01:00;17.7;30.70124942
1900-07-05 10:00:00+01:00;17.8;31.62744528
1900-07-05 11:00:00+01:00;17.4;31.56201559
1900-07-05 12:00:00+01:00;17.7;31.68073518
1900-07-05 13:00:00+01:00;17.9;31.36496438
1900-07-05 14:00:00+01:00;18.6;31.20040805
1900-07-05 15:00:00+01:00;19.8;30.65588173
1900-07-05 16:00:00+01:00;19.1;28.5185748
1900-07-05 17:00:00+01:00;18.7;25.76439354
1900-07-05 18:00:00+01:00;17.9;23.06653705
1900-07-05 19:00:00+01:00;17.5;21.77291936
1900-07-05 20:00:00+01:00;16.8;20.23212089
1900-07-05 21:00:00+01:00;16.1;18.67543988
1900-07-05 22:00:00+01:00;15;17.38717418
1900-07-05 23:00:00+01:00;13.8;16.56550256
1900-07-06 00:00:00+01:00;12.3;15.78477987
1900-07-06 01:00:00+01:00;11.6;14.90896025
1900-07-06 02:00:00+01:00;11;14.99893754
1900-07-06 03:00:00+01:00;10.4;14.91863559
1900-07-06 04:00:00+01:00;11.5;15.79637213
1900-07-06 05:00:00+01:00;12.4;17.34642355
1900-07-06 06:00:00+01:00;13.5;20.97414743
1900-07-06 07:00:00+01:00;15.2;25.60793119
1900-07-06 08:00:00+01:00;15.6;29.09408374
1900-07-06 09:00:00+01:00;16.8;30.60915885
1900-07-06 10:00:00+01:00;18;31.6555085
1900-07-06 11:00:00+01:00;20;32.32542098
1900-07-06 12:00:00+01:00;20.9;32.66049537
1900-07-06 13:00:00+01:00;21.5;32.55287674
1900-07-06 14:00:00+01:00;22;32.34614026
1900-07-06 15:00:00+01:00;22.5;31.57870707
1900-07-06 16:00:00+01:00;22.4;29.43488792
1900-07-06 17:00:00+01:00;21.6;26.30566298
1900-07-06 18:00:00+01:00;21.1;22.97027061
1900-07-06 19:00:00+01:00;20.1;21.6860255
1900-07-06 20:00:00+01:00;18.6;20.20786597
1900-07-06 21:00:00+01:00;17.7;18.65541788
1900-07-06 22:00:00+01:00;16.6;17.38717418
1900-07-06 23:00:00+01:00;15.6;16.56550256
1900-07-07 00:00:00+01:00;15.3;14.33319214
1900-07-07 01:00:00+01:00;15.2;13.9793112
1900-07-07 02:00:00+01:00;15.3;13.83588928
1900-07-07 03:00:00+01:00;15.1;13.8816843
1900-07-07 04:00:00+01:00;15.6;13.84174494
1900-07-07 05:00:00+01:00;17.3;14.1364033
1900-07-07 06:00:00+01:00;17.5;14.75662247
1900-07-07 07:00:00+01:00;17.2;15.6555792
1900-07-07 08:00:00+01:00;17.5;17.09458762
1900-07-07 09:00:00+01:00;17.4;18.52347869
1900-07-07 10:00:00+01:00;17.2;19.55861802
1900-07-07 11:00:00+01:00;17.8;19.94177919
1900-07-07 12:00:00+01:00;17.6;20.04355686
1900-07-07 13:00:00+01:00;18;20.01077101
1900-07-07 14:00:00+01:00;16.8;19.70006438
1900-07-07 15:00:00+01:00;17;18.99917204
1900-07-07 16:00:00+01:00;16.2;18.445627
1900-07-07 17:00:00+01:00;15.7;17.98311117
1900-07-07 18:00:00+01:00;14.4;17.05133821
1900-07-07 19:00:00+01:00;14.2;16.28191594
1900-07-07 20:00:00+01:00;14.1;15.50636501
1900-07-07 21:00:00+01:00;13.6;14.98245736
1900-07-07 22:00:00+01:00;13.2;14.64425342
1900-07-07 23:00:00+01:00;13.3;14.45150241
1900-07-08 00:00:00+01:00;13.1;14.26806542
1900-07-08 01:00:00+01:00;13.1;13.95859186
1900-07-08 02:00:00+01:00;13.4;13.73310499
1900-07-08 03:00:00+01:00;13.3;13.74607951
1900-07-08 04:00:00+01:00;13.3;13.77626124
1900-07-08 05:00:00+01:00;13.5;14.04639896
1900-07-08 06:00:00+01:00;14;14.53064758
1900-07-08 07:00:00+01:00;14.3;15.17734747
1900-07-08 08:00:00+01:00;15;15.77913745
1900-07-08 09:00:00+01:00;15.9;15.97169023
1900-07-08 10:00:00+01:00;16.1;16.16654659
1900-07-08 11:00:00+01:00;15.5;16.5040506
1900-07-08 12:00:00+01:00;17;16.56620462
1900-07-08 13:00:00+01:00;17.1;16.56822464
1900-07-08 14:00:00+01:00;17.1;16.52623523
1900-07-08 15:00:00+01:00;16.9;16.32137146
1900-07-08 16:00:00+01:00;15.8;16.03849252
1900-07-08 17:00:00+01:00;15.3;15.82194603
1900-07-08 18:00:00+01:00;15.2;15.48905854
1900-07-08 19:00:00+01:00;15;15.25508447
1900-07-08 20:00:00+01:00;14.9;14.83417394
1900-07-08 21:00:00+01:00;14.6;14.67241415
1900-07-08 22:00:00+01:00;14.3;14.40685971
1900-07-08 23:00:00+01:00;14.5;14.31028359
1900-07-09 00:00:00+01:00;14.5;13.70259394
1900-07-09 01:00:00+01:00;14.4;13.31596297
1900-07-09 02:00:00+01:00;14;13.171384
1900-07-09 03:00:00+01:00;14.1;13.157571
1900-07-09 04:00:00+01:00;14.1;13.42123511
1900-07-09 05:00:00+01:00;14;14.10566302
1900-07-09 06:00:00+01:00;14.4;16.63023761
1900-07-09 07:00:00+01:00;11.4;20.838296
1900-07-09 08:00:00+01:00;10.9;23.0577947
1900-07-09 09:00:00+01:00;10.7;24.30824609
1900-07-09 10:00:00+01:00;11;23.73958635
1900-07-09 11:00:00+01:00;11.7;23.61251589
1900-07-09 12:00:00+01:00;11.7;23.50789215
1900-07-09 13:00:00+01:00;11.6;23.46030479
1900-07-09 14:00:00+01:00;12;23.87900528
1900-07-09 15:00:00+01:00;12.4;23.25247214
1900-07-09 16:00:00+01:00;12.5;22.25257838
1900-07-09 17:00:00+01:00;14.6;19.82503273
1900-07-09 18:00:00+01:00;14.2;19.60161131
1900-07-09 19:00:00+01:00;13.9;18.47516988
1900-07-09 20:00:00+01:00;13.1;17.31037677
1900-07-09 21:00:00+01:00;12.7;16.02056034
1900-07-09 22:00:00+01:00;12.6;15.04384344
1900-07-09 23:00:00+01:00;12.6;14.63285553
1900-07-10 00:00:00+01:00;12.2;14.06673845
1900-07-10 01:00:00+01:00;12;14.092496
1900-07-10 02:00:00+01:00;12.2;13.71420397
1900-07-10 03:00:00+01:00;12.1;14.13512034
1900-07-10 04:00:00+01:00;12.4;13.98159039
1900-07-10 05:00:00+01:00;12.7;14.54413563
1900-07-10 06:00:00+01:00;13;16.96975462
1900-07-10 07:00:00+01:00;13.4;20.23988729
1900-07-10 08:00:00+01:00;14.6;22.59167325
1900-07-10 09:00:00+01:00;14.8;23.85343546
1900-07-10 10:00:00+01:00;15.7;23.43700789
1900-07-10 11:00:00+01:00;16;23.73177093
1900-07-10 12:00:00+01:00;16.3;23.62446094
1900-07-10 13:00:00+01:00;16.3;23.45887632
1900-07-10 14:00:00+01:00;16.5;23.13943378
1900-07-10 15:00:00+01:00;16.8;22.58929321
1900-07-10 16:00:00+01:00;18.2;21.53897494
1900-07-10 17:00:00+01:00;17.6;19.7918545
1900-07-10 18:00:00+01:00;16.6;19.34178398
1900-07-10 19:00:00+01:00;15.4;18.25528029
1900-07-10 20:00:00+01:00;15.3;16.93958771
1900-07-10 21:00:00+01:00;14.8;15.71578956
1900-07-10 22:00:00+01:00;13.9;14.71019948
1900-07-10 23:00:00+01:00;12.4;14.30267898
1900-07-11 00:00:00+01:00;11.6;13.90550847
1900-07-11 01:00:00+01:00;11.2;13.68463741
1900-07-11 02:00:00+01:00;11.3;13.54528111
1900-07-11 03:00:00+01:00;11.1;13.63090935
1900-07-11 04:00:00+01:00;10.8;13.98479031
1900-07-11 05:00:00+01:00;11.5;14.52281955
1900-07-11 06:00:00+01:00;11.8;17.15123163
1900-07-11 07:00:00+01:00;13;20.14316939
1900-07-11 08:00:00+01:00;14.6;22.45237888
1900-07-11 09:00:00+01:00;17;23.67970658
1900-07-11 10:00:00+01:00;17.4;23.59524076
1900-07-11 11:00:00+01:00;18.9;24.11174669
1900-07-11 12:00:00+01:00;19.6;24.09355244
1900-07-11 13:00:00+01:00;18.1;23.69774866
1900-07-11 14:00:00+01:00;19.1;23.54270582
1900-07-11 15:00:00+01:00;18.2;22.79481881
1900-07-11 16:00:00+01:00;16.8;21.32501833
1900-07-11 17:00:00+01:00;16.4;19.67852224
1900-07-11 18:00:00+01:00;16;19.34273668
1900-07-11 19:00:00+01:00;16;18.18427287
1900-07-11 20:00:00+01:00;15.2;16.92846739
1900-07-11 21:00:00+01:00;15;15.69282322
1900-07-11 22:00:00+01:00;14.5;14.67139058
1900-07-11 23:00:00+01:00;14.2;14.22119097
1900-07-12 00:00:00+01:00;13.8;13.77781768
1900-07-12 01:00:00+01:00;13.6;13.3823189
1900-07-12 02:00:00+01:00;13;13.29003827
1900-07-12 03:00:00+01:00;12.5;13.30258231
1900-07-12 04:00:00+01:00;12.5;13.57594609
1900-07-12 05:00:00+01:00;12.4;14.22746539
1900-07-12 06:00:00+01:00;12.6;16.56958369
1900-07-12 07:00:00+01:00;14.3;19.90213936
1900-07-12 08:00:00+01:00;15.2;22.29521202
1900-07-12 09:00:00+01:00;15.8;23.60047941
1900-07-12 10:00:00+01:00;16.5;23.53856145
1900-07-12 11:00:00+01:00;17.2;23.84989653
1900-07-12 12:00:00+01:00;14.6;23.28872556
1900-07-12 13:00:00+01:00;12.2;23.69502319
1900-07-12 14:00:00+01:00;13.8;22.82233383
1900-07-12 15:00:00+01:00;15.6;22.45600494
1900-07-12 16:00:00+01:00;15.7;21.24766917
1900-07-12 17:00:00+01:00;15.4;19.76453298
1900-07-12 18:00:00+01:00;14.5;19.40084279
1900-07-12 19:00:00+01:00;14.2;18.33275362
1900-07-12 20:00:00+01:00;12.9;17.12043589
1900-07-12 21:00:00+01:00;12;16.023645
1900-07-12 22:00:00+01:00;11;15.15342336
1900-07-12 23:00:00+01:00;9.9;15.07005421
1900-07-13 00:00:00+01:00;10.2;14.57899044
1900-07-13 01:00:00+01:00;10.2;14.24775643
1900-07-13 02:00:00+01:00;9.8;14.11370783
1900-07-13 03:00:00+01:00;8.6;14.62321331
1900-07-13 04:00:00+01:00;9.2;14.96143293
1900-07-13 05:00:00+01:00;11.2;15.29956069
1900-07-13 06:00:00+01:00;12.6;17.27586621
1900-07-13 07:00:00+01:00;12.8;20.34551367
1900-07-13 08:00:00+01:00;12.3;23.67144252
1900-07-13 09:00:00+01:00;13.5;24.23981296
1900-07-13 10:00:00+01:00;13.9;23.72727021
1900-07-13 11:00:00+01:00;14.4;23.89816183
1900-07-13 12:00:00+01:00;15;23.56814678
1900-07-13 13:00:00+01:00;16.2;23.44368549
1900-07-13 14:00:00+01:00;16.8;23.18595493
1900-07-13 15:00:00+01:00;17;22.59491863
1900-07-13 16:00:00+01:00;16.8;21.38420291
1900-07-13 17:00:00+01:00;17.2;19.75589239
1900-07-13 18:00:00+01:00;16.9;19.40011631
1900-07-13 19:00:00+01:00;15.5;18.31925381
1900-07-13 20:00:00+01:00;14.9;17.02362874
1900-07-13 21:00:00+01:00;14.4;15.79675301
1900-07-13 22:00:00+01:00;12.9;14.88877442
1900-07-13 23:00:00+01:00;11.8;14.67439005
1900-07-14 00:00:00+01:00;11.8;14.32081605
1900-07-14 01:00:00+01:00;10.5;14.33885606
1900-07-14 02:00:00+01:00;9.6;14.6163164
1900-07-14 03:00:00+01:00;8;14.99156386
1900-07-14 04:00:00+01:00;9.3;14.79941342
1900-07-14 05:00:00+01:00;10.6;15.06569492
1900-07-14 06:00:00+01:00;13;15.66628162
1900-07-14 07:00:00+01:00;14;17.40256845
1900-07-14 08:00:00+01:00;14.7;19.51396065
1900-07-14 09:00:00+01:00;15.8;21.14439726
1900-07-14 10:00:00+01:00;16.1;21.2228144
1900-07-14 11:00:00+01:00;17.1;21.51654529
1900-07-14 12:00:00+01:00;17.8;21.34037648
1900-07-14 13:00:00+01:00;19;21.13508816
1900-07-14 14:00:00+01:00;19.9;20.64432559
1900-07-14 15:00:00+01:00;20;19.67049274
1900-07-14 16:00:00+01:00;20.4;18.68679819
1900-07-14 17:00:00+01:00;20.5;17.79066701
1900-07-14 18:00:00+01:00;18.5;17.42715944
1900-07-14 19:00:00+01:00;17.5;16.15282731
1900-07-14 20:00:00+01:00;16.2;15.13307879
1900-07-14 21:00:00+01:00;15.5;14.64762317
1900-07-14 22:00:00+01:00;14.3;14.26220356
1900-07-14 23:00:00+01:00;13.4;14.13013169
1900-07-15 00:00:00+01:00;12.6;13.89018384
1900-07-15 01:00:00+01:00;12.3;13.55334738
1900-07-15 02:00:00+01:00;12;13.41453107
1900-07-15 03:00:00+01:00;12.1;13.30975928
1900-07-15 04:00:00+01:00;12.5;13.49136638
1900-07-15 05:00:00+01:00;12.8;13.79034851
1900-07-15 06:00:00+01:00;14.1;15.03013402
1900-07-15 07:00:00+01:00;15.8;16.60783631
1900-07-15 08:00:00+01:00;16.4;17.97111346
1900-07-15 09:00:00+01:00;18.8;18.49271501
1900-07-15 10:00:00+01:00;20.2;17.73918076
1900-07-15 11:00:00+01:00;21.4;18.0541364
1900-07-15 12:00:00+01:00;20.3;17.8566352
1900-07-15 13:00:00+01:00;22.1;17.68305154
1900-07-15 14:00:00+01:00;21.1;17.4736326
1900-07-15 15:00:00+01:00;21;16.99155133
1900-07-15 16:00:00+01:00;21.2;16.35971105
1900-07-15 17:00:00+01:00;21;15.62194271
1900-07-15 18:00:00+01:00;21;15.74279247
1900-07-15 19:00:00+01:00;20.3;15.05085706
1900-07-15 20:00:00+01:00;19.9;14.43759946
1900-07-15 21:00:00+01:00;19.3;14.13085711
1900-07-15 22:00:00+01:00;18.4;13.87076583
1900-07-15 23:00:00+01:00;17.4;13.82366169
1900-07-16 00:00:00+01:00;16.4;13.70259394
1900-07-16 01:00:00+01:00;15.4;13.31596297
1900-07-16 02:00:00+01:00;15.1;13.171384
1900-07-16 03:00:00+01:00;15;13.157571
1900-07-16 04:00:00+01:00;15.2;13.42123511
1900-07-16 05:00:00+01:00;15.4;14.10566302
1900-07-16 06:00:00+01:00;16.4;16.63023761
1900-07-16 07:00:00+01:00;17.6;19.86850126
1900-07-16 08:00:00+01:00;19;22.29521202
1900-07-16 09:00:00+01:00;18.6;23.85765492
1900-07-16 10:00:00+01:00;20.2;23.99806258
1900-07-16 11:00:00+01:00;20.7;24.3889998
1900-07-16 12:00:00+01:00;23;24.63252901
1900-07-16 13:00:00+01:00;22.9;24.50084612
1900-07-16 14:00:00+01:00;23.8;24.34164349
1900-07-16 15:00:00+01:00;23.5;23.67771128
1900-07-16 16:00:00+01:00;23;22.20866633
1900-07-16 17:00:00+01:00;23.1;20.28633345
1900-07-16 18:00:00+01:00;22.3;19.30627132
1900-07-16 19:00:00+01:00;22;18.16622746
1900-07-16 20:00:00+01:00;20.9;16.84145291
1900-07-16 21:00:00+01:00;18.7;15.61094149
1900-07-16 22:00:00+01:00;16.5;14.59265218
1900-07-16 23:00:00+01:00;15.9;14.16773154
1900-07-17 00:00:00+01:00;16;13.70259394
1900-07-17 01:00:00+01:00;15;13.31596297
1900-07-17 02:00:00+01:00;14.9;13.171384
1900-07-17 03:00:00+01:00;14.2;13.157571
1900-07-17 04:00:00+01:00;13.4;13.32623589
1900-07-17 05:00:00+01:00;14.5;14.10566302
1900-07-17 06:00:00+01:00;16.3;16.63023761
1900-07-17 07:00:00+01:00;18.3;19.86850126
1900-07-17 08:00:00+01:00;19.2;22.29521202
1900-07-17 09:00:00+01:00;19.9;24.00223795
1900-07-17 10:00:00+01:00;21;24.11315453
1900-07-17 11:00:00+01:00;22.2;24.62004405
1900-07-17 12:00:00+01:00;22.8;24.6008245
1900-07-17 13:00:00+01:00;24.1;24.70162048
1900-07-17 14:00:00+01:00;25;24.54562757
1900-07-17 15:00:00+01:00;23.7;23.71102798
1900-07-17 16:00:00+01:00;24.6;22.43189679
1900-07-17 17:00:00+01:00;22.8;20.25936187
1900-07-17 18:00:00+01:00;24.3;19.30627132
1900-07-17 19:00:00+01:00;23;18.16622746
1900-07-17 20:00:00+01:00;19.5;16.84145291
1900-07-17 21:00:00+01:00;18.1;15.61094149
1900-07-17 22:00:00+01:00;17.1;14.59265218
1900-07-17 23:00:00+01:00;16;14.16773154
1900-07-18 00:00:00+01:00;13.9;13.60587248
1900-07-18 01:00:00+01:00;12.8;13.21990432
1900-07-18 02:00:00+01:00;11.9;12.76339014
1900-07-18 03:00:00+01:00;11.5;12.41771141
1900-07-18 04:00:00+01:00;11.3;12.54282838
1900-07-18 05:00:00+01:00;12;13.78335788
1900-07-18 06:00:00+01:00;14.8;16.63023761
1900-07-18 07:00:00+01:00;16.3;19.86850126
1900-07-18 08:00:00+01:00;17.4;22.29521202
1900-07-18 09:00:00+01:00;19.4;23.94662909
1900-07-18 10:00:00+01:00;20.6;24.05560855
1900-07-18 11:00:00+01:00;23;24.74326765
1900-07-18 12:00:00+01:00;24.8;24.91786954
1900-07-18 13:00:00+01:00;25.6;24.95258844
1900-07-18 14:00:00+01:00;24;24.37564084
1900-07-18 15:00:00+01:00;25.4;23.9942199
1900-07-18 16:00:00+01:00;22.2;22.0970511
1900-07-18 17:00:00+01:00;21.9;20.17844713
1900-07-18 18:00:00+01:00;20.8;19.30627132
1900-07-18 19:00:00+01:00;18.4;18.16622746
1900-07-18 20:00:00+01:00;18;16.84145291
1900-07-18 21:00:00+01:00;17.7;15.61094149
1900-07-18 22:00:00+01:00;17;14.59265218
1900-07-18 23:00:00+01:00;16.2;14.16773154
1900-07-19 00:00:00+01:00;16.1;13.70259394
1900-07-19 01:00:00+01:00;15.5;13.31596297
1900-07-19 02:00:00+01:00;15;13.171384
1900-07-19 03:00:00+01:00;15.5;13.157571
1900-07-19 04:00:00+01:00;15.4;13.42123511
1900-07-19 05:00:00+01:00;15.3;14.10566302
1900-07-19 06:00:00+01:00;15.5;16.63023761
1900-07-19 07:00:00+01:00;15.1;19.86850126
1900-07-19 08:00:00+01:00;14;22.09181683
1900-07-19 09:00:00+01:00;14.2;23.40261008
1900-07-19 10:00:00+01:00;15.8;23.44970209
1900-07-19 11:00:00+01:00;16.4;23.7866635
1900-07-19 12:00:00+01:00;15.9;23.56753171
1900-07-19 13:00:00+01:00;17.8;23.64755507
1900-07-19 14:00:00+01:00;18.4;23.4237151
1900-07-19 15:00:00+01:00;19.2;22.9614023
1900-07-19 16:00:00+01:00;19;21.65059017
1900-07-19 17:00:00+01:00;18.4;19.86377871
1900-07-19 18:00:00+01:00;17.7;19.30627132
1900-07-19 19:00:00+01:00;16.6;18.16622746
1900-07-19 20:00:00+01:00;16.1;16.84145291
1900-07-19 21:00:00+01:00;14.8;15.62756395
1900-07-19 22:00:00+01:00;13.5;14.70016924
1900-07-19 23:00:00+01:00;13.2;14.2185788
1900-07-20 00:00:00+01:00;13;13.76542835
1900-07-20 01:00:00+01:00;13;13.37271727
1900-07-20 02:00:00+01:00;13.1;13.25640252
1900-07-20 03:00:00+01:00;13;13.26630407
1900-07-20 04:00:00+01:00;13;13.52411427
1900-07-20 05:00:00+01:00;13.4;14.20888041
1900-07-20 06:00:00+01:00;14;16.63023761
1900-07-20 07:00:00+01:00;13.7;19.97764349
1900-07-20 08:00:00+01:00;13.5;22.40253048
1900-07-20 09:00:00+01:00;13.8;23.58387725
1900-07-20 10:00:00+01:00;14.8;23.35285677
1900-07-20 11:00:00+01:00;16.1;23.74549407
1900-07-20 12:00:00+01:00;17.8;23.80821191
1900-07-20 13:00:00+01:00;19;23.84832944
1900-07-20 14:00:00+01:00;20.2;23.72969123
1900-07-20 15:00:00+01:00;15.5;22.31013715
1900-07-20 16:00:00+01:00;17.4;21.42735971
1900-07-20 17:00:00+01:00;19;19.91772187
1900-07-20 18:00:00+01:00;18.3;19.30627132
1900-07-20 19:00:00+01:00;18.2;18.16622746
1900-07-20 20:00:00+01:00;16.7;16.84145291
1900-07-20 21:00:00+01:00;15.3;15.65534635
1900-07-20 22:00:00+01:00;14.7;14.64335255
1900-07-20 23:00:00+01:00;14.3;14.1948865
1900-07-21 00:00:00+01:00;12.7;13.96410952
1900-07-21 01:00:00+01:00;13.3;13.5739574
1900-07-21 02:00:00+01:00;13.6;13.52699826
1900-07-21 03:00:00+01:00;13.9;13.52470881
1900-07-21 04:00:00+01:00;13.6;13.56703125
1900-07-21 05:00:00+01:00;13.8;14.0226854
1900-07-21 06:00:00+01:00;14.7;15.42108322
1900-07-21 07:00:00+01:00;15.4;17.19329873
1900-07-21 08:00:00+01:00;16.1;19.31880716
1900-07-21 09:00:00+01:00;18.6;21.09016317
1900-07-21 10:00:00+01:00;19.3;21.14324608
1900-07-21 11:00:00+01:00;19.5;21.51654529
1900-07-21 12:00:00+01:00;20.6;21.34037648
1900-07-21 13:00:00+01:00;21.8;21.13508816
1900-07-21 14:00:00+01:00;22.6;20.64432559
1900-07-21 15:00:00+01:00;24;19.67049274
1900-07-21 16:00:00+01:00;23.9;18.68679819
1900-07-21 17:00:00+01:00;22.4;17.79066701
1900-07-21 18:00:00+01:00;21;17.42715944
1900-07-21 19:00:00+01:00;20;16.15282731
1900-07-21 20:00:00+01:00;18.9;15.13307879
1900-07-21 21:00:00+01:00;18.1;14.59418125
1900-07-21 22:00:00+01:00;17.3;14.18008504
1900-07-21 23:00:00+01:00;15.6;14.04865042
1900-07-22 00:00:00+01:00;15;13.74590014
1900-07-22 01:00:00+01:00;14.6;13.46410476
1900-07-22 02:00:00+01:00;13.6;13.19585512
1900-07-22 03:00:00+01:00;12.9;13.22656629
1900-07-22 04:00:00+01:00;13.2;13.27929875
1900-07-22 05:00:00+01:00;13.5;13.64905808
1900-07-22 06:00:00+01:00;14.4;15.03013402
1900-07-22 07:00:00+01:00;16.2;16.60783631
1900-07-22 08:00:00+01:00;16;17.97111346
1900-07-22 09:00:00+01:00;16.2;18.53962173
1900-07-22 10:00:00+01:00;16.4;17.81367218
1900-07-22 11:00:00+01:00;15.8;18.12420582
1900-07-22 12:00:00+01:00;16.7;17.90418823
1900-07-22 13:00:00+01:00;17;17.68305154
1900-07-22 14:00:00+01:00;18.9;17.4736326
1900-07-22 15:00:00+01:00;19.6;16.99155133
1900-07-22 16:00:00+01:00;19;16.35971105
1900-07-22 17:00:00+01:00;17.9;15.62194271
1900-07-22 18:00:00+01:00;18;15.74279247
1900-07-22 19:00:00+01:00;18.5;15.05085706
1900-07-22 20:00:00+01:00;18;14.43759946
1900-07-22 21:00:00+01:00;15.6;14.11659365
1900-07-22 22:00:00+01:00;13.6;13.9738038
1900-07-22 23:00:00+01:00;12.5;13.79502651
1900-07-23 00:00:00+01:00;12;13.56179019
1900-07-23 01:00:00+01:00;11.8;13.17649217
1900-07-23 02:00:00+01:00;10.5;13.30487792
1900-07-23 03:00:00+01:00;10;13.45828514
1900-07-23 04:00:00+01:00;9;13.61664021
1900-07-23 05:00:00+01:00;10;14.63464403
1900-07-23 06:00:00+01:00;12.3;16.72897168
1900-07-23 07:00:00+01:00;14.1;19.96053375
1900-07-23 08:00:00+01:00;15.6;22.29521202
1900-07-23 09:00:00+01:00;17.1;23.69082835
1900-07-23 10:00:00+01:00;18.5;23.75349219
1900-07-23 11:00:00+01:00;20.5;24.3581939
1900-07-23 12:00:00+01:00;21.5;24.39474523
1900-07-23 13:00:00+01:00;22;24.35026535
1900-07-23 14:00:00+01:00;22.9;24.18865542
1900-07-23 15:00:00+01:00;23.3;23.64439458
1900-07-23 16:00:00+01:00;23.6;22.29237775
1900-07-23 17:00:00+01:00;23.4;20.31330503
1900-07-23 18:00:00+01:00;22.7;19.30627132
1900-07-23 19:00:00+01:00;20.8;18.16622746
1900-07-23 20:00:00+01:00;19.2;16.84145291
1900-07-23 21:00:00+01:00;17.1;15.61094149
1900-07-23 22:00:00+01:00;16;14.59265218
1900-07-23 23:00:00+01:00;15.5;14.16773154
1900-07-24 00:00:00+01:00;15.2;13.70259394
1900-07-24 01:00:00+01:00;14;13.31596297
1900-07-24 02:00:00+01:00;12.8;13.15992585
1900-07-24 03:00:00+01:00;12.9;13.14017459
1900-07-24 04:00:00+01:00;13;13.37667382
1900-07-24 05:00:00+01:00;13;14.02388631
1900-07-24 06:00:00+01:00;15;16.63023761
1900-07-24 07:00:00+01:00;16.6;19.86850126
1900-07-24 08:00:00+01:00;19;22.29521202
1900-07-24 09:00:00+01:00;19;23.90214201
1900-07-24 10:00:00+01:00;21.3;24.15631401
1900-07-24 11:00:00+01:00;22;24.58923815
1900-07-24 12:00:00+01:00;22.4;24.53741549
1900-07-24 13:00:00+01:00;22.2;24.38372774
1900-07-24 14:00:00+01:00;22.6;24.1376594
1900-07-24 15:00:00+01:00;22.1;23.4444944
1900-07-24 16:00:00+01:00;21.3;21.97148396
1900-07-24 17:00:00+01:00;20.7;20.07056081
1900-07-24 18:00:00+01:00;20;19.30627132
1900-07-24 19:00:00+01:00;19;18.16622746
1900-07-24 20:00:00+01:00;17.9;16.84145291
1900-07-24 21:00:00+01:00;17.5;15.61094149
1900-07-24 22:00:00+01:00;17;14.59265218
1900-07-24 23:00:00+01:00;16;14.16773154
1900-07-25 00:00:00+01:00;14.8;13.70259394
1900-07-25 01:00:00+01:00;14.6;13.31596297
1900-07-25 02:00:00+01:00;14.4;13.171384
1900-07-25 03:00:00+01:00;13.6;13.07371679
1900-07-25 04:00:00+01:00;13.4;13.32896704
1900-07-25 05:00:00+01:00;13.2;14.02211889
1900-07-25 06:00:00+01:00;14;16.63023761
1900-07-25 07:00:00+01:00;15;19.86850126
1900-07-25 08:00:00+01:00;16;22.29521202
1900-07-25 09:00:00+01:00;15.6;23.58189956
1900-07-25 10:00:00+01:00;16.5;23.53856145
1900-07-25 11:00:00+01:00;18.8;24.09634374
1900-07-25 12:00:00+01:00;19.6;24.09355244
1900-07-25 13:00:00+01:00;19.4;23.91525423
1900-07-25 14:00:00+01:00;19.9;23.67869521
1900-07-25 15:00:00+01:00;20.1;23.11132743
1900-07-25 16:00:00+01:00;21.2;21.95753206
1900-07-25 17:00:00+01:00;20.8;20.07955134
1900-07-25 18:00:00+01:00;20.3;19.30627132
1900-07-25 19:00:00+01:00;20.4;18.16622746
1900-07-25 20:00:00+01:00;17.9;16.84145291
1900-07-25 21:00:00+01:00;16.9;15.61094149
1900-07-25 22:00:00+01:00;15.8;14.53162629
1900-07-25 23:00:00+01:00;16.3;14.16773154
1900-07-26 00:00:00+01:00;17.3;13.70259394
1900-07-26 01:00:00+01:00;17.2;13.31596297
1900-07-26 02:00:00+01:00;16.4;13.171384
1900-07-26 03:00:00+01:00;16.1;13.157571
1900-07-26 04:00:00+01:00;15.6;13.42123511
1900-07-26 05:00:00+01:00;15.9;14.10566302
1900-07-26 06:00:00+01:00;16.9;16.63023761
1900-07-26 07:00:00+01:00;18.8;19.86850126
1900-07-26 08:00:00+01:00;19.9;22.29521202
1900-07-26 09:00:00+01:00;20;24.01335972
1900-07-26 10:00:00+01:00;20.5;24.04122206
1900-07-26 11:00:00+01:00;20.6;24.37359685
1900-07-26 12:00:00+01:00;21.7;24.42644973
1900-07-26 13:00:00+01:00;21.8;24.31680295
1900-07-26 14:00:00+01:00;22.5;24.12066073
1900-07-26 15:00:00+01:00;23.3;23.64439458
1900-07-26 16:00:00+01:00;23.5;22.27842585
1900-07-26 17:00:00+01:00;23.6;20.33128608
1900-07-26 18:00:00+01:00;22.5;19.30627132
1900-07-26 19:00:00+01:00;21.4;18.16622746
1900-07-26 20:00:00+01:00;19.4;16.84145291
1900-07-26 21:00:00+01:00;16.5;15.61094149
1900-07-26 22:00:00+01:00;14.5;14.51993324
1900-07-26 23:00:00+01:00;13.7;14.07265717
1900-07-27 00:00:00+01:00;12.6;13.64549528
1900-07-27 01:00:00+01:00;12.3;13.03253614
1900-07-27 02:00:00+01:00;12;12.85459315
1900-07-27 03:00:00+01:00;11.4;12.30952628
1900-07-27 04:00:00+01:00;10.6;12.61506609
1900-07-27 05:00:00+01:00;11.9;13.63830428
1900-07-27 06:00:00+01:00;13.7;16.53909612
1900-07-27 07:00:00+01:00;16.6;19.86850126
1900-07-27 08:00:00+01:00;17.5;22.29521202
1900-07-27 09:00:00+01:00;19.2;23.92438555
1900-07-27 10:00:00+01:00;21.6;24.19947349
1900-07-27 11:00:00+01:00;22.6;24.68165585
1900-07-27 12:00:00+01:00;24.5;24.87031278
1900-07-27 13:00:00+01:00;25.5;24.93585724
1900-07-27 14:00:00+01:00;26;24.71561431
1900-07-27 15:00:00+01:00;26.3;24.14414504
1900-07-27 16:00:00+01:00;25.2;22.51560822
1900-07-27 17:00:00+01:00;24.9;20.44816292
1900-07-27 18:00:00+01:00;24.2;19.30627132
1900-07-27 19:00:00+01:00;22.2;18.16622746
1900-07-27 20:00:00+01:00;20;16.84145291
1900-07-27 21:00:00+01:00;18.7;15.61094149
1900-07-27 22:00:00+01:00;17.4;14.59265218
1900-07-27 23:00:00+01:00;16.7;14.16773154
1900-07-28 00:00:00+01:00;15.4;13.83887389
1900-07-28 01:00:00+01:00;14.7;13.51115923
1900-07-28 02:00:00+01:00;14;13.44473958
1900-07-28 03:00:00+01:00;13.4;13.35422897
1900-07-28 04:00:00+01:00;13.2;13.39449614
1900-07-28 05:00:00+01:00;14.9;13.94647223
1900-07-28 06:00:00+01:00;16.5;15.42108322
1900-07-28 07:00:00+01:00;17;17.19329873
1900-07-28 08:00:00+01:00;19.4;19.31880716
1900-07-28 09:00:00+01:00;20.4;21.09016317
1900-07-28 10:00:00+01:00;22;21.14324608
1900-07-28 11:00:00+01:00;23.7;21.51654529
1900-07-28 12:00:00+01:00;25;21.34037648
1900-07-28 13:00:00+01:00;25.1;21.13508816
1900-07-28 14:00:00+01:00;26.4;20.64432559
1900-07-28 15:00:00+01:00;26.5;19.67049274
1900-07-28 16:00:00+01:00;26.2;18.68679819
1900-07-28 17:00:00+01:00;25.4;17.79066701
1900-07-28 18:00:00+01:00;24.5;17.42715944
1900-07-28 19:00:00+01:00;21.8;16.15282731
1900-07-28 20:00:00+01:00;19.8;15.13307879
1900-07-28 21:00:00+01:00;18;14.59418125
1900-07-28 22:00:00+01:00;17.3;14.18008504
1900-07-28 23:00:00+01:00;16.7;14.04865042
1900-07-29 00:00:00+01:00;15.7;13.74590014
1900-07-29 01:00:00+01:00;15.8;13.46410476
1900-07-29 02:00:00+01:00;15.7;13.27859924
1900-07-29 03:00:00+01:00;17;13.2817441
1900-07-29 04:00:00+01:00;17.2;13.3567867
1900-07-29 05:00:00+01:00;17.7;13.73695077
1900-07-29 06:00:00+01:00;17.6;15.03013402
1900-07-29 07:00:00+01:00;18.1;16.60783631
1900-07-29 08:00:00+01:00;18.8;17.97111346
1900-07-29 09:00:00+01:00;20.1;18.49271501
1900-07-29 10:00:00+01:00;21;17.73918076
1900-07-29 11:00:00+01:00;21.2;18.0541364
1900-07-29 12:00:00+01:00;22.3;17.8566352
1900-07-29 13:00:00+01:00;23.4;17.68305154
1900-07-29 14:00:00+01:00;24.8;17.4736326
1900-07-29 15:00:00+01:00;25.8;16.99155133
1900-07-29 16:00:00+01:00;25.5;16.35971105
1900-07-29 17:00:00+01:00;25.7;15.62194271
1900-07-29 18:00:00+01:00;26;15.74279247
1900-07-29 19:00:00+01:00;24.7;15.05085706
1900-07-29 20:00:00+01:00;22.3;14.43759946
1900-07-29 21:00:00+01:00;20.4;14.13085711
1900-07-29 22:00:00+01:00;18.5;13.87076583
1900-07-29 23:00:00+01:00;16.9;13.82366169
1900-07-30 00:00:00+01:00;16.2;15.74392214
1900-07-30 01:00:00+01:00;15.4;15.48615298
1900-07-30 02:00:00+01:00;15;15.4894399
1900-07-30 03:00:00+01:00;14.6;15.62312287
1900-07-30 04:00:00+01:00;14.5;16.12643067
1900-07-30 05:00:00+01:00;14.9;17.38998739
1900-07-30 06:00:00+01:00;17;20.97414743
1900-07-30 07:00:00+01:00;19;25.50821844
1900-07-30 08:00:00+01:00;20;28.96724019
1900-07-30 09:00:00+01:00;21.9;31.16439779
1900-07-30 10:00:00+01:00;23.2;33.29385145
1900-07-30 11:00:00+01:00;24.7;33.8041539
1900-07-30 12:00:00+01:00;26.5;34.52197865
1900-07-30 13:00:00+01:00;26.8;34.50356908
1900-07-30 14:00:00+01:00;27.2;34.26735044
1900-07-30 15:00:00+01:00;27.9;33.6584243
1900-07-30 16:00:00+01:00;27.3;31.03404155
1900-07-30 17:00:00+01:00;26.8;27.51071843
1900-07-30 18:00:00+01:00;25.8;23.13911796
1900-07-30 19:00:00+01:00;23.6;21.79068085
1900-07-30 20:00:00+01:00;21.4;20.12389498
1900-07-30 21:00:00+01:00;19.5;18.63289312
1900-07-30 22:00:00+01:00;17.5;17.38717418
1900-07-30 23:00:00+01:00;16.6;16.56550256
1900-07-31 00:00:00+01:00;16;15.74392214
1900-07-31 01:00:00+01:00;15.1;15.48615298
1900-07-31 02:00:00+01:00;15.2;15.4894399
1900-07-31 03:00:00+01:00;15.1;15.62312287
1900-07-31 04:00:00+01:00;15.4;16.12643067
1900-07-31 05:00:00+01:00;15.5;17.38998739
1900-07-31 06:00:00+01:00;15.9;20.97414743
1900-07-31 07:00:00+01:00;16.6;25.57635353
1900-07-31 08:00:00+01:00;17.4;29.0421932
1900-07-31 09:00:00+01:00;19.4;30.87519828
1900-07-31 10:00:00+01:00;19.4;32.11586646
1900-07-31 11:00:00+01:00;20.1;32.35594254
1900-07-31 12:00:00+01:00;21.5;32.83925436
1900-07-31 13:00:00+01:00;22.1;32.76109625
1900-07-31 14:00:00+01:00;24.3;33.1959063
1900-07-31 15:00:00+01:00;24.6;32.38748599
1900-07-31 16:00:00+01:00;25;30.28341842
1900-07-31 17:00:00+01:00;25.2;27.13993214
1900-07-31 18:00:00+01:00;23.7;23.06367553
1900-07-31 19:00:00+01:00;22.9;21.76309874
1900-07-31 20:00:00+01:00;20.6;20.12389498
1900-07-31 21:00:00+01:00;20;18.60835874
1900-07-31 22:00:00+01:00;18.9;17.38717418
1900-07-31 23:00:00+01:00;17.6;16.56550256
1900-08-01 00:00:00+01:00;17.4;15.74392214
1900-08-01 01:00:00+01:00;16.7;15.48615298
1900-08-01 02:00:00+01:00;16.2;15.4894399
1900-08-01 03:00:00+01:00;14.5;15.62312287
1900-08-01 04:00:00+01:00;15.9;16.12643067
1900-08-01 05:00:00+01:00;16.1;17.38998739
1900-08-01 06:00:00+01:00;16.3;20.97414743
1900-08-01 07:00:00+01:00;17.5;25.5560536
1900-08-01 08:00:00+01:00;18.9;28.99895108
1900-08-01 09:00:00+01:00;21;31.05442362
1900-08-01 10:00:00+01:00;22.3;33.01189979
1900-08-01 11:00:00+01:00;23.1;33.29350684
1900-08-01 12:00:00+01:00;24.5;33.84308998
1900-08-01 13:00:00+01:00;25.2;33.90076301
1900-08-01 14:00:00+01:00;23.8;33.01117455
1900-08-01 15:00:00+01:00;24.7;32.42599927
1900-08-01 16:00:00+01:00;25.8;30.54450472
1900-08-01 17:00:00+01:00;23.4;26.72279756
1900-08-01 18:00:00+01:00;21.8;22.99541809
1900-08-01 19:00:00+01:00;22;21.72763602
1900-08-01 20:00:00+01:00;20.2;20.12389498
1900-08-01 21:00:00+01:00;19.3;18.63539587
1900-08-01 22:00:00+01:00;18.7;17.38717418
1900-08-01 23:00:00+01:00;17.9;16.56550256
1900-08-02 00:00:00+01:00;17.9;15.74392214
1900-08-02 01:00:00+01:00;16.2;15.48615298
1900-08-02 02:00:00+01:00;15.8;15.4894399
1900-08-02 03:00:00+01:00;15.4;15.62312287
1900-08-02 04:00:00+01:00;18.7;16.12643067
1900-08-02 05:00:00+01:00;16.6;17.38998739
1900-08-02 06:00:00+01:00;16.5;20.97414743
1900-08-02 07:00:00+01:00;16.6;25.57635353
1900-08-02 08:00:00+01:00;16.7;29.06237285
1900-08-02 09:00:00+01:00;17.8;30.71148171
1900-08-02 10:00:00+01:00;20.6;32.47932443
1900-08-02 11:00:00+01:00;22.4;33.07009875
1900-08-02 12:00:00+01:00;21.5;32.83925436
1900-08-02 13:00:00+01:00;21.4;32.51817348
1900-08-02 14:00:00+01:00;21.7;32.23530121
1900-08-02 15:00:00+01:00;26;32.92667194
1900-08-02 16:00:00+01:00;23.5;29.79388159
1900-08-02 17:00:00+01:00;22.5;26.51423027
1900-08-02 18:00:00+01:00;21;22.98183293
1900-08-02 19:00:00+01:00;20.2;21.6860255
1900-08-02 20:00:00+01:00;19.7;20.19304352
1900-08-02 21:00:00+01:00;18.2;18.649161
1900-08-02 22:00:00+01:00;18.3;17.38717418
1900-08-02 23:00:00+01:00;18.1;16.56550256
1900-08-03 00:00:00+01:00;17.9;15.74392214
1900-08-03 01:00:00+01:00;17.9;15.48615298
1900-08-03 02:00:00+01:00;17.4;15.4894399
1900-08-03 03:00:00+01:00;17.3;15.62312287
1900-08-03 04:00:00+01:00;17;16.12643067
1900-08-03 05:00:00+01:00;17.5;17.38998739
1900-08-03 06:00:00+01:00;17.4;20.97414743
1900-08-03 07:00:00+01:00;18;25.54477587
1900-08-03 08:00:00+01:00;19.2;28.99030265
1900-08-03 09:00:00+01:00;21.1;31.06664297
1900-08-03 10:00:00+01:00;21.2;32.6672922
1900-08-03 11:00:00+01:00;24;33.58074581
1900-08-03 12:00:00+01:00;25.4;34.14858988
1900-08-03 13:00:00+01:00;26.9;34.54124446
1900-08-03 14:00:00+01:00;26.3;33.9348333
1900-08-03 15:00:00+01:00;25;32.54153912
1900-08-03 16:00:00+01:00;24.3;30.0549679
1900-08-03 17:00:00+01:00;23.7;26.79231999
1900-08-03 18:00:00+01:00;23.2;23.04571304
1900-08-03 19:00:00+01:00;20.6;21.6860255
1900-08-03 20:00:00+01:00;19.7;20.19304352
1900-08-03 21:00:00+01:00;18.6;18.6441555
1900-08-03 22:00:00+01:00;18.6;17.38717418
1900-08-03 23:00:00+01:00;18;16.56550256
1900-08-04 00:00:00+01:00;17.2;14.28476903
1900-08-04 01:00:00+01:00;17;13.93041237
1900-08-04 02:00:00+01:00;16.7;13.83588928
1900-08-04 03:00:00+01:00;16.9;13.83353403
1900-08-04 04:00:00+01:00;16.8;13.84174494
1900-08-04 05:00:00+01:00;16.4;14.1364033
1900-08-04 06:00:00+01:00;17;14.75662247
1900-08-04 07:00:00+01:00;18;15.6555792
1900-08-04 08:00:00+01:00;18.2;17.09458762
1900-08-04 09:00:00+01:00;18.9;18.52347869
1900-08-04 10:00:00+01:00;21.5;19.5510181
1900-08-04 11:00:00+01:00;21.2;19.92716001
1900-08-04 12:00:00+01:00;20.5;19.99319526
1900-08-04 13:00:00+01:00;16.6;20.02553362
1900-08-04 14:00:00+01:00;16.8;19.70006438
1900-08-04 15:00:00+01:00;18.4;18.9832004
1900-08-04 16:00:00+01:00;18.3;18.41915412
1900-08-04 17:00:00+01:00;20.1;17.98661388
1900-08-04 18:00:00+01:00;19.2;17.18345804
1900-08-04 19:00:00+01:00;17.9;16.315667
1900-08-04 20:00:00+01:00;17;15.54847497
1900-08-04 21:00:00+01:00;16.4;15.11113665
1900-08-04 22:00:00+01:00;15;14.70719106
1900-08-04 23:00:00+01:00;13.5;14.40653335
1900-08-05 00:00:00+01:00;14;14.25667345
1900-08-05 01:00:00+01:00;13.5;13.95357564
1900-08-05 02:00:00+01:00;13.5;13.73182075
1900-08-05 03:00:00+01:00;12.6;13.66462568
1900-08-05 04:00:00+01:00;11.1;13.09559932
1900-08-05 05:00:00+01:00;11.5;13.61519084
1900-08-05 06:00:00+01:00;13.6;14.47594499
1900-08-05 07:00:00+01:00;14.8;15.06640203
1900-08-05 08:00:00+01:00;16.4;15.76215673
1900-08-05 09:00:00+01:00;15.9;15.97169023
1900-08-05 10:00:00+01:00;13.3;15.78020261
1900-08-05 11:00:00+01:00;13.8;16.1207675
1900-08-05 12:00:00+01:00;14;16.16600972
1900-08-05 13:00:00+01:00;13.8;16.15825452
1900-08-05 14:00:00+01:00;13.2;16.27178445
1900-08-05 15:00:00+01:00;13.6;15.97059601
1900-08-05 16:00:00+01:00;16.2;16.11853986
1900-08-05 17:00:00+01:00;17.7;15.86896967
1900-08-05 18:00:00+01:00;17.8;15.51886411
1900-08-05 19:00:00+01:00;17.2;15.22368689
1900-08-05 20:00:00+01:00;16;14.86699959
1900-08-05 21:00:00+01:00;15.7;14.65737981
1900-08-05 22:00:00+01:00;15.3;14.35693763
1900-08-05 23:00:00+01:00;14.6;14.30892644
1900-08-06 00:00:00+01:00;14.5;15.74392214
1900-08-06 01:00:00+01:00;13.8;15.48615298
1900-08-06 02:00:00+01:00;12.3;15.52445523
1900-08-06 03:00:00+01:00;11.7;15.60324417
1900-08-06 04:00:00+01:00;12;16.15461701
1900-08-06 05:00:00+01:00;12.9;17.38611797
1900-08-06 06:00:00+01:00;12.4;21.17311373
1900-08-06 07:00:00+01:00;14;25.63499775
1900-08-06 08:00:00+01:00;14.3;29.15380898
1900-08-06 09:00:00+01:00;12.9;29.99604092
1900-08-06 10:00:00+01:00;12.4;30.84558065
1900-08-06 11:00:00+01:00;11.3;30.60345692
1900-08-06 12:00:00+01:00;12.5;30.79338795
1900-08-06 13:00:00+01:00;13.7;30.63696453
1900-08-06 14:00:00+01:00;14.5;30.08856286
1900-08-06 15:00:00+01:00;17.2;29.86060416
1900-08-06 16:00:00+01:00;17.8;28.19592523
1900-08-06 17:00:00+01:00;18.4;25.70384901
1900-08-06 18:00:00+01:00;18.1;23.0635497
1900-08-06 19:00:00+01:00;18.1;21.76370398
1900-08-06 20:00:00+01:00;17.6;20.22134093
1900-08-06 21:00:00+01:00;18;18.65166375
1900-08-06 22:00:00+01:00;18;17.38717418
1900-08-06 23:00:00+01:00;17.6;16.56550256
1900-08-07 00:00:00+01:00;16.9;15.74392214
1900-08-07 01:00:00+01:00;16.4;15.48615298
1900-08-07 02:00:00+01:00;16.2;15.4894399
1900-08-07 03:00:00+01:00;15.6;15.62312287
1900-08-07 04:00:00+01:00;14.8;16.12643067
1900-08-07 05:00:00+01:00;14.6;17.38998739
1900-08-07 06:00:00+01:00;14.9;20.97414743
1900-08-07 07:00:00+01:00;16;25.58988681
1900-08-07 08:00:00+01:00;16.2;29.07678689
1900-08-07 09:00:00+01:00;17;30.62962342
1900-08-07 10:00:00+01:00;17.4;31.57131884
1900-08-07 11:00:00+01:00;18.4;31.83707593
1900-08-07 12:00:00+01:00;18.5;31.92567523
1900-08-07 13:00:00+01:00;18.4;31.52811658
1900-08-07 14:00:00+01:00;19.1;31.35984174
1900-08-07 15:00:00+01:00;19;30.41118094
1900-08-07 16:00:00+01:00;19.1;28.5185748
1900-08-07 17:00:00+01:00;18.4;25.70384901
1900-08-07 18:00:00+01:00;17.7;23.0695244
1900-08-07 19:00:00+01:00;15.8;21.79902961
1900-08-07 20:00:00+01:00;15.8;20.24559585
1900-08-07 21:00:00+01:00;14.7;18.69295913
1900-08-07 22:00:00+01:00;13.6;17.43089475
1900-08-07 23:00:00+01:00;12.3;16.26712759
1900-08-08 00:00:00+01:00;12.1;15.78716066
1900-08-08 01:00:00+01:00;12.4;15.52822623
1900-08-08 02:00:00+01:00;12;15.52815397
1900-08-08 03:00:00+01:00;11.5;15.29121985
1900-08-08 04:00:00+01:00;11.3;15.6980179
1900-08-08 05:00:00+01:00;12.6;17.34505997
1900-08-08 06:00:00+01:00;13;20.99366771
1900-08-08 07:00:00+01:00;13.7;25.6417644
1900-08-08 08:00:00+01:00;14.6;29.12315422
1900-08-08 09:00:00+01:00;17.8;30.71148171
1900-08-08 10:00:00+01:00;19.5;32.14601517
1900-08-08 11:00:00+01:00;21.1;32.6611582
1900-08-08 12:00:00+01:00;21.6;32.8712361
1900-08-08 13:00:00+01:00;22.7;32.95887852
1900-08-08 14:00:00+01:00;22.1;32.38308661
1900-08-08 15:00:00+01:00;22;31.38614066
1900-08-08 16:00:00+01:00;20;28.74194757
1900-08-08 17:00:00+01:00;19.8;25.98639015
1900-08-08 18:00:00+01:00;18.8;23.05309399
1900-08-08 19:00:00+01:00;16.6;21.78674244
1900-08-08 20:00:00+01:00;15.2;20.25368082
1900-08-08 21:00:00+01:00;14.4;18.69671326
1900-08-08 22:00:00+01:00;13.1;17.43625321
1900-08-08 23:00:00+01:00;12.6;16.26488593
1900-08-09 00:00:00+01:00;11.2;15.08716415
1900-08-09 01:00:00+01:00;11.1;14.88931978
1900-08-09 02:00:00+01:00;10.6;14.65680946
1900-08-09 03:00:00+01:00;10;14.90510724
1900-08-09 04:00:00+01:00;9.1;15.10110103
1900-08-09 05:00:00+01:00;10.7;16.66168245
1900-08-09 06:00:00+01:00;12.7;20.99986291
1900-08-09 07:00:00+01:00;14;25.63499775
1900-08-09 08:00:00+01:00;15.2;29.10561497
1900-08-09 09:00:00+01:00;16.6;30.58869428
1900-08-09 10:00:00+01:00;17.2;31.54325562
1900-08-09 11:00:00+01:00;18.9;31.98968375
1900-08-09 12:00:00+01:00;19.3;32.17061527
1900-08-09 13:00:00+01:00;17.6;31.26707306
1900-08-09 14:00:00+01:00;20;31.64682239
1900-08-09 15:00:00+01:00;18.5;30.25824295
1900-08-09 16:00:00+01:00;18.6;28.39447881
1900-08-09 17:00:00+01:00;17.2;25.46167089
1900-08-09 18:00:00+01:00;16.8;23.08296745
1900-08-09 19:00:00+01:00;16.4;21.78981423
1900-08-09 20:00:00+01:00;15.8;20.24559585
1900-08-09 21:00:00+01:00;16.1;18.67543988
1900-08-09 22:00:00+01:00;15;17.38717418
1900-08-09 23:00:00+01:00;14.9;16.56550256
1900-08-10 00:00:00+01:00;14.7;15.74392214
1900-08-10 01:00:00+01:00;14.3;15.48615298
1900-08-10 02:00:00+01:00;14.3;15.4894399
1900-08-10 03:00:00+01:00;14.3;15.62312287
1900-08-10 04:00:00+01:00;15.4;16.12643067
1900-08-10 05:00:00+01:00;16;17.38998739
1900-08-10 06:00:00+01:00;16.4;20.97414743
1900-08-10 07:00:00+01:00;17;25.56733134
1900-08-10 08:00:00+01:00;18.8;29.00183389
1900-08-10 09:00:00+01:00;16.9;30.61939113
1900-08-10 10:00:00+01:00;18.1;31.72393325
1900-08-10 11:00:00+01:00;19.5;32.17281315
1900-08-10 12:00:00+01:00;20.2;32.44617282
1900-08-10 13:00:00+01:00;20.3;32.14809494
1900-08-10 14:00:00+01:00;20.4;31.75499866
1900-08-10 15:00:00+01:00;20.6;30.90058253
1900-08-10 16:00:00+01:00;20.9;28.96532035
1900-08-10 17:00:00+01:00;22.8;26.5837527
1900-08-10 18:00:00+01:00;21.4;22.9810481
1900-08-10 19:00:00+01:00;20.1;21.6860255
1900-08-10 20:00:00+01:00;18.2;20.21325595
1900-08-10 21:00:00+01:00;16.8;18.66668025
1900-08-10 22:00:00+01:00;15.4;17.38717418
1900-08-10 23:00:00+01:00;14.2;16.56550256
1900-08-11 00:00:00+01:00;12.5;13.92657188
1900-08-11 01:00:00+01:00;11.9;13.36720895
1900-08-11 02:00:00+01:00;11.8;13.37125281
1900-08-11 03:00:00+01:00;10.6;13.13099984
1900-08-11 04:00:00+01:00;10.4;13.24815862
1900-08-11 05:00:00+01:00;11.7;13.68789868
1900-08-11 06:00:00+01:00;15.4;14.75662247
1900-08-11 07:00:00+01:00;17.1;15.6555792
1900-08-11 08:00:00+01:00;17.3;17.09458762
1900-08-11 09:00:00+01:00;19.4;18.52347869
1900-08-11 10:00:00+01:00;22.1;19.5510181
1900-08-11 11:00:00+01:00;21.6;19.92716001
1900-08-11 12:00:00+01:00;22;19.99319526
1900-08-11 13:00:00+01:00;22.5;19.97290944
1900-08-11 14:00:00+01:00;22.2;19.62555369
1900-08-11 15:00:00+01:00;23.6;18.93937391
1900-08-11 16:00:00+01:00;24.6;18.38318741
1900-08-11 17:00:00+01:00;23.8;17.98661388
1900-08-11 18:00:00+01:00;23;17.18543213
1900-08-11 19:00:00+01:00;19.2;16.29711388
1900-08-11 20:00:00+01:00;17.4;15.54287339
1900-08-11 21:00:00+01:00;15.4;15.12480423
1900-08-11 22:00:00+01:00;14.2;14.61298574
1900-08-11 23:00:00+01:00;13.4;14.40789049
1900-08-12 00:00:00+01:00;13.9;14.25793923
1900-08-12 01:00:00+01:00;12.3;13.52920465
1900-08-12 02:00:00+01:00;13;13.73824195
1900-08-12 03:00:00+01:00;12;13.27333652
1900-08-12 04:00:00+01:00;11.5;13.29286575
1900-08-12 05:00:00+01:00;13.4;13.88541021
1900-08-12 06:00:00+01:00;15.7;14.36567327
1900-08-12 07:00:00+01:00;17.5;15.07011679
1900-08-12 08:00:00+01:00;17.4;15.74689392
1900-08-12 09:00:00+01:00;17.8;15.92603053
1900-08-12 10:00:00+01:00;17.9;16.14692023
1900-08-12 11:00:00+01:00;20;16.46475112
1900-08-12 12:00:00+01:00;21.5;16.50945397
1900-08-12 13:00:00+01:00;22.6;16.52087282
1900-08-12 14:00:00+01:00;23.3;16.4548607
1900-08-12 15:00:00+01:00;23.3;16.26043249
1900-08-12 16:00:00+01:00;24.2;16.05610027
1900-08-12 17:00:00+01:00;24.9;15.81788957
1900-08-12 18:00:00+01:00;24.1;15.50106516
1900-08-12 19:00:00+01:00;20.3;15.20082408
1900-08-12 20:00:00+01:00;19.1;14.82358736
1900-08-12 21:00:00+01:00;17.4;14.63414492
1900-08-12 22:00:00+01:00;16;14.35693763
1900-08-12 23:00:00+01:00;13.8;14.17747318
1900-08-13 00:00:00+01:00;12.9;15.74392214
1900-08-13 01:00:00+01:00;11.6;14.60079392
1900-08-13 02:00:00+01:00;11.2;14.57231036
1900-08-13 03:00:00+01:00;10;14.39240987
1900-08-13 04:00:00+01:00;10.2;14.81642451
1900-08-13 05:00:00+01:00;11.7;17.19472822
1900-08-13 06:00:00+01:00;14.2;20.97414743
1900-08-13 07:00:00+01:00;16;25.58988681
1900-08-13 08:00:00+01:00;18.9;28.99895108
1900-08-13 09:00:00+01:00;19.9;30.92635971
1900-08-13 10:00:00+01:00;21.9;32.88658794
1900-08-13 11:00:00+01:00;24.2;33.64457669
1900-08-13 12:00:00+01:00;25.5;34.18253431
1900-08-13 13:00:00+01:00;27;34.57891983
1900-08-13 14:00:00+01:00;27.9;34.52597489
1900-08-13 15:00:00+01:00;29.4;34.28867206
1900-08-13 16:00:00+01:00;28.4;31.45925127
1900-08-13 17:00:00+01:00;26;27.32532528
1900-08-13 18:00:00+01:00;24.4;23.08882301
1900-08-13 19:00:00+01:00;21.3;21.70005391
1900-08-13 20:00:00+01:00;19;20.20247599
1900-08-13 21:00:00+01:00;16.5;18.67043438
1900-08-13 22:00:00+01:00;15;17.38717418
1900-08-13 23:00:00+01:00;14;16.56550256
1900-08-14 00:00:00+01:00;12.6;15.74392214
1900-08-14 01:00:00+01:00;12.2;15.53057327
1900-08-14 02:00:00+01:00;12;15.52815397
1900-08-14 03:00:00+01:00;11.6;14.9825185
1900-08-14 04:00:00+01:00;13;16.12643067
1900-08-14 05:00:00+01:00;13.5;17.38998739
1900-08-14 06:00:00+01:00;13.7;20.97414743
1900-08-14 07:00:00+01:00;13.9;25.6372533
1900-08-14 08:00:00+01:00;14.7;29.04638611
1900-08-14 09:00:00+01:00;16;30.52730056
1900-08-14 10:00:00+01:00;18.8;31.93497421
1900-08-14 11:00:00+01:00;21.4;32.75272289
1900-08-14 12:00:00+01:00;23.4;33.46970122
1900-08-14 13:00:00+01:00;25.5;34.01378914
1900-08-14 14:00:00+01:00;28.1;34.5663211
1900-08-14 15:00:00+01:00;31.4;35.09229375
1900-08-14 16:00:00+01:00;27.5;31.09931313
1900-08-14 17:00:00+01:00;26.1;27.34849943
1900-08-14 18:00:00+01:00;24.8;23.10319299
1900-08-14 19:00:00+01:00;20.5;21.6860255
1900-08-14 20:00:00+01:00;19.5;20.19573851
1900-08-14 21:00:00+01:00;16.9;18.66542888
1900-08-14 22:00:00+01:00;15.5;17.38717418
1900-08-14 23:00:00+01:00;14.1;16.56550256
1900-08-15 00:00:00+01:00;14.9;15.74392214
1900-08-15 01:00:00+01:00;13.6;15.48615298
1900-08-15 02:00:00+01:00;12.8;15.4894399
1900-08-15 03:00:00+01:00;12.5;15.64644629
1900-08-15 04:00:00+01:00;13;16.12643067
1900-08-15 05:00:00+01:00;13;17.38998739
1900-08-15 06:00:00+01:00;15;20.97414743
1900-08-15 07:00:00+01:00;17.3;25.5605647
1900-08-15 08:00:00+01:00;18.4;29.01336512
1900-08-15 09:00:00+01:00;19.2;30.85473371
1900-08-15 10:00:00+01:00;21;32.60463628
1900-08-15 11:00:00+01:00;23.1;33.29350684
1900-08-15 12:00:00+01:00;25.6;34.21647875
1900-08-15 13:00:00+01:00;31;36.24960014
1900-08-15 14:00:00+01:00;29.8;35.22891426
1900-08-15 15:00:00+01:00;28.7;34.00740448
1900-08-15 16:00:00+01:00;29;31.66215083
1900-08-15 17:00:00+01:00;27.2;27.603415
1900-08-15 18:00:00+01:00;25;23.11037799
1900-08-15 19:00:00+01:00;21.9;21.72369572
1900-08-15 20:00:00+01:00;19.6;20.19439101
1900-08-15 21:00:00+01:00;17.5;18.65792063
1900-08-15 22:00:00+01:00;16;17.38717418
1900-08-15 23:00:00+01:00;15;16.56550256
1900-08-16 00:00:00+01:00;14.4;15.74392214
1900-08-16 01:00:00+01:00;13.7;15.48615298
1900-08-16 02:00:00+01:00;13.3;15.4894399
1900-08-16 03:00:00+01:00;13;15.62312287
1900-08-16 04:00:00+01:00;12.8;16.12643067
1900-08-16 05:00:00+01:00;13.2;17.38998739
1900-08-16 06:00:00+01:00;16;20.97414743
1900-08-16 07:00:00+01:00;19.8;25.50821844
1900-08-16 08:00:00+01:00;20;28.96724019
1900-08-16 09:00:00+01:00;21.3;31.09108168
1900-08-16 10:00:00+01:00;22.9;33.19986756
1900-08-16 11:00:00+01:00;24.7;33.8041539
1900-08-16 12:00:00+01:00;26.5;34.52197865
1900-08-16 13:00:00+01:00;30.2;35.92738576
1900-08-16 14:00:00+01:00;32.6;36.32024417
1900-08-16 15:00:00+01:00;32;35.33338025
1900-08-16 16:00:00+01:00;27.7;31.1645847
1900-08-16 17:00:00+01:00;26.4;27.41802186
1900-08-16 18:00:00+01:00;25.1;23.11397048
1900-08-16 19:00:00+01:00;21.1;21.69217331
1900-08-16 20:00:00+01:00;19.1;20.20112849
1900-08-16 21:00:00+01:00;17.4;18.659172
1900-08-16 22:00:00+01:00;17;17.38717418
1900-08-16 23:00:00+01:00;16.5;16.56550256
1900-08-17 00:00:00+01:00;15.7;15.74392214
1900-08-17 01:00:00+01:00;14.1;15.48615298
1900-08-17 02:00:00+01:00;13.8;15.4894399
1900-08-17 03:00:00+01:00;13.3;15.62312287
1900-08-17 04:00:00+01:00;13.1;16.12643067
1900-08-17 05:00:00+01:00;14;17.38998739
1900-08-17 06:00:00+01:00;16;20.97414743
1900-08-17 07:00:00+01:00;17.6;25.55379805
1900-08-17 08:00:00+01:00;19.4;28.98453704
1900-08-17 09:00:00+01:00;20.8;31.02998491
1900-08-17 10:00:00+01:00;23.6;33.4191633
1900-08-17 11:00:00+01:00;25.7;34.12330831
1900-08-17 12:00:00+01:00;27.3;34.79353411
1900-08-17 13:00:00+01:00;28.3;35.16212662
1900-08-17 14:00:00+01:00;26.7;34.0826187
1900-08-17 15:00:00+01:00;25.3;32.65707896
1900-08-17 16:00:00+01:00;25.3;30.38132578
1900-08-17 17:00:00+01:00;22.8;26.5837527
1900-08-17 18:00:00+01:00;21.8;22.99541809
1900-08-17 19:00:00+01:00;21;21.6860255
1900-08-17 20:00:00+01:00;20;20.12389498
1900-08-17 21:00:00+01:00;19.8;18.629139
1900-08-17 22:00:00+01:00;19.5;17.38717418
1900-08-17 23:00:00+01:00;19;16.56550256
1900-08-18 00:00:00+01:00;18.3;14.28476903
1900-08-18 01:00:00+01:00;18.2;13.93041237
1900-08-18 02:00:00+01:00;18;13.83588928
1900-08-18 03:00:00+01:00;15.7;13.83353403
1900-08-18 04:00:00+01:00;14.5;13.89278875
1900-08-18 05:00:00+01:00;14.9;14.17966673
1900-08-18 06:00:00+01:00;15.6;14.75662247
1900-08-18 07:00:00+01:00;17;15.6555792
1900-08-18 08:00:00+01:00;19;17.09458762
1900-08-18 09:00:00+01:00;20.2;18.52347869
1900-08-18 10:00:00+01:00;22.2;19.5510181
1900-08-18 11:00:00+01:00;24.6;19.92716001
1900-08-18 12:00:00+01:00;24.9;19.99319526
1900-08-18 13:00:00+01:00;24;19.97290944
1900-08-18 14:00:00+01:00;26.2;19.62555369
1900-08-18 15:00:00+01:00;24.1;18.93937391
1900-08-18 16:00:00+01:00;23.9;18.38318741
1900-08-18 17:00:00+01:00;23;17.98661388
1900-08-18 18:00:00+01:00;22.4;17.18543213
1900-08-18 19:00:00+01:00;20;16.30279433
1900-08-18 20:00:00+01:00;18.6;15.52606866
1900-08-18 21:00:00+01:00;17.4;15.09746907
1900-08-18 22:00:00+01:00;15.9;14.66625684
1900-08-18 23:00:00+01:00;16;14.5085561
1900-08-19 00:00:00+01:00;15.8;14.19179528
1900-08-19 01:00:00+01:00;15.2;13.93225672
1900-08-19 02:00:00+01:00;14.4;13.72026259
1900-08-19 03:00:00+01:00;14.4;13.73200076
1900-08-19 04:00:00+01:00;13.8;13.76951909
1900-08-19 05:00:00+01:00;13.5;13.84672899
1900-08-19 06:00:00+01:00;14.2;14.29525669
1900-08-19 07:00:00+01:00;15.8;15.10728081
1900-08-19 08:00:00+01:00;17;15.74689392
1900-08-19 09:00:00+01:00;20.1;15.92603053
1900-08-19 10:00:00+01:00;19.4;16.13056492
1900-08-19 11:00:00+01:00;20.5;16.46475112
1900-08-19 12:00:00+01:00;21.7;16.50945397
1900-08-19 13:00:00+01:00;22.4;16.52087282
1900-08-19 14:00:00+01:00;23.9;16.4548607
1900-08-19 15:00:00+01:00;20.7;16.26043249
1900-08-19 16:00:00+01:00;20.4;16.05610027
1900-08-19 17:00:00+01:00;19.9;15.8397556
1900-08-19 18:00:00+01:00;19;15.50191579
1900-08-19 19:00:00+01:00;16.4;15.23510419
1900-08-19 20:00:00+01:00;15.3;14.87680235
1900-08-19 21:00:00+01:00;14.1;14.58079849
1900-08-19 22:00:00+01:00;12.8;13.92867197
1900-08-19 23:00:00+01:00;12.5;13.91726574
1900-08-20 00:00:00+01:00;11.4;14.9292247
1900-08-20 01:00:00+01:00;10.5;14.5140935
1900-08-20 02:00:00+01:00;10.5;14.5040572
1900-08-20 03:00:00+01:00;9.6;14.00797838
1900-08-20 04:00:00+01:00;8.9;14.93022629
1900-08-20 05:00:00+01:00;10;16.61677786
1900-08-20 06:00:00+01:00;13.9;20.97414743
1900-08-20 07:00:00+01:00;14.7;25.61920892
1900-08-20 08:00:00+01:00;15.3;29.10273216
1900-08-20 09:00:00+01:00;16.3;30.55799742
1900-08-20 10:00:00+01:00;17.2;31.54325562
1900-08-20 11:00:00+01:00;18.5;31.86759749
1900-08-20 12:00:00+01:00;20;32.38493781
1900-08-20 13:00:00+01:00;19.3;31.82179054
1900-08-20 14:00:00+01:00;18;31.00908762
1900-08-20 15:00:00+01:00;18.3;30.19706775
1900-08-20 16:00:00+01:00;17.2;28.04701005
1900-08-20 17:00:00+01:00;18.3;25.6836675
1900-08-20 18:00:00+01:00;16.5;23.08744847
1900-08-20 19:00:00+01:00;12.8;21.26374509
1900-08-20 20:00:00+01:00;12.7;19.75664278
1900-08-20 21:00:00+01:00;12.8;18.58513371
1900-08-20 22:00:00+01:00;12.4;17.09425735
1900-08-20 23:00:00+01:00;11.6;16.37941363
1900-08-21 00:00:00+01:00;11;15.71551992
1900-08-21 01:00:00+01:00;11.2;15.46963206
1900-08-21 02:00:00+01:00;10.8;15.36115763
1900-08-21 03:00:00+01:00;11.4;15.63773144
1900-08-21 04:00:00+01:00;12;16.15461701
1900-08-21 05:00:00+01:00;10.9;17.18681945
1900-08-21 06:00:00+01:00;11.9;21.11273614
1900-08-21 07:00:00+01:00;14;25.63499775
1900-08-21 08:00:00+01:00;14.5;29.142823
1900-08-21 09:00:00+01:00;15.5;30.51044524
1900-08-21 10:00:00+01:00;16.5;31.44503436
1900-08-21 11:00:00+01:00;16.8;31.46938733
1900-08-21 12:00:00+01:00;16.7;31.43430334
1900-08-21 13:00:00+01:00;15.6;30.85785439
1900-08-21 14:00:00+01:00;16.2;30.43512633
1900-08-21 15:00:00+01:00;18.8;30.35000574
1900-08-21 16:00:00+01:00;17.9;28.22074443
1900-08-21 17:00:00+01:00;17.1;25.44148938
1900-08-21 18:00:00+01:00;15.5;23.1023852
1900-08-21 19:00:00+01:00;13;21.45866009
1900-08-21 20:00:00+01:00;12;20.07971595
1900-08-21 21:00:00+01:00;10.7;18.32262866
1900-08-21 22:00:00+01:00;10.3;17.68977438
1900-08-21 23:00:00+01:00;9.5;17.09788165
1900-08-22 00:00:00+01:00;8.3;16.11368615
1900-08-22 01:00:00+01:00;7.5;16.29137193
1900-08-22 02:00:00+01:00;6.4;16.80229361
1900-08-22 03:00:00+01:00;6;17.27473744
1900-08-22 04:00:00+01:00;5.2;18.44622226
1900-08-22 05:00:00+01:00;7.3;19.2929342
1900-08-22 06:00:00+01:00;9.9;22.61530205
1900-08-22 07:00:00+01:00;11.5;27.21711984
1900-08-22 08:00:00+01:00;12.9;29.65242544
1900-08-22 09:00:00+01:00;14.1;30.60458294
1900-08-22 10:00:00+01:00;15.5;31.28844593
1900-08-22 11:00:00+01:00;15.7;31.29956886
1900-08-22 12:00:00+01:00;16.1;31.33922266
1900-08-22 13:00:00+01:00;18;31.39759482
1900-08-22 14:00:00+01:00;17.5;30.84965393
1900-08-22 15:00:00+01:00;18.5;30.25824295
1900-08-22 16:00:00+01:00;17.5;28.12146764
1900-08-22 17:00:00+01:00;16.6;25.3109269
1900-08-22 18:00:00+01:00;15.6;23.10089153
1900-08-22 19:00:00+01:00;15;21.81131679
1900-08-22 20:00:00+01:00;12;20.62165748
1900-08-22 21:00:00+01:00;11.7;19.0782278
1900-08-22 22:00:00+01:00;11.8;17.72680332
1900-08-22 23:00:00+01:00;12.3;16.77360181
1900-08-23 00:00:00+01:00;11;16.34186681
1900-08-23 01:00:00+01:00;10.9;16.06107639
1900-08-23 02:00:00+01:00;11;15.98900069
1900-08-23 03:00:00+01:00;9.8;16.08112149
1900-08-23 04:00:00+01:00;9.8;16.62771256
1900-08-23 05:00:00+01:00;9.5;17.87355112
1900-08-23 06:00:00+01:00;10.4;22.11811604
1900-08-23 07:00:00+01:00;12.2;25.87505656
1900-08-23 08:00:00+01:00;14.3;29.16981928
1900-08-23 09:00:00+01:00;15.2;30.53750977
1900-08-23 10:00:00+01:00;16.6;31.45906597
1900-08-23 11:00:00+01:00;17.3;31.54657755
1900-08-23 12:00:00+01:00;19.6;32.26246779
1900-08-23 13:00:00+01:00;21;32.37650802
1900-08-23 14:00:00+01:00;20.6;31.82889136
1900-08-23 15:00:00+01:00;21;31.02293292
1900-08-23 16:00:00+01:00;20.1;28.76676677
1900-08-23 17:00:00+01:00;19.7;25.96620864
1900-08-23 18:00:00+01:00;18.6;23.05608134
1900-08-23 19:00:00+01:00;17.7;21.76984757
1900-08-23 20:00:00+01:00;15.3;20.25233332
1900-08-23 21:00:00+01:00;13.7;18.66990784
1900-08-23 22:00:00+01:00;12.1;17.03341009
1900-08-23 23:00:00+01:00;12.5;16.39559888
1900-08-24 00:00:00+01:00;11.4;15.43414679
1900-08-24 01:00:00+01:00;10.1;15.24943149
1900-08-24 02:00:00+01:00;9.2;14.9698637
1900-08-24 03:00:00+01:00;8.6;15.31984915
1900-08-24 04:00:00+01:00;8;16.21406189
1900-08-24 05:00:00+01:00;8.8;17.25557088
1900-08-24 06:00:00+01:00;10.5;21.43165146
1900-08-24 07:00:00+01:00;12.5;25.69077352
1900-08-24 08:00:00+01:00;14.8;29.12642742
1900-08-24 09:00:00+01:00;16.7;30.59892656
1900-08-24 10:00:00+01:00;18.6;31.87467679
1900-08-24 11:00:00+01:00;19.6;32.20333471
1900-08-24 12:00:00+01:00;20.9;32.66049537
1900-08-24 13:00:00+01:00;22.6;32.92120314
1900-08-24 14:00:00+01:00;22;32.34614026
1900-08-24 15:00:00+01:00;22.3;31.5016805
1900-08-24 16:00:00+01:00;22.2;29.36961634
1900-08-24 17:00:00+01:00;19.4;25.90566411
1900-08-24 18:00:00+01:00;17.7;23.0695244
1900-08-24 19:00:00+01:00;16.5;21.78827833
1900-08-24 20:00:00+01:00;15.8;20.24559585
1900-08-24 21:00:00+01:00;14.2;18.69921601
1900-08-24 22:00:00+01:00;13.2;17.43518152
1900-08-24 23:00:00+01:00;12.1;16.37777571
1900-08-25 00:00:00+01:00;11;14.26599013
1900-08-25 01:00:00+01:00;9.8;14.11484744
1900-08-25 02:00:00+01:00;9;14.25905352
1900-08-25 03:00:00+01:00;8.4;14.43896394
1900-08-25 04:00:00+01:00;8.9;14.3407423
1900-08-25 05:00:00+01:00;8.2;15.19912083
1900-08-25 06:00:00+01:00;9.7;15.98778436
1900-08-25 07:00:00+01:00;11.2;16.51348108
1900-08-25 08:00:00+01:00;12.6;17.18266365
1900-08-25 09:00:00+01:00;13.3;18.60648406
1900-08-25 10:00:00+01:00;14.2;19.44300726
1900-08-25 11:00:00+01:00;15.6;19.96538643
1900-08-25 12:00:00+01:00;15.9;20.0010619
1900-08-25 13:00:00+01:00;16.9;20.0223702
1900-08-25 14:00:00+01:00;17.5;19.69274668
1900-08-25 15:00:00+01:00;18.1;18.98662289
1900-08-25 16:00:00+01:00;19.2;18.40780859
1900-08-25 17:00:00+01:00;18.5;18.02707067
1900-08-25 18:00:00+01:00;17;17.21452996
1900-08-25 19:00:00+01:00;14;16.42402607
1900-08-25 20:00:00+01:00;12.6;15.72135957
1900-08-25 21:00:00+01:00;10.2;15.89726476
1900-08-25 22:00:00+01:00;9.6;15.70723473
1900-08-25 23:00:00+01:00;9.3;15.59468216
1900-08-26 00:00:00+01:00;9;15.5961052
1900-08-26 01:00:00+01:00;8.5;15.34215195
1900-08-26 02:00:00+01:00;7.9;14.87721679
1900-08-26 03:00:00+01:00;7;15.32124858
1900-08-26 04:00:00+01:00;7.6;15.25422951
1900-08-26 05:00:00+01:00;6.9;16.10698587
1900-08-26 06:00:00+01:00;9.4;16.74925557
1900-08-26 07:00:00+01:00;12.2;16.13556207
1900-08-26 08:00:00+01:00;13.6;16.39730242
1900-08-26 09:00:00+01:00;14.5;16.44435724
1900-08-26 10:00:00+01:00;16.7;16.16000447
1900-08-26 11:00:00+01:00;19.8;16.45790918
1900-08-26 12:00:00+01:00;19.6;16.53851876
1900-08-26 13:00:00+01:00;22.3;16.52087282
1900-08-26 14:00:00+01:00;22.5;16.4548607
1900-08-26 15:00:00+01:00;23;16.26043249
1900-08-26 16:00:00+01:00;22.7;16.05610027
1900-08-26 17:00:00+01:00;21.4;15.81788957
1900-08-26 18:00:00+01:00;20.3;15.50106516
1900-08-26 19:00:00+01:00;18.4;15.20656093
1900-08-26 20:00:00+01:00;16.8;14.85579643
1900-08-26 21:00:00+01:00;16.5;14.64644574
1900-08-26 22:00:00+01:00;16.1;14.35693763
1900-08-26 23:00:00+01:00;15.9;14.28356737
1900-08-27 00:00:00+01:00;15.4;15.74392214
1900-08-27 01:00:00+01:00;15.4;15.48615298
1900-08-27 02:00:00+01:00;15.4;15.4894399
1900-08-27 03:00:00+01:00;15.5;15.62312287
1900-08-27 04:00:00+01:00;15.6;16.12643067
1900-08-27 05:00:00+01:00;15.1;17.38998739
1900-08-27 06:00:00+01:00;14.6;20.97414743
1900-08-27 07:00:00+01:00;15.2;25.60793119
1900-08-27 08:00:00+01:00;15.3;29.10273216
1900-08-27 09:00:00+01:00;16.1;30.53753285
1900-08-27 10:00:00+01:00;17.6;31.59938206
1900-08-27 11:00:00+01:00;19.3;32.11177002
1900-08-27 12:00:00+01:00;20.9;32.66049537
1900-08-27 13:00:00+01:00;20.7;32.2786167
1900-08-27 14:00:00+01:00;20.8;31.90278406
1900-08-27 15:00:00+01:00;21.9;31.34762737
1900-08-27 16:00:00+01:00;21.3;29.06473446
1900-08-27 17:00:00+01:00;20.3;26.01237963
1900-08-27 18:00:00+01:00;19;23.05010664
1900-08-27 19:00:00+01:00;16.7;21.78520654
1900-08-27 20:00:00+01:00;15.8;20.24559585
1900-08-27 21:00:00+01:00;15.1;18.68795363
1900-08-27 22:00:00+01:00;13.2;17.43518152
1900-08-27 23:00:00+01:00;12.4;16.25990093
1900-08-28 00:00:00+01:00;12.2;15.78597026
1900-08-28 01:00:00+01:00;13.4;15.48615298
1900-08-28 02:00:00+01:00;13.6;15.4894399
1900-08-28 03:00:00+01:00;13.4;15.62312287
1900-08-28 04:00:00+01:00;13.3;16.12643067
1900-08-28 05:00:00+01:00;13.5;17.38998739
1900-08-28 06:00:00+01:00;13.7;20.97414743
1900-08-28 07:00:00+01:00;14;25.63499775
1900-08-28 08:00:00+01:00;14;29.12726026
1900-08-28 09:00:00+01:00;14.4;30.52402523
1900-08-28 10:00:00+01:00;15;31.25049719
1900-08-28 11:00:00+01:00;16.4;31.40763516
1900-08-28 12:00:00+01:00;16.4;31.386763
1900-08-28 13:00:00+01:00;18.2;31.4628557
1900-08-28 14:00:00+01:00;19.5;31.4873887
1900-08-28 15:00:00+01:00;21.6;31.23208753
1900-08-28 16:00:00+01:00;20.4;28.84122436
1900-08-28 17:00:00+01:00;19;25.82493807
1900-08-28 18:00:00+01:00;17.3;23.07549909
1900-08-28 19:00:00+01:00;16.2;21.79288602
1900-08-28 20:00:00+01:00;15.8;20.24559585
1900-08-28 21:00:00+01:00;14.7;18.69295913
1900-08-28 22:00:00+01:00;14.8;17.38717418
1900-08-28 23:00:00+01:00;14.1;16.56550256
1900-08-29 00:00:00+01:00;14.6;15.74392214
1900-08-29 01:00:00+01:00;14.4;15.48615298
1900-08-29 02:00:00+01:00;14.6;15.4894399
1900-08-29 03:00:00+01:00;14.4;15.62312287
1900-08-29 04:00:00+01:00;14.3;16.12643067
1900-08-29 05:00:00+01:00;14.4;17.38998739
1900-08-29 06:00:00+01:00;14.8;20.97414743
1900-08-29 07:00:00+01:00;15;25.61244228
1900-08-29 08:00:00+01:00;16;29.08255251
1900-08-29 09:00:00+01:00;16.2;30.54776513
1900-08-29 10:00:00+01:00;18.8;31.93497421
1900-08-29 11:00:00+01:00;19.4;32.14229158
1900-08-29 12:00:00+01:00;20;32.38493781
1900-08-29 13:00:00+01:00;20.4;32.18072538
1900-08-29 14:00:00+01:00;20.5;31.79194501
1900-08-29 15:00:00+01:00;19.9;30.68646933
1900-08-29 16:00:00+01:00;20.6;28.89086276
1900-08-29 17:00:00+01:00;19.4;25.90566411
1900-08-29 18:00:00+01:00;17.7;23.0695244
1900-08-29 19:00:00+01:00;16.5;21.78827833
1900-08-29 20:00:00+01:00;15.6;20.24829084
1900-08-29 21:00:00+01:00;14.4;18.69671326
1900-08-29 22:00:00+01:00;14.2;17.38717418
1900-08-29 23:00:00+01:00;15;16.56550256
1900-08-30 00:00:00+01:00;14.7;15.74392214
1900-08-30 01:00:00+01:00;14.6;15.48615298
1900-08-30 02:00:00+01:00;15;15.4894399
1900-08-30 03:00:00+01:00;15.1;15.62312287
1900-08-30 04:00:00+01:00;14.7;16.12643067
1900-08-30 05:00:00+01:00;14.8;17.38998739
1900-08-30 06:00:00+01:00;15;20.97414743
1900-08-30 07:00:00+01:00;15.5;25.60116455
1900-08-30 08:00:00+01:00;15.6;29.09408374
1900-08-30 09:00:00+01:00;15.5;30.47128447
1900-08-30 10:00:00+01:00;14.9;30.90416961
1900-08-30 11:00:00+01:00;15;31.21674265
1900-08-30 12:00:00+01:00;14.6;30.83509851
1900-08-30 13:00:00+01:00;15.3;30.37589593
1900-08-30 14:00:00+01:00;15.7;30.2977145
1900-08-30 15:00:00+01:00;15.1;29.17536861
1900-08-30 16:00:00+01:00;15.3;27.57975504
1900-08-30 17:00:00+01:00;15.2;25.18065963
1900-08-30 18:00:00+01:00;15.2;23.10686622
1900-08-30 19:00:00+01:00;15;21.81131679
1900-08-30 20:00:00+01:00;14.8;20.2590708
1900-08-30 21:00:00+01:00;14.5;18.69546188
1900-08-30 22:00:00+01:00;14.3;17.38717418
1900-08-30 23:00:00+01:00;14.4;16.56550256
1900-08-31 00:00:00+01:00;14.4;15.74392214
1900-08-31 01:00:00+01:00;13.7;15.48615298
1900-08-31 02:00:00+01:00;14;15.4894399
1900-08-31 03:00:00+01:00;13.9;15.62312287
1900-08-31 04:00:00+01:00;14;16.12643067
1900-08-31 05:00:00+01:00;13.4;17.38998739
1900-08-31 06:00:00+01:00;13;21.06484267
1900-08-31 07:00:00+01:00;13.1;25.65529768
1900-08-31 08:00:00+01:00;13.4;29.21453003
1900-08-31 09:00:00+01:00;13.9;30.58984007
1900-08-31 10:00:00+01:00;14.6;31.2303556
1900-08-31 11:00:00+01:00;16.3;31.39219712
1900-08-31 12:00:00+01:00;16.3;31.37091622
1900-08-31 13:00:00+01:00;17;31.09919622
1900-08-31 14:00:00+01:00;17.1;30.72210698
1900-08-31 15:00:00+01:00;18.9;30.38059334
1900-08-31 16:00:00+01:00;20;28.74194757
1900-08-31 17:00:00+01:00;17;25.42130787
1900-08-31 18:00:00+01:00;16.9;23.08147378
1900-08-31 19:00:00+01:00;15.6;21.80210141
1900-08-31 20:00:00+01:00;14.8;20.2590708
1900-08-31 21:00:00+01:00;13.5;18.6702854
1900-08-31 22:00:00+01:00;11.9;16.91266708
1900-08-31 23:00:00+01:00;10.1;16.47330069
1900-09-01 00:00:00+01:00;9.3;14.89479336
1900-09-01 01:00:00+01:00;8.5;14.73237287
1900-09-01 02:00:00+01:00;7.7;14.198335
1900-09-01 03:00:00+01:00;7.7;14.50171214
1900-09-01 04:00:00+01:00;8.4;15.15293412
1900-09-01 05:00:00+01:00;9;15.72700797
1900-09-01 06:00:00+01:00;9.6;16.77383821
1900-09-01 07:00:00+01:00;9.9;17.79593203
1900-09-01 08:00:00+01:00;9.9;19.16526339
1900-09-01 09:00:00+01:00;10.2;20.47017143
1900-09-01 10:00:00+01:00;12.4;20.3018843
1900-09-01 11:00:00+01:00;13.2;20.42858648
1900-09-01 12:00:00+01:00;15.3;20.13190266
1900-09-01 13:00:00+01:00;16.1;20.04438197
1900-09-01 14:00:00+01:00;17.2;19.69588283
1900-09-01 15:00:00+01:00;16.2;19.00829869
1900-09-01 16:00:00+01:00;16.9;18.43680271
1900-09-01 17:00:00+01:00;15.7;18.10461373
1900-09-01 18:00:00+01:00;15.2;17.31622254
1900-09-01 19:00:00+01:00;15.1;16.35562756
1900-09-01 20:00:00+01:00;14.7;15.70843849
1900-09-01 21:00:00+01:00;13.6;15.3570982
1900-09-01 22:00:00+01:00;11.1;15.54255814
1900-09-01 23:00:00+01:00;10.6;15.62982109
1900-09-02 00:00:00+01:00;9.2;15.8039547
1900-09-02 01:00:00+01:00;8.3;15.62613579
1900-09-02 02:00:00+01:00;8.4;15.45882473
1900-09-02 03:00:00+01:00;8;15.61373349
1900-09-02 04:00:00+01:00;7.3;15.62389448
1900-09-02 05:00:00+01:00;9.2;15.98090153
1900-09-02 06:00:00+01:00;10.5;16.56783203
1900-09-02 07:00:00+01:00;12.2;16.22566234
1900-09-02 08:00:00+01:00;15.5;15.7730729
1900-09-02 09:00:00+01:00;16.5;15.96516197
1900-09-02 10:00:00+01:00;18.2;16.14364917
1900-09-02 11:00:00+01:00;19.4;16.4622014
1900-09-02 12:00:00+01:00;19.6;16.53851876
1900-09-02 13:00:00+01:00;19.3;16.54502625
1900-09-02 14:00:00+01:00;21.6;16.4548607
1900-09-02 15:00:00+01:00;20;16.26043249
1900-09-02 16:00:00+01:00;20.8;16.05610027
1900-09-02 17:00:00+01:00;20.1;15.81788957
1900-09-02 18:00:00+01:00;18.3;15.51180231
1900-09-02 19:00:00+01:00;15.3;15.25080298
1900-09-02 20:00:00+01:00;14.4;14.88061614
1900-09-02 21:00:00+01:00;13.6;14.67466849
1900-09-02 22:00:00+01:00;12;14.3472085
1900-09-02 23:00:00+01:00;10.5;14.58159263
1900-09-03 00:00:00+01:00;9.5;15.2200625
1900-09-03 01:00:00+01:00;9.6;15.01009859
1900-09-03 02:00:00+01:00;8.5;15.35617115
1900-09-03 03:00:00+01:00;9;15.38465883
1900-09-03 04:00:00+01:00;7.5;16.46735512
1900-09-03 05:00:00+01:00;7.2;18.01506297
1900-09-03 06:00:00+01:00;7.5;22.25847245
1900-09-03 07:00:00+01:00;10.7;26.37577923
1900-09-03 08:00:00+01:00;14;29.16820327
1900-09-03 09:00:00+01:00;16.5;30.57846199
1900-09-03 10:00:00+01:00;17.2;31.54325562
1900-09-03 11:00:00+01:00;18.2;31.7760328
1900-09-03 12:00:00+01:00;18.6;31.95629273
1900-09-03 13:00:00+01:00;18.7;31.6260079
1900-09-03 14:00:00+01:00;22.1;32.38308661
1900-09-03 15:00:00+01:00;18.8;30.35000574
1900-09-03 16:00:00+01:00;19.5;28.61785159
1900-09-03 17:00:00+01:00;18.4;25.70384901
1900-09-03 18:00:00+01:00;17.1;23.07848643
1900-09-03 19:00:00+01:00;15;21.81131679
1900-09-03 20:00:00+01:00;13.8;20.2552258
1900-09-03 21:00:00+01:00;13.4;18.70587373
1900-09-03 22:00:00+01:00;13;17.4373249
1900-09-03 23:00:00+01:00;13.2;16.59436111
1900-09-04 00:00:00+01:00;9.1;15.65146982
1900-09-04 01:00:00+01:00;8;15.83744457
1900-09-04 02:00:00+01:00;7;16.2262225
1900-09-04 03:00:00+01:00;7.3;16.37873047
1900-09-04 04:00:00+01:00;5.7;17.61855211
1900-09-04 05:00:00+01:00;5.5;19.26930075
1900-09-04 06:00:00+01:00;6.6;23.32746841
1900-09-04 07:00:00+01:00;7.5;28.09201228
1900-09-04 08:00:00+01:00;9.4;31.11730431
1900-09-04 09:00:00+01:00;10.3;31.75847994
1900-09-04 10:00:00+01:00;10.8;32.21640479
1900-09-04 11:00:00+01:00;12.6;31.6982993
1900-09-04 12:00:00+01:00;13.3;31.48478601
1900-09-04 13:00:00+01:00;14.6;30.88311134
1900-09-04 14:00:00+01:00;16.3;30.46701307
1900-09-04 15:00:00+01:00;16.3;29.58531577
1900-09-04 16:00:00+01:00;16;27.74917968
1900-09-04 17:00:00+01:00;15.4;25.19593684
1900-09-04 18:00:00+01:00;14.9;23.11134724
1900-09-04 19:00:00+01:00;13.3;22.24822158
1900-09-04 20:00:00+01:00;13;20.34488064
1900-09-04 21:00:00+01:00;12.6;19.14209961
1900-09-04 22:00:00+01:00;11.2;18.25218696
1900-09-04 23:00:00+01:00;11;17.60864575
1900-09-05 00:00:00+01:00;10.7;17.07263825
1900-09-05 01:00:00+01:00;8.4;17.49543727
1900-09-05 02:00:00+01:00;8.9;17.40641828
1900-09-05 03:00:00+01:00;7.9;17.87818527
1900-09-05 04:00:00+01:00;8;18.51226087
1900-09-05 05:00:00+01:00;7.4;20.03746535
1900-09-05 06:00:00+01:00;9;23.77631017
1900-09-05 07:00:00+01:00;8.7;29.12870499
1900-09-05 08:00:00+01:00;11.8;30.65133693
1900-09-05 09:00:00+01:00;14.1;30.6114596
1900-09-05 10:00:00+01:00;15.4;31.29487542
1900-09-05 11:00:00+01:00;16.8;31.46938733
1900-09-05 12:00:00+01:00;16.5;31.40260978
1900-09-05 13:00:00+01:00;17;31.09919622
1900-09-05 14:00:00+01:00;17.4;30.81776719
1900-09-05 15:00:00+01:00;16.2;29.55472817
1900-09-05 16:00:00+01:00;17.7;28.17110604
1900-09-05 17:00:00+01:00;17.5;25.52221542
1900-09-05 18:00:00+01:00;15.6;23.10089153
1900-09-05 19:00:00+01:00;13.1;21.85347942
1900-09-05 20:00:00+01:00;10.3;20.98964115
1900-09-05 21:00:00+01:00;9.1;19.81314971
1900-09-05 22:00:00+01:00;9.3;18.32512704
1900-09-05 23:00:00+01:00;9.9;17.58931683
1900-09-06 00:00:00+01:00;8.6;16.88324428
1900-09-06 01:00:00+01:00;6.3;17.48151496
1900-09-06 02:00:00+01:00;6.7;17.51848858
1900-09-06 03:00:00+01:00;5.8;18.05146543
1900-09-06 04:00:00+01:00;5.4;18.99843751
1900-09-06 05:00:00+01:00;4.7;20.91605423
1900-09-06 06:00:00+01:00;5.7;25.36964724
1900-09-06 07:00:00+01:00;10;28.40969537
1900-09-06 08:00:00+01:00;11.7;30.73153165
1900-09-06 09:00:00+01:00;13;31.23087299
1900-09-06 10:00:00+01:00;14.8;31.55283326
1900-09-06 11:00:00+01:00;15.5;31.25801531
1900-09-06 12:00:00+01:00;16;31.32337587
1900-09-06 13:00:00+01:00;16.1;30.9478088
1900-09-06 14:00:00+01:00;17.1;30.72210698
1900-09-06 15:00:00+01:00;17.5;29.95236696
1900-09-06 16:00:00+01:00;17.2;28.04701005
1900-09-06 17:00:00+01:00;16;25.20247591
1900-09-06 18:00:00+01:00;14.5;23.11732194
1900-09-06 19:00:00+01:00;13.5;22.180239
1900-09-06 20:00:00+01:00;12.8;20.72508074
1900-09-06 21:00:00+01:00;12.4;19.08362475
1900-09-06 22:00:00+01:00;9.7;18.73592533
1900-09-06 23:00:00+01:00;9.5;17.97372604
1900-09-07 00:00:00+01:00;8;17.46191691
1900-09-07 01:00:00+01:00;8.3;17.18937363
1900-09-07 02:00:00+01:00;8.3;17.24677084
1900-09-07 03:00:00+01:00;8.8;17.20652578
1900-09-07 04:00:00+01:00;8.8;17.81741494
1900-09-07 05:00:00+01:00;9.8;18.59504612
1900-09-07 06:00:00+01:00;10.8;22.49919853
1900-09-07 07:00:00+01:00;12.6;25.98207323
1900-09-07 08:00:00+01:00;13.9;29.20404913
1900-09-07 09:00:00+01:00;15.3;30.54851502
1900-09-07 10:00:00+01:00;15.7;31.34923317
1900-09-07 11:00:00+01:00;17.8;31.62376776
1900-09-07 12:00:00+01:00;18;31.7725877
1900-09-07 13:00:00+01:00;19.6;31.91968186
1900-09-07 14:00:00+01:00;21.9;32.30919391
1900-09-07 15:00:00+01:00;24.2;32.23343286
1900-09-07 16:00:00+01:00;19.8;28.69230918
1900-09-07 17:00:00+01:00;18.8;25.78457505
1900-09-07 18:00:00+01:00;17;23.07998011
1900-09-07 19:00:00+01:00;15.4;21.8051732
1900-09-07 20:00:00+01:00;15.2;20.25368082
1900-09-07 21:00:00+01:00;12.8;18.61327017
1900-09-07 22:00:00+01:00;12.3;17.15750309
1900-09-07 23:00:00+01:00;10.7;16.46554055
1900-09-08 00:00:00+01:00;9.9;14.84917146
1900-09-08 01:00:00+01:00;9.6;14.49611079
1900-09-08 02:00:00+01:00;10.4;14.23482148
1900-09-08 03:00:00+01:00;11;14.11381035
1900-09-08 04:00:00+01:00;10.8;14.17530152
1900-09-08 05:00:00+01:00;11;14.69198888
1900-09-08 06:00:00+01:00;10.6;15.92958069
1900-09-08 07:00:00+01:00;10.9;16.80525665
1900-09-08 08:00:00+01:00;11.8;17.5595933
1900-09-08 09:00:00+01:00;12.7;18.81577503
1900-09-08 10:00:00+01:00;13.1;19.6828475
1900-09-08 11:00:00+01:00;14.4;19.73946877
1900-09-08 12:00:00+01:00;16.3;20.05739979
1900-09-08 13:00:00+01:00;18.6;20.00444417
1900-09-08 14:00:00+01:00;20;19.62555369
1900-09-08 15:00:00+01:00;21.1;18.93937391
1900-09-08 16:00:00+01:00;23.3;18.38318741
1900-09-08 17:00:00+01:00;22.7;17.98661388
1900-09-08 18:00:00+01:00;18.6;17.1919322
1900-09-08 19:00:00+01:00;15.6;16.34849175
1900-09-08 20:00:00+01:00;14.9;15.56213537
1900-09-08 21:00:00+01:00;14.6;15.13573829
1900-09-08 22:00:00+01:00;13.7;14.72639373
1900-09-08 23:00:00+01:00;12.9;14.5659609
1900-09-09 00:00:00+01:00;12.1;14.33375234
1900-09-09 01:00:00+01:00;11.4;14.12499049
1900-09-09 02:00:00+01:00;11.5;13.9647285
1900-09-09 03:00:00+01:00;11.5;13.98603391
1900-09-09 04:00:00+01:00;11.5;14.03132274
1900-09-09 05:00:00+01:00;11.2;14.42164657
1900-09-09 06:00:00+01:00;12.9;14.73998747
1900-09-09 07:00:00+01:00;15;15.11766982
1900-09-09 08:00:00+01:00;15.2;15.77671163
1900-09-09 09:00:00+01:00;16.2;15.9684261
1900-09-09 10:00:00+01:00;17;16.15673341
1900-09-09 11:00:00+01:00;18;16.47722419
1900-09-09 12:00:00+01:00;18.1;16.55449137
1900-09-09 13:00:00+01:00;19;16.54818967
1900-09-09 14:00:00+01:00;20.5;16.4548607
1900-09-09 15:00:00+01:00;20.4;16.26043249
1900-09-09 16:00:00+01:00;21;16.05610027
1900-09-09 17:00:00+01:00;20.2;15.81788957
1900-09-09 18:00:00+01:00;17.6;15.52168883
1900-09-09 19:00:00+01:00;16.6;15.23224986
1900-09-09 20:00:00+01:00;15.4;14.87540195
1900-09-09 21:00:00+01:00;15.3;14.66284684
1900-09-09 22:00:00+01:00;14.5;14.40429175
1900-09-09 23:00:00+01:00;12.2;14.11473338
1900-09-10 00:00:00+01:00;11.9;15.72570797
1900-09-10 01:00:00+01:00;10.6;14.90255865
1900-09-10 02:00:00+01:00;10;15.04576593
1900-09-10 03:00:00+01:00;11;15.30967091
1900-09-10 04:00:00+01:00;11.4;15.75262444
1900-09-10 05:00:00+01:00;11.6;17.40094525
1900-09-10 06:00:00+01:00;11.9;20.94530167
1900-09-10 07:00:00+01:00;13;25.65755323
1900-09-10 08:00:00+01:00;13;29.16619801
1900-09-10 09:00:00+01:00;13.8;30.50435206
1900-09-10 10:00:00+01:00;15.4;31.25034227
1900-09-10 11:00:00+01:00;16;31.34588299
1900-09-10 12:00:00+01:00;16.8;31.45015012
1900-09-10 13:00:00+01:00;16.8;31.06555457
1900-09-10 14:00:00+01:00;17.4;30.81776719
1900-09-10 15:00:00+01:00;16.7;29.70766617
1900-09-10 16:00:00+01:00;16.6;27.89809487
1900-09-10 17:00:00+01:00;15.5;25.20357544
1900-09-10 18:00:00+01:00;14.5;23.11732194
1900-09-10 19:00:00+01:00;13.5;21.37786122
1900-09-10 20:00:00+01:00;12.4;20.04751022
1900-09-10 21:00:00+01:00;11.9;18.61528208
1900-09-10 22:00:00+01:00;10.2;17.85197534
1900-09-10 23:00:00+01:00;9.1;16.89058471
1900-09-11 00:00:00+01:00;9.5;16.00788433
1900-09-11 01:00:00+01:00;9;16.05944329
1900-09-11 02:00:00+01:00;8.8;16.20643699
1900-09-11 03:00:00+01:00;9.4;16.28513317
1900-09-11 04:00:00+01:00;9.7;16.92772401
1900-09-11 05:00:00+01:00;9.7;18.18627348
1900-09-11 06:00:00+01:00;10;22.62689655
1900-09-11 07:00:00+01:00;10.7;27.40845182
1900-09-11 08:00:00+01:00;11.8;30.10841601
1900-09-11 09:00:00+01:00;13.8;30.83355282
1900-09-11 10:00:00+01:00;14.9;31.40253049
1900-09-11 11:00:00+01:00;17.4;31.56201559
1900-09-11 12:00:00+01:00;17.8;31.71135269
1900-09-11 13:00:00+01:00;19.7;31.9523123
1900-09-11 14:00:00+01:00;21.3;32.08751581
1900-09-11 15:00:00+01:00;19;30.41118094
1900-09-11 16:00:00+01:00;19.2;28.543394
1900-09-11 17:00:00+01:00;18.4;25.70384901
1900-09-11 18:00:00+01:00;16.4;23.08894215
1900-09-11 19:00:00+01:00;15.3;21.8067091
1900-09-11 20:00:00+01:00;14.1;20.26850327
1900-09-11 21:00:00+01:00;11.7;18.67812994
1900-09-11 22:00:00+01:00;10.8;17.48230939
1900-09-11 23:00:00+01:00;11.4;16.63693052
1900-09-12 00:00:00+01:00;11.7;15.77991016
1900-09-12 01:00:00+01:00;11.9;15.57255292
1900-09-12 02:00:00+01:00;12.2;15.52568815
1900-09-12 03:00:00+01:00;12.4;15.64767156
1900-09-12 04:00:00+01:00;12;16.15461701
1900-09-12 05:00:00+01:00;11.6;17.50476591
1900-09-12 06:00:00+01:00;11.8;21.1605314
1900-09-12 07:00:00+01:00;13;25.65755323
1900-09-12 08:00:00+01:00;12.9;29.24508828
1900-09-12 09:00:00+01:00;11.3;30.65402481
1900-09-12 10:00:00+01:00;11.5;31.24729001
1900-09-12 11:00:00+01:00;12;30.18478851
1900-09-12 12:00:00+01:00;13.4;31.04665297
1900-09-12 13:00:00+01:00;13.5;30.76711685
1900-09-12 14:00:00+01:00;13.6;30.2862784
1900-09-12 15:00:00+01:00;13.1;29.03662685
1900-09-12 16:00:00+01:00;11.1;27.19071606
1900-09-12 17:00:00+01:00;11.6;25.04755438
1900-09-12 18:00:00+01:00;9;24.82651618
1900-09-12 19:00:00+01:00;7.5;24.51075316
1900-09-12 20:00:00+01:00;6.5;23.31593443
1900-09-12 21:00:00+01:00;6.4;21.58627002
1900-09-12 22:00:00+01:00;6;20.32495642
1900-09-12 23:00:00+01:00;5.8;19.56771366
1900-09-13 00:00:00+01:00;5.6;18.84023322
1900-09-13 01:00:00+01:00;3.8;19.44454949
1900-09-13 02:00:00+01:00;3.5;19.8801276
1900-09-13 03:00:00+01:00;2.6;20.67269329
1900-09-13 04:00:00+01:00;2;21.9819608
1900-09-13 05:00:00+01:00;1.5;24.35331503
1900-09-13 06:00:00+01:00;2.8;29.60425149
1900-09-13 07:00:00+01:00;6.6;33.79162363
1900-09-13 08:00:00+01:00;8.6;36.62319073
1900-09-13 09:00:00+01:00;10.1;36.6849024
1900-09-13 10:00:00+01:00;12.2;34.43270309
1900-09-13 11:00:00+01:00;14.3;32.13838685
1900-09-13 12:00:00+01:00;14.3;31.96655085
1900-09-13 13:00:00+01:00;14.6;31.30443781
1900-09-13 14:00:00+01:00;12.5;32.7930452
1900-09-13 15:00:00+01:00;12.3;31.75274628
1900-09-13 16:00:00+01:00;12.9;29.4552217
1900-09-13 17:00:00+01:00;11.7;28.11222127
1900-09-13 18:00:00+01:00;9.4;27.45016826
1900-09-13 19:00:00+01:00;6.3;27.58087169
1900-09-13 20:00:00+01:00;5.7;25.93276641
1900-09-13 21:00:00+01:00;5.4;24.12053296
1900-09-13 22:00:00+01:00;5.8;22.3813171
1900-09-13 23:00:00+01:00;3.6;22.28739744
1900-09-14 00:00:00+01:00;4;21.19553278
1900-09-14 01:00:00+01:00;5.1;20.70852968
1900-09-14 02:00:00+01:00;4.8;20.8978333
1900-09-14 03:00:00+01:00;4.7;21.11778514
1900-09-14 04:00:00+01:00;1.7;22.89238459
1900-09-14 05:00:00+01:00;1.3;24.96983967
1900-09-14 06:00:00+01:00;4.9;28.76919166
1900-09-14 07:00:00+01:00;7.1;33.5122237
1900-09-14 08:00:00+01:00;10.2;35.20293434
1900-09-14 09:00:00+01:00;11.6;34.07831927
1900-09-14 10:00:00+01:00;12.5;34.12304195
1900-09-14 11:00:00+01:00;12.8;33.75942939
1900-09-14 12:00:00+01:00;13.9;32.29707905
1900-09-14 13:00:00+01:00;10.6;35.35426232
1900-09-14 14:00:00+01:00;12.9;32.59406652
1900-09-14 15:00:00+01:00;11.4;32.70694705
1900-09-14 16:00:00+01:00;11;30.86091519
1900-09-14 17:00:00+01:00;9.1;29.59566181
1900-09-14 18:00:00+01:00;7.7;28.57634876
1900-09-14 19:00:00+01:00;6;27.95394293
1900-09-14 20:00:00+01:00;4.6;26.64734574
1900-09-14 21:00:00+01:00;4.1;24.86912366
1900-09-14 22:00:00+01:00;3.1;23.69727625
1900-09-14 23:00:00+01:00;3.6;22.53748373
1900-09-15 00:00:00+01:00;4.2;20.10526856
1900-09-15 01:00:00+01:00;3.8;19.70071263
1900-09-15 02:00:00+01:00;4;19.64071015
1900-09-15 03:00:00+01:00;1;20.80869254
1900-09-15 04:00:00+01:00;0.7;21.06565215
1900-09-15 05:00:00+01:00;0.1;22.06663537
1900-09-15 06:00:00+01:00;2.4;22.64653769
1900-09-15 07:00:00+01:00;6;22.49484642
1900-09-15 08:00:00+01:00;7.4;23.74520546
1900-09-15 09:00:00+01:00;9.6;23.96909448
1900-09-15 10:00:00+01:00;11.2;23.40232731
1900-09-15 11:00:00+01:00;12.3;23.01795424
1900-09-15 12:00:00+01:00;13.4;22.13499268
1900-09-15 13:00:00+01:00;14.1;21.69726737
1900-09-15 14:00:00+01:00;13.8;21.45792378
1900-09-15 15:00:00+01:00;14;20.68370473
1900-09-15 16:00:00+01:00;14;20.03919213
1900-09-15 17:00:00+01:00;13.8;19.64225169
1900-09-15 18:00:00+01:00;10.4;20.56607455
1900-09-15 19:00:00+01:00;7.6;21.13612453
1900-09-15 20:00:00+01:00;5.3;21.22508947
1900-09-15 21:00:00+01:00;4.5;20.89043402
1900-09-15 22:00:00+01:00;4.2;20.42143905
1900-09-15 23:00:00+01:00;3.4;20.45189057
1900-09-16 00:00:00+01:00;3;20.34512184
1900-09-16 01:00:00+01:00;2.5;20.07134998
1900-09-16 02:00:00+01:00;2.2;20.1400326
1900-09-16 03:00:00+01:00;-0.5;21.28953428
1900-09-16 04:00:00+01:00;-1.2;21.73862481
1900-09-16 05:00:00+01:00;2.3;21.00905599
1900-09-16 06:00:00+01:00;2.7;21.99468467
1900-09-16 07:00:00+01:00;4.4;22.23711429
1900-09-16 08:00:00+01:00;5.6;22.65396225
1900-09-16 09:00:00+01:00;6.7;22.25613106
1900-09-16 10:00:00+01:00;8.9;21.23731019
1900-09-16 11:00:00+01:00;10.9;20.16098748
1900-09-16 12:00:00+01:00;12.4;19.38234244
1900-09-16 13:00:00+01:00;14.3;17.92267931
1900-09-16 14:00:00+01:00;15.2;16.86713541
1900-09-16 15:00:00+01:00;14.6;17.522417
1900-09-16 16:00:00+01:00;14.6;16.67044419
1900-09-16 17:00:00+01:00;13.7;17.58051769
1900-09-16 18:00:00+01:00;12.8;17.65952698
1900-09-16 19:00:00+01:00;11.8;17.65271432
1900-09-16 20:00:00+01:00;12;16.97289353
1900-09-16 21:00:00+01:00;10.6;17.7439721
1900-09-16 22:00:00+01:00;10.5;16.9574875
1900-09-16 23:00:00+01:00;9.9;17.27103941
1900-09-17 00:00:00+01:00;8.6;19.29497888
1900-09-17 01:00:00+01:00;8.9;18.93782518
1900-09-17 02:00:00+01:00;8.5;19.01562489
1900-09-17 03:00:00+01:00;7.6;19.26351934
1900-09-17 04:00:00+01:00;7.9;19.67641507
1900-09-17 05:00:00+01:00;7.6;21.00643731
1900-09-17 06:00:00+01:00;8.1;25.29797188
1900-09-17 07:00:00+01:00;9.4;29.86622761
1900-09-17 08:00:00+01:00;11;31.90970804
1900-09-17 09:00:00+01:00;11.3;32.92668502
1900-09-17 10:00:00+01:00;12.6;32.52473964
1900-09-17 11:00:00+01:00;12.3;32.42754401
1900-09-17 12:00:00+01:00;12;32.38114999
1900-09-17 13:00:00+01:00;12.1;32.23202951
1900-09-17 14:00:00+01:00;11.6;31.60670451
1900-09-17 15:00:00+01:00;12.1;30.56046706
1900-09-17 16:00:00+01:00;12.3;28.55913562
1900-09-17 17:00:00+01:00;12;26.27195906
1900-09-17 18:00:00+01:00;12.3;24.39381665
1900-09-17 19:00:00+01:00;12.5;22.74314679
1900-09-17 20:00:00+01:00;12.5;21.11499939
1900-09-17 21:00:00+01:00;12.2;19.38068702
1900-09-17 22:00:00+01:00;12.4;17.97649989
1900-09-17 23:00:00+01:00;12.1;17.08367778
1900-09-18 00:00:00+01:00;11.6;16.65968476
1900-09-18 01:00:00+01:00;11.5;16.52398903
1900-09-18 02:00:00+01:00;11.5;16.3578608
1900-09-18 03:00:00+01:00;11.2;16.7120791
1900-09-18 04:00:00+01:00;11.1;17.25971034
1900-09-18 05:00:00+01:00;10.3;18.87119906
1900-09-18 06:00:00+01:00;10.5;23.02642487
1900-09-18 07:00:00+01:00;11.4;27.67485415
1900-09-18 08:00:00+01:00;13;29.6433661
1900-09-18 09:00:00+01:00;13.6;30.96658363
1900-09-18 10:00:00+01:00;14.4;31.5631987
1900-09-18 11:00:00+01:00;14.7;31.42023997
1900-09-18 12:00:00+01:00;15.3;31.16196304
1900-09-18 13:00:00+01:00;14.4;30.8252216
1900-09-18 14:00:00+01:00;14.2;30.2495062
1900-09-18 15:00:00+01:00;15;29.16411869
1900-09-18 16:00:00+01:00;14.4;27.42412439
1900-09-18 17:00:00+01:00;14.8;25.16498505
1900-09-18 18:00:00+01:00;14;23.08629444
1900-09-18 19:00:00+01:00;12.1;22.06938557
1900-09-18 20:00:00+01:00;10.2;20.96320176
1900-09-18 21:00:00+01:00;9.5;19.57363774
1900-09-18 22:00:00+01:00;8.1;18.73240243
1900-09-18 23:00:00+01:00;8;17.93161285
1900-09-19 00:00:00+01:00;8.2;17.09035994
1900-09-19 01:00:00+01:00;9.8;16.56292717
1900-09-19 02:00:00+01:00;9.8;16.71149794
1900-09-19 03:00:00+01:00;10;16.86266544
1900-09-19 04:00:00+01:00;10;17.47410525
1900-09-19 05:00:00+01:00;10;18.7865875
1900-09-19 06:00:00+01:00;10.2;23.09868948
1900-09-19 07:00:00+01:00;11;27.76956937
1900-09-19 08:00:00+01:00;11.3;30.83961424
1900-09-19 09:00:00+01:00;13.3;31.09750183
1900-09-19 10:00:00+01:00;14.1;31.64046849
1900-09-19 11:00:00+01:00;15.2;31.26712373
1900-09-19 12:00:00+01:00;15.9;31.30752909
1900-09-19 13:00:00+01:00;16.7;31.04873375
1900-09-19 14:00:00+01:00;17.3;30.78588045
1900-09-19 15:00:00+01:00;16.9;29.76884137
1900-09-19 16:00:00+01:00;16;27.74917968
1900-09-19 17:00:00+01:00;15.8;25.16632558
1900-09-19 18:00:00+01:00;14.4;23.13025759
1900-09-19 19:00:00+01:00;15.9;21.79749372
1900-09-19 20:00:00+01:00;14.3;20.26580828
1900-09-19 21:00:00+01:00;13.5;18.73373018
1900-09-19 22:00:00+01:00;15;17.38717418
1900-09-19 23:00:00+01:00;12.1;16.69726998
1900-09-20 00:00:00+01:00;12.7;15.74392214
1900-09-20 01:00:00+01:00;12.5;15.52705272
1900-09-20 02:00:00+01:00;11.7;15.72207187
1900-09-20 03:00:00+01:00;11.5;15.87110816
1900-09-20 04:00:00+01:00;9.3;16.64812505
1900-09-20 05:00:00+01:00;8.7;18.11746052
1900-09-20 06:00:00+01:00;10.4;22.09973165
1900-09-20 07:00:00+01:00;11.5;26.51491448
1900-09-20 08:00:00+01:00;13.5;29.20058806
1900-09-20 09:00:00+01:00;14.8;30.55212134
1900-09-20 10:00:00+01:00;16;31.3727067
1900-09-20 11:00:00+01:00;16.9;31.48482538
1900-09-20 12:00:00+01:00;17.5;31.61950017
1900-09-20 13:00:00+01:00;17.7;31.2997035
1900-09-20 14:00:00+01:00;18;31.00908762
1900-09-20 15:00:00+01:00;18.3;30.19706775
1900-09-20 16:00:00+01:00;17.6;28.14628684
1900-09-20 17:00:00+01:00;16.4;25.27477657
1900-09-20 18:00:00+01:00;14.8;23.11284092
1900-09-20 19:00:00+01:00;15.1;21.80978089
1900-09-20 20:00:00+01:00;13.7;20.25116269
1900-09-20 21:00:00+01:00;12.9;18.61020461
1900-09-20 22:00:00+01:00;11.4;17.35311554
1900-09-20 23:00:00+01:00;10.3;16.84426581
1900-09-21 00:00:00+01:00;10.4;15.98461687
1900-09-21 01:00:00+01:00;10.9;15.6734076
1900-09-21 02:00:00+01:00;9.4;15.75500792
1900-09-21 03:00:00+01:00;8.4;16.27997695
1900-09-21 04:00:00+01:00;8.7;16.8943507
1900-09-21 05:00:00+01:00;9.4;17.9179718
1900-09-21 06:00:00+01:00;8.2;22.75917797
1900-09-21 07:00:00+01:00;9.8;27.00657095
1900-09-21 08:00:00+01:00;11.2;30.01720126
1900-09-21 09:00:00+01:00;13.2;30.87814879
1900-09-21 10:00:00+01:00;14.7;31.37864656
1900-09-21 11:00:00+01:00;14.8;31.29194209
1900-09-21 12:00:00+01:00;15;31.16598187
1900-09-21 13:00:00+01:00;15.1;30.73418608
1900-09-21 14:00:00+01:00;15.5;30.17990458
1900-09-21 15:00:00+01:00;15.8;29.43237778
1900-09-21 16:00:00+01:00;15.9;27.72417226
1900-09-21 17:00:00+01:00;15.9;25.18440074
1900-09-21 18:00:00+01:00;15.7;23.09939786
1900-09-21 19:00:00+01:00;15.5;21.8036373
1900-09-21 20:00:00+01:00;15.4;20.25098583
1900-09-21 21:00:00+01:00;15;18.68920501
1900-09-21 22:00:00+01:00;14;17.42660798
1900-09-21 23:00:00+01:00;12.2;16.73339501
1900-09-22 00:00:00+01:00;11;15.09705655
1900-09-22 01:00:00+01:00;12;14.53913219
1900-09-22 02:00:00+01:00;13.6;13.89667685
1900-09-22 03:00:00+01:00;13.5;13.90216248
1900-09-22 04:00:00+01:00;13;13.91301519
1900-09-22 05:00:00+01:00;13.4;14.36598944
1900-09-22 06:00:00+01:00;13.2;15.31054446
1900-09-22 07:00:00+01:00;12.5;16.19834103
1900-09-22 08:00:00+01:00;12.6;17.57949318
1900-09-22 09:00:00+01:00;14.2;18.76197466
1900-09-22 10:00:00+01:00;15.7;19.57497333
1900-09-22 11:00:00+01:00;16;19.9610942
1900-09-22 12:00:00+01:00;16.5;20.05527011
1900-09-22 13:00:00+01:00;16.6;20.02553362
1900-09-22 14:00:00+01:00;17.2;19.69588283
1900-09-22 15:00:00+01:00;16.7;19.00259453
1900-09-22 16:00:00+01:00;16.4;18.44310577
1900-09-22 17:00:00+01:00;15.6;17.98443908
1900-09-22 18:00:00+01:00;13.9;17.22652372
1900-09-22 19:00:00+01:00;14.1;16.36731512
1900-09-22 20:00:00+01:00;14;15.60912015
1900-09-22 21:00:00+01:00;13.6;15.1621106
1900-09-22 22:00:00+01:00;12.4;14.75898566
1900-09-22 23:00:00+01:00;12.7;14.58311163
1900-09-23 00:00:00+01:00;11.8;14.44264717
1900-09-23 01:00:00+01:00;10.9;14.2538914
1900-09-23 02:00:00+01:00;9.8;14.4339117
1900-09-23 03:00:00+01:00;9.8;14.54961974
1900-09-23 04:00:00+01:00;8.5;15.01303432
1900-09-23 05:00:00+01:00;8.9;15.57004797
1900-09-23 06:00:00+01:00;8.2;16.84731886
1900-09-23 07:00:00+01:00;9.7;17.27484972
1900-09-23 08:00:00+01:00;11.6;16.87783036
1900-09-23 09:00:00+01:00;12.4;16.83095843
1900-09-23 10:00:00+01:00;14.2;16.43631992
1900-09-23 11:00:00+01:00;13.8;16.77599197
1900-09-23 12:00:00+01:00;14.4;16.62848939
1900-09-23 13:00:00+01:00;14.2;16.68316597
1900-09-23 14:00:00+01:00;14;16.70567489
1900-09-23 15:00:00+01:00;13.9;16.54832414
1900-09-23 16:00:00+01:00;13.6;16.38536739
1900-09-23 17:00:00+01:00;12.9;16.55981501
1900-09-23 18:00:00+01:00;12.8;15.96075042
1900-09-23 19:00:00+01:00;12.8;15.6696265
1900-09-23 20:00:00+01:00;12.6;15.37162323
1900-09-23 21:00:00+01:00;12.6;15.2173145
1900-09-23 22:00:00+01:00;12.3;15.0099185
1900-09-23 23:00:00+01:00;12.6;14.86458243
1900-09-24 00:00:00+01:00;12.8;15.74392214
1900-09-24 01:00:00+01:00;12.7;15.52470568
1900-09-24 02:00:00+01:00;13.4;15.4894399
1900-09-24 03:00:00+01:00;13.1;15.62312287
1900-09-24 04:00:00+01:00;12.7;16.12643067
1900-09-24 05:00:00+01:00;12.6;17.56349271
1900-09-24 06:00:00+01:00;13;21.21288659
1900-09-24 07:00:00+01:00;13.1;25.65529768
1900-09-24 08:00:00+01:00;13.3;29.41528145
1900-09-24 09:00:00+01:00;13.4;30.84118034
1900-09-24 10:00:00+01:00;13.2;31.606729
1900-09-24 11:00:00+01:00;13.3;31.39839653
1900-09-24 12:00:00+01:00;13.5;31.2374261
1900-09-24 13:00:00+01:00;14;30.7729333
1900-09-24 14:00:00+01:00;14;30.17995508
1900-09-24 15:00:00+01:00;13.7;29.17602505
1900-09-24 16:00:00+01:00;13.7;27.39580131
1900-09-24 17:00:00+01:00;13.3;24.68146578
1900-09-24 18:00:00+01:00;12;23.33998319
1900-09-24 19:00:00+01:00;10.4;22.4276131
1900-09-24 20:00:00+01:00;8.6;21.60924012
1900-09-24 21:00:00+01:00;8.4;19.99152155
1900-09-24 22:00:00+01:00;8;18.77148379
1900-09-24 23:00:00+01:00;8.5;17.76645471
1900-09-25 00:00:00+01:00;8.7;16.96133443
1900-09-25 01:00:00+01:00;9.6;16.67878858
1900-09-25 02:00:00+01:00;10;16.74159528
1900-09-25 03:00:00+01:00;10;16.97812758
1900-09-25 04:00:00+01:00;10.1;17.60593902
1900-09-25 05:00:00+01:00;10;18.99316147
1900-09-25 06:00:00+01:00;10.4;23.30161078
1900-09-25 07:00:00+01:00;11.4;27.95522186
1900-09-25 08:00:00+01:00;12.4;30.67975234
1900-09-25 09:00:00+01:00;13;31.31856209
1900-09-25 10:00:00+01:00;13.7;31.76234416
1900-09-25 11:00:00+01:00;15.6;31.30485588
1900-09-25 12:00:00+01:00;15;31.18437383
1900-09-25 13:00:00+01:00;14.7;30.9382732
1900-09-25 14:00:00+01:00;14.2;30.43549281
1900-09-25 15:00:00+01:00;14.2;29.34709191
1900-09-25 16:00:00+01:00;13;27.95238039
1900-09-25 17:00:00+01:00;12;25.86212347
1900-09-25 18:00:00+01:00;11.3;24.22443434
1900-09-25 19:00:00+01:00;12;22.56581347
1900-09-25 20:00:00+01:00;11.4;21.1788643
1900-09-25 21:00:00+01:00;11.6;19.35070009
1900-09-25 22:00:00+01:00;11.3;18.04403884
1900-09-25 23:00:00+01:00;10.7;17.4020293
1900-09-26 00:00:00+01:00;10;16.866438
1900-09-26 01:00:00+01:00;9.8;16.6138182
1900-09-26 02:00:00+01:00;9.3;16.87638056
1900-09-26 03:00:00+01:00;9.2;17.11515861
1900-09-26 04:00:00+01:00;8.4;18.09528804
1900-09-26 05:00:00+01:00;7.6;19.78795381
1900-09-26 06:00:00+01:00;7.2;24.61684319
1900-09-26 07:00:00+01:00;8;29.71173229
1900-09-26 08:00:00+01:00;10;32.50176237
1900-09-26 09:00:00+01:00;11.2;32.70461009
1900-09-26 10:00:00+01:00;12.3;32.53523215
1900-09-26 11:00:00+01:00;13;32.04118145
1900-09-26 12:00:00+01:00;13.4;31.7780867
1900-09-26 13:00:00+01:00;13.3;31.57357359
1900-09-26 14:00:00+01:00;14.3;30.49655761
1900-09-26 15:00:00+01:00;14.3;29.40911268
1900-09-26 16:00:00+01:00;14.5;27.62140451
1900-09-26 17:00:00+01:00;12.7;25.77705545
1900-09-26 18:00:00+01:00;10;25.10017972
1900-09-26 19:00:00+01:00;6.8;25.51452777
1900-09-26 20:00:00+01:00;5.4;24.4098955
1900-09-26 21:00:00+01:00;6;22.35930141
1900-09-26 22:00:00+01:00;4.3;21.6261863
1900-09-26 23:00:00+01:00;4.4;20.75302057
1900-09-27 00:00:00+01:00;3.5;20.19851891
1900-09-27 01:00:00+01:00;3.3;20.28285295
1900-09-27 02:00:00+01:00;2.9;20.69391838
1900-09-27 03:00:00+01:00;3.7;20.8704742
1900-09-27 04:00:00+01:00;4.5;21.56742587
1900-09-27 05:00:00+01:00;5;23.11381474
1900-09-27 06:00:00+01:00;5.9;27.91286977
1900-09-27 07:00:00+01:00;6.1;33.79635862
1900-09-27 08:00:00+01:00;6.9;37.4601816
1900-09-27 09:00:00+01:00;7.8;37.98358152
1900-09-27 10:00:00+01:00;8.2;38.34696759
1900-09-27 11:00:00+01:00;8.9;37.67758937
1900-09-27 12:00:00+01:00;9.5;37.05524882
1900-09-27 13:00:00+01:00;10.2;36.04252883
1900-09-27 14:00:00+01:00;10.6;34.99796991
1900-09-27 15:00:00+01:00;10.5;33.94072803
1900-09-27 16:00:00+01:00;10.3;31.92370921
1900-09-27 17:00:00+01:00;9.2;30.1890581
1900-09-27 18:00:00+01:00;8.1;29.0025039
1900-09-27 19:00:00+01:00;6.2;28.45836703
1900-09-27 20:00:00+01:00;5.5;26.81091501
1900-09-27 21:00:00+01:00;5.4;24.89656172
1900-09-27 22:00:00+01:00;4.8;23.50086165
1900-09-27 23:00:00+01:00;5.2;22.4245371
1900-09-28 00:00:00+01:00;5.2;21.44564305
1900-09-28 01:00:00+01:00;5.1;21.3157981
1900-09-28 02:00:00+01:00;5.5;21.27756415
1900-09-28 03:00:00+01:00;6;21.31250898
1900-09-28 04:00:00+01:00;5.6;22.23701637
1900-09-28 05:00:00+01:00;6;23.63672825
1900-09-28 06:00:00+01:00;5;29.4402984
1900-09-28 07:00:00+01:00;5;35.63548681
1900-09-28 08:00:00+01:00;6.2;39.0060707
1900-09-28 09:00:00+01:00;7.3;39.28561249
1900-09-28 10:00:00+01:00;9.7;38.04762983
1900-09-28 11:00:00+01:00;10.1;37.32786337
1900-09-28 12:00:00+01:00;10.1;36.94287034
1900-09-28 13:00:00+01:00;11.1;35.55627098
1900-09-28 14:00:00+01:00;11;34.73799922
1900-09-28 15:00:00+01:00;11.5;33.11052319
1900-09-28 16:00:00+01:00;11;31.25024935
1900-09-28 17:00:00+01:00;10;29.37955627
1900-09-28 18:00:00+01:00;9.6;27.78690834
1900-09-28 19:00:00+01:00;8.2;26.99001939
1900-09-28 20:00:00+01:00;7.5;25.39048847
1900-09-28 21:00:00+01:00;7.1;23.62924635
1900-09-28 22:00:00+01:00;7.4;21.87831182
1900-09-28 23:00:00+01:00;7.1;21.0747342
1900-09-29 00:00:00+01:00;6.5;19.02669537
1900-09-29 01:00:00+01:00;6.9;18.32378139
1900-09-29 02:00:00+01:00;6.7;18.27772204
1900-09-29 03:00:00+01:00;6.6;18.26444769
1900-09-29 04:00:00+01:00;6.4;18.47437109
1900-09-29 05:00:00+01:00;6.1;19.13447241
1900-09-29 06:00:00+01:00;6.2;20.34925553
1900-09-29 07:00:00+01:00;6.4;21.52217465
1900-09-29 08:00:00+01:00;6.5;23.19670549
1900-09-29 09:00:00+01:00;7;24.34402386
1900-09-29 10:00:00+01:00;7;25.32463316
1900-09-29 11:00:00+01:00;7;25.77796062
1900-09-29 12:00:00+01:00;7.4;25.47719715
1900-09-29 13:00:00+01:00;7.8;25.16322347
1900-09-29 14:00:00+01:00;7.9;24.81286079
1900-09-29 15:00:00+01:00;8;24.29356888
1900-09-29 16:00:00+01:00;7.2;24.26267766
1900-09-29 17:00:00+01:00;7;23.98078948
1900-09-29 18:00:00+01:00;7.4;22.63351359
1900-09-29 19:00:00+01:00;7.5;21.4347287
1900-09-29 20:00:00+01:00;7.4;20.59257138
1900-09-29 21:00:00+01:00;7.4;20.03610433
1900-09-29 22:00:00+01:00;7.7;19.45983064
1900-09-29 23:00:00+01:00;7.8;19.27609405
1900-09-30 00:00:00+01:00;7.8;18.84956803
1900-09-30 01:00:00+01:00;8.2;17.75426686
1900-09-30 02:00:00+01:00;8.5;17.57516153
1900-09-30 03:00:00+01:00;8.3;17.60063263
1900-09-30 04:00:00+01:00;9;17.58041222
1900-09-30 05:00:00+01:00;9;17.91446963
1900-09-30 06:00:00+01:00;9.3;18.734389
1900-09-30 07:00:00+01:00;9.7;19.65289911
1900-09-30 08:00:00+01:00;10.4;20.0462534
1900-09-30 09:00:00+01:00;12.2;18.7633348
1900-09-30 10:00:00+01:00;14;17.47910394
1900-09-30 11:00:00+01:00;15;16.81742131
1900-09-30 12:00:00+01:00;15.8;16.80381799
1900-09-30 13:00:00+01:00;15.8;16.76855274
1900-09-30 14:00:00+01:00;16.1;16.5366891
1900-09-30 15:00:00+01:00;15.6;16.49660147
1900-09-30 16:00:00+01:00;14.6;16.38166125
1900-09-30 17:00:00+01:00;13.4;16.65765682
1900-09-30 18:00:00+01:00;13.2;16.17370728
1900-09-30 19:00:00+01:00;11.3;16.65436676
1900-09-30 20:00:00+01:00;11.1;16.23285247
1900-09-30 21:00:00+01:00;9.6;16.41499927
1900-09-30 22:00:00+01:00;9;16.22925114
1900-09-30 23:00:00+01:00;9;16.07534371
1900-10-01 00:00:00+01:00;9.5;17.08817514
1900-10-01 01:00:00+01:00;9.4;16.96875087
1900-10-01 02:00:00+01:00;9.4;17.05110903
1900-10-01 03:00:00+01:00;9.7;17.11481246
1900-10-01 04:00:00+01:00;9.6;17.83265741
1900-10-01 05:00:00+01:00;9.3;19.16134695
1900-10-01 06:00:00+01:00;9.5;23.42697428
1900-10-01 07:00:00+01:00;9.8;28.44774401
1900-10-01 08:00:00+01:00;9.9;32.17757057
1900-10-01 09:00:00+01:00;10.3;33.01133928
1900-10-01 10:00:00+01:00;11.1;33.1037279
1900-10-01 11:00:00+01:00;11.6;32.68815435
1900-10-01 12:00:00+01:00;11.8;32.42831817
1900-10-01 13:00:00+01:00;11.9;31.94817645
1900-10-01 14:00:00+01:00;12.3;31.47811989
1900-10-01 15:00:00+01:00;12.4;30.38121366
1900-10-01 16:00:00+01:00;12.9;28.33387367
1900-10-01 17:00:00+01:00;12.8;25.93384236
1900-10-01 18:00:00+01:00;10.5;25.18299798
1900-10-01 19:00:00+01:00;10;24.18002981
1900-10-01 20:00:00+01:00;9;22.93541951
1900-10-01 21:00:00+01:00;9;21.15612817
1900-10-01 22:00:00+01:00;8.5;19.85006114
1900-10-01 23:00:00+01:00;7.6;19.31926373
1900-10-02 00:00:00+01:00;6.5;18.86405298
1900-10-02 01:00:00+01:00;7.5;18.49438793
1900-10-02 02:00:00+01:00;6.4;19.01490748
1900-10-02 03:00:00+01:00;6.3;19.36245162
1900-10-02 04:00:00+01:00;6.7;20.1014289
1900-10-02 05:00:00+01:00;7;21.52008354
1900-10-02 06:00:00+01:00;8;25.8842523
1900-10-02 07:00:00+01:00;8.2;31.48202425
1900-10-02 08:00:00+01:00;9.4;34.59650736
1900-10-02 09:00:00+01:00;9.8;35.36101616
1900-10-02 10:00:00+01:00;10.5;35.31757802
1900-10-02 11:00:00+01:00;11;34.73780264
1900-10-02 12:00:00+01:00;11.4;34.16196579
1900-10-02 13:00:00+01:00;12;33.11197477
1900-10-02 14:00:00+01:00;12.5;32.10313647
1900-10-02 15:00:00+01:00;12.2;31.13021464
1900-10-02 16:00:00+01:00;11.8;29.33501694
1900-10-02 17:00:00+01:00;10.6;27.69968759
1900-10-02 18:00:00+01:00;9.3;26.71323498
1900-10-02 19:00:00+01:00;7.3;26.39454658
1900-10-02 20:00:00+01:00;7;24.70361263
1900-10-02 21:00:00+01:00;6.6;23.0310249
1900-10-02 22:00:00+01:00;6.6;21.51702738
1900-10-02 23:00:00+01:00;7;20.48933496
1900-10-03 00:00:00+01:00;6.5;19.76271902
1900-10-03 01:00:00+01:00;7;19.51404757
1900-10-03 02:00:00+01:00;7.1;19.59883658
1900-10-03 03:00:00+01:00;7.2;19.76659
1900-10-03 04:00:00+01:00;8.1;20.23152823
1900-10-03 05:00:00+01:00;8.7;21.30183138
1900-10-03 06:00:00+01:00;8.9;25.86045007
1900-10-03 07:00:00+01:00;9.4;31.13604143
1900-10-03 08:00:00+01:00;9.6;34.83004159
1900-10-03 09:00:00+01:00;9.8;35.71589674
1900-10-03 10:00:00+01:00;9.8;36.20418967
1900-10-03 11:00:00+01:00;9.9;35.87326073
1900-10-03 12:00:00+01:00;10.2;35.40018282
1900-10-03 13:00:00+01:00;10.7;34.50465993
1900-10-03 14:00:00+01:00;11.4;33.21087436
1900-10-03 15:00:00+01:00;12.5;31.22270137
1900-10-03 16:00:00+01:00;12.2;29.41509806
1900-10-03 17:00:00+01:00;10.9;27.79424414
1900-10-03 18:00:00+01:00;10;26.55285881
1900-10-03 19:00:00+01:00;9.2;25.53535522
1900-10-03 20:00:00+01:00;8.7;23.9180488
1900-10-03 21:00:00+01:00;7.1;22.71950993
1900-10-03 22:00:00+01:00;6.4;21.43569895
1900-10-03 23:00:00+01:00;5.6;20.83126576
1900-10-04 00:00:00+01:00;4.8;20.1775857
1900-10-04 01:00:00+01:00;4.4;20.23126371
1900-10-04 02:00:00+01:00;4.5;20.39982276
1900-10-04 03:00:00+01:00;4.2;20.82047726
1900-10-04 04:00:00+01:00;4.3;21.72809675
1900-10-04 05:00:00+01:00;4.8;23.33102912
1900-10-04 06:00:00+01:00;4.3;29.01318792
1900-10-04 07:00:00+01:00;4.9;34.91752819
1900-10-04 08:00:00+01:00;7.5;37.42057922
1900-10-04 09:00:00+01:00;10.6;36.18859415
1900-10-04 10:00:00+01:00;12.1;34.42097573
1900-10-04 11:00:00+01:00;13.5;32.50201305
1900-10-04 12:00:00+01:00;15.4;31.20626083
1900-10-04 13:00:00+01:00;16.2;30.96462962
1900-10-04 14:00:00+01:00;13;32.0765629
1900-10-04 15:00:00+01:00;12.2;31.49970302
1900-10-04 16:00:00+01:00;11;30.32944316
1900-10-04 17:00:00+01:00;10;28.54856912
1900-10-04 18:00:00+01:00;9.7;26.98872086
1900-10-04 19:00:00+01:00;8.6;26.16074512
1900-10-04 20:00:00+01:00;7.4;24.89691601
1900-10-04 21:00:00+01:00;7.2;23.09713135
1900-10-04 22:00:00+01:00;6.7;21.71827521
1900-10-04 23:00:00+01:00;6.2;20.98079879
1900-10-05 00:00:00+01:00;5.8;20.16585579
1900-10-05 01:00:00+01:00;4.8;20.32616385
1900-10-05 02:00:00+01:00;3.4;20.89082814
1900-10-05 03:00:00+01:00;2.4;21.49742276
1900-10-05 04:00:00+01:00;2.4;22.4082801
1900-10-05 05:00:00+01:00;1.9;24.54134048
1900-10-05 06:00:00+01:00;3.6;29.31218892
1900-10-05 07:00:00+01:00;4.8;34.72899618
1900-10-05 08:00:00+01:00;5.5;38.54338249
1900-10-05 09:00:00+01:00;7;38.65588827
1900-10-05 10:00:00+01:00;7.7;38.83683786
1900-10-05 11:00:00+01:00;8.5;38.1321059
1900-10-05 12:00:00+01:00;9.2;37.517904
1900-10-05 13:00:00+01:00;9.6;36.83698951
1900-10-05 14:00:00+01:00;8.8;36.70296452
1900-10-05 15:00:00+01:00;8.9;35.42238847
1900-10-05 16:00:00+01:00;8.9;33.01107283
1900-10-05 17:00:00+01:00;6.1;32.13077915
1900-10-05 18:00:00+01:00;5;30.89860171
1900-10-05 19:00:00+01:00;3.4;30.24625137
1900-10-05 20:00:00+01:00;2.6;28.63947947
1900-10-05 21:00:00+01:00;2.5;26.69495904
1900-10-05 22:00:00+01:00;1.4;25.57917649
1900-10-05 23:00:00+01:00;1;24.85773
1900-10-06 00:00:00+01:00;0.5;22.89688283
1900-10-06 01:00:00+01:00;0.5;22.38098125
1900-10-06 02:00:00+01:00;0.1;22.66448606
1900-10-06 03:00:00+01:00;-1;23.08862186
1900-10-06 04:00:00+01:00;-0.3;23.0978907
1900-10-06 05:00:00+01:00;0.1;23.73321943
1900-10-06 06:00:00+01:00;0.2;25.34138199
1900-10-06 07:00:00+01:00;0.4;26.931057
1900-10-06 08:00:00+01:00;1.6;28.50738476
1900-10-06 09:00:00+01:00;3.8;28.98568055
1900-10-06 10:00:00+01:00;5;29.33993466
1900-10-06 11:00:00+01:00;6.4;28.883654
1900-10-06 12:00:00+01:00;7.3;28.23817989
1900-10-06 13:00:00+01:00;8.5;27.41702443
1900-10-06 14:00:00+01:00;8.5;26.6509877
1900-10-06 15:00:00+01:00;8;26.28905058
1900-10-06 16:00:00+01:00;8.1;25.63939295
1900-10-06 17:00:00+01:00;6.3;26.34295204
1900-10-06 18:00:00+01:00;3.5;26.80916048
1900-10-06 19:00:00+01:00;2.2;26.29898907
1900-10-06 20:00:00+01:00;0.9;25.85270147
1900-10-06 21:00:00+01:00;1.2;25.03196054
1900-10-06 22:00:00+01:00;-1;25.27308722
1900-10-06 23:00:00+01:00;-1.2;25.05681444
1900-10-07 00:00:00+01:00;-2.5;25.19270469
1900-10-07 01:00:00+01:00;-2.1;24.57387125
1900-10-07 02:00:00+01:00;-4.3;25.36280477
1900-10-07 03:00:00+01:00;-4.6;25.69028096
1900-10-07 04:00:00+01:00;-5.3;26.27614654
1900-10-07 05:00:00+01:00;-6.3;27.6746437
1900-10-07 06:00:00+01:00;-6.8;29.43832542
1900-10-07 07:00:00+01:00;-3;28.86468737
1900-10-07 08:00:00+01:00;2;27.82224723
1900-10-07 09:00:00+01:00;4;26.87870872
1900-10-07 10:00:00+01:00;5.9;25.90619581
1900-10-07 11:00:00+01:00;7.6;25.10367068
1900-10-07 12:00:00+01:00;8.7;24.27060794
1900-10-07 13:00:00+01:00;9;24.10172528
1900-10-07 14:00:00+01:00;9.4;23.55791361
1900-10-07 15:00:00+01:00;9.3;23.32526837
1900-10-07 16:00:00+01:00;8.8;23.48242329
1900-10-07 17:00:00+01:00;7.6;23.86691806
1900-10-07 18:00:00+01:00;7.1;23.56454429
1900-10-07 19:00:00+01:00;7.2;23.02397131
1900-10-07 20:00:00+01:00;5.7;23.39303867
1900-10-07 21:00:00+01:00;6;23.04221979
1900-10-07 22:00:00+01:00;5.1;22.82983268
1900-10-07 23:00:00+01:00;4.1;23.0178537
1900-10-08 00:00:00+01:00;4.1;24.06982044
1900-10-08 01:00:00+01:00;3.3;24.06935019
1900-10-08 02:00:00+01:00;0.6;24.89644632
1900-10-08 03:00:00+01:00;-1.2;25.64951767
1900-10-08 04:00:00+01:00;-1.5;26.61648735
1900-10-08 05:00:00+01:00;-3.1;29.37860694
1900-10-08 06:00:00+01:00;-3.9;36.40393335
1900-10-08 07:00:00+01:00;-2;42.37732893
1900-10-08 08:00:00+01:00;3.2;43.56049787
1900-10-08 09:00:00+01:00;5.3;43.08981319
1900-10-08 10:00:00+01:00;6.5;42.70415457
1900-10-08 11:00:00+01:00;8.4;40.87171914
1900-10-08 12:00:00+01:00;9.3;39.7688986
1900-10-08 13:00:00+01:00;10;38.54498895
1900-10-08 14:00:00+01:00;10.4;37.21606018
1900-10-08 15:00:00+01:00;10;36.19738746
1900-10-08 16:00:00+01:00;10;33.80675096
1900-10-08 17:00:00+01:00;8.6;32.01383202
1900-10-08 18:00:00+01:00;4.6;32.22930699
1900-10-08 19:00:00+01:00;3;31.47803421
1900-10-08 20:00:00+01:00;1.8;29.98643648
1900-10-08 21:00:00+01:00;1;28.28231192
1900-10-08 22:00:00+01:00;0;27.08076382
1900-10-08 23:00:00+01:00;-0.3;26.2932141
1900-10-09 00:00:00+01:00;-0.6;25.37252685
1900-10-09 01:00:00+01:00;-0.7;25.37905757
1900-10-09 02:00:00+01:00;-1.7;25.9073277
1900-10-09 03:00:00+01:00;-2.3;26.45412059
1900-10-09 04:00:00+01:00;-3.5;27.89573223
1900-10-09 05:00:00+01:00;-2.5;29.88378908
1900-10-09 06:00:00+01:00;-3.4;37.09935249
1900-10-09 07:00:00+01:00;-2.8;44.01776808
1900-10-09 08:00:00+01:00;2.1;45.5375882
1900-10-09 09:00:00+01:00;5.4;44.309766
1900-10-09 10:00:00+01:00;6.6;43.91642742
1900-10-09 11:00:00+01:00;8.4;42.11365302
1900-10-09 12:00:00+01:00;9.1;41.13461005
1900-10-09 13:00:00+01:00;10.2;39.60992758
1900-10-09 14:00:00+01:00;10.8;38.07397988
1900-10-09 15:00:00+01:00;10.4;37.06067473
1900-10-09 16:00:00+01:00;9.9;35.04315242
1900-10-09 17:00:00+01:00;8.4;33.28451392
1900-10-09 18:00:00+01:00;4.9;33.11535448
1900-10-09 19:00:00+01:00;3.9;31.88566968
1900-10-09 20:00:00+01:00;2.8;30.2457543
1900-10-09 21:00:00+01:00;1.4;28.67856711
1900-10-09 22:00:00+01:00;0.6;27.2502383
1900-10-09 23:00:00+01:00;-0.1;26.5115563
1900-10-10 00:00:00+01:00;0.1;25.30774326
1900-10-10 01:00:00+01:00;1.2;24.81107864
1900-10-10 02:00:00+01:00;0.4;25.16398026
1900-10-10 03:00:00+01:00;1.7;24.98117078
1900-10-10 04:00:00+01:00;-0.5;26.52891698
1900-10-10 05:00:00+01:00;0.2;28.31227946
1900-10-10 06:00:00+01:00;0.7;34.27290466
1900-10-10 07:00:00+01:00;1.2;40.67196691
1900-10-10 08:00:00+01:00;3.3;43.64642311
1900-10-10 09:00:00+01:00;5.8;42.94601885
1900-10-10 10:00:00+01:00;6.7;42.77285645
1900-10-10 11:00:00+01:00;7;42.14208632
1900-10-10 12:00:00+01:00;7.7;41.27291807
1900-10-10 13:00:00+01:00;8.4;40.13704726
1900-10-10 14:00:00+01:00;8.2;39.38110246
1900-10-10 15:00:00+01:00;8.2;38.08604026
1900-10-10 16:00:00+01:00;7.6;35.91799918
1900-10-10 17:00:00+01:00;6.8;33.72948945
1900-10-10 18:00:00+01:00;6;32.13029431
1900-10-10 19:00:00+01:00;5.7;30.58642894
1900-10-10 20:00:00+01:00;5.6;28.54801648
1900-10-10 21:00:00+01:00;5.6;26.46453738
1900-10-10 22:00:00+01:00;5.3;24.81799068
1900-10-10 23:00:00+01:00;5.2;23.86386351
1900-10-11 00:00:00+01:00;5;22.88368923
1900-10-11 01:00:00+01:00;4.2;22.94399976
1900-10-11 02:00:00+01:00;3.6;23.19954878
1900-10-11 03:00:00+01:00;3.4;23.48972867
1900-10-11 04:00:00+01:00;3.6;24.21175992
1900-10-11 05:00:00+01:00;3.7;25.84548736
1900-10-11 06:00:00+01:00;4;31.33244757
1900-10-11 07:00:00+01:00;3.9;37.71743473
1900-10-11 08:00:00+01:00;4.2;41.70566498
1900-10-11 09:00:00+01:00;4.6;42.47061017
1900-10-11 10:00:00+01:00;5;42.75872933
1900-10-11 11:00:00+01:00;5.1;42.38835301
1900-10-11 12:00:00+01:00;5.2;42.08046235
1900-10-11 13:00:00+01:00;5.4;41.38570754
1900-10-11 14:00:00+01:00;5.6;40.44368651
1900-10-11 15:00:00+01:00;5.4;39.24027852
1900-10-11 16:00:00+01:00;5.8;36.11404614
1900-10-11 17:00:00+01:00;5.9;33.36597405
1900-10-11 18:00:00+01:00;5.8;31.44957347
1900-10-11 19:00:00+01:00;5.8;29.84578652
1900-10-11 20:00:00+01:00;6;27.75598119
1900-10-11 21:00:00+01:00;6.7;25.50077792
1900-10-11 22:00:00+01:00;7.5;23.53123554
1900-10-11 23:00:00+01:00;7.5;22.67671429
1900-10-12 00:00:00+01:00;7.8;21.69611376
1900-10-12 01:00:00+01:00;7.7;21.56031929
1900-10-12 02:00:00+01:00;7.9;21.55810767
1900-10-12 03:00:00+01:00;7.4;21.83042017
1900-10-12 04:00:00+01:00;7.7;22.45679761
1900-10-12 05:00:00+01:00;7.7;23.75906425
1900-10-12 06:00:00+01:00;8;28.52047423
1900-10-12 07:00:00+01:00;7.8;34.68864427
1900-10-12 08:00:00+01:00;8;38.26657076
1900-10-12 09:00:00+01:00;8.1;39.0890797
1900-10-12 10:00:00+01:00;8;39.49443184
1900-10-12 11:00:00+01:00;8.4;38.72096483
1900-10-12 12:00:00+01:00;9;37.81360253
1900-10-12 13:00:00+01:00;9.2;36.92450202
1900-10-12 14:00:00+01:00;9.1;36.03875836
1900-10-12 15:00:00+01:00;9.5;34.32658097
1900-10-12 16:00:00+01:00;9.4;31.88422976
1900-10-12 17:00:00+01:00;9.3;29.38367529
1900-10-12 18:00:00+01:00;9.1;27.62733404
1900-10-12 19:00:00+01:00;9.1;26.13109456
1900-10-12 20:00:00+01:00;8.9;24.33612112
1900-10-12 21:00:00+01:00;9;22.43028351
1900-10-12 22:00:00+01:00;8.2;21.18102906
1900-10-12 23:00:00+01:00;5.9;21.17208152
1900-10-13 00:00:00+01:00;5;19.3564673
1900-10-13 01:00:00+01:00;4.7;18.97253079
1900-10-13 02:00:00+01:00;4.8;18.9883196
1900-10-13 03:00:00+01:00;7;18.17255362
1900-10-13 04:00:00+01:00;6.8;18.4332837
1900-10-13 05:00:00+01:00;7.4;18.48875872
1900-10-13 06:00:00+01:00;7.6;19.68886888
1900-10-13 07:00:00+01:00;8;20.70426953
1900-10-13 08:00:00+01:00;9;21.87240919
1900-10-13 09:00:00+01:00;11.6;21.57883629
1900-10-13 10:00:00+01:00;12.7;21.89796758
1900-10-13 11:00:00+01:00;13.4;21.64861104
1900-10-13 12:00:00+01:00;14.3;21.19660126
1900-10-13 13:00:00+01:00;14;21.16776443
1900-10-13 14:00:00+01:00;15.9;19.88521991
1900-10-13 15:00:00+01:00;13.9;20.10347078
1900-10-13 16:00:00+01:00;13.4;19.56725094
1900-10-13 17:00:00+01:00;12.6;19.71800738
1900-10-13 18:00:00+01:00;12.8;18.42702765
1900-10-13 19:00:00+01:00;12;17.71828439
1900-10-13 20:00:00+01:00;11.7;17.23349176
1900-10-13 21:00:00+01:00;11.4;16.56949236
1900-10-13 22:00:00+01:00;11.2;16.14806078
1900-10-13 23:00:00+01:00;11.3;15.89910017
1900-10-14 00:00:00+01:00;11;15.77054336
1900-10-14 01:00:00+01:00;10.8;15.52280884
1900-10-14 02:00:00+01:00;10.5;15.38459128
1900-10-14 03:00:00+01:00;9.4;15.65275223
1900-10-14 04:00:00+01:00;8;16.11816784
1900-10-14 05:00:00+01:00;8.3;16.5572221
1900-10-14 06:00:00+01:00;10.2;16.93252377
1900-10-14 07:00:00+01:00;9.7;17.95668107
1900-10-14 08:00:00+01:00;10;18.47716581
1900-10-14 09:00:00+01:00;11.2;18.06563117
1900-10-14 10:00:00+01:00;11.4;17.94993655
1900-10-14 11:00:00+01:00;13.9;17.0952759
1900-10-14 12:00:00+01:00;15.6;16.6824606
1900-10-14 13:00:00+01:00;16.8;16.57138806
1900-10-14 14:00:00+01:00;17.2;16.52518985
1900-10-14 15:00:00+01:00;15.1;16.44905294
1900-10-14 16:00:00+01:00;11.7;17.4158972
1900-10-14 17:00:00+01:00;11.9;17.11431918
1900-10-14 18:00:00+01:00;11.8;16.66209041
1900-10-14 19:00:00+01:00;10.6;16.69119301
1900-10-14 20:00:00+01:00;10;16.44970459
1900-10-14 21:00:00+01:00;10;16.22581139
1900-10-14 22:00:00+01:00;9.6;16.0482851
1900-10-14 23:00:00+01:00;8.6;16.19673571
1900-10-15 00:00:00+01:00;7.3;17.95167209
1900-10-15 01:00:00+01:00;8.4;17.56413279
1900-10-15 02:00:00+01:00;8;17.8592631
1900-10-15 03:00:00+01:00;7.3;18.32784068
1900-10-15 04:00:00+01:00;6.8;19.26473866
1900-10-15 05:00:00+01:00;6.4;20.92975436
1900-10-15 06:00:00+01:00;6;26.05118954
1900-10-15 07:00:00+01:00;6;31.83245614
1900-10-15 08:00:00+01:00;6.2;36.00669806
1900-10-15 09:00:00+01:00;6.3;37.09293689
1900-10-15 10:00:00+01:00;6.7;37.54487187
1900-10-15 11:00:00+01:00;7;37.39159869
1900-10-15 12:00:00+01:00;7;37.47717156
1900-10-15 13:00:00+01:00;7.4;36.94199332
1900-10-15 14:00:00+01:00;7.6;36.35863455
1900-10-15 15:00:00+01:00;7.4;35.41130638
1900-10-15 16:00:00+01:00;7.4;32.88759461
1900-10-15 17:00:00+01:00;7.2;30.59076122
1900-10-15 18:00:00+01:00;7;28.98404994
1900-10-15 19:00:00+01:00;7;27.61020242
1900-10-15 20:00:00+01:00;6.9;25.82768173
1900-10-15 21:00:00+01:00;6.8;24.04843962
1900-10-15 22:00:00+01:00;6.5;22.65954325
1900-10-15 23:00:00+01:00;6;22.03151148
1900-10-16 00:00:00+01:00;6;21.16665931
1900-10-16 01:00:00+01:00;6;21.13020243
1900-10-16 02:00:00+01:00;6;21.34020657
1900-10-16 03:00:00+01:00;6.2;21.55793015
1900-10-16 04:00:00+01:00;6.3;22.37886068
1900-10-16 05:00:00+01:00;6.2;23.95682105
1900-10-16 06:00:00+01:00;6.2;29.25169782
1900-10-16 07:00:00+01:00;6.1;35.44434826
1900-10-16 08:00:00+01:00;6.3;39.3425862
1900-10-16 09:00:00+01:00;6.2;40.4162355
1900-10-16 10:00:00+01:00;6.9;40.41305049
1900-10-16 11:00:00+01:00;8.4;38.94183354
1900-10-16 12:00:00+01:00;8.8;38.24131565
1900-10-16 13:00:00+01:00;8.9;37.49554602
1900-10-16 14:00:00+01:00;8.7;36.74652037
1900-10-16 15:00:00+01:00;8.6;35.46648479
1900-10-16 16:00:00+01:00;8.9;32.72988705
1900-10-16 17:00:00+01:00;9.2;30.00570862
1900-10-16 18:00:00+01:00;9.2;28.15389892
1900-10-16 19:00:00+01:00;8.8;26.86105673
1900-10-16 20:00:00+01:00;8.8;24.98069386
1900-10-16 21:00:00+01:00;8.4;23.28177863
1900-10-16 22:00:00+01:00;8.1;21.7994
1900-10-16 23:00:00+01:00;8.6;20.73023382
1900-10-17 00:00:00+01:00;8.3;19.96464759
1900-10-17 01:00:00+01:00;8.3;19.81354262
1900-10-17 02:00:00+01:00;8.1;19.96188651
1900-10-17 03:00:00+01:00;8.2;20.09578581
1900-10-17 04:00:00+01:00;7.8;20.96517945
1900-10-17 05:00:00+01:00;6.9;22.69302872
1900-10-17 06:00:00+01:00;6.8;27.77227965
1900-10-17 07:00:00+01:00;6.8;33.65916427
1900-10-17 08:00:00+01:00;6.2;38.08466959
1900-10-17 09:00:00+01:00;6.6;38.78730285
1900-10-17 10:00:00+01:00;6.7;39.23144187
1900-10-17 11:00:00+01:00;7.8;38.19158253
1900-10-17 12:00:00+01:00;8.2;37.63456208
1900-10-17 13:00:00+01:00;8.2;37.06734529
1900-10-17 14:00:00+01:00;8;36.44482878
1900-10-17 15:00:00+01:00;7.3;35.66487037
1900-10-17 16:00:00+01:00;7.6;32.85585509
1900-10-17 17:00:00+01:00;6.3;31.10850622
1900-10-17 18:00:00+01:00;5.6;29.68573966
1900-10-17 19:00:00+01:00;5.7;28.21967854
1900-10-17 20:00:00+01:00;5.7;26.3358595
1900-10-17 21:00:00+01:00;5.5;24.53223672
1900-10-17 22:00:00+01:00;5.4;23.03827902
1900-10-17 23:00:00+01:00;5.2;22.29151247
1900-10-18 00:00:00+01:00;5.8;21.2431723
1900-10-18 01:00:00+01:00;5.6;21.27161489
1900-10-18 02:00:00+01:00;5.6;21.49485033
1900-10-18 03:00:00+01:00;5.2;21.94875653
1900-10-18 04:00:00+01:00;5.2;22.87712836
1900-10-18 05:00:00+01:00;5.2;24.55549957
1900-10-18 06:00:00+01:00;4.6;30.3967527
1900-10-18 07:00:00+01:00;4.4;36.90462752
1900-10-18 08:00:00+01:00;5.4;40.44675838
1900-10-18 09:00:00+01:00;7.1;40.28531868
1900-10-18 10:00:00+01:00;7.6;40.36667543
1900-10-18 11:00:00+01:00;8.4;39.38357096
1900-10-18 12:00:00+01:00;8.6;38.8601025
1900-10-18 13:00:00+01:00;9;37.90482701
1900-10-18 14:00:00+01:00;9.2;36.820917
1900-10-18 15:00:00+01:00;9;35.6069179
1900-10-18 16:00:00+01:00;8.7;33.28382873
1900-10-18 17:00:00+01:00;6.6;31.8832302
1900-10-18 18:00:00+01:00;5.7;30.43120139
1900-10-18 19:00:00+01:00;4.7;29.39795349
1900-10-18 20:00:00+01:00;3;28.19257617
1900-10-18 21:00:00+01:00;2.4;26.42220637
1900-10-18 22:00:00+01:00;2.8;24.67624489
1900-10-18 23:00:00+01:00;2.5;23.8853534
1900-10-19 00:00:00+01:00;2;23.09752944
1900-10-19 01:00:00+01:00;0.5;23.54518806
1900-10-19 02:00:00+01:00;-0.3;24.09333205
1900-10-19 03:00:00+01:00;-1;24.78808118
1900-10-19 04:00:00+01:00;-1.4;26.0637924
1900-10-19 05:00:00+01:00;-2;28.71976695
1900-10-19 06:00:00+01:00;-2.4;35.70963117
1900-10-19 07:00:00+01:00;-1.7;42.57670502
1900-10-19 08:00:00+01:00;0.6;45.92959199
1900-10-19 09:00:00+01:00;2.6;45.72494096
1900-10-19 10:00:00+01:00;4.5;45.03460458
1900-10-19 11:00:00+01:00;5.5;43.96872524
1900-10-19 12:00:00+01:00;6.4;42.98130339
1900-10-19 13:00:00+01:00;8;41.13919086
1900-10-19 14:00:00+01:00;8.6;39.68325279
1900-10-19 15:00:00+01:00;7.8;38.93757583
1900-10-19 16:00:00+01:00;6.2;37.30817826
1900-10-19 17:00:00+01:00;3.7;35.98763622
1900-10-19 18:00:00+01:00;2.7;34.46858368
1900-10-19 19:00:00+01:00;0.6;33.84274088
1900-10-19 20:00:00+01:00;-0.3;32.07514711
1900-10-19 21:00:00+01:00;0;29.76788734
1900-10-19 22:00:00+01:00;-0.6;28.33470251
1900-10-19 23:00:00+01:00;-0.8;27.50062313
1900-10-20 00:00:00+01:00;-0.7;25.17427405
1900-10-20 01:00:00+01:00;-0.6;24.54599146
1900-10-20 02:00:00+01:00;0.4;24.23324387
1900-10-20 03:00:00+01:00;1;23.81473449
1900-10-20 04:00:00+01:00;2;23.66751151
1900-10-20 05:00:00+01:00;2.6;23.96421151
1900-10-20 06:00:00+01:00;3;25.21085947
1900-10-20 07:00:00+01:00;2.8;26.66999615
1900-10-20 08:00:00+01:00;4.4;27.90653298
1900-10-20 09:00:00+01:00;8.5;26.96327083
1900-10-20 10:00:00+01:00;9.3;27.16331478
1900-10-20 11:00:00+01:00;9.5;27.06607016
1900-10-20 12:00:00+01:00;9.7;26.67881807
1900-10-20 13:00:00+01:00;9.8;26.48545095
1900-10-20 14:00:00+01:00;9.9;25.57469499
1900-10-20 15:00:00+01:00;9.7;24.94853687
1900-10-20 16:00:00+01:00;9;24.75672634
1900-10-20 17:00:00+01:00;9.1;24.22569507
1900-10-20 18:00:00+01:00;9.5;22.82856046
1900-10-20 19:00:00+01:00;9.8;21.45055756
1900-10-20 20:00:00+01:00;9.6;19.89999677
1900-10-20 21:00:00+01:00;9.4;19.47543095
1900-10-20 22:00:00+01:00;8.5;19.04945433
1900-10-20 23:00:00+01:00;8.4;18.77687387
1900-10-21 00:00:00+01:00;7.2;19.28278073
1900-10-21 01:00:00+01:00;7.4;18.66400285
1900-10-21 02:00:00+01:00;7.2;18.46248771
1900-10-21 03:00:00+01:00;6.8;18.25138959
1900-10-21 04:00:00+01:00;6.8;18.38892902
1900-10-21 05:00:00+01:00;6.8;18.75674987
1900-10-21 06:00:00+01:00;6.5;19.89169427
1900-10-21 07:00:00+01:00;6.9;20.56516778
1900-10-21 08:00:00+01:00;7.4;21.06686761
1900-10-21 09:00:00+01:00;8.8;20.44570098
1900-10-21 10:00:00+01:00;8.9;20.38569435
1900-10-21 11:00:00+01:00;10.7;19.62575663
1900-10-21 12:00:00+01:00;12;18.9320645
1900-10-21 13:00:00+01:00;13.3;18.25876488
1900-10-21 14:00:00+01:00;15;16.78640125
1900-10-21 15:00:00+01:00;14;17.43901557
1900-10-21 16:00:00+01:00;13.6;17.20603055
1900-10-21 17:00:00+01:00;12.4;17.70484671
1900-10-21 18:00:00+01:00;11.5;17.60895444
1900-10-21 19:00:00+01:00;10.8;17.43950838
1900-10-21 20:00:00+01:00;11.1;16.92136763
1900-10-21 21:00:00+01:00;10.1;17.04504774
1900-10-21 22:00:00+01:00;9.4;16.89067452
1900-10-21 23:00:00+01:00;10.3;16.36835829
1900-10-22 00:00:00+01:00;11;17.37141488
1900-10-22 01:00:00+01:00;11.1;17.01180872
1900-10-22 02:00:00+01:00;11.3;16.89084388
1900-10-22 03:00:00+01:00;11.2;17.01804833
1900-10-22 04:00:00+01:00;11;17.58538143
1900-10-22 05:00:00+01:00;10.7;19.14080707
1900-10-22 06:00:00+01:00;10.4;23.53830973
1900-10-22 07:00:00+01:00;10.9;28.40221156
1900-10-22 08:00:00+01:00;10.9;32.01879956
1900-10-22 09:00:00+01:00;10.5;33.19307595
1900-10-22 10:00:00+01:00;12;32.54572467
1900-10-22 11:00:00+01:00;12.9;31.92524557
1900-10-22 12:00:00+01:00;14.2;31.44599313
1900-10-22 13:00:00+01:00;14.8;30.8967302
1900-10-22 14:00:00+01:00;14.5;30.31750593
1900-10-22 15:00:00+01:00;19.6;30.59470654
1900-10-22 16:00:00+01:00;18.6;28.39447881
1900-10-22 17:00:00+01:00;14.6;25.1557403
1900-10-22 18:00:00+01:00;13.8;23.04889291
1900-10-22 19:00:00+01:00;13.1;21.96062585
1900-10-22 20:00:00+01:00;13;20.31348123
1900-10-22 21:00:00+01:00;13.2;18.74401081
1900-10-22 22:00:00+01:00;11.5;17.72508693
1900-10-22 23:00:00+01:00;11.5;16.9271159
1900-10-23 00:00:00+01:00;10.4;16.45322764
1900-10-23 01:00:00+01:00;11.3;16.05512174
1900-10-23 02:00:00+01:00;10;16.34519275
1900-10-23 03:00:00+01:00;8.5;16.86098296
1900-10-23 04:00:00+01:00;9.4;17.36483687
1900-10-23 05:00:00+01:00;7.9;19.22432369
1900-10-23 06:00:00+01:00;8;23.73780227
1900-10-23 07:00:00+01:00;9.1;28.42511144
1900-10-23 08:00:00+01:00;9.6;32.00144325
1900-10-23 09:00:00+01:00;9.8;32.86125293
1900-10-23 10:00:00+01:00;11.2;32.55204326
1900-10-23 11:00:00+01:00;13.7;31.53945112
1900-10-23 12:00:00+01:00;13;31.72369569
1900-10-23 13:00:00+01:00;12.6;31.43783235
1900-10-23 14:00:00+01:00;11.6;30.85432278
1900-10-23 15:00:00+01:00;11;30.3113705
1900-10-23 16:00:00+01:00;10;28.99878306
1900-10-23 17:00:00+01:00;7.2;28.42013996
1900-10-23 18:00:00+01:00;5.9;27.54134506
1900-10-23 19:00:00+01:00;5;26.81108512
1900-10-23 20:00:00+01:00;4.7;25.19658681
1900-10-23 21:00:00+01:00;3.6;23.88288782
1900-10-23 22:00:00+01:00;3.7;22.44333756
1900-10-23 23:00:00+01:00;4.1;21.49768573
1900-10-24 00:00:00+01:00;3.8;20.7631626
1900-10-24 01:00:00+01:00;4;20.76561456
1900-10-24 02:00:00+01:00;3.6;21.19113316
1900-10-24 03:00:00+01:00;3.8;21.52402468
1900-10-24 04:00:00+01:00;3.8;22.53548152
1900-10-24 05:00:00+01:00;3.8;24.39361221
1900-10-24 06:00:00+01:00;3.5;30.20342631
1900-10-24 07:00:00+01:00;3.5;36.67669982
1900-10-24 08:00:00+01:00;4;40.85914842
1900-10-24 09:00:00+01:00;5.9;40.71076071
1900-10-24 10:00:00+01:00;8.3;39.6586754
1900-10-24 11:00:00+01:00;8.3;39.4582765
1900-10-24 12:00:00+01:00;8;39.49011709
1900-10-24 13:00:00+01:00;7.9;39.08289891
1900-10-24 14:00:00+01:00;7.8;38.38344645
1900-10-24 15:00:00+01:00;7;37.72732568
1900-10-24 16:00:00+01:00;6.4;35.45954599
1900-10-24 17:00:00+01:00;6.1;32.97655256
1900-10-24 18:00:00+01:00;5.9;31.12329349
1900-10-24 19:00:00+01:00;5.6;29.66873605
1900-10-24 20:00:00+01:00;5;27.928737
1900-10-24 21:00:00+01:00;5.3;25.76950016
1900-10-24 22:00:00+01:00;4.9;24.26222514
1900-10-24 23:00:00+01:00;4.7;23.42974869
1900-10-25 00:00:00+01:00;4.3;22.59658552
1900-10-25 01:00:00+01:00;3.5;22.73876807
1900-10-25 02:00:00+01:00;3.4;22.93560784
1900-10-25 03:00:00+01:00;3.2;23.28948536
1900-10-25 04:00:00+01:00;3;24.27357546
1900-10-25 05:00:00+01:00;2.2;26.46310714
1900-10-25 06:00:00+01:00;1.9;32.61143339
1900-10-25 07:00:00+01:00;1.1;39.77885963
1900-10-25 08:00:00+01:00;1.2;44.3131986
1900-10-25 09:00:00+01:00;0.9;45.66241191
1900-10-25 10:00:00+01:00;1.8;45.84724114
1900-10-25 11:00:00+01:00;2.4;45.28887764
1900-10-25 12:00:00+01:00;2.3;45.25465239
1900-10-25 13:00:00+01:00;2.8;44.38624255
1900-10-25 14:00:00+01:00;2.7;43.73615843
1900-10-25 15:00:00+01:00;2.6;42.40035882
1900-10-25 16:00:00+01:00;2.6;39.19580976
1900-10-25 17:00:00+01:00;2.9;36.19977361
1900-10-25 18:00:00+01:00;2.7;34.2610581
1900-10-25 19:00:00+01:00;2.8;32.54876031
1900-10-25 20:00:00+01:00;3.2;30.27307817
1900-10-25 21:00:00+01:00;4;27.9049801
1900-10-25 22:00:00+01:00;4.6;26.00685645
1900-10-25 23:00:00+01:00;5.3;24.91218844
1900-10-26 00:00:00+01:00;8.9;22.81818276
1900-10-26 01:00:00+01:00;9.8;22.22522355
1900-10-26 02:00:00+01:00;9.5;22.37461974
1900-10-26 03:00:00+01:00;9.7;22.37980594
1900-10-26 04:00:00+01:00;10.2;21.34799662
1900-10-26 05:00:00+01:00;10.1;22.62206442
1900-10-26 06:00:00+01:00;10.1;27.0613268
1900-10-26 07:00:00+01:00;10.3;32.54870185
1900-10-26 08:00:00+01:00;10.6;37.18856145
1900-10-26 09:00:00+01:00;9.8;38.69533372
1900-10-26 10:00:00+01:00;10;38.64785748
1900-10-26 11:00:00+01:00;10.6;37.43730457
1900-10-26 12:00:00+01:00;10.6;36.79942664
1900-10-26 13:00:00+01:00;10.7;35.8377938
1900-10-26 14:00:00+01:00;10.3;35.01748359
1900-10-26 15:00:00+01:00;10.3;33.52160135
1900-10-26 16:00:00+01:00;10.1;31.12425119
1900-10-26 17:00:00+01:00;10.4;28.33456081
1900-10-26 18:00:00+01:00;9.7;26.78403809
1900-10-26 19:00:00+01:00;9.3;25.43872651
1900-10-26 20:00:00+01:00;9;23.63095269
1900-10-26 21:00:00+01:00;7.1;22.49666384
1900-10-26 22:00:00+01:00;7.3;20.80348911
1900-10-26 23:00:00+01:00;7.2;19.88824548
1900-10-27 00:00:00+01:00;6.6;17.98781036
1900-10-27 01:00:00+01:00;6.4;17.60306618
1900-10-27 02:00:00+01:00;6.1;17.73485221
1900-10-27 03:00:00+01:00;6;17.86961815
1900-10-27 04:00:00+01:00;6;18.09345542
1900-10-27 05:00:00+01:00;5.3;19.05443996
1900-10-27 06:00:00+01:00;5;20.60345764
1900-10-27 07:00:00+01:00;4.9;22.13039264
1900-10-27 08:00:00+01:00;4.8;24.07492892
1900-10-27 09:00:00+01:00;4.8;25.70115383
1900-10-27 10:00:00+01:00;4.4;27.04726073
1900-10-27 11:00:00+01:00;4.5;27.61343294
1900-10-27 12:00:00+01:00;4.4;27.7172942
1900-10-27 13:00:00+01:00;4.1;27.77399094
1900-10-27 14:00:00+01:00;3.5;28.07978637
1900-10-27 15:00:00+01:00;2.9;28.14371895
1900-10-27 16:00:00+01:00;2;28.15698127
1900-10-27 17:00:00+01:00;2;27.77267645
1900-10-27 18:00:00+01:00;2.2;26.48203513
1900-10-27 19:00:00+01:00;2;25.43975596
1900-10-27 20:00:00+01:00;1;24.9076359
1900-10-27 21:00:00+01:00;0.8;24.39422939
1900-10-27 22:00:00+01:00;0.7;23.95547776
1900-10-27 23:00:00+01:00;0.9;23.75389313
1900-10-28 00:00:00+01:00;1.7;23.18459121
1900-10-28 01:00:00+01:00;1.8;22.8214485
1900-10-28 02:00:00+01:00;1.6;22.93453529
1900-10-28 03:00:00+01:00;1.5;22.90885199
1900-10-28 04:00:00+01:00;1.3;23.38474106
1900-10-28 05:00:00+01:00;1.3;24.06478325
1900-10-28 06:00:00+01:00;1.4;25.37456743
1900-10-28 07:00:00+01:00;1.5;26.43706389
1900-10-28 08:00:00+01:00;2.7;26.98219602
1900-10-28 09:00:00+01:00;2;27.3789434
1900-10-28 10:00:00+01:00;2.3;27.33690869
1900-10-28 11:00:00+01:00;2.6;27.49169341
1900-10-28 12:00:00+01:00;2.9;27.2624477
1900-10-28 13:00:00+01:00;2.9;27.1304625
1900-10-28 14:00:00+01:00;3;26.89552945
1900-10-28 15:00:00+01:00;3;26.76448199
1900-10-28 16:00:00+01:00;3;26.5036784
1900-10-28 17:00:00+01:00;2.9;26.28749006
1900-10-28 18:00:00+01:00;3;25.63855168
1900-10-28 19:00:00+01:00;3.1;25.03453254
1900-10-28 20:00:00+01:00;3;24.62581358
1900-10-28 21:00:00+01:00;3.1;24.3341494
1900-10-28 22:00:00+01:00;3.1;23.83733171
1900-10-28 23:00:00+01:00;3.2;23.70221335
1900-10-29 00:00:00+01:00;3.3;24.84415323
1900-10-29 01:00:00+01:00;3.5;24.65399925
1900-10-29 02:00:00+01:00;4;24.63932969
1900-10-29 03:00:00+01:00;4.2;24.79330563
1900-10-29 04:00:00+01:00;4.5;25.54046201
1900-10-29 05:00:00+01:00;4.6;27.12441917
1900-10-29 06:00:00+01:00;5;32.72328587
1900-10-29 07:00:00+01:00;5.8;38.75192596
1900-10-29 08:00:00+01:00;6.5;42.09744395
1900-10-29 09:00:00+01:00;9.6;40.76358145
1900-10-29 10:00:00+01:00;9.5;40.92755715
1900-10-29 11:00:00+01:00;9.5;40.14409887
1900-10-29 12:00:00+01:00;9.4;39.5428828
1900-10-29 13:00:00+01:00;9.4;38.65094505
1900-10-29 14:00:00+01:00;9;37.79725971
1900-10-29 15:00:00+01:00;8.3;36.81234442
1900-10-29 16:00:00+01:00;7.9;34.33159298
1900-10-29 17:00:00+01:00;7.4;31.87514303
1900-10-29 18:00:00+01:00;6.6;30.28632706
1900-10-29 19:00:00+01:00;5.4;29.2635974
1900-10-29 20:00:00+01:00;4.6;27.5773579
1900-10-29 21:00:00+01:00;4.3;25.65058368
1900-10-29 22:00:00+01:00;3.3;24.39010709
1900-10-29 23:00:00+01:00;3.4;23.39664097
1900-10-30 00:00:00+01:00;3.4;22.38870163
1900-10-30 01:00:00+01:00;4.4;21.95139961
1900-10-30 02:00:00+01:00;5.3;21.81083554
1900-10-30 03:00:00+01:00;6.1;21.77405354
1900-10-30 04:00:00+01:00;7.5;22.09584449
1900-10-30 05:00:00+01:00;6.7;23.78226624
1900-10-30 06:00:00+01:00;6.3;29.18981051
1900-10-30 07:00:00+01:00;5.4;35.8601882
1900-10-30 08:00:00+01:00;5.2;40.15539563
1900-10-30 09:00:00+01:00;5.1;41.38696725
1900-10-30 10:00:00+01:00;5;42.13152416
1900-10-30 11:00:00+01:00;5.1;41.88506202
1900-10-30 12:00:00+01:00;5.5;41.42673344
1900-10-30 13:00:00+01:00;5.6;40.84413547
1900-10-30 14:00:00+01:00;5.4;40.25450144
1900-10-30 15:00:00+01:00;5.2;39.05897398
1900-10-30 16:00:00+01:00;5;36.29971332
1900-10-30 17:00:00+01:00;4.9;33.68067973
1900-10-30 18:00:00+01:00;4.4;31.9949083
1900-10-30 19:00:00+01:00;4.2;30.50096024
1900-10-30 20:00:00+01:00;4;28.54410483
1900-10-30 21:00:00+01:00;3.9;26.54945757
1900-10-30 22:00:00+01:00;3.7;24.96128867
1900-10-30 23:00:00+01:00;2.3;24.55827617
1900-10-31 00:00:00+01:00;2.5;23.48280076
1900-10-31 01:00:00+01:00;2.5;23.41791599
1900-10-31 02:00:00+01:00;2.7;23.59924611
1900-10-31 03:00:00+01:00;2.3;24.11362014
1900-10-31 04:00:00+01:00;2.4;25.15549984
1900-10-31 05:00:00+01:00;2.1;27.29546417
1900-10-31 06:00:00+01:00;1.6;33.80195102
1900-10-31 07:00:00+01:00;1.7;40.67917387
1900-10-31 08:00:00+01:00;1;45.7142839
1900-10-31 09:00:00+01:00;0.8;46.98122019
1900-10-31 10:00:00+01:00;0.7;47.74873619
1900-10-31 11:00:00+01:00;1.5;46.92798077
1900-10-31 12:00:00+01:00;1.8;46.50979782
1900-10-31 13:00:00+01:00;2.1;45.70967849
1900-10-31 14:00:00+01:00;2;44.97156613
1900-10-31 15:00:00+01:00;1.9;43.56823448
1900-10-31 16:00:00+01:00;1.8;40.30537308
1900-10-31 17:00:00+01:00;1.4;37.63145963
1900-10-31 18:00:00+01:00;0.7;35.87995698
1900-10-31 19:00:00+01:00;0.3;34.3607152
1900-10-31 20:00:00+01:00;0.3;32.18858428
1900-10-31 21:00:00+01:00;-0.1;30.22397249
1900-10-31 22:00:00+01:00;1.6;27.88041283
1900-10-31 23:00:00+01:00;2.5;26.65758653
1900-11-01 00:00:00+01:00;4.2;25.10617363
1900-11-01 01:00:00+01:00;5.7;24.51235128
1900-11-01 02:00:00+01:00;8.2;23.84914665
1900-11-01 03:00:00+01:00;8.8;23.7431979
1900-11-01 04:00:00+01:00;9.4;24.13257867
1900-11-01 05:00:00+01:00;9.2;25.30666756
1900-11-01 06:00:00+01:00;7.9;31.26235865
1900-11-01 07:00:00+01:00;6.9;38.11495446
1900-11-01 08:00:00+01:00;6.9;41.74720265
1900-11-01 09:00:00+01:00;7.6;42.05631956
1900-11-01 10:00:00+01:00;8.4;41.62053492
1900-11-01 11:00:00+01:00;9.3;40.19212761
1900-11-01 12:00:00+01:00;12.9;35.37850945
1900-11-01 13:00:00+01:00;10.4;37.61372082
1900-11-01 14:00:00+01:00;10.8;36.06685849
1900-11-01 15:00:00+01:00;9.7;35.3559092
1900-11-01 16:00:00+01:00;8;33.7904311
1900-11-01 17:00:00+01:00;6.9;31.65544654
1900-11-01 18:00:00+01:00;6.7;29.69566517
1900-11-01 19:00:00+01:00;6.6;28.06648541
1900-11-01 20:00:00+01:00;6.3;26.10943387
1900-11-01 21:00:00+01:00;5.6;24.3042411
1900-11-01 22:00:00+01:00;4.4;23.08897903
1900-11-01 23:00:00+01:00;3;22.60877157
1900-11-02 00:00:00+01:00;2;21.93088769
1900-11-02 01:00:00+01:00;0.7;22.29978839
1900-11-02 02:00:00+01:00;0.6;22.6726435
1900-11-02 03:00:00+01:00;0.4;23.26169406
1900-11-02 04:00:00+01:00;0.1;24.53709264
1900-11-02 05:00:00+01:00;0.7;26.61388625
1900-11-02 06:00:00+01:00;2.6;31.85818255
1900-11-02 07:00:00+01:00;3.6;37.90418181
1900-11-02 08:00:00+01:00;3.8;42.14457668
1900-11-02 09:00:00+01:00;4.3;42.92112685
1900-11-02 10:00:00+01:00;5.3;42.85030888
1900-11-02 11:00:00+01:00;5.5;42.45523147
1900-11-02 12:00:00+01:00;6;41.98505144
1900-11-02 13:00:00+01:00;5.8;41.62219719
1900-11-02 14:00:00+01:00;5.7;40.94637255
1900-11-02 15:00:00+01:00;6.1;39.33035684
1900-11-02 16:00:00+01:00;6.4;36.34018278
1900-11-02 17:00:00+01:00;6.2;33.75329832
1900-11-02 18:00:00+01:00;6.3;31.73138887
1900-11-02 19:00:00+01:00;6.4;30.06834801
1900-11-02 20:00:00+01:00;6;28.27763107
1900-11-02 21:00:00+01:00;5.9;26.35470693
1900-11-02 22:00:00+01:00;5.7;24.76225382
1900-11-02 23:00:00+01:00;5.5;23.93330904
1900-11-03 00:00:00+01:00;5.1;21.66511059
1900-11-03 01:00:00+01:00;5.2;20.99478324
1900-11-03 02:00:00+01:00;4.5;21.07484814
1900-11-03 03:00:00+01:00;4.4;20.90415483
1900-11-03 04:00:00+01:00;4;21.18681702
1900-11-03 05:00:00+01:00;4.5;21.49809193
1900-11-03 06:00:00+01:00;5;22.6444094
1900-11-03 07:00:00+01:00;5.3;23.84555652
1900-11-03 08:00:00+01:00;5.4;25.65996502
1900-11-03 09:00:00+01:00;4.4;27.52736704
1900-11-03 10:00:00+01:00;3.9;28.78456819
1900-11-03 11:00:00+01:00;3.8;29.30297253
1900-11-03 12:00:00+01:00;3.3;29.54709833
1900-11-03 13:00:00+01:00;3.4;29.23326737
1900-11-03 14:00:00+01:00;3.5;28.89414896
1900-11-03 15:00:00+01:00;3.7;28.28390873
1900-11-03 16:00:00+01:00;4;27.4534334
1900-11-03 17:00:00+01:00;4.6;26.63666981
1900-11-03 18:00:00+01:00;4.6;25.45306327
1900-11-03 19:00:00+01:00;4.7;24.23553474
1900-11-03 20:00:00+01:00;5;23.17218577
1900-11-03 21:00:00+01:00;5.1;22.55702788
1900-11-03 22:00:00+01:00;4.8;22.17297025
1900-11-03 23:00:00+01:00;4.9;21.96994982
1900-11-04 00:00:00+01:00;4.6;21.63249934
1900-11-04 01:00:00+01:00;4.6;21.26645961
1900-11-04 02:00:00+01:00;3.8;21.47163732
1900-11-04 03:00:00+01:00;4.1;21.13704991
1900-11-04 04:00:00+01:00;3.9;21.50904875
1900-11-04 05:00:00+01:00;2.9;22.47415051
1900-11-04 06:00:00+01:00;2.3;24.00941246
1900-11-04 07:00:00+01:00;2.4;25.0257739
1900-11-04 08:00:00+01:00;1.7;26.43569618
1900-11-04 09:00:00+01:00;2.1;26.34786487
1900-11-04 10:00:00+01:00;2.8;26.10996921
1900-11-04 11:00:00+01:00;3.3;26.12946713
1900-11-04 12:00:00+01:00;5.5;24.81018076
1900-11-04 13:00:00+01:00;4.1;25.43684902
1900-11-04 14:00:00+01:00;4;25.31445648
1900-11-04 15:00:00+01:00;3.7;25.37453072
1900-11-04 16:00:00+01:00;3.4;25.2728086
1900-11-04 17:00:00+01:00;3.1;25.21720798
1900-11-04 18:00:00+01:00;2.5;24.97878499
1900-11-04 19:00:00+01:00;2;24.67886783
1900-11-04 20:00:00+01:00;0.9;24.64539721
1900-11-04 21:00:00+01:00;0.6;24.59845345
1900-11-04 22:00:00+01:00;0.5;24.27602489
1900-11-04 23:00:00+01:00;0.2;24.28742521
1900-11-05 00:00:00+01:00;1.1;25.34473621
1900-11-05 01:00:00+01:00;1;25.36402744
1900-11-05 02:00:00+01:00;1;25.63132369
1900-11-05 03:00:00+01:00;1.4;25.90625537
1900-11-05 04:00:00+01:00;1.1;27.05764228
1900-11-05 05:00:00+01:00;1.1;29.12730672
1900-11-05 06:00:00+01:00;1;35.67711715
1900-11-05 07:00:00+01:00;1.1;42.74444485
1900-11-05 08:00:00+01:00;1.1;47.16881747
1900-11-05 09:00:00+01:00;1.4;47.97938292
1900-11-05 10:00:00+01:00;1;48.81936772
1900-11-05 11:00:00+01:00;0.9;48.52038638
1900-11-05 12:00:00+01:00;1.1;48.16486382
1900-11-05 13:00:00+01:00;1.4;47.30649124
1900-11-05 14:00:00+01:00;1.3;46.4959739
1900-11-05 15:00:00+01:00;1.2;45.03025858
1900-11-05 16:00:00+01:00;1.3;41.51255495
1900-11-05 17:00:00+01:00;1;38.67941235
1900-11-05 18:00:00+01:00;0.7;36.62477483
1900-11-05 19:00:00+01:00;0.7;34.80068463
1900-11-05 20:00:00+01:00;0.3;32.72867633
1900-11-05 21:00:00+01:00;0.2;30.54934737
1900-11-05 22:00:00+01:00;0.2;28.79619112
1900-11-05 23:00:00+01:00;0.2;27.85803821
1900-11-06 00:00:00+01:00;0.6;26.66476491
1900-11-06 01:00:00+01:00;0.7;26.54791954
1900-11-06 02:00:00+01:00;1.3;26.57409479
1900-11-06 03:00:00+01:00;2.2;26.60840202
1900-11-06 04:00:00+01:00;3.2;27.22815903
1900-11-06 05:00:00+01:00;5.4;28.07888272
1900-11-06 06:00:00+01:00;8;32.23813883
1900-11-06 07:00:00+01:00;8.6;38.58131042
1900-11-06 08:00:00+01:00;9.1;41.57500728
1900-11-06 09:00:00+01:00;8.7;42.64550246
1900-11-06 10:00:00+01:00;9.2;42.35044863
1900-11-06 11:00:00+01:00;9.5;41.23395922
1900-11-06 12:00:00+01:00;9.8;40.21952051
1900-11-06 13:00:00+01:00;10.8;38.46783958
1900-11-06 14:00:00+01:00;8.9;38.61571686
1900-11-06 15:00:00+01:00;8.3;37.48826
1900-11-06 16:00:00+01:00;7.5;35.19537001
1900-11-06 17:00:00+01:00;7.2;32.53367425
1900-11-06 18:00:00+01:00;6.8;30.64296685
1900-11-06 19:00:00+01:00;6.2;29.22313332
1900-11-06 20:00:00+01:00;5.8;27.28785155
1900-11-06 21:00:00+01:00;4.9;25.55938701
1900-11-06 22:00:00+01:00;3.2;24.4971798
1900-11-06 23:00:00+01:00;4;23.16572358
1900-11-07 00:00:00+01:00;2.7;22.52115585
1900-11-07 01:00:00+01:00;2;22.56081394
1900-11-07 02:00:00+01:00;2.8;22.43469758
1900-11-07 03:00:00+01:00;3.4;22.49863929
1900-11-07 04:00:00+01:00;2.3;23.74341106
1900-11-07 05:00:00+01:00;2.3;25.71002494
1900-11-07 06:00:00+01:00;2.7;31.49002073
1900-11-07 07:00:00+01:00;5.9;36.17390531
1900-11-07 08:00:00+01:00;6.7;39.75953661
1900-11-07 09:00:00+01:00;7.7;40.14474371
1900-11-07 10:00:00+01:00;8.5;40.0639264
1900-11-07 11:00:00+01:00;9;39.29741752
1900-11-07 12:00:00+01:00;9.6;38.4759412
1900-11-07 13:00:00+01:00;10.1;37.48613517
1900-11-07 14:00:00+01:00;8.2;37.99961859
1900-11-07 15:00:00+01:00;8;36.80950216
1900-11-07 16:00:00+01:00;8.4;33.94324883
1900-11-07 17:00:00+01:00;8.4;31.34160089
1900-11-07 18:00:00+01:00;10.3;28.42820634
1900-11-07 19:00:00+01:00;11.2;26.34463659
1900-11-07 20:00:00+01:00;11.6;24.22533727
1900-11-07 21:00:00+01:00;11.4;21.09452448
1900-11-07 22:00:00+01:00;11;19.91817675
1900-11-07 23:00:00+01:00;10.5;19.61181123
1900-11-08 00:00:00+01:00;9;19.78077006
1900-11-08 01:00:00+01:00;8.1;19.85264891
1900-11-08 02:00:00+01:00;7.4;20.07446923
1900-11-08 03:00:00+01:00;6.6;20.44778195
1900-11-08 04:00:00+01:00;6.5;21.16335015
1900-11-08 05:00:00+01:00;5.5;22.96568487
1900-11-08 06:00:00+01:00;6;27.761509
1900-11-08 07:00:00+01:00;5.8;33.78407314
1900-11-08 08:00:00+01:00;5.6;38.08957486
1900-11-08 09:00:00+01:00;4.5;39.92472991
1900-11-08 10:00:00+01:00;5;40.26520633
1900-11-08 11:00:00+01:00;6.1;39.35295289
1900-11-08 12:00:00+01:00;6.5;38.91991665
1900-11-08 13:00:00+01:00;7.1;37.9922905
1900-11-08 14:00:00+01:00;6.4;37.79594239
1900-11-08 15:00:00+01:00;5.8;36.91800073
1900-11-08 16:00:00+01:00;6.7;33.57032433
1900-11-08 17:00:00+01:00;6.8;30.97333276
1900-11-08 18:00:00+01:00;6.6;29.31408391
1900-11-08 19:00:00+01:00;6.4;28.05312176
1900-11-08 20:00:00+01:00;6.3;26.29912473
1900-11-08 21:00:00+01:00;5.7;24.75264893
1900-11-08 22:00:00+01:00;5.4;23.40569434
1900-11-08 23:00:00+01:00;3.9;23.20554006
1900-11-09 00:00:00+01:00;3.6;22.4583572
1900-11-09 01:00:00+01:00;3;22.65655152
1900-11-09 02:00:00+01:00;2.5;23.09474285
1900-11-09 03:00:00+01:00;2;23.65795628
1900-11-09 04:00:00+01:00;0.4;25.24660116
1900-11-09 05:00:00+01:00;0.4;27.44618591
1900-11-09 06:00:00+01:00;0.9;33.5641113
1900-11-09 07:00:00+01:00;0.4;40.81170053
1900-11-09 08:00:00+01:00;0.9;45.19657237
1900-11-09 09:00:00+01:00;2.3;45.30190544
1900-11-09 10:00:00+01:00;4.8;44.10506351
1900-11-09 11:00:00+01:00;4.4;44.02287699
1900-11-09 12:00:00+01:00;3.6;44.35572489
1900-11-09 13:00:00+01:00;4.1;43.41247855
1900-11-09 14:00:00+01:00;6.8;40.45455486
1900-11-09 15:00:00+01:00;6.2;39.46481845
1900-11-09 16:00:00+01:00;6;36.75282657
1900-11-09 17:00:00+01:00;5.6;34.26209614
1900-11-09 18:00:00+01:00;4;33.13230207
1900-11-09 19:00:00+01:00;4;31.51265175
1900-11-09 20:00:00+01:00;3.5;29.71988793
1900-11-09 21:00:00+01:00;2.8;27.99823502
1900-11-09 22:00:00+01:00;1;27.09943594
1900-11-09 23:00:00+01:00;0.1;26.54898501
1900-11-10 00:00:00+01:00;0.2;24.26645171
1900-11-10 01:00:00+01:00;-0.3;23.90279118
1900-11-10 02:00:00+01:00;-0.3;24.03486805
1900-11-10 03:00:00+01:00;0.8;23.53963624
1900-11-10 04:00:00+01:00;0.9;23.76524873
1900-11-10 05:00:00+01:00;0;24.81745938
1900-11-10 06:00:00+01:00;-1;26.90179323
1900-11-10 07:00:00+01:00;-0.7;28.42223324
1900-11-10 08:00:00+01:00;-0.3;30.382458
1900-11-10 09:00:00+01:00;0.8;31.43322435
1900-11-10 10:00:00+01:00;2.6;31.52321437
1900-11-10 11:00:00+01:00;3.2;31.57139044
1900-11-10 12:00:00+01:00;3.3;31.37960725
1900-11-10 13:00:00+01:00;3.2;31.14041648
1900-11-10 14:00:00+01:00;3;30.77976476
1900-11-10 15:00:00+01:00;3;30.209774
1900-11-10 16:00:00+01:00;2.7;29.75569731
1900-11-10 17:00:00+01:00;4.2;28.42719166
1900-11-10 18:00:00+01:00;4.4;27.13484794
1900-11-10 19:00:00+01:00;3.1;26.69687707
1900-11-10 20:00:00+01:00;3.1;25.8016208
1900-11-10 21:00:00+01:00;3;25.22131209
1900-11-10 22:00:00+01:00;3;24.59551516
1900-11-10 23:00:00+01:00;3;24.31210631
1900-11-11 00:00:00+01:00;3;23.6996978
1900-11-11 01:00:00+01:00;2.9;23.26081272
1900-11-11 02:00:00+01:00;2.7;23.1773066
1900-11-11 03:00:00+01:00;2.9;22.75412781
1900-11-11 04:00:00+01:00;3.5;22.79338712
1900-11-11 05:00:00+01:00;5.6;22.28113438
1900-11-11 06:00:00+01:00;5.7;23.28290713
1900-11-11 07:00:00+01:00;7;23.6367422
1900-11-11 08:00:00+01:00;7.8;23.858825
1900-11-11 09:00:00+01:00;7.5;23.78406969
1900-11-11 10:00:00+01:00;8.5;23.08257442
1900-11-11 11:00:00+01:00;9.5;22.47066298
1900-11-11 12:00:00+01:00;11.5;20.60589101
1900-11-11 13:00:00+01:00;12.3;20.12181704
1900-11-11 14:00:00+01:00;12;19.97815961
1900-11-11 15:00:00+01:00;10.9;20.11465979
1900-11-11 16:00:00+01:00;9.9;20.60549142
1900-11-11 17:00:00+01:00;8.6;20.9808963
1900-11-11 18:00:00+01:00;8.4;20.49726822
1900-11-11 19:00:00+01:00;7.8;20.21147513
1900-11-11 20:00:00+01:00;7.6;19.79429384
1900-11-11 21:00:00+01:00;7.3;19.67295806
1900-11-11 22:00:00+01:00;8;18.39064154
1900-11-11 23:00:00+01:00;8.1;18.15609687
1900-11-12 00:00:00+01:00;8.2;19.99207679
1900-11-12 01:00:00+01:00;7.5;19.98095905
1900-11-12 02:00:00+01:00;7.4;20.02411898
1900-11-12 03:00:00+01:00;7;20.25248549
1900-11-12 04:00:00+01:00;6;21.2897258
1900-11-12 05:00:00+01:00;6;22.82049111
1900-11-12 06:00:00+01:00;6.8;27.48665286
1900-11-12 07:00:00+01:00;6;33.8625883
1900-11-12 08:00:00+01:00;5.2;38.60944649
1900-11-12 09:00:00+01:00;5;39.81213386
1900-11-12 10:00:00+01:00;4.7;40.70139698
1900-11-12 11:00:00+01:00;5;40.41006582
1900-11-12 12:00:00+01:00;5.7;39.86300012
1900-11-12 13:00:00+01:00;4.9;40.10205766
1900-11-12 14:00:00+01:00;4.6;39.79628873
1900-11-12 15:00:00+01:00;4.8;38.395958
1900-11-12 16:00:00+01:00;5.3;35.23550929
1900-11-12 17:00:00+01:00;6.1;32.18105239
1900-11-12 18:00:00+01:00;5.2;30.80323372
1900-11-12 19:00:00+01:00;4.7;29.56700709
1900-11-12 20:00:00+01:00;4.3;27.80385832
1900-11-12 21:00:00+01:00;3.7;26.10619927
1900-11-12 22:00:00+01:00;3.6;24.61101924
1900-11-12 23:00:00+01:00;3.8;23.72424518
1900-11-13 00:00:00+01:00;4.2;22.73228773
1900-11-13 01:00:00+01:00;4.2;22.71867845
1900-11-13 02:00:00+01:00;4.2;22.97597486
1900-11-13 03:00:00+01:00;5.4;22.93678883
1900-11-13 04:00:00+01:00;4.7;24.0699353
1900-11-13 05:00:00+01:00;5.1;25.62274499
1900-11-13 06:00:00+01:00;5.5;31.10616038
1900-11-13 07:00:00+01:00;4.6;38.10568635
1900-11-13 08:00:00+01:00;4.8;42.11712506
1900-11-13 09:00:00+01:00;5.2;42.84480704
1900-11-13 10:00:00+01:00;5;43.44330083
1900-11-13 11:00:00+01:00;7.1;41.46994902
1900-11-13 12:00:00+01:00;10;38.81559431
1900-11-13 13:00:00+01:00;10.6;37.51765172
1900-11-13 14:00:00+01:00;10;36.82498675
1900-11-13 15:00:00+01:00;7.2;37.47992451
1900-11-13 16:00:00+01:00;4.5;36.39451187
1900-11-13 17:00:00+01:00;3.6;34.19359656
1900-11-13 18:00:00+01:00;2.7;32.67760947
1900-11-13 19:00:00+01:00;2.1;31.3870388
1900-11-13 20:00:00+01:00;1.6;29.52621063
1900-11-13 21:00:00+01:00;1;27.67669488
1900-11-13 22:00:00+01:00;1.2;25.96546755
1900-11-13 23:00:00+01:00;0.5;25.30157769
1900-11-14 00:00:00+01:00;0.8;24.18729776
1900-11-14 01:00:00+01:00;0.5;24.2458824
1900-11-14 02:00:00+01:00;0.1;24.6407946
1900-11-14 03:00:00+01:00;-0.6;25.33257224
1900-11-14 04:00:00+01:00;-0.7;26.49252991
1900-11-14 05:00:00+01:00;-0.6;28.77595454
1900-11-14 06:00:00+01:00;-0.6;35.46630509
1900-11-14 07:00:00+01:00;1.2;41.57159411
1900-11-14 08:00:00+01:00;1.2;46.13672463
1900-11-14 09:00:00+01:00;1.4;47.12532965
1900-11-14 10:00:00+01:00;1.6;47.62955941
1900-11-14 11:00:00+01:00;1.6;47.4000158
1900-11-14 12:00:00+01:00;1.5;47.41713369
1900-11-14 13:00:00+01:00;1.6;46.93029528
1900-11-14 14:00:00+01:00;1.5;46.31358745
1900-11-14 15:00:00+01:00;1.8;44.65730522
1900-11-14 16:00:00+01:00;1.9;41.23193919
1900-11-14 17:00:00+01:00;2.5;37.907193
1900-11-14 18:00:00+01:00;2.6;35.65623698
1900-11-14 19:00:00+01:00;3;33.62206319
1900-11-14 20:00:00+01:00;2.4;31.70434223
1900-11-14 21:00:00+01:00;2.7;29.41124753
1900-11-14 22:00:00+01:00;2.1;27.89488757
1900-11-14 23:00:00+01:00;1.8;27.07996846
1900-11-15 00:00:00+01:00;1.7;26.06529294
1900-11-15 01:00:00+01:00;1.7;25.94296278
1900-11-15 02:00:00+01:00;1.7;26.10336334
1900-11-15 03:00:00+01:00;1.9;26.29109536
1900-11-15 04:00:00+01:00;2;27.16632379
1900-11-15 05:00:00+01:00;2.2;28.94998791
1900-11-15 06:00:00+01:00;2.4;35.11008674
1900-11-15 07:00:00+01:00;2.6;41.94207091
1900-11-15 08:00:00+01:00;2.5;46.2089841
1900-11-15 09:00:00+01:00;2.6;47.09766585
1900-11-15 10:00:00+01:00;2.8;47.38779455
1900-11-15 11:00:00+01:00;2.9;46.78368192
1900-11-15 12:00:00+01:00;3;46.26767053
1900-11-15 13:00:00+01:00;3.2;45.34836203
1900-11-15 14:00:00+01:00;3.2;44.32503871
1900-11-15 15:00:00+01:00;3.4;42.58734789
1900-11-15 16:00:00+01:00;3.3;39.37517711
1900-11-15 17:00:00+01:00;3.4;36.37511136
1900-11-15 18:00:00+01:00;3.5;34.1695534
1900-11-15 19:00:00+01:00;3.1;32.62113189
1900-11-15 20:00:00+01:00;2.8;30.60405927
1900-11-15 21:00:00+01:00;2.4;28.66115421
1900-11-15 22:00:00+01:00;1.9;27.14810063
1900-11-15 23:00:00+01:00;2.5;26.00310538
1900-11-16 00:00:00+01:00;2.8;24.87843985
1900-11-16 01:00:00+01:00;2.4;24.88419685
1900-11-16 02:00:00+01:00;1.7;25.27817865
1900-11-16 03:00:00+01:00;2.1;25.46354227
1900-11-16 04:00:00+01:00;2.2;26.38839784
1900-11-16 05:00:00+01:00;1.6;28.56224997
1900-11-16 06:00:00+01:00;1.8;34.81035971
1900-11-16 07:00:00+01:00;1.6;41.91571503
1900-11-16 08:00:00+01:00;1.1;46.67920266
1900-11-16 09:00:00+01:00;1.4;47.50360895
1900-11-16 10:00:00+01:00;1.8;47.7709253
1900-11-16 11:00:00+01:00;1.9;47.2881439
1900-11-16 12:00:00+01:00;1.8;47.0413302
1900-11-16 13:00:00+01:00;2;46.22177863
1900-11-16 14:00:00+01:00;2.5;44.92210559
1900-11-16 15:00:00+01:00;2;43.75902238
1900-11-16 16:00:00+01:00;1.8;40.51239998
1900-11-16 17:00:00+01:00;1.5;37.72803798
1900-11-16 18:00:00+01:00;1.5;35.57239825
1900-11-16 19:00:00+01:00;1.5;33.81030032
1900-11-16 20:00:00+01:00;1.5;31.62771461
1900-11-16 21:00:00+01:00;1.3;29.56461415
1900-11-16 22:00:00+01:00;1.2;27.88733228
1900-11-16 23:00:00+01:00;0.7;27.18272767
1900-11-17 00:00:00+01:00;1.4;24.59325547
1900-11-17 01:00:00+01:00;0.6;24.32725279
1900-11-17 02:00:00+01:00;0.2;24.53493356
1900-11-17 03:00:00+01:00;0.4;24.34336104
1900-11-17 04:00:00+01:00;0;24.84914836
1900-11-17 05:00:00+01:00;0.4;25.43263506
1900-11-17 06:00:00+01:00;0.2;27.20325669
1900-11-17 07:00:00+01:00;0;28.94061927
1900-11-17 08:00:00+01:00;-0.6;31.448495
1900-11-17 09:00:00+01:00;0.6;32.39813121
1900-11-17 10:00:00+01:00;0.5;33.48539139
1900-11-17 11:00:00+01:00;0.6;33.87781901
1900-11-17 12:00:00+01:00;0.3;33.96826545
1900-11-17 13:00:00+01:00;0;33.76312903
1900-11-17 14:00:00+01:00;0.6;32.93549058
1900-11-17 15:00:00+01:00;0;32.72829415
1900-11-17 16:00:00+01:00;-1.2;32.76418782
1900-11-17 17:00:00+01:00;-1.4;32.41116856
1900-11-17 18:00:00+01:00;-1.7;31.27271951
1900-11-17 19:00:00+01:00;-2.3;30.34271218
1900-11-17 20:00:00+01:00;-2.3;29.22010961
1900-11-17 21:00:00+01:00;-2.8;28.72756721
1900-11-17 22:00:00+01:00;-3;28.1682426
1900-11-17 23:00:00+01:00;-2;27.54365923
1900-11-18 00:00:00+01:00;-2.1;27.11830515
1900-11-18 01:00:00+01:00;-3.9;27.33946132
1900-11-18 02:00:00+01:00;-5.5;27.97184218
1900-11-18 03:00:00+01:00;-5.8;28.20646225
1900-11-18 04:00:00+01:00;-5.6;28.54480563
1900-11-18 05:00:00+01:00;-6.3;29.76462846
1900-11-18 06:00:00+01:00;-5.3;30.91997739
1900-11-18 07:00:00+01:00;-5.6;32.21468261
1900-11-18 08:00:00+01:00;-6.1;33.92483399
1900-11-18 09:00:00+01:00;-4.6;33.39390951
1900-11-18 10:00:00+01:00;-3.1;32.88944136
1900-11-18 11:00:00+01:00;-2.5;33.04617271
1900-11-18 12:00:00+01:00;-1;32.10673979
1900-11-18 13:00:00+01:00;-1.5;32.13354854
1900-11-18 14:00:00+01:00;-1.7;32.05720535
1900-11-18 15:00:00+01:00;-2;32.12732545
1900-11-18 16:00:00+01:00;-2.5;32.20960042
1900-11-18 17:00:00+01:00;-3.4;32.46107466
1900-11-18 18:00:00+01:00;-4.3;32.31382361
1900-11-18 19:00:00+01:00;-6.1;32.61723947
1900-11-18 20:00:00+01:00;-6.3;32.14323922
1900-11-18 21:00:00+01:00;-6.6;31.95814773
1900-11-18 22:00:00+01:00;-7.1;31.50767849
1900-11-18 23:00:00+01:00;-8.3;31.80528749
1900-11-19 00:00:00+01:00;-9.6;33.4469901
1900-11-19 01:00:00+01:00;-8.8;33.21003312
1900-11-19 02:00:00+01:00;-8.7;33.51994583
1900-11-19 03:00:00+01:00;-9.3;34.24982599
1900-11-19 04:00:00+01:00;-8.3;35.26989754
1900-11-19 05:00:00+01:00;-6.3;37.3668302
1900-11-19 06:00:00+01:00;-5.6;45.26773833
1900-11-19 07:00:00+01:00;-4.6;53.13139839
1900-11-19 08:00:00+01:00;-3.6;57.10170206
1900-11-19 09:00:00+01:00;-4.8;58.91367209
1900-11-19 10:00:00+01:00;-3;58.15371117
1900-11-19 11:00:00+01:00;-2.4;57.00343656
1900-11-19 12:00:00+01:00;-2.5;56.58630605
1900-11-19 13:00:00+01:00;-2.5;55.73244489
1900-11-19 14:00:00+01:00;-2.5;54.53450457
1900-11-19 15:00:00+01:00;-3;53.1108414
1900-11-19 16:00:00+01:00;-3.3;49.1825997
1900-11-19 17:00:00+01:00;-3.6;45.8558425
1900-11-19 18:00:00+01:00;-4.1;43.49338347
1900-11-19 19:00:00+01:00;-3;40.66487896
1900-11-19 20:00:00+01:00;-3;38.0760823
1900-11-19 21:00:00+01:00;-2.9;35.53818862
1900-11-19 22:00:00+01:00;-2.8;33.5062965
1900-11-19 23:00:00+01:00;-4.3;33.00998166
1900-11-20 00:00:00+01:00;-4.8;31.81098321
1900-11-20 01:00:00+01:00;-4.3;31.44671721
1900-11-20 02:00:00+01:00;-4;31.48329864
1900-11-20 03:00:00+01:00;-4.1;31.77026794
1900-11-20 04:00:00+01:00;-3.5;32.6048378
1900-11-20 05:00:00+01:00;-3.8;35.11408689
1900-11-20 06:00:00+01:00;-3.5;42.62256171
1900-11-20 07:00:00+01:00;-4;50.99049505
1900-11-20 08:00:00+01:00;-4;55.75178484
1900-11-20 09:00:00+01:00;-3.5;56.34266701
1900-11-20 10:00:00+01:00;-4.6;57.65381362
1900-11-20 11:00:00+01:00;-4.6;57.13346485
1900-11-20 12:00:00+01:00;-3.3;55.77151117
1900-11-20 13:00:00+01:00;-3.3;54.95233856
1900-11-20 14:00:00+01:00;-3.5;54.00778814
1900-11-20 15:00:00+01:00;-4.8;53.17201877
1900-11-20 16:00:00+01:00;-4.1;48.43510087
1900-11-20 17:00:00+01:00;-4.6;45.25380078
1900-11-20 18:00:00+01:00;-3.4;42.02531184
1900-11-20 19:00:00+01:00;-2.8;39.59415286
1900-11-20 20:00:00+01:00;-3.9;37.62534214
1900-11-20 21:00:00+01:00;-3.4;35.00288842
1900-11-20 22:00:00+01:00;-3.5;33.18182227
1900-11-20 23:00:00+01:00;-3;32.02412078
1900-11-21 00:00:00+01:00;-3;30.80296082
1900-11-21 01:00:00+01:00;-2.6;30.5551322
1900-11-21 02:00:00+01:00;-2.9;30.86362039
1900-11-21 03:00:00+01:00;-3;31.25367389
1900-11-21 04:00:00+01:00;-3.8;32.65168408
1900-11-21 05:00:00+01:00;-3.4;34.9703325
1900-11-21 06:00:00+01:00;-3.3;42.60202569
1900-11-21 07:00:00+01:00;-5;51.73240487
1900-11-21 08:00:00+01:00;-5.3;56.82838533
1900-11-21 09:00:00+01:00;-4.5;57.29321942
1900-11-21 10:00:00+01:00;-1.7;55.75872799
1900-11-21 11:00:00+01:00;-1.4;54.7609913
1900-11-21 12:00:00+01:00;-1.2;54.04067037
1900-11-21 13:00:00+01:00;-1.5;53.35533675
1900-11-21 14:00:00+01:00;-1.9;52.45977338
1900-11-21 15:00:00+01:00;-1.2;50.07062874
1900-11-21 16:00:00+01:00;-1.7;46.41655126
1900-11-21 17:00:00+01:00;-2.4;43.39215178
1900-11-21 18:00:00+01:00;-2.3;40.8156692
1900-11-21 19:00:00+01:00;-6.8;41.02278271
1900-11-21 20:00:00+01:00;-5.1;37.66456193
1900-11-21 21:00:00+01:00;-6.1;35.6348087
1900-11-21 22:00:00+01:00;-5;33.34908377
1900-11-21 23:00:00+01:00;-2.5;31.46055093
1900-11-22 00:00:00+01:00;-2.1;30.1581947
1900-11-22 01:00:00+01:00;-1.2;29.77578913
1900-11-22 02:00:00+01:00;-1.2;29.97840967
1900-11-22 03:00:00+01:00;-0.8;30.1696607
1900-11-22 04:00:00+01:00;-0.8;31.18344194
1900-11-22 05:00:00+01:00;-0.3;33.12000766
1900-11-22 06:00:00+01:00;-0.5;40.33922283
1900-11-22 07:00:00+01:00;-0.7;48.06849513
1900-11-22 08:00:00+01:00;-0.3;52.04942459
1900-11-22 09:00:00+01:00;-0.3;52.89688138
1900-11-22 10:00:00+01:00;-0.1;53.15319504
1900-11-22 11:00:00+01:00;0;52.40800538
1900-11-22 12:00:00+01:00;0.3;51.66138718
1900-11-22 13:00:00+01:00;0.1;50.94314797
1900-11-22 14:00:00+01:00;0.4;49.53979045
1900-11-22 15:00:00+01:00;0.1;48.03538001
1900-11-22 16:00:00+01:00;-0.3;44.53506955
1900-11-22 17:00:00+01:00;-0.3;41.24761771
1900-11-22 18:00:00+01:00;-1;39.18657752
1900-11-22 19:00:00+01:00;-1.5;37.29414074
1900-11-22 20:00:00+01:00;-2;35.04479051
1900-11-22 21:00:00+01:00;-2.3;32.7204044
1900-11-22 22:00:00+01:00;-2.1;30.7475653
1900-11-22 23:00:00+01:00;-4.8;30.76673199
1900-11-23 00:00:00+01:00;-4.6;29.49051193
1900-11-23 01:00:00+01:00;-7.3;30.31867128
1900-11-23 02:00:00+01:00;-9.5;31.3956378
1900-11-23 03:00:00+01:00;-7.5;31.42693198
1900-11-23 04:00:00+01:00;-11.7;34.21663064
1900-11-23 05:00:00+01:00;-10.7;37.27748489
1900-11-23 06:00:00+01:00;-12;46.80586044
1900-11-23 07:00:00+01:00;-11.2;55.39679273
1900-11-23 08:00:00+01:00;-11.6;61.56592847
1900-11-23 09:00:00+01:00;-8.6;60.76462763
1900-11-23 10:00:00+01:00;-6.1;59.84241574
1900-11-23 11:00:00+01:00;-5.1;58.6873729
1900-11-23 12:00:00+01:00;-4.6;58.01490295
1900-11-23 13:00:00+01:00;-4.1;56.90937544
1900-11-23 14:00:00+01:00;-3.3;55.23229215
1900-11-23 15:00:00+01:00;-3.6;53.7216169
1900-11-23 16:00:00+01:00;-3.5;49.55114416
1900-11-23 17:00:00+01:00;-4;46.41584902
1900-11-23 18:00:00+01:00;-3.5;43.59674533
1900-11-23 19:00:00+01:00;-3.5;41.42709512
1900-11-23 20:00:00+01:00;-3.8;39.07263812
1900-11-23 21:00:00+01:00;-3.1;36.37695081
1900-11-23 22:00:00+01:00;-2.4;34.21879166
1900-11-23 23:00:00+01:00;-1.4;32.91950079
1900-11-24 00:00:00+01:00;-1.2;30.1487331
1900-11-24 01:00:00+01:00;-1.7;29.60929666
1900-11-24 02:00:00+01:00;-1.5;29.36106767
1900-11-24 03:00:00+01:00;-1.4;28.82706514
1900-11-24 04:00:00+01:00;-1.9;29.26180201
1900-11-24 05:00:00+01:00;-2.1;29.8480292
1900-11-24 06:00:00+01:00;-1.5;31.20592659
1900-11-24 07:00:00+01:00;-1.9;32.87269191
1900-11-24 08:00:00+01:00;-1.9;35.07085914
1900-11-24 09:00:00+01:00;-2;36.3990784
1900-11-24 10:00:00+01:00;-2.3;37.47406602
1900-11-24 11:00:00+01:00;-2;37.63068631
1900-11-24 12:00:00+01:00;-1.7;37.24718499
1900-11-24 13:00:00+01:00;-1.5;36.57364454
1900-11-24 14:00:00+01:00;-1;35.5244873
1900-11-24 15:00:00+01:00;-1.5;35.08731357
1900-11-24 16:00:00+01:00;-1;33.92598196
1900-11-24 17:00:00+01:00;-0.7;33.19982778
1900-11-24 18:00:00+01:00;-0.5;31.72614329
1900-11-24 19:00:00+01:00;-0.3;30.32689165
1900-11-24 20:00:00+01:00;0;29.1326574
1900-11-24 21:00:00+01:00;0;28.37327773
1900-11-24 22:00:00+01:00;-0.1;27.6956068
1900-11-24 23:00:00+01:00;-0.3;27.47459501
1900-11-25 00:00:00+01:00;-0.1;26.75357587
1900-11-25 01:00:00+01:00;0;26.24982842
1900-11-25 02:00:00+01:00;0;26.15102855
1900-11-25 03:00:00+01:00;-0.1;25.81108681
1900-11-25 04:00:00+01:00;-0.8;26.41100222
1900-11-25 05:00:00+01:00;-0.6;26.88504015
1900-11-25 06:00:00+01:00;-1;28.40037656
1900-11-25 07:00:00+01:00;-1.2;29.53750106
1900-11-25 08:00:00+01:00;-1;30.57334663
1900-11-25 09:00:00+01:00;-1;30.5466469
1900-11-25 10:00:00+01:00;-1.2;30.70449926
1900-11-25 11:00:00+01:00;-1.2;31.04619175
1900-11-25 12:00:00+01:00;-1;30.81480578
1900-11-25 13:00:00+01:00;-0.7;30.37407284
1900-11-25 14:00:00+01:00;-0.7;30.17970771
1900-11-25 15:00:00+01:00;-0.7;30.05727928
1900-11-25 16:00:00+01:00;-1.2;30.07396472
1900-11-25 17:00:00+01:00;-0.8;29.59608154
1900-11-25 18:00:00+01:00;-0.7;28.91352154
1900-11-25 19:00:00+01:00;-0.6;28.28071156
1900-11-25 20:00:00+01:00;-0.7;27.86137612
1900-11-25 21:00:00+01:00;-0.8;27.65112804
1900-11-25 22:00:00+01:00;-1.5;27.37290664
1900-11-25 23:00:00+01:00;-0.7;27.02051456
1900-11-26 00:00:00+01:00;-2;28.59870232
1900-11-26 01:00:00+01:00;-1.7;28.45430534
1900-11-26 02:00:00+01:00;-0.7;28.40746612
1900-11-26 03:00:00+01:00;-1;28.87667782
1900-11-26 04:00:00+01:00;-1.7;30.18799963
1900-11-26 05:00:00+01:00;-2.5;32.84631884
1900-11-26 06:00:00+01:00;-2.8;40.3413796
1900-11-26 07:00:00+01:00;-2.5;47.97089834
1900-11-26 08:00:00+01:00;-4.3;53.99046757
1900-11-26 09:00:00+01:00;-2.9;54.07670833
1900-11-26 10:00:00+01:00;-2.1;54.07625783
1900-11-26 11:00:00+01:00;-0.5;52.35789969
1900-11-26 12:00:00+01:00;-0.3;51.73902498
1900-11-26 13:00:00+01:00;0;50.69586806
1900-11-26 14:00:00+01:00;-0.3;49.82562648
1900-11-26 15:00:00+01:00;-1.5;49.01636225
1900-11-26 16:00:00+01:00;-2.5;45.74939122
1900-11-26 17:00:00+01:00;-4.3;43.50007629
1900-11-26 18:00:00+01:00;-5.8;41.87340351
1900-11-26 19:00:00+01:00;-6.6;40.30894754
1900-11-26 20:00:00+01:00;-6;37.56158835
1900-11-26 21:00:00+01:00;-8;36.0026867
1900-11-26 22:00:00+01:00;-7.8;34.15804389
1900-11-26 23:00:00+01:00;-10.2;34.12734585
1900-11-27 00:00:00+01:00;-10.2;32.85636099
1900-11-27 01:00:00+01:00;-12.3;33.60449806
1900-11-27 02:00:00+01:00;-12.2;34.124818
1900-11-27 03:00:00+01:00;-9.7;34.10628847
1900-11-27 04:00:00+01:00;-8.2;35.07944148
1900-11-27 05:00:00+01:00;-9;38.46562694
1900-11-27 06:00:00+01:00;-9.7;47.64337761
1900-11-27 07:00:00+01:00;-13.8;59.28423871
1900-11-27 08:00:00+01:00;-14.7;65.94576
1900-11-27 09:00:00+01:00;-13.2;66.21272989
1900-11-27 10:00:00+01:00;-7.6;63.1783444
1900-11-27 11:00:00+01:00;-4.8;60.62487295
1900-11-27 12:00:00+01:00;-4;59.5978696
1900-11-27 13:00:00+01:00;-3.4;58.33320779
1900-11-27 14:00:00+01:00;-5.8;58.99523313
1900-11-27 15:00:00+01:00;-7;58.08076959
1900-11-27 16:00:00+01:00;-8.6;54.54120907
1900-11-27 17:00:00+01:00;-10.3;51.79075585
1900-11-27 18:00:00+01:00;-12.7;50.25224014
1900-11-27 19:00:00+01:00;-11.3;47.16357949
1900-11-27 20:00:00+01:00;-11;44.24782318
1900-11-27 21:00:00+01:00;-10.6;41.37214675
1900-11-27 22:00:00+01:00;-9.2;38.82248612
1900-11-27 23:00:00+01:00;-8;37.34056022
1900-11-28 00:00:00+01:00;-7.5;35.78893475
1900-11-28 01:00:00+01:00;-6.3;35.20111291
1900-11-28 02:00:00+01:00;-5.1;34.96175234
1900-11-28 03:00:00+01:00;-6;35.56883817
1900-11-28 04:00:00+01:00;-5.3;36.5372835
1900-11-28 05:00:00+01:00;-4.3;38.66516224
1900-11-28 06:00:00+01:00;-3.8;46.57643253
1900-11-28 07:00:00+01:00;-2.4;54.0229297
1900-11-28 08:00:00+01:00;-2.6;58.15371617
1900-11-28 09:00:00+01:00;-2;58.34865061
1900-11-28 10:00:00+01:00;-0.6;57.521029
1900-11-28 11:00:00+01:00;-0.1;56.16868379
1900-11-28 12:00:00+01:00;-1.5;56.48354424
1900-11-28 13:00:00+01:00;-1;55.12836489
1900-11-28 14:00:00+01:00;-0.7;53.4583233
1900-11-28 15:00:00+01:00;-3.5;53.60573941
1900-11-28 16:00:00+01:00;-2.6;48.6914471
1900-11-28 17:00:00+01:00;-4.1;45.86385423
1900-11-28 18:00:00+01:00;-4.5;43.21505478
1900-11-28 19:00:00+01:00;-5;41.09207111
1900-11-28 20:00:00+01:00;-4.3;38.02745732
1900-11-28 21:00:00+01:00;-5;35.69614128
1900-11-28 22:00:00+01:00;-5.6;33.9272866
1900-11-28 23:00:00+01:00;-6.8;33.28972114
1900-11-29 00:00:00+01:00;-6.8;31.93188875
1900-11-29 01:00:00+01:00;-7.8;32.14344245
1900-11-29 02:00:00+01:00;-6.5;32.04562148
1900-11-29 03:00:00+01:00;-7.1;32.68015076
1900-11-29 04:00:00+01:00;-6.6;33.76219738
1900-11-29 05:00:00+01:00;-7.6;36.98623172
1900-11-29 06:00:00+01:00;-7.3;45.20484574
1900-11-29 07:00:00+01:00;-6.5;53.35479297
1900-11-29 08:00:00+01:00;-6;58.11211846
1900-11-29 09:00:00+01:00;-5.3;58.73378414
1900-11-29 10:00:00+01:00;-4.1;58.54455962
1900-11-29 11:00:00+01:00;-2.4;56.74273907
1900-11-29 12:00:00+01:00;-2;55.93564844
1900-11-29 13:00:00+01:00;-2.8;55.70273489
1900-11-29 14:00:00+01:00;-3;54.72370141
1900-11-29 15:00:00+01:00;-5;54.38322548
1900-11-29 16:00:00+01:00;-5.1;50.13259536
1900-11-29 17:00:00+01:00;-5.5;46.81249767
1900-11-29 18:00:00+01:00;-7.1;45.01771624
1900-11-29 19:00:00+01:00;-8.2;43.35502217
1900-11-29 20:00:00+01:00;-8;40.62863699
1900-11-29 21:00:00+01:00;-8.2;38.15493
1900-11-29 22:00:00+01:00;-6.3;35.48099835
1900-11-29 23:00:00+01:00;-6.1;34.39712236
1900-11-30 00:00:00+01:00;-7;33.38888271
1900-11-30 01:00:00+01:00;-6.3;33.04132566
1900-11-30 02:00:00+01:00;-8.1;33.87260257
1900-11-30 03:00:00+01:00;-10;34.97207711
1900-11-30 04:00:00+01:00;-9.1;36.04008916
1900-11-30 05:00:00+01:00;-7.3;38.28260805
1900-11-30 06:00:00+01:00;-7.6;46.90811509
1900-11-30 07:00:00+01:00;-7.1;55.35637353
1900-11-30 08:00:00+01:00;-6.8;60.158078
1900-11-30 09:00:00+01:00;-5.5;60.26386131
1900-11-30 10:00:00+01:00;-3.5;59.34345063
1900-11-30 11:00:00+01:00;-2.5;57.88195938
1900-11-30 12:00:00+01:00;-2;56.94312812
1900-11-30 13:00:00+01:00;-1.4;55.5466296
1900-11-30 14:00:00+01:00;-1.4;54.21418143
1900-11-30 15:00:00+01:00;-1;52.0136947
1900-11-30 16:00:00+01:00;-1;48.01111739
1900-11-30 17:00:00+01:00;-1.7;44.88735834
1900-11-30 18:00:00+01:00;-2;42.3527216
1900-11-30 19:00:00+01:00;-2.4;40.2273264
1900-11-30 20:00:00+01:00;-2;37.42119553
1900-11-30 21:00:00+01:00;-2.3;35.03013866
1900-11-30 22:00:00+01:00;-3.7;33.62206943
1900-11-30 23:00:00+01:00;-6.8;33.76594929
1900-12-01 00:00:00+01:00;-7.5;31.49483871
1900-12-01 01:00:00+01:00;-7.7;30.88782374
1900-12-01 02:00:00+01:00;-9.8;31.87598261
1900-12-01 03:00:00+01:00;-11.3;32.22510171
1900-12-01 04:00:00+01:00;-10.2;32.24217611
1900-12-01 05:00:00+01:00;-12.2;34.16097717
1900-12-01 06:00:00+01:00;-9.1;35.07364874
1900-12-01 07:00:00+01:00;-10.6;37.85685071
1900-12-01 08:00:00+01:00;-12.8;41.65348462
1900-12-01 09:00:00+01:00;-11;42.88210558
1900-12-01 10:00:00+01:00;-9;43.208222
1900-12-01 11:00:00+01:00;-7.5;43.04724892
1900-12-01 12:00:00+01:00;-7.6;43.14144116
1900-12-01 13:00:00+01:00;-6.6;42.01065079
1900-12-01 14:00:00+01:00;-6.1;41.04962507
1900-12-01 15:00:00+01:00;-6.3;40.50806997
1900-12-01 16:00:00+01:00;-6.3;39.71715692
1900-12-01 17:00:00+01:00;-6;39.12602716
1900-12-01 18:00:00+01:00;-5.6;37.58551104
1900-12-01 19:00:00+01:00;-5.5;36.34665899
1900-12-01 20:00:00+01:00;-5.3;35.33867647
1900-12-01 21:00:00+01:00;-5.3;34.65245661
1900-12-01 22:00:00+01:00;-4.8;33.7066136
1900-12-01 23:00:00+01:00;-4.5;33.22878848
1900-12-02 00:00:00+01:00;-4.1;32.15104226
1900-12-02 01:00:00+01:00;-4.1;31.61886747
1900-12-02 02:00:00+01:00;-4.1;31.4305818
1900-12-02 03:00:00+01:00;-3.8;30.63122676
1900-12-02 04:00:00+01:00;-3.6;30.85358615
1900-12-02 05:00:00+01:00;-3.6;31.23791954
1900-12-02 06:00:00+01:00;-3.4;32.51193194
1900-12-02 07:00:00+01:00;-2.5;33.12211448
1900-12-02 08:00:00+01:00;-2.5;34.05705021
1900-12-02 09:00:00+01:00;-2;33.54058278
1900-12-02 10:00:00+01:00;-1.2;32.99563619
1900-12-02 11:00:00+01:00;-0.7;32.87752136
1900-12-02 12:00:00+01:00;-1;32.67843184
1900-12-02 13:00:00+01:00;-0.8;32.17572299
1900-12-02 14:00:00+01:00;-0.7;31.74130721
1900-12-02 15:00:00+01:00;-0.5;31.3419618
1900-12-02 16:00:00+01:00;-0.3;30.92535153
1900-12-02 17:00:00+01:00;-0.3;30.53816055
1900-12-02 18:00:00+01:00;-0.3;29.81653277
1900-12-02 19:00:00+01:00;-2;30.02664091
1900-12-02 20:00:00+01:00;-2.1;29.53853826
1900-12-02 21:00:00+01:00;-2.3;29.24558819
1900-12-02 22:00:00+01:00;-3.4;28.97815777
1900-12-02 23:00:00+01:00;-1.9;28.30831235
1900-12-03 00:00:00+01:00;-3;29.70940335
1900-12-03 01:00:00+01:00;-3.1;29.61009988
1900-12-03 02:00:00+01:00;-3.4;29.9086596
1900-12-03 03:00:00+01:00;-5;30.80422988
1900-12-03 04:00:00+01:00;-4.6;31.84830997
1900-12-03 05:00:00+01:00;-4.5;34.37839184
1900-12-03 06:00:00+01:00;-4.8;42.22608772
1900-12-03 07:00:00+01:00;-5.1;50.52482614
1900-12-03 08:00:00+01:00;-5.6;55.87666736
1900-12-03 09:00:00+01:00;-4.6;56.2526568
1900-12-03 10:00:00+01:00;-4;56.47547857
1900-12-03 11:00:00+01:00;-2.3;54.75263112
1900-12-03 12:00:00+01:00;-2.4;54.41828631
1900-12-03 13:00:00+01:00;-1.4;52.87698683
1900-12-03 14:00:00+01:00;-1.4;51.77514784
1900-12-03 15:00:00+01:00;-3.4;51.55599237
1900-12-03 16:00:00+01:00;-3.5;47.55503409
1900-12-03 17:00:00+01:00;-4.6;44.84865757
1900-12-03 18:00:00+01:00;-4;42.0640908
1900-12-03 19:00:00+01:00;-5;40.49367503
1900-12-03 20:00:00+01:00;-4.5;37.76746072
1900-12-03 21:00:00+01:00;-3.6;34.98172684
1900-12-03 22:00:00+01:00;-4.3;33.39093084
1900-12-03 23:00:00+01:00;-3.5;32.1779748
1900-12-04 00:00:00+01:00;-3.4;30.96410729
1900-12-04 01:00:00+01:00;-3.3;30.85275173
1900-12-04 02:00:00+01:00;-2.5;30.84883844
1900-12-04 03:00:00+01:00;-2;31.00402833
1900-12-04 04:00:00+01:00;-1.7;31.95572541
1900-12-04 05:00:00+01:00;-0.3;33.58684833
1900-12-04 06:00:00+01:00;0.4;40.33972547
1900-12-04 07:00:00+01:00;4.4;45.42720194
1900-12-04 08:00:00+01:00;7.4;46.80311054
1900-12-04 09:00:00+01:00;5.5;48.79384021
1900-12-04 10:00:00+01:00;11.2;44.03029593
1900-12-04 11:00:00+01:00;8.9;45.03143111
1900-12-04 12:00:00+01:00;9.6;43.48554708
1900-12-04 13:00:00+01:00;7.8;43.70577641
1900-12-04 14:00:00+01:00;7.7;42.33009121
1900-12-04 15:00:00+01:00;4.7;42.82079725
1900-12-04 16:00:00+01:00;1.3;41.60834352
1900-12-04 17:00:00+01:00;2;37.97139247
1900-12-04 18:00:00+01:00;2;35.58698892
1900-12-04 19:00:00+01:00;1.4;33.89619547
1900-12-04 20:00:00+01:00;1.2;31.61183225
1900-12-04 21:00:00+01:00;0.6;29.55346988
1900-12-04 22:00:00+01:00;0.4;27.77013493
1900-12-04 23:00:00+01:00;-1.5;27.40686953
1900-12-05 00:00:00+01:00;-2;26.34120991
1900-12-05 01:00:00+01:00;-0.8;25.78467956
1900-12-05 02:00:00+01:00;-1.2;26.0454955
1900-12-05 03:00:00+01:00;-3.5;27.10777677
1900-12-05 04:00:00+01:00;-2.9;27.9904039
1900-12-05 05:00:00+01:00;-2.9;30.42098152
1900-12-05 06:00:00+01:00;-3;37.47123484
1900-12-05 07:00:00+01:00;-4.3;45.87501461
1900-12-05 08:00:00+01:00;-5.1;51.84578694
1900-12-05 09:00:00+01:00;-4.1;52.45866218
1900-12-05 10:00:00+01:00;-3.3;53.04831465
1900-12-05 11:00:00+01:00;-2.8;52.68574067
1900-12-05 12:00:00+01:00;-2.3;52.38575521
1900-12-05 13:00:00+01:00;0.1;50.11289245
1900-12-05 14:00:00+01:00;1.6;48.12153756
1900-12-05 15:00:00+01:00;1.8;46.43471283
1900-12-05 16:00:00+01:00;-0.3;44.25697372
1900-12-05 17:00:00+01:00;-0.3;41.11158422
1900-12-05 18:00:00+01:00;1.8;37.68369952
1900-12-05 19:00:00+01:00;4.5;34.37032934
1900-12-05 20:00:00+01:00;4.3;32.2563245
1900-12-05 21:00:00+01:00;2.8;30.73793115
1900-12-05 22:00:00+01:00;2.6;29.01160824
1900-12-05 23:00:00+01:00;3.6;27.70948104
1900-12-06 00:00:00+01:00;4.3;26.40779571
1900-12-06 01:00:00+01:00;3.5;26.47580453
1900-12-06 02:00:00+01:00;2.4;26.92226029
1900-12-06 03:00:00+01:00;2.8;26.94653561
1900-12-06 04:00:00+01:00;3.2;27.64256032
1900-12-06 05:00:00+01:00;3;29.40237754
1900-12-06 06:00:00+01:00;2.2;36.03912244
1900-12-06 07:00:00+01:00;2.1;42.98973654
1900-12-06 08:00:00+01:00;2.3;46.84287769
1900-12-06 09:00:00+01:00;1.5;48.16589227
1900-12-06 10:00:00+01:00;2.7;47.5982066
1900-12-06 11:00:00+01:00;3.4;46.3848086
1900-12-06 12:00:00+01:00;4;45.32765836
1900-12-06 13:00:00+01:00;3;45.24867983
1900-12-06 14:00:00+01:00;2.4;44.72429874
1900-12-06 15:00:00+01:00;1.4;43.89102435
1900-12-06 16:00:00+01:00;-0.1;41.28668827
1900-12-06 17:00:00+01:00;-2.1;39.34360154
1900-12-06 18:00:00+01:00;-3;37.60162252
1900-12-06 19:00:00+01:00;-3.1;35.96360551
1900-12-06 20:00:00+01:00;-3.1;33.73863519
1900-12-06 21:00:00+01:00;-2.8;31.38285825
1900-12-06 22:00:00+01:00;-2.4;29.56058211
1900-12-06 23:00:00+01:00;-2;28.54244526
1900-12-07 00:00:00+01:00;-2.4;27.66087767
1900-12-07 01:00:00+01:00;-2;27.57183611
1900-12-07 02:00:00+01:00;-1.7;27.80385388
1900-12-07 03:00:00+01:00;-0.8;27.99265241
1900-12-07 04:00:00+01:00;-0.5;29.05009966
1900-12-07 05:00:00+01:00;-1;31.53871442
1900-12-07 06:00:00+01:00;-1;38.62518284
1900-12-07 07:00:00+01:00;-1;46.25695526
1900-12-07 08:00:00+01:00;-0.7;50.70721784
1900-12-07 09:00:00+01:00;-0.6;51.70948768
1900-12-07 10:00:00+01:00;-1;52.61457128
1900-12-07 11:00:00+01:00;-0.3;51.7088184
1900-12-07 12:00:00+01:00;-0.1;51.27309711
1900-12-07 13:00:00+01:00;0.1;50.43351958
1900-12-07 14:00:00+01:00;0;49.51076107
1900-12-07 15:00:00+01:00;-0.3;48.09208894
1900-12-07 16:00:00+01:00;-0.5;44.48029036
1900-12-07 17:00:00+01:00;-0.6;41.26247939
1900-12-07 18:00:00+01:00;-2.3;39.71834214
1900-12-07 19:00:00+01:00;-3;38.04052308
1900-12-07 20:00:00+01:00;-2.5;35.35115713
1900-12-07 21:00:00+01:00;-2.5;32.97714502
1900-12-07 22:00:00+01:00;-3.4;31.51259214
1900-12-07 23:00:00+01:00;-5;31.13901911
1900-12-08 00:00:00+01:00;-5.6;28.98922059
1900-12-08 01:00:00+01:00;-3.9;27.78076116
1900-12-08 02:00:00+01:00;-4.6;28.22398566
1900-12-08 03:00:00+01:00;-4.3;27.99448459
1900-12-08 04:00:00+01:00;-3;27.95879409
1900-12-08 05:00:00+01:00;-3;28.79469458
1900-12-08 06:00:00+01:00;-3.3;30.81825181
1900-12-08 07:00:00+01:00;-3.4;32.69987548
1900-12-08 08:00:00+01:00;-3.5;35.23677633
1900-12-08 09:00:00+01:00;-4.1;37.2233547
1900-12-08 10:00:00+01:00;-4;38.34251661
1900-12-08 11:00:00+01:00;-3.5;38.61895047
1900-12-08 12:00:00+01:00;-3;38.2761581
1900-12-08 13:00:00+01:00;-2.4;37.46297563
1900-12-08 14:00:00+01:00;-1.7;36.3762733
1900-12-08 15:00:00+01:00;-2;35.87297325
1900-12-08 16:00:00+01:00;-1.5;34.77284616
1900-12-08 17:00:00+01:00;-1.5;34.32433455
1900-12-08 18:00:00+01:00;-1.2;32.83146878
1900-12-08 19:00:00+01:00;-1.4;31.68670456
1900-12-08 20:00:00+01:00;-1.5;30.74137686
1900-12-08 21:00:00+01:00;-1.2;29.87977086
1900-12-08 22:00:00+01:00;-1.4;29.2163539
1900-12-08 23:00:00+01:00;-1;28.69507885
1900-12-09 00:00:00+01:00;-0.8;27.82358044
1900-12-09 01:00:00+01:00;-0.7;27.28187168
1900-12-09 02:00:00+01:00;-1;27.2320505
1900-12-09 03:00:00+01:00;-1;26.78858301
1900-12-09 04:00:00+01:00;-0.6;26.95846097
1900-12-09 05:00:00+01:00;-0.7;27.50872607
1900-12-09 06:00:00+01:00;-1.5;29.18379315
1900-12-09 07:00:00+01:00;-1.7;30.31498291
1900-12-09 08:00:00+01:00;-3;32.06139371
1900-12-09 09:00:00+01:00;-3.8;32.43720954
1900-12-09 10:00:00+01:00;0.2;30.5037573
1900-12-09 11:00:00+01:00;0.6;30.49221266
1900-12-09 12:00:00+01:00;1.5;29.74082659
1900-12-09 13:00:00+01:00;1.4;29.50889673
1900-12-09 14:00:00+01:00;0.1;29.93515162
1900-12-09 15:00:00+01:00;-0.3;29.99444878
1900-12-09 16:00:00+01:00;0;29.56153292
1900-12-09 17:00:00+01:00;0.7;28.8783224
1900-12-09 18:00:00+01:00;0.6;28.28723874
1900-12-09 19:00:00+01:00;0.7;27.64918224
1900-12-09 20:00:00+01:00;-0.3;27.63462648
1900-12-09 21:00:00+01:00;-1.9;27.99017314
1900-12-09 22:00:00+01:00;-2;27.45938283
1900-12-09 23:00:00+01:00;1.6;26.15110063
1900-12-10 00:00:00+01:00;1.9;27.12564662
1900-12-10 01:00:00+01:00;1.7;27.04758679
1900-12-10 02:00:00+01:00;0.3;27.6404326
1900-12-10 03:00:00+01:00;1.7;27.4885422
1900-12-10 04:00:00+01:00;0.8;28.74470625
1900-12-10 05:00:00+01:00;0;31.10445777
1900-12-10 06:00:00+01:00;-2.3;39.1681801
1900-12-10 07:00:00+01:00;1.3;44.52667876
1900-12-10 08:00:00+01:00;0.6;49.18726536
1900-12-10 09:00:00+01:00;0.1;50.36709803
1900-12-10 10:00:00+01:00;0.8;50.35309857
1900-12-10 11:00:00+01:00;0.7;49.89362737
1900-12-10 12:00:00+01:00;-1.7;51.35274875
1900-12-10 13:00:00+01:00;-2.6;51.39126272
1900-12-10 14:00:00+01:00;-2.9;50.75165005
1900-12-10 15:00:00+01:00;-3.3;49.36542958
1900-12-10 16:00:00+01:00;-2.4;44.78799564
1900-12-10 17:00:00+01:00;-0.6;40.56456847
1900-12-10 18:00:00+01:00;-3.1;39.57673591
1900-12-10 19:00:00+01:00;0.5;35.84189344
1900-12-10 20:00:00+01:00;1.5;33.06620368
1900-12-10 21:00:00+01:00;0.1;31.38558175
1900-12-10 22:00:00+01:00;0.4;29.43249653
1900-12-10 23:00:00+01:00;0.4;28.55792954
1900-12-11 00:00:00+01:00;0.1;27.6329063
1900-12-11 01:00:00+01:00;-0.1;27.65234291
1900-12-11 02:00:00+01:00;0.2;27.78958437
1900-12-11 03:00:00+01:00;-0.3;28.33796177
1900-12-11 04:00:00+01:00;-1.2;29.72546628
1900-12-11 05:00:00+01:00;-1.2;31.99962551
1900-12-11 06:00:00+01:00;-2;39.46773958
1900-12-11 07:00:00+01:00;-2;47.22576221
1900-12-11 08:00:00+01:00;-3;52.67484253
1900-12-11 09:00:00+01:00;-2.8;53.61585311
1900-12-11 10:00:00+01:00;-5.6;56.31213015
1900-12-11 11:00:00+01:00;-5.3;55.84600443
1900-12-11 12:00:00+01:00;-3.6;54.31648088
1900-12-11 13:00:00+01:00;-5.6;55.08681429
1900-12-11 14:00:00+01:00;-6.3;54.73192335
1900-12-11 15:00:00+01:00;-7;53.45262547
1900-12-11 16:00:00+01:00;-7.3;49.16540975
1900-12-11 17:00:00+01:00;-8;46.17534613
1900-12-11 18:00:00+01:00;-10;44.68917671
1900-12-11 19:00:00+01:00;-10;42.72758855
1900-12-11 20:00:00+01:00;-11.1;40.75344659
1900-12-11 21:00:00+01:00;-8.7;37.26831948
1900-12-11 22:00:00+01:00;-7.8;35.17807102
1900-12-11 23:00:00+01:00;-6.8;33.94952326
1900-12-12 00:00:00+01:00;-6.3;32.64468594
1900-12-12 01:00:00+01:00;-6.1;32.64775047
1900-12-12 02:00:00+01:00;-5.8;32.99039406
1900-12-12 03:00:00+01:00;-5;33.31442492
1900-12-12 04:00:00+01:00;-5;34.62997828
1900-12-12 05:00:00+01:00;-1.2;35.73728694
1900-12-12 06:00:00+01:00;-1.7;43.69380713
1900-12-12 07:00:00+01:00;-1.4;51.78827564
1900-12-12 08:00:00+01:00;-1.2;55.99490479
1900-12-12 09:00:00+01:00;-0.7;56.61609966
1900-12-12 10:00:00+01:00;-1.7;57.5523818
1900-12-12 11:00:00+01:00;-1.5;56.50850576
1900-12-12 12:00:00+01:00;-2;56.25178862
1900-12-12 13:00:00+01:00;-2.1;55.3175552
1900-12-12 14:00:00+01:00;-2.9;54.58804663
1900-12-12 15:00:00+01:00;-3;52.71029884
1900-12-12 16:00:00+01:00;-4.1;49.13652035
1900-12-12 17:00:00+01:00;-5.3;46.19536794
1900-12-12 18:00:00+01:00;-5.5;43.51848293
1900-12-12 19:00:00+01:00;-7.6;42.26272233
1900-12-12 20:00:00+01:00;-6.5;38.96394664
1900-12-12 21:00:00+01:00;-7.3;36.67974754
1900-12-12 22:00:00+01:00;-8.3;35.13019489
1900-12-12 23:00:00+01:00;-8.5;34.14485425
1900-12-13 00:00:00+01:00;-9.7;33.19020263
1900-12-13 01:00:00+01:00;-9.1;32.95406706
1900-12-13 02:00:00+01:00;-9.7;33.47857807
1900-12-13 03:00:00+01:00;-7.6;33.38522673
1900-12-13 04:00:00+01:00;-9.6;35.36084553
1900-12-13 05:00:00+01:00;-10.8;39.11398977
1900-12-13 06:00:00+01:00;-15.6;50.85080299
1900-12-13 07:00:00+01:00;-10.3;57.34038114
1900-12-13 08:00:00+01:00;-13;64.93142833
1900-12-13 09:00:00+01:00;-11.5;65.24181549
1900-12-13 10:00:00+01:00;-9;64.37635241
1900-12-13 11:00:00+01:00;-9.2;64.09657779
1900-12-13 12:00:00+01:00;-7.3;62.39766585
1900-12-13 13:00:00+01:00;-7;61.39896056
1900-12-13 14:00:00+01:00;-8.2;61.19657392
1900-12-13 15:00:00+01:00;-7.3;58.64744878
1900-12-13 16:00:00+01:00;-8.2;54.58896837
1900-12-13 17:00:00+01:00;-8.1;50.77488026
1900-12-13 18:00:00+01:00;-8.6;48.24318287
1900-12-13 19:00:00+01:00;-8.3;45.66544802
1900-12-13 20:00:00+01:00;-6.6;42.14036554
1900-12-13 21:00:00+01:00;-5.5;39.08031067
1900-12-13 22:00:00+01:00;-5.1;36.87337584
1900-12-13 23:00:00+01:00;-5.1;35.89056771
1900-12-14 00:00:00+01:00;-4.6;34.39257278
1900-12-14 01:00:00+01:00;-2.6;33.57773522
1900-12-14 02:00:00+01:00;0;32.86277019
1900-12-14 03:00:00+01:00;2.7;32.16046014
1900-12-14 04:00:00+01:00;2.9;32.87087168
1900-12-14 05:00:00+01:00;3.1;34.33065815
1900-12-14 06:00:00+01:00;4;40.43809204
1900-12-14 07:00:00+01:00;6;46.48523355
1900-12-14 08:00:00+01:00;5.3;49.96036768
1900-12-14 09:00:00+01:00;4.6;50.90584864
1900-12-14 10:00:00+01:00;3.9;51.23058102
1900-12-14 11:00:00+01:00;3.4;50.37492854
1900-12-14 12:00:00+01:00;2.9;49.82531742
1900-12-14 13:00:00+01:00;4.1;47.75275745
1900-12-14 14:00:00+01:00;3;47.05761263
1900-12-14 15:00:00+01:00;2.1;45.82422431
1900-12-14 16:00:00+01:00;1.8;42.26749366
1900-12-14 17:00:00+01:00;2.2;38.6672816
1900-12-14 18:00:00+01:00;1.3;36.60305277
1900-12-14 19:00:00+01:00;-0.5;35.40208393
1900-12-14 20:00:00+01:00;-2;33.62210901
1900-12-14 21:00:00+01:00;-3.3;31.73894244
1900-12-14 22:00:00+01:00;-3.5;29.96244193
1900-12-14 23:00:00+01:00;-3.8;28.96648769
1900-12-15 00:00:00+01:00;-5.8;27.33768227
1900-12-15 01:00:00+01:00;-6.6;26.97716199
1900-12-15 02:00:00+01:00;-6.1;27.16930879
1900-12-15 03:00:00+01:00;-6.1;27.27412885
1900-12-15 04:00:00+01:00;-6.1;27.76878396
1900-12-15 05:00:00+01:00;-6.1;28.91155267
1900-12-15 06:00:00+01:00;-5.8;30.90760844
1900-12-15 07:00:00+01:00;-8.2;34.21040968
1900-12-15 08:00:00+01:00;-6.8;36.2927173
1900-12-15 09:00:00+01:00;-6;37.97032849
1900-12-15 10:00:00+01:00;-5.3;39.00069131
1900-12-15 11:00:00+01:00;-4.6;39.34091253
1900-12-15 12:00:00+01:00;-3.5;38.73835653
1900-12-15 13:00:00+01:00;-2.5;37.78830159
1900-12-15 14:00:00+01:00;-4.3;38.34114465
1900-12-15 15:00:00+01:00;-4.8;38.10212204
1900-12-15 16:00:00+01:00;-4.5;37.17624543
1900-12-15 17:00:00+01:00;-5.6;37.47988259
1900-12-15 18:00:00+01:00;-6.5;36.71115704
1900-12-15 19:00:00+01:00;-7.1;35.80656676
1900-12-15 20:00:00+01:00;-8.5;35.32358054
1900-12-15 21:00:00+01:00;-8.8;34.64591952
1900-12-15 22:00:00+01:00;-9.3;34.07605788
1900-12-15 23:00:00+01:00;-10.7;34.25875482
1900-12-16 00:00:00+01:00;-12.1;34.27681763
1900-12-16 01:00:00+01:00;-11.6;33.56116391
1900-12-16 02:00:00+01:00;-11.2;33.54001806
1900-12-16 03:00:00+01:00;-13.7;34.6287025
1900-12-16 04:00:00+01:00;-11.7;34.31425202
1900-12-16 05:00:00+01:00;-9.5;34.3778767
1900-12-16 06:00:00+01:00;-8.2;35.47993306
1900-12-16 07:00:00+01:00;-7;36.10231858
1900-12-16 08:00:00+01:00;-6.3;37.16807541
1900-12-16 09:00:00+01:00;-6.3;37.13088052
1900-12-16 10:00:00+01:00;-6.1;37.16155142
1900-12-16 11:00:00+01:00;-6;37.59025322
1900-12-16 12:00:00+01:00;-5.8;37.31857796
1900-12-16 13:00:00+01:00;-5.1;36.61172353
1900-12-16 14:00:00+01:00;-5.1;36.34381503
1900-12-16 15:00:00+01:00;-4;35.54400306
1900-12-16 16:00:00+01:00;-3.5;35.11528414
1900-12-16 17:00:00+01:00;-2.6;34.2935025
1900-12-16 18:00:00+01:00;-2;33.27633383
1900-12-16 19:00:00+01:00;1;31.2268293
1900-12-16 20:00:00+01:00;1;31.07388163
1900-12-16 21:00:00+01:00;1;30.68857933
1900-12-16 22:00:00+01:00;1.1;29.76887039
1900-12-16 23:00:00+01:00;1.1;29.70692553
1900-12-17 00:00:00+01:00;0.7;30.48102781
1900-12-17 01:00:00+01:00;1;30.01059263
1900-12-17 02:00:00+01:00;0.3;30.16353969
1900-12-17 03:00:00+01:00;-0.7;30.45896466
1900-12-17 04:00:00+01:00;-1.4;31.48578411
1900-12-17 05:00:00+01:00;-1.5;33.56888747
1900-12-17 06:00:00+01:00;-1.5;40.68967559
1900-12-17 07:00:00+01:00;-1.2;48.10905598
1900-12-17 08:00:00+01:00;-1.5;52.6336651
1900-12-17 09:00:00+01:00;-1.5;53.43931701
1900-12-17 10:00:00+01:00;-1;53.38328006
1900-12-17 11:00:00+01:00;-1;52.61918268
1900-12-17 12:00:00+01:00;-1;52.0183601
1900-12-17 13:00:00+01:00;-1;51.08846299
1900-12-17 14:00:00+01:00;-1;49.91456136
1900-12-17 15:00:00+01:00;-1.4;48.40606504
1900-12-17 16:00:00+01:00;-1.9;44.77353589
1900-12-17 17:00:00+01:00;-1.4;41.19367807
1900-12-17 18:00:00+01:00;-1.7;38.94327379
1900-12-17 19:00:00+01:00;-2;37.19498856
1900-12-17 20:00:00+01:00;-2.5;35.10350516
1900-12-17 21:00:00+01:00;-3;33.0395967
1900-12-17 22:00:00+01:00;-2.8;31.22986316
1900-12-17 23:00:00+01:00;-2.5;30.23406391
1900-12-18 00:00:00+01:00;-2;28.97765788
1900-12-18 01:00:00+01:00;-2.5;29.12182519
1900-12-18 02:00:00+01:00;-2.8;29.52284597
1900-12-18 03:00:00+01:00;-2.8;29.96022409
1900-12-18 04:00:00+01:00;-3.4;31.3102776
1900-12-18 05:00:00+01:00;-3.5;33.84724372
1900-12-18 06:00:00+01:00;-3.5;41.41811139
1900-12-18 07:00:00+01:00;-3;49.11011895
1900-12-18 08:00:00+01:00;-3.6;54.28738069
1900-12-18 09:00:00+01:00;-3.3;55.12457277
1900-12-18 10:00:00+01:00;-3.5;55.86705122
1900-12-18 11:00:00+01:00;-4.3;55.98604459
1900-12-18 12:00:00+01:00;-4;55.46372882
1900-12-18 13:00:00+01:00;-4.8;55.35729223
1900-12-18 14:00:00+01:00;-5;54.5785545
1900-12-18 15:00:00+01:00;-5.3;53.0473275
1900-12-18 16:00:00+01:00;-4;47.93719834
1900-12-18 17:00:00+01:00;-3.6;44.32694442
1900-12-18 18:00:00+01:00;-5.3;42.73799623
1900-12-18 19:00:00+01:00;-6;41.01988609
1900-12-18 20:00:00+01:00;-7.1;39.0085852
1900-12-18 21:00:00+01:00;-7.8;36.82085079
1900-12-18 22:00:00+01:00;-9.2;35.56713505
1900-12-18 23:00:00+01:00;-7.8;34.10026224
1900-12-19 00:00:00+01:00;-9.8;33.53974405
1900-12-19 01:00:00+01:00;-13.7;34.84547504
1900-12-19 02:00:00+01:00;-14.3;35.57866344
1900-12-19 03:00:00+01:00;-12.3;35.7583155
1900-12-19 04:00:00+01:00;-14;37.90162145
1900-12-19 05:00:00+01:00;-17.5;43.08608571
1900-12-19 06:00:00+01:00;-15.1;52.05897384
1900-12-19 07:00:00+01:00;-13.3;60.83991902
1900-12-19 08:00:00+01:00;-15.7;68.48296945
1900-12-19 09:00:00+01:00;-15.3;69.56133597
1900-12-19 10:00:00+01:00;-12.6;68.66600809
1900-12-19 11:00:00+01:00;-12;67.79958846
1900-12-19 12:00:00+01:00;-10.2;66.19371404
1900-12-19 13:00:00+01:00;-8.8;64.31559616
1900-12-19 14:00:00+01:00;-8.7;63.02449645
1900-12-19 15:00:00+01:00;-8;60.53192011
1900-12-19 16:00:00+01:00;-8.7;56.2658232
1900-12-19 17:00:00+01:00;-9;52.66183186
1900-12-19 18:00:00+01:00;-7.8;49.16656356
1900-12-19 19:00:00+01:00;-8.1;46.85950347
1900-12-19 20:00:00+01:00;-6.8;43.48483752
1900-12-19 21:00:00+01:00;-5.8;40.4433227
1900-12-19 22:00:00+01:00;-5.5;38.231767
1900-12-19 23:00:00+01:00;-5.3;37.23393457
1900-12-20 00:00:00+01:00;-4.3;35.58790678
1900-12-20 01:00:00+01:00;-3.8;35.13957046
1900-12-20 02:00:00+01:00;-2.9;34.88604612
1900-12-20 03:00:00+01:00;-1.9;34.72402629
1900-12-20 04:00:00+01:00;-0.7;35.19205909
1900-12-20 05:00:00+01:00;-1.4;37.26694017
1900-12-20 06:00:00+01:00;-1.7;44.94299419
1900-12-20 07:00:00+01:00;-1.5;52.84568749
1900-12-20 08:00:00+01:00;-0.5;55.96797819
1900-12-20 09:00:00+01:00;-0.6;56.5140248
1900-12-20 10:00:00+01:00;-0.6;56.4501909
1900-12-20 11:00:00+01:00;-0.6;55.26769046
1900-12-20 12:00:00+01:00;0;53.91318732
1900-12-20 13:00:00+01:00;0.5;52.3642705
1900-12-20 14:00:00+01:00;0;51.25111316
1900-12-20 15:00:00+01:00;1.7;48.00881558
1900-12-20 16:00:00+01:00;1.9;44.06233675
1900-12-20 17:00:00+01:00;-0.3;41.84498214
1900-12-20 18:00:00+01:00;-3;40.67186404
1900-12-20 19:00:00+01:00;-2;37.96243823
1900-12-20 20:00:00+01:00;1.6;33.74419782
1900-12-20 21:00:00+01:00;-3;33.29914686
1900-12-20 22:00:00+01:00;-3.5;31.59654081
1900-12-20 23:00:00+01:00;-3.5;30.54177194
1900-12-21 00:00:00+01:00;-3.3;29.23137808
1900-12-21 01:00:00+01:00;-2.9;28.97746427
1900-12-21 02:00:00+01:00;-3.8;29.48427546
1900-12-21 03:00:00+01:00;-3.5;29.82409581
1900-12-21 04:00:00+01:00;-1;30.16176509
1900-12-21 05:00:00+01:00;-2;32.80388874
1900-12-21 06:00:00+01:00;-2.4;40.27965984
1900-12-21 07:00:00+01:00;0.2;46.44541997
1900-12-21 08:00:00+01:00;-2.5;52.75749759
1900-12-21 09:00:00+01:00;-2.5;53.80490144
1900-12-21 10:00:00+01:00;-1.5;53.65898271
1900-12-21 11:00:00+01:00;-0.3;52.22659259
1900-12-21 12:00:00+01:00;-1.2;52.47386576
1900-12-21 13:00:00+01:00;-0.3;51.04078555
1900-12-21 14:00:00+01:00;-1.4;50.82875199
1900-12-21 15:00:00+01:00;-1.5;49.26357212
1900-12-21 16:00:00+01:00;-1;45.1560002
1900-12-21 17:00:00+01:00;-0.6;41.6794516
1900-12-21 18:00:00+01:00;0.6;38.57146005
1900-12-21 19:00:00+01:00;2.8;35.41193794
1900-12-21 20:00:00+01:00;6.4;31.50598831
1900-12-21 21:00:00+01:00;6;29.47464621
1900-12-21 22:00:00+01:00;3.8;28.42045691
1900-12-21 23:00:00+01:00;4.2;27.28966869
1900-12-22 00:00:00+01:00;2;25.46206551
1900-12-22 01:00:00+01:00;3;24.43400797
1900-12-22 02:00:00+01:00;3.8;23.90651233
1900-12-22 03:00:00+01:00;0.3;24.8707484
1900-12-22 04:00:00+01:00;2.2;24.44521459
1900-12-22 05:00:00+01:00;1.8;25.13474364
1900-12-22 06:00:00+01:00;5.6;24.95591651
1900-12-22 07:00:00+01:00;4.9;26.56612943
1900-12-22 08:00:00+01:00;4.9;28.49872481
1900-12-22 09:00:00+01:00;5.2;29.38256767
1900-12-22 10:00:00+01:00;8.2;28.33940229
1900-12-22 11:00:00+01:00;7.3;28.81327982
1900-12-22 12:00:00+01:00;6.2;29.1094409
1900-12-22 13:00:00+01:00;8.4;27.43720108
1900-12-22 14:00:00+01:00;8.6;26.33153021
1900-12-22 15:00:00+01:00;8;25.83812885
1900-12-22 16:00:00+01:00;7.6;25.30656182
1900-12-22 17:00:00+01:00;6.6;25.34667228
1900-12-22 18:00:00+01:00;6.8;23.95545724
1900-12-22 19:00:00+01:00;8.1;22.02700703
1900-12-22 20:00:00+01:00;7.1;21.70047718
1900-12-22 21:00:00+01:00;3.4;22.72122818
1900-12-22 22:00:00+01:00;5.4;21.36545529
1900-12-22 23:00:00+01:00;3.2;21.95702573
1900-12-23 00:00:00+01:00;0.9;22.42933682
1900-12-23 01:00:00+01:00;5.9;20.20233755
1900-12-23 02:00:00+01:00;1.9;21.50081581
1900-12-23 03:00:00+01:00;1.1;21.7425473
1900-12-23 04:00:00+01:00;1.2;21.94711206
1900-12-23 05:00:00+01:00;2.7;21.94397019
1900-12-23 06:00:00+01:00;0.2;24.33939185
1900-12-23 07:00:00+01:00;-1;25.8961178
1900-12-23 08:00:00+01:00;-0.7;27.05411465
1900-12-23 09:00:00+01:00;-2.1;27.9775252
1900-12-23 10:00:00+01:00;-1.2;27.96578014
1900-12-23 11:00:00+01:00;-1;28.47908893
1900-12-23 12:00:00+01:00;-0.7;28.47829666
1900-12-23 13:00:00+01:00;-0.5;28.31791366
1900-12-23 14:00:00+01:00;-0.1;28.18498558
1900-12-23 15:00:00+01:00;0;28.24238107
1900-12-23 16:00:00+01:00;0.9;27.58874833
1900-12-23 17:00:00+01:00;0;27.95396078
1900-12-23 18:00:00+01:00;1.4;26.71648027
1900-12-23 19:00:00+01:00;2.8;25.59867823
1900-12-23 20:00:00+01:00;3.7;24.95873898
1900-12-23 21:00:00+01:00;6.4;23.71899555
1900-12-23 22:00:00+01:00;5.7;23.57645834
1900-12-23 23:00:00+01:00;7;23.22451435
1900-12-24 00:00:00+01:00;6.3;24.47061032
1900-12-24 01:00:00+01:00;5.7;24.60302937
1900-12-24 02:00:00+01:00;5.6;24.74244162
1900-12-24 03:00:00+01:00;5;25.09167512
1900-12-24 04:00:00+01:00;5;25.9183229
1900-12-24 05:00:00+01:00;5.7;27.23777475
1900-12-24 06:00:00+01:00;5.8;32.88547313
1900-12-24 07:00:00+01:00;5.8;39.31717844
1900-12-24 08:00:00+01:00;6.9;42.22525176
1900-12-24 09:00:00+01:00;6.7;43.06468837
1900-12-24 10:00:00+01:00;5.5;44.05486403
1900-12-24 11:00:00+01:00;6.1;42.90495621
1900-12-24 12:00:00+01:00;4.8;43.27287317
1900-12-24 13:00:00+01:00;4.8;42.41979482
1900-12-24 14:00:00+01:00;4.6;41.52393752
1900-12-24 15:00:00+01:00;4.5;39.98276902
1900-12-24 16:00:00+01:00;5.6;36.12415598
1900-12-24 17:00:00+01:00;4.4;33.91935693
1900-12-24 18:00:00+01:00;4.7;31.65570199
1900-12-24 19:00:00+01:00;5;29.84599974
1900-12-24 20:00:00+01:00;4.7;27.93129681
1900-12-24 21:00:00+01:00;4.5;26.04927277
1900-12-24 22:00:00+01:00;5.1;24.19967064
1900-12-24 23:00:00+01:00;5.2;23.33442551
1900-12-25 00:00:00+01:00;5.4;22.38148276
1900-12-25 01:00:00+01:00;5.2;22.36102557
1900-12-25 02:00:00+01:00;4.1;22.89015878
1900-12-25 03:00:00+01:00;3.8;23.28596136
1900-12-25 04:00:00+01:00;3.1;24.45405201
1900-12-25 05:00:00+01:00;2.5;26.60559428
1900-12-25 06:00:00+01:00;2.4;32.7218338
1900-12-25 07:00:00+01:00;0.8;40.48309139
1900-12-25 08:00:00+01:00;1.7;44.57704969
1900-12-25 09:00:00+01:00;1;46.23500013
1900-12-25 10:00:00+01:00;1;46.94922547
1900-12-25 11:00:00+01:00;2.6;45.58120396
1900-12-25 12:00:00+01:00;3.6;44.56416896
1900-12-25 13:00:00+01:00;3.5;43.99768784
1900-12-25 14:00:00+01:00;3;43.51656777
1900-12-25 15:00:00+01:00;2.4;42.4787811
1900-12-25 16:00:00+01:00;1.7;39.66617266
1900-12-25 17:00:00+01:00;1.6;36.83393768
1900-12-25 18:00:00+01:00;0.7;35.22610925
1900-12-25 19:00:00+01:00;1.8;32.99983644
1900-12-25 20:00:00+01:00;0.9;31.30350981
1900-12-25 21:00:00+01:00;2;28.74205184
1900-12-25 22:00:00+01:00;1;27.51309933
1900-12-25 23:00:00+01:00;2.6;26.08301107
1900-12-26 00:00:00+01:00;3.3;24.93077164
1900-12-26 01:00:00+01:00;2.3;25.21837549
1900-12-26 02:00:00+01:00;2;25.560802
1900-12-26 03:00:00+01:00;1.5;26.08543828
1900-12-26 04:00:00+01:00;0.8;27.350811
1900-12-26 05:00:00+01:00;0.5;29.57342253
1900-12-26 06:00:00+01:00;-0.5;36.74996086
1900-12-26 07:00:00+01:00;-0.3;43.89855749
1900-12-26 08:00:00+01:00;0;48.29004569
1900-12-26 09:00:00+01:00;0;49.30313669
1900-12-26 10:00:00+01:00;-0.1;49.92920747
1900-12-26 11:00:00+01:00;0;49.50050419
1900-12-26 12:00:00+01:00;0;49.26835856
1900-12-26 13:00:00+01:00;0.1;48.5738822
1900-12-26 14:00:00+01:00;0.3;47.54446666
1900-12-26 15:00:00+01:00;0.5;45.80697939
1900-12-26 16:00:00+01:00;0.4;42.28882327
1900-12-26 17:00:00+01:00;-0.1;39.49786136
1900-12-26 18:00:00+01:00;1.4;36.41322797
1900-12-26 19:00:00+01:00;2.1;34.21533236
1900-12-26 20:00:00+01:00;2;32.02741955
1900-12-26 21:00:00+01:00;4;29.04018434
1900-12-26 22:00:00+01:00;2.3;27.94538394
1900-12-26 23:00:00+01:00;2.6;26.96895505
1900-12-27 00:00:00+01:00;2.5;26.03804396
1900-12-27 01:00:00+01:00;2.5;25.9541547
1900-12-27 02:00:00+01:00;1.9;26.34212916
1900-12-27 03:00:00+01:00;1.2;26.8778129
1900-12-27 04:00:00+01:00;0.2;28.2095521
1900-12-27 05:00:00+01:00;-2.5;31.47222178
1900-12-27 06:00:00+01:00;-2.1;38.36303072
1900-12-27 07:00:00+01:00;-2.4;46.07356907
1900-12-27 08:00:00+01:00;-3;51.31008943
1900-12-27 09:00:00+01:00;-3.1;52.44405855
1900-12-27 10:00:00+01:00;-4.1;53.84052082
1900-12-27 11:00:00+01:00;-3.9;53.41336094
1900-12-27 12:00:00+01:00;-3;52.53654982
1900-12-27 13:00:00+01:00;-3.6;52.34073637
1900-12-27 14:00:00+01:00;-3.4;51.35370415
1900-12-27 15:00:00+01:00;-5.1;50.96619242
1900-12-27 16:00:00+01:00;-6.1;47.40218625
1900-12-27 17:00:00+01:00;-7.5;44.89571704
1900-12-27 18:00:00+01:00;-7.8;42.67357132
1900-12-27 19:00:00+01:00;-9.2;41.50911605
1900-12-27 20:00:00+01:00;-9.5;39.20558157
1900-12-27 21:00:00+01:00;-9.6;36.90567706
1900-12-27 22:00:00+01:00;-8.7;34.88788856
1900-12-27 23:00:00+01:00;-9.2;34.2479771
1900-12-28 00:00:00+01:00;-8.7;32.95921986
1900-12-28 01:00:00+01:00;-8.6;33.10223131
1900-12-28 02:00:00+01:00;-7.3;33.23324118
1900-12-28 03:00:00+01:00;-6.8;33.75136302
1900-12-28 04:00:00+01:00;-6.6;35.11262397
1900-12-28 05:00:00+01:00;-4.8;37.21605108
1900-12-28 06:00:00+01:00;-5.6;45.89749378
1900-12-28 07:00:00+01:00;-3.9;53.55149522
1900-12-28 08:00:00+01:00;-5;59.03305459
1900-12-28 09:00:00+01:00;-4.6;59.81706177
1900-12-28 10:00:00+01:00;-4.3;60.07829047
1900-12-28 11:00:00+01:00;-4.1;59.19673449
1900-12-28 12:00:00+01:00;-3.4;58.15144905
1900-12-28 13:00:00+01:00;-3.3;57.15622823
1900-12-28 14:00:00+01:00;-3.5;56.05301943
1900-12-28 15:00:00+01:00;-3.1;53.84317893
1900-12-28 16:00:00+01:00;-3;49.5366844
1900-12-28 17:00:00+01:00;-3.9;46.41483813
1900-12-28 18:00:00+01:00;-4.1;43.77482228
1900-12-28 19:00:00+01:00;-4.3;41.51049345
1900-12-28 20:00:00+01:00;-4;38.67037337
1900-12-28 21:00:00+01:00;-3.8;35.99090075
1900-12-28 22:00:00+01:00;-4;34.04606108
1900-12-28 23:00:00+01:00;-5.3;33.44805383
1900-12-29 00:00:00+01:00;-7.5;31.6414827
1900-12-29 01:00:00+01:00;-7.6;30.94211707
1900-12-29 02:00:00+01:00;-10;32.05869831
1900-12-29 03:00:00+01:00;-12.7;32.95675505
1900-12-29 04:00:00+01:00;-20.9;36.62576975
1900-12-29 05:00:00+01:00;-16.4;36.53076875
1900-12-29 06:00:00+01:00;-18.4;40.02087117
1900-12-29 07:00:00+01:00;-14.7;40.989992
1900-12-29 08:00:00+01:00;-10.1;41.79739004
1900-12-29 09:00:00+01:00;-8;42.59057237
1900-12-29 10:00:00+01:00;-7.1;43.31031629
1900-12-29 11:00:00+01:00;-6.8;43.65956883
1900-12-29 12:00:00+01:00;-6.3;43.30936548
1900-12-29 13:00:00+01:00;-7.3;43.31607042
1900-12-29 14:00:00+01:00;-8;43.00568574
1900-12-29 15:00:00+01:00;-9.8;43.50211359
1900-12-29 16:00:00+01:00;-11.7;43.88652715
1900-12-29 17:00:00+01:00;-17;46.72421087
1900-12-29 18:00:00+01:00;-13.5;43.18260394
1900-12-29 19:00:00+01:00;-17.7;44.15787644
1900-12-29 20:00:00+01:00;-16.7;42.28319262
1900-12-29 21:00:00+01:00;-13.2;39.96408555
1900-12-29 22:00:00+01:00;-12.5;38.91013921
1900-12-29 23:00:00+01:00;-10.6;37.91169208
1900-12-30 00:00:00+01:00;-10.5;37.0399043
1900-12-30 01:00:00+01:00;-11.2;36.81300687
1900-12-30 02:00:00+01:00;-10.7;36.65022835
1900-12-30 03:00:00+01:00;-8.2;35.13771249
1900-12-30 04:00:00+01:00;-6.1;34.50260062
1900-12-30 05:00:00+01:00;-6.3;34.94106861
1900-12-30 06:00:00+01:00;-5.6;35.94869434
1900-12-30 07:00:00+01:00;-6;37.16118969
1900-12-30 08:00:00+01:00;-7.1;38.93001965
1900-12-30 09:00:00+01:00;-7.8;39.1795117
1900-12-30 10:00:00+01:00;-6.3;38.53055604
1900-12-30 11:00:00+01:00;-7;39.33400215
1900-12-30 12:00:00+01:00;-7.6;39.43788517
1900-12-30 13:00:00+01:00;-6.6;38.45045736
1900-12-30 14:00:00+01:00;-8.6;39.23659852
1900-12-30 15:00:00+01:00;-6.8;38.03016288
1900-12-30 16:00:00+01:00;-5.6;37.1012235
1900-12-30 17:00:00+01:00;-5.1;36.29130841
1900-12-30 18:00:00+01:00;-5.1;35.45379204
1900-12-30 19:00:00+01:00;-5.3;34.74138443
1900-12-30 20:00:00+01:00;-4.8;33.93634406
1900-12-30 21:00:00+01:00;-4.8;33.41715188
1900-12-30 22:00:00+01:00;-4.5;32.35556391
1900-12-30 23:00:00+01:00;-4.6;32.24927033
1900-12-31 00:00:00+01:00;-4.8;33.13191402
1900-12-31 01:00:00+01:00;-4.6;32.81746113
1900-12-31 02:00:00+01:00;-4.6;32.92367033
1900-12-31 03:00:00+01:00;-4.6;33.24336758
1900-12-31 04:00:00+01:00;-4.6;34.40136967
1900-12-31 05:00:00+01:00;-4.6;36.92837018
1900-12-31 06:00:00+01:00;-4.1;44.70764633
1900-12-31 07:00:00+01:00;-4.3;53.17552908
1900-12-31 08:00:00+01:00;-3.1;56.91449069
1900-12-31 09:00:00+01:00;-2.6;57.38558596
1900-12-31 10:00:00+01:00;-1.7;57.03226044
1900-12-31 11:00:00+01:00;0.8;54.23629598
1900-12-31 12:00:00+01:00;1.2;53.04920188
1900-12-31 13:00:00+01:00;1.5;51.68479866
1900-12-31 14:00:00+01:00;1.5;50.12775325
1900-12-31 15:00:00+01:00;0.3;49.10538835
1900-12-31 16:00:00+01:00;0.6;45.05349182
1900-12-31 17:00:00+01:00;-0.6;42.34483277
1900-12-31 18:00:00+01:00;-2.5;40.80585299
1900-12-31 19:00:00+01:00;-3;38.91262499
1900-12-31 20:00:00+01:00;-2.5;36.1626125
1900-12-31 21:00:00+01:00;-2.1;33.56478568
1900-12-31 22:00:00+01:00;-1.7;31.5037392
1900-12-31 23:00:00+01:00;-1.1;30.27524402
