TimeStamp;Tout;ElImp
1900-01-01 00:00:00+01:00;-0.8;23.87939721
1900-01-01 01:00:00+01:00;-0.7;22.21399407
1900-01-01 02:00:00+01:00;-0.3;21.62434385
1900-01-01 03:00:00+01:00;-0.3;21.5549884
1900-01-01 04:00:00+01:00;-0.8;21.91502111
1900-01-01 05:00:00+01:00;-0.5;23.24539232
1900-01-01 06:00:00+01:00;-0.7;29.6108231
1900-01-01 07:00:00+01:00;-0.6;34.46883734
1900-01-01 08:00:00+01:00;-0.7;29.92344266
1900-01-01 09:00:00+01:00;-1.2;30.70090126
1900-01-01 10:00:00+01:00;-1.7;30.12182483
1900-01-01 11:00:00+01:00;-1.9;28.95610663
1900-01-01 12:00:00+01:00;-2.4;28.92521481
1900-01-01 13:00:00+01:00;-2.3;28.47769394
1900-01-01 14:00:00+01:00;-2;29.00159338
1900-01-01 15:00:00+01:00;-0.3;28.72404512
1900-01-01 16:00:00+01:00;0;31.90914641
1900-01-01 17:00:00+01:00;0.2;33.7056815
1900-01-01 18:00:00+01:00;0.7;33.64063265
1900-01-01 19:00:00+01:00;1.1;33.39176771
1900-01-01 20:00:00+01:00;1.3;33.5028479
1900-01-01 21:00:00+01:00;1.6;31.99076509
1900-01-01 22:00:00+01:00;1.8;29.28137906
1900-01-01 23:00:00+01:00;2;26.84808898
1900-01-02 00:00:00+01:00;2.6;22.4269517
1900-01-02 01:00:00+01:00;3.1;20.74799724
1900-01-02 02:00:00+01:00;3.2;20.1249906
1900-01-02 03:00:00+01:00;2.7;20.06992681
1900-01-02 04:00:00+01:00;2.9;20.04196348
1900-01-02 05:00:00+01:00;3;21.3459173
1900-01-02 06:00:00+01:00;3.4;27.72017005
1900-01-02 07:00:00+01:00;3.3;31.4636706
1900-01-02 08:00:00+01:00;3;27.67425549
1900-01-02 09:00:00+01:00;2.6;28.2912518
1900-01-02 10:00:00+01:00;2.5;27.17016881
1900-01-02 11:00:00+01:00;2.7;25.8173327
1900-01-02 12:00:00+01:00;2.6;25.17214854
1900-01-02 13:00:00+01:00;2;24.99832143
1900-01-02 14:00:00+01:00;1.8;25.56294188
1900-01-02 15:00:00+01:00;2.3;26.22497479
1900-01-02 16:00:00+01:00;3.4;28.69371102
1900-01-02 17:00:00+01:00;3.5;30.3575751
1900-01-02 18:00:00+01:00;2.5;31.0909373
1900-01-02 19:00:00+01:00;1.7;31.50042081
1900-01-02 20:00:00+01:00;2.1;31.16298202
1900-01-02 21:00:00+01:00;2;29.82958461
1900-01-02 22:00:00+01:00;2.1;27.27711888
1900-01-02 23:00:00+01:00;2.1;24.78662573
1900-01-03 00:00:00+01:00;1.9;20.87357252
1900-01-03 01:00:00+01:00;2.2;19.11983564
1900-01-03 02:00:00+01:00;1.6;18.85412626
1900-01-03 03:00:00+01:00;1.7;18.80488018
1900-01-03 04:00:00+01:00;1.6;19.16213202
1900-01-03 05:00:00+01:00;1.3;20.68417126
1900-01-03 06:00:00+01:00;1;26.8222786
1900-01-03 07:00:00+01:00;1.4;31.56671515
1900-01-03 08:00:00+01:00;1.5;27.42999411
1900-01-03 09:00:00+01:00;1.6;27.88713836
1900-01-03 10:00:00+01:00;1.4;27.14582599
1900-01-03 11:00:00+01:00;1.1;26.18668127
1900-01-03 12:00:00+01:00;1.2;25.76890097
1900-01-03 13:00:00+01:00;0.9;25.56449265
1900-01-03 14:00:00+01:00;1.2;26.0063183
1900-01-03 15:00:00+01:00;1;27.08663899
1900-01-03 16:00:00+01:00;0.6;30.56361575
1900-01-03 17:00:00+01:00;0.3;32.55118354
1900-01-03 18:00:00+01:00;0.6;32.62113197
1900-01-03 19:00:00+01:00;0.5;32.69189821
1900-01-03 20:00:00+01:00;0.6;32.52061476
1900-01-03 21:00:00+01:00;0.4;31.21191779
1900-01-03 22:00:00+01:00;0;28.83650277
1900-01-03 23:00:00+01:00;-0.3;26.48812958
1900-01-04 00:00:00+01:00;-0.1;22.53850343
1900-01-04 01:00:00+01:00;0;20.85363007
1900-01-04 02:00:00+01:00;0.3;20.34478664
1900-01-04 03:00:00+01:00;0.3;20.33729628
1900-01-04 04:00:00+01:00;0.3;20.6399546
1900-01-04 05:00:00+01:00;0.1;22.13807346
1900-01-04 06:00:00+01:00;0.2;28.30476644
1900-01-04 07:00:00+01:00;0.1;33.25493902
1900-01-04 08:00:00+01:00;0.7;28.67432639
1900-01-04 09:00:00+01:00;-0.1;29.51477696
1900-01-04 10:00:00+01:00;-0.3;28.84157861
1900-01-04 11:00:00+01:00;-1;27.95895272
1900-01-04 12:00:00+01:00;-0.3;27.34959088
1900-01-04 13:00:00+01:00;-1;27.31619862
1900-01-04 14:00:00+01:00;-1.2;28.09179141
1900-01-04 15:00:00+01:00;-1.2;28.89162584
1900-01-04 16:00:00+01:00;-4.3;34.08394874
1900-01-04 17:00:00+01:00;-3.5;35.48833454
1900-01-04 18:00:00+01:00;-3;35.44599439
1900-01-04 19:00:00+01:00;-5.5;36.89685514
1900-01-04 20:00:00+01:00;-2.1;34.89591765
1900-01-04 21:00:00+01:00;-0.7;32.92625284
1900-01-04 22:00:00+01:00;2.9;29.06677138
1900-01-04 23:00:00+01:00;3.5;26.5561391
1900-01-05 00:00:00+01:00;3.8;22.22681248
1900-01-05 01:00:00+01:00;4.3;20.64019125
1900-01-05 02:00:00+01:00;4.2;20.04719825
1900-01-05 03:00:00+01:00;3.8;19.93167608
1900-01-05 04:00:00+01:00;4;19.84264271
1900-01-05 05:00:00+01:00;4.8;20.91203882
1900-01-05 06:00:00+01:00;4.6;27.6598671
1900-01-05 07:00:00+01:00;4.4;31.00843628
1900-01-05 08:00:00+01:00;4.9;27.17902832
1900-01-05 09:00:00+01:00;4.6;27.83934617
1900-01-05 10:00:00+01:00;4.7;26.38207079
1900-01-05 11:00:00+01:00;5;24.93868615
1900-01-05 12:00:00+01:00;5.2;23.91720423
1900-01-05 13:00:00+01:00;5.6;23.2325175
1900-01-05 14:00:00+01:00;5.8;23.35368784
1900-01-05 15:00:00+01:00;6.7;23.6414316
1900-01-05 16:00:00+01:00;5.7;27.08970875
1900-01-05 17:00:00+01:00;6;28.53063687
1900-01-05 18:00:00+01:00;7;28.06515006
1900-01-05 19:00:00+01:00;10.7;25.76209331
1900-01-05 20:00:00+01:00;7.9;27.48296888
1900-01-05 21:00:00+01:00;6.5;26.67625244
1900-01-05 22:00:00+01:00;6.4;24.21254152
1900-01-05 23:00:00+01:00;5.5;21.9538583
1900-01-06 00:00:00+01:00;5.4;19.5624668
1900-01-06 01:00:00+01:00;3.4;17.98011184
1900-01-06 02:00:00+01:00;1.8;17.81674457
1900-01-06 03:00:00+01:00;1.5;17.32830158
1900-01-06 04:00:00+01:00;2.8;16.82053697
1900-01-06 05:00:00+01:00;1.3;17.62115173
1900-01-06 06:00:00+01:00;0.5;19.11948806
1900-01-06 07:00:00+01:00;0.4;21.12839846
1900-01-06 08:00:00+01:00;-1;26.33159449
1900-01-06 09:00:00+01:00;-1.5;30.67884378
1900-01-06 10:00:00+01:00;2.2;30.64286797
1900-01-06 11:00:00+01:00;2.4;30.86918071
1900-01-06 12:00:00+01:00;2.5;29.72005746
1900-01-06 13:00:00+01:00;3.6;28.03723875
1900-01-06 14:00:00+01:00;5.1;26.76123273
1900-01-06 15:00:00+01:00;4;28.02862502
1900-01-06 16:00:00+01:00;3.7;28.78554598
1900-01-06 17:00:00+01:00;5.3;28.87068659
1900-01-06 18:00:00+01:00;5;29.17602305
1900-01-06 19:00:00+01:00;3.9;29.67032378
1900-01-06 20:00:00+01:00;3.7;29.31294389
1900-01-06 21:00:00+01:00;4.1;27.47502397
1900-01-06 22:00:00+01:00;3.6;25.30289148
1900-01-06 23:00:00+01:00;1.1;24.23807773
1900-01-07 00:00:00+01:00;2;22.49440001
1900-01-07 01:00:00+01:00;2.3;20.28229775
1900-01-07 02:00:00+01:00;2;19.44823736
1900-01-07 03:00:00+01:00;1.7;19.08476982
1900-01-07 04:00:00+01:00;2.1;18.8754452
1900-01-07 05:00:00+01:00;2;19.08382516
1900-01-07 06:00:00+01:00;1.1;20.88406703
1900-01-07 07:00:00+01:00;1.9;22.08169622
1900-01-07 08:00:00+01:00;0.5;26.83788351
1900-01-07 09:00:00+01:00;0.8;30.94792367
1900-01-07 10:00:00+01:00;1.1;32.02344183
1900-01-07 11:00:00+01:00;1.7;31.99769855
1900-01-07 12:00:00+01:00;2.4;30.33427302
1900-01-07 13:00:00+01:00;3;28.94446339
1900-01-07 14:00:00+01:00;1.8;29.27343001
1900-01-07 15:00:00+01:00;1.4;30.09905638
1900-01-07 16:00:00+01:00;0.8;31.04865191
1900-01-07 17:00:00+01:00;1.3;31.79475643
1900-01-07 18:00:00+01:00;-0.3;32.79999347
1900-01-07 19:00:00+01:00;-2.5;33.58366693
1900-01-07 20:00:00+01:00;-4.5;33.63706886
1900-01-07 21:00:00+01:00;-5;31.80398864
1900-01-07 22:00:00+01:00;-4.6;29.28863532
1900-01-07 23:00:00+01:00;-7.3;28.05148257
1900-01-08 00:00:00+01:00;-7.6;25.63973483
1900-01-08 01:00:00+01:00;-6.6;23.48264948
1900-01-08 02:00:00+01:00;-5.1;22.85641308
1900-01-08 03:00:00+01:00;-8;23.93631824
1900-01-08 04:00:00+01:00;-7.8;24.67414004
1900-01-08 05:00:00+01:00;-8.8;26.65960344
1900-01-08 06:00:00+01:00;-8;32.29328408
1900-01-08 07:00:00+01:00;-3.4;37.16372827
1900-01-08 08:00:00+01:00;-3.5;32.15736266
1900-01-08 09:00:00+01:00;-3.5;33.04276941
1900-01-08 10:00:00+01:00;-3.4;32.40387653
1900-01-08 11:00:00+01:00;-2;30.55283846
1900-01-08 12:00:00+01:00;0;29.18890792
1900-01-08 13:00:00+01:00;0.2;28.68345548
1900-01-08 14:00:00+01:00;-0.1;29.31705526
1900-01-08 15:00:00+01:00;-2.5;30.88556685
1900-01-08 16:00:00+01:00;-5.3;36.13883874
1900-01-08 17:00:00+01:00;-6;38.6671418
1900-01-08 18:00:00+01:00;-8.6;40.38043861
1900-01-08 19:00:00+01:00;-8.8;40.61008593
1900-01-08 20:00:00+01:00;-8.7;40.03770186
1900-01-08 21:00:00+01:00;-8.7;38.32438668
1900-01-08 22:00:00+01:00;-8.6;35.6003358
1900-01-08 23:00:00+01:00;-9.1;33.29004855
1900-01-09 00:00:00+01:00;-8.6;29.40462502
1900-01-09 01:00:00+01:00;-8.2;27.52275108
1900-01-09 02:00:00+01:00;-8;27.05334076
1900-01-09 03:00:00+01:00;-8.2;27.13128904
1900-01-09 04:00:00+01:00;-8.3;27.48978671
1900-01-09 05:00:00+01:00;-8.7;29.0660793
1900-01-09 06:00:00+01:00;-8.7;35.26571345
1900-01-09 07:00:00+01:00;-8.5;41.94900627
1900-01-09 08:00:00+01:00;-8.2;35.79542132
1900-01-09 09:00:00+01:00;-8.3;36.87267637
1900-01-09 10:00:00+01:00;-7.6;36.23911003
1900-01-09 11:00:00+01:00;-6.6;34.3773655
1900-01-09 12:00:00+01:00;-5.6;33.77341951
1900-01-09 13:00:00+01:00;-5.1;33.09018256
1900-01-09 14:00:00+01:00;-5.8;34.14206726
1900-01-09 15:00:00+01:00;-5.8;33.98370352
1900-01-09 16:00:00+01:00;-5.5;37.62347213
1900-01-09 17:00:00+01:00;-6;40.13680856
1900-01-09 18:00:00+01:00;-6;40.28987109
1900-01-09 19:00:00+01:00;-5.6;40.01379237
1900-01-09 20:00:00+01:00;-5.5;40.07813002
1900-01-09 21:00:00+01:00;-5;38.19280401
1900-01-09 22:00:00+01:00;-4.6;35.17469696
1900-01-09 23:00:00+01:00;-5;32.95471844
1900-01-10 00:00:00+01:00;-5.3;29.01803172
1900-01-10 01:00:00+01:00;-6.3;27.69287928
1900-01-10 02:00:00+01:00;-7.6;27.48636755
1900-01-10 03:00:00+01:00;-8;27.59162266
1900-01-10 04:00:00+01:00;-8.1;27.88437348
1900-01-10 05:00:00+01:00;-7.8;29.23901702
1900-01-10 06:00:00+01:00;-7.8;35.63842135
1900-01-10 07:00:00+01:00;-8.2;42.05782937
1900-01-10 08:00:00+01:00;-8.1;35.89171839
1900-01-10 09:00:00+01:00;-7.3;36.57776108
1900-01-10 10:00:00+01:00;-7;35.85126227
1900-01-10 11:00:00+01:00;-7;34.27831518
1900-01-10 12:00:00+01:00;-6.3;33.77636118
1900-01-10 13:00:00+01:00;-6.6;33.39882554
1900-01-10 14:00:00+01:00;-6.1;33.81481276
1900-01-10 15:00:00+01:00;-7;34.27910139
1900-01-10 16:00:00+01:00;-6.5;37.79005557
1900-01-10 17:00:00+01:00;-6;39.66000827
1900-01-10 18:00:00+01:00;-4.8;39.18573828
1900-01-10 19:00:00+01:00;-3.8;38.61429902
1900-01-10 20:00:00+01:00;-4.5;39.17555756
1900-01-10 21:00:00+01:00;-4;37.39971242
1900-01-10 22:00:00+01:00;-3.9;34.5871372
1900-01-10 23:00:00+01:00;-3.8;32.30350158
1900-01-11 00:00:00+01:00;-4;28.35194414
1900-01-11 01:00:00+01:00;-3.5;26.69191857
1900-01-11 02:00:00+01:00;-4;26.18229795
1900-01-11 03:00:00+01:00;-3.3;25.81008537
1900-01-11 04:00:00+01:00;-3.5;25.84559212
1900-01-11 05:00:00+01:00;-3.5;27.21704497
1900-01-11 06:00:00+01:00;-4.6;34.10908088
1900-01-11 07:00:00+01:00;-3.6;38.85073883
1900-01-11 08:00:00+01:00;-4.1;33.68868642
1900-01-11 09:00:00+01:00;-3.5;34.3561911
1900-01-11 10:00:00+01:00;-3.1;33.21326727
1900-01-11 11:00:00+01:00;-3;31.5782198
1900-01-11 12:00:00+01:00;-2.8;30.96885587
1900-01-11 13:00:00+01:00;-2.4;30.19144578
1900-01-11 14:00:00+01:00;-2.4;30.6643683
1900-01-11 15:00:00+01:00;-2;30.58758269
1900-01-11 16:00:00+01:00;-1.7;33.87570614
1900-01-11 17:00:00+01:00;-1.9;35.96310145
1900-01-11 18:00:00+01:00;-1.4;35.84782386
1900-01-11 19:00:00+01:00;-1.9;36.07487059
1900-01-11 20:00:00+01:00;-2.5;36.38161247
1900-01-11 21:00:00+01:00;-2.5;34.82224306
1900-01-11 22:00:00+01:00;-2.9;32.2506761
1900-01-11 23:00:00+01:00;-3;29.8749175
1900-01-12 00:00:00+01:00;-3.1;25.95285809
1900-01-12 01:00:00+01:00;-3.1;24.29773746
1900-01-12 02:00:00+01:00;-4.1;24.055016
1900-01-12 03:00:00+01:00;-4.5;24.18179914
1900-01-12 04:00:00+01:00;-4.1;24.36580348
1900-01-12 05:00:00+01:00;-3.9;25.75274705
1900-01-12 06:00:00+01:00;-3.5;31.94773801
1900-01-12 07:00:00+01:00;-3.3;37.27749618
1900-01-12 08:00:00+01:00;-3.4;32.16195946
1900-01-12 09:00:00+01:00;-3.6;32.97790773
1900-01-12 10:00:00+01:00;-4.3;32.5713852
1900-01-12 11:00:00+01:00;-3;30.68798758
1900-01-12 12:00:00+01:00;-2.8;30.25627218
1900-01-12 13:00:00+01:00;-2.6;29.69154635
1900-01-12 14:00:00+01:00;-3.1;30.56203879
1900-01-12 15:00:00+01:00;-4.3;31.63157905
1900-01-12 16:00:00+01:00;-3;34.4614732
1900-01-12 17:00:00+01:00;-3;36.4789295
1900-01-12 18:00:00+01:00;-3;36.70706196
1900-01-12 19:00:00+01:00;-3;36.7252718
1900-01-12 20:00:00+01:00;-3;36.71841929
1900-01-12 21:00:00+01:00;-2.6;35.04315726
1900-01-12 22:00:00+01:00;-2.9;32.45645072
1900-01-12 23:00:00+01:00;-2.5;29.9707581
1900-01-13 00:00:00+01:00;-3;27.82710721
1900-01-13 01:00:00+01:00;-2;25.2821657
1900-01-13 02:00:00+01:00;-2.4;24.2875747
1900-01-13 03:00:00+01:00;-2.5;23.93111596
1900-01-13 04:00:00+01:00;-2.5;23.7954713
1900-01-13 05:00:00+01:00;-2.1;23.85979671
1900-01-13 06:00:00+01:00;-2.5;25.86542557
1900-01-13 07:00:00+01:00;-2.4;27.10140381
1900-01-13 08:00:00+01:00;-1.5;30.89201764
1900-01-13 09:00:00+01:00;-2;35.63541311
1900-01-13 10:00:00+01:00;-1.7;36.5985361
1900-01-13 11:00:00+01:00;-0.7;36.13056408
1900-01-13 12:00:00+01:00;-0.8;34.44793692
1900-01-13 13:00:00+01:00;-0.6;33.28285517
1900-01-13 14:00:00+01:00;-1.2;32.95531229
1900-01-13 15:00:00+01:00;-1.2;33.47751829
1900-01-13 16:00:00+01:00;-2.5;34.87470367
1900-01-13 17:00:00+01:00;-3;36.21439154
1900-01-13 18:00:00+01:00;-2.6;36.08213163
1900-01-13 19:00:00+01:00;-2.5;35.68624969
1900-01-13 20:00:00+01:00;-3.1;35.25075498
1900-01-13 21:00:00+01:00;-2.5;33.04384507
1900-01-13 22:00:00+01:00;-2.9;30.44023847
1900-01-13 23:00:00+01:00;-3;28.59354466
1900-01-14 00:00:00+01:00;-9.1;28.61130221
1900-01-14 01:00:00+01:00;-9.2;26.83886984
1900-01-14 02:00:00+01:00;-10.2;26.83850793
1900-01-14 03:00:00+01:00;-9.7;26.11517904
1900-01-14 04:00:00+01:00;-9;25.83390191
1900-01-14 05:00:00+01:00;-7.8;26.1346154
1900-01-14 06:00:00+01:00;-6.1;27.38055249
1900-01-14 07:00:00+01:00;-5;28.72217465
1900-01-14 08:00:00+01:00;-4.3;32.83535209
1900-01-14 09:00:00+01:00;-3.6;37.19736231
1900-01-14 10:00:00+01:00;-0.3;37.08107823
1900-01-14 11:00:00+01:00;-0.3;36.84006335
1900-01-14 12:00:00+01:00;-0.7;35.13393368
1900-01-14 13:00:00+01:00;-1.2;34.48033096
1900-01-14 14:00:00+01:00;-0.6;33.31925517
1900-01-14 15:00:00+01:00;-1.2;34.28335853
1900-01-14 16:00:00+01:00;-2;35.45448685
1900-01-14 17:00:00+01:00;-1;36.03374421
1900-01-14 18:00:00+01:00;-1.4;36.42301515
1900-01-14 19:00:00+01:00;-1.4;36.21519246
1900-01-14 20:00:00+01:00;-1.7;35.84529635
1900-01-14 21:00:00+01:00;-1;33.73730026
1900-01-14 22:00:00+01:00;-2.3;31.32750655
1900-01-14 23:00:00+01:00;-1.7;29.39840087
1900-01-15 00:00:00+01:00;-1.5;25.78598978
1900-01-15 01:00:00+01:00;-1.4;24.04286421
1900-01-15 02:00:00+01:00;-1.4;23.27930146
1900-01-15 03:00:00+01:00;-1;22.86520855
1900-01-15 04:00:00+01:00;-0.6;22.68228638
1900-01-15 05:00:00+01:00;0;23.73360989
1900-01-15 06:00:00+01:00;0;30.11884496
1900-01-15 07:00:00+01:00;-0.6;34.83807129
1900-01-15 08:00:00+01:00;0.3;29.86422509
1900-01-15 09:00:00+01:00;0.6;30.38885286
1900-01-15 10:00:00+01:00;0.5;29.39978867
1900-01-15 11:00:00+01:00;0.6;28.05092898
1900-01-15 12:00:00+01:00;0.7;27.43106293
1900-01-15 13:00:00+01:00;1;26.82196245
1900-01-15 14:00:00+01:00;0.9;27.34089036
1900-01-15 15:00:00+01:00;1;27.85820277
1900-01-15 16:00:00+01:00;1;31.12535466
1900-01-15 17:00:00+01:00;1.3;32.82524147
1900-01-15 18:00:00+01:00;0.9;33.22659844
1900-01-15 19:00:00+01:00;0.9;33.17639246
1900-01-15 20:00:00+01:00;1.5;32.97008907
1900-01-15 21:00:00+01:00;1.9;31.40498176
1900-01-15 22:00:00+01:00;1.5;28.87584498
1900-01-15 23:00:00+01:00;1.5;26.41604547
1900-01-16 00:00:00+01:00;1.4;22.34555709
1900-01-16 01:00:00+01:00;1.6;20.62345574
1900-01-16 02:00:00+01:00;1.5;20.08318371
1900-01-16 03:00:00+01:00;1.2;20.03284971
1900-01-16 04:00:00+01:00;1.2;20.21784919
1900-01-16 05:00:00+01:00;1.2;21.5923288
1900-01-16 06:00:00+01:00;1.4;27.75628719
1900-01-16 07:00:00+01:00;1.4;32.23954145
1900-01-16 08:00:00+01:00;1.3;28.08697599
1900-01-16 09:00:00+01:00;1.1;28.66309493
1900-01-16 10:00:00+01:00;1;27.81911289
1900-01-16 11:00:00+01:00;1.2;26.56741205
1900-01-16 12:00:00+01:00;1.2;26.0986369
1900-01-16 13:00:00+01:00;1;25.81230326
1900-01-16 14:00:00+01:00;1;26.37275428
1900-01-16 15:00:00+01:00;0.7;27.42057788
1900-01-16 16:00:00+01:00;0.3;30.89508243
1900-01-16 17:00:00+01:00;0.2;32.75395074
1900-01-16 18:00:00+01:00;0.5;32.79743815
1900-01-16 19:00:00+01:00;0.2;32.96577481
1900-01-16 20:00:00+01:00;-0.3;33.02471618
1900-01-16 21:00:00+01:00;0;31.51324952
1900-01-16 22:00:00+01:00;-0.3;29.08795992
1900-01-16 23:00:00+01:00;-0.8;26.79409246
1900-01-17 00:00:00+01:00;-0.8;22.92691829
1900-01-17 01:00:00+01:00;-1;21.29804013
1900-01-17 02:00:00+01:00;-0.5;20.76093012
1900-01-17 03:00:00+01:00;-1.2;20.97987734
1900-01-17 04:00:00+01:00;-1.5;21.46302053
1900-01-17 05:00:00+01:00;-2.3;23.20109417
1900-01-17 06:00:00+01:00;-2.1;29.20938984
1900-01-17 07:00:00+01:00;-2;34.77422257
1900-01-17 08:00:00+01:00;-2;30.0201141
1900-01-17 09:00:00+01:00;-2.1;30.69078858
1900-01-17 10:00:00+01:00;-1.5;29.88977933
1900-01-17 11:00:00+01:00;-2;28.90952464
1900-01-17 12:00:00+01:00;-2.9;29.15557041
1900-01-17 13:00:00+01:00;-3.4;29.05028248
1900-01-17 14:00:00+01:00;-3;29.6218998
1900-01-17 15:00:00+01:00;-2.1;29.8070942
1900-01-17 16:00:00+01:00;-1.5;32.90940015
1900-01-17 17:00:00+01:00;-2.6;35.47901037
1900-01-17 18:00:00+01:00;-2.8;35.8323638
1900-01-17 19:00:00+01:00;-2.8;35.88688572
1900-01-17 20:00:00+01:00;-3;35.81516418
1900-01-17 21:00:00+01:00;-3;34.33119207
1900-01-17 22:00:00+01:00;-3.4;31.87807626
1900-01-17 23:00:00+01:00;-5;29.97809264
1900-01-18 00:00:00+01:00;-5.1;26.2890546
1900-01-18 01:00:00+01:00;-4;24.28430141
1900-01-18 02:00:00+01:00;-4.5;24.03681767
1900-01-18 03:00:00+01:00;-4.3;24.06528004
1900-01-18 04:00:00+01:00;-3.4;24.12266615
1900-01-18 05:00:00+01:00;-4.8;26.06070286
1900-01-18 06:00:00+01:00;-7.1;32.80647438
1900-01-18 07:00:00+01:00;-5.6;38.74155308
1900-01-18 08:00:00+01:00;-4.8;32.98493918
1900-01-18 09:00:00+01:00;-5;33.89108055
1900-01-18 10:00:00+01:00;-4.8;33.29876185
1900-01-18 11:00:00+01:00;-3.3;31.32376602
1900-01-18 12:00:00+01:00;-4.6;31.6175558
1900-01-18 13:00:00+01:00;-3.3;30.50027204
1900-01-18 14:00:00+01:00;-4.8;31.91792824
1900-01-18 15:00:00+01:00;-7.5;33.76513306
1900-01-18 16:00:00+01:00;-9;38.42261682
1900-01-18 17:00:00+01:00;-8.3;40.09415503
1900-01-18 18:00:00+01:00;-8.2;40.27599649
1900-01-18 19:00:00+01:00;-7.3;39.88178904
1900-01-18 20:00:00+01:00;-6.3;39.18489611
1900-01-18 21:00:00+01:00;-6.3;37.58356474
1900-01-18 22:00:00+01:00;-6.6;34.99332164
1900-01-18 23:00:00+01:00;-6.1;32.48474687
1900-01-19 00:00:00+01:00;-7.3;29.05164515
1900-01-19 01:00:00+01:00;-6.5;27.19715992
1900-01-19 02:00:00+01:00;-6.8;26.82654861
1900-01-19 03:00:00+01:00;-7.1;26.98447119
1900-01-19 04:00:00+01:00;-7.5;27.47169542
1900-01-19 05:00:00+01:00;-7.8;29.11403904
1900-01-19 06:00:00+01:00;-7.6;35.49257121
1900-01-19 07:00:00+01:00;-7.3;41.571984
1900-01-19 08:00:00+01:00;-7.1;35.61943254
1900-01-19 09:00:00+01:00;-7.1;36.66046456
1900-01-19 10:00:00+01:00;-7.1;36.08702215
1900-01-19 11:00:00+01:00;-6.6;34.3773655
1900-01-19 12:00:00+01:00;-6.1;33.92189437
1900-01-19 13:00:00+01:00;-6.1;33.42286498
1900-01-19 14:00:00+01:00;-5.8;33.91609085
1900-01-19 15:00:00+01:00;-5.6;33.64362535
1900-01-19 16:00:00+01:00;-6.1;37.65484349
1900-01-19 17:00:00+01:00;-6.1;39.78424367
1900-01-19 18:00:00+01:00;-5.1;39.38067543
1900-01-19 19:00:00+01:00;-5.8;39.72547917
1900-01-19 20:00:00+01:00;-5.6;39.66140703
1900-01-19 21:00:00+01:00;-6.3;38.26080622
1900-01-19 22:00:00+01:00;-6.6;35.56849887
1900-01-19 23:00:00+01:00;-6.8;33.30287161
1900-01-20 00:00:00+01:00;-7;31.06565048
1900-01-20 01:00:00+01:00;-6.8;28.77138175
1900-01-20 02:00:00+01:00;-7.8;28.12329381
1900-01-20 03:00:00+01:00;-7.6;27.66233485
1900-01-20 04:00:00+01:00;-7.3;27.44222153
1900-01-20 05:00:00+01:00;-7.8;27.93562676
1900-01-20 06:00:00+01:00;-7.3;29.67713024
1900-01-20 07:00:00+01:00;-7.6;31.24210327
1900-01-20 08:00:00+01:00;-7.1;35.40174718
1900-01-20 09:00:00+01:00;-7;39.93834327
1900-01-20 10:00:00+01:00;-6.6;41.0598074
1900-01-20 11:00:00+01:00;-6.3;41.21966355
1900-01-20 12:00:00+01:00;-6.3;39.47183735
1900-01-20 13:00:00+01:00;-5.8;38.06680488
1900-01-20 14:00:00+01:00;-4.6;36.64926953
1900-01-20 15:00:00+01:00;-5;37.46415037
1900-01-20 16:00:00+01:00;-5.1;38.23929223
1900-01-20 17:00:00+01:00;-6;39.93126963
1900-01-20 18:00:00+01:00;-5.5;39.83299747
1900-01-20 19:00:00+01:00;-5.3;39.43194
1900-01-20 20:00:00+01:00;-5.3;38.83958721
1900-01-20 21:00:00+01:00;-5.8;37.01263289
1900-01-20 22:00:00+01:00;-6.1;34.1130267
1900-01-20 23:00:00+01:00;-5.3;32.0678717
1900-01-21 00:00:00+01:00;-5.6;30.54063651
1900-01-21 01:00:00+01:00;-5.6;28.2233668
1900-01-21 02:00:00+01:00;-5.8;27.17124057
1900-01-21 03:00:00+01:00;-6.3;26.94370698
1900-01-21 04:00:00+01:00;-6.8;26.94324264
1900-01-21 05:00:00+01:00;-6.6;27.18612988
1900-01-21 06:00:00+01:00;-5.8;28.87624814
1900-01-21 07:00:00+01:00;-6.3;30.34947781
1900-01-21 08:00:00+01:00;-6.3;34.63612466
1900-01-21 09:00:00+01:00;-6;39.06927047
1900-01-21 10:00:00+01:00;-5.3;40.02647739
1900-01-21 11:00:00+01:00;-5.1;40.13393909
1900-01-21 12:00:00+01:00;-4.6;38.0667386
1900-01-21 13:00:00+01:00;-4.6;36.96096873
1900-01-21 14:00:00+01:00;-4.3;36.10573802
1900-01-21 15:00:00+01:00;-4;36.49046619
1900-01-21 16:00:00+01:00;-3.1;36.65553084
1900-01-21 17:00:00+01:00;-3.5;38.02930196
1900-01-21 18:00:00+01:00;-3.8;38.33420596
1900-01-21 19:00:00+01:00;-4.6;38.43730638
1900-01-21 20:00:00+01:00;-4.3;37.68038258
1900-01-21 21:00:00+01:00;-4;35.57413867
1900-01-21 22:00:00+01:00;-3.5;32.45406982
1900-01-21 23:00:00+01:00;-4.1;30.83749371
1900-01-22 00:00:00+01:00;-3.4;27.29808004
1900-01-22 01:00:00+01:00;-3.6;25.77371206
1900-01-22 02:00:00+01:00;-4.6;25.47473979
1900-01-22 03:00:00+01:00;-4.8;25.45888054
1900-01-22 04:00:00+01:00;-4.3;25.45400137
1900-01-22 05:00:00+01:00;-4.3;26.85593155
1900-01-22 06:00:00+01:00;-4.3;33.33540023
1900-01-22 07:00:00+01:00;-4.6;38.86999274
1900-01-22 08:00:00+01:00;-4.1;33.25985281
1900-01-22 09:00:00+01:00;-3.5;33.89853104
1900-01-22 10:00:00+01:00;-4.1;33.26145329
1900-01-22 11:00:00+01:00;-3.9;31.69511608
1900-01-22 12:00:00+01:00;-4.3;31.555912
1900-01-22 13:00:00+01:00;-4.1;30.94995349
1900-01-22 14:00:00+01:00;-4.3;31.68676679
1900-01-22 15:00:00+01:00;-4;31.78091206
1900-01-22 16:00:00+01:00;-4;35.38880177
1900-01-22 17:00:00+01:00;-4.5;37.71794554
1900-01-22 18:00:00+01:00;-4.8;38.08206422
1900-01-22 19:00:00+01:00;-4.6;37.97353127
1900-01-22 20:00:00+01:00;-5;38.0102939
1900-01-22 21:00:00+01:00;-5.1;36.43843056
1900-01-22 22:00:00+01:00;-6.3;34.16916647
1900-01-22 23:00:00+01:00;-5.3;31.46384166
1900-01-23 00:00:00+01:00;-5.3;27.63930533
1900-01-23 01:00:00+01:00;-5.3;26.00795926
1900-01-23 02:00:00+01:00;-6.3;25.80424789
1900-01-23 03:00:00+01:00;-5.6;25.64224202
1900-01-23 04:00:00+01:00;-6.8;26.34047316
1900-01-23 05:00:00+01:00;-7.5;28.09035373
1900-01-23 06:00:00+01:00;-8.2;34.50773742
1900-01-23 07:00:00+01:00;-8.2;41.23183936
1900-01-23 08:00:00+01:00;-8.7;35.38675676
1900-01-23 09:00:00+01:00;-9;36.42491395
1900-01-23 10:00:00+01:00;-9.1;36.27147667
1900-01-23 11:00:00+01:00;-7.6;34.25566891
1900-01-23 12:00:00+01:00;-6.3;33.58161781
1900-01-23 13:00:00+01:00;-5.8;32.83577135
1900-01-23 14:00:00+01:00;-5.3;33.23897594
1900-01-23 15:00:00+01:00;-5.6;33.40268576
1900-01-23 16:00:00+01:00;-6.8;37.87113025
1900-01-23 17:00:00+01:00;-7.3;40.32146784
1900-01-23 18:00:00+01:00;-5.6;39.59616299
1900-01-23 19:00:00+01:00;-5.8;39.72547917
1900-01-23 20:00:00+01:00;-5.1;39.48814222
1900-01-23 21:00:00+01:00;-6.1;38.23968844
1900-01-23 22:00:00+01:00;-6;35.41019506
1900-01-23 23:00:00+01:00;-5.6;32.9987911
1900-01-24 00:00:00+01:00;-5.3;28.98645783
1900-01-24 01:00:00+01:00;-5.3;27.4665161
1900-01-24 02:00:00+01:00;-5.3;26.91002206
1900-01-24 03:00:00+01:00;-5.6;26.95586705
1900-01-24 04:00:00+01:00;-5.1;26.91258756
1900-01-24 05:00:00+01:00;-5.5;28.4728485
1900-01-24 06:00:00+01:00;-5.1;35.02861166
1900-01-24 07:00:00+01:00;-5.1;40.29775155
1900-01-24 08:00:00+01:00;-4.8;34.58699683
1900-01-24 09:00:00+01:00;-4.5;35.39088567
1900-01-24 10:00:00+01:00;-5;34.60156012
1900-01-24 11:00:00+01:00;-4.6;32.82533235
1900-01-24 12:00:00+01:00;-4.1;32.18387763
1900-01-24 13:00:00+01:00;-3.4;31.27709439
1900-01-24 14:00:00+01:00;-3.4;31.79462149
1900-01-24 15:00:00+01:00;-3.5;31.87845879
1900-01-24 16:00:00+01:00;-4.1;35.8161349
1900-01-24 17:00:00+01:00;-4.6;38.13761013
1900-01-24 18:00:00+01:00;-3.8;37.86798503
1900-01-24 19:00:00+01:00;-3.5;37.6609479
1900-01-24 20:00:00+01:00;-3.3;37.65216519
1900-01-24 21:00:00+01:00;-2.8;35.8569554
1900-01-24 22:00:00+01:00;-1.5;32.61018893
1900-01-24 23:00:00+01:00;-2;30.41920176
1900-01-25 00:00:00+01:00;-2.3;26.43512274
1900-01-25 01:00:00+01:00;-1.5;24.62741323
1900-01-25 02:00:00+01:00;-1;23.86027407
1900-01-25 03:00:00+01:00;-0.7;23.5642761
1900-01-25 04:00:00+01:00;-1.5;23.81274524
1900-01-25 05:00:00+01:00;-1;25.00134458
1900-01-25 06:00:00+01:00;-0.8;31.55918808
1900-01-25 07:00:00+01:00;-1;36.06506539
1900-01-25 08:00:00+01:00;-1;31.2932475
1900-01-25 09:00:00+01:00;-0.5;31.88217364
1900-01-25 10:00:00+01:00;0;30.53179427
1900-01-25 11:00:00+01:00;0.1;29.00250164
1900-01-25 12:00:00+01:00;0.5;28.130893
1900-01-25 13:00:00+01:00;0.8;27.45792961
1900-01-25 14:00:00+01:00;0.7;27.89930631
1900-01-25 15:00:00+01:00;0.4;28.48151367
1900-01-25 16:00:00+01:00;0.4;31.78031375
1900-01-25 17:00:00+01:00;0.3;33.69176461
1900-01-25 18:00:00+01:00;0.1;33.94797133
1900-01-25 19:00:00+01:00;0.1;33.87346013
1900-01-25 20:00:00+01:00;-0.1;33.94119119
1900-01-25 21:00:00+01:00;0;32.40597692
1900-01-25 22:00:00+01:00;-0.5;29.94647183
1900-01-25 23:00:00+01:00;-1.5;27.78715205
1900-01-26 00:00:00+01:00;-2;24.01112633
1900-01-26 01:00:00+01:00;-1.7;22.18695141
1900-01-26 02:00:00+01:00;-1.7;21.73035225
1900-01-26 03:00:00+01:00;-2.4;21.93886128
1900-01-26 04:00:00+01:00;-2.4;22.28687864
1900-01-26 05:00:00+01:00;-2.3;23.69828918
1900-01-26 06:00:00+01:00;-2.4;29.83556398
1900-01-26 07:00:00+01:00;-1.7;34.99791845
1900-01-26 08:00:00+01:00;-1;29.99595839
1900-01-26 09:00:00+01:00;-0.7;30.5581456
1900-01-26 10:00:00+01:00;0.1;29.42071463
1900-01-26 11:00:00+01:00;0.4;28.02509347
1900-01-26 12:00:00+01:00;0.4;27.51704966
1900-01-26 13:00:00+01:00;0.8;26.90817874
1900-01-26 14:00:00+01:00;0.5;27.5758143
1900-01-26 15:00:00+01:00;0.7;28.06819007
1900-01-26 16:00:00+01:00;0.9;31.27358842
1900-01-26 17:00:00+01:00;0.9;33.18381748
1900-01-26 18:00:00+01:00;0.7;33.50819176
1900-01-26 19:00:00+01:00;0.6;33.54624004
1900-01-26 20:00:00+01:00;0;33.90251258
1900-01-26 21:00:00+01:00;0.8;32.18810977
1900-01-26 22:00:00+01:00;0.6;29.63517487
1900-01-26 23:00:00+01:00;0.6;27.2105941
1900-01-27 00:00:00+01:00;0.5;24.88627649
1900-01-27 01:00:00+01:00;0.4;22.62069777
1900-01-27 02:00:00+01:00;0.4;21.55262421
1900-01-27 03:00:00+01:00;0.1;21.20494968
1900-01-27 04:00:00+01:00;0.4;20.94789356
1900-01-27 05:00:00+01:00;0.2;21.14064165
1900-01-27 06:00:00+01:00;0.1;22.852515
1900-01-27 07:00:00+01:00;0.2;24.11818964
1900-01-27 08:00:00+01:00;-0.3;28.51470142
1900-01-27 09:00:00+01:00;-0.7;33.07050599
1900-01-27 10:00:00+01:00;-0.6;34.22078445
1900-01-27 11:00:00+01:00;-0.6;34.4889392
1900-01-27 12:00:00+01:00;-0.7;33.206157
1900-01-27 13:00:00+01:00;-1.7;32.64410851
1900-01-27 14:00:00+01:00;-2;32.52743044
1900-01-27 15:00:00+01:00;-2.5;33.40574639
1900-01-27 16:00:00+01:00;-3.8;34.81229103
1900-01-27 17:00:00+01:00;-5.6;36.87715878
1900-01-27 18:00:00+01:00;-7.5;38.01284019
1900-01-27 19:00:00+01:00;-7.6;37.58277253
1900-01-27 20:00:00+01:00;-8.5;37.01308973
1900-01-27 21:00:00+01:00;-9.5;35.22922535
1900-01-27 22:00:00+01:00;-10;32.8609121
1900-01-27 23:00:00+01:00;-11.2;31.21742679
1900-01-28 00:00:00+01:00;-12.3;30.13270277
1900-01-28 01:00:00+01:00;-13.2;28.81493907
1900-01-28 02:00:00+01:00;-13.7;28.97329714
1900-01-28 03:00:00+01:00;-13.3;28.3521614
1900-01-28 04:00:00+01:00;-13.2;28.37598196
1900-01-28 05:00:00+01:00;-13;29.30494363
1900-01-28 06:00:00+01:00;-11.7;30.67753997
1900-01-28 07:00:00+01:00;-12;33.10877347
1900-01-28 08:00:00+01:00;-11.7;37.93243212
1900-01-28 09:00:00+01:00;-11.6;42.56574799
1900-01-28 10:00:00+01:00;-11.3;44.21088808
1900-01-28 11:00:00+01:00;-9.7;44.31286482
1900-01-28 12:00:00+01:00;-9.2;42.39205903
1900-01-28 13:00:00+01:00;-9.2;41.37816144
1900-01-28 14:00:00+01:00;-9.2;40.77839785
1900-01-28 15:00:00+01:00;-9.3;41.52636239
1900-01-28 16:00:00+01:00;-9.3;42.41570207
1900-01-28 17:00:00+01:00;-10.7;44.56744403
1900-01-28 18:00:00+01:00;-12.1;45.5801537
1900-01-28 19:00:00+01:00;-12.2;45.27983075
1900-01-28 20:00:00+01:00;-11.1;44.11725941
1900-01-28 21:00:00+01:00;-10.6;41.82695516
1900-01-28 22:00:00+01:00;-9.8;38.2971672
1900-01-28 23:00:00+01:00;-9.7;36.52202161
1900-01-29 00:00:00+01:00;-10.2;33.38930246
1900-01-29 01:00:00+01:00;-10.2;31.7736184
1900-01-29 02:00:00+01:00;-10.5;31.20464701
1900-01-29 03:00:00+01:00;-10.7;31.18932656
1900-01-29 04:00:00+01:00;-11.3;31.50114903
1900-01-29 05:00:00+01:00;-12.7;33.44148843
1900-01-29 06:00:00+01:00;-12.3;39.93854671
1900-01-29 07:00:00+01:00;-13.6;47.59036
1900-01-29 08:00:00+01:00;-14.6;40.7281413
1900-01-29 09:00:00+01:00;-14.2;41.80720651
1900-01-29 10:00:00+01:00;-13.1;41.22342783
1900-01-29 11:00:00+01:00;-11.7;38.90410043
1900-01-29 12:00:00+01:00;-11.2;38.66111112
1900-01-29 13:00:00+01:00;-9.6;37.25258261
1900-01-29 14:00:00+01:00;-9.8;38.0271464
1900-01-29 15:00:00+01:00;-10.8;37.96629953
1900-01-29 16:00:00+01:00;-11.6;42.55738878
1900-01-29 17:00:00+01:00;-12.7;45.54742376
1900-01-29 18:00:00+01:00;-14;46.42103966
1900-01-29 19:00:00+01:00;-14.7;46.84982772
1900-01-29 20:00:00+01:00;-15;46.50513598
1900-01-29 21:00:00+01:00;-16;44.93382794
1900-01-29 22:00:00+01:00;-15.3;41.8343625
1900-01-29 23:00:00+01:00;-15.5;39.64780792
1900-01-30 00:00:00+01:00;-15.6;36.15147265
1900-01-30 01:00:00+01:00;-16.5;34.77347454
1900-01-30 02:00:00+01:00;-15.7;34.1793632
1900-01-30 03:00:00+01:00;-18;35.07103209
1900-01-30 04:00:00+01:00;-17;35.2669687
1900-01-30 05:00:00+01:00;-20.7;38.1495407
1900-01-30 06:00:00+01:00;-19.2;44.23635587
1900-01-30 07:00:00+01:00;-16.7;51.63968828
1900-01-30 08:00:00+01:00;-22;45.55825486
1900-01-30 09:00:00+01:00;-16.2;45.30286503
1900-01-30 10:00:00+01:00;-14;44.14901951
1900-01-30 11:00:00+01:00;-12.5;41.52382167
1900-01-30 12:00:00+01:00;-11.2;40.67050862
1900-01-30 13:00:00+01:00;-11;39.87969319
1900-01-30 14:00:00+01:00;-9.7;39.79672459
1900-01-30 15:00:00+01:00;-10.2;38.87497446
1900-01-30 16:00:00+01:00;-12;44.17581462
1900-01-30 17:00:00+01:00;-12.8;47.19555026
1900-01-30 18:00:00+01:00;-13.6;47.79839992
1900-01-30 19:00:00+01:00;-13.7;47.83841068
1900-01-30 20:00:00+01:00;-14.3;48.11637685
1900-01-30 21:00:00+01:00;-15.2;46.42445634
1900-01-30 22:00:00+01:00;-16;43.64417388
1900-01-30 23:00:00+01:00;-17.5;41.84473454
1900-01-31 00:00:00+01:00;-19.5;38.93118908
1900-01-31 01:00:00+01:00;-17.2;36.50510756
1900-01-31 02:00:00+01:00;-18.7;36.40565744
1900-01-31 03:00:00+01:00;-17.9;36.28070626
1900-01-31 04:00:00+01:00;-20.2;37.34809739
1900-01-31 05:00:00+01:00;-18.5;38.30783119
1900-01-31 06:00:00+01:00;-17.7;44.76505147
1900-01-31 07:00:00+01:00;-15.2;51.36601898
1900-01-31 08:00:00+01:00;-14.8;43.44568218
1900-01-31 09:00:00+01:00;-14.2;44.75065035
1900-01-31 10:00:00+01:00;-13;43.69345198
1900-01-31 11:00:00+01:00;-12.2;41.30946969
1900-01-31 12:00:00+01:00;-11.8;40.88231594
1900-01-31 13:00:00+01:00;-11.7;40.12369425
1900-01-31 14:00:00+01:00;-10.7;40.2590475
1900-01-31 15:00:00+01:00;-10.7;39.12421362
1900-01-31 16:00:00+01:00;-10.3;43.13745964
1900-01-31 17:00:00+01:00;-10.3;45.69582791
1900-01-31 18:00:00+01:00;-10.6;46.01793851
1900-01-31 19:00:00+01:00;-10.1;45.68434896
1900-01-31 20:00:00+01:00;-10;46.06572779
1900-01-31 21:00:00+01:00;-9.7;44.05826271
1900-01-31 22:00:00+01:00;-9.6;40.88458022
1900-01-31 23:00:00+01:00;-9.5;38.6002761
1900-02-01 00:00:00+01:00;-5.2;32.92506666
1900-02-01 01:00:00+01:00;-3.6;31.09228804
1900-02-01 02:00:00+01:00;-2.4;29.71876391
1900-02-01 03:00:00+01:00;3.4;27.41535331
1900-02-01 04:00:00+01:00;3.6;26.26387299
1900-02-01 05:00:00+01:00;4;27.14487234
1900-02-01 06:00:00+01:00;4.6;34.77178812
1900-02-01 07:00:00+01:00;5.4;35.597769
1900-02-01 08:00:00+01:00;5;31.74975913
1900-02-01 09:00:00+01:00;5.5;32.48248334
1900-02-01 10:00:00+01:00;6.1;29.75092856
1900-02-01 11:00:00+01:00;6.4;27.61816966
1900-02-01 12:00:00+01:00;6.9;25.66433121
1900-02-01 13:00:00+01:00;7.6;24.48807205
1900-02-01 14:00:00+01:00;10.2;22.83730864
1900-02-01 15:00:00+01:00;8.9;23.50630932
1900-02-01 16:00:00+01:00;8.1;26.81430707
1900-02-01 17:00:00+01:00;5.2;30.14903491
1900-02-01 18:00:00+01:00;3.7;30.95611823
1900-02-01 19:00:00+01:00;4.4;30.2946706
1900-02-01 20:00:00+01:00;4.3;30.28689226
1900-02-01 21:00:00+01:00;3.8;28.86223611
1900-02-01 22:00:00+01:00;-1.5;27.90712337
1900-02-01 23:00:00+01:00;-2.4;25.24973847
1900-02-02 00:00:00+01:00;-2;21.2510424
1900-02-02 01:00:00+01:00;-2.6;19.28292089
1900-02-02 02:00:00+01:00;-3;18.97699833
1900-02-02 03:00:00+01:00;-2.9;19.1716973
1900-02-02 04:00:00+01:00;-3.9;20.24595853
1900-02-02 05:00:00+01:00;-4;21.8193663
1900-02-02 06:00:00+01:00;-3.6;27.16699649
1900-02-02 07:00:00+01:00;-4.6;34.47747634
1900-02-02 08:00:00+01:00;-6;29.86321265
1900-02-02 09:00:00+01:00;-4.6;29.95948954
1900-02-02 10:00:00+01:00;-3.3;29.54215737
1900-02-02 11:00:00+01:00;-1.2;27.785992
1900-02-02 12:00:00+01:00;-0.7;27.45465021
1900-02-02 13:00:00+01:00;-1.2;27.47514459
1900-02-02 14:00:00+01:00;-1.2;28.33176637
1900-02-02 15:00:00+01:00;-1.7;29.45144031
1900-02-02 16:00:00+01:00;-3;33.76292736
1900-02-02 17:00:00+01:00;-3;35.79271105
1900-02-02 18:00:00+01:00;-2.5;35.82361166
1900-02-02 19:00:00+01:00;-2.1;35.73089423
1900-02-02 20:00:00+01:00;-1.7;35.68219878
1900-02-02 21:00:00+01:00;-1.7;34.3350185
1900-02-02 22:00:00+01:00;-2;31.78389326
1900-02-02 23:00:00+01:00;-2.8;29.66069155
1900-02-03 00:00:00+01:00;-3.1;27.46205613
1900-02-03 01:00:00+01:00;-3;25.22855628
1900-02-03 02:00:00+01:00;-2.6;24.10289979
1900-02-03 03:00:00+01:00;-2.6;23.7255909
1900-02-03 04:00:00+01:00;-3.5;23.84382456
1900-02-03 05:00:00+01:00;-4.3;24.38413899
1900-02-03 06:00:00+01:00;-5;26.25902386
1900-02-03 07:00:00+01:00;-4.8;27.82676318
1900-02-03 08:00:00+01:00;-4.8;32.19211077
1900-02-03 09:00:00+01:00;-4;36.29856808
1900-02-03 10:00:00+01:00;-3.1;37.19468493
1900-02-03 11:00:00+01:00;-2.3;37.07182547
1900-02-03 12:00:00+01:00;-1.5;35.01091335
1900-02-03 13:00:00+01:00;-1.2;33.80975073
1900-02-03 14:00:00+01:00;-1.4;33.27745028
1900-02-03 15:00:00+01:00;-1.5;33.9119386
1900-02-03 16:00:00+01:00;-1.7;34.67553316
1900-02-03 17:00:00+01:00;-1.7;35.76253558
1900-02-03 18:00:00+01:00;-2.1;36.10341071
1900-02-03 19:00:00+01:00;-2.5;36.0168884
1900-02-03 20:00:00+01:00;-2.3;35.32520007
1900-02-03 21:00:00+01:00;-2.4;33.44608941
1900-02-03 22:00:00+01:00;-3.1;30.93333238
1900-02-03 23:00:00+01:00;-5.1;29.65063617
1900-02-04 00:00:00+01:00;-6.1;28.35321045
1900-02-04 01:00:00+01:00;-6.8;26.52002739
1900-02-04 02:00:00+01:00;-6.3;25.69799659
1900-02-04 03:00:00+01:00;-4.1;24.57133589
1900-02-04 04:00:00+01:00;-4.1;24.4610871
1900-02-04 05:00:00+01:00;-4;24.71782889
1900-02-04 06:00:00+01:00;-3.5;26.38636483
1900-02-04 07:00:00+01:00;-3.3;27.65063105
1900-02-04 08:00:00+01:00;-2;31.30280774
1900-02-04 09:00:00+01:00;-2.8;36.15471236
1900-02-04 10:00:00+01:00;-2;36.99605206
1900-02-04 11:00:00+01:00;-1.5;36.81192549
1900-02-04 12:00:00+01:00;-1.4;35.04950897
1900-02-04 13:00:00+01:00;-1.5;34.08320716
1900-02-04 14:00:00+01:00;-1;33.11737915
1900-02-04 15:00:00+01:00;-1;33.69621254
1900-02-04 16:00:00+01:00;-0.7;34.19016718
1900-02-04 17:00:00+01:00;1.1;34.29056875
1900-02-04 18:00:00+01:00;0.6;34.71333514
1900-02-04 19:00:00+01:00;0.4;34.60856524
1900-02-04 20:00:00+01:00;-0.6;34.54994597
1900-02-04 21:00:00+01:00;0;32.46438589
1900-02-04 22:00:00+01:00;0;29.66604881
1900-02-04 23:00:00+01:00;0.5;27.67786477
1900-02-05 00:00:00+01:00;0.9;23.96751761
1900-02-05 01:00:00+01:00;1.5;22.13028415
1900-02-05 02:00:00+01:00;0.9;21.5687047
1900-02-05 03:00:00+01:00;1.2;21.25794783
1900-02-05 04:00:00+01:00;1.5;21.1572983
1900-02-05 05:00:00+01:00;1.7;22.37940676
1900-02-05 06:00:00+01:00;1.9;28.74731692
1900-02-05 07:00:00+01:00;1.7;32.84341154
1900-02-05 08:00:00+01:00;2;28.53719895
1900-02-05 09:00:00+01:00;2;29.06503985
1900-02-05 10:00:00+01:00;2.4;27.74449577
1900-02-05 11:00:00+01:00;1.6;26.76122098
1900-02-05 12:00:00+01:00;2;25.959334
1900-02-05 13:00:00+01:00;2.1;25.44934735
1900-02-05 14:00:00+01:00;1.6;26.15735407
1900-02-05 15:00:00+01:00;1.4;27.06523657
1900-02-05 16:00:00+01:00;1.3;30.31383707
1900-02-05 17:00:00+01:00;1.3;32.11471556
1900-02-05 18:00:00+01:00;1.2;32.36945685
1900-02-05 19:00:00+01:00;1.4;32.23687753
1900-02-05 20:00:00+01:00;1.3;32.19954386
1900-02-05 21:00:00+01:00;1;30.8920336
1900-02-05 22:00:00+01:00;1.1;28.28472223
1900-02-05 23:00:00+01:00;0.8;25.89482527
1900-02-06 00:00:00+01:00;0.6;21.9948503
1900-02-06 01:00:00+01:00;0.4;20.36293931
1900-02-06 02:00:00+01:00;0.4;19.91057534
1900-02-06 03:00:00+01:00;0.2;19.95006561
1900-02-06 04:00:00+01:00;0.5;20.18610309
1900-02-06 05:00:00+01:00;0.5;21.61359134
1900-02-06 06:00:00+01:00;0.8;27.69512511
1900-02-06 07:00:00+01:00;1;32.38891944
1900-02-06 08:00:00+01:00;0.7;28.28055465
1900-02-06 09:00:00+01:00;0.1;29.0112994
1900-02-06 10:00:00+01:00;0.4;28.19044518
1900-02-06 11:00:00+01:00;1.5;26.60242484
1900-02-06 12:00:00+01:00;1.8;25.95985834
1900-02-06 13:00:00+01:00;0.9;26.02867919
1900-02-06 14:00:00+01:00;1.9;26.05665324
1900-02-06 15:00:00+01:00;3;26.23313194
1900-02-06 16:00:00+01:00;3.4;29.16578767
1900-02-06 17:00:00+01:00;2.5;31.50082938
1900-02-06 18:00:00+01:00;2.1;31.93052231
1900-02-06 19:00:00+01:00;2.9;31.46635341
1900-02-06 20:00:00+01:00;3.2;31.50742277
1900-02-06 21:00:00+01:00;3.6;30.01978561
1900-02-06 22:00:00+01:00;2.8;27.71843218
1900-02-06 23:00:00+01:00;2;25.52241082
1900-02-07 00:00:00+01:00;2.4;21.3302262
1900-02-07 01:00:00+01:00;2.7;19.59155008
1900-02-07 02:00:00+01:00;2.5;19.10611286
1900-02-07 03:00:00+01:00;2.7;18.90765423
1900-02-07 04:00:00+01:00;1;19.64617405
1900-02-07 05:00:00+01:00;2.3;20.58742591
1900-02-07 06:00:00+01:00;1.9;26.81919611
1900-02-07 07:00:00+01:00;2.2;31.19411236
1900-02-07 08:00:00+01:00;1;27.56343996
1900-02-07 09:00:00+01:00;0.4;28.13696606
1900-02-07 10:00:00+01:00;0.3;27.47656571
1900-02-07 11:00:00+01:00;0.1;26.48890478
1900-02-07 12:00:00+01:00;-0.3;26.43119885
1900-02-07 13:00:00+01:00;-0.5;26.18084128
1900-02-07 14:00:00+01:00;-0.3;26.77779451
1900-02-07 15:00:00+01:00;-0.5;27.93602463
1900-02-07 16:00:00+01:00;-0.3;31.11943106
1900-02-07 17:00:00+01:00;-0.5;33.03460992
1900-02-07 18:00:00+01:00;-0.6;33.32218383
1900-02-07 19:00:00+01:00;-0.6;33.38452665
1900-02-07 20:00:00+01:00;-0.8;33.26088176
1900-02-07 21:00:00+01:00;-1;31.96258975
1900-02-07 22:00:00+01:00;-1;29.4747035
1900-02-07 23:00:00+01:00;-1.2;27.10501
1900-02-08 00:00:00+01:00;-0.8;23.14530434
1900-02-08 01:00:00+01:00;-1;21.57501861
1900-02-08 02:00:00+01:00;-0.7;21.1187946
1900-02-08 03:00:00+01:00;-0.8;21.20660789
1900-02-08 04:00:00+01:00;-1;21.59708452
1900-02-08 05:00:00+01:00;-0.7;22.99685381
1900-02-08 06:00:00+01:00;-0.7;29.31229802
1900-02-08 07:00:00+01:00;-0.5;34.2626025
1900-02-08 08:00:00+01:00;-0.3;29.6883056
1900-02-08 09:00:00+01:00;-0.3;30.35993224
1900-02-08 10:00:00+01:00;-0.1;29.42704873
1900-02-08 11:00:00+01:00;0;28.12553497
1900-02-08 12:00:00+01:00;0;27.65309089
1900-02-08 13:00:00+01:00;0.7;26.87641808
1900-02-08 14:00:00+01:00;0.7;27.3733612
1900-02-08 15:00:00+01:00;0.8;27.93087978
1900-02-08 16:00:00+01:00;0.6;31.34509397
1900-02-08 17:00:00+01:00;0.6;33.22182856
1900-02-08 18:00:00+01:00;0.7;33.36423427
1900-02-08 19:00:00+01:00;0.4;33.49977371
1900-02-08 20:00:00+01:00;0.1;33.64242324
1900-02-08 21:00:00+01:00;0.5;32.04534545
1900-02-08 22:00:00+01:00;0.6;29.38725365
1900-02-08 23:00:00+01:00;0.2;27.06777437
1900-02-09 00:00:00+01:00;0.1;23.09057938
1900-02-09 01:00:00+01:00;0.2;21.39354812
1900-02-09 02:00:00+01:00;0.2;20.88633117
1900-02-09 03:00:00+01:00;0.2;20.80392187
1900-02-09 04:00:00+01:00;0.3;20.97827266
1900-02-09 05:00:00+01:00;0;22.46481169
1900-02-09 06:00:00+01:00;0.1;28.64812011
1900-02-09 07:00:00+01:00;0;33.51040506
1900-02-09 08:00:00+01:00;-0.1;29.09335625
1900-02-09 09:00:00+01:00;0;29.62979316
1900-02-09 10:00:00+01:00;0;28.80317537
1900-02-09 11:00:00+01:00;0.9;27.22563332
1900-02-09 12:00:00+01:00;1.7;26.31530586
1900-02-09 13:00:00+01:00;2.2;25.65223668
1900-02-09 14:00:00+01:00;3.3;25.50339136
1900-02-09 15:00:00+01:00;3.1;26.29219437
1900-02-09 16:00:00+01:00;2.6;29.75677738
1900-02-09 17:00:00+01:00;1.8;32.04139146
1900-02-09 18:00:00+01:00;0;33.24325769
1900-02-09 19:00:00+01:00;-0.1;33.30107284
1900-02-09 20:00:00+01:00;0.2;33.01247735
1900-02-09 21:00:00+01:00;0.1;31.62582544
1900-02-09 22:00:00+01:00;-0.1;29.13683969
1900-02-09 23:00:00+01:00;0;26.63966142
1900-02-10 00:00:00+01:00;0;24.28592355
1900-02-10 01:00:00+01:00;-0.3;22.20674693
1900-02-10 02:00:00+01:00;-1.5;21.76296695
1900-02-10 03:00:00+01:00;-2.8;21.6973482
1900-02-10 04:00:00+01:00;-3.4;21.76190441
1900-02-10 05:00:00+01:00;-5.8;23.02565584
1900-02-10 06:00:00+01:00;-6.3;24.47288367
1900-02-10 07:00:00+01:00;-7.6;27.21234126
1900-02-10 08:00:00+01:00;-8.1;32.3815306
1900-02-10 09:00:00+01:00;-7.1;36.24326379
1900-02-10 10:00:00+01:00;-6.1;37.46642945
1900-02-10 11:00:00+01:00;-3.5;37.00895178
1900-02-10 12:00:00+01:00;-2.6;35.19769577
1900-02-10 13:00:00+01:00;-1.4;33.47760989
1900-02-10 14:00:00+01:00;-0.7;32.56258706
1900-02-10 15:00:00+01:00;-2.4;34.23751344
1900-02-10 16:00:00+01:00;-3.8;35.80284591
1900-02-10 17:00:00+01:00;-4.3;37.24969204
1900-02-10 18:00:00+01:00;-7;38.8920362
1900-02-10 19:00:00+01:00;-7.3;38.66433323
1900-02-10 20:00:00+01:00;-9.5;38.81319982
1900-02-10 21:00:00+01:00;-11.1;37.27598007
1900-02-10 22:00:00+01:00;-11.7;34.83356987
1900-02-10 23:00:00+01:00;-10.8;32.67891895
1900-02-11 00:00:00+01:00;-9.7;31.03499126
1900-02-11 01:00:00+01:00;-7.6;28.55314302
1900-02-11 02:00:00+01:00;-6.8;27.50501703
1900-02-11 03:00:00+01:00;-7.3;27.37747989
1900-02-11 04:00:00+01:00;-7.8;27.49300949
1900-02-11 05:00:00+01:00;-8.2;28.04650863
1900-02-11 06:00:00+01:00;-8.3;29.93518115
1900-02-11 07:00:00+01:00;-9;31.77785273
1900-02-11 08:00:00+01:00;-9.2;36.34885547
1900-02-11 09:00:00+01:00;-8.8;40.70718124
1900-02-11 10:00:00+01:00;-7.5;41.61655255
1900-02-11 11:00:00+01:00;-7.1;41.89639351
1900-02-11 12:00:00+01:00;-6;39.56418071
1900-02-11 13:00:00+01:00;-5.6;38.34890242
1900-02-11 14:00:00+01:00;-5.8;37.78903106
1900-02-11 15:00:00+01:00;-5.6;38.31130171
1900-02-11 16:00:00+01:00;-5.6;39.1084877
1900-02-11 17:00:00+01:00;-5.8;40.49605206
1900-02-11 18:00:00+01:00;-5.8;40.67985423
1900-02-11 19:00:00+01:00;-6.3;40.64195488
1900-02-11 20:00:00+01:00;-6.3;39.98828518
1900-02-11 21:00:00+01:00;-6.6;37.96873202
1900-02-11 22:00:00+01:00;-6.6;34.79564244
1900-02-11 23:00:00+01:00;-6.6;32.89996592
1900-02-12 00:00:00+01:00;-7.8;30.02107868
1900-02-12 01:00:00+01:00;-8.2;28.4686031
1900-02-12 02:00:00+01:00;-8.6;28.103727
1900-02-12 03:00:00+01:00;-8.2;28.03654803
1900-02-12 04:00:00+01:00;-8.7;28.46356747
1900-02-12 05:00:00+01:00;-8.7;29.95450973
1900-02-12 06:00:00+01:00;-9;36.46435332
1900-02-12 07:00:00+01:00;-9.2;43.06170714
1900-02-12 08:00:00+01:00;-9.1;36.68993225
1900-02-12 09:00:00+01:00;-9.1;37.66093533
1900-02-12 10:00:00+01:00;-8.2;36.87744237
1900-02-12 11:00:00+01:00;-7.3;34.90910632
1900-02-12 12:00:00+01:00;-6.1;34.12548971
1900-02-12 13:00:00+01:00;-5.8;33.42188707
1900-02-12 14:00:00+01:00;-5.5;33.86538479
1900-02-12 15:00:00+01:00;-5.1;33.46123648
1900-02-12 16:00:00+01:00;-5.3;37.344548
1900-02-12 17:00:00+01:00;-5.3;39.54950135
1900-02-12 18:00:00+01:00;-5;39.58249758
1900-02-12 19:00:00+01:00;-4.6;39.33439973
1900-02-12 20:00:00+01:00;-4.5;39.53786602
1900-02-12 21:00:00+01:00;-4.1;37.7642839
1900-02-12 22:00:00+01:00;-4.1;34.92749375
1900-02-12 23:00:00+01:00;-4.5;32.77722334
1900-02-13 00:00:00+01:00;-4.1;28.58898183
1900-02-13 01:00:00+01:00;-3.9;26.97634878
1900-02-13 02:00:00+01:00;-3.6;26.22370347
1900-02-13 03:00:00+01:00;-3.4;25.97400607
1900-02-13 04:00:00+01:00;-2.5;25.61681543
1900-02-13 05:00:00+01:00;1.4;25.6472619
1900-02-13 06:00:00+01:00;3.3;32.3763331
1900-02-13 07:00:00+01:00;3.8;34.57612177
1900-02-13 08:00:00+01:00;4.1;30.40031053
1900-02-13 09:00:00+01:00;4.3;31.10542355
1900-02-13 10:00:00+01:00;4.8;28.92366196
1900-02-13 11:00:00+01:00;5.9;26.75187317
1900-02-13 12:00:00+01:00;4.9;25.85325297
1900-02-13 13:00:00+01:00;4.7;25.30824735
1900-02-13 14:00:00+01:00;4;25.78570209
1900-02-13 15:00:00+01:00;1.5;27.56578946
1900-02-13 16:00:00+01:00;0.3;31.46603999
1900-02-13 17:00:00+01:00;-1.2;34.0968476
1900-02-13 18:00:00+01:00;-2;34.65608526
1900-02-13 19:00:00+01:00;-3;35.15710603
1900-02-13 20:00:00+01:00;-3;34.61250138
1900-02-13 21:00:00+01:00;-3.9;33.32570465
1900-02-13 22:00:00+01:00;-4.8;31.01032493
1900-02-13 23:00:00+01:00;-7.8;29.27355715
1900-02-14 00:00:00+01:00;-10.3;26.56431415
1900-02-14 01:00:00+01:00;-9.7;24.23063663
1900-02-14 02:00:00+01:00;-12.7;24.81105721
1900-02-14 03:00:00+01:00;-15.6;26.08804613
1900-02-14 04:00:00+01:00;-17.2;27.8496389
1900-02-14 05:00:00+01:00;-14.5;28.77843882
1900-02-14 06:00:00+01:00;-12;33.66498048
1900-02-14 07:00:00+01:00;-12;42.32682499
1900-02-14 08:00:00+01:00;-15.7;37.12284249
1900-02-14 09:00:00+01:00;-11.6;36.96725219
1900-02-14 10:00:00+01:00;-8.3;36.07548041
1900-02-14 11:00:00+01:00;-5.5;33.74019588
1900-02-14 12:00:00+01:00;-1.4;31.58703652
1900-02-14 13:00:00+01:00;-1;30.98476963
1900-02-14 14:00:00+01:00;-0.6;31.25203888
1900-02-14 15:00:00+01:00;-0.3;30.80893857
1900-02-14 16:00:00+01:00;-0.6;34.66293273
1900-02-14 17:00:00+01:00;-0.7;37.0320398
1900-02-14 18:00:00+01:00;-0.3;37.0678429
1900-02-14 19:00:00+01:00;-0.3;37.01091059
1900-02-14 20:00:00+01:00;0.4;37.57468122
1900-02-14 21:00:00+01:00;0.3;36.17095704
1900-02-14 22:00:00+01:00;-2.1;34.16181001
1900-02-14 23:00:00+01:00;-0.5;31.39552954
1900-02-15 00:00:00+01:00;1.6;26.30235048
1900-02-15 01:00:00+01:00;1.2;24.99184512
1900-02-15 02:00:00+01:00;-1.2;24.71709306
1900-02-15 03:00:00+01:00;0.6;23.68645954
1900-02-15 04:00:00+01:00;1.1;23.04559509
1900-02-15 05:00:00+01:00;-1.5;24.97228524
1900-02-15 06:00:00+01:00;-3;31.52691972
1900-02-15 07:00:00+01:00;-5;37.68739348
1900-02-15 08:00:00+01:00;-6.1;32.30485539
1900-02-15 09:00:00+01:00;-7.1;32.95529883
1900-02-15 10:00:00+01:00;-4.3;31.60798295
1900-02-15 11:00:00+01:00;-1.9;29.30521731
1900-02-15 12:00:00+01:00;-1.5;28.78233026
1900-02-15 13:00:00+01:00;-1.5;28.35315698
1900-02-15 14:00:00+01:00;-1.4;28.91218002
1900-02-15 15:00:00+01:00;-1.9;29.76784234
1900-02-15 16:00:00+01:00;-2.3;33.44775969
1900-02-15 17:00:00+01:00;-3.4;36.01105168
1900-02-15 18:00:00+01:00;-4.3;36.74178884
1900-02-15 19:00:00+01:00;-5.6;37.53774114
1900-02-15 20:00:00+01:00;-9;38.50322138
1900-02-15 21:00:00+01:00;-14;38.69674019
1900-02-15 22:00:00+01:00;-12.1;35.52589179
1900-02-15 23:00:00+01:00;-14.8;33.8795736
1900-02-16 00:00:00+01:00;-13.2;30.27049373
1900-02-16 01:00:00+01:00;-15.2;29.01889596
1900-02-16 02:00:00+01:00;-18.5;29.88628485
1900-02-16 03:00:00+01:00;-11.8;28.63179028
1900-02-16 04:00:00+01:00;-10.1;28.83090219
1900-02-16 05:00:00+01:00;-9.7;30.39630298
1900-02-16 06:00:00+01:00;-8.7;36.76536296
1900-02-16 07:00:00+01:00;-5.1;41.26870007
1900-02-16 08:00:00+01:00;-4.6;35.548255
1900-02-16 09:00:00+01:00;-5.8;37.01779437
1900-02-16 10:00:00+01:00;-4.1;35.50205166
1900-02-16 11:00:00+01:00;-4.3;33.9675247
1900-02-16 12:00:00+01:00;-3;32.85485011
1900-02-16 13:00:00+01:00;-2.5;32.08060453
1900-02-16 14:00:00+01:00;-2.5;32.53441024
1900-02-16 15:00:00+01:00;-2.4;32.15071996
1900-02-16 16:00:00+01:00;-3.5;36.5407241
1900-02-16 17:00:00+01:00;-5.1;39.74791396
1900-02-16 18:00:00+01:00;-7.8;41.47868833
1900-02-16 19:00:00+01:00;-9.2;42.29837462
1900-02-16 20:00:00+01:00;-10.3;42.51590652
1900-02-16 21:00:00+01:00;-15;42.27062635
1900-02-16 22:00:00+01:00;-18.2;40.54547027
1900-02-16 23:00:00+01:00;-19;38.11591624
1900-02-17 00:00:00+01:00;-16.7;34.99390919
1900-02-17 01:00:00+01:00;-13.7;32.12229613
1900-02-17 02:00:00+01:00;-14.2;31.48548931
1900-02-17 03:00:00+01:00;-13.2;30.59195866
1900-02-17 04:00:00+01:00;-12.5;30.24274433
1900-02-17 05:00:00+01:00;-11.7;30.56388453
1900-02-17 06:00:00+01:00;-13.6;32.83571724
1900-02-17 07:00:00+01:00;-15.7;35.77120681
1900-02-17 08:00:00+01:00;-15.6;40.80905707
1900-02-17 09:00:00+01:00;-10.7;43.59437589
1900-02-17 10:00:00+01:00;-9.3;44.5722405
1900-02-17 11:00:00+01:00;-3.5;41.89975682
1900-02-17 12:00:00+01:00;-2.5;38.86101649
1900-02-17 13:00:00+01:00;-0.6;37.07413563
1900-02-17 14:00:00+01:00;-0.7;35.70107102
1900-02-17 15:00:00+01:00;-1.2;36.67084795
1900-02-17 16:00:00+01:00;-1.7;37.83056732
1900-02-17 17:00:00+01:00;-3.5;40.24360343
1900-02-17 18:00:00+01:00;-4.8;41.20472391
1900-02-17 19:00:00+01:00;-7.1;42.13759166
1900-02-17 20:00:00+01:00;-7.6;41.77131335
1900-02-17 21:00:00+01:00;-8.7;39.95813712
1900-02-17 22:00:00+01:00;-9.5;36.82057443
1900-02-17 23:00:00+01:00;-12.7;35.61720073
1900-02-18 00:00:00+01:00;-13.6;34.10857974
1900-02-18 01:00:00+01:00;-13.7;32.01996184
1900-02-18 02:00:00+01:00;-13.3;31.17123023
1900-02-18 03:00:00+01:00;-14;30.79636267
1900-02-18 04:00:00+01:00;-15.2;30.92373259
1900-02-18 05:00:00+01:00;-19;32.90813336
1900-02-18 06:00:00+01:00;-22.2;34.79725955
1900-02-18 07:00:00+01:00;-21.5;37.7487196
1900-02-18 08:00:00+01:00;-22;43.36313642
1900-02-18 09:00:00+01:00;-17.4;45.85753021
1900-02-18 10:00:00+01:00;-9.6;44.57577614
1900-02-18 11:00:00+01:00;-6.3;43.30844487
1900-02-18 12:00:00+01:00;-3.5;39.4669005
1900-02-18 13:00:00+01:00;-3.6;38.78581495
1900-02-18 14:00:00+01:00;-2.5;36.94339933
1900-02-18 15:00:00+01:00;-2.9;37.88348287
1900-02-18 16:00:00+01:00;-3.8;39.33540552
1900-02-18 17:00:00+01:00;-5.1;41.51399004
1900-02-18 18:00:00+01:00;-7.3;43.05104984
1900-02-18 19:00:00+01:00;-10.3;44.34573493
1900-02-18 20:00:00+01:00;-10.5;43.84410384
1900-02-18 21:00:00+01:00;-16;43.70079854
1900-02-18 22:00:00+01:00;-15.1;40.22165043
1900-02-18 23:00:00+01:00;-11.5;37.28582763
1900-02-19 00:00:00+01:00;-11.5;34.08696392
1900-02-19 01:00:00+01:00;-10.7;32.21534361
1900-02-19 02:00:00+01:00;-14.7;32.70913963
1900-02-19 03:00:00+01:00;-18.4;33.89620696
1900-02-19 04:00:00+01:00;-17.7;34.21498218
1900-02-19 05:00:00+01:00;-20.5;36.60491688
1900-02-19 06:00:00+01:00;-22.5;42.63913497
1900-02-19 07:00:00+01:00;-20.4;51.71338932
1900-02-19 08:00:00+01:00;-21.2;43.32949321
1900-02-19 09:00:00+01:00;-13.2;42.02010582
1900-02-19 10:00:00+01:00;-10;40.43572839
1900-02-19 11:00:00+01:00;-7;37.41781761
1900-02-19 12:00:00+01:00;-3.6;35.25752034
1900-02-19 13:00:00+01:00;-1.9;33.78351813
1900-02-19 14:00:00+01:00;-1.5;33.82790408
1900-02-19 15:00:00+01:00;-2;33.17524604
1900-02-19 16:00:00+01:00;-3;37.64799053
1900-02-19 17:00:00+01:00;-4.8;41.17956963
1900-02-19 18:00:00+01:00;-6.5;42.34033673
1900-02-19 19:00:00+01:00;-6.8;42.43369828
1900-02-19 20:00:00+01:00;-9.5;44.01047183
1900-02-19 21:00:00+01:00;-10;42.24804777
1900-02-19 22:00:00+01:00;-11.2;39.62085941
1900-02-19 23:00:00+01:00;-14.7;38.38636728
1900-02-20 00:00:00+01:00;-15.3;35.01411213
1900-02-20 01:00:00+01:00;-16.5;33.59189617
1900-02-20 02:00:00+01:00;-16.4;33.0908639
1900-02-20 03:00:00+01:00;-19.4;34.02188943
1900-02-20 04:00:00+01:00;-19.7;34.69632354
1900-02-20 05:00:00+01:00;-20.2;36.31479797
1900-02-20 06:00:00+01:00;-16.2;41.09683565
1900-02-20 07:00:00+01:00;-13.8;47.86060624
1900-02-20 08:00:00+01:00;-11.2;39.51162562
1900-02-20 09:00:00+01:00;-10.7;40.52579769
1900-02-20 10:00:00+01:00;-8;38.87773752
1900-02-20 11:00:00+01:00;-5.3;35.97789688
1900-02-20 12:00:00+01:00;-4.3;34.90417016
1900-02-20 13:00:00+01:00;-3.4;33.89750225
1900-02-20 14:00:00+01:00;-2;33.5611175
1900-02-20 15:00:00+01:00;-2.3;32.98970246
1900-02-20 16:00:00+01:00;-2.3;36.84639254
1900-02-20 17:00:00+01:00;-3;39.69125454
1900-02-20 18:00:00+01:00;-5.6;41.34668601
1900-02-20 19:00:00+01:00;-7.3;42.26570813
1900-02-20 20:00:00+01:00;-8.7;43.13493597
1900-02-20 21:00:00+01:00;-10.2;41.89719579
1900-02-20 22:00:00+01:00;-11.3;39.34849831
1900-02-20 23:00:00+01:00;-11;36.83127478
1900-02-21 00:00:00+01:00;-12.3;33.37578859
1900-02-21 01:00:00+01:00;-14.2;32.01903732
1900-02-21 02:00:00+01:00;-14.6;31.54680285
1900-02-21 03:00:00+01:00;-18.2;32.56315685
1900-02-21 04:00:00+01:00;-16.9;32.64009915
1900-02-21 05:00:00+01:00;-16.7;33.94529707
1900-02-21 06:00:00+01:00;-17.9;39.98348176
1900-02-21 07:00:00+01:00;-16;48.12012911
1900-02-21 08:00:00+01:00;-15.5;40.37121327
1900-02-21 09:00:00+01:00;-13;40.75177171
1900-02-21 10:00:00+01:00;-9.7;39.29078886
1900-02-21 11:00:00+01:00;-7.3;36.62972322
1900-02-21 12:00:00+01:00;-5;35.13947608
1900-02-21 13:00:00+01:00;-3.8;33.96725761
1900-02-21 14:00:00+01:00;-2;33.43913024
1900-02-21 15:00:00+01:00;-1.5;32.44830584
1900-02-21 16:00:00+01:00;-1.7;36.38919529
1900-02-21 17:00:00+01:00;-2.9;39.53523246
1900-02-21 18:00:00+01:00;-4;40.37420136
1900-02-21 19:00:00+01:00;-4.8;40.75245052
1900-02-21 20:00:00+01:00;-5.3;41.52548756
1900-02-21 21:00:00+01:00;-5.3;39.81753734
1900-02-21 22:00:00+01:00;-6;37.07126724
1900-02-21 23:00:00+01:00;-8.7;35.62228725
1900-02-22 00:00:00+01:00;-9.2;31.83984666
1900-02-22 01:00:00+01:00;-10.2;30.36515341
1900-02-22 02:00:00+01:00;-12.8;30.43787656
1900-02-22 03:00:00+01:00;-13.3;30.49661376
1900-02-22 04:00:00+01:00;-14.6;31.23745753
1900-02-22 05:00:00+01:00;-17.5;33.60591895
1900-02-22 06:00:00+01:00;-15.2;38.62209128
1900-02-22 07:00:00+01:00;-15.7;47.19236211
1900-02-22 08:00:00+01:00;-16.5;39.82089376
1900-02-22 09:00:00+01:00;-9.3;38.60639967
1900-02-22 10:00:00+01:00;-6.5;36.9158138
1900-02-22 11:00:00+01:00;-2.4;33.52346843
1900-02-22 12:00:00+01:00;-1.9;32.47686398
1900-02-22 13:00:00+01:00;-0.7;31.2832669
1900-02-22 14:00:00+01:00;-1;31.76093423
1900-02-22 15:00:00+01:00;-1.2;31.48486005
1900-02-22 16:00:00+01:00;-2;35.66167923
1900-02-22 17:00:00+01:00;-4;39.10867878
1900-02-22 18:00:00+01:00;-7.1;41.06222364
1900-02-22 19:00:00+01:00;-9;42.16057667
1900-02-22 20:00:00+01:00;-10;42.44515924
1900-02-22 21:00:00+01:00;-12.2;41.52604848
1900-02-22 22:00:00+01:00;-11.1;38.39825555
1900-02-22 23:00:00+01:00;-14.3;37.028574
1900-02-23 00:00:00+01:00;-19.5;35.32124137
1900-02-23 01:00:00+01:00;-20;33.42210909
1900-02-23 02:00:00+01:00;-20.7;33.33544318
1900-02-23 03:00:00+01:00;-21.2;33.87687604
1900-02-23 04:00:00+01:00;-23;35.31807386
1900-02-23 05:00:00+01:00;-23.5;37.07175225
1900-02-23 06:00:00+01:00;-24.7;42.74734899
1900-02-23 07:00:00+01:00;-24;53.58018895
1900-02-23 08:00:00+01:00;-18.7;42.70271992
1900-02-23 09:00:00+01:00;-13;42.37238988
1900-02-23 10:00:00+01:00;-9.7;40.75516028
1900-02-23 11:00:00+01:00;-7.6;38.15074658
1900-02-23 12:00:00+01:00;-6;36.94126093
1900-02-23 13:00:00+01:00;-5.6;36.19565879
1900-02-23 14:00:00+01:00;-5.1;36.42616906
1900-02-23 15:00:00+01:00;-5;35.39489249
1900-02-23 16:00:00+01:00;-4.6;39.26695982
1900-02-23 17:00:00+01:00;-5.1;42.19361894
1900-02-23 18:00:00+01:00;-8.2;44.15709029
1900-02-23 19:00:00+01:00;-8.7;44.42033388
1900-02-23 20:00:00+01:00;-8;44.67572798
1900-02-23 21:00:00+01:00;-7;42.52899805
1900-02-23 22:00:00+01:00;-6.1;39.17894986
1900-02-23 23:00:00+01:00;-5.6;36.871958
1900-02-24 00:00:00+01:00;-7.6;35.0705237
1900-02-24 01:00:00+01:00;-8.6;32.56248145
1900-02-24 02:00:00+01:00;-8.7;31.01994044
1900-02-24 03:00:00+01:00;-9.6;30.77403808
1900-02-24 04:00:00+01:00;-9.2;30.19662693
1900-02-24 05:00:00+01:00;-9.1;30.10502055
1900-02-24 06:00:00+01:00;-6.3;31.04833801
1900-02-24 07:00:00+01:00;-5.3;31.30026314
1900-02-24 08:00:00+01:00;-5;34.93978887
1900-02-24 09:00:00+01:00;-4.6;39.34227924
1900-02-24 10:00:00+01:00;-3.3;39.83354026
1900-02-24 11:00:00+01:00;-2.3;39.10734518
1900-02-24 12:00:00+01:00;-1.7;36.6216538
1900-02-24 13:00:00+01:00;-0.8;35.15862476
1900-02-24 14:00:00+01:00;-0.7;34.03450547
1900-02-24 15:00:00+01:00;-1;34.77733982
1900-02-24 16:00:00+01:00;-1.5;35.77899091
1900-02-24 17:00:00+01:00;-2;37.24217064
1900-02-24 18:00:00+01:00;-2.1;37.39028609
1900-02-24 19:00:00+01:00;-4.3;38.15440031
1900-02-24 20:00:00+01:00;-5.6;37.98985351
1900-02-24 21:00:00+01:00;-7;36.38218073
1900-02-24 22:00:00+01:00;-8.6;34.0281787
1900-02-24 23:00:00+01:00;-10.2;32.5273418
1900-02-25 00:00:00+01:00;-10.6;31.05029032
1900-02-25 01:00:00+01:00;-11.6;29.3288587
1900-02-25 02:00:00+01:00;-10.6;28.45093386
1900-02-25 03:00:00+01:00;-11;27.96395813
1900-02-25 04:00:00+01:00;-12.2;28.10073205
1900-02-25 05:00:00+01:00;-13.5;29.20572695
1900-02-25 06:00:00+01:00;-12.6;30.37070239
1900-02-25 07:00:00+01:00;-12;32.5495412
1900-02-25 08:00:00+01:00;-9.8;36.50195233
1900-02-25 09:00:00+01:00;-8;40.38590658
1900-02-25 10:00:00+01:00;-6.8;41.3538005
1900-02-25 11:00:00+01:00;-5.5;41.08018112
1900-02-25 12:00:00+01:00;-3.5;38.06209411
1900-02-25 13:00:00+01:00;-1.7;36.17516381
1900-02-25 14:00:00+01:00;-2;35.34579225
1900-02-25 15:00:00+01:00;-2.8;36.48292228
1900-02-25 16:00:00+01:00;-3.1;37.47709814
1900-02-25 17:00:00+01:00;-3.3;38.9047238
1900-02-25 18:00:00+01:00;-3.6;39.35386445
1900-02-25 19:00:00+01:00;-4.1;39.44125208
1900-02-25 20:00:00+01:00;-4.5;39.15305851
1900-02-25 21:00:00+01:00;-4;37.02903051
1900-02-25 22:00:00+01:00;-4.6;34.10736666
1900-02-25 23:00:00+01:00;-7;32.95809034
1900-02-26 00:00:00+01:00;-6.5;29.51022938
1900-02-26 01:00:00+01:00;-5.3;27.43999689
1900-02-26 02:00:00+01:00;-5.3;26.75917534
1900-02-26 03:00:00+01:00;-5.1;26.50464971
1900-02-26 04:00:00+01:00;-5;26.44249569
1900-02-26 05:00:00+01:00;-4.5;27.5257095
1900-02-26 06:00:00+01:00;-4.1;33.84279322
1900-02-26 07:00:00+01:00;-3.9;38.76379626
1900-02-26 08:00:00+01:00;-3.5;33.20921869
1900-02-26 09:00:00+01:00;-2.5;33.69765549
1900-02-26 10:00:00+01:00;-1.4;32.1836385
1900-02-26 11:00:00+01:00;-0.3;30.1627434
1900-02-26 12:00:00+01:00;1;28.78794754
1900-02-26 13:00:00+01:00;2.8;27.37012405
1900-02-26 14:00:00+01:00;3.5;27.21273873
1900-02-26 15:00:00+01:00;0.8;28.80550442
1900-02-26 16:00:00+01:00;-0.1;32.71445982
1900-02-26 17:00:00+01:00;-1.5;35.49981636
1900-02-26 18:00:00+01:00;-2.5;36.23053149
1900-02-26 19:00:00+01:00;-3.4;36.69567999
1900-02-26 20:00:00+01:00;-3.5;36.55453595
1900-02-26 21:00:00+01:00;-4.8;35.43706723
1900-02-26 22:00:00+01:00;-5.5;32.99120196
1900-02-26 23:00:00+01:00;-4.3;30.06744243
1900-02-27 00:00:00+01:00;-6.1;26.75710478
1900-02-27 01:00:00+01:00;-7;25.15491862
1900-02-27 02:00:00+01:00;-6;24.44649693
1900-02-27 03:00:00+01:00;-6.3;24.57937
1900-02-27 04:00:00+01:00;-4.8;24.48471465
1900-02-27 05:00:00+01:00;-5;25.98876366
1900-02-27 06:00:00+01:00;-4.6;32.05803798
1900-02-27 07:00:00+01:00;-4.6;37.90177929
1900-02-27 08:00:00+01:00;-4.3;32.44693331
1900-02-27 09:00:00+01:00;-4.3;33.22603938
1900-02-27 10:00:00+01:00;-3.8;32.47434888
1900-02-27 11:00:00+01:00;-3.3;30.95969346
1900-02-27 12:00:00+01:00;-2.8;30.47978446
1900-02-27 13:00:00+01:00;-2.5;29.96930448
1900-02-27 14:00:00+01:00;-2.5;30.65860602
1900-02-27 15:00:00+01:00;-2.9;31.16462145
1900-02-27 16:00:00+01:00;-3;34.83626378
1900-02-27 17:00:00+01:00;-4;37.49503704
1900-02-27 18:00:00+01:00;-6.1;38.88072549
1900-02-27 19:00:00+01:00;-6.5;39.15401065
1900-02-27 20:00:00+01:00;-8.1;39.52131869
1900-02-27 21:00:00+01:00;-7.5;37.60509373
1900-02-27 22:00:00+01:00;-8.3;35.16789616
1900-02-27 23:00:00+01:00;-8.5;32.8195722
1900-02-28 00:00:00+01:00;-8.5;29.11759534
1900-02-28 01:00:00+01:00;-8;27.16985555
1900-02-28 02:00:00+01:00;-7.3;26.53184147
1900-02-28 03:00:00+01:00;-7.3;26.57268458
1900-02-28 04:00:00+01:00;-7.5;27.00386497
1900-02-28 05:00:00+01:00;-6.8;28.29459494
1900-02-28 06:00:00+01:00;-6.6;34.7141517
1900-02-28 07:00:00+01:00;-6.6;40.75193522
1900-02-28 08:00:00+01:00;-5.8;34.74061174
1900-02-28 09:00:00+01:00;-5.1;35.53774213
1900-02-28 10:00:00+01:00;-4.5;34.53755474
1900-02-28 11:00:00+01:00;-3.5;32.59712095
1900-02-28 12:00:00+01:00;-3;31.88113326
1900-02-28 13:00:00+01:00;-2.4;31.06848025
1900-02-28 14:00:00+01:00;-1.7;31.17665502
1900-02-28 15:00:00+01:00;-2.8;31.70834849
1900-02-28 16:00:00+01:00;-3;35.47580004
1900-02-28 17:00:00+01:00;-3.4;37.85654925
1900-02-28 18:00:00+01:00;-5.3;39.07876107
1900-02-28 19:00:00+01:00;-4.6;38.66644173
1900-02-28 20:00:00+01:00;-4.8;38.74058261
1900-02-28 21:00:00+01:00;-4.5;36.95483698
1900-02-28 22:00:00+01:00;-4.7;34.18336432
1900-02-28 23:00:00+01:00;-5.9;32.11745293
1900-03-01 00:00:00+01:00;-5.8;27.70198853
1900-03-01 01:00:00+01:00;-5.9;26.25667294
1900-03-01 02:00:00+01:00;-5.7;25.7746366
1900-03-01 03:00:00+01:00;-5.1;25.57636835
1900-03-01 04:00:00+01:00;-5;25.72621291
1900-03-01 05:00:00+01:00;-5;27.2741427
1900-03-01 06:00:00+01:00;-3.6;33.59622939
1900-03-01 07:00:00+01:00;-3.3;38.28492184
1900-03-01 08:00:00+01:00;-3.4;32.81327082
1900-03-01 09:00:00+01:00;-1.5;32.7332711
1900-03-01 10:00:00+01:00;-0.8;31.31555536
1900-03-01 11:00:00+01:00;-0.3;29.67624975
1900-03-01 12:00:00+01:00;0.1;28.79858173
1900-03-01 13:00:00+01:00;0;28.32096343
1900-03-01 14:00:00+01:00;0.6;28.68298488
1900-03-01 15:00:00+01:00;0.2;28.8332874
1900-03-01 16:00:00+01:00;0.2;31.53990991
1900-03-01 17:00:00+01:00;-0.1;33.37991911
1900-03-01 18:00:00+01:00;-0.3;33.83473514
1900-03-01 19:00:00+01:00;-1;34.44793073
1900-03-01 20:00:00+01:00;-0.8;34.44410744
1900-03-01 21:00:00+01:00;-0.8;32.79157845
1900-03-01 22:00:00+01:00;-1.7;30.25343437
1900-03-01 23:00:00+01:00;-1.5;27.90599498
1900-03-02 00:00:00+01:00;-1.9;24.50654926
1900-03-02 01:00:00+01:00;-2.5;23.18929544
1900-03-02 02:00:00+01:00;-2.6;22.75732057
1900-03-02 03:00:00+01:00;-3;22.81369189
1900-03-02 04:00:00+01:00;-3.8;23.34935127
1900-03-02 05:00:00+01:00;-4.5;25.0997859
1900-03-02 06:00:00+01:00;-4.6;31.29106043
1900-03-02 07:00:00+01:00;-5.1;37.40497274
1900-03-02 08:00:00+01:00;-4.1;31.34895076
1900-03-02 09:00:00+01:00;-3.4;31.45074472
1900-03-02 10:00:00+01:00;-2.3;30.46159193
1900-03-02 11:00:00+01:00;-1.4;28.91947032
1900-03-02 12:00:00+01:00;-0.7;28.22308794
1900-03-02 13:00:00+01:00;-0.5;27.6936954
1900-03-02 14:00:00+01:00;-0.5;28.51761041
1900-03-02 15:00:00+01:00;-0.7;28.86856026
1900-03-02 16:00:00+01:00;-0.7;31.59334636
1900-03-02 17:00:00+01:00;-2.6;34.32243956
1900-03-02 18:00:00+01:00;-2;34.42689036
1900-03-02 19:00:00+01:00;-2.8;35.19866026
1900-03-02 20:00:00+01:00;-2.4;34.92458352
1900-03-02 21:00:00+01:00;-2.5;33.36100646
1900-03-02 22:00:00+01:00;-3;30.78112727
1900-03-02 23:00:00+01:00;-3.1;28.63032732
1900-03-03 00:00:00+01:00;-3.5;26.7451038
1900-03-03 01:00:00+01:00;-3.5;24.93399766
1900-03-03 02:00:00+01:00;-3.3;24.06145735
1900-03-03 03:00:00+01:00;-3.5;23.77840341
1900-03-03 04:00:00+01:00;-3.5;23.71105666
1900-03-03 05:00:00+01:00;-3.9;24.12281266
1900-03-03 06:00:00+01:00;-4.3;26.1397369
1900-03-03 07:00:00+01:00;-4.1;27.89838439
1900-03-03 08:00:00+01:00;-5.3;32.52382085
1900-03-03 09:00:00+01:00;-4;35.92780973
1900-03-03 10:00:00+01:00;-3;36.37838576
1900-03-03 11:00:00+01:00;-2.3;36.08066825
1900-03-03 12:00:00+01:00;-2.4;34.49959217
1900-03-03 13:00:00+01:00;-2;33.44597888
1900-03-03 14:00:00+01:00;-2.3;32.91758799
1900-03-03 15:00:00+01:00;-2;33.02240979
1900-03-03 16:00:00+01:00;-1.7;33.5726545
1900-03-03 17:00:00+01:00;-2;34.9328145
1900-03-03 18:00:00+01:00;-2.6;35.71549516
1900-03-03 19:00:00+01:00;-2;35.21599607
1900-03-03 20:00:00+01:00;-1.5;34.48524726
1900-03-03 21:00:00+01:00;-1.5;32.54467471
1900-03-03 22:00:00+01:00;-1.5;29.43494996
1900-03-03 23:00:00+01:00;-1.7;27.76578099
1900-03-04 00:00:00+01:00;-2.1;26.52337097
1900-03-04 01:00:00+01:00;-2;24.56220488
1900-03-04 02:00:00+01:00;-2.5;23.7813054
1900-03-04 03:00:00+01:00;-0.3;22.75628384
1900-03-04 04:00:00+01:00;0.6;22.43294831
1900-03-04 05:00:00+01:00;0.7;22.40944297
1900-03-04 06:00:00+01:00;0.6;24.645179
1900-03-04 07:00:00+01:00;1;25.68434075
1900-03-04 08:00:00+01:00;1.2;29.21034366
1900-03-04 09:00:00+01:00;1.1;33.26333225
1900-03-04 10:00:00+01:00;1.3;33.6740018
1900-03-04 11:00:00+01:00;1.7;33.0374296
1900-03-04 12:00:00+01:00;2;31.01318018
1900-03-04 13:00:00+01:00;2.7;29.82640304
1900-03-04 14:00:00+01:00;2.4;29.06574889
1900-03-04 15:00:00+01:00;2.7;29.09727312
1900-03-04 16:00:00+01:00;2.3;29.94131473
1900-03-04 17:00:00+01:00;1.8;31.30855532
1900-03-04 18:00:00+01:00;2;31.54997163
1900-03-04 19:00:00+01:00;1.7;31.50173846
1900-03-04 20:00:00+01:00;1.6;30.98968741
1900-03-04 21:00:00+01:00;1.7;29.00901397
1900-03-04 22:00:00+01:00;1.2;26.24497007
1900-03-04 23:00:00+01:00;1;24.45655005
1900-03-05 00:00:00+01:00;0.8;21.70332368
1900-03-05 01:00:00+01:00;1;20.15909719
1900-03-05 02:00:00+01:00;0.8;19.7630812
1900-03-05 03:00:00+01:00;0.6;19.77682051
1900-03-05 04:00:00+01:00;0.5;20.12002534
1900-03-05 05:00:00+01:00;0.8;21.55468937
1900-03-05 06:00:00+01:00;1.1;27.79811088
1900-03-05 07:00:00+01:00;0.7;32.46700213
1900-03-05 08:00:00+01:00;0.8;27.85763611
1900-03-05 09:00:00+01:00;0.9;27.95480756
1900-03-05 10:00:00+01:00;0.9;27.14248268
1900-03-05 11:00:00+01:00;0.6;26.23781477
1900-03-05 12:00:00+01:00;0.7;25.86258022
1900-03-05 13:00:00+01:00;1;25.37429047
1900-03-05 14:00:00+01:00;0.8;26.34475469
1900-03-05 15:00:00+01:00;1;26.90196182
1900-03-05 16:00:00+01:00;1.4;29.21088033
1900-03-05 17:00:00+01:00;1.3;30.75620581
1900-03-05 18:00:00+01:00;1.5;31.07582159
1900-03-05 19:00:00+01:00;1.5;31.38570154
1900-03-05 20:00:00+01:00;1.5;31.39826085
1900-03-05 21:00:00+01:00;1.4;29.95549466
1900-03-05 22:00:00+01:00;1.4;27.28729397
1900-03-05 23:00:00+01:00;1.1;25.14292451
1900-03-06 00:00:00+01:00;0.9;21.75308213
1900-03-06 01:00:00+01:00;-0.6;20.78116659
1900-03-06 02:00:00+01:00;-0.6;20.47537736
1900-03-06 03:00:00+01:00;-0.7;20.54276182
1900-03-06 04:00:00+01:00;0;20.67316993
1900-03-06 05:00:00+01:00;0.5;22.0648782
1900-03-06 06:00:00+01:00;0.4;28.49823758
1900-03-06 07:00:00+01:00;0.6;32.96588906
1900-03-06 08:00:00+01:00;0.7;28.32232892
1900-03-06 09:00:00+01:00;1;28.42404011
1900-03-06 10:00:00+01:00;0.7;27.64703338
1900-03-06 11:00:00+01:00;1;26.43661099
1900-03-06 12:00:00+01:00;0.9;26.04573429
1900-03-06 13:00:00+01:00;1;25.60745329
1900-03-06 14:00:00+01:00;0.4;26.7476611
1900-03-06 15:00:00+01:00;0.4;27.35257614
1900-03-06 16:00:00+01:00;0.1;30.09966956
1900-03-06 17:00:00+01:00;0.5;31.37051855
1900-03-06 18:00:00+01:00;0.5;31.79855055
1900-03-06 19:00:00+01:00;0.4;32.18005922
1900-03-06 20:00:00+01:00;0.4;32.1181012
1900-03-06 21:00:00+01:00;0.3;30.64627156
1900-03-06 22:00:00+01:00;-0.3;28.19819451
1900-03-06 23:00:00+01:00;-0.8;26.12026185
1900-03-07 00:00:00+01:00;-1.4;22.97931039
1900-03-07 01:00:00+01:00;-1.7;21.59207879
1900-03-07 02:00:00+01:00;-2;21.35882652
1900-03-07 03:00:00+01:00;-1.7;21.32525681
1900-03-07 04:00:00+01:00;-1.2;21.54345892
1900-03-07 05:00:00+01:00;-1.2;23.1310886
1900-03-07 06:00:00+01:00;-1.4;29.54397225
1900-03-07 07:00:00+01:00;-1;34.39212612
1900-03-07 08:00:00+01:00;-0.7;29.39613585
1900-03-07 09:00:00+01:00;-0.6;29.64634169
1900-03-07 10:00:00+01:00;-0.3;28.75220929
1900-03-07 11:00:00+01:00;0.2;27.43296759
1900-03-07 12:00:00+01:00;0.6;26.81332281
1900-03-07 13:00:00+01:00;0.3;26.55736014
1900-03-07 14:00:00+01:00;0.2;27.42606453
1900-03-07 15:00:00+01:00;0.8;27.51779744
1900-03-07 16:00:00+01:00;0.1;30.52071089
1900-03-07 17:00:00+01:00;0.5;31.84918863
1900-03-07 18:00:00+01:00;0.8;32.10458545
1900-03-07 19:00:00+01:00;0.8;32.40351241
1900-03-07 20:00:00+01:00;0.4;32.66407992
1900-03-07 21:00:00+01:00;-0.3;31.39199698
1900-03-07 22:00:00+01:00;0;28.57645726
1900-03-07 23:00:00+01:00;-0.1;26.37907977
1900-03-08 00:00:00+01:00;-0.6;23.08005724
1900-03-08 01:00:00+01:00;-1;21.76393613
1900-03-08 02:00:00+01:00;-1.2;21.43293486
1900-03-08 03:00:00+01:00;-1.5;21.5085869
1900-03-08 04:00:00+01:00;-1.4;21.79907719
1900-03-08 05:00:00+01:00;-1.5;23.38317073
1900-03-08 06:00:00+01:00;-1.2;29.64747836
1900-03-08 07:00:00+01:00;-1;34.45503264
1900-03-08 08:00:00+01:00;-0.7;29.42040945
1900-03-08 09:00:00+01:00;-0.5;29.59522103
1900-03-08 10:00:00+01:00;0.1;28.54135546
1900-03-08 11:00:00+01:00;0.1;27.39885384
1900-03-08 12:00:00+01:00;0.9;26.59234352
1900-03-08 13:00:00+01:00;0.8;26.21989025
1900-03-08 14:00:00+01:00;1.2;26.7857602
1900-03-08 15:00:00+01:00;1.3;27.15853384
1900-03-08 16:00:00+01:00;1.1;29.83580006
1900-03-08 17:00:00+01:00;1;31.43369021
1900-03-08 18:00:00+01:00;1;31.85562249
1900-03-08 19:00:00+01:00;0.3;32.54646822
1900-03-08 20:00:00+01:00;0.2;32.58292719
1900-03-08 21:00:00+01:00;0.1;31.07014279
1900-03-08 22:00:00+01:00;-0.6;28.61327967
1900-03-08 23:00:00+01:00;-1;26.49848922
1900-03-09 00:00:00+01:00;-1.5;23.28475817
1900-03-09 01:00:00+01:00;-2;21.96967325
1900-03-09 02:00:00+01:00;-2.3;21.72447023
1900-03-09 03:00:00+01:00;-2.4;21.79589923
1900-03-09 04:00:00+01:00;-2.1;22.07393184
1900-03-09 05:00:00+01:00;-2.9;23.8984386
1900-03-09 06:00:00+01:00;-2.5;30.03006261
1900-03-09 07:00:00+01:00;-2.4;35.32657658
1900-03-09 08:00:00+01:00;-2.8;30.28133529
1900-03-09 09:00:00+01:00;-2.1;30.32224665
1900-03-09 10:00:00+01:00;-1.9;29.63140809
1900-03-09 11:00:00+01:00;-1.7;28.43560095
1900-03-09 12:00:00+01:00;-1.5;28.11010965
1900-03-09 13:00:00+01:00;-1.2;27.57832624
1900-03-09 14:00:00+01:00;-0.7;28.22011569
1900-03-09 15:00:00+01:00;-1;28.7735431
1900-03-09 16:00:00+01:00;-0.3;31.07377459
1900-03-09 17:00:00+01:00;-0.3;32.69348739
1900-03-09 18:00:00+01:00;-0.7;33.35950845
1900-03-09 19:00:00+01:00;-0.3;33.46466941
1900-03-09 20:00:00+01:00;-1.4;34.01949503
1900-03-09 21:00:00+01:00;-2;32.67458078
1900-03-09 22:00:00+01:00;-4.6;30.86857712
1900-03-09 23:00:00+01:00;-6.3;29.14418391
1900-03-10 00:00:00+01:00;-7.3;27.35998989
1900-03-10 01:00:00+01:00;-8.2;26.08124732
1900-03-10 02:00:00+01:00;-9.8;26.33678008
1900-03-10 03:00:00+01:00;-9.6;25.76650868
1900-03-10 04:00:00+01:00;-10.2;25.9328319
1900-03-10 05:00:00+01:00;-12.7;27.54288302
1900-03-10 06:00:00+01:00;-13.7;29.26450371
1900-03-10 07:00:00+01:00;-13.2;32.24975899
1900-03-10 08:00:00+01:00;-9;35.39866731
1900-03-10 09:00:00+01:00;-7.6;38.86014457
1900-03-10 10:00:00+01:00;-7.3;39.81367117
1900-03-10 11:00:00+01:00;-6.8;39.98424513
1900-03-10 12:00:00+01:00;-6.1;37.98927831
1900-03-10 13:00:00+01:00;-6.1;37.15118916
1900-03-10 14:00:00+01:00;-5.6;36.19228727
1900-03-10 15:00:00+01:00;-4.6;35.92370749
1900-03-10 16:00:00+01:00;-4.3;36.59567241
1900-03-10 17:00:00+01:00;-7.1;39.57843523
1900-03-10 18:00:00+01:00;-7.8;40.5503538
1900-03-10 19:00:00+01:00;-9.5;41.26646208
1900-03-10 20:00:00+01:00;-10.3;41.02363083
1900-03-10 21:00:00+01:00;-12.6;39.76987558
1900-03-10 22:00:00+01:00;-13.5;36.81861061
1900-03-10 23:00:00+01:00;-14;35.15150585
1900-03-11 00:00:00+01:00;-15;34.24027756
1900-03-11 01:00:00+01:00;-15.2;32.74768673
1900-03-11 02:00:00+01:00;-15.7;32.50961425
1900-03-11 03:00:00+01:00;-14.2;31.61514155
1900-03-11 04:00:00+01:00;-16.2;32.14467402
1900-03-11 05:00:00+01:00;-17.7;33.38066436
1900-03-11 06:00:00+01:00;-17;34.90096427
1900-03-11 07:00:00+01:00;-14.6;36.65901438
1900-03-11 08:00:00+01:00;-12.2;40.16780175
1900-03-11 09:00:00+01:00;-11.7;44.18887371
1900-03-11 10:00:00+01:00;-8.7;44.04259033
1900-03-11 11:00:00+01:00;-7.6;43.43752587
1900-03-11 12:00:00+01:00;-6.6;40.58246951
1900-03-11 13:00:00+01:00;-4.6;38.77849808
1900-03-11 14:00:00+01:00;-5.3;37.8751329
1900-03-11 15:00:00+01:00;-5;38.04064905
1900-03-11 16:00:00+01:00;-6.6;39.91838079
1900-03-11 17:00:00+01:00;-6.8;41.48198201
1900-03-11 18:00:00+01:00;-7.5;42.45224578
1900-03-11 19:00:00+01:00;-7.8;42.46133831
1900-03-11 20:00:00+01:00;-8.2;42.16497574
1900-03-11 21:00:00+01:00;-10.7;40.89774227
1900-03-11 22:00:00+01:00;-10.8;37.28744127
1900-03-11 23:00:00+01:00;-11.2;35.58886638
1900-03-12 00:00:00+01:00;-10.2;32.55359337
1900-03-12 01:00:00+01:00;-9.7;30.96096062
1900-03-12 02:00:00+01:00;-10;30.44598677
1900-03-12 03:00:00+01:00;-10.5;30.51576795
1900-03-12 04:00:00+01:00;-11.1;30.79884519
1900-03-12 05:00:00+01:00;-11.5;32.39268558
1900-03-12 06:00:00+01:00;-12;38.97737838
1900-03-12 07:00:00+01:00;-11.7;45.62018649
1900-03-12 08:00:00+01:00;-10.7;38.125362
1900-03-12 09:00:00+01:00;-6.3;37.51611408
1900-03-12 10:00:00+01:00;1.6;33.3342578
1900-03-12 11:00:00+01:00;-1;32.50464009
1900-03-12 12:00:00+01:00;-0.5;31.29198467
1900-03-12 13:00:00+01:00;1.8;29.51513578
1900-03-12 14:00:00+01:00;1.7;29.92824664
1900-03-12 15:00:00+01:00;3.8;28.03483479
1900-03-12 16:00:00+01:00;5.4;29.77736835
1900-03-12 17:00:00+01:00;1.2;34.00488541
1900-03-12 18:00:00+01:00;-3;36.66405207
1900-03-12 19:00:00+01:00;-6;38.54548205
1900-03-12 20:00:00+01:00;-7;38.77449313
1900-03-12 21:00:00+01:00;-8.1;37.24616045
1900-03-12 22:00:00+01:00;-8.7;34.48779353
1900-03-12 23:00:00+01:00;-9;32.2084357
1900-03-13 00:00:00+01:00;-9.2;29.03603196
1900-03-13 01:00:00+01:00;-9.7;27.53998183
1900-03-13 02:00:00+01:00;-9.2;27.01871079
1900-03-13 03:00:00+01:00;-9.1;27.03004856
1900-03-13 04:00:00+01:00;-8;27.00195647
1900-03-13 05:00:00+01:00;-7.5;28.32428758
1900-03-13 06:00:00+01:00;-7.3;34.52437876
1900-03-13 07:00:00+01:00;-6.1;39.87211094
1900-03-13 08:00:00+01:00;-4;33.05539668
1900-03-13 09:00:00+01:00;-2.5;33.05639831
1900-03-13 10:00:00+01:00;-1.7;31.90145587
1900-03-13 11:00:00+01:00;-0.6;30.08510625
1900-03-13 12:00:00+01:00;0;29.16509421
1900-03-13 13:00:00+01:00;2.2;27.62927734
1900-03-13 14:00:00+01:00;5.2;26.5842966
1900-03-13 15:00:00+01:00;4;26.98865042
1900-03-13 16:00:00+01:00;4.4;29.48622883
1900-03-13 17:00:00+01:00;2.5;32.40104411
1900-03-13 18:00:00+01:00;0.6;33.84494795
1900-03-13 19:00:00+01:00;-2;35.46706062
1900-03-13 20:00:00+01:00;-4.8;36.67058026
1900-03-13 21:00:00+01:00;-3.8;34.47821989
1900-03-13 22:00:00+01:00;-7;32.66702211
1900-03-13 23:00:00+01:00;-7.8;30.50487638
1900-03-14 00:00:00+01:00;-8.5;27.50306371
1900-03-14 01:00:00+01:00;-6.6;25.21557465
1900-03-14 02:00:00+01:00;-5.8;24.55243493
1900-03-14 03:00:00+01:00;-4.6;24.14849937
1900-03-14 04:00:00+01:00;-5.1;24.5496473
1900-03-14 05:00:00+01:00;-4.5;25.84693687
1900-03-14 06:00:00+01:00;-5.3;32.26863985
1900-03-14 07:00:00+01:00;-3.6;37.20241516
1900-03-14 08:00:00+01:00;-3.3;31.61227879
1900-03-14 09:00:00+01:00;-2.3;31.68775515
1900-03-14 10:00:00+01:00;-2.5;30.97715295
1900-03-14 11:00:00+01:00;-1.2;29.22958166
1900-03-14 12:00:00+01:00;-1;28.71405235
1900-03-14 13:00:00+01:00;1.2;27.23466288
1900-03-14 14:00:00+01:00;0.3;28.49971535
1900-03-14 15:00:00+01:00;0;28.80429626
1900-03-14 16:00:00+01:00;0;31.61628764
1900-03-14 17:00:00+01:00;0;33.38843988
1900-03-14 18:00:00+01:00;0.1;33.79171488
1900-03-14 19:00:00+01:00;0;34.11403361
1900-03-14 20:00:00+01:00;-0.1;34.4199282
1900-03-14 21:00:00+01:00;-0.3;32.87987599
1900-03-14 22:00:00+01:00;-1.5;30.37421129
1900-03-14 23:00:00+01:00;-0.7;27.81443116
1900-03-15 00:00:00+01:00;-1.7;24.4929264
1900-03-15 01:00:00+01:00;-2.1;23.11407238
1900-03-15 02:00:00+01:00;-3.5;23.03039657
1900-03-15 03:00:00+01:00;-3.6;23.05187665
1900-03-15 04:00:00+01:00;-4.5;23.65592323
1900-03-15 05:00:00+01:00;-5.1;25.40289863
1900-03-15 06:00:00+01:00;-5;31.46686273
1900-03-15 07:00:00+01:00;-5.3;37.58769685
1900-03-15 08:00:00+01:00;-3.8;31.33307343
1900-03-15 09:00:00+01:00;-2.3;31.19247919
1900-03-15 10:00:00+01:00;-1.5;30.11695647
1900-03-15 11:00:00+01:00;0.7;28.00252001
1900-03-15 12:00:00+01:00;2.8;26.34503963
1900-03-15 13:00:00+01:00;3.3;25.64059899
1900-03-15 14:00:00+01:00;3.9;25.88945162
1900-03-15 15:00:00+01:00;3.5;26.26159678
1900-03-15 16:00:00+01:00;3;29.07671967
1900-03-15 17:00:00+01:00;1.5;31.52677876
1900-03-15 18:00:00+01:00;-1;33.32795249
1900-03-15 19:00:00+01:00;-2.8;34.65354511
1900-03-15 20:00:00+01:00;-4.1;34.92795187
1900-03-15 21:00:00+01:00;-6.1;34.01048382
1900-03-15 22:00:00+01:00;-6.5;31.47028062
1900-03-15 23:00:00+01:00;-8;29.65309309
1900-03-16 00:00:00+01:00;-8;26.65466341
1900-03-16 01:00:00+01:00;-4.8;24.16989181
1900-03-16 02:00:00+01:00;-4.8;23.84514763
1900-03-16 03:00:00+01:00;-3.1;23.41167999
1900-03-16 04:00:00+01:00;-3;23.61935896
1900-03-16 05:00:00+01:00;-2.4;24.93275561
1900-03-16 06:00:00+01:00;-2.8;31.49210697
1900-03-16 07:00:00+01:00;-2.5;36.3615365
1900-03-16 08:00:00+01:00;-1.4;30.70440041
1900-03-16 09:00:00+01:00;0.1;30.61132268
1900-03-16 10:00:00+01:00;1;29.17484694
1900-03-16 11:00:00+01:00;1.8;27.59975328
1900-03-16 12:00:00+01:00;2.2;26.74495134
1900-03-16 13:00:00+01:00;2.3;26.28986947
1900-03-16 14:00:00+01:00;2.1;27.10159319
1900-03-16 15:00:00+01:00;2.2;27.23467814
1900-03-16 16:00:00+01:00;3;29.41801833
1900-03-16 17:00:00+01:00;1.9;31.72727446
1900-03-16 18:00:00+01:00;1.4;32.40954594
1900-03-16 19:00:00+01:00;1;32.85689569
1900-03-16 20:00:00+01:00;1.1;32.99717706
1900-03-16 21:00:00+01:00;0.3;31.62621946
1900-03-16 22:00:00+01:00;0.5;28.66890612
1900-03-16 23:00:00+01:00;-0.1;26.46381384
1900-03-17 00:00:00+01:00;0.4;24.09552002
1900-03-17 01:00:00+01:00;0;22.20510342
1900-03-17 02:00:00+01:00;-1.2;21.67224838
1900-03-17 03:00:00+01:00;-4.6;22.26837104
1900-03-17 04:00:00+01:00;-5.6;22.43581199
1900-03-17 05:00:00+01:00;-5.8;23.07294853
1900-03-17 06:00:00+01:00;-6;24.61065544
1900-03-17 07:00:00+01:00;-2.1;25.69343569
1900-03-17 08:00:00+01:00;-0.5;29.1392666
1900-03-17 09:00:00+01:00;2;32.18441274
1900-03-17 10:00:00+01:00;2.6;32.50209939
1900-03-17 11:00:00+01:00;5.5;30.54257293
1900-03-17 12:00:00+01:00;4.3;29.26078114
1900-03-17 13:00:00+01:00;4.4;28.53103652
1900-03-17 14:00:00+01:00;6.3;26.39789925
1900-03-17 15:00:00+01:00;6.6;26.47629811
1900-03-17 16:00:00+01:00;7.6;26.53418423
1900-03-17 17:00:00+01:00;4.5;29.45762027
1900-03-17 18:00:00+01:00;2.1;31.19228041
1900-03-17 19:00:00+01:00;1.6;31.28791005
1900-03-17 20:00:00+01:00;0;31.42916947
1900-03-17 21:00:00+01:00;-1.9;30.12555526
1900-03-17 22:00:00+01:00;-1.7;27.23453652
1900-03-17 23:00:00+01:00;-3.1;25.74988941
1900-03-18 00:00:00+01:00;-4;24.7049016
1900-03-18 01:00:00+01:00;-4.6;23.30322793
1900-03-18 02:00:00+01:00;-6.3;23.49681913
1900-03-18 03:00:00+01:00;-5.5;22.60360452
1900-03-18 04:00:00+01:00;-6.3;22.64473384
1900-03-18 05:00:00+01:00;-6.1;23.1080117
1900-03-18 06:00:00+01:00;-6.3;24.5072944
1900-03-18 07:00:00+01:00;-4.8;26.51597564
1900-03-18 08:00:00+01:00;-2.4;29.92698423
1900-03-18 09:00:00+01:00;-0.8;33.27917036
1900-03-18 10:00:00+01:00;0;33.76449613
1900-03-18 11:00:00+01:00;1.1;33.1889348
1900-03-18 12:00:00+01:00;1.3;31.43910233
1900-03-18 13:00:00+01:00;1.5;30.63197938
1900-03-18 14:00:00+01:00;2.3;29.40135684
1900-03-18 15:00:00+01:00;3.7;28.91775034
1900-03-18 16:00:00+01:00;3.4;29.89801547
1900-03-18 17:00:00+01:00;2;31.97887549
1900-03-18 18:00:00+01:00;1.8;32.59614294
1900-03-18 19:00:00+01:00;2;32.46454864
1900-03-18 20:00:00+01:00;0.3;32.81474216
1900-03-18 21:00:00+01:00;-0.3;31.10632113
1900-03-18 22:00:00+01:00;-1.7;28.56312589
1900-03-18 23:00:00+01:00;-2.5;26.96052975
1900-03-19 00:00:00+01:00;-3.8;24.72674132
1900-03-19 01:00:00+01:00;-3.1;22.96327339
1900-03-19 02:00:00+01:00;-3.4;22.59618528
1900-03-19 03:00:00+01:00;-3.9;22.71262813
1900-03-19 04:00:00+01:00;-4.1;23.09975384
1900-03-19 05:00:00+01:00;-5;24.8832596
1900-03-19 06:00:00+01:00;-5.5;30.90079223
1900-03-19 07:00:00+01:00;-4.3;36.5181775
1900-03-19 08:00:00+01:00;-3.3;30.63324356
1900-03-19 09:00:00+01:00;-2.5;30.66151962
1900-03-19 10:00:00+01:00;-1;29.47215715
1900-03-19 11:00:00+01:00;0;27.9307981
1900-03-19 12:00:00+01:00;3.5;25.74458989
1900-03-19 13:00:00+01:00;4.5;24.7960177
1900-03-19 14:00:00+01:00;6.5;24.26145653
1900-03-19 15:00:00+01:00;7.2;24.03339491
1900-03-19 16:00:00+01:00;7.3;26.3819951
1900-03-19 17:00:00+01:00;4.6;29.53032811
1900-03-19 18:00:00+01:00;3;30.84779531
1900-03-19 19:00:00+01:00;-0.3;32.9637009
1900-03-19 20:00:00+01:00;-2;33.61249484
1900-03-19 21:00:00+01:00;-3.3;32.48348682
1900-03-19 22:00:00+01:00;-4;30.02353153
1900-03-19 23:00:00+01:00;-6;28.29530708
1900-03-20 00:00:00+01:00;-6.6;25.34633993
1900-03-20 01:00:00+01:00;-6.8;23.72685801
1900-03-20 02:00:00+01:00;-8.6;23.99281277
1900-03-20 03:00:00+01:00;-7.5;23.91328017
1900-03-20 04:00:00+01:00;-8.3;24.80174393
1900-03-20 05:00:00+01:00;-8.7;26.54234684
1900-03-20 06:00:00+01:00;-8.8;32.27828594
1900-03-20 07:00:00+01:00;-7.1;38.66058505
1900-03-20 08:00:00+01:00;-4.3;31.66340516
1900-03-20 09:00:00+01:00;-3.4;31.71405599
1900-03-20 10:00:00+01:00;-3;30.96959131
1900-03-20 11:00:00+01:00;-1.4;29.1488859
1900-03-20 12:00:00+01:00;1;27.65099843
1900-03-20 13:00:00+01:00;5.1;25.24969197
1900-03-20 14:00:00+01:00;4.8;25.9573105
1900-03-20 15:00:00+01:00;3.8;26.56691381
1900-03-20 16:00:00+01:00;4;29.14298485
1900-03-20 17:00:00+01:00;4.2;30.82567644
1900-03-20 18:00:00+01:00;3.4;31.75297502
1900-03-20 19:00:00+01:00;1;33.31755638
1900-03-20 20:00:00+01:00;-1;34.51894864
1900-03-20 21:00:00+01:00;-2.1;33.29055251
1900-03-20 22:00:00+01:00;-2.4;30.57571843
1900-03-20 23:00:00+01:00;-2;28.16002408
1900-03-21 00:00:00+01:00;-2;24.63044718
1900-03-21 01:00:00+01:00;-1.9;23.10003349
1900-03-21 02:00:00+01:00;0.2;21.94481781
1900-03-21 03:00:00+01:00;0.3;21.65931171
1900-03-21 04:00:00+01:00;0;21.72248456
1900-03-21 05:00:00+01:00;-1;23.38506094
1900-03-21 06:00:00+01:00;-0.7;29.48655249
1900-03-21 07:00:00+01:00;-1;34.22802214
1900-03-21 08:00:00+01:00;-0.5;29.03313424
1900-03-21 09:00:00+01:00;-1.2;29.33240343
1900-03-21 10:00:00+01:00;-0.5;28.31813094
1900-03-21 11:00:00+01:00;0.7;26.70831687
1900-03-21 12:00:00+01:00;1.2;26.0416283
1900-03-21 13:00:00+01:00;1.6;25.53276777
1900-03-21 14:00:00+01:00;2.5;25.88477173
1900-03-21 15:00:00+01:00;1.9;26.70652681
1900-03-21 16:00:00+01:00;4.7;27.63805645
1900-03-21 17:00:00+01:00;3.7;29.80890421
1900-03-21 18:00:00+01:00;2.3;31.0435252
1900-03-21 19:00:00+01:00;4;30.38109012
1900-03-21 20:00:00+01:00;5;30.32882095
1900-03-21 21:00:00+01:00;5.4;28.69941385
1900-03-21 22:00:00+01:00;4.9;26.05767236
1900-03-21 23:00:00+01:00;4.6;23.89225874
1900-03-22 00:00:00+01:00;4.6;20.13943543
1900-03-22 01:00:00+01:00;4.6;18.76901743
1900-03-22 02:00:00+01:00;3.8;18.50568702
1900-03-22 03:00:00+01:00;3;18.58705782
1900-03-22 04:00:00+01:00;1.7;19.19158793
1900-03-22 05:00:00+01:00;0;21.20716052
1900-03-22 06:00:00+01:00;-2.8;27.77634775
1900-03-22 07:00:00+01:00;0.2;32.15252373
1900-03-22 08:00:00+01:00;1.8;26.92187184
1900-03-22 09:00:00+01:00;7.5;25.2234483
1900-03-22 10:00:00+01:00;7;23.74391544
1900-03-22 11:00:00+01:00;9.7;21.50712578
1900-03-22 12:00:00+01:00;10.4;19.87645377
1900-03-22 13:00:00+01:00;12.9;18.1566518
1900-03-22 14:00:00+01:00;14.1;9.942810832
1900-03-22 15:00:00+01:00;12.2;19.34747813
1900-03-22 16:00:00+01:00;11.6;21.6602117
1900-03-22 17:00:00+01:00;11.2;23.15946138
1900-03-22 18:00:00+01:00;10.8;23.72755532
1900-03-22 19:00:00+01:00;10.1;24.28378563
1900-03-22 20:00:00+01:00;8.6;25.28563001
1900-03-22 21:00:00+01:00;6.9;24.62636955
1900-03-22 22:00:00+01:00;8;21.70317311
1900-03-22 23:00:00+01:00;7.2;19.59030826
1900-03-23 00:00:00+01:00;5.6;16.52452121
1900-03-23 01:00:00+01:00;2.7;15.79374555
1900-03-23 02:00:00+01:00;4;15.16279813
1900-03-23 03:00:00+01:00;6.6;14.35364538
1900-03-23 04:00:00+01:00;5;15.09150497
1900-03-23 05:00:00+01:00;4.2;16.68362067
1900-03-23 06:00:00+01:00;3.5;22.24083648
1900-03-23 07:00:00+01:00;3.2;27.10326608
1900-03-23 08:00:00+01:00;4.1;22.73117097
1900-03-23 09:00:00+01:00;4.7;22.25690188
1900-03-23 10:00:00+01:00;4.8;21.59226031
1900-03-23 11:00:00+01:00;4.9;20.98681953
1900-03-23 12:00:00+01:00;5.3;20.54376369
1900-03-23 13:00:00+01:00;5.2;20.49840611
1900-03-23 14:00:00+01:00;5.7;21.22367051
1900-03-23 15:00:00+01:00;5.2;22.87582237
1900-03-23 16:00:00+01:00;4.8;25.39737488
1900-03-23 17:00:00+01:00;4.2;27.09541541
1900-03-23 18:00:00+01:00;3.7;27.90727604
1900-03-23 19:00:00+01:00;3.5;28.44531455
1900-03-23 20:00:00+01:00;3.6;28.25868137
1900-03-23 21:00:00+01:00;3.2;27.06416468
1900-03-23 22:00:00+01:00;2.6;24.82616778
1900-03-23 23:00:00+01:00;2.4;22.63251283
1900-03-24 00:00:00+01:00;2.4;20.58736636
1900-03-24 01:00:00+01:00;2;18.96571445
1900-03-24 02:00:00+01:00;1.9;18.3802623
1900-03-24 03:00:00+01:00;1.7;18.08658642
1900-03-24 04:00:00+01:00;1.9;18.03244128
1900-03-24 05:00:00+01:00;1.4;18.51718052
1900-03-24 06:00:00+01:00;0.9;20.36057644
1900-03-24 07:00:00+01:00;2;21.96389176
1900-03-24 08:00:00+01:00;3.4;25.44995387
1900-03-24 09:00:00+01:00;4.1;29.12000883
1900-03-24 10:00:00+01:00;4.5;29.55700702
1900-03-24 11:00:00+01:00;5.9;28.51257297
1900-03-24 12:00:00+01:00;6;26.86384219
1900-03-24 13:00:00+01:00;6;26.15580891
1900-03-24 14:00:00+01:00;9;23.55232351
1900-03-24 15:00:00+01:00;8;24.41841587
1900-03-24 16:00:00+01:00;7.5;25.30111179
1900-03-24 17:00:00+01:00;6.1;27.15973406
1900-03-24 18:00:00+01:00;3.6;28.90431555
1900-03-24 19:00:00+01:00;1.4;29.80779762
1900-03-24 20:00:00+01:00;0.4;29.55286893
1900-03-24 21:00:00+01:00;-1.4;28.19539367
1900-03-24 22:00:00+01:00;-3.5;26.259418
1900-03-24 23:00:00+01:00;-3.5;24.23974662
1900-03-25 00:00:00+01:00;-4.3;23.18574367
1900-03-25 01:00:00+01:00;-5.3;22.07336857
1900-03-25 02:00:00+01:00;-4;21.48438358
1900-03-25 03:00:00+01:00;-4;20.94522698
1900-03-25 04:00:00+01:00;-3;20.62937756
1900-03-25 05:00:00+01:00;-2.9;21.13340246
1900-03-25 06:00:00+01:00;-2;22.53014394
1900-03-25 07:00:00+01:00;-1;24.33651969
1900-03-25 08:00:00+01:00;-0.7;28.44410375
1900-03-25 09:00:00+01:00;0.1;32.09558071
1900-03-25 10:00:00+01:00;0;32.96838415
1900-03-25 11:00:00+01:00;0.6;32.78488877
1900-03-25 12:00:00+01:00;1.4;30.89702059
1900-03-25 13:00:00+01:00;2.2;29.74169612
1900-03-25 14:00:00+01:00;3;28.59319169
1900-03-25 15:00:00+01:00;2.6;29.21149244
1900-03-25 16:00:00+01:00;2.4;30.10652945
1900-03-25 17:00:00+01:00;2.6;31.25979347
1900-03-25 18:00:00+01:00;1.9;32.15735509
1900-03-25 19:00:00+01:00;1.6;32.23558578
1900-03-25 20:00:00+01:00;1.6;31.8144592
1900-03-25 21:00:00+01:00;1.5;29.96216919
1900-03-25 22:00:00+01:00;1.3;26.98189064
1900-03-25 23:00:00+01:00;1.2;25.19588154
1900-03-26 00:00:00+01:00;1.3;21.2809621
1900-03-26 01:00:00+01:00;1.4;18.33099983
1900-03-26 02:00:00+01:00;1.4;19.21064345
1900-03-26 03:00:00+01:00;1.6;17.78253445
1900-03-26 04:00:00+01:00;2.5;16.93011209
1900-03-26 05:00:00+01:00;2.8;17.63527072
1900-03-26 06:00:00+01:00;3;19.78410672
1900-03-26 07:00:00+01:00;2.9;20.67722523
1900-03-26 08:00:00+01:00;2.5;23.43210831
1900-03-26 09:00:00+01:00;1.5;28.81700599
1900-03-26 10:00:00+01:00;1.7;27.62825871
1900-03-26 11:00:00+01:00;2.1;27.57815587
1900-03-26 12:00:00+01:00;2.3;26.57286536
1900-03-26 13:00:00+01:00;2.6;25.1340987
1900-03-26 14:00:00+01:00;2.4;25.3856209
1900-03-26 15:00:00+01:00;3;24.62041206
1900-03-26 16:00:00+01:00;3.3;25.00815656
1900-03-26 17:00:00+01:00;3;25.98490458
1900-03-26 18:00:00+01:00;2.9;26.10910438
1900-03-26 19:00:00+01:00;2;26.795842
1900-03-26 20:00:00+01:00;2;26.99414918
1900-03-26 21:00:00+01:00;2;25.75508425
1900-03-26 22:00:00+01:00;2;22.87093053
1900-03-26 23:00:00+01:00;1.8;21.55785639
1900-03-27 00:00:00+01:00;1.8;19.98912537
1900-03-27 01:00:00+01:00;1.6;17.15651895
1900-03-27 02:00:00+01:00;0.9;18.79673743
1900-03-27 03:00:00+01:00;0.4;17.61433029
1900-03-27 04:00:00+01:00;0.5;17.41117643
1900-03-27 05:00:00+01:00;0.3;18.2798456
1900-03-27 06:00:00+01:00;0.9;20.23679513
1900-03-27 07:00:00+01:00;1.4;21.40849849
1900-03-27 08:00:00+01:00;2.5;23.40299009
1900-03-27 09:00:00+01:00;3.4;26.87481418
1900-03-27 10:00:00+01:00;5;25.27333172
1900-03-27 11:00:00+01:00;4.8;25.8806818
1900-03-27 12:00:00+01:00;5.5;24.36554874
1900-03-27 13:00:00+01:00;6;23.0229116
1900-03-27 14:00:00+01:00;5.8;23.10033545
1900-03-27 15:00:00+01:00;6.1;22.82712123
1900-03-27 16:00:00+01:00;4.5;24.12808706
1900-03-27 17:00:00+01:00;4.3;25.09940254
1900-03-27 18:00:00+01:00;3.8;25.4092058
1900-03-27 19:00:00+01:00;3.1;26.01068214
1900-03-27 20:00:00+01:00;2.8;26.30187231
1900-03-27 21:00:00+01:00;1.7;25.51060121
1900-03-27 22:00:00+01:00;1.6;22.75653438
1900-03-27 23:00:00+01:00;1.1;21.43060185
1900-03-28 00:00:00+01:00;1.2;19.93190593
1900-03-28 01:00:00+01:00;1.3;16.83162109
1900-03-28 02:00:00+01:00;1.3;18.26591074
1900-03-28 03:00:00+01:00;1.2;16.92788416
1900-03-28 04:00:00+01:00;1.1;16.76592944
1900-03-28 05:00:00+01:00;0.4;17.75334775
1900-03-28 06:00:00+01:00;0.6;19.75763805
1900-03-28 07:00:00+01:00;2.7;20.39747002
1900-03-28 08:00:00+01:00;2.9;22.72460277
1900-03-28 09:00:00+01:00;3.7;26.47723501
1900-03-28 10:00:00+01:00;4.4;25.4954284
1900-03-28 11:00:00+01:00;5;25.44930385
1900-03-28 12:00:00+01:00;5.1;24.39742866
1900-03-28 13:00:00+01:00;5.5;23.15510879
1900-03-28 14:00:00+01:00;5.7;23.03909888
1900-03-28 15:00:00+01:00;5.6;22.99826221
1900-03-28 16:00:00+01:00;6.4;23.03859328
1900-03-28 17:00:00+01:00;4;25.16434187
1900-03-28 18:00:00+01:00;3.9;25.31897564
1900-03-28 19:00:00+01:00;4;25.56763656
1900-03-28 20:00:00+01:00;2.7;26.32898408
1900-03-28 21:00:00+01:00;2.2;25.24963061
1900-03-28 22:00:00+01:00;2.4;22.34678993
1900-03-28 23:00:00+01:00;2;20.99324012
1900-03-29 00:00:00+01:00;2.9;19.06466878
1900-03-29 01:00:00+01:00;1.9;16.54420649
1900-03-29 02:00:00+01:00;1.7;17.85280684
1900-03-29 03:00:00+01:00;1.3;16.72213761
1900-03-29 04:00:00+01:00;0.8;16.77776507
1900-03-29 05:00:00+01:00;-0.7;18.07329237
1900-03-29 06:00:00+01:00;-0.3;19.9283307
1900-03-29 07:00:00+01:00;0.6;21.47825545
1900-03-29 08:00:00+01:00;1.8;23.1250363
1900-03-29 09:00:00+01:00;2.5;27.70329809
1900-03-29 10:00:00+01:00;3.2;26.35535297
1900-03-29 11:00:00+01:00;3.6;26.34256161
1900-03-29 12:00:00+01:00;3.5;25.51506334
1900-03-29 13:00:00+01:00;4.5;23.80327826
1900-03-29 14:00:00+01:00;4.2;24.0499575
1900-03-29 15:00:00+01:00;3.6;24.10838529
1900-03-29 16:00:00+01:00;3.6;24.70925953
1900-03-29 17:00:00+01:00;3.8;25.47112443
1900-03-29 18:00:00+01:00;2.1;26.45498167
1900-03-29 19:00:00+01:00;0.7;27.32591795
1900-03-29 20:00:00+01:00;-1.2;28.72770087
1900-03-29 21:00:00+01:00;-3;27.96412957
1900-03-29 22:00:00+01:00;-3.5;25.46984071
1900-03-29 23:00:00+01:00;-3.3;23.76928747
1900-03-30 00:00:00+01:00;-3.5;22.74037455
1900-03-30 01:00:00+01:00;-4;18.61386109
1900-03-30 02:00:00+01:00;-5.6;23.63576829
1900-03-30 03:00:00+01:00;-5.1;20.84295494
1900-03-30 04:00:00+01:00;-3.1;19.96983177
1900-03-30 05:00:00+01:00;-4.1;21.10829404
1900-03-30 06:00:00+01:00;-4.3;23.14374846
1900-03-30 07:00:00+01:00;-3.8;24.77905279
1900-03-30 08:00:00+01:00;-3.4;26.70861615
1900-03-30 09:00:00+01:00;-3.5;34.13626275
1900-03-30 10:00:00+01:00;-1.4;30.44908402
1900-03-30 11:00:00+01:00;0.5;29.73689063
1900-03-30 12:00:00+01:00;3.2;27.09218857
1900-03-30 13:00:00+01:00;5.3;24.57293877
1900-03-30 14:00:00+01:00;6.4;24.0072224
1900-03-30 15:00:00+01:00;7;23.75653601
1900-03-30 16:00:00+01:00;9.1;22.82078368
1900-03-30 17:00:00+01:00;9.4;24.22153251
1900-03-30 18:00:00+01:00;4.4;26.02776621
1900-03-30 19:00:00+01:00;3.3;27.11982367
1900-03-30 20:00:00+01:00;1;28.28275264
1900-03-30 21:00:00+01:00;0;27.62659406
1900-03-30 22:00:00+01:00;-1.5;25.22228216
1900-03-30 23:00:00+01:00;-0.1;23.32367834
1900-03-31 00:00:00+01:00;-3;22.974362
1900-03-31 01:00:00+01:00;-0.1;18.46220102
1900-03-31 02:00:00+01:00;-2.5;21.69283513
1900-03-31 03:00:00+01:00;-3.4;19.98242637
1900-03-31 04:00:00+01:00;-3;19.71896759
1900-03-31 05:00:00+01:00;-6.5;21.82318623
1900-03-31 06:00:00+01:00;-4.1;22.68630733
1900-03-31 07:00:00+01:00;0.2;22.37548504
1900-03-31 08:00:00+01:00;2.8;23.70708315
1900-03-31 09:00:00+01:00;4.1;26.21814082
1900-03-31 10:00:00+01:00;4.7;25.60279955
1900-03-31 11:00:00+01:00;6.2;25.20038551
1900-03-31 12:00:00+01:00;6.8;23.65102481
1900-03-31 13:00:00+01:00;7.7;22.17597897
1900-03-31 14:00:00+01:00;8.2;21.81224322
1900-03-31 15:00:00+01:00;8.8;21.71201614
1900-03-31 16:00:00+01:00;8.4;22.26174483
1900-03-31 17:00:00+01:00;9.9;22.92613621
1900-03-31 18:00:00+01:00;6.6;24.10063812
1900-03-31 19:00:00+01:00;5.6;25.12319274
1900-03-31 20:00:00+01:00;3.1;26.31227749
1900-03-31 21:00:00+01:00;2.1;25.54586352
1900-03-31 22:00:00+01:00;2.2;22.59545263
1900-03-31 23:00:00+01:00;2.8;20.89755231
1900-04-01 00:00:00+01:00;3.5;18.87625758
1900-04-01 01:00:00+01:00;4.3;16.25092088
1900-04-01 02:00:00+01:00;5.3;15.42246464
1900-04-01 03:00:00+01:00;6.3;14.25218713
1900-04-01 04:00:00+01:00;6.1;13.7682166
1900-04-01 05:00:00+01:00;6;14.45092179
1900-04-01 06:00:00+01:00;5.6;16.73926786
1900-04-01 07:00:00+01:00;6.8;17.48579854
1900-04-01 08:00:00+01:00;6.2;20.23627698
1900-04-01 09:00:00+01:00;6.1;23.79373439
1900-04-01 10:00:00+01:00;5.8;23.88174035
1900-04-01 11:00:00+01:00;6.8;23.25768721
1900-04-01 12:00:00+01:00;5.4;23.20134322
1900-04-01 13:00:00+01:00;5.7;22.14789131
1900-04-01 14:00:00+01:00;5.7;22.09576767
1900-04-01 15:00:00+01:00;3.8;22.93570656
1900-04-01 16:00:00+01:00;6.5;22.20415314
1900-04-01 17:00:00+01:00;8.2;22.3710356
1900-04-01 18:00:00+01:00;6.5;23.26759932
1900-04-01 19:00:00+01:00;4.9;24.32672136
1900-04-01 20:00:00+01:00;3.7;25.0542807
1900-04-01 21:00:00+01:00;2.8;23.92145879
1900-04-01 22:00:00+01:00;3.4;21.01465109
1900-04-01 23:00:00+01:00;1.9;19.81701226
1900-04-02 00:00:00+01:00;1.3;18.72681984
1900-04-02 01:00:00+01:00;1;15.52909415
1900-04-02 02:00:00+01:00;-2.5;19.84789838
1900-04-02 03:00:00+01:00;-2.4;17.722417
1900-04-02 04:00:00+01:00;-4;18.73101677
1900-04-02 05:00:00+01:00;-2.5;18.58931356
1900-04-02 06:00:00+01:00;-1;20.05682455
1900-04-02 07:00:00+01:00;2.6;20.40009959
1900-04-02 08:00:00+01:00;5;21.89678457
1900-04-02 09:00:00+01:00;5.7;24.43391593
1900-04-02 10:00:00+01:00;7.6;23.2053553
1900-04-02 11:00:00+01:00;9.9;22.39469554
1900-04-02 12:00:00+01:00;9.8;21.13377821
1900-04-02 13:00:00+01:00;12.1;19.06773596
1900-04-02 14:00:00+01:00;9.9;20.13234388
1900-04-02 15:00:00+01:00;9.1;20.81527328
1900-04-02 16:00:00+01:00;13;17.95855619
1900-04-02 17:00:00+01:00;11;21.45353826
1900-04-02 18:00:00+01:00;8.2;22.55834205
1900-04-02 19:00:00+01:00;4.3;24.84576684
1900-04-02 20:00:00+01:00;2.9;25.72153743
1900-04-02 21:00:00+01:00;3;24.19709115
1900-04-02 22:00:00+01:00;2.7;21.64447181
1900-04-02 23:00:00+01:00;2.4;20.06887778
1900-04-03 00:00:00+01:00;2.1;19.11649133
1900-04-03 01:00:00+01:00;1;17.81361992
1900-04-03 02:00:00+01:00;0.8;17.45396611
1900-04-03 03:00:00+01:00;1.3;17.23579082
1900-04-03 04:00:00+01:00;0.8;17.71858353
1900-04-03 05:00:00+01:00;0.6;19.1625068
1900-04-03 06:00:00+01:00;0;24.79321384
1900-04-03 07:00:00+01:00;1.1;29.81503851
1900-04-03 08:00:00+01:00;2.5;24.9797966
1900-04-03 09:00:00+01:00;3.5;24.59754646
1900-04-03 10:00:00+01:00;5.6;23.0670788
1900-04-03 11:00:00+01:00;6;22.15255719
1900-04-03 12:00:00+01:00;7;21.08702257
1900-04-03 13:00:00+01:00;6.6;21.0992102
1900-04-03 14:00:00+01:00;7;21.616547
1900-04-03 15:00:00+01:00;6.1;23.07034739
1900-04-03 16:00:00+01:00;4.9;26.15182821
1900-04-03 17:00:00+01:00;5.4;27.36033759
1900-04-03 18:00:00+01:00;3.7;28.80749019
1900-04-03 19:00:00+01:00;2.1;30.0106785
1900-04-03 20:00:00+01:00;1.2;30.17325218
1900-04-03 21:00:00+01:00;1.1;28.73017009
1900-04-03 22:00:00+01:00;0.2;26.46346397
1900-04-03 23:00:00+01:00;-1;24.48400509
1900-04-04 00:00:00+01:00;-1;21.24444364
1900-04-04 01:00:00+01:00;-2;19.92180051
1900-04-04 02:00:00+01:00;-3;19.96296251
1900-04-04 03:00:00+01:00;-4.8;20.68110671
1900-04-04 04:00:00+01:00;-5.1;21.52328646
1900-04-04 05:00:00+01:00;-7.6;23.98880376
1900-04-04 06:00:00+01:00;-5.6;28.95779499
1900-04-04 07:00:00+01:00;-1.4;33.61431666
1900-04-04 08:00:00+01:00;-0.7;28.47913316
1900-04-04 09:00:00+01:00;1.1;28.16289736
1900-04-04 10:00:00+01:00;-0.7;28.13453718
1900-04-04 11:00:00+01:00;-1.5;27.5537487
1900-04-04 12:00:00+01:00;-1;27.28003299
1900-04-04 13:00:00+01:00;0.4;26.33884511
1900-04-04 14:00:00+01:00;0.1;27.4522989
1900-04-04 15:00:00+01:00;0.5;27.74867546
1900-04-04 16:00:00+01:00;1.9;29.61162666
1900-04-04 17:00:00+01:00;2;31.23094786
1900-04-04 18:00:00+01:00;2.2;31.603718
1900-04-04 19:00:00+01:00;2.2;31.90726515
1900-04-04 20:00:00+01:00;2.2;32.27482069
1900-04-04 21:00:00+01:00;2.2;30.82018775
1900-04-04 22:00:00+01:00;2;28.14794637
1900-04-04 23:00:00+01:00;1.9;26.00803564
1900-04-05 00:00:00+01:00;1.5;22.54629041
1900-04-05 01:00:00+01:00;0.9;21.38010738
1900-04-05 02:00:00+01:00;0.6;20.98251249
1900-04-05 03:00:00+01:00;0;20.97737839
1900-04-05 04:00:00+01:00;-0.3;21.20328992
1900-04-05 05:00:00+01:00;0;22.4515065
1900-04-05 06:00:00+01:00;0.4;28.56496672
1900-04-05 07:00:00+01:00;1;32.7481344
1900-04-05 08:00:00+01:00;2.8;27.56928575
1900-04-05 09:00:00+01:00;3.1;27.68591447
1900-04-05 10:00:00+01:00;6;25.29776154
1900-04-05 11:00:00+01:00;8.7;22.92650345
1900-04-05 12:00:00+01:00;11.1;20.3979914
1900-04-05 13:00:00+01:00;11.9;19.45407214
1900-04-05 14:00:00+01:00;13.1;18.92236414
1900-04-05 15:00:00+01:00;12.2;19.84467717
1900-04-05 16:00:00+01:00;11.8;22.06707458
1900-04-05 17:00:00+01:00;11;23.85294577
1900-04-05 18:00:00+01:00;9;25.32137296
1900-04-05 19:00:00+01:00;6.4;26.93285747
1900-04-05 20:00:00+01:00;4.8;27.65615633
1900-04-05 21:00:00+01:00;4.2;26.44038346
1900-04-05 22:00:00+01:00;1.6;24.75035539
1900-04-05 23:00:00+01:00;0.7;22.56468368
1900-04-06 00:00:00+01:00;-1.7;20.07784458
1900-04-06 01:00:00+01:00;-2.9;18.61186949
1900-04-06 02:00:00+01:00;-2.6;18.33635147
1900-04-06 03:00:00+01:00;-3.9;18.87455848
1900-04-06 04:00:00+01:00;-3.4;19.4681496
1900-04-06 05:00:00+01:00;-3.5;21.04178195
1900-04-06 06:00:00+01:00;-2;26.05503984
1900-04-06 07:00:00+01:00;0;31.07711737
1900-04-06 08:00:00+01:00;1.5;25.95062273
1900-04-06 09:00:00+01:00;2;25.72797681
1900-04-06 10:00:00+01:00;3.7;24.43885619
1900-04-06 11:00:00+01:00;5.5;22.92209357
1900-04-06 12:00:00+01:00;7.4;21.42898779
1900-04-06 13:00:00+01:00;6.9;21.46188072
1900-04-06 14:00:00+01:00;9.4;20.85093614
1900-04-06 15:00:00+01:00;11.2;20.57016793
1900-04-06 16:00:00+01:00;9.5;23.7795269
1900-04-06 17:00:00+01:00;7.6;26.41843213
1900-04-06 18:00:00+01:00;7.2;27.16087804
1900-04-06 19:00:00+01:00;4.7;28.83351945
1900-04-06 20:00:00+01:00;3;29.76134867
1900-04-06 21:00:00+01:00;2;28.7249259
1900-04-06 22:00:00+01:00;1.8;26.16280187
1900-04-06 23:00:00+01:00;-0.1;24.405596
1900-04-07 00:00:00+01:00;-0.6;22.32947455
1900-04-07 01:00:00+01:00;0.5;20.22809212
1900-04-07 02:00:00+01:00;-2;20.39859087
1900-04-07 03:00:00+01:00;-2.1;19.75375931
1900-04-07 04:00:00+01:00;-2.4;19.63395392
1900-04-07 05:00:00+01:00;-1.2;19.63873118
1900-04-07 06:00:00+01:00;-0.6;20.92778
1900-04-07 07:00:00+01:00;2;22.10644116
1900-04-07 08:00:00+01:00;3.5;25.47122884
1900-04-07 09:00:00+01:00;6.7;28.17134233
1900-04-07 10:00:00+01:00;8.5;27.80986279
1900-04-07 11:00:00+01:00;10.3;26.00978588
1900-04-07 12:00:00+01:00;9.4;24.63071536
1900-04-07 13:00:00+01:00;11.5;22.89795986
1900-04-07 14:00:00+01:00;10.4;22.47167498
1900-04-07 15:00:00+01:00;12;21.84338854
1900-04-07 16:00:00+01:00;11.1;23.01878676
1900-04-07 17:00:00+01:00;9.2;25.22965793
1900-04-07 18:00:00+01:00;7.8;26.44699274
1900-04-07 19:00:00+01:00;6.9;26.85028101
1900-04-07 20:00:00+01:00;5.7;26.91016185
1900-04-07 21:00:00+01:00;4.4;25.51131444
1900-04-07 22:00:00+01:00;4.4;22.81869744
1900-04-07 23:00:00+01:00;3.6;21.09245153
1900-04-08 00:00:00+01:00;3.1;19.73890845
1900-04-08 01:00:00+01:00;2.9;17.99532189
1900-04-08 02:00:00+01:00;2.5;17.37561432
1900-04-08 03:00:00+01:00;2.3;16.77958737
1900-04-08 04:00:00+01:00;1.8;16.67169488
1900-04-08 05:00:00+01:00;1.5;17.01711991
1900-04-08 06:00:00+01:00;2;18.19073993
1900-04-08 07:00:00+01:00;4;19.57801496
1900-04-08 08:00:00+01:00;4.3;23.48903734
1900-04-08 09:00:00+01:00;6.2;26.57895561
1900-04-08 10:00:00+01:00;7;26.86568553
1900-04-08 11:00:00+01:00;7.5;26.31155877
1900-04-08 12:00:00+01:00;8.6;24.28047345
1900-04-08 13:00:00+01:00;9;23.4572757
1900-04-08 14:00:00+01:00;11;21.49721773
1900-04-08 15:00:00+01:00;10.4;22.19602652
1900-04-08 16:00:00+01:00;10.2;22.9430804
1900-04-08 17:00:00+01:00;9;24.71664874
1900-04-08 18:00:00+01:00;6.7;26.39292274
1900-04-08 19:00:00+01:00;4.6;27.34585422
1900-04-08 20:00:00+01:00;3.4;27.27826614
1900-04-08 21:00:00+01:00;2.5;25.68135705
1900-04-08 22:00:00+01:00;1.9;23.32029709
1900-04-08 23:00:00+01:00;1.5;21.4827433
1900-04-09 00:00:00+01:00;1.2;19.0843881
1900-04-09 01:00:00+01:00;0.5;17.65129632
1900-04-09 02:00:00+01:00;1;17.26145284
1900-04-09 03:00:00+01:00;0.1;17.58650926
1900-04-09 04:00:00+01:00;-1.2;18.57788961
1900-04-09 05:00:00+01:00;-2.1;20.40968684
1900-04-09 06:00:00+01:00;-0.3;25.50367741
1900-04-09 07:00:00+01:00;2;29.88988172
1900-04-09 08:00:00+01:00;3.6;25.11666756
1900-04-09 09:00:00+01:00;3.5;25.16178489
1900-04-09 10:00:00+01:00;4.9;23.82831534
1900-04-09 11:00:00+01:00;7.2;22.05571181
1900-04-09 12:00:00+01:00;7.6;21.08102358
1900-04-09 13:00:00+01:00;9;20.11595341
1900-04-09 14:00:00+01:00;9.3;20.5352062
1900-04-09 15:00:00+01:00;6.9;22.71975266
1900-04-09 16:00:00+01:00;5.1;26.09299387
1900-04-09 17:00:00+01:00;3.1;28.69760018
1900-04-09 18:00:00+01:00;2.4;29.57160166
1900-04-09 19:00:00+01:00;1.7;30.30738801
1900-04-09 20:00:00+01:00;1;30.37641095
1900-04-09 21:00:00+01:00;0.2;29.17151674
1900-04-09 22:00:00+01:00;-1;26.99824227
1900-04-09 23:00:00+01:00;-0.7;24.52620266
1900-04-10 00:00:00+01:00;-2.3;21.78949799
1900-04-10 01:00:00+01:00;-3.1;20.35849712
1900-04-10 02:00:00+01:00;-3.3;20.21547119
1900-04-10 03:00:00+01:00;-2.5;20.13787913
1900-04-10 04:00:00+01:00;-4.1;21.19935781
1900-04-10 05:00:00+01:00;-3.6;22.57211248
1900-04-10 06:00:00+01:00;-0.8;27.72618236
1900-04-10 07:00:00+01:00;0.3;32.40304496
1900-04-10 08:00:00+01:00;1.8;27.32912892
1900-04-10 09:00:00+01:00;2.8;27.21547954
1900-04-10 10:00:00+01:00;3.9;25.81706874
1900-04-10 11:00:00+01:00;4.4;24.64898722
1900-04-10 12:00:00+01:00;5.8;23.31201339
1900-04-10 13:00:00+01:00;5.1;23.37155475
1900-04-10 14:00:00+01:00;5.8;23.71517336
1900-04-10 15:00:00+01:00;5.4;24.4604755
1900-04-10 16:00:00+01:00;4.6;27.35249005
1900-04-10 17:00:00+01:00;3.9;29.27248345
1900-04-10 18:00:00+01:00;2.2;30.64208199
1900-04-10 19:00:00+01:00;0;32.15814508
1900-04-10 20:00:00+01:00;-0.6;32.20799566
1900-04-10 21:00:00+01:00;-1;30.7835371
1900-04-10 22:00:00+01:00;-1.5;28.26936012
1900-04-10 23:00:00+01:00;-1.9;26.05482712
1900-04-11 00:00:00+01:00;-0.8;22.33064451
1900-04-11 01:00:00+01:00;0;20.53573592
1900-04-11 02:00:00+01:00;-0.6;20.26071088
1900-04-11 03:00:00+01:00;-0.7;20.24291263
1900-04-11 04:00:00+01:00;-1.5;20.78374128
1900-04-11 05:00:00+01:00;-1.7;22.30869078
1900-04-11 06:00:00+01:00;-1.2;28.20050974
1900-04-11 07:00:00+01:00;0;32.83302991
1900-04-11 08:00:00+01:00;1.2;27.75465532
1900-04-11 09:00:00+01:00;1.7;27.79661484
1900-04-11 10:00:00+01:00;2.4;26.65318811
1900-04-11 11:00:00+01:00;3.2;25.31438427
1900-04-11 12:00:00+01:00;4;24.35683904
1900-04-11 13:00:00+01:00;5;23.51520098
1900-04-11 14:00:00+01:00;4.1;24.65710601
1900-04-11 15:00:00+01:00;4;25.26864813
1900-04-11 16:00:00+01:00;2.4;28.68226514
1900-04-11 17:00:00+01:00;2.1;30.39244695
1900-04-11 18:00:00+01:00;1.5;31.15835721
1900-04-11 19:00:00+01:00;1.8;31.26921734
1900-04-11 20:00:00+01:00;1.8;31.27719295
1900-04-11 21:00:00+01:00;1.2;29.95352466
1900-04-11 22:00:00+01:00;0.6;27.4339062
1900-04-11 23:00:00+01:00;0.6;25.09081762
1900-04-12 00:00:00+01:00;0.2;21.76787267
1900-04-12 01:00:00+01:00;-0.3;20.4359845
1900-04-12 02:00:00+01:00;-0.3;20.08362556
1900-04-12 03:00:00+01:00;-0.7;20.19436562
1900-04-12 04:00:00+01:00;0;20.29784832
1900-04-12 05:00:00+01:00;-0.5;21.94427054
1900-04-12 06:00:00+01:00;0.1;27.92679934
1900-04-12 07:00:00+01:00;1.6;31.93192556
1900-04-12 08:00:00+01:00;2.8;27.11348147
1900-04-12 09:00:00+01:00;3.7;26.99989684
1900-04-12 10:00:00+01:00;4.6;25.48248177
1900-04-12 11:00:00+01:00;6.7;23.54840602
1900-04-12 12:00:00+01:00;8;21.93419015
1900-04-12 13:00:00+01:00;9;21.04004826
1900-04-12 14:00:00+01:00;9.4;21.20689898
1900-04-12 15:00:00+01:00;9.6;21.6083943
1900-04-12 16:00:00+01:00;9.2;23.98500015
1900-04-12 17:00:00+01:00;8;26.06359573
1900-04-12 18:00:00+01:00;7;26.98948514
1900-04-12 19:00:00+01:00;5.1;28.24505817
1900-04-12 20:00:00+01:00;2.6;29.36002028
1900-04-12 21:00:00+01:00;3;27.71891369
1900-04-12 22:00:00+01:00;1.8;25.49093536
1900-04-12 23:00:00+01:00;2;23.01996437
1900-04-13 00:00:00+01:00;1.7;19.65944386
1900-04-13 01:00:00+01:00;0.7;18.32381045
1900-04-13 02:00:00+01:00;-0.3;18.2560596
1900-04-13 03:00:00+01:00;0.7;17.97943565
1900-04-13 04:00:00+01:00;0.4;18.49941727
1900-04-13 05:00:00+01:00;-1.5;20.59018455
1900-04-13 06:00:00+01:00;2;25.44194835
1900-04-13 07:00:00+01:00;3;29.54515492
1900-04-13 08:00:00+01:00;5.6;24.5693988
1900-04-13 09:00:00+01:00;6.4;24.30935175
1900-04-13 10:00:00+01:00;7.7;22.5477716
1900-04-13 11:00:00+01:00;8.9;21.13696345
1900-04-13 12:00:00+01:00;10;19.62743425
1900-04-13 13:00:00+01:00;10;19.32550178
1900-04-13 14:00:00+01:00;11.5;19.01414841
1900-04-13 15:00:00+01:00;10.2;20.58398164
1900-04-13 16:00:00+01:00;9.6;23.06352529
1900-04-13 17:00:00+01:00;10;24.22397057
1900-04-13 18:00:00+01:00;8.6;25.45076771
1900-04-13 19:00:00+01:00;7.5;26.29397277
1900-04-13 20:00:00+01:00;6.5;26.90049473
1900-04-13 21:00:00+01:00;4.4;26.28843495
1900-04-13 22:00:00+01:00;4.5;23.64680784
1900-04-13 23:00:00+01:00;3.9;21.41395491
1900-04-14 00:00:00+01:00;2.9;19.47697814
1900-04-14 01:00:00+01:00;2.6;17.79973918
1900-04-14 02:00:00+01:00;3;16.9910955
1900-04-14 03:00:00+01:00;3.2;16.33672045
1900-04-14 04:00:00+01:00;1.7;16.58549142
1900-04-14 05:00:00+01:00;2;16.73689502
1900-04-14 06:00:00+01:00;2.8;17.93626528
1900-04-14 07:00:00+01:00;4.8;19.24210935
1900-04-14 08:00:00+01:00;4.8;23.25802363
1900-04-14 09:00:00+01:00;5.1;26.93548697
1900-04-14 10:00:00+01:00;5.4;27.4895511
1900-04-14 11:00:00+01:00;8.4;25.81104577
1900-04-14 12:00:00+01:00;10.8;22.92408513
1900-04-14 13:00:00+01:00;12.7;21.31771322
1900-04-14 14:00:00+01:00;12.5;20.4429084
1900-04-14 15:00:00+01:00;14;11.32680534
1900-04-14 16:00:00+01:00;11.8;21.70339693
1900-04-14 17:00:00+01:00;9.9;23.86801835
1900-04-14 18:00:00+01:00;8.5;25.04862922
1900-04-14 19:00:00+01:00;7.7;25.39655618
1900-04-14 20:00:00+01:00;6.6;25.41167721
1900-04-14 21:00:00+01:00;3.8;24.56395328
1900-04-14 22:00:00+01:00;2.7;22.40664111
1900-04-14 23:00:00+01:00;1.6;20.73058287
1900-04-15 00:00:00+01:00;0.9;19.53420471
1900-04-15 01:00:00+01:00;0.2;18.17666326
1900-04-15 02:00:00+01:00;-1;18.29459018
1900-04-15 03:00:00+01:00;-1.2;17.71253566
1900-04-15 04:00:00+01:00;-2;17.80504176
1900-04-15 05:00:00+01:00;0;17.74289324
1900-04-15 06:00:00+01:00;1;18.85772827
1900-04-15 07:00:00+01:00;1.4;20.96577235
1900-04-15 08:00:00+01:00;2.7;24.69520728
1900-04-15 09:00:00+01:00;5.9;27.28749592
1900-04-15 10:00:00+01:00;8.3;26.83225042
1900-04-15 11:00:00+01:00;10.3;25.17844165
1900-04-15 12:00:00+01:00;15;11.37823586
1900-04-15 13:00:00+01:00;14.9;11.36162541
1900-04-15 14:00:00+01:00;15.8;11.08782255
1900-04-15 15:00:00+01:00;13.4;20.40448504
1900-04-15 16:00:00+01:00;13.4;21.03359714
1900-04-15 17:00:00+01:00;12.8;22.49026693
1900-04-15 18:00:00+01:00;10;24.46369347
1900-04-15 19:00:00+01:00;7.9;25.52384404
1900-04-15 20:00:00+01:00;5.8;25.99652422
1900-04-15 21:00:00+01:00;4.7;24.52309504
1900-04-15 22:00:00+01:00;3.4;22.35452364
1900-04-15 23:00:00+01:00;3;20.45417148
1900-04-16 00:00:00+01:00;1.4;18.36035279
1900-04-16 01:00:00+01:00;2.7;16.22394616
1900-04-16 02:00:00+01:00;2.8;15.78411246
1900-04-16 03:00:00+01:00;2.7;15.70623043
1900-04-16 04:00:00+01:00;2.5;16.12599091
1900-04-16 05:00:00+01:00;2.5;17.50802584
1900-04-16 06:00:00+01:00;2.5;22.97008716
1900-04-16 07:00:00+01:00;2.4;27.99826652
1900-04-16 08:00:00+01:00;3.3;23.50621364
1900-04-16 09:00:00+01:00;5.4;22.62002854
1900-04-16 10:00:00+01:00;6.7;21.34078211
1900-04-16 11:00:00+01:00;8;20.1591484
1900-04-16 12:00:00+01:00;5.8;20.7117468
1900-04-16 13:00:00+01:00;5.7;20.68715691
1900-04-16 14:00:00+01:00;6.5;21.22177378
1900-04-16 15:00:00+01:00;6.1;22.67342379
1900-04-16 16:00:00+01:00;6.8;24.58415709
1900-04-16 17:00:00+01:00;7.3;25.75152672
1900-04-16 18:00:00+01:00;7.5;26.15977897
1900-04-16 19:00:00+01:00;7.6;26.41317692
1900-04-16 20:00:00+01:00;7.4;26.83669872
1900-04-16 21:00:00+01:00;6.2;25.97010954
1900-04-16 22:00:00+01:00;5;23.78884094
1900-04-16 23:00:00+01:00;4;21.74691242
1900-04-17 00:00:00+01:00;5.7;17.62411139
1900-04-17 01:00:00+01:00;3.9;16.67304369
1900-04-17 02:00:00+01:00;4.5;16.15081997
1900-04-17 03:00:00+01:00;3.7;16.30304172
1900-04-17 04:00:00+01:00;4;16.53611221
1900-04-17 05:00:00+01:00;4.6;17.78113538
1900-04-17 06:00:00+01:00;5.5;23.59900707
1900-04-17 07:00:00+01:00;7.3;26.30582313
1900-04-17 08:00:00+01:00;8.3;22.62755934
1900-04-17 09:00:00+01:00;10.7;21.80710116
1900-04-17 10:00:00+01:00;11.6;18.5400893
1900-04-17 11:00:00+01:00;12.5;18.5597524
1900-04-17 12:00:00+01:00;14.3;10.00344824
1900-04-17 13:00:00+01:00;14;9.647864694
1900-04-17 14:00:00+01:00;13.7;16.52319185
1900-04-17 15:00:00+01:00;13.5;17.73514086
1900-04-17 16:00:00+01:00;12.4;20.19683711
1900-04-17 17:00:00+01:00;11.7;21.76418513
1900-04-17 18:00:00+01:00;9.1;23.61911744
1900-04-17 19:00:00+01:00;8.4;24.27846399
1900-04-17 20:00:00+01:00;9.2;23.89870013
1900-04-17 21:00:00+01:00;8.1;23.03487167
1900-04-17 22:00:00+01:00;7.2;20.83826676
1900-04-17 23:00:00+01:00;6.8;18.45527994
1900-04-18 00:00:00+01:00;6.4;15.07814761
1900-04-18 01:00:00+01:00;5;13.80247242
1900-04-18 02:00:00+01:00;5.9;13.24834555
1900-04-18 03:00:00+01:00;4.8;13.49470534
1900-04-18 04:00:00+01:00;5.3;13.80809865
1900-04-18 05:00:00+01:00;4.7;15.41942959
1900-04-18 06:00:00+01:00;5.4;20.71126575
1900-04-18 07:00:00+01:00;7.2;24.23101272
1900-04-18 08:00:00+01:00;7.9;20.79944034
1900-04-18 09:00:00+01:00;8.2;20.43633189
1900-04-18 10:00:00+01:00;8.9;19.26723023
1900-04-18 11:00:00+01:00;10.1;18.22977714
1900-04-18 12:00:00+01:00;10.6;17.29336679
1900-04-18 13:00:00+01:00;12.6;16.16611974
1900-04-18 14:00:00+01:00;9.7;18.27449369
1900-04-18 15:00:00+01:00;11;19.01615452
1900-04-18 16:00:00+01:00;10.5;21.29402644
1900-04-18 17:00:00+01:00;9.5;23.10809867
1900-04-18 18:00:00+01:00;6.3;25.33680091
1900-04-18 19:00:00+01:00;6;25.84566548
1900-04-18 20:00:00+01:00;5;26.04402022
1900-04-18 21:00:00+01:00;4.6;24.88205051
1900-04-18 22:00:00+01:00;4.6;22.45147531
1900-04-18 23:00:00+01:00;4.2;20.17147467
1900-04-19 00:00:00+01:00;3.6;17.015956
1900-04-19 01:00:00+01:00;3.7;15.36701497
1900-04-19 02:00:00+01:00;3.5;15.18718982
1900-04-19 03:00:00+01:00;3.4;15.25557796
1900-04-19 04:00:00+01:00;3.4;15.76996325
1900-04-19 05:00:00+01:00;4;17.05997205
1900-04-19 06:00:00+01:00;4.1;22.81475929
1900-04-19 07:00:00+01:00;4.1;27.34221327
1900-04-19 08:00:00+01:00;3.3;23.84334698
1900-04-19 09:00:00+01:00;5.5;23.05477985
1900-04-19 10:00:00+01:00;6.7;21.76192652
1900-04-19 11:00:00+01:00;8;20.5356892
1900-04-19 12:00:00+01:00;5.8;20.94853704
1900-04-19 13:00:00+01:00;8.6;19.43060348
1900-04-19 14:00:00+01:00;8.8;19.96245156
1900-04-19 15:00:00+01:00;8.8;21.07322268
1900-04-19 16:00:00+01:00;8.2;23.58541059
1900-04-19 17:00:00+01:00;8.8;24.60600093
1900-04-19 18:00:00+01:00;7.9;25.53900934
1900-04-19 19:00:00+01:00;6.6;26.52442136
1900-04-19 20:00:00+01:00;5;27.24919905
1900-04-19 21:00:00+01:00;3;26.60043913
1900-04-19 22:00:00+01:00;2.9;24.123494
1900-04-19 23:00:00+01:00;2.6;21.82241505
1900-04-20 00:00:00+01:00;3;18.3092554
1900-04-20 01:00:00+01:00;3;16.75684476
1900-04-20 02:00:00+01:00;2.8;16.51223794
1900-04-20 03:00:00+01:00;2.4;16.64348275
1900-04-20 04:00:00+01:00;2.4;17.09563055
1900-04-20 05:00:00+01:00;2.5;18.58120632
1900-04-20 06:00:00+01:00;2.9;24.38524793
1900-04-20 07:00:00+01:00;3.2;28.80174222
1900-04-20 08:00:00+01:00;3.5;24.64547821
1900-04-20 09:00:00+01:00;3.3;24.61515203
1900-04-20 10:00:00+01:00;3.2;23.97987178
1900-04-20 11:00:00+01:00;4;22.92906591
1900-04-20 12:00:00+01:00;4.5;22.26093048
1900-04-20 13:00:00+01:00;7.4;20.60674658
1900-04-20 14:00:00+01:00;8;20.94624581
1900-04-20 15:00:00+01:00;9.5;21.04099111
1900-04-20 16:00:00+01:00;6.7;24.83765118
1900-04-20 17:00:00+01:00;6.2;26.53286708
1900-04-20 18:00:00+01:00;6.6;26.79833456
1900-04-20 19:00:00+01:00;4.7;28.15404493
1900-04-20 20:00:00+01:00;3.6;28.62853792
1900-04-20 21:00:00+01:00;4.5;26.87046236
1900-04-20 22:00:00+01:00;3.7;24.54957979
1900-04-20 23:00:00+01:00;4;22.10771555
1900-04-21 00:00:00+01:00;4.8;19.78787528
1900-04-21 01:00:00+01:00;2.1;18.72574967
1900-04-21 02:00:00+01:00;2;18.12730876
1900-04-21 03:00:00+01:00;2.3;17.54378487
1900-04-21 04:00:00+01:00;2.6;17.3725273
1900-04-21 05:00:00+01:00;2.8;17.55191529
1900-04-21 06:00:00+01:00;3;19.20493882
1900-04-21 07:00:00+01:00;3.4;20.84423801
1900-04-21 08:00:00+01:00;4.3;24.45194922
1900-04-21 09:00:00+01:00;4.8;28.09665491
1900-04-21 10:00:00+01:00;7;27.72972514
1900-04-21 11:00:00+01:00;7.3;27.00814697
1900-04-21 12:00:00+01:00;8.5;24.71615778
1900-04-21 13:00:00+01:00;10.4;23.0218731
1900-04-21 14:00:00+01:00;10.2;22.20343695
1900-04-21 15:00:00+01:00;8.9;23.29701123
1900-04-21 16:00:00+01:00;9.3;23.6296159
1900-04-21 17:00:00+01:00;8;25.41331665
1900-04-21 18:00:00+01:00;6.3;26.74168793
1900-04-21 19:00:00+01:00;5.5;27.00240782
1900-04-21 20:00:00+01:00;5;26.64703777
1900-04-21 21:00:00+01:00;4.9;24.83420999
1900-04-21 22:00:00+01:00;5;22.18794838
1900-04-21 23:00:00+01:00;4.2;20.55166938
1900-04-22 00:00:00+01:00;4;19.25838202
1900-04-22 01:00:00+01:00;4.5;17.31165375
1900-04-22 02:00:00+01:00;5;16.33813234
1900-04-22 03:00:00+01:00;4.2;16.09937859
1900-04-22 04:00:00+01:00;5;15.75223871
1900-04-22 05:00:00+01:00;4.5;16.04388339
1900-04-22 06:00:00+01:00;5.5;17.43198807
1900-04-22 07:00:00+01:00;8;18.15068969
1900-04-22 08:00:00+01:00;9.2;21.29553593
1900-04-22 09:00:00+01:00;11.4;24.38741465
1900-04-22 10:00:00+01:00;13.2;23.84636751
1900-04-22 11:00:00+01:00;15.6;11.62916385
1900-04-22 12:00:00+01:00;16.5;11.37823586
1900-04-22 13:00:00+01:00;16.6;11.36162541
1900-04-22 14:00:00+01:00;17.6;11.08782255
1900-04-22 15:00:00+01:00;18.1;11.32680534
1900-04-22 16:00:00+01:00;17.8;11.7963058
1900-04-22 17:00:00+01:00;19;11.87915172
1900-04-22 18:00:00+01:00;17;12.61984167
1900-04-22 19:00:00+01:00;16.2;13.34382055
1900-04-22 20:00:00+01:00;12.1;19.59395429
1900-04-22 21:00:00+01:00;10;19.5698942
1900-04-22 22:00:00+01:00;7.4;18.06130325
1900-04-22 23:00:00+01:00;5.6;16.43758222
1900-04-23 00:00:00+01:00;4.2;14.38865987
1900-04-23 01:00:00+01:00;3;12.81726799
1900-04-23 02:00:00+01:00;2.4;12.78959241
1900-04-23 03:00:00+01:00;1.2;13.25893698
1900-04-23 04:00:00+01:00;1.6;13.97899349
1900-04-23 05:00:00+01:00;0.9;15.666431
1900-04-23 06:00:00+01:00;2.3;20.15527092
1900-04-23 07:00:00+01:00;6.9;23.5724413
1900-04-23 08:00:00+01:00;7.5;20.15803071
1900-04-23 09:00:00+01:00;10.8;18.81253665
1900-04-23 10:00:00+01:00;13.8;10.48722319
1900-04-23 11:00:00+01:00;15.3;10.24475575
1900-04-23 12:00:00+01:00;15.1;10.00344824
1900-04-23 13:00:00+01:00;13.2;15.11386166
1900-04-23 14:00:00+01:00;14.2;9.942810832
1900-04-23 15:00:00+01:00;13;17.4412214
1900-04-23 16:00:00+01:00;10.5;20.83949319
1900-04-23 17:00:00+01:00;9.8;22.54093277
1900-04-23 18:00:00+01:00;9.4;23.35891956
1900-04-23 19:00:00+01:00;8.7;24.17733515
1900-04-23 20:00:00+01:00;9.2;24.09495055
1900-04-23 21:00:00+01:00;7.7;23.47729536
1900-04-23 22:00:00+01:00;7;21.26539574
1900-04-23 23:00:00+01:00;6.4;19.02039969
1900-04-24 00:00:00+01:00;6;15.61320667
1900-04-24 01:00:00+01:00;5.6;14.0668
1900-04-24 02:00:00+01:00;5.4;13.73398008
1900-04-24 03:00:00+01:00;4.7;13.80712278
1900-04-24 04:00:00+01:00;4.9;14.14488992
1900-04-24 05:00:00+01:00;5.2;15.36969846
1900-04-24 06:00:00+01:00;6;20.61087309
1900-04-24 07:00:00+01:00;6.2;24.75078376
1900-04-24 08:00:00+01:00;7;21.09250539
1900-04-24 09:00:00+01:00;7.4;20.69483366
1900-04-24 10:00:00+01:00;9.6;19.0895402
1900-04-24 11:00:00+01:00;8.3;19.10942445
1900-04-24 12:00:00+01:00;11.3;17.13108964
1900-04-24 13:00:00+01:00;9.7;17.75209587
1900-04-24 14:00:00+01:00;11.3;17.6147687
1900-04-24 15:00:00+01:00;11.5;18.84908551
1900-04-24 16:00:00+01:00;10.9;21.15243495
1900-04-24 17:00:00+01:00;11.6;21.98004097
1900-04-24 18:00:00+01:00;8.7;24.04218546
1900-04-24 19:00:00+01:00;8;24.73064649
1900-04-24 20:00:00+01:00;6.8;25.24464795
1900-04-24 21:00:00+01:00;5.9;24.29585596
1900-04-24 22:00:00+01:00;5.3;22.0572941
1900-04-24 23:00:00+01:00;4.3;19.94682735
1900-04-25 00:00:00+01:00;5.4;16.19609362
1900-04-25 01:00:00+01:00;5.3;14.66538792
1900-04-25 02:00:00+01:00;5.3;14.36545246
1900-04-25 03:00:00+01:00;3.9;14.74153508
1900-04-25 04:00:00+01:00;2.5;15.71366577
1900-04-25 05:00:00+01:00;3.2;16.9922852
1900-04-25 06:00:00+01:00;3.9;22.47243312
1900-04-25 07:00:00+01:00;6;26.01385904
1900-04-25 08:00:00+01:00;7.1;22.1921113
1900-04-25 09:00:00+01:00;8.4;21.60989635
1900-04-25 10:00:00+01:00;10.6;19.60288007
1900-04-25 11:00:00+01:00;10.9;18.68222984
1900-04-25 12:00:00+01:00;12.2;17.09885473
1900-04-25 13:00:00+01:00;14;9.647864694
1900-04-25 14:00:00+01:00;12.4;17.16420745
1900-04-25 15:00:00+01:00;13.6;17.727353
1900-04-25 16:00:00+01:00;10.4;21.49489037
1900-04-25 17:00:00+01:00;5.5;25.55140787
1900-04-25 18:00:00+01:00;3.4;27.18280472
1900-04-25 19:00:00+01:00;3.6;27.46469129
1900-04-25 20:00:00+01:00;3.4;27.08053915
1900-04-25 21:00:00+01:00;3;25.83084654
1900-04-25 22:00:00+01:00;2.7;23.46720725
1900-04-25 23:00:00+01:00;2.6;21.02974151
1900-04-26 00:00:00+01:00;2.2;17.86908927
1900-04-26 01:00:00+01:00;1.4;16.4684211
1900-04-26 02:00:00+01:00;1.4;16.28464303
1900-04-26 03:00:00+01:00;1.3;16.41334733
1900-04-26 04:00:00+01:00;0.8;17.12917002
1900-04-26 05:00:00+01:00;0.8;18.64487596
1900-04-26 06:00:00+01:00;0.8;24.21332536
1900-04-26 07:00:00+01:00;2.6;28.76461039
1900-04-26 08:00:00+01:00;3.2;24.51301687
1900-04-26 09:00:00+01:00;5;23.94985343
1900-04-26 10:00:00+01:00;5;23.16590589
1900-04-26 11:00:00+01:00;7;21.65582915
1900-04-26 12:00:00+01:00;8.4;20.33757364
1900-04-26 13:00:00+01:00;7.7;20.51806522
1900-04-26 14:00:00+01:00;7.6;21.2851589
1900-04-26 15:00:00+01:00;6.9;22.66822222
1900-04-26 16:00:00+01:00;8.4;24.09274924
1900-04-26 17:00:00+01:00;8.1;25.65888958
1900-04-26 18:00:00+01:00;6.5;26.9439298
1900-04-26 19:00:00+01:00;5.2;27.91127929
1900-04-26 20:00:00+01:00;3.3;28.74457376
1900-04-26 21:00:00+01:00;2.2;27.70333776
1900-04-26 22:00:00+01:00;1.7;25.30286748
1900-04-26 23:00:00+01:00;1.3;23.04541557
1900-04-27 00:00:00+01:00;1;19.79000531
1900-04-27 01:00:00+01:00;-0.1;18.49193605
1900-04-27 02:00:00+01:00;-0.5;18.33253693
1900-04-27 03:00:00+01:00;-1.4;18.68600337
1900-04-27 04:00:00+01:00;-1.7;19.36627098
1900-04-27 05:00:00+01:00;-0.3;20.44040042
1900-04-27 06:00:00+01:00;0.7;26.01067177
1900-04-27 07:00:00+01:00;1.6;30.58900803
1900-04-27 08:00:00+01:00;4;25.44521745
1900-04-27 09:00:00+01:00;4.1;25.4725885
1900-04-27 10:00:00+01:00;5.2;24.06241732
1900-04-27 11:00:00+01:00;3.8;23.74109603
1900-04-27 12:00:00+01:00;2.4;24.02244581
1900-04-27 13:00:00+01:00;0.4;24.78585237
1900-04-27 14:00:00+01:00;0.4;25.84975481
1900-04-27 15:00:00+01:00;0.1;26.97901611
1900-04-27 16:00:00+01:00;1.1;29.00488137
1900-04-27 17:00:00+01:00;0.3;31.00008387
1900-04-27 18:00:00+01:00;1;31.12431847
1900-04-27 19:00:00+01:00;0.6;31.73323472
1900-04-27 20:00:00+01:00;0.7;31.59446835
1900-04-27 21:00:00+01:00;0;30.35984995
1900-04-27 22:00:00+01:00;0.3;27.62090383
1900-04-27 23:00:00+01:00;-0.3;25.5518967
1900-04-28 00:00:00+01:00;-2;23.95572292
1900-04-28 01:00:00+01:00;-2.4;22.3856563
1900-04-28 02:00:00+01:00;-3;22.0235611
1900-04-28 03:00:00+01:00;-3.5;21.67955114
1900-04-28 04:00:00+01:00;-4.3;21.8141147
1900-04-28 05:00:00+01:00;-2.8;21.86456513
1900-04-28 06:00:00+01:00;-1.5;23.33420986
1900-04-28 07:00:00+01:00;-0.1;24.77143162
1900-04-28 08:00:00+01:00;0.9;28.4274132
1900-04-28 09:00:00+01:00;2.3;32.01902559
1900-04-28 10:00:00+01:00;3.4;32.22548898
1900-04-28 11:00:00+01:00;4.7;31.03867657
1900-04-28 12:00:00+01:00;6.4;28.0623619
1900-04-28 13:00:00+01:00;6.6;27.32037692
1900-04-28 14:00:00+01:00;9.5;24.34839359
1900-04-28 15:00:00+01:00;8.1;25.41201834
1900-04-28 16:00:00+01:00;7.1;26.60698076
1900-04-28 17:00:00+01:00;7.1;27.70164125
1900-04-28 18:00:00+01:00;6.6;28.37894882
1900-04-28 19:00:00+01:00;5.7;28.76659012
1900-04-28 20:00:00+01:00;5.2;28.58376878
1900-04-28 21:00:00+01:00;4;27.17374128
1900-04-28 22:00:00+01:00;4;24.33424508
1900-04-28 23:00:00+01:00;3.5;22.64877817
1900-04-29 00:00:00+01:00;3.1;21.27298098
1900-04-29 01:00:00+01:00;3.1;19.29656213
1900-04-29 02:00:00+01:00;3.1;18.32356257
1900-04-29 03:00:00+01:00;3;17.79849235
1900-04-29 04:00:00+01:00;2.6;17.65824902
1900-04-29 05:00:00+01:00;3.2;17.5505905
1900-04-29 06:00:00+01:00;3.3;19.13953203
1900-04-29 07:00:00+01:00;4.4;20.39694265
1900-04-29 08:00:00+01:00;4.4;24.23434324
1900-04-29 09:00:00+01:00;4.8;27.86468325
1900-04-29 10:00:00+01:00;4;28.74323952
1900-04-29 11:00:00+01:00;3.8;28.76495452
1900-04-29 12:00:00+01:00;4.5;27.15953062
1900-04-29 13:00:00+01:00;4.3;26.47032673
1900-04-29 14:00:00+01:00;4.4;25.99879974
1900-04-29 15:00:00+01:00;4.6;26.18466521
1900-04-29 16:00:00+01:00;5;26.56576235
1900-04-29 17:00:00+01:00;5.3;27.47731847
1900-04-29 18:00:00+01:00;5.7;27.68632475
1900-04-29 19:00:00+01:00;5.2;27.86043897
1900-04-29 20:00:00+01:00;5.1;27.45649024
1900-04-29 21:00:00+01:00;3.8;26.11135269
1900-04-29 22:00:00+01:00;2.7;23.82605201
1900-04-29 23:00:00+01:00;1.7;22.2564164
1900-04-30 00:00:00+01:00;1.3;19.8077228
1900-04-30 01:00:00+01:00;1.1;18.33698478
1900-04-30 02:00:00+01:00;1.5;17.95938484
1900-04-30 03:00:00+01:00;1.4;18.03138754
1900-04-30 04:00:00+01:00;0.4;18.79015936
1900-04-30 05:00:00+01:00;0.2;20.42327224
1900-04-30 06:00:00+01:00;1.6;26.09187872
1900-04-30 07:00:00+01:00;3.6;29.75733099
1900-04-30 08:00:00+01:00;4.8;25.38489747
1900-04-30 09:00:00+01:00;7.7;24.62906566
1900-04-30 10:00:00+01:00;9.6;22.34308723
1900-04-30 11:00:00+01:00;12.3;20.14231964
1900-04-30 12:00:00+01:00;12.6;18.51854746
1900-04-30 13:00:00+01:00;14.4;9.647864694
1900-04-30 14:00:00+01:00;14.6;9.942810832
1900-04-30 15:00:00+01:00;14.8;11.00806558
1900-04-30 16:00:00+01:00;16;11.64613988
1900-04-30 17:00:00+01:00;12.9;21.93748687
1900-04-30 18:00:00+01:00;12;22.83456015
1900-04-30 19:00:00+01:00;8.9;24.72093114
1900-04-30 20:00:00+01:00;7.8;25.34848787
1900-04-30 21:00:00+01:00;7.2;24.22528844
1900-04-30 22:00:00+01:00;6.1;22.02472563
1900-04-30 23:00:00+01:00;5;19.85577557
1900-05-01 00:00:00+01:00;4.7;16.41348326
1900-05-01 01:00:00+01:00;2;15.43920029
1900-05-01 02:00:00+01:00;1.2;15.36321134
1900-05-01 03:00:00+01:00;1.2;15.41499544
1900-05-01 04:00:00+01:00;-1;16.7364054
1900-05-01 05:00:00+01:00;2.1;17.14679444
1900-05-01 06:00:00+01:00;3;22.26479203
1900-05-01 07:00:00+01:00;4.1;26.67212204
1900-05-01 08:00:00+01:00;6.3;22.10409261
1900-05-01 09:00:00+01:00;6.6;21.75894253
1900-05-01 10:00:00+01:00;8.1;20.33028852
1900-05-01 11:00:00+01:00;7.4;20.01431339
1900-05-01 12:00:00+01:00;9;18.72494185
1900-05-01 13:00:00+01:00;9.2;18.50241369
1900-05-01 14:00:00+01:00;9.8;18.9161896
1900-05-01 15:00:00+01:00;9.8;20.19592604
1900-05-01 16:00:00+01:00;10.4;22.00364864
1900-05-01 17:00:00+01:00;7.5;25.03373487
1900-05-01 18:00:00+01:00;6;26.40508014
1900-05-01 19:00:00+01:00;5.7;26.92953713
1900-05-01 20:00:00+01:00;5.3;27.09542275
1900-05-01 21:00:00+01:00;4.6;26.04926594
1900-05-01 22:00:00+01:00;5;23.41200069
1900-05-01 23:00:00+01:00;4.2;21.32495134
1900-05-02 00:00:00+01:00;3.5;18.11601325
1900-05-02 01:00:00+01:00;3.3;16.58551087
1900-05-02 02:00:00+01:00;2.3;16.49021526
1900-05-02 03:00:00+01:00;1.8;16.61323109
1900-05-02 04:00:00+01:00;0.2;17.54977741
1900-05-02 05:00:00+01:00;0.6;18.92070158
1900-05-02 06:00:00+01:00;2;24.2162395
1900-05-02 07:00:00+01:00;2.9;28.71206459
1900-05-02 08:00:00+01:00;3.9;24.35639981
1900-05-02 09:00:00+01:00;5;23.9592574
1900-05-02 10:00:00+01:00;4.8;23.18600289
1900-05-02 11:00:00+01:00;4.8;22.41398331
1900-05-02 12:00:00+01:00;5.4;21.69536429
1900-05-02 13:00:00+01:00;5.5;21.43007949
1900-05-02 14:00:00+01:00;6.5;21.70772307
1900-05-02 15:00:00+01:00;6.3;22.84864995
1900-05-02 16:00:00+01:00;6.7;24.92217842
1900-05-02 17:00:00+01:00;6.4;26.49381446
1900-05-02 18:00:00+01:00;5.7;27.33324075
1900-05-02 19:00:00+01:00;6.1;27.41403138
1900-05-02 20:00:00+01:00;6;27.65999475
1900-05-02 21:00:00+01:00;5.8;26.39970669
1900-05-02 22:00:00+01:00;5.4;23.9733729
1900-05-02 23:00:00+01:00;5.2;21.75990132
1900-05-03 00:00:00+01:00;5.2;18.18571556
1900-05-03 01:00:00+01:00;5.2;16.78215828
1900-05-03 02:00:00+01:00;5;16.41941902
1900-05-03 03:00:00+01:00;5;16.27958412
1900-05-03 04:00:00+01:00;4.7;16.5387841
1900-05-03 05:00:00+01:00;5.1;17.79117633
1900-05-03 06:00:00+01:00;5.7;23.75168201
1900-05-03 07:00:00+01:00;6;27.15438167
1900-05-03 08:00:00+01:00;6.5;23.43215185
1900-05-03 09:00:00+01:00;6.8;23.2302995
1900-05-03 10:00:00+01:00;7.4;21.81820561
1900-05-03 11:00:00+01:00;7.8;20.77418035
1900-05-03 12:00:00+01:00;8.9;19.42561625
1900-05-03 13:00:00+01:00;10;18.5468663
1900-05-03 14:00:00+01:00;10.2;18.93323936
1900-05-03 15:00:00+01:00;10;20.12185632
1900-05-03 16:00:00+01:00;9.6;22.36816915
1900-05-03 17:00:00+01:00;8.1;24.46034456
1900-05-03 18:00:00+01:00;7.8;25.03775561
1900-05-03 19:00:00+01:00;7;25.74977638
1900-05-03 20:00:00+01:00;6.2;26.04534261
1900-05-03 21:00:00+01:00;6.2;24.71823892
1900-05-03 22:00:00+01:00;5.9;22.31301873
1900-05-03 23:00:00+01:00;6.5;19.73876054
1900-05-04 00:00:00+01:00;6.8;16.08231553
1900-05-04 01:00:00+01:00;7;14.55489707
1900-05-04 02:00:00+01:00;6.8;14.23716033
1900-05-04 03:00:00+01:00;7;14.07491586
1900-05-04 04:00:00+01:00;6.9;14.3666158
1900-05-04 05:00:00+01:00;7.3;15.65639257
1900-05-04 06:00:00+01:00;7.4;21.64798916
1900-05-04 07:00:00+01:00;7.9;24.81405293
1900-05-04 08:00:00+01:00;10;20.9768852
1900-05-04 09:00:00+01:00;11.5;19.07641793
1900-05-04 10:00:00+01:00;12.2;10.48722319
1900-05-04 11:00:00+01:00;12.2;17.64697563
1900-05-04 12:00:00+01:00;13.1;10.00344824
1900-05-04 13:00:00+01:00;13.5;15.65407818
1900-05-04 14:00:00+01:00;13.8;15.90101967
1900-05-04 15:00:00+01:00;12.9;17.73173028
1900-05-04 16:00:00+01:00;11.7;20.2711819
1900-05-04 17:00:00+01:00;11.5;21.50967836
1900-05-04 18:00:00+01:00;11.2;22.08756669
1900-05-04 19:00:00+01:00;10.2;22.85977645
1900-05-04 20:00:00+01:00;9.7;23.06623521
1900-05-04 21:00:00+01:00;8.5;22.23843538
1900-05-04 22:00:00+01:00;8.5;19.76514717
1900-05-04 23:00:00+01:00;7.6;17.56284251
1900-05-05 00:00:00+01:00;7.2;15.44617833
1900-05-05 01:00:00+01:00;6.1;14.10005209
1900-05-05 02:00:00+01:00;5.8;13.71875552
1900-05-05 03:00:00+01:00;6.4;12.94128331
1900-05-05 04:00:00+01:00;7.4;12.55207709
1900-05-05 05:00:00+01:00;8.2;12.47970866
1900-05-05 06:00:00+01:00;9;13.81067415
1900-05-05 07:00:00+01:00;9;15.44453454
1900-05-05 08:00:00+01:00;10.5;18.74001678
1900-05-05 09:00:00+01:00;11.8;22.09801299
1900-05-05 10:00:00+01:00;13.2;21.91722246
1900-05-05 11:00:00+01:00;12.4;21.56363164
1900-05-05 12:00:00+01:00;14.4;11.37823586
1900-05-05 13:00:00+01:00;14.6;11.36162541
1900-05-05 14:00:00+01:00;14.5;11.08782255
1900-05-05 15:00:00+01:00;13.7;18.47684109
1900-05-05 16:00:00+01:00;13.5;19.08646705
1900-05-05 17:00:00+01:00;14.2;11.87915172
1900-05-05 18:00:00+01:00;13;19.5735638
1900-05-05 19:00:00+01:00;11.5;21.35825698
1900-05-05 20:00:00+01:00;10;21.53920003
1900-05-05 21:00:00+01:00;8.6;20.27664385
1900-05-05 22:00:00+01:00;8.5;18.01684509
1900-05-05 23:00:00+01:00;7;16.47024539
1900-05-06 00:00:00+01:00;6.2;15.27309493
1900-05-06 01:00:00+01:00;5.4;13.89906721
1900-05-06 02:00:00+01:00;2.5;14.55735898
1900-05-06 03:00:00+01:00;3.4;13.54567545
1900-05-06 04:00:00+01:00;4;13.27671681
1900-05-06 05:00:00+01:00;4.8;13.48099121
1900-05-06 06:00:00+01:00;6.4;14.41864313
1900-05-06 07:00:00+01:00;7.3;16.15422197
1900-05-06 08:00:00+01:00;8;19.96404065
1900-05-06 09:00:00+01:00;9;23.37099274
1900-05-06 10:00:00+01:00;8.3;24.27817105
1900-05-06 11:00:00+01:00;10.6;22.93517318
1900-05-06 12:00:00+01:00;11.9;20.96641711
1900-05-06 13:00:00+01:00;12.9;19.84429177
1900-05-06 14:00:00+01:00;12.2;19.57886766
1900-05-06 15:00:00+01:00;14.5;11.32680534
1900-05-06 16:00:00+01:00;14.2;11.7963058
1900-05-06 17:00:00+01:00;13;20.97615481
1900-05-06 18:00:00+01:00;12.5;21.6890246
1900-05-06 19:00:00+01:00;11.8;22.09520832
1900-05-06 20:00:00+01:00;10.4;22.37098775
1900-05-06 21:00:00+01:00;9.4;21.05295929
1900-05-06 22:00:00+01:00;8.2;19.07565878
1900-05-06 23:00:00+01:00;5.8;17.85516066
1900-05-07 00:00:00+01:00;5.5;15.34862746
1900-05-07 01:00:00+01:00;3.8;14.16073767
1900-05-07 02:00:00+01:00;3.4;13.95338455
1900-05-07 03:00:00+01:00;2.8;14.15443634
1900-05-07 04:00:00+01:00;2.6;14.83917809
1900-05-07 05:00:00+01:00;3.1;16.1480341
1900-05-07 06:00:00+01:00;5.5;21.03169138
1900-05-07 07:00:00+01:00;7.6;24.28129456
1900-05-07 08:00:00+01:00;10.2;20.27675025
1900-05-07 09:00:00+01:00;11.6;18.44092253
1900-05-07 10:00:00+01:00;12.1;10.48722319
1900-05-07 11:00:00+01:00;13;10.24475575
1900-05-07 12:00:00+01:00;14;10.00344824
1900-05-07 13:00:00+01:00;14.9;9.647864694
1900-05-07 14:00:00+01:00;15.6;9.942810832
1900-05-07 15:00:00+01:00;15.7;11.00806558
1900-05-07 16:00:00+01:00;14;11.64613988
1900-05-07 17:00:00+01:00;13.5;20.2609116
1900-05-07 18:00:00+01:00;12.1;21.52770786
1900-05-07 19:00:00+01:00;11;22.4295081
1900-05-07 20:00:00+01:00;10.3;22.92222463
1900-05-07 21:00:00+01:00;8.8;22.30167513
1900-05-07 22:00:00+01:00;8.4;20.01589985
1900-05-07 23:00:00+01:00;8.2;17.60077056
1900-05-08 00:00:00+01:00;7.8;14.14344846
1900-05-08 01:00:00+01:00;7.6;12.53267897
1900-05-08 02:00:00+01:00;7.5;12.14917594
1900-05-08 03:00:00+01:00;7.1;12.10047719
1900-05-08 04:00:00+01:00;6.5;12.64442445
1900-05-08 05:00:00+01:00;7.7;13.5696857
1900-05-08 06:00:00+01:00;8.5;18.87905996
1900-05-08 07:00:00+01:00;9.8;21.83645375
1900-05-08 08:00:00+01:00;10.8;18.81824729
1900-05-08 09:00:00+01:00;11.7;17.14588593
1900-05-08 10:00:00+01:00;13.4;10.48722319
1900-05-08 11:00:00+01:00;14.4;10.24475575
1900-05-08 12:00:00+01:00;14.7;10.00344824
1900-05-08 13:00:00+01:00;15.1;9.647864694
1900-05-08 14:00:00+01:00;15.2;9.942810832
1900-05-08 15:00:00+01:00;15;11.00806558
1900-05-08 16:00:00+01:00;15.3;11.64613988
1900-05-08 17:00:00+01:00;15;11.82512976
1900-05-08 18:00:00+01:00;14;12.25952771
1900-05-08 19:00:00+01:00;12.7;19.80728617
1900-05-08 20:00:00+01:00;11.4;20.45713523
1900-05-08 21:00:00+01:00;11;19.41594416
1900-05-08 22:00:00+01:00;9.5;18.55176921
1900-05-08 23:00:00+01:00;8.2;16.4472939
1900-05-09 00:00:00+01:00;7.7;13.12805531
1900-05-09 01:00:00+01:00;7.2;11.58249237
1900-05-09 02:00:00+01:00;6.6;11.48816267
1900-05-09 03:00:00+01:00;6.3;11.58704626
1900-05-09 04:00:00+01:00;6.6;12.03953398
1900-05-09 05:00:00+01:00;7.9;13.03847029
1900-05-09 06:00:00+01:00;9.9;18.09341702
1900-05-09 07:00:00+01:00;10.9;19.70096596
1900-05-09 08:00:00+01:00;13.6;11.12384312
1900-05-09 09:00:00+01:00;16.4;11.48237927
1900-05-09 10:00:00+01:00;17.8;10.48722319
1900-05-09 11:00:00+01:00;20;10.24475575
1900-05-09 12:00:00+01:00;21.3;10.00344824
1900-05-09 13:00:00+01:00;21.3;9.647864694
1900-05-09 14:00:00+01:00;22.5;9.942810832
1900-05-09 15:00:00+01:00;20.7;11.00806558
1900-05-09 16:00:00+01:00;17.6;11.64613988
1900-05-09 17:00:00+01:00;17;11.82512976
1900-05-09 18:00:00+01:00;16.4;12.25952771
1900-05-09 19:00:00+01:00;15.4;12.9765539
1900-05-09 20:00:00+01:00;12.6;18.74600046
1900-05-09 21:00:00+01:00;11.9;17.87035527
1900-05-09 22:00:00+01:00;10.7;16.75755111
1900-05-09 23:00:00+01:00;9.4;14.53326609
1900-05-10 00:00:00+01:00;7.9;11.53573812
1900-05-10 01:00:00+01:00;7.5;9.775806858
1900-05-10 02:00:00+01:00;7.3;9.559727684
1900-05-10 03:00:00+01:00;8.4;9.215601598
1900-05-10 04:00:00+01:00;8.9;9.587577727
1900-05-10 05:00:00+01:00;9.2;10.83127458
1900-05-10 06:00:00+01:00;9.3;15.92501908
1900-05-10 07:00:00+01:00;9.4;19.94273726
1900-05-10 08:00:00+01:00;11.5;15.759227
1900-05-10 09:00:00+01:00;11.8;15.15719391
1900-05-10 10:00:00+01:00;14.1;10.48722319
1900-05-10 11:00:00+01:00;16.7;10.24475575
1900-05-10 12:00:00+01:00;17.7;10.00344824
1900-05-10 13:00:00+01:00;19.7;9.647864694
1900-05-10 14:00:00+01:00;20.8;9.942810832
1900-05-10 15:00:00+01:00;20.4;11.00806558
1900-05-10 16:00:00+01:00;18.4;11.64613988
1900-05-10 17:00:00+01:00;17.3;11.82512976
1900-05-10 18:00:00+01:00;17.1;12.25952771
1900-05-10 19:00:00+01:00;16;12.9765539
1900-05-10 20:00:00+01:00;14.8;13.1460263
1900-05-10 21:00:00+01:00;15;13.12612697
1900-05-10 22:00:00+01:00;14;11.94905686
1900-05-10 23:00:00+01:00;13.5;10.09091298
1900-05-11 00:00:00+01:00;12.8;8.634863783
1900-05-11 01:00:00+01:00;11.6;8.225462193
1900-05-11 02:00:00+01:00;10.7;8.264584864
1900-05-11 03:00:00+01:00;9.7;8.633711115
1900-05-11 04:00:00+01:00;10.2;8.933073212
1900-05-11 05:00:00+01:00;12;8.226198425
1900-05-11 06:00:00+01:00;10.5;14.6470766
1900-05-11 07:00:00+01:00;10.5;18.10714978
1900-05-11 08:00:00+01:00;10.4;16.53432401
1900-05-11 09:00:00+01:00;10.5;15.72779697
1900-05-11 10:00:00+01:00;11;14.88055115
1900-05-11 11:00:00+01:00;11.8;14.3834864
1900-05-11 12:00:00+01:00;13;10.00344824
1900-05-11 13:00:00+01:00;14.6;9.647864694
1900-05-11 14:00:00+01:00;16.1;9.942810832
1900-05-11 15:00:00+01:00;15.2;11.00806558
1900-05-11 16:00:00+01:00;17.4;11.64613988
1900-05-11 17:00:00+01:00;16.6;11.82512976
1900-05-11 18:00:00+01:00;15.8;12.25952771
1900-05-11 19:00:00+01:00;14.4;12.9765539
1900-05-11 20:00:00+01:00;12.5;19.11218487
1900-05-11 21:00:00+01:00;11.5;18.41879038
1900-05-11 22:00:00+01:00;10.2;17.51547204
1900-05-11 23:00:00+01:00;9.6;15.27298175
1900-05-12 00:00:00+01:00;7.6;13.64979103
1900-05-12 01:00:00+01:00;7.1;12.33100486
1900-05-12 02:00:00+01:00;6.7;12.16679845
1900-05-12 03:00:00+01:00;6.9;11.4798851
1900-05-12 04:00:00+01:00;5;11.95942299
1900-05-12 05:00:00+01:00;9;11.18375121
1900-05-12 06:00:00+01:00;10.1;12.38081967
1900-05-12 07:00:00+01:00;9.7;14.24460602
1900-05-12 08:00:00+01:00;10.8;17.74734758
1900-05-12 09:00:00+01:00;12.4;20.85066775
1900-05-12 10:00:00+01:00;13.2;20.87928808
1900-05-12 11:00:00+01:00;13.8;11.62916385
1900-05-12 12:00:00+01:00;12.4;19.55982747
1900-05-12 13:00:00+01:00;10.8;19.76676347
1900-05-12 14:00:00+01:00;9.8;20.13713094
1900-05-12 15:00:00+01:00;9.1;20.8762867
1900-05-12 16:00:00+01:00;9.3;21.34109255
1900-05-12 17:00:00+01:00;9.2;22.40005147
1900-05-12 18:00:00+01:00;9.9;22.45037549
1900-05-12 19:00:00+01:00;9.9;22.44020842
1900-05-12 20:00:00+01:00;9.4;22.23524813
1900-05-12 21:00:00+01:00;8.9;20.74892281
1900-05-12 22:00:00+01:00;8.8;18.48642814
1900-05-12 23:00:00+01:00;8.7;16.67037311
1900-05-13 00:00:00+01:00;9.4;15.08259799
1900-05-13 01:00:00+01:00;9.6;13.20764347
1900-05-13 02:00:00+01:00;9.3;12.48366818
1900-05-13 03:00:00+01:00;8.8;12.1424036
1900-05-13 04:00:00+01:00;8.5;12.06610415
1900-05-13 05:00:00+01:00;8;12.39887128
1900-05-13 06:00:00+01:00;8;13.95513133
1900-05-13 07:00:00+01:00;8.1;15.766231
1900-05-13 08:00:00+01:00;8.4;19.68466238
1900-05-13 09:00:00+01:00;8.5;23.43352581
1900-05-13 10:00:00+01:00;9.1;23.84940272
1900-05-13 11:00:00+01:00;9.3;23.5528997
1900-05-13 12:00:00+01:00;10.3;21.86730439
1900-05-13 13:00:00+01:00;9.9;21.37781694
1900-05-13 14:00:00+01:00;11.3;20.01423228
1900-05-13 15:00:00+01:00;12;19.82461692
1900-05-13 16:00:00+01:00;11.3;20.72091994
1900-05-13 17:00:00+01:00;10.5;22.10152394
1900-05-13 18:00:00+01:00;9.6;22.93656569
1900-05-13 19:00:00+01:00;9.5;22.8911505
1900-05-13 20:00:00+01:00;8.7;22.74173594
1900-05-13 21:00:00+01:00;8.8;20.96059236
1900-05-13 22:00:00+01:00;8.6;18.68370332
1900-05-13 23:00:00+01:00;8.6;16.82155523
1900-05-14 00:00:00+01:00;8.3;14.16859236
1900-05-14 01:00:00+01:00;8;12.79925913
1900-05-14 02:00:00+01:00;7.8;12.59578376
1900-05-14 03:00:00+01:00;7.7;12.60763185
1900-05-14 04:00:00+01:00;7.5;13.07906835
1900-05-14 05:00:00+01:00;8.2;14.30514232
1900-05-14 06:00:00+01:00;8.6;20.09506082
1900-05-14 07:00:00+01:00;8.9;23.28777751
1900-05-14 08:00:00+01:00;10.7;19.78729158
1900-05-14 09:00:00+01:00;12.6;11.48237927
1900-05-14 10:00:00+01:00;12;10.48722319
1900-05-14 11:00:00+01:00;12;16.92541242
1900-05-14 12:00:00+01:00;13.2;10.00344824
1900-05-14 13:00:00+01:00;13.3;15.09428371
1900-05-14 14:00:00+01:00;13;15.74493289
1900-05-14 15:00:00+01:00;13.3;17.1337441
1900-05-14 16:00:00+01:00;14.8;11.64613988
1900-05-14 17:00:00+01:00;13.6;19.82628857
1900-05-14 18:00:00+01:00;13.4;19.42831813
1900-05-14 19:00:00+01:00;13.4;19.65305307
1900-05-14 20:00:00+01:00;11;20.79973371
1900-05-14 21:00:00+01:00;9;21.4032218
1900-05-14 22:00:00+01:00;7.6;19.50304163
1900-05-14 23:00:00+01:00;7;17.1914449
1900-05-15 00:00:00+01:00;5.6;14.25909484
1900-05-15 01:00:00+01:00;4.4;12.88695076
1900-05-15 02:00:00+01:00;2.7;13.19558766
1900-05-15 03:00:00+01:00;3;13.29828923
1900-05-15 04:00:00+01:00;4.3;13.61133464
1900-05-15 05:00:00+01:00;7.6;14.02683574
1900-05-15 06:00:00+01:00;9.5;19.33688548
1900-05-15 07:00:00+01:00;11.3;20.26418215
1900-05-15 08:00:00+01:00;12.9;11.12384312
1900-05-15 09:00:00+01:00;15;11.48237927
1900-05-15 10:00:00+01:00;16.3;10.48722319
1900-05-15 11:00:00+01:00;17;10.24475575
1900-05-15 12:00:00+01:00;18.6;10.00344824
1900-05-15 13:00:00+01:00;18.1;9.647864694
1900-05-15 14:00:00+01:00;16.7;9.942810832
1900-05-15 15:00:00+01:00;16.7;11.00806558
1900-05-15 16:00:00+01:00;17.2;11.64613988
1900-05-15 17:00:00+01:00;16.4;11.82512976
1900-05-15 18:00:00+01:00;15.5;12.25952771
1900-05-15 19:00:00+01:00;14.5;12.9765539
1900-05-15 20:00:00+01:00;14.3;13.1460263
1900-05-15 21:00:00+01:00;14.1;13.12612697
1900-05-15 22:00:00+01:00;13.5;11.94905686
1900-05-15 23:00:00+01:00;12.7;10.09091298
1900-05-16 00:00:00+01:00;12.5;8.634863783
1900-05-16 01:00:00+01:00;11.9;8.225462193
1900-05-16 02:00:00+01:00;11.4;8.264584864
1900-05-16 03:00:00+01:00;11;8.398047493
1900-05-16 04:00:00+01:00;10.8;8.904378667
1900-05-16 05:00:00+01:00;10.8;9.980554355
1900-05-16 06:00:00+01:00;11.7;10.45404329
1900-05-16 07:00:00+01:00;12;11.62762641
1900-05-16 08:00:00+01:00;13.2;11.12384312
1900-05-16 09:00:00+01:00;13.6;11.48237927
1900-05-16 10:00:00+01:00;12.6;10.48722319
1900-05-16 11:00:00+01:00;12;14.42179015
1900-05-16 12:00:00+01:00;12.7;13.6021217
1900-05-16 13:00:00+01:00;14.6;9.647864694
1900-05-16 14:00:00+01:00;15.4;9.942810832
1900-05-16 15:00:00+01:00;14.7;11.00806558
1900-05-16 16:00:00+01:00;14.7;11.64613988
1900-05-16 17:00:00+01:00;14.5;11.82512976
1900-05-16 18:00:00+01:00;13.9;18.14146055
1900-05-16 19:00:00+01:00;12.3;19.22799816
1900-05-16 20:00:00+01:00;11.7;19.40657573
1900-05-16 21:00:00+01:00;10.6;19.65148417
1900-05-16 22:00:00+01:00;10;17.61038658
1900-05-16 23:00:00+01:00;10;15.16159927
1900-05-17 00:00:00+01:00;9.7;11.4168671
1900-05-17 01:00:00+01:00;9.5;10.07810835
1900-05-17 02:00:00+01:00;9;10.01706709
1900-05-17 03:00:00+01:00;8.8;10.31332265
1900-05-17 04:00:00+01:00;9;10.78000199
1900-05-17 05:00:00+01:00;8;12.56773569
1900-05-17 06:00:00+01:00;8.4;17.94051181
1900-05-17 07:00:00+01:00;8.6;21.84971221
1900-05-17 08:00:00+01:00;9.8;18.64821419
1900-05-17 09:00:00+01:00;11.5;16.75096658
1900-05-17 10:00:00+01:00;12.6;10.48722319
1900-05-17 11:00:00+01:00;14.4;10.24475575
1900-05-17 12:00:00+01:00;16;10.00344824
1900-05-17 13:00:00+01:00;16.5;9.647864694
1900-05-17 14:00:00+01:00;15.6;9.942810832
1900-05-17 15:00:00+01:00;15.8;11.00806558
1900-05-17 16:00:00+01:00;15.2;11.64613988
1900-05-17 17:00:00+01:00;14;11.82512976
1900-05-17 18:00:00+01:00;13.3;18.98008648
1900-05-17 19:00:00+01:00;12.2;19.79548737
1900-05-17 20:00:00+01:00;11.6;20.08357669
1900-05-17 21:00:00+01:00;10;20.50238725
1900-05-17 22:00:00+01:00;9.4;18.36122211
1900-05-17 23:00:00+01:00;7;16.61743992
1900-05-18 00:00:00+01:00;7.4;13.1234936
1900-05-18 01:00:00+01:00;6.1;11.83060789
1900-05-18 02:00:00+01:00;4;12.23869259
1900-05-18 03:00:00+01:00;3.8;12.47239377
1900-05-18 04:00:00+01:00;4.2;13.1193345
1900-05-18 05:00:00+01:00;7.1;13.65001159
1900-05-18 06:00:00+01:00;10;18.54378885
1900-05-18 07:00:00+01:00;11.3;19.78510506
1900-05-18 08:00:00+01:00;13;11.12384312
1900-05-18 09:00:00+01:00;13.3;11.48237927
1900-05-18 10:00:00+01:00;14;10.48722319
1900-05-18 11:00:00+01:00;16.1;10.24475575
1900-05-18 12:00:00+01:00;18.3;10.00344824
1900-05-18 13:00:00+01:00;17.9;9.647864694
1900-05-18 14:00:00+01:00;19.4;9.942810832
1900-05-18 15:00:00+01:00;19.9;11.00806558
1900-05-18 16:00:00+01:00;20.2;11.64613988
1900-05-18 17:00:00+01:00;20.2;11.82512976
1900-05-18 18:00:00+01:00;19;12.25952771
1900-05-18 19:00:00+01:00;18.9;12.9765539
1900-05-18 20:00:00+01:00;15.3;13.1460263
1900-05-18 21:00:00+01:00;13.7;13.12612697
1900-05-18 22:00:00+01:00;11.4;16.1255993
1900-05-18 23:00:00+01:00;10;14.7269955
1900-05-19 00:00:00+01:00;10;12.38507258
1900-05-19 01:00:00+01:00;8.3;11.16621838
1900-05-19 02:00:00+01:00;7.5;10.97235486
1900-05-19 03:00:00+01:00;8;9.957345022
1900-05-19 04:00:00+01:00;9.4;9.273215014
1900-05-19 05:00:00+01:00;11;8.047100616
1900-05-19 06:00:00+01:00;11.6;9.982808603
1900-05-19 07:00:00+01:00;14.6;9.851837622
1900-05-19 08:00:00+01:00;17;11.10636298
1900-05-19 09:00:00+01:00;17;12.42411195
1900-05-19 10:00:00+01:00;19.5;12.00337844
1900-05-19 11:00:00+01:00;20;11.62916385
1900-05-19 12:00:00+01:00;21.6;11.37823586
1900-05-19 13:00:00+01:00;22.1;11.36162541
1900-05-19 14:00:00+01:00;23.4;11.08782255
1900-05-19 15:00:00+01:00;24.9;11.32680534
1900-05-19 16:00:00+01:00;22;11.7963058
1900-05-19 17:00:00+01:00;23.7;11.87915172
1900-05-19 18:00:00+01:00;22.7;12.61984167
1900-05-19 19:00:00+01:00;21.4;13.34382055
1900-05-19 20:00:00+01:00;17.9;12.5974185
1900-05-19 21:00:00+01:00;17;11.91376775
1900-05-19 22:00:00+01:00;15.8;10.8657503
1900-05-19 23:00:00+01:00;16;10.46430709
1900-05-20 00:00:00+01:00;15.7;9.24776752
1900-05-20 01:00:00+01:00;14.9;8.567280055
1900-05-20 02:00:00+01:00;13.8;8.474266062
1900-05-20 03:00:00+01:00;13.2;8.287208079
1900-05-20 04:00:00+01:00;13.1;8.199615783
1900-05-20 05:00:00+01:00;12.8;8.047100616
1900-05-20 06:00:00+01:00;15;9.07747372
1900-05-20 07:00:00+01:00;16;9.851837622
1900-05-20 08:00:00+01:00;16.5;11.10636298
1900-05-20 09:00:00+01:00;17.2;12.42411195
1900-05-20 10:00:00+01:00;18.2;12.00337844
1900-05-20 11:00:00+01:00;18.3;11.62916385
1900-05-20 12:00:00+01:00;18;11.37823586
1900-05-20 13:00:00+01:00;19;11.36162541
1900-05-20 14:00:00+01:00;18;11.08782255
1900-05-20 15:00:00+01:00;17.6;11.32680534
1900-05-20 16:00:00+01:00;19;11.7963058
1900-05-20 17:00:00+01:00;18.6;11.87915172
1900-05-20 18:00:00+01:00;17.3;12.61984167
1900-05-20 19:00:00+01:00;17;13.34382055
1900-05-20 20:00:00+01:00;16.1;12.5974185
1900-05-20 21:00:00+01:00;15.7;11.91376775
1900-05-20 22:00:00+01:00;15.3;10.8657503
1900-05-20 23:00:00+01:00;15;10.46430709
1900-05-21 00:00:00+01:00;14.3;8.634863783
1900-05-21 01:00:00+01:00;13.7;8.225462193
1900-05-21 02:00:00+01:00;12.4;8.264584864
1900-05-21 03:00:00+01:00;12.4;8.398047493
1900-05-21 04:00:00+01:00;12.4;8.146042183
1900-05-21 05:00:00+01:00;13;8.226198425
1900-05-21 06:00:00+01:00;13.9;10.45404329
1900-05-21 07:00:00+01:00;15.5;11.62762641
1900-05-21 08:00:00+01:00;16;11.12384312
1900-05-21 09:00:00+01:00;18;11.48237927
1900-05-21 10:00:00+01:00;19.5;10.48722319
1900-05-21 11:00:00+01:00;18;10.24475575
1900-05-21 12:00:00+01:00;20.1;10.00344824
1900-05-21 13:00:00+01:00;20.3;9.647864694
1900-05-21 14:00:00+01:00;19.6;9.942810832
1900-05-21 15:00:00+01:00;21;11.00806558
1900-05-21 16:00:00+01:00;22.6;11.64613988
1900-05-21 17:00:00+01:00;19.3;11.82512976
1900-05-21 18:00:00+01:00;18.9;12.25952771
1900-05-21 19:00:00+01:00;17.5;12.9765539
1900-05-21 20:00:00+01:00;16.9;13.1460263
1900-05-21 21:00:00+01:00;15.6;13.12612697
1900-05-21 22:00:00+01:00;14.2;11.94905686
1900-05-21 23:00:00+01:00;13.5;10.09091298
1900-05-22 00:00:00+01:00;12.2;8.634863783
1900-05-22 01:00:00+01:00;10.6;8.225462193
1900-05-22 02:00:00+01:00;11;8.264584864
1900-05-22 03:00:00+01:00;11.2;8.398047493
1900-05-22 04:00:00+01:00;11.3;8.146042183
1900-05-22 05:00:00+01:00;12;8.226198425
1900-05-22 06:00:00+01:00;12.4;10.45404329
1900-05-22 07:00:00+01:00;13.4;11.62762641
1900-05-22 08:00:00+01:00;15.4;11.12384312
1900-05-22 09:00:00+01:00;16.6;11.48237927
1900-05-22 10:00:00+01:00;17.4;10.48722319
1900-05-22 11:00:00+01:00;18.5;10.24475575
1900-05-22 12:00:00+01:00;18.7;10.00344824
1900-05-22 13:00:00+01:00;19.1;9.647864694
1900-05-22 14:00:00+01:00;20.4;9.942810832
1900-05-22 15:00:00+01:00;20.9;11.00806558
1900-05-22 16:00:00+01:00;20.5;11.64613988
1900-05-22 17:00:00+01:00;20;11.82512976
1900-05-22 18:00:00+01:00;17.5;12.25952771
1900-05-22 19:00:00+01:00;16.6;12.9765539
1900-05-22 20:00:00+01:00;15.7;13.1460263
1900-05-22 21:00:00+01:00;15.3;13.12612697
1900-05-22 22:00:00+01:00;12.9;11.94905686
1900-05-22 23:00:00+01:00;11.2;12.39537384
1900-05-23 00:00:00+01:00;10.4;9.534104485
1900-05-23 01:00:00+01:00;7.7;8.609655385
1900-05-23 02:00:00+01:00;7.2;8.616012258
1900-05-23 03:00:00+01:00;6.9;8.847262532
1900-05-23 04:00:00+01:00;8.6;9.100100407
1900-05-23 05:00:00+01:00;12;8.226198425
1900-05-23 06:00:00+01:00;13.1;10.45404329
1900-05-23 07:00:00+01:00;14.2;11.62762641
1900-05-23 08:00:00+01:00;14.8;11.12384312
1900-05-23 09:00:00+01:00;15.9;11.48237927
1900-05-23 10:00:00+01:00;16.4;10.48722319
1900-05-23 11:00:00+01:00;16.7;10.24475575
1900-05-23 12:00:00+01:00;16.8;10.00344824
1900-05-23 13:00:00+01:00;17.5;9.647864694
1900-05-23 14:00:00+01:00;18.8;9.942810832
1900-05-23 15:00:00+01:00;19.2;11.00806558
1900-05-23 16:00:00+01:00;18.8;11.64613988
1900-05-23 17:00:00+01:00;19.3;11.82512976
1900-05-23 18:00:00+01:00;18.5;12.25952771
1900-05-23 19:00:00+01:00;16.2;12.9765539
1900-05-23 20:00:00+01:00;15.5;13.1460263
1900-05-23 21:00:00+01:00;14.1;13.12612697
1900-05-23 22:00:00+01:00;13.4;11.94905686
1900-05-23 23:00:00+01:00;13;10.09091298
1900-05-24 00:00:00+01:00;12.3;8.634863783
1900-05-24 01:00:00+01:00;12.6;8.225462193
1900-05-24 02:00:00+01:00;12.7;8.264584864
1900-05-24 03:00:00+01:00;12.4;8.398047493
1900-05-24 04:00:00+01:00;11.9;8.146042183
1900-05-24 05:00:00+01:00;13.8;8.226198425
1900-05-24 06:00:00+01:00;14.3;10.45404329
1900-05-24 07:00:00+01:00;15.6;11.62762641
1900-05-24 08:00:00+01:00;16.9;11.12384312
1900-05-24 09:00:00+01:00;17.7;11.48237927
1900-05-24 10:00:00+01:00;19.8;10.48722319
1900-05-24 11:00:00+01:00;21.2;10.24475575
1900-05-24 12:00:00+01:00;21.1;10.00344824
1900-05-24 13:00:00+01:00;20.6;9.647864694
1900-05-24 14:00:00+01:00;22.4;9.942810832
1900-05-24 15:00:00+01:00;22.9;11.00806558
1900-05-24 16:00:00+01:00;21.8;11.64613988
1900-05-24 17:00:00+01:00;22;11.82512976
1900-05-24 18:00:00+01:00;21;12.25952771
1900-05-24 19:00:00+01:00;19.1;12.9765539
1900-05-24 20:00:00+01:00;16.3;13.1460263
1900-05-24 21:00:00+01:00;15;13.12612697
1900-05-24 22:00:00+01:00;13;11.94905686
1900-05-24 23:00:00+01:00;11.7;11.36197962
1900-05-25 00:00:00+01:00;11.2;8.431206951
1900-05-25 01:00:00+01:00;10;8.225462193
1900-05-25 02:00:00+01:00;9.1;7.20312385
1900-05-25 03:00:00+01:00;8.5;7.30684418
1900-05-25 04:00:00+01:00;9.1;7.917895661
1900-05-25 05:00:00+01:00;11.8;8.226198425
1900-05-25 06:00:00+01:00;14.5;10.45404329
1900-05-25 07:00:00+01:00;16.2;11.62762641
1900-05-25 08:00:00+01:00;18.1;11.12384312
1900-05-25 09:00:00+01:00;19.6;11.48237927
1900-05-25 10:00:00+01:00;21.7;10.48722319
1900-05-25 11:00:00+01:00;22.2;10.24475575
1900-05-25 12:00:00+01:00;23.1;10.00344824
1900-05-25 13:00:00+01:00;25.4;9.647864694
1900-05-25 14:00:00+01:00;24.6;9.942810832
1900-05-25 15:00:00+01:00;24;11.00806558
1900-05-25 16:00:00+01:00;26.4;11.64613988
1900-05-25 17:00:00+01:00;24.1;11.82512976
1900-05-25 18:00:00+01:00;23.6;12.25952771
1900-05-25 19:00:00+01:00;21.5;12.9765539
1900-05-25 20:00:00+01:00;17.8;13.1460263
1900-05-25 21:00:00+01:00;15.9;13.12612697
1900-05-25 22:00:00+01:00;14;11.94905686
1900-05-25 23:00:00+01:00;13.5;10.09091298
1900-05-26 00:00:00+01:00;11.7;9.24776752
1900-05-26 01:00:00+01:00;11.6;8.567280055
1900-05-26 02:00:00+01:00;10.9;7.51263114
1900-05-26 03:00:00+01:00;11.1;8.287208079
1900-05-26 04:00:00+01:00;11;8.199615783
1900-05-26 05:00:00+01:00;11.8;8.047100616
1900-05-26 06:00:00+01:00;13;9.07747372
1900-05-26 07:00:00+01:00;15.1;9.851837622
1900-05-26 08:00:00+01:00;17.4;11.10636298
1900-05-26 09:00:00+01:00;18.4;12.42411195
1900-05-26 10:00:00+01:00;16.4;12.00337844
1900-05-26 11:00:00+01:00;19.4;11.62916385
1900-05-26 12:00:00+01:00;16.2;11.37823586
1900-05-26 13:00:00+01:00;16.2;11.36162541
1900-05-26 14:00:00+01:00;14;11.08782255
1900-05-26 15:00:00+01:00;11.1;17.69596608
1900-05-26 16:00:00+01:00;9.3;19.35099408
1900-05-26 17:00:00+01:00;8.7;20.63066095
1900-05-26 18:00:00+01:00;8.8;21.02619936
1900-05-26 19:00:00+01:00;9.8;20.47073504
1900-05-26 20:00:00+01:00;10.3;19.72549873
1900-05-26 21:00:00+01:00;10.4;18.04202384
1900-05-26 22:00:00+01:00;9.3;16.35845249
1900-05-26 23:00:00+01:00;8.1;14.77576222
1900-05-27 00:00:00+01:00;8.1;13.44335726
1900-05-27 01:00:00+01:00;7.5;12.12897267
1900-05-27 02:00:00+01:00;7.1;11.94283135
1900-05-27 03:00:00+01:00;6.9;11.4206867
1900-05-27 04:00:00+01:00;6.8;11.40458786
1900-05-27 05:00:00+01:00;6.6;11.88645212
1900-05-27 06:00:00+01:00;6.9;13.16179419
1900-05-27 07:00:00+01:00;6.7;15.55359609
1900-05-27 08:00:00+01:00;7.7;19.54805103
1900-05-27 09:00:00+01:00;8.9;22.97726605
1900-05-27 10:00:00+01:00;9.5;23.46248234
1900-05-27 11:00:00+01:00;11;22.581756
1900-05-27 12:00:00+01:00;11.1;21.36636707
1900-05-27 13:00:00+01:00;11;20.84555036
1900-05-27 14:00:00+01:00;11.1;20.2478943
1900-05-27 15:00:00+01:00;11.2;20.46141604
1900-05-27 16:00:00+01:00;11;21.07560692
1900-05-27 17:00:00+01:00;10.7;22.17844318
1900-05-27 18:00:00+01:00;10.7;22.51259243
1900-05-27 19:00:00+01:00;10.2;22.71147144
1900-05-27 20:00:00+01:00;8.3;23.09982599
1900-05-27 21:00:00+01:00;7;21.84964766
1900-05-27 22:00:00+01:00;5.6;19.99506886
1900-05-27 23:00:00+01:00;4.7;18.3162074
1900-05-28 00:00:00+01:00;4.6;15.87696072
1900-05-28 01:00:00+01:00;3.7;14.52134665
1900-05-28 02:00:00+01:00;3.6;14.36135724
1900-05-28 03:00:00+01:00;3.7;14.43826532
1900-05-28 04:00:00+01:00;4.4;14.78790025
1900-05-28 05:00:00+01:00;4.6;16.22434445
1900-05-28 06:00:00+01:00;6;21.6399066
1900-05-28 07:00:00+01:00;7.2;25.01597673
1900-05-28 08:00:00+01:00;8.5;21.35834331
1900-05-28 09:00:00+01:00;9.2;20.95015836
1900-05-28 10:00:00+01:00;10.1;19.40539056
1900-05-28 11:00:00+01:00;11.3;18.23766496
1900-05-28 12:00:00+01:00;12.3;16.78545407
1900-05-28 13:00:00+01:00;12.5;16.44666892
1900-05-28 14:00:00+01:00;13.1;16.59660688
1900-05-28 15:00:00+01:00;12.7;18.09130646
1900-05-28 16:00:00+01:00;12.7;19.98976901
1900-05-28 17:00:00+01:00;12.7;21.21739865
1900-05-28 18:00:00+01:00;12.8;21.63524842
1900-05-28 19:00:00+01:00;12.3;21.04561988
1900-05-28 20:00:00+01:00;10.9;23.180779
1900-05-28 21:00:00+01:00;9.2;22.59549501
1900-05-28 22:00:00+01:00;5.6;21.34718269
1900-05-28 23:00:00+01:00;4.5;19.16406314
1900-05-29 00:00:00+01:00;4.9;15.6315625
1900-05-29 01:00:00+01:00;4;14.15848509
1900-05-29 02:00:00+01:00;6.8;13.07680099
1900-05-29 03:00:00+01:00;6.7;12.98461651
1900-05-29 04:00:00+01:00;6.6;13.3769476
1900-05-29 05:00:00+01:00;8.9;13.99588704
1900-05-29 06:00:00+01:00;10.4;19.53750246
1900-05-29 07:00:00+01:00;11.1;20.55746656
1900-05-29 08:00:00+01:00;12.2;11.12384312
1900-05-29 09:00:00+01:00;12.5;11.48237927
1900-05-29 10:00:00+01:00;12.8;10.48722319
1900-05-29 11:00:00+01:00;13.4;10.24475575
1900-05-29 12:00:00+01:00;13.6;10.00344824
1900-05-29 13:00:00+01:00;13.3;14.9659372
1900-05-29 14:00:00+01:00;12.9;15.71517311
1900-05-29 15:00:00+01:00;12.5;17.53865469
1900-05-29 16:00:00+01:00;13.5;18.78635555
1900-05-29 17:00:00+01:00;12.8;20.32467339
1900-05-29 18:00:00+01:00;12.6;20.92641424
1900-05-29 19:00:00+01:00;11.5;21.82781101
1900-05-29 20:00:00+01:00;10.7;22.33223683
1900-05-29 21:00:00+01:00;10.6;21.20093059
1900-05-29 22:00:00+01:00;9.6;19.05221784
1900-05-29 23:00:00+01:00;10.5;16.23051497
1900-05-30 00:00:00+01:00;9.5;12.31972426
1900-05-30 01:00:00+01:00;9.6;10.80474446
1900-05-30 02:00:00+01:00;8.3;11.12964559
1900-05-30 03:00:00+01:00;8;11.13921811
1900-05-30 04:00:00+01:00;7.9;11.60838293
1900-05-30 05:00:00+01:00;8;13.01330936
1900-05-30 06:00:00+01:00;8.7;18.41010032
1900-05-30 07:00:00+01:00;9.7;21.64610398
1900-05-30 08:00:00+01:00;10.3;18.80065741
1900-05-30 09:00:00+01:00;11.6;17.01665466
1900-05-30 10:00:00+01:00;11.4;16.95433694
1900-05-30 11:00:00+01:00;11.4;16.47884604
1900-05-30 12:00:00+01:00;12;15.46397735
1900-05-30 13:00:00+01:00;12.1;15.27788048
1900-05-30 14:00:00+01:00;12;15.95928167
1900-05-30 15:00:00+01:00;12.3;17.49155826
1900-05-30 16:00:00+01:00;12.1;19.4438034
1900-05-30 17:00:00+01:00;11.9;20.66869266
1900-05-30 18:00:00+01:00;11.8;21.21015637
1900-05-30 19:00:00+01:00;11.6;20.56461706
1900-05-30 20:00:00+01:00;11.2;20.85354792
1900-05-30 21:00:00+01:00;10.9;20.8947659
1900-05-30 22:00:00+01:00;10.6;18.60243724
1900-05-30 23:00:00+01:00;10.4;16.28842752
1900-05-31 00:00:00+01:00;10.1;12.26440684
1900-05-31 01:00:00+01:00;9.9;11.00952622
1900-05-31 02:00:00+01:00;9.8;10.73308448
1900-05-31 03:00:00+01:00;9.2;11.11690593
1900-05-31 04:00:00+01:00;9.2;11.47854641
1900-05-31 05:00:00+01:00;9.7;12.7078345
1900-05-31 06:00:00+01:00;10.2;18.32418546
1900-05-31 07:00:00+01:00;10.5;20.08421914
1900-05-31 08:00:00+01:00;11.2;17.41797401
1900-05-31 09:00:00+01:00;12.3;11.48237927
1900-05-31 10:00:00+01:00;12.5;10.48722319
1900-05-31 11:00:00+01:00;13.6;10.24475575
1900-05-31 12:00:00+01:00;14.1;10.00344824
1900-05-31 13:00:00+01:00;13.9;14.09764244
1900-05-31 14:00:00+01:00;15.6;9.942810832
1900-05-31 15:00:00+01:00;14.3;11.00806558
1900-05-31 16:00:00+01:00;14.8;11.64613988
1900-05-31 17:00:00+01:00;15;11.82512976
1900-05-31 18:00:00+01:00;14;12.25952771
1900-05-31 19:00:00+01:00;13.7;12.9765539
1900-05-31 20:00:00+01:00;13;13.1460263
1900-05-31 21:00:00+01:00;11.4;18.84031401
1900-05-31 22:00:00+01:00;11.2;16.66693952
1900-05-31 23:00:00+01:00;10.8;15.17390301
1900-06-01 00:00:00+01:00;11.5;8.236572116
1900-06-01 01:00:00+01:00;12.2;7.892712193
1900-06-01 02:00:00+01:00;12.2;7.926793198
1900-06-01 03:00:00+01:00;13.5;8.045130826
1900-06-01 04:00:00+01:00;11.8;7.77295885
1900-06-01 05:00:00+01:00;11.3;7.853115092
1900-06-01 06:00:00+01:00;12.6;9.89441829
1900-06-01 07:00:00+01:00;14.9;10.89658474
1900-06-01 08:00:00+01:00;17.5;10.39280145
1900-06-01 09:00:00+01:00;19.4;10.8572126
1900-06-01 10:00:00+01:00;23.2;9.988098192
1900-06-01 11:00:00+01:00;24.8;9.629672415
1900-06-01 12:00:00+01:00;25.5;9.408531578
1900-06-01 13:00:00+01:00;27;9.113448027
1900-06-01 14:00:00+01:00;30.8;9.433602499
1900-06-01 15:00:00+01:00;27.4;10.25685725
1900-06-01 16:00:00+01:00;26.1;10.67813988
1900-06-01 17:00:00+01:00;25.8;10.91258809
1900-06-01 18:00:00+01:00;25.6;11.11002771
1900-06-01 19:00:00+01:00;24.1;11.63547056
1900-06-01 20:00:00+01:00;21.5;11.75956797
1900-06-01 21:00:00+01:00;19.2;11.83041864
1900-06-01 22:00:00+01:00;17;11.01130686
1900-06-01 23:00:00+01:00;15;9.440537984
1900-06-02 00:00:00+01:00;14;8.667975853
1900-06-02 01:00:00+01:00;12.5;8.163946722
1900-06-02 02:00:00+01:00;11;8.101182728
1900-06-02 03:00:00+01:00;10.9;5.438481529
1900-06-02 04:00:00+01:00;11.9;7.821490783
1900-06-02 05:00:00+01:00;15;7.709308949
1900-06-02 06:00:00+01:00;18;8.74472372
1900-06-02 07:00:00+01:00;18.7;9.302295956
1900-06-02 08:00:00+01:00;21.2;10.21398798
1900-06-02 09:00:00+01:00;24.2;11.30486195
1900-06-02 10:00:00+01:00;26;11.02025344
1900-06-02 11:00:00+01:00;25;10.63595552
1900-06-02 12:00:00+01:00;26.8;10.43040253
1900-06-02 13:00:00+01:00;28;10.40875041
1900-06-02 14:00:00+01:00;26.6;10.22065588
1900-06-02 15:00:00+01:00;26;10.36384701
1900-06-02 16:00:00+01:00;25.4;10.6770558
1900-06-02 17:00:00+01:00;25.2;10.73973505
1900-06-02 18:00:00+01:00;24.5;11.08213334
1900-06-02 19:00:00+01:00;22.5;11.59940388
1900-06-02 20:00:00+01:00;19.3;10.83283516
1900-06-02 21:00:00+01:00;17.4;10.44160108
1900-06-02 22:00:00+01:00;16.3;9.8372503
1900-06-02 23:00:00+01:00;15.5;9.808890428
1900-06-03 00:00:00+01:00;11.7;8.667975853
1900-06-03 01:00:00+01:00;11.1;8.163946722
1900-06-03 02:00:00+01:00;10.3;6.340523259
1900-06-03 03:00:00+01:00;10;5.502132547
1900-06-03 04:00:00+01:00;11;7.821490783
1900-06-03 05:00:00+01:00;13.9;7.709308949
1900-06-03 06:00:00+01:00;15.4;8.74472372
1900-06-03 07:00:00+01:00;17.2;9.302295956
1900-06-03 08:00:00+01:00;20.5;10.21398798
1900-06-03 09:00:00+01:00;22;11.30486195
1900-06-03 10:00:00+01:00;23.6;11.02025344
1900-06-03 11:00:00+01:00;26.2;10.63595552
1900-06-03 12:00:00+01:00;26.6;10.43040253
1900-06-03 13:00:00+01:00;26.5;10.40875041
1900-06-03 14:00:00+01:00;25.9;10.22065588
1900-06-03 15:00:00+01:00;25.6;10.36384701
1900-06-03 16:00:00+01:00;24.3;10.6770558
1900-06-03 17:00:00+01:00;24.4;10.73973505
1900-06-03 18:00:00+01:00;23;11.08213334
1900-06-03 19:00:00+01:00;21.3;11.59940388
1900-06-03 20:00:00+01:00;20.8;10.83283516
1900-06-03 21:00:00+01:00;18.1;10.44160108
1900-06-03 22:00:00+01:00;18;9.8372503
1900-06-03 23:00:00+01:00;16.4;9.808890428
1900-06-04 00:00:00+01:00;15.4;8.236572116
1900-06-04 01:00:00+01:00;14;7.892712193
1900-06-04 02:00:00+01:00;14.6;7.926793198
1900-06-04 03:00:00+01:00;13.3;8.045130826
1900-06-04 04:00:00+01:00;14.4;7.77295885
1900-06-04 05:00:00+01:00;15.8;7.853115092
1900-06-04 06:00:00+01:00;18.5;9.89441829
1900-06-04 07:00:00+01:00;20;10.89658474
1900-06-04 08:00:00+01:00;22;10.39280145
1900-06-04 09:00:00+01:00;24;10.8572126
1900-06-04 10:00:00+01:00;23.9;9.988098192
1900-06-04 11:00:00+01:00;25.4;9.629672415
1900-06-04 12:00:00+01:00;25.5;9.408531578
1900-06-04 13:00:00+01:00;26.8;9.113448027
1900-06-04 14:00:00+01:00;27.3;9.433602499
1900-06-04 15:00:00+01:00;27.8;10.25685725
1900-06-04 16:00:00+01:00;28.7;10.67813988
1900-06-04 17:00:00+01:00;25.8;10.91258809
1900-06-04 18:00:00+01:00;24.2;11.11002771
1900-06-04 19:00:00+01:00;22.5;11.63547056
1900-06-04 20:00:00+01:00;19.4;11.75956797
1900-06-04 21:00:00+01:00;16.8;11.83041864
1900-06-04 22:00:00+01:00;16;11.01130686
1900-06-04 23:00:00+01:00;16.6;9.440537984
1900-06-05 00:00:00+01:00;16.1;8.236572116
1900-06-05 01:00:00+01:00;15.9;7.892712193
1900-06-05 02:00:00+01:00;15.3;7.926793198
1900-06-05 03:00:00+01:00;15.7;8.045130826
1900-06-05 04:00:00+01:00;15.6;7.77295885
1900-06-05 05:00:00+01:00;15.7;7.853115092
1900-06-05 06:00:00+01:00;16.1;9.89441829
1900-06-05 07:00:00+01:00;16.9;10.89658474
1900-06-05 08:00:00+01:00;19.8;10.39280145
1900-06-05 09:00:00+01:00;21.5;10.8572126
1900-06-05 10:00:00+01:00;21.9;9.988098192
1900-06-05 11:00:00+01:00;24.1;9.629672415
1900-06-05 12:00:00+01:00;24.7;9.408531578
1900-06-05 13:00:00+01:00;24.7;9.113448027
1900-06-05 14:00:00+01:00;25.1;9.433602499
1900-06-05 15:00:00+01:00;25.2;10.25685725
1900-06-05 16:00:00+01:00;24.9;10.67813988
1900-06-05 17:00:00+01:00;24.5;10.91258809
1900-06-05 18:00:00+01:00;23.8;11.11002771
1900-06-05 19:00:00+01:00;22.4;11.63547056
1900-06-05 20:00:00+01:00;21;11.75956797
1900-06-05 21:00:00+01:00;20;11.83041864
1900-06-05 22:00:00+01:00;18.5;11.01130686
1900-06-05 23:00:00+01:00;17.1;9.440537984
1900-06-06 00:00:00+01:00;16.9;8.236572116
1900-06-06 01:00:00+01:00;16;7.892712193
1900-06-06 02:00:00+01:00;15.5;7.926793198
1900-06-06 03:00:00+01:00;15;8.045130826
1900-06-06 04:00:00+01:00;16.6;7.77295885
1900-06-06 05:00:00+01:00;16.8;7.853115092
1900-06-06 06:00:00+01:00;17.8;9.89441829
1900-06-06 07:00:00+01:00;18.9;10.89658474
1900-06-06 08:00:00+01:00;19.4;10.39280145
1900-06-06 09:00:00+01:00;20.3;10.8572126
1900-06-06 10:00:00+01:00;20.1;9.988098192
1900-06-06 11:00:00+01:00;20.6;9.629672415
1900-06-06 12:00:00+01:00;21.8;9.408531578
1900-06-06 13:00:00+01:00;23.4;9.113448027
1900-06-06 14:00:00+01:00;23;9.433602499
1900-06-06 15:00:00+01:00;22.8;10.25685725
1900-06-06 16:00:00+01:00;22.6;10.67813988
1900-06-06 17:00:00+01:00;21.4;10.91258809
1900-06-06 18:00:00+01:00;20.6;11.11002771
1900-06-06 19:00:00+01:00;19.6;11.63547056
1900-06-06 20:00:00+01:00;18.7;11.75956797
1900-06-06 21:00:00+01:00;17.9;11.83041864
1900-06-06 22:00:00+01:00;17.3;11.01130686
1900-06-06 23:00:00+01:00;16.7;9.440537984
1900-06-07 00:00:00+01:00;15.2;8.236572116
1900-06-07 01:00:00+01:00;15.6;7.892712193
1900-06-07 02:00:00+01:00;15.3;7.926793198
1900-06-07 03:00:00+01:00;14.8;8.045130826
1900-06-07 04:00:00+01:00;15.6;7.77295885
1900-06-07 05:00:00+01:00;15.7;7.853115092
1900-06-07 06:00:00+01:00;16.7;9.89441829
1900-06-07 07:00:00+01:00;18;10.89658474
1900-06-07 08:00:00+01:00;17.8;10.39280145
1900-06-07 09:00:00+01:00;18.2;10.8572126
1900-06-07 10:00:00+01:00;21.1;9.988098192
1900-06-07 11:00:00+01:00;21.3;9.629672415
1900-06-07 12:00:00+01:00;20.9;9.408531578
1900-06-07 13:00:00+01:00;22.2;9.113448027
1900-06-07 14:00:00+01:00;22.6;9.433602499
1900-06-07 15:00:00+01:00;22.2;10.25685725
1900-06-07 16:00:00+01:00;21.4;10.67813988
1900-06-07 17:00:00+01:00;20.8;10.91258809
1900-06-07 18:00:00+01:00;20.9;11.11002771
1900-06-07 19:00:00+01:00;19.6;11.63547056
1900-06-07 20:00:00+01:00;18.6;11.75956797
1900-06-07 21:00:00+01:00;17;11.83041864
1900-06-07 22:00:00+01:00;15.9;11.01130686
1900-06-07 23:00:00+01:00;15.3;9.440537984
1900-06-08 00:00:00+01:00;14;8.236572116
1900-06-08 01:00:00+01:00;14.1;7.892712193
1900-06-08 02:00:00+01:00;14.9;7.926793198
1900-06-08 03:00:00+01:00;14.8;8.045130826
1900-06-08 04:00:00+01:00;14;7.77295885
1900-06-08 05:00:00+01:00;12.8;7.853115092
1900-06-08 06:00:00+01:00;12.6;9.89441829
1900-06-08 07:00:00+01:00;13.7;10.89658474
1900-06-08 08:00:00+01:00;14.3;10.39280145
1900-06-08 09:00:00+01:00;15.1;10.8572126
1900-06-08 10:00:00+01:00;15.5;9.988098192
1900-06-08 11:00:00+01:00;12;11.97636942
1900-06-08 12:00:00+01:00;14;9.408531578
1900-06-08 13:00:00+01:00;16.9;9.113448027
1900-06-08 14:00:00+01:00;17.6;9.433602499
1900-06-08 15:00:00+01:00;18.5;10.25685725
1900-06-08 16:00:00+01:00;19.3;10.67813988
1900-06-08 17:00:00+01:00;19.2;10.91258809
1900-06-08 18:00:00+01:00;18.2;11.11002771
1900-06-08 19:00:00+01:00;17.1;11.63547056
1900-06-08 20:00:00+01:00;14.6;11.75956797
1900-06-08 21:00:00+01:00;13.7;11.83041864
1900-06-08 22:00:00+01:00;12.5;11.01130686
1900-06-08 23:00:00+01:00;11.8;11.83802103
1900-06-09 00:00:00+01:00;10;10.62454562
1900-06-09 01:00:00+01:00;9.6;9.488126011
1900-06-09 02:00:00+01:00;8.3;9.759845436
1900-06-09 03:00:00+01:00;8.9;8.976913749
1900-06-09 04:00:00+01:00;9;8.914431315
1900-06-09 05:00:00+01:00;10.6;8.684039007
1900-06-09 06:00:00+01:00;12;8.74472372
1900-06-09 07:00:00+01:00;12.8;9.302295956
1900-06-09 08:00:00+01:00;13.8;10.21398798
1900-06-09 09:00:00+01:00;16;11.30486195
1900-06-09 10:00:00+01:00;16.4;11.02025344
1900-06-09 11:00:00+01:00;17.7;10.63595552
1900-06-09 12:00:00+01:00;17.6;10.43040253
1900-06-09 13:00:00+01:00;15;10.40875041
1900-06-09 14:00:00+01:00;18.1;10.22065588
1900-06-09 15:00:00+01:00;13.2;16.26975331
1900-06-09 16:00:00+01:00;15.8;10.6770558
1900-06-09 17:00:00+01:00;13.2;17.48230658
1900-06-09 18:00:00+01:00;15.4;11.08213334
1900-06-09 19:00:00+01:00;13;16.47785508
1900-06-09 20:00:00+01:00;12.5;16.25195142
1900-06-09 21:00:00+01:00;10.4;16.47174308
1900-06-09 22:00:00+01:00;9.9;14.99761705
1900-06-09 23:00:00+01:00;6.8;14.27705463
1900-06-10 00:00:00+01:00;6.5;13.06187076
1900-06-10 01:00:00+01:00;8.5;11.20396411
1900-06-10 02:00:00+01:00;9.8;10.29870116
1900-06-10 03:00:00+01:00;8.6;10.07440125
1900-06-10 04:00:00+01:00;9.1;9.798974858
1900-06-10 05:00:00+01:00;10.9;9.303009792
1900-06-10 06:00:00+01:00;12.6;8.74472372
1900-06-10 07:00:00+01:00;12.8;9.302295956
1900-06-10 08:00:00+01:00;12.1;15.62191808
1900-06-10 09:00:00+01:00;14.2;11.30486195
1900-06-10 10:00:00+01:00;13.6;18.20823657
1900-06-10 11:00:00+01:00;16.8;10.63595552
1900-06-10 12:00:00+01:00;15;10.43040253
1900-06-10 13:00:00+01:00;16.1;10.40875041
1900-06-10 14:00:00+01:00;19.9;10.22065588
1900-06-10 15:00:00+01:00;17.7;10.36384701
1900-06-10 16:00:00+01:00;18.4;10.6770558
1900-06-10 17:00:00+01:00;17;10.73973505
1900-06-10 18:00:00+01:00;15.2;11.08213334
1900-06-10 19:00:00+01:00;12.5;17.83568568
1900-06-10 20:00:00+01:00;12.3;16.55877217
1900-06-10 21:00:00+01:00;12;15.29958683
1900-06-10 22:00:00+01:00;11.8;13.72709969
1900-06-10 23:00:00+01:00;11.4;12.39918538
1900-06-11 00:00:00+01:00;11.3;8.236572116
1900-06-11 01:00:00+01:00;11.1;7.892712193
1900-06-11 02:00:00+01:00;10.8;7.926793198
1900-06-11 03:00:00+01:00;11;8.045130826
1900-06-11 04:00:00+01:00;11.6;7.77295885
1900-06-11 05:00:00+01:00;12.2;7.853115092
1900-06-11 06:00:00+01:00;13.2;9.89441829
1900-06-11 07:00:00+01:00;15.1;10.89658474
1900-06-11 08:00:00+01:00;17.2;10.39280145
1900-06-11 09:00:00+01:00;18.6;10.8572126
1900-06-11 10:00:00+01:00;18.9;9.988098192
1900-06-11 11:00:00+01:00;20;9.629672415
1900-06-11 12:00:00+01:00;18.4;9.408531578
1900-06-11 13:00:00+01:00;20;9.113448027
1900-06-11 14:00:00+01:00;20.2;9.433602499
1900-06-11 15:00:00+01:00;19.1;10.25685725
1900-06-11 16:00:00+01:00;15.7;10.67813988
1900-06-11 17:00:00+01:00;15.6;10.91258809
1900-06-11 18:00:00+01:00;14.7;11.11002771
1900-06-11 19:00:00+01:00;13.8;11.63547056
1900-06-11 20:00:00+01:00;10.8;18.10172536
1900-06-11 21:00:00+01:00;9.6;17.47885151
1900-06-11 22:00:00+01:00;7.8;16.22916925
1900-06-11 23:00:00+01:00;5.5;14.57253352
1900-06-12 00:00:00+01:00;4.5;12.021562
1900-06-12 01:00:00+01:00;3.5;10.44280012
1900-06-12 02:00:00+01:00;5;10.0013444
1900-06-12 03:00:00+01:00;7.3;9.520674256
1900-06-12 04:00:00+01:00;7.4;10.1920058
1900-06-12 05:00:00+01:00;8.2;11.42978246
1900-06-12 06:00:00+01:00;10;16.2000375
1900-06-12 07:00:00+01:00;11.5;17.91947286
1900-06-12 08:00:00+01:00;14.3;10.39280145
1900-06-12 09:00:00+01:00;14;10.8572126
1900-06-12 10:00:00+01:00;16.4;9.988098192
1900-06-12 11:00:00+01:00;17.5;9.629672415
1900-06-12 12:00:00+01:00;18.3;9.408531578
1900-06-12 13:00:00+01:00;18.8;9.113448027
1900-06-12 14:00:00+01:00;17.8;9.433602499
1900-06-12 15:00:00+01:00;18.1;10.25685725
1900-06-12 16:00:00+01:00;20;10.67813988
1900-06-12 17:00:00+01:00;19.8;10.91258809
1900-06-12 18:00:00+01:00;18.4;11.11002771
1900-06-12 19:00:00+01:00;16;11.63547056
1900-06-12 20:00:00+01:00;15.8;11.75956797
1900-06-12 21:00:00+01:00;14.1;11.83041864
1900-06-12 22:00:00+01:00;11.7;15.04962222
1900-06-12 23:00:00+01:00;10.8;13.72538776
1900-06-13 00:00:00+01:00;10;10.26845057
1900-06-13 01:00:00+01:00;9.5;8.775987037
1900-06-13 02:00:00+01:00;8.4;8.794058419
1900-06-13 03:00:00+01:00;8.1;8.831852717
1900-06-13 04:00:00+01:00;9.8;8.826749415
1900-06-13 05:00:00+01:00;10.6;9.637776207
1900-06-13 06:00:00+01:00;13.5;9.89441829
1900-06-13 07:00:00+01:00;15;10.89658474
1900-06-13 08:00:00+01:00;16.2;10.39280145
1900-06-13 09:00:00+01:00;18.1;10.8572126
1900-06-13 10:00:00+01:00;17.4;9.988098192
1900-06-13 11:00:00+01:00;20.2;9.629672415
1900-06-13 12:00:00+01:00;20;9.408531578
1900-06-13 13:00:00+01:00;19.6;9.113448027
1900-06-13 14:00:00+01:00;21;9.433602499
1900-06-13 15:00:00+01:00;19.5;10.25685725
1900-06-13 16:00:00+01:00;19.7;10.67813988
1900-06-13 17:00:00+01:00;19;10.91258809
1900-06-13 18:00:00+01:00;19;11.11002771
1900-06-13 19:00:00+01:00;18.1;11.63547056
1900-06-13 20:00:00+01:00;15.9;11.75956797
1900-06-13 21:00:00+01:00;14.4;11.83041864
1900-06-13 22:00:00+01:00;13;11.01130686
1900-06-13 23:00:00+01:00;12;9.440537984
1900-06-14 00:00:00+01:00;12.4;8.236572116
1900-06-14 01:00:00+01:00;12.1;7.892712193
1900-06-14 02:00:00+01:00;11.7;7.926793198
1900-06-14 03:00:00+01:00;11.9;8.045130826
1900-06-14 04:00:00+01:00;11.6;7.77295885
1900-06-14 05:00:00+01:00;13;7.853115092
1900-06-14 06:00:00+01:00;12.6;9.89441829
1900-06-14 07:00:00+01:00;14.4;10.89658474
1900-06-14 08:00:00+01:00;16.2;10.39280145
1900-06-14 09:00:00+01:00;16.8;10.8572126
1900-06-14 10:00:00+01:00;18;9.988098192
1900-06-14 11:00:00+01:00;20.4;9.629672415
1900-06-14 12:00:00+01:00;20.7;9.408531578
1900-06-14 13:00:00+01:00;20.4;9.113448027
1900-06-14 14:00:00+01:00;21.8;9.433602499
1900-06-14 15:00:00+01:00;21.6;10.25685725
1900-06-14 16:00:00+01:00;24;10.67813988
1900-06-14 17:00:00+01:00;23.6;10.91258809
1900-06-14 18:00:00+01:00;23.7;11.11002771
1900-06-14 19:00:00+01:00;20.4;11.63547056
1900-06-14 20:00:00+01:00;18.7;11.75956797
1900-06-14 21:00:00+01:00;17.3;11.83041864
1900-06-14 22:00:00+01:00;16.4;11.01130686
1900-06-14 23:00:00+01:00;15.8;9.440537984
1900-06-15 00:00:00+01:00;15;8.236572116
1900-06-15 01:00:00+01:00;14.5;7.892712193
1900-06-15 02:00:00+01:00;13.3;7.926793198
1900-06-15 03:00:00+01:00;12.4;8.045130826
1900-06-15 04:00:00+01:00;12.5;7.77295885
1900-06-15 05:00:00+01:00;14.7;7.853115092
1900-06-15 06:00:00+01:00;14.3;9.89441829
1900-06-15 07:00:00+01:00;15.5;10.89658474
1900-06-15 08:00:00+01:00;18;10.39280145
1900-06-15 09:00:00+01:00;18.2;10.8572126
1900-06-15 10:00:00+01:00;20.3;9.988098192
1900-06-15 11:00:00+01:00;22.6;9.629672415
1900-06-15 12:00:00+01:00;22.5;9.408531578
1900-06-15 13:00:00+01:00;21.3;9.113448027
1900-06-15 14:00:00+01:00;23;9.433602499
1900-06-15 15:00:00+01:00;24.4;10.25685725
1900-06-15 16:00:00+01:00;25;10.67813988
1900-06-15 17:00:00+01:00;24.3;10.91258809
1900-06-15 18:00:00+01:00;23.4;11.11002771
1900-06-15 19:00:00+01:00;22.8;11.63547056
1900-06-15 20:00:00+01:00;20.4;11.75956797
1900-06-15 21:00:00+01:00;17.5;11.83041864
1900-06-15 22:00:00+01:00;16;11.01130686
1900-06-15 23:00:00+01:00;11.5;9.893394175
1900-06-16 00:00:00+01:00;10.4;8.127372796
1900-06-16 01:00:00+01:00;9.3;7.331597065
1900-06-16 02:00:00+01:00;7.7;7.972985977
1900-06-16 03:00:00+01:00;9.4;6.55219616
1900-06-16 04:00:00+01:00;10.4;6.40006199
1900-06-16 05:00:00+01:00;14;7.709308949
1900-06-16 06:00:00+01:00;17.2;8.74472372
1900-06-16 07:00:00+01:00;21.6;9.302295956
1900-06-16 08:00:00+01:00;23;10.21398798
1900-06-16 09:00:00+01:00;23.8;11.30486195
1900-06-16 10:00:00+01:00;25.5;11.02025344
1900-06-16 11:00:00+01:00;26.4;10.63595552
1900-06-16 12:00:00+01:00;26.7;10.43040253
1900-06-16 13:00:00+01:00;27.6;10.40875041
1900-06-16 14:00:00+01:00;28.3;10.22065588
1900-06-16 15:00:00+01:00;29.7;10.36384701
1900-06-16 16:00:00+01:00;27.5;10.6770558
1900-06-16 17:00:00+01:00;30.3;10.73973505
1900-06-16 18:00:00+01:00;29.3;11.08213334
1900-06-16 19:00:00+01:00;27;11.59940388
1900-06-16 20:00:00+01:00;21.6;10.83283516
1900-06-16 21:00:00+01:00;19.5;10.44160108
1900-06-16 22:00:00+01:00;18.4;9.8372503
1900-06-16 23:00:00+01:00;17.6;9.808890428
1900-06-17 00:00:00+01:00;16.5;8.667975853
1900-06-17 01:00:00+01:00;15.8;8.163946722
1900-06-17 02:00:00+01:00;14.8;8.101182728
1900-06-17 03:00:00+01:00;13;7.919166413
1900-06-17 04:00:00+01:00;12.2;7.821490783
1900-06-17 05:00:00+01:00;11.1;7.709308949
1900-06-17 06:00:00+01:00;13.4;8.74472372
1900-06-17 07:00:00+01:00;12;6.728063738
1900-06-17 08:00:00+01:00;14;10.21398798
1900-06-17 09:00:00+01:00;15.2;11.30486195
1900-06-17 10:00:00+01:00;15.4;11.02025344
1900-06-17 11:00:00+01:00;17;10.63595552
1900-06-17 12:00:00+01:00;18.8;10.43040253
1900-06-17 13:00:00+01:00;19.9;10.40875041
1900-06-17 14:00:00+01:00;21.2;10.22065588
1900-06-17 15:00:00+01:00;21.4;10.36384701
1900-06-17 16:00:00+01:00;22.4;10.6770558
1900-06-17 17:00:00+01:00;22.1;10.73973505
1900-06-17 18:00:00+01:00;21;11.08213334
1900-06-17 19:00:00+01:00;19.5;11.59940388
1900-06-17 20:00:00+01:00;17.9;10.83283516
1900-06-17 21:00:00+01:00;16.9;10.44160108
1900-06-17 22:00:00+01:00;14.3;9.8372503
1900-06-17 23:00:00+01:00;13.7;9.808890428
1900-06-18 00:00:00+01:00;11.3;8.236572116
1900-06-18 01:00:00+01:00;12.4;7.892712193
1900-06-18 02:00:00+01:00;8.6;7.2758346
1900-06-18 03:00:00+01:00;7.5;7.727855386
1900-06-18 04:00:00+01:00;8.8;8.122508302
1900-06-18 05:00:00+01:00;11.8;7.853115092
1900-06-18 06:00:00+01:00;14.5;9.89441829
1900-06-18 07:00:00+01:00;17.9;10.89658474
1900-06-18 08:00:00+01:00;19.2;10.39280145
1900-06-18 09:00:00+01:00;21;10.8572126
1900-06-18 10:00:00+01:00;23.5;9.988098192
1900-06-18 11:00:00+01:00;25;9.629672415
1900-06-18 12:00:00+01:00;24.8;9.408531578
1900-06-18 13:00:00+01:00;25.3;9.113448027
1900-06-18 14:00:00+01:00;26.3;9.433602499
1900-06-18 15:00:00+01:00;26.3;10.25685725
1900-06-18 16:00:00+01:00;27.2;10.67813988
1900-06-18 17:00:00+01:00;26.1;10.91258809
1900-06-18 18:00:00+01:00;26.7;11.11002771
1900-06-18 19:00:00+01:00;23.6;11.63547056
1900-06-18 20:00:00+01:00;20.7;11.75956797
1900-06-18 21:00:00+01:00;18.6;11.83041864
1900-06-18 22:00:00+01:00;16.1;11.01130686
1900-06-18 23:00:00+01:00;14.2;9.440537984
1900-06-19 00:00:00+01:00;12.2;8.236572116
1900-06-19 01:00:00+01:00;12.1;7.892712193
1900-06-19 02:00:00+01:00;12.9;7.926793198
1900-06-19 03:00:00+01:00;12.8;8.045130826
1900-06-19 04:00:00+01:00;12.6;7.77295885
1900-06-19 05:00:00+01:00;12.5;7.853115092
1900-06-19 06:00:00+01:00;12.6;9.89441829
1900-06-19 07:00:00+01:00;12.4;10.89658474
1900-06-19 08:00:00+01:00;12.7;10.39280145
1900-06-19 09:00:00+01:00;13.9;10.8572126
1900-06-19 10:00:00+01:00;14.2;9.988098192
1900-06-19 11:00:00+01:00;13;9.629672415
1900-06-19 12:00:00+01:00;13.3;9.408531578
1900-06-19 13:00:00+01:00;13.5;10.85427925
1900-06-19 14:00:00+01:00;17;9.433602499
1900-06-19 15:00:00+01:00;16.7;10.25685725
1900-06-19 16:00:00+01:00;17.1;10.67813988
1900-06-19 17:00:00+01:00;16.6;10.91258809
1900-06-19 18:00:00+01:00;16.2;11.11002771
1900-06-19 19:00:00+01:00;14.5;11.63547056
1900-06-19 20:00:00+01:00;13.6;11.75956797
1900-06-19 21:00:00+01:00;13.4;11.83041864
1900-06-19 22:00:00+01:00;12.7;11.01130686
1900-06-19 23:00:00+01:00;12.8;9.440537984
1900-06-20 00:00:00+01:00;12;8.236572116
1900-06-20 01:00:00+01:00;11.4;7.892712193
1900-06-20 02:00:00+01:00;10;7.926793198
1900-06-20 03:00:00+01:00;10.1;8.045130826
1900-06-20 04:00:00+01:00;11;7.77295885
1900-06-20 05:00:00+01:00;13.1;7.853115092
1900-06-20 06:00:00+01:00;14.9;9.89441829
1900-06-20 07:00:00+01:00;16.5;10.89658474
1900-06-20 08:00:00+01:00;18.4;10.39280145
1900-06-20 09:00:00+01:00;19.1;10.8572126
1900-06-20 10:00:00+01:00;20.8;9.988098192
1900-06-20 11:00:00+01:00;22.2;9.629672415
1900-06-20 12:00:00+01:00;22.7;9.408531578
1900-06-20 13:00:00+01:00;24.4;9.113448027
1900-06-20 14:00:00+01:00;23.3;9.433602499
1900-06-20 15:00:00+01:00;22;10.25685725
1900-06-20 16:00:00+01:00;21.5;10.67813988
1900-06-20 17:00:00+01:00;19.7;10.91258809
1900-06-20 18:00:00+01:00;18.3;11.11002771
1900-06-20 19:00:00+01:00;17;11.63547056
1900-06-20 20:00:00+01:00;15;11.75956797
1900-06-20 21:00:00+01:00;13;11.83041864
1900-06-20 22:00:00+01:00;11.4;13.21628649
1900-06-20 23:00:00+01:00;11.2;11.05343729
1900-06-21 00:00:00+01:00;11.2;8.235067975
1900-06-21 01:00:00+01:00;11;7.892712193
1900-06-21 02:00:00+01:00;11;7.926793198
1900-06-21 03:00:00+01:00;10.5;8.045130826
1900-06-21 04:00:00+01:00;10.7;7.108449368
1900-06-21 05:00:00+01:00;10.7;8.257053072
1900-06-21 06:00:00+01:00;10.2;13.18483454
1900-06-21 07:00:00+01:00;11.2;16.117085
1900-06-21 08:00:00+01:00;12.9;10.39280145
1900-06-21 09:00:00+01:00;16.8;10.8572126
1900-06-21 10:00:00+01:00;19;9.988098192
1900-06-21 11:00:00+01:00;19.4;9.629672415
1900-06-21 12:00:00+01:00;19.2;9.408531578
1900-06-21 13:00:00+01:00;21.7;9.113448027
1900-06-21 14:00:00+01:00;20.7;9.433602499
1900-06-21 15:00:00+01:00;19.5;10.25685725
1900-06-21 16:00:00+01:00;17.6;10.67813988
1900-06-21 17:00:00+01:00;18.4;10.91258809
1900-06-21 18:00:00+01:00;17.1;11.11002771
1900-06-21 19:00:00+01:00;16.4;11.63547056
1900-06-21 20:00:00+01:00;15.3;11.75956797
1900-06-21 21:00:00+01:00;14.1;11.83041864
1900-06-21 22:00:00+01:00;13.9;11.01130686
1900-06-21 23:00:00+01:00;13;9.440537984
1900-06-22 00:00:00+01:00;12.2;8.236572116
1900-06-22 01:00:00+01:00;11.6;7.892712193
1900-06-22 02:00:00+01:00;11.5;7.926793198
1900-06-22 03:00:00+01:00;12.3;8.045130826
1900-06-22 04:00:00+01:00;13.4;7.77295885
1900-06-22 05:00:00+01:00;14;7.853115092
1900-06-22 06:00:00+01:00;14.5;9.89441829
1900-06-22 07:00:00+01:00;17.5;10.89658474
1900-06-22 08:00:00+01:00;17.7;10.39280145
1900-06-22 09:00:00+01:00;18.5;10.8572126
1900-06-22 10:00:00+01:00;19.9;9.988098192
1900-06-22 11:00:00+01:00;19.5;9.629672415
1900-06-22 12:00:00+01:00;21.6;9.408531578
1900-06-22 13:00:00+01:00;21;9.113448027
1900-06-22 14:00:00+01:00;21.2;9.433602499
1900-06-22 15:00:00+01:00;21;10.25685725
1900-06-22 16:00:00+01:00;18.8;10.67813988
1900-06-22 17:00:00+01:00;15.1;10.91258809
1900-06-22 18:00:00+01:00;17.9;11.11002771
1900-06-22 19:00:00+01:00;18;11.63547056
1900-06-22 20:00:00+01:00;17.4;11.75956797
1900-06-22 21:00:00+01:00;17;11.83041864
1900-06-22 22:00:00+01:00;15.8;11.01130686
1900-06-22 23:00:00+01:00;16.7;9.440537984
1900-06-23 00:00:00+01:00;15.5;8.667975853
1900-06-23 01:00:00+01:00;14.7;8.163946722
1900-06-23 02:00:00+01:00;12.4;8.101182728
1900-06-23 03:00:00+01:00;14.4;7.919166413
1900-06-23 04:00:00+01:00;15;7.821490783
1900-06-23 05:00:00+01:00;15.6;7.709308949
1900-06-23 06:00:00+01:00;16.6;8.74472372
1900-06-23 07:00:00+01:00;15.2;9.302295956
1900-06-23 08:00:00+01:00;16.3;10.21398798
1900-06-23 09:00:00+01:00;16.3;11.30486195
1900-06-23 10:00:00+01:00;17.5;11.02025344
1900-06-23 11:00:00+01:00;17;10.63595552
1900-06-23 12:00:00+01:00;16.2;10.43040253
1900-06-23 13:00:00+01:00;18.3;10.40875041
1900-06-23 14:00:00+01:00;14.6;10.22065588
1900-06-23 15:00:00+01:00;15.4;10.36384701
1900-06-23 16:00:00+01:00;14.5;10.6770558
1900-06-23 17:00:00+01:00;15.2;10.73973505
1900-06-23 18:00:00+01:00;15;11.08213334
1900-06-23 19:00:00+01:00;14.5;11.59940388
1900-06-23 20:00:00+01:00;14.4;10.83283516
1900-06-23 21:00:00+01:00;14.2;10.44160108
1900-06-23 22:00:00+01:00;13.6;9.8372503
1900-06-23 23:00:00+01:00;12.4;9.808890428
1900-06-24 00:00:00+01:00;12;8.667975853
1900-06-24 01:00:00+01:00;11.7;8.163946722
1900-06-24 02:00:00+01:00;13.5;8.101182728
1900-06-24 03:00:00+01:00;13.6;7.919166413
1900-06-24 04:00:00+01:00;12.7;7.821490783
1900-06-24 05:00:00+01:00;12.5;7.709308949
1900-06-24 06:00:00+01:00;12.3;8.74472372
1900-06-24 07:00:00+01:00;9;12.00288477
1900-06-24 08:00:00+01:00;9.8;15.70393789
1900-06-24 09:00:00+01:00;9.7;19.08972326
1900-06-24 10:00:00+01:00;11.5;19.2867355
1900-06-24 11:00:00+01:00;11.4;19.25287239
1900-06-24 12:00:00+01:00;13.1;16.57104875
1900-06-24 13:00:00+01:00;15.4;10.40875041
1900-06-24 14:00:00+01:00;16.4;10.22065588
1900-06-24 15:00:00+01:00;11.7;17.57928881
1900-06-24 16:00:00+01:00;14.9;10.6770558
1900-06-24 17:00:00+01:00;14;10.73973505
1900-06-24 18:00:00+01:00;14.7;11.08213334
1900-06-24 19:00:00+01:00;12.4;17.88264272
1900-06-24 20:00:00+01:00;11.5;17.79809687
1900-06-24 21:00:00+01:00;11.3;16.5318022
1900-06-24 22:00:00+01:00;10.4;15.18169828
1900-06-24 23:00:00+01:00;10.3;13.68475831
1900-06-25 00:00:00+01:00;10.2;10.91619643
1900-06-25 01:00:00+01:00;9.2;9.860235225
1900-06-25 02:00:00+01:00;9.4;9.680112982
1900-06-25 03:00:00+01:00;8.9;10.10775731
1900-06-25 04:00:00+01:00;9.2;10.55040999
1900-06-25 05:00:00+01:00;10;11.30160024
1900-06-25 06:00:00+01:00;10.4;17.26048023
1900-06-25 07:00:00+01:00;10.5;19.02366592
1900-06-25 08:00:00+01:00;13;10.39280145
1900-06-25 09:00:00+01:00;13.8;10.8572126
1900-06-25 10:00:00+01:00;14.4;9.988098192
1900-06-25 11:00:00+01:00;16.4;9.629672415
1900-06-25 12:00:00+01:00;17.2;9.408531578
1900-06-25 13:00:00+01:00;16.5;9.113448027
1900-06-25 14:00:00+01:00;17.4;9.433602499
1900-06-25 15:00:00+01:00;17.2;10.25685725
1900-06-25 16:00:00+01:00;17.4;10.67813988
1900-06-25 17:00:00+01:00;16.7;10.91258809
1900-06-25 18:00:00+01:00;15.7;11.11002771
1900-06-25 19:00:00+01:00;15.5;11.63547056
1900-06-25 20:00:00+01:00;14.2;11.75956797
1900-06-25 21:00:00+01:00;12.7;11.83041864
1900-06-25 22:00:00+01:00;12.3;11.01130686
1900-06-25 23:00:00+01:00;10.5;13.8225914
1900-06-26 00:00:00+01:00;8.3;11.30227521
1900-06-26 01:00:00+01:00;7.2;9.911995281
1900-06-26 02:00:00+01:00;5.8;10.11316441
1900-06-26 03:00:00+01:00;6.3;10.0661456
1900-06-26 04:00:00+01:00;8;10.18108044
1900-06-26 05:00:00+01:00;8.8;11.35217348
1900-06-26 06:00:00+01:00;11.2;15.18526881
1900-06-26 07:00:00+01:00;13.4;10.89658474
1900-06-26 08:00:00+01:00;16;10.39280145
1900-06-26 09:00:00+01:00;18;10.8572126
1900-06-26 10:00:00+01:00;17.7;9.988098192
1900-06-26 11:00:00+01:00;19;9.629672415
1900-06-26 12:00:00+01:00;18.6;9.408531578
1900-06-26 13:00:00+01:00;20.3;9.113448027
1900-06-26 14:00:00+01:00;19.3;9.433602499
1900-06-26 15:00:00+01:00;19.3;10.25685725
1900-06-26 16:00:00+01:00;19.1;10.67813988
1900-06-26 17:00:00+01:00;18.3;10.91258809
1900-06-26 18:00:00+01:00;18;11.11002771
1900-06-26 19:00:00+01:00;14.8;11.63547056
1900-06-26 20:00:00+01:00;13.8;11.75956797
1900-06-26 21:00:00+01:00;13.4;11.83041864
1900-06-26 22:00:00+01:00;11.6;14.57348823
1900-06-26 23:00:00+01:00;10.2;13.42232407
1900-06-27 00:00:00+01:00;10.1;9.929584284
1900-06-27 01:00:00+01:00;9.5;8.521299667
1900-06-27 02:00:00+01:00;8;8.645319664
1900-06-27 03:00:00+01:00;8.7;8.379489961
1900-06-27 04:00:00+01:00;9.7;8.606989594
1900-06-27 05:00:00+01:00;10.6;9.425671882
1900-06-27 06:00:00+01:00;13.3;9.89441829
1900-06-27 07:00:00+01:00;14.9;10.89658474
1900-06-27 08:00:00+01:00;16.6;10.39280145
1900-06-27 09:00:00+01:00;19;10.8572126
1900-06-27 10:00:00+01:00;20.2;9.988098192
1900-06-27 11:00:00+01:00;21.9;9.629672415
1900-06-27 12:00:00+01:00;22.3;9.408531578
1900-06-27 13:00:00+01:00;21.7;9.113448027
1900-06-27 14:00:00+01:00;20.5;9.433602499
1900-06-27 15:00:00+01:00;20.4;10.25685725
1900-06-27 16:00:00+01:00;23.2;10.67813988
1900-06-27 17:00:00+01:00;22;10.91258809
1900-06-27 18:00:00+01:00;22.3;11.11002771
1900-06-27 19:00:00+01:00;20.2;11.63547056
1900-06-27 20:00:00+01:00;18.6;11.75956797
1900-06-27 21:00:00+01:00;16.6;11.83041864
1900-06-27 22:00:00+01:00;14.8;11.01130686
1900-06-27 23:00:00+01:00;11.6;11.01490589
1900-06-28 00:00:00+01:00;9.9;8.647814072
1900-06-28 01:00:00+01:00;9.3;7.114806773
1900-06-28 02:00:00+01:00;7;7.371293386
1900-06-28 03:00:00+01:00;7;7.450867542
1900-06-28 04:00:00+01:00;10;7.421958202
1900-06-28 05:00:00+01:00;12.7;7.853115092
1900-06-28 06:00:00+01:00;15.9;9.89441829
1900-06-28 07:00:00+01:00;17.4;10.89658474
1900-06-28 08:00:00+01:00;19;10.39280145
1900-06-28 09:00:00+01:00;20.5;10.8572126
1900-06-28 10:00:00+01:00;22.9;9.988098192
1900-06-28 11:00:00+01:00;24.3;9.629672415
1900-06-28 12:00:00+01:00;24;9.408531578
1900-06-28 13:00:00+01:00;23.1;9.113448027
1900-06-28 14:00:00+01:00;24.6;9.433602499
1900-06-28 15:00:00+01:00;24.6;10.25685725
1900-06-28 16:00:00+01:00;23.9;10.67813988
1900-06-28 17:00:00+01:00;22.9;10.91258809
1900-06-28 18:00:00+01:00;23.5;11.11002771
1900-06-28 19:00:00+01:00;20.1;11.63547056
1900-06-28 20:00:00+01:00;17.8;11.75956797
1900-06-28 21:00:00+01:00;16;11.83041864
1900-06-28 22:00:00+01:00;13.8;11.01130686
1900-06-28 23:00:00+01:00;13.8;9.440537984
1900-06-29 00:00:00+01:00;13.7;8.236572116
1900-06-29 01:00:00+01:00;13.2;7.892712193
1900-06-29 02:00:00+01:00;12.8;7.926793198
1900-06-29 03:00:00+01:00;13.4;8.045130826
1900-06-29 04:00:00+01:00;13.7;7.77295885
1900-06-29 05:00:00+01:00;14.2;7.853115092
1900-06-29 06:00:00+01:00;14.6;9.89441829
1900-06-29 07:00:00+01:00;16.2;10.89658474
1900-06-29 08:00:00+01:00;16.2;10.39280145
1900-06-29 09:00:00+01:00;16.2;10.8572126
1900-06-29 10:00:00+01:00;14.7;9.988098192
1900-06-29 11:00:00+01:00;14.7;9.629672415
1900-06-29 12:00:00+01:00;16;9.408531578
1900-06-29 13:00:00+01:00;16.3;9.113448027
1900-06-29 14:00:00+01:00;16;9.433602499
1900-06-29 15:00:00+01:00;16.6;10.25685725
1900-06-29 16:00:00+01:00;16.5;10.67813988
1900-06-29 17:00:00+01:00;15.7;10.91258809
1900-06-29 18:00:00+01:00;15.2;11.11002771
1900-06-29 19:00:00+01:00;15;11.63547056
1900-06-29 20:00:00+01:00;15.1;11.75956797
1900-06-29 21:00:00+01:00;14.6;11.83041864
1900-06-29 22:00:00+01:00;14.6;11.01130686
1900-06-29 23:00:00+01:00;14.3;9.440537984
1900-06-30 00:00:00+01:00;14;8.667975853
1900-06-30 01:00:00+01:00;13.6;8.163946722
1900-06-30 02:00:00+01:00;12.9;8.101182728
1900-06-30 03:00:00+01:00;13.6;7.919166413
1900-06-30 04:00:00+01:00;13.1;7.821490783
1900-06-30 05:00:00+01:00;13;7.709308949
1900-06-30 06:00:00+01:00;13.9;8.74472372
1900-06-30 07:00:00+01:00;15;9.302295956
1900-06-30 08:00:00+01:00;16.3;10.21398798
1900-06-30 09:00:00+01:00;17.8;11.30486195
1900-06-30 10:00:00+01:00;18.5;11.02025344
1900-06-30 11:00:00+01:00;18.2;10.63595552
1900-06-30 12:00:00+01:00;19;10.43040253
1900-06-30 13:00:00+01:00;17.3;10.40875041
1900-06-30 14:00:00+01:00;17;10.22065588
1900-06-30 15:00:00+01:00;15.5;10.36384701
1900-06-30 16:00:00+01:00;15.4;10.6770558
1900-06-30 17:00:00+01:00;15.7;10.73973505
1900-06-30 18:00:00+01:00;15.2;11.08213334
1900-06-30 19:00:00+01:00;15.6;11.59940388
1900-06-30 20:00:00+01:00;15.6;10.83283516
1900-06-30 21:00:00+01:00;14.2;10.44160108
1900-06-30 22:00:00+01:00;14.5;9.8372503
1900-06-30 23:00:00+01:00;14.3;9.808890428
1900-07-01 00:00:00+01:00;14.4;8.667975853
1900-07-01 01:00:00+01:00;14.3;8.163946722
1900-07-01 02:00:00+01:00;13.9;8.101182728
1900-07-01 03:00:00+01:00;13.7;7.919166413
1900-07-01 04:00:00+01:00;14.3;7.821490783
1900-07-01 05:00:00+01:00;14.8;7.709308949
1900-07-01 06:00:00+01:00;15.2;8.74472372
1900-07-01 07:00:00+01:00;15.5;9.302295956
1900-07-01 08:00:00+01:00;16.7;10.21398798
1900-07-01 09:00:00+01:00;18.3;11.30486195
1900-07-01 10:00:00+01:00;21.7;11.02025344
1900-07-01 11:00:00+01:00;23.4;10.63595552
1900-07-01 12:00:00+01:00;24.4;10.43040253
1900-07-01 13:00:00+01:00;24.9;10.40875041
1900-07-01 14:00:00+01:00;24.4;10.22065588
1900-07-01 15:00:00+01:00;24.6;10.36384701
1900-07-01 16:00:00+01:00;24.3;10.6770558
1900-07-01 17:00:00+01:00;24;10.73973505
1900-07-01 18:00:00+01:00;23.2;11.08213334
1900-07-01 19:00:00+01:00;22.4;11.59940388
1900-07-01 20:00:00+01:00;21;10.83283516
1900-07-01 21:00:00+01:00;19.4;10.44160108
1900-07-01 22:00:00+01:00;18.4;9.8372503
1900-07-01 23:00:00+01:00;18.3;9.808890428
1900-07-02 00:00:00+01:00;18.5;8.236572116
1900-07-02 01:00:00+01:00;18.4;7.892712193
1900-07-02 02:00:00+01:00;18.2;7.926793198
1900-07-02 03:00:00+01:00;18.2;8.045130826
1900-07-02 04:00:00+01:00;17.5;7.77295885
1900-07-02 05:00:00+01:00;17.2;7.853115092
1900-07-02 06:00:00+01:00;17;9.89441829
1900-07-02 07:00:00+01:00;17.4;10.89658474
1900-07-02 08:00:00+01:00;18;10.39280145
1900-07-02 09:00:00+01:00;18.3;10.8572126
1900-07-02 10:00:00+01:00;19.3;9.988098192
1900-07-02 11:00:00+01:00;20.6;9.629672415
1900-07-02 12:00:00+01:00;23.5;9.408531578
1900-07-02 13:00:00+01:00;25.9;9.113448027
1900-07-02 14:00:00+01:00;27.4;9.433602499
1900-07-02 15:00:00+01:00;27.6;10.25685725
1900-07-02 16:00:00+01:00;28.4;10.67813988
1900-07-02 17:00:00+01:00;28.1;10.91258809
1900-07-02 18:00:00+01:00;27.1;11.11002771
1900-07-02 19:00:00+01:00;26.6;11.63547056
1900-07-02 20:00:00+01:00;25.2;11.75956797
1900-07-02 21:00:00+01:00;23;11.83041864
1900-07-02 22:00:00+01:00;21.7;11.01130686
1900-07-02 23:00:00+01:00;20.5;9.440537984
1900-07-03 00:00:00+01:00;19.2;8.236572116
1900-07-03 01:00:00+01:00;18.6;7.892712193
1900-07-03 02:00:00+01:00;17.9;7.926793198
1900-07-03 03:00:00+01:00;17.8;8.045130826
1900-07-03 04:00:00+01:00;18;7.77295885
1900-07-03 05:00:00+01:00;18.7;7.853115092
1900-07-03 06:00:00+01:00;21.1;9.89441829
1900-07-03 07:00:00+01:00;24;10.89658474
1900-07-03 08:00:00+01:00;26.1;10.39280145
1900-07-03 09:00:00+01:00;26.9;10.8572126
1900-07-03 10:00:00+01:00;27;9.988098192
1900-07-03 11:00:00+01:00;27.5;9.629672415
1900-07-03 12:00:00+01:00;29;9.408531578
1900-07-03 13:00:00+01:00;28.6;9.113448027
1900-07-03 14:00:00+01:00;28.7;9.433602499
1900-07-03 15:00:00+01:00;29.8;10.25685725
1900-07-03 16:00:00+01:00;29.5;10.67813988
1900-07-03 17:00:00+01:00;28;10.91258809
1900-07-03 18:00:00+01:00;27;11.11002771
1900-07-03 19:00:00+01:00;25.3;11.63547056
1900-07-03 20:00:00+01:00;23.1;11.75956797
1900-07-03 21:00:00+01:00;21.6;11.83041864
1900-07-03 22:00:00+01:00;20.1;11.01130686
1900-07-03 23:00:00+01:00;19.5;9.440537984
1900-07-04 00:00:00+01:00;19.1;8.236572116
1900-07-04 01:00:00+01:00;18.8;7.892712193
1900-07-04 02:00:00+01:00;18.8;7.926793198
1900-07-04 03:00:00+01:00;18.1;8.045130826
1900-07-04 04:00:00+01:00;16.4;7.77295885
1900-07-04 05:00:00+01:00;16;7.853115092
1900-07-04 06:00:00+01:00;16.3;9.89441829
1900-07-04 07:00:00+01:00;17.4;10.89658474
1900-07-04 08:00:00+01:00;18.4;10.39280145
1900-07-04 09:00:00+01:00;19.7;10.8572126
1900-07-04 10:00:00+01:00;20.8;9.988098192
1900-07-04 11:00:00+01:00;19.6;9.629672415
1900-07-04 12:00:00+01:00;19.6;9.408531578
1900-07-04 13:00:00+01:00;20;9.113448027
1900-07-04 14:00:00+01:00;20.3;9.433602499
1900-07-04 15:00:00+01:00;19.7;10.25685725
1900-07-04 16:00:00+01:00;19.8;10.67813988
1900-07-04 17:00:00+01:00;20.4;10.91258809
1900-07-04 18:00:00+01:00;19.7;11.11002771
1900-07-04 19:00:00+01:00;18.5;11.63547056
1900-07-04 20:00:00+01:00;17.6;11.75956797
1900-07-04 21:00:00+01:00;16.5;11.83041864
1900-07-04 22:00:00+01:00;15.7;11.01130686
1900-07-04 23:00:00+01:00;15.3;9.440537984
1900-07-05 00:00:00+01:00;14.9;8.236572116
1900-07-05 01:00:00+01:00;14.8;7.892712193
1900-07-05 02:00:00+01:00;14.2;7.926793198
1900-07-05 03:00:00+01:00;13.7;8.045130826
1900-07-05 04:00:00+01:00;13.5;7.77295885
1900-07-05 05:00:00+01:00;13.2;7.853115092
1900-07-05 06:00:00+01:00;14.6;9.89441829
1900-07-05 07:00:00+01:00;15.6;10.89658474
1900-07-05 08:00:00+01:00;16.5;10.39280145
1900-07-05 09:00:00+01:00;17.7;10.8572126
1900-07-05 10:00:00+01:00;17.8;9.988098192
1900-07-05 11:00:00+01:00;17.4;9.629672415
1900-07-05 12:00:00+01:00;17.7;9.408531578
1900-07-05 13:00:00+01:00;17.9;9.113448027
1900-07-05 14:00:00+01:00;18.6;9.433602499
1900-07-05 15:00:00+01:00;19.8;10.25685725
1900-07-05 16:00:00+01:00;19.1;10.67813988
1900-07-05 17:00:00+01:00;18.7;10.91258809
1900-07-05 18:00:00+01:00;17.9;11.11002771
1900-07-05 19:00:00+01:00;17.5;11.63547056
1900-07-05 20:00:00+01:00;16.8;11.75956797
1900-07-05 21:00:00+01:00;16.1;11.83041864
1900-07-05 22:00:00+01:00;15;11.01130686
1900-07-05 23:00:00+01:00;13.8;9.440537984
1900-07-06 00:00:00+01:00;12.3;8.236572116
1900-07-06 01:00:00+01:00;11.6;7.892712193
1900-07-06 02:00:00+01:00;11;7.926793198
1900-07-06 03:00:00+01:00;10.4;8.045130826
1900-07-06 04:00:00+01:00;11.5;7.77295885
1900-07-06 05:00:00+01:00;12.4;7.853115092
1900-07-06 06:00:00+01:00;13.5;9.89441829
1900-07-06 07:00:00+01:00;15.2;10.89658474
1900-07-06 08:00:00+01:00;15.6;10.39280145
1900-07-06 09:00:00+01:00;16.8;10.8572126
1900-07-06 10:00:00+01:00;18;9.988098192
1900-07-06 11:00:00+01:00;20;9.629672415
1900-07-06 12:00:00+01:00;20.9;9.408531578
1900-07-06 13:00:00+01:00;21.5;9.113448027
1900-07-06 14:00:00+01:00;22;9.433602499
1900-07-06 15:00:00+01:00;22.5;10.25685725
1900-07-06 16:00:00+01:00;22.4;10.67813988
1900-07-06 17:00:00+01:00;21.6;10.91258809
1900-07-06 18:00:00+01:00;21.1;11.11002771
1900-07-06 19:00:00+01:00;20.1;11.63547056
1900-07-06 20:00:00+01:00;18.6;11.75956797
1900-07-06 21:00:00+01:00;17.7;11.83041864
1900-07-06 22:00:00+01:00;16.6;11.01130686
1900-07-06 23:00:00+01:00;15.6;9.440537984
1900-07-07 00:00:00+01:00;15.3;8.667975853
1900-07-07 01:00:00+01:00;15.2;8.163946722
1900-07-07 02:00:00+01:00;15.3;8.101182728
1900-07-07 03:00:00+01:00;15.1;7.919166413
1900-07-07 04:00:00+01:00;15.6;7.821490783
1900-07-07 05:00:00+01:00;17.3;7.709308949
1900-07-07 06:00:00+01:00;17.5;8.74472372
1900-07-07 07:00:00+01:00;17.2;9.302295956
1900-07-07 08:00:00+01:00;17.5;10.21398798
1900-07-07 09:00:00+01:00;17.4;11.30486195
1900-07-07 10:00:00+01:00;17.2;11.02025344
1900-07-07 11:00:00+01:00;17.8;10.63595552
1900-07-07 12:00:00+01:00;17.6;10.43040253
1900-07-07 13:00:00+01:00;18;10.40875041
1900-07-07 14:00:00+01:00;16.8;10.22065588
1900-07-07 15:00:00+01:00;17;10.36384701
1900-07-07 16:00:00+01:00;16.2;10.6770558
1900-07-07 17:00:00+01:00;15.7;10.73973505
1900-07-07 18:00:00+01:00;14.4;11.08213334
1900-07-07 19:00:00+01:00;14.2;11.59940388
1900-07-07 20:00:00+01:00;14.1;10.83283516
1900-07-07 21:00:00+01:00;13.6;10.44160108
1900-07-07 22:00:00+01:00;13.2;9.8372503
1900-07-07 23:00:00+01:00;13.3;9.808890428
1900-07-08 00:00:00+01:00;13.1;8.667975853
1900-07-08 01:00:00+01:00;13.1;8.163946722
1900-07-08 02:00:00+01:00;13.4;8.101182728
1900-07-08 03:00:00+01:00;13.3;7.919166413
1900-07-08 04:00:00+01:00;13.3;7.821490783
1900-07-08 05:00:00+01:00;13.5;7.709308949
1900-07-08 06:00:00+01:00;14;8.74472372
1900-07-08 07:00:00+01:00;14.3;9.302295956
1900-07-08 08:00:00+01:00;15;10.21398798
1900-07-08 09:00:00+01:00;15.9;11.30486195
1900-07-08 10:00:00+01:00;16.1;11.02025344
1900-07-08 11:00:00+01:00;15.5;10.63595552
1900-07-08 12:00:00+01:00;17;10.43040253
1900-07-08 13:00:00+01:00;17.1;10.40875041
1900-07-08 14:00:00+01:00;17.1;10.22065588
1900-07-08 15:00:00+01:00;16.9;10.36384701
1900-07-08 16:00:00+01:00;15.8;10.6770558
1900-07-08 17:00:00+01:00;15.3;10.73973505
1900-07-08 18:00:00+01:00;15.2;11.08213334
1900-07-08 19:00:00+01:00;15;11.59940388
1900-07-08 20:00:00+01:00;14.9;10.83283516
1900-07-08 21:00:00+01:00;14.6;10.44160108
1900-07-08 22:00:00+01:00;14.3;9.8372503
1900-07-08 23:00:00+01:00;14.5;9.808890428
1900-07-09 00:00:00+01:00;14.5;6.315351249
1900-07-09 01:00:00+01:00;14.4;5.937867873
1900-07-09 02:00:00+01:00;14;5.839310041
1900-07-09 03:00:00+01:00;14.1;5.845482296
1900-07-09 04:00:00+01:00;14.1;5.812153827
1900-07-09 05:00:00+01:00;14;5.996038639
1900-07-09 06:00:00+01:00;14.4;7.345581017
1900-07-09 07:00:00+01:00;11.4;11.7508109
1900-07-09 08:00:00+01:00;10.9;13.33493341
1900-07-09 09:00:00+01:00;10.7;17.22857833
1900-07-09 10:00:00+01:00;11;17.34660671
1900-07-09 11:00:00+01:00;11.7;16.06707568
1900-07-09 12:00:00+01:00;11.7;15.20053262
1900-07-09 13:00:00+01:00;11.6;15.15672942
1900-07-09 14:00:00+01:00;12;14.55067422
1900-07-09 15:00:00+01:00;12.4;14.67407548
1900-07-09 16:00:00+01:00;12.5;15.20512389
1900-07-09 17:00:00+01:00;14.6;9.258760225
1900-07-09 18:00:00+01:00;14.2;9.397280081
1900-07-09 19:00:00+01:00;13.9;9.579569032
1900-07-09 20:00:00+01:00;13.1;9.136938459
1900-07-09 21:00:00+01:00;12.7;13.89540235
1900-07-09 22:00:00+01:00;12.6;12.30716207
1900-07-09 23:00:00+01:00;12.6;7.455606551
1900-07-10 00:00:00+01:00;12.2;6.315351249
1900-07-10 01:00:00+01:00;12;5.937867873
1900-07-10 02:00:00+01:00;12.2;5.839310041
1900-07-10 03:00:00+01:00;12.1;5.845482296
1900-07-10 04:00:00+01:00;12.4;5.812153827
1900-07-10 05:00:00+01:00;12.7;5.996038639
1900-07-10 06:00:00+01:00;13;7.345581017
1900-07-10 07:00:00+01:00;13.4;8.461267694
1900-07-10 08:00:00+01:00;14.6;8.158693424
1900-07-10 09:00:00+01:00;14.8;8.533925405
1900-07-10 10:00:00+01:00;15.7;8.653608378
1900-07-10 11:00:00+01:00;16;8.502917756
1900-07-10 12:00:00+01:00;16.3;7.929129042
1900-07-10 13:00:00+01:00;16.3;8.116629366
1900-07-10 14:00:00+01:00;16.5;8.272262676
1900-07-10 15:00:00+01:00;16.8;8.634907963
1900-07-10 16:00:00+01:00;18.2;9.143982181
1900-07-10 17:00:00+01:00;17.6;9.258760225
1900-07-10 18:00:00+01:00;16.6;9.397280081
1900-07-10 19:00:00+01:00;15.4;9.579569032
1900-07-10 20:00:00+01:00;15.3;9.136938459
1900-07-10 21:00:00+01:00;14.8;8.834558298
1900-07-10 22:00:00+01:00;13.9;8.033549995
1900-07-10 23:00:00+01:00;12.4;7.455606551
1900-07-11 00:00:00+01:00;11.6;6.315351249
1900-07-11 01:00:00+01:00;11.2;5.937867873
1900-07-11 02:00:00+01:00;11.3;5.839310041
1900-07-11 03:00:00+01:00;11.1;5.845482296
1900-07-11 04:00:00+01:00;10.8;6.743188524
1900-07-11 05:00:00+01:00;11.5;5.996038639
1900-07-11 06:00:00+01:00;11.8;9.061464708
1900-07-11 07:00:00+01:00;13;8.461267694
1900-07-11 08:00:00+01:00;14.6;8.158693424
1900-07-11 09:00:00+01:00;17;8.533925405
1900-07-11 10:00:00+01:00;17.4;8.653608378
1900-07-11 11:00:00+01:00;18.9;8.502917756
1900-07-11 12:00:00+01:00;19.6;7.929129042
1900-07-11 13:00:00+01:00;18.1;8.116629366
1900-07-11 14:00:00+01:00;19.1;8.272262676
1900-07-11 15:00:00+01:00;18.2;8.634907963
1900-07-11 16:00:00+01:00;16.8;9.143982181
1900-07-11 17:00:00+01:00;16.4;9.258760225
1900-07-11 18:00:00+01:00;16;9.397280081
1900-07-11 19:00:00+01:00;16;9.579569032
1900-07-11 20:00:00+01:00;15.2;9.136938459
1900-07-11 21:00:00+01:00;15;8.834558298
1900-07-11 22:00:00+01:00;14.5;8.033549995
1900-07-11 23:00:00+01:00;14.2;7.455606551
1900-07-12 00:00:00+01:00;13.8;6.315351249
1900-07-12 01:00:00+01:00;13.6;5.937867873
1900-07-12 02:00:00+01:00;13;5.839310041
1900-07-12 03:00:00+01:00;12.5;5.845482296
1900-07-12 04:00:00+01:00;12.5;5.812153827
1900-07-12 05:00:00+01:00;12.4;5.996038639
1900-07-12 06:00:00+01:00;12.6;7.345581017
1900-07-12 07:00:00+01:00;14.3;8.461267694
1900-07-12 08:00:00+01:00;15.2;8.158693424
1900-07-12 09:00:00+01:00;15.8;8.533925405
1900-07-12 10:00:00+01:00;16.5;8.653608378
1900-07-12 11:00:00+01:00;17.2;8.502917756
1900-07-12 12:00:00+01:00;14.6;7.929129042
1900-07-12 13:00:00+01:00;12.2;14.46590678
1900-07-12 14:00:00+01:00;13.8;8.272262676
1900-07-12 15:00:00+01:00;15.6;8.634907963
1900-07-12 16:00:00+01:00;15.7;9.143982181
1900-07-12 17:00:00+01:00;15.4;9.258760225
1900-07-12 18:00:00+01:00;14.5;9.397280081
1900-07-12 19:00:00+01:00;14.2;9.579569032
1900-07-12 20:00:00+01:00;12.9;14.66162821
1900-07-12 21:00:00+01:00;12;13.6059446
1900-07-12 22:00:00+01:00;11;12.55330523
1900-07-12 23:00:00+01:00;9.9;11.66516825
1900-07-13 00:00:00+01:00;10.2;9.80008908
1900-07-13 01:00:00+01:00;10.2;8.764252283
1900-07-13 02:00:00+01:00;9.8;7.762857353
1900-07-13 03:00:00+01:00;8.6;8.392946718
1900-07-13 04:00:00+01:00;9.2;8.095937783
1900-07-13 05:00:00+01:00;11.2;5.996038639
1900-07-13 06:00:00+01:00;12.6;7.345581017
1900-07-13 07:00:00+01:00;12.8;8.461267694
1900-07-13 08:00:00+01:00;12.3;13.06415889
1900-07-13 09:00:00+01:00;13.5;8.533925405
1900-07-13 10:00:00+01:00;13.9;15.01513291
1900-07-13 11:00:00+01:00;14.4;8.502917756
1900-07-13 12:00:00+01:00;15;7.929129042
1900-07-13 13:00:00+01:00;16.2;8.116629366
1900-07-13 14:00:00+01:00;16.8;8.272262676
1900-07-13 15:00:00+01:00;17;8.634907963
1900-07-13 16:00:00+01:00;16.8;9.143982181
1900-07-13 17:00:00+01:00;17.2;9.258760225
1900-07-13 18:00:00+01:00;16.9;9.397280081
1900-07-13 19:00:00+01:00;15.5;9.579569032
1900-07-13 20:00:00+01:00;14.9;9.136938459
1900-07-13 21:00:00+01:00;14.4;8.834558298
1900-07-13 22:00:00+01:00;12.9;12.02328313
1900-07-13 23:00:00+01:00;11.8;10.69705849
1900-07-14 00:00:00+01:00;11.8;6.315351249
1900-07-14 01:00:00+01:00;10.5;8.700930837
1900-07-14 02:00:00+01:00;9.6;7.805493949
1900-07-14 03:00:00+01:00;8;8.479677135
1900-07-14 04:00:00+01:00;9.3;7.837739376
1900-07-14 05:00:00+01:00;10.6;7.594919714
1900-07-14 06:00:00+01:00;13;7.345581017
1900-07-14 07:00:00+01:00;14;8.461267694
1900-07-14 08:00:00+01:00;14.7;8.158693424
1900-07-14 09:00:00+01:00;15.8;8.533925405
1900-07-14 10:00:00+01:00;16.1;8.653608378
1900-07-14 11:00:00+01:00;17.1;8.502917756
1900-07-14 12:00:00+01:00;17.8;7.929129042
1900-07-14 13:00:00+01:00;19;8.116629366
1900-07-14 14:00:00+01:00;19.9;8.272262676
1900-07-14 15:00:00+01:00;20;8.634907963
1900-07-14 16:00:00+01:00;20.4;9.143982181
1900-07-14 17:00:00+01:00;20.5;9.258760225
1900-07-14 18:00:00+01:00;18.5;9.397280081
1900-07-14 19:00:00+01:00;17.5;9.579569032
1900-07-14 20:00:00+01:00;16.2;9.136938459
1900-07-14 21:00:00+01:00;15.5;8.834558298
1900-07-14 22:00:00+01:00;14.3;8.033549995
1900-07-14 23:00:00+01:00;13.4;7.455606551
1900-07-15 00:00:00+01:00;12.6;6.315351249
1900-07-15 01:00:00+01:00;12.3;5.937867873
1900-07-15 02:00:00+01:00;12;5.839310041
1900-07-15 03:00:00+01:00;12.1;5.845482296
1900-07-15 04:00:00+01:00;12.5;5.812153827
1900-07-15 05:00:00+01:00;12.8;5.996038639
1900-07-15 06:00:00+01:00;14.1;7.345581017
1900-07-15 07:00:00+01:00;15.8;8.461267694
1900-07-15 08:00:00+01:00;16.4;8.158693424
1900-07-15 09:00:00+01:00;18.8;8.533925405
1900-07-15 10:00:00+01:00;20.2;8.653608378
1900-07-15 11:00:00+01:00;21.4;8.502917756
1900-07-15 12:00:00+01:00;20.3;7.929129042
1900-07-15 13:00:00+01:00;22.1;8.116629366
1900-07-15 14:00:00+01:00;21.1;8.272262676
1900-07-15 15:00:00+01:00;21;8.634907963
1900-07-15 16:00:00+01:00;21.2;9.143982181
1900-07-15 17:00:00+01:00;21;9.258760225
1900-07-15 18:00:00+01:00;21;9.397280081
1900-07-15 19:00:00+01:00;20.3;9.579569032
1900-07-15 20:00:00+01:00;19.9;9.136938459
1900-07-15 21:00:00+01:00;19.3;8.834558298
1900-07-15 22:00:00+01:00;18.4;8.033549995
1900-07-15 23:00:00+01:00;17.4;7.455606551
1900-07-16 00:00:00+01:00;16.4;6.315351249
1900-07-16 01:00:00+01:00;15.4;5.937867873
1900-07-16 02:00:00+01:00;15.1;5.839310041
1900-07-16 03:00:00+01:00;15;5.845482296
1900-07-16 04:00:00+01:00;15.2;5.812153827
1900-07-16 05:00:00+01:00;15.4;5.996038639
1900-07-16 06:00:00+01:00;16.4;7.345581017
1900-07-16 07:00:00+01:00;17.6;8.461267694
1900-07-16 08:00:00+01:00;19;8.158693424
1900-07-16 09:00:00+01:00;18.6;8.533925405
1900-07-16 10:00:00+01:00;20.2;8.653608378
1900-07-16 11:00:00+01:00;20.7;8.502917756
1900-07-16 12:00:00+01:00;23;7.929129042
1900-07-16 13:00:00+01:00;22.9;8.116629366
1900-07-16 14:00:00+01:00;23.8;8.272262676
1900-07-16 15:00:00+01:00;23.5;8.634907963
1900-07-16 16:00:00+01:00;23;9.143982181
1900-07-16 17:00:00+01:00;23.1;9.258760225
1900-07-16 18:00:00+01:00;22.3;9.397280081
1900-07-16 19:00:00+01:00;22;9.579569032
1900-07-16 20:00:00+01:00;20.9;9.136938459
1900-07-16 21:00:00+01:00;18.7;8.834558298
1900-07-16 22:00:00+01:00;16.5;8.033549995
1900-07-16 23:00:00+01:00;15.9;7.455606551
1900-07-17 00:00:00+01:00;16;6.315351249
1900-07-17 01:00:00+01:00;15;5.937867873
1900-07-17 02:00:00+01:00;14.9;5.839310041
1900-07-17 03:00:00+01:00;14.2;5.845482296
1900-07-17 04:00:00+01:00;13.4;5.812153827
1900-07-17 05:00:00+01:00;14.5;5.996038639
1900-07-17 06:00:00+01:00;16.3;7.345581017
1900-07-17 07:00:00+01:00;18.3;8.461267694
1900-07-17 08:00:00+01:00;19.2;8.158693424
1900-07-17 09:00:00+01:00;19.9;8.533925405
1900-07-17 10:00:00+01:00;21;8.653608378
1900-07-17 11:00:00+01:00;22.2;8.502917756
1900-07-17 12:00:00+01:00;22.8;7.929129042
1900-07-17 13:00:00+01:00;24.1;8.116629366
1900-07-17 14:00:00+01:00;25;8.272262676
1900-07-17 15:00:00+01:00;23.7;8.634907963
1900-07-17 16:00:00+01:00;24.6;9.143982181
1900-07-17 17:00:00+01:00;22.8;9.258760225
1900-07-17 18:00:00+01:00;24.3;9.397280081
1900-07-17 19:00:00+01:00;23;9.579569032
1900-07-17 20:00:00+01:00;19.5;9.136938459
1900-07-17 21:00:00+01:00;18.1;8.834558298
1900-07-17 22:00:00+01:00;17.1;8.033549995
1900-07-17 23:00:00+01:00;16;7.455606551
1900-07-18 00:00:00+01:00;13.9;6.315351249
1900-07-18 01:00:00+01:00;12.8;5.937867873
1900-07-18 02:00:00+01:00;11.9;5.839310041
1900-07-18 03:00:00+01:00;11.5;5.845482296
1900-07-18 04:00:00+01:00;11.3;5.812153827
1900-07-18 05:00:00+01:00;12;5.996038639
1900-07-18 06:00:00+01:00;14.8;7.345581017
1900-07-18 07:00:00+01:00;16.3;8.461267694
1900-07-18 08:00:00+01:00;17.4;8.158693424
1900-07-18 09:00:00+01:00;19.4;8.533925405
1900-07-18 10:00:00+01:00;20.6;8.653608378
1900-07-18 11:00:00+01:00;23;8.502917756
1900-07-18 12:00:00+01:00;24.8;7.929129042
1900-07-18 13:00:00+01:00;25.6;8.116629366
1900-07-18 14:00:00+01:00;24;8.272262676
1900-07-18 15:00:00+01:00;25.4;8.634907963
1900-07-18 16:00:00+01:00;22.2;9.143982181
1900-07-18 17:00:00+01:00;21.9;9.258760225
1900-07-18 18:00:00+01:00;20.8;9.397280081
1900-07-18 19:00:00+01:00;18.4;9.579569032
1900-07-18 20:00:00+01:00;18;9.136938459
1900-07-18 21:00:00+01:00;17.7;8.834558298
1900-07-18 22:00:00+01:00;17;8.033549995
1900-07-18 23:00:00+01:00;16.2;7.455606551
1900-07-19 00:00:00+01:00;16.1;6.315351249
1900-07-19 01:00:00+01:00;15.5;5.937867873
1900-07-19 02:00:00+01:00;15;5.839310041
1900-07-19 03:00:00+01:00;15.5;5.845482296
1900-07-19 04:00:00+01:00;15.4;5.812153827
1900-07-19 05:00:00+01:00;15.3;5.996038639
1900-07-19 06:00:00+01:00;15.5;7.345581017
1900-07-19 07:00:00+01:00;15.1;8.461267694
1900-07-19 08:00:00+01:00;14;8.158693424
1900-07-19 09:00:00+01:00;14.2;8.533925405
1900-07-19 10:00:00+01:00;15.8;8.653608378
1900-07-19 11:00:00+01:00;16.4;8.502917756
1900-07-19 12:00:00+01:00;15.9;7.929129042
1900-07-19 13:00:00+01:00;17.8;8.116629366
1900-07-19 14:00:00+01:00;18.4;8.272262676
1900-07-19 15:00:00+01:00;19.2;8.634907963
1900-07-19 16:00:00+01:00;19;9.143982181
1900-07-19 17:00:00+01:00;18.4;9.258760225
1900-07-19 18:00:00+01:00;17.7;9.397280081
1900-07-19 19:00:00+01:00;16.6;9.579569032
1900-07-19 20:00:00+01:00;16.1;9.136938459
1900-07-19 21:00:00+01:00;14.8;8.834558298
1900-07-19 22:00:00+01:00;13.5;8.033549995
1900-07-19 23:00:00+01:00;13.2;7.455606551
1900-07-20 00:00:00+01:00;13;6.315351249
1900-07-20 01:00:00+01:00;13;5.937867873
1900-07-20 02:00:00+01:00;13.1;5.839310041
1900-07-20 03:00:00+01:00;13;5.845482296
1900-07-20 04:00:00+01:00;13;5.812153827
1900-07-20 05:00:00+01:00;13.4;5.996038639
1900-07-20 06:00:00+01:00;14;7.345581017
1900-07-20 07:00:00+01:00;13.7;8.461267694
1900-07-20 08:00:00+01:00;13.5;8.158693424
1900-07-20 09:00:00+01:00;13.8;8.533925405
1900-07-20 10:00:00+01:00;14.8;8.653608378
1900-07-20 11:00:00+01:00;16.1;8.502917756
1900-07-20 12:00:00+01:00;17.8;7.929129042
1900-07-20 13:00:00+01:00;19;8.116629366
1900-07-20 14:00:00+01:00;20.2;8.272262676
1900-07-20 15:00:00+01:00;15.5;8.634907963
1900-07-20 16:00:00+01:00;17.4;9.143982181
1900-07-20 17:00:00+01:00;19;9.258760225
1900-07-20 18:00:00+01:00;18.3;9.397280081
1900-07-20 19:00:00+01:00;18.2;9.579569032
1900-07-20 20:00:00+01:00;16.7;9.136938459
1900-07-20 21:00:00+01:00;15.3;8.834558298
1900-07-20 22:00:00+01:00;14.7;8.033549995
1900-07-20 23:00:00+01:00;14.3;7.455606551
1900-07-21 00:00:00+01:00;12.7;6.315351249
1900-07-21 01:00:00+01:00;13.3;5.937867873
1900-07-21 02:00:00+01:00;13.6;5.839310041
1900-07-21 03:00:00+01:00;13.9;5.845482296
1900-07-21 04:00:00+01:00;13.6;5.812153827
1900-07-21 05:00:00+01:00;13.8;5.996038639
1900-07-21 06:00:00+01:00;14.7;7.345581017
1900-07-21 07:00:00+01:00;15.4;8.461267694
1900-07-21 08:00:00+01:00;16.1;8.158693424
1900-07-21 09:00:00+01:00;18.6;8.533925405
1900-07-21 10:00:00+01:00;19.3;8.653608378
1900-07-21 11:00:00+01:00;19.5;8.502917756
1900-07-21 12:00:00+01:00;20.6;7.929129042
1900-07-21 13:00:00+01:00;21.8;8.116629366
1900-07-21 14:00:00+01:00;22.6;8.272262676
1900-07-21 15:00:00+01:00;24;8.634907963
1900-07-21 16:00:00+01:00;23.9;9.143982181
1900-07-21 17:00:00+01:00;22.4;9.258760225
1900-07-21 18:00:00+01:00;21;9.397280081
1900-07-21 19:00:00+01:00;20;9.579569032
1900-07-21 20:00:00+01:00;18.9;9.136938459
1900-07-21 21:00:00+01:00;18.1;8.834558298
1900-07-21 22:00:00+01:00;17.3;8.033549995
1900-07-21 23:00:00+01:00;15.6;7.455606551
1900-07-22 00:00:00+01:00;15;6.315351249
1900-07-22 01:00:00+01:00;14.6;5.937867873
1900-07-22 02:00:00+01:00;13.6;5.839310041
1900-07-22 03:00:00+01:00;12.9;5.845482296
1900-07-22 04:00:00+01:00;13.2;5.812153827
1900-07-22 05:00:00+01:00;13.5;5.996038639
1900-07-22 06:00:00+01:00;14.4;7.345581017
1900-07-22 07:00:00+01:00;16.2;8.461267694
1900-07-22 08:00:00+01:00;16;8.158693424
1900-07-22 09:00:00+01:00;16.2;8.533925405
1900-07-22 10:00:00+01:00;16.4;8.653608378
1900-07-22 11:00:00+01:00;15.8;8.502917756
1900-07-22 12:00:00+01:00;16.7;7.929129042
1900-07-22 13:00:00+01:00;17;8.116629366
1900-07-22 14:00:00+01:00;18.9;8.272262676
1900-07-22 15:00:00+01:00;19.6;8.634907963
1900-07-22 16:00:00+01:00;19;9.143982181
1900-07-22 17:00:00+01:00;17.9;9.258760225
1900-07-22 18:00:00+01:00;18;9.397280081
1900-07-22 19:00:00+01:00;18.5;9.579569032
1900-07-22 20:00:00+01:00;18;9.136938459
1900-07-22 21:00:00+01:00;15.6;8.834558298
1900-07-22 22:00:00+01:00;13.6;8.033549995
1900-07-22 23:00:00+01:00;12.5;7.455606551
1900-07-23 00:00:00+01:00;12;6.315351249
1900-07-23 01:00:00+01:00;11.8;5.937867873
1900-07-23 02:00:00+01:00;10.5;6.523273461
1900-07-23 03:00:00+01:00;10;6.731403768
1900-07-23 04:00:00+01:00;9;7.213330837
1900-07-23 05:00:00+01:00;10;7.062037889
1900-07-23 06:00:00+01:00;12.3;7.345581017
1900-07-23 07:00:00+01:00;14.1;8.461267694
1900-07-23 08:00:00+01:00;15.6;8.158693424
1900-07-23 09:00:00+01:00;17.1;8.533925405
1900-07-23 10:00:00+01:00;18.5;8.653608378
1900-07-23 11:00:00+01:00;20.5;8.502917756
1900-07-23 12:00:00+01:00;21.5;7.929129042
1900-07-23 13:00:00+01:00;22;8.116629366
1900-07-23 14:00:00+01:00;22.9;8.272262676
1900-07-23 15:00:00+01:00;23.3;8.634907963
1900-07-23 16:00:00+01:00;23.6;9.143982181
1900-07-23 17:00:00+01:00;23.4;9.258760225
1900-07-23 18:00:00+01:00;22.7;9.397280081
1900-07-23 19:00:00+01:00;20.8;9.579569032
1900-07-23 20:00:00+01:00;19.2;9.136938459
1900-07-23 21:00:00+01:00;17.1;8.834558298
1900-07-23 22:00:00+01:00;16;8.033549995
1900-07-23 23:00:00+01:00;15.5;7.455606551
1900-07-24 00:00:00+01:00;15.2;6.315351249
1900-07-24 01:00:00+01:00;14;5.937867873
1900-07-24 02:00:00+01:00;12.8;5.839310041
1900-07-24 03:00:00+01:00;12.9;5.845482296
1900-07-24 04:00:00+01:00;13;5.812153827
1900-07-24 05:00:00+01:00;13;5.996038639
1900-07-24 06:00:00+01:00;15;7.345581017
1900-07-24 07:00:00+01:00;16.6;8.461267694
1900-07-24 08:00:00+01:00;19;8.158693424
1900-07-24 09:00:00+01:00;19;8.533925405
1900-07-24 10:00:00+01:00;21.3;8.653608378
1900-07-24 11:00:00+01:00;22;8.502917756
1900-07-24 12:00:00+01:00;22.4;7.929129042
1900-07-24 13:00:00+01:00;22.2;8.116629366
1900-07-24 14:00:00+01:00;22.6;8.272262676
1900-07-24 15:00:00+01:00;22.1;8.634907963
1900-07-24 16:00:00+01:00;21.3;9.143982181
1900-07-24 17:00:00+01:00;20.7;9.258760225
1900-07-24 18:00:00+01:00;20;9.397280081
1900-07-24 19:00:00+01:00;19;9.579569032
1900-07-24 20:00:00+01:00;17.9;9.136938459
1900-07-24 21:00:00+01:00;17.5;8.834558298
1900-07-24 22:00:00+01:00;17;8.033549995
1900-07-24 23:00:00+01:00;16;7.455606551
1900-07-25 00:00:00+01:00;14.8;6.315351249
1900-07-25 01:00:00+01:00;14.6;5.937867873
1900-07-25 02:00:00+01:00;14.4;5.839310041
1900-07-25 03:00:00+01:00;13.6;5.845482296
1900-07-25 04:00:00+01:00;13.4;5.812153827
1900-07-25 05:00:00+01:00;13.2;5.996038639
1900-07-25 06:00:00+01:00;14;7.345581017
1900-07-25 07:00:00+01:00;15;8.461267694
1900-07-25 08:00:00+01:00;16;8.158693424
1900-07-25 09:00:00+01:00;15.6;8.533925405
1900-07-25 10:00:00+01:00;16.5;8.653608378
1900-07-25 11:00:00+01:00;18.8;8.502917756
1900-07-25 12:00:00+01:00;19.6;7.929129042
1900-07-25 13:00:00+01:00;19.4;8.116629366
1900-07-25 14:00:00+01:00;19.9;8.272262676
1900-07-25 15:00:00+01:00;20.1;8.634907963
1900-07-25 16:00:00+01:00;21.2;9.143982181
1900-07-25 17:00:00+01:00;20.8;9.258760225
1900-07-25 18:00:00+01:00;20.3;9.397280081
1900-07-25 19:00:00+01:00;20.4;9.579569032
1900-07-25 20:00:00+01:00;17.9;9.136938459
1900-07-25 21:00:00+01:00;16.9;8.834558298
1900-07-25 22:00:00+01:00;15.8;8.033549995
1900-07-25 23:00:00+01:00;16.3;7.455606551
1900-07-26 00:00:00+01:00;17.3;6.315351249
1900-07-26 01:00:00+01:00;17.2;5.937867873
1900-07-26 02:00:00+01:00;16.4;5.839310041
1900-07-26 03:00:00+01:00;16.1;5.845482296
1900-07-26 04:00:00+01:00;15.6;5.812153827
1900-07-26 05:00:00+01:00;15.9;5.996038639
1900-07-26 06:00:00+01:00;16.9;7.345581017
1900-07-26 07:00:00+01:00;18.8;8.461267694
1900-07-26 08:00:00+01:00;19.9;8.158693424
1900-07-26 09:00:00+01:00;20;8.533925405
1900-07-26 10:00:00+01:00;20.5;8.653608378
1900-07-26 11:00:00+01:00;20.6;8.502917756
1900-07-26 12:00:00+01:00;21.7;7.929129042
1900-07-26 13:00:00+01:00;21.8;8.116629366
1900-07-26 14:00:00+01:00;22.5;8.272262676
1900-07-26 15:00:00+01:00;23.3;8.634907963
1900-07-26 16:00:00+01:00;23.5;9.143982181
1900-07-26 17:00:00+01:00;23.6;9.258760225
1900-07-26 18:00:00+01:00;22.5;9.397280081
1900-07-26 19:00:00+01:00;21.4;9.579569032
1900-07-26 20:00:00+01:00;19.4;9.136938459
1900-07-26 21:00:00+01:00;16.5;8.834558298
1900-07-26 22:00:00+01:00;14.5;8.033549995
1900-07-26 23:00:00+01:00;13.7;7.455606551
1900-07-27 00:00:00+01:00;12.6;6.315351249
1900-07-27 01:00:00+01:00;12.3;5.937867873
1900-07-27 02:00:00+01:00;12;5.839310041
1900-07-27 03:00:00+01:00;11.4;5.845482296
1900-07-27 04:00:00+01:00;10.6;5.386999369
1900-07-27 05:00:00+01:00;11.9;5.996038639
1900-07-27 06:00:00+01:00;13.7;7.345581017
1900-07-27 07:00:00+01:00;16.6;8.461267694
1900-07-27 08:00:00+01:00;17.5;8.158693424
1900-07-27 09:00:00+01:00;19.2;8.533925405
1900-07-27 10:00:00+01:00;21.6;8.653608378
1900-07-27 11:00:00+01:00;22.6;8.502917756
1900-07-27 12:00:00+01:00;24.5;7.929129042
1900-07-27 13:00:00+01:00;25.5;8.116629366
1900-07-27 14:00:00+01:00;26;8.272262676
1900-07-27 15:00:00+01:00;26.3;8.634907963
1900-07-27 16:00:00+01:00;25.2;9.143982181
1900-07-27 17:00:00+01:00;24.9;9.258760225
1900-07-27 18:00:00+01:00;24.2;9.397280081
1900-07-27 19:00:00+01:00;22.2;9.579569032
1900-07-27 20:00:00+01:00;20;9.136938459
1900-07-27 21:00:00+01:00;18.7;8.834558298
1900-07-27 22:00:00+01:00;17.4;8.033549995
1900-07-27 23:00:00+01:00;16.7;7.455606551
1900-07-28 00:00:00+01:00;15.4;6.315351249
1900-07-28 01:00:00+01:00;14.7;5.937867873
1900-07-28 02:00:00+01:00;14;5.839310041
1900-07-28 03:00:00+01:00;13.4;5.845482296
1900-07-28 04:00:00+01:00;13.2;5.812153827
1900-07-28 05:00:00+01:00;14.9;5.996038639
1900-07-28 06:00:00+01:00;16.5;7.345581017
1900-07-28 07:00:00+01:00;17;8.461267694
1900-07-28 08:00:00+01:00;19.4;8.158693424
1900-07-28 09:00:00+01:00;20.4;8.533925405
1900-07-28 10:00:00+01:00;22;8.653608378
1900-07-28 11:00:00+01:00;23.7;8.502917756
1900-07-28 12:00:00+01:00;25;7.929129042
1900-07-28 13:00:00+01:00;25.1;8.116629366
1900-07-28 14:00:00+01:00;26.4;8.272262676
1900-07-28 15:00:00+01:00;26.5;8.634907963
1900-07-28 16:00:00+01:00;26.2;9.143982181
1900-07-28 17:00:00+01:00;25.4;9.258760225
1900-07-28 18:00:00+01:00;24.5;9.397280081
1900-07-28 19:00:00+01:00;21.8;9.579569032
1900-07-28 20:00:00+01:00;19.8;9.136938459
1900-07-28 21:00:00+01:00;18;8.834558298
1900-07-28 22:00:00+01:00;17.3;8.033549995
1900-07-28 23:00:00+01:00;16.7;7.455606551
1900-07-29 00:00:00+01:00;15.7;6.315351249
1900-07-29 01:00:00+01:00;15.8;5.937867873
1900-07-29 02:00:00+01:00;15.7;5.839310041
1900-07-29 03:00:00+01:00;17;5.845482296
1900-07-29 04:00:00+01:00;17.2;5.812153827
1900-07-29 05:00:00+01:00;17.7;5.996038639
1900-07-29 06:00:00+01:00;17.6;7.345581017
1900-07-29 07:00:00+01:00;18.1;8.461267694
1900-07-29 08:00:00+01:00;18.8;8.158693424
1900-07-29 09:00:00+01:00;20.1;8.533925405
1900-07-29 10:00:00+01:00;21;8.653608378
1900-07-29 11:00:00+01:00;21.2;8.502917756
1900-07-29 12:00:00+01:00;22.3;7.929129042
1900-07-29 13:00:00+01:00;23.4;8.116629366
1900-07-29 14:00:00+01:00;24.8;8.272262676
1900-07-29 15:00:00+01:00;25.8;8.634907963
1900-07-29 16:00:00+01:00;25.5;9.143982181
1900-07-29 17:00:00+01:00;25.7;9.258760225
1900-07-29 18:00:00+01:00;26;9.397280081
1900-07-29 19:00:00+01:00;24.7;9.579569032
1900-07-29 20:00:00+01:00;22.3;9.136938459
1900-07-29 21:00:00+01:00;20.4;8.834558298
1900-07-29 22:00:00+01:00;18.5;8.033549995
1900-07-29 23:00:00+01:00;16.9;7.455606551
1900-07-30 00:00:00+01:00;16.2;8.236572116
1900-07-30 01:00:00+01:00;15.4;7.892712193
1900-07-30 02:00:00+01:00;15;7.926793198
1900-07-30 03:00:00+01:00;14.6;8.045130826
1900-07-30 04:00:00+01:00;14.5;7.77295885
1900-07-30 05:00:00+01:00;14.9;7.853115092
1900-07-30 06:00:00+01:00;17;9.89441829
1900-07-30 07:00:00+01:00;19;10.89658474
1900-07-30 08:00:00+01:00;20;10.39280145
1900-07-30 09:00:00+01:00;21.9;10.8572126
1900-07-30 10:00:00+01:00;23.2;9.988098192
1900-07-30 11:00:00+01:00;24.7;9.629672415
1900-07-30 12:00:00+01:00;26.5;9.408531578
1900-07-30 13:00:00+01:00;26.8;9.113448027
1900-07-30 14:00:00+01:00;27.2;9.433602499
1900-07-30 15:00:00+01:00;27.9;10.25685725
1900-07-30 16:00:00+01:00;27.3;10.67813988
1900-07-30 17:00:00+01:00;26.8;10.91258809
1900-07-30 18:00:00+01:00;25.8;11.11002771
1900-07-30 19:00:00+01:00;23.6;11.63547056
1900-07-30 20:00:00+01:00;21.4;11.75956797
1900-07-30 21:00:00+01:00;19.5;11.83041864
1900-07-30 22:00:00+01:00;17.5;11.01130686
1900-07-30 23:00:00+01:00;16.6;9.440537984
1900-07-31 00:00:00+01:00;16;8.236572116
1900-07-31 01:00:00+01:00;15.1;7.892712193
1900-07-31 02:00:00+01:00;15.2;7.926793198
1900-07-31 03:00:00+01:00;15.1;8.045130826
1900-07-31 04:00:00+01:00;15.4;7.77295885
1900-07-31 05:00:00+01:00;15.5;7.853115092
1900-07-31 06:00:00+01:00;15.9;9.89441829
1900-07-31 07:00:00+01:00;16.6;10.89658474
1900-07-31 08:00:00+01:00;17.4;10.39280145
1900-07-31 09:00:00+01:00;19.4;10.8572126
1900-07-31 10:00:00+01:00;19.4;9.988098192
1900-07-31 11:00:00+01:00;20.1;9.629672415
1900-07-31 12:00:00+01:00;21.5;9.408531578
1900-07-31 13:00:00+01:00;22.1;9.113448027
1900-07-31 14:00:00+01:00;24.3;9.433602499
1900-07-31 15:00:00+01:00;24.6;10.25685725
1900-07-31 16:00:00+01:00;25;10.67813988
1900-07-31 17:00:00+01:00;25.2;10.91258809
1900-07-31 18:00:00+01:00;23.7;11.11002771
1900-07-31 19:00:00+01:00;22.9;11.63547056
1900-07-31 20:00:00+01:00;20.6;11.75956797
1900-07-31 21:00:00+01:00;20;11.83041864
1900-07-31 22:00:00+01:00;18.9;11.01130686
1900-07-31 23:00:00+01:00;17.6;9.440537984
1900-08-01 00:00:00+01:00;17.4;8.236572116
1900-08-01 01:00:00+01:00;16.7;7.892712193
1900-08-01 02:00:00+01:00;16.2;7.926793198
1900-08-01 03:00:00+01:00;14.5;8.045130826
1900-08-01 04:00:00+01:00;15.9;7.77295885
1900-08-01 05:00:00+01:00;16.1;7.853115092
1900-08-01 06:00:00+01:00;16.3;9.89441829
1900-08-01 07:00:00+01:00;17.5;10.89658474
1900-08-01 08:00:00+01:00;18.9;10.39280145
1900-08-01 09:00:00+01:00;21;10.8572126
1900-08-01 10:00:00+01:00;22.3;9.988098192
1900-08-01 11:00:00+01:00;23.1;9.629672415
1900-08-01 12:00:00+01:00;24.5;9.408531578
1900-08-01 13:00:00+01:00;25.2;9.113448027
1900-08-01 14:00:00+01:00;23.8;9.433602499
1900-08-01 15:00:00+01:00;24.7;10.25685725
1900-08-01 16:00:00+01:00;25.8;10.67813988
1900-08-01 17:00:00+01:00;23.4;10.91258809
1900-08-01 18:00:00+01:00;21.8;11.11002771
1900-08-01 19:00:00+01:00;22;11.63547056
1900-08-01 20:00:00+01:00;20.2;11.75956797
1900-08-01 21:00:00+01:00;19.3;11.83041864
1900-08-01 22:00:00+01:00;18.7;11.01130686
1900-08-01 23:00:00+01:00;17.9;9.440537984
1900-08-02 00:00:00+01:00;17.9;8.236572116
1900-08-02 01:00:00+01:00;16.2;7.892712193
1900-08-02 02:00:00+01:00;15.8;7.926793198
1900-08-02 03:00:00+01:00;15.4;8.045130826
1900-08-02 04:00:00+01:00;18.7;7.77295885
1900-08-02 05:00:00+01:00;16.6;7.853115092
1900-08-02 06:00:00+01:00;16.5;9.89441829
1900-08-02 07:00:00+01:00;16.6;10.89658474
1900-08-02 08:00:00+01:00;16.7;10.39280145
1900-08-02 09:00:00+01:00;17.8;10.8572126
1900-08-02 10:00:00+01:00;20.6;9.988098192
1900-08-02 11:00:00+01:00;22.4;9.629672415
1900-08-02 12:00:00+01:00;21.5;9.408531578
1900-08-02 13:00:00+01:00;21.4;9.113448027
1900-08-02 14:00:00+01:00;21.7;9.433602499
1900-08-02 15:00:00+01:00;26;10.25685725
1900-08-02 16:00:00+01:00;23.5;10.67813988
1900-08-02 17:00:00+01:00;22.5;10.91258809
1900-08-02 18:00:00+01:00;21;11.11002771
1900-08-02 19:00:00+01:00;20.2;11.63547056
1900-08-02 20:00:00+01:00;19.7;11.75956797
1900-08-02 21:00:00+01:00;18.2;11.83041864
1900-08-02 22:00:00+01:00;18.3;11.01130686
1900-08-02 23:00:00+01:00;18.1;9.440537984
1900-08-03 00:00:00+01:00;17.9;8.236572116
1900-08-03 01:00:00+01:00;17.9;7.892712193
1900-08-03 02:00:00+01:00;17.4;7.926793198
1900-08-03 03:00:00+01:00;17.3;8.045130826
1900-08-03 04:00:00+01:00;17;7.77295885
1900-08-03 05:00:00+01:00;17.5;7.853115092
1900-08-03 06:00:00+01:00;17.4;9.89441829
1900-08-03 07:00:00+01:00;18;10.89658474
1900-08-03 08:00:00+01:00;19.2;10.39280145
1900-08-03 09:00:00+01:00;21.1;10.8572126
1900-08-03 10:00:00+01:00;21.2;9.988098192
1900-08-03 11:00:00+01:00;24;9.629672415
1900-08-03 12:00:00+01:00;25.4;9.408531578
1900-08-03 13:00:00+01:00;26.9;9.113448027
1900-08-03 14:00:00+01:00;26.3;9.433602499
1900-08-03 15:00:00+01:00;25;10.25685725
1900-08-03 16:00:00+01:00;24.3;10.67813988
1900-08-03 17:00:00+01:00;23.7;10.91258809
1900-08-03 18:00:00+01:00;23.2;11.11002771
1900-08-03 19:00:00+01:00;20.6;11.63547056
1900-08-03 20:00:00+01:00;19.7;11.75956797
1900-08-03 21:00:00+01:00;18.6;11.83041864
1900-08-03 22:00:00+01:00;18.6;11.01130686
1900-08-03 23:00:00+01:00;18;9.440537984
1900-08-04 00:00:00+01:00;17.2;8.667975853
1900-08-04 01:00:00+01:00;17;8.163946722
1900-08-04 02:00:00+01:00;16.7;8.101182728
1900-08-04 03:00:00+01:00;16.9;7.919166413
1900-08-04 04:00:00+01:00;16.8;7.821490783
1900-08-04 05:00:00+01:00;16.4;7.709308949
1900-08-04 06:00:00+01:00;17;8.74472372
1900-08-04 07:00:00+01:00;18;9.302295956
1900-08-04 08:00:00+01:00;18.2;10.21398798
1900-08-04 09:00:00+01:00;18.9;11.30486195
1900-08-04 10:00:00+01:00;21.5;11.02025344
1900-08-04 11:00:00+01:00;21.2;10.63595552
1900-08-04 12:00:00+01:00;20.5;10.43040253
1900-08-04 13:00:00+01:00;16.6;10.40875041
1900-08-04 14:00:00+01:00;16.8;10.22065588
1900-08-04 15:00:00+01:00;18.4;10.36384701
1900-08-04 16:00:00+01:00;18.3;10.6770558
1900-08-04 17:00:00+01:00;20.1;10.73973505
1900-08-04 18:00:00+01:00;19.2;11.08213334
1900-08-04 19:00:00+01:00;17.9;11.59940388
1900-08-04 20:00:00+01:00;17;10.83283516
1900-08-04 21:00:00+01:00;16.4;10.44160108
1900-08-04 22:00:00+01:00;15;9.8372503
1900-08-04 23:00:00+01:00;13.5;9.808890428
1900-08-05 00:00:00+01:00;14;8.667975853
1900-08-05 01:00:00+01:00;13.5;8.163946722
1900-08-05 02:00:00+01:00;13.5;8.101182728
1900-08-05 03:00:00+01:00;12.6;7.919166413
1900-08-05 04:00:00+01:00;11.1;7.821490783
1900-08-05 05:00:00+01:00;11.5;7.709308949
1900-08-05 06:00:00+01:00;13.6;8.74472372
1900-08-05 07:00:00+01:00;14.8;9.302295956
1900-08-05 08:00:00+01:00;16.4;10.21398798
1900-08-05 09:00:00+01:00;15.9;11.30486195
1900-08-05 10:00:00+01:00;13.3;17.03477793
1900-08-05 11:00:00+01:00;13.8;10.63595552
1900-08-05 12:00:00+01:00;14;10.43040253
1900-08-05 13:00:00+01:00;13.8;10.40875041
1900-08-05 14:00:00+01:00;13.2;15.72722051
1900-08-05 15:00:00+01:00;13.6;15.68941396
1900-08-05 16:00:00+01:00;16.2;10.6770558
1900-08-05 17:00:00+01:00;17.7;10.73973505
1900-08-05 18:00:00+01:00;17.8;11.08213334
1900-08-05 19:00:00+01:00;17.2;11.59940388
1900-08-05 20:00:00+01:00;16;10.83283516
1900-08-05 21:00:00+01:00;15.7;10.44160108
1900-08-05 22:00:00+01:00;15.3;9.8372503
1900-08-05 23:00:00+01:00;14.6;9.808890428
1900-08-06 00:00:00+01:00;14.5;8.236572116
1900-08-06 01:00:00+01:00;13.8;7.892712193
1900-08-06 02:00:00+01:00;12.3;7.926793198
1900-08-06 03:00:00+01:00;11.7;8.045130826
1900-08-06 04:00:00+01:00;12;7.77295885
1900-08-06 05:00:00+01:00;12.9;7.853115092
1900-08-06 06:00:00+01:00;12.4;9.89441829
1900-08-06 07:00:00+01:00;14;10.89658474
1900-08-06 08:00:00+01:00;14.3;10.39280145
1900-08-06 09:00:00+01:00;12.9;10.8572126
1900-08-06 10:00:00+01:00;12.4;9.988098192
1900-08-06 11:00:00+01:00;11.3;13.87961647
1900-08-06 12:00:00+01:00;12.5;12.83290293
1900-08-06 13:00:00+01:00;13.7;12.22479582
1900-08-06 14:00:00+01:00;14.5;9.433602499
1900-08-06 15:00:00+01:00;17.2;10.25685725
1900-08-06 16:00:00+01:00;17.8;10.67813988
1900-08-06 17:00:00+01:00;18.4;10.91258809
1900-08-06 18:00:00+01:00;18.1;11.11002771
1900-08-06 19:00:00+01:00;18.1;11.63547056
1900-08-06 20:00:00+01:00;17.6;11.75956797
1900-08-06 21:00:00+01:00;18;11.83041864
1900-08-06 22:00:00+01:00;18;11.01130686
1900-08-06 23:00:00+01:00;17.6;9.440537984
1900-08-07 00:00:00+01:00;16.9;8.236572116
1900-08-07 01:00:00+01:00;16.4;7.892712193
1900-08-07 02:00:00+01:00;16.2;7.926793198
1900-08-07 03:00:00+01:00;15.6;8.045130826
1900-08-07 04:00:00+01:00;14.8;7.77295885
1900-08-07 05:00:00+01:00;14.6;7.853115092
1900-08-07 06:00:00+01:00;14.9;9.89441829
1900-08-07 07:00:00+01:00;16;10.89658474
1900-08-07 08:00:00+01:00;16.2;10.39280145
1900-08-07 09:00:00+01:00;17;10.8572126
1900-08-07 10:00:00+01:00;17.4;9.988098192
1900-08-07 11:00:00+01:00;18.4;9.629672415
1900-08-07 12:00:00+01:00;18.5;9.408531578
1900-08-07 13:00:00+01:00;18.4;9.113448027
1900-08-07 14:00:00+01:00;19.1;9.433602499
1900-08-07 15:00:00+01:00;19;10.25685725
1900-08-07 16:00:00+01:00;19.1;10.67813988
1900-08-07 17:00:00+01:00;18.4;10.91258809
1900-08-07 18:00:00+01:00;17.7;11.11002771
1900-08-07 19:00:00+01:00;15.8;11.63547056
1900-08-07 20:00:00+01:00;15.8;11.75956797
1900-08-07 21:00:00+01:00;14.7;11.83041864
1900-08-07 22:00:00+01:00;13.6;11.01130686
1900-08-07 23:00:00+01:00;12.3;9.440537984
1900-08-08 00:00:00+01:00;12.1;8.236572116
1900-08-08 01:00:00+01:00;12.4;7.892712193
1900-08-08 02:00:00+01:00;12;7.926793198
1900-08-08 03:00:00+01:00;11.5;8.045130826
1900-08-08 04:00:00+01:00;11.3;7.77295885
1900-08-08 05:00:00+01:00;12.6;7.853115092
1900-08-08 06:00:00+01:00;13;9.89441829
1900-08-08 07:00:00+01:00;13.7;10.89658474
1900-08-08 08:00:00+01:00;14.6;10.39280145
1900-08-08 09:00:00+01:00;17.8;10.8572126
1900-08-08 10:00:00+01:00;19.5;9.988098192
1900-08-08 11:00:00+01:00;21.1;9.629672415
1900-08-08 12:00:00+01:00;21.6;9.408531578
1900-08-08 13:00:00+01:00;22.7;9.113448027
1900-08-08 14:00:00+01:00;22.1;9.433602499
1900-08-08 15:00:00+01:00;22;10.25685725
1900-08-08 16:00:00+01:00;20;10.67813988
1900-08-08 17:00:00+01:00;19.8;10.91258809
1900-08-08 18:00:00+01:00;18.8;11.11002771
1900-08-08 19:00:00+01:00;16.6;11.63547056
1900-08-08 20:00:00+01:00;15.2;11.75956797
1900-08-08 21:00:00+01:00;14.4;11.83041864
1900-08-08 22:00:00+01:00;13.1;11.01130686
1900-08-08 23:00:00+01:00;12.6;9.440537984
1900-08-09 00:00:00+01:00;11.2;8.432626287
1900-08-09 01:00:00+01:00;11.1;7.892712193
1900-08-09 02:00:00+01:00;10.6;7.926793198
1900-08-09 03:00:00+01:00;10;8.045130826
1900-08-09 04:00:00+01:00;9.1;7.832911308
1900-08-09 05:00:00+01:00;10.7;8.619298661
1900-08-09 06:00:00+01:00;12.7;9.89441829
1900-08-09 07:00:00+01:00;14;10.89658474
1900-08-09 08:00:00+01:00;15.2;10.39280145
1900-08-09 09:00:00+01:00;16.6;10.8572126
1900-08-09 10:00:00+01:00;17.2;9.988098192
1900-08-09 11:00:00+01:00;18.9;9.629672415
1900-08-09 12:00:00+01:00;19.3;9.408531578
1900-08-09 13:00:00+01:00;17.6;9.113448027
1900-08-09 14:00:00+01:00;20;9.433602499
1900-08-09 15:00:00+01:00;18.5;10.25685725
1900-08-09 16:00:00+01:00;18.6;10.67813988
1900-08-09 17:00:00+01:00;17.2;10.91258809
1900-08-09 18:00:00+01:00;16.8;11.11002771
1900-08-09 19:00:00+01:00;16.4;11.63547056
1900-08-09 20:00:00+01:00;15.8;11.75956797
1900-08-09 21:00:00+01:00;16.1;11.83041864
1900-08-09 22:00:00+01:00;15;11.01130686
1900-08-09 23:00:00+01:00;14.9;9.440537984
1900-08-10 00:00:00+01:00;14.7;8.236572116
1900-08-10 01:00:00+01:00;14.3;7.892712193
1900-08-10 02:00:00+01:00;14.3;7.926793198
1900-08-10 03:00:00+01:00;14.3;8.045130826
1900-08-10 04:00:00+01:00;15.4;7.77295885
1900-08-10 05:00:00+01:00;16;7.853115092
1900-08-10 06:00:00+01:00;16.4;9.89441829
1900-08-10 07:00:00+01:00;17;10.89658474
1900-08-10 08:00:00+01:00;18.8;10.39280145
1900-08-10 09:00:00+01:00;16.9;10.8572126
1900-08-10 10:00:00+01:00;18.1;9.988098192
1900-08-10 11:00:00+01:00;19.5;9.629672415
1900-08-10 12:00:00+01:00;20.2;9.408531578
1900-08-10 13:00:00+01:00;20.3;9.113448027
1900-08-10 14:00:00+01:00;20.4;9.433602499
1900-08-10 15:00:00+01:00;20.6;10.25685725
1900-08-10 16:00:00+01:00;20.9;10.67813988
1900-08-10 17:00:00+01:00;22.8;10.91258809
1900-08-10 18:00:00+01:00;21.4;11.11002771
1900-08-10 19:00:00+01:00;20.1;11.63547056
1900-08-10 20:00:00+01:00;18.2;11.75956797
1900-08-10 21:00:00+01:00;16.8;11.83041864
1900-08-10 22:00:00+01:00;15.4;11.01130686
1900-08-10 23:00:00+01:00;14.2;9.440537984
1900-08-11 00:00:00+01:00;12.5;8.667975853
1900-08-11 01:00:00+01:00;11.9;8.163946722
1900-08-11 02:00:00+01:00;11.8;8.101182728
1900-08-11 03:00:00+01:00;10.6;6.739670433
1900-08-11 04:00:00+01:00;10.4;6.686868884
1900-08-11 05:00:00+01:00;11.7;7.709308949
1900-08-11 06:00:00+01:00;15.4;8.74472372
1900-08-11 07:00:00+01:00;17.1;9.302295956
1900-08-11 08:00:00+01:00;17.3;10.21398798
1900-08-11 09:00:00+01:00;19.4;11.30486195
1900-08-11 10:00:00+01:00;22.1;11.02025344
1900-08-11 11:00:00+01:00;21.6;10.63595552
1900-08-11 12:00:00+01:00;22;10.43040253
1900-08-11 13:00:00+01:00;22.5;10.40875041
1900-08-11 14:00:00+01:00;22.2;10.22065588
1900-08-11 15:00:00+01:00;23.6;10.36384701
1900-08-11 16:00:00+01:00;24.6;10.6770558
1900-08-11 17:00:00+01:00;23.8;10.73973505
1900-08-11 18:00:00+01:00;23;11.08213334
1900-08-11 19:00:00+01:00;19.2;11.59940388
1900-08-11 20:00:00+01:00;17.4;10.83283516
1900-08-11 21:00:00+01:00;15.4;10.44160108
1900-08-11 22:00:00+01:00;14.2;9.8372503
1900-08-11 23:00:00+01:00;13.4;9.808890428
1900-08-12 00:00:00+01:00;13.9;8.667975853
1900-08-12 01:00:00+01:00;12.3;8.163946722
1900-08-12 02:00:00+01:00;13;8.101182728
1900-08-12 03:00:00+01:00;12;7.919166413
1900-08-12 04:00:00+01:00;11.5;7.821490783
1900-08-12 05:00:00+01:00;13.4;7.709308949
1900-08-12 06:00:00+01:00;15.7;8.74472372
1900-08-12 07:00:00+01:00;17.5;9.302295956
1900-08-12 08:00:00+01:00;17.4;10.21398798
1900-08-12 09:00:00+01:00;17.8;11.30486195
1900-08-12 10:00:00+01:00;17.9;11.02025344
1900-08-12 11:00:00+01:00;20;10.63595552
1900-08-12 12:00:00+01:00;21.5;10.43040253
1900-08-12 13:00:00+01:00;22.6;10.40875041
1900-08-12 14:00:00+01:00;23.3;10.22065588
1900-08-12 15:00:00+01:00;23.3;10.36384701
1900-08-12 16:00:00+01:00;24.2;10.6770558
1900-08-12 17:00:00+01:00;24.9;10.73973505
1900-08-12 18:00:00+01:00;24.1;11.08213334
1900-08-12 19:00:00+01:00;20.3;11.59940388
1900-08-12 20:00:00+01:00;19.1;10.83283516
1900-08-12 21:00:00+01:00;17.4;10.44160108
1900-08-12 22:00:00+01:00;16;9.8372503
1900-08-12 23:00:00+01:00;13.8;9.808890428
1900-08-13 00:00:00+01:00;12.9;8.236572116
1900-08-13 01:00:00+01:00;11.6;7.892712193
1900-08-13 02:00:00+01:00;11.2;7.926793198
1900-08-13 03:00:00+01:00;10;8.045130826
1900-08-13 04:00:00+01:00;10.2;6.627998921
1900-08-13 05:00:00+01:00;11.7;7.853115092
1900-08-13 06:00:00+01:00;14.2;9.89441829
1900-08-13 07:00:00+01:00;16;10.89658474
1900-08-13 08:00:00+01:00;18.9;10.39280145
1900-08-13 09:00:00+01:00;19.9;10.8572126
1900-08-13 10:00:00+01:00;21.9;9.988098192
1900-08-13 11:00:00+01:00;24.2;9.629672415
1900-08-13 12:00:00+01:00;25.5;9.408531578
1900-08-13 13:00:00+01:00;27;9.113448027
1900-08-13 14:00:00+01:00;27.9;9.433602499
1900-08-13 15:00:00+01:00;29.4;10.25685725
1900-08-13 16:00:00+01:00;28.4;10.67813988
1900-08-13 17:00:00+01:00;26;10.91258809
1900-08-13 18:00:00+01:00;24.4;11.11002771
1900-08-13 19:00:00+01:00;21.3;11.63547056
1900-08-13 20:00:00+01:00;19;11.75956797
1900-08-13 21:00:00+01:00;16.5;11.83041864
1900-08-13 22:00:00+01:00;15;11.01130686
1900-08-13 23:00:00+01:00;14;9.440537984
1900-08-14 00:00:00+01:00;12.6;8.236572116
1900-08-14 01:00:00+01:00;12.2;7.892712193
1900-08-14 02:00:00+01:00;12;7.926793198
1900-08-14 03:00:00+01:00;11.6;8.045130826
1900-08-14 04:00:00+01:00;13;7.77295885
1900-08-14 05:00:00+01:00;13.5;7.853115092
1900-08-14 06:00:00+01:00;13.7;9.89441829
1900-08-14 07:00:00+01:00;13.9;10.89658474
1900-08-14 08:00:00+01:00;14.7;10.39280145
1900-08-14 09:00:00+01:00;16;10.8572126
1900-08-14 10:00:00+01:00;18.8;9.988098192
1900-08-14 11:00:00+01:00;21.4;9.629672415
1900-08-14 12:00:00+01:00;23.4;9.408531578
1900-08-14 13:00:00+01:00;25.5;9.113448027
1900-08-14 14:00:00+01:00;28.1;9.433602499
1900-08-14 15:00:00+01:00;31.4;10.25685725
1900-08-14 16:00:00+01:00;27.5;10.67813988
1900-08-14 17:00:00+01:00;26.1;10.91258809
1900-08-14 18:00:00+01:00;24.8;11.11002771
1900-08-14 19:00:00+01:00;20.5;11.63547056
1900-08-14 20:00:00+01:00;19.5;11.75956797
1900-08-14 21:00:00+01:00;16.9;11.83041864
1900-08-14 22:00:00+01:00;15.5;11.01130686
1900-08-14 23:00:00+01:00;14.1;9.440537984
1900-08-15 00:00:00+01:00;14.9;8.236572116
1900-08-15 01:00:00+01:00;13.6;7.892712193
1900-08-15 02:00:00+01:00;12.8;7.926793198
1900-08-15 03:00:00+01:00;12.5;8.045130826
1900-08-15 04:00:00+01:00;13;7.77295885
1900-08-15 05:00:00+01:00;13;7.853115092
1900-08-15 06:00:00+01:00;15;9.89441829
1900-08-15 07:00:00+01:00;17.3;10.89658474
1900-08-15 08:00:00+01:00;18.4;10.39280145
1900-08-15 09:00:00+01:00;19.2;10.8572126
1900-08-15 10:00:00+01:00;21;9.988098192
1900-08-15 11:00:00+01:00;23.1;9.629672415
1900-08-15 12:00:00+01:00;25.6;9.408531578
1900-08-15 13:00:00+01:00;31;9.113448027
1900-08-15 14:00:00+01:00;29.8;9.433602499
1900-08-15 15:00:00+01:00;28.7;10.25685725
1900-08-15 16:00:00+01:00;29;10.67813988
1900-08-15 17:00:00+01:00;27.2;10.91258809
1900-08-15 18:00:00+01:00;25;11.11002771
1900-08-15 19:00:00+01:00;21.9;11.63547056
1900-08-15 20:00:00+01:00;19.6;11.75956797
1900-08-15 21:00:00+01:00;17.5;11.83041864
1900-08-15 22:00:00+01:00;16;11.01130686
1900-08-15 23:00:00+01:00;15;9.440537984
1900-08-16 00:00:00+01:00;14.4;8.236572116
1900-08-16 01:00:00+01:00;13.7;7.892712193
1900-08-16 02:00:00+01:00;13.3;7.926793198
1900-08-16 03:00:00+01:00;13;8.045130826
1900-08-16 04:00:00+01:00;12.8;7.77295885
1900-08-16 05:00:00+01:00;13.2;7.853115092
1900-08-16 06:00:00+01:00;16;9.89441829
1900-08-16 07:00:00+01:00;19.8;10.89658474
1900-08-16 08:00:00+01:00;20;10.39280145
1900-08-16 09:00:00+01:00;21.3;10.8572126
1900-08-16 10:00:00+01:00;22.9;9.988098192
1900-08-16 11:00:00+01:00;24.7;9.629672415
1900-08-16 12:00:00+01:00;26.5;9.408531578
1900-08-16 13:00:00+01:00;30.2;9.113448027
1900-08-16 14:00:00+01:00;32.6;9.433602499
1900-08-16 15:00:00+01:00;32;10.25685725
1900-08-16 16:00:00+01:00;27.7;10.67813988
1900-08-16 17:00:00+01:00;26.4;10.91258809
1900-08-16 18:00:00+01:00;25.1;11.11002771
1900-08-16 19:00:00+01:00;21.1;11.63547056
1900-08-16 20:00:00+01:00;19.1;11.75956797
1900-08-16 21:00:00+01:00;17.4;11.83041864
1900-08-16 22:00:00+01:00;17;11.01130686
1900-08-16 23:00:00+01:00;16.5;9.440537984
1900-08-17 00:00:00+01:00;15.7;8.236572116
1900-08-17 01:00:00+01:00;14.1;7.892712193
1900-08-17 02:00:00+01:00;13.8;7.926793198
1900-08-17 03:00:00+01:00;13.3;8.045130826
1900-08-17 04:00:00+01:00;13.1;7.77295885
1900-08-17 05:00:00+01:00;14;7.853115092
1900-08-17 06:00:00+01:00;16;9.89441829
1900-08-17 07:00:00+01:00;17.6;10.89658474
1900-08-17 08:00:00+01:00;19.4;10.39280145
1900-08-17 09:00:00+01:00;20.8;10.8572126
1900-08-17 10:00:00+01:00;23.6;9.988098192
1900-08-17 11:00:00+01:00;25.7;9.629672415
1900-08-17 12:00:00+01:00;27.3;9.408531578
1900-08-17 13:00:00+01:00;28.3;9.113448027
1900-08-17 14:00:00+01:00;26.7;9.433602499
1900-08-17 15:00:00+01:00;25.3;10.25685725
1900-08-17 16:00:00+01:00;25.3;10.67813988
1900-08-17 17:00:00+01:00;22.8;10.91258809
1900-08-17 18:00:00+01:00;21.8;11.11002771
1900-08-17 19:00:00+01:00;21;11.63547056
1900-08-17 20:00:00+01:00;20;11.75956797
1900-08-17 21:00:00+01:00;19.8;11.83041864
1900-08-17 22:00:00+01:00;19.5;11.01130686
1900-08-17 23:00:00+01:00;19;9.440537984
1900-08-18 00:00:00+01:00;18.3;8.667975853
1900-08-18 01:00:00+01:00;18.2;8.163946722
1900-08-18 02:00:00+01:00;18;8.101182728
1900-08-18 03:00:00+01:00;15.7;7.919166413
1900-08-18 04:00:00+01:00;14.5;7.821490783
1900-08-18 05:00:00+01:00;14.9;7.709308949
1900-08-18 06:00:00+01:00;15.6;8.74472372
1900-08-18 07:00:00+01:00;17;9.302295956
1900-08-18 08:00:00+01:00;19;10.21398798
1900-08-18 09:00:00+01:00;20.2;11.30486195
1900-08-18 10:00:00+01:00;22.2;11.02025344
1900-08-18 11:00:00+01:00;24.6;10.63595552
1900-08-18 12:00:00+01:00;24.9;10.43040253
1900-08-18 13:00:00+01:00;24;10.40875041
1900-08-18 14:00:00+01:00;26.2;10.22065588
1900-08-18 15:00:00+01:00;24.1;10.36384701
1900-08-18 16:00:00+01:00;23.9;10.6770558
1900-08-18 17:00:00+01:00;23;10.73973505
1900-08-18 18:00:00+01:00;22.4;11.08213334
1900-08-18 19:00:00+01:00;20;11.59940388
1900-08-18 20:00:00+01:00;18.6;10.83283516
1900-08-18 21:00:00+01:00;17.4;10.44160108
1900-08-18 22:00:00+01:00;15.9;9.8372503
1900-08-18 23:00:00+01:00;16;9.808890428
1900-08-19 00:00:00+01:00;15.8;8.667975853
1900-08-19 01:00:00+01:00;15.2;8.163946722
1900-08-19 02:00:00+01:00;14.4;8.101182728
1900-08-19 03:00:00+01:00;14.4;7.919166413
1900-08-19 04:00:00+01:00;13.8;7.821490783
1900-08-19 05:00:00+01:00;13.5;7.709308949
1900-08-19 06:00:00+01:00;14.2;8.74472372
1900-08-19 07:00:00+01:00;15.8;9.302295956
1900-08-19 08:00:00+01:00;17;10.21398798
1900-08-19 09:00:00+01:00;20.1;11.30486195
1900-08-19 10:00:00+01:00;19.4;11.02025344
1900-08-19 11:00:00+01:00;20.5;10.63595552
1900-08-19 12:00:00+01:00;21.7;10.43040253
1900-08-19 13:00:00+01:00;22.4;10.40875041
1900-08-19 14:00:00+01:00;23.9;10.22065588
1900-08-19 15:00:00+01:00;20.7;10.36384701
1900-08-19 16:00:00+01:00;20.4;10.6770558
1900-08-19 17:00:00+01:00;19.9;10.73973505
1900-08-19 18:00:00+01:00;19;11.08213334
1900-08-19 19:00:00+01:00;16.4;11.59940388
1900-08-19 20:00:00+01:00;15.3;10.83283516
1900-08-19 21:00:00+01:00;14.1;10.44160108
1900-08-19 22:00:00+01:00;12.8;10.99694755
1900-08-19 23:00:00+01:00;12.5;9.808890428
1900-08-20 00:00:00+01:00;11.4;8.236572116
1900-08-20 01:00:00+01:00;10.5;7.892712193
1900-08-20 02:00:00+01:00;10.5;7.926793198
1900-08-20 03:00:00+01:00;9.6;6.935085369
1900-08-20 04:00:00+01:00;8.9;7.702635525
1900-08-20 05:00:00+01:00;10;8.672936529
1900-08-20 06:00:00+01:00;13.9;9.89441829
1900-08-20 07:00:00+01:00;14.7;10.89658474
1900-08-20 08:00:00+01:00;15.3;10.39280145
1900-08-20 09:00:00+01:00;16.3;10.8572126
1900-08-20 10:00:00+01:00;17.2;9.988098192
1900-08-20 11:00:00+01:00;18.5;9.629672415
1900-08-20 12:00:00+01:00;20;9.408531578
1900-08-20 13:00:00+01:00;19.3;9.113448027
1900-08-20 14:00:00+01:00;18;9.433602499
1900-08-20 15:00:00+01:00;18.3;10.25685725
1900-08-20 16:00:00+01:00;17.2;10.67813988
1900-08-20 17:00:00+01:00;18.3;10.91258809
1900-08-20 18:00:00+01:00;16.5;11.11002771
1900-08-20 19:00:00+01:00;12.8;16.95517653
1900-08-20 20:00:00+01:00;12.7;16.75795989
1900-08-20 21:00:00+01:00;12.8;11.83041864
1900-08-20 22:00:00+01:00;12.4;11.01130686
1900-08-20 23:00:00+01:00;11.6;12.24107886
1900-08-21 00:00:00+01:00;11;9.484800778
1900-08-21 01:00:00+01:00;11.2;7.892712193
1900-08-21 02:00:00+01:00;10.8;7.926793198
1900-08-21 03:00:00+01:00;11.4;8.045130826
1900-08-21 04:00:00+01:00;12;7.77295885
1900-08-21 05:00:00+01:00;10.9;9.237222424
1900-08-21 06:00:00+01:00;11.9;9.89441829
1900-08-21 07:00:00+01:00;14;10.89658474
1900-08-21 08:00:00+01:00;14.5;10.39280145
1900-08-21 09:00:00+01:00;15.5;10.8572126
1900-08-21 10:00:00+01:00;16.5;9.988098192
1900-08-21 11:00:00+01:00;16.8;9.629672415
1900-08-21 12:00:00+01:00;16.7;9.408531578
1900-08-21 13:00:00+01:00;15.6;9.113448027
1900-08-21 14:00:00+01:00;16.2;9.433602499
1900-08-21 15:00:00+01:00;18.8;10.25685725
1900-08-21 16:00:00+01:00;17.9;10.67813988
1900-08-21 17:00:00+01:00;17.1;10.91258809
1900-08-21 18:00:00+01:00;15.5;11.11002771
1900-08-21 19:00:00+01:00;13;17.11607939
1900-08-21 20:00:00+01:00;12;17.2872307
1900-08-21 21:00:00+01:00;10.7;17.57305905
1900-08-21 22:00:00+01:00;10.3;15.81625165
1900-08-21 23:00:00+01:00;9.5;13.79764498
1900-08-22 00:00:00+01:00;8.3;11.03126602
1900-08-22 01:00:00+01:00;7.5;9.584492674
1900-08-22 02:00:00+01:00;6.4;9.735786586
1900-08-22 03:00:00+01:00;6;10.00390061
1900-08-22 04:00:00+01:00;5.2;11.07433647
1900-08-22 05:00:00+01:00;7.3;11.89260229
1900-08-22 06:00:00+01:00;9.9;16.41695701
1900-08-22 07:00:00+01:00;11.5;18.02697309
1900-08-22 08:00:00+01:00;12.9;10.39280145
1900-08-22 09:00:00+01:00;14.1;10.8572126
1900-08-22 10:00:00+01:00;15.5;9.988098192
1900-08-22 11:00:00+01:00;15.7;9.629672415
1900-08-22 12:00:00+01:00;16.1;9.408531578
1900-08-22 13:00:00+01:00;18;9.113448027
1900-08-22 14:00:00+01:00;17.5;9.433602499
1900-08-22 15:00:00+01:00;18.5;10.25685725
1900-08-22 16:00:00+01:00;17.5;10.67813988
1900-08-22 17:00:00+01:00;16.6;10.91258809
1900-08-22 18:00:00+01:00;15.6;11.11002771
1900-08-22 19:00:00+01:00;15;11.63547056
1900-08-22 20:00:00+01:00;12;18.16711578
1900-08-22 21:00:00+01:00;11.7;17.23866015
1900-08-22 22:00:00+01:00;11.8;15.32660844
1900-08-22 23:00:00+01:00;12.3;9.440537984
1900-08-23 00:00:00+01:00;11;10.41975697
1900-08-23 01:00:00+01:00;10.9;7.892712193
1900-08-23 02:00:00+01:00;11;7.926793198
1900-08-23 03:00:00+01:00;9.8;8.829433373
1900-08-23 04:00:00+01:00;9.8;9.231145231
1900-08-23 05:00:00+01:00;9.5;10.64896587
1900-08-23 06:00:00+01:00;10.4;15.50796241
1900-08-23 07:00:00+01:00;12.2;10.89658474
1900-08-23 08:00:00+01:00;14.3;10.39280145
1900-08-23 09:00:00+01:00;15.2;10.8572126
1900-08-23 10:00:00+01:00;16.6;9.988098192
1900-08-23 11:00:00+01:00;17.3;9.629672415
1900-08-23 12:00:00+01:00;19.6;9.408531578
1900-08-23 13:00:00+01:00;21;9.113448027
1900-08-23 14:00:00+01:00;20.6;9.433602499
1900-08-23 15:00:00+01:00;21;10.25685725
1900-08-23 16:00:00+01:00;20.1;10.67813988
1900-08-23 17:00:00+01:00;19.7;10.91258809
1900-08-23 18:00:00+01:00;18.6;11.11002771
1900-08-23 19:00:00+01:00;17.7;11.63547056
1900-08-23 20:00:00+01:00;15.3;11.75956797
1900-08-23 21:00:00+01:00;13.7;11.83041864
1900-08-23 22:00:00+01:00;12.1;11.01130686
1900-08-23 23:00:00+01:00;12.5;9.440537984
1900-08-24 00:00:00+01:00;11.4;8.236572116
1900-08-24 01:00:00+01:00;10.1;7.892712193
1900-08-24 02:00:00+01:00;9.2;7.938326044
1900-08-24 03:00:00+01:00;8.6;8.080786192
1900-08-24 04:00:00+01:00;8;8.930889455
1900-08-24 05:00:00+01:00;8.8;10.05348925
1900-08-24 06:00:00+01:00;10.5;13.82771481
1900-08-24 07:00:00+01:00;12.5;10.89658474
1900-08-24 08:00:00+01:00;14.8;10.39280145
1900-08-24 09:00:00+01:00;16.7;10.8572126
1900-08-24 10:00:00+01:00;18.6;9.988098192
1900-08-24 11:00:00+01:00;19.6;9.629672415
1900-08-24 12:00:00+01:00;20.9;9.408531578
1900-08-24 13:00:00+01:00;22.6;9.113448027
1900-08-24 14:00:00+01:00;22;9.433602499
1900-08-24 15:00:00+01:00;22.3;10.25685725
1900-08-24 16:00:00+01:00;22.2;10.67813988
1900-08-24 17:00:00+01:00;19.4;10.91258809
1900-08-24 18:00:00+01:00;17.7;11.11002771
1900-08-24 19:00:00+01:00;16.5;11.63547056
1900-08-24 20:00:00+01:00;15.8;11.75956797
1900-08-24 21:00:00+01:00;14.2;11.83041864
1900-08-24 22:00:00+01:00;13.2;11.01130686
1900-08-24 23:00:00+01:00;12.1;9.440537984
1900-08-25 00:00:00+01:00;11;9.867150252
1900-08-25 01:00:00+01:00;9.8;9.038620175
1900-08-25 02:00:00+01:00;9;9.017748774
1900-08-25 03:00:00+01:00;8.4;8.409421438
1900-08-25 04:00:00+01:00;8.9;8.035490158
1900-08-25 05:00:00+01:00;8.2;8.604025228
1900-08-25 06:00:00+01:00;9.7;9.121258358
1900-08-25 07:00:00+01:00;11.2;10.68439214
1900-08-25 08:00:00+01:00;12.6;13.31923428
1900-08-25 09:00:00+01:00;13.3;11.30486195
1900-08-25 10:00:00+01:00;14.2;11.02025344
1900-08-25 11:00:00+01:00;15.6;10.63595552
1900-08-25 12:00:00+01:00;15.9;10.43040253
1900-08-25 13:00:00+01:00;16.9;10.40875041
1900-08-25 14:00:00+01:00;17.5;10.22065588
1900-08-25 15:00:00+01:00;18.1;10.36384701
1900-08-25 16:00:00+01:00;19.2;10.6770558
1900-08-25 17:00:00+01:00;18.5;10.73973505
1900-08-25 18:00:00+01:00;17;11.08213334
1900-08-25 19:00:00+01:00;14;11.59940388
1900-08-25 20:00:00+01:00;12.6;16.11949274
1900-08-25 21:00:00+01:00;10.2;16.43815085
1900-08-25 22:00:00+01:00;9.6;15.02625501
1900-08-25 23:00:00+01:00;9.3;13.51097848
1900-08-26 00:00:00+01:00;9;12.2888159
1900-08-26 01:00:00+01:00;8.5;11.03801661
1900-08-26 02:00:00+01:00;7.9;10.86406139
1900-08-26 03:00:00+01:00;7;10.46975508
1900-08-26 04:00:00+01:00;7.6;10.16142824
1900-08-26 05:00:00+01:00;6.9;10.72532079
1900-08-26 06:00:00+01:00;9.4;11.26056215
1900-08-26 07:00:00+01:00;12.2;11.67403454
1900-08-26 08:00:00+01:00;13.6;10.21398798
1900-08-26 09:00:00+01:00;14.5;11.30486195
1900-08-26 10:00:00+01:00;16.7;11.02025344
1900-08-26 11:00:00+01:00;19.8;10.63595552
1900-08-26 12:00:00+01:00;19.6;10.43040253
1900-08-26 13:00:00+01:00;22.3;10.40875041
1900-08-26 14:00:00+01:00;22.5;10.22065588
1900-08-26 15:00:00+01:00;23;10.36384701
1900-08-26 16:00:00+01:00;22.7;10.6770558
1900-08-26 17:00:00+01:00;21.4;10.73973505
1900-08-26 18:00:00+01:00;20.3;11.08213334
1900-08-26 19:00:00+01:00;18.4;11.59940388
1900-08-26 20:00:00+01:00;16.8;10.83283516
1900-08-26 21:00:00+01:00;16.5;10.44160108
1900-08-26 22:00:00+01:00;16.1;9.8372503
1900-08-26 23:00:00+01:00;15.9;9.808890428
1900-08-27 00:00:00+01:00;15.4;8.236572116
1900-08-27 01:00:00+01:00;15.4;7.892712193
1900-08-27 02:00:00+01:00;15.4;7.926793198
1900-08-27 03:00:00+01:00;15.5;8.045130826
1900-08-27 04:00:00+01:00;15.6;7.77295885
1900-08-27 05:00:00+01:00;15.1;7.853115092
1900-08-27 06:00:00+01:00;14.6;9.89441829
1900-08-27 07:00:00+01:00;15.2;10.89658474
1900-08-27 08:00:00+01:00;15.3;10.39280145
1900-08-27 09:00:00+01:00;16.1;10.8572126
1900-08-27 10:00:00+01:00;17.6;9.988098192
1900-08-27 11:00:00+01:00;19.3;9.629672415
1900-08-27 12:00:00+01:00;20.9;9.408531578
1900-08-27 13:00:00+01:00;20.7;9.113448027
1900-08-27 14:00:00+01:00;20.8;9.433602499
1900-08-27 15:00:00+01:00;21.9;10.25685725
1900-08-27 16:00:00+01:00;21.3;10.67813988
1900-08-27 17:00:00+01:00;20.3;10.91258809
1900-08-27 18:00:00+01:00;19;11.11002771
1900-08-27 19:00:00+01:00;16.7;11.63547056
1900-08-27 20:00:00+01:00;15.8;11.75956797
1900-08-27 21:00:00+01:00;15.1;11.83041864
1900-08-27 22:00:00+01:00;13.2;11.01130686
1900-08-27 23:00:00+01:00;12.4;9.440537984
1900-08-28 00:00:00+01:00;12.2;8.236572116
1900-08-28 01:00:00+01:00;13.4;7.892712193
1900-08-28 02:00:00+01:00;13.6;7.926793198
1900-08-28 03:00:00+01:00;13.4;8.045130826
1900-08-28 04:00:00+01:00;13.3;7.77295885
1900-08-28 05:00:00+01:00;13.5;7.853115092
1900-08-28 06:00:00+01:00;13.7;9.89441829
1900-08-28 07:00:00+01:00;14;10.89658474
1900-08-28 08:00:00+01:00;14;10.39280145
1900-08-28 09:00:00+01:00;14.4;10.8572126
1900-08-28 10:00:00+01:00;15;9.988098192
1900-08-28 11:00:00+01:00;16.4;9.629672415
1900-08-28 12:00:00+01:00;16.4;9.408531578
1900-08-28 13:00:00+01:00;18.2;9.113448027
1900-08-28 14:00:00+01:00;19.5;9.433602499
1900-08-28 15:00:00+01:00;21.6;10.25685725
1900-08-28 16:00:00+01:00;20.4;10.67813988
1900-08-28 17:00:00+01:00;19;10.91258809
1900-08-28 18:00:00+01:00;17.3;11.11002771
1900-08-28 19:00:00+01:00;16.2;11.63547056
1900-08-28 20:00:00+01:00;15.8;11.75956797
1900-08-28 21:00:00+01:00;14.7;11.83041864
1900-08-28 22:00:00+01:00;14.8;11.01130686
1900-08-28 23:00:00+01:00;14.1;9.440537984
1900-08-29 00:00:00+01:00;14.6;8.236572116
1900-08-29 01:00:00+01:00;14.4;7.892712193
1900-08-29 02:00:00+01:00;14.6;7.926793198
1900-08-29 03:00:00+01:00;14.4;8.045130826
1900-08-29 04:00:00+01:00;14.3;7.77295885
1900-08-29 05:00:00+01:00;14.4;7.853115092
1900-08-29 06:00:00+01:00;14.8;9.89441829
1900-08-29 07:00:00+01:00;15;10.89658474
1900-08-29 08:00:00+01:00;16;10.39280145
1900-08-29 09:00:00+01:00;16.2;10.8572126
1900-08-29 10:00:00+01:00;18.8;9.988098192
1900-08-29 11:00:00+01:00;19.4;9.629672415
1900-08-29 12:00:00+01:00;20;9.408531578
1900-08-29 13:00:00+01:00;20.4;9.113448027
1900-08-29 14:00:00+01:00;20.5;9.433602499
1900-08-29 15:00:00+01:00;19.9;10.25685725
1900-08-29 16:00:00+01:00;20.6;10.67813988
1900-08-29 17:00:00+01:00;19.4;10.91258809
1900-08-29 18:00:00+01:00;17.7;11.11002771
1900-08-29 19:00:00+01:00;16.5;11.63547056
1900-08-29 20:00:00+01:00;15.6;11.75956797
1900-08-29 21:00:00+01:00;14.4;11.83041864
1900-08-29 22:00:00+01:00;14.2;11.01130686
1900-08-29 23:00:00+01:00;15;9.440537984
1900-08-30 00:00:00+01:00;14.7;8.236572116
1900-08-30 01:00:00+01:00;14.6;7.892712193
1900-08-30 02:00:00+01:00;15;7.926793198
1900-08-30 03:00:00+01:00;15.1;8.045130826
1900-08-30 04:00:00+01:00;14.7;7.77295885
1900-08-30 05:00:00+01:00;14.8;7.853115092
1900-08-30 06:00:00+01:00;15;9.89441829
1900-08-30 07:00:00+01:00;15.5;10.89658474
1900-08-30 08:00:00+01:00;15.6;10.39280145
1900-08-30 09:00:00+01:00;15.5;10.8572126
1900-08-30 10:00:00+01:00;14.9;9.988098192
1900-08-30 11:00:00+01:00;15;9.629672415
1900-08-30 12:00:00+01:00;14.6;9.408531578
1900-08-30 13:00:00+01:00;15.3;9.113448027
1900-08-30 14:00:00+01:00;15.7;9.433602499
1900-08-30 15:00:00+01:00;15.1;10.25685725
1900-08-30 16:00:00+01:00;15.3;10.67813988
1900-08-30 17:00:00+01:00;15.2;10.91258809
1900-08-30 18:00:00+01:00;15.2;11.11002771
1900-08-30 19:00:00+01:00;15;11.63547056
1900-08-30 20:00:00+01:00;14.8;11.75956797
1900-08-30 21:00:00+01:00;14.5;11.83041864
1900-08-30 22:00:00+01:00;14.3;11.01130686
1900-08-30 23:00:00+01:00;14.4;9.440537984
1900-08-31 00:00:00+01:00;14.4;8.236572116
1900-08-31 01:00:00+01:00;13.7;7.892712193
1900-08-31 02:00:00+01:00;14;7.926793198
1900-08-31 03:00:00+01:00;13.9;8.045130826
1900-08-31 04:00:00+01:00;14;7.77295885
1900-08-31 05:00:00+01:00;13.4;7.853115092
1900-08-31 06:00:00+01:00;13;9.89441829
1900-08-31 07:00:00+01:00;13.1;10.89658474
1900-08-31 08:00:00+01:00;13.4;10.39280145
1900-08-31 09:00:00+01:00;13.9;10.8572126
1900-08-31 10:00:00+01:00;14.6;9.988098192
1900-08-31 11:00:00+01:00;16.3;9.629672415
1900-08-31 12:00:00+01:00;16.3;9.408531578
1900-08-31 13:00:00+01:00;17;9.113448027
1900-08-31 14:00:00+01:00;17.1;9.433602499
1900-08-31 15:00:00+01:00;18.9;10.25685725
1900-08-31 16:00:00+01:00;20;10.67813988
1900-08-31 17:00:00+01:00;17;10.91258809
1900-08-31 18:00:00+01:00;16.9;11.11002771
1900-08-31 19:00:00+01:00;15.6;11.63547056
1900-08-31 20:00:00+01:00;14.8;11.75956797
1900-08-31 21:00:00+01:00;13.5;11.83041864
1900-08-31 22:00:00+01:00;11.9;13.94845552
1900-08-31 23:00:00+01:00;10.1;12.89256486
1900-09-01 00:00:00+01:00;9.3;11.53162277
1900-09-01 01:00:00+01:00;8.5;10.35992543
1900-09-01 02:00:00+01:00;7.7;10.48103755
1900-09-01 03:00:00+01:00;7.7;9.854719559
1900-09-01 04:00:00+01:00;8.4;9.638103107
1900-09-01 05:00:00+01:00;9;9.845017244
1900-09-01 06:00:00+01:00;9.6;10.95036545
1900-09-01 07:00:00+01:00;9.9;12.95444235
1900-09-01 08:00:00+01:00;9.9;17.10520053
1900-09-01 09:00:00+01:00;10.2;20.59058106
1900-09-01 10:00:00+01:00;12.4;20.3489181
1900-09-01 11:00:00+01:00;13.2;18.67311585
1900-09-01 12:00:00+01:00;15.3;11.37823586
1900-09-01 13:00:00+01:00;16.1;11.36162541
1900-09-01 14:00:00+01:00;17.2;11.08782255
1900-09-01 15:00:00+01:00;16.2;11.32680534
1900-09-01 16:00:00+01:00;16.9;11.7963058
1900-09-01 17:00:00+01:00;15.7;11.87915172
1900-09-01 18:00:00+01:00;15.2;12.61984167
1900-09-01 19:00:00+01:00;15.1;13.34382055
1900-09-01 20:00:00+01:00;14.7;12.5974185
1900-09-01 21:00:00+01:00;13.6;11.91376775
1900-09-01 22:00:00+01:00;11.1;15.3463804
1900-09-01 23:00:00+01:00;10.6;14.33020784
1900-09-02 00:00:00+01:00;9.2;13.27187277
1900-09-02 01:00:00+01:00;8.3;11.88808999
1900-09-02 02:00:00+01:00;8.4;11.36813077
1900-09-02 03:00:00+01:00;8;10.83993931
1900-09-02 04:00:00+01:00;7.3;10.91121136
1900-09-02 05:00:00+01:00;9.2;10.60457404
1900-09-02 06:00:00+01:00;10.5;11.63043958
1900-09-02 07:00:00+01:00;12.2;12.37995881
1900-09-02 08:00:00+01:00;15.5;11.10636298
1900-09-02 09:00:00+01:00;16.5;12.42411195
1900-09-02 10:00:00+01:00;18.2;12.00337844
1900-09-02 11:00:00+01:00;19.4;11.62916385
1900-09-02 12:00:00+01:00;19.6;11.37823586
1900-09-02 13:00:00+01:00;19.3;11.36162541
1900-09-02 14:00:00+01:00;21.6;11.08782255
1900-09-02 15:00:00+01:00;20;11.32680534
1900-09-02 16:00:00+01:00;20.8;11.7963058
1900-09-02 17:00:00+01:00;20.1;11.87915172
1900-09-02 18:00:00+01:00;18.3;12.61984167
1900-09-02 19:00:00+01:00;15.3;13.34382055
1900-09-02 20:00:00+01:00;14.4;12.5974185
1900-09-02 21:00:00+01:00;13.6;11.91376775
1900-09-02 22:00:00+01:00;12;13.82279554
1900-09-02 23:00:00+01:00;10.5;12.79006529
1900-09-03 00:00:00+01:00;9.5;10.26373951
1900-09-03 01:00:00+01:00;9.6;8.590523648
1900-09-03 02:00:00+01:00;8.5;8.64832352
1900-09-03 03:00:00+01:00;9;8.486235304
1900-09-03 04:00:00+01:00;7.5;9.555802846
1900-09-03 05:00:00+01:00;7.2;11.04921749
1900-09-03 06:00:00+01:00;7.5;15.80123785
1900-09-03 07:00:00+01:00;10.7;18.06392024
1900-09-03 08:00:00+01:00;14;11.12384312
1900-09-03 09:00:00+01:00;16.5;11.48237927
1900-09-03 10:00:00+01:00;17.2;10.48722319
1900-09-03 11:00:00+01:00;18.2;10.24475575
1900-09-03 12:00:00+01:00;18.6;10.00344824
1900-09-03 13:00:00+01:00;18.7;9.647864694
1900-09-03 14:00:00+01:00;22.1;9.942810832
1900-09-03 15:00:00+01:00;18.8;11.00806558
1900-09-03 16:00:00+01:00;19.5;11.64613988
1900-09-03 17:00:00+01:00;18.4;11.82512976
1900-09-03 18:00:00+01:00;17.1;12.25952771
1900-09-03 19:00:00+01:00;15;12.9765539
1900-09-03 20:00:00+01:00;13.8;13.1460263
1900-09-03 21:00:00+01:00;13.4;13.12612697
1900-09-03 22:00:00+01:00;13;11.94905686
1900-09-03 23:00:00+01:00;13.2;10.09091298
1900-09-04 00:00:00+01:00;9.1;10.65208781
1900-09-04 01:00:00+01:00;8;9.451944835
1900-09-04 02:00:00+01:00;7;9.501840236
1900-09-04 03:00:00+01:00;7.3;9.488070534
1900-09-04 04:00:00+01:00;5.7;10.6775402
1900-09-04 05:00:00+01:00;5.5;12.13444627
1900-09-04 06:00:00+01:00;6.6;16.60858203
1900-09-04 07:00:00+01:00;7.5;21.12613297
1900-09-04 08:00:00+01:00;9.4;17.54290908
1900-09-04 09:00:00+01:00;10.3;16.75162775
1900-09-04 10:00:00+01:00;10.8;15.89983391
1900-09-04 11:00:00+01:00;12.6;14.9506469
1900-09-04 12:00:00+01:00;13.3;10.00344824
1900-09-04 13:00:00+01:00;14.6;9.647864694
1900-09-04 14:00:00+01:00;16.3;9.942810832
1900-09-04 15:00:00+01:00;16.3;11.00806558
1900-09-04 16:00:00+01:00;16;11.64613988
1900-09-04 17:00:00+01:00;15.4;11.82512976
1900-09-04 18:00:00+01:00;14.9;12.25952771
1900-09-04 19:00:00+01:00;13.3;19.39050068
1900-09-04 20:00:00+01:00;13;13.1460263
1900-09-04 21:00:00+01:00;12.6;13.12612697
1900-09-04 22:00:00+01:00;11.2;17.10285184
1900-09-04 23:00:00+01:00;11;14.97121019
1900-09-05 00:00:00+01:00;10.7;11.73816554
1900-09-05 01:00:00+01:00;8.4;11.27726555
1900-09-05 02:00:00+01:00;8.9;10.81898843
1900-09-05 03:00:00+01:00;7.9;11.02899097
1900-09-05 04:00:00+01:00;8;11.42374693
1900-09-05 05:00:00+01:00;7.4;12.96322344
1900-09-05 06:00:00+01:00;9;17.9138724
1900-09-05 07:00:00+01:00;8.7;21.73099949
1900-09-05 08:00:00+01:00;11.8;16.80533058
1900-09-05 09:00:00+01:00;14.1;11.48237927
1900-09-05 10:00:00+01:00;15.4;10.48722319
1900-09-05 11:00:00+01:00;16.8;10.24475575
1900-09-05 12:00:00+01:00;16.5;10.00344824
1900-09-05 13:00:00+01:00;17;9.647864694
1900-09-05 14:00:00+01:00;17.4;9.942810832
1900-09-05 15:00:00+01:00;16.2;11.00806558
1900-09-05 16:00:00+01:00;17.7;11.64613988
1900-09-05 17:00:00+01:00;17.5;11.82512976
1900-09-05 18:00:00+01:00;15.6;12.25952771
1900-09-05 19:00:00+01:00;13.1;18.93315439
1900-09-05 20:00:00+01:00;10.3;20.97230064
1900-09-05 21:00:00+01:00;9.1;20.28701489
1900-09-05 22:00:00+01:00;9.3;17.925233
1900-09-05 23:00:00+01:00;9.9;15.24137867
1900-09-06 00:00:00+01:00;8.6;12.18926152
1900-09-06 01:00:00+01:00;6.3;11.12412282
1900-09-06 02:00:00+01:00;6.7;10.8305822
1900-09-06 03:00:00+01:00;5.8;11.13586031
1900-09-06 04:00:00+01:00;5.4;11.94508786
1900-09-06 05:00:00+01:00;4.7;13.6126827
1900-09-06 06:00:00+01:00;5.7;18.43793559
1900-09-06 07:00:00+01:00;10;21.05201506
1900-09-06 08:00:00+01:00;11.7;16.86951204
1900-09-06 09:00:00+01:00;13;11.48237927
1900-09-06 10:00:00+01:00;14.8;10.48722319
1900-09-06 11:00:00+01:00;15.5;10.24475575
1900-09-06 12:00:00+01:00;16;10.00344824
1900-09-06 13:00:00+01:00;16.1;9.647864694
1900-09-06 14:00:00+01:00;17.1;9.942810832
1900-09-06 15:00:00+01:00;17.5;11.00806558
1900-09-06 16:00:00+01:00;17.2;11.64613988
1900-09-06 17:00:00+01:00;16;11.82512976
1900-09-06 18:00:00+01:00;14.5;12.25952771
1900-09-06 19:00:00+01:00;13.5;19.27189973
1900-09-06 20:00:00+01:00;12.8;19.75968931
1900-09-06 21:00:00+01:00;12.4;18.73832837
1900-09-06 22:00:00+01:00;9.7;18.21389187
1900-09-06 23:00:00+01:00;9.5;15.79556499
1900-09-07 00:00:00+01:00;8;12.76688616
1900-09-07 01:00:00+01:00;8.3;10.94248177
1900-09-07 02:00:00+01:00;8.3;10.62488928
1900-09-07 03:00:00+01:00;8.8;10.3790039
1900-09-07 04:00:00+01:00;8.8;10.76602305
1900-09-07 05:00:00+01:00;9.8;11.7236034
1900-09-07 06:00:00+01:00;10.8;16.01472176
1900-09-07 07:00:00+01:00;12.6;11.62762641
1900-09-07 08:00:00+01:00;13.9;11.12384312
1900-09-07 09:00:00+01:00;15.3;11.48237927
1900-09-07 10:00:00+01:00;15.7;10.48722319
1900-09-07 11:00:00+01:00;17.8;10.24475575
1900-09-07 12:00:00+01:00;18;10.00344824
1900-09-07 13:00:00+01:00;19.6;9.647864694
1900-09-07 14:00:00+01:00;21.9;9.942810832
1900-09-07 15:00:00+01:00;24.2;11.00806558
1900-09-07 16:00:00+01:00;19.8;11.64613988
1900-09-07 17:00:00+01:00;18.8;11.82512976
1900-09-07 18:00:00+01:00;17;12.25952771
1900-09-07 19:00:00+01:00;15.4;12.9765539
1900-09-07 20:00:00+01:00;15.2;13.1460263
1900-09-07 21:00:00+01:00;12.8;13.12612697
1900-09-07 22:00:00+01:00;12.3;11.94905686
1900-09-07 23:00:00+01:00;10.7;13.73120255
1900-09-08 00:00:00+01:00;9.9;11.56657204
1900-09-08 01:00:00+01:00;9.6;10.04910947
1900-09-08 02:00:00+01:00;10.4;9.348045595
1900-09-08 03:00:00+01:00;11;8.287208079
1900-09-08 04:00:00+01:00;10.8;8.390849123
1900-09-08 05:00:00+01:00;11;8.047100616
1900-09-08 06:00:00+01:00;10.6;9.660234348
1900-09-08 07:00:00+01:00;10.9;11.66555723
1900-09-08 08:00:00+01:00;11.8;15.43830248
1900-09-08 09:00:00+01:00;12.7;18.68806118
1900-09-08 10:00:00+01:00;13.1;19.06725141
1900-09-08 11:00:00+01:00;14.4;11.62916385
1900-09-08 12:00:00+01:00;16.3;11.37823586
1900-09-08 13:00:00+01:00;18.6;11.36162541
1900-09-08 14:00:00+01:00;20;11.08782255
1900-09-08 15:00:00+01:00;21.1;11.32680534
1900-09-08 16:00:00+01:00;23.3;11.7963058
1900-09-08 17:00:00+01:00;22.7;11.87915172
1900-09-08 18:00:00+01:00;18.6;12.61984167
1900-09-08 19:00:00+01:00;15.6;13.34382055
1900-09-08 20:00:00+01:00;14.9;12.5974185
1900-09-08 21:00:00+01:00;14.6;11.91376775
1900-09-08 22:00:00+01:00;13.7;10.8657503
1900-09-08 23:00:00+01:00;12.9;10.46430709
1900-09-09 00:00:00+01:00;12.1;9.24776752
1900-09-09 01:00:00+01:00;11.4;8.567280055
1900-09-09 02:00:00+01:00;11.5;8.474266062
1900-09-09 03:00:00+01:00;11.5;8.287208079
1900-09-09 04:00:00+01:00;11.5;8.199615783
1900-09-09 05:00:00+01:00;11.2;8.047100616
1900-09-09 06:00:00+01:00;12.9;9.07747372
1900-09-09 07:00:00+01:00;15;9.851837622
1900-09-09 08:00:00+01:00;15.2;11.10636298
1900-09-09 09:00:00+01:00;16.2;12.42411195
1900-09-09 10:00:00+01:00;17;12.00337844
1900-09-09 11:00:00+01:00;18;11.62916385
1900-09-09 12:00:00+01:00;18.1;11.37823586
1900-09-09 13:00:00+01:00;19;11.36162541
1900-09-09 14:00:00+01:00;20.5;11.08782255
1900-09-09 15:00:00+01:00;20.4;11.32680534
1900-09-09 16:00:00+01:00;21;11.7963058
1900-09-09 17:00:00+01:00;20.2;11.87915172
1900-09-09 18:00:00+01:00;17.6;12.61984167
1900-09-09 19:00:00+01:00;16.6;13.34382055
1900-09-09 20:00:00+01:00;15.4;12.5974185
1900-09-09 21:00:00+01:00;15.3;11.91376775
1900-09-09 22:00:00+01:00;14.5;10.8657503
1900-09-09 23:00:00+01:00;12.2;10.46430709
1900-09-10 00:00:00+01:00;11.9;8.634863783
1900-09-10 01:00:00+01:00;10.6;8.225462193
1900-09-10 02:00:00+01:00;10;8.264584864
1900-09-10 03:00:00+01:00;11;8.398047493
1900-09-10 04:00:00+01:00;11.4;8.146042183
1900-09-10 05:00:00+01:00;11.6;8.226198425
1900-09-10 06:00:00+01:00;11.9;10.45404329
1900-09-10 07:00:00+01:00;13;11.62762641
1900-09-10 08:00:00+01:00;13;11.12384312
1900-09-10 09:00:00+01:00;13.8;11.48237927
1900-09-10 10:00:00+01:00;15.4;10.48722319
1900-09-10 11:00:00+01:00;16;10.24475575
1900-09-10 12:00:00+01:00;16.8;10.00344824
1900-09-10 13:00:00+01:00;16.8;9.647864694
1900-09-10 14:00:00+01:00;17.4;9.942810832
1900-09-10 15:00:00+01:00;16.7;11.00806558
1900-09-10 16:00:00+01:00;16.6;11.64613988
1900-09-10 17:00:00+01:00;15.5;11.82512976
1900-09-10 18:00:00+01:00;14.5;12.25952771
1900-09-10 19:00:00+01:00;13.5;18.25382829
1900-09-10 20:00:00+01:00;12.4;18.6419071
1900-09-10 21:00:00+01:00;11.9;17.8001014
1900-09-10 22:00:00+01:00;10.2;16.9799622
1900-09-10 23:00:00+01:00;9.1;14.79993788
1900-09-11 00:00:00+01:00;9.5;10.95059922
1900-09-11 01:00:00+01:00;9;9.573944097
1900-09-11 02:00:00+01:00;8.8;9.561975982
1900-09-11 03:00:00+01:00;9.4;9.426892497
1900-09-11 04:00:00+01:00;9.7;9.886659626
1900-09-11 05:00:00+01:00;9.7;11.3303598
1900-09-11 06:00:00+01:00;10;16.69644542
1900-09-11 07:00:00+01:00;10.7;18.9566395
1900-09-11 08:00:00+01:00;11.8;16.27045986
1900-09-11 09:00:00+01:00;13.8;11.48237927
1900-09-11 10:00:00+01:00;14.9;10.48722319
1900-09-11 11:00:00+01:00;17.4;10.24475575
1900-09-11 12:00:00+01:00;17.8;10.00344824
1900-09-11 13:00:00+01:00;19.7;9.647864694
1900-09-11 14:00:00+01:00;21.3;9.942810832
1900-09-11 15:00:00+01:00;19;11.00806558
1900-09-11 16:00:00+01:00;19.2;11.64613988
1900-09-11 17:00:00+01:00;18.4;11.82512976
1900-09-11 18:00:00+01:00;16.4;12.25952771
1900-09-11 19:00:00+01:00;15.3;12.9765539
1900-09-11 20:00:00+01:00;14.1;13.1460263
1900-09-11 21:00:00+01:00;11.7;17.89301865
1900-09-11 22:00:00+01:00;10.8;16.70017699
1900-09-11 23:00:00+01:00;11.4;13.353368
1900-09-12 00:00:00+01:00;11.7;8.634863783
1900-09-12 01:00:00+01:00;11.9;8.225462193
1900-09-12 02:00:00+01:00;12.2;8.264584864
1900-09-12 03:00:00+01:00;12.4;8.398047493
1900-09-12 04:00:00+01:00;12;8.146042183
1900-09-12 05:00:00+01:00;11.6;8.226198425
1900-09-12 06:00:00+01:00;11.8;10.45404329
1900-09-12 07:00:00+01:00;13;11.62762641
1900-09-12 08:00:00+01:00;12.9;11.12384312
1900-09-12 09:00:00+01:00;11.3;15.40033273
1900-09-12 10:00:00+01:00;11.5;13.80593794
1900-09-12 11:00:00+01:00;12;14.23227292
1900-09-12 12:00:00+01:00;13.4;10.00344824
1900-09-12 13:00:00+01:00;13.5;13.05078319
1900-09-12 14:00:00+01:00;13.6;13.79771343
1900-09-12 15:00:00+01:00;13.1;16.20645216
1900-09-12 16:00:00+01:00;11.1;19.15744844
1900-09-12 17:00:00+01:00;11.6;19.93634407
1900-09-12 18:00:00+01:00;9;21.91245971
1900-09-12 19:00:00+01:00;7.5;23.16531889
1900-09-12 20:00:00+01:00;6.5;23.08870783
1900-09-12 21:00:00+01:00;6.4;21.90093473
1900-09-12 22:00:00+01:00;6;19.75411949
1900-09-12 23:00:00+01:00;5.8;17.33699071
1900-09-13 00:00:00+01:00;5.6;14.16700433
1900-09-13 01:00:00+01:00;3.8;13.0646101
1900-09-13 02:00:00+01:00;3.5;13.12755198
1900-09-13 03:00:00+01:00;2.6;13.68267989
1900-09-13 04:00:00+01:00;2;14.76816704
1900-09-13 05:00:00+01:00;1.5;16.59951352
1900-09-13 06:00:00+01:00;2.8;21.71876639
1900-09-13 07:00:00+01:00;6.6;25.15115407
1900-09-13 08:00:00+01:00;8.6;21.30090757
1900-09-13 09:00:00+01:00;10.1;20.73144101
1900-09-13 10:00:00+01:00;12.2;10.48722319
1900-09-13 11:00:00+01:00;14.3;10.24475575
1900-09-13 12:00:00+01:00;14.3;10.00344824
1900-09-13 13:00:00+01:00;14.6;9.647864694
1900-09-13 14:00:00+01:00;12.5;16.95399228
1900-09-13 15:00:00+01:00;12.3;18.37453919
1900-09-13 16:00:00+01:00;12.9;19.94528835
1900-09-13 17:00:00+01:00;11.7;21.88572246
1900-09-13 18:00:00+01:00;9.4;23.60652644
1900-09-13 19:00:00+01:00;6.3;25.58906365
1900-09-13 20:00:00+01:00;5.7;25.56192334
1900-09-13 21:00:00+01:00;5.4;24.33325854
1900-09-13 22:00:00+01:00;5.8;21.7307561
1900-09-13 23:00:00+01:00;3.6;19.96407848
1900-09-14 00:00:00+01:00;4;16.49668388
1900-09-14 01:00:00+01:00;5.1;14.50557863
1900-09-14 02:00:00+01:00;4.8;14.24479923
1900-09-14 03:00:00+01:00;4.7;14.20121029
1900-09-14 04:00:00+01:00;1.7;15.60753089
1900-09-14 05:00:00+01:00;1.3;17.15789805
1900-09-14 06:00:00+01:00;4.9;21.62026035
1900-09-14 07:00:00+01:00;7.1;24.90767895
1900-09-14 08:00:00+01:00;10.2;20.6624308
1900-09-14 09:00:00+01:00;11.6;18.87872144
1900-09-14 10:00:00+01:00;12.5;10.48722319
1900-09-14 11:00:00+01:00;12.8;17.52249668
1900-09-14 12:00:00+01:00;13.9;10.00344824
1900-09-14 13:00:00+01:00;10.6;17.37695725
1900-09-14 14:00:00+01:00;12.9;16.76106395
1900-09-14 15:00:00+01:00;11.4;18.88333494
1900-09-14 16:00:00+01:00;11;21.10786667
1900-09-14 17:00:00+01:00;9.1;23.45358605
1900-09-14 18:00:00+01:00;7.7;24.69581484
1900-09-14 19:00:00+01:00;6;25.91284516
1900-09-14 20:00:00+01:00;4.6;26.20879879
1900-09-14 21:00:00+01:00;4.1;25.00410828
1900-09-14 22:00:00+01:00;3.1;22.89805869
1900-09-14 23:00:00+01:00;3.6;20.22101404
1900-09-15 00:00:00+01:00;4.2;17.82429355
1900-09-15 01:00:00+01:00;3.8;16.30029193
1900-09-15 02:00:00+01:00;4;15.71627951
1900-09-15 03:00:00+01:00;1;16.09898039
1900-09-15 04:00:00+01:00;0.7;16.00637738
1900-09-15 05:00:00+01:00;0.1;16.64097905
1900-09-15 06:00:00+01:00;2.4;17.30404736
1900-09-15 07:00:00+01:00;6;18.3325334
1900-09-15 08:00:00+01:00;7.4;21.79176688
1900-09-15 09:00:00+01:00;9.6;24.96954373
1900-09-15 10:00:00+01:00;11.2;24.79737714
1900-09-15 11:00:00+01:00;12.3;23.43219728
1900-09-15 12:00:00+01:00;13.4;19.86809121
1900-09-15 13:00:00+01:00;14.1;11.36162541
1900-09-15 14:00:00+01:00;13.8;11.08782255
1900-09-15 15:00:00+01:00;14;11.32680534
1900-09-15 16:00:00+01:00;14;11.7963058
1900-09-15 17:00:00+01:00;13.8;21.29777072
1900-09-15 18:00:00+01:00;10.4;23.54084955
1900-09-15 19:00:00+01:00;7.6;24.85441751
1900-09-15 20:00:00+01:00;5.3;25.23784238
1900-09-15 21:00:00+01:00;4.5;23.58404989
1900-09-15 22:00:00+01:00;4.2;21.16580814
1900-09-15 23:00:00+01:00;3.4;19.36293674
1900-09-16 00:00:00+01:00;3;18.075343
1900-09-16 01:00:00+01:00;2.5;16.62085287
1900-09-16 02:00:00+01:00;2.2;16.32777629
1900-09-16 03:00:00+01:00;-0.5;16.46575653
1900-09-16 04:00:00+01:00;-1.2;16.45820189
1900-09-16 05:00:00+01:00;2.3;15.84408015
1900-09-16 06:00:00+01:00;2.7;16.99847097
1900-09-16 07:00:00+01:00;4.4;18.65619511
1900-09-16 08:00:00+01:00;5.6;22.3175501
1900-09-16 09:00:00+01:00;6.7;25.73563988
1900-09-16 10:00:00+01:00;8.9;25.51009999
1900-09-16 11:00:00+01:00;10.9;24.01959734
1900-09-16 12:00:00+01:00;12.4;21.60842832
1900-09-16 13:00:00+01:00;14.3;11.36162541
1900-09-16 14:00:00+01:00;15.2;11.08782255
1900-09-16 15:00:00+01:00;14.6;11.32680534
1900-09-16 16:00:00+01:00;14.6;11.7963058
1900-09-16 17:00:00+01:00;13.7;21.49627322
1900-09-16 18:00:00+01:00;12.8;22.44062499
1900-09-16 19:00:00+01:00;11.8;22.99631522
1900-09-16 20:00:00+01:00;12;21.35366141
1900-09-16 21:00:00+01:00;10.6;21.42551155
1900-09-16 22:00:00+01:00;10.5;18.89069977
1900-09-16 23:00:00+01:00;9.9;17.18569402
1900-09-17 00:00:00+01:00;8.6;14.53362261
1900-09-17 01:00:00+01:00;8.9;12.85689387
1900-09-17 02:00:00+01:00;8.5;12.46880666
1900-09-17 03:00:00+01:00;7.6;12.42030064
1900-09-17 04:00:00+01:00;7.9;12.48853853
1900-09-17 05:00:00+01:00;7.6;13.87197172
1900-09-17 06:00:00+01:00;8.1;19.21290494
1900-09-17 07:00:00+01:00;9.4;22.16908119
1900-09-17 08:00:00+01:00;11;17.62609837
1900-09-17 09:00:00+01:00;11.3;18.13061982
1900-09-17 10:00:00+01:00;12.6;10.48722319
1900-09-17 11:00:00+01:00;12.3;15.94301695
1900-09-17 12:00:00+01:00;12;15.26702099
1900-09-17 13:00:00+01:00;12.1;15.10889092
1900-09-17 14:00:00+01:00;11.6;16.06421918
1900-09-17 15:00:00+01:00;12.1;17.56144984
1900-09-17 16:00:00+01:00;12.3;19.29725211
1900-09-17 17:00:00+01:00;12;20.59120239
1900-09-17 18:00:00+01:00;12.3;20.91405261
1900-09-17 19:00:00+01:00;12.5;20.10205922
1900-09-17 20:00:00+01:00;12.5;20.38287605
1900-09-17 21:00:00+01:00;12.2;19.3570165
1900-09-17 22:00:00+01:00;12.4;11.94905686
1900-09-17 23:00:00+01:00;12.1;10.09091298
1900-09-18 00:00:00+01:00;11.6;8.634863783
1900-09-18 01:00:00+01:00;11.5;8.225462193
1900-09-18 02:00:00+01:00;11.5;8.264584864
1900-09-18 03:00:00+01:00;11.2;8.398047493
1900-09-18 04:00:00+01:00;11.1;8.146042183
1900-09-18 05:00:00+01:00;10.3;11.56249635
1900-09-18 06:00:00+01:00;10.5;16.66622092
1900-09-18 07:00:00+01:00;11.4;19.18626081
1900-09-18 08:00:00+01:00;13;11.12384312
1900-09-18 09:00:00+01:00;13.6;11.48237927
1900-09-18 10:00:00+01:00;14.4;10.48722319
1900-09-18 11:00:00+01:00;14.7;10.24475575
1900-09-18 12:00:00+01:00;15.3;10.00344824
1900-09-18 13:00:00+01:00;14.4;9.647864694
1900-09-18 14:00:00+01:00;14.2;9.942810832
1900-09-18 15:00:00+01:00;15;11.00806558
1900-09-18 16:00:00+01:00;14.4;11.64613988
1900-09-18 17:00:00+01:00;14.8;11.82512976
1900-09-18 18:00:00+01:00;14;12.25952771
1900-09-18 19:00:00+01:00;12.1;19.36862062
1900-09-18 20:00:00+01:00;10.2;20.94304641
1900-09-18 21:00:00+01:00;9.5;20.06264243
1900-09-18 22:00:00+01:00;8.1;18.28894566
1900-09-18 23:00:00+01:00;8;15.82237924
1900-09-19 00:00:00+01:00;8.2;12.40068824
1900-09-19 01:00:00+01:00;9.8;10.10876712
1900-09-19 02:00:00+01:00;9.8;9.911972192
1900-09-19 03:00:00+01:00;10;8.398047493
1900-09-19 04:00:00+01:00;10;10.27183563
1900-09-19 05:00:00+01:00;10;11.46734564
1900-09-19 06:00:00+01:00;10.2;17.4918273
1900-09-19 07:00:00+01:00;11;19.32179609
1900-09-19 08:00:00+01:00;11.3;16.92448842
1900-09-19 09:00:00+01:00;13.3;11.48237927
1900-09-19 10:00:00+01:00;14.1;10.48722319
1900-09-19 11:00:00+01:00;15.2;10.24475575
1900-09-19 12:00:00+01:00;15.9;10.00344824
1900-09-19 13:00:00+01:00;16.7;9.647864694
1900-09-19 14:00:00+01:00;17.3;9.942810832
1900-09-19 15:00:00+01:00;16.9;11.00806558
1900-09-19 16:00:00+01:00;16;11.64613988
1900-09-19 17:00:00+01:00;15.8;11.82512976
1900-09-19 18:00:00+01:00;14.4;12.25952771
1900-09-19 19:00:00+01:00;15.9;12.9765539
1900-09-19 20:00:00+01:00;14.3;13.1460263
1900-09-19 21:00:00+01:00;13.5;13.12612697
1900-09-19 22:00:00+01:00;15;11.94905686
1900-09-19 23:00:00+01:00;12.1;10.09091298
1900-09-20 00:00:00+01:00;12.7;8.634863783
1900-09-20 01:00:00+01:00;12.5;8.225462193
1900-09-20 02:00:00+01:00;11.7;8.264584864
1900-09-20 03:00:00+01:00;11.5;8.398047493
1900-09-20 04:00:00+01:00;9.3;9.63932361
1900-09-20 05:00:00+01:00;8.7;11.23692126
1900-09-20 06:00:00+01:00;10.4;16.03949094
1900-09-20 07:00:00+01:00;11.5;18.12002429
1900-09-20 08:00:00+01:00;13.5;11.12384312
1900-09-20 09:00:00+01:00;14.8;11.48237927
1900-09-20 10:00:00+01:00;16;10.48722319
1900-09-20 11:00:00+01:00;16.9;10.24475575
1900-09-20 12:00:00+01:00;17.5;10.00344824
1900-09-20 13:00:00+01:00;17.7;9.647864694
1900-09-20 14:00:00+01:00;18;9.942810832
1900-09-20 15:00:00+01:00;18.3;11.00806558
1900-09-20 16:00:00+01:00;17.6;11.64613988
1900-09-20 17:00:00+01:00;16.4;11.82512976
1900-09-20 18:00:00+01:00;14.8;12.25952771
1900-09-20 19:00:00+01:00;15.1;12.9765539
1900-09-20 20:00:00+01:00;13.7;13.1460263
1900-09-20 21:00:00+01:00;12.9;13.12612697
1900-09-20 22:00:00+01:00;11.4;15.60560238
1900-09-20 23:00:00+01:00;10.3;14.13232087
1900-09-21 00:00:00+01:00;10.4;10.40933375
1900-09-21 01:00:00+01:00;10.9;8.225462193
1900-09-21 02:00:00+01:00;9.4;9.011215904
1900-09-21 03:00:00+01:00;8.4;9.418356766
1900-09-21 04:00:00+01:00;8.7;9.914559958
1900-09-21 05:00:00+01:00;9.4;11.05807779
1900-09-21 06:00:00+01:00;8.2;16.53754359
1900-09-21 07:00:00+01:00;9.8;20.08054122
1900-09-21 08:00:00+01:00;11.2;16.13475348
1900-09-21 09:00:00+01:00;13.2;11.48237927
1900-09-21 10:00:00+01:00;14.7;10.48722319
1900-09-21 11:00:00+01:00;14.8;10.24475575
1900-09-21 12:00:00+01:00;15;10.00344824
1900-09-21 13:00:00+01:00;15.1;9.647864694
1900-09-21 14:00:00+01:00;15.5;9.942810832
1900-09-21 15:00:00+01:00;15.8;11.00806558
1900-09-21 16:00:00+01:00;15.9;11.64613988
1900-09-21 17:00:00+01:00;15.9;11.82512976
1900-09-21 18:00:00+01:00;15.7;12.25952771
1900-09-21 19:00:00+01:00;15.5;12.9765539
1900-09-21 20:00:00+01:00;15.4;13.1460263
1900-09-21 21:00:00+01:00;15;13.12612697
1900-09-21 22:00:00+01:00;14;11.94905686
1900-09-21 23:00:00+01:00;12.2;10.09091298
1900-09-22 00:00:00+01:00;11;11.89684231
1900-09-22 01:00:00+01:00;12;8.567280055
1900-09-22 02:00:00+01:00;13.6;8.474266062
1900-09-22 03:00:00+01:00;13.5;8.287208079
1900-09-22 04:00:00+01:00;13;8.199615783
1900-09-22 05:00:00+01:00;13.4;8.047100616
1900-09-22 06:00:00+01:00;13.2;9.07747372
1900-09-22 07:00:00+01:00;12.5;9.851837622
1900-09-22 08:00:00+01:00;12.6;14.73228221
1900-09-22 09:00:00+01:00;14.2;12.42411195
1900-09-22 10:00:00+01:00;15.7;12.00337844
1900-09-22 11:00:00+01:00;16;11.62916385
1900-09-22 12:00:00+01:00;16.5;11.37823586
1900-09-22 13:00:00+01:00;16.6;11.36162541
1900-09-22 14:00:00+01:00;17.2;11.08782255
1900-09-22 15:00:00+01:00;16.7;11.32680534
1900-09-22 16:00:00+01:00;16.4;11.7963058
1900-09-22 17:00:00+01:00;15.6;11.87915172
1900-09-22 18:00:00+01:00;13.9;17.32925405
1900-09-22 19:00:00+01:00;14.1;13.34382055
1900-09-22 20:00:00+01:00;14;12.5974185
1900-09-22 21:00:00+01:00;13.6;11.91376775
1900-09-22 22:00:00+01:00;12.4;13.90486921
1900-09-22 23:00:00+01:00;12.7;10.46430709
1900-09-23 00:00:00+01:00;11.8;9.24776752
1900-09-23 01:00:00+01:00;10.9;9.751348717
1900-09-23 02:00:00+01:00;9.8;9.859621179
1900-09-23 03:00:00+01:00;9.8;9.292259748
1900-09-23 04:00:00+01:00;8.5;9.620662412
1900-09-23 05:00:00+01:00;8.9;9.886098328
1900-09-23 06:00:00+01:00;8.2;11.29021619
1900-09-23 07:00:00+01:00;9.7;13.06309076
1900-09-23 08:00:00+01:00;11.6;16.39806747
1900-09-23 09:00:00+01:00;12.4;19.77567712
1900-09-23 10:00:00+01:00;14.2;12.00337844
1900-09-23 11:00:00+01:00;13.8;11.62916385
1900-09-23 12:00:00+01:00;14.4;11.37823586
1900-09-23 13:00:00+01:00;14.2;11.36162541
1900-09-23 14:00:00+01:00;14;11.08782255
1900-09-23 15:00:00+01:00;13.9;17.42921495
1900-09-23 16:00:00+01:00;13.6;18.1101167
1900-09-23 17:00:00+01:00;12.9;19.43627135
1900-09-23 18:00:00+01:00;12.8;19.83486239
1900-09-23 19:00:00+01:00;12.8;19.81178186
1900-09-23 20:00:00+01:00;12.6;18.61971343
1900-09-23 21:00:00+01:00;12.6;17.10745232
1900-09-23 22:00:00+01:00;12.3;15.11834317
1900-09-23 23:00:00+01:00;12.6;10.46430709
1900-09-24 00:00:00+01:00;12.8;8.634863783
1900-09-24 01:00:00+01:00;12.7;8.225462193
1900-09-24 02:00:00+01:00;13.4;8.264584864
1900-09-24 03:00:00+01:00;13.1;8.398047493
1900-09-24 04:00:00+01:00;12.7;8.146042183
1900-09-24 05:00:00+01:00;12.6;8.226198425
1900-09-24 06:00:00+01:00;13;10.45404329
1900-09-24 07:00:00+01:00;13.1;11.62762641
1900-09-24 08:00:00+01:00;13.3;11.12384312
1900-09-24 09:00:00+01:00;13.4;11.48237927
1900-09-24 10:00:00+01:00;13.2;10.48722319
1900-09-24 11:00:00+01:00;13.3;10.24475575
1900-09-24 12:00:00+01:00;13.5;10.00344824
1900-09-24 13:00:00+01:00;14;9.647864694
1900-09-24 14:00:00+01:00;14;9.942810832
1900-09-24 15:00:00+01:00;13.7;15.89232385
1900-09-24 16:00:00+01:00;13.7;17.55530387
1900-09-24 17:00:00+01:00;13.3;18.73493741
1900-09-24 18:00:00+01:00;12;19.90934405
1900-09-24 19:00:00+01:00;10.4;21.10966608
1900-09-24 20:00:00+01:00;8.6;21.52667976
1900-09-24 21:00:00+01:00;8.4;20.43532106
1900-09-24 22:00:00+01:00;8;18.32400687
1900-09-24 23:00:00+01:00;8.5;15.6858845
1900-09-25 00:00:00+01:00;8.7;12.26270039
1900-09-25 01:00:00+01:00;9.6;10.20960764
1900-09-25 02:00:00+01:00;10;8.264584864
1900-09-25 03:00:00+01:00;10;8.398047493
1900-09-25 04:00:00+01:00;10.1;10.41050277
1900-09-25 05:00:00+01:00;10;11.69613233
1900-09-25 06:00:00+01:00;10.4;17.87629819
1900-09-25 07:00:00+01:00;11.4;19.44098961
1900-09-25 08:00:00+01:00;12.4;11.12384312
1900-09-25 09:00:00+01:00;13;11.48237927
1900-09-25 10:00:00+01:00;13.7;10.48722319
1900-09-25 11:00:00+01:00;15.6;10.24475575
1900-09-25 12:00:00+01:00;15;10.00344824
1900-09-25 13:00:00+01:00;14.7;9.647864694
1900-09-25 14:00:00+01:00;14.2;9.942810832
1900-09-25 15:00:00+01:00;14.2;11.00806558
1900-09-25 16:00:00+01:00;13;18.57699165
1900-09-25 17:00:00+01:00;12;20.20976217
1900-09-25 18:00:00+01:00;11.3;21.06095164
1900-09-25 19:00:00+01:00;12;19.98184682
1900-09-25 20:00:00+01:00;11.4;20.20573949
1900-09-25 21:00:00+01:00;11.6;18.96722338
1900-09-25 22:00:00+01:00;11.3;16.76026726
1900-09-25 23:00:00+01:00;10.7;15.30288284
1900-09-26 00:00:00+01:00;10;11.5189996
1900-09-26 01:00:00+01:00;9.8;10.15814529
1900-09-26 02:00:00+01:00;9.3;10.04820098
1900-09-26 03:00:00+01:00;9.2;10.27732819
1900-09-26 04:00:00+01:00;8.4;11.03145035
1900-09-26 05:00:00+01:00;7.6;12.74445299
1900-09-26 06:00:00+01:00;7.2;18.20802628
1900-09-26 07:00:00+01:00;8;22.20369485
1900-09-26 08:00:00+01:00;10;18.61155766
1900-09-26 09:00:00+01:00;11.2;17.83379346
1900-09-26 10:00:00+01:00;12.3;10.48722319
1900-09-26 11:00:00+01:00;13;10.24475575
1900-09-26 12:00:00+01:00;13.4;10.00344824
1900-09-26 13:00:00+01:00;13.3;14.52314175
1900-09-26 14:00:00+01:00;14.3;9.942810832
1900-09-26 15:00:00+01:00;14.3;11.00806558
1900-09-26 16:00:00+01:00;14.5;11.64613988
1900-09-26 17:00:00+01:00;12.7;19.95715006
1900-09-26 18:00:00+01:00;10;21.90375987
1900-09-26 19:00:00+01:00;6.8;24.01614026
1900-09-26 20:00:00+01:00;5.4;24.09789174
1900-09-26 21:00:00+01:00;6;22.63836892
1900-09-26 22:00:00+01:00;4.3;20.94517101
1900-09-26 23:00:00+01:00;4.4;18.44843565
1900-09-27 00:00:00+01:00;3.5;15.54011033
1900-09-27 01:00:00+01:00;3.3;13.93064275
1900-09-27 02:00:00+01:00;2.9;13.94296546
1900-09-27 03:00:00+01:00;3.7;13.91852672
1900-09-27 04:00:00+01:00;4.5;14.31516527
1900-09-27 05:00:00+01:00;5;15.66454247
1900-09-27 06:00:00+01:00;5.9;21.10524533
1900-09-27 07:00:00+01:00;6.1;25.20590962
1900-09-27 08:00:00+01:00;6.9;21.59226007
1900-09-27 09:00:00+01:00;7.8;21.13609053
1900-09-27 10:00:00+01:00;8.2;20.09177606
1900-09-27 11:00:00+01:00;8.9;19.23929757
1900-09-27 12:00:00+01:00;9.5;18.31312084
1900-09-27 13:00:00+01:00;10.2;17.81677837
1900-09-27 14:00:00+01:00;10.6;18.27835925
1900-09-27 15:00:00+01:00;10.5;19.64003385
1900-09-27 16:00:00+01:00;10.3;21.84407567
1900-09-27 17:00:00+01:00;9.2;23.80802074
1900-09-27 18:00:00+01:00;8.1;24.90615975
1900-09-27 19:00:00+01:00;6.2;26.23570791
1900-09-27 20:00:00+01:00;5.5;26.39408985
1900-09-27 21:00:00+01:00;5.4;25.0925899
1900-09-27 22:00:00+01:00;4.8;22.77306842
1900-09-27 23:00:00+01:00;5.2;20.22648803
1900-09-28 00:00:00+01:00;5.2;16.70963635
1900-09-28 01:00:00+01:00;5.1;15.15677269
1900-09-28 02:00:00+01:00;5.5;14.67189371
1900-09-28 03:00:00+01:00;6;14.44047769
1900-09-28 04:00:00+01:00;5.6;14.89291881
1900-09-28 05:00:00+01:00;6;16.2089885
1900-09-28 06:00:00+01:00;5;22.34106079
1900-09-28 07:00:00+01:00;5;26.58286127
1900-09-28 08:00:00+01:00;6.2;22.55260302
1900-09-28 09:00:00+01:00;7.3;22.04370273
1900-09-28 10:00:00+01:00;9.7;20.05665684
1900-09-28 11:00:00+01:00;10.1;19.1274903
1900-09-28 12:00:00+01:00;10.1;18.23409309
1900-09-28 13:00:00+01:00;11.1;17.505813
1900-09-28 14:00:00+01:00;11;18.09542988
1900-09-28 15:00:00+01:00;11.5;19.03988738
1900-09-28 16:00:00+01:00;11;21.30881822
1900-09-28 17:00:00+01:00;10;23.13013463
1900-09-28 18:00:00+01:00;9.6;23.79519424
1900-09-28 19:00:00+01:00;8.2;24.80590411
1900-09-28 20:00:00+01:00;7.5;25.10221525
1900-09-28 21:00:00+01:00;7.1;23.93314091
1900-09-28 22:00:00+01:00;7.4;21.30613339
1900-09-28 23:00:00+01:00;7.1;18.98401506
1900-09-29 00:00:00+01:00;6.5;16.965977
1900-09-29 01:00:00+01:00;6.9;15.0816493
1900-09-29 02:00:00+01:00;6.7;14.41118988
1900-09-29 03:00:00+01:00;6.6;13.95777159
1900-09-29 04:00:00+01:00;6.4;13.91979238
1900-09-29 05:00:00+01:00;6.1;14.197491
1900-09-29 06:00:00+01:00;6.2;15.68473258
1900-09-29 07:00:00+01:00;6.4;17.39700688
1900-09-29 08:00:00+01:00;6.5;21.35402312
1900-09-29 09:00:00+01:00;7;24.87150883
1900-09-29 10:00:00+01:00;7;25.51528399
1900-09-29 11:00:00+01:00;7;25.42121111
1900-09-29 12:00:00+01:00;7.4;24.12930485
1900-09-29 13:00:00+01:00;7.8;23.15989769
1900-09-29 14:00:00+01:00;7.9;22.68186827
1900-09-29 15:00:00+01:00;8;22.93019745
1900-09-29 16:00:00+01:00;7.2;23.98749582
1900-09-29 17:00:00+01:00;7;25.11434541
1900-09-29 18:00:00+01:00;7.4;25.29333626
1900-09-29 19:00:00+01:00;7.5;25.14818936
1900-09-29 20:00:00+01:00;7.4;24.71913707
1900-09-29 21:00:00+01:00;7.4;22.97085782
1900-09-29 22:00:00+01:00;7.7;20.39402529
1900-09-29 23:00:00+01:00;7.8;18.5776163
1900-09-30 00:00:00+01:00;7.8;17.20364666
1900-09-30 01:00:00+01:00;8.2;15.25616506
1900-09-30 02:00:00+01:00;8.5;14.24468079
1900-09-30 03:00:00+01:00;8.3;13.93746551
1900-09-30 04:00:00+01:00;9;13.6820262
1900-09-30 05:00:00+01:00;9;13.65546562
1900-09-30 06:00:00+01:00;9.3;15.4264546
1900-09-30 07:00:00+01:00;9.7;16.57199917
1900-09-30 08:00:00+01:00;10.4;19.91314657
1900-09-30 09:00:00+01:00;12.2;23.12693766
1900-09-30 10:00:00+01:00;14;12.00337844
1900-09-30 11:00:00+01:00;15;11.62916385
1900-09-30 12:00:00+01:00;15.8;11.37823586
1900-09-30 13:00:00+01:00;15.8;11.36162541
1900-09-30 14:00:00+01:00;16.1;11.08782255
1900-09-30 15:00:00+01:00;15.6;11.32680534
1900-09-30 16:00:00+01:00;14.6;11.7963058
1900-09-30 17:00:00+01:00;13.4;19.86553157
1900-09-30 18:00:00+01:00;13.2;19.20904554
1900-09-30 19:00:00+01:00;11.3;21.06099288
1900-09-30 20:00:00+01:00;11.1;20.58006235
1900-09-30 21:00:00+01:00;9.6;19.32890762
1900-09-30 22:00:00+01:00;9;17.24859761
1900-09-30 23:00:00+01:00;9;15.23809064
1900-10-01 00:00:00+01:00;9.5;11.89244698
1900-10-01 01:00:00+01:00;9.4;10.47937346
1900-10-01 02:00:00+01:00;9.4;10.21364968
1900-10-01 03:00:00+01:00;9.7;10.11078174
1900-10-01 04:00:00+01:00;9.6;10.7320731
1900-10-01 05:00:00+01:00;9.3;12.22977586
1900-10-01 06:00:00+01:00;9.5;17.71080181
1900-10-01 07:00:00+01:00;9.8;21.11439626
1900-10-01 08:00:00+01:00;9.9;18.41007498
1900-10-01 09:00:00+01:00;10.3;17.80173817
1900-10-01 10:00:00+01:00;11.1;16.61288443
1900-10-01 11:00:00+01:00;11.6;16.02590119
1900-10-01 12:00:00+01:00;11.8;15.27861029
1900-10-01 13:00:00+01:00;11.9;15.15874235
1900-10-01 14:00:00+01:00;12.3;15.6606015
1900-10-01 15:00:00+01:00;12.4;17.37931682
1900-10-01 16:00:00+01:00;12.9;18.9245821
1900-10-01 17:00:00+01:00;12.8;20.09655718
1900-10-01 18:00:00+01:00;10.5;21.86294072
1900-10-01 19:00:00+01:00;10;22.45437866
1900-10-01 20:00:00+01:00;9;22.80610296
1900-10-01 21:00:00+01:00;9;21.60331588
1900-10-01 22:00:00+01:00;8.5;19.39078613
1900-10-01 23:00:00+01:00;7.6;17.21843952
1900-10-02 00:00:00+01:00;6.5;14.16753367
1900-10-02 01:00:00+01:00;7.5;12.28923916
1900-10-02 02:00:00+01:00;6.4;12.36818885
1900-10-02 03:00:00+01:00;6.3;12.47802671
1900-10-02 04:00:00+01:00;6.7;12.91214195
1900-10-02 05:00:00+01:00;7;14.31093008
1900-10-02 06:00:00+01:00;8;19.8021028
1900-10-02 07:00:00+01:00;8.2;23.39944413
1900-10-02 08:00:00+01:00;9.4;20.02151342
1900-10-02 09:00:00+01:00;9.8;19.58391995
1900-10-02 10:00:00+01:00;10.5;18.22562933
1900-10-02 11:00:00+01:00;11;17.44208963
1900-10-02 12:00:00+01:00;11.4;16.44369319
1900-10-02 13:00:00+01:00;12;15.96699938
1900-10-02 14:00:00+01:00;12.5;16.27606303
1900-10-02 15:00:00+01:00;12.2;17.94919287
1900-10-02 16:00:00+01:00;11.8;20.07191283
1900-10-02 17:00:00+01:00;10.6;21.94344828
1900-10-02 18:00:00+01:00;9.3;23.12830591
1900-10-02 19:00:00+01:00;7.3;24.55073955
1900-10-02 20:00:00+01:00;7;24.43009365
1900-10-02 21:00:00+01:00;6.6;23.32408572
1900-10-02 22:00:00+01:00;6.6;20.92715263
1900-10-02 23:00:00+01:00;7;18.37498849
1900-10-03 00:00:00+01:00;6.5;15.04107787
1900-10-03 01:00:00+01:00;7;13.34974606
1900-10-03 02:00:00+01:00;7.1;13.00704891
1900-10-03 03:00:00+01:00;7.2;12.91606385
1900-10-03 04:00:00+01:00;8.1;12.9888497
1900-10-03 05:00:00+01:00;8.7;14.21194058
1900-10-03 06:00:00+01:00;8.9;20.11159362
1900-10-03 07:00:00+01:00;9.4;23.07712318
1900-10-03 08:00:00+01:00;9.6;20.2195017
1900-10-03 09:00:00+01:00;9.8;19.86917383
1900-10-03 10:00:00+01:00;9.8;18.74188644
1900-10-03 11:00:00+01:00;9.9;18.10419573
1900-10-03 12:00:00+01:00;10.2;17.2501556
1900-10-03 13:00:00+01:00;10.7;16.83757594
1900-10-03 14:00:00+01:00;11.4;17.11458379
1900-10-03 15:00:00+01:00;12.5;17.96064716
1900-10-03 16:00:00+01:00;12.2;20.02122799
1900-10-03 17:00:00+01:00;10.9;21.94096349
1900-10-03 18:00:00+01:00;10;22.8845902
1900-10-03 19:00:00+01:00;9.2;23.57563806
1900-10-03 20:00:00+01:00;8.7;23.7348168
1900-10-03 21:00:00+01:00;7.1;23.04297881
1900-10-03 22:00:00+01:00;6.4;20.84108469
1900-10-03 23:00:00+01:00;5.6;18.61995925
1900-10-04 00:00:00+01:00;4.8;15.48708238
1900-10-04 01:00:00+01:00;4.4;13.94771938
1900-10-04 02:00:00+01:00;4.5;13.71406535
1900-10-04 03:00:00+01:00;4.2;13.88424255
1900-10-04 04:00:00+01:00;4.3;14.46770225
1900-10-04 05:00:00+01:00;4.8;15.85342689
1900-10-04 06:00:00+01:00;4.3;21.65392389
1900-10-04 07:00:00+01:00;4.9;26.09985942
1900-10-04 08:00:00+01:00;7.5;21.66838809
1900-10-04 09:00:00+01:00;10.6;20.57614672
1900-10-04 10:00:00+01:00;12.1;10.48722319
1900-10-04 11:00:00+01:00;13.5;10.24475575
1900-10-04 12:00:00+01:00;15.4;10.00344824
1900-10-04 13:00:00+01:00;16.2;9.647864694
1900-10-04 14:00:00+01:00;13;16.39086547
1900-10-04 15:00:00+01:00;12.2;18.21241589
1900-10-04 16:00:00+01:00;11;20.83355187
1900-10-04 17:00:00+01:00;10;22.60471942
1900-10-04 18:00:00+01:00;9.7;23.23692087
1900-10-04 19:00:00+01:00;8.6;24.13682721
1900-10-04 20:00:00+01:00;7.4;24.62762354
1900-10-04 21:00:00+01:00;7.2;23.41721622
1900-10-04 22:00:00+01:00;6.7;21.12513737
1900-10-04 23:00:00+01:00;6.2;18.81915537
1900-10-05 00:00:00+01:00;5.8;15.45054199
1900-10-05 01:00:00+01:00;4.8;14.07581031
1900-10-05 02:00:00+01:00;3.4;14.17095193
1900-10-05 03:00:00+01:00;2.4;14.51026993
1900-10-05 04:00:00+01:00;2.4;15.14501544
1900-10-05 05:00:00+01:00;1.9;16.79773016
1900-10-05 06:00:00+01:00;3.6;21.70783159
1900-10-05 07:00:00+01:00;4.8;25.98062137
1900-10-05 08:00:00+01:00;5.5;22.10777418
1900-10-05 09:00:00+01:00;7;21.4541508
1900-10-05 10:00:00+01:00;7.7;20.38424541
1900-10-05 11:00:00+01:00;8.5;19.50930711
1900-10-05 12:00:00+01:00;9.2;18.61155488
1900-10-05 13:00:00+01:00;9.6;18.32570291
1900-10-05 14:00:00+01:00;8.8;19.43850625
1900-10-05 15:00:00+01:00;8.9;20.66851122
1900-10-05 16:00:00+01:00;8.9;22.78062289
1900-10-05 17:00:00+01:00;6.1;25.67919445
1900-10-05 18:00:00+01:00;5;26.78615001
1900-10-05 19:00:00+01:00;3.4;28.04587515
1900-10-05 20:00:00+01:00;2.6;28.04665212
1900-10-05 21:00:00+01:00;2.5;26.71480097
1900-10-05 22:00:00+01:00;1.4;24.64941217
1900-10-05 23:00:00+01:00;1;22.40734618
1900-10-06 00:00:00+01:00;0.5;20.43547099
1900-10-06 01:00:00+01:00;0.5;18.90604374
1900-10-06 02:00:00+01:00;0.1;18.61485694
1900-10-06 03:00:00+01:00;-1;18.39805108
1900-10-06 04:00:00+01:00;-0.3;18.1108065
1900-10-06 05:00:00+01:00;0.1;18.4179413
1900-10-06 06:00:00+01:00;0.2;19.92358672
1900-10-06 07:00:00+01:00;0.4;22.08469471
1900-10-06 08:00:00+01:00;1.6;25.89693101
1900-10-06 09:00:00+01:00;3.8;28.97421447
1900-10-06 10:00:00+01:00;5;29.19426775
1900-10-06 11:00:00+01:00;6.4;28.18485082
1900-10-06 12:00:00+01:00;7.3;26.0888164
1900-10-06 13:00:00+01:00;8.5;24.85385048
1900-10-06 14:00:00+01:00;8.5;23.93378816
1900-10-06 15:00:00+01:00;8;24.56189881
1900-10-06 16:00:00+01:00;8.1;25.17240793
1900-10-06 17:00:00+01:00;6.3;27.32426954
1900-10-06 18:00:00+01:00;3.5;29.28121387
1900-10-06 19:00:00+01:00;2.2;29.76510841
1900-10-06 20:00:00+01:00;0.9;29.69428527
1900-10-06 21:00:00+01:00;1.2;27.6229192
1900-10-06 22:00:00+01:00;-1;25.6306682
1900-10-06 23:00:00+01:00;-1.2;23.71879869
1900-10-07 00:00:00+01:00;-2.5;22.71347399
1900-10-07 01:00:00+01:00;-2.1;21.0351615
1900-10-07 02:00:00+01:00;-4.3;21.39703809
1900-10-07 03:00:00+01:00;-4.6;20.85030034
1900-10-07 04:00:00+01:00;-5.3;20.94927894
1900-10-07 05:00:00+01:00;-6.3;21.96099697
1900-10-07 06:00:00+01:00;-6.8;23.35595621
1900-10-07 07:00:00+01:00;-3;24.89666758
1900-10-07 08:00:00+01:00;2;27.1665849
1900-10-07 09:00:00+01:00;4;30.45475391
1900-10-07 10:00:00+01:00;5.9;30.23789787
1900-10-07 11:00:00+01:00;7.6;28.68308026
1900-10-07 12:00:00+01:00;8.7;26.06831451
1900-10-07 13:00:00+01:00;9;25.44699734
1900-10-07 14:00:00+01:00;9.4;24.05984379
1900-10-07 15:00:00+01:00;9.3;24.45181443
1900-10-07 16:00:00+01:00;8.8;25.45161371
1900-10-07 17:00:00+01:00;7.6;27.34235527
1900-10-07 18:00:00+01:00;7.1;28.06943904
1900-10-07 19:00:00+01:00;7.2;28.01333716
1900-10-07 20:00:00+01:00;5.7;28.32593253
1900-10-07 21:00:00+01:00;6;26.43881838
1900-10-07 22:00:00+01:00;5.1;23.84605883
1900-10-07 23:00:00+01:00;4.1;22.29401311
1900-10-08 00:00:00+01:00;4.1;19.28810816
1900-10-08 01:00:00+01:00;3.3;17.99102928
1900-10-08 02:00:00+01:00;0.6;18.19184827
1900-10-08 03:00:00+01:00;-1.2;18.59232992
1900-10-08 04:00:00+01:00;-1.5;19.10008027
1900-10-08 05:00:00+01:00;-3.1;20.97102424
1900-10-08 06:00:00+01:00;-3.9;26.25353992
1900-10-08 07:00:00+01:00;-2;31.93614508
1900-10-08 08:00:00+01:00;3.2;25.21964836
1900-10-08 09:00:00+01:00;5.3;24.54567468
1900-10-08 10:00:00+01:00;6.5;23.02343613
1900-10-08 11:00:00+01:00;8.4;21.38532747
1900-10-08 12:00:00+01:00;9.3;20.04420558
1900-10-08 13:00:00+01:00;10;19.40464879
1900-10-08 14:00:00+01:00;10.4;19.6846867
1900-10-08 15:00:00+01:00;10;20.75971951
1900-10-08 16:00:00+01:00;10;22.89641614
1900-10-08 17:00:00+01:00;8.6;25.08632754
1900-10-08 18:00:00+01:00;4.6;27.76201477
1900-10-08 19:00:00+01:00;3;29.00286499
1900-10-08 20:00:00+01:00;1.8;29.30714071
1900-10-08 21:00:00+01:00;1;28.19688354
1900-10-08 22:00:00+01:00;0;26.04518159
1900-10-08 23:00:00+01:00;-0.3;23.7834147
1900-10-09 00:00:00+01:00;-0.6;20.67254838
1900-10-09 01:00:00+01:00;-0.7;19.13220836
1900-10-09 02:00:00+01:00;-1.7;19.13080606
1900-10-09 03:00:00+01:00;-2.3;19.37025892
1900-10-09 04:00:00+01:00;-3.5;20.32677863
1900-10-09 05:00:00+01:00;-2.5;21.47483456
1900-10-09 06:00:00+01:00;-3.4;27.14271992
1900-10-09 07:00:00+01:00;-2.8;33.14567813
1900-10-09 08:00:00+01:00;2.1;26.4124313
1900-10-09 09:00:00+01:00;5.4;25.5540684
1900-10-09 10:00:00+01:00;6.6;23.90797544
1900-10-09 11:00:00+01:00;8.4;22.24064862
1900-10-09 12:00:00+01:00;9.1;20.91664909
1900-10-09 13:00:00+01:00;10.2;20.07781601
1900-10-09 14:00:00+01:00;10.8;20.20568386
1900-10-09 15:00:00+01:00;10.4;21.05167783
1900-10-09 16:00:00+01:00;9.9;23.56138244
1900-10-09 17:00:00+01:00;8.4;25.93126613
1900-10-09 18:00:00+01:00;4.9;28.30222051
1900-10-09 19:00:00+01:00;3.9;29.12367018
1900-10-09 20:00:00+01:00;2.8;29.5871028
1900-10-09 21:00:00+01:00;1.4;28.60357701
1900-10-09 22:00:00+01:00;0.6;26.23148827
1900-10-09 23:00:00+01:00;-0.1;24.02292602
1900-10-10 00:00:00+01:00;0.1;20.59197892
1900-10-10 01:00:00+01:00;1.2;18.64819592
1900-10-10 02:00:00+01:00;0.4;18.4597849
1900-10-10 03:00:00+01:00;1.7;18.01081703
1900-10-10 04:00:00+01:00;-0.5;18.99024353
1900-10-10 05:00:00+01:00;0.2;20.18418393
1900-10-10 06:00:00+01:00;0.7;25.72970699
1900-10-10 07:00:00+01:00;1.2;30.43479368
1900-10-10 08:00:00+01:00;3.3;25.29706596
1900-10-10 09:00:00+01:00;5.8;24.56905589
1900-10-10 10:00:00+01:00;6.7;23.09692678
1900-10-10 11:00:00+01:00;7;22.10967303
1900-10-10 12:00:00+01:00;7.7;21.0221171
1900-10-10 13:00:00+01:00;8.4;20.42807997
1900-10-10 14:00:00+01:00;8.2;21.15374992
1900-10-10 15:00:00+01:00;8.2;22.01546518
1900-10-10 16:00:00+01:00;7.6;24.62951393
1900-10-10 17:00:00+01:00;6.8;26.54472575
1900-10-10 18:00:00+01:00;6;27.42429914
1900-10-10 19:00:00+01:00;5.7;27.85277794
1900-10-10 20:00:00+01:00;5.6;28.05624817
1900-10-10 21:00:00+01:00;5.6;26.6363104
1900-10-10 22:00:00+01:00;5.3;24.06297678
1900-10-10 23:00:00+01:00;5.2;21.70523418
1900-10-11 00:00:00+01:00;5;18.11251022
1900-10-11 01:00:00+01:00;4.2;16.84351301
1900-10-11 02:00:00+01:00;3.6;16.57474269
1900-10-11 03:00:00+01:00;3.4;16.55778016
1900-10-11 04:00:00+01:00;3.6;16.75396354
1900-10-11 05:00:00+01:00;3.7;18.11354341
1900-10-11 06:00:00+01:00;4;23.91320581
1900-10-11 07:00:00+01:00;3.9;28.12665196
1900-10-11 08:00:00+01:00;4.2;24.09508941
1900-10-11 09:00:00+01:00;4.6;23.85340894
1900-10-11 10:00:00+01:00;5;22.88239037
1900-10-11 11:00:00+01:00;5.1;22.07494895
1900-10-11 12:00:00+01:00;5.2;21.56753504
1900-10-11 13:00:00+01:00;5.4;21.24644213
1900-10-11 14:00:00+01:00;5.6;21.94783205
1900-10-11 15:00:00+01:00;5.4;23.17500011
1900-10-11 16:00:00+01:00;5.8;25.21324805
1900-10-11 17:00:00+01:00;5.9;26.50169538
1900-10-11 18:00:00+01:00;5.8;27.00337993
1900-10-11 19:00:00+01:00;5.8;27.30402408
1900-10-11 20:00:00+01:00;6;27.31278248
1900-10-11 21:00:00+01:00;6.7;25.74543942
1900-10-11 22:00:00+01:00;7.5;22.90487303
1900-10-11 23:00:00+01:00;7.5;20.66024807
1900-10-12 00:00:00+01:00;7.8;16.88774545
1900-10-12 01:00:00+01:00;7.7;15.59010219
1900-10-12 02:00:00+01:00;7.9;15.07697532
1900-10-12 03:00:00+01:00;7.4;15.00986164
1900-10-12 04:00:00+01:00;7.7;15.03044686
1900-10-12 05:00:00+01:00;7.7;16.42516087
1900-10-12 06:00:00+01:00;8;22.61877472
1900-10-12 07:00:00+01:00;7.8;25.64388287
1900-10-12 08:00:00+01:00;8;22.34675932
1900-10-12 09:00:00+01:00;8.1;22.10807074
1900-10-12 10:00:00+01:00;8;20.89360517
1900-10-12 11:00:00+01:00;8.4;19.90410075
1900-10-12 12:00:00+01:00;9;18.8023966
1900-10-12 13:00:00+01:00;9.2;18.38476272
1900-10-12 14:00:00+01:00;9.1;19.00584006
1900-10-12 15:00:00+01:00;9.5;20.04241488
1900-10-12 16:00:00+01:00;9.4;22.06497175
1900-10-12 17:00:00+01:00;9.3;23.27803765
1900-10-12 18:00:00+01:00;9.1;23.78418869
1900-10-12 19:00:00+01:00;9.1;24.02074327
1900-10-12 20:00:00+01:00;8.9;24.14053752
1900-10-12 21:00:00+01:00;9;22.85005588
1900-10-12 22:00:00+01:00;8.2;20.66367872
1900-10-12 23:00:00+01:00;5.9;18.99289301
1900-10-13 00:00:00+01:00;5;17.09060617
1900-10-13 01:00:00+01:00;4.7;15.59264957
1900-10-13 02:00:00+01:00;4.8;15.09083657
1900-10-13 03:00:00+01:00;7;13.90535006
1900-10-13 04:00:00+01:00;6.8;13.92846301
1900-10-13 05:00:00+01:00;7.4;13.91996078
1900-10-13 06:00:00+01:00;7.6;15.60452466
1900-10-13 07:00:00+01:00;8;17.07608649
1900-10-13 08:00:00+01:00;9;20.50679085
1900-10-13 09:00:00+01:00;11.6;23.40962026
1900-10-13 10:00:00+01:00;12.7;23.20377767
1900-10-13 11:00:00+01:00;13.4;11.62916385
1900-10-13 12:00:00+01:00;14.3;11.37823586
1900-10-13 13:00:00+01:00;14;11.36162541
1900-10-13 14:00:00+01:00;15.9;11.08782255
1900-10-13 15:00:00+01:00;13.9;18.66049881
1900-10-13 16:00:00+01:00;13.4;19.43001282
1900-10-13 17:00:00+01:00;12.6;20.81634249
1900-10-13 18:00:00+01:00;12.8;21.03423879
1900-10-13 19:00:00+01:00;12;21.39822786
1900-10-13 20:00:00+01:00;11.7;21.12117192
1900-10-13 21:00:00+01:00;11.4;19.56956603
1900-10-13 22:00:00+01:00;11.2;16.37527318
1900-10-13 23:00:00+01:00;11.3;14.66595945
1900-10-14 00:00:00+01:00;11;13.2340296
1900-10-14 01:00:00+01:00;10.8;11.58216911
1900-10-14 02:00:00+01:00;10.5;10.95248954
1900-10-14 03:00:00+01:00;9.4;11.01838142
1900-10-14 04:00:00+01:00;8;11.26813055
1900-10-14 05:00:00+01:00;8.3;11.37245022
1900-10-14 06:00:00+01:00;10.2;12.23460522
1900-10-14 07:00:00+01:00;9.7;14.0691606
1900-10-14 08:00:00+01:00;10;17.89729754
1900-10-14 09:00:00+01:00;11.2;21.11899607
1900-10-14 10:00:00+01:00;11.4;21.53630461
1900-10-14 11:00:00+01:00;13.9;11.62916385
1900-10-14 12:00:00+01:00;15.6;11.37823586
1900-10-14 13:00:00+01:00;16.8;11.36162541
1900-10-14 14:00:00+01:00;17.2;11.08782255
1900-10-14 15:00:00+01:00;15.1;11.32680534
1900-10-14 16:00:00+01:00;11.7;19.42583741
1900-10-14 17:00:00+01:00;11.9;20.19068633
1900-10-14 18:00:00+01:00;11.8;20.57552689
1900-10-14 19:00:00+01:00;10.6;21.08233791
1900-10-14 20:00:00+01:00;10;20.80373474
1900-10-14 21:00:00+01:00;10;19.082127
1900-10-14 22:00:00+01:00;9.6;17.02784293
1900-10-14 23:00:00+01:00;8.6;15.41354891
1900-10-15 00:00:00+01:00;7.3;13.26054731
1900-10-15 01:00:00+01:00;8.4;11.35093003
1900-10-15 02:00:00+01:00;8;11.24581205
1900-10-15 03:00:00+01:00;7.3;11.46421949
1900-10-15 04:00:00+01:00;6.8;12.14602178
1900-10-15 05:00:00+01:00;6.4;13.7283293
1900-10-15 06:00:00+01:00;6;19.24116978
1900-10-15 07:00:00+01:00;6;23.86683203
1900-10-15 08:00:00+01:00;6.2;20.45428508
1900-10-15 09:00:00+01:00;6.3;20.00329783
1900-10-15 10:00:00+01:00;6.7;19.33415286
1900-10-15 11:00:00+01:00;7;18.83800728
1900-10-15 12:00:00+01:00;7;18.61289658
1900-10-15 13:00:00+01:00;7.4;18.41202131
1900-10-15 14:00:00+01:00;7.6;19.27936824
1900-10-15 15:00:00+01:00;7.4;21.00955609
1900-10-15 16:00:00+01:00;7.4;23.11901242
1900-10-15 17:00:00+01:00;7.2;24.47714795
1900-10-15 18:00:00+01:00;7;25.10652123
1900-10-15 19:00:00+01:00;7;25.47721881
1900-10-15 20:00:00+01:00;6.9;25.50034496
1900-10-15 21:00:00+01:00;6.8;24.3290914
1900-10-15 22:00:00+01:00;6.5;22.02579588
1900-10-15 23:00:00+01:00;6;19.88345535
1900-10-16 00:00:00+01:00;6;16.41834078
1900-10-16 01:00:00+01:00;6;15.01698661
1900-10-16 02:00:00+01:00;6;14.76063706
1900-10-16 03:00:00+01:00;6.2;14.69520044
1900-10-16 04:00:00+01:00;6.3;15.00131509
1900-10-16 05:00:00+01:00;6.2;16.51729909
1900-10-16 06:00:00+01:00;6.2;22.57928293
1900-10-16 07:00:00+01:00;6.1;26.33822705
1900-10-16 08:00:00+01:00;6.3;22.80532996
1900-10-16 09:00:00+01:00;6.2;22.64678064
1900-10-16 10:00:00+01:00;6.9;21.42253049
1900-10-16 11:00:00+01:00;8.4;20.05621326
1900-10-16 12:00:00+01:00;8.8;19.07733204
1900-10-16 13:00:00+01:00;8.9;18.74938908
1900-10-16 14:00:00+01:00;8.7;19.47074
1900-10-16 15:00:00+01:00;8.6;20.75733236
1900-10-16 16:00:00+01:00;8.9;22.63549122
1900-10-16 17:00:00+01:00;9.2;23.69209283
1900-10-16 18:00:00+01:00;9.2;24.12037117
1900-10-16 19:00:00+01:00;8.8;24.59980758
1900-10-16 20:00:00+01:00;8.8;24.75287119
1900-10-16 21:00:00+01:00;8.4;23.6547834
1900-10-16 22:00:00+01:00;8.1;21.25656268
1900-10-16 23:00:00+01:00;8.6;18.74399896
1900-10-17 00:00:00+01:00;8.3;15.19211252
1900-10-17 01:00:00+01:00;8.3;13.75646518
1900-10-17 02:00:00+01:00;8.1;13.43111197
1900-10-17 03:00:00+01:00;8.2;13.28156291
1900-10-17 04:00:00+01:00;7.8;13.66698385
1900-10-17 05:00:00+01:00;6.9;15.39025312
1900-10-17 06:00:00+01:00;6.8;21.28478994
1900-10-17 07:00:00+01:00;6.8;25.03954168
1900-10-17 08:00:00+01:00;6.2;21.90800406
1900-10-17 09:00:00+01:00;6.6;21.44861139
1900-10-17 10:00:00+01:00;6.7;20.54803969
1900-10-17 11:00:00+01:00;7.8;19.47498991
1900-10-17 12:00:00+01:00;8.2;18.69827028
1900-10-17 13:00:00+01:00;8.2;18.48428232
1900-10-17 14:00:00+01:00;8;19.31441612
1900-10-17 15:00:00+01:00;7.3;21.14547367
1900-10-17 16:00:00+01:00;7.6;23.0490141
1900-10-17 17:00:00+01:00;6.3;24.99131948
1900-10-17 18:00:00+01:00;5.6;25.8511567
1900-10-17 19:00:00+01:00;5.7;26.15984989
1900-10-17 20:00:00+01:00;5.7;25.94687608
1900-10-17 21:00:00+01:00;5.5;24.74084496
1900-10-17 22:00:00+01:00;5.4;22.3494889
1900-10-17 23:00:00+01:00;5.2;20.08982017
1900-10-18 00:00:00+01:00;5.8;16.49774256
1900-10-18 01:00:00+01:00;5.6;15.14230152
1900-10-18 02:00:00+01:00;5.6;14.90198814
1900-10-18 03:00:00+01:00;5.2;15.05790657
1900-10-18 04:00:00+01:00;5.2;15.48873485
1900-10-18 05:00:00+01:00;5.2;17.01071369
1900-10-18 06:00:00+01:00;4.6;23.17361827
1900-10-18 07:00:00+01:00;4.4;27.51667796
1900-10-18 08:00:00+01:00;5.4;23.42204302
1900-10-18 09:00:00+01:00;7.1;22.79168361
1900-10-18 10:00:00+01:00;7.6;21.47330443
1900-10-18 11:00:00+01:00;8.4;20.36043827
1900-10-18 12:00:00+01:00;8.6;19.4739821
1900-10-18 13:00:00+01:00;9;19.00789523
1900-10-18 14:00:00+01:00;9.2;19.49355204
1900-10-18 15:00:00+01:00;9;20.72757365
1900-10-18 16:00:00+01:00;8.7;22.97501978
1900-10-18 17:00:00+01:00;6.6;25.41888985
1900-10-18 18:00:00+01:00;5.7;26.33513552
1900-10-18 19:00:00+01:00;4.7;27.19241573
1900-10-18 20:00:00+01:00;3;27.63278648
1900-10-18 21:00:00+01:00;2.4;26.44317591
1900-10-18 22:00:00+01:00;2.8;23.8312992
1900-10-18 23:00:00+01:00;2.5;21.52225782
1900-10-19 00:00:00+01:00;2;18.39578779
1900-10-19 01:00:00+01:00;0.5;17.24466836
1900-10-19 02:00:00+01:00;-0.3;17.31616853
1900-10-19 03:00:00+01:00;-1;17.72761569
1900-10-19 04:00:00+01:00;-1.4;18.59298487
1900-10-19 05:00:00+01:00;-2;20.4279965
1900-10-19 06:00:00+01:00;-2.4;26.08333563
1900-10-19 07:00:00+01:00;-1.7;32.04223311
1900-10-19 08:00:00+01:00;0.6;26.42708833
1900-10-19 09:00:00+01:00;2.6;25.9133941
1900-10-19 10:00:00+01:00;4.5;24.46031357
1900-10-19 11:00:00+01:00;5.5;23.20636941
1900-10-19 12:00:00+01:00;6.4;22.12648922
1900-10-19 13:00:00+01:00;8;21.06683818
1900-10-19 14:00:00+01:00;8.6;21.32478361
1900-10-19 15:00:00+01:00;7.8;22.48671436
1900-10-19 16:00:00+01:00;6.2;25.72235679
1900-10-19 17:00:00+01:00;3.7;28.6159686
1900-10-19 18:00:00+01:00;2.7;29.64154628
1900-10-19 19:00:00+01:00;0.6;31.14973118
1900-10-19 20:00:00+01:00;-0.3;31.23399327
1900-10-19 21:00:00+01:00;0;29.6030839
1900-10-19 22:00:00+01:00;-0.6;27.23235847
1900-10-19 23:00:00+01:00;-0.8;24.98591869
1900-10-20 00:00:00+01:00;-0.7;22.88015583
1900-10-20 01:00:00+01:00;-0.6;21.14461645
1900-10-20 02:00:00+01:00;0.4;20.12227241
1900-10-20 03:00:00+01:00;1;19.46252569
1900-10-20 04:00:00+01:00;2;19.04864091
1900-10-20 05:00:00+01:00;2.6;18.94876231
1900-10-20 06:00:00+01:00;3;20.65569306
1900-10-20 07:00:00+01:00;2.8;22.14609841
1900-10-20 08:00:00+01:00;4.4;25.33270309
1900-10-20 09:00:00+01:00;8.5;27.79289568
1900-10-20 10:00:00+01:00;9.3;27.71801556
1900-10-20 11:00:00+01:00;9.5;26.61704417
1900-10-20 12:00:00+01:00;9.7;24.58780778
1900-10-20 13:00:00+01:00;9.8;24.00516356
1900-10-20 14:00:00+01:00;9.9;22.93357233
1900-10-20 15:00:00+01:00;9.7;23.35093231
1900-10-20 16:00:00+01:00;9;24.36722156
1900-10-20 17:00:00+01:00;9.1;25.36045696
1900-10-20 18:00:00+01:00;9.5;25.50307287
1900-10-20 19:00:00+01:00;9.8;25.26965317
1900-10-20 20:00:00+01:00;9.6;24.95472434
1900-10-20 21:00:00+01:00;9.4;23.23669868
1900-10-20 22:00:00+01:00;8.5;20.75965555
1900-10-20 23:00:00+01:00;8.4;18.86103297
1900-10-21 00:00:00+01:00;7.2;17.59859104
1900-10-21 01:00:00+01:00;7.4;15.52470565
1900-10-21 02:00:00+01:00;7.2;14.6126931
1900-10-21 03:00:00+01:00;6.8;14.17239067
1900-10-21 04:00:00+01:00;6.8;13.98728807
1900-10-21 05:00:00+01:00;6.8;14.03818535
1900-10-21 06:00:00+01:00;6.5;15.61608026
1900-10-21 07:00:00+01:00;6.9;17.15279919
1900-10-21 08:00:00+01:00;7.4;20.8510192
1900-10-21 09:00:00+01:00;8.8;24.09135517
1900-10-21 10:00:00+01:00;8.9;24.55367878
1900-10-21 11:00:00+01:00;10.7;23.24570201
1900-10-21 12:00:00+01:00;12;21.10239341
1900-10-21 13:00:00+01:00;13.3;18.66294261
1900-10-21 14:00:00+01:00;15;11.08782255
1900-10-21 15:00:00+01:00;14;11.32680534
1900-10-21 16:00:00+01:00;13.6;19.41168065
1900-10-21 17:00:00+01:00;12.4;21.03413243
1900-10-21 18:00:00+01:00;11.5;21.86841509
1900-10-21 19:00:00+01:00;10.8;22.17127215
1900-10-21 20:00:00+01:00;11.1;21.62547372
1900-10-21 21:00:00+01:00;10.1;20.32534928
1900-10-21 22:00:00+01:00;9.4;18.20599072
1900-10-21 23:00:00+01:00;10.3;16.08301207
1900-10-22 00:00:00+01:00;11;12.35486853
1900-10-22 01:00:00+01:00;11.1;8.225462193
1900-10-22 02:00:00+01:00;11.3;8.264584864
1900-10-22 03:00:00+01:00;11.2;8.398047493
1900-10-22 04:00:00+01:00;11;8.146042183
1900-10-22 05:00:00+01:00;10.7;11.90702907
1900-10-22 06:00:00+01:00;10.4;18.23804035
1900-10-22 07:00:00+01:00;10.9;19.78509657
1900-10-22 08:00:00+01:00;10.9;18.41288994
1900-10-22 09:00:00+01:00;10.5;17.99415469
1900-10-22 10:00:00+01:00;12;10.48722319
1900-10-22 11:00:00+01:00;12.9;15.43451627
1900-10-22 12:00:00+01:00;14.2;10.00344824
1900-10-22 13:00:00+01:00;14.8;9.647864694
1900-10-22 14:00:00+01:00;14.5;9.942810832
1900-10-22 15:00:00+01:00;19.6;11.00806558
1900-10-22 16:00:00+01:00;18.6;11.64613988
1900-10-22 17:00:00+01:00;14.6;11.82512976
1900-10-22 18:00:00+01:00;13.8;18.48364014
1900-10-22 19:00:00+01:00;13.1;19.06697742
1900-10-22 20:00:00+01:00;13;13.1460263
1900-10-22 21:00:00+01:00;13.2;13.12612697
1900-10-22 22:00:00+01:00;11.5;16.23884181
1900-10-22 23:00:00+01:00;11.5;13.90593546
1900-10-23 00:00:00+01:00;10.4;10.98822554
1900-10-23 01:00:00+01:00;11.3;8.225462193
1900-10-23 02:00:00+01:00;10;8.264584864
1900-10-23 03:00:00+01:00;8.5;10.01976543
1900-10-23 04:00:00+01:00;9.4;10.3031259
1900-10-23 05:00:00+01:00;7.9;12.23698107
1900-10-23 06:00:00+01:00;8;17.50872777
1900-10-23 07:00:00+01:00;9.1;21.16589142
1900-10-23 08:00:00+01:00;9.6;18.22636937
1900-10-23 09:00:00+01:00;9.8;17.57460419
1900-10-23 10:00:00+01:00;11.2;16.20371214
1900-10-23 11:00:00+01:00;13.7;10.24475575
1900-10-23 12:00:00+01:00;13;10.00344824
1900-10-23 13:00:00+01:00;12.6;14.35215577
1900-10-23 14:00:00+01:00;11.6;15.56427136
1900-10-23 15:00:00+01:00;11;17.90476843
1900-10-23 16:00:00+01:00;10;20.41482407
1900-10-23 17:00:00+01:00;7.2;23.10471106
1900-10-23 18:00:00+01:00;5.9;24.34524671
1900-10-23 19:00:00+01:00;5;25.28511308
1900-10-23 20:00:00+01:00;4.7;24.82655965
1900-10-23 21:00:00+01:00;3.6;24.01538741
1900-10-23 22:00:00+01:00;3.7;21.71088181
1900-10-23 23:00:00+01:00;4.1;19.19071155
1900-10-24 00:00:00+01:00;3.8;16.08142811
1900-10-24 01:00:00+01:00;4;14.49439516
1900-10-24 02:00:00+01:00;3.6;14.49189767
1900-10-24 03:00:00+01:00;3.8;14.58276094
1900-10-24 04:00:00+01:00;3.8;15.21908008
1900-10-24 05:00:00+01:00;3.8;16.77611368
1900-10-24 06:00:00+01:00;3.5;22.58150628
1900-10-24 07:00:00+01:00;3.5;27.45277501
1900-10-24 08:00:00+01:00;4;23.46826752
1900-10-24 09:00:00+01:00;5.9;22.80014265
1900-10-24 10:00:00+01:00;8.3;21.04788239
1900-10-24 11:00:00+01:00;8.3;20.40113394
1900-10-24 12:00:00+01:00;8;19.88274578
1900-10-24 13:00:00+01:00;7.9;19.7644471
1900-10-24 14:00:00+01:00;7.8;20.54476194
1900-10-24 15:00:00+01:00;7;22.13259561
1900-10-24 16:00:00+01:00;6.4;24.71458461
1900-10-24 17:00:00+01:00;6.1;26.21395869
1900-10-24 18:00:00+01:00;5.9;26.76373246
1900-10-24 19:00:00+01:00;5.6;27.21533052
1900-10-24 20:00:00+01:00;5;27.44544947
1900-10-24 21:00:00+01:00;5.3;25.94200471
1900-10-24 22:00:00+01:00;4.9;23.51152142
1900-10-24 23:00:00+01:00;4.7;21.22125688
1900-10-25 00:00:00+01:00;4.3;17.85102925
1900-10-25 01:00:00+01:00;3.5;16.57736513
1900-10-25 02:00:00+01:00;3.4;16.29150863
1900-10-25 03:00:00+01:00;3.2;16.34874872
1900-10-25 04:00:00+01:00;3;16.82832353
1900-10-25 05:00:00+01:00;2.2;18.59420014
1900-10-25 06:00:00+01:00;1.9;24.46476755
1900-10-25 07:00:00+01:00;1.1;29.83144891
1900-10-25 08:00:00+01:00;1.2;25.40011604
1900-10-25 09:00:00+01:00;0.9;25.39065733
1900-10-25 10:00:00+01:00;1.8;24.72061274
1900-10-25 11:00:00+01:00;2.4;23.78218213
1900-10-25 12:00:00+01:00;2.3;23.62547577
1900-10-25 13:00:00+01:00;2.8;23.17155858
1900-10-25 14:00:00+01:00;2.7;24.16047746
1900-10-25 15:00:00+01:00;2.6;25.22726498
1900-10-25 16:00:00+01:00;2.6;27.66173413
1900-10-25 17:00:00+01:00;2.9;28.91615409
1900-10-25 18:00:00+01:00;2.7;29.50142766
1900-10-25 19:00:00+01:00;2.8;29.80670152
1900-10-25 20:00:00+01:00;3.2;29.62612274
1900-10-25 21:00:00+01:00;4;27.96990272
1900-10-25 22:00:00+01:00;4.6;25.18356717
1900-10-25 23:00:00+01:00;5.3;22.78986486
1900-10-26 00:00:00+01:00;8.9;17.95079524
1900-10-26 01:00:00+01:00;9.8;15.60273753
1900-10-26 02:00:00+01:00;9.5;15.15578564
1900-10-26 03:00:00+01:00;9.7;14.84836747
1900-10-26 04:00:00+01:00;10.2;14.50929356
1900-10-26 05:00:00+01:00;10.1;15.7157283
1900-10-26 06:00:00+01:00;10.1;23.51066954
1900-10-26 07:00:00+01:00;10.3;25.20873621
1900-10-26 08:00:00+01:00;10.6;22.21544899
1900-10-26 09:00:00+01:00;9.8;22.26405252
1900-10-26 10:00:00+01:00;10;20.52472794
1900-10-26 11:00:00+01:00;10.6;19.2880845
1900-10-26 12:00:00+01:00;10.6;18.13651706
1900-10-26 13:00:00+01:00;10.7;17.68252378
1900-10-26 14:00:00+01:00;10.3;18.30506781
1900-10-26 15:00:00+01:00;10.3;19.49962556
1900-10-26 16:00:00+01:00;10.1;21.48505839
1900-10-26 17:00:00+01:00;10.4;22.38637879
1900-10-26 18:00:00+01:00;9.7;23.09872168
1900-10-26 19:00:00+01:00;9.3;23.48754489
1900-10-26 20:00:00+01:00;9;23.47033513
1900-10-26 21:00:00+01:00;7.1;22.82492758
1900-10-26 22:00:00+01:00;7.3;20.2652165
1900-10-26 23:00:00+01:00;7.2;17.77262584
1900-10-27 00:00:00+01:00;6.6;15.77339973
1900-10-27 01:00:00+01:00;6.4;14.26244529
1900-10-27 02:00:00+01:00;6.1;13.8887763
1900-10-27 03:00:00+01:00;6;13.44038366
1900-10-27 04:00:00+01:00;6;13.44612366
1900-10-27 05:00:00+01:00;5.3;14.0211083
1900-10-27 06:00:00+01:00;5;15.61531516
1900-10-27 07:00:00+01:00;4.9;17.81163513
1900-10-27 08:00:00+01:00;4.8;22.12518612
1900-10-27 09:00:00+01:00;4.8;25.83917459
1900-10-27 10:00:00+01:00;4.4;26.8130031
1900-10-27 11:00:00+01:00;4.5;27.01582316
1900-10-27 12:00:00+01:00;4.4;26.21024536
1900-10-27 13:00:00+01:00;4.1;25.54367148
1900-10-27 14:00:00+01:00;3.5;25.74083449
1900-10-27 15:00:00+01:00;2.9;26.42295084
1900-10-27 16:00:00+01:00;2;27.57781844
1900-10-27 17:00:00+01:00;2;28.63153667
1900-10-27 18:00:00+01:00;2.2;28.95229385
1900-10-27 19:00:00+01:00;2;28.89737612
1900-10-27 20:00:00+01:00;1;28.73599439
1900-10-27 21:00:00+01:00;0.8;26.91098497
1900-10-27 22:00:00+01:00;0.7;24.43129095
1900-10-27 23:00:00+01:00;0.9;22.56726773
1900-10-28 00:00:00+01:00;1.7;21.13843209
1900-10-28 01:00:00+01:00;1.8;19.48989666
1900-10-28 02:00:00+01:00;1.6;18.95431928
1900-10-28 03:00:00+01:00;1.5;18.65500068
1900-10-28 04:00:00+01:00;1.3;18.76455275
1900-10-28 05:00:00+01:00;1.3;19.13009608
1900-10-28 06:00:00+01:00;1.4;21.00236559
1900-10-28 07:00:00+01:00;1.5;22.81119308
1900-10-28 08:00:00+01:00;2.7;26.38215009
1900-10-28 09:00:00+01:00;2;30.63133418
1900-10-28 10:00:00+01:00;2.3;31.22587824
1900-10-28 11:00:00+01:00;2.6;30.95759414
1900-10-28 12:00:00+01:00;2.9;29.32636666
1900-10-28 13:00:00+01:00;2.9;28.55315479
1900-10-28 14:00:00+01:00;3;27.84838488
1900-10-28 15:00:00+01:00;3;28.11061033
1900-10-28 16:00:00+01:00;3;28.7194074
1900-10-28 17:00:00+01:00;2.9;29.85383571
1900-10-28 18:00:00+01:00;3;30.19681421
1900-10-28 19:00:00+01:00;3.1;30.00144397
1900-10-28 20:00:00+01:00;3;29.52229931
1900-10-28 21:00:00+01:00;3.1;27.59864611
1900-10-28 22:00:00+01:00;3.1;24.77306551
1900-10-28 23:00:00+01:00;3.2;22.94206366
1900-10-29 00:00:00+01:00;3.3;20.06090551
1900-10-29 01:00:00+01:00;3.5;18.63113104
1900-10-29 02:00:00+01:00;4;18.08690367
1900-10-29 03:00:00+01:00;4.2;17.90222171
1900-10-29 04:00:00+01:00;4.5;17.93886896
1900-10-29 05:00:00+01:00;4.6;19.35151088
1900-10-29 06:00:00+01:00;5;25.6915658
1900-10-29 07:00:00+01:00;5.8;28.64173238
1900-10-29 08:00:00+01:00;6.5;24.76719989
1900-10-29 09:00:00+01:00;9.6;23.87092969
1900-10-29 10:00:00+01:00;9.5;22.10540372
1900-10-29 11:00:00+01:00;9.5;21.00250992
1900-10-29 12:00:00+01:00;9.4;19.89899238
1900-10-29 13:00:00+01:00;9.4;19.4771952
1900-10-29 14:00:00+01:00;9;20.1179611
1900-10-29 15:00:00+01:00;8.3;21.4255227
1900-10-29 16:00:00+01:00;7.9;23.7302794
1900-10-29 17:00:00+01:00;7.4;25.2477209
1900-10-29 18:00:00+01:00;6.6;26.06319166
1900-10-29 19:00:00+01:00;5.4;26.96348629
1900-10-29 20:00:00+01:00;4.6;27.09695772
1900-10-29 21:00:00+01:00;4.3;25.77823618
1900-10-29 22:00:00+01:00;3.3;23.57417914
1900-10-29 23:00:00+01:00;3.4;21.08851232
1900-10-30 00:00:00+01:00;3.4;17.67158121
1900-10-30 01:00:00+01:00;4.4;15.79227814
1900-10-30 02:00:00+01:00;5.3;15.21541568
1900-10-30 03:00:00+01:00;6.1;14.91052386
1900-10-30 04:00:00+01:00;7.5;14.70722406
1900-10-30 05:00:00+01:00;6.7;16.38606058
1900-10-30 06:00:00+01:00;6.3;22.55201464
1900-10-30 07:00:00+01:00;5.4;26.69604963
1900-10-30 08:00:00+01:00;5.2;23.18359874
1900-10-30 09:00:00+01:00;5.1;23.12133758
1900-10-30 10:00:00+01:00;5;22.4309676
1900-10-30 11:00:00+01:00;5.1;21.72833192
1900-10-30 12:00:00+01:00;5.5;21.1473864
1900-10-30 13:00:00+01:00;5.6;20.90139372
1900-10-30 14:00:00+01:00;5.4;21.83831771
1900-10-30 15:00:00+01:00;5.2;23.14043811
1900-10-30 16:00:00+01:00;5;25.52354354
1900-10-30 17:00:00+01:00;4.9;26.90824648
1900-10-30 18:00:00+01:00;4.4;27.64244657
1900-10-30 19:00:00+01:00;4.2;28.07626749
1900-10-30 20:00:00+01:00;4;28.00080966
1900-10-30 21:00:00+01:00;3.9;26.63880519
1900-10-30 22:00:00+01:00;3.7;24.14050978
1900-10-30 23:00:00+01:00;2.3;22.19842111
1900-10-31 00:00:00+01:00;2.5;18.75771981
1900-10-31 01:00:00+01:00;2.5;17.23982208
1900-10-31 02:00:00+01:00;2.7;16.94644924
1900-10-31 03:00:00+01:00;2.3;17.15294394
1900-10-31 04:00:00+01:00;2.4;17.65068363
1900-10-31 05:00:00+01:00;2.1;19.35836131
1900-10-31 06:00:00+01:00;1.6;25.57209387
1900-10-31 07:00:00+01:00;1.7;30.38824333
1900-10-31 08:00:00+01:00;1;26.34568407
1900-10-31 09:00:00+01:00;0.8;26.42292595
1900-10-31 10:00:00+01:00;0.7;25.95695058
1900-10-31 11:00:00+01:00;1.5;24.8142471
1900-10-31 12:00:00+01:00;1.8;24.4312095
1900-10-31 13:00:00+01:00;2.1;24.01664912
1900-10-31 14:00:00+01:00;2;24.97205257
1900-10-31 15:00:00+01:00;1.9;25.90850146
1900-10-31 16:00:00+01:00;1.8;28.44889082
1900-10-31 17:00:00+01:00;1.4;30.13273247
1900-10-31 18:00:00+01:00;0.7;30.98143539
1900-10-31 19:00:00+01:00;0.3;31.57716135
1900-10-31 20:00:00+01:00;0.3;31.36171403
1900-10-31 21:00:00+01:00;-0.1;30.04461464
1900-10-31 22:00:00+01:00;1.6;26.87751947
1900-10-31 23:00:00+01:00;2.5;24.37041584
1900-11-01 00:00:00+01:00;4.2;20.29297669
1900-11-01 01:00:00+01:00;5.7;18.62403218
1900-11-01 02:00:00+01:00;8.2;17.46718504
1900-11-01 03:00:00+01:00;8.8;16.98996464
1900-11-01 04:00:00+01:00;9.4;16.60165681
1900-11-01 05:00:00+01:00;9.2;18.04467759
1900-11-01 06:00:00+01:00;7.9;25.24145518
1900-11-01 07:00:00+01:00;6.9;28.09077074
1900-11-01 08:00:00+01:00;6.9;24.5913983
1900-11-01 09:00:00+01:00;7.6;24.3541819
1900-11-01 10:00:00+01:00;8.4;22.47192695
1900-11-01 11:00:00+01:00;9.3;21.01407913
1900-11-01 12:00:00+01:00;12.9;18.06520392
1900-11-01 13:00:00+01:00;10.4;18.81081186
1900-11-01 14:00:00+01:00;10.8;18.94181577
1900-11-01 15:00:00+01:00;9.7;20.45440249
1900-11-01 16:00:00+01:00;8;23.42415515
1900-11-01 17:00:00+01:00;6.9;25.21259631
1900-11-01 18:00:00+01:00;6.7;25.64503692
1900-11-01 19:00:00+01:00;6.6;25.87949639
1900-11-01 20:00:00+01:00;6.3;25.75002884
1900-11-01 21:00:00+01:00;5.6;24.52249608
1900-11-01 22:00:00+01:00;4.4;22.36044894
1900-11-01 23:00:00+01:00;3;20.24868656
1900-11-02 00:00:00+01:00;2;17.26175902
1900-11-02 01:00:00+01:00;0.7;15.92234817
1900-11-02 02:00:00+01:00;0.6;15.88563408
1900-11-02 03:00:00+01:00;0.4;16.22946807
1900-11-02 04:00:00+01:00;0.1;17.15557234
1900-11-02 05:00:00+01:00;0.7;18.64286777
1900-11-02 06:00:00+01:00;2.6;23.94726796
1900-11-02 07:00:00+01:00;3.6;28.28586535
1900-11-02 08:00:00+01:00;3.8;24.33292354
1900-11-02 09:00:00+01:00;4.3;24.13215726
1900-11-02 10:00:00+01:00;5.3;22.98436861
1900-11-02 11:00:00+01:00;5.5;22.16402468
1900-11-02 12:00:00+01:00;6;21.49683493
1900-11-02 13:00:00+01:00;5.8;21.39273673
1900-11-02 14:00:00+01:00;5.7;22.2595624
1900-11-02 15:00:00+01:00;6.1;23.05363482
1900-11-02 16:00:00+01:00;6.4;25.16911786
1900-11-02 17:00:00+01:00;6.2;26.68432129
1900-11-02 18:00:00+01:00;6.3;27.0969211
1900-11-02 19:00:00+01:00;6.4;27.34937151
1900-11-02 20:00:00+01:00;6;27.81095661
1900-11-02 21:00:00+01:00;5.9;26.54306632
1900-11-02 22:00:00+01:00;5.7;24.02437963
1900-11-02 23:00:00+01:00;5.5;21.79936552
1900-11-03 00:00:00+01:00;5.1;19.79651649
1900-11-03 01:00:00+01:00;5.2;17.81410992
1900-11-03 02:00:00+01:00;4.5;17.09469005
1900-11-03 03:00:00+01:00;4.4;16.63420718
1900-11-03 04:00:00+01:00;4;16.58492608
1900-11-03 05:00:00+01:00;4.5;16.53555414
1900-11-03 06:00:00+01:00;5;18.13060495
1900-11-03 07:00:00+01:00;5.3;19.61196063
1900-11-03 08:00:00+01:00;5.4;23.43492726
1900-11-03 09:00:00+01:00;4.4;27.6108834
1900-11-03 10:00:00+01:00;3.9;28.46365047
1900-11-03 11:00:00+01:00;3.8;28.51254081
1900-11-03 12:00:00+01:00;3.3;27.68281336
1900-11-03 13:00:00+01:00;3.4;26.74822667
1900-11-03 14:00:00+01:00;3.5;26.33603647
1900-11-03 15:00:00+01:00;3.7;26.48354555
1900-11-03 16:00:00+01:00;4;26.89652266
1900-11-03 17:00:00+01:00;4.6;27.586444
1900-11-03 18:00:00+01:00;4.6;27.98438483
1900-11-03 19:00:00+01:00;4.7;27.81813965
1900-11-03 20:00:00+01:00;5;27.20651672
1900-11-03 21:00:00+01:00;5.1;25.40042159
1900-11-03 22:00:00+01:00;4.8;22.89122928
1900-11-03 23:00:00+01:00;4.9;21.10458874
1900-11-04 00:00:00+01:00;4.6;19.85867088
1900-11-04 01:00:00+01:00;4.6;18.06460816
1900-11-04 02:00:00+01:00;3.8;17.52310686
1900-11-04 03:00:00+01:00;4.1;17.04553144
1900-11-04 04:00:00+01:00;3.9;17.06176247
1900-11-04 05:00:00+01:00;2.9;17.59634216
1900-11-04 06:00:00+01:00;2.3;19.52415881
1900-11-04 07:00:00+01:00;2.4;21.40666943
1900-11-04 08:00:00+01:00;1.7;25.82462375
1900-11-04 09:00:00+01:00;2.1;29.48046907
1900-11-04 10:00:00+01:00;2.8;29.93388882
1900-11-04 11:00:00+01:00;3.3;29.63223992
1900-11-04 12:00:00+01:00;5.5;26.97562954
1900-11-04 13:00:00+01:00;4.1;26.96490122
1900-11-04 14:00:00+01:00;4;26.46290648
1900-11-04 15:00:00+01:00;3.7;26.88896828
1900-11-04 16:00:00+01:00;3.4;27.64724466
1900-11-04 17:00:00+01:00;3.1;28.85944723
1900-11-04 18:00:00+01:00;2.5;29.57371281
1900-11-04 19:00:00+01:00;2;29.64014899
1900-11-04 20:00:00+01:00;0.9;29.51041895
1900-11-04 21:00:00+01:00;0.6;27.7099609
1900-11-04 22:00:00+01:00;0.5;25.11381264
1900-11-04 23:00:00+01:00;0.2;23.38228947
1900-11-05 00:00:00+01:00;1.1;20.60279936
1900-11-05 01:00:00+01:00;1;19.22797807
1900-11-05 02:00:00+01:00;1;18.97298287
1900-11-05 03:00:00+01:00;1.4;18.93664652
1900-11-05 04:00:00+01:00;1.1;19.42453452
1900-11-05 05:00:00+01:00;1.1;20.9928792
1900-11-05 06:00:00+01:00;1;27.27047373
1900-11-05 07:00:00+01:00;1.1;31.86907326
1900-11-05 08:00:00+01:00;1.1;27.38056037
1900-11-05 09:00:00+01:00;1.4;27.39200773
1900-11-05 10:00:00+01:00;1;26.76358874
1900-11-05 11:00:00+01:00;0.9;25.8464138
1900-11-05 12:00:00+01:00;1.1;25.49417474
1900-11-05 13:00:00+01:00;1.4;25.03500744
1900-11-05 14:00:00+01:00;1.3;25.96560868
1900-11-05 15:00:00+01:00;1.2;26.72065309
1900-11-05 16:00:00+01:00;1.3;29.20600815
1900-11-05 17:00:00+01:00;1;30.87835812
1900-11-05 18:00:00+01:00;0.7;31.48432687
1900-11-05 19:00:00+01:00;0.7;31.81596989
1900-11-05 20:00:00+01:00;0.3;31.87750037
1900-11-05 21:00:00+01:00;0.2;30.3772118
1900-11-05 22:00:00+01:00;0.2;27.7080285
1900-11-05 23:00:00+01:00;0.2;25.42906874
1900-11-06 00:00:00+01:00;0.6;21.89849639
1900-11-06 01:00:00+01:00;0.7;20.47776006
1900-11-06 02:00:00+01:00;1.3;19.96495959
1900-11-06 03:00:00+01:00;2.2;19.67282257
1900-11-06 04:00:00+01:00;3.2;19.51712971
1900-11-06 05:00:00+01:00;5.4;20.28317595
1900-11-06 06:00:00+01:00;8;26.59091431
1900-11-06 07:00:00+01:00;8.6;28.2360919
1900-11-06 08:00:00+01:00;9.1;24.8516549
1900-11-06 09:00:00+01:00;8.7;25.13348815
1900-11-06 10:00:00+01:00;9.2;23.09344631
1900-11-06 11:00:00+01:00;9.5;21.75309787
1900-11-06 12:00:00+01:00;9.8;20.32505133
1900-11-06 13:00:00+01:00;10.8;19.3485633
1900-11-06 14:00:00+01:00;8.9;20.63814392
1900-11-06 15:00:00+01:00;8.3;21.72634901
1900-11-06 16:00:00+01:00;7.5;24.2833431
1900-11-06 17:00:00+01:00;7.2;25.70560985
1900-11-06 18:00:00+01:00;6.8;26.2652955
1900-11-06 19:00:00+01:00;6.2;26.78274248
1900-11-06 20:00:00+01:00;5.8;26.85925717
1900-11-06 21:00:00+01:00;4.9;25.71744817
1900-11-06 22:00:00+01:00;3.2;23.67369987
1900-11-06 23:00:00+01:00;4;20.89683838
1900-11-07 00:00:00+01:00;2.7;17.81792961
1900-11-07 01:00:00+01:00;2;16.28781518
1900-11-07 02:00:00+01:00;2.8;15.74349988
1900-11-07 03:00:00+01:00;3.4;15.55542715
1900-11-07 04:00:00+01:00;2.3;16.36575052
1900-11-07 05:00:00+01:00;2.3;17.90339561
1900-11-07 06:00:00+01:00;2.7;23.60742635
1900-11-07 07:00:00+01:00;5.9;26.86009938
1900-11-07 08:00:00+01:00;6.7;23.16624465
1900-11-07 09:00:00+01:00;7.7;22.84544527
1900-11-07 10:00:00+01:00;8.5;21.36359989
1900-11-07 11:00:00+01:00;9;20.36562901
1900-11-07 12:00:00+01:00;9.6;19.21686625
1900-11-07 13:00:00+01:00;10.1;18.73264276
1900-11-07 14:00:00+01:00;8.2;20.28384071
1900-11-07 15:00:00+01:00;8;21.49345313
1900-11-07 16:00:00+01:00;8.4;23.39579826
1900-11-07 17:00:00+01:00;8.4;24.70280423
1900-11-07 18:00:00+01:00;10.3;24.09275867
1900-11-07 19:00:00+01:00;11.2;23.81380986
1900-11-07 20:00:00+01:00;11.6;22.96777141
1900-11-07 21:00:00+01:00;11.4;21.7547164
1900-11-07 22:00:00+01:00;11;19.40996885
1900-11-07 23:00:00+01:00;10.5;18.40900052
1900-11-08 00:00:00+01:00;9;14.25526062
1900-11-08 01:00:00+01:00;8.1;13.78523697
1900-11-08 02:00:00+01:00;7.4;13.5145756
1900-11-08 03:00:00+01:00;6.6;13.58546031
1900-11-08 04:00:00+01:00;6.5;13.88668611
1900-11-08 05:00:00+01:00;5.5;15.55775618
1900-11-08 06:00:00+01:00;6;20.98666348
1900-11-08 07:00:00+01:00;5.8;25.2283697
1900-11-08 08:00:00+01:00;5.6;21.80760244
1900-11-08 09:00:00+01:00;4.5;21.7792315
1900-11-08 10:00:00+01:00;5;21.08770961
1900-11-08 11:00:00+01:00;6.1;20.0920069
1900-11-08 12:00:00+01:00;6.5;19.53813192
1900-11-08 13:00:00+01:00;7.1;19.08040106
1900-11-08 14:00:00+01:00;6.4;20.24211315
1900-11-08 15:00:00+01:00;5.8;22.04917517
1900-11-08 16:00:00+01:00;6.7;23.65905443
1900-11-08 17:00:00+01:00;6.8;24.80206747
1900-11-08 18:00:00+01:00;6.6;25.40674553
1900-11-08 19:00:00+01:00;6.4;25.90788742
1900-11-08 20:00:00+01:00;6.3;25.93118307
1900-11-08 21:00:00+01:00;5.7;24.96599682
1900-11-08 22:00:00+01:00;5.4;22.70401625
1900-11-08 23:00:00+01:00;3.9;20.93015072
1900-11-09 00:00:00+01:00;3.6;17.73426192
1900-11-09 01:00:00+01:00;3;16.45629365
1900-11-09 02:00:00+01:00;2.5;16.41373792
1900-11-09 03:00:00+01:00;2;16.68233291
1900-11-09 04:00:00+01:00;0.4;17.79370692
1900-11-09 05:00:00+01:00;0.4;19.39486182
1900-11-09 06:00:00+01:00;0.9;25.07812025
1900-11-09 07:00:00+01:00;0.4;30.61320676
1900-11-09 08:00:00+01:00;0.9;25.96619499
1900-11-09 09:00:00+01:00;2.3;25.48997904
1900-11-09 10:00:00+01:00;4.8;23.82735353
1900-11-09 11:00:00+01:00;4.4;23.12536849
1900-11-09 12:00:00+01:00;3.6;23.03673098
1900-11-09 13:00:00+01:00;4.1;22.54270128
1900-11-09 14:00:00+01:00;6.8;21.89699196
1900-11-09 15:00:00+01:00;6.2;23.09041383
1900-11-09 16:00:00+01:00;6;25.48933294
1900-11-09 17:00:00+01:00;5.6;27.13056486
1900-11-09 18:00:00+01:00;4;28.48778988
1900-11-09 19:00:00+01:00;4;28.83787679
1900-11-09 20:00:00+01:00;3.5;29.10752195
1900-11-09 21:00:00+01:00;2.8;28.00425826
1900-11-09 22:00:00+01:00;1;26.10116028
1900-11-09 23:00:00+01:00;0.1;24.07656906
1900-11-10 00:00:00+01:00;0.2;21.97856918
1900-11-10 01:00:00+01:00;-0.3;20.47727217
1900-11-10 02:00:00+01:00;-0.3;19.93062442
1900-11-10 03:00:00+01:00;0.8;19.12950982
1900-11-10 04:00:00+01:00;0.9;19.00798951
1900-11-10 05:00:00+01:00;0;19.56260947
1900-11-10 06:00:00+01:00;-1;21.46395476
1900-11-10 07:00:00+01:00;-0.7;23.45257604
1900-11-10 08:00:00+01:00;-0.3;27.50472449
1900-11-10 09:00:00+01:00;0.8;30.89683358
1900-11-10 10:00:00+01:00;2.6;30.9832373
1900-11-10 11:00:00+01:00;3.2;30.52820229
1900-11-10 12:00:00+01:00;3.3;28.97220562
1900-11-10 13:00:00+01:00;3.2;28.25567757
1900-11-10 14:00:00+01:00;3;27.79047334
1900-11-10 15:00:00+01:00;3;28.10560511
1900-11-10 16:00:00+01:00;2.7;28.96443223
1900-11-10 17:00:00+01:00;4.2;29.26259028
1900-11-10 18:00:00+01:00;4.4;29.60463488
1900-11-10 19:00:00+01:00;3.1;30.20401838
1900-11-10 20:00:00+01:00;3.1;29.77489949
1900-11-10 21:00:00+01:00;3;28.00093733
1900-11-10 22:00:00+01:00;3;25.15714223
1900-11-10 23:00:00+01:00;3;23.36462357
1900-11-11 00:00:00+01:00;3;21.97088612
1900-11-11 01:00:00+01:00;2.9;20.04753925
1900-11-11 02:00:00+01:00;2.7;19.14814146
1900-11-11 03:00:00+01:00;2.9;18.70697349
1900-11-11 04:00:00+01:00;3.5;18.46209206
1900-11-11 05:00:00+01:00;5.6;17.82054262
1900-11-11 06:00:00+01:00;5.7;19.82037126
1900-11-11 07:00:00+01:00;7;20.44016197
1900-11-11 08:00:00+01:00;7.8;23.54657074
1900-11-11 09:00:00+01:00;7.5;27.62658277
1900-11-11 10:00:00+01:00;8.5;27.51369826
1900-11-11 11:00:00+01:00;9.5;26.12842681
1900-11-11 12:00:00+01:00;11.5;23.06080688
1900-11-11 13:00:00+01:00;12.3;22.01060586
1900-11-11 14:00:00+01:00;12;21.00293365
1900-11-11 15:00:00+01:00;10.9;21.85683838
1900-11-11 16:00:00+01:00;9.9;22.92383741
1900-11-11 17:00:00+01:00;8.6;24.632505
1900-11-11 18:00:00+01:00;8.4;25.06486097
1900-11-11 19:00:00+01:00;7.8;25.20523576
1900-11-11 20:00:00+01:00;7.6;24.74365833
1900-11-11 21:00:00+01:00;7.3;23.00031549
1900-11-11 22:00:00+01:00;8;20.17595955
1900-11-11 23:00:00+01:00;8.1;18.23854199
1900-11-12 00:00:00+01:00;8.2;15.22128878
1900-11-12 01:00:00+01:00;7.5;13.88333866
1900-11-12 02:00:00+01:00;7.4;13.46235943
1900-11-12 03:00:00+01:00;7;13.40096911
1900-11-12 04:00:00+01:00;6;14.01693311
1900-11-12 05:00:00+01:00;6;15.45368679
1900-11-12 06:00:00+01:00;6.8;20.99328898
1900-11-12 07:00:00+01:00;6;25.26171582
1900-11-12 08:00:00+01:00;5.2;22.10207498
1900-11-12 09:00:00+01:00;5;21.82768998
1900-11-12 10:00:00+01:00;4.7;21.36558711
1900-11-12 11:00:00+01:00;5;20.70174639
1900-11-12 12:00:00+01:00;5.7;20.14880229
1900-11-12 13:00:00+01:00;4.9;20.43734988
1900-11-12 14:00:00+01:00;4.6;21.58824073
1900-11-12 15:00:00+01:00;4.8;22.93761352
1900-11-12 16:00:00+01:00;5.3;24.89383926
1900-11-12 17:00:00+01:00;6.1;25.71098113
1900-11-12 18:00:00+01:00;5.2;26.68306397
1900-11-12 19:00:00+01:00;4.7;27.31333916
1900-11-12 20:00:00+01:00;4.3;27.30357067
1900-11-12 21:00:00+01:00;3.7;26.1956021
1900-11-12 22:00:00+01:00;3.6;23.79873073
1900-11-12 23:00:00+01:00;3.8;21.45546732
1900-11-13 00:00:00+01:00;4.2;17.9854518
1900-11-13 01:00:00+01:00;4.2;16.60189349
1900-11-13 02:00:00+01:00;4.2;16.37141876
1900-11-13 03:00:00+01:00;5.4;16.06368015
1900-11-13 04:00:00+01:00;4.7;16.5916463
1900-11-13 05:00:00+01:00;5.1;17.99222787
1900-11-13 06:00:00+01:00;5.5;24.22064164
1900-11-13 07:00:00+01:00;4.6;28.32131276
1900-11-13 08:00:00+01:00;4.8;24.48677424
1900-11-13 09:00:00+01:00;5.2;24.32094544
1900-11-13 10:00:00+01:00;5;23.37510181
1900-11-13 11:00:00+01:00;7.1;21.65752549
1900-11-13 12:00:00+01:00;10;19.42826489
1900-11-13 13:00:00+01:00;10.6;18.74812577
1900-11-13 14:00:00+01:00;10;19.45765886
1900-11-13 15:00:00+01:00;7.2;21.97635574
1900-11-13 16:00:00+01:00;4.5;25.70651361
1900-11-13 17:00:00+01:00;3.6;27.50239307
1900-11-13 18:00:00+01:00;2.7;28.4323034
1900-11-13 19:00:00+01:00;2.1;29.10855131
1900-11-13 20:00:00+01:00;1.6;28.8611635
1900-11-13 21:00:00+01:00;1;27.60429725
1900-11-13 22:00:00+01:00;1.2;25.01456085
1900-11-13 23:00:00+01:00;0.5;22.8253767
1900-11-14 00:00:00+01:00;0.8;19.48525814
1900-11-14 01:00:00+01:00;0.5;17.99604612
1900-11-14 02:00:00+01:00;0.1;17.90294294
1900-11-14 03:00:00+01:00;-0.6;18.29131961
1900-11-14 04:00:00+01:00;-0.7;18.96304904
1900-11-14 05:00:00+01:00;-0.6;20.56478766
1900-11-14 06:00:00+01:00;-0.6;26.48105752
1900-11-14 07:00:00+01:00;1.2;31.05291865
1900-11-14 08:00:00+01:00;1.2;26.67582862
1900-11-14 09:00:00+01:00;1.4;26.70551763
1900-11-14 10:00:00+01:00;1.6;25.97936977
1900-11-14 11:00:00+01:00;1.6;25.15009223
1900-11-14 12:00:00+01:00;1.5;25.01290662
1900-11-14 13:00:00+01:00;1.6;24.79477535
1900-11-14 14:00:00+01:00;1.5;25.84114744
1900-11-14 15:00:00+01:00;1.8;26.41627379
1900-11-14 16:00:00+01:00;1.9;28.90032199
1900-11-14 17:00:00+01:00;2.5;30.07874626
1900-11-14 18:00:00+01:00;2.6;30.46278198
1900-11-14 19:00:00+01:00;3;30.53648121
1900-11-14 20:00:00+01:00;2.4;30.96712432
1900-11-14 21:00:00+01:00;2.7;29.38212665
1900-11-14 22:00:00+01:00;2.1;26.91046724
1900-11-14 23:00:00+01:00;1.8;24.75120346
1900-11-15 00:00:00+01:00;1.7;21.28813018
1900-11-15 01:00:00+01:00;1.7;19.89486076
1900-11-15 02:00:00+01:00;1.7;19.49580699
1900-11-15 03:00:00+01:00;1.9;19.34214116
1900-11-15 04:00:00+01:00;2;19.49669066
1900-11-15 05:00:00+01:00;2.2;20.89542513
1900-11-15 06:00:00+01:00;2.4;27.19426686
1900-11-15 07:00:00+01:00;2.6;31.1632635
1900-11-15 08:00:00+01:00;2.5;26.95135239
1900-11-15 09:00:00+01:00;2.6;27.01679371
1900-11-15 10:00:00+01:00;2.8;25.94962285
1900-11-15 11:00:00+01:00;2.9;24.86542597
1900-11-15 12:00:00+01:00;3;24.26208903
1900-11-15 13:00:00+01:00;3.2;23.7777615
1900-11-15 14:00:00+01:00;3.2;24.50725569
1900-11-15 15:00:00+01:00;3.4;25.12596612
1900-11-15 16:00:00+01:00;3.3;27.56665624
1900-11-15 17:00:00+01:00;3.4;28.92323161
1900-11-15 18:00:00+01:00;3.5;29.28486569
1900-11-15 19:00:00+01:00;3.1;29.80154365
1900-11-15 20:00:00+01:00;2.8;29.92928301
1900-11-15 21:00:00+01:00;2.4;28.63394949
1900-11-15 22:00:00+01:00;1.9;26.18228333
1900-11-15 23:00:00+01:00;2.5;23.69801001
1900-11-16 00:00:00+01:00;2.8;20.10680286
1900-11-16 01:00:00+01:00;2.4;18.80558207
1900-11-16 02:00:00+01:00;1.7;18.64004198
1900-11-16 03:00:00+01:00;2.1;18.51169541
1900-11-16 04:00:00+01:00;2.2;18.78117128
1900-11-16 05:00:00+01:00;1.6;20.50029132
1900-11-16 06:00:00+01:00;1.8;26.67302495
1900-11-16 07:00:00+01:00;1.6;31.248159
1900-11-16 08:00:00+01:00;1.1;27.03803289
1900-11-16 09:00:00+01:00;1.4;27.00957946
1900-11-16 10:00:00+01:00;1.8;26.1051594
1900-11-16 11:00:00+01:00;1.9;25.10530829
1900-11-16 12:00:00+01:00;1.8;24.7697974
1900-11-16 13:00:00+01:00;2;24.34211958
1900-11-16 14:00:00+01:00;2.5;24.91687275
1900-11-16 15:00:00+01:00;2;25.97034932
1900-11-16 16:00:00+01:00;1.8;28.55574601
1900-11-16 17:00:00+01:00;1.5;30.17303992
1900-11-16 18:00:00+01:00;1.5;30.6189965
1900-11-16 19:00:00+01:00;1.5;30.95575156
1900-11-16 20:00:00+01:00;1.5;30.86486229
1900-11-16 21:00:00+01:00;1.3;29.46581836
1900-11-16 22:00:00+01:00;1.2;26.86901158
1900-11-16 23:00:00+01:00;0.7;24.77323616
1900-11-17 00:00:00+01:00;1.4;22.56669568
1900-11-17 01:00:00+01:00;0.6;21.01147024
1900-11-17 02:00:00+01:00;0.2;20.41176471
1900-11-17 03:00:00+01:00;0.4;19.97841888
1900-11-17 04:00:00+01:00;0;20.08094597
1900-11-17 05:00:00+01:00;0.4;20.26405321
1900-11-17 06:00:00+01:00;0.2;22.21818012
1900-11-17 07:00:00+01:00;0;24.07563509
1900-11-17 08:00:00+01:00;-0.6;28.40134877
1900-11-17 09:00:00+01:00;0.6;31.83502305
1900-11-17 10:00:00+01:00;0.5;32.60021067
1900-11-17 11:00:00+01:00;0.6;32.54173796
1900-11-17 12:00:00+01:00;0.3;31.29840117
1900-11-17 13:00:00+01:00;0;30.60205262
1900-11-17 14:00:00+01:00;0.6;29.73217907
1900-11-17 15:00:00+01:00;0;30.36763716
1900-11-17 16:00:00+01:00;-1.2;31.73447703
1900-11-17 17:00:00+01:00;-1.4;32.95524459
1900-11-17 18:00:00+01:00;-1.7;33.53345729
1900-11-17 19:00:00+01:00;-2.3;33.59889381
1900-11-17 20:00:00+01:00;-2.3;32.93724494
1900-11-17 21:00:00+01:00;-2.8;31.12232509
1900-11-17 22:00:00+01:00;-3;28.34556174
1900-11-17 23:00:00+01:00;-2;26.24182255
1900-11-18 00:00:00+01:00;-2.1;25.02168769
1900-11-18 01:00:00+01:00;-3.9;23.83057622
1900-11-18 02:00:00+01:00;-5.5;23.86834314
1900-11-18 03:00:00+01:00;-5.8;23.54502352
1900-11-18 04:00:00+01:00;-5.6;23.49186185
1900-11-18 05:00:00+01:00;-6.3;24.32048219
1900-11-18 06:00:00+01:00;-5.3;25.87850217
1900-11-18 07:00:00+01:00;-5.6;28.17868724
1900-11-18 08:00:00+01:00;-6.1;32.76735304
1900-11-18 09:00:00+01:00;-4.6;36.1680585
1900-11-18 10:00:00+01:00;-3.1;36.53353363
1900-11-18 11:00:00+01:00;-2.5;36.3326378
1900-11-18 12:00:00+01:00;-1;33.78660549
1900-11-18 13:00:00+01:00;-1.5;33.30248834
1900-11-18 14:00:00+01:00;-1.7;32.66059043
1900-11-18 15:00:00+01:00;-2;33.14420345
1900-11-18 16:00:00+01:00;-2.5;34.17092335
1900-11-18 17:00:00+01:00;-3.4;35.90775132
1900-11-18 18:00:00+01:00;-4.3;36.86855895
1900-11-18 19:00:00+01:00;-6.1;37.53241314
1900-11-18 20:00:00+01:00;-6.3;36.92527799
1900-11-18 21:00:00+01:00;-6.6;34.93284593
1900-11-18 22:00:00+01:00;-7.1;32.01344231
1900-11-18 23:00:00+01:00;-8.3;30.57212668
1900-11-19 00:00:00+01:00;-9.6;28.74753881
1900-11-19 01:00:00+01:00;-8.8;26.99651436
1900-11-19 02:00:00+01:00;-8.7;26.69262568
1900-11-19 03:00:00+01:00;-9.3;27.02662799
1900-11-19 04:00:00+01:00;-8.3;27.19640151
1900-11-19 05:00:00+01:00;-6.3;28.16906962
1900-11-19 06:00:00+01:00;-5.6;34.68947652
1900-11-19 07:00:00+01:00;-4.6;39.59297151
1900-11-19 08:00:00+01:00;-3.6;33.51610284
1900-11-19 09:00:00+01:00;-4.8;34.45786907
1900-11-19 10:00:00+01:00;-3;33.00099376
1900-11-19 11:00:00+01:00;-2.4;31.33381342
1900-11-19 12:00:00+01:00;-2.5;30.9033153
1900-11-19 13:00:00+01:00;-2.5;30.41046526
1900-11-19 14:00:00+01:00;-2.5;31.21007171
1900-11-19 15:00:00+01:00;-3;31.28577301
1900-11-19 16:00:00+01:00;-3.3;34.39801048
1900-11-19 17:00:00+01:00;-3.6;36.37067948
1900-11-19 18:00:00+01:00;-4.1;37.05059856
1900-11-19 19:00:00+01:00;-3;36.71268203
1900-11-19 20:00:00+01:00;-3;36.87762037
1900-11-19 21:00:00+01:00;-2.9;35.11173756
1900-11-19 22:00:00+01:00;-2.8;32.13903108
1900-11-19 23:00:00+01:00;-4.3;30.38035371
1900-11-20 00:00:00+01:00;-4.8;27.03660156
1900-11-20 01:00:00+01:00;-4.3;25.40182376
1900-11-20 02:00:00+01:00;-4;24.80402997
1900-11-20 03:00:00+01:00;-4.1;24.68821222
1900-11-20 04:00:00+01:00;-3.5;24.62183223
1900-11-20 05:00:00+01:00;-3.8;26.23592814
1900-11-20 06:00:00+01:00;-3.5;32.74362705
1900-11-20 07:00:00+01:00;-4;38.06017531
1900-11-20 08:00:00+01:00;-4;32.502498
1900-11-20 09:00:00+01:00;-3.5;32.75259392
1900-11-20 10:00:00+01:00;-4.6;32.44885209
1900-11-20 11:00:00+01:00;-4.6;31.18677347
1900-11-20 12:00:00+01:00;-3.3;30.39421129
1900-11-20 13:00:00+01:00;-3.3;29.9232172
1900-11-20 14:00:00+01:00;-3.5;30.92647247
1900-11-20 15:00:00+01:00;-4.8;31.72817347
1900-11-20 16:00:00+01:00;-4.1;34.22666021
1900-11-20 17:00:00+01:00;-4.6;36.19759102
1900-11-20 18:00:00+01:00;-3.4;35.92394361
1900-11-20 19:00:00+01:00;-2.8;35.9088455
1900-11-20 20:00:00+01:00;-3.9;36.41808193
1900-11-20 21:00:00+01:00;-3.4;34.56424978
1900-11-20 22:00:00+01:00;-3.5;31.79936548
1900-11-20 23:00:00+01:00;-3;29.46622252
1900-11-21 00:00:00+01:00;-3;26.01150892
1900-11-21 01:00:00+01:00;-2.6;24.55763461
1900-11-21 02:00:00+01:00;-2.9;24.21370206
1900-11-21 03:00:00+01:00;-3;24.20156529
1900-11-21 04:00:00+01:00;-3.8;24.67354933
1900-11-21 05:00:00+01:00;-3.4;26.12713366
1900-11-21 06:00:00+01:00;-3.3;32.79445226
1900-11-21 07:00:00+01:00;-5;38.6729386
1900-11-21 08:00:00+01:00;-5.3;33.03070011
1900-11-21 09:00:00+01:00;-4.5;33.23872335
1900-11-21 10:00:00+01:00;-1.7;31.43351763
1900-11-21 11:00:00+01:00;-1.4;29.89698021
1900-11-21 12:00:00+01:00;-1.2;29.26561191
1900-11-21 13:00:00+01:00;-1.5;28.89485586
1900-11-21 14:00:00+01:00;-1.9;29.87478838
1900-11-21 15:00:00+01:00;-1.2;29.51750845
1900-11-21 16:00:00+01:00;-1.7;32.54140802
1900-11-21 17:00:00+01:00;-2.4;34.56385769
1900-11-21 18:00:00+01:00;-2.3;34.89438701
1900-11-21 19:00:00+01:00;-6.8;37.6897393
1900-11-21 20:00:00+01:00;-5.1;36.41675954
1900-11-21 21:00:00+01:00;-6.1;35.05456443
1900-11-21 22:00:00+01:00;-5;31.90381758
1900-11-21 23:00:00+01:00;-2.5;28.92519094
1900-11-22 00:00:00+01:00;-2.1;25.36214243
1900-11-22 01:00:00+01:00;-1.2;23.81406145
1900-11-22 02:00:00+01:00;-1.2;23.37653676
1900-11-22 03:00:00+01:00;-0.8;23.17686871
1900-11-22 04:00:00+01:00;-0.8;23.24450539
1900-11-22 05:00:00+01:00;-0.3;24.60271055
1900-11-22 06:00:00+01:00;-0.5;31.49008293
1900-11-22 07:00:00+01:00;-0.7;35.71258357
1900-11-22 08:00:00+01:00;-0.3;30.55268523
1900-11-22 09:00:00+01:00;-0.3;30.8722292
1900-11-22 10:00:00+01:00;-0.1;29.75056609
1900-11-22 11:00:00+01:00;0;28.42703399
1900-11-22 12:00:00+01:00;0.3;27.73139485
1900-11-22 13:00:00+01:00;0.1;27.35162133
1900-11-22 14:00:00+01:00;0.4;27.92553816
1900-11-22 15:00:00+01:00;0.1;28.31184379
1900-11-22 16:00:00+01:00;-0.3;31.19498345
1900-11-22 17:00:00+01:00;-0.3;32.7720192
1900-11-22 18:00:00+01:00;-1;33.54292901
1900-11-22 19:00:00+01:00;-1.5;34.01698009
1900-11-22 20:00:00+01:00;-2;34.01505979
1900-11-22 21:00:00+01:00;-2.3;32.38302856
1900-11-22 22:00:00+01:00;-2.1;29.50364203
1900-11-22 23:00:00+01:00;-4.8;28.03769363
1900-11-23 00:00:00+01:00;-4.6;24.77597043
1900-11-23 01:00:00+01:00;-7.3;23.99473502
1900-11-23 02:00:00+01:00;-9.5;24.45154627
1900-11-23 03:00:00+01:00;-7.5;24.2302636
1900-11-23 04:00:00+01:00;-11.7;26.33762858
1900-11-23 05:00:00+01:00;-10.7;27.81988568
1900-11-23 06:00:00+01:00;-12;33.96215704
1900-11-23 07:00:00+01:00;-11.2;41.82933044
1900-11-23 08:00:00+01:00;-11.6;35.25476775
1900-11-23 09:00:00+01:00;-8.6;34.88954934
1900-11-23 10:00:00+01:00;-6.1;33.84374476
1900-11-23 11:00:00+01:00;-5.1;32.20318097
1900-11-23 12:00:00+01:00;-4.6;31.8393843
1900-11-23 13:00:00+01:00;-4.1;31.1707861
1900-11-23 14:00:00+01:00;-3.3;31.68791876
1900-11-23 15:00:00+01:00;-3.6;31.69599861
1900-11-23 16:00:00+01:00;-3.5;34.64184784
1900-11-23 17:00:00+01:00;-4;36.8077873
1900-11-23 18:00:00+01:00;-3.5;37.00430279
1900-11-23 19:00:00+01:00;-3.5;37.35276751
1900-11-23 20:00:00+01:00;-3.8;37.80347685
1900-11-23 21:00:00+01:00;-3.1;35.92297039
1900-11-23 22:00:00+01:00;-2.4;32.84171839
1900-11-23 23:00:00+01:00;-1.4;30.50763882
1900-11-24 00:00:00+01:00;-1.2;28.5868727
1900-11-24 01:00:00+01:00;-1.7;26.50576787
1900-11-24 02:00:00+01:00;-1.5;25.04510768
1900-11-24 03:00:00+01:00;-1.4;24.76855611
1900-11-24 04:00:00+01:00;-1.9;24.68694013
1900-11-24 05:00:00+01:00;-2.1;24.68734951
1900-11-24 06:00:00+01:00;-1.5;26.60895489
1900-11-24 07:00:00+01:00;-1.9;27.81897505
1900-11-24 08:00:00+01:00;-1.9;31.45433136
1900-11-24 09:00:00+01:00;-2;35.40044305
1900-11-24 10:00:00+01:00;-2.3;36.12378504
1900-11-24 11:00:00+01:00;-2;35.84744655
1900-11-24 12:00:00+01:00;-1.7;33.94202577
1900-11-24 13:00:00+01:00;-1.5;32.93617138
1900-11-24 14:00:00+01:00;-1;31.86851181
1900-11-24 15:00:00+01:00;-1.5;32.39792418
1900-11-24 16:00:00+01:00;-1;32.75164325
1900-11-24 17:00:00+01:00;-0.7;33.70037745
1900-11-24 18:00:00+01:00;-0.5;33.98318103
1900-11-24 19:00:00+01:00;-0.3;33.67495343
1900-11-24 20:00:00+01:00;0;32.98677988
1900-11-24 21:00:00+01:00;0;31.0263579
1900-11-24 22:00:00+01:00;-0.1;28.02028997
1900-11-24 23:00:00+01:00;-0.3;26.34178722
1900-11-25 00:00:00+01:00;-0.1;24.95857216
1900-11-25 01:00:00+01:00;0;22.99058824
1900-11-25 02:00:00+01:00;0;22.00460891
1900-11-25 03:00:00+01:00;-0.1;21.72773657
1900-11-25 04:00:00+01:00;-0.8;21.86757318
1900-11-25 05:00:00+01:00;-0.6;22.00290952
1900-11-25 06:00:00+01:00;-1;24.12853917
1900-11-25 07:00:00+01:00;-1.2;25.81583545
1900-11-25 08:00:00+01:00;-1;29.71259426
1900-11-25 09:00:00+01:00;-1;33.6402596
1900-11-25 10:00:00+01:00;-1.2;34.40629007
1900-11-25 11:00:00+01:00;-1.2;34.39031825
1900-11-25 12:00:00+01:00;-1;32.75148499
1900-11-25 13:00:00+01:00;-0.7;31.68250042
1900-11-25 14:00:00+01:00;-0.7;31.05311777
1900-11-25 15:00:00+01:00;-0.7;31.28896607
1900-11-25 16:00:00+01:00;-1.2;32.23065334
1900-11-25 17:00:00+01:00;-0.8;33.11829886
1900-11-25 18:00:00+01:00;-0.7;33.47357762
1900-11-25 19:00:00+01:00;-0.6;33.22672884
1900-11-25 20:00:00+01:00;-0.7;32.71314915
1900-11-25 21:00:00+01:00;-0.8;30.81069443
1900-11-25 22:00:00+01:00;-1.5;28.1141453
1900-11-25 23:00:00+01:00;-0.7;26.10800788
1900-11-26 00:00:00+01:00;-2;23.84373117
1900-11-26 01:00:00+01:00;-1.7;22.36408262
1900-11-26 02:00:00+01:00;-0.7;21.77115547
1900-11-26 03:00:00+01:00;-1;21.86267882
1900-11-26 04:00:00+01:00;-1.7;22.36355761
1900-11-26 05:00:00+01:00;-2.5;24.2161994
1900-11-26 06:00:00+01:00;-2.8;30.66677293
1900-11-26 07:00:00+01:00;-2.5;35.83093364
1900-11-26 08:00:00+01:00;-4.3;31.21838915
1900-11-26 09:00:00+01:00;-2.9;31.09796698
1900-11-26 10:00:00+01:00;-2.1;30.17449488
1900-11-26 11:00:00+01:00;-0.5;28.33875557
1900-11-26 12:00:00+01:00;-0.3;27.78829267
1900-11-26 13:00:00+01:00;0;27.19579238
1900-11-26 14:00:00+01:00;-0.3;28.13917568
1900-11-26 15:00:00+01:00;-1.5;29.11748684
1900-11-26 16:00:00+01:00;-2.5;32.41152394
1900-11-26 17:00:00+01:00;-4.3;35.02647809
1900-11-26 18:00:00+01:00;-5.8;36.28571455
1900-11-26 19:00:00+01:00;-6.6;37.14118557
1900-11-26 20:00:00+01:00;-6;36.2893372
1900-11-26 21:00:00+01:00;-8;35.32444663
1900-11-26 22:00:00+01:00;-7.8;32.57810918
1900-11-26 23:00:00+01:00;-10.2;31.08023713
1900-11-27 00:00:00+01:00;-10.2;28.18850353
1900-11-27 01:00:00+01:00;-12.3;27.18915656
1900-11-27 02:00:00+01:00;-12.2;27.15345732
1900-11-27 03:00:00+01:00;-9.7;26.8684344
1900-11-27 04:00:00+01:00;-8.2;27.01969485
1900-11-27 05:00:00+01:00;-9;29.02229732
1900-11-27 06:00:00+01:00;-9.7;35.64240962
1900-11-27 07:00:00+01:00;-13.8;44.76816759
1900-11-27 08:00:00+01:00;-14.7;37.78236295
1900-11-27 09:00:00+01:00;-13.2;37.99028337
1900-11-27 10:00:00+01:00;-7.6;36.0644108
1900-11-27 11:00:00+01:00;-4.8;33.56980162
1900-11-27 12:00:00+01:00;-4;32.84029705
1900-11-27 13:00:00+01:00;-3.4;32.06692985
1900-11-27 14:00:00+01:00;-5.8;34.17758681
1900-11-27 15:00:00+01:00;-7;34.42031939
1900-11-27 16:00:00+01:00;-8.6;38.58464177
1900-11-27 17:00:00+01:00;-10.3;41.51391257
1900-11-27 18:00:00+01:00;-12.7;43.27796817
1900-11-27 19:00:00+01:00;-11.3;42.93610417
1900-11-27 20:00:00+01:00;-11;42.51310055
1900-11-27 21:00:00+01:00;-10.6;40.45510696
1900-11-27 22:00:00+01:00;-9.2;37.02578883
1900-11-27 23:00:00+01:00;-8;34.54853552
1900-11-28 00:00:00+01:00;-7.5;30.97122474
1900-11-28 01:00:00+01:00;-6.3;29.29615496
1900-11-28 02:00:00+01:00;-5.1;28.35907599
1900-11-28 03:00:00+01:00;-6;28.46808509
1900-11-28 04:00:00+01:00;-5.3;28.26245333
1900-11-28 05:00:00+01:00;-4.3;29.49161616
1900-11-28 06:00:00+01:00;-3.8;36.67113736
1900-11-28 07:00:00+01:00;-2.4;39.97892427
1900-11-28 08:00:00+01:00;-2.6;34.42513223
1900-11-28 09:00:00+01:00;-2;34.78189881
1900-11-28 10:00:00+01:00;-0.6;32.83414938
1900-11-28 11:00:00+01:00;-0.1;31.006263
1900-11-28 12:00:00+01:00;-1.5;30.82545186
1900-11-28 13:00:00+01:00;-1;30.01411883
1900-11-28 14:00:00+01:00;-0.7;30.44588339
1900-11-28 15:00:00+01:00;-3.5;31.62136047
1900-11-28 16:00:00+01:00;-2.6;33.95684939
1900-11-28 17:00:00+01:00;-4.1;36.47952987
1900-11-28 18:00:00+01:00;-4.5;36.94006417
1900-11-28 19:00:00+01:00;-5;37.39775104
1900-11-28 20:00:00+01:00;-4.3;36.78917504
1900-11-28 21:00:00+01:00;-5;35.16672914
1900-11-28 22:00:00+01:00;-5.6;32.43896164
1900-11-28 23:00:00+01:00;-6.8;30.47788903
1900-11-29 00:00:00+01:00;-6.8;27.20440401
1900-11-29 01:00:00+01:00;-7.8;25.91858971
1900-11-29 02:00:00+01:00;-6.5;25.2682944
1900-11-29 03:00:00+01:00;-7.1;25.51074988
1900-11-29 04:00:00+01:00;-6.6;25.77032482
1900-11-29 05:00:00+01:00;-7.6;27.73814318
1900-11-29 06:00:00+01:00;-7.3;34.0151301
1900-11-29 07:00:00+01:00;-6.5;39.94217202
1900-11-29 08:00:00+01:00;-6;33.80764252
1900-11-29 09:00:00+01:00;-5.3;34.17431124
1900-11-29 10:00:00+01:00;-4.1;33.15006334
1900-11-29 11:00:00+01:00;-2.4;31.15427079
1900-11-29 12:00:00+01:00;-2;30.48264231
1900-11-29 13:00:00+01:00;-2.8;30.39433031
1900-11-29 14:00:00+01:00;-3;31.35324235
1900-11-29 15:00:00+01:00;-5;32.31336937
1900-11-29 16:00:00+01:00;-5.1;35.37088886
1900-11-29 17:00:00+01:00;-5.5;37.36993392
1900-11-29 18:00:00+01:00;-7.1;38.66023042
1900-11-29 19:00:00+01:00;-8.2;39.62363181
1900-11-29 20:00:00+01:00;-8;39.15373115
1900-11-29 21:00:00+01:00;-8.2;37.42089909
1900-11-29 22:00:00+01:00;-6.3;33.91160017
1900-11-29 23:00:00+01:00;-6.1;31.6687817
1900-11-30 00:00:00+01:00;-7;28.62569598
1900-11-30 01:00:00+01:00;-6.3;26.98014348
1900-11-30 02:00:00+01:00;-8.1;27.08688681
1900-11-30 03:00:00+01:00;-10;27.73429405
1900-11-30 04:00:00+01:00;-9.1;27.92284626
1900-11-30 05:00:00+01:00;-7.3;28.95591078
1900-11-30 06:00:00+01:00;-7.6;35.64575332
1900-11-30 07:00:00+01:00;-7.1;41.3792409
1900-11-30 08:00:00+01:00;-6.8;35.100522
1900-11-30 09:00:00+01:00;-5.5;35.34860561
1900-11-30 10:00:00+01:00;-3.5;33.79718486
1900-11-30 11:00:00+01:00;-2.5;31.92809887
1900-11-30 12:00:00+01:00;-2;31.12441024
1900-11-30 13:00:00+01:00;-1.4;30.28281128
1900-11-30 14:00:00+01:00;-1.4;30.95549001
1900-11-30 15:00:00+01:00;-1;30.33616866
1900-11-30 16:00:00+01:00;-1;33.17677305
1900-11-30 17:00:00+01:00;-1.7;35.36394582
1900-11-30 18:00:00+01:00;-2;35.87414294
1900-11-30 19:00:00+01:00;-2.4;36.28585225
1900-11-30 20:00:00+01:00;-2;36.28451972
1900-11-30 21:00:00+01:00;-2.3;34.64306547
1900-11-30 22:00:00+01:00;-3.7;32.21657761
1900-11-30 23:00:00+01:00;-6.8;30.96715993
1900-12-01 00:00:00+01:00;-7.5;29.75567857
1900-12-01 01:00:00+01:00;-7.7;27.7033859
1900-12-01 02:00:00+01:00;-9.8;27.66986682
1900-12-01 03:00:00+01:00;-11.3;27.48461559
1900-12-01 04:00:00+01:00;-10.2;26.94237329
1900-12-01 05:00:00+01:00;-12.2;28.21206758
1900-12-01 06:00:00+01:00;-9.1;28.80056672
1900-12-01 07:00:00+01:00;-10.6;31.26266603
1900-12-01 08:00:00+01:00;-12.8;36.99161534
1900-12-01 09:00:00+01:00;-11;40.62248776
1900-12-01 10:00:00+01:00;-9;41.51467806
1900-12-01 11:00:00+01:00;-7.5;41.55509406
1900-12-01 12:00:00+01:00;-7.6;40.12062893
1900-12-01 13:00:00+01:00;-6.6;38.47374319
1900-12-01 14:00:00+01:00;-6.1;37.63762405
1900-12-01 15:00:00+01:00;-6.3;38.41511154
1900-12-01 16:00:00+01:00;-6.3;39.24096444
1900-12-01 17:00:00+01:00;-6;40.36138574
1900-12-01 18:00:00+01:00;-5.6;40.41477147
1900-12-01 19:00:00+01:00;-5.5;40.1871315
1900-12-01 20:00:00+01:00;-5.3;39.68011896
1900-12-01 21:00:00+01:00;-5.3;37.84648548
1900-12-01 22:00:00+01:00;-4.8;34.6705229
1900-12-01 23:00:00+01:00;-4.5;32.90460276
1900-12-02 00:00:00+01:00;-4.1;31.19629376
1900-12-02 01:00:00+01:00;-4.1;28.70067204
1900-12-02 02:00:00+01:00;-4.1;27.27713802
1900-12-02 03:00:00+01:00;-3.8;26.82124867
1900-12-02 04:00:00+01:00;-3.6;26.56161558
1900-12-02 05:00:00+01:00;-3.6;26.50148272
1900-12-02 06:00:00+01:00;-3.4;28.54448038
1900-12-02 07:00:00+01:00;-2.5;29.0499903
1900-12-02 08:00:00+01:00;-2.5;32.80949499
1900-12-02 09:00:00+01:00;-2;37.16586029
1900-12-02 10:00:00+01:00;-1.2;37.73563918
1900-12-02 11:00:00+01:00;-0.7;37.15874469
1900-12-02 12:00:00+01:00;-1;35.28323866
1900-12-02 13:00:00+01:00;-0.8;34.10971717
1900-12-02 14:00:00+01:00;-0.7;33.17548423
1900-12-02 15:00:00+01:00;-0.5;33.56056997
1900-12-02 16:00:00+01:00;-0.3;34.04204294
1900-12-02 17:00:00+01:00;-0.3;35.09624691
1900-12-02 18:00:00+01:00;-0.3;35.16673443
1900-12-02 19:00:00+01:00;-2;35.70060771
1900-12-02 20:00:00+01:00;-2.1;35.05553522
1900-12-02 21:00:00+01:00;-2.3;33.10546991
1900-12-02 22:00:00+01:00;-3.4;30.67653122
1900-12-02 23:00:00+01:00;-1.9;28.31565321
1900-12-03 00:00:00+01:00;-3;25.39218807
1900-12-03 01:00:00+01:00;-3.1;23.6877955
1900-12-03 02:00:00+01:00;-3.4;23.25503047
1900-12-03 03:00:00+01:00;-5;23.70205613
1900-12-03 04:00:00+01:00;-4.6;23.96478539
1900-12-03 05:00:00+01:00;-4.5;25.37663162
1900-12-03 06:00:00+01:00;-4.8;31.52957264
1900-12-03 07:00:00+01:00;-5.1;37.76781527
1900-12-03 08:00:00+01:00;-5.6;32.52472528
1900-12-03 09:00:00+01:00;-4.6;32.95935722
1900-12-03 10:00:00+01:00;-4;32.25772418
1900-12-03 11:00:00+01:00;-2.3;30.27843549
1900-12-03 12:00:00+01:00;-2.4;29.96974743
1900-12-03 13:00:00+01:00;-1.4;29.03948482
1900-12-03 14:00:00+01:00;-1.4;29.59610864
1900-12-03 15:00:00+01:00;-3.4;31.08935815
1900-12-03 16:00:00+01:00;-3.5;34.7257808
1900-12-03 17:00:00+01:00;-4.6;37.39342773
1900-12-03 18:00:00+01:00;-4;37.31654437
1900-12-03 19:00:00+01:00;-5;37.90747048
1900-12-03 20:00:00+01:00;-4.5;37.49233285
1900-12-03 21:00:00+01:00;-3.6;35.60793638
1900-12-03 22:00:00+01:00;-4.3;33.1555615
1900-12-03 23:00:00+01:00;-3.5;30.57448379
1900-12-04 00:00:00+01:00;-3.4;26.62187263
1900-12-04 01:00:00+01:00;-3.3;25.00716911
1900-12-04 02:00:00+01:00;-2.5;24.27285423
1900-12-04 03:00:00+01:00;-2;24.00181116
1900-12-04 04:00:00+01:00;-1.7;23.97585466
1900-12-04 05:00:00+01:00;-0.3;24.89857466
1900-12-04 06:00:00+01:00;0.4;31.47078866
1900-12-04 07:00:00+01:00;4.4;33.28674647
1900-12-04 08:00:00+01:00;7.4;28.42671643
1900-12-04 09:00:00+01:00;5.5;29.77100419
1900-12-04 10:00:00+01:00;11.2;25.56101109
1900-12-04 11:00:00+01:00;8.9;24.787896
1900-12-04 12:00:00+01:00;9.6;22.85671026
1900-12-04 13:00:00+01:00;7.8;23.14405999
1900-12-04 14:00:00+01:00;7.7;23.21119751
1900-12-04 15:00:00+01:00;4.7;25.33335273
1900-12-04 16:00:00+01:00;1.3;30.36965695
1900-12-04 17:00:00+01:00;2;31.67512295
1900-12-04 18:00:00+01:00;2;31.78244429
1900-12-04 19:00:00+01:00;1.4;31.97391705
1900-12-04 20:00:00+01:00;1.2;31.79791705
1900-12-04 21:00:00+01:00;0.6;30.49560138
1900-12-04 22:00:00+01:00;0.4;27.91034765
1900-12-04 23:00:00+01:00;-1.5;25.82460171
1900-12-05 00:00:00+01:00;-2;22.09301271
1900-12-05 01:00:00+01:00;-0.8;19.73704701
1900-12-05 02:00:00+01:00;-1.2;19.353332
1900-12-05 03:00:00+01:00;-3.5;20.01243615
1900-12-05 04:00:00+01:00;-2.9;20.39514657
1900-12-05 05:00:00+01:00;-2.9;21.81157034
1900-12-05 06:00:00+01:00;-3;27.32298418
1900-12-05 07:00:00+01:00;-4.3;34.49057213
1900-12-05 08:00:00+01:00;-5.1;29.79130708
1900-12-05 09:00:00+01:00;-4.1;30.04869857
1900-12-05 10:00:00+01:00;-3.3;29.87521929
1900-12-05 11:00:00+01:00;-2.8;28.80119532
1900-12-05 12:00:00+01:00;-2.3;28.67377796
1900-12-05 13:00:00+01:00;0.1;27.27410898
1900-12-05 14:00:00+01:00;1.6;27.15125034
1900-12-05 15:00:00+01:00;1.8;27.6106689
1900-12-05 16:00:00+01:00;-0.3;32.16565497
1900-12-05 17:00:00+01:00;-0.3;34.13800817
1900-12-05 18:00:00+01:00;1.8;33.23681125
1900-12-05 19:00:00+01:00;4.5;31.7248383
1900-12-05 20:00:00+01:00;4.3;32.51357966
1900-12-05 21:00:00+01:00;2.8;31.75888079
1900-12-05 22:00:00+01:00;2.6;29.19178871
1900-12-05 23:00:00+01:00;3.6;26.52282676
1900-12-06 00:00:00+01:00;4.3;21.99936529
1900-12-06 01:00:00+01:00;3.5;20.76117157
1900-12-06 02:00:00+01:00;2.4;20.43380085
1900-12-06 03:00:00+01:00;2.8;20.05450286
1900-12-06 04:00:00+01:00;3.2;19.89509442
1900-12-06 05:00:00+01:00;3;21.22637314
1900-12-06 06:00:00+01:00;2.2;27.72779209
1900-12-06 07:00:00+01:00;2.1;31.84889807
1900-12-06 08:00:00+01:00;2.3;27.57195413
1900-12-06 09:00:00+01:00;1.5;28.15455043
1900-12-06 10:00:00+01:00;2.7;26.67387584
1900-12-06 11:00:00+01:00;3.4;25.12849208
1900-12-06 12:00:00+01:00;4;24.09960266
1900-12-06 13:00:00+01:00;3;24.16508763
1900-12-06 14:00:00+01:00;2.4;24.9735807
1900-12-06 15:00:00+01:00;1.4;26.57082295
1900-12-06 16:00:00+01:00;-0.1;30.57895096
1900-12-06 17:00:00+01:00;-2.1;33.39377606
1900-12-06 18:00:00+01:00;-3;34.11006893
1900-12-06 19:00:00+01:00;-3.1;34.30660303
1900-12-06 20:00:00+01:00;-3.1;33.69005616
1900-12-06 21:00:00+01:00;-2.8;32.12443133
1900-12-06 22:00:00+01:00;-2.4;29.53169832
1900-12-06 23:00:00+01:00;-2;26.95330505
1900-12-07 00:00:00+01:00;-2.4;23.38584505
1900-12-07 01:00:00+01:00;-2;21.57449517
1900-12-07 02:00:00+01:00;-1.7;21.15307348
1900-12-07 03:00:00+01:00;-0.8;20.9952856
1900-12-07 04:00:00+01:00;-0.5;21.28974915
1900-12-07 05:00:00+01:00;-1;22.9609432
1900-12-07 06:00:00+01:00;-1;29.21849991
1900-12-07 07:00:00+01:00;-1;34.41308537
1900-12-07 08:00:00+01:00;-0.7;29.75622452
1900-12-07 09:00:00+01:00;-0.6;30.41925451
1900-12-07 10:00:00+01:00;-1;29.83953684
1900-12-07 11:00:00+01:00;-0.3;28.39724085
1900-12-07 12:00:00+01:00;-0.1;27.93772264
1900-12-07 13:00:00+01:00;0.1;27.47732428
1900-12-07 14:00:00+01:00;0;28.10294486
1900-12-07 15:00:00+01:00;-0.3;28.83267684
1900-12-07 16:00:00+01:00;-0.5;32.33453421
1900-12-07 17:00:00+01:00;-0.6;34.29568678
1900-12-07 18:00:00+01:00;-2.3;35.40381916
1900-12-07 19:00:00+01:00;-3;35.7732397
1900-12-07 20:00:00+01:00;-2.5;35.24939854
1900-12-07 21:00:00+01:00;-2.5;33.69863788
1900-12-07 22:00:00+01:00;-3.4;31.3772754
1900-12-07 23:00:00+01:00;-5;29.39315424
1900-12-08 00:00:00+01:00;-5.6;27.16626583
1900-12-08 01:00:00+01:00;-3.9;24.68052925
1900-12-08 02:00:00+01:00;-4.6;24.16984091
1900-12-08 03:00:00+01:00;-4.3;23.63288186
1900-12-08 04:00:00+01:00;-3;23.19358123
1900-12-08 05:00:00+01:00;-3;23.53744643
1900-12-08 06:00:00+01:00;-3.3;25.40588247
1900-12-08 07:00:00+01:00;-3.4;26.99494957
1900-12-08 08:00:00+01:00;-3.5;31.42696742
1900-12-08 09:00:00+01:00;-4.1;36.17076013
1900-12-08 10:00:00+01:00;-4;37.47156819
1900-12-08 11:00:00+01:00;-3.5;37.67124829
1900-12-08 12:00:00+01:00;-3;35.92334606
1900-12-08 13:00:00+01:00;-2.4;34.53125432
1900-12-08 14:00:00+01:00;-1.7;33.55072792
1900-12-08 15:00:00+01:00;-2;34.33454705
1900-12-08 16:00:00+01:00;-1.5;34.7380993
1900-12-08 17:00:00+01:00;-1.5;35.89321934
1900-12-08 18:00:00+01:00;-1.2;35.8740942
1900-12-08 19:00:00+01:00;-1.4;35.7192344
1900-12-08 20:00:00+01:00;-1.5;35.2184055
1900-12-08 21:00:00+01:00;-1.2;33.22154734
1900-12-08 22:00:00+01:00;-1.4;30.47350194
1900-12-08 23:00:00+01:00;-1;28.51183409
1900-12-09 00:00:00+01:00;-0.8;26.76568582
1900-12-09 01:00:00+01:00;-0.7;24.36419378
1900-12-09 02:00:00+01:00;-1;23.26539045
1900-12-09 03:00:00+01:00;-1;22.8647224
1900-12-09 04:00:00+01:00;-0.6;22.61813773
1900-12-09 05:00:00+01:00;-0.7;22.76626954
1900-12-09 06:00:00+01:00;-1.5;24.83169174
1900-12-09 07:00:00+01:00;-1.7;26.14545408
1900-12-09 08:00:00+01:00;-3;30.87580398
1900-12-09 09:00:00+01:00;-3.8;35.56123212
1900-12-09 10:00:00+01:00;0.2;35.17774002
1900-12-09 11:00:00+01:00;0.6;34.83896243
1900-12-09 12:00:00+01:00;1.5;32.55848359
1900-12-09 13:00:00+01:00;1.4;31.58792309
1900-12-09 14:00:00+01:00;0.1;31.6617207
1900-12-09 15:00:00+01:00;-0.3;32.44287077
1900-12-09 16:00:00+01:00;0;32.87297962
1900-12-09 17:00:00+01:00;0.7;33.51146888
1900-12-09 18:00:00+01:00;0.6;33.66121315
1900-12-09 19:00:00+01:00;0.7;33.33839993
1900-12-09 20:00:00+01:00;-0.3;33.17227051
1900-12-09 21:00:00+01:00;-1.9;31.81867989
1900-12-09 22:00:00+01:00;-2;29.22035281
1900-12-09 23:00:00+01:00;1.6;26.30676516
1900-12-10 00:00:00+01:00;1.9;22.7574811
1900-12-10 01:00:00+01:00;1.7;21.25584405
1900-12-10 02:00:00+01:00;0.3;21.07871392
1900-12-10 03:00:00+01:00;1.7;20.56685114
1900-12-10 04:00:00+01:00;0.8;20.97225183
1900-12-10 05:00:00+01:00;0;22.61967571
1900-12-10 06:00:00+01:00;-2.3;29.30607114
1900-12-10 07:00:00+01:00;1.3;32.9873194
1900-12-10 08:00:00+01:00;0.6;28.91785973
1900-12-10 09:00:00+01:00;0.1;29.53478728
1900-12-10 10:00:00+01:00;0.8;28.42826155
1900-12-10 11:00:00+01:00;0.7;27.25465806
1900-12-10 12:00:00+01:00;-1.7;28.0083071
1900-12-10 13:00:00+01:00;-2.6;28.10860609
1900-12-10 14:00:00+01:00;-2.9;29.02372511
1900-12-10 15:00:00+01:00;-3.3;30.09135036
1900-12-10 16:00:00+01:00;-2.4;33.00270794
1900-12-10 17:00:00+01:00;-0.6;33.85441279
1900-12-10 18:00:00+01:00;-3.1;35.46298761
1900-12-10 19:00:00+01:00;0.5;33.53644281
1900-12-10 20:00:00+01:00;1.5;33.19653186
1900-12-10 21:00:00+01:00;0.1;32.26458729
1900-12-10 22:00:00+01:00;0.4;29.51439795
1900-12-10 23:00:00+01:00;0.4;27.15148434
1900-12-11 00:00:00+01:00;0.1;23.29580964
1900-12-11 01:00:00+01:00;-0.1;21.78587548
1900-12-11 02:00:00+01:00;0.2;21.22863718
1900-12-11 03:00:00+01:00;-0.3;21.36080035
1900-12-11 04:00:00+01:00;-1.2;21.92670986
1900-12-11 05:00:00+01:00;-1.2;23.37533136
1900-12-11 06:00:00+01:00;-2;29.7194667
1900-12-11 07:00:00+01:00;-2;35.18174744
1900-12-11 08:00:00+01:00;-3;30.73471889
1900-12-11 09:00:00+01:00;-2.8;31.34015645
1900-12-11 10:00:00+01:00;-5.6;31.94780936
1900-12-11 11:00:00+01:00;-5.3;30.70881934
1900-12-11 12:00:00+01:00;-3.6;29.91978161
1900-12-11 13:00:00+01:00;-5.6;30.47782188
1900-12-11 14:00:00+01:00;-6.3;31.6935084
1900-12-11 15:00:00+01:00;-7;32.76382812
1900-12-11 16:00:00+01:00;-7.3;36.5756711
1900-12-11 17:00:00+01:00;-8;38.93800054
1900-12-11 18:00:00+01:00;-10;40.24981256
1900-12-11 19:00:00+01:00;-10;40.4541308
1900-12-11 20:00:00+01:00;-11.1;40.13066625
1900-12-11 21:00:00+01:00;-8.7;37.60353495
1900-12-11 22:00:00+01:00;-7.8;34.74714809
1900-12-11 23:00:00+01:00;-6.8;32.14392824
1900-12-12 00:00:00+01:00;-6.3;28.32837272
1900-12-12 01:00:00+01:00;-6.1;26.74772127
1900-12-12 02:00:00+01:00;-5.8;26.33682868
1900-12-12 03:00:00+01:00;-5;26.24077928
1900-12-12 04:00:00+01:00;-5;26.51385966
1900-12-12 05:00:00+01:00;-1.2;26.83396113
1900-12-12 06:00:00+01:00;-1.7;34.14012244
1900-12-12 07:00:00+01:00;-1.4;38.25480281
1900-12-12 08:00:00+01:00;-1.2;33.36888649
1900-12-12 09:00:00+01:00;-0.7;34.33540846
1900-12-12 10:00:00+01:00;-1.7;33.30930998
1900-12-12 11:00:00+01:00;-1.5;31.57374111
1900-12-12 12:00:00+01:00;-2;31.132733
1900-12-12 13:00:00+01:00;-2.1;30.59262026
1900-12-12 14:00:00+01:00;-2.9;31.43947298
1900-12-12 15:00:00+01:00;-3;31.5108389
1900-12-12 16:00:00+01:00;-4.1;35.7029003
1900-12-12 17:00:00+01:00;-5.3;38.39022223
1900-12-12 18:00:00+01:00;-5.5;38.58874227
1900-12-12 19:00:00+01:00;-7.6;39.66621366
1900-12-12 20:00:00+01:00;-6.5;38.57034482
1900-12-12 21:00:00+01:00;-7.3;37.09400201
1900-12-12 22:00:00+01:00;-8.3;34.68197056
1900-12-12 23:00:00+01:00;-8.5;32.2155003
1900-12-13 00:00:00+01:00;-9.7;28.94411023
1900-12-13 01:00:00+01:00;-9.1;26.87874703
1900-12-13 02:00:00+01:00;-9.7;26.65762426
1900-12-13 03:00:00+01:00;-7.6;26.22772464
1900-12-13 04:00:00+01:00;-9.6;27.3183087
1900-12-13 05:00:00+01:00;-10.8;29.37710596
1900-12-13 06:00:00+01:00;-15.6;36.45534972
1900-12-13 07:00:00+01:00;-10.3;42.9863386
1900-12-13 08:00:00+01:00;-13;37.57869538
1900-12-13 09:00:00+01:00;-11.5;38.26716911
1900-12-13 10:00:00+01:00;-9;37.34319127
1900-12-13 11:00:00+01:00;-9.2;35.97158722
1900-12-13 12:00:00+01:00;-7.3;35.11341753
1900-12-13 13:00:00+01:00;-7;34.49107474
1900-12-13 14:00:00+01:00;-8.2;35.8555792
1900-12-13 15:00:00+01:00;-7.3;35.14505717
1900-12-13 16:00:00+01:00;-8.2;39.6162682
1900-12-13 17:00:00+01:00;-8.1;41.86694348
1900-12-13 18:00:00+01:00;-8.6;42.3785685
1900-12-13 19:00:00+01:00;-8.3;42.23299611
1900-12-13 20:00:00+01:00;-6.6;41.60058424
1900-12-13 21:00:00+01:00;-5.5;39.52825277
1900-12-13 22:00:00+01:00;-5.1;36.48548221
1900-12-13 23:00:00+01:00;-5.1;34.26724186
1900-12-14 00:00:00+01:00;-4.6;29.98466283
1900-12-14 01:00:00+01:00;-2.6;27.97533038
1900-12-14 02:00:00+01:00;0;26.48031718
1900-12-14 03:00:00+01:00;2.7;25.32442692
1900-12-14 04:00:00+01:00;2.9;24.67269204
1900-12-14 05:00:00+01:00;3.1;25.79279453
1900-12-14 06:00:00+01:00;4;32.8632826
1900-12-14 07:00:00+01:00;6;33.84890257
1900-12-14 08:00:00+01:00;5.3;30.27207163
1900-12-14 09:00:00+01:00;4.6;31.21850747
1900-12-14 10:00:00+01:00;3.9;29.43249029
1900-12-14 11:00:00+01:00;3.4;27.87649182
1900-12-14 12:00:00+01:00;2.9;26.97827069
1900-12-14 13:00:00+01:00;4.1;25.74230309
1900-12-14 14:00:00+01:00;3;26.41400767
1900-12-14 15:00:00+01:00;2.1;27.26976644
1900-12-14 16:00:00+01:00;1.8;30.57583114
1900-12-14 17:00:00+01:00;2.2;32.0736047
1900-12-14 18:00:00+01:00;1.3;32.60390937
1900-12-14 19:00:00+01:00;-0.5;33.41159866
1900-12-14 20:00:00+01:00;-2;33.61431974
1900-12-14 21:00:00+01:00;-3.3;32.44914848
1900-12-14 22:00:00+01:00;-3.5;29.87770425
1900-12-14 23:00:00+01:00;-3.8;27.2522578
1900-12-15 00:00:00+01:00;-5.8;25.20831675
1900-12-15 01:00:00+01:00;-6.6;23.5840749
1900-12-15 02:00:00+01:00;-6.1;23.15438635
1900-12-15 03:00:00+01:00;-6.1;22.60004947
1900-12-15 04:00:00+01:00;-6.1;22.56614517
1900-12-15 05:00:00+01:00;-6.1;23.30922651
1900-12-15 06:00:00+01:00;-5.8;24.71871753
1900-12-15 07:00:00+01:00;-8.2;27.87821201
1900-12-15 08:00:00+01:00;-6.8;32.38228391
1900-12-15 09:00:00+01:00;-6;36.57698957
1900-12-15 10:00:00+01:00;-5.3;37.91800337
1900-12-15 11:00:00+01:00;-4.6;38.29636614
1900-12-15 12:00:00+01:00;-3.5;36.33268547
1900-12-15 13:00:00+01:00;-2.5;34.79455542
1900-12-15 14:00:00+01:00;-4.3;35.38345237
1900-12-15 15:00:00+01:00;-4.8;36.34645117
1900-12-15 16:00:00+01:00;-4.5;36.94745042
1900-12-15 17:00:00+01:00;-5.6;38.8206464
1900-12-15 18:00:00+01:00;-6.5;39.56208828
1900-12-15 19:00:00+01:00;-7.1;39.57397746
1900-12-15 20:00:00+01:00;-8.5;39.47164511
1900-12-15 21:00:00+01:00;-8.8;37.49269356
1900-12-15 22:00:00+01:00;-9.3;34.82243788
1900-12-15 23:00:00+01:00;-10.7;33.35479745
1900-12-16 00:00:00+01:00;-12.1;32.22315331
1900-12-16 01:00:00+01:00;-11.6;30.15306459
1900-12-16 02:00:00+01:00;-11.2;29.45801348
1900-12-16 03:00:00+01:00;-13.7;29.7903636
1900-12-16 04:00:00+01:00;-11.7;29.14240947
1900-12-16 05:00:00+01:00;-9.5;29.08024985
1900-12-16 06:00:00+01:00;-8.2;30.70420763
1900-12-16 07:00:00+01:00;-7;31.72485175
1900-12-16 08:00:00+01:00;-6.3;35.67537994
1900-12-16 09:00:00+01:00;-6.3;40.40017376
1900-12-16 10:00:00+01:00;-6.1;41.57197617
1900-12-16 11:00:00+01:00;-6;41.70663142
1900-12-16 12:00:00+01:00;-5.8;39.71350578
1900-12-16 13:00:00+01:00;-5.1;38.34753485
1900-12-16 14:00:00+01:00;-5.1;37.50850442
1900-12-16 15:00:00+01:00;-4;37.44646301
1900-12-16 16:00:00+01:00;-3.5;37.93443371
1900-12-16 17:00:00+01:00;-2.6;38.68408669
1900-12-16 18:00:00+01:00;-2;38.56276013
1900-12-16 19:00:00+01:00;1;36.91605002
1900-12-16 20:00:00+01:00;1;36.64256583
1900-12-16 21:00:00+01:00;1;34.83290602
1900-12-16 22:00:00+01:00;1.1;31.6248543
1900-12-16 23:00:00+01:00;1.1;29.88727383
1900-12-17 00:00:00+01:00;0.7;26.04923005
1900-12-17 01:00:00+01:00;1;24.38710232
1900-12-17 02:00:00+01:00;0.3;23.69532424
1900-12-17 03:00:00+01:00;-0.7;23.49288344
1900-12-17 04:00:00+01:00;-1.4;23.53824351
1900-12-17 05:00:00+01:00;-1.5;24.80927049
1900-12-17 06:00:00+01:00;-1.5;31.14599184
1900-12-17 07:00:00+01:00;-1.2;35.70624638
1900-12-17 08:00:00+01:00;-1.5;30.96549494
1900-12-17 09:00:00+01:00;-1.5;31.55956131
1900-12-17 10:00:00+01:00;-1;30.39280498
1900-12-17 11:00:00+01:00;-1;28.94893085
1900-12-17 12:00:00+01:00;-1;28.42362108
1900-12-17 13:00:00+01:00;-1;27.90231434
1900-12-17 14:00:00+01:00;-1;28.40528446
1900-12-17 15:00:00+01:00;-1.4;29.22613315
1900-12-17 16:00:00+01:00;-1.9;32.86120407
1900-12-17 17:00:00+01:00;-1.4;34.41824079
1900-12-17 18:00:00+01:00;-1.7;34.76441854
1900-12-17 19:00:00+01:00;-2;34.97868189
1900-12-17 20:00:00+01:00;-2.5;35.01289163
1900-12-17 21:00:00+01:00;-3;33.73604046
1900-12-17 22:00:00+01:00;-2.8;31.12724073
1900-12-17 23:00:00+01:00;-2.5;28.65328002
1900-12-18 00:00:00+01:00;-2;24.65575985
1900-12-18 01:00:00+01:00;-2.5;23.2036919
1900-12-18 02:00:00+01:00;-2.8;22.88345444
1900-12-18 03:00:00+01:00;-2.8;22.92009462
1900-12-18 04:00:00+01:00;-3.4;23.43810069
1900-12-18 05:00:00+01:00;-3.5;24.94570602
1900-12-18 06:00:00+01:00;-3.5;31.1715728
1900-12-18 07:00:00+01:00;-3;36.57947474
1900-12-18 08:00:00+01:00;-3.6;31.75899411
1900-12-18 09:00:00+01:00;-3.3;32.41390553
1900-12-18 10:00:00+01:00;-3.5;31.87992492
1900-12-18 11:00:00+01:00;-4.3;30.9128063
1900-12-18 12:00:00+01:00;-4;30.65554391
1900-12-18 13:00:00+01:00;-4.8;30.64206457
1900-12-18 14:00:00+01:00;-5;31.5344425
1900-12-18 15:00:00+01:00;-5.3;32.1913368
1900-12-18 16:00:00+01:00;-4;35.05707224
1900-12-18 17:00:00+01:00;-3.6;36.85599028
1900-12-18 18:00:00+01:00;-5.3;38.02307285
1900-12-18 19:00:00+01:00;-6;38.47361736
1900-12-18 20:00:00+01:00;-7.1;38.59358592
1900-12-18 21:00:00+01:00;-7.8;37.20836385
1900-12-18 22:00:00+01:00;-9.2;35.06941862
1900-12-18 23:00:00+01:00;-7.8;32.22284938
1900-12-19 00:00:00+01:00;-9.8;29.2863942
1900-12-19 01:00:00+01:00;-13.7;28.60421341
1900-12-19 02:00:00+01:00;-14.3;28.61676499
1900-12-19 03:00:00+01:00;-12.3;28.47474211
1900-12-19 04:00:00+01:00;-14;29.76753551
1900-12-19 05:00:00+01:00;-17.5;32.64684879
1900-12-19 06:00:00+01:00;-15.1;37.86782662
1900-12-19 07:00:00+01:00;-13.3;45.69984968
1900-12-19 08:00:00+01:00;-15.7;39.59605271
1900-12-19 09:00:00+01:00;-15.3;40.68308788
1900-12-19 10:00:00+01:00;-12.6;39.99783459
1900-12-19 11:00:00+01:00;-12;38.22073925
1900-12-19 12:00:00+01:00;-10.2;37.56748397
1900-12-19 13:00:00+01:00;-8.8;36.35582749
1900-12-19 14:00:00+01:00;-8.7;37.03064213
1900-12-19 15:00:00+01:00;-8;36.14522525
1900-12-19 16:00:00+01:00;-8.7;40.61580326
1900-12-19 17:00:00+01:00;-9;43.24683474
1900-12-19 18:00:00+01:00;-7.8;42.84724416
1900-12-19 19:00:00+01:00;-8.1;43.04914968
1900-12-19 20:00:00+01:00;-6.8;42.87808823
1900-12-19 21:00:00+01:00;-5.8;40.84771437
1900-12-19 22:00:00+01:00;-5.5;37.78103995
1900-12-19 23:00:00+01:00;-5.3;35.63221112
1900-12-20 00:00:00+01:00;-4.3;31.13904025
1900-12-20 01:00:00+01:00;-3.8;29.57115902
1900-12-20 02:00:00+01:00;-2.9;28.44065223
1900-12-20 03:00:00+01:00;-1.9;27.76734272
1900-12-20 04:00:00+01:00;-0.7;26.89766498
1900-12-20 05:00:00+01:00;-1.4;28.23730549
1900-12-20 06:00:00+01:00;-1.7;35.41500013
1900-12-20 07:00:00+01:00;-1.5;38.9916405
1900-12-20 08:00:00+01:00;-0.5;33.47118784
1900-12-20 09:00:00+01:00;-0.6;34.28115313
1900-12-20 10:00:00+01:00;-0.6;32.64826092
1900-12-20 11:00:00+01:00;-0.6;30.81597737
1900-12-20 12:00:00+01:00;0;29.61822853
1900-12-20 13:00:00+01:00;0.5;28.69745132
1900-12-20 14:00:00+01:00;0;29.19883048
1900-12-20 15:00:00+01:00;1.7;28.33431196
1900-12-20 16:00:00+01:00;1.9;31.47541614
1900-12-20 17:00:00+01:00;-0.3;34.60171982
1900-12-20 18:00:00+01:00;-3;36.18305671
1900-12-20 19:00:00+01:00;-2;35.52763589
1900-12-20 20:00:00+01:00;1.6;33.84724573
1900-12-20 21:00:00+01:00;-3;33.99000602
1900-12-20 22:00:00+01:00;-3.5;31.45448321
1900-12-20 23:00:00+01:00;-3.5;28.89346922
1900-12-21 00:00:00+01:00;-3.3;24.93506732
1900-12-21 01:00:00+01:00;-2.9;23.02256254
1900-12-21 02:00:00+01:00;-3.8;22.79589559
1900-12-21 03:00:00+01:00;-3.5;22.75962588
1900-12-21 04:00:00+01:00;-1;22.31865353
1900-12-21 05:00:00+01:00;-2;24.07109696
1900-12-21 06:00:00+01:00;-2.4;30.40451766
1900-12-21 07:00:00+01:00;0.2;34.41897238
1900-12-21 08:00:00+01:00;-2.5;30.87907091
1900-12-21 09:00:00+01:00;-2.5;31.57549204
1900-12-21 10:00:00+01:00;-1.5;30.53112997
1900-12-21 11:00:00+01:00;-0.3;28.75383246
1900-12-21 12:00:00+01:00;-1.2;28.71626047
1900-12-21 13:00:00+01:00;-0.3;27.8658068
1900-12-21 14:00:00+01:00;-1.4;29.00017084
1900-12-21 15:00:00+01:00;-1.5;29.63084461
1900-12-21 16:00:00+01:00;-1;32.81733673
1900-12-21 17:00:00+01:00;-0.6;34.55932928
1900-12-21 18:00:00+01:00;0.6;34.06838456
1900-12-21 19:00:00+01:00;2.8;32.79247219
1900-12-21 20:00:00+01:00;6.4;31.86487083
1900-12-21 21:00:00+01:00;6;30.67449157
1900-12-21 22:00:00+01:00;3.8;28.66692727
1900-12-21 23:00:00+01:00;4.2;26.13708448
1900-12-22 00:00:00+01:00;2;24.37297636
1900-12-22 01:00:00+01:00;3;21.66427565
1900-12-22 02:00:00+01:00;3.8;20.03553254
1900-12-22 03:00:00+01:00;0.3;20.7172605
1900-12-22 04:00:00+01:00;2.2;20.02330092
1900-12-22 05:00:00+01:00;1.8;20.18139433
1900-12-22 06:00:00+01:00;5.6;21.01942927
1900-12-22 07:00:00+01:00;4.9;21.8829467
1900-12-22 08:00:00+01:00;4.9;25.61420288
1900-12-22 09:00:00+01:00;5.2;29.9546234
1900-12-22 10:00:00+01:00;8.2;29.46901041
1900-12-22 11:00:00+01:00;7.3;29.10621934
1900-12-22 12:00:00+01:00;6.2;27.92551639
1900-12-22 13:00:00+01:00;8.4;25.69569547
1900-12-22 14:00:00+01:00;8.6;24.63792252
1900-12-22 15:00:00+01:00;8;25.45359769
1900-12-22 16:00:00+01:00;7.6;26.11977011
1900-12-22 17:00:00+01:00;6.6;27.53669435
1900-12-22 18:00:00+01:00;6.8;27.39423458
1900-12-22 19:00:00+01:00;8.1;26.50363732
1900-12-22 20:00:00+01:00;7.1;26.51214469
1900-12-22 21:00:00+01:00;3.4;26.13102498
1900-12-22 22:00:00+01:00;5.4;23.17450829
1900-12-22 23:00:00+01:00;3.2;21.88172836
1900-12-23 00:00:00+01:00;0.9;20.8079195
1900-12-23 01:00:00+01:00;5.9;17.37152036
1900-12-23 02:00:00+01:00;1.9;17.82883835
1900-12-23 03:00:00+01:00;1.1;17.41032231
1900-12-23 04:00:00+01:00;1.2;17.19482866
1900-12-23 05:00:00+01:00;2.7;17.04067231
1900-12-23 06:00:00+01:00;0.2;19.03235469
1900-12-23 07:00:00+01:00;-1;21.51063317
1900-12-23 08:00:00+01:00;-0.7;26.13929962
1900-12-23 09:00:00+01:00;-2.1;30.83139594
1900-12-23 10:00:00+01:00;-1.2;32.08677642
1900-12-23 11:00:00+01:00;-1;32.84620394
1900-12-23 12:00:00+01:00;-0.7;31.87348444
1900-12-23 13:00:00+01:00;-0.5;30.65550854
1900-12-23 14:00:00+01:00;-0.1;30.39129123
1900-12-23 15:00:00+01:00;0;30.98404899
1900-12-23 16:00:00+01:00;0.9;31.12038414
1900-12-23 17:00:00+01:00;0;32.70659767
1900-12-23 18:00:00+01:00;1.4;32.11857057
1900-12-23 19:00:00+01:00;2.8;31.29984636
1900-12-23 20:00:00+01:00;3.7;30.5474749
1900-12-23 21:00:00+01:00;6.4;27.89917869
1900-12-23 22:00:00+01:00;5.7;25.64735499
1900-12-23 23:00:00+01:00;7;23.61469489
1900-12-24 00:00:00+01:00;6.3;20.06605634
1900-12-24 01:00:00+01:00;5.7;18.89772764
1900-12-24 02:00:00+01:00;5.6;18.32538946
1900-12-24 03:00:00+01:00;5;18.25019838
1900-12-24 04:00:00+01:00;5;18.26852308
1900-12-24 05:00:00+01:00;5.7;19.38690616
1900-12-24 06:00:00+01:00;5.8;25.80138956
1900-12-24 07:00:00+01:00;5.8;28.94440346
1900-12-24 08:00:00+01:00;6.9;25.13758458
1900-12-24 09:00:00+01:00;6.7;25.4994103
1900-12-24 10:00:00+01:00;5.5;24.46020821
1900-12-24 11:00:00+01:00;6.1;23.02227527
1900-12-24 12:00:00+01:00;4.8;22.78077458
1900-12-24 13:00:00+01:00;4.8;22.3559517
1900-12-24 14:00:00+01:00;4.6;22.85258552
1900-12-24 15:00:00+01:00;4.5;24.1163762
1900-12-24 16:00:00+01:00;5.6;26.38629073
1900-12-24 17:00:00+01:00;4.4;28.61494167
1900-12-24 18:00:00+01:00;4.7;28.60570996
1900-12-24 19:00:00+01:00;5;28.3937266
1900-12-24 20:00:00+01:00;4.7;28.39611645
1900-12-24 21:00:00+01:00;4.5;27.25170402
1900-12-24 22:00:00+01:00;5.1;24.64354515
1900-12-24 23:00:00+01:00;5.2;22.14946279
1900-12-25 00:00:00+01:00;5.4;18.05795404
1900-12-25 01:00:00+01:00;5.2;16.46064468
1900-12-25 02:00:00+01:00;4.1;16.33312489
1900-12-25 03:00:00+01:00;3.8;16.38488851
1900-12-25 04:00:00+01:00;3.1;16.98993494
1900-12-25 05:00:00+01:00;2.5;18.60809608
1900-12-25 06:00:00+01:00;2.4;24.41406406
1900-12-25 07:00:00+01:00;0.8;30.26051258
1900-12-25 08:00:00+01:00;1.7;25.8829802
1900-12-25 09:00:00+01:00;1;26.46353117
1900-12-25 10:00:00+01:00;1;26.00241151
1900-12-25 11:00:00+01:00;2.6;24.4890158
1900-12-25 12:00:00+01:00;3.6;23.61821889
1900-12-25 13:00:00+01:00;3.5;23.36770942
1900-12-25 14:00:00+01:00;3;24.18424039
1900-12-25 15:00:00+01:00;2.4;25.7116316
1900-12-25 16:00:00+01:00;1.7;29.25998937
1900-12-25 17:00:00+01:00;1.6;31.03896268
1900-12-25 18:00:00+01:00;0.7;31.7902991
1900-12-25 19:00:00+01:00;1.8;31.25685466
1900-12-25 20:00:00+01:00;0.9;31.49377572
1900-12-25 21:00:00+01:00;2;29.7680172
1900-12-25 22:00:00+01:00;1;27.68510511
1900-12-25 23:00:00+01:00;2.6;24.77586541
1900-12-26 00:00:00+01:00;3.3;20.58876921
1900-12-26 01:00:00+01:00;2.3;19.33380965
1900-12-26 02:00:00+01:00;2;19.00286502
1900-12-26 03:00:00+01:00;1.5;19.1412887
1900-12-26 04:00:00+01:00;0.8;19.70091596
1900-12-26 05:00:00+01:00;0.5;21.23322357
1900-12-26 06:00:00+01:00;-0.5;27.48417126
1900-12-26 07:00:00+01:00;-0.3;32.72055046
1900-12-26 08:00:00+01:00;0;28.18634449
1900-12-26 09:00:00+01:00;0;28.65177988
1900-12-26 10:00:00+01:00;-0.1;28.0149763
1900-12-26 11:00:00+01:00;0;26.9086349
1900-12-26 12:00:00+01:00;0;26.6594571
1900-12-26 13:00:00+01:00;0.1;26.29867552
1900-12-26 14:00:00+01:00;0.3;26.85036425
1900-12-26 15:00:00+01:00;0.5;27.63113361
1900-12-26 16:00:00+01:00;0.4;30.96215389
1900-12-26 17:00:00+01:00;-0.1;33.07617219
1900-12-26 18:00:00+01:00;1.4;32.4563947
1900-12-26 19:00:00+01:00;2.1;32.06936952
1900-12-26 20:00:00+01:00;2;32.22065317
1900-12-26 21:00:00+01:00;4;30.15455636
1900-12-26 22:00:00+01:00;2.3;28.15157631
1900-12-26 23:00:00+01:00;2.6;25.6860733
1900-12-27 00:00:00+01:00;2.5;21.68519889
1900-12-27 01:00:00+01:00;2.5;20.13597328
1900-12-27 02:00:00+01:00;1.9;19.8083913
1900-12-27 03:00:00+01:00;1.2;19.93289998
1900-12-27 04:00:00+01:00;0.2;20.50213118
1900-12-27 05:00:00+01:00;-2.5;22.80855929
1900-12-27 06:00:00+01:00;-2.1;28.55614673
1900-12-27 07:00:00+01:00;-2.4;34.43128864
1900-12-27 08:00:00+01:00;-3;29.77995726
1900-12-27 09:00:00+01:00;-3.1;30.31488706
1900-12-27 10:00:00+01:00;-4.1;30.34922592
1900-12-27 11:00:00+01:00;-3.9;29.18401287
1900-12-27 12:00:00+01:00;-3;28.7785173
1900-12-27 13:00:00+01:00;-3.6;28.71937261
1900-12-27 14:00:00+01:00;-3.4;29.42686861
1900-12-27 15:00:00+01:00;-5.1;31.2189663
1900-12-27 16:00:00+01:00;-6.1;35.34390074
1900-12-27 17:00:00+01:00;-7.5;38.02513398
1900-12-27 18:00:00+01:00;-7.8;38.46325888
1900-12-27 19:00:00+01:00;-9.2;39.4307618
1900-12-27 20:00:00+01:00;-9.5;38.70416253
1900-12-27 21:00:00+01:00;-9.6;37.20602568
1900-12-27 22:00:00+01:00;-8.7;34.43297909
1900-12-27 23:00:00+01:00;-9.2;32.26828508
1900-12-28 00:00:00+01:00;-8.7;28.6944461
1900-12-28 01:00:00+01:00;-8.6;27.07053641
1900-12-28 02:00:00+01:00;-7.3;26.51733698
1900-12-28 03:00:00+01:00;-6.8;26.62407161
1900-12-28 04:00:00+01:00;-6.6;27.00201404
1900-12-28 05:00:00+01:00;-4.8;27.98427699
1900-12-28 06:00:00+01:00;-5.6;34.98935012
1900-12-28 07:00:00+01:00;-3.9;39.72380451
1900-12-28 08:00:00+01:00;-5;34.83672164
1900-12-28 09:00:00+01:00;-4.6;35.82443461
1900-12-28 10:00:00+01:00;-4.3;34.81473615
1900-12-28 11:00:00+01:00;-4.1;33.14552
1900-12-28 12:00:00+01:00;-3.4;32.36018838
1900-12-28 13:00:00+01:00;-3.3;31.76876336
1900-12-28 14:00:00+01:00;-3.5;32.39079638
1900-12-28 15:00:00+01:00;-3.1;32.03810923
1900-12-28 16:00:00+01:00;-3;35.6145523
1900-12-28 17:00:00+01:00;-3.9;38.23839118
1900-12-28 18:00:00+01:00;-4.1;38.49095578
1900-12-28 19:00:00+01:00;-4.3;38.50197204
1900-12-28 20:00:00+01:00;-4;38.37076898
1900-12-28 21:00:00+01:00;-3.8;36.58591428
1900-12-28 22:00:00+01:00;-4;33.79909996
1900-12-28 23:00:00+01:00;-5.3;31.74264407
1900-12-29 00:00:00+01:00;-7.5;29.92645824
1900-12-29 01:00:00+01:00;-7.6;27.770424
1900-12-29 02:00:00+01:00;-10;27.84507266
1900-12-29 03:00:00+01:00;-12.7;28.12687853
1900-12-29 04:00:00+01:00;-20.9;30.32957561
1900-12-29 05:00:00+01:00;-16.4;30.26080007
1900-12-29 06:00:00+01:00;-18.4;31.93165925
1900-12-29 07:00:00+01:00;-14.7;33.89293474
1900-12-29 08:00:00+01:00;-10.1;37.05133729
1900-12-29 09:00:00+01:00;-8;40.87813913
1900-12-29 10:00:00+01:00;-7.1;41.92249412
1900-12-29 11:00:00+01:00;-6.8;42.11473762
1900-12-29 12:00:00+01:00;-6.3;40.02005448
1900-12-29 13:00:00+01:00;-7.3;39.55819446
1900-12-29 14:00:00+01:00;-8;39.35712187
1900-12-29 15:00:00+01:00;-9.8;41.09975203
1900-12-29 16:00:00+01:00;-11.7;43.07972999
1900-12-29 17:00:00+01:00;-17;47.40146262
1900-12-29 18:00:00+01:00;-13.5;45.73270396
1900-12-29 19:00:00+01:00;-17.7;47.43170657
1900-12-29 20:00:00+01:00;-16.7;46.07833914
1900-12-29 21:00:00+01:00;-13.2;42.66293606
1900-12-29 22:00:00+01:00;-12.5;39.36192308
1900-12-29 23:00:00+01:00;-10.6;37.19010477
1900-12-30 00:00:00+01:00;-10.5;35.72016683
1900-12-30 01:00:00+01:00;-11.2;33.64612998
1900-12-30 02:00:00+01:00;-10.7;32.34646419
1900-12-30 03:00:00+01:00;-8.2;31.27807138
1900-12-30 04:00:00+01:00;-6.1;30.30864342
1900-12-30 05:00:00+01:00;-6.3;30.2400417
1900-12-30 06:00:00+01:00;-5.6;32.29022046
1900-12-30 07:00:00+01:00;-6;32.96621857
1900-12-30 08:00:00+01:00;-7.1;37.34234709
1900-12-30 09:00:00+01:00;-7.8;42.43223056
1900-12-30 10:00:00+01:00;-6.3;43.07508131
1900-12-30 11:00:00+01:00;-7;43.40183494
1900-12-30 12:00:00+01:00;-7.6;41.67871972
1900-12-30 13:00:00+01:00;-6.6;40.08513747
1900-12-30 14:00:00+01:00;-8.6;40.37983874
1900-12-30 15:00:00+01:00;-6.8;39.8471058
1900-12-30 16:00:00+01:00;-5.6;39.85634765
1900-12-30 17:00:00+01:00;-5.1;40.67167932
1900-12-30 18:00:00+01:00;-5.1;40.76043705
1900-12-30 19:00:00+01:00;-5.3;40.39591482
1900-12-30 20:00:00+01:00;-4.8;39.42753604
1900-12-30 21:00:00+01:00;-4.8;37.3039375
1900-12-30 22:00:00+01:00;-4.5;33.98796986
1900-12-30 23:00:00+01:00;-4.6;32.17435003
1900-12-31 00:00:00+01:00;-4.8;28.76427295
1900-12-31 01:00:00+01:00;-4.6;27.02843148
1900-12-31 02:00:00+01:00;-4.6;26.32470301
1900-12-31 03:00:00+01:00;-4.6;26.18193917
1900-12-31 04:00:00+01:00;-4.6;26.29336522
1900-12-31 05:00:00+01:00;-4.6;27.73018667
1900-12-31 06:00:00+01:00;-4.1;34.31340922
1900-12-31 07:00:00+01:00;-4.3;39.50668363
1900-12-31 08:00:00+01:00;-3.1;33.68341018
1900-12-31 09:00:00+01:00;-2.6;34.42586228
1900-12-31 10:00:00+01:00;-1.7;32.93495939
1900-12-31 11:00:00+01:00;0.8;30.25621256
1900-12-31 12:00:00+01:00;1.2;29.05298234
1900-12-31 13:00:00+01:00;1.5;28.25781348
1900-12-31 14:00:00+01:00;1.5;28.4193551
1900-12-31 15:00:00+01:00;0.3;29.14527001
1900-12-31 16:00:00+01:00;0.6;32.33549801
1900-12-31 17:00:00+01:00;-0.6;34.98003542
1900-12-31 18:00:00+01:00;-2.5;36.17678736
1900-12-31 19:00:00+01:00;-3;36.39705106
1900-12-31 20:00:00+01:00;-2.5;36.02433607
1900-12-31 21:00:00+01:00;-2.1;34.29259887
1900-12-31 22:00:00+01:00;-1.7;31.43326761
1900-12-31 23:00:00+01:00;-1.1;28.80191267
