TimeStamp;Tout;ElImp
1900-01-01 00:00:00+01:00;-0.8;17.049827
1900-01-01 01:00:00+01:00;-0.7;16.927993
1900-01-01 02:00:00+01:00;-0.3;16.889632
1900-01-01 03:00:00+01:00;-0.3;16.887383
1900-01-01 04:00:00+01:00;-0.8;16.988329
1900-01-01 05:00:00+01:00;-0.5;17.897246
1900-01-01 06:00:00+01:00;-0.7;21.363795
1900-01-01 07:00:00+01:00;-0.6;25.65999
1900-01-01 08:00:00+01:00;-0.7;28.833099
1900-01-01 09:00:00+01:00;-1.2;30.315795
1900-01-01 10:00:00+01:00;-1.7;30.67332
1900-01-01 11:00:00+01:00;-1.9;30.88895
1900-01-01 12:00:00+01:00;-2.4;30.83782
1900-01-01 13:00:00+01:00;-2.3;30.54232
1900-01-01 14:00:00+01:00;-2;29.993679
1900-01-01 15:00:00+01:00;-0.3;28.883133
1900-01-01 16:00:00+01:00;0;26.609758
1900-01-01 17:00:00+01:00;0.2;24.010435
1900-01-01 18:00:00+01:00;0.7;22.163733
1900-01-01 19:00:00+01:00;1.1;20.7035949
1900-01-01 20:00:00+01:00;1.3;19.4273567
1900-01-01 21:00:00+01:00;1.6;18.490883
1900-01-01 22:00:00+01:00;1.8;17.855283
1900-01-01 23:00:00+01:00;2;17.390515
1900-01-02 00:00:00+01:00;2.6;17.049827
1900-01-02 01:00:00+01:00;3.1;16.927993
1900-01-02 02:00:00+01:00;3.2;16.889632
1900-01-02 03:00:00+01:00;2.7;16.887383
1900-01-02 04:00:00+01:00;2.9;16.988329
1900-01-02 05:00:00+01:00;3;17.897246
1900-01-02 06:00:00+01:00;3.4;21.363795
1900-01-02 07:00:00+01:00;3.3;25.65999
1900-01-02 08:00:00+01:00;3;28.833099
1900-01-02 09:00:00+01:00;2.6;30.315795
1900-01-02 10:00:00+01:00;2.5;30.67332
1900-01-02 11:00:00+01:00;2.7;30.88895
1900-01-02 12:00:00+01:00;2.6;30.83782
1900-01-02 13:00:00+01:00;2;30.54232
1900-01-02 14:00:00+01:00;1.8;29.993679
1900-01-02 15:00:00+01:00;2.3;28.883133
1900-01-02 16:00:00+01:00;3.4;26.609758
1900-01-02 17:00:00+01:00;3.5;24.010435
1900-01-02 18:00:00+01:00;2.5;22.163733
1900-01-02 19:00:00+01:00;1.7;20.7035949
1900-01-02 20:00:00+01:00;2.1;19.4273567
1900-01-02 21:00:00+01:00;2;18.490883
1900-01-02 22:00:00+01:00;2.1;17.855283
1900-01-02 23:00:00+01:00;2.1;17.390515
1900-01-03 00:00:00+01:00;1.9;17.049827
1900-01-03 01:00:00+01:00;2.2;16.927993
1900-01-03 02:00:00+01:00;1.6;16.889632
1900-01-03 03:00:00+01:00;1.7;16.887383
1900-01-03 04:00:00+01:00;1.6;16.988329
1900-01-03 05:00:00+01:00;1.3;17.897246
1900-01-03 06:00:00+01:00;1;21.363795
1900-01-03 07:00:00+01:00;1.4;25.65999
1900-01-03 08:00:00+01:00;1.5;28.833099
1900-01-03 09:00:00+01:00;1.6;30.315795
1900-01-03 10:00:00+01:00;1.4;30.67332
1900-01-03 11:00:00+01:00;1.1;30.88895
1900-01-03 12:00:00+01:00;1.2;30.83782
1900-01-03 13:00:00+01:00;0.9;30.54232
1900-01-03 14:00:00+01:00;1.2;29.993679
1900-01-03 15:00:00+01:00;1;28.883133
1900-01-03 16:00:00+01:00;0.6;26.609758
1900-01-03 17:00:00+01:00;0.3;24.010435
1900-01-03 18:00:00+01:00;0.6;22.163733
1900-01-03 19:00:00+01:00;0.5;20.7035949
1900-01-03 20:00:00+01:00;0.6;19.4273567
1900-01-03 21:00:00+01:00;0.4;18.490883
1900-01-03 22:00:00+01:00;0;17.855283
1900-01-03 23:00:00+01:00;-0.3;17.390515
1900-01-04 00:00:00+01:00;-0.1;17.049827
1900-01-04 01:00:00+01:00;0;16.927993
1900-01-04 02:00:00+01:00;0.3;16.889632
1900-01-04 03:00:00+01:00;0.3;16.887383
1900-01-04 04:00:00+01:00;0.3;16.988329
1900-01-04 05:00:00+01:00;0.1;17.897246
1900-01-04 06:00:00+01:00;0.2;21.363795
1900-01-04 07:00:00+01:00;0.1;25.65999
1900-01-04 08:00:00+01:00;0.7;28.833099
1900-01-04 09:00:00+01:00;-0.1;30.315795
1900-01-04 10:00:00+01:00;-0.3;30.67332
1900-01-04 11:00:00+01:00;-1;30.88895
1900-01-04 12:00:00+01:00;-0.3;30.83782
1900-01-04 13:00:00+01:00;-1;30.54232
1900-01-04 14:00:00+01:00;-1.2;29.993679
1900-01-04 15:00:00+01:00;-1.2;28.883133
1900-01-04 16:00:00+01:00;-4.3;26.609758
1900-01-04 17:00:00+01:00;-3.5;24.010435
1900-01-04 18:00:00+01:00;-3;22.163733
1900-01-04 19:00:00+01:00;-5.5;20.7035949
1900-01-04 20:00:00+01:00;-2.1;19.4273567
1900-01-04 21:00:00+01:00;-0.7;18.490883
1900-01-04 22:00:00+01:00;2.9;17.855283
1900-01-04 23:00:00+01:00;3.5;17.390515
1900-01-05 00:00:00+01:00;3.8;17.049827
1900-01-05 01:00:00+01:00;4.3;16.927993
1900-01-05 02:00:00+01:00;4.2;16.889632
1900-01-05 03:00:00+01:00;3.8;16.887383
1900-01-05 04:00:00+01:00;4;16.988329
1900-01-05 05:00:00+01:00;4.8;17.897246
1900-01-05 06:00:00+01:00;4.6;21.363795
1900-01-05 07:00:00+01:00;4.4;25.65999
1900-01-05 08:00:00+01:00;4.9;28.833099
1900-01-05 09:00:00+01:00;4.6;30.315795
1900-01-05 10:00:00+01:00;4.7;30.67332
1900-01-05 11:00:00+01:00;5;30.88895
1900-01-05 12:00:00+01:00;5.2;30.83782
1900-01-05 13:00:00+01:00;5.6;30.54232
1900-01-05 14:00:00+01:00;5.8;29.993679
1900-01-05 15:00:00+01:00;6.7;28.883133
1900-01-05 16:00:00+01:00;5.7;26.609758
1900-01-05 17:00:00+01:00;6;24.010435
1900-01-05 18:00:00+01:00;7;22.163733
1900-01-05 19:00:00+01:00;10.7;20.7035949
1900-01-05 20:00:00+01:00;7.9;19.4273567
1900-01-05 21:00:00+01:00;6.5;18.490883
1900-01-05 22:00:00+01:00;6.4;17.855283
1900-01-05 23:00:00+01:00;5.5;17.390515
1900-01-06 00:00:00+01:00;5.4;11.247858
1900-01-06 01:00:00+01:00;3.4;11.189895
1900-01-06 02:00:00+01:00;1.8;11.159755
1900-01-06 03:00:00+01:00;1.5;11.156236
1900-01-06 04:00:00+01:00;2.8;11.090969
1900-01-06 05:00:00+01:00;1.3;11.085708
1900-01-06 06:00:00+01:00;0.5;11.185433
1900-01-06 07:00:00+01:00;0.4;11.356602
1900-01-06 08:00:00+01:00;-1;11.586917
1900-01-06 09:00:00+01:00;-1.5;11.83713
1900-01-06 10:00:00+01:00;2.2;12.160864
1900-01-06 11:00:00+01:00;2.4;12.417611
1900-01-06 12:00:00+01:00;2.5;12.907256
1900-01-06 13:00:00+01:00;3.6;13.122565
1900-01-06 14:00:00+01:00;5.1;13.061459
1900-01-06 15:00:00+01:00;4;12.884488
1900-01-06 16:00:00+01:00;3.7;12.781079
1900-01-06 17:00:00+01:00;5.3;12.502277
1900-01-06 18:00:00+01:00;5;12.224691
1900-01-06 19:00:00+01:00;3.9;12.034665
1900-01-06 20:00:00+01:00;3.7;11.851783
1900-01-06 21:00:00+01:00;4.1;11.669916
1900-01-06 22:00:00+01:00;3.6;11.514587
1900-01-06 23:00:00+01:00;1.1;11.311442
1900-01-07 00:00:00+01:00;2;11.247858
1900-01-07 01:00:00+01:00;2.3;11.189895
1900-01-07 02:00:00+01:00;2;11.159755
1900-01-07 03:00:00+01:00;1.7;11.156236
1900-01-07 04:00:00+01:00;2.1;11.090969
1900-01-07 05:00:00+01:00;2;11.085708
1900-01-07 06:00:00+01:00;1.1;11.185433
1900-01-07 07:00:00+01:00;1.9;11.356602
1900-01-07 08:00:00+01:00;0.5;11.586917
1900-01-07 09:00:00+01:00;0.8;11.83713
1900-01-07 10:00:00+01:00;1.1;12.160864
1900-01-07 11:00:00+01:00;1.7;12.417611
1900-01-07 12:00:00+01:00;2.4;12.907256
1900-01-07 13:00:00+01:00;3;13.122565
1900-01-07 14:00:00+01:00;1.8;13.061459
1900-01-07 15:00:00+01:00;1.4;12.884488
1900-01-07 16:00:00+01:00;0.8;12.781079
1900-01-07 17:00:00+01:00;1.3;12.502277
1900-01-07 18:00:00+01:00;-0.3;12.224691
1900-01-07 19:00:00+01:00;-2.5;12.034665
1900-01-07 20:00:00+01:00;-4.5;11.851783
1900-01-07 21:00:00+01:00;-5;11.669916
1900-01-07 22:00:00+01:00;-4.6;11.514587
1900-01-07 23:00:00+01:00;-7.3;11.311442
1900-01-08 00:00:00+01:00;-7.6;17.049827
1900-01-08 01:00:00+01:00;-6.6;16.927993
1900-01-08 02:00:00+01:00;-5.1;16.889632
1900-01-08 03:00:00+01:00;-8;16.887383
1900-01-08 04:00:00+01:00;-7.8;16.988329
1900-01-08 05:00:00+01:00;-8.8;17.897246
1900-01-08 06:00:00+01:00;-8;21.363795
1900-01-08 07:00:00+01:00;-3.4;25.65999
1900-01-08 08:00:00+01:00;-3.5;28.833099
1900-01-08 09:00:00+01:00;-3.5;30.315795
1900-01-08 10:00:00+01:00;-3.4;30.67332
1900-01-08 11:00:00+01:00;-2;30.88895
1900-01-08 12:00:00+01:00;0;30.83782
1900-01-08 13:00:00+01:00;0.2;30.54232
1900-01-08 14:00:00+01:00;-0.1;29.993679
1900-01-08 15:00:00+01:00;-2.5;28.883133
1900-01-08 16:00:00+01:00;-5.3;26.609758
1900-01-08 17:00:00+01:00;-6;24.010435
1900-01-08 18:00:00+01:00;-8.6;22.163733
1900-01-08 19:00:00+01:00;-8.8;20.7035949
1900-01-08 20:00:00+01:00;-8.7;19.4273567
1900-01-08 21:00:00+01:00;-8.7;18.490883
1900-01-08 22:00:00+01:00;-8.6;17.855283
1900-01-08 23:00:00+01:00;-9.1;17.390515
1900-01-09 00:00:00+01:00;-8.6;17.049827
1900-01-09 01:00:00+01:00;-8.2;16.927993
1900-01-09 02:00:00+01:00;-8;16.889632
1900-01-09 03:00:00+01:00;-8.2;16.887383
1900-01-09 04:00:00+01:00;-8.3;16.988329
1900-01-09 05:00:00+01:00;-8.7;17.897246
1900-01-09 06:00:00+01:00;-8.7;21.363795
1900-01-09 07:00:00+01:00;-8.5;25.65999
1900-01-09 08:00:00+01:00;-8.2;28.833099
1900-01-09 09:00:00+01:00;-8.3;30.315795
1900-01-09 10:00:00+01:00;-7.6;30.67332
1900-01-09 11:00:00+01:00;-6.6;30.88895
1900-01-09 12:00:00+01:00;-5.6;30.83782
1900-01-09 13:00:00+01:00;-5.1;30.54232
1900-01-09 14:00:00+01:00;-5.8;29.993679
1900-01-09 15:00:00+01:00;-5.8;28.883133
1900-01-09 16:00:00+01:00;-5.5;26.609758
1900-01-09 17:00:00+01:00;-6;24.010435
1900-01-09 18:00:00+01:00;-6;22.163733
1900-01-09 19:00:00+01:00;-5.6;20.7035949
1900-01-09 20:00:00+01:00;-5.5;19.4273567
1900-01-09 21:00:00+01:00;-5;18.490883
1900-01-09 22:00:00+01:00;-4.6;17.855283
1900-01-09 23:00:00+01:00;-5;17.390515
1900-01-10 00:00:00+01:00;-5.3;17.049827
1900-01-10 01:00:00+01:00;-6.3;16.927993
1900-01-10 02:00:00+01:00;-7.6;16.889632
1900-01-10 03:00:00+01:00;-8;16.887383
1900-01-10 04:00:00+01:00;-8.1;16.988329
1900-01-10 05:00:00+01:00;-7.8;17.897246
1900-01-10 06:00:00+01:00;-7.8;21.363795
1900-01-10 07:00:00+01:00;-8.2;25.65999
1900-01-10 08:00:00+01:00;-8.1;28.833099
1900-01-10 09:00:00+01:00;-7.3;30.315795
1900-01-10 10:00:00+01:00;-7;30.67332
1900-01-10 11:00:00+01:00;-7;30.88895
1900-01-10 12:00:00+01:00;-6.3;30.83782
1900-01-10 13:00:00+01:00;-6.6;30.54232
1900-01-10 14:00:00+01:00;-6.1;29.993679
1900-01-10 15:00:00+01:00;-7;28.883133
1900-01-10 16:00:00+01:00;-6.5;26.609758
1900-01-10 17:00:00+01:00;-6;24.010435
1900-01-10 18:00:00+01:00;-4.8;22.163733
1900-01-10 19:00:00+01:00;-3.8;20.7035949
1900-01-10 20:00:00+01:00;-4.5;19.4273567
1900-01-10 21:00:00+01:00;-4;18.490883
1900-01-10 22:00:00+01:00;-3.9;17.855283
1900-01-10 23:00:00+01:00;-3.8;17.390515
1900-01-11 00:00:00+01:00;-4;17.049827
1900-01-11 01:00:00+01:00;-3.5;16.927993
1900-01-11 02:00:00+01:00;-4;16.889632
1900-01-11 03:00:00+01:00;-3.3;16.887383
1900-01-11 04:00:00+01:00;-3.5;16.988329
1900-01-11 05:00:00+01:00;-3.5;17.897246
1900-01-11 06:00:00+01:00;-4.6;21.363795
1900-01-11 07:00:00+01:00;-3.6;25.65999
1900-01-11 08:00:00+01:00;-4.1;28.833099
1900-01-11 09:00:00+01:00;-3.5;30.315795
1900-01-11 10:00:00+01:00;-3.1;30.67332
1900-01-11 11:00:00+01:00;-3;30.88895
1900-01-11 12:00:00+01:00;-2.8;30.83782
1900-01-11 13:00:00+01:00;-2.4;30.54232
1900-01-11 14:00:00+01:00;-2.4;29.993679
1900-01-11 15:00:00+01:00;-2;28.883133
1900-01-11 16:00:00+01:00;-1.7;26.609758
1900-01-11 17:00:00+01:00;-1.9;24.010435
1900-01-11 18:00:00+01:00;-1.4;22.163733
1900-01-11 19:00:00+01:00;-1.9;20.7035949
1900-01-11 20:00:00+01:00;-2.5;19.4273567
1900-01-11 21:00:00+01:00;-2.5;18.490883
1900-01-11 22:00:00+01:00;-2.9;17.855283
1900-01-11 23:00:00+01:00;-3;17.390515
1900-01-12 00:00:00+01:00;-3.1;17.049827
1900-01-12 01:00:00+01:00;-3.1;16.927993
1900-01-12 02:00:00+01:00;-4.1;16.889632
1900-01-12 03:00:00+01:00;-4.5;16.887383
1900-01-12 04:00:00+01:00;-4.1;16.988329
1900-01-12 05:00:00+01:00;-3.9;17.897246
1900-01-12 06:00:00+01:00;-3.5;21.363795
1900-01-12 07:00:00+01:00;-3.3;25.65999
1900-01-12 08:00:00+01:00;-3.4;28.833099
1900-01-12 09:00:00+01:00;-3.6;30.315795
1900-01-12 10:00:00+01:00;-4.3;30.67332
1900-01-12 11:00:00+01:00;-3;30.88895
1900-01-12 12:00:00+01:00;-2.8;30.83782
1900-01-12 13:00:00+01:00;-2.6;30.54232
1900-01-12 14:00:00+01:00;-3.1;29.993679
1900-01-12 15:00:00+01:00;-4.3;28.883133
1900-01-12 16:00:00+01:00;-3;26.609758
1900-01-12 17:00:00+01:00;-3;24.010435
1900-01-12 18:00:00+01:00;-3;22.163733
1900-01-12 19:00:00+01:00;-3;20.7035949
1900-01-12 20:00:00+01:00;-3;19.4273567
1900-01-12 21:00:00+01:00;-2.6;18.490883
1900-01-12 22:00:00+01:00;-2.9;17.855283
1900-01-12 23:00:00+01:00;-2.5;17.390515
1900-01-13 00:00:00+01:00;-3;11.247858
1900-01-13 01:00:00+01:00;-2;11.189895
1900-01-13 02:00:00+01:00;-2.4;11.159755
1900-01-13 03:00:00+01:00;-2.5;11.156236
1900-01-13 04:00:00+01:00;-2.5;11.090969
1900-01-13 05:00:00+01:00;-2.1;11.085708
1900-01-13 06:00:00+01:00;-2.5;11.185433
1900-01-13 07:00:00+01:00;-2.4;11.356602
1900-01-13 08:00:00+01:00;-1.5;11.586917
1900-01-13 09:00:00+01:00;-2;11.83713
1900-01-13 10:00:00+01:00;-1.7;12.160864
1900-01-13 11:00:00+01:00;-0.7;12.417611
1900-01-13 12:00:00+01:00;-0.8;12.907256
1900-01-13 13:00:00+01:00;-0.6;13.122565
1900-01-13 14:00:00+01:00;-1.2;13.061459
1900-01-13 15:00:00+01:00;-1.2;12.884488
1900-01-13 16:00:00+01:00;-2.5;12.781079
1900-01-13 17:00:00+01:00;-3;12.502277
1900-01-13 18:00:00+01:00;-2.6;12.224691
1900-01-13 19:00:00+01:00;-2.5;12.034665
1900-01-13 20:00:00+01:00;-3.1;11.851783
1900-01-13 21:00:00+01:00;-2.5;11.669916
1900-01-13 22:00:00+01:00;-2.9;11.514587
1900-01-13 23:00:00+01:00;-3;11.311442
1900-01-14 00:00:00+01:00;-9.1;11.247858
1900-01-14 01:00:00+01:00;-9.2;11.189895
1900-01-14 02:00:00+01:00;-10.2;11.159755
1900-01-14 03:00:00+01:00;-9.7;11.156236
1900-01-14 04:00:00+01:00;-9;11.090969
1900-01-14 05:00:00+01:00;-7.8;11.085708
1900-01-14 06:00:00+01:00;-6.1;11.185433
1900-01-14 07:00:00+01:00;-5;11.356602
1900-01-14 08:00:00+01:00;-4.3;11.586917
1900-01-14 09:00:00+01:00;-3.6;11.83713
1900-01-14 10:00:00+01:00;-0.3;12.160864
1900-01-14 11:00:00+01:00;-0.3;12.417611
1900-01-14 12:00:00+01:00;-0.7;12.907256
1900-01-14 13:00:00+01:00;-1.2;13.122565
1900-01-14 14:00:00+01:00;-0.6;13.061459
1900-01-14 15:00:00+01:00;-1.2;12.884488
1900-01-14 16:00:00+01:00;-2;12.781079
1900-01-14 17:00:00+01:00;-1;12.502277
1900-01-14 18:00:00+01:00;-1.4;12.224691
1900-01-14 19:00:00+01:00;-1.4;12.034665
1900-01-14 20:00:00+01:00;-1.7;11.851783
1900-01-14 21:00:00+01:00;-1;11.669916
1900-01-14 22:00:00+01:00;-2.3;11.514587
1900-01-14 23:00:00+01:00;-1.7;11.311442
1900-01-15 00:00:00+01:00;-1.5;17.049827
1900-01-15 01:00:00+01:00;-1.4;16.927993
1900-01-15 02:00:00+01:00;-1.4;16.889632
1900-01-15 03:00:00+01:00;-1;16.887383
1900-01-15 04:00:00+01:00;-0.6;16.988329
1900-01-15 05:00:00+01:00;0;17.897246
1900-01-15 06:00:00+01:00;0;21.363795
1900-01-15 07:00:00+01:00;-0.6;25.65999
1900-01-15 08:00:00+01:00;0.3;28.833099
1900-01-15 09:00:00+01:00;0.6;30.315795
1900-01-15 10:00:00+01:00;0.5;30.67332
1900-01-15 11:00:00+01:00;0.6;30.88895
1900-01-15 12:00:00+01:00;0.7;30.83782
1900-01-15 13:00:00+01:00;1;30.54232
1900-01-15 14:00:00+01:00;0.9;29.993679
1900-01-15 15:00:00+01:00;1;28.883133
1900-01-15 16:00:00+01:00;1;26.609758
1900-01-15 17:00:00+01:00;1.3;24.010435
1900-01-15 18:00:00+01:00;0.9;22.163733
1900-01-15 19:00:00+01:00;0.9;20.7035949
1900-01-15 20:00:00+01:00;1.5;19.4273567
1900-01-15 21:00:00+01:00;1.9;18.490883
1900-01-15 22:00:00+01:00;1.5;17.855283
1900-01-15 23:00:00+01:00;1.5;17.390515
1900-01-16 00:00:00+01:00;1.4;17.049827
1900-01-16 01:00:00+01:00;1.6;16.927993
1900-01-16 02:00:00+01:00;1.5;16.889632
1900-01-16 03:00:00+01:00;1.2;16.887383
1900-01-16 04:00:00+01:00;1.2;16.988329
1900-01-16 05:00:00+01:00;1.2;17.897246
1900-01-16 06:00:00+01:00;1.4;21.363795
1900-01-16 07:00:00+01:00;1.4;25.65999
1900-01-16 08:00:00+01:00;1.3;28.833099
1900-01-16 09:00:00+01:00;1.1;30.315795
1900-01-16 10:00:00+01:00;1;30.67332
1900-01-16 11:00:00+01:00;1.2;30.88895
1900-01-16 12:00:00+01:00;1.2;30.83782
1900-01-16 13:00:00+01:00;1;30.54232
1900-01-16 14:00:00+01:00;1;29.993679
1900-01-16 15:00:00+01:00;0.7;28.883133
1900-01-16 16:00:00+01:00;0.3;26.609758
1900-01-16 17:00:00+01:00;0.2;24.010435
1900-01-16 18:00:00+01:00;0.5;22.163733
1900-01-16 19:00:00+01:00;0.2;20.7035949
1900-01-16 20:00:00+01:00;-0.3;19.4273567
1900-01-16 21:00:00+01:00;0;18.490883
1900-01-16 22:00:00+01:00;-0.3;17.855283
1900-01-16 23:00:00+01:00;-0.8;17.390515
1900-01-17 00:00:00+01:00;-0.8;17.049827
1900-01-17 01:00:00+01:00;-1;16.927993
1900-01-17 02:00:00+01:00;-0.5;16.889632
1900-01-17 03:00:00+01:00;-1.2;16.887383
1900-01-17 04:00:00+01:00;-1.5;16.988329
1900-01-17 05:00:00+01:00;-2.3;17.897246
1900-01-17 06:00:00+01:00;-2.1;21.363795
1900-01-17 07:00:00+01:00;-2;25.65999
1900-01-17 08:00:00+01:00;-2;28.833099
1900-01-17 09:00:00+01:00;-2.1;30.315795
1900-01-17 10:00:00+01:00;-1.5;30.67332
1900-01-17 11:00:00+01:00;-2;30.88895
1900-01-17 12:00:00+01:00;-2.9;30.83782
1900-01-17 13:00:00+01:00;-3.4;30.54232
1900-01-17 14:00:00+01:00;-3;29.993679
1900-01-17 15:00:00+01:00;-2.1;28.883133
1900-01-17 16:00:00+01:00;-1.5;26.609758
1900-01-17 17:00:00+01:00;-2.6;24.010435
1900-01-17 18:00:00+01:00;-2.8;22.163733
1900-01-17 19:00:00+01:00;-2.8;20.7035949
1900-01-17 20:00:00+01:00;-3;19.4273567
1900-01-17 21:00:00+01:00;-3;18.490883
1900-01-17 22:00:00+01:00;-3.4;17.855283
1900-01-17 23:00:00+01:00;-5;17.390515
1900-01-18 00:00:00+01:00;-5.1;17.049827
1900-01-18 01:00:00+01:00;-4;16.927993
1900-01-18 02:00:00+01:00;-4.5;16.889632
1900-01-18 03:00:00+01:00;-4.3;16.887383
1900-01-18 04:00:00+01:00;-3.4;16.988329
1900-01-18 05:00:00+01:00;-4.8;17.897246
1900-01-18 06:00:00+01:00;-7.1;21.363795
1900-01-18 07:00:00+01:00;-5.6;25.65999
1900-01-18 08:00:00+01:00;-4.8;28.833099
1900-01-18 09:00:00+01:00;-5;30.315795
1900-01-18 10:00:00+01:00;-4.8;30.67332
1900-01-18 11:00:00+01:00;-3.3;30.88895
1900-01-18 12:00:00+01:00;-4.6;30.83782
1900-01-18 13:00:00+01:00;-3.3;30.54232
1900-01-18 14:00:00+01:00;-4.8;29.993679
1900-01-18 15:00:00+01:00;-7.5;28.883133
1900-01-18 16:00:00+01:00;-9;26.609758
1900-01-18 17:00:00+01:00;-8.3;24.010435
1900-01-18 18:00:00+01:00;-8.2;22.163733
1900-01-18 19:00:00+01:00;-7.3;20.7035949
1900-01-18 20:00:00+01:00;-6.3;19.4273567
1900-01-18 21:00:00+01:00;-6.3;18.490883
1900-01-18 22:00:00+01:00;-6.6;17.855283
1900-01-18 23:00:00+01:00;-6.1;17.390515
1900-01-19 00:00:00+01:00;-7.3;17.049827
1900-01-19 01:00:00+01:00;-6.5;16.927993
1900-01-19 02:00:00+01:00;-6.8;16.889632
1900-01-19 03:00:00+01:00;-7.1;16.887383
1900-01-19 04:00:00+01:00;-7.5;16.988329
1900-01-19 05:00:00+01:00;-7.8;17.897246
1900-01-19 06:00:00+01:00;-7.6;21.363795
1900-01-19 07:00:00+01:00;-7.3;25.65999
1900-01-19 08:00:00+01:00;-7.1;28.833099
1900-01-19 09:00:00+01:00;-7.1;30.315795
1900-01-19 10:00:00+01:00;-7.1;30.67332
1900-01-19 11:00:00+01:00;-6.6;30.88895
1900-01-19 12:00:00+01:00;-6.1;30.83782
1900-01-19 13:00:00+01:00;-6.1;30.54232
1900-01-19 14:00:00+01:00;-5.8;29.993679
1900-01-19 15:00:00+01:00;-5.6;28.883133
1900-01-19 16:00:00+01:00;-6.1;26.609758
1900-01-19 17:00:00+01:00;-6.1;24.010435
1900-01-19 18:00:00+01:00;-5.1;22.163733
1900-01-19 19:00:00+01:00;-5.8;20.7035949
1900-01-19 20:00:00+01:00;-5.6;19.4273567
1900-01-19 21:00:00+01:00;-6.3;18.490883
1900-01-19 22:00:00+01:00;-6.6;17.855283
1900-01-19 23:00:00+01:00;-6.8;17.390515
1900-01-20 00:00:00+01:00;-7;11.247858
1900-01-20 01:00:00+01:00;-6.8;11.189895
1900-01-20 02:00:00+01:00;-7.8;11.159755
1900-01-20 03:00:00+01:00;-7.6;11.156236
1900-01-20 04:00:00+01:00;-7.3;11.090969
1900-01-20 05:00:00+01:00;-7.8;11.085708
1900-01-20 06:00:00+01:00;-7.3;11.185433
1900-01-20 07:00:00+01:00;-7.6;11.356602
1900-01-20 08:00:00+01:00;-7.1;11.586917
1900-01-20 09:00:00+01:00;-7;11.83713
1900-01-20 10:00:00+01:00;-6.6;12.160864
1900-01-20 11:00:00+01:00;-6.3;12.417611
1900-01-20 12:00:00+01:00;-6.3;12.907256
1900-01-20 13:00:00+01:00;-5.8;13.122565
1900-01-20 14:00:00+01:00;-4.6;13.061459
1900-01-20 15:00:00+01:00;-5;12.884488
1900-01-20 16:00:00+01:00;-5.1;12.781079
1900-01-20 17:00:00+01:00;-6;12.502277
1900-01-20 18:00:00+01:00;-5.5;12.224691
1900-01-20 19:00:00+01:00;-5.3;12.034665
1900-01-20 20:00:00+01:00;-5.3;11.851783
1900-01-20 21:00:00+01:00;-5.8;11.669916
1900-01-20 22:00:00+01:00;-6.1;11.514587
1900-01-20 23:00:00+01:00;-5.3;11.311442
1900-01-21 00:00:00+01:00;-5.6;11.247858
1900-01-21 01:00:00+01:00;-5.6;11.189895
1900-01-21 02:00:00+01:00;-5.8;11.159755
1900-01-21 03:00:00+01:00;-6.3;11.156236
1900-01-21 04:00:00+01:00;-6.8;11.090969
1900-01-21 05:00:00+01:00;-6.6;11.085708
1900-01-21 06:00:00+01:00;-5.8;11.185433
1900-01-21 07:00:00+01:00;-6.3;11.356602
1900-01-21 08:00:00+01:00;-6.3;11.586917
1900-01-21 09:00:00+01:00;-6;11.83713
1900-01-21 10:00:00+01:00;-5.3;12.160864
1900-01-21 11:00:00+01:00;-5.1;12.417611
1900-01-21 12:00:00+01:00;-4.6;12.907256
1900-01-21 13:00:00+01:00;-4.6;13.122565
1900-01-21 14:00:00+01:00;-4.3;13.061459
1900-01-21 15:00:00+01:00;-4;12.884488
1900-01-21 16:00:00+01:00;-3.1;12.781079
1900-01-21 17:00:00+01:00;-3.5;12.502277
1900-01-21 18:00:00+01:00;-3.8;12.224691
1900-01-21 19:00:00+01:00;-4.6;12.034665
1900-01-21 20:00:00+01:00;-4.3;11.851783
1900-01-21 21:00:00+01:00;-4;11.669916
1900-01-21 22:00:00+01:00;-3.5;11.514587
1900-01-21 23:00:00+01:00;-4.1;11.311442
1900-01-22 00:00:00+01:00;-3.4;17.049827
1900-01-22 01:00:00+01:00;-3.6;16.927993
1900-01-22 02:00:00+01:00;-4.6;16.889632
1900-01-22 03:00:00+01:00;-4.8;16.887383
1900-01-22 04:00:00+01:00;-4.3;16.988329
1900-01-22 05:00:00+01:00;-4.3;17.897246
1900-01-22 06:00:00+01:00;-4.3;21.363795
1900-01-22 07:00:00+01:00;-4.6;25.65999
1900-01-22 08:00:00+01:00;-4.1;28.833099
1900-01-22 09:00:00+01:00;-3.5;30.315795
1900-01-22 10:00:00+01:00;-4.1;30.67332
1900-01-22 11:00:00+01:00;-3.9;30.88895
1900-01-22 12:00:00+01:00;-4.3;30.83782
1900-01-22 13:00:00+01:00;-4.1;30.54232
1900-01-22 14:00:00+01:00;-4.3;29.993679
1900-01-22 15:00:00+01:00;-4;28.883133
1900-01-22 16:00:00+01:00;-4;26.609758
1900-01-22 17:00:00+01:00;-4.5;24.010435
1900-01-22 18:00:00+01:00;-4.8;22.163733
1900-01-22 19:00:00+01:00;-4.6;20.7035949
1900-01-22 20:00:00+01:00;-5;19.4273567
1900-01-22 21:00:00+01:00;-5.1;18.490883
1900-01-22 22:00:00+01:00;-6.3;17.855283
1900-01-22 23:00:00+01:00;-5.3;17.390515
1900-01-23 00:00:00+01:00;-5.3;17.049827
1900-01-23 01:00:00+01:00;-5.3;16.927993
1900-01-23 02:00:00+01:00;-6.3;16.889632
1900-01-23 03:00:00+01:00;-5.6;16.887383
1900-01-23 04:00:00+01:00;-6.8;16.988329
1900-01-23 05:00:00+01:00;-7.5;17.897246
1900-01-23 06:00:00+01:00;-8.2;21.363795
1900-01-23 07:00:00+01:00;-8.2;25.65999
1900-01-23 08:00:00+01:00;-8.7;28.833099
1900-01-23 09:00:00+01:00;-9;30.315795
1900-01-23 10:00:00+01:00;-9.1;30.67332
1900-01-23 11:00:00+01:00;-7.6;30.88895
1900-01-23 12:00:00+01:00;-6.3;30.83782
1900-01-23 13:00:00+01:00;-5.8;30.54232
1900-01-23 14:00:00+01:00;-5.3;29.993679
1900-01-23 15:00:00+01:00;-5.6;28.883133
1900-01-23 16:00:00+01:00;-6.8;26.609758
1900-01-23 17:00:00+01:00;-7.3;24.010435
1900-01-23 18:00:00+01:00;-5.6;22.163733
1900-01-23 19:00:00+01:00;-5.8;20.7035949
1900-01-23 20:00:00+01:00;-5.1;19.4273567
1900-01-23 21:00:00+01:00;-6.1;18.490883
1900-01-23 22:00:00+01:00;-6;17.855283
1900-01-23 23:00:00+01:00;-5.6;17.390515
1900-01-24 00:00:00+01:00;-5.3;17.049827
1900-01-24 01:00:00+01:00;-5.3;16.927993
1900-01-24 02:00:00+01:00;-5.3;16.889632
1900-01-24 03:00:00+01:00;-5.6;16.887383
1900-01-24 04:00:00+01:00;-5.1;16.988329
1900-01-24 05:00:00+01:00;-5.5;17.897246
1900-01-24 06:00:00+01:00;-5.1;21.363795
1900-01-24 07:00:00+01:00;-5.1;25.65999
1900-01-24 08:00:00+01:00;-4.8;28.833099
1900-01-24 09:00:00+01:00;-4.5;30.315795
1900-01-24 10:00:00+01:00;-5;30.67332
1900-01-24 11:00:00+01:00;-4.6;30.88895
1900-01-24 12:00:00+01:00;-4.1;30.83782
1900-01-24 13:00:00+01:00;-3.4;30.54232
1900-01-24 14:00:00+01:00;-3.4;29.993679
1900-01-24 15:00:00+01:00;-3.5;28.883133
1900-01-24 16:00:00+01:00;-4.1;26.609758
1900-01-24 17:00:00+01:00;-4.6;24.010435
1900-01-24 18:00:00+01:00;-3.8;22.163733
1900-01-24 19:00:00+01:00;-3.5;20.7035949
1900-01-24 20:00:00+01:00;-3.3;19.4273567
1900-01-24 21:00:00+01:00;-2.8;18.490883
1900-01-24 22:00:00+01:00;-1.5;17.855283
1900-01-24 23:00:00+01:00;-2;17.390515
1900-01-25 00:00:00+01:00;-2.3;17.049827
1900-01-25 01:00:00+01:00;-1.5;16.927993
1900-01-25 02:00:00+01:00;-1;16.889632
1900-01-25 03:00:00+01:00;-0.7;16.887383
1900-01-25 04:00:00+01:00;-1.5;16.988329
1900-01-25 05:00:00+01:00;-1;17.897246
1900-01-25 06:00:00+01:00;-0.8;21.363795
1900-01-25 07:00:00+01:00;-1;25.65999
1900-01-25 08:00:00+01:00;-1;28.833099
1900-01-25 09:00:00+01:00;-0.5;30.315795
1900-01-25 10:00:00+01:00;0;30.67332
1900-01-25 11:00:00+01:00;0.1;30.88895
1900-01-25 12:00:00+01:00;0.5;30.83782
1900-01-25 13:00:00+01:00;0.8;30.54232
1900-01-25 14:00:00+01:00;0.7;29.993679
1900-01-25 15:00:00+01:00;0.4;28.883133
1900-01-25 16:00:00+01:00;0.4;26.609758
1900-01-25 17:00:00+01:00;0.3;24.010435
1900-01-25 18:00:00+01:00;0.1;22.163733
1900-01-25 19:00:00+01:00;0.1;20.7035949
1900-01-25 20:00:00+01:00;-0.1;19.4273567
1900-01-25 21:00:00+01:00;0;18.490883
1900-01-25 22:00:00+01:00;-0.5;17.855283
1900-01-25 23:00:00+01:00;-1.5;17.390515
1900-01-26 00:00:00+01:00;-2;17.049827
1900-01-26 01:00:00+01:00;-1.7;16.927993
1900-01-26 02:00:00+01:00;-1.7;16.889632
1900-01-26 03:00:00+01:00;-2.4;16.887383
1900-01-26 04:00:00+01:00;-2.4;16.988329
1900-01-26 05:00:00+01:00;-2.3;17.897246
1900-01-26 06:00:00+01:00;-2.4;21.363795
1900-01-26 07:00:00+01:00;-1.7;25.65999
1900-01-26 08:00:00+01:00;-1;28.833099
1900-01-26 09:00:00+01:00;-0.7;30.315795
1900-01-26 10:00:00+01:00;0.1;30.67332
1900-01-26 11:00:00+01:00;0.4;30.88895
1900-01-26 12:00:00+01:00;0.4;30.83782
1900-01-26 13:00:00+01:00;0.8;30.54232
1900-01-26 14:00:00+01:00;0.5;29.993679
1900-01-26 15:00:00+01:00;0.7;28.883133
1900-01-26 16:00:00+01:00;0.9;26.609758
1900-01-26 17:00:00+01:00;0.9;24.010435
1900-01-26 18:00:00+01:00;0.7;22.163733
1900-01-26 19:00:00+01:00;0.6;20.7035949
1900-01-26 20:00:00+01:00;0;19.4273567
1900-01-26 21:00:00+01:00;0.8;18.490883
1900-01-26 22:00:00+01:00;0.6;17.855283
1900-01-26 23:00:00+01:00;0.6;17.390515
1900-01-27 00:00:00+01:00;0.5;11.247858
1900-01-27 01:00:00+01:00;0.4;11.189895
1900-01-27 02:00:00+01:00;0.4;11.159755
1900-01-27 03:00:00+01:00;0.1;11.156236
1900-01-27 04:00:00+01:00;0.4;11.090969
1900-01-27 05:00:00+01:00;0.2;11.085708
1900-01-27 06:00:00+01:00;0.1;11.185433
1900-01-27 07:00:00+01:00;0.2;11.356602
1900-01-27 08:00:00+01:00;-0.3;11.586917
1900-01-27 09:00:00+01:00;-0.7;11.83713
1900-01-27 10:00:00+01:00;-0.6;12.160864
1900-01-27 11:00:00+01:00;-0.6;12.417611
1900-01-27 12:00:00+01:00;-0.7;12.907256
1900-01-27 13:00:00+01:00;-1.7;13.122565
1900-01-27 14:00:00+01:00;-2;13.061459
1900-01-27 15:00:00+01:00;-2.5;12.884488
1900-01-27 16:00:00+01:00;-3.8;12.781079
1900-01-27 17:00:00+01:00;-5.6;12.502277
1900-01-27 18:00:00+01:00;-7.5;12.224691
1900-01-27 19:00:00+01:00;-7.6;12.034665
1900-01-27 20:00:00+01:00;-8.5;11.851783
1900-01-27 21:00:00+01:00;-9.5;11.669916
1900-01-27 22:00:00+01:00;-10;11.514587
1900-01-27 23:00:00+01:00;-11.2;11.311442
1900-01-28 00:00:00+01:00;-12.3;11.247858
1900-01-28 01:00:00+01:00;-13.2;11.189895
1900-01-28 02:00:00+01:00;-13.7;11.159755
1900-01-28 03:00:00+01:00;-13.3;11.156236
1900-01-28 04:00:00+01:00;-13.2;11.090969
1900-01-28 05:00:00+01:00;-13;11.085708
1900-01-28 06:00:00+01:00;-11.7;11.185433
1900-01-28 07:00:00+01:00;-12;11.356602
1900-01-28 08:00:00+01:00;-11.7;11.586917
1900-01-28 09:00:00+01:00;-11.6;11.83713
1900-01-28 10:00:00+01:00;-11.3;12.160864
1900-01-28 11:00:00+01:00;-9.7;12.417611
1900-01-28 12:00:00+01:00;-9.2;12.907256
1900-01-28 13:00:00+01:00;-9.2;13.122565
1900-01-28 14:00:00+01:00;-9.2;13.061459
1900-01-28 15:00:00+01:00;-9.3;12.884488
1900-01-28 16:00:00+01:00;-9.3;12.781079
1900-01-28 17:00:00+01:00;-10.7;12.502277
1900-01-28 18:00:00+01:00;-12.1;12.224691
1900-01-28 19:00:00+01:00;-12.2;12.034665
1900-01-28 20:00:00+01:00;-11.1;11.851783
1900-01-28 21:00:00+01:00;-10.6;11.669916
1900-01-28 22:00:00+01:00;-9.8;11.514587
1900-01-28 23:00:00+01:00;-9.7;11.311442
1900-01-29 00:00:00+01:00;-10.2;17.049827
1900-01-29 01:00:00+01:00;-10.2;16.927993
1900-01-29 02:00:00+01:00;-10.5;16.889632
1900-01-29 03:00:00+01:00;-10.7;16.887383
1900-01-29 04:00:00+01:00;-11.3;16.988329
1900-01-29 05:00:00+01:00;-12.7;17.897246
1900-01-29 06:00:00+01:00;-12.3;21.363795
1900-01-29 07:00:00+01:00;-13.6;25.65999
1900-01-29 08:00:00+01:00;-14.6;28.833099
1900-01-29 09:00:00+01:00;-14.2;30.315795
1900-01-29 10:00:00+01:00;-13.1;30.67332
1900-01-29 11:00:00+01:00;-11.7;30.88895
1900-01-29 12:00:00+01:00;-11.2;30.83782
1900-01-29 13:00:00+01:00;-9.6;30.54232
1900-01-29 14:00:00+01:00;-9.8;29.993679
1900-01-29 15:00:00+01:00;-10.8;28.883133
1900-01-29 16:00:00+01:00;-11.6;26.609758
1900-01-29 17:00:00+01:00;-12.7;24.010435
1900-01-29 18:00:00+01:00;-14;22.163733
1900-01-29 19:00:00+01:00;-14.7;20.7035949
1900-01-29 20:00:00+01:00;-15;19.4273567
1900-01-29 21:00:00+01:00;-16;18.490883
1900-01-29 22:00:00+01:00;-15.3;17.855283
1900-01-29 23:00:00+01:00;-15.5;17.390515
1900-01-30 00:00:00+01:00;-15.6;17.049827
1900-01-30 01:00:00+01:00;-16.5;16.927993
1900-01-30 02:00:00+01:00;-15.7;16.889632
1900-01-30 03:00:00+01:00;-18;16.887383
1900-01-30 04:00:00+01:00;-17;16.988329
1900-01-30 05:00:00+01:00;-20.7;17.897246
1900-01-30 06:00:00+01:00;-19.2;21.363795
1900-01-30 07:00:00+01:00;-16.7;25.65999
1900-01-30 08:00:00+01:00;-22;28.833099
1900-01-30 09:00:00+01:00;-16.2;30.315795
1900-01-30 10:00:00+01:00;-14;30.67332
1900-01-30 11:00:00+01:00;-12.5;30.88895
1900-01-30 12:00:00+01:00;-11.2;30.83782
1900-01-30 13:00:00+01:00;-11;30.54232
1900-01-30 14:00:00+01:00;-9.7;29.993679
1900-01-30 15:00:00+01:00;-10.2;28.883133
1900-01-30 16:00:00+01:00;-12;26.609758
1900-01-30 17:00:00+01:00;-12.8;24.010435
1900-01-30 18:00:00+01:00;-13.6;22.163733
1900-01-30 19:00:00+01:00;-13.7;20.7035949
1900-01-30 20:00:00+01:00;-14.3;19.4273567
1900-01-30 21:00:00+01:00;-15.2;18.490883
1900-01-30 22:00:00+01:00;-16;17.855283
1900-01-30 23:00:00+01:00;-17.5;17.390515
1900-01-31 00:00:00+01:00;-19.5;17.049827
1900-01-31 01:00:00+01:00;-17.2;16.927993
1900-01-31 02:00:00+01:00;-18.7;16.889632
1900-01-31 03:00:00+01:00;-17.9;16.887383
1900-01-31 04:00:00+01:00;-20.2;16.988329
1900-01-31 05:00:00+01:00;-18.5;17.897246
1900-01-31 06:00:00+01:00;-17.7;21.363795
1900-01-31 07:00:00+01:00;-15.2;25.65999
1900-01-31 08:00:00+01:00;-14.8;28.833099
1900-01-31 09:00:00+01:00;-14.2;30.315795
1900-01-31 10:00:00+01:00;-13;30.67332
1900-01-31 11:00:00+01:00;-12.2;30.88895
1900-01-31 12:00:00+01:00;-11.8;30.83782
1900-01-31 13:00:00+01:00;-11.7;30.54232
1900-01-31 14:00:00+01:00;-10.7;29.993679
1900-01-31 15:00:00+01:00;-10.7;28.883133
1900-01-31 16:00:00+01:00;-10.3;26.609758
1900-01-31 17:00:00+01:00;-10.3;24.010435
1900-01-31 18:00:00+01:00;-10.6;22.163733
1900-01-31 19:00:00+01:00;-10.1;20.7035949
1900-01-31 20:00:00+01:00;-10;19.4273567
1900-01-31 21:00:00+01:00;-9.7;18.490883
1900-01-31 22:00:00+01:00;-9.6;17.855283
1900-01-31 23:00:00+01:00;-9.5;17.390515
1900-02-01 00:00:00+01:00;-5.2;17.049827
1900-02-01 01:00:00+01:00;-3.6;16.927993
1900-02-01 02:00:00+01:00;-2.4;16.889632
1900-02-01 03:00:00+01:00;3.4;16.887383
1900-02-01 04:00:00+01:00;3.6;16.988329
1900-02-01 05:00:00+01:00;4;17.897246
1900-02-01 06:00:00+01:00;4.6;21.363795
1900-02-01 07:00:00+01:00;5.4;25.65999
1900-02-01 08:00:00+01:00;5;28.833099
1900-02-01 09:00:00+01:00;5.5;30.315795
1900-02-01 10:00:00+01:00;6.1;30.67332
1900-02-01 11:00:00+01:00;6.4;30.88895
1900-02-01 12:00:00+01:00;6.9;30.83782
1900-02-01 13:00:00+01:00;7.6;30.54232
1900-02-01 14:00:00+01:00;10.2;29.993679
1900-02-01 15:00:00+01:00;8.9;28.883133
1900-02-01 16:00:00+01:00;8.1;26.609758
1900-02-01 17:00:00+01:00;5.2;24.010435
1900-02-01 18:00:00+01:00;3.7;22.163733
1900-02-01 19:00:00+01:00;4.4;20.7035949
1900-02-01 20:00:00+01:00;4.3;19.4273567
1900-02-01 21:00:00+01:00;3.8;18.490883
1900-02-01 22:00:00+01:00;-1.5;17.855283
1900-02-01 23:00:00+01:00;-2.4;17.390515
1900-02-02 00:00:00+01:00;-2;17.049827
1900-02-02 01:00:00+01:00;-2.6;16.927993
1900-02-02 02:00:00+01:00;-3;16.889632
1900-02-02 03:00:00+01:00;-2.9;16.887383
1900-02-02 04:00:00+01:00;-3.9;16.988329
1900-02-02 05:00:00+01:00;-4;17.897246
1900-02-02 06:00:00+01:00;-3.6;21.363795
1900-02-02 07:00:00+01:00;-4.6;25.65999
1900-02-02 08:00:00+01:00;-6;28.833099
1900-02-02 09:00:00+01:00;-4.6;30.315795
1900-02-02 10:00:00+01:00;-3.3;30.67332
1900-02-02 11:00:00+01:00;-1.2;30.88895
1900-02-02 12:00:00+01:00;-0.7;30.83782
1900-02-02 13:00:00+01:00;-1.2;30.54232
1900-02-02 14:00:00+01:00;-1.2;29.993679
1900-02-02 15:00:00+01:00;-1.7;28.883133
1900-02-02 16:00:00+01:00;-3;26.609758
1900-02-02 17:00:00+01:00;-3;24.010435
1900-02-02 18:00:00+01:00;-2.5;22.163733
1900-02-02 19:00:00+01:00;-2.1;20.7035949
1900-02-02 20:00:00+01:00;-1.7;19.4273567
1900-02-02 21:00:00+01:00;-1.7;18.490883
1900-02-02 22:00:00+01:00;-2;17.855283
1900-02-02 23:00:00+01:00;-2.8;17.390515
1900-02-03 00:00:00+01:00;-3.1;11.247858
1900-02-03 01:00:00+01:00;-3;11.189895
1900-02-03 02:00:00+01:00;-2.6;11.159755
1900-02-03 03:00:00+01:00;-2.6;11.156236
1900-02-03 04:00:00+01:00;-3.5;11.090969
1900-02-03 05:00:00+01:00;-4.3;11.085708
1900-02-03 06:00:00+01:00;-5;11.185433
1900-02-03 07:00:00+01:00;-4.8;11.356602
1900-02-03 08:00:00+01:00;-4.8;11.586917
1900-02-03 09:00:00+01:00;-4;11.83713
1900-02-03 10:00:00+01:00;-3.1;12.160864
1900-02-03 11:00:00+01:00;-2.3;12.417611
1900-02-03 12:00:00+01:00;-1.5;12.907256
1900-02-03 13:00:00+01:00;-1.2;13.122565
1900-02-03 14:00:00+01:00;-1.4;13.061459
1900-02-03 15:00:00+01:00;-1.5;12.884488
1900-02-03 16:00:00+01:00;-1.7;12.781079
1900-02-03 17:00:00+01:00;-1.7;12.502277
1900-02-03 18:00:00+01:00;-2.1;12.224691
1900-02-03 19:00:00+01:00;-2.5;12.034665
1900-02-03 20:00:00+01:00;-2.3;11.851783
1900-02-03 21:00:00+01:00;-2.4;11.669916
1900-02-03 22:00:00+01:00;-3.1;11.514587
1900-02-03 23:00:00+01:00;-5.1;11.311442
1900-02-04 00:00:00+01:00;-6.1;11.247858
1900-02-04 01:00:00+01:00;-6.8;11.189895
1900-02-04 02:00:00+01:00;-6.3;11.159755
1900-02-04 03:00:00+01:00;-4.1;11.156236
1900-02-04 04:00:00+01:00;-4.1;11.090969
1900-02-04 05:00:00+01:00;-4;11.085708
1900-02-04 06:00:00+01:00;-3.5;11.185433
1900-02-04 07:00:00+01:00;-3.3;11.356602
1900-02-04 08:00:00+01:00;-2;11.586917
1900-02-04 09:00:00+01:00;-2.8;11.83713
1900-02-04 10:00:00+01:00;-2;12.160864
1900-02-04 11:00:00+01:00;-1.5;12.417611
1900-02-04 12:00:00+01:00;-1.4;12.907256
1900-02-04 13:00:00+01:00;-1.5;13.122565
1900-02-04 14:00:00+01:00;-1;13.061459
1900-02-04 15:00:00+01:00;-1;12.884488
1900-02-04 16:00:00+01:00;-0.7;12.781079
1900-02-04 17:00:00+01:00;1.1;12.502277
1900-02-04 18:00:00+01:00;0.6;12.224691
1900-02-04 19:00:00+01:00;0.4;12.034665
1900-02-04 20:00:00+01:00;-0.6;11.851783
1900-02-04 21:00:00+01:00;0;11.669916
1900-02-04 22:00:00+01:00;0;11.514587
1900-02-04 23:00:00+01:00;0.5;11.311442
1900-02-05 00:00:00+01:00;0.9;17.049827
1900-02-05 01:00:00+01:00;1.5;16.927993
1900-02-05 02:00:00+01:00;0.9;16.889632
1900-02-05 03:00:00+01:00;1.2;16.887383
1900-02-05 04:00:00+01:00;1.5;16.988329
1900-02-05 05:00:00+01:00;1.7;17.897246
1900-02-05 06:00:00+01:00;1.9;21.363795
1900-02-05 07:00:00+01:00;1.7;25.65999
1900-02-05 08:00:00+01:00;2;28.833099
1900-02-05 09:00:00+01:00;2;30.315795
1900-02-05 10:00:00+01:00;2.4;30.67332
1900-02-05 11:00:00+01:00;1.6;30.88895
1900-02-05 12:00:00+01:00;2;30.83782
1900-02-05 13:00:00+01:00;2.1;30.54232
1900-02-05 14:00:00+01:00;1.6;29.993679
1900-02-05 15:00:00+01:00;1.4;28.883133
1900-02-05 16:00:00+01:00;1.3;26.609758
1900-02-05 17:00:00+01:00;1.3;24.010435
1900-02-05 18:00:00+01:00;1.2;22.163733
1900-02-05 19:00:00+01:00;1.4;20.7035949
1900-02-05 20:00:00+01:00;1.3;19.4273567
1900-02-05 21:00:00+01:00;1;18.490883
1900-02-05 22:00:00+01:00;1.1;17.855283
1900-02-05 23:00:00+01:00;0.8;17.390515
1900-02-06 00:00:00+01:00;0.6;17.049827
1900-02-06 01:00:00+01:00;0.4;16.927993
1900-02-06 02:00:00+01:00;0.4;16.889632
1900-02-06 03:00:00+01:00;0.2;16.887383
1900-02-06 04:00:00+01:00;0.5;16.988329
1900-02-06 05:00:00+01:00;0.5;17.897246
1900-02-06 06:00:00+01:00;0.8;21.363795
1900-02-06 07:00:00+01:00;1;25.65999
1900-02-06 08:00:00+01:00;0.7;28.833099
1900-02-06 09:00:00+01:00;0.1;30.315795
1900-02-06 10:00:00+01:00;0.4;30.67332
1900-02-06 11:00:00+01:00;1.5;30.88895
1900-02-06 12:00:00+01:00;1.8;30.83782
1900-02-06 13:00:00+01:00;0.9;30.54232
1900-02-06 14:00:00+01:00;1.9;29.993679
1900-02-06 15:00:00+01:00;3;28.883133
1900-02-06 16:00:00+01:00;3.4;26.609758
1900-02-06 17:00:00+01:00;2.5;24.010435
1900-02-06 18:00:00+01:00;2.1;22.163733
1900-02-06 19:00:00+01:00;2.9;20.7035949
1900-02-06 20:00:00+01:00;3.2;19.4273567
1900-02-06 21:00:00+01:00;3.6;18.490883
1900-02-06 22:00:00+01:00;2.8;17.855283
1900-02-06 23:00:00+01:00;2;17.390515
1900-02-07 00:00:00+01:00;2.4;17.049827
1900-02-07 01:00:00+01:00;2.7;16.927993
1900-02-07 02:00:00+01:00;2.5;16.889632
1900-02-07 03:00:00+01:00;2.7;16.887383
1900-02-07 04:00:00+01:00;1;16.988329
1900-02-07 05:00:00+01:00;2.3;17.897246
1900-02-07 06:00:00+01:00;1.9;21.363795
1900-02-07 07:00:00+01:00;2.2;25.65999
1900-02-07 08:00:00+01:00;1;28.833099
1900-02-07 09:00:00+01:00;0.4;30.315795
1900-02-07 10:00:00+01:00;0.3;30.67332
1900-02-07 11:00:00+01:00;0.1;30.88895
1900-02-07 12:00:00+01:00;-0.3;30.83782
1900-02-07 13:00:00+01:00;-0.5;30.54232
1900-02-07 14:00:00+01:00;-0.3;29.993679
1900-02-07 15:00:00+01:00;-0.5;28.883133
1900-02-07 16:00:00+01:00;-0.3;26.609758
1900-02-07 17:00:00+01:00;-0.5;24.010435
1900-02-07 18:00:00+01:00;-0.6;22.163733
1900-02-07 19:00:00+01:00;-0.6;20.7035949
1900-02-07 20:00:00+01:00;-0.8;19.4273567
1900-02-07 21:00:00+01:00;-1;18.490883
1900-02-07 22:00:00+01:00;-1;17.855283
1900-02-07 23:00:00+01:00;-1.2;17.390515
1900-02-08 00:00:00+01:00;-0.8;17.049827
1900-02-08 01:00:00+01:00;-1;16.927993
1900-02-08 02:00:00+01:00;-0.7;16.889632
1900-02-08 03:00:00+01:00;-0.8;16.887383
1900-02-08 04:00:00+01:00;-1;16.988329
1900-02-08 05:00:00+01:00;-0.7;17.897246
1900-02-08 06:00:00+01:00;-0.7;21.363795
1900-02-08 07:00:00+01:00;-0.5;25.65999
1900-02-08 08:00:00+01:00;-0.3;28.833099
1900-02-08 09:00:00+01:00;-0.3;30.315795
1900-02-08 10:00:00+01:00;-0.1;30.67332
1900-02-08 11:00:00+01:00;0;30.88895
1900-02-08 12:00:00+01:00;0;30.83782
1900-02-08 13:00:00+01:00;0.7;30.54232
1900-02-08 14:00:00+01:00;0.7;29.993679
1900-02-08 15:00:00+01:00;0.8;28.883133
1900-02-08 16:00:00+01:00;0.6;26.609758
1900-02-08 17:00:00+01:00;0.6;24.010435
1900-02-08 18:00:00+01:00;0.7;22.163733
1900-02-08 19:00:00+01:00;0.4;20.7035949
1900-02-08 20:00:00+01:00;0.1;19.4273567
1900-02-08 21:00:00+01:00;0.5;18.490883
1900-02-08 22:00:00+01:00;0.6;17.855283
1900-02-08 23:00:00+01:00;0.2;17.390515
1900-02-09 00:00:00+01:00;0.1;17.049827
1900-02-09 01:00:00+01:00;0.2;16.927993
1900-02-09 02:00:00+01:00;0.2;16.889632
1900-02-09 03:00:00+01:00;0.2;16.887383
1900-02-09 04:00:00+01:00;0.3;16.988329
1900-02-09 05:00:00+01:00;0;17.897246
1900-02-09 06:00:00+01:00;0.1;21.363795
1900-02-09 07:00:00+01:00;0;25.65999
1900-02-09 08:00:00+01:00;-0.1;28.833099
1900-02-09 09:00:00+01:00;0;30.315795
1900-02-09 10:00:00+01:00;0;30.67332
1900-02-09 11:00:00+01:00;0.9;30.88895
1900-02-09 12:00:00+01:00;1.7;30.83782
1900-02-09 13:00:00+01:00;2.2;30.54232
1900-02-09 14:00:00+01:00;3.3;29.993679
1900-02-09 15:00:00+01:00;3.1;28.883133
1900-02-09 16:00:00+01:00;2.6;26.609758
1900-02-09 17:00:00+01:00;1.8;24.010435
1900-02-09 18:00:00+01:00;0;22.163733
1900-02-09 19:00:00+01:00;-0.1;20.7035949
1900-02-09 20:00:00+01:00;0.2;19.4273567
1900-02-09 21:00:00+01:00;0.1;18.490883
1900-02-09 22:00:00+01:00;-0.1;17.855283
1900-02-09 23:00:00+01:00;0;17.390515
1900-02-10 00:00:00+01:00;0;11.247858
1900-02-10 01:00:00+01:00;-0.3;11.189895
1900-02-10 02:00:00+01:00;-1.5;11.159755
1900-02-10 03:00:00+01:00;-2.8;11.156236
1900-02-10 04:00:00+01:00;-3.4;11.090969
1900-02-10 05:00:00+01:00;-5.8;11.085708
1900-02-10 06:00:00+01:00;-6.3;11.185433
1900-02-10 07:00:00+01:00;-7.6;11.356602
1900-02-10 08:00:00+01:00;-8.1;11.586917
1900-02-10 09:00:00+01:00;-7.1;11.83713
1900-02-10 10:00:00+01:00;-6.1;12.160864
1900-02-10 11:00:00+01:00;-3.5;12.417611
1900-02-10 12:00:00+01:00;-2.6;12.907256
1900-02-10 13:00:00+01:00;-1.4;13.122565
1900-02-10 14:00:00+01:00;-0.7;13.061459
1900-02-10 15:00:00+01:00;-2.4;12.884488
1900-02-10 16:00:00+01:00;-3.8;12.781079
1900-02-10 17:00:00+01:00;-4.3;12.502277
1900-02-10 18:00:00+01:00;-7;12.224691
1900-02-10 19:00:00+01:00;-7.3;12.034665
1900-02-10 20:00:00+01:00;-9.5;11.851783
1900-02-10 21:00:00+01:00;-11.1;11.669916
1900-02-10 22:00:00+01:00;-11.7;11.514587
1900-02-10 23:00:00+01:00;-10.8;11.311442
1900-02-11 00:00:00+01:00;-9.7;11.247858
1900-02-11 01:00:00+01:00;-7.6;11.189895
1900-02-11 02:00:00+01:00;-6.8;11.159755
1900-02-11 03:00:00+01:00;-7.3;11.156236
1900-02-11 04:00:00+01:00;-7.8;11.090969
1900-02-11 05:00:00+01:00;-8.2;11.085708
1900-02-11 06:00:00+01:00;-8.3;11.185433
1900-02-11 07:00:00+01:00;-9;11.356602
1900-02-11 08:00:00+01:00;-9.2;11.586917
1900-02-11 09:00:00+01:00;-8.8;11.83713
1900-02-11 10:00:00+01:00;-7.5;12.160864
1900-02-11 11:00:00+01:00;-7.1;12.417611
1900-02-11 12:00:00+01:00;-6;12.907256
1900-02-11 13:00:00+01:00;-5.6;13.122565
1900-02-11 14:00:00+01:00;-5.8;13.061459
1900-02-11 15:00:00+01:00;-5.6;12.884488
1900-02-11 16:00:00+01:00;-5.6;12.781079
1900-02-11 17:00:00+01:00;-5.8;12.502277
1900-02-11 18:00:00+01:00;-5.8;12.224691
1900-02-11 19:00:00+01:00;-6.3;12.034665
1900-02-11 20:00:00+01:00;-6.3;11.851783
1900-02-11 21:00:00+01:00;-6.6;11.669916
1900-02-11 22:00:00+01:00;-6.6;11.514587
1900-02-11 23:00:00+01:00;-6.6;11.311442
1900-02-12 00:00:00+01:00;-7.8;17.049827
1900-02-12 01:00:00+01:00;-8.2;16.927993
1900-02-12 02:00:00+01:00;-8.6;16.889632
1900-02-12 03:00:00+01:00;-8.2;16.887383
1900-02-12 04:00:00+01:00;-8.7;16.988329
1900-02-12 05:00:00+01:00;-8.7;17.897246
1900-02-12 06:00:00+01:00;-9;21.363795
1900-02-12 07:00:00+01:00;-9.2;25.65999
1900-02-12 08:00:00+01:00;-9.1;28.833099
1900-02-12 09:00:00+01:00;-9.1;30.315795
1900-02-12 10:00:00+01:00;-8.2;30.67332
1900-02-12 11:00:00+01:00;-7.3;30.88895
1900-02-12 12:00:00+01:00;-6.1;30.83782
1900-02-12 13:00:00+01:00;-5.8;30.54232
1900-02-12 14:00:00+01:00;-5.5;29.993679
1900-02-12 15:00:00+01:00;-5.1;28.883133
1900-02-12 16:00:00+01:00;-5.3;26.609758
1900-02-12 17:00:00+01:00;-5.3;24.010435
1900-02-12 18:00:00+01:00;-5;22.163733
1900-02-12 19:00:00+01:00;-4.6;20.7035949
1900-02-12 20:00:00+01:00;-4.5;19.4273567
1900-02-12 21:00:00+01:00;-4.1;18.490883
1900-02-12 22:00:00+01:00;-4.1;17.855283
1900-02-12 23:00:00+01:00;-4.5;17.390515
1900-02-13 00:00:00+01:00;-4.1;17.049827
1900-02-13 01:00:00+01:00;-3.9;16.927993
1900-02-13 02:00:00+01:00;-3.6;16.889632
1900-02-13 03:00:00+01:00;-3.4;16.887383
1900-02-13 04:00:00+01:00;-2.5;16.988329
1900-02-13 05:00:00+01:00;1.4;17.897246
1900-02-13 06:00:00+01:00;3.3;21.363795
1900-02-13 07:00:00+01:00;3.8;25.65999
1900-02-13 08:00:00+01:00;4.1;28.833099
1900-02-13 09:00:00+01:00;4.3;30.315795
1900-02-13 10:00:00+01:00;4.8;30.67332
1900-02-13 11:00:00+01:00;5.9;30.88895
1900-02-13 12:00:00+01:00;4.9;30.83782
1900-02-13 13:00:00+01:00;4.7;30.54232
1900-02-13 14:00:00+01:00;4;29.993679
1900-02-13 15:00:00+01:00;1.5;28.883133
1900-02-13 16:00:00+01:00;0.3;26.609758
1900-02-13 17:00:00+01:00;-1.2;24.010435
1900-02-13 18:00:00+01:00;-2;22.163733
1900-02-13 19:00:00+01:00;-3;20.7035949
1900-02-13 20:00:00+01:00;-3;19.4273567
1900-02-13 21:00:00+01:00;-3.9;18.490883
1900-02-13 22:00:00+01:00;-4.8;17.855283
1900-02-13 23:00:00+01:00;-7.8;17.390515
1900-02-14 00:00:00+01:00;-10.3;17.049827
1900-02-14 01:00:00+01:00;-9.7;16.927993
1900-02-14 02:00:00+01:00;-12.7;16.889632
1900-02-14 03:00:00+01:00;-15.6;16.887383
1900-02-14 04:00:00+01:00;-17.2;16.988329
1900-02-14 05:00:00+01:00;-14.5;17.897246
1900-02-14 06:00:00+01:00;-12;21.363795
1900-02-14 07:00:00+01:00;-12;25.65999
1900-02-14 08:00:00+01:00;-15.7;28.833099
1900-02-14 09:00:00+01:00;-11.6;30.315795
1900-02-14 10:00:00+01:00;-8.3;30.67332
1900-02-14 11:00:00+01:00;-5.5;30.88895
1900-02-14 12:00:00+01:00;-1.4;30.83782
1900-02-14 13:00:00+01:00;-1;30.54232
1900-02-14 14:00:00+01:00;-0.6;29.993679
1900-02-14 15:00:00+01:00;-0.3;28.883133
1900-02-14 16:00:00+01:00;-0.6;26.609758
1900-02-14 17:00:00+01:00;-0.7;24.010435
1900-02-14 18:00:00+01:00;-0.3;22.163733
1900-02-14 19:00:00+01:00;-0.3;20.7035949
1900-02-14 20:00:00+01:00;0.4;19.4273567
1900-02-14 21:00:00+01:00;0.3;18.490883
1900-02-14 22:00:00+01:00;-2.1;17.855283
1900-02-14 23:00:00+01:00;-0.5;17.390515
1900-02-15 00:00:00+01:00;1.6;17.049827
1900-02-15 01:00:00+01:00;1.2;16.927993
1900-02-15 02:00:00+01:00;-1.2;16.889632
1900-02-15 03:00:00+01:00;0.6;16.887383
1900-02-15 04:00:00+01:00;1.1;16.988329
1900-02-15 05:00:00+01:00;-1.5;17.897246
1900-02-15 06:00:00+01:00;-3;21.363795
1900-02-15 07:00:00+01:00;-5;25.65999
1900-02-15 08:00:00+01:00;-6.1;28.833099
1900-02-15 09:00:00+01:00;-7.1;30.315795
1900-02-15 10:00:00+01:00;-4.3;30.67332
1900-02-15 11:00:00+01:00;-1.9;30.88895
1900-02-15 12:00:00+01:00;-1.5;30.83782
1900-02-15 13:00:00+01:00;-1.5;30.54232
1900-02-15 14:00:00+01:00;-1.4;29.993679
1900-02-15 15:00:00+01:00;-1.9;28.883133
1900-02-15 16:00:00+01:00;-2.3;26.609758
1900-02-15 17:00:00+01:00;-3.4;24.010435
1900-02-15 18:00:00+01:00;-4.3;22.163733
1900-02-15 19:00:00+01:00;-5.6;20.7035949
1900-02-15 20:00:00+01:00;-9;19.4273567
1900-02-15 21:00:00+01:00;-14;18.490883
1900-02-15 22:00:00+01:00;-12.1;17.855283
1900-02-15 23:00:00+01:00;-14.8;17.390515
1900-02-16 00:00:00+01:00;-13.2;17.049827
1900-02-16 01:00:00+01:00;-15.2;16.927993
1900-02-16 02:00:00+01:00;-18.5;16.889632
1900-02-16 03:00:00+01:00;-11.8;16.887383
1900-02-16 04:00:00+01:00;-10.1;16.988329
1900-02-16 05:00:00+01:00;-9.7;17.897246
1900-02-16 06:00:00+01:00;-8.7;21.363795
1900-02-16 07:00:00+01:00;-5.1;25.65999
1900-02-16 08:00:00+01:00;-4.6;28.833099
1900-02-16 09:00:00+01:00;-5.8;30.315795
1900-02-16 10:00:00+01:00;-4.1;30.67332
1900-02-16 11:00:00+01:00;-4.3;30.88895
1900-02-16 12:00:00+01:00;-3;30.83782
1900-02-16 13:00:00+01:00;-2.5;30.54232
1900-02-16 14:00:00+01:00;-2.5;29.993679
1900-02-16 15:00:00+01:00;-2.4;28.883133
1900-02-16 16:00:00+01:00;-3.5;26.609758
1900-02-16 17:00:00+01:00;-5.1;24.010435
1900-02-16 18:00:00+01:00;-7.8;22.163733
1900-02-16 19:00:00+01:00;-9.2;20.7035949
1900-02-16 20:00:00+01:00;-10.3;19.4273567
1900-02-16 21:00:00+01:00;-15;18.490883
1900-02-16 22:00:00+01:00;-18.2;17.855283
1900-02-16 23:00:00+01:00;-19;17.390515
1900-02-17 00:00:00+01:00;-16.7;11.247858
1900-02-17 01:00:00+01:00;-13.7;11.189895
1900-02-17 02:00:00+01:00;-14.2;11.159755
1900-02-17 03:00:00+01:00;-13.2;11.156236
1900-02-17 04:00:00+01:00;-12.5;11.090969
1900-02-17 05:00:00+01:00;-11.7;11.085708
1900-02-17 06:00:00+01:00;-13.6;11.185433
1900-02-17 07:00:00+01:00;-15.7;11.356602
1900-02-17 08:00:00+01:00;-15.6;11.586917
1900-02-17 09:00:00+01:00;-10.7;11.83713
1900-02-17 10:00:00+01:00;-9.3;12.160864
1900-02-17 11:00:00+01:00;-3.5;12.417611
1900-02-17 12:00:00+01:00;-2.5;12.907256
1900-02-17 13:00:00+01:00;-0.6;13.122565
1900-02-17 14:00:00+01:00;-0.7;13.061459
1900-02-17 15:00:00+01:00;-1.2;12.884488
1900-02-17 16:00:00+01:00;-1.7;12.781079
1900-02-17 17:00:00+01:00;-3.5;12.502277
1900-02-17 18:00:00+01:00;-4.8;12.224691
1900-02-17 19:00:00+01:00;-7.1;12.034665
1900-02-17 20:00:00+01:00;-7.6;11.851783
1900-02-17 21:00:00+01:00;-8.7;11.669916
1900-02-17 22:00:00+01:00;-9.5;11.514587
1900-02-17 23:00:00+01:00;-12.7;11.311442
1900-02-18 00:00:00+01:00;-13.6;11.247858
1900-02-18 01:00:00+01:00;-13.7;11.189895
1900-02-18 02:00:00+01:00;-13.3;11.159755
1900-02-18 03:00:00+01:00;-14;11.156236
1900-02-18 04:00:00+01:00;-15.2;11.090969
1900-02-18 05:00:00+01:00;-19;11.085708
1900-02-18 06:00:00+01:00;-22.2;11.185433
1900-02-18 07:00:00+01:00;-21.5;11.356602
1900-02-18 08:00:00+01:00;-22;11.586917
1900-02-18 09:00:00+01:00;-17.4;11.83713
1900-02-18 10:00:00+01:00;-9.6;12.160864
1900-02-18 11:00:00+01:00;-6.3;12.417611
1900-02-18 12:00:00+01:00;-3.5;12.907256
1900-02-18 13:00:00+01:00;-3.6;13.122565
1900-02-18 14:00:00+01:00;-2.5;13.061459
1900-02-18 15:00:00+01:00;-2.9;12.884488
1900-02-18 16:00:00+01:00;-3.8;12.781079
1900-02-18 17:00:00+01:00;-5.1;12.502277
1900-02-18 18:00:00+01:00;-7.3;12.224691
1900-02-18 19:00:00+01:00;-10.3;12.034665
1900-02-18 20:00:00+01:00;-10.5;11.851783
1900-02-18 21:00:00+01:00;-16;11.669916
1900-02-18 22:00:00+01:00;-15.1;11.514587
1900-02-18 23:00:00+01:00;-11.5;11.311442
1900-02-19 00:00:00+01:00;-11.5;17.049827
1900-02-19 01:00:00+01:00;-10.7;16.927993
1900-02-19 02:00:00+01:00;-14.7;16.889632
1900-02-19 03:00:00+01:00;-18.4;16.887383
1900-02-19 04:00:00+01:00;-17.7;16.988329
1900-02-19 05:00:00+01:00;-20.5;17.897246
1900-02-19 06:00:00+01:00;-22.5;21.363795
1900-02-19 07:00:00+01:00;-20.4;25.65999
1900-02-19 08:00:00+01:00;-21.2;28.833099
1900-02-19 09:00:00+01:00;-13.2;30.315795
1900-02-19 10:00:00+01:00;-10;30.67332
1900-02-19 11:00:00+01:00;-7;30.88895
1900-02-19 12:00:00+01:00;-3.6;30.83782
1900-02-19 13:00:00+01:00;-1.9;30.54232
1900-02-19 14:00:00+01:00;-1.5;29.993679
1900-02-19 15:00:00+01:00;-2;28.883133
1900-02-19 16:00:00+01:00;-3;26.609758
1900-02-19 17:00:00+01:00;-4.8;24.010435
1900-02-19 18:00:00+01:00;-6.5;22.163733
1900-02-19 19:00:00+01:00;-6.8;20.7035949
1900-02-19 20:00:00+01:00;-9.5;19.4273567
1900-02-19 21:00:00+01:00;-10;18.490883
1900-02-19 22:00:00+01:00;-11.2;17.855283
1900-02-19 23:00:00+01:00;-14.7;17.390515
1900-02-20 00:00:00+01:00;-15.3;17.049827
1900-02-20 01:00:00+01:00;-16.5;16.927993
1900-02-20 02:00:00+01:00;-16.4;16.889632
1900-02-20 03:00:00+01:00;-19.4;16.887383
1900-02-20 04:00:00+01:00;-19.7;16.988329
1900-02-20 05:00:00+01:00;-20.2;17.897246
1900-02-20 06:00:00+01:00;-16.2;21.363795
1900-02-20 07:00:00+01:00;-13.8;25.65999
1900-02-20 08:00:00+01:00;-11.2;28.833099
1900-02-20 09:00:00+01:00;-10.7;30.315795
1900-02-20 10:00:00+01:00;-8;30.67332
1900-02-20 11:00:00+01:00;-5.3;30.88895
1900-02-20 12:00:00+01:00;-4.3;30.83782
1900-02-20 13:00:00+01:00;-3.4;30.54232
1900-02-20 14:00:00+01:00;-2;29.993679
1900-02-20 15:00:00+01:00;-2.3;28.883133
1900-02-20 16:00:00+01:00;-2.3;26.609758
1900-02-20 17:00:00+01:00;-3;24.010435
1900-02-20 18:00:00+01:00;-5.6;22.163733
1900-02-20 19:00:00+01:00;-7.3;20.7035949
1900-02-20 20:00:00+01:00;-8.7;19.4273567
1900-02-20 21:00:00+01:00;-10.2;18.490883
1900-02-20 22:00:00+01:00;-11.3;17.855283
1900-02-20 23:00:00+01:00;-11;17.390515
1900-02-21 00:00:00+01:00;-12.3;17.049827
1900-02-21 01:00:00+01:00;-14.2;16.927993
1900-02-21 02:00:00+01:00;-14.6;16.889632
1900-02-21 03:00:00+01:00;-18.2;16.887383
1900-02-21 04:00:00+01:00;-16.9;16.988329
1900-02-21 05:00:00+01:00;-16.7;17.897246
1900-02-21 06:00:00+01:00;-17.9;21.363795
1900-02-21 07:00:00+01:00;-16;25.65999
1900-02-21 08:00:00+01:00;-15.5;28.833099
1900-02-21 09:00:00+01:00;-13;30.315795
1900-02-21 10:00:00+01:00;-9.7;30.67332
1900-02-21 11:00:00+01:00;-7.3;30.88895
1900-02-21 12:00:00+01:00;-5;30.83782
1900-02-21 13:00:00+01:00;-3.8;30.54232
1900-02-21 14:00:00+01:00;-2;29.993679
1900-02-21 15:00:00+01:00;-1.5;28.883133
1900-02-21 16:00:00+01:00;-1.7;26.609758
1900-02-21 17:00:00+01:00;-2.9;24.010435
1900-02-21 18:00:00+01:00;-4;22.163733
1900-02-21 19:00:00+01:00;-4.8;20.7035949
1900-02-21 20:00:00+01:00;-5.3;19.4273567
1900-02-21 21:00:00+01:00;-5.3;18.490883
1900-02-21 22:00:00+01:00;-6;17.855283
1900-02-21 23:00:00+01:00;-8.7;17.390515
1900-02-22 00:00:00+01:00;-9.2;17.049827
1900-02-22 01:00:00+01:00;-10.2;16.927993
1900-02-22 02:00:00+01:00;-12.8;16.889632
1900-02-22 03:00:00+01:00;-13.3;16.887383
1900-02-22 04:00:00+01:00;-14.6;16.988329
1900-02-22 05:00:00+01:00;-17.5;17.897246
1900-02-22 06:00:00+01:00;-15.2;21.363795
1900-02-22 07:00:00+01:00;-15.7;25.65999
1900-02-22 08:00:00+01:00;-16.5;28.833099
1900-02-22 09:00:00+01:00;-9.3;30.315795
1900-02-22 10:00:00+01:00;-6.5;30.67332
1900-02-22 11:00:00+01:00;-2.4;30.88895
1900-02-22 12:00:00+01:00;-1.9;30.83782
1900-02-22 13:00:00+01:00;-0.7;30.54232
1900-02-22 14:00:00+01:00;-1;29.993679
1900-02-22 15:00:00+01:00;-1.2;28.883133
1900-02-22 16:00:00+01:00;-2;26.609758
1900-02-22 17:00:00+01:00;-4;24.010435
1900-02-22 18:00:00+01:00;-7.1;22.163733
1900-02-22 19:00:00+01:00;-9;20.7035949
1900-02-22 20:00:00+01:00;-10;19.4273567
1900-02-22 21:00:00+01:00;-12.2;18.490883
1900-02-22 22:00:00+01:00;-11.1;17.855283
1900-02-22 23:00:00+01:00;-14.3;17.390515
1900-02-23 00:00:00+01:00;-19.5;17.049827
1900-02-23 01:00:00+01:00;-20;16.927993
1900-02-23 02:00:00+01:00;-20.7;16.889632
1900-02-23 03:00:00+01:00;-21.2;16.887383
1900-02-23 04:00:00+01:00;-23;16.988329
1900-02-23 05:00:00+01:00;-23.5;17.897246
1900-02-23 06:00:00+01:00;-24.7;21.363795
1900-02-23 07:00:00+01:00;-24;25.65999
1900-02-23 08:00:00+01:00;-18.7;28.833099
1900-02-23 09:00:00+01:00;-13;30.315795
1900-02-23 10:00:00+01:00;-9.7;30.67332
1900-02-23 11:00:00+01:00;-7.6;30.88895
1900-02-23 12:00:00+01:00;-6;30.83782
1900-02-23 13:00:00+01:00;-5.6;30.54232
1900-02-23 14:00:00+01:00;-5.1;29.993679
1900-02-23 15:00:00+01:00;-5;28.883133
1900-02-23 16:00:00+01:00;-4.6;26.609758
1900-02-23 17:00:00+01:00;-5.1;24.010435
1900-02-23 18:00:00+01:00;-8.2;22.163733
1900-02-23 19:00:00+01:00;-8.7;20.7035949
1900-02-23 20:00:00+01:00;-8;19.4273567
1900-02-23 21:00:00+01:00;-7;18.490883
1900-02-23 22:00:00+01:00;-6.1;17.855283
1900-02-23 23:00:00+01:00;-5.6;17.390515
1900-02-24 00:00:00+01:00;-7.6;11.247858
1900-02-24 01:00:00+01:00;-8.6;11.189895
1900-02-24 02:00:00+01:00;-8.7;11.159755
1900-02-24 03:00:00+01:00;-9.6;11.156236
1900-02-24 04:00:00+01:00;-9.2;11.090969
1900-02-24 05:00:00+01:00;-9.1;11.085708
1900-02-24 06:00:00+01:00;-6.3;11.185433
1900-02-24 07:00:00+01:00;-5.3;11.356602
1900-02-24 08:00:00+01:00;-5;11.586917
1900-02-24 09:00:00+01:00;-4.6;11.83713
1900-02-24 10:00:00+01:00;-3.3;12.160864
1900-02-24 11:00:00+01:00;-2.3;12.417611
1900-02-24 12:00:00+01:00;-1.7;12.907256
1900-02-24 13:00:00+01:00;-0.8;13.122565
1900-02-24 14:00:00+01:00;-0.7;13.061459
1900-02-24 15:00:00+01:00;-1;12.884488
1900-02-24 16:00:00+01:00;-1.5;12.781079
1900-02-24 17:00:00+01:00;-2;12.502277
1900-02-24 18:00:00+01:00;-2.1;12.224691
1900-02-24 19:00:00+01:00;-4.3;12.034665
1900-02-24 20:00:00+01:00;-5.6;11.851783
1900-02-24 21:00:00+01:00;-7;11.669916
1900-02-24 22:00:00+01:00;-8.6;11.514587
1900-02-24 23:00:00+01:00;-10.2;11.311442
1900-02-25 00:00:00+01:00;-10.6;11.247858
1900-02-25 01:00:00+01:00;-11.6;11.189895
1900-02-25 02:00:00+01:00;-10.6;11.159755
1900-02-25 03:00:00+01:00;-11;11.156236
1900-02-25 04:00:00+01:00;-12.2;11.090969
1900-02-25 05:00:00+01:00;-13.5;11.085708
1900-02-25 06:00:00+01:00;-12.6;11.185433
1900-02-25 07:00:00+01:00;-12;11.356602
1900-02-25 08:00:00+01:00;-9.8;11.586917
1900-02-25 09:00:00+01:00;-8;11.83713
1900-02-25 10:00:00+01:00;-6.8;12.160864
1900-02-25 11:00:00+01:00;-5.5;12.417611
1900-02-25 12:00:00+01:00;-3.5;12.907256
1900-02-25 13:00:00+01:00;-1.7;13.122565
1900-02-25 14:00:00+01:00;-2;13.061459
1900-02-25 15:00:00+01:00;-2.8;12.884488
1900-02-25 16:00:00+01:00;-3.1;12.781079
1900-02-25 17:00:00+01:00;-3.3;12.502277
1900-02-25 18:00:00+01:00;-3.6;12.224691
1900-02-25 19:00:00+01:00;-4.1;12.034665
1900-02-25 20:00:00+01:00;-4.5;11.851783
1900-02-25 21:00:00+01:00;-4;11.669916
1900-02-25 22:00:00+01:00;-4.6;11.514587
1900-02-25 23:00:00+01:00;-7;11.311442
1900-02-26 00:00:00+01:00;-6.5;17.049827
1900-02-26 01:00:00+01:00;-5.3;16.927993
1900-02-26 02:00:00+01:00;-5.3;16.889632
1900-02-26 03:00:00+01:00;-5.1;16.887383
1900-02-26 04:00:00+01:00;-5;16.988329
1900-02-26 05:00:00+01:00;-4.5;17.897246
1900-02-26 06:00:00+01:00;-4.1;21.363795
1900-02-26 07:00:00+01:00;-3.9;25.65999
1900-02-26 08:00:00+01:00;-3.5;28.833099
1900-02-26 09:00:00+01:00;-2.5;30.315795
1900-02-26 10:00:00+01:00;-1.4;30.67332
1900-02-26 11:00:00+01:00;-0.3;30.88895
1900-02-26 12:00:00+01:00;1;30.83782
1900-02-26 13:00:00+01:00;2.8;30.54232
1900-02-26 14:00:00+01:00;3.5;29.993679
1900-02-26 15:00:00+01:00;0.8;28.883133
1900-02-26 16:00:00+01:00;-0.1;26.609758
1900-02-26 17:00:00+01:00;-1.5;24.010435
1900-02-26 18:00:00+01:00;-2.5;22.163733
1900-02-26 19:00:00+01:00;-3.4;20.7035949
1900-02-26 20:00:00+01:00;-3.5;19.4273567
1900-02-26 21:00:00+01:00;-4.8;18.490883
1900-02-26 22:00:00+01:00;-5.5;17.855283
1900-02-26 23:00:00+01:00;-4.3;17.390515
1900-02-27 00:00:00+01:00;-6.1;17.049827
1900-02-27 01:00:00+01:00;-7;16.927993
1900-02-27 02:00:00+01:00;-6;16.889632
1900-02-27 03:00:00+01:00;-6.3;16.887383
1900-02-27 04:00:00+01:00;-4.8;16.988329
1900-02-27 05:00:00+01:00;-5;17.897246
1900-02-27 06:00:00+01:00;-4.6;21.363795
1900-02-27 07:00:00+01:00;-4.6;25.65999
1900-02-27 08:00:00+01:00;-4.3;28.833099
1900-02-27 09:00:00+01:00;-4.3;30.315795
1900-02-27 10:00:00+01:00;-3.8;30.67332
1900-02-27 11:00:00+01:00;-3.3;30.88895
1900-02-27 12:00:00+01:00;-2.8;30.83782
1900-02-27 13:00:00+01:00;-2.5;30.54232
1900-02-27 14:00:00+01:00;-2.5;29.993679
1900-02-27 15:00:00+01:00;-2.9;28.883133
1900-02-27 16:00:00+01:00;-3;26.609758
1900-02-27 17:00:00+01:00;-4;24.010435
1900-02-27 18:00:00+01:00;-6.1;22.163733
1900-02-27 19:00:00+01:00;-6.5;20.7035949
1900-02-27 20:00:00+01:00;-8.1;19.4273567
1900-02-27 21:00:00+01:00;-7.5;18.490883
1900-02-27 22:00:00+01:00;-8.3;17.855283
1900-02-27 23:00:00+01:00;-8.5;17.390515
1900-02-28 00:00:00+01:00;-8.5;17.049827
1900-02-28 01:00:00+01:00;-8;16.927993
1900-02-28 02:00:00+01:00;-7.3;16.889632
1900-02-28 03:00:00+01:00;-7.3;16.887383
1900-02-28 04:00:00+01:00;-7.5;16.988329
1900-02-28 05:00:00+01:00;-6.8;17.897246
1900-02-28 06:00:00+01:00;-6.6;21.363795
1900-02-28 07:00:00+01:00;-6.6;25.65999
1900-02-28 08:00:00+01:00;-5.8;28.833099
1900-02-28 09:00:00+01:00;-5.1;30.315795
1900-02-28 10:00:00+01:00;-4.5;30.67332
1900-02-28 11:00:00+01:00;-3.5;30.88895
1900-02-28 12:00:00+01:00;-3;30.83782
1900-02-28 13:00:00+01:00;-2.4;30.54232
1900-02-28 14:00:00+01:00;-1.7;29.993679
1900-02-28 15:00:00+01:00;-2.8;28.883133
1900-02-28 16:00:00+01:00;-3;26.609758
1900-02-28 17:00:00+01:00;-3.4;24.010435
1900-02-28 18:00:00+01:00;-5.3;22.163733
1900-02-28 19:00:00+01:00;-4.6;20.7035949
1900-02-28 20:00:00+01:00;-4.8;19.4273567
1900-02-28 21:00:00+01:00;-4.5;18.490883
1900-02-28 22:00:00+01:00;-4.7;17.855283
1900-02-28 23:00:00+01:00;-5.9;17.390515
1900-03-01 00:00:00+01:00;-5.8;17.049827
1900-03-01 01:00:00+01:00;-5.9;16.927993
1900-03-01 02:00:00+01:00;-5.7;16.889632
1900-03-01 03:00:00+01:00;-5.1;16.887383
1900-03-01 04:00:00+01:00;-5;16.988329
1900-03-01 05:00:00+01:00;-5;17.897246
1900-03-01 06:00:00+01:00;-3.6;21.363795
1900-03-01 07:00:00+01:00;-3.3;25.65999
1900-03-01 08:00:00+01:00;-3.4;28.833099
1900-03-01 09:00:00+01:00;-1.5;30.315795
1900-03-01 10:00:00+01:00;-0.8;30.67332
1900-03-01 11:00:00+01:00;-0.3;30.88895
1900-03-01 12:00:00+01:00;0.1;30.83782
1900-03-01 13:00:00+01:00;0;30.54232
1900-03-01 14:00:00+01:00;0.6;29.993679
1900-03-01 15:00:00+01:00;0.2;28.883133
1900-03-01 16:00:00+01:00;0.2;26.609758
1900-03-01 17:00:00+01:00;-0.1;24.010435
1900-03-01 18:00:00+01:00;-0.3;22.163733
1900-03-01 19:00:00+01:00;-1;20.7035949
1900-03-01 20:00:00+01:00;-0.8;19.4273567
1900-03-01 21:00:00+01:00;-0.8;18.490883
1900-03-01 22:00:00+01:00;-1.7;17.855283
1900-03-01 23:00:00+01:00;-1.5;17.390515
1900-03-02 00:00:00+01:00;-1.9;17.049827
1900-03-02 01:00:00+01:00;-2.5;16.927993
1900-03-02 02:00:00+01:00;-2.6;16.889632
1900-03-02 03:00:00+01:00;-3;16.887383
1900-03-02 04:00:00+01:00;-3.8;16.988329
1900-03-02 05:00:00+01:00;-4.5;17.897246
1900-03-02 06:00:00+01:00;-4.6;21.363795
1900-03-02 07:00:00+01:00;-5.1;25.65999
1900-03-02 08:00:00+01:00;-4.1;28.833099
1900-03-02 09:00:00+01:00;-3.4;30.315795
1900-03-02 10:00:00+01:00;-2.3;30.67332
1900-03-02 11:00:00+01:00;-1.4;30.88895
1900-03-02 12:00:00+01:00;-0.7;30.83782
1900-03-02 13:00:00+01:00;-0.5;30.54232
1900-03-02 14:00:00+01:00;-0.5;29.993679
1900-03-02 15:00:00+01:00;-0.7;28.883133
1900-03-02 16:00:00+01:00;-0.7;26.609758
1900-03-02 17:00:00+01:00;-2.6;24.010435
1900-03-02 18:00:00+01:00;-2;22.163733
1900-03-02 19:00:00+01:00;-2.8;20.7035949
1900-03-02 20:00:00+01:00;-2.4;19.4273567
1900-03-02 21:00:00+01:00;-2.5;18.490883
1900-03-02 22:00:00+01:00;-3;17.855283
1900-03-02 23:00:00+01:00;-3.1;17.390515
1900-03-03 00:00:00+01:00;-3.5;11.247858
1900-03-03 01:00:00+01:00;-3.5;11.189895
1900-03-03 02:00:00+01:00;-3.3;11.159755
1900-03-03 03:00:00+01:00;-3.5;11.156236
1900-03-03 04:00:00+01:00;-3.5;11.090969
1900-03-03 05:00:00+01:00;-3.9;11.085708
1900-03-03 06:00:00+01:00;-4.3;11.185433
1900-03-03 07:00:00+01:00;-4.1;11.356602
1900-03-03 08:00:00+01:00;-5.3;11.586917
1900-03-03 09:00:00+01:00;-4;11.83713
1900-03-03 10:00:00+01:00;-3;12.160864
1900-03-03 11:00:00+01:00;-2.3;12.417611
1900-03-03 12:00:00+01:00;-2.4;12.907256
1900-03-03 13:00:00+01:00;-2;13.122565
1900-03-03 14:00:00+01:00;-2.3;13.061459
1900-03-03 15:00:00+01:00;-2;12.884488
1900-03-03 16:00:00+01:00;-1.7;12.781079
1900-03-03 17:00:00+01:00;-2;12.502277
1900-03-03 18:00:00+01:00;-2.6;12.224691
1900-03-03 19:00:00+01:00;-2;12.034665
1900-03-03 20:00:00+01:00;-1.5;11.851783
1900-03-03 21:00:00+01:00;-1.5;11.669916
1900-03-03 22:00:00+01:00;-1.5;11.514587
1900-03-03 23:00:00+01:00;-1.7;11.311442
1900-03-04 00:00:00+01:00;-2.1;11.247858
1900-03-04 01:00:00+01:00;-2;11.189895
1900-03-04 02:00:00+01:00;-2.5;11.159755
1900-03-04 03:00:00+01:00;-0.3;11.156236
1900-03-04 04:00:00+01:00;0.6;11.090969
1900-03-04 05:00:00+01:00;0.7;11.085708
1900-03-04 06:00:00+01:00;0.6;11.185433
1900-03-04 07:00:00+01:00;1;11.356602
1900-03-04 08:00:00+01:00;1.2;11.586917
1900-03-04 09:00:00+01:00;1.1;11.83713
1900-03-04 10:00:00+01:00;1.3;12.160864
1900-03-04 11:00:00+01:00;1.7;12.417611
1900-03-04 12:00:00+01:00;2;12.907256
1900-03-04 13:00:00+01:00;2.7;13.122565
1900-03-04 14:00:00+01:00;2.4;13.061459
1900-03-04 15:00:00+01:00;2.7;12.884488
1900-03-04 16:00:00+01:00;2.3;12.781079
1900-03-04 17:00:00+01:00;1.8;12.502277
1900-03-04 18:00:00+01:00;2;12.224691
1900-03-04 19:00:00+01:00;1.7;12.034665
1900-03-04 20:00:00+01:00;1.6;11.851783
1900-03-04 21:00:00+01:00;1.7;11.669916
1900-03-04 22:00:00+01:00;1.2;11.514587
1900-03-04 23:00:00+01:00;1;11.311442
1900-03-05 00:00:00+01:00;0.8;17.049827
1900-03-05 01:00:00+01:00;1;16.927993
1900-03-05 02:00:00+01:00;0.8;16.889632
1900-03-05 03:00:00+01:00;0.6;16.887383
1900-03-05 04:00:00+01:00;0.5;16.988329
1900-03-05 05:00:00+01:00;0.8;17.897246
1900-03-05 06:00:00+01:00;1.1;21.363795
1900-03-05 07:00:00+01:00;0.7;25.65999
1900-03-05 08:00:00+01:00;0.8;28.833099
1900-03-05 09:00:00+01:00;0.9;30.315795
1900-03-05 10:00:00+01:00;0.9;30.67332
1900-03-05 11:00:00+01:00;0.6;30.88895
1900-03-05 12:00:00+01:00;0.7;30.83782
1900-03-05 13:00:00+01:00;1;30.54232
1900-03-05 14:00:00+01:00;0.8;29.993679
1900-03-05 15:00:00+01:00;1;28.883133
1900-03-05 16:00:00+01:00;1.4;26.609758
1900-03-05 17:00:00+01:00;1.3;24.010435
1900-03-05 18:00:00+01:00;1.5;22.163733
1900-03-05 19:00:00+01:00;1.5;20.7035949
1900-03-05 20:00:00+01:00;1.5;19.4273567
1900-03-05 21:00:00+01:00;1.4;18.490883
1900-03-05 22:00:00+01:00;1.4;17.855283
1900-03-05 23:00:00+01:00;1.1;17.390515
1900-03-06 00:00:00+01:00;0.9;17.049827
1900-03-06 01:00:00+01:00;-0.6;16.927993
1900-03-06 02:00:00+01:00;-0.6;16.889632
1900-03-06 03:00:00+01:00;-0.7;16.887383
1900-03-06 04:00:00+01:00;0;16.988329
1900-03-06 05:00:00+01:00;0.5;17.897246
1900-03-06 06:00:00+01:00;0.4;21.363795
1900-03-06 07:00:00+01:00;0.6;25.65999
1900-03-06 08:00:00+01:00;0.7;28.833099
1900-03-06 09:00:00+01:00;1;30.315795
1900-03-06 10:00:00+01:00;0.7;30.67332
1900-03-06 11:00:00+01:00;1;30.88895
1900-03-06 12:00:00+01:00;0.9;30.83782
1900-03-06 13:00:00+01:00;1;30.54232
1900-03-06 14:00:00+01:00;0.4;29.993679
1900-03-06 15:00:00+01:00;0.4;28.883133
1900-03-06 16:00:00+01:00;0.1;26.609758
1900-03-06 17:00:00+01:00;0.5;24.010435
1900-03-06 18:00:00+01:00;0.5;22.163733
1900-03-06 19:00:00+01:00;0.4;20.7035949
1900-03-06 20:00:00+01:00;0.4;19.4273567
1900-03-06 21:00:00+01:00;0.3;18.490883
1900-03-06 22:00:00+01:00;-0.3;17.855283
1900-03-06 23:00:00+01:00;-0.8;17.390515
1900-03-07 00:00:00+01:00;-1.4;17.049827
1900-03-07 01:00:00+01:00;-1.7;16.927993
1900-03-07 02:00:00+01:00;-2;16.889632
1900-03-07 03:00:00+01:00;-1.7;16.887383
1900-03-07 04:00:00+01:00;-1.2;16.988329
1900-03-07 05:00:00+01:00;-1.2;17.897246
1900-03-07 06:00:00+01:00;-1.4;21.363795
1900-03-07 07:00:00+01:00;-1;25.65999
1900-03-07 08:00:00+01:00;-0.7;28.833099
1900-03-07 09:00:00+01:00;-0.6;30.315795
1900-03-07 10:00:00+01:00;-0.3;30.67332
1900-03-07 11:00:00+01:00;0.2;30.88895
1900-03-07 12:00:00+01:00;0.6;30.83782
1900-03-07 13:00:00+01:00;0.3;30.54232
1900-03-07 14:00:00+01:00;0.2;29.993679
1900-03-07 15:00:00+01:00;0.8;28.883133
1900-03-07 16:00:00+01:00;0.1;26.609758
1900-03-07 17:00:00+01:00;0.5;24.010435
1900-03-07 18:00:00+01:00;0.8;22.163733
1900-03-07 19:00:00+01:00;0.8;20.7035949
1900-03-07 20:00:00+01:00;0.4;19.4273567
1900-03-07 21:00:00+01:00;-0.3;18.490883
1900-03-07 22:00:00+01:00;0;17.855283
1900-03-07 23:00:00+01:00;-0.1;17.390515
1900-03-08 00:00:00+01:00;-0.6;17.049827
1900-03-08 01:00:00+01:00;-1;16.927993
1900-03-08 02:00:00+01:00;-1.2;16.889632
1900-03-08 03:00:00+01:00;-1.5;16.887383
1900-03-08 04:00:00+01:00;-1.4;16.988329
1900-03-08 05:00:00+01:00;-1.5;17.897246
1900-03-08 06:00:00+01:00;-1.2;21.363795
1900-03-08 07:00:00+01:00;-1;25.65999
1900-03-08 08:00:00+01:00;-0.7;28.833099
1900-03-08 09:00:00+01:00;-0.5;30.315795
1900-03-08 10:00:00+01:00;0.1;30.67332
1900-03-08 11:00:00+01:00;0.1;30.88895
1900-03-08 12:00:00+01:00;0.9;30.83782
1900-03-08 13:00:00+01:00;0.8;30.54232
1900-03-08 14:00:00+01:00;1.2;29.993679
1900-03-08 15:00:00+01:00;1.3;28.883133
1900-03-08 16:00:00+01:00;1.1;26.609758
1900-03-08 17:00:00+01:00;1;24.010435
1900-03-08 18:00:00+01:00;1;22.163733
1900-03-08 19:00:00+01:00;0.3;20.7035949
1900-03-08 20:00:00+01:00;0.2;19.4273567
1900-03-08 21:00:00+01:00;0.1;18.490883
1900-03-08 22:00:00+01:00;-0.6;17.855283
1900-03-08 23:00:00+01:00;-1;17.390515
1900-03-09 00:00:00+01:00;-1.5;17.049827
1900-03-09 01:00:00+01:00;-2;16.927993
1900-03-09 02:00:00+01:00;-2.3;16.889632
1900-03-09 03:00:00+01:00;-2.4;16.887383
1900-03-09 04:00:00+01:00;-2.1;16.988329
1900-03-09 05:00:00+01:00;-2.9;17.897246
1900-03-09 06:00:00+01:00;-2.5;21.363795
1900-03-09 07:00:00+01:00;-2.4;25.65999
1900-03-09 08:00:00+01:00;-2.8;28.833099
1900-03-09 09:00:00+01:00;-2.1;30.315795
1900-03-09 10:00:00+01:00;-1.9;30.67332
1900-03-09 11:00:00+01:00;-1.7;30.88895
1900-03-09 12:00:00+01:00;-1.5;30.83782
1900-03-09 13:00:00+01:00;-1.2;30.54232
1900-03-09 14:00:00+01:00;-0.7;29.993679
1900-03-09 15:00:00+01:00;-1;28.883133
1900-03-09 16:00:00+01:00;-0.3;26.609758
1900-03-09 17:00:00+01:00;-0.3;24.010435
1900-03-09 18:00:00+01:00;-0.7;22.163733
1900-03-09 19:00:00+01:00;-0.3;20.7035949
1900-03-09 20:00:00+01:00;-1.4;19.4273567
1900-03-09 21:00:00+01:00;-2;18.490883
1900-03-09 22:00:00+01:00;-4.6;17.855283
1900-03-09 23:00:00+01:00;-6.3;17.390515
1900-03-10 00:00:00+01:00;-7.3;11.247858
1900-03-10 01:00:00+01:00;-8.2;11.189895
1900-03-10 02:00:00+01:00;-9.8;11.159755
1900-03-10 03:00:00+01:00;-9.6;11.156236
1900-03-10 04:00:00+01:00;-10.2;11.090969
1900-03-10 05:00:00+01:00;-12.7;11.085708
1900-03-10 06:00:00+01:00;-13.7;11.185433
1900-03-10 07:00:00+01:00;-13.2;11.356602
1900-03-10 08:00:00+01:00;-9;11.586917
1900-03-10 09:00:00+01:00;-7.6;11.83713
1900-03-10 10:00:00+01:00;-7.3;12.160864
1900-03-10 11:00:00+01:00;-6.8;12.417611
1900-03-10 12:00:00+01:00;-6.1;12.907256
1900-03-10 13:00:00+01:00;-6.1;13.122565
1900-03-10 14:00:00+01:00;-5.6;13.061459
1900-03-10 15:00:00+01:00;-4.6;12.884488
1900-03-10 16:00:00+01:00;-4.3;12.781079
1900-03-10 17:00:00+01:00;-7.1;12.502277
1900-03-10 18:00:00+01:00;-7.8;12.224691
1900-03-10 19:00:00+01:00;-9.5;12.034665
1900-03-10 20:00:00+01:00;-10.3;11.851783
1900-03-10 21:00:00+01:00;-12.6;11.669916
1900-03-10 22:00:00+01:00;-13.5;11.514587
1900-03-10 23:00:00+01:00;-14;11.311442
1900-03-11 00:00:00+01:00;-15;11.247858
1900-03-11 01:00:00+01:00;-15.2;11.189895
1900-03-11 02:00:00+01:00;-15.7;11.159755
1900-03-11 03:00:00+01:00;-14.2;11.156236
1900-03-11 04:00:00+01:00;-16.2;11.090969
1900-03-11 05:00:00+01:00;-17.7;11.085708
1900-03-11 06:00:00+01:00;-17;11.185433
1900-03-11 07:00:00+01:00;-14.6;11.356602
1900-03-11 08:00:00+01:00;-12.2;11.586917
1900-03-11 09:00:00+01:00;-11.7;11.83713
1900-03-11 10:00:00+01:00;-8.7;12.160864
1900-03-11 11:00:00+01:00;-7.6;12.417611
1900-03-11 12:00:00+01:00;-6.6;12.907256
1900-03-11 13:00:00+01:00;-4.6;13.122565
1900-03-11 14:00:00+01:00;-5.3;13.061459
1900-03-11 15:00:00+01:00;-5;12.884488
1900-03-11 16:00:00+01:00;-6.6;12.781079
1900-03-11 17:00:00+01:00;-6.8;12.502277
1900-03-11 18:00:00+01:00;-7.5;12.224691
1900-03-11 19:00:00+01:00;-7.8;12.034665
1900-03-11 20:00:00+01:00;-8.2;11.851783
1900-03-11 21:00:00+01:00;-10.7;11.669916
1900-03-11 22:00:00+01:00;-10.8;11.514587
1900-03-11 23:00:00+01:00;-11.2;11.311442
1900-03-12 00:00:00+01:00;-10.2;17.049827
1900-03-12 01:00:00+01:00;-9.7;16.927993
1900-03-12 02:00:00+01:00;-10;16.889632
1900-03-12 03:00:00+01:00;-10.5;16.887383
1900-03-12 04:00:00+01:00;-11.1;16.988329
1900-03-12 05:00:00+01:00;-11.5;17.897246
1900-03-12 06:00:00+01:00;-12;21.363795
1900-03-12 07:00:00+01:00;-11.7;25.65999
1900-03-12 08:00:00+01:00;-10.7;28.833099
1900-03-12 09:00:00+01:00;-6.3;30.315795
1900-03-12 10:00:00+01:00;1.6;30.67332
1900-03-12 11:00:00+01:00;-1;30.88895
1900-03-12 12:00:00+01:00;-0.5;30.83782
1900-03-12 13:00:00+01:00;1.8;30.54232
1900-03-12 14:00:00+01:00;1.7;29.993679
1900-03-12 15:00:00+01:00;3.8;28.883133
1900-03-12 16:00:00+01:00;5.4;26.609758
1900-03-12 17:00:00+01:00;1.2;24.010435
1900-03-12 18:00:00+01:00;-3;22.163733
1900-03-12 19:00:00+01:00;-6;20.7035949
1900-03-12 20:00:00+01:00;-7;19.4273567
1900-03-12 21:00:00+01:00;-8.1;18.490883
1900-03-12 22:00:00+01:00;-8.7;17.855283
1900-03-12 23:00:00+01:00;-9;17.390515
1900-03-13 00:00:00+01:00;-9.2;17.049827
1900-03-13 01:00:00+01:00;-9.7;16.927993
1900-03-13 02:00:00+01:00;-9.2;16.889632
1900-03-13 03:00:00+01:00;-9.1;16.887383
1900-03-13 04:00:00+01:00;-8;16.988329
1900-03-13 05:00:00+01:00;-7.5;17.897246
1900-03-13 06:00:00+01:00;-7.3;21.363795
1900-03-13 07:00:00+01:00;-6.1;25.65999
1900-03-13 08:00:00+01:00;-4;28.833099
1900-03-13 09:00:00+01:00;-2.5;30.315795
1900-03-13 10:00:00+01:00;-1.7;30.67332
1900-03-13 11:00:00+01:00;-0.6;30.88895
1900-03-13 12:00:00+01:00;0;30.83782
1900-03-13 13:00:00+01:00;2.2;30.54232
1900-03-13 14:00:00+01:00;5.2;29.993679
1900-03-13 15:00:00+01:00;4;28.883133
1900-03-13 16:00:00+01:00;4.4;26.609758
1900-03-13 17:00:00+01:00;2.5;24.010435
1900-03-13 18:00:00+01:00;0.6;22.163733
1900-03-13 19:00:00+01:00;-2;20.7035949
1900-03-13 20:00:00+01:00;-4.8;19.4273567
1900-03-13 21:00:00+01:00;-3.8;18.490883
1900-03-13 22:00:00+01:00;-7;17.855283
1900-03-13 23:00:00+01:00;-7.8;17.390515
1900-03-14 00:00:00+01:00;-8.5;17.049827
1900-03-14 01:00:00+01:00;-6.6;16.927993
1900-03-14 02:00:00+01:00;-5.8;16.889632
1900-03-14 03:00:00+01:00;-4.6;16.887383
1900-03-14 04:00:00+01:00;-5.1;16.988329
1900-03-14 05:00:00+01:00;-4.5;17.897246
1900-03-14 06:00:00+01:00;-5.3;21.363795
1900-03-14 07:00:00+01:00;-3.6;25.65999
1900-03-14 08:00:00+01:00;-3.3;28.833099
1900-03-14 09:00:00+01:00;-2.3;30.315795
1900-03-14 10:00:00+01:00;-2.5;30.67332
1900-03-14 11:00:00+01:00;-1.2;30.88895
1900-03-14 12:00:00+01:00;-1;30.83782
1900-03-14 13:00:00+01:00;1.2;30.54232
1900-03-14 14:00:00+01:00;0.3;29.993679
1900-03-14 15:00:00+01:00;0;28.883133
1900-03-14 16:00:00+01:00;0;26.609758
1900-03-14 17:00:00+01:00;0;24.010435
1900-03-14 18:00:00+01:00;0.1;22.163733
1900-03-14 19:00:00+01:00;0;20.7035949
1900-03-14 20:00:00+01:00;-0.1;19.4273567
1900-03-14 21:00:00+01:00;-0.3;18.490883
1900-03-14 22:00:00+01:00;-1.5;17.855283
1900-03-14 23:00:00+01:00;-0.7;17.390515
1900-03-15 00:00:00+01:00;-1.7;17.049827
1900-03-15 01:00:00+01:00;-2.1;16.927993
1900-03-15 02:00:00+01:00;-3.5;16.889632
1900-03-15 03:00:00+01:00;-3.6;16.887383
1900-03-15 04:00:00+01:00;-4.5;16.988329
1900-03-15 05:00:00+01:00;-5.1;17.897246
1900-03-15 06:00:00+01:00;-5;21.363795
1900-03-15 07:00:00+01:00;-5.3;25.65999
1900-03-15 08:00:00+01:00;-3.8;28.833099
1900-03-15 09:00:00+01:00;-2.3;30.315795
1900-03-15 10:00:00+01:00;-1.5;30.67332
1900-03-15 11:00:00+01:00;0.7;30.88895
1900-03-15 12:00:00+01:00;2.8;30.83782
1900-03-15 13:00:00+01:00;3.3;30.54232
1900-03-15 14:00:00+01:00;3.9;29.993679
1900-03-15 15:00:00+01:00;3.5;28.883133
1900-03-15 16:00:00+01:00;3;26.609758
1900-03-15 17:00:00+01:00;1.5;24.010435
1900-03-15 18:00:00+01:00;-1;22.163733
1900-03-15 19:00:00+01:00;-2.8;20.7035949
1900-03-15 20:00:00+01:00;-4.1;19.4273567
1900-03-15 21:00:00+01:00;-6.1;18.490883
1900-03-15 22:00:00+01:00;-6.5;17.855283
1900-03-15 23:00:00+01:00;-8;17.390515
1900-03-16 00:00:00+01:00;-8;17.049827
1900-03-16 01:00:00+01:00;-4.8;16.927993
1900-03-16 02:00:00+01:00;-4.8;16.889632
1900-03-16 03:00:00+01:00;-3.1;16.887383
1900-03-16 04:00:00+01:00;-3;16.988329
1900-03-16 05:00:00+01:00;-2.4;17.897246
1900-03-16 06:00:00+01:00;-2.8;21.363795
1900-03-16 07:00:00+01:00;-2.5;25.65999
1900-03-16 08:00:00+01:00;-1.4;28.833099
1900-03-16 09:00:00+01:00;0.1;30.315795
1900-03-16 10:00:00+01:00;1;30.67332
1900-03-16 11:00:00+01:00;1.8;30.88895
1900-03-16 12:00:00+01:00;2.2;30.83782
1900-03-16 13:00:00+01:00;2.3;30.54232
1900-03-16 14:00:00+01:00;2.1;29.993679
1900-03-16 15:00:00+01:00;2.2;28.883133
1900-03-16 16:00:00+01:00;3;26.609758
1900-03-16 17:00:00+01:00;1.9;24.010435
1900-03-16 18:00:00+01:00;1.4;22.163733
1900-03-16 19:00:00+01:00;1;20.7035949
1900-03-16 20:00:00+01:00;1.1;19.4273567
1900-03-16 21:00:00+01:00;0.3;18.490883
1900-03-16 22:00:00+01:00;0.5;17.855283
1900-03-16 23:00:00+01:00;-0.1;17.390515
1900-03-17 00:00:00+01:00;0.4;11.247858
1900-03-17 01:00:00+01:00;0;11.189895
1900-03-17 02:00:00+01:00;-1.2;11.159755
1900-03-17 03:00:00+01:00;-4.6;11.156236
1900-03-17 04:00:00+01:00;-5.6;11.090969
1900-03-17 05:00:00+01:00;-5.8;11.085708
1900-03-17 06:00:00+01:00;-6;11.185433
1900-03-17 07:00:00+01:00;-2.1;11.356602
1900-03-17 08:00:00+01:00;-0.5;11.586917
1900-03-17 09:00:00+01:00;2;11.83713
1900-03-17 10:00:00+01:00;2.6;12.160864
1900-03-17 11:00:00+01:00;5.5;12.417611
1900-03-17 12:00:00+01:00;4.3;12.907256
1900-03-17 13:00:00+01:00;4.4;13.122565
1900-03-17 14:00:00+01:00;6.3;13.061459
1900-03-17 15:00:00+01:00;6.6;12.884488
1900-03-17 16:00:00+01:00;7.6;12.781079
1900-03-17 17:00:00+01:00;4.5;12.502277
1900-03-17 18:00:00+01:00;2.1;12.224691
1900-03-17 19:00:00+01:00;1.6;12.034665
1900-03-17 20:00:00+01:00;0;11.851783
1900-03-17 21:00:00+01:00;-1.9;11.669916
1900-03-17 22:00:00+01:00;-1.7;11.514587
1900-03-17 23:00:00+01:00;-3.1;11.311442
1900-03-18 00:00:00+01:00;-4;11.247858
1900-03-18 01:00:00+01:00;-4.6;11.189895
1900-03-18 02:00:00+01:00;-6.3;11.159755
1900-03-18 03:00:00+01:00;-5.5;11.156236
1900-03-18 04:00:00+01:00;-6.3;11.090969
1900-03-18 05:00:00+01:00;-6.1;11.085708
1900-03-18 06:00:00+01:00;-6.3;11.185433
1900-03-18 07:00:00+01:00;-4.8;11.356602
1900-03-18 08:00:00+01:00;-2.4;11.586917
1900-03-18 09:00:00+01:00;-0.8;11.83713
1900-03-18 10:00:00+01:00;0;12.160864
1900-03-18 11:00:00+01:00;1.1;12.417611
1900-03-18 12:00:00+01:00;1.3;12.907256
1900-03-18 13:00:00+01:00;1.5;13.122565
1900-03-18 14:00:00+01:00;2.3;13.061459
1900-03-18 15:00:00+01:00;3.7;12.884488
1900-03-18 16:00:00+01:00;3.4;12.781079
1900-03-18 17:00:00+01:00;2;12.502277
1900-03-18 18:00:00+01:00;1.8;12.224691
1900-03-18 19:00:00+01:00;2;12.034665
1900-03-18 20:00:00+01:00;0.3;11.851783
1900-03-18 21:00:00+01:00;-0.3;11.669916
1900-03-18 22:00:00+01:00;-1.7;11.514587
1900-03-18 23:00:00+01:00;-2.5;11.311442
1900-03-19 00:00:00+01:00;-3.8;17.049827
1900-03-19 01:00:00+01:00;-3.1;16.927993
1900-03-19 02:00:00+01:00;-3.4;16.889632
1900-03-19 03:00:00+01:00;-3.9;16.887383
1900-03-19 04:00:00+01:00;-4.1;16.988329
1900-03-19 05:00:00+01:00;-5;17.897246
1900-03-19 06:00:00+01:00;-5.5;21.363795
1900-03-19 07:00:00+01:00;-4.3;25.65999
1900-03-19 08:00:00+01:00;-3.3;28.833099
1900-03-19 09:00:00+01:00;-2.5;30.315795
1900-03-19 10:00:00+01:00;-1;30.67332
1900-03-19 11:00:00+01:00;0;30.88895
1900-03-19 12:00:00+01:00;3.5;30.83782
1900-03-19 13:00:00+01:00;4.5;30.54232
1900-03-19 14:00:00+01:00;6.5;29.993679
1900-03-19 15:00:00+01:00;7.2;28.883133
1900-03-19 16:00:00+01:00;7.3;26.609758
1900-03-19 17:00:00+01:00;4.6;24.010435
1900-03-19 18:00:00+01:00;3;22.163733
1900-03-19 19:00:00+01:00;-0.3;20.7035949
1900-03-19 20:00:00+01:00;-2;19.4273567
1900-03-19 21:00:00+01:00;-3.3;18.490883
1900-03-19 22:00:00+01:00;-4;17.855283
1900-03-19 23:00:00+01:00;-6;17.390515
1900-03-20 00:00:00+01:00;-6.6;17.049827
1900-03-20 01:00:00+01:00;-6.8;16.927993
1900-03-20 02:00:00+01:00;-8.6;16.889632
1900-03-20 03:00:00+01:00;-7.5;16.887383
1900-03-20 04:00:00+01:00;-8.3;16.988329
1900-03-20 05:00:00+01:00;-8.7;17.897246
1900-03-20 06:00:00+01:00;-8.8;21.363795
1900-03-20 07:00:00+01:00;-7.1;25.65999
1900-03-20 08:00:00+01:00;-4.3;28.833099
1900-03-20 09:00:00+01:00;-3.4;30.315795
1900-03-20 10:00:00+01:00;-3;30.67332
1900-03-20 11:00:00+01:00;-1.4;30.88895
1900-03-20 12:00:00+01:00;1;30.83782
1900-03-20 13:00:00+01:00;5.1;30.54232
1900-03-20 14:00:00+01:00;4.8;29.993679
1900-03-20 15:00:00+01:00;3.8;28.883133
1900-03-20 16:00:00+01:00;4;26.609758
1900-03-20 17:00:00+01:00;4.2;24.010435
1900-03-20 18:00:00+01:00;3.4;22.163733
1900-03-20 19:00:00+01:00;1;20.7035949
1900-03-20 20:00:00+01:00;-1;19.4273567
1900-03-20 21:00:00+01:00;-2.1;18.490883
1900-03-20 22:00:00+01:00;-2.4;17.855283
1900-03-20 23:00:00+01:00;-2;17.390515
1900-03-21 00:00:00+01:00;-2;17.049827
1900-03-21 01:00:00+01:00;-1.9;16.927993
1900-03-21 02:00:00+01:00;0.2;16.889632
1900-03-21 03:00:00+01:00;0.3;16.887383
1900-03-21 04:00:00+01:00;0;16.988329
1900-03-21 05:00:00+01:00;-1;17.897246
1900-03-21 06:00:00+01:00;-0.7;21.363795
1900-03-21 07:00:00+01:00;-1;25.65999
1900-03-21 08:00:00+01:00;-0.5;28.833099
1900-03-21 09:00:00+01:00;-1.2;30.315795
1900-03-21 10:00:00+01:00;-0.5;30.67332
1900-03-21 11:00:00+01:00;0.7;30.88895
1900-03-21 12:00:00+01:00;1.2;30.83782
1900-03-21 13:00:00+01:00;1.6;30.54232
1900-03-21 14:00:00+01:00;2.5;29.993679
1900-03-21 15:00:00+01:00;1.9;28.883133
1900-03-21 16:00:00+01:00;4.7;26.609758
1900-03-21 17:00:00+01:00;3.7;24.010435
1900-03-21 18:00:00+01:00;2.3;22.163733
1900-03-21 19:00:00+01:00;4;20.7035949
1900-03-21 20:00:00+01:00;5;19.4273567
1900-03-21 21:00:00+01:00;5.4;18.490883
1900-03-21 22:00:00+01:00;4.9;17.855283
1900-03-21 23:00:00+01:00;4.6;17.390515
1900-03-22 00:00:00+01:00;4.6;17.049827
1900-03-22 01:00:00+01:00;4.6;16.927993
1900-03-22 02:00:00+01:00;3.8;16.889632
1900-03-22 03:00:00+01:00;3;16.887383
1900-03-22 04:00:00+01:00;1.7;16.988329
1900-03-22 05:00:00+01:00;0;17.897246
1900-03-22 06:00:00+01:00;-2.8;21.363795
1900-03-22 07:00:00+01:00;0.2;25.65999
1900-03-22 08:00:00+01:00;1.8;28.833099
1900-03-22 09:00:00+01:00;7.5;30.315795
1900-03-22 10:00:00+01:00;7;30.67332
1900-03-22 11:00:00+01:00;9.7;30.88895
1900-03-22 12:00:00+01:00;10.4;30.83782
1900-03-22 13:00:00+01:00;12.9;30.54232
1900-03-22 14:00:00+01:00;14.1;29.993679
1900-03-22 15:00:00+01:00;12.2;28.883133
1900-03-22 16:00:00+01:00;11.6;27.1679142
1900-03-22 17:00:00+01:00;11.2;24.36698244
1900-03-22 18:00:00+01:00;10.8;22.163733
1900-03-22 19:00:00+01:00;10.1;20.7035949
1900-03-22 20:00:00+01:00;8.6;19.4273567
1900-03-22 21:00:00+01:00;6.9;18.490883
1900-03-22 22:00:00+01:00;8;17.855283
1900-03-22 23:00:00+01:00;7.2;17.390515
1900-03-23 00:00:00+01:00;5.6;17.049827
1900-03-23 01:00:00+01:00;2.7;16.927993
1900-03-23 02:00:00+01:00;4;16.889632
1900-03-23 03:00:00+01:00;6.6;16.887383
1900-03-23 04:00:00+01:00;5;16.988329
1900-03-23 05:00:00+01:00;4.2;17.897246
1900-03-23 06:00:00+01:00;3.5;21.363795
1900-03-23 07:00:00+01:00;3.2;25.65999
1900-03-23 08:00:00+01:00;4.1;28.833099
1900-03-23 09:00:00+01:00;4.7;30.315795
1900-03-23 10:00:00+01:00;4.8;30.67332
1900-03-23 11:00:00+01:00;4.9;30.88895
1900-03-23 12:00:00+01:00;5.3;30.83782
1900-03-23 13:00:00+01:00;5.2;30.54232
1900-03-23 14:00:00+01:00;5.7;29.993679
1900-03-23 15:00:00+01:00;5.2;28.883133
1900-03-23 16:00:00+01:00;4.8;26.609758
1900-03-23 17:00:00+01:00;4.2;24.010435
1900-03-23 18:00:00+01:00;3.7;22.163733
1900-03-23 19:00:00+01:00;3.5;20.7035949
1900-03-23 20:00:00+01:00;3.6;19.4273567
1900-03-23 21:00:00+01:00;3.2;18.490883
1900-03-23 22:00:00+01:00;2.6;17.855283
1900-03-23 23:00:00+01:00;2.4;17.390515
1900-03-24 00:00:00+01:00;2.4;11.247858
1900-03-24 01:00:00+01:00;2;11.189895
1900-03-24 02:00:00+01:00;1.9;11.159755
1900-03-24 03:00:00+01:00;1.7;11.156236
1900-03-24 04:00:00+01:00;1.9;11.090969
1900-03-24 05:00:00+01:00;1.4;11.085708
1900-03-24 06:00:00+01:00;0.9;11.185433
1900-03-24 07:00:00+01:00;2;11.356602
1900-03-24 08:00:00+01:00;3.4;11.586917
1900-03-24 09:00:00+01:00;4.1;11.83713
1900-03-24 10:00:00+01:00;4.5;12.160864
1900-03-24 11:00:00+01:00;5.9;12.417611
1900-03-24 12:00:00+01:00;6;12.907256
1900-03-24 13:00:00+01:00;6;13.122565
1900-03-24 14:00:00+01:00;9;13.061459
1900-03-24 15:00:00+01:00;8;12.884488
1900-03-24 16:00:00+01:00;7.5;12.781079
1900-03-24 17:00:00+01:00;6.1;12.502277
1900-03-24 18:00:00+01:00;3.6;12.224691
1900-03-24 19:00:00+01:00;1.4;12.034665
1900-03-24 20:00:00+01:00;0.4;11.851783
1900-03-24 21:00:00+01:00;-1.4;11.669916
1900-03-24 22:00:00+01:00;-3.5;11.514587
1900-03-24 23:00:00+01:00;-3.5;11.311442
1900-03-25 00:00:00+01:00;-4.3;11.247858
1900-03-25 01:00:00+01:00;-5.3;11.189895
1900-03-25 02:00:00+01:00;-4;11.159755
1900-03-25 03:00:00+01:00;-4;11.156236
1900-03-25 04:00:00+01:00;-3;11.090969
1900-03-25 05:00:00+01:00;-2.9;11.085708
1900-03-25 06:00:00+01:00;-2;11.185433
1900-03-25 07:00:00+01:00;-1;11.356602
1900-03-25 08:00:00+01:00;-0.7;11.586917
1900-03-25 09:00:00+01:00;0.1;11.83713
1900-03-25 10:00:00+01:00;0;12.160864
1900-03-25 11:00:00+01:00;0.6;12.417611
1900-03-25 12:00:00+01:00;1.4;12.907256
1900-03-25 13:00:00+01:00;2.2;13.122565
1900-03-25 14:00:00+01:00;3;13.061459
1900-03-25 15:00:00+01:00;2.6;12.884488
1900-03-25 16:00:00+01:00;2.4;12.781079
1900-03-25 17:00:00+01:00;2.6;12.502277
1900-03-25 18:00:00+01:00;1.9;12.224691
1900-03-25 19:00:00+01:00;1.6;12.034665
1900-03-25 20:00:00+01:00;1.6;11.851783
1900-03-25 21:00:00+01:00;1.5;11.669916
1900-03-25 22:00:00+01:00;1.3;11.514587
1900-03-25 23:00:00+01:00;1.2;11.311442
1900-03-26 00:00:00+01:00;1.3;11.187818
1900-03-26 01:00:00+01:00;1.4;11.152329
1900-03-26 02:00:00+01:00;1.4;11.239716
1900-03-26 03:00:00+01:00;1.6;11.22705
1900-03-26 04:00:00+01:00;2.5;11.314051
1900-03-26 05:00:00+01:00;2.8;11.818047
1900-03-26 06:00:00+01:00;3;14.586192
1900-03-26 07:00:00+01:00;2.9;17.695015
1900-03-26 08:00:00+01:00;2.5;20.2286298
1900-03-26 09:00:00+01:00;1.5;21.71238
1900-03-26 10:00:00+01:00;1.7;19.187293
1900-03-26 11:00:00+01:00;2.1;19.291736
1900-03-26 12:00:00+01:00;2.3;18.93203
1900-03-26 13:00:00+01:00;2.6;18.489969
1900-03-26 14:00:00+01:00;2.4;17.86755
1900-03-26 15:00:00+01:00;3;16.673413
1900-03-26 16:00:00+01:00;3.3;15.397723
1900-03-26 17:00:00+01:00;3;14.005865
1900-03-26 18:00:00+01:00;2.9;15.647494
1900-03-26 19:00:00+01:00;2;14.108054
1900-03-26 20:00:00+01:00;2;12.894153
1900-03-26 21:00:00+01:00;2;12.077827
1900-03-26 22:00:00+01:00;2;11.706263
1900-03-26 23:00:00+01:00;1.8;11.391667
1900-03-27 00:00:00+01:00;1.8;11.187818
1900-03-27 01:00:00+01:00;1.6;11.152329
1900-03-27 02:00:00+01:00;0.9;11.239716
1900-03-27 03:00:00+01:00;0.4;11.22705
1900-03-27 04:00:00+01:00;0.5;11.314051
1900-03-27 05:00:00+01:00;0.3;11.818047
1900-03-27 06:00:00+01:00;0.9;14.586192
1900-03-27 07:00:00+01:00;1.4;17.695015
1900-03-27 08:00:00+01:00;2.5;20.2286298
1900-03-27 09:00:00+01:00;3.4;21.71238
1900-03-27 10:00:00+01:00;5;19.187293
1900-03-27 11:00:00+01:00;4.8;19.291736
1900-03-27 12:00:00+01:00;5.5;18.93203
1900-03-27 13:00:00+01:00;6;18.489969
1900-03-27 14:00:00+01:00;5.8;17.86755
1900-03-27 15:00:00+01:00;6.1;16.673413
1900-03-27 16:00:00+01:00;4.5;15.397723
1900-03-27 17:00:00+01:00;4.3;14.005865
1900-03-27 18:00:00+01:00;3.8;15.647494
1900-03-27 19:00:00+01:00;3.1;14.108054
1900-03-27 20:00:00+01:00;2.8;12.894153
1900-03-27 21:00:00+01:00;1.7;12.077827
1900-03-27 22:00:00+01:00;1.6;11.706263
1900-03-27 23:00:00+01:00;1.1;11.391667
1900-03-28 00:00:00+01:00;1.2;11.187818
1900-03-28 01:00:00+01:00;1.3;11.152329
1900-03-28 02:00:00+01:00;1.3;11.239716
1900-03-28 03:00:00+01:00;1.2;11.22705
1900-03-28 04:00:00+01:00;1.1;11.314051
1900-03-28 05:00:00+01:00;0.4;11.818047
1900-03-28 06:00:00+01:00;0.6;14.586192
1900-03-28 07:00:00+01:00;2.7;17.695015
1900-03-28 08:00:00+01:00;2.9;20.2286298
1900-03-28 09:00:00+01:00;3.7;21.71238
1900-03-28 10:00:00+01:00;4.4;19.187293
1900-03-28 11:00:00+01:00;5;19.291736
1900-03-28 12:00:00+01:00;5.1;18.93203
1900-03-28 13:00:00+01:00;5.5;18.489969
1900-03-28 14:00:00+01:00;5.7;17.86755
1900-03-28 15:00:00+01:00;5.6;16.673413
1900-03-28 16:00:00+01:00;6.4;15.397723
1900-03-28 17:00:00+01:00;4;14.005865
1900-03-28 18:00:00+01:00;3.9;15.647494
1900-03-28 19:00:00+01:00;4;14.108054
1900-03-28 20:00:00+01:00;2.7;12.894153
1900-03-28 21:00:00+01:00;2.2;12.077827
1900-03-28 22:00:00+01:00;2.4;11.706263
1900-03-28 23:00:00+01:00;2;11.391667
1900-03-29 00:00:00+01:00;2.9;11.187818
1900-03-29 01:00:00+01:00;1.9;11.152329
1900-03-29 02:00:00+01:00;1.7;11.239716
1900-03-29 03:00:00+01:00;1.3;11.22705
1900-03-29 04:00:00+01:00;0.8;11.314051
1900-03-29 05:00:00+01:00;-0.7;11.818047
1900-03-29 06:00:00+01:00;-0.3;14.586192
1900-03-29 07:00:00+01:00;0.6;17.695015
1900-03-29 08:00:00+01:00;1.8;20.2286298
1900-03-29 09:00:00+01:00;2.5;21.71238
1900-03-29 10:00:00+01:00;3.2;19.187293
1900-03-29 11:00:00+01:00;3.6;19.291736
1900-03-29 12:00:00+01:00;3.5;18.93203
1900-03-29 13:00:00+01:00;4.5;18.489969
1900-03-29 14:00:00+01:00;4.2;17.86755
1900-03-29 15:00:00+01:00;3.6;16.673413
1900-03-29 16:00:00+01:00;3.6;15.397723
1900-03-29 17:00:00+01:00;3.8;14.005865
1900-03-29 18:00:00+01:00;2.1;15.647494
1900-03-29 19:00:00+01:00;0.7;14.108054
1900-03-29 20:00:00+01:00;-1.2;12.894153
1900-03-29 21:00:00+01:00;-3;12.077827
1900-03-29 22:00:00+01:00;-3.5;11.706263
1900-03-29 23:00:00+01:00;-3.3;11.391667
1900-03-30 00:00:00+01:00;-3.5;11.187818
1900-03-30 01:00:00+01:00;-4;11.152329
1900-03-30 02:00:00+01:00;-5.6;11.239716
1900-03-30 03:00:00+01:00;-5.1;11.22705
1900-03-30 04:00:00+01:00;-3.1;11.314051
1900-03-30 05:00:00+01:00;-4.1;11.818047
1900-03-30 06:00:00+01:00;-4.3;14.586192
1900-03-30 07:00:00+01:00;-3.8;17.695015
1900-03-30 08:00:00+01:00;-3.4;20.2286298
1900-03-30 09:00:00+01:00;-3.5;21.71238
1900-03-30 10:00:00+01:00;-1.4;19.187293
1900-03-30 11:00:00+01:00;0.5;19.291736
1900-03-30 12:00:00+01:00;3.2;18.93203
1900-03-30 13:00:00+01:00;5.3;18.489969
1900-03-30 14:00:00+01:00;6.4;17.86755
1900-03-30 15:00:00+01:00;7;16.673413
1900-03-30 16:00:00+01:00;9.1;15.397723
1900-03-30 17:00:00+01:00;9.4;14.005865
1900-03-30 18:00:00+01:00;4.4;15.647494
1900-03-30 19:00:00+01:00;3.3;14.108054
1900-03-30 20:00:00+01:00;1;12.894153
1900-03-30 21:00:00+01:00;0;12.077827
1900-03-30 22:00:00+01:00;-1.5;11.706263
1900-03-30 23:00:00+01:00;-0.1;11.391667
1900-03-31 00:00:00+01:00;-3;11.187818
1900-03-31 01:00:00+01:00;-0.1;11.152329
1900-03-31 02:00:00+01:00;-2.5;11.239716
1900-03-31 03:00:00+01:00;-3.4;11.22705
1900-03-31 04:00:00+01:00;-3;11.314051
1900-03-31 05:00:00+01:00;-6.5;11.818047
1900-03-31 06:00:00+01:00;-4.1;14.586192
1900-03-31 07:00:00+01:00;0.2;17.695015
1900-03-31 08:00:00+01:00;2.8;20.2286298
1900-03-31 09:00:00+01:00;4.1;21.71238
1900-03-31 10:00:00+01:00;4.7;19.187293
1900-03-31 11:00:00+01:00;6.2;19.291736
1900-03-31 12:00:00+01:00;6.8;18.93203
1900-03-31 13:00:00+01:00;7.7;18.489969
1900-03-31 14:00:00+01:00;8.2;17.86755
1900-03-31 15:00:00+01:00;8.8;16.673413
1900-03-31 16:00:00+01:00;8.4;15.397723
1900-03-31 17:00:00+01:00;9.9;14.005865
1900-03-31 18:00:00+01:00;6.6;15.647494
1900-03-31 19:00:00+01:00;5.6;14.108054
1900-03-31 20:00:00+01:00;3.1;12.894153
1900-03-31 21:00:00+01:00;2.1;12.077827
1900-03-31 22:00:00+01:00;2.2;11.706263
1900-03-31 23:00:00+01:00;2.8;11.391667
1900-04-01 00:00:00+01:00;3.5;11.187818
1900-04-01 01:00:00+01:00;4.3;11.152329
1900-04-01 02:00:00+01:00;5.3;11.239716
1900-04-01 03:00:00+01:00;6.3;11.22705
1900-04-01 04:00:00+01:00;6.1;11.314051
1900-04-01 05:00:00+01:00;6;11.818047
1900-04-01 06:00:00+01:00;5.6;14.586192
1900-04-01 07:00:00+01:00;6.8;17.695015
1900-04-01 08:00:00+01:00;6.2;20.2286298
1900-04-01 09:00:00+01:00;6.1;21.71238
1900-04-01 10:00:00+01:00;5.8;19.187293
1900-04-01 11:00:00+01:00;6.8;19.291736
1900-04-01 12:00:00+01:00;5.4;18.93203
1900-04-01 13:00:00+01:00;5.7;18.489969
1900-04-01 14:00:00+01:00;5.7;17.86755
1900-04-01 15:00:00+01:00;3.8;16.673413
1900-04-01 16:00:00+01:00;6.5;15.397723
1900-04-01 17:00:00+01:00;8.2;14.005865
1900-04-01 18:00:00+01:00;6.5;15.647494
1900-04-01 19:00:00+01:00;4.9;14.108054
1900-04-01 20:00:00+01:00;3.7;12.894153
1900-04-01 21:00:00+01:00;2.8;12.077827
1900-04-01 22:00:00+01:00;3.4;11.706263
1900-04-01 23:00:00+01:00;1.9;11.391667
1900-04-02 00:00:00+01:00;1.3;11.187818
1900-04-02 01:00:00+01:00;1;11.152329
1900-04-02 02:00:00+01:00;-2.5;11.239716
1900-04-02 03:00:00+01:00;-2.4;11.22705
1900-04-02 04:00:00+01:00;-4;11.314051
1900-04-02 05:00:00+01:00;-2.5;11.818047
1900-04-02 06:00:00+01:00;-1;14.586192
1900-04-02 07:00:00+01:00;2.6;17.695015
1900-04-02 08:00:00+01:00;5;20.2286298
1900-04-02 09:00:00+01:00;5.7;21.71238
1900-04-02 10:00:00+01:00;7.6;19.187293
1900-04-02 11:00:00+01:00;9.9;19.291736
1900-04-02 12:00:00+01:00;9.8;18.93203
1900-04-02 13:00:00+01:00;12.1;18.489969
1900-04-02 14:00:00+01:00;9.9;17.86755
1900-04-02 15:00:00+01:00;9.1;16.673413
1900-04-02 16:00:00+01:00;13;15.397723
1900-04-02 17:00:00+01:00;11;14.005865
1900-04-02 18:00:00+01:00;8.2;15.647494
1900-04-02 19:00:00+01:00;4.3;14.108054
1900-04-02 20:00:00+01:00;2.9;12.894153
1900-04-02 21:00:00+01:00;3;12.077827
1900-04-02 22:00:00+01:00;2.7;11.706263
1900-04-02 23:00:00+01:00;2.4;11.391667
1900-04-03 00:00:00+01:00;2.1;17.049827
1900-04-03 01:00:00+01:00;1;16.927993
1900-04-03 02:00:00+01:00;0.8;16.889632
1900-04-03 03:00:00+01:00;1.3;16.887383
1900-04-03 04:00:00+01:00;0.8;16.988329
1900-04-03 05:00:00+01:00;0.6;17.897246
1900-04-03 06:00:00+01:00;0;21.363795
1900-04-03 07:00:00+01:00;1.1;25.65999
1900-04-03 08:00:00+01:00;2.5;28.833099
1900-04-03 09:00:00+01:00;3.5;30.315795
1900-04-03 10:00:00+01:00;5.6;30.67332
1900-04-03 11:00:00+01:00;6;30.88895
1900-04-03 12:00:00+01:00;7;30.83782
1900-04-03 13:00:00+01:00;6.6;30.54232
1900-04-03 14:00:00+01:00;7;29.993679
1900-04-03 15:00:00+01:00;6.1;28.883133
1900-04-03 16:00:00+01:00;4.9;26.609758
1900-04-03 17:00:00+01:00;5.4;24.010435
1900-04-03 18:00:00+01:00;3.7;22.163733
1900-04-03 19:00:00+01:00;2.1;20.7035949
1900-04-03 20:00:00+01:00;1.2;19.4273567
1900-04-03 21:00:00+01:00;1.1;18.490883
1900-04-03 22:00:00+01:00;0.2;17.855283
1900-04-03 23:00:00+01:00;-1;17.390515
1900-04-04 00:00:00+01:00;-1;17.049827
1900-04-04 01:00:00+01:00;-2;16.927993
1900-04-04 02:00:00+01:00;-3;16.889632
1900-04-04 03:00:00+01:00;-4.8;16.887383
1900-04-04 04:00:00+01:00;-5.1;16.988329
1900-04-04 05:00:00+01:00;-7.6;17.897246
1900-04-04 06:00:00+01:00;-5.6;21.363795
1900-04-04 07:00:00+01:00;-1.4;25.65999
1900-04-04 08:00:00+01:00;-0.7;28.833099
1900-04-04 09:00:00+01:00;1.1;30.315795
1900-04-04 10:00:00+01:00;-0.7;30.67332
1900-04-04 11:00:00+01:00;-1.5;30.88895
1900-04-04 12:00:00+01:00;-1;30.83782
1900-04-04 13:00:00+01:00;0.4;30.54232
1900-04-04 14:00:00+01:00;0.1;29.993679
1900-04-04 15:00:00+01:00;0.5;28.883133
1900-04-04 16:00:00+01:00;1.9;26.609758
1900-04-04 17:00:00+01:00;2;24.010435
1900-04-04 18:00:00+01:00;2.2;22.163733
1900-04-04 19:00:00+01:00;2.2;20.7035949
1900-04-04 20:00:00+01:00;2.2;19.4273567
1900-04-04 21:00:00+01:00;2.2;18.490883
1900-04-04 22:00:00+01:00;2;17.855283
1900-04-04 23:00:00+01:00;1.9;17.390515
1900-04-05 00:00:00+01:00;1.5;17.049827
1900-04-05 01:00:00+01:00;0.9;16.927993
1900-04-05 02:00:00+01:00;0.6;16.889632
1900-04-05 03:00:00+01:00;0;16.887383
1900-04-05 04:00:00+01:00;-0.3;16.988329
1900-04-05 05:00:00+01:00;0;17.897246
1900-04-05 06:00:00+01:00;0.4;21.363795
1900-04-05 07:00:00+01:00;1;25.65999
1900-04-05 08:00:00+01:00;2.8;28.833099
1900-04-05 09:00:00+01:00;3.1;30.315795
1900-04-05 10:00:00+01:00;6;30.67332
1900-04-05 11:00:00+01:00;8.7;30.88895
1900-04-05 12:00:00+01:00;11.1;30.83782
1900-04-05 13:00:00+01:00;11.9;30.54232
1900-04-05 14:00:00+01:00;13.1;29.993679
1900-04-05 15:00:00+01:00;12.2;28.883133
1900-04-05 16:00:00+01:00;11.8;27.2386641
1900-04-05 17:00:00+01:00;11;24.010435
1900-04-05 18:00:00+01:00;9;22.163733
1900-04-05 19:00:00+01:00;6.4;20.7035949
1900-04-05 20:00:00+01:00;4.8;19.4273567
1900-04-05 21:00:00+01:00;4.2;18.490883
1900-04-05 22:00:00+01:00;1.6;17.855283
1900-04-05 23:00:00+01:00;0.7;17.390515
1900-04-06 00:00:00+01:00;-1.7;17.049827
1900-04-06 01:00:00+01:00;-2.9;16.927993
1900-04-06 02:00:00+01:00;-2.6;16.889632
1900-04-06 03:00:00+01:00;-3.9;16.887383
1900-04-06 04:00:00+01:00;-3.4;16.988329
1900-04-06 05:00:00+01:00;-3.5;17.897246
1900-04-06 06:00:00+01:00;-2;21.363795
1900-04-06 07:00:00+01:00;0;25.65999
1900-04-06 08:00:00+01:00;1.5;28.833099
1900-04-06 09:00:00+01:00;2;30.315795
1900-04-06 10:00:00+01:00;3.7;30.67332
1900-04-06 11:00:00+01:00;5.5;30.88895
1900-04-06 12:00:00+01:00;7.4;30.83782
1900-04-06 13:00:00+01:00;6.9;30.54232
1900-04-06 14:00:00+01:00;9.4;29.993679
1900-04-06 15:00:00+01:00;11.2;28.883133
1900-04-06 16:00:00+01:00;9.5;26.609758
1900-04-06 17:00:00+01:00;7.6;24.010435
1900-04-06 18:00:00+01:00;7.2;22.163733
1900-04-06 19:00:00+01:00;4.7;20.7035949
1900-04-06 20:00:00+01:00;3;19.4273567
1900-04-06 21:00:00+01:00;2;18.490883
1900-04-06 22:00:00+01:00;1.8;17.855283
1900-04-06 23:00:00+01:00;-0.1;17.390515
1900-04-07 00:00:00+01:00;-0.6;11.247858
1900-04-07 01:00:00+01:00;0.5;11.189895
1900-04-07 02:00:00+01:00;-2;11.159755
1900-04-07 03:00:00+01:00;-2.1;11.156236
1900-04-07 04:00:00+01:00;-2.4;11.090969
1900-04-07 05:00:00+01:00;-1.2;11.085708
1900-04-07 06:00:00+01:00;-0.6;11.185433
1900-04-07 07:00:00+01:00;2;11.356602
1900-04-07 08:00:00+01:00;3.5;11.586917
1900-04-07 09:00:00+01:00;6.7;11.83713
1900-04-07 10:00:00+01:00;8.5;12.160864
1900-04-07 11:00:00+01:00;10.3;12.417611
1900-04-07 12:00:00+01:00;9.4;12.907256
1900-04-07 13:00:00+01:00;11.5;13.122565
1900-04-07 14:00:00+01:00;10.4;13.061459
1900-04-07 15:00:00+01:00;12;12.884488
1900-04-07 16:00:00+01:00;11.1;12.781079
1900-04-07 17:00:00+01:00;9.2;12.502277
1900-04-07 18:00:00+01:00;7.8;12.224691
1900-04-07 19:00:00+01:00;6.9;12.034665
1900-04-07 20:00:00+01:00;5.7;11.851783
1900-04-07 21:00:00+01:00;4.4;11.669916
1900-04-07 22:00:00+01:00;4.4;11.514587
1900-04-07 23:00:00+01:00;3.6;11.311442
1900-04-08 00:00:00+01:00;3.1;11.247858
1900-04-08 01:00:00+01:00;2.9;11.189895
1900-04-08 02:00:00+01:00;2.5;11.159755
1900-04-08 03:00:00+01:00;2.3;11.156236
1900-04-08 04:00:00+01:00;1.8;11.090969
1900-04-08 05:00:00+01:00;1.5;11.085708
1900-04-08 06:00:00+01:00;2;11.185433
1900-04-08 07:00:00+01:00;4;11.356602
1900-04-08 08:00:00+01:00;4.3;11.586917
1900-04-08 09:00:00+01:00;6.2;11.83713
1900-04-08 10:00:00+01:00;7;12.160864
1900-04-08 11:00:00+01:00;7.5;12.417611
1900-04-08 12:00:00+01:00;8.6;12.907256
1900-04-08 13:00:00+01:00;9;13.122565
1900-04-08 14:00:00+01:00;11;13.061459
1900-04-08 15:00:00+01:00;10.4;12.884488
1900-04-08 16:00:00+01:00;10.2;12.781079
1900-04-08 17:00:00+01:00;9;12.502277
1900-04-08 18:00:00+01:00;6.7;12.224691
1900-04-08 19:00:00+01:00;4.6;12.034665
1900-04-08 20:00:00+01:00;3.4;11.851783
1900-04-08 21:00:00+01:00;2.5;11.669916
1900-04-08 22:00:00+01:00;1.9;11.514587
1900-04-08 23:00:00+01:00;1.5;11.311442
1900-04-09 00:00:00+01:00;1.2;17.049827
1900-04-09 01:00:00+01:00;0.5;16.927993
1900-04-09 02:00:00+01:00;1;16.889632
1900-04-09 03:00:00+01:00;0.1;16.887383
1900-04-09 04:00:00+01:00;-1.2;16.988329
1900-04-09 05:00:00+01:00;-2.1;17.897246
1900-04-09 06:00:00+01:00;-0.3;21.363795
1900-04-09 07:00:00+01:00;2;25.65999
1900-04-09 08:00:00+01:00;3.6;28.833099
1900-04-09 09:00:00+01:00;3.5;30.315795
1900-04-09 10:00:00+01:00;4.9;30.67332
1900-04-09 11:00:00+01:00;7.2;30.88895
1900-04-09 12:00:00+01:00;7.6;30.83782
1900-04-09 13:00:00+01:00;9;30.54232
1900-04-09 14:00:00+01:00;9.3;29.993679
1900-04-09 15:00:00+01:00;6.9;28.883133
1900-04-09 16:00:00+01:00;5.1;26.609758
1900-04-09 17:00:00+01:00;3.1;24.010435
1900-04-09 18:00:00+01:00;2.4;22.163733
1900-04-09 19:00:00+01:00;1.7;20.7035949
1900-04-09 20:00:00+01:00;1;19.4273567
1900-04-09 21:00:00+01:00;0.2;18.490883
1900-04-09 22:00:00+01:00;-1;17.855283
1900-04-09 23:00:00+01:00;-0.7;17.390515
1900-04-10 00:00:00+01:00;-2.3;17.049827
1900-04-10 01:00:00+01:00;-3.1;16.927993
1900-04-10 02:00:00+01:00;-3.3;16.889632
1900-04-10 03:00:00+01:00;-2.5;16.887383
1900-04-10 04:00:00+01:00;-4.1;16.988329
1900-04-10 05:00:00+01:00;-3.6;17.897246
1900-04-10 06:00:00+01:00;-0.8;21.363795
1900-04-10 07:00:00+01:00;0.3;25.65999
1900-04-10 08:00:00+01:00;1.8;28.833099
1900-04-10 09:00:00+01:00;2.8;30.315795
1900-04-10 10:00:00+01:00;3.9;30.67332
1900-04-10 11:00:00+01:00;4.4;30.88895
1900-04-10 12:00:00+01:00;5.8;30.83782
1900-04-10 13:00:00+01:00;5.1;30.54232
1900-04-10 14:00:00+01:00;5.8;29.993679
1900-04-10 15:00:00+01:00;5.4;28.883133
1900-04-10 16:00:00+01:00;4.6;26.609758
1900-04-10 17:00:00+01:00;3.9;24.010435
1900-04-10 18:00:00+01:00;2.2;22.163733
1900-04-10 19:00:00+01:00;0;20.7035949
1900-04-10 20:00:00+01:00;-0.6;19.4273567
1900-04-10 21:00:00+01:00;-1;18.490883
1900-04-10 22:00:00+01:00;-1.5;17.855283
1900-04-10 23:00:00+01:00;-1.9;17.390515
1900-04-11 00:00:00+01:00;-0.8;17.049827
1900-04-11 01:00:00+01:00;0;16.927993
1900-04-11 02:00:00+01:00;-0.6;16.889632
1900-04-11 03:00:00+01:00;-0.7;16.887383
1900-04-11 04:00:00+01:00;-1.5;16.988329
1900-04-11 05:00:00+01:00;-1.7;17.897246
1900-04-11 06:00:00+01:00;-1.2;21.363795
1900-04-11 07:00:00+01:00;0;25.65999
1900-04-11 08:00:00+01:00;1.2;28.833099
1900-04-11 09:00:00+01:00;1.7;30.315795
1900-04-11 10:00:00+01:00;2.4;30.67332
1900-04-11 11:00:00+01:00;3.2;30.88895
1900-04-11 12:00:00+01:00;4;30.83782
1900-04-11 13:00:00+01:00;5;30.54232
1900-04-11 14:00:00+01:00;4.1;29.993679
1900-04-11 15:00:00+01:00;4;28.883133
1900-04-11 16:00:00+01:00;2.4;26.609758
1900-04-11 17:00:00+01:00;2.1;24.010435
1900-04-11 18:00:00+01:00;1.5;22.163733
1900-04-11 19:00:00+01:00;1.8;20.7035949
1900-04-11 20:00:00+01:00;1.8;19.4273567
1900-04-11 21:00:00+01:00;1.2;18.490883
1900-04-11 22:00:00+01:00;0.6;17.855283
1900-04-11 23:00:00+01:00;0.6;17.390515
1900-04-12 00:00:00+01:00;0.2;17.049827
1900-04-12 01:00:00+01:00;-0.3;16.927993
1900-04-12 02:00:00+01:00;-0.3;16.889632
1900-04-12 03:00:00+01:00;-0.7;16.887383
1900-04-12 04:00:00+01:00;0;16.988329
1900-04-12 05:00:00+01:00;-0.5;17.897246
1900-04-12 06:00:00+01:00;0.1;21.363795
1900-04-12 07:00:00+01:00;1.6;25.65999
1900-04-12 08:00:00+01:00;2.8;28.833099
1900-04-12 09:00:00+01:00;3.7;30.315795
1900-04-12 10:00:00+01:00;4.6;30.67332
1900-04-12 11:00:00+01:00;6.7;30.88895
1900-04-12 12:00:00+01:00;8;30.83782
1900-04-12 13:00:00+01:00;9;30.54232
1900-04-12 14:00:00+01:00;9.4;29.993679
1900-04-12 15:00:00+01:00;9.6;28.883133
1900-04-12 16:00:00+01:00;9.2;26.609758
1900-04-12 17:00:00+01:00;8;24.010435
1900-04-12 18:00:00+01:00;7;22.163733
1900-04-12 19:00:00+01:00;5.1;20.7035949
1900-04-12 20:00:00+01:00;2.6;19.4273567
1900-04-12 21:00:00+01:00;3;18.490883
1900-04-12 22:00:00+01:00;1.8;17.855283
1900-04-12 23:00:00+01:00;2;17.390515
1900-04-13 00:00:00+01:00;1.7;17.049827
1900-04-13 01:00:00+01:00;0.7;16.927993
1900-04-13 02:00:00+01:00;-0.3;16.889632
1900-04-13 03:00:00+01:00;0.7;16.887383
1900-04-13 04:00:00+01:00;0.4;16.988329
1900-04-13 05:00:00+01:00;-1.5;17.897246
1900-04-13 06:00:00+01:00;2;21.363795
1900-04-13 07:00:00+01:00;3;25.65999
1900-04-13 08:00:00+01:00;5.6;28.833099
1900-04-13 09:00:00+01:00;6.4;30.315795
1900-04-13 10:00:00+01:00;7.7;30.67332
1900-04-13 11:00:00+01:00;8.9;30.88895
1900-04-13 12:00:00+01:00;10;30.83782
1900-04-13 13:00:00+01:00;10;30.54232
1900-04-13 14:00:00+01:00;11.5;29.993679
1900-04-13 15:00:00+01:00;10.2;28.883133
1900-04-13 16:00:00+01:00;9.6;26.609758
1900-04-13 17:00:00+01:00;10;24.010435
1900-04-13 18:00:00+01:00;8.6;22.163733
1900-04-13 19:00:00+01:00;7.5;20.7035949
1900-04-13 20:00:00+01:00;6.5;19.4273567
1900-04-13 21:00:00+01:00;4.4;18.490883
1900-04-13 22:00:00+01:00;4.5;17.855283
1900-04-13 23:00:00+01:00;3.9;17.390515
1900-04-14 00:00:00+01:00;2.9;11.247858
1900-04-14 01:00:00+01:00;2.6;11.189895
1900-04-14 02:00:00+01:00;3;11.159755
1900-04-14 03:00:00+01:00;3.2;11.156236
1900-04-14 04:00:00+01:00;1.7;11.090969
1900-04-14 05:00:00+01:00;2;11.085708
1900-04-14 06:00:00+01:00;2.8;11.185433
1900-04-14 07:00:00+01:00;4.8;11.356602
1900-04-14 08:00:00+01:00;4.8;11.586917
1900-04-14 09:00:00+01:00;5.1;11.83713
1900-04-14 10:00:00+01:00;5.4;12.160864
1900-04-14 11:00:00+01:00;8.4;12.417611
1900-04-14 12:00:00+01:00;10.8;12.907256
1900-04-14 13:00:00+01:00;12.7;13.122565
1900-04-14 14:00:00+01:00;12.5;13.061459
1900-04-14 15:00:00+01:00;14;12.884488
1900-04-14 16:00:00+01:00;11.8;12.781079
1900-04-14 17:00:00+01:00;9.9;12.502277
1900-04-14 18:00:00+01:00;8.5;12.224691
1900-04-14 19:00:00+01:00;7.7;12.034665
1900-04-14 20:00:00+01:00;6.6;11.851783
1900-04-14 21:00:00+01:00;3.8;11.669916
1900-04-14 22:00:00+01:00;2.7;11.514587
1900-04-14 23:00:00+01:00;1.6;11.311442
1900-04-15 00:00:00+01:00;0.9;11.247858
1900-04-15 01:00:00+01:00;0.2;11.189895
1900-04-15 02:00:00+01:00;-1;11.159755
1900-04-15 03:00:00+01:00;-1.2;11.156236
1900-04-15 04:00:00+01:00;-2;11.090969
1900-04-15 05:00:00+01:00;0;11.085708
1900-04-15 06:00:00+01:00;1;11.185433
1900-04-15 07:00:00+01:00;1.4;11.356602
1900-04-15 08:00:00+01:00;2.7;11.586917
1900-04-15 09:00:00+01:00;5.9;11.83713
1900-04-15 10:00:00+01:00;8.3;12.160864
1900-04-15 11:00:00+01:00;10.3;12.417611
1900-04-15 12:00:00+01:00;15;12.907256
1900-04-15 13:00:00+01:00;14.9;13.122565
1900-04-15 14:00:00+01:00;15.8;13.061459
1900-04-15 15:00:00+01:00;13.4;12.884488
1900-04-15 16:00:00+01:00;13.4;12.781079
1900-04-15 17:00:00+01:00;12.8;12.502277
1900-04-15 18:00:00+01:00;10;12.224691
1900-04-15 19:00:00+01:00;7.9;12.034665
1900-04-15 20:00:00+01:00;5.8;11.851783
1900-04-15 21:00:00+01:00;4.7;11.669916
1900-04-15 22:00:00+01:00;3.4;11.514587
1900-04-15 23:00:00+01:00;3;11.311442
1900-04-16 00:00:00+01:00;1.4;17.049827
1900-04-16 01:00:00+01:00;2.7;16.927993
1900-04-16 02:00:00+01:00;2.8;16.889632
1900-04-16 03:00:00+01:00;2.7;16.887383
1900-04-16 04:00:00+01:00;2.5;16.988329
1900-04-16 05:00:00+01:00;2.5;17.897246
1900-04-16 06:00:00+01:00;2.5;21.363795
1900-04-16 07:00:00+01:00;2.4;25.65999
1900-04-16 08:00:00+01:00;3.3;28.833099
1900-04-16 09:00:00+01:00;5.4;30.315795
1900-04-16 10:00:00+01:00;6.7;30.67332
1900-04-16 11:00:00+01:00;8;30.88895
1900-04-16 12:00:00+01:00;5.8;30.83782
1900-04-16 13:00:00+01:00;5.7;30.54232
1900-04-16 14:00:00+01:00;6.5;29.993679
1900-04-16 15:00:00+01:00;6.1;28.883133
1900-04-16 16:00:00+01:00;6.8;26.609758
1900-04-16 17:00:00+01:00;7.3;24.010435
1900-04-16 18:00:00+01:00;7.5;22.163733
1900-04-16 19:00:00+01:00;7.6;20.7035949
1900-04-16 20:00:00+01:00;7.4;19.4273567
1900-04-16 21:00:00+01:00;6.2;18.490883
1900-04-16 22:00:00+01:00;5;17.855283
1900-04-16 23:00:00+01:00;4;17.390515
1900-04-17 00:00:00+01:00;5.7;17.049827
1900-04-17 01:00:00+01:00;3.9;16.927993
1900-04-17 02:00:00+01:00;4.5;16.889632
1900-04-17 03:00:00+01:00;3.7;16.887383
1900-04-17 04:00:00+01:00;4;16.988329
1900-04-17 05:00:00+01:00;4.6;17.897246
1900-04-17 06:00:00+01:00;5.5;21.363795
1900-04-17 07:00:00+01:00;7.3;25.65999
1900-04-17 08:00:00+01:00;8.3;28.833099
1900-04-17 09:00:00+01:00;10.7;30.315795
1900-04-17 10:00:00+01:00;11.6;30.67332
1900-04-17 11:00:00+01:00;12.5;30.88895
1900-04-17 12:00:00+01:00;14.3;30.83782
1900-04-17 13:00:00+01:00;14;30.54232
1900-04-17 14:00:00+01:00;13.7;29.993679
1900-04-17 15:00:00+01:00;13.5;28.883133
1900-04-17 16:00:00+01:00;12.4;27.4509138
1900-04-17 17:00:00+01:00;11.7;24.52537704
1900-04-17 18:00:00+01:00;9.1;22.163733
1900-04-17 19:00:00+01:00;8.4;20.7035949
1900-04-17 20:00:00+01:00;9.2;19.4273567
1900-04-17 21:00:00+01:00;8.1;18.490883
1900-04-17 22:00:00+01:00;7.2;17.855283
1900-04-17 23:00:00+01:00;6.8;17.390515
1900-04-18 00:00:00+01:00;6.4;17.049827
1900-04-18 01:00:00+01:00;5;16.927993
1900-04-18 02:00:00+01:00;5.9;16.889632
1900-04-18 03:00:00+01:00;4.8;16.887383
1900-04-18 04:00:00+01:00;5.3;16.988329
1900-04-18 05:00:00+01:00;4.7;17.897246
1900-04-18 06:00:00+01:00;5.4;21.363795
1900-04-18 07:00:00+01:00;7.2;25.65999
1900-04-18 08:00:00+01:00;7.9;28.833099
1900-04-18 09:00:00+01:00;8.2;30.315795
1900-04-18 10:00:00+01:00;8.9;30.67332
1900-04-18 11:00:00+01:00;10.1;30.88895
1900-04-18 12:00:00+01:00;10.6;30.83782
1900-04-18 13:00:00+01:00;12.6;30.54232
1900-04-18 14:00:00+01:00;9.7;29.993679
1900-04-18 15:00:00+01:00;11;28.883133
1900-04-18 16:00:00+01:00;10.5;26.609758
1900-04-18 17:00:00+01:00;9.5;24.010435
1900-04-18 18:00:00+01:00;6.3;22.163733
1900-04-18 19:00:00+01:00;6;20.7035949
1900-04-18 20:00:00+01:00;5;19.4273567
1900-04-18 21:00:00+01:00;4.6;18.490883
1900-04-18 22:00:00+01:00;4.6;17.855283
1900-04-18 23:00:00+01:00;4.2;17.390515
1900-04-19 00:00:00+01:00;3.6;17.049827
1900-04-19 01:00:00+01:00;3.7;16.927993
1900-04-19 02:00:00+01:00;3.5;16.889632
1900-04-19 03:00:00+01:00;3.4;16.887383
1900-04-19 04:00:00+01:00;3.4;16.988329
1900-04-19 05:00:00+01:00;4;17.897246
1900-04-19 06:00:00+01:00;4.1;21.363795
1900-04-19 07:00:00+01:00;4.1;25.65999
1900-04-19 08:00:00+01:00;3.3;28.833099
1900-04-19 09:00:00+01:00;5.5;30.315795
1900-04-19 10:00:00+01:00;6.7;30.67332
1900-04-19 11:00:00+01:00;8;30.88895
1900-04-19 12:00:00+01:00;5.8;30.83782
1900-04-19 13:00:00+01:00;8.6;30.54232
1900-04-19 14:00:00+01:00;8.8;29.993679
1900-04-19 15:00:00+01:00;8.8;28.883133
1900-04-19 16:00:00+01:00;8.2;26.609758
1900-04-19 17:00:00+01:00;8.8;24.010435
1900-04-19 18:00:00+01:00;7.9;22.163733
1900-04-19 19:00:00+01:00;6.6;20.7035949
1900-04-19 20:00:00+01:00;5;19.4273567
1900-04-19 21:00:00+01:00;3;18.490883
1900-04-19 22:00:00+01:00;2.9;17.855283
1900-04-19 23:00:00+01:00;2.6;17.390515
1900-04-20 00:00:00+01:00;3;17.049827
1900-04-20 01:00:00+01:00;3;16.927993
1900-04-20 02:00:00+01:00;2.8;16.889632
1900-04-20 03:00:00+01:00;2.4;16.887383
1900-04-20 04:00:00+01:00;2.4;16.988329
1900-04-20 05:00:00+01:00;2.5;17.897246
1900-04-20 06:00:00+01:00;2.9;21.363795
1900-04-20 07:00:00+01:00;3.2;25.65999
1900-04-20 08:00:00+01:00;3.5;28.833099
1900-04-20 09:00:00+01:00;3.3;30.315795
1900-04-20 10:00:00+01:00;3.2;30.67332
1900-04-20 11:00:00+01:00;4;30.88895
1900-04-20 12:00:00+01:00;4.5;30.83782
1900-04-20 13:00:00+01:00;7.4;30.54232
1900-04-20 14:00:00+01:00;8;29.993679
1900-04-20 15:00:00+01:00;9.5;28.883133
1900-04-20 16:00:00+01:00;6.7;26.609758
1900-04-20 17:00:00+01:00;6.2;24.010435
1900-04-20 18:00:00+01:00;6.6;22.163733
1900-04-20 19:00:00+01:00;4.7;20.7035949
1900-04-20 20:00:00+01:00;3.6;19.4273567
1900-04-20 21:00:00+01:00;4.5;18.490883
1900-04-20 22:00:00+01:00;3.7;17.855283
1900-04-20 23:00:00+01:00;4;17.390515
1900-04-21 00:00:00+01:00;4.8;11.247858
1900-04-21 01:00:00+01:00;2.1;11.189895
1900-04-21 02:00:00+01:00;2;11.159755
1900-04-21 03:00:00+01:00;2.3;11.156236
1900-04-21 04:00:00+01:00;2.6;11.090969
1900-04-21 05:00:00+01:00;2.8;11.085708
1900-04-21 06:00:00+01:00;3;11.185433
1900-04-21 07:00:00+01:00;3.4;11.356602
1900-04-21 08:00:00+01:00;4.3;11.586917
1900-04-21 09:00:00+01:00;4.8;11.83713
1900-04-21 10:00:00+01:00;7;12.160864
1900-04-21 11:00:00+01:00;7.3;12.417611
1900-04-21 12:00:00+01:00;8.5;12.907256
1900-04-21 13:00:00+01:00;10.4;13.122565
1900-04-21 14:00:00+01:00;10.2;13.061459
1900-04-21 15:00:00+01:00;8.9;12.884488
1900-04-21 16:00:00+01:00;9.3;12.781079
1900-04-21 17:00:00+01:00;8;12.502277
1900-04-21 18:00:00+01:00;6.3;12.224691
1900-04-21 19:00:00+01:00;5.5;12.034665
1900-04-21 20:00:00+01:00;5;11.851783
1900-04-21 21:00:00+01:00;4.9;11.669916
1900-04-21 22:00:00+01:00;5;11.514587
1900-04-21 23:00:00+01:00;4.2;11.311442
1900-04-22 00:00:00+01:00;4;11.247858
1900-04-22 01:00:00+01:00;4.5;11.189895
1900-04-22 02:00:00+01:00;5;11.159755
1900-04-22 03:00:00+01:00;4.2;11.156236
1900-04-22 04:00:00+01:00;5;11.090969
1900-04-22 05:00:00+01:00;4.5;11.085708
1900-04-22 06:00:00+01:00;5.5;11.185433
1900-04-22 07:00:00+01:00;8;11.356602
1900-04-22 08:00:00+01:00;9.2;11.586917
1900-04-22 09:00:00+01:00;11.4;11.83713
1900-04-22 10:00:00+01:00;13.2;12.160864
1900-04-22 11:00:00+01:00;15.6;12.417611
1900-04-22 12:00:00+01:00;16.5;12.907256
1900-04-22 13:00:00+01:00;16.6;13.122565
1900-04-22 14:00:00+01:00;17.6;13.061459
1900-04-22 15:00:00+01:00;18.1;12.884488
1900-04-22 16:00:00+01:00;17.8;12.781079
1900-04-22 17:00:00+01:00;19;12.502277
1900-04-22 18:00:00+01:00;17;12.224691
1900-04-22 19:00:00+01:00;16.2;12.034665
1900-04-22 20:00:00+01:00;12.1;11.851783
1900-04-22 21:00:00+01:00;10;11.669916
1900-04-22 22:00:00+01:00;7.4;11.514587
1900-04-22 23:00:00+01:00;5.6;11.311442
1900-04-23 00:00:00+01:00;4.2;17.049827
1900-04-23 01:00:00+01:00;3;16.927993
1900-04-23 02:00:00+01:00;2.4;16.889632
1900-04-23 03:00:00+01:00;1.2;16.887383
1900-04-23 04:00:00+01:00;1.6;16.988329
1900-04-23 05:00:00+01:00;0.9;17.897246
1900-04-23 06:00:00+01:00;2.3;21.363795
1900-04-23 07:00:00+01:00;6.9;25.65999
1900-04-23 08:00:00+01:00;7.5;28.833099
1900-04-23 09:00:00+01:00;10.8;30.315795
1900-04-23 10:00:00+01:00;13.8;30.67332
1900-04-23 11:00:00+01:00;15.3;30.88895
1900-04-23 12:00:00+01:00;15.1;30.83782
1900-04-23 13:00:00+01:00;13.2;30.54232
1900-04-23 14:00:00+01:00;14.2;29.993679
1900-04-23 15:00:00+01:00;13;28.883133
1900-04-23 16:00:00+01:00;10.5;26.609758
1900-04-23 17:00:00+01:00;9.8;24.010435
1900-04-23 18:00:00+01:00;9.4;22.163733
1900-04-23 19:00:00+01:00;8.7;20.7035949
1900-04-23 20:00:00+01:00;9.2;19.4273567
1900-04-23 21:00:00+01:00;7.7;18.490883
1900-04-23 22:00:00+01:00;7;17.855283
1900-04-23 23:00:00+01:00;6.4;17.390515
1900-04-24 00:00:00+01:00;6;17.049827
1900-04-24 01:00:00+01:00;5.6;16.927993
1900-04-24 02:00:00+01:00;5.4;16.889632
1900-04-24 03:00:00+01:00;4.7;16.887383
1900-04-24 04:00:00+01:00;4.9;16.988329
1900-04-24 05:00:00+01:00;5.2;17.897246
1900-04-24 06:00:00+01:00;6;21.363795
1900-04-24 07:00:00+01:00;6.2;25.65999
1900-04-24 08:00:00+01:00;7;28.833099
1900-04-24 09:00:00+01:00;7.4;30.315795
1900-04-24 10:00:00+01:00;9.6;30.67332
1900-04-24 11:00:00+01:00;8.3;30.88895
1900-04-24 12:00:00+01:00;11.3;30.83782
1900-04-24 13:00:00+01:00;9.7;30.54232
1900-04-24 14:00:00+01:00;11.3;29.993679
1900-04-24 15:00:00+01:00;11.5;28.883133
1900-04-24 16:00:00+01:00;10.9;26.609758
1900-04-24 17:00:00+01:00;11.6;24.49369812
1900-04-24 18:00:00+01:00;8.7;22.163733
1900-04-24 19:00:00+01:00;8;20.7035949
1900-04-24 20:00:00+01:00;6.8;19.4273567
1900-04-24 21:00:00+01:00;5.9;18.490883
1900-04-24 22:00:00+01:00;5.3;17.855283
1900-04-24 23:00:00+01:00;4.3;17.390515
1900-04-25 00:00:00+01:00;5.4;17.049827
1900-04-25 01:00:00+01:00;5.3;16.927993
1900-04-25 02:00:00+01:00;5.3;16.889632
1900-04-25 03:00:00+01:00;3.9;16.887383
1900-04-25 04:00:00+01:00;2.5;16.988329
1900-04-25 05:00:00+01:00;3.2;17.897246
1900-04-25 06:00:00+01:00;3.9;21.363795
1900-04-25 07:00:00+01:00;6;25.65999
1900-04-25 08:00:00+01:00;7.1;28.833099
1900-04-25 09:00:00+01:00;8.4;30.315795
1900-04-25 10:00:00+01:00;10.6;30.67332
1900-04-25 11:00:00+01:00;10.9;30.88895
1900-04-25 12:00:00+01:00;12.2;30.83782
1900-04-25 13:00:00+01:00;14;30.54232
1900-04-25 14:00:00+01:00;12.4;29.993679
1900-04-25 15:00:00+01:00;13.6;28.883133
1900-04-25 16:00:00+01:00;10.4;26.609758
1900-04-25 17:00:00+01:00;5.5;24.010435
1900-04-25 18:00:00+01:00;3.4;22.163733
1900-04-25 19:00:00+01:00;3.6;20.7035949
1900-04-25 20:00:00+01:00;3.4;19.4273567
1900-04-25 21:00:00+01:00;3;18.490883
1900-04-25 22:00:00+01:00;2.7;17.855283
1900-04-25 23:00:00+01:00;2.6;17.390515
1900-04-26 00:00:00+01:00;2.2;17.049827
1900-04-26 01:00:00+01:00;1.4;16.927993
1900-04-26 02:00:00+01:00;1.4;16.889632
1900-04-26 03:00:00+01:00;1.3;16.887383
1900-04-26 04:00:00+01:00;0.8;16.988329
1900-04-26 05:00:00+01:00;0.8;17.897246
1900-04-26 06:00:00+01:00;0.8;21.363795
1900-04-26 07:00:00+01:00;2.6;25.65999
1900-04-26 08:00:00+01:00;3.2;28.833099
1900-04-26 09:00:00+01:00;5;30.315795
1900-04-26 10:00:00+01:00;5;30.67332
1900-04-26 11:00:00+01:00;7;30.88895
1900-04-26 12:00:00+01:00;8.4;30.83782
1900-04-26 13:00:00+01:00;7.7;30.54232
1900-04-26 14:00:00+01:00;7.6;29.993679
1900-04-26 15:00:00+01:00;6.9;28.883133
1900-04-26 16:00:00+01:00;8.4;26.609758
1900-04-26 17:00:00+01:00;8.1;24.010435
1900-04-26 18:00:00+01:00;6.5;22.163733
1900-04-26 19:00:00+01:00;5.2;20.7035949
1900-04-26 20:00:00+01:00;3.3;19.4273567
1900-04-26 21:00:00+01:00;2.2;18.490883
1900-04-26 22:00:00+01:00;1.7;17.855283
1900-04-26 23:00:00+01:00;1.3;17.390515
1900-04-27 00:00:00+01:00;1;17.049827
1900-04-27 01:00:00+01:00;-0.1;16.927993
1900-04-27 02:00:00+01:00;-0.5;16.889632
1900-04-27 03:00:00+01:00;-1.4;16.887383
1900-04-27 04:00:00+01:00;-1.7;16.988329
1900-04-27 05:00:00+01:00;-0.3;17.897246
1900-04-27 06:00:00+01:00;0.7;21.363795
1900-04-27 07:00:00+01:00;1.6;25.65999
1900-04-27 08:00:00+01:00;4;28.833099
1900-04-27 09:00:00+01:00;4.1;30.315795
1900-04-27 10:00:00+01:00;5.2;30.67332
1900-04-27 11:00:00+01:00;3.8;30.88895
1900-04-27 12:00:00+01:00;2.4;30.83782
1900-04-27 13:00:00+01:00;0.4;30.54232
1900-04-27 14:00:00+01:00;0.4;29.993679
1900-04-27 15:00:00+01:00;0.1;28.883133
1900-04-27 16:00:00+01:00;1.1;26.609758
1900-04-27 17:00:00+01:00;0.3;24.010435
1900-04-27 18:00:00+01:00;1;22.163733
1900-04-27 19:00:00+01:00;0.6;20.7035949
1900-04-27 20:00:00+01:00;0.7;19.4273567
1900-04-27 21:00:00+01:00;0;18.490883
1900-04-27 22:00:00+01:00;0.3;17.855283
1900-04-27 23:00:00+01:00;-0.3;17.390515
1900-04-28 00:00:00+01:00;-2;11.247858
1900-04-28 01:00:00+01:00;-2.4;11.189895
1900-04-28 02:00:00+01:00;-3;11.159755
1900-04-28 03:00:00+01:00;-3.5;11.156236
1900-04-28 04:00:00+01:00;-4.3;11.090969
1900-04-28 05:00:00+01:00;-2.8;11.085708
1900-04-28 06:00:00+01:00;-1.5;11.185433
1900-04-28 07:00:00+01:00;-0.1;11.356602
1900-04-28 08:00:00+01:00;0.9;11.586917
1900-04-28 09:00:00+01:00;2.3;11.83713
1900-04-28 10:00:00+01:00;3.4;12.160864
1900-04-28 11:00:00+01:00;4.7;12.417611
1900-04-28 12:00:00+01:00;6.4;12.907256
1900-04-28 13:00:00+01:00;6.6;13.122565
1900-04-28 14:00:00+01:00;9.5;13.061459
1900-04-28 15:00:00+01:00;8.1;12.884488
1900-04-28 16:00:00+01:00;7.1;12.781079
1900-04-28 17:00:00+01:00;7.1;12.502277
1900-04-28 18:00:00+01:00;6.6;12.224691
1900-04-28 19:00:00+01:00;5.7;12.034665
1900-04-28 20:00:00+01:00;5.2;11.851783
1900-04-28 21:00:00+01:00;4;11.669916
1900-04-28 22:00:00+01:00;4;11.514587
1900-04-28 23:00:00+01:00;3.5;11.311442
1900-04-29 00:00:00+01:00;3.1;11.247858
1900-04-29 01:00:00+01:00;3.1;11.189895
1900-04-29 02:00:00+01:00;3.1;11.159755
1900-04-29 03:00:00+01:00;3;11.156236
1900-04-29 04:00:00+01:00;2.6;11.090969
1900-04-29 05:00:00+01:00;3.2;11.085708
1900-04-29 06:00:00+01:00;3.3;11.185433
1900-04-29 07:00:00+01:00;4.4;11.356602
1900-04-29 08:00:00+01:00;4.4;11.586917
1900-04-29 09:00:00+01:00;4.8;11.83713
1900-04-29 10:00:00+01:00;4;12.160864
1900-04-29 11:00:00+01:00;3.8;12.417611
1900-04-29 12:00:00+01:00;4.5;12.907256
1900-04-29 13:00:00+01:00;4.3;13.122565
1900-04-29 14:00:00+01:00;4.4;13.061459
1900-04-29 15:00:00+01:00;4.6;12.884488
1900-04-29 16:00:00+01:00;5;12.781079
1900-04-29 17:00:00+01:00;5.3;12.502277
1900-04-29 18:00:00+01:00;5.7;12.224691
1900-04-29 19:00:00+01:00;5.2;12.034665
1900-04-29 20:00:00+01:00;5.1;11.851783
1900-04-29 21:00:00+01:00;3.8;11.669916
1900-04-29 22:00:00+01:00;2.7;11.514587
1900-04-29 23:00:00+01:00;1.7;11.311442
1900-04-30 00:00:00+01:00;1.3;17.049827
1900-04-30 01:00:00+01:00;1.1;16.927993
1900-04-30 02:00:00+01:00;1.5;16.889632
1900-04-30 03:00:00+01:00;1.4;16.887383
1900-04-30 04:00:00+01:00;0.4;16.988329
1900-04-30 05:00:00+01:00;0.2;17.897246
1900-04-30 06:00:00+01:00;1.6;21.363795
1900-04-30 07:00:00+01:00;3.6;25.65999
1900-04-30 08:00:00+01:00;4.8;28.833099
1900-04-30 09:00:00+01:00;7.7;30.315795
1900-04-30 10:00:00+01:00;9.6;30.67332
1900-04-30 11:00:00+01:00;12.3;30.88895
1900-04-30 12:00:00+01:00;12.6;30.83782
1900-04-30 13:00:00+01:00;14.4;30.54232
1900-04-30 14:00:00+01:00;14.6;29.993679
1900-04-30 15:00:00+01:00;14.8;28.883133
1900-04-30 16:00:00+01:00;16;28.724412
1900-04-30 17:00:00+01:00;12.9;24.90552408
1900-04-30 18:00:00+01:00;12;22.163733
1900-04-30 19:00:00+01:00;8.9;20.7035949
1900-04-30 20:00:00+01:00;7.8;19.4273567
1900-04-30 21:00:00+01:00;7.2;18.490883
1900-04-30 22:00:00+01:00;6.1;17.855283
1900-04-30 23:00:00+01:00;5;17.390515
1900-05-01 00:00:00+01:00;4.7;17.049827
1900-05-01 01:00:00+01:00;2;16.927993
1900-05-01 02:00:00+01:00;1.2;16.889632
1900-05-01 03:00:00+01:00;1.2;16.887383
1900-05-01 04:00:00+01:00;-1;16.988329
1900-05-01 05:00:00+01:00;2.1;17.897246
1900-05-01 06:00:00+01:00;3;21.363795
1900-05-01 07:00:00+01:00;4.1;25.65999
1900-05-01 08:00:00+01:00;6.3;28.833099
1900-05-01 09:00:00+01:00;6.6;30.315795
1900-05-01 10:00:00+01:00;8.1;30.67332
1900-05-01 11:00:00+01:00;7.4;30.88895
1900-05-01 12:00:00+01:00;9;30.83782
1900-05-01 13:00:00+01:00;9.2;30.54232
1900-05-01 14:00:00+01:00;9.8;29.993679
1900-05-01 15:00:00+01:00;9.8;28.883133
1900-05-01 16:00:00+01:00;10.4;26.609758
1900-05-01 17:00:00+01:00;7.5;24.010435
1900-05-01 18:00:00+01:00;6;22.163733
1900-05-01 19:00:00+01:00;5.7;20.7035949
1900-05-01 20:00:00+01:00;5.3;19.4273567
1900-05-01 21:00:00+01:00;4.6;18.490883
1900-05-01 22:00:00+01:00;5;17.855283
1900-05-01 23:00:00+01:00;4.2;17.390515
1900-05-02 00:00:00+01:00;3.5;17.049827
1900-05-02 01:00:00+01:00;3.3;16.927993
1900-05-02 02:00:00+01:00;2.3;16.889632
1900-05-02 03:00:00+01:00;1.8;16.887383
1900-05-02 04:00:00+01:00;0.2;16.988329
1900-05-02 05:00:00+01:00;0.6;17.897246
1900-05-02 06:00:00+01:00;2;21.363795
1900-05-02 07:00:00+01:00;2.9;25.65999
1900-05-02 08:00:00+01:00;3.9;28.833099
1900-05-02 09:00:00+01:00;5;30.315795
1900-05-02 10:00:00+01:00;4.8;30.67332
1900-05-02 11:00:00+01:00;4.8;30.88895
1900-05-02 12:00:00+01:00;5.4;30.83782
1900-05-02 13:00:00+01:00;5.5;30.54232
1900-05-02 14:00:00+01:00;6.5;29.993679
1900-05-02 15:00:00+01:00;6.3;28.883133
1900-05-02 16:00:00+01:00;6.7;26.609758
1900-05-02 17:00:00+01:00;6.4;24.010435
1900-05-02 18:00:00+01:00;5.7;22.163733
1900-05-02 19:00:00+01:00;6.1;20.7035949
1900-05-02 20:00:00+01:00;6;19.4273567
1900-05-02 21:00:00+01:00;5.8;18.490883
1900-05-02 22:00:00+01:00;5.4;17.855283
1900-05-02 23:00:00+01:00;5.2;17.390515
1900-05-03 00:00:00+01:00;5.2;17.049827
1900-05-03 01:00:00+01:00;5.2;16.927993
1900-05-03 02:00:00+01:00;5;16.889632
1900-05-03 03:00:00+01:00;5;16.887383
1900-05-03 04:00:00+01:00;4.7;16.988329
1900-05-03 05:00:00+01:00;5.1;17.897246
1900-05-03 06:00:00+01:00;5.7;21.363795
1900-05-03 07:00:00+01:00;6;25.65999
1900-05-03 08:00:00+01:00;6.5;28.833099
1900-05-03 09:00:00+01:00;6.8;30.315795
1900-05-03 10:00:00+01:00;7.4;30.67332
1900-05-03 11:00:00+01:00;7.8;30.88895
1900-05-03 12:00:00+01:00;8.9;30.83782
1900-05-03 13:00:00+01:00;10;30.54232
1900-05-03 14:00:00+01:00;10.2;29.993679
1900-05-03 15:00:00+01:00;10;28.883133
1900-05-03 16:00:00+01:00;9.6;26.609758
1900-05-03 17:00:00+01:00;8.1;24.010435
1900-05-03 18:00:00+01:00;7.8;22.163733
1900-05-03 19:00:00+01:00;7;20.7035949
1900-05-03 20:00:00+01:00;6.2;19.4273567
1900-05-03 21:00:00+01:00;6.2;18.490883
1900-05-03 22:00:00+01:00;5.9;17.855283
1900-05-03 23:00:00+01:00;6.5;17.390515
1900-05-04 00:00:00+01:00;6.8;17.049827
1900-05-04 01:00:00+01:00;7;16.927993
1900-05-04 02:00:00+01:00;6.8;16.889632
1900-05-04 03:00:00+01:00;7;16.887383
1900-05-04 04:00:00+01:00;6.9;16.988329
1900-05-04 05:00:00+01:00;7.3;17.897246
1900-05-04 06:00:00+01:00;7.4;21.363795
1900-05-04 07:00:00+01:00;7.9;25.65999
1900-05-04 08:00:00+01:00;10;28.833099
1900-05-04 09:00:00+01:00;11.5;30.315795
1900-05-04 10:00:00+01:00;12.2;30.67332
1900-05-04 11:00:00+01:00;12.2;30.88895
1900-05-04 12:00:00+01:00;13.1;30.83782
1900-05-04 13:00:00+01:00;13.5;30.54232
1900-05-04 14:00:00+01:00;13.8;29.993679
1900-05-04 15:00:00+01:00;12.9;28.883133
1900-05-04 16:00:00+01:00;11.7;27.20328915
1900-05-04 17:00:00+01:00;11.5;24.4620192
1900-05-04 18:00:00+01:00;11.2;22.163733
1900-05-04 19:00:00+01:00;10.2;20.7035949
1900-05-04 20:00:00+01:00;9.7;19.4273567
1900-05-04 21:00:00+01:00;8.5;18.490883
1900-05-04 22:00:00+01:00;8.5;17.855283
1900-05-04 23:00:00+01:00;7.6;17.390515
1900-05-05 00:00:00+01:00;7.2;11.247858
1900-05-05 01:00:00+01:00;6.1;11.189895
1900-05-05 02:00:00+01:00;5.8;11.159755
1900-05-05 03:00:00+01:00;6.4;11.156236
1900-05-05 04:00:00+01:00;7.4;11.090969
1900-05-05 05:00:00+01:00;8.2;11.085708
1900-05-05 06:00:00+01:00;9;11.185433
1900-05-05 07:00:00+01:00;9;11.356602
1900-05-05 08:00:00+01:00;10.5;11.586917
1900-05-05 09:00:00+01:00;11.8;11.83713
1900-05-05 10:00:00+01:00;13.2;12.160864
1900-05-05 11:00:00+01:00;12.4;12.417611
1900-05-05 12:00:00+01:00;14.4;12.907256
1900-05-05 13:00:00+01:00;14.6;13.122565
1900-05-05 14:00:00+01:00;14.5;13.061459
1900-05-05 15:00:00+01:00;13.7;12.884488
1900-05-05 16:00:00+01:00;13.5;12.781079
1900-05-05 17:00:00+01:00;14.2;12.502277
1900-05-05 18:00:00+01:00;13;12.224691
1900-05-05 19:00:00+01:00;11.5;12.034665
1900-05-05 20:00:00+01:00;10;11.851783
1900-05-05 21:00:00+01:00;8.6;11.669916
1900-05-05 22:00:00+01:00;8.5;11.514587
1900-05-05 23:00:00+01:00;7;11.311442
1900-05-06 00:00:00+01:00;6.2;11.247858
1900-05-06 01:00:00+01:00;5.4;11.189895
1900-05-06 02:00:00+01:00;2.5;11.159755
1900-05-06 03:00:00+01:00;3.4;11.156236
1900-05-06 04:00:00+01:00;4;11.090969
1900-05-06 05:00:00+01:00;4.8;11.085708
1900-05-06 06:00:00+01:00;6.4;11.185433
1900-05-06 07:00:00+01:00;7.3;11.356602
1900-05-06 08:00:00+01:00;8;11.586917
1900-05-06 09:00:00+01:00;9;11.83713
1900-05-06 10:00:00+01:00;8.3;12.160864
1900-05-06 11:00:00+01:00;10.6;12.417611
1900-05-06 12:00:00+01:00;11.9;12.907256
1900-05-06 13:00:00+01:00;12.9;13.122565
1900-05-06 14:00:00+01:00;12.2;13.061459
1900-05-06 15:00:00+01:00;14.5;12.884488
1900-05-06 16:00:00+01:00;14.2;12.781079
1900-05-06 17:00:00+01:00;13;12.502277
1900-05-06 18:00:00+01:00;12.5;12.224691
1900-05-06 19:00:00+01:00;11.8;12.034665
1900-05-06 20:00:00+01:00;10.4;11.851783
1900-05-06 21:00:00+01:00;9.4;11.669916
1900-05-06 22:00:00+01:00;8.2;11.514587
1900-05-06 23:00:00+01:00;5.8;11.311442
1900-05-07 00:00:00+01:00;5.5;17.049827
1900-05-07 01:00:00+01:00;3.8;16.927993
1900-05-07 02:00:00+01:00;3.4;16.889632
1900-05-07 03:00:00+01:00;2.8;16.887383
1900-05-07 04:00:00+01:00;2.6;16.988329
1900-05-07 05:00:00+01:00;3.1;17.897246
1900-05-07 06:00:00+01:00;5.5;21.363795
1900-05-07 07:00:00+01:00;7.6;25.65999
1900-05-07 08:00:00+01:00;10.2;28.833099
1900-05-07 09:00:00+01:00;11.6;30.315795
1900-05-07 10:00:00+01:00;12.1;30.67332
1900-05-07 11:00:00+01:00;13;30.88895
1900-05-07 12:00:00+01:00;14;30.83782
1900-05-07 13:00:00+01:00;14.9;30.54232
1900-05-07 14:00:00+01:00;15.6;29.993679
1900-05-07 15:00:00+01:00;15.7;29.37799163
1900-05-07 16:00:00+01:00;14;28.016913
1900-05-07 17:00:00+01:00;13.5;25.0955976
1900-05-07 18:00:00+01:00;12.1;22.163733
1900-05-07 19:00:00+01:00;11;20.7035949
1900-05-07 20:00:00+01:00;10.3;19.4273567
1900-05-07 21:00:00+01:00;8.8;18.490883
1900-05-07 22:00:00+01:00;8.4;17.855283
1900-05-07 23:00:00+01:00;8.2;17.390515
1900-05-08 00:00:00+01:00;7.8;17.049827
1900-05-08 01:00:00+01:00;7.6;16.927993
1900-05-08 02:00:00+01:00;7.5;16.889632
1900-05-08 03:00:00+01:00;7.1;16.887383
1900-05-08 04:00:00+01:00;6.5;16.988329
1900-05-08 05:00:00+01:00;7.7;17.897246
1900-05-08 06:00:00+01:00;8.5;21.363795
1900-05-08 07:00:00+01:00;9.8;25.65999
1900-05-08 08:00:00+01:00;10.8;28.833099
1900-05-08 09:00:00+01:00;11.7;30.315795
1900-05-08 10:00:00+01:00;13.4;30.67332
1900-05-08 11:00:00+01:00;14.4;30.88895
1900-05-08 12:00:00+01:00;14.7;30.83782
1900-05-08 13:00:00+01:00;15.1;30.54232
1900-05-08 14:00:00+01:00;15.2;29.993679
1900-05-08 15:00:00+01:00;15;29.0517245
1900-05-08 16:00:00+01:00;15.3;28.47678735
1900-05-08 17:00:00+01:00;15;25.5707814
1900-05-08 18:00:00+01:00;14;22.163733
1900-05-08 19:00:00+01:00;12.7;20.7035949
1900-05-08 20:00:00+01:00;11.4;19.4273567
1900-05-08 21:00:00+01:00;11;18.490883
1900-05-08 22:00:00+01:00;9.5;17.855283
1900-05-08 23:00:00+01:00;8.2;17.390515
1900-05-09 00:00:00+01:00;7.7;17.049827
1900-05-09 01:00:00+01:00;7.2;16.927993
1900-05-09 02:00:00+01:00;6.6;16.889632
1900-05-09 03:00:00+01:00;6.3;16.887383
1900-05-09 04:00:00+01:00;6.6;16.988329
1900-05-09 05:00:00+01:00;7.9;17.897246
1900-05-09 06:00:00+01:00;9.9;21.363795
1900-05-09 07:00:00+01:00;10.9;25.65999
1900-05-09 08:00:00+01:00;13.6;28.833099
1900-05-09 09:00:00+01:00;16.4;30.315795
1900-05-09 10:00:00+01:00;17.8;30.67332
1900-05-09 11:00:00+01:00;20;32.1951731
1900-05-09 12:00:00+01:00;21.3;33.07385141
1900-05-09 13:00:00+01:00;21.3;32.89452604
1900-05-09 14:00:00+01:00;22.5;33.31044325
1900-05-09 15:00:00+01:00;20.7;31.70847113
1900-05-09 16:00:00+01:00;17.6;29.2904112
1900-05-09 17:00:00+01:00;17;26.2043598
1900-05-09 18:00:00+01:00;16.4;22.163733
1900-05-09 19:00:00+01:00;15.4;20.7035949
1900-05-09 20:00:00+01:00;12.6;19.4273567
1900-05-09 21:00:00+01:00;11.9;18.490883
1900-05-09 22:00:00+01:00;10.7;17.855283
1900-05-09 23:00:00+01:00;9.4;17.390515
1900-05-10 00:00:00+01:00;7.9;17.049827
1900-05-10 01:00:00+01:00;7.5;16.927993
1900-05-10 02:00:00+01:00;7.3;16.889632
1900-05-10 03:00:00+01:00;8.4;16.887383
1900-05-10 04:00:00+01:00;8.9;16.988329
1900-05-10 05:00:00+01:00;9.2;17.897246
1900-05-10 06:00:00+01:00;9.3;21.363795
1900-05-10 07:00:00+01:00;9.4;25.65999
1900-05-10 08:00:00+01:00;11.5;28.833099
1900-05-10 09:00:00+01:00;11.8;30.315795
1900-05-10 10:00:00+01:00;14.1;30.67332
1900-05-10 11:00:00+01:00;16.7;30.88895
1900-05-10 12:00:00+01:00;17.7;31.15521089
1900-05-10 13:00:00+01:00;19.7;31.98182076
1900-05-10 14:00:00+01:00;20.8;32.44042524
1900-05-10 15:00:00+01:00;20.4;31.56864236
1900-05-10 16:00:00+01:00;18.4;29.5734108
1900-05-10 17:00:00+01:00;17.3;26.29939656
1900-05-10 18:00:00+01:00;17.1;22.163733
1900-05-10 19:00:00+01:00;16;20.7035949
1900-05-10 20:00:00+01:00;14.8;19.4273567
1900-05-10 21:00:00+01:00;15;18.490883
1900-05-10 22:00:00+01:00;14;17.855283
1900-05-10 23:00:00+01:00;13.5;17.390515
1900-05-11 00:00:00+01:00;12.8;17.049827
1900-05-11 01:00:00+01:00;11.6;16.927993
1900-05-11 02:00:00+01:00;10.7;16.889632
1900-05-11 03:00:00+01:00;9.7;16.887383
1900-05-11 04:00:00+01:00;10.2;16.988329
1900-05-11 05:00:00+01:00;12;17.897246
1900-05-11 06:00:00+01:00;10.5;21.363795
1900-05-11 07:00:00+01:00;10.5;25.65999
1900-05-11 08:00:00+01:00;10.4;28.833099
1900-05-11 09:00:00+01:00;10.5;30.315795
1900-05-11 10:00:00+01:00;11;30.67332
1900-05-11 11:00:00+01:00;11.8;30.88895
1900-05-11 12:00:00+01:00;13;30.83782
1900-05-11 13:00:00+01:00;14.6;30.54232
1900-05-11 14:00:00+01:00;16.1;30.03508133
1900-05-11 15:00:00+01:00;15.2;29.14494368
1900-05-11 16:00:00+01:00;17.4;29.2196613
1900-05-11 17:00:00+01:00;16.6;26.07764412
1900-05-11 18:00:00+01:00;15.8;22.163733
1900-05-11 19:00:00+01:00;14.4;20.7035949
1900-05-11 20:00:00+01:00;12.5;19.4273567
1900-05-11 21:00:00+01:00;11.5;18.490883
1900-05-11 22:00:00+01:00;10.2;17.855283
1900-05-11 23:00:00+01:00;9.6;17.390515
1900-05-12 00:00:00+01:00;7.6;11.247858
1900-05-12 01:00:00+01:00;7.1;11.189895
1900-05-12 02:00:00+01:00;6.7;11.159755
1900-05-12 03:00:00+01:00;6.9;11.156236
1900-05-12 04:00:00+01:00;5;11.090969
1900-05-12 05:00:00+01:00;9;11.085708
1900-05-12 06:00:00+01:00;10.1;11.185433
1900-05-12 07:00:00+01:00;9.7;11.356602
1900-05-12 08:00:00+01:00;10.8;11.586917
1900-05-12 09:00:00+01:00;12.4;11.83713
1900-05-12 10:00:00+01:00;13.2;12.160864
1900-05-12 11:00:00+01:00;13.8;12.417611
1900-05-12 12:00:00+01:00;12.4;12.907256
1900-05-12 13:00:00+01:00;10.8;13.122565
1900-05-12 14:00:00+01:00;9.8;13.061459
1900-05-12 15:00:00+01:00;9.1;12.884488
1900-05-12 16:00:00+01:00;9.3;12.781079
1900-05-12 17:00:00+01:00;9.2;12.502277
1900-05-12 18:00:00+01:00;9.9;12.224691
1900-05-12 19:00:00+01:00;9.9;12.034665
1900-05-12 20:00:00+01:00;9.4;11.851783
1900-05-12 21:00:00+01:00;8.9;11.669916
1900-05-12 22:00:00+01:00;8.8;11.514587
1900-05-12 23:00:00+01:00;8.7;11.311442
1900-05-13 00:00:00+01:00;9.4;11.247858
1900-05-13 01:00:00+01:00;9.6;11.189895
1900-05-13 02:00:00+01:00;9.3;11.159755
1900-05-13 03:00:00+01:00;8.8;11.156236
1900-05-13 04:00:00+01:00;8.5;11.090969
1900-05-13 05:00:00+01:00;8;11.085708
1900-05-13 06:00:00+01:00;8;11.185433
1900-05-13 07:00:00+01:00;8.1;11.356602
1900-05-13 08:00:00+01:00;8.4;11.586917
1900-05-13 09:00:00+01:00;8.5;11.83713
1900-05-13 10:00:00+01:00;9.1;12.160864
1900-05-13 11:00:00+01:00;9.3;12.417611
1900-05-13 12:00:00+01:00;10.3;12.907256
1900-05-13 13:00:00+01:00;9.9;13.122565
1900-05-13 14:00:00+01:00;11.3;13.061459
1900-05-13 15:00:00+01:00;12;12.884488
1900-05-13 16:00:00+01:00;11.3;12.781079
1900-05-13 17:00:00+01:00;10.5;12.502277
1900-05-13 18:00:00+01:00;9.6;12.224691
1900-05-13 19:00:00+01:00;9.5;12.034665
1900-05-13 20:00:00+01:00;8.7;11.851783
1900-05-13 21:00:00+01:00;8.8;11.669916
1900-05-13 22:00:00+01:00;8.6;11.514587
1900-05-13 23:00:00+01:00;8.6;11.311442
1900-05-14 00:00:00+01:00;8.3;17.049827
1900-05-14 01:00:00+01:00;8;16.927993
1900-05-14 02:00:00+01:00;7.8;16.889632
1900-05-14 03:00:00+01:00;7.7;16.887383
1900-05-14 04:00:00+01:00;7.5;16.988329
1900-05-14 05:00:00+01:00;8.2;17.897246
1900-05-14 06:00:00+01:00;8.6;21.363795
1900-05-14 07:00:00+01:00;8.9;25.65999
1900-05-14 08:00:00+01:00;10.7;28.833099
1900-05-14 09:00:00+01:00;12.6;30.315795
1900-05-14 10:00:00+01:00;12;30.67332
1900-05-14 11:00:00+01:00;12;30.88895
1900-05-14 12:00:00+01:00;13.2;30.83782
1900-05-14 13:00:00+01:00;13.3;30.54232
1900-05-14 14:00:00+01:00;13;29.993679
1900-05-14 15:00:00+01:00;13.3;28.883133
1900-05-14 16:00:00+01:00;14.8;28.2999126
1900-05-14 17:00:00+01:00;13.6;25.12727652
1900-05-14 18:00:00+01:00;13.4;22.163733
1900-05-14 19:00:00+01:00;13.4;20.7035949
1900-05-14 20:00:00+01:00;11;19.4273567
1900-05-14 21:00:00+01:00;9;18.490883
1900-05-14 22:00:00+01:00;7.6;17.855283
1900-05-14 23:00:00+01:00;7;17.390515
1900-05-15 00:00:00+01:00;5.6;17.049827
1900-05-15 01:00:00+01:00;4.4;16.927993
1900-05-15 02:00:00+01:00;2.7;16.889632
1900-05-15 03:00:00+01:00;3;16.887383
1900-05-15 04:00:00+01:00;4.3;16.988329
1900-05-15 05:00:00+01:00;7.6;17.897246
1900-05-15 06:00:00+01:00;9.5;21.363795
1900-05-15 07:00:00+01:00;11.3;25.65999
1900-05-15 08:00:00+01:00;12.9;28.833099
1900-05-15 09:00:00+01:00;15;30.315795
1900-05-15 10:00:00+01:00;16.3;30.67332
1900-05-15 11:00:00+01:00;17;30.88895
1900-05-15 12:00:00+01:00;18.6;31.63487102
1900-05-15 13:00:00+01:00;18.1;31.06911548
1900-05-15 14:00:00+01:00;16.7;30.34214651
1900-05-15 15:00:00+01:00;16.7;29.84408753
1900-05-15 16:00:00+01:00;17.2;29.1489114
1900-05-15 17:00:00+01:00;16.4;26.01428628
1900-05-15 18:00:00+01:00;15.5;22.163733
1900-05-15 19:00:00+01:00;14.5;20.7035949
1900-05-15 20:00:00+01:00;14.3;19.4273567
1900-05-15 21:00:00+01:00;14.1;18.490883
1900-05-15 22:00:00+01:00;13.5;17.855283
1900-05-15 23:00:00+01:00;12.7;17.390515
1900-05-16 00:00:00+01:00;12.5;17.049827
1900-05-16 01:00:00+01:00;11.9;16.927993
1900-05-16 02:00:00+01:00;11.4;16.889632
1900-05-16 03:00:00+01:00;11;16.887383
1900-05-16 04:00:00+01:00;10.8;16.988329
1900-05-16 05:00:00+01:00;10.8;17.897246
1900-05-16 06:00:00+01:00;11.7;21.363795
1900-05-16 07:00:00+01:00;12;25.65999
1900-05-16 08:00:00+01:00;13.2;28.833099
1900-05-16 09:00:00+01:00;13.6;30.315795
1900-05-16 10:00:00+01:00;12.6;30.67332
1900-05-16 11:00:00+01:00;12;30.88895
1900-05-16 12:00:00+01:00;12.7;30.83782
1900-05-16 13:00:00+01:00;14.6;30.54232
1900-05-16 14:00:00+01:00;15.4;29.993679
1900-05-16 15:00:00+01:00;14.7;28.883133
1900-05-16 16:00:00+01:00;14.7;28.26453765
1900-05-16 17:00:00+01:00;14.5;25.4123868
1900-05-16 18:00:00+01:00;13.9;22.163733
1900-05-16 19:00:00+01:00;12.3;20.7035949
1900-05-16 20:00:00+01:00;11.7;19.4273567
1900-05-16 21:00:00+01:00;10.6;18.490883
1900-05-16 22:00:00+01:00;10;17.855283
1900-05-16 23:00:00+01:00;10;17.390515
1900-05-17 00:00:00+01:00;9.7;17.049827
1900-05-17 01:00:00+01:00;9.5;16.927993
1900-05-17 02:00:00+01:00;9;16.889632
1900-05-17 03:00:00+01:00;8.8;16.887383
1900-05-17 04:00:00+01:00;9;16.988329
1900-05-17 05:00:00+01:00;8;17.897246
1900-05-17 06:00:00+01:00;8.4;21.363795
1900-05-17 07:00:00+01:00;8.6;25.65999
1900-05-17 08:00:00+01:00;9.8;28.833099
1900-05-17 09:00:00+01:00;11.5;30.315795
1900-05-17 10:00:00+01:00;12.6;30.67332
1900-05-17 11:00:00+01:00;14.4;30.88895
1900-05-17 12:00:00+01:00;16;30.83782
1900-05-17 13:00:00+01:00;16.5;30.54232
1900-05-17 14:00:00+01:00;15.6;29.993679
1900-05-17 15:00:00+01:00;15.8;29.42460122
1900-05-17 16:00:00+01:00;15.2;28.4414124
1900-05-17 17:00:00+01:00;14;25.2539922
1900-05-17 18:00:00+01:00;13.3;22.163733
1900-05-17 19:00:00+01:00;12.2;20.7035949
1900-05-17 20:00:00+01:00;11.6;19.4273567
1900-05-17 21:00:00+01:00;10;18.490883
1900-05-17 22:00:00+01:00;9.4;17.855283
1900-05-17 23:00:00+01:00;7;17.390515
1900-05-18 00:00:00+01:00;7.4;17.049827
1900-05-18 01:00:00+01:00;6.1;16.927993
1900-05-18 02:00:00+01:00;4;16.889632
1900-05-18 03:00:00+01:00;3.8;16.887383
1900-05-18 04:00:00+01:00;4.2;16.988329
1900-05-18 05:00:00+01:00;7.1;17.897246
1900-05-18 06:00:00+01:00;10;21.363795
1900-05-18 07:00:00+01:00;11.3;25.65999
1900-05-18 08:00:00+01:00;13;28.833099
1900-05-18 09:00:00+01:00;13.3;30.315795
1900-05-18 10:00:00+01:00;14;30.67332
1900-05-18 11:00:00+01:00;16.1;30.88895
1900-05-18 12:00:00+01:00;18.3;31.47498431
1900-05-18 13:00:00+01:00;17.9;30.95502732
1900-05-18 14:00:00+01:00;19.4;31.72393982
1900-05-18 15:00:00+01:00;19.9;31.33559441
1900-05-18 16:00:00+01:00;20.2;30.2101599
1900-05-18 17:00:00+01:00;20.2;27.21808524
1900-05-18 18:00:00+01:00;19;22.163733
1900-05-18 19:00:00+01:00;18.9;20.7035949
1900-05-18 20:00:00+01:00;15.3;19.4273567
1900-05-18 21:00:00+01:00;13.7;18.490883
1900-05-18 22:00:00+01:00;11.4;17.855283
1900-05-18 23:00:00+01:00;10;17.390515
1900-05-19 00:00:00+01:00;10;11.247858
1900-05-19 01:00:00+01:00;8.3;11.189895
1900-05-19 02:00:00+01:00;7.5;11.159755
1900-05-19 03:00:00+01:00;8;11.156236
1900-05-19 04:00:00+01:00;9.4;11.090969
1900-05-19 05:00:00+01:00;11;11.085708
1900-05-19 06:00:00+01:00;11.6;11.185433
1900-05-19 07:00:00+01:00;14.6;11.356602
1900-05-19 08:00:00+01:00;17;11.586917
1900-05-19 09:00:00+01:00;17;11.83713
1900-05-19 10:00:00+01:00;19.5;12.160864
1900-05-19 11:00:00+01:00;20;12.417611
1900-05-19 12:00:00+01:00;21.6;12.907256
1900-05-19 13:00:00+01:00;22.1;13.122565
1900-05-19 14:00:00+01:00;23.4;13.061459
1900-05-19 15:00:00+01:00;24.9;12.884488
1900-05-19 16:00:00+01:00;22;12.781079
1900-05-19 17:00:00+01:00;23.7;12.502277
1900-05-19 18:00:00+01:00;22.7;12.224691
1900-05-19 19:00:00+01:00;21.4;12.034665
1900-05-19 20:00:00+01:00;17.9;11.851783
1900-05-19 21:00:00+01:00;17;11.669916
1900-05-19 22:00:00+01:00;15.8;11.514587
1900-05-19 23:00:00+01:00;16;11.311442
1900-05-20 00:00:00+01:00;15.7;11.247858
1900-05-20 01:00:00+01:00;14.9;11.189895
1900-05-20 02:00:00+01:00;13.8;11.159755
1900-05-20 03:00:00+01:00;13.2;11.156236
1900-05-20 04:00:00+01:00;13.1;11.090969
1900-05-20 05:00:00+01:00;12.8;11.085708
1900-05-20 06:00:00+01:00;15;11.185433
1900-05-20 07:00:00+01:00;16;11.356602
1900-05-20 08:00:00+01:00;16.5;11.586917
1900-05-20 09:00:00+01:00;17.2;11.83713
1900-05-20 10:00:00+01:00;18.2;12.160864
1900-05-20 11:00:00+01:00;18.3;12.417611
1900-05-20 12:00:00+01:00;18;12.907256
1900-05-20 13:00:00+01:00;19;13.122565
1900-05-20 14:00:00+01:00;18;13.061459
1900-05-20 15:00:00+01:00;17.6;12.884488
1900-05-20 16:00:00+01:00;19;12.781079
1900-05-20 17:00:00+01:00;18.6;12.502277
1900-05-20 18:00:00+01:00;17.3;12.224691
1900-05-20 19:00:00+01:00;17;12.034665
1900-05-20 20:00:00+01:00;16.1;11.851783
1900-05-20 21:00:00+01:00;15.7;11.669916
1900-05-20 22:00:00+01:00;15.3;11.514587
1900-05-20 23:00:00+01:00;15;11.311442
1900-05-21 00:00:00+01:00;14.3;17.049827
1900-05-21 01:00:00+01:00;13.7;16.927993
1900-05-21 02:00:00+01:00;12.4;16.889632
1900-05-21 03:00:00+01:00;12.4;16.887383
1900-05-21 04:00:00+01:00;12.4;16.988329
1900-05-21 05:00:00+01:00;13;17.897246
1900-05-21 06:00:00+01:00;13.9;21.363795
1900-05-21 07:00:00+01:00;15.5;25.65999
1900-05-21 08:00:00+01:00;16;28.833099
1900-05-21 09:00:00+01:00;18;30.315795
1900-05-21 10:00:00+01:00;19.5;31.6837303
1900-05-21 11:00:00+01:00;18;30.88895
1900-05-21 12:00:00+01:00;20.1;32.43430457
1900-05-21 13:00:00+01:00;20.3;32.32408524
1900-05-21 14:00:00+01:00;19.6;31.82629488
1900-05-21 15:00:00+01:00;21;31.8482999
1900-05-21 16:00:00+01:00;22.6;31.0591587
1900-05-21 17:00:00+01:00;19.3;26.93297496
1900-05-21 18:00:00+01:00;18.9;22.163733
1900-05-21 19:00:00+01:00;17.5;20.7035949
1900-05-21 20:00:00+01:00;16.9;19.4273567
1900-05-21 21:00:00+01:00;15.6;18.490883
1900-05-21 22:00:00+01:00;14.2;17.855283
1900-05-21 23:00:00+01:00;13.5;17.390515
1900-05-22 00:00:00+01:00;12.2;17.049827
1900-05-22 01:00:00+01:00;10.6;16.927993
1900-05-22 02:00:00+01:00;11;16.889632
1900-05-22 03:00:00+01:00;11.2;16.887383
1900-05-22 04:00:00+01:00;11.3;16.988329
1900-05-22 05:00:00+01:00;12;17.897246
1900-05-22 06:00:00+01:00;12.4;21.363795
1900-05-22 07:00:00+01:00;13.4;25.65999
1900-05-22 08:00:00+01:00;15.4;28.833099
1900-05-22 09:00:00+01:00;16.6;30.315795
1900-05-22 10:00:00+01:00;17.4;30.67332
1900-05-22 11:00:00+01:00;18.5;31.3788101
1900-05-22 12:00:00+01:00;18.7;31.68816659
1900-05-22 13:00:00+01:00;19.1;31.63955628
1900-05-22 14:00:00+01:00;20.4;32.23571512
1900-05-22 15:00:00+01:00;20.9;31.80169031
1900-05-22 16:00:00+01:00;20.5;30.31628475
1900-05-22 17:00:00+01:00;20;27.1547274
1900-05-22 18:00:00+01:00;17.5;22.163733
1900-05-22 19:00:00+01:00;16.6;20.7035949
1900-05-22 20:00:00+01:00;15.7;19.4273567
1900-05-22 21:00:00+01:00;15.3;18.490883
1900-05-22 22:00:00+01:00;12.9;17.855283
1900-05-22 23:00:00+01:00;11.2;17.390515
1900-05-23 00:00:00+01:00;10.4;17.049827
1900-05-23 01:00:00+01:00;7.7;16.927993
1900-05-23 02:00:00+01:00;7.2;16.889632
1900-05-23 03:00:00+01:00;6.9;16.887383
1900-05-23 04:00:00+01:00;8.6;16.988329
1900-05-23 05:00:00+01:00;12;17.897246
1900-05-23 06:00:00+01:00;13.1;21.363795
1900-05-23 07:00:00+01:00;14.2;25.65999
1900-05-23 08:00:00+01:00;14.8;28.833099
1900-05-23 09:00:00+01:00;15.9;30.315795
1900-05-23 10:00:00+01:00;16.4;30.67332
1900-05-23 11:00:00+01:00;16.7;30.88895
1900-05-23 12:00:00+01:00;16.8;30.83782
1900-05-23 13:00:00+01:00;17.5;30.726851
1900-05-23 14:00:00+01:00;18.8;31.41687464
1900-05-23 15:00:00+01:00;19.2;31.00932728
1900-05-23 16:00:00+01:00;18.8;29.7149106
1900-05-23 17:00:00+01:00;19.3;26.93297496
1900-05-23 18:00:00+01:00;18.5;22.163733
1900-05-23 19:00:00+01:00;16.2;20.7035949
1900-05-23 20:00:00+01:00;15.5;19.4273567
1900-05-23 21:00:00+01:00;14.1;18.490883
1900-05-23 22:00:00+01:00;13.4;17.855283
1900-05-23 23:00:00+01:00;13;17.390515
1900-05-24 00:00:00+01:00;12.3;17.049827
1900-05-24 01:00:00+01:00;12.6;16.927993
1900-05-24 02:00:00+01:00;12.7;16.889632
1900-05-24 03:00:00+01:00;12.4;16.887383
1900-05-24 04:00:00+01:00;11.9;16.988329
1900-05-24 05:00:00+01:00;13.8;17.897246
1900-05-24 06:00:00+01:00;14.3;21.363795
1900-05-24 07:00:00+01:00;15.6;25.65999
1900-05-24 08:00:00+01:00;16.9;28.833099
1900-05-24 09:00:00+01:00;17.7;30.315795
1900-05-24 10:00:00+01:00;19.8;31.85819092
1900-05-24 11:00:00+01:00;21.2;32.8482635
1900-05-24 12:00:00+01:00;21.1;32.96726027
1900-05-24 13:00:00+01:00;20.6;32.49521748
1900-05-24 14:00:00+01:00;22.4;33.25926572
1900-05-24 15:00:00+01:00;22.9;32.73388211
1900-05-24 16:00:00+01:00;21.8;30.7761591
1900-05-24 17:00:00+01:00;22;27.7883058
1900-05-24 18:00:00+01:00;21;22.163733
1900-05-24 19:00:00+01:00;19.1;20.7035949
1900-05-24 20:00:00+01:00;16.3;19.4273567
1900-05-24 21:00:00+01:00;15;18.490883
1900-05-24 22:00:00+01:00;13;17.855283
1900-05-24 23:00:00+01:00;11.7;17.390515
1900-05-25 00:00:00+01:00;11.2;17.049827
1900-05-25 01:00:00+01:00;10;16.927993
1900-05-25 02:00:00+01:00;9.1;16.889632
1900-05-25 03:00:00+01:00;8.5;16.887383
1900-05-25 04:00:00+01:00;9.1;16.988329
1900-05-25 05:00:00+01:00;11.8;17.897246
1900-05-25 06:00:00+01:00;14.5;21.363795
1900-05-25 07:00:00+01:00;16.2;25.65999
1900-05-25 08:00:00+01:00;18.1;28.833099
1900-05-25 09:00:00+01:00;19.6;30.315795
1900-05-25 10:00:00+01:00;21.7;32.96310818
1900-05-25 11:00:00+01:00;22.2;33.3925055
1900-05-25 12:00:00+01:00;23.1;34.03317167
1900-05-25 13:00:00+01:00;25.4;35.23333332
1900-05-25 14:00:00+01:00;24.6;34.38517138
1900-05-25 15:00:00+01:00;24;33.2465876
1900-05-25 16:00:00+01:00;26.4;32.4034068
1900-05-25 17:00:00+01:00;24.1;28.45356312
1900-05-25 18:00:00+01:00;23.6;22.163733
1900-05-25 19:00:00+01:00;21.5;20.7035949
1900-05-25 20:00:00+01:00;17.8;19.4273567
1900-05-25 21:00:00+01:00;15.9;18.490883
1900-05-25 22:00:00+01:00;14;17.855283
1900-05-25 23:00:00+01:00;13.5;17.390515
1900-05-26 00:00:00+01:00;11.7;11.247858
1900-05-26 01:00:00+01:00;11.6;11.189895
1900-05-26 02:00:00+01:00;10.9;11.159755
1900-05-26 03:00:00+01:00;11.1;11.156236
1900-05-26 04:00:00+01:00;11;11.090969
1900-05-26 05:00:00+01:00;11.8;11.085708
1900-05-26 06:00:00+01:00;13;11.185433
1900-05-26 07:00:00+01:00;15.1;11.356602
1900-05-26 08:00:00+01:00;17.4;11.586917
1900-05-26 09:00:00+01:00;18.4;11.83713
1900-05-26 10:00:00+01:00;16.4;12.160864
1900-05-26 11:00:00+01:00;19.4;12.417611
1900-05-26 12:00:00+01:00;16.2;12.907256
1900-05-26 13:00:00+01:00;16.2;13.122565
1900-05-26 14:00:00+01:00;14;13.061459
1900-05-26 15:00:00+01:00;11.1;12.884488
1900-05-26 16:00:00+01:00;9.3;12.781079
1900-05-26 17:00:00+01:00;8.7;12.502277
1900-05-26 18:00:00+01:00;8.8;12.224691
1900-05-26 19:00:00+01:00;9.8;12.034665
1900-05-26 20:00:00+01:00;10.3;11.851783
1900-05-26 21:00:00+01:00;10.4;11.669916
1900-05-26 22:00:00+01:00;9.3;11.514587
1900-05-26 23:00:00+01:00;8.1;11.311442
1900-05-27 00:00:00+01:00;8.1;11.247858
1900-05-27 01:00:00+01:00;7.5;11.189895
1900-05-27 02:00:00+01:00;7.1;11.159755
1900-05-27 03:00:00+01:00;6.9;11.156236
1900-05-27 04:00:00+01:00;6.8;11.090969
1900-05-27 05:00:00+01:00;6.6;11.085708
1900-05-27 06:00:00+01:00;6.9;11.185433
1900-05-27 07:00:00+01:00;6.7;11.356602
1900-05-27 08:00:00+01:00;7.7;11.586917
1900-05-27 09:00:00+01:00;8.9;11.83713
1900-05-27 10:00:00+01:00;9.5;12.160864
1900-05-27 11:00:00+01:00;11;12.417611
1900-05-27 12:00:00+01:00;11.1;12.907256
1900-05-27 13:00:00+01:00;11;13.122565
1900-05-27 14:00:00+01:00;11.1;13.061459
1900-05-27 15:00:00+01:00;11.2;12.884488
1900-05-27 16:00:00+01:00;11;12.781079
1900-05-27 17:00:00+01:00;10.7;12.502277
1900-05-27 18:00:00+01:00;10.7;12.224691
1900-05-27 19:00:00+01:00;10.2;12.034665
1900-05-27 20:00:00+01:00;8.3;11.851783
1900-05-27 21:00:00+01:00;7;11.669916
1900-05-27 22:00:00+01:00;5.6;11.514587
1900-05-27 23:00:00+01:00;4.7;11.311442
1900-05-28 00:00:00+01:00;4.6;17.049827
1900-05-28 01:00:00+01:00;3.7;16.927993
1900-05-28 02:00:00+01:00;3.6;16.889632
1900-05-28 03:00:00+01:00;3.7;16.887383
1900-05-28 04:00:00+01:00;4.4;16.988329
1900-05-28 05:00:00+01:00;4.6;17.897246
1900-05-28 06:00:00+01:00;6;21.363795
1900-05-28 07:00:00+01:00;7.2;25.65999
1900-05-28 08:00:00+01:00;8.5;28.833099
1900-05-28 09:00:00+01:00;9.2;30.315795
1900-05-28 10:00:00+01:00;10.1;30.67332
1900-05-28 11:00:00+01:00;11.3;30.88895
1900-05-28 12:00:00+01:00;12.3;30.83782
1900-05-28 13:00:00+01:00;12.5;30.54232
1900-05-28 14:00:00+01:00;13.1;29.993679
1900-05-28 15:00:00+01:00;12.7;28.883133
1900-05-28 16:00:00+01:00;12.7;27.55703865
1900-05-28 17:00:00+01:00;12.7;24.84216624
1900-05-28 18:00:00+01:00;12.8;22.163733
1900-05-28 19:00:00+01:00;12.3;20.7035949
1900-05-28 20:00:00+01:00;10.9;19.4273567
1900-05-28 21:00:00+01:00;9.2;18.490883
1900-05-28 22:00:00+01:00;5.6;17.855283
1900-05-28 23:00:00+01:00;4.5;17.390515
1900-05-29 00:00:00+01:00;4.9;17.049827
1900-05-29 01:00:00+01:00;4;16.927993
1900-05-29 02:00:00+01:00;6.8;16.889632
1900-05-29 03:00:00+01:00;6.7;16.887383
1900-05-29 04:00:00+01:00;6.6;16.988329
1900-05-29 05:00:00+01:00;8.9;17.897246
1900-05-29 06:00:00+01:00;10.4;21.363795
1900-05-29 07:00:00+01:00;11.1;25.65999
1900-05-29 08:00:00+01:00;12.2;28.833099
1900-05-29 09:00:00+01:00;12.5;30.315795
1900-05-29 10:00:00+01:00;12.8;30.67332
1900-05-29 11:00:00+01:00;13.4;30.88895
1900-05-29 12:00:00+01:00;13.6;30.83782
1900-05-29 13:00:00+01:00;13.3;30.54232
1900-05-29 14:00:00+01:00;12.9;29.993679
1900-05-29 15:00:00+01:00;12.5;28.883133
1900-05-29 16:00:00+01:00;13.5;27.84003825
1900-05-29 17:00:00+01:00;12.8;24.87384516
1900-05-29 18:00:00+01:00;12.6;22.163733
1900-05-29 19:00:00+01:00;11.5;20.7035949
1900-05-29 20:00:00+01:00;10.7;19.4273567
1900-05-29 21:00:00+01:00;10.6;18.490883
1900-05-29 22:00:00+01:00;9.6;17.855283
1900-05-29 23:00:00+01:00;10.5;17.390515
1900-05-30 00:00:00+01:00;9.5;17.049827
1900-05-30 01:00:00+01:00;9.6;16.927993
1900-05-30 02:00:00+01:00;8.3;16.889632
1900-05-30 03:00:00+01:00;8;16.887383
1900-05-30 04:00:00+01:00;7.9;16.988329
1900-05-30 05:00:00+01:00;8;17.897246
1900-05-30 06:00:00+01:00;8.7;21.363795
1900-05-30 07:00:00+01:00;9.7;25.65999
1900-05-30 08:00:00+01:00;10.3;28.833099
1900-05-30 09:00:00+01:00;11.6;30.315795
1900-05-30 10:00:00+01:00;11.4;30.67332
1900-05-30 11:00:00+01:00;11.4;30.88895
1900-05-30 12:00:00+01:00;12;30.83782
1900-05-30 13:00:00+01:00;12.1;30.54232
1900-05-30 14:00:00+01:00;12;29.993679
1900-05-30 15:00:00+01:00;12.3;28.883133
1900-05-30 16:00:00+01:00;12.1;27.34478895
1900-05-30 17:00:00+01:00;11.9;24.58873488
1900-05-30 18:00:00+01:00;11.8;22.163733
1900-05-30 19:00:00+01:00;11.6;20.7035949
1900-05-30 20:00:00+01:00;11.2;19.4273567
1900-05-30 21:00:00+01:00;10.9;18.490883
1900-05-30 22:00:00+01:00;10.6;17.855283
1900-05-30 23:00:00+01:00;10.4;17.390515
1900-05-31 00:00:00+01:00;10.1;17.049827
1900-05-31 01:00:00+01:00;9.9;16.927993
1900-05-31 02:00:00+01:00;9.8;16.889632
1900-05-31 03:00:00+01:00;9.2;16.887383
1900-05-31 04:00:00+01:00;9.2;16.988329
1900-05-31 05:00:00+01:00;9.7;17.897246
1900-05-31 06:00:00+01:00;10.2;21.363795
1900-05-31 07:00:00+01:00;10.5;25.65999
1900-05-31 08:00:00+01:00;11.2;28.833099
1900-05-31 09:00:00+01:00;12.3;30.315795
1900-05-31 10:00:00+01:00;12.5;30.67332
1900-05-31 11:00:00+01:00;13.6;30.88895
1900-05-31 12:00:00+01:00;14.1;30.83782
1900-05-31 13:00:00+01:00;13.9;30.54232
1900-05-31 14:00:00+01:00;15.6;29.993679
1900-05-31 15:00:00+01:00;14.3;28.883133
1900-05-31 16:00:00+01:00;14.8;28.2999126
1900-05-31 17:00:00+01:00;15;25.5707814
1900-05-31 18:00:00+01:00;14;22.163733
1900-05-31 19:00:00+01:00;13.7;20.7035949
1900-05-31 20:00:00+01:00;13;19.4273567
1900-05-31 21:00:00+01:00;11.4;18.490883
1900-05-31 22:00:00+01:00;11.2;17.855283
1900-05-31 23:00:00+01:00;10.8;17.390515
1900-06-01 00:00:00+01:00;11.5;17.049827
1900-06-01 01:00:00+01:00;12.2;16.927993
1900-06-01 02:00:00+01:00;12.2;16.889632
1900-06-01 03:00:00+01:00;13.5;16.887383
1900-06-01 04:00:00+01:00;11.8;16.988329
1900-06-01 05:00:00+01:00;11.3;17.897246
1900-06-01 06:00:00+01:00;12.6;21.363795
1900-06-01 07:00:00+01:00;14.9;25.65999
1900-06-01 08:00:00+01:00;17.5;28.833099
1900-06-01 09:00:00+01:00;19.4;30.315795
1900-06-01 10:00:00+01:00;23.2;33.83541128
1900-06-01 11:00:00+01:00;24.8;34.8075347
1900-06-01 12:00:00+01:00;25.5;35.31226535
1900-06-01 13:00:00+01:00;27;36.1460386
1900-06-01 14:00:00+01:00;30.8;37.55817824
1900-06-01 15:00:00+01:00;27.4;34.83131366
1900-06-01 16:00:00+01:00;26.1;32.29728195
1900-06-01 17:00:00+01:00;25.8;28.99210476
1900-06-01 18:00:00+01:00;25.6;22.163733
1900-06-01 19:00:00+01:00;24.1;20.7035949
1900-06-01 20:00:00+01:00;21.5;19.4273567
1900-06-01 21:00:00+01:00;19.2;18.490883
1900-06-01 22:00:00+01:00;17;17.855283
1900-06-01 23:00:00+01:00;15;17.390515
1900-06-02 00:00:00+01:00;14;11.247858
1900-06-02 01:00:00+01:00;12.5;11.189895
1900-06-02 02:00:00+01:00;11;11.159755
1900-06-02 03:00:00+01:00;10.9;11.156236
1900-06-02 04:00:00+01:00;11.9;11.090969
1900-06-02 05:00:00+01:00;15;11.085708
1900-06-02 06:00:00+01:00;18;11.185433
1900-06-02 07:00:00+01:00;18.7;11.356602
1900-06-02 08:00:00+01:00;21.2;11.586917
1900-06-02 09:00:00+01:00;24.2;11.83713
1900-06-02 10:00:00+01:00;26;12.160864
1900-06-02 11:00:00+01:00;25;12.417611
1900-06-02 12:00:00+01:00;26.8;12.907256
1900-06-02 13:00:00+01:00;28;13.122565
1900-06-02 14:00:00+01:00;26.6;13.061459
1900-06-02 15:00:00+01:00;26;12.884488
1900-06-02 16:00:00+01:00;25.4;12.781079
1900-06-02 17:00:00+01:00;25.2;12.502277
1900-06-02 18:00:00+01:00;24.5;12.224691
1900-06-02 19:00:00+01:00;22.5;12.034665
1900-06-02 20:00:00+01:00;19.3;11.851783
1900-06-02 21:00:00+01:00;17.4;11.669916
1900-06-02 22:00:00+01:00;16.3;11.514587
1900-06-02 23:00:00+01:00;15.5;11.311442
1900-06-03 00:00:00+01:00;11.7;11.247858
1900-06-03 01:00:00+01:00;11.1;11.189895
1900-06-03 02:00:00+01:00;10.3;11.159755
1900-06-03 03:00:00+01:00;10;11.156236
1900-06-03 04:00:00+01:00;11;11.090969
1900-06-03 05:00:00+01:00;13.9;11.085708
1900-06-03 06:00:00+01:00;15.4;11.185433
1900-06-03 07:00:00+01:00;17.2;11.356602
1900-06-03 08:00:00+01:00;20.5;11.586917
1900-06-03 09:00:00+01:00;22;11.83713
1900-06-03 10:00:00+01:00;23.6;12.160864
1900-06-03 11:00:00+01:00;26.2;12.417611
1900-06-03 12:00:00+01:00;26.6;12.907256
1900-06-03 13:00:00+01:00;26.5;13.122565
1900-06-03 14:00:00+01:00;25.9;13.061459
1900-06-03 15:00:00+01:00;25.6;12.884488
1900-06-03 16:00:00+01:00;24.3;12.781079
1900-06-03 17:00:00+01:00;24.4;12.502277
1900-06-03 18:00:00+01:00;23;12.224691
1900-06-03 19:00:00+01:00;21.3;12.034665
1900-06-03 20:00:00+01:00;20.8;11.851783
1900-06-03 21:00:00+01:00;18.1;11.669916
1900-06-03 22:00:00+01:00;18;11.514587
1900-06-03 23:00:00+01:00;16.4;11.311442
1900-06-04 00:00:00+01:00;15.4;17.049827
1900-06-04 01:00:00+01:00;14;16.927993
1900-06-04 02:00:00+01:00;14.6;16.889632
1900-06-04 03:00:00+01:00;13.3;16.887383
1900-06-04 04:00:00+01:00;14.4;16.988329
1900-06-04 05:00:00+01:00;15.8;17.897246
1900-06-04 06:00:00+01:00;18.5;21.363795
1900-06-04 07:00:00+01:00;20;25.65999
1900-06-04 08:00:00+01:00;22;28.833099
1900-06-04 09:00:00+01:00;24;30.315795
1900-06-04 10:00:00+01:00;23.9;34.24248606
1900-06-04 11:00:00+01:00;25.4;35.1340799
1900-06-04 12:00:00+01:00;25.5;35.31226535
1900-06-04 13:00:00+01:00;26.8;36.03195044
1900-06-04 14:00:00+01:00;27.3;35.76696469
1900-06-04 15:00:00+01:00;27.8;35.01775202
1900-06-04 16:00:00+01:00;28.7;33.21703065
1900-06-04 17:00:00+01:00;25.8;28.99210476
1900-06-04 18:00:00+01:00;24.2;22.163733
1900-06-04 19:00:00+01:00;22.5;20.7035949
1900-06-04 20:00:00+01:00;19.4;19.4273567
1900-06-04 21:00:00+01:00;16.8;18.490883
1900-06-04 22:00:00+01:00;16;17.855283
1900-06-04 23:00:00+01:00;16.6;17.390515
1900-06-05 00:00:00+01:00;16.1;17.049827
1900-06-05 01:00:00+01:00;15.9;16.927993
1900-06-05 02:00:00+01:00;15.3;16.889632
1900-06-05 03:00:00+01:00;15.7;16.887383
1900-06-05 04:00:00+01:00;15.6;16.988329
1900-06-05 05:00:00+01:00;15.7;17.897246
1900-06-05 06:00:00+01:00;16.1;21.363795
1900-06-05 07:00:00+01:00;16.9;25.65999
1900-06-05 08:00:00+01:00;19.8;28.833099
1900-06-05 09:00:00+01:00;21.5;30.315795
1900-06-05 10:00:00+01:00;21.9;33.07941526
1900-06-05 11:00:00+01:00;24.1;34.4265653
1900-06-05 12:00:00+01:00;24.7;34.88590079
1900-06-05 13:00:00+01:00;24.7;34.83402476
1900-06-05 14:00:00+01:00;25.1;34.64105903
1900-06-05 15:00:00+01:00;25.2;33.80590268
1900-06-05 16:00:00+01:00;24.9;31.87278255
1900-06-05 17:00:00+01:00;24.5;28.5802788
1900-06-05 18:00:00+01:00;23.8;22.163733
1900-06-05 19:00:00+01:00;22.4;20.7035949
1900-06-05 20:00:00+01:00;21;19.4273567
1900-06-05 21:00:00+01:00;20;18.490883
1900-06-05 22:00:00+01:00;18.5;17.855283
1900-06-05 23:00:00+01:00;17.1;17.390515
1900-06-06 00:00:00+01:00;16.9;17.049827
1900-06-06 01:00:00+01:00;16;16.927993
1900-06-06 02:00:00+01:00;15.5;16.889632
1900-06-06 03:00:00+01:00;15;16.887383
1900-06-06 04:00:00+01:00;16.6;16.988329
1900-06-06 05:00:00+01:00;16.8;17.897246
1900-06-06 06:00:00+01:00;17.8;21.363795
1900-06-06 07:00:00+01:00;18.9;25.65999
1900-06-06 08:00:00+01:00;19.4;28.833099
1900-06-06 09:00:00+01:00;20.3;30.315795
1900-06-06 10:00:00+01:00;20.1;32.03265154
1900-06-06 11:00:00+01:00;20.6;32.5217183
1900-06-06 12:00:00+01:00;21.8;33.34032926
1900-06-06 13:00:00+01:00;23.4;34.09245172
1900-06-06 14:00:00+01:00;23;33.5663309
1900-06-06 15:00:00+01:00;22.8;32.68727252
1900-06-06 16:00:00+01:00;22.6;31.0591587
1900-06-06 17:00:00+01:00;21.4;27.59823228
1900-06-06 18:00:00+01:00;20.6;22.163733
1900-06-06 19:00:00+01:00;19.6;20.7035949
1900-06-06 20:00:00+01:00;18.7;19.4273567
1900-06-06 21:00:00+01:00;17.9;18.490883
1900-06-06 22:00:00+01:00;17.3;17.855283
1900-06-06 23:00:00+01:00;16.7;17.390515
1900-06-07 00:00:00+01:00;15.2;17.049827
1900-06-07 01:00:00+01:00;15.6;16.927993
1900-06-07 02:00:00+01:00;15.3;16.889632
1900-06-07 03:00:00+01:00;14.8;16.887383
1900-06-07 04:00:00+01:00;15.6;16.988329
1900-06-07 05:00:00+01:00;15.7;17.897246
1900-06-07 06:00:00+01:00;16.7;21.363795
1900-06-07 07:00:00+01:00;18;25.65999
1900-06-07 08:00:00+01:00;17.8;28.833099
1900-06-07 09:00:00+01:00;18.2;30.315795
1900-06-07 10:00:00+01:00;21.1;32.61418694
1900-06-07 11:00:00+01:00;21.3;32.9026877
1900-06-07 12:00:00+01:00;20.9;32.86066913
1900-06-07 13:00:00+01:00;22.2;33.40792276
1900-06-07 14:00:00+01:00;22.6;33.36162078
1900-06-07 15:00:00+01:00;22.2;32.40761498
1900-06-07 16:00:00+01:00;21.4;30.6346593
1900-06-07 17:00:00+01:00;20.8;27.40815876
1900-06-07 18:00:00+01:00;20.9;22.163733
1900-06-07 19:00:00+01:00;19.6;20.7035949
1900-06-07 20:00:00+01:00;18.6;19.4273567
1900-06-07 21:00:00+01:00;17;18.490883
1900-06-07 22:00:00+01:00;15.9;17.855283
1900-06-07 23:00:00+01:00;15.3;17.390515
1900-06-08 00:00:00+01:00;14;17.049827
1900-06-08 01:00:00+01:00;14.1;16.927993
1900-06-08 02:00:00+01:00;14.9;16.889632
1900-06-08 03:00:00+01:00;14.8;16.887383
1900-06-08 04:00:00+01:00;14;16.988329
1900-06-08 05:00:00+01:00;12.8;17.897246
1900-06-08 06:00:00+01:00;12.6;21.363795
1900-06-08 07:00:00+01:00;13.7;25.65999
1900-06-08 08:00:00+01:00;14.3;28.833099
1900-06-08 09:00:00+01:00;15.1;30.315795
1900-06-08 10:00:00+01:00;15.5;30.67332
1900-06-08 11:00:00+01:00;12;30.88895
1900-06-08 12:00:00+01:00;14;30.83782
1900-06-08 13:00:00+01:00;16.9;30.54232
1900-06-08 14:00:00+01:00;17.6;30.80274428
1900-06-08 15:00:00+01:00;18.5;30.68306015
1900-06-08 16:00:00+01:00;19.3;29.89178535
1900-06-08 17:00:00+01:00;19.2;26.90129604
1900-06-08 18:00:00+01:00;18.2;22.163733
1900-06-08 19:00:00+01:00;17.1;20.7035949
1900-06-08 20:00:00+01:00;14.6;19.4273567
1900-06-08 21:00:00+01:00;13.7;18.490883
1900-06-08 22:00:00+01:00;12.5;17.855283
1900-06-08 23:00:00+01:00;11.8;17.390515
1900-06-09 00:00:00+01:00;10;11.247858
1900-06-09 01:00:00+01:00;9.6;11.189895
1900-06-09 02:00:00+01:00;8.3;11.159755
1900-06-09 03:00:00+01:00;8.9;11.156236
1900-06-09 04:00:00+01:00;9;11.090969
1900-06-09 05:00:00+01:00;10.6;11.085708
1900-06-09 06:00:00+01:00;12;11.185433
1900-06-09 07:00:00+01:00;12.8;11.356602
1900-06-09 08:00:00+01:00;13.8;11.586917
1900-06-09 09:00:00+01:00;16;11.83713
1900-06-09 10:00:00+01:00;16.4;12.160864
1900-06-09 11:00:00+01:00;17.7;12.417611
1900-06-09 12:00:00+01:00;17.6;12.907256
1900-06-09 13:00:00+01:00;15;13.122565
1900-06-09 14:00:00+01:00;18.1;13.061459
1900-06-09 15:00:00+01:00;13.2;12.884488
1900-06-09 16:00:00+01:00;15.8;12.781079
1900-06-09 17:00:00+01:00;13.2;12.502277
1900-06-09 18:00:00+01:00;15.4;12.224691
1900-06-09 19:00:00+01:00;13;12.034665
1900-06-09 20:00:00+01:00;12.5;11.851783
1900-06-09 21:00:00+01:00;10.4;11.669916
1900-06-09 22:00:00+01:00;9.9;11.514587
1900-06-09 23:00:00+01:00;6.8;11.311442
1900-06-10 00:00:00+01:00;6.5;11.247858
1900-06-10 01:00:00+01:00;8.5;11.189895
1900-06-10 02:00:00+01:00;9.8;11.159755
1900-06-10 03:00:00+01:00;8.6;11.156236
1900-06-10 04:00:00+01:00;9.1;11.090969
1900-06-10 05:00:00+01:00;10.9;11.085708
1900-06-10 06:00:00+01:00;12.6;11.185433
1900-06-10 07:00:00+01:00;12.8;11.356602
1900-06-10 08:00:00+01:00;12.1;11.586917
1900-06-10 09:00:00+01:00;14.2;11.83713
1900-06-10 10:00:00+01:00;13.6;12.160864
1900-06-10 11:00:00+01:00;16.8;12.417611
1900-06-10 12:00:00+01:00;15;12.907256
1900-06-10 13:00:00+01:00;16.1;13.122565
1900-06-10 14:00:00+01:00;19.9;13.061459
1900-06-10 15:00:00+01:00;17.7;12.884488
1900-06-10 16:00:00+01:00;18.4;12.781079
1900-06-10 17:00:00+01:00;17;12.502277
1900-06-10 18:00:00+01:00;15.2;12.224691
1900-06-10 19:00:00+01:00;12.5;12.034665
1900-06-10 20:00:00+01:00;12.3;11.851783
1900-06-10 21:00:00+01:00;12;11.669916
1900-06-10 22:00:00+01:00;11.8;11.514587
1900-06-10 23:00:00+01:00;11.4;11.311442
1900-06-11 00:00:00+01:00;11.3;17.049827
1900-06-11 01:00:00+01:00;11.1;16.927993
1900-06-11 02:00:00+01:00;10.8;16.889632
1900-06-11 03:00:00+01:00;11;16.887383
1900-06-11 04:00:00+01:00;11.6;16.988329
1900-06-11 05:00:00+01:00;12.2;17.897246
1900-06-11 06:00:00+01:00;13.2;21.363795
1900-06-11 07:00:00+01:00;15.1;25.65999
1900-06-11 08:00:00+01:00;17.2;28.833099
1900-06-11 09:00:00+01:00;18.6;30.315795
1900-06-11 10:00:00+01:00;18.9;31.33480906
1900-06-11 11:00:00+01:00;20;32.1951731
1900-06-11 12:00:00+01:00;18.4;31.52827988
1900-06-11 13:00:00+01:00;20;32.152953
1900-06-11 14:00:00+01:00;20.2;32.13336006
1900-06-11 15:00:00+01:00;19.1;30.96271769
1900-06-11 16:00:00+01:00;15.7;28.61828715
1900-06-11 17:00:00+01:00;15.6;25.76085492
1900-06-11 18:00:00+01:00;14.7;22.163733
1900-06-11 19:00:00+01:00;13.8;20.7035949
1900-06-11 20:00:00+01:00;10.8;19.4273567
1900-06-11 21:00:00+01:00;9.6;18.490883
1900-06-11 22:00:00+01:00;7.8;17.855283
1900-06-11 23:00:00+01:00;5.5;17.390515
1900-06-12 00:00:00+01:00;4.5;17.049827
1900-06-12 01:00:00+01:00;3.5;16.927993
1900-06-12 02:00:00+01:00;5;16.889632
1900-06-12 03:00:00+01:00;7.3;16.887383
1900-06-12 04:00:00+01:00;7.4;16.988329
1900-06-12 05:00:00+01:00;8.2;17.897246
1900-06-12 06:00:00+01:00;10;21.363795
1900-06-12 07:00:00+01:00;11.5;25.65999
1900-06-12 08:00:00+01:00;14.3;28.833099
1900-06-12 09:00:00+01:00;14;30.315795
1900-06-12 10:00:00+01:00;16.4;30.67332
1900-06-12 11:00:00+01:00;17.5;30.88895
1900-06-12 12:00:00+01:00;18.3;31.47498431
1900-06-12 13:00:00+01:00;18.8;31.46842404
1900-06-12 14:00:00+01:00;17.8;30.90509934
1900-06-12 15:00:00+01:00;18.1;30.49662179
1900-06-12 16:00:00+01:00;20;30.13941
1900-06-12 17:00:00+01:00;19.8;27.09136956
1900-06-12 18:00:00+01:00;18.4;22.163733
1900-06-12 19:00:00+01:00;16;20.7035949
1900-06-12 20:00:00+01:00;15.8;19.4273567
1900-06-12 21:00:00+01:00;14.1;18.490883
1900-06-12 22:00:00+01:00;11.7;17.855283
1900-06-12 23:00:00+01:00;10.8;17.390515
1900-06-13 00:00:00+01:00;10;17.049827
1900-06-13 01:00:00+01:00;9.5;16.927993
1900-06-13 02:00:00+01:00;8.4;16.889632
1900-06-13 03:00:00+01:00;8.1;16.887383
1900-06-13 04:00:00+01:00;9.8;16.988329
1900-06-13 05:00:00+01:00;10.6;17.897246
1900-06-13 06:00:00+01:00;13.5;21.363795
1900-06-13 07:00:00+01:00;15;25.65999
1900-06-13 08:00:00+01:00;16.2;28.833099
1900-06-13 09:00:00+01:00;18.1;30.315795
1900-06-13 10:00:00+01:00;17.4;30.67332
1900-06-13 11:00:00+01:00;20.2;32.3040215
1900-06-13 12:00:00+01:00;20;32.381009
1900-06-13 13:00:00+01:00;19.6;31.92477668
1900-06-13 14:00:00+01:00;21;32.5427803
1900-06-13 15:00:00+01:00;19.5;31.14915605
1900-06-13 16:00:00+01:00;19.7;30.03328515
1900-06-13 17:00:00+01:00;19;26.8379382
1900-06-13 18:00:00+01:00;19;22.163733
1900-06-13 19:00:00+01:00;18.1;20.7035949
1900-06-13 20:00:00+01:00;15.9;19.4273567
1900-06-13 21:00:00+01:00;14.4;18.490883
1900-06-13 22:00:00+01:00;13;17.855283
1900-06-13 23:00:00+01:00;12;17.390515
1900-06-14 00:00:00+01:00;12.4;17.049827
1900-06-14 01:00:00+01:00;12.1;16.927993
1900-06-14 02:00:00+01:00;11.7;16.889632
1900-06-14 03:00:00+01:00;11.9;16.887383
1900-06-14 04:00:00+01:00;11.6;16.988329
1900-06-14 05:00:00+01:00;13;17.897246
1900-06-14 06:00:00+01:00;12.6;21.363795
1900-06-14 07:00:00+01:00;14.4;25.65999
1900-06-14 08:00:00+01:00;16.2;28.833099
1900-06-14 09:00:00+01:00;16.8;30.315795
1900-06-14 10:00:00+01:00;18;30.67332
1900-06-14 11:00:00+01:00;20.4;32.4128699
1900-06-14 12:00:00+01:00;20.7;32.75407799
1900-06-14 13:00:00+01:00;20.4;32.38112932
1900-06-14 14:00:00+01:00;21.8;32.95220054
1900-06-14 15:00:00+01:00;21.6;32.12795744
1900-06-14 16:00:00+01:00;24;31.554408
1900-06-14 17:00:00+01:00;23.6;28.29516852
1900-06-14 18:00:00+01:00;23.7;22.163733
1900-06-14 19:00:00+01:00;20.4;20.7035949
1900-06-14 20:00:00+01:00;18.7;19.4273567
1900-06-14 21:00:00+01:00;17.3;18.490883
1900-06-14 22:00:00+01:00;16.4;17.855283
1900-06-14 23:00:00+01:00;15.8;17.390515
1900-06-15 00:00:00+01:00;15;17.049827
1900-06-15 01:00:00+01:00;14.5;16.927993
1900-06-15 02:00:00+01:00;13.3;16.889632
1900-06-15 03:00:00+01:00;12.4;16.887383
1900-06-15 04:00:00+01:00;12.5;16.988329
1900-06-15 05:00:00+01:00;14.7;17.897246
1900-06-15 06:00:00+01:00;14.3;21.363795
1900-06-15 07:00:00+01:00;15.5;25.65999
1900-06-15 08:00:00+01:00;18;28.833099
1900-06-15 09:00:00+01:00;18.2;30.315795
1900-06-15 10:00:00+01:00;20.3;32.14895862
1900-06-15 11:00:00+01:00;22.6;33.6102023
1900-06-15 12:00:00+01:00;22.5;33.71339825
1900-06-15 13:00:00+01:00;21.3;32.89452604
1900-06-15 14:00:00+01:00;23;33.5663309
1900-06-15 15:00:00+01:00;24.4;33.43302596
1900-06-15 16:00:00+01:00;25;31.9081575
1900-06-15 17:00:00+01:00;24.3;28.51692096
1900-06-15 18:00:00+01:00;23.4;22.163733
1900-06-15 19:00:00+01:00;22.8;20.7035949
1900-06-15 20:00:00+01:00;20.4;19.4273567
1900-06-15 21:00:00+01:00;17.5;18.490883
1900-06-15 22:00:00+01:00;16;17.855283
1900-06-15 23:00:00+01:00;11.5;17.390515
1900-06-16 00:00:00+01:00;10.4;11.247858
1900-06-16 01:00:00+01:00;9.3;11.189895
1900-06-16 02:00:00+01:00;7.7;11.159755
1900-06-16 03:00:00+01:00;9.4;11.156236
1900-06-16 04:00:00+01:00;10.4;11.090969
1900-06-16 05:00:00+01:00;14;11.085708
1900-06-16 06:00:00+01:00;17.2;11.185433
1900-06-16 07:00:00+01:00;21.6;11.356602
1900-06-16 08:00:00+01:00;23;11.586917
1900-06-16 09:00:00+01:00;23.8;11.83713
1900-06-16 10:00:00+01:00;25.5;12.160864
1900-06-16 11:00:00+01:00;26.4;12.417611
1900-06-16 12:00:00+01:00;26.7;12.907256
1900-06-16 13:00:00+01:00;27.6;13.122565
1900-06-16 14:00:00+01:00;28.3;13.061459
1900-06-16 15:00:00+01:00;29.7;12.884488
1900-06-16 16:00:00+01:00;27.5;12.781079
1900-06-16 17:00:00+01:00;30.3;12.502277
1900-06-16 18:00:00+01:00;29.3;12.224691
1900-06-16 19:00:00+01:00;27;12.034665
1900-06-16 20:00:00+01:00;21.6;11.851783
1900-06-16 21:00:00+01:00;19.5;11.669916
1900-06-16 22:00:00+01:00;18.4;11.514587
1900-06-16 23:00:00+01:00;17.6;11.311442
1900-06-17 00:00:00+01:00;16.5;11.247858
1900-06-17 01:00:00+01:00;15.8;11.189895
1900-06-17 02:00:00+01:00;14.8;11.159755
1900-06-17 03:00:00+01:00;13;11.156236
1900-06-17 04:00:00+01:00;12.2;11.090969
1900-06-17 05:00:00+01:00;11.1;11.085708
1900-06-17 06:00:00+01:00;13.4;11.185433
1900-06-17 07:00:00+01:00;12;11.356602
1900-06-17 08:00:00+01:00;14;11.586917
1900-06-17 09:00:00+01:00;15.2;11.83713
1900-06-17 10:00:00+01:00;15.4;12.160864
1900-06-17 11:00:00+01:00;17;12.417611
1900-06-17 12:00:00+01:00;18.8;12.907256
1900-06-17 13:00:00+01:00;19.9;13.122565
1900-06-17 14:00:00+01:00;21.2;13.061459
1900-06-17 15:00:00+01:00;21.4;12.884488
1900-06-17 16:00:00+01:00;22.4;12.781079
1900-06-17 17:00:00+01:00;22.1;12.502277
1900-06-17 18:00:00+01:00;21;12.224691
1900-06-17 19:00:00+01:00;19.5;12.034665
1900-06-17 20:00:00+01:00;17.9;11.851783
1900-06-17 21:00:00+01:00;16.9;11.669916
1900-06-17 22:00:00+01:00;14.3;11.514587
1900-06-17 23:00:00+01:00;13.7;11.311442
1900-06-18 00:00:00+01:00;11.3;17.049827
1900-06-18 01:00:00+01:00;12.4;16.927993
1900-06-18 02:00:00+01:00;8.6;16.889632
1900-06-18 03:00:00+01:00;7.5;16.887383
1900-06-18 04:00:00+01:00;8.8;16.988329
1900-06-18 05:00:00+01:00;11.8;17.897246
1900-06-18 06:00:00+01:00;14.5;21.363795
1900-06-18 07:00:00+01:00;17.9;25.65999
1900-06-18 08:00:00+01:00;19.2;28.833099
1900-06-18 09:00:00+01:00;21;30.315795
1900-06-18 10:00:00+01:00;23.5;34.0098719
1900-06-18 11:00:00+01:00;25;34.9163831
1900-06-18 12:00:00+01:00;24.8;34.93919636
1900-06-18 13:00:00+01:00;25.3;35.17628924
1900-06-18 14:00:00+01:00;26.3;35.25518939
1900-06-18 15:00:00+01:00;26.3;34.31860817
1900-06-18 16:00:00+01:00;27.2;32.6864064
1900-06-18 17:00:00+01:00;26.1;29.08714152
1900-06-18 18:00:00+01:00;26.7;22.163733
1900-06-18 19:00:00+01:00;23.6;20.7035949
1900-06-18 20:00:00+01:00;20.7;19.4273567
1900-06-18 21:00:00+01:00;18.6;18.490883
1900-06-18 22:00:00+01:00;16.1;17.855283
1900-06-18 23:00:00+01:00;14.2;17.390515
1900-06-19 00:00:00+01:00;12.2;17.049827
1900-06-19 01:00:00+01:00;12.1;16.927993
1900-06-19 02:00:00+01:00;12.9;16.889632
1900-06-19 03:00:00+01:00;12.8;16.887383
1900-06-19 04:00:00+01:00;12.6;16.988329
1900-06-19 05:00:00+01:00;12.5;17.897246
1900-06-19 06:00:00+01:00;12.6;21.363795
1900-06-19 07:00:00+01:00;12.4;25.65999
1900-06-19 08:00:00+01:00;12.7;28.833099
1900-06-19 09:00:00+01:00;13.9;30.315795
1900-06-19 10:00:00+01:00;14.2;30.67332
1900-06-19 11:00:00+01:00;13;30.88895
1900-06-19 12:00:00+01:00;13.3;30.83782
1900-06-19 13:00:00+01:00;13.5;30.54232
1900-06-19 14:00:00+01:00;17;30.4956791
1900-06-19 15:00:00+01:00;16.7;29.84408753
1900-06-19 16:00:00+01:00;17.1;29.11353645
1900-06-19 17:00:00+01:00;16.6;26.07764412
1900-06-19 18:00:00+01:00;16.2;22.163733
1900-06-19 19:00:00+01:00;14.5;20.7035949
1900-06-19 20:00:00+01:00;13.6;19.4273567
1900-06-19 21:00:00+01:00;13.4;18.490883
1900-06-19 22:00:00+01:00;12.7;17.855283
1900-06-19 23:00:00+01:00;12.8;17.390515
1900-06-20 00:00:00+01:00;12;17.049827
1900-06-20 01:00:00+01:00;11.4;16.927993
1900-06-20 02:00:00+01:00;10;16.889632
1900-06-20 03:00:00+01:00;10.1;16.887383
1900-06-20 04:00:00+01:00;11;16.988329
1900-06-20 05:00:00+01:00;13.1;17.897246
1900-06-20 06:00:00+01:00;14.9;21.363795
1900-06-20 07:00:00+01:00;16.5;25.65999
1900-06-20 08:00:00+01:00;18.4;28.833099
1900-06-20 09:00:00+01:00;19.1;30.315795
1900-06-20 10:00:00+01:00;20.8;32.43972632
1900-06-20 11:00:00+01:00;22.2;33.3925055
1900-06-20 12:00:00+01:00;22.7;33.81998939
1900-06-20 13:00:00+01:00;24.4;34.66289252
1900-06-20 14:00:00+01:00;23.3;33.71986349
1900-06-20 15:00:00+01:00;22;32.3143958
1900-06-20 16:00:00+01:00;21.5;30.67003425
1900-06-20 17:00:00+01:00;19.7;27.05969064
1900-06-20 18:00:00+01:00;18.3;22.163733
1900-06-20 19:00:00+01:00;17;20.7035949
1900-06-20 20:00:00+01:00;15;19.4273567
1900-06-20 21:00:00+01:00;13;18.490883
1900-06-20 22:00:00+01:00;11.4;17.855283
1900-06-20 23:00:00+01:00;11.2;17.390515
1900-06-21 00:00:00+01:00;11.2;17.049827
1900-06-21 01:00:00+01:00;11;16.927993
1900-06-21 02:00:00+01:00;11;16.889632
1900-06-21 03:00:00+01:00;10.5;16.887383
1900-06-21 04:00:00+01:00;10.7;16.988329
1900-06-21 05:00:00+01:00;10.7;17.897246
1900-06-21 06:00:00+01:00;10.2;21.363795
1900-06-21 07:00:00+01:00;11.2;25.65999
1900-06-21 08:00:00+01:00;12.9;28.833099
1900-06-21 09:00:00+01:00;16.8;30.315795
1900-06-21 10:00:00+01:00;19;31.3929626
1900-06-21 11:00:00+01:00;19.4;31.8686279
1900-06-21 12:00:00+01:00;19.2;31.95464444
1900-06-21 13:00:00+01:00;21.7;33.12270236
1900-06-21 14:00:00+01:00;20.7;32.38924771
1900-06-21 15:00:00+01:00;19.5;31.14915605
1900-06-21 16:00:00+01:00;17.6;29.2904112
1900-06-21 17:00:00+01:00;18.4;26.64786468
1900-06-21 18:00:00+01:00;17.1;22.163733
1900-06-21 19:00:00+01:00;16.4;20.7035949
1900-06-21 20:00:00+01:00;15.3;19.4273567
1900-06-21 21:00:00+01:00;14.1;18.490883
1900-06-21 22:00:00+01:00;13.9;17.855283
1900-06-21 23:00:00+01:00;13;17.390515
1900-06-22 00:00:00+01:00;12.2;17.049827
1900-06-22 01:00:00+01:00;11.6;16.927993
1900-06-22 02:00:00+01:00;11.5;16.889632
1900-06-22 03:00:00+01:00;12.3;16.887383
1900-06-22 04:00:00+01:00;13.4;16.988329
1900-06-22 05:00:00+01:00;14;17.897246
1900-06-22 06:00:00+01:00;14.5;21.363795
1900-06-22 07:00:00+01:00;17.5;25.65999
1900-06-22 08:00:00+01:00;17.7;28.833099
1900-06-22 09:00:00+01:00;18.5;30.315795
1900-06-22 10:00:00+01:00;19.9;31.91634446
1900-06-22 11:00:00+01:00;19.5;31.9230521
1900-06-22 12:00:00+01:00;21.6;33.23373812
1900-06-22 13:00:00+01:00;21;32.7233938
1900-06-22 14:00:00+01:00;21.2;32.64513536
1900-06-22 15:00:00+01:00;21;31.8482999
1900-06-22 16:00:00+01:00;18.8;29.7149106
1900-06-22 17:00:00+01:00;15.1;25.60246032
1900-06-22 18:00:00+01:00;17.9;22.163733
1900-06-22 19:00:00+01:00;18;20.7035949
1900-06-22 20:00:00+01:00;17.4;19.4273567
1900-06-22 21:00:00+01:00;17;18.490883
1900-06-22 22:00:00+01:00;15.8;17.855283
1900-06-22 23:00:00+01:00;16.7;17.390515
1900-06-23 00:00:00+01:00;15.5;11.247858
1900-06-23 01:00:00+01:00;14.7;11.189895
1900-06-23 02:00:00+01:00;12.4;11.159755
1900-06-23 03:00:00+01:00;14.4;11.156236
1900-06-23 04:00:00+01:00;15;11.090969
1900-06-23 05:00:00+01:00;15.6;11.085708
1900-06-23 06:00:00+01:00;16.6;11.185433
1900-06-23 07:00:00+01:00;15.2;11.356602
1900-06-23 08:00:00+01:00;16.3;11.586917
1900-06-23 09:00:00+01:00;16.3;11.83713
1900-06-23 10:00:00+01:00;17.5;12.160864
1900-06-23 11:00:00+01:00;17;12.417611
1900-06-23 12:00:00+01:00;16.2;12.907256
1900-06-23 13:00:00+01:00;18.3;13.122565
1900-06-23 14:00:00+01:00;14.6;13.061459
1900-06-23 15:00:00+01:00;15.4;12.884488
1900-06-23 16:00:00+01:00;14.5;12.781079
1900-06-23 17:00:00+01:00;15.2;12.502277
1900-06-23 18:00:00+01:00;15;12.224691
1900-06-23 19:00:00+01:00;14.5;12.034665
1900-06-23 20:00:00+01:00;14.4;11.851783
1900-06-23 21:00:00+01:00;14.2;11.669916
1900-06-23 22:00:00+01:00;13.6;11.514587
1900-06-23 23:00:00+01:00;12.4;11.311442
1900-06-24 00:00:00+01:00;12;11.247858
1900-06-24 01:00:00+01:00;11.7;11.189895
1900-06-24 02:00:00+01:00;13.5;11.159755
1900-06-24 03:00:00+01:00;13.6;11.156236
1900-06-24 04:00:00+01:00;12.7;11.090969
1900-06-24 05:00:00+01:00;12.5;11.085708
1900-06-24 06:00:00+01:00;12.3;11.185433
1900-06-24 07:00:00+01:00;9;11.356602
1900-06-24 08:00:00+01:00;9.8;11.586917
1900-06-24 09:00:00+01:00;9.7;11.83713
1900-06-24 10:00:00+01:00;11.5;12.160864
1900-06-24 11:00:00+01:00;11.4;12.417611
1900-06-24 12:00:00+01:00;13.1;12.907256
1900-06-24 13:00:00+01:00;15.4;13.122565
1900-06-24 14:00:00+01:00;16.4;13.061459
1900-06-24 15:00:00+01:00;11.7;12.884488
1900-06-24 16:00:00+01:00;14.9;12.781079
1900-06-24 17:00:00+01:00;14;12.502277
1900-06-24 18:00:00+01:00;14.7;12.224691
1900-06-24 19:00:00+01:00;12.4;12.034665
1900-06-24 20:00:00+01:00;11.5;11.851783
1900-06-24 21:00:00+01:00;11.3;11.669916
1900-06-24 22:00:00+01:00;10.4;11.514587
1900-06-24 23:00:00+01:00;10.3;11.311442
1900-06-25 00:00:00+01:00;10.2;17.049827
1900-06-25 01:00:00+01:00;9.2;16.927993
1900-06-25 02:00:00+01:00;9.4;16.889632
1900-06-25 03:00:00+01:00;8.9;16.887383
1900-06-25 04:00:00+01:00;9.2;16.988329
1900-06-25 05:00:00+01:00;10;17.897246
1900-06-25 06:00:00+01:00;10.4;21.363795
1900-06-25 07:00:00+01:00;10.5;25.65999
1900-06-25 08:00:00+01:00;13;28.833099
1900-06-25 09:00:00+01:00;13.8;30.315795
1900-06-25 10:00:00+01:00;14.4;30.67332
1900-06-25 11:00:00+01:00;16.4;30.88895
1900-06-25 12:00:00+01:00;17.2;30.83782
1900-06-25 13:00:00+01:00;16.5;30.54232
1900-06-25 14:00:00+01:00;17.4;30.70038922
1900-06-25 15:00:00+01:00;17.2;30.07713548
1900-06-25 16:00:00+01:00;17.4;29.2196613
1900-06-25 17:00:00+01:00;16.7;26.10932304
1900-06-25 18:00:00+01:00;15.7;22.163733
1900-06-25 19:00:00+01:00;15.5;20.7035949
1900-06-25 20:00:00+01:00;14.2;19.4273567
1900-06-25 21:00:00+01:00;12.7;18.490883
1900-06-25 22:00:00+01:00;12.3;17.855283
1900-06-25 23:00:00+01:00;10.5;17.390515
1900-06-26 00:00:00+01:00;8.3;17.049827
1900-06-26 01:00:00+01:00;7.2;16.927993
1900-06-26 02:00:00+01:00;5.8;16.889632
1900-06-26 03:00:00+01:00;6.3;16.887383
1900-06-26 04:00:00+01:00;8;16.988329
1900-06-26 05:00:00+01:00;8.8;17.897246
1900-06-26 06:00:00+01:00;11.2;21.363795
1900-06-26 07:00:00+01:00;13.4;25.65999
1900-06-26 08:00:00+01:00;16;28.833099
1900-06-26 09:00:00+01:00;18;30.315795
1900-06-26 10:00:00+01:00;17.7;30.67332
1900-06-26 11:00:00+01:00;19;31.6509311
1900-06-26 12:00:00+01:00;18.6;31.63487102
1900-06-26 13:00:00+01:00;20.3;32.32408524
1900-06-26 14:00:00+01:00;19.3;31.67276229
1900-06-26 15:00:00+01:00;19.3;31.05593687
1900-06-26 16:00:00+01:00;19.1;29.82103545
1900-06-26 17:00:00+01:00;18.3;26.61618576
1900-06-26 18:00:00+01:00;18;22.163733
1900-06-26 19:00:00+01:00;14.8;20.7035949
1900-06-26 20:00:00+01:00;13.8;19.4273567
1900-06-26 21:00:00+01:00;13.4;18.490883
1900-06-26 22:00:00+01:00;11.6;17.855283
1900-06-26 23:00:00+01:00;10.2;17.390515
1900-06-27 00:00:00+01:00;10.1;17.049827
1900-06-27 01:00:00+01:00;9.5;16.927993
1900-06-27 02:00:00+01:00;8;16.889632
1900-06-27 03:00:00+01:00;8.7;16.887383
1900-06-27 04:00:00+01:00;9.7;16.988329
1900-06-27 05:00:00+01:00;10.6;17.897246
1900-06-27 06:00:00+01:00;13.3;21.363795
1900-06-27 07:00:00+01:00;14.9;25.65999
1900-06-27 08:00:00+01:00;16.6;28.833099
1900-06-27 09:00:00+01:00;19;30.315795
1900-06-27 10:00:00+01:00;20.2;32.09080508
1900-06-27 11:00:00+01:00;21.9;33.2292329
1900-06-27 12:00:00+01:00;22.3;33.60680711
1900-06-27 13:00:00+01:00;21.7;33.12270236
1900-06-27 14:00:00+01:00;20.5;32.28689265
1900-06-27 15:00:00+01:00;20.4;31.56864236
1900-06-27 16:00:00+01:00;23.2;31.2714084
1900-06-27 17:00:00+01:00;22;27.7883058
1900-06-27 18:00:00+01:00;22.3;22.163733
1900-06-27 19:00:00+01:00;20.2;20.7035949
1900-06-27 20:00:00+01:00;18.6;19.4273567
1900-06-27 21:00:00+01:00;16.6;18.490883
1900-06-27 22:00:00+01:00;14.8;17.855283
1900-06-27 23:00:00+01:00;11.6;17.390515
1900-06-28 00:00:00+01:00;9.9;17.049827
1900-06-28 01:00:00+01:00;9.3;16.927993
1900-06-28 02:00:00+01:00;7;16.889632
1900-06-28 03:00:00+01:00;7;16.887383
1900-06-28 04:00:00+01:00;10;16.988329
1900-06-28 05:00:00+01:00;12.7;17.897246
1900-06-28 06:00:00+01:00;15.9;21.363795
1900-06-28 07:00:00+01:00;17.4;25.65999
1900-06-28 08:00:00+01:00;19;28.833099
1900-06-28 09:00:00+01:00;20.5;30.315795
1900-06-28 10:00:00+01:00;22.9;33.66095066
1900-06-28 11:00:00+01:00;24.3;34.5354137
1900-06-28 12:00:00+01:00;24;34.5128318
1900-06-28 13:00:00+01:00;23.1;33.92131948
1900-06-28 14:00:00+01:00;24.6;34.38517138
1900-06-28 15:00:00+01:00;24.6;33.52624514
1900-06-28 16:00:00+01:00;23.9;31.51903305
1900-06-28 17:00:00+01:00;22.9;28.07341608
1900-06-28 18:00:00+01:00;23.5;22.163733
1900-06-28 19:00:00+01:00;20.1;20.7035949
1900-06-28 20:00:00+01:00;17.8;19.4273567
1900-06-28 21:00:00+01:00;16;18.490883
1900-06-28 22:00:00+01:00;13.8;17.855283
1900-06-28 23:00:00+01:00;13.8;17.390515
1900-06-29 00:00:00+01:00;13.7;17.049827
1900-06-29 01:00:00+01:00;13.2;16.927993
1900-06-29 02:00:00+01:00;12.8;16.889632
1900-06-29 03:00:00+01:00;13.4;16.887383
1900-06-29 04:00:00+01:00;13.7;16.988329
1900-06-29 05:00:00+01:00;14.2;17.897246
1900-06-29 06:00:00+01:00;14.6;21.363795
1900-06-29 07:00:00+01:00;16.2;25.65999
1900-06-29 08:00:00+01:00;16.2;28.833099
1900-06-29 09:00:00+01:00;16.2;30.315795
1900-06-29 10:00:00+01:00;14.7;30.67332
1900-06-29 11:00:00+01:00;14.7;30.88895
1900-06-29 12:00:00+01:00;16;30.83782
1900-06-29 13:00:00+01:00;16.3;30.54232
1900-06-29 14:00:00+01:00;16;29.993679
1900-06-29 15:00:00+01:00;16.6;29.79747794
1900-06-29 16:00:00+01:00;16.5;28.90128675
1900-06-29 17:00:00+01:00;15.7;25.79253384
1900-06-29 18:00:00+01:00;15.2;22.163733
1900-06-29 19:00:00+01:00;15;20.7035949
1900-06-29 20:00:00+01:00;15.1;19.4273567
1900-06-29 21:00:00+01:00;14.6;18.490883
1900-06-29 22:00:00+01:00;14.6;17.855283
1900-06-29 23:00:00+01:00;14.3;17.390515
1900-06-30 00:00:00+01:00;14;11.247858
1900-06-30 01:00:00+01:00;13.6;11.189895
1900-06-30 02:00:00+01:00;12.9;11.159755
1900-06-30 03:00:00+01:00;13.6;11.156236
1900-06-30 04:00:00+01:00;13.1;11.090969
1900-06-30 05:00:00+01:00;13;11.085708
1900-06-30 06:00:00+01:00;13.9;11.185433
1900-06-30 07:00:00+01:00;15;11.356602
1900-06-30 08:00:00+01:00;16.3;11.586917
1900-06-30 09:00:00+01:00;17.8;11.83713
1900-06-30 10:00:00+01:00;18.5;12.160864
1900-06-30 11:00:00+01:00;18.2;12.417611
1900-06-30 12:00:00+01:00;19;12.907256
1900-06-30 13:00:00+01:00;17.3;13.122565
1900-06-30 14:00:00+01:00;17;13.061459
1900-06-30 15:00:00+01:00;15.5;12.884488
1900-06-30 16:00:00+01:00;15.4;12.781079
1900-06-30 17:00:00+01:00;15.7;12.502277
1900-06-30 18:00:00+01:00;15.2;12.224691
1900-06-30 19:00:00+01:00;15.6;12.034665
1900-06-30 20:00:00+01:00;15.6;11.851783
1900-06-30 21:00:00+01:00;14.2;11.669916
1900-06-30 22:00:00+01:00;14.5;11.514587
1900-06-30 23:00:00+01:00;14.3;11.311442
1900-07-01 00:00:00+01:00;14.4;11.247858
1900-07-01 01:00:00+01:00;14.3;11.189895
1900-07-01 02:00:00+01:00;13.9;11.159755
1900-07-01 03:00:00+01:00;13.7;11.156236
1900-07-01 04:00:00+01:00;14.3;11.090969
1900-07-01 05:00:00+01:00;14.8;11.085708
1900-07-01 06:00:00+01:00;15.2;11.185433
1900-07-01 07:00:00+01:00;15.5;11.356602
1900-07-01 08:00:00+01:00;16.7;11.586917
1900-07-01 09:00:00+01:00;18.3;11.83713
1900-07-01 10:00:00+01:00;21.7;12.160864
1900-07-01 11:00:00+01:00;23.4;12.417611
1900-07-01 12:00:00+01:00;24.4;12.907256
1900-07-01 13:00:00+01:00;24.9;13.122565
1900-07-01 14:00:00+01:00;24.4;13.061459
1900-07-01 15:00:00+01:00;24.6;12.884488
1900-07-01 16:00:00+01:00;24.3;12.781079
1900-07-01 17:00:00+01:00;24;12.502277
1900-07-01 18:00:00+01:00;23.2;12.224691
1900-07-01 19:00:00+01:00;22.4;12.034665
1900-07-01 20:00:00+01:00;21;11.851783
1900-07-01 21:00:00+01:00;19.4;11.669916
1900-07-01 22:00:00+01:00;18.4;11.514587
1900-07-01 23:00:00+01:00;18.3;11.311442
1900-07-02 00:00:00+01:00;18.5;17.049827
1900-07-02 01:00:00+01:00;18.4;16.927993
1900-07-02 02:00:00+01:00;18.2;16.889632
1900-07-02 03:00:00+01:00;18.2;16.887383
1900-07-02 04:00:00+01:00;17.5;16.988329
1900-07-02 05:00:00+01:00;17.2;17.897246
1900-07-02 06:00:00+01:00;17;21.363795
1900-07-02 07:00:00+01:00;17.4;25.65999
1900-07-02 08:00:00+01:00;18;28.833099
1900-07-02 09:00:00+01:00;18.3;30.315795
1900-07-02 10:00:00+01:00;19.3;31.56742322
1900-07-02 11:00:00+01:00;20.6;32.5217183
1900-07-02 12:00:00+01:00;23.5;34.24635395
1900-07-02 13:00:00+01:00;25.9;35.51855372
1900-07-02 14:00:00+01:00;27.4;35.81814222
1900-07-02 15:00:00+01:00;27.6;34.92453284
1900-07-02 16:00:00+01:00;28.4;33.1109058
1900-07-02 17:00:00+01:00;28.1;29.72071992
1900-07-02 18:00:00+01:00;27.1;22.163733
1900-07-02 19:00:00+01:00;26.6;20.7035949
1900-07-02 20:00:00+01:00;25.2;19.4273567
1900-07-02 21:00:00+01:00;23;18.490883
1900-07-02 22:00:00+01:00;21.7;17.855283
1900-07-02 23:00:00+01:00;20.5;17.390515
1900-07-03 00:00:00+01:00;19.2;17.049827
1900-07-03 01:00:00+01:00;18.6;16.927993
1900-07-03 02:00:00+01:00;17.9;16.889632
1900-07-03 03:00:00+01:00;17.8;16.887383
1900-07-03 04:00:00+01:00;18;16.988329
1900-07-03 05:00:00+01:00;18.7;17.897246
1900-07-03 06:00:00+01:00;21.1;21.363795
1900-07-03 07:00:00+01:00;24;25.65999
1900-07-03 08:00:00+01:00;26.1;28.833099
1900-07-03 09:00:00+01:00;26.9;30.315795
1900-07-03 10:00:00+01:00;27;36.0452458
1900-07-03 11:00:00+01:00;27.5;36.2769881
1900-07-03 12:00:00+01:00;29;37.1776103
1900-07-03 13:00:00+01:00;28.6;37.05874388
1900-07-03 14:00:00+01:00;28.7;36.48345011
1900-07-03 15:00:00+01:00;29.8;35.94994382
1900-07-03 16:00:00+01:00;29.5;33.50003025
1900-07-03 17:00:00+01:00;28;29.689041
1900-07-03 18:00:00+01:00;27;22.163733
1900-07-03 19:00:00+01:00;25.3;20.7035949
1900-07-03 20:00:00+01:00;23.1;19.4273567
1900-07-03 21:00:00+01:00;21.6;18.490883
1900-07-03 22:00:00+01:00;20.1;17.855283
1900-07-03 23:00:00+01:00;19.5;17.390515
1900-07-04 00:00:00+01:00;19.1;17.049827
1900-07-04 01:00:00+01:00;18.8;16.927993
1900-07-04 02:00:00+01:00;18.8;16.889632
1900-07-04 03:00:00+01:00;18.1;16.887383
1900-07-04 04:00:00+01:00;16.4;16.988329
1900-07-04 05:00:00+01:00;16;17.897246
1900-07-04 06:00:00+01:00;16.3;21.363795
1900-07-04 07:00:00+01:00;17.4;25.65999
1900-07-04 08:00:00+01:00;18.4;28.833099
1900-07-04 09:00:00+01:00;19.7;30.315795
1900-07-04 10:00:00+01:00;20.8;32.43972632
1900-07-04 11:00:00+01:00;19.6;31.9774763
1900-07-04 12:00:00+01:00;19.6;32.16782672
1900-07-04 13:00:00+01:00;20;32.152953
1900-07-04 14:00:00+01:00;20.3;32.18453759
1900-07-04 15:00:00+01:00;19.7;31.24237523
1900-07-04 16:00:00+01:00;19.8;30.0686601
1900-07-04 17:00:00+01:00;20.4;27.28144308
1900-07-04 18:00:00+01:00;19.7;22.163733
1900-07-04 19:00:00+01:00;18.5;20.7035949
1900-07-04 20:00:00+01:00;17.6;19.4273567
1900-07-04 21:00:00+01:00;16.5;18.490883
1900-07-04 22:00:00+01:00;15.7;17.855283
1900-07-04 23:00:00+01:00;15.3;17.390515
1900-07-05 00:00:00+01:00;14.9;17.049827
1900-07-05 01:00:00+01:00;14.8;16.927993
1900-07-05 02:00:00+01:00;14.2;16.889632
1900-07-05 03:00:00+01:00;13.7;16.887383
1900-07-05 04:00:00+01:00;13.5;16.988329
1900-07-05 05:00:00+01:00;13.2;17.897246
1900-07-05 06:00:00+01:00;14.6;21.363795
1900-07-05 07:00:00+01:00;15.6;25.65999
1900-07-05 08:00:00+01:00;16.5;28.833099
1900-07-05 09:00:00+01:00;17.7;30.315795
1900-07-05 10:00:00+01:00;17.8;30.67332
1900-07-05 11:00:00+01:00;17.4;30.88895
1900-07-05 12:00:00+01:00;17.7;31.15521089
1900-07-05 13:00:00+01:00;17.9;30.95502732
1900-07-05 14:00:00+01:00;18.6;31.31451958
1900-07-05 15:00:00+01:00;19.8;31.28898482
1900-07-05 16:00:00+01:00;19.1;29.82103545
1900-07-05 17:00:00+01:00;18.7;26.74290144
1900-07-05 18:00:00+01:00;17.9;22.163733
1900-07-05 19:00:00+01:00;17.5;20.7035949
1900-07-05 20:00:00+01:00;16.8;19.4273567
1900-07-05 21:00:00+01:00;16.1;18.490883
1900-07-05 22:00:00+01:00;15;17.855283
1900-07-05 23:00:00+01:00;13.8;17.390515
1900-07-06 00:00:00+01:00;12.3;17.049827
1900-07-06 01:00:00+01:00;11.6;16.927993
1900-07-06 02:00:00+01:00;11;16.889632
1900-07-06 03:00:00+01:00;10.4;16.887383
1900-07-06 04:00:00+01:00;11.5;16.988329
1900-07-06 05:00:00+01:00;12.4;17.897246
1900-07-06 06:00:00+01:00;13.5;21.363795
1900-07-06 07:00:00+01:00;15.2;25.65999
1900-07-06 08:00:00+01:00;15.6;28.833099
1900-07-06 09:00:00+01:00;16.8;30.315795
1900-07-06 10:00:00+01:00;18;30.67332
1900-07-06 11:00:00+01:00;20;32.1951731
1900-07-06 12:00:00+01:00;20.9;32.86066913
1900-07-06 13:00:00+01:00;21.5;33.0086142
1900-07-06 14:00:00+01:00;22;33.0545556
1900-07-06 15:00:00+01:00;22.5;32.54744375
1900-07-06 16:00:00+01:00;22.4;30.9884088
1900-07-06 17:00:00+01:00;21.6;27.66159012
1900-07-06 18:00:00+01:00;21.1;22.163733
1900-07-06 19:00:00+01:00;20.1;20.7035949
1900-07-06 20:00:00+01:00;18.6;19.4273567
1900-07-06 21:00:00+01:00;17.7;18.490883
1900-07-06 22:00:00+01:00;16.6;17.855283
1900-07-06 23:00:00+01:00;15.6;17.390515
1900-07-07 00:00:00+01:00;15.3;11.247858
1900-07-07 01:00:00+01:00;15.2;11.189895
1900-07-07 02:00:00+01:00;15.3;11.159755
1900-07-07 03:00:00+01:00;15.1;11.156236
1900-07-07 04:00:00+01:00;15.6;11.090969
1900-07-07 05:00:00+01:00;17.3;11.085708
1900-07-07 06:00:00+01:00;17.5;11.185433
1900-07-07 07:00:00+01:00;17.2;11.356602
1900-07-07 08:00:00+01:00;17.5;11.586917
1900-07-07 09:00:00+01:00;17.4;11.83713
1900-07-07 10:00:00+01:00;17.2;12.160864
1900-07-07 11:00:00+01:00;17.8;12.417611
1900-07-07 12:00:00+01:00;17.6;12.907256
1900-07-07 13:00:00+01:00;18;13.122565
1900-07-07 14:00:00+01:00;16.8;13.061459
1900-07-07 15:00:00+01:00;17;12.884488
1900-07-07 16:00:00+01:00;16.2;12.781079
1900-07-07 17:00:00+01:00;15.7;12.502277
1900-07-07 18:00:00+01:00;14.4;12.224691
1900-07-07 19:00:00+01:00;14.2;12.034665
1900-07-07 20:00:00+01:00;14.1;11.851783
1900-07-07 21:00:00+01:00;13.6;11.669916
1900-07-07 22:00:00+01:00;13.2;11.514587
1900-07-07 23:00:00+01:00;13.3;11.311442
1900-07-08 00:00:00+01:00;13.1;11.247858
1900-07-08 01:00:00+01:00;13.1;11.189895
1900-07-08 02:00:00+01:00;13.4;11.159755
1900-07-08 03:00:00+01:00;13.3;11.156236
1900-07-08 04:00:00+01:00;13.3;11.090969
1900-07-08 05:00:00+01:00;13.5;11.085708
1900-07-08 06:00:00+01:00;14;11.185433
1900-07-08 07:00:00+01:00;14.3;11.356602
1900-07-08 08:00:00+01:00;15;11.586917
1900-07-08 09:00:00+01:00;15.9;11.83713
1900-07-08 10:00:00+01:00;16.1;12.160864
1900-07-08 11:00:00+01:00;15.5;12.417611
1900-07-08 12:00:00+01:00;17;12.907256
1900-07-08 13:00:00+01:00;17.1;13.122565
1900-07-08 14:00:00+01:00;17.1;13.061459
1900-07-08 15:00:00+01:00;16.9;12.884488
1900-07-08 16:00:00+01:00;15.8;12.781079
1900-07-08 17:00:00+01:00;15.3;12.502277
1900-07-08 18:00:00+01:00;15.2;12.224691
1900-07-08 19:00:00+01:00;15;12.034665
1900-07-08 20:00:00+01:00;14.9;11.851783
1900-07-08 21:00:00+01:00;14.6;11.669916
1900-07-08 22:00:00+01:00;14.3;11.514587
1900-07-08 23:00:00+01:00;14.5;11.311442
1900-07-09 00:00:00+01:00;14.5;11.187818
1900-07-09 01:00:00+01:00;14.4;11.152329
1900-07-09 02:00:00+01:00;14;11.239716
1900-07-09 03:00:00+01:00;14.1;11.22705
1900-07-09 04:00:00+01:00;14.1;11.314051
1900-07-09 05:00:00+01:00;14;11.818047
1900-07-09 06:00:00+01:00;14.4;14.586192
1900-07-09 07:00:00+01:00;11.4;17.695015
1900-07-09 08:00:00+01:00;10.9;20.2286298
1900-07-09 09:00:00+01:00;10.7;21.71238
1900-07-09 10:00:00+01:00;11;19.187293
1900-07-09 11:00:00+01:00;11.7;19.291736
1900-07-09 12:00:00+01:00;11.7;18.93203
1900-07-09 13:00:00+01:00;11.6;18.489969
1900-07-09 14:00:00+01:00;12;17.86755
1900-07-09 15:00:00+01:00;12.4;16.673413
1900-07-09 16:00:00+01:00;12.5;15.397723
1900-07-09 17:00:00+01:00;14.6;14.005865
1900-07-09 18:00:00+01:00;14.2;15.647494
1900-07-09 19:00:00+01:00;13.9;14.108054
1900-07-09 20:00:00+01:00;13.1;12.894153
1900-07-09 21:00:00+01:00;12.7;12.077827
1900-07-09 22:00:00+01:00;12.6;11.706263
1900-07-09 23:00:00+01:00;12.6;11.391667
1900-07-10 00:00:00+01:00;12.2;11.187818
1900-07-10 01:00:00+01:00;12;11.152329
1900-07-10 02:00:00+01:00;12.2;11.239716
1900-07-10 03:00:00+01:00;12.1;11.22705
1900-07-10 04:00:00+01:00;12.4;11.314051
1900-07-10 05:00:00+01:00;12.7;11.818047
1900-07-10 06:00:00+01:00;13;14.586192
1900-07-10 07:00:00+01:00;13.4;17.695015
1900-07-10 08:00:00+01:00;14.6;20.2286298
1900-07-10 09:00:00+01:00;14.8;21.71238
1900-07-10 10:00:00+01:00;15.7;19.187293
1900-07-10 11:00:00+01:00;16;19.291736
1900-07-10 12:00:00+01:00;16.3;18.93203
1900-07-10 13:00:00+01:00;16.3;18.489969
1900-07-10 14:00:00+01:00;16.5;17.86755
1900-07-10 15:00:00+01:00;16.8;16.673413
1900-07-10 16:00:00+01:00;18.2;15.397723
1900-07-10 17:00:00+01:00;17.6;14.005865
1900-07-10 18:00:00+01:00;16.6;15.647494
1900-07-10 19:00:00+01:00;15.4;14.108054
1900-07-10 20:00:00+01:00;15.3;12.894153
1900-07-10 21:00:00+01:00;14.8;12.077827
1900-07-10 22:00:00+01:00;13.9;11.706263
1900-07-10 23:00:00+01:00;12.4;11.391667
1900-07-11 00:00:00+01:00;11.6;11.187818
1900-07-11 01:00:00+01:00;11.2;11.152329
1900-07-11 02:00:00+01:00;11.3;11.239716
1900-07-11 03:00:00+01:00;11.1;11.22705
1900-07-11 04:00:00+01:00;10.8;11.314051
1900-07-11 05:00:00+01:00;11.5;11.818047
1900-07-11 06:00:00+01:00;11.8;14.586192
1900-07-11 07:00:00+01:00;13;17.695015
1900-07-11 08:00:00+01:00;14.6;20.2286298
1900-07-11 09:00:00+01:00;17;21.71238
1900-07-11 10:00:00+01:00;17.4;19.187293
1900-07-11 11:00:00+01:00;18.9;19.291736
1900-07-11 12:00:00+01:00;19.6;18.93203
1900-07-11 13:00:00+01:00;18.1;18.489969
1900-07-11 14:00:00+01:00;19.1;17.86755
1900-07-11 15:00:00+01:00;18.2;16.673413
1900-07-11 16:00:00+01:00;16.8;15.397723
1900-07-11 17:00:00+01:00;16.4;14.005865
1900-07-11 18:00:00+01:00;16;15.647494
1900-07-11 19:00:00+01:00;16;14.108054
1900-07-11 20:00:00+01:00;15.2;12.894153
1900-07-11 21:00:00+01:00;15;12.077827
1900-07-11 22:00:00+01:00;14.5;11.706263
1900-07-11 23:00:00+01:00;14.2;11.391667
1900-07-12 00:00:00+01:00;13.8;11.187818
1900-07-12 01:00:00+01:00;13.6;11.152329
1900-07-12 02:00:00+01:00;13;11.239716
1900-07-12 03:00:00+01:00;12.5;11.22705
1900-07-12 04:00:00+01:00;12.5;11.314051
1900-07-12 05:00:00+01:00;12.4;11.818047
1900-07-12 06:00:00+01:00;12.6;14.586192
1900-07-12 07:00:00+01:00;14.3;17.695015
1900-07-12 08:00:00+01:00;15.2;20.2286298
1900-07-12 09:00:00+01:00;15.8;21.71238
1900-07-12 10:00:00+01:00;16.5;19.187293
1900-07-12 11:00:00+01:00;17.2;19.291736
1900-07-12 12:00:00+01:00;14.6;18.93203
1900-07-12 13:00:00+01:00;12.2;18.489969
1900-07-12 14:00:00+01:00;13.8;17.86755
1900-07-12 15:00:00+01:00;15.6;16.673413
1900-07-12 16:00:00+01:00;15.7;15.397723
1900-07-12 17:00:00+01:00;15.4;14.005865
1900-07-12 18:00:00+01:00;14.5;15.647494
1900-07-12 19:00:00+01:00;14.2;14.108054
1900-07-12 20:00:00+01:00;12.9;12.894153
1900-07-12 21:00:00+01:00;12;12.077827
1900-07-12 22:00:00+01:00;11;11.706263
1900-07-12 23:00:00+01:00;9.9;11.391667
1900-07-13 00:00:00+01:00;10.2;11.187818
1900-07-13 01:00:00+01:00;10.2;11.152329
1900-07-13 02:00:00+01:00;9.8;11.239716
1900-07-13 03:00:00+01:00;8.6;11.22705
1900-07-13 04:00:00+01:00;9.2;11.314051
1900-07-13 05:00:00+01:00;11.2;11.818047
1900-07-13 06:00:00+01:00;12.6;14.586192
1900-07-13 07:00:00+01:00;12.8;17.695015
1900-07-13 08:00:00+01:00;12.3;20.2286298
1900-07-13 09:00:00+01:00;13.5;21.71238
1900-07-13 10:00:00+01:00;13.9;19.187293
1900-07-13 11:00:00+01:00;14.4;19.291736
1900-07-13 12:00:00+01:00;15;18.93203
1900-07-13 13:00:00+01:00;16.2;18.489969
1900-07-13 14:00:00+01:00;16.8;17.86755
1900-07-13 15:00:00+01:00;17;16.673413
1900-07-13 16:00:00+01:00;16.8;15.397723
1900-07-13 17:00:00+01:00;17.2;14.005865
1900-07-13 18:00:00+01:00;16.9;15.647494
1900-07-13 19:00:00+01:00;15.5;14.108054
1900-07-13 20:00:00+01:00;14.9;12.894153
1900-07-13 21:00:00+01:00;14.4;12.077827
1900-07-13 22:00:00+01:00;12.9;11.706263
1900-07-13 23:00:00+01:00;11.8;11.391667
1900-07-14 00:00:00+01:00;11.8;11.187818
1900-07-14 01:00:00+01:00;10.5;11.152329
1900-07-14 02:00:00+01:00;9.6;11.239716
1900-07-14 03:00:00+01:00;8;11.22705
1900-07-14 04:00:00+01:00;9.3;11.314051
1900-07-14 05:00:00+01:00;10.6;11.818047
1900-07-14 06:00:00+01:00;13;14.586192
1900-07-14 07:00:00+01:00;14;17.695015
1900-07-14 08:00:00+01:00;14.7;20.2286298
1900-07-14 09:00:00+01:00;15.8;21.71238
1900-07-14 10:00:00+01:00;16.1;19.187293
1900-07-14 11:00:00+01:00;17.1;19.291736
1900-07-14 12:00:00+01:00;17.8;18.93203
1900-07-14 13:00:00+01:00;19;18.489969
1900-07-14 14:00:00+01:00;19.9;17.86755
1900-07-14 15:00:00+01:00;20;16.673413
1900-07-14 16:00:00+01:00;20.4;15.397723
1900-07-14 17:00:00+01:00;20.5;14.005865
1900-07-14 18:00:00+01:00;18.5;15.647494
1900-07-14 19:00:00+01:00;17.5;14.108054
1900-07-14 20:00:00+01:00;16.2;12.894153
1900-07-14 21:00:00+01:00;15.5;12.077827
1900-07-14 22:00:00+01:00;14.3;11.706263
1900-07-14 23:00:00+01:00;13.4;11.391667
1900-07-15 00:00:00+01:00;12.6;11.187818
1900-07-15 01:00:00+01:00;12.3;11.152329
1900-07-15 02:00:00+01:00;12;11.239716
1900-07-15 03:00:00+01:00;12.1;11.22705
1900-07-15 04:00:00+01:00;12.5;11.314051
1900-07-15 05:00:00+01:00;12.8;11.818047
1900-07-15 06:00:00+01:00;14.1;14.586192
1900-07-15 07:00:00+01:00;15.8;17.695015
1900-07-15 08:00:00+01:00;16.4;20.2286298
1900-07-15 09:00:00+01:00;18.8;21.71238
1900-07-15 10:00:00+01:00;20.2;19.187293
1900-07-15 11:00:00+01:00;21.4;19.291736
1900-07-15 12:00:00+01:00;20.3;18.93203
1900-07-15 13:00:00+01:00;22.1;18.489969
1900-07-15 14:00:00+01:00;21.1;17.86755
1900-07-15 15:00:00+01:00;21;16.673413
1900-07-15 16:00:00+01:00;21.2;15.397723
1900-07-15 17:00:00+01:00;21;14.005865
1900-07-15 18:00:00+01:00;21;15.647494
1900-07-15 19:00:00+01:00;20.3;14.108054
1900-07-15 20:00:00+01:00;19.9;12.894153
1900-07-15 21:00:00+01:00;19.3;12.077827
1900-07-15 22:00:00+01:00;18.4;11.706263
1900-07-15 23:00:00+01:00;17.4;11.391667
1900-07-16 00:00:00+01:00;16.4;11.187818
1900-07-16 01:00:00+01:00;15.4;11.152329
1900-07-16 02:00:00+01:00;15.1;11.239716
1900-07-16 03:00:00+01:00;15;11.22705
1900-07-16 04:00:00+01:00;15.2;11.314051
1900-07-16 05:00:00+01:00;15.4;11.818047
1900-07-16 06:00:00+01:00;16.4;14.586192
1900-07-16 07:00:00+01:00;17.6;17.695015
1900-07-16 08:00:00+01:00;19;20.2286298
1900-07-16 09:00:00+01:00;18.6;21.71238
1900-07-16 10:00:00+01:00;20.2;19.187293
1900-07-16 11:00:00+01:00;20.7;19.291736
1900-07-16 12:00:00+01:00;23;18.93203
1900-07-16 13:00:00+01:00;22.9;18.489969
1900-07-16 14:00:00+01:00;23.8;17.86755
1900-07-16 15:00:00+01:00;23.5;16.673413
1900-07-16 16:00:00+01:00;23;15.397723
1900-07-16 17:00:00+01:00;23.1;14.005865
1900-07-16 18:00:00+01:00;22.3;15.647494
1900-07-16 19:00:00+01:00;22;14.108054
1900-07-16 20:00:00+01:00;20.9;12.894153
1900-07-16 21:00:00+01:00;18.7;12.077827
1900-07-16 22:00:00+01:00;16.5;11.706263
1900-07-16 23:00:00+01:00;15.9;11.391667
1900-07-17 00:00:00+01:00;16;11.187818
1900-07-17 01:00:00+01:00;15;11.152329
1900-07-17 02:00:00+01:00;14.9;11.239716
1900-07-17 03:00:00+01:00;14.2;11.22705
1900-07-17 04:00:00+01:00;13.4;11.314051
1900-07-17 05:00:00+01:00;14.5;11.818047
1900-07-17 06:00:00+01:00;16.3;14.586192
1900-07-17 07:00:00+01:00;18.3;17.695015
1900-07-17 08:00:00+01:00;19.2;20.2286298
1900-07-17 09:00:00+01:00;19.9;21.71238
1900-07-17 10:00:00+01:00;21;19.187293
1900-07-17 11:00:00+01:00;22.2;19.291736
1900-07-17 12:00:00+01:00;22.8;18.93203
1900-07-17 13:00:00+01:00;24.1;18.489969
1900-07-17 14:00:00+01:00;25;17.86755
1900-07-17 15:00:00+01:00;23.7;16.673413
1900-07-17 16:00:00+01:00;24.6;15.397723
1900-07-17 17:00:00+01:00;22.8;14.005865
1900-07-17 18:00:00+01:00;24.3;15.647494
1900-07-17 19:00:00+01:00;23;14.108054
1900-07-17 20:00:00+01:00;19.5;12.894153
1900-07-17 21:00:00+01:00;18.1;12.077827
1900-07-17 22:00:00+01:00;17.1;11.706263
1900-07-17 23:00:00+01:00;16;11.391667
1900-07-18 00:00:00+01:00;13.9;11.187818
1900-07-18 01:00:00+01:00;12.8;11.152329
1900-07-18 02:00:00+01:00;11.9;11.239716
1900-07-18 03:00:00+01:00;11.5;11.22705
1900-07-18 04:00:00+01:00;11.3;11.314051
1900-07-18 05:00:00+01:00;12;11.818047
1900-07-18 06:00:00+01:00;14.8;14.586192
1900-07-18 07:00:00+01:00;16.3;17.695015
1900-07-18 08:00:00+01:00;17.4;20.2286298
1900-07-18 09:00:00+01:00;19.4;21.71238
1900-07-18 10:00:00+01:00;20.6;19.187293
1900-07-18 11:00:00+01:00;23;19.291736
1900-07-18 12:00:00+01:00;24.8;18.93203
1900-07-18 13:00:00+01:00;25.6;18.489969
1900-07-18 14:00:00+01:00;24;17.86755
1900-07-18 15:00:00+01:00;25.4;16.673413
1900-07-18 16:00:00+01:00;22.2;15.397723
1900-07-18 17:00:00+01:00;21.9;14.005865
1900-07-18 18:00:00+01:00;20.8;15.647494
1900-07-18 19:00:00+01:00;18.4;14.108054
1900-07-18 20:00:00+01:00;18;12.894153
1900-07-18 21:00:00+01:00;17.7;12.077827
1900-07-18 22:00:00+01:00;17;11.706263
1900-07-18 23:00:00+01:00;16.2;11.391667
1900-07-19 00:00:00+01:00;16.1;11.187818
1900-07-19 01:00:00+01:00;15.5;11.152329
1900-07-19 02:00:00+01:00;15;11.239716
1900-07-19 03:00:00+01:00;15.5;11.22705
1900-07-19 04:00:00+01:00;15.4;11.314051
1900-07-19 05:00:00+01:00;15.3;11.818047
1900-07-19 06:00:00+01:00;15.5;14.586192
1900-07-19 07:00:00+01:00;15.1;17.695015
1900-07-19 08:00:00+01:00;14;20.2286298
1900-07-19 09:00:00+01:00;14.2;21.71238
1900-07-19 10:00:00+01:00;15.8;19.187293
1900-07-19 11:00:00+01:00;16.4;19.291736
1900-07-19 12:00:00+01:00;15.9;18.93203
1900-07-19 13:00:00+01:00;17.8;18.489969
1900-07-19 14:00:00+01:00;18.4;17.86755
1900-07-19 15:00:00+01:00;19.2;16.673413
1900-07-19 16:00:00+01:00;19;15.397723
1900-07-19 17:00:00+01:00;18.4;14.005865
1900-07-19 18:00:00+01:00;17.7;15.647494
1900-07-19 19:00:00+01:00;16.6;14.108054
1900-07-19 20:00:00+01:00;16.1;12.894153
1900-07-19 21:00:00+01:00;14.8;12.077827
1900-07-19 22:00:00+01:00;13.5;11.706263
1900-07-19 23:00:00+01:00;13.2;11.391667
1900-07-20 00:00:00+01:00;13;11.187818
1900-07-20 01:00:00+01:00;13;11.152329
1900-07-20 02:00:00+01:00;13.1;11.239716
1900-07-20 03:00:00+01:00;13;11.22705
1900-07-20 04:00:00+01:00;13;11.314051
1900-07-20 05:00:00+01:00;13.4;11.818047
1900-07-20 06:00:00+01:00;14;14.586192
1900-07-20 07:00:00+01:00;13.7;17.695015
1900-07-20 08:00:00+01:00;13.5;20.2286298
1900-07-20 09:00:00+01:00;13.8;21.71238
1900-07-20 10:00:00+01:00;14.8;19.187293
1900-07-20 11:00:00+01:00;16.1;19.291736
1900-07-20 12:00:00+01:00;17.8;18.93203
1900-07-20 13:00:00+01:00;19;18.489969
1900-07-20 14:00:00+01:00;20.2;17.86755
1900-07-20 15:00:00+01:00;15.5;16.673413
1900-07-20 16:00:00+01:00;17.4;15.397723
1900-07-20 17:00:00+01:00;19;14.005865
1900-07-20 18:00:00+01:00;18.3;15.647494
1900-07-20 19:00:00+01:00;18.2;14.108054
1900-07-20 20:00:00+01:00;16.7;12.894153
1900-07-20 21:00:00+01:00;15.3;12.077827
1900-07-20 22:00:00+01:00;14.7;11.706263
1900-07-20 23:00:00+01:00;14.3;11.391667
1900-07-21 00:00:00+01:00;12.7;11.187818
1900-07-21 01:00:00+01:00;13.3;11.152329
1900-07-21 02:00:00+01:00;13.6;11.239716
1900-07-21 03:00:00+01:00;13.9;11.22705
1900-07-21 04:00:00+01:00;13.6;11.314051
1900-07-21 05:00:00+01:00;13.8;11.818047
1900-07-21 06:00:00+01:00;14.7;14.586192
1900-07-21 07:00:00+01:00;15.4;17.695015
1900-07-21 08:00:00+01:00;16.1;20.2286298
1900-07-21 09:00:00+01:00;18.6;21.71238
1900-07-21 10:00:00+01:00;19.3;19.187293
1900-07-21 11:00:00+01:00;19.5;19.291736
1900-07-21 12:00:00+01:00;20.6;18.93203
1900-07-21 13:00:00+01:00;21.8;18.489969
1900-07-21 14:00:00+01:00;22.6;17.86755
1900-07-21 15:00:00+01:00;24;16.673413
1900-07-21 16:00:00+01:00;23.9;15.397723
1900-07-21 17:00:00+01:00;22.4;14.005865
1900-07-21 18:00:00+01:00;21;15.647494
1900-07-21 19:00:00+01:00;20;14.108054
1900-07-21 20:00:00+01:00;18.9;12.894153
1900-07-21 21:00:00+01:00;18.1;12.077827
1900-07-21 22:00:00+01:00;17.3;11.706263
1900-07-21 23:00:00+01:00;15.6;11.391667
1900-07-22 00:00:00+01:00;15;11.187818
1900-07-22 01:00:00+01:00;14.6;11.152329
1900-07-22 02:00:00+01:00;13.6;11.239716
1900-07-22 03:00:00+01:00;12.9;11.22705
1900-07-22 04:00:00+01:00;13.2;11.314051
1900-07-22 05:00:00+01:00;13.5;11.818047
1900-07-22 06:00:00+01:00;14.4;14.586192
1900-07-22 07:00:00+01:00;16.2;17.695015
1900-07-22 08:00:00+01:00;16;20.2286298
1900-07-22 09:00:00+01:00;16.2;21.71238
1900-07-22 10:00:00+01:00;16.4;19.187293
1900-07-22 11:00:00+01:00;15.8;19.291736
1900-07-22 12:00:00+01:00;16.7;18.93203
1900-07-22 13:00:00+01:00;17;18.489969
1900-07-22 14:00:00+01:00;18.9;17.86755
1900-07-22 15:00:00+01:00;19.6;16.673413
1900-07-22 16:00:00+01:00;19;15.397723
1900-07-22 17:00:00+01:00;17.9;14.005865
1900-07-22 18:00:00+01:00;18;15.647494
1900-07-22 19:00:00+01:00;18.5;14.108054
1900-07-22 20:00:00+01:00;18;12.894153
1900-07-22 21:00:00+01:00;15.6;12.077827
1900-07-22 22:00:00+01:00;13.6;11.706263
1900-07-22 23:00:00+01:00;12.5;11.391667
1900-07-23 00:00:00+01:00;12;11.187818
1900-07-23 01:00:00+01:00;11.8;11.152329
1900-07-23 02:00:00+01:00;10.5;11.239716
1900-07-23 03:00:00+01:00;10;11.22705
1900-07-23 04:00:00+01:00;9;11.314051
1900-07-23 05:00:00+01:00;10;11.818047
1900-07-23 06:00:00+01:00;12.3;14.586192
1900-07-23 07:00:00+01:00;14.1;17.695015
1900-07-23 08:00:00+01:00;15.6;20.2286298
1900-07-23 09:00:00+01:00;17.1;21.71238
1900-07-23 10:00:00+01:00;18.5;19.187293
1900-07-23 11:00:00+01:00;20.5;19.291736
1900-07-23 12:00:00+01:00;21.5;18.93203
1900-07-23 13:00:00+01:00;22;18.489969
1900-07-23 14:00:00+01:00;22.9;17.86755
1900-07-23 15:00:00+01:00;23.3;16.673413
1900-07-23 16:00:00+01:00;23.6;15.397723
1900-07-23 17:00:00+01:00;23.4;14.005865
1900-07-23 18:00:00+01:00;22.7;15.647494
1900-07-23 19:00:00+01:00;20.8;14.108054
1900-07-23 20:00:00+01:00;19.2;12.894153
1900-07-23 21:00:00+01:00;17.1;12.077827
1900-07-23 22:00:00+01:00;16;11.706263
1900-07-23 23:00:00+01:00;15.5;11.391667
1900-07-24 00:00:00+01:00;15.2;11.187818
1900-07-24 01:00:00+01:00;14;11.152329
1900-07-24 02:00:00+01:00;12.8;11.239716
1900-07-24 03:00:00+01:00;12.9;11.22705
1900-07-24 04:00:00+01:00;13;11.314051
1900-07-24 05:00:00+01:00;13;11.818047
1900-07-24 06:00:00+01:00;15;14.586192
1900-07-24 07:00:00+01:00;16.6;17.695015
1900-07-24 08:00:00+01:00;19;20.2286298
1900-07-24 09:00:00+01:00;19;21.71238
1900-07-24 10:00:00+01:00;21.3;19.187293
1900-07-24 11:00:00+01:00;22;19.291736
1900-07-24 12:00:00+01:00;22.4;18.93203
1900-07-24 13:00:00+01:00;22.2;18.489969
1900-07-24 14:00:00+01:00;22.6;17.86755
1900-07-24 15:00:00+01:00;22.1;16.673413
1900-07-24 16:00:00+01:00;21.3;15.397723
1900-07-24 17:00:00+01:00;20.7;14.005865
1900-07-24 18:00:00+01:00;20;15.647494
1900-07-24 19:00:00+01:00;19;14.108054
1900-07-24 20:00:00+01:00;17.9;12.894153
1900-07-24 21:00:00+01:00;17.5;12.077827
1900-07-24 22:00:00+01:00;17;11.706263
1900-07-24 23:00:00+01:00;16;11.391667
1900-07-25 00:00:00+01:00;14.8;11.187818
1900-07-25 01:00:00+01:00;14.6;11.152329
1900-07-25 02:00:00+01:00;14.4;11.239716
1900-07-25 03:00:00+01:00;13.6;11.22705
1900-07-25 04:00:00+01:00;13.4;11.314051
1900-07-25 05:00:00+01:00;13.2;11.818047
1900-07-25 06:00:00+01:00;14;14.586192
1900-07-25 07:00:00+01:00;15;17.695015
1900-07-25 08:00:00+01:00;16;20.2286298
1900-07-25 09:00:00+01:00;15.6;21.71238
1900-07-25 10:00:00+01:00;16.5;19.187293
1900-07-25 11:00:00+01:00;18.8;19.291736
1900-07-25 12:00:00+01:00;19.6;18.93203
1900-07-25 13:00:00+01:00;19.4;18.489969
1900-07-25 14:00:00+01:00;19.9;17.86755
1900-07-25 15:00:00+01:00;20.1;16.673413
1900-07-25 16:00:00+01:00;21.2;15.397723
1900-07-25 17:00:00+01:00;20.8;14.005865
1900-07-25 18:00:00+01:00;20.3;15.647494
1900-07-25 19:00:00+01:00;20.4;14.108054
1900-07-25 20:00:00+01:00;17.9;12.894153
1900-07-25 21:00:00+01:00;16.9;12.077827
1900-07-25 22:00:00+01:00;15.8;11.706263
1900-07-25 23:00:00+01:00;16.3;11.391667
1900-07-26 00:00:00+01:00;17.3;11.187818
1900-07-26 01:00:00+01:00;17.2;11.152329
1900-07-26 02:00:00+01:00;16.4;11.239716
1900-07-26 03:00:00+01:00;16.1;11.22705
1900-07-26 04:00:00+01:00;15.6;11.314051
1900-07-26 05:00:00+01:00;15.9;11.818047
1900-07-26 06:00:00+01:00;16.9;14.586192
1900-07-26 07:00:00+01:00;18.8;17.695015
1900-07-26 08:00:00+01:00;19.9;20.2286298
1900-07-26 09:00:00+01:00;20;21.71238
1900-07-26 10:00:00+01:00;20.5;19.187293
1900-07-26 11:00:00+01:00;20.6;19.291736
1900-07-26 12:00:00+01:00;21.7;18.93203
1900-07-26 13:00:00+01:00;21.8;18.489969
1900-07-26 14:00:00+01:00;22.5;17.86755
1900-07-26 15:00:00+01:00;23.3;16.673413
1900-07-26 16:00:00+01:00;23.5;15.397723
1900-07-26 17:00:00+01:00;23.6;14.005865
1900-07-26 18:00:00+01:00;22.5;15.647494
1900-07-26 19:00:00+01:00;21.4;14.108054
1900-07-26 20:00:00+01:00;19.4;12.894153
1900-07-26 21:00:00+01:00;16.5;12.077827
1900-07-26 22:00:00+01:00;14.5;11.706263
1900-07-26 23:00:00+01:00;13.7;11.391667
1900-07-27 00:00:00+01:00;12.6;11.187818
1900-07-27 01:00:00+01:00;12.3;11.152329
1900-07-27 02:00:00+01:00;12;11.239716
1900-07-27 03:00:00+01:00;11.4;11.22705
1900-07-27 04:00:00+01:00;10.6;11.314051
1900-07-27 05:00:00+01:00;11.9;11.818047
1900-07-27 06:00:00+01:00;13.7;14.586192
1900-07-27 07:00:00+01:00;16.6;17.695015
1900-07-27 08:00:00+01:00;17.5;20.2286298
1900-07-27 09:00:00+01:00;19.2;21.71238
1900-07-27 10:00:00+01:00;21.6;19.187293
1900-07-27 11:00:00+01:00;22.6;19.291736
1900-07-27 12:00:00+01:00;24.5;18.93203
1900-07-27 13:00:00+01:00;25.5;18.489969
1900-07-27 14:00:00+01:00;26;17.86755
1900-07-27 15:00:00+01:00;26.3;16.673413
1900-07-27 16:00:00+01:00;25.2;15.397723
1900-07-27 17:00:00+01:00;24.9;14.005865
1900-07-27 18:00:00+01:00;24.2;15.647494
1900-07-27 19:00:00+01:00;22.2;14.108054
1900-07-27 20:00:00+01:00;20;12.894153
1900-07-27 21:00:00+01:00;18.7;12.077827
1900-07-27 22:00:00+01:00;17.4;11.706263
1900-07-27 23:00:00+01:00;16.7;11.391667
1900-07-28 00:00:00+01:00;15.4;11.187818
1900-07-28 01:00:00+01:00;14.7;11.152329
1900-07-28 02:00:00+01:00;14;11.239716
1900-07-28 03:00:00+01:00;13.4;11.22705
1900-07-28 04:00:00+01:00;13.2;11.314051
1900-07-28 05:00:00+01:00;14.9;11.818047
1900-07-28 06:00:00+01:00;16.5;14.586192
1900-07-28 07:00:00+01:00;17;17.695015
1900-07-28 08:00:00+01:00;19.4;20.2286298
1900-07-28 09:00:00+01:00;20.4;21.71238
1900-07-28 10:00:00+01:00;22;19.187293
1900-07-28 11:00:00+01:00;23.7;19.291736
1900-07-28 12:00:00+01:00;25;18.93203
1900-07-28 13:00:00+01:00;25.1;18.489969
1900-07-28 14:00:00+01:00;26.4;17.86755
1900-07-28 15:00:00+01:00;26.5;16.673413
1900-07-28 16:00:00+01:00;26.2;15.397723
1900-07-28 17:00:00+01:00;25.4;14.005865
1900-07-28 18:00:00+01:00;24.5;15.647494
1900-07-28 19:00:00+01:00;21.8;14.108054
1900-07-28 20:00:00+01:00;19.8;12.894153
1900-07-28 21:00:00+01:00;18;12.077827
1900-07-28 22:00:00+01:00;17.3;11.706263
1900-07-28 23:00:00+01:00;16.7;11.391667
1900-07-29 00:00:00+01:00;15.7;11.187818
1900-07-29 01:00:00+01:00;15.8;11.152329
1900-07-29 02:00:00+01:00;15.7;11.239716
1900-07-29 03:00:00+01:00;17;11.22705
1900-07-29 04:00:00+01:00;17.2;11.314051
1900-07-29 05:00:00+01:00;17.7;11.818047
1900-07-29 06:00:00+01:00;17.6;14.586192
1900-07-29 07:00:00+01:00;18.1;17.695015
1900-07-29 08:00:00+01:00;18.8;20.2286298
1900-07-29 09:00:00+01:00;20.1;21.71238
1900-07-29 10:00:00+01:00;21;19.187293
1900-07-29 11:00:00+01:00;21.2;19.291736
1900-07-29 12:00:00+01:00;22.3;18.93203
1900-07-29 13:00:00+01:00;23.4;18.489969
1900-07-29 14:00:00+01:00;24.8;17.86755
1900-07-29 15:00:00+01:00;25.8;16.673413
1900-07-29 16:00:00+01:00;25.5;15.397723
1900-07-29 17:00:00+01:00;25.7;14.005865
1900-07-29 18:00:00+01:00;26;15.647494
1900-07-29 19:00:00+01:00;24.7;14.108054
1900-07-29 20:00:00+01:00;22.3;12.894153
1900-07-29 21:00:00+01:00;20.4;12.077827
1900-07-29 22:00:00+01:00;18.5;11.706263
1900-07-29 23:00:00+01:00;16.9;11.391667
1900-07-30 00:00:00+01:00;16.2;17.049827
1900-07-30 01:00:00+01:00;15.4;16.927993
1900-07-30 02:00:00+01:00;15;16.889632
1900-07-30 03:00:00+01:00;14.6;16.887383
1900-07-30 04:00:00+01:00;14.5;16.988329
1900-07-30 05:00:00+01:00;14.9;17.897246
1900-07-30 06:00:00+01:00;17;21.363795
1900-07-30 07:00:00+01:00;19;25.65999
1900-07-30 08:00:00+01:00;20;28.833099
1900-07-30 09:00:00+01:00;21.9;30.315795
1900-07-30 10:00:00+01:00;23.2;33.83541128
1900-07-30 11:00:00+01:00;24.7;34.7531105
1900-07-30 12:00:00+01:00;26.5;35.84522105
1900-07-30 13:00:00+01:00;26.8;36.03195044
1900-07-30 14:00:00+01:00;27.2;35.71578716
1900-07-30 15:00:00+01:00;27.9;35.06436161
1900-07-30 16:00:00+01:00;27.3;32.72178135
1900-07-30 17:00:00+01:00;26.8;29.30889396
1900-07-30 18:00:00+01:00;25.8;22.163733
1900-07-30 19:00:00+01:00;23.6;20.7035949
1900-07-30 20:00:00+01:00;21.4;19.4273567
1900-07-30 21:00:00+01:00;19.5;18.490883
1900-07-30 22:00:00+01:00;17.5;17.855283
1900-07-30 23:00:00+01:00;16.6;17.390515
1900-07-31 00:00:00+01:00;16;17.049827
1900-07-31 01:00:00+01:00;15.1;16.927993
1900-07-31 02:00:00+01:00;15.2;16.889632
1900-07-31 03:00:00+01:00;15.1;16.887383
1900-07-31 04:00:00+01:00;15.4;16.988329
1900-07-31 05:00:00+01:00;15.5;17.897246
1900-07-31 06:00:00+01:00;15.9;21.363795
1900-07-31 07:00:00+01:00;16.6;25.65999
1900-07-31 08:00:00+01:00;17.4;28.833099
1900-07-31 09:00:00+01:00;19.4;30.315795
1900-07-31 10:00:00+01:00;19.4;31.62557676
1900-07-31 11:00:00+01:00;20.1;32.2495973
1900-07-31 12:00:00+01:00;21.5;33.18044255
1900-07-31 13:00:00+01:00;22.1;33.35087868
1900-07-31 14:00:00+01:00;24.3;34.23163879
1900-07-31 15:00:00+01:00;24.6;33.52624514
1900-07-31 16:00:00+01:00;25;31.9081575
1900-07-31 17:00:00+01:00;25.2;28.80203124
1900-07-31 18:00:00+01:00;23.7;22.163733
1900-07-31 19:00:00+01:00;22.9;20.7035949
1900-07-31 20:00:00+01:00;20.6;19.4273567
1900-07-31 21:00:00+01:00;20;18.490883
1900-07-31 22:00:00+01:00;18.9;17.855283
1900-07-31 23:00:00+01:00;17.6;17.390515
1900-08-01 00:00:00+01:00;17.4;17.049827
1900-08-01 01:00:00+01:00;16.7;16.927993
1900-08-01 02:00:00+01:00;16.2;16.889632
1900-08-01 03:00:00+01:00;14.5;16.887383
1900-08-01 04:00:00+01:00;15.9;16.988329
1900-08-01 05:00:00+01:00;16.1;17.897246
1900-08-01 06:00:00+01:00;16.3;21.363795
1900-08-01 07:00:00+01:00;17.5;25.65999
1900-08-01 08:00:00+01:00;18.9;28.833099
1900-08-01 09:00:00+01:00;21;30.315795
1900-08-01 10:00:00+01:00;22.3;33.31202942
1900-08-01 11:00:00+01:00;23.1;33.8823233
1900-08-01 12:00:00+01:00;24.5;34.77930965
1900-08-01 13:00:00+01:00;25.2;35.11924516
1900-08-01 14:00:00+01:00;23.8;33.97575114
1900-08-01 15:00:00+01:00;24.7;33.57285473
1900-08-01 16:00:00+01:00;25.8;32.1911571
1900-08-01 17:00:00+01:00;23.4;28.23181068
1900-08-01 18:00:00+01:00;21.8;22.163733
1900-08-01 19:00:00+01:00;22;20.7035949
1900-08-01 20:00:00+01:00;20.2;19.4273567
1900-08-01 21:00:00+01:00;19.3;18.490883
1900-08-01 22:00:00+01:00;18.7;17.855283
1900-08-01 23:00:00+01:00;17.9;17.390515
1900-08-02 00:00:00+01:00;17.9;17.049827
1900-08-02 01:00:00+01:00;16.2;16.927993
1900-08-02 02:00:00+01:00;15.8;16.889632
1900-08-02 03:00:00+01:00;15.4;16.887383
1900-08-02 04:00:00+01:00;18.7;16.988329
1900-08-02 05:00:00+01:00;16.6;17.897246
1900-08-02 06:00:00+01:00;16.5;21.363795
1900-08-02 07:00:00+01:00;16.6;25.65999
1900-08-02 08:00:00+01:00;16.7;28.833099
1900-08-02 09:00:00+01:00;17.8;30.315795
1900-08-02 10:00:00+01:00;20.6;32.32341924
1900-08-02 11:00:00+01:00;22.4;33.5013539
1900-08-02 12:00:00+01:00;21.5;33.18044255
1900-08-02 13:00:00+01:00;21.4;32.95157012
1900-08-02 14:00:00+01:00;21.7;32.90102301
1900-08-02 15:00:00+01:00;26;34.1787794
1900-08-02 16:00:00+01:00;23.5;31.37753325
1900-08-02 17:00:00+01:00;22.5;27.9467004
1900-08-02 18:00:00+01:00;21;22.163733
1900-08-02 19:00:00+01:00;20.2;20.7035949
1900-08-02 20:00:00+01:00;19.7;19.4273567
1900-08-02 21:00:00+01:00;18.2;18.490883
1900-08-02 22:00:00+01:00;18.3;17.855283
1900-08-02 23:00:00+01:00;18.1;17.390515
1900-08-03 00:00:00+01:00;17.9;17.049827
1900-08-03 01:00:00+01:00;17.9;16.927993
1900-08-03 02:00:00+01:00;17.4;16.889632
1900-08-03 03:00:00+01:00;17.3;16.887383
1900-08-03 04:00:00+01:00;17;16.988329
1900-08-03 05:00:00+01:00;17.5;17.897246
1900-08-03 06:00:00+01:00;17.4;21.363795
1900-08-03 07:00:00+01:00;18;25.65999
1900-08-03 08:00:00+01:00;19.2;28.833099
1900-08-03 09:00:00+01:00;21.1;30.315795
1900-08-03 10:00:00+01:00;21.2;32.67234048
1900-08-03 11:00:00+01:00;24;34.3721411
1900-08-03 12:00:00+01:00;25.4;35.25896978
1900-08-03 13:00:00+01:00;26.9;36.08899452
1900-08-03 14:00:00+01:00;26.3;35.25518939
1900-08-03 15:00:00+01:00;25;33.7126835
1900-08-03 16:00:00+01:00;24.3;31.66053285
1900-08-03 17:00:00+01:00;23.7;28.32684744
1900-08-03 18:00:00+01:00;23.2;22.163733
1900-08-03 19:00:00+01:00;20.6;20.7035949
1900-08-03 20:00:00+01:00;19.7;19.4273567
1900-08-03 21:00:00+01:00;18.6;18.490883
1900-08-03 22:00:00+01:00;18.6;17.855283
1900-08-03 23:00:00+01:00;18;17.390515
1900-08-04 00:00:00+01:00;17.2;11.247858
1900-08-04 01:00:00+01:00;17;11.189895
1900-08-04 02:00:00+01:00;16.7;11.159755
1900-08-04 03:00:00+01:00;16.9;11.156236
1900-08-04 04:00:00+01:00;16.8;11.090969
1900-08-04 05:00:00+01:00;16.4;11.085708
1900-08-04 06:00:00+01:00;17;11.185433
1900-08-04 07:00:00+01:00;18;11.356602
1900-08-04 08:00:00+01:00;18.2;11.586917
1900-08-04 09:00:00+01:00;18.9;11.83713
1900-08-04 10:00:00+01:00;21.5;12.160864
1900-08-04 11:00:00+01:00;21.2;12.417611
1900-08-04 12:00:00+01:00;20.5;12.907256
1900-08-04 13:00:00+01:00;16.6;13.122565
1900-08-04 14:00:00+01:00;16.8;13.061459
1900-08-04 15:00:00+01:00;18.4;12.884488
1900-08-04 16:00:00+01:00;18.3;12.781079
1900-08-04 17:00:00+01:00;20.1;12.502277
1900-08-04 18:00:00+01:00;19.2;12.224691
1900-08-04 19:00:00+01:00;17.9;12.034665
1900-08-04 20:00:00+01:00;17;11.851783
1900-08-04 21:00:00+01:00;16.4;11.669916
1900-08-04 22:00:00+01:00;15;11.514587
1900-08-04 23:00:00+01:00;13.5;11.311442
1900-08-05 00:00:00+01:00;14;11.247858
1900-08-05 01:00:00+01:00;13.5;11.189895
1900-08-05 02:00:00+01:00;13.5;11.159755
1900-08-05 03:00:00+01:00;12.6;11.156236
1900-08-05 04:00:00+01:00;11.1;11.090969
1900-08-05 05:00:00+01:00;11.5;11.085708
1900-08-05 06:00:00+01:00;13.6;11.185433
1900-08-05 07:00:00+01:00;14.8;11.356602
1900-08-05 08:00:00+01:00;16.4;11.586917
1900-08-05 09:00:00+01:00;15.9;11.83713
1900-08-05 10:00:00+01:00;13.3;12.160864
1900-08-05 11:00:00+01:00;13.8;12.417611
1900-08-05 12:00:00+01:00;14;12.907256
1900-08-05 13:00:00+01:00;13.8;13.122565
1900-08-05 14:00:00+01:00;13.2;13.061459
1900-08-05 15:00:00+01:00;13.6;12.884488
1900-08-05 16:00:00+01:00;16.2;12.781079
1900-08-05 17:00:00+01:00;17.7;12.502277
1900-08-05 18:00:00+01:00;17.8;12.224691
1900-08-05 19:00:00+01:00;17.2;12.034665
1900-08-05 20:00:00+01:00;16;11.851783
1900-08-05 21:00:00+01:00;15.7;11.669916
1900-08-05 22:00:00+01:00;15.3;11.514587
1900-08-05 23:00:00+01:00;14.6;11.311442
1900-08-06 00:00:00+01:00;14.5;17.049827
1900-08-06 01:00:00+01:00;13.8;16.927993
1900-08-06 02:00:00+01:00;12.3;16.889632
1900-08-06 03:00:00+01:00;11.7;16.887383
1900-08-06 04:00:00+01:00;12;16.988329
1900-08-06 05:00:00+01:00;12.9;17.897246
1900-08-06 06:00:00+01:00;12.4;21.363795
1900-08-06 07:00:00+01:00;14;25.65999
1900-08-06 08:00:00+01:00;14.3;28.833099
1900-08-06 09:00:00+01:00;12.9;30.315795
1900-08-06 10:00:00+01:00;12.4;30.67332
1900-08-06 11:00:00+01:00;11.3;30.88895
1900-08-06 12:00:00+01:00;12.5;30.83782
1900-08-06 13:00:00+01:00;13.7;30.54232
1900-08-06 14:00:00+01:00;14.5;29.993679
1900-08-06 15:00:00+01:00;17.2;30.07713548
1900-08-06 16:00:00+01:00;17.8;29.3611611
1900-08-06 17:00:00+01:00;18.4;26.64786468
1900-08-06 18:00:00+01:00;18.1;22.163733
1900-08-06 19:00:00+01:00;18.1;20.7035949
1900-08-06 20:00:00+01:00;17.6;19.4273567
1900-08-06 21:00:00+01:00;18;18.490883
1900-08-06 22:00:00+01:00;18;17.855283
1900-08-06 23:00:00+01:00;17.6;17.390515
1900-08-07 00:00:00+01:00;16.9;17.049827
1900-08-07 01:00:00+01:00;16.4;16.927993
1900-08-07 02:00:00+01:00;16.2;16.889632
1900-08-07 03:00:00+01:00;15.6;16.887383
1900-08-07 04:00:00+01:00;14.8;16.988329
1900-08-07 05:00:00+01:00;14.6;17.897246
1900-08-07 06:00:00+01:00;14.9;21.363795
1900-08-07 07:00:00+01:00;16;25.65999
1900-08-07 08:00:00+01:00;16.2;28.833099
1900-08-07 09:00:00+01:00;17;30.315795
1900-08-07 10:00:00+01:00;17.4;30.67332
1900-08-07 11:00:00+01:00;18.4;31.3243859
1900-08-07 12:00:00+01:00;18.5;31.58157545
1900-08-07 13:00:00+01:00;18.4;31.24024772
1900-08-07 14:00:00+01:00;19.1;31.57040723
1900-08-07 15:00:00+01:00;19;30.9161081
1900-08-07 16:00:00+01:00;19.1;29.82103545
1900-08-07 17:00:00+01:00;18.4;26.64786468
1900-08-07 18:00:00+01:00;17.7;22.163733
1900-08-07 19:00:00+01:00;15.8;20.7035949
1900-08-07 20:00:00+01:00;15.8;19.4273567
1900-08-07 21:00:00+01:00;14.7;18.490883
1900-08-07 22:00:00+01:00;13.6;17.855283
1900-08-07 23:00:00+01:00;12.3;17.390515
1900-08-08 00:00:00+01:00;12.1;17.049827
1900-08-08 01:00:00+01:00;12.4;16.927993
1900-08-08 02:00:00+01:00;12;16.889632
1900-08-08 03:00:00+01:00;11.5;16.887383
1900-08-08 04:00:00+01:00;11.3;16.988329
1900-08-08 05:00:00+01:00;12.6;17.897246
1900-08-08 06:00:00+01:00;13;21.363795
1900-08-08 07:00:00+01:00;13.7;25.65999
1900-08-08 08:00:00+01:00;14.6;28.833099
1900-08-08 09:00:00+01:00;17.8;30.315795
1900-08-08 10:00:00+01:00;19.5;31.6837303
1900-08-08 11:00:00+01:00;21.1;32.7938393
1900-08-08 12:00:00+01:00;21.6;33.23373812
1900-08-08 13:00:00+01:00;22.7;33.69314316
1900-08-08 14:00:00+01:00;22.1;33.10573313
1900-08-08 15:00:00+01:00;22;32.3143958
1900-08-08 16:00:00+01:00;20;30.13941
1900-08-08 17:00:00+01:00;19.8;27.09136956
1900-08-08 18:00:00+01:00;18.8;22.163733
1900-08-08 19:00:00+01:00;16.6;20.7035949
1900-08-08 20:00:00+01:00;15.2;19.4273567
1900-08-08 21:00:00+01:00;14.4;18.490883
1900-08-08 22:00:00+01:00;13.1;17.855283
1900-08-08 23:00:00+01:00;12.6;17.390515
1900-08-09 00:00:00+01:00;11.2;17.049827
1900-08-09 01:00:00+01:00;11.1;16.927993
1900-08-09 02:00:00+01:00;10.6;16.889632
1900-08-09 03:00:00+01:00;10;16.887383
1900-08-09 04:00:00+01:00;9.1;16.988329
1900-08-09 05:00:00+01:00;10.7;17.897246
1900-08-09 06:00:00+01:00;12.7;21.363795
1900-08-09 07:00:00+01:00;14;25.65999
1900-08-09 08:00:00+01:00;15.2;28.833099
1900-08-09 09:00:00+01:00;16.6;30.315795
1900-08-09 10:00:00+01:00;17.2;30.67332
1900-08-09 11:00:00+01:00;18.9;31.5965069
1900-08-09 12:00:00+01:00;19.3;32.00794001
1900-08-09 13:00:00+01:00;17.6;30.78389508
1900-08-09 14:00:00+01:00;20;32.031005
1900-08-09 15:00:00+01:00;18.5;30.68306015
1900-08-09 16:00:00+01:00;18.6;29.6441607
1900-08-09 17:00:00+01:00;17.2;26.26771764
1900-08-09 18:00:00+01:00;16.8;22.163733
1900-08-09 19:00:00+01:00;16.4;20.7035949
1900-08-09 20:00:00+01:00;15.8;19.4273567
1900-08-09 21:00:00+01:00;16.1;18.490883
1900-08-09 22:00:00+01:00;15;17.855283
1900-08-09 23:00:00+01:00;14.9;17.390515
1900-08-10 00:00:00+01:00;14.7;17.049827
1900-08-10 01:00:00+01:00;14.3;16.927993
1900-08-10 02:00:00+01:00;14.3;16.889632
1900-08-10 03:00:00+01:00;14.3;16.887383
1900-08-10 04:00:00+01:00;15.4;16.988329
1900-08-10 05:00:00+01:00;16;17.897246
1900-08-10 06:00:00+01:00;16.4;21.363795
1900-08-10 07:00:00+01:00;17;25.65999
1900-08-10 08:00:00+01:00;18.8;28.833099
1900-08-10 09:00:00+01:00;16.9;30.315795
1900-08-10 10:00:00+01:00;18.1;30.86958074
1900-08-10 11:00:00+01:00;19.5;31.9230521
1900-08-10 12:00:00+01:00;20.2;32.48760014
1900-08-10 13:00:00+01:00;20.3;32.32408524
1900-08-10 14:00:00+01:00;20.4;32.23571512
1900-08-10 15:00:00+01:00;20.6;31.66186154
1900-08-10 16:00:00+01:00;20.9;30.45778455
1900-08-10 17:00:00+01:00;22.8;28.04173716
1900-08-10 18:00:00+01:00;21.4;22.163733
1900-08-10 19:00:00+01:00;20.1;20.7035949
1900-08-10 20:00:00+01:00;18.2;19.4273567
1900-08-10 21:00:00+01:00;16.8;18.490883
1900-08-10 22:00:00+01:00;15.4;17.855283
1900-08-10 23:00:00+01:00;14.2;17.390515
1900-08-11 00:00:00+01:00;12.5;11.247858
1900-08-11 01:00:00+01:00;11.9;11.189895
1900-08-11 02:00:00+01:00;11.8;11.159755
1900-08-11 03:00:00+01:00;10.6;11.156236
1900-08-11 04:00:00+01:00;10.4;11.090969
1900-08-11 05:00:00+01:00;11.7;11.085708
1900-08-11 06:00:00+01:00;15.4;11.185433
1900-08-11 07:00:00+01:00;17.1;11.356602
1900-08-11 08:00:00+01:00;17.3;11.586917
1900-08-11 09:00:00+01:00;19.4;11.83713
1900-08-11 10:00:00+01:00;22.1;12.160864
1900-08-11 11:00:00+01:00;21.6;12.417611
1900-08-11 12:00:00+01:00;22;12.907256
1900-08-11 13:00:00+01:00;22.5;13.122565
1900-08-11 14:00:00+01:00;22.2;13.061459
1900-08-11 15:00:00+01:00;23.6;12.884488
1900-08-11 16:00:00+01:00;24.6;12.781079
1900-08-11 17:00:00+01:00;23.8;12.502277
1900-08-11 18:00:00+01:00;23;12.224691
1900-08-11 19:00:00+01:00;19.2;12.034665
1900-08-11 20:00:00+01:00;17.4;11.851783
1900-08-11 21:00:00+01:00;15.4;11.669916
1900-08-11 22:00:00+01:00;14.2;11.514587
1900-08-11 23:00:00+01:00;13.4;11.311442
1900-08-12 00:00:00+01:00;13.9;11.247858
1900-08-12 01:00:00+01:00;12.3;11.189895
1900-08-12 02:00:00+01:00;13;11.159755
1900-08-12 03:00:00+01:00;12;11.156236
1900-08-12 04:00:00+01:00;11.5;11.090969
1900-08-12 05:00:00+01:00;13.4;11.085708
1900-08-12 06:00:00+01:00;15.7;11.185433
1900-08-12 07:00:00+01:00;17.5;11.356602
1900-08-12 08:00:00+01:00;17.4;11.586917
1900-08-12 09:00:00+01:00;17.8;11.83713
1900-08-12 10:00:00+01:00;17.9;12.160864
1900-08-12 11:00:00+01:00;20;12.417611
1900-08-12 12:00:00+01:00;21.5;12.907256
1900-08-12 13:00:00+01:00;22.6;13.122565
1900-08-12 14:00:00+01:00;23.3;13.061459
1900-08-12 15:00:00+01:00;23.3;12.884488
1900-08-12 16:00:00+01:00;24.2;12.781079
1900-08-12 17:00:00+01:00;24.9;12.502277
1900-08-12 18:00:00+01:00;24.1;12.224691
1900-08-12 19:00:00+01:00;20.3;12.034665
1900-08-12 20:00:00+01:00;19.1;11.851783
1900-08-12 21:00:00+01:00;17.4;11.669916
1900-08-12 22:00:00+01:00;16;11.514587
1900-08-12 23:00:00+01:00;13.8;11.311442
1900-08-13 00:00:00+01:00;12.9;17.049827
1900-08-13 01:00:00+01:00;11.6;16.927993
1900-08-13 02:00:00+01:00;11.2;16.889632
1900-08-13 03:00:00+01:00;10;16.887383
1900-08-13 04:00:00+01:00;10.2;16.988329
1900-08-13 05:00:00+01:00;11.7;17.897246
1900-08-13 06:00:00+01:00;14.2;21.363795
1900-08-13 07:00:00+01:00;16;25.65999
1900-08-13 08:00:00+01:00;18.9;28.833099
1900-08-13 09:00:00+01:00;19.9;30.315795
1900-08-13 10:00:00+01:00;21.9;33.07941526
1900-08-13 11:00:00+01:00;24.2;34.4809895
1900-08-13 12:00:00+01:00;25.5;35.31226535
1900-08-13 13:00:00+01:00;27;36.1460386
1900-08-13 14:00:00+01:00;27.9;36.07402987
1900-08-13 15:00:00+01:00;29.4;35.76350546
1900-08-13 16:00:00+01:00;28.4;33.1109058
1900-08-13 17:00:00+01:00;26;29.0554626
1900-08-13 18:00:00+01:00;24.4;22.163733
1900-08-13 19:00:00+01:00;21.3;20.7035949
1900-08-13 20:00:00+01:00;19;19.4273567
1900-08-13 21:00:00+01:00;16.5;18.490883
1900-08-13 22:00:00+01:00;15;17.855283
1900-08-13 23:00:00+01:00;14;17.390515
1900-08-14 00:00:00+01:00;12.6;17.049827
1900-08-14 01:00:00+01:00;12.2;16.927993
1900-08-14 02:00:00+01:00;12;16.889632
1900-08-14 03:00:00+01:00;11.6;16.887383
1900-08-14 04:00:00+01:00;13;16.988329
1900-08-14 05:00:00+01:00;13.5;17.897246
1900-08-14 06:00:00+01:00;13.7;21.363795
1900-08-14 07:00:00+01:00;13.9;25.65999
1900-08-14 08:00:00+01:00;14.7;28.833099
1900-08-14 09:00:00+01:00;16;30.315795
1900-08-14 10:00:00+01:00;18.8;31.27665552
1900-08-14 11:00:00+01:00;21.4;32.9571119
1900-08-14 12:00:00+01:00;23.4;34.19305838
1900-08-14 13:00:00+01:00;25.5;35.2903774
1900-08-14 14:00:00+01:00;28.1;36.17638493
1900-08-14 15:00:00+01:00;31.4;36.69569726
1900-08-14 16:00:00+01:00;27.5;32.79253125
1900-08-14 17:00:00+01:00;26.1;29.08714152
1900-08-14 18:00:00+01:00;24.8;22.163733
1900-08-14 19:00:00+01:00;20.5;20.7035949
1900-08-14 20:00:00+01:00;19.5;19.4273567
1900-08-14 21:00:00+01:00;16.9;18.490883
1900-08-14 22:00:00+01:00;15.5;17.855283
1900-08-14 23:00:00+01:00;14.1;17.390515
1900-08-15 00:00:00+01:00;14.9;17.049827
1900-08-15 01:00:00+01:00;13.6;16.927993
1900-08-15 02:00:00+01:00;12.8;16.889632
1900-08-15 03:00:00+01:00;12.5;16.887383
1900-08-15 04:00:00+01:00;13;16.988329
1900-08-15 05:00:00+01:00;13;17.897246
1900-08-15 06:00:00+01:00;15;21.363795
1900-08-15 07:00:00+01:00;17.3;25.65999
1900-08-15 08:00:00+01:00;18.4;28.833099
1900-08-15 09:00:00+01:00;19.2;30.315795
1900-08-15 10:00:00+01:00;21;32.5560334
1900-08-15 11:00:00+01:00;23.1;33.8823233
1900-08-15 12:00:00+01:00;25.6;35.36556092
1900-08-15 13:00:00+01:00;31;38.4278018
1900-08-15 14:00:00+01:00;29.8;37.04640294
1900-08-15 15:00:00+01:00;28.7;35.43723833
1900-08-15 16:00:00+01:00;29;33.3231555
1900-08-15 17:00:00+01:00;27.2;29.43560964
1900-08-15 18:00:00+01:00;25;22.163733
1900-08-15 19:00:00+01:00;21.9;20.7035949
1900-08-15 20:00:00+01:00;19.6;19.4273567
1900-08-15 21:00:00+01:00;17.5;18.490883
1900-08-15 22:00:00+01:00;16;17.855283
1900-08-15 23:00:00+01:00;15;17.390515
1900-08-16 00:00:00+01:00;14.4;17.049827
1900-08-16 01:00:00+01:00;13.7;16.927993
1900-08-16 02:00:00+01:00;13.3;16.889632
1900-08-16 03:00:00+01:00;13;16.887383
1900-08-16 04:00:00+01:00;12.8;16.988329
1900-08-16 05:00:00+01:00;13.2;17.897246
1900-08-16 06:00:00+01:00;16;21.363795
1900-08-16 07:00:00+01:00;19.8;25.65999
1900-08-16 08:00:00+01:00;20;28.833099
1900-08-16 09:00:00+01:00;21.3;30.315795
1900-08-16 10:00:00+01:00;22.9;33.66095066
1900-08-16 11:00:00+01:00;24.7;34.7531105
1900-08-16 12:00:00+01:00;26.5;35.84522105
1900-08-16 13:00:00+01:00;30.2;37.97144916
1900-08-16 14:00:00+01:00;32.6;38.47937378
1900-08-16 15:00:00+01:00;32;36.9753548
1900-08-16 16:00:00+01:00;27.7;32.86328115
1900-08-16 17:00:00+01:00;26.4;29.18217828
1900-08-16 18:00:00+01:00;25.1;22.163733
1900-08-16 19:00:00+01:00;21.1;20.7035949
1900-08-16 20:00:00+01:00;19.1;19.4273567
1900-08-16 21:00:00+01:00;17.4;18.490883
1900-08-16 22:00:00+01:00;17;17.855283
1900-08-16 23:00:00+01:00;16.5;17.390515
1900-08-17 00:00:00+01:00;15.7;17.049827
1900-08-17 01:00:00+01:00;14.1;16.927993
1900-08-17 02:00:00+01:00;13.8;16.889632
1900-08-17 03:00:00+01:00;13.3;16.887383
1900-08-17 04:00:00+01:00;13.1;16.988329
1900-08-17 05:00:00+01:00;14;17.897246
1900-08-17 06:00:00+01:00;16;21.363795
1900-08-17 07:00:00+01:00;17.6;25.65999
1900-08-17 08:00:00+01:00;19.4;28.833099
1900-08-17 09:00:00+01:00;20.8;30.315795
1900-08-17 10:00:00+01:00;23.6;34.06802544
1900-08-17 11:00:00+01:00;25.7;35.2973525
1900-08-17 12:00:00+01:00;27.3;36.27158561
1900-08-17 13:00:00+01:00;28.3;36.88761164
1900-08-17 14:00:00+01:00;26.7;35.45989951
1900-08-17 15:00:00+01:00;25.3;33.85251227
1900-08-17 16:00:00+01:00;25.3;32.01428235
1900-08-17 17:00:00+01:00;22.8;28.04173716
1900-08-17 18:00:00+01:00;21.8;22.163733
1900-08-17 19:00:00+01:00;21;20.7035949
1900-08-17 20:00:00+01:00;20;19.4273567
1900-08-17 21:00:00+01:00;19.8;18.490883
1900-08-17 22:00:00+01:00;19.5;17.855283
1900-08-17 23:00:00+01:00;19;17.390515
1900-08-18 00:00:00+01:00;18.3;11.247858
1900-08-18 01:00:00+01:00;18.2;11.189895
1900-08-18 02:00:00+01:00;18;11.159755
1900-08-18 03:00:00+01:00;15.7;11.156236
1900-08-18 04:00:00+01:00;14.5;11.090969
1900-08-18 05:00:00+01:00;14.9;11.085708
1900-08-18 06:00:00+01:00;15.6;11.185433
1900-08-18 07:00:00+01:00;17;11.356602
1900-08-18 08:00:00+01:00;19;11.586917
1900-08-18 09:00:00+01:00;20.2;11.83713
1900-08-18 10:00:00+01:00;22.2;12.160864
1900-08-18 11:00:00+01:00;24.6;12.417611
1900-08-18 12:00:00+01:00;24.9;12.907256
1900-08-18 13:00:00+01:00;24;13.122565
1900-08-18 14:00:00+01:00;26.2;13.061459
1900-08-18 15:00:00+01:00;24.1;12.884488
1900-08-18 16:00:00+01:00;23.9;12.781079
1900-08-18 17:00:00+01:00;23;12.502277
1900-08-18 18:00:00+01:00;22.4;12.224691
1900-08-18 19:00:00+01:00;20;12.034665
1900-08-18 20:00:00+01:00;18.6;11.851783
1900-08-18 21:00:00+01:00;17.4;11.669916
1900-08-18 22:00:00+01:00;15.9;11.514587
1900-08-18 23:00:00+01:00;16;11.311442
1900-08-19 00:00:00+01:00;15.8;11.247858
1900-08-19 01:00:00+01:00;15.2;11.189895
1900-08-19 02:00:00+01:00;14.4;11.159755
1900-08-19 03:00:00+01:00;14.4;11.156236
1900-08-19 04:00:00+01:00;13.8;11.090969
1900-08-19 05:00:00+01:00;13.5;11.085708
1900-08-19 06:00:00+01:00;14.2;11.185433
1900-08-19 07:00:00+01:00;15.8;11.356602
1900-08-19 08:00:00+01:00;17;11.586917
1900-08-19 09:00:00+01:00;20.1;11.83713
1900-08-19 10:00:00+01:00;19.4;12.160864
1900-08-19 11:00:00+01:00;20.5;12.417611
1900-08-19 12:00:00+01:00;21.7;12.907256
1900-08-19 13:00:00+01:00;22.4;13.122565
1900-08-19 14:00:00+01:00;23.9;13.061459
1900-08-19 15:00:00+01:00;20.7;12.884488
1900-08-19 16:00:00+01:00;20.4;12.781079
1900-08-19 17:00:00+01:00;19.9;12.502277
1900-08-19 18:00:00+01:00;19;12.224691
1900-08-19 19:00:00+01:00;16.4;12.034665
1900-08-19 20:00:00+01:00;15.3;11.851783
1900-08-19 21:00:00+01:00;14.1;11.669916
1900-08-19 22:00:00+01:00;12.8;11.514587
1900-08-19 23:00:00+01:00;12.5;11.311442
1900-08-20 00:00:00+01:00;11.4;17.049827
1900-08-20 01:00:00+01:00;10.5;16.927993
1900-08-20 02:00:00+01:00;10.5;16.889632
1900-08-20 03:00:00+01:00;9.6;16.887383
1900-08-20 04:00:00+01:00;8.9;16.988329
1900-08-20 05:00:00+01:00;10;17.897246
1900-08-20 06:00:00+01:00;13.9;21.363795
1900-08-20 07:00:00+01:00;14.7;25.65999
1900-08-20 08:00:00+01:00;15.3;28.833099
1900-08-20 09:00:00+01:00;16.3;30.315795
1900-08-20 10:00:00+01:00;17.2;30.67332
1900-08-20 11:00:00+01:00;18.5;31.3788101
1900-08-20 12:00:00+01:00;20;32.381009
1900-08-20 13:00:00+01:00;19.3;31.75364444
1900-08-20 14:00:00+01:00;18;31.0074544
1900-08-20 15:00:00+01:00;18.3;30.58984097
1900-08-20 16:00:00+01:00;17.2;29.1489114
1900-08-20 17:00:00+01:00;18.3;26.61618576
1900-08-20 18:00:00+01:00;16.5;22.163733
1900-08-20 19:00:00+01:00;12.8;20.7035949
1900-08-20 20:00:00+01:00;12.7;19.4273567
1900-08-20 21:00:00+01:00;12.8;18.490883
1900-08-20 22:00:00+01:00;12.4;17.855283
1900-08-20 23:00:00+01:00;11.6;17.390515
1900-08-21 00:00:00+01:00;11;17.049827
1900-08-21 01:00:00+01:00;11.2;16.927993
1900-08-21 02:00:00+01:00;10.8;16.889632
1900-08-21 03:00:00+01:00;11.4;16.887383
1900-08-21 04:00:00+01:00;12;16.988329
1900-08-21 05:00:00+01:00;10.9;17.897246
1900-08-21 06:00:00+01:00;11.9;21.363795
1900-08-21 07:00:00+01:00;14;25.65999
1900-08-21 08:00:00+01:00;14.5;28.833099
1900-08-21 09:00:00+01:00;15.5;30.315795
1900-08-21 10:00:00+01:00;16.5;30.67332
1900-08-21 11:00:00+01:00;16.8;30.88895
1900-08-21 12:00:00+01:00;16.7;30.83782
1900-08-21 13:00:00+01:00;15.6;30.54232
1900-08-21 14:00:00+01:00;16.2;30.08625886
1900-08-21 15:00:00+01:00;18.8;30.82288892
1900-08-21 16:00:00+01:00;17.9;29.39653605
1900-08-21 17:00:00+01:00;17.1;26.23603872
1900-08-21 18:00:00+01:00;15.5;22.163733
1900-08-21 19:00:00+01:00;13;20.7035949
1900-08-21 20:00:00+01:00;12;19.4273567
1900-08-21 21:00:00+01:00;10.7;18.490883
1900-08-21 22:00:00+01:00;10.3;17.855283
1900-08-21 23:00:00+01:00;9.5;17.390515
1900-08-22 00:00:00+01:00;8.3;17.049827
1900-08-22 01:00:00+01:00;7.5;16.927993
1900-08-22 02:00:00+01:00;6.4;16.889632
1900-08-22 03:00:00+01:00;6;16.887383
1900-08-22 04:00:00+01:00;5.2;16.988329
1900-08-22 05:00:00+01:00;7.3;17.897246
1900-08-22 06:00:00+01:00;9.9;21.363795
1900-08-22 07:00:00+01:00;11.5;25.65999
1900-08-22 08:00:00+01:00;12.9;28.833099
1900-08-22 09:00:00+01:00;14.1;30.315795
1900-08-22 10:00:00+01:00;15.5;30.67332
1900-08-22 11:00:00+01:00;15.7;30.88895
1900-08-22 12:00:00+01:00;16.1;30.83782
1900-08-22 13:00:00+01:00;18;31.0120714
1900-08-22 14:00:00+01:00;17.5;30.75156675
1900-08-22 15:00:00+01:00;18.5;30.68306015
1900-08-22 16:00:00+01:00;17.5;29.25503625
1900-08-22 17:00:00+01:00;16.6;26.07764412
1900-08-22 18:00:00+01:00;15.6;22.163733
1900-08-22 19:00:00+01:00;15;20.7035949
1900-08-22 20:00:00+01:00;12;19.4273567
1900-08-22 21:00:00+01:00;11.7;18.490883
1900-08-22 22:00:00+01:00;11.8;17.855283
1900-08-22 23:00:00+01:00;12.3;17.390515
1900-08-23 00:00:00+01:00;11;17.049827
1900-08-23 01:00:00+01:00;10.9;16.927993
1900-08-23 02:00:00+01:00;11;16.889632
1900-08-23 03:00:00+01:00;9.8;16.887383
1900-08-23 04:00:00+01:00;9.8;16.988329
1900-08-23 05:00:00+01:00;9.5;17.897246
1900-08-23 06:00:00+01:00;10.4;21.363795
1900-08-23 07:00:00+01:00;12.2;25.65999
1900-08-23 08:00:00+01:00;14.3;28.833099
1900-08-23 09:00:00+01:00;15.2;30.315795
1900-08-23 10:00:00+01:00;16.6;30.67332
1900-08-23 11:00:00+01:00;17.3;30.88895
1900-08-23 12:00:00+01:00;19.6;32.16782672
1900-08-23 13:00:00+01:00;21;32.7233938
1900-08-23 14:00:00+01:00;20.6;32.33807018
1900-08-23 15:00:00+01:00;21;31.8482999
1900-08-23 16:00:00+01:00;20.1;30.17478495
1900-08-23 17:00:00+01:00;19.7;27.05969064
1900-08-23 18:00:00+01:00;18.6;22.163733
1900-08-23 19:00:00+01:00;17.7;20.7035949
1900-08-23 20:00:00+01:00;15.3;19.4273567
1900-08-23 21:00:00+01:00;13.7;18.490883
1900-08-23 22:00:00+01:00;12.1;17.855283
1900-08-23 23:00:00+01:00;12.5;17.390515
1900-08-24 00:00:00+01:00;11.4;17.049827
1900-08-24 01:00:00+01:00;10.1;16.927993
1900-08-24 02:00:00+01:00;9.2;16.889632
1900-08-24 03:00:00+01:00;8.6;16.887383
1900-08-24 04:00:00+01:00;8;16.988329
1900-08-24 05:00:00+01:00;8.8;17.897246
1900-08-24 06:00:00+01:00;10.5;21.363795
1900-08-24 07:00:00+01:00;12.5;25.65999
1900-08-24 08:00:00+01:00;14.8;28.833099
1900-08-24 09:00:00+01:00;16.7;30.315795
1900-08-24 10:00:00+01:00;18.6;31.16034844
1900-08-24 11:00:00+01:00;19.6;31.9774763
1900-08-24 12:00:00+01:00;20.9;32.86066913
1900-08-24 13:00:00+01:00;22.6;33.63609908
1900-08-24 14:00:00+01:00;22;33.0545556
1900-08-24 15:00:00+01:00;22.3;32.45422457
1900-08-24 16:00:00+01:00;22.2;30.9176589
1900-08-24 17:00:00+01:00;19.4;26.96465388
1900-08-24 18:00:00+01:00;17.7;22.163733
1900-08-24 19:00:00+01:00;16.5;20.7035949
1900-08-24 20:00:00+01:00;15.8;19.4273567
1900-08-24 21:00:00+01:00;14.2;18.490883
1900-08-24 22:00:00+01:00;13.2;17.855283
1900-08-24 23:00:00+01:00;12.1;17.390515
1900-08-25 00:00:00+01:00;11;11.247858
1900-08-25 01:00:00+01:00;9.8;11.189895
1900-08-25 02:00:00+01:00;9;11.159755
1900-08-25 03:00:00+01:00;8.4;11.156236
1900-08-25 04:00:00+01:00;8.9;11.090969
1900-08-25 05:00:00+01:00;8.2;11.085708
1900-08-25 06:00:00+01:00;9.7;11.185433
1900-08-25 07:00:00+01:00;11.2;11.356602
1900-08-25 08:00:00+01:00;12.6;11.586917
1900-08-25 09:00:00+01:00;13.3;11.83713
1900-08-25 10:00:00+01:00;14.2;12.160864
1900-08-25 11:00:00+01:00;15.6;12.417611
1900-08-25 12:00:00+01:00;15.9;12.907256
1900-08-25 13:00:00+01:00;16.9;13.122565
1900-08-25 14:00:00+01:00;17.5;13.061459
1900-08-25 15:00:00+01:00;18.1;12.884488
1900-08-25 16:00:00+01:00;19.2;12.781079
1900-08-25 17:00:00+01:00;18.5;12.502277
1900-08-25 18:00:00+01:00;17;12.224691
1900-08-25 19:00:00+01:00;14;12.034665
1900-08-25 20:00:00+01:00;12.6;11.851783
1900-08-25 21:00:00+01:00;10.2;11.669916
1900-08-25 22:00:00+01:00;9.6;11.514587
1900-08-25 23:00:00+01:00;9.3;11.311442
1900-08-26 00:00:00+01:00;9;11.247858
1900-08-26 01:00:00+01:00;8.5;11.189895
1900-08-26 02:00:00+01:00;7.9;11.159755
1900-08-26 03:00:00+01:00;7;11.156236
1900-08-26 04:00:00+01:00;7.6;11.090969
1900-08-26 05:00:00+01:00;6.9;11.085708
1900-08-26 06:00:00+01:00;9.4;11.185433
1900-08-26 07:00:00+01:00;12.2;11.356602
1900-08-26 08:00:00+01:00;13.6;11.586917
1900-08-26 09:00:00+01:00;14.5;11.83713
1900-08-26 10:00:00+01:00;16.7;12.160864
1900-08-26 11:00:00+01:00;19.8;12.417611
1900-08-26 12:00:00+01:00;19.6;12.907256
1900-08-26 13:00:00+01:00;22.3;13.122565
1900-08-26 14:00:00+01:00;22.5;13.061459
1900-08-26 15:00:00+01:00;23;12.884488
1900-08-26 16:00:00+01:00;22.7;12.781079
1900-08-26 17:00:00+01:00;21.4;12.502277
1900-08-26 18:00:00+01:00;20.3;12.224691
1900-08-26 19:00:00+01:00;18.4;12.034665
1900-08-26 20:00:00+01:00;16.8;11.851783
1900-08-26 21:00:00+01:00;16.5;11.669916
1900-08-26 22:00:00+01:00;16.1;11.514587
1900-08-26 23:00:00+01:00;15.9;11.311442
1900-08-27 00:00:00+01:00;15.4;17.049827
1900-08-27 01:00:00+01:00;15.4;16.927993
1900-08-27 02:00:00+01:00;15.4;16.889632
1900-08-27 03:00:00+01:00;15.5;16.887383
1900-08-27 04:00:00+01:00;15.6;16.988329
1900-08-27 05:00:00+01:00;15.1;17.897246
1900-08-27 06:00:00+01:00;14.6;21.363795
1900-08-27 07:00:00+01:00;15.2;25.65999
1900-08-27 08:00:00+01:00;15.3;28.833099
1900-08-27 09:00:00+01:00;16.1;30.315795
1900-08-27 10:00:00+01:00;17.6;30.67332
1900-08-27 11:00:00+01:00;19.3;31.8142037
1900-08-27 12:00:00+01:00;20.9;32.86066913
1900-08-27 13:00:00+01:00;20.7;32.55226156
1900-08-27 14:00:00+01:00;20.8;32.44042524
1900-08-27 15:00:00+01:00;21.9;32.26778621
1900-08-27 16:00:00+01:00;21.3;30.59928435
1900-08-27 17:00:00+01:00;20.3;27.24976416
1900-08-27 18:00:00+01:00;19;22.163733
1900-08-27 19:00:00+01:00;16.7;20.7035949
1900-08-27 20:00:00+01:00;15.8;19.4273567
1900-08-27 21:00:00+01:00;15.1;18.490883
1900-08-27 22:00:00+01:00;13.2;17.855283
1900-08-27 23:00:00+01:00;12.4;17.390515
1900-08-28 00:00:00+01:00;12.2;17.049827
1900-08-28 01:00:00+01:00;13.4;16.927993
1900-08-28 02:00:00+01:00;13.6;16.889632
1900-08-28 03:00:00+01:00;13.4;16.887383
1900-08-28 04:00:00+01:00;13.3;16.988329
1900-08-28 05:00:00+01:00;13.5;17.897246
1900-08-28 06:00:00+01:00;13.7;21.363795
1900-08-28 07:00:00+01:00;14;25.65999
1900-08-28 08:00:00+01:00;14;28.833099
1900-08-28 09:00:00+01:00;14.4;30.315795
1900-08-28 10:00:00+01:00;15;30.67332
1900-08-28 11:00:00+01:00;16.4;30.88895
1900-08-28 12:00:00+01:00;16.4;30.83782
1900-08-28 13:00:00+01:00;18.2;31.12615956
1900-08-28 14:00:00+01:00;19.5;31.77511735
1900-08-28 15:00:00+01:00;21.6;32.12795744
1900-08-28 16:00:00+01:00;20.4;30.2809098
1900-08-28 17:00:00+01:00;19;26.8379382
1900-08-28 18:00:00+01:00;17.3;22.163733
1900-08-28 19:00:00+01:00;16.2;20.7035949
1900-08-28 20:00:00+01:00;15.8;19.4273567
1900-08-28 21:00:00+01:00;14.7;18.490883
1900-08-28 22:00:00+01:00;14.8;17.855283
1900-08-28 23:00:00+01:00;14.1;17.390515
1900-08-29 00:00:00+01:00;14.6;17.049827
1900-08-29 01:00:00+01:00;14.4;16.927993
1900-08-29 02:00:00+01:00;14.6;16.889632
1900-08-29 03:00:00+01:00;14.4;16.887383
1900-08-29 04:00:00+01:00;14.3;16.988329
1900-08-29 05:00:00+01:00;14.4;17.897246
1900-08-29 06:00:00+01:00;14.8;21.363795
1900-08-29 07:00:00+01:00;15;25.65999
1900-08-29 08:00:00+01:00;16;28.833099
1900-08-29 09:00:00+01:00;16.2;30.315795
1900-08-29 10:00:00+01:00;18.8;31.27665552
1900-08-29 11:00:00+01:00;19.4;31.8686279
1900-08-29 12:00:00+01:00;20;32.381009
1900-08-29 13:00:00+01:00;20.4;32.38112932
1900-08-29 14:00:00+01:00;20.5;32.28689265
1900-08-29 15:00:00+01:00;19.9;31.33559441
1900-08-29 16:00:00+01:00;20.6;30.3516597
1900-08-29 17:00:00+01:00;19.4;26.96465388
1900-08-29 18:00:00+01:00;17.7;22.163733
1900-08-29 19:00:00+01:00;16.5;20.7035949
1900-08-29 20:00:00+01:00;15.6;19.4273567
1900-08-29 21:00:00+01:00;14.4;18.490883
1900-08-29 22:00:00+01:00;14.2;17.855283
1900-08-29 23:00:00+01:00;15;17.390515
1900-08-30 00:00:00+01:00;14.7;17.049827
1900-08-30 01:00:00+01:00;14.6;16.927993
1900-08-30 02:00:00+01:00;15;16.889632
1900-08-30 03:00:00+01:00;15.1;16.887383
1900-08-30 04:00:00+01:00;14.7;16.988329
1900-08-30 05:00:00+01:00;14.8;17.897246
1900-08-30 06:00:00+01:00;15;21.363795
1900-08-30 07:00:00+01:00;15.5;25.65999
1900-08-30 08:00:00+01:00;15.6;28.833099
1900-08-30 09:00:00+01:00;15.5;30.315795
1900-08-30 10:00:00+01:00;14.9;30.67332
1900-08-30 11:00:00+01:00;15;30.88895
1900-08-30 12:00:00+01:00;14.6;30.83782
1900-08-30 13:00:00+01:00;15.3;30.54232
1900-08-30 14:00:00+01:00;15.7;29.993679
1900-08-30 15:00:00+01:00;15.1;29.09833409
1900-08-30 16:00:00+01:00;15.3;28.47678735
1900-08-30 17:00:00+01:00;15.2;25.63413924
1900-08-30 18:00:00+01:00;15.2;22.163733
1900-08-30 19:00:00+01:00;15;20.7035949
1900-08-30 20:00:00+01:00;14.8;19.4273567
1900-08-30 21:00:00+01:00;14.5;18.490883
1900-08-30 22:00:00+01:00;14.3;17.855283
1900-08-30 23:00:00+01:00;14.4;17.390515
1900-08-31 00:00:00+01:00;14.4;17.049827
1900-08-31 01:00:00+01:00;13.7;16.927993
1900-08-31 02:00:00+01:00;14;16.889632
1900-08-31 03:00:00+01:00;13.9;16.887383
1900-08-31 04:00:00+01:00;14;16.988329
1900-08-31 05:00:00+01:00;13.4;17.897246
1900-08-31 06:00:00+01:00;13;21.363795
1900-08-31 07:00:00+01:00;13.1;25.65999
1900-08-31 08:00:00+01:00;13.4;28.833099
1900-08-31 09:00:00+01:00;13.9;30.315795
1900-08-31 10:00:00+01:00;14.6;30.67332
1900-08-31 11:00:00+01:00;16.3;30.88895
1900-08-31 12:00:00+01:00;16.3;30.83782
1900-08-31 13:00:00+01:00;17;30.54232
1900-08-31 14:00:00+01:00;17.1;30.54685663
1900-08-31 15:00:00+01:00;18.9;30.86949851
1900-08-31 16:00:00+01:00;20;30.13941
1900-08-31 17:00:00+01:00;17;26.2043598
1900-08-31 18:00:00+01:00;16.9;22.163733
1900-08-31 19:00:00+01:00;15.6;20.7035949
1900-08-31 20:00:00+01:00;14.8;19.4273567
1900-08-31 21:00:00+01:00;13.5;18.490883
1900-08-31 22:00:00+01:00;11.9;17.855283
1900-08-31 23:00:00+01:00;10.1;17.390515
1900-09-01 00:00:00+01:00;9.3;11.247858
1900-09-01 01:00:00+01:00;8.5;11.189895
1900-09-01 02:00:00+01:00;7.7;11.159755
1900-09-01 03:00:00+01:00;7.7;11.156236
1900-09-01 04:00:00+01:00;8.4;11.090969
1900-09-01 05:00:00+01:00;9;11.085708
1900-09-01 06:00:00+01:00;9.6;11.185433
1900-09-01 07:00:00+01:00;9.9;11.356602
1900-09-01 08:00:00+01:00;9.9;11.586917
1900-09-01 09:00:00+01:00;10.2;11.83713
1900-09-01 10:00:00+01:00;12.4;12.160864
1900-09-01 11:00:00+01:00;13.2;12.417611
1900-09-01 12:00:00+01:00;15.3;12.907256
1900-09-01 13:00:00+01:00;16.1;13.122565
1900-09-01 14:00:00+01:00;17.2;13.061459
1900-09-01 15:00:00+01:00;16.2;12.884488
1900-09-01 16:00:00+01:00;16.9;12.781079
1900-09-01 17:00:00+01:00;15.7;12.502277
1900-09-01 18:00:00+01:00;15.2;12.224691
1900-09-01 19:00:00+01:00;15.1;12.034665
1900-09-01 20:00:00+01:00;14.7;11.851783
1900-09-01 21:00:00+01:00;13.6;11.669916
1900-09-01 22:00:00+01:00;11.1;11.514587
1900-09-01 23:00:00+01:00;10.6;11.311442
1900-09-02 00:00:00+01:00;9.2;11.247858
1900-09-02 01:00:00+01:00;8.3;11.189895
1900-09-02 02:00:00+01:00;8.4;11.159755
1900-09-02 03:00:00+01:00;8;11.156236
1900-09-02 04:00:00+01:00;7.3;11.090969
1900-09-02 05:00:00+01:00;9.2;11.085708
1900-09-02 06:00:00+01:00;10.5;11.185433
1900-09-02 07:00:00+01:00;12.2;11.356602
1900-09-02 08:00:00+01:00;15.5;11.586917
1900-09-02 09:00:00+01:00;16.5;11.83713
1900-09-02 10:00:00+01:00;18.2;12.160864
1900-09-02 11:00:00+01:00;19.4;12.417611
1900-09-02 12:00:00+01:00;19.6;12.907256
1900-09-02 13:00:00+01:00;19.3;13.122565
1900-09-02 14:00:00+01:00;21.6;13.061459
1900-09-02 15:00:00+01:00;20;12.884488
1900-09-02 16:00:00+01:00;20.8;12.781079
1900-09-02 17:00:00+01:00;20.1;12.502277
1900-09-02 18:00:00+01:00;18.3;12.224691
1900-09-02 19:00:00+01:00;15.3;12.034665
1900-09-02 20:00:00+01:00;14.4;11.851783
1900-09-02 21:00:00+01:00;13.6;11.669916
1900-09-02 22:00:00+01:00;12;11.514587
1900-09-02 23:00:00+01:00;10.5;11.311442
1900-09-03 00:00:00+01:00;9.5;17.049827
1900-09-03 01:00:00+01:00;9.6;16.927993
1900-09-03 02:00:00+01:00;8.5;16.889632
1900-09-03 03:00:00+01:00;9;16.887383
1900-09-03 04:00:00+01:00;7.5;16.988329
1900-09-03 05:00:00+01:00;7.2;17.897246
1900-09-03 06:00:00+01:00;7.5;21.363795
1900-09-03 07:00:00+01:00;10.7;25.65999
1900-09-03 08:00:00+01:00;14;28.833099
1900-09-03 09:00:00+01:00;16.5;30.315795
1900-09-03 10:00:00+01:00;17.2;30.67332
1900-09-03 11:00:00+01:00;18.2;31.2155375
1900-09-03 12:00:00+01:00;18.6;31.63487102
1900-09-03 13:00:00+01:00;18.7;31.41137996
1900-09-03 14:00:00+01:00;22.1;33.10573313
1900-09-03 15:00:00+01:00;18.8;30.82288892
1900-09-03 16:00:00+01:00;19.5;29.96253525
1900-09-03 17:00:00+01:00;18.4;26.64786468
1900-09-03 18:00:00+01:00;17.1;22.163733
1900-09-03 19:00:00+01:00;15;20.7035949
1900-09-03 20:00:00+01:00;13.8;19.4273567
1900-09-03 21:00:00+01:00;13.4;18.490883
1900-09-03 22:00:00+01:00;13;17.855283
1900-09-03 23:00:00+01:00;13.2;17.390515
1900-09-04 00:00:00+01:00;9.1;17.049827
1900-09-04 01:00:00+01:00;8;16.927993
1900-09-04 02:00:00+01:00;7;16.889632
1900-09-04 03:00:00+01:00;7.3;16.887383
1900-09-04 04:00:00+01:00;5.7;16.988329
1900-09-04 05:00:00+01:00;5.5;17.897246
1900-09-04 06:00:00+01:00;6.6;21.363795
1900-09-04 07:00:00+01:00;7.5;25.65999
1900-09-04 08:00:00+01:00;9.4;28.833099
1900-09-04 09:00:00+01:00;10.3;30.315795
1900-09-04 10:00:00+01:00;10.8;30.67332
1900-09-04 11:00:00+01:00;12.6;30.88895
1900-09-04 12:00:00+01:00;13.3;30.83782
1900-09-04 13:00:00+01:00;14.6;30.54232
1900-09-04 14:00:00+01:00;16.3;30.13743639
1900-09-04 15:00:00+01:00;16.3;29.65764917
1900-09-04 16:00:00+01:00;16;28.724412
1900-09-04 17:00:00+01:00;15.4;25.69749708
1900-09-04 18:00:00+01:00;14.9;22.163733
1900-09-04 19:00:00+01:00;13.3;20.7035949
1900-09-04 20:00:00+01:00;13;19.4273567
1900-09-04 21:00:00+01:00;12.6;18.490883
1900-09-04 22:00:00+01:00;11.2;17.855283
1900-09-04 23:00:00+01:00;11;17.390515
1900-09-05 00:00:00+01:00;10.7;17.049827
1900-09-05 01:00:00+01:00;8.4;16.927993
1900-09-05 02:00:00+01:00;8.9;16.889632
1900-09-05 03:00:00+01:00;7.9;16.887383
1900-09-05 04:00:00+01:00;8;16.988329
1900-09-05 05:00:00+01:00;7.4;17.897246
1900-09-05 06:00:00+01:00;9;21.363795
1900-09-05 07:00:00+01:00;8.7;25.65999
1900-09-05 08:00:00+01:00;11.8;28.833099
1900-09-05 09:00:00+01:00;14.1;30.315795
1900-09-05 10:00:00+01:00;15.4;30.67332
1900-09-05 11:00:00+01:00;16.8;30.88895
1900-09-05 12:00:00+01:00;16.5;30.83782
1900-09-05 13:00:00+01:00;17;30.54232
1900-09-05 14:00:00+01:00;17.4;30.70038922
1900-09-05 15:00:00+01:00;16.2;29.61103958
1900-09-05 16:00:00+01:00;17.7;29.32578615
1900-09-05 17:00:00+01:00;17.5;26.3627544
1900-09-05 18:00:00+01:00;15.6;22.163733
1900-09-05 19:00:00+01:00;13.1;20.7035949
1900-09-05 20:00:00+01:00;10.3;19.4273567
1900-09-05 21:00:00+01:00;9.1;18.490883
1900-09-05 22:00:00+01:00;9.3;17.855283
1900-09-05 23:00:00+01:00;9.9;17.390515
1900-09-06 00:00:00+01:00;8.6;17.049827
1900-09-06 01:00:00+01:00;6.3;16.927993
1900-09-06 02:00:00+01:00;6.7;16.889632
1900-09-06 03:00:00+01:00;5.8;16.887383
1900-09-06 04:00:00+01:00;5.4;16.988329
1900-09-06 05:00:00+01:00;4.7;17.897246
1900-09-06 06:00:00+01:00;5.7;21.363795
1900-09-06 07:00:00+01:00;10;25.65999
1900-09-06 08:00:00+01:00;11.7;28.833099
1900-09-06 09:00:00+01:00;13;30.315795
1900-09-06 10:00:00+01:00;14.8;30.67332
1900-09-06 11:00:00+01:00;15.5;30.88895
1900-09-06 12:00:00+01:00;16;30.83782
1900-09-06 13:00:00+01:00;16.1;30.54232
1900-09-06 14:00:00+01:00;17.1;30.54685663
1900-09-06 15:00:00+01:00;17.5;30.21696425
1900-09-06 16:00:00+01:00;17.2;29.1489114
1900-09-06 17:00:00+01:00;16;25.8875706
1900-09-06 18:00:00+01:00;14.5;22.163733
1900-09-06 19:00:00+01:00;13.5;20.7035949
1900-09-06 20:00:00+01:00;12.8;19.4273567
1900-09-06 21:00:00+01:00;12.4;18.490883
1900-09-06 22:00:00+01:00;9.7;17.855283
1900-09-06 23:00:00+01:00;9.5;17.390515
1900-09-07 00:00:00+01:00;8;17.049827
1900-09-07 01:00:00+01:00;8.3;16.927993
1900-09-07 02:00:00+01:00;8.3;16.889632
1900-09-07 03:00:00+01:00;8.8;16.887383
1900-09-07 04:00:00+01:00;8.8;16.988329
1900-09-07 05:00:00+01:00;9.8;17.897246
1900-09-07 06:00:00+01:00;10.8;21.363795
1900-09-07 07:00:00+01:00;12.6;25.65999
1900-09-07 08:00:00+01:00;13.9;28.833099
1900-09-07 09:00:00+01:00;15.3;30.315795
1900-09-07 10:00:00+01:00;15.7;30.67332
1900-09-07 11:00:00+01:00;17.8;30.88895
1900-09-07 12:00:00+01:00;18;31.3150976
1900-09-07 13:00:00+01:00;19.6;31.92477668
1900-09-07 14:00:00+01:00;21.9;33.00337807
1900-09-07 15:00:00+01:00;24.2;33.33980678
1900-09-07 16:00:00+01:00;19.8;30.0686601
1900-09-07 17:00:00+01:00;18.8;26.77458036
1900-09-07 18:00:00+01:00;17;22.163733
1900-09-07 19:00:00+01:00;15.4;20.7035949
1900-09-07 20:00:00+01:00;15.2;19.4273567
1900-09-07 21:00:00+01:00;12.8;18.490883
1900-09-07 22:00:00+01:00;12.3;17.855283
1900-09-07 23:00:00+01:00;10.7;17.390515
1900-09-08 00:00:00+01:00;9.9;11.247858
1900-09-08 01:00:00+01:00;9.6;11.189895
1900-09-08 02:00:00+01:00;10.4;11.159755
1900-09-08 03:00:00+01:00;11;11.156236
1900-09-08 04:00:00+01:00;10.8;11.090969
1900-09-08 05:00:00+01:00;11;11.085708
1900-09-08 06:00:00+01:00;10.6;11.185433
1900-09-08 07:00:00+01:00;10.9;11.356602
1900-09-08 08:00:00+01:00;11.8;11.586917
1900-09-08 09:00:00+01:00;12.7;11.83713
1900-09-08 10:00:00+01:00;13.1;12.160864
1900-09-08 11:00:00+01:00;14.4;12.417611
1900-09-08 12:00:00+01:00;16.3;12.907256
1900-09-08 13:00:00+01:00;18.6;13.122565
1900-09-08 14:00:00+01:00;20;13.061459
1900-09-08 15:00:00+01:00;21.1;12.884488
1900-09-08 16:00:00+01:00;23.3;12.781079
1900-09-08 17:00:00+01:00;22.7;12.502277
1900-09-08 18:00:00+01:00;18.6;12.224691
1900-09-08 19:00:00+01:00;15.6;12.034665
1900-09-08 20:00:00+01:00;14.9;11.851783
1900-09-08 21:00:00+01:00;14.6;11.669916
1900-09-08 22:00:00+01:00;13.7;11.514587
1900-09-08 23:00:00+01:00;12.9;11.311442
1900-09-09 00:00:00+01:00;12.1;11.247858
1900-09-09 01:00:00+01:00;11.4;11.189895
1900-09-09 02:00:00+01:00;11.5;11.159755
1900-09-09 03:00:00+01:00;11.5;11.156236
1900-09-09 04:00:00+01:00;11.5;11.090969
1900-09-09 05:00:00+01:00;11.2;11.085708
1900-09-09 06:00:00+01:00;12.9;11.185433
1900-09-09 07:00:00+01:00;15;11.356602
1900-09-09 08:00:00+01:00;15.2;11.586917
1900-09-09 09:00:00+01:00;16.2;11.83713
1900-09-09 10:00:00+01:00;17;12.160864
1900-09-09 11:00:00+01:00;18;12.417611
1900-09-09 12:00:00+01:00;18.1;12.907256
1900-09-09 13:00:00+01:00;19;13.122565
1900-09-09 14:00:00+01:00;20.5;13.061459
1900-09-09 15:00:00+01:00;20.4;12.884488
1900-09-09 16:00:00+01:00;21;12.781079
1900-09-09 17:00:00+01:00;20.2;12.502277
1900-09-09 18:00:00+01:00;17.6;12.224691
1900-09-09 19:00:00+01:00;16.6;12.034665
1900-09-09 20:00:00+01:00;15.4;11.851783
1900-09-09 21:00:00+01:00;15.3;11.669916
1900-09-09 22:00:00+01:00;14.5;11.514587
1900-09-09 23:00:00+01:00;12.2;11.311442
1900-09-10 00:00:00+01:00;11.9;17.049827
1900-09-10 01:00:00+01:00;10.6;16.927993
1900-09-10 02:00:00+01:00;10;16.889632
1900-09-10 03:00:00+01:00;11;16.887383
1900-09-10 04:00:00+01:00;11.4;16.988329
1900-09-10 05:00:00+01:00;11.6;17.897246
1900-09-10 06:00:00+01:00;11.9;21.363795
1900-09-10 07:00:00+01:00;13;25.65999
1900-09-10 08:00:00+01:00;13;28.833099
1900-09-10 09:00:00+01:00;13.8;30.315795
1900-09-10 10:00:00+01:00;15.4;30.67332
1900-09-10 11:00:00+01:00;16;30.88895
1900-09-10 12:00:00+01:00;16.8;30.83782
1900-09-10 13:00:00+01:00;16.8;30.54232
1900-09-10 14:00:00+01:00;17.4;30.70038922
1900-09-10 15:00:00+01:00;16.7;29.84408753
1900-09-10 16:00:00+01:00;16.6;28.9366617
1900-09-10 17:00:00+01:00;15.5;25.729176
1900-09-10 18:00:00+01:00;14.5;22.163733
1900-09-10 19:00:00+01:00;13.5;20.7035949
1900-09-10 20:00:00+01:00;12.4;19.4273567
1900-09-10 21:00:00+01:00;11.9;18.490883
1900-09-10 22:00:00+01:00;10.2;17.855283
1900-09-10 23:00:00+01:00;9.1;17.390515
1900-09-11 00:00:00+01:00;9.5;17.049827
1900-09-11 01:00:00+01:00;9;16.927993
1900-09-11 02:00:00+01:00;8.8;16.889632
1900-09-11 03:00:00+01:00;9.4;16.887383
1900-09-11 04:00:00+01:00;9.7;16.988329
1900-09-11 05:00:00+01:00;9.7;17.897246
1900-09-11 06:00:00+01:00;10;21.363795
1900-09-11 07:00:00+01:00;10.7;25.65999
1900-09-11 08:00:00+01:00;11.8;28.833099
1900-09-11 09:00:00+01:00;13.8;30.315795
1900-09-11 10:00:00+01:00;14.9;30.67332
1900-09-11 11:00:00+01:00;17.4;30.88895
1900-09-11 12:00:00+01:00;17.8;31.20850646
1900-09-11 13:00:00+01:00;19.7;31.98182076
1900-09-11 14:00:00+01:00;21.3;32.69631289
1900-09-11 15:00:00+01:00;19;30.9161081
1900-09-11 16:00:00+01:00;19.2;29.8564104
1900-09-11 17:00:00+01:00;18.4;26.64786468
1900-09-11 18:00:00+01:00;16.4;22.163733
1900-09-11 19:00:00+01:00;15.3;20.7035949
1900-09-11 20:00:00+01:00;14.1;19.4273567
1900-09-11 21:00:00+01:00;11.7;18.490883
1900-09-11 22:00:00+01:00;10.8;17.855283
1900-09-11 23:00:00+01:00;11.4;17.390515
1900-09-12 00:00:00+01:00;11.7;17.049827
1900-09-12 01:00:00+01:00;11.9;16.927993
1900-09-12 02:00:00+01:00;12.2;16.889632
1900-09-12 03:00:00+01:00;12.4;16.887383
1900-09-12 04:00:00+01:00;12;16.988329
1900-09-12 05:00:00+01:00;11.6;17.897246
1900-09-12 06:00:00+01:00;11.8;21.363795
1900-09-12 07:00:00+01:00;13;25.65999
1900-09-12 08:00:00+01:00;12.9;28.833099
1900-09-12 09:00:00+01:00;11.3;30.315795
1900-09-12 10:00:00+01:00;11.5;30.67332
1900-09-12 11:00:00+01:00;12;30.88895
1900-09-12 12:00:00+01:00;13.4;30.83782
1900-09-12 13:00:00+01:00;13.5;30.54232
1900-09-12 14:00:00+01:00;13.6;29.993679
1900-09-12 15:00:00+01:00;13.1;28.883133
1900-09-12 16:00:00+01:00;11.1;26.609758
1900-09-12 17:00:00+01:00;11.6;24.49369812
1900-09-12 18:00:00+01:00;9;22.163733
1900-09-12 19:00:00+01:00;7.5;20.7035949
1900-09-12 20:00:00+01:00;6.5;19.4273567
1900-09-12 21:00:00+01:00;6.4;18.490883
1900-09-12 22:00:00+01:00;6;17.855283
1900-09-12 23:00:00+01:00;5.8;17.390515
1900-09-13 00:00:00+01:00;5.6;17.049827
1900-09-13 01:00:00+01:00;3.8;16.927993
1900-09-13 02:00:00+01:00;3.5;16.889632
1900-09-13 03:00:00+01:00;2.6;16.887383
1900-09-13 04:00:00+01:00;2;16.988329
1900-09-13 05:00:00+01:00;1.5;17.897246
1900-09-13 06:00:00+01:00;2.8;21.363795
1900-09-13 07:00:00+01:00;6.6;25.65999
1900-09-13 08:00:00+01:00;8.6;28.833099
1900-09-13 09:00:00+01:00;10.1;30.315795
1900-09-13 10:00:00+01:00;12.2;30.67332
1900-09-13 11:00:00+01:00;14.3;30.88895
1900-09-13 12:00:00+01:00;14.3;30.83782
1900-09-13 13:00:00+01:00;14.6;30.54232
1900-09-13 14:00:00+01:00;12.5;29.993679
1900-09-13 15:00:00+01:00;12.3;28.883133
1900-09-13 16:00:00+01:00;12.9;27.62778855
1900-09-13 17:00:00+01:00;11.7;24.52537704
1900-09-13 18:00:00+01:00;9.4;22.163733
1900-09-13 19:00:00+01:00;6.3;20.7035949
1900-09-13 20:00:00+01:00;5.7;19.4273567
1900-09-13 21:00:00+01:00;5.4;18.490883
1900-09-13 22:00:00+01:00;5.8;17.855283
1900-09-13 23:00:00+01:00;3.6;17.390515
1900-09-14 00:00:00+01:00;4;17.049827
1900-09-14 01:00:00+01:00;5.1;16.927993
1900-09-14 02:00:00+01:00;4.8;16.889632
1900-09-14 03:00:00+01:00;4.7;16.887383
1900-09-14 04:00:00+01:00;1.7;16.988329
1900-09-14 05:00:00+01:00;1.3;17.897246
1900-09-14 06:00:00+01:00;4.9;21.363795
1900-09-14 07:00:00+01:00;7.1;25.65999
1900-09-14 08:00:00+01:00;10.2;28.833099
1900-09-14 09:00:00+01:00;11.6;30.315795
1900-09-14 10:00:00+01:00;12.5;30.67332
1900-09-14 11:00:00+01:00;12.8;30.88895
1900-09-14 12:00:00+01:00;13.9;30.83782
1900-09-14 13:00:00+01:00;10.6;30.54232
1900-09-14 14:00:00+01:00;12.9;29.993679
1900-09-14 15:00:00+01:00;11.4;28.883133
1900-09-14 16:00:00+01:00;11;26.609758
1900-09-14 17:00:00+01:00;9.1;24.010435
1900-09-14 18:00:00+01:00;7.7;22.163733
1900-09-14 19:00:00+01:00;6;20.7035949
1900-09-14 20:00:00+01:00;4.6;19.4273567
1900-09-14 21:00:00+01:00;4.1;18.490883
1900-09-14 22:00:00+01:00;3.1;17.855283
1900-09-14 23:00:00+01:00;3.6;17.390515
1900-09-15 00:00:00+01:00;4.2;11.247858
1900-09-15 01:00:00+01:00;3.8;11.189895
1900-09-15 02:00:00+01:00;4;11.159755
1900-09-15 03:00:00+01:00;1;11.156236
1900-09-15 04:00:00+01:00;0.7;11.090969
1900-09-15 05:00:00+01:00;0.1;11.085708
1900-09-15 06:00:00+01:00;2.4;11.185433
1900-09-15 07:00:00+01:00;6;11.356602
1900-09-15 08:00:00+01:00;7.4;11.586917
1900-09-15 09:00:00+01:00;9.6;11.83713
1900-09-15 10:00:00+01:00;11.2;12.160864
1900-09-15 11:00:00+01:00;12.3;12.417611
1900-09-15 12:00:00+01:00;13.4;12.907256
1900-09-15 13:00:00+01:00;14.1;13.122565
1900-09-15 14:00:00+01:00;13.8;13.061459
1900-09-15 15:00:00+01:00;14;12.884488
1900-09-15 16:00:00+01:00;14;12.781079
1900-09-15 17:00:00+01:00;13.8;12.502277
1900-09-15 18:00:00+01:00;10.4;12.224691
1900-09-15 19:00:00+01:00;7.6;12.034665
1900-09-15 20:00:00+01:00;5.3;11.851783
1900-09-15 21:00:00+01:00;4.5;11.669916
1900-09-15 22:00:00+01:00;4.2;11.514587
1900-09-15 23:00:00+01:00;3.4;11.311442
1900-09-16 00:00:00+01:00;3;11.247858
1900-09-16 01:00:00+01:00;2.5;11.189895
1900-09-16 02:00:00+01:00;2.2;11.159755
1900-09-16 03:00:00+01:00;-0.5;11.156236
1900-09-16 04:00:00+01:00;-1.2;11.090969
1900-09-16 05:00:00+01:00;2.3;11.085708
1900-09-16 06:00:00+01:00;2.7;11.185433
1900-09-16 07:00:00+01:00;4.4;11.356602
1900-09-16 08:00:00+01:00;5.6;11.586917
1900-09-16 09:00:00+01:00;6.7;11.83713
1900-09-16 10:00:00+01:00;8.9;12.160864
1900-09-16 11:00:00+01:00;10.9;12.417611
1900-09-16 12:00:00+01:00;12.4;12.907256
1900-09-16 13:00:00+01:00;14.3;13.122565
1900-09-16 14:00:00+01:00;15.2;13.061459
1900-09-16 15:00:00+01:00;14.6;12.884488
1900-09-16 16:00:00+01:00;14.6;12.781079
1900-09-16 17:00:00+01:00;13.7;12.502277
1900-09-16 18:00:00+01:00;12.8;12.224691
1900-09-16 19:00:00+01:00;11.8;12.034665
1900-09-16 20:00:00+01:00;12;11.851783
1900-09-16 21:00:00+01:00;10.6;11.669916
1900-09-16 22:00:00+01:00;10.5;11.514587
1900-09-16 23:00:00+01:00;9.9;11.311442
1900-09-17 00:00:00+01:00;8.6;17.049827
1900-09-17 01:00:00+01:00;8.9;16.927993
1900-09-17 02:00:00+01:00;8.5;16.889632
1900-09-17 03:00:00+01:00;7.6;16.887383
1900-09-17 04:00:00+01:00;7.9;16.988329
1900-09-17 05:00:00+01:00;7.6;17.897246
1900-09-17 06:00:00+01:00;8.1;21.363795
1900-09-17 07:00:00+01:00;9.4;25.65999
1900-09-17 08:00:00+01:00;11;28.833099
1900-09-17 09:00:00+01:00;11.3;30.315795
1900-09-17 10:00:00+01:00;12.6;30.67332
1900-09-17 11:00:00+01:00;12.3;30.88895
1900-09-17 12:00:00+01:00;12;30.83782
1900-09-17 13:00:00+01:00;12.1;30.54232
1900-09-17 14:00:00+01:00;11.6;29.993679
1900-09-17 15:00:00+01:00;12.1;28.883133
1900-09-17 16:00:00+01:00;12.3;27.41553885
1900-09-17 17:00:00+01:00;12;24.6204138
1900-09-17 18:00:00+01:00;12.3;22.163733
1900-09-17 19:00:00+01:00;12.5;20.7035949
1900-09-17 20:00:00+01:00;12.5;19.4273567
1900-09-17 21:00:00+01:00;12.2;18.490883
1900-09-17 22:00:00+01:00;12.4;17.855283
1900-09-17 23:00:00+01:00;12.1;17.390515
1900-09-18 00:00:00+01:00;11.6;17.049827
1900-09-18 01:00:00+01:00;11.5;16.927993
1900-09-18 02:00:00+01:00;11.5;16.889632
1900-09-18 03:00:00+01:00;11.2;16.887383
1900-09-18 04:00:00+01:00;11.1;16.988329
1900-09-18 05:00:00+01:00;10.3;17.897246
1900-09-18 06:00:00+01:00;10.5;21.363795
1900-09-18 07:00:00+01:00;11.4;25.65999
1900-09-18 08:00:00+01:00;13;28.833099
1900-09-18 09:00:00+01:00;13.6;30.315795
1900-09-18 10:00:00+01:00;14.4;30.67332
1900-09-18 11:00:00+01:00;14.7;30.88895
1900-09-18 12:00:00+01:00;15.3;30.83782
1900-09-18 13:00:00+01:00;14.4;30.54232
1900-09-18 14:00:00+01:00;14.2;29.993679
1900-09-18 15:00:00+01:00;15;29.0517245
1900-09-18 16:00:00+01:00;14.4;28.1584128
1900-09-18 17:00:00+01:00;14.8;25.50742356
1900-09-18 18:00:00+01:00;14;22.163733
1900-09-18 19:00:00+01:00;12.1;20.7035949
1900-09-18 20:00:00+01:00;10.2;19.4273567
1900-09-18 21:00:00+01:00;9.5;18.490883
1900-09-18 22:00:00+01:00;8.1;17.855283
1900-09-18 23:00:00+01:00;8;17.390515
1900-09-19 00:00:00+01:00;8.2;17.049827
1900-09-19 01:00:00+01:00;9.8;16.927993
1900-09-19 02:00:00+01:00;9.8;16.889632
1900-09-19 03:00:00+01:00;10;16.887383
1900-09-19 04:00:00+01:00;10;16.988329
1900-09-19 05:00:00+01:00;10;17.897246
1900-09-19 06:00:00+01:00;10.2;21.363795
1900-09-19 07:00:00+01:00;11;25.65999
1900-09-19 08:00:00+01:00;11.3;28.833099
1900-09-19 09:00:00+01:00;13.3;30.315795
1900-09-19 10:00:00+01:00;14.1;30.67332
1900-09-19 11:00:00+01:00;15.2;30.88895
1900-09-19 12:00:00+01:00;15.9;30.83782
1900-09-19 13:00:00+01:00;16.7;30.54232
1900-09-19 14:00:00+01:00;17.3;30.64921169
1900-09-19 15:00:00+01:00;16.9;29.93730671
1900-09-19 16:00:00+01:00;16;28.724412
1900-09-19 17:00:00+01:00;15.8;25.82421276
1900-09-19 18:00:00+01:00;14.4;22.163733
1900-09-19 19:00:00+01:00;15.9;20.7035949
1900-09-19 20:00:00+01:00;14.3;19.4273567
1900-09-19 21:00:00+01:00;13.5;18.490883
1900-09-19 22:00:00+01:00;15;17.855283
1900-09-19 23:00:00+01:00;12.1;17.390515
1900-09-20 00:00:00+01:00;12.7;17.049827
1900-09-20 01:00:00+01:00;12.5;16.927993
1900-09-20 02:00:00+01:00;11.7;16.889632
1900-09-20 03:00:00+01:00;11.5;16.887383
1900-09-20 04:00:00+01:00;9.3;16.988329
1900-09-20 05:00:00+01:00;8.7;17.897246
1900-09-20 06:00:00+01:00;10.4;21.363795
1900-09-20 07:00:00+01:00;11.5;25.65999
1900-09-20 08:00:00+01:00;13.5;28.833099
1900-09-20 09:00:00+01:00;14.8;30.315795
1900-09-20 10:00:00+01:00;16;30.67332
1900-09-20 11:00:00+01:00;16.9;30.88895
1900-09-20 12:00:00+01:00;17.5;31.04861975
1900-09-20 13:00:00+01:00;17.7;30.84093916
1900-09-20 14:00:00+01:00;18;31.0074544
1900-09-20 15:00:00+01:00;18.3;30.58984097
1900-09-20 16:00:00+01:00;17.6;29.2904112
1900-09-20 17:00:00+01:00;16.4;26.01428628
1900-09-20 18:00:00+01:00;14.8;22.163733
1900-09-20 19:00:00+01:00;15.1;20.7035949
1900-09-20 20:00:00+01:00;13.7;19.4273567
1900-09-20 21:00:00+01:00;12.9;18.490883
1900-09-20 22:00:00+01:00;11.4;17.855283
1900-09-20 23:00:00+01:00;10.3;17.390515
1900-09-21 00:00:00+01:00;10.4;17.049827
1900-09-21 01:00:00+01:00;10.9;16.927993
1900-09-21 02:00:00+01:00;9.4;16.889632
1900-09-21 03:00:00+01:00;8.4;16.887383
1900-09-21 04:00:00+01:00;8.7;16.988329
1900-09-21 05:00:00+01:00;9.4;17.897246
1900-09-21 06:00:00+01:00;8.2;21.363795
1900-09-21 07:00:00+01:00;9.8;25.65999
1900-09-21 08:00:00+01:00;11.2;28.833099
1900-09-21 09:00:00+01:00;13.2;30.315795
1900-09-21 10:00:00+01:00;14.7;30.67332
1900-09-21 11:00:00+01:00;14.8;30.88895
1900-09-21 12:00:00+01:00;15;30.83782
1900-09-21 13:00:00+01:00;15.1;30.54232
1900-09-21 14:00:00+01:00;15.5;29.993679
1900-09-21 15:00:00+01:00;15.8;29.42460122
1900-09-21 16:00:00+01:00;15.9;28.68903705
1900-09-21 17:00:00+01:00;15.9;25.85589168
1900-09-21 18:00:00+01:00;15.7;22.163733
1900-09-21 19:00:00+01:00;15.5;20.7035949
1900-09-21 20:00:00+01:00;15.4;19.4273567
1900-09-21 21:00:00+01:00;15;18.490883
1900-09-21 22:00:00+01:00;14;17.855283
1900-09-21 23:00:00+01:00;12.2;17.390515
1900-09-22 00:00:00+01:00;11;11.247858
1900-09-22 01:00:00+01:00;12;11.189895
1900-09-22 02:00:00+01:00;13.6;11.159755
1900-09-22 03:00:00+01:00;13.5;11.156236
1900-09-22 04:00:00+01:00;13;11.090969
1900-09-22 05:00:00+01:00;13.4;11.085708
1900-09-22 06:00:00+01:00;13.2;11.185433
1900-09-22 07:00:00+01:00;12.5;11.356602
1900-09-22 08:00:00+01:00;12.6;11.586917
1900-09-22 09:00:00+01:00;14.2;11.83713
1900-09-22 10:00:00+01:00;15.7;12.160864
1900-09-22 11:00:00+01:00;16;12.417611
1900-09-22 12:00:00+01:00;16.5;12.907256
1900-09-22 13:00:00+01:00;16.6;13.122565
1900-09-22 14:00:00+01:00;17.2;13.061459
1900-09-22 15:00:00+01:00;16.7;12.884488
1900-09-22 16:00:00+01:00;16.4;12.781079
1900-09-22 17:00:00+01:00;15.6;12.502277
1900-09-22 18:00:00+01:00;13.9;12.224691
1900-09-22 19:00:00+01:00;14.1;12.034665
1900-09-22 20:00:00+01:00;14;11.851783
1900-09-22 21:00:00+01:00;13.6;11.669916
1900-09-22 22:00:00+01:00;12.4;11.514587
1900-09-22 23:00:00+01:00;12.7;11.311442
1900-09-23 00:00:00+01:00;11.8;11.247858
1900-09-23 01:00:00+01:00;10.9;11.189895
1900-09-23 02:00:00+01:00;9.8;11.159755
1900-09-23 03:00:00+01:00;9.8;11.156236
1900-09-23 04:00:00+01:00;8.5;11.090969
1900-09-23 05:00:00+01:00;8.9;11.085708
1900-09-23 06:00:00+01:00;8.2;11.185433
1900-09-23 07:00:00+01:00;9.7;11.356602
1900-09-23 08:00:00+01:00;11.6;11.586917
1900-09-23 09:00:00+01:00;12.4;11.83713
1900-09-23 10:00:00+01:00;14.2;12.160864
1900-09-23 11:00:00+01:00;13.8;12.417611
1900-09-23 12:00:00+01:00;14.4;12.907256
1900-09-23 13:00:00+01:00;14.2;13.122565
1900-09-23 14:00:00+01:00;14;13.061459
1900-09-23 15:00:00+01:00;13.9;12.884488
1900-09-23 16:00:00+01:00;13.6;12.781079
1900-09-23 17:00:00+01:00;12.9;12.502277
1900-09-23 18:00:00+01:00;12.8;12.224691
1900-09-23 19:00:00+01:00;12.8;12.034665
1900-09-23 20:00:00+01:00;12.6;11.851783
1900-09-23 21:00:00+01:00;12.6;11.669916
1900-09-23 22:00:00+01:00;12.3;11.514587
1900-09-23 23:00:00+01:00;12.6;11.311442
1900-09-24 00:00:00+01:00;12.8;17.049827
1900-09-24 01:00:00+01:00;12.7;16.927993
1900-09-24 02:00:00+01:00;13.4;16.889632
1900-09-24 03:00:00+01:00;13.1;16.887383
1900-09-24 04:00:00+01:00;12.7;16.988329
1900-09-24 05:00:00+01:00;12.6;17.897246
1900-09-24 06:00:00+01:00;13;21.363795
1900-09-24 07:00:00+01:00;13.1;25.65999
1900-09-24 08:00:00+01:00;13.3;28.833099
1900-09-24 09:00:00+01:00;13.4;30.315795
1900-09-24 10:00:00+01:00;13.2;30.67332
1900-09-24 11:00:00+01:00;13.3;30.88895
1900-09-24 12:00:00+01:00;13.5;30.83782
1900-09-24 13:00:00+01:00;14;30.54232
1900-09-24 14:00:00+01:00;14;29.993679
1900-09-24 15:00:00+01:00;13.7;28.883133
1900-09-24 16:00:00+01:00;13.7;27.91078815
1900-09-24 17:00:00+01:00;13.3;25.03223976
1900-09-24 18:00:00+01:00;12;22.163733
1900-09-24 19:00:00+01:00;10.4;20.7035949
1900-09-24 20:00:00+01:00;8.6;19.4273567
1900-09-24 21:00:00+01:00;8.4;18.490883
1900-09-24 22:00:00+01:00;8;17.855283
1900-09-24 23:00:00+01:00;8.5;17.390515
1900-09-25 00:00:00+01:00;8.7;17.049827
1900-09-25 01:00:00+01:00;9.6;16.927993
1900-09-25 02:00:00+01:00;10;16.889632
1900-09-25 03:00:00+01:00;10;16.887383
1900-09-25 04:00:00+01:00;10.1;16.988329
1900-09-25 05:00:00+01:00;10;17.897246
1900-09-25 06:00:00+01:00;10.4;21.363795
1900-09-25 07:00:00+01:00;11.4;25.65999
1900-09-25 08:00:00+01:00;12.4;28.833099
1900-09-25 09:00:00+01:00;13;30.315795
1900-09-25 10:00:00+01:00;13.7;30.67332
1900-09-25 11:00:00+01:00;15.6;30.88895
1900-09-25 12:00:00+01:00;15;30.83782
1900-09-25 13:00:00+01:00;14.7;30.54232
1900-09-25 14:00:00+01:00;14.2;29.993679
1900-09-25 15:00:00+01:00;14.2;28.883133
1900-09-25 16:00:00+01:00;13;27.6631635
1900-09-25 17:00:00+01:00;12;24.6204138
1900-09-25 18:00:00+01:00;11.3;22.163733
1900-09-25 19:00:00+01:00;12;20.7035949
1900-09-25 20:00:00+01:00;11.4;19.4273567
1900-09-25 21:00:00+01:00;11.6;18.490883
1900-09-25 22:00:00+01:00;11.3;17.855283
1900-09-25 23:00:00+01:00;10.7;17.390515
1900-09-26 00:00:00+01:00;10;17.049827
1900-09-26 01:00:00+01:00;9.8;16.927993
1900-09-26 02:00:00+01:00;9.3;16.889632
1900-09-26 03:00:00+01:00;9.2;16.887383
1900-09-26 04:00:00+01:00;8.4;16.988329
1900-09-26 05:00:00+01:00;7.6;17.897246
1900-09-26 06:00:00+01:00;7.2;21.363795
1900-09-26 07:00:00+01:00;8;25.65999
1900-09-26 08:00:00+01:00;10;28.833099
1900-09-26 09:00:00+01:00;11.2;30.315795
1900-09-26 10:00:00+01:00;12.3;30.67332
1900-09-26 11:00:00+01:00;13;30.88895
1900-09-26 12:00:00+01:00;13.4;30.83782
1900-09-26 13:00:00+01:00;13.3;30.54232
1900-09-26 14:00:00+01:00;14.3;29.993679
1900-09-26 15:00:00+01:00;14.3;28.883133
1900-09-26 16:00:00+01:00;14.5;28.19378775
1900-09-26 17:00:00+01:00;12.7;24.84216624
1900-09-26 18:00:00+01:00;10;22.163733
1900-09-26 19:00:00+01:00;6.8;20.7035949
1900-09-26 20:00:00+01:00;5.4;19.4273567
1900-09-26 21:00:00+01:00;6;18.490883
1900-09-26 22:00:00+01:00;4.3;17.855283
1900-09-26 23:00:00+01:00;4.4;17.390515
1900-09-27 00:00:00+01:00;3.5;17.049827
1900-09-27 01:00:00+01:00;3.3;16.927993
1900-09-27 02:00:00+01:00;2.9;16.889632
1900-09-27 03:00:00+01:00;3.7;16.887383
1900-09-27 04:00:00+01:00;4.5;16.988329
1900-09-27 05:00:00+01:00;5;17.897246
1900-09-27 06:00:00+01:00;5.9;21.363795
1900-09-27 07:00:00+01:00;6.1;25.65999
1900-09-27 08:00:00+01:00;6.9;28.833099
1900-09-27 09:00:00+01:00;7.8;30.315795
1900-09-27 10:00:00+01:00;8.2;30.67332
1900-09-27 11:00:00+01:00;8.9;30.88895
1900-09-27 12:00:00+01:00;9.5;30.83782
1900-09-27 13:00:00+01:00;10.2;30.54232
1900-09-27 14:00:00+01:00;10.6;29.993679
1900-09-27 15:00:00+01:00;10.5;28.883133
1900-09-27 16:00:00+01:00;10.3;26.609758
1900-09-27 17:00:00+01:00;9.2;24.010435
1900-09-27 18:00:00+01:00;8.1;22.163733
1900-09-27 19:00:00+01:00;6.2;20.7035949
1900-09-27 20:00:00+01:00;5.5;19.4273567
1900-09-27 21:00:00+01:00;5.4;18.490883
1900-09-27 22:00:00+01:00;4.8;17.855283
1900-09-27 23:00:00+01:00;5.2;17.390515
1900-09-28 00:00:00+01:00;5.2;17.049827
1900-09-28 01:00:00+01:00;5.1;16.927993
1900-09-28 02:00:00+01:00;5.5;16.889632
1900-09-28 03:00:00+01:00;6;16.887383
1900-09-28 04:00:00+01:00;5.6;16.988329
1900-09-28 05:00:00+01:00;6;17.897246
1900-09-28 06:00:00+01:00;5;21.363795
1900-09-28 07:00:00+01:00;5;25.65999
1900-09-28 08:00:00+01:00;6.2;28.833099
1900-09-28 09:00:00+01:00;7.3;30.315795
1900-09-28 10:00:00+01:00;9.7;30.67332
1900-09-28 11:00:00+01:00;10.1;30.88895
1900-09-28 12:00:00+01:00;10.1;30.83782
1900-09-28 13:00:00+01:00;11.1;30.54232
1900-09-28 14:00:00+01:00;11;29.993679
1900-09-28 15:00:00+01:00;11.5;28.883133
1900-09-28 16:00:00+01:00;11;26.609758
1900-09-28 17:00:00+01:00;10;24.010435
1900-09-28 18:00:00+01:00;9.6;22.163733
1900-09-28 19:00:00+01:00;8.2;20.7035949
1900-09-28 20:00:00+01:00;7.5;19.4273567
1900-09-28 21:00:00+01:00;7.1;18.490883
1900-09-28 22:00:00+01:00;7.4;17.855283
1900-09-28 23:00:00+01:00;7.1;17.390515
1900-09-29 00:00:00+01:00;6.5;11.247858
1900-09-29 01:00:00+01:00;6.9;11.189895
1900-09-29 02:00:00+01:00;6.7;11.159755
1900-09-29 03:00:00+01:00;6.6;11.156236
1900-09-29 04:00:00+01:00;6.4;11.090969
1900-09-29 05:00:00+01:00;6.1;11.085708
1900-09-29 06:00:00+01:00;6.2;11.185433
1900-09-29 07:00:00+01:00;6.4;11.356602
1900-09-29 08:00:00+01:00;6.5;11.586917
1900-09-29 09:00:00+01:00;7;11.83713
1900-09-29 10:00:00+01:00;7;12.160864
1900-09-29 11:00:00+01:00;7;12.417611
1900-09-29 12:00:00+01:00;7.4;12.907256
1900-09-29 13:00:00+01:00;7.8;13.122565
1900-09-29 14:00:00+01:00;7.9;13.061459
1900-09-29 15:00:00+01:00;8;12.884488
1900-09-29 16:00:00+01:00;7.2;12.781079
1900-09-29 17:00:00+01:00;7;12.502277
1900-09-29 18:00:00+01:00;7.4;12.224691
1900-09-29 19:00:00+01:00;7.5;12.034665
1900-09-29 20:00:00+01:00;7.4;11.851783
1900-09-29 21:00:00+01:00;7.4;11.669916
1900-09-29 22:00:00+01:00;7.7;11.514587
1900-09-29 23:00:00+01:00;7.8;11.311442
1900-09-30 00:00:00+01:00;7.8;11.247858
1900-09-30 01:00:00+01:00;8.2;11.189895
1900-09-30 02:00:00+01:00;8.5;11.159755
1900-09-30 03:00:00+01:00;8.3;11.156236
1900-09-30 04:00:00+01:00;9;11.090969
1900-09-30 05:00:00+01:00;9;11.085708
1900-09-30 06:00:00+01:00;9.3;11.185433
1900-09-30 07:00:00+01:00;9.7;11.356602
1900-09-30 08:00:00+01:00;10.4;11.586917
1900-09-30 09:00:00+01:00;12.2;11.83713
1900-09-30 10:00:00+01:00;14;12.160864
1900-09-30 11:00:00+01:00;15;12.417611
1900-09-30 12:00:00+01:00;15.8;12.907256
1900-09-30 13:00:00+01:00;15.8;13.122565
1900-09-30 14:00:00+01:00;16.1;13.061459
1900-09-30 15:00:00+01:00;15.6;12.884488
1900-09-30 16:00:00+01:00;14.6;12.781079
1900-09-30 17:00:00+01:00;13.4;12.502277
1900-09-30 18:00:00+01:00;13.2;12.224691
1900-09-30 19:00:00+01:00;11.3;12.034665
1900-09-30 20:00:00+01:00;11.1;11.851783
1900-09-30 21:00:00+01:00;9.6;11.669916
1900-09-30 22:00:00+01:00;9;11.514587
1900-09-30 23:00:00+01:00;9;11.311442
1900-10-01 00:00:00+01:00;9.5;17.049827
1900-10-01 01:00:00+01:00;9.4;16.927993
1900-10-01 02:00:00+01:00;9.4;16.889632
1900-10-01 03:00:00+01:00;9.7;16.887383
1900-10-01 04:00:00+01:00;9.6;16.988329
1900-10-01 05:00:00+01:00;9.3;17.897246
1900-10-01 06:00:00+01:00;9.5;21.363795
1900-10-01 07:00:00+01:00;9.8;25.65999
1900-10-01 08:00:00+01:00;9.9;28.833099
1900-10-01 09:00:00+01:00;10.3;30.315795
1900-10-01 10:00:00+01:00;11.1;30.67332
1900-10-01 11:00:00+01:00;11.6;30.88895
1900-10-01 12:00:00+01:00;11.8;30.83782
1900-10-01 13:00:00+01:00;11.9;30.54232
1900-10-01 14:00:00+01:00;12.3;29.993679
1900-10-01 15:00:00+01:00;12.4;28.883133
1900-10-01 16:00:00+01:00;12.9;27.62778855
1900-10-01 17:00:00+01:00;12.8;24.87384516
1900-10-01 18:00:00+01:00;10.5;22.163733
1900-10-01 19:00:00+01:00;10;20.7035949
1900-10-01 20:00:00+01:00;9;19.4273567
1900-10-01 21:00:00+01:00;9;18.490883
1900-10-01 22:00:00+01:00;8.5;17.855283
1900-10-01 23:00:00+01:00;7.6;17.390515
1900-10-02 00:00:00+01:00;6.5;17.049827
1900-10-02 01:00:00+01:00;7.5;16.927993
1900-10-02 02:00:00+01:00;6.4;16.889632
1900-10-02 03:00:00+01:00;6.3;16.887383
1900-10-02 04:00:00+01:00;6.7;16.988329
1900-10-02 05:00:00+01:00;7;17.897246
1900-10-02 06:00:00+01:00;8;21.363795
1900-10-02 07:00:00+01:00;8.2;25.65999
1900-10-02 08:00:00+01:00;9.4;28.833099
1900-10-02 09:00:00+01:00;9.8;30.315795
1900-10-02 10:00:00+01:00;10.5;30.67332
1900-10-02 11:00:00+01:00;11;30.88895
1900-10-02 12:00:00+01:00;11.4;30.83782
1900-10-02 13:00:00+01:00;12;30.54232
1900-10-02 14:00:00+01:00;12.5;29.993679
1900-10-02 15:00:00+01:00;12.2;28.883133
1900-10-02 16:00:00+01:00;11.8;27.2386641
1900-10-02 17:00:00+01:00;10.6;24.010435
1900-10-02 18:00:00+01:00;9.3;22.163733
1900-10-02 19:00:00+01:00;7.3;20.7035949
1900-10-02 20:00:00+01:00;7;19.4273567
1900-10-02 21:00:00+01:00;6.6;18.490883
1900-10-02 22:00:00+01:00;6.6;17.855283
1900-10-02 23:00:00+01:00;7;17.390515
1900-10-03 00:00:00+01:00;6.5;17.049827
1900-10-03 01:00:00+01:00;7;16.927993
1900-10-03 02:00:00+01:00;7.1;16.889632
1900-10-03 03:00:00+01:00;7.2;16.887383
1900-10-03 04:00:00+01:00;8.1;16.988329
1900-10-03 05:00:00+01:00;8.7;17.897246
1900-10-03 06:00:00+01:00;8.9;21.363795
1900-10-03 07:00:00+01:00;9.4;25.65999
1900-10-03 08:00:00+01:00;9.6;28.833099
1900-10-03 09:00:00+01:00;9.8;30.315795
1900-10-03 10:00:00+01:00;9.8;30.67332
1900-10-03 11:00:00+01:00;9.9;30.88895
1900-10-03 12:00:00+01:00;10.2;30.83782
1900-10-03 13:00:00+01:00;10.7;30.54232
1900-10-03 14:00:00+01:00;11.4;29.993679
1900-10-03 15:00:00+01:00;12.5;28.883133
1900-10-03 16:00:00+01:00;12.2;27.3801639
1900-10-03 17:00:00+01:00;10.9;24.010435
1900-10-03 18:00:00+01:00;10;22.163733
1900-10-03 19:00:00+01:00;9.2;20.7035949
1900-10-03 20:00:00+01:00;8.7;19.4273567
1900-10-03 21:00:00+01:00;7.1;18.490883
1900-10-03 22:00:00+01:00;6.4;17.855283
1900-10-03 23:00:00+01:00;5.6;17.390515
1900-10-04 00:00:00+01:00;4.8;17.049827
1900-10-04 01:00:00+01:00;4.4;16.927993
1900-10-04 02:00:00+01:00;4.5;16.889632
1900-10-04 03:00:00+01:00;4.2;16.887383
1900-10-04 04:00:00+01:00;4.3;16.988329
1900-10-04 05:00:00+01:00;4.8;17.897246
1900-10-04 06:00:00+01:00;4.3;21.363795
1900-10-04 07:00:00+01:00;4.9;25.65999
1900-10-04 08:00:00+01:00;7.5;28.833099
1900-10-04 09:00:00+01:00;10.6;30.315795
1900-10-04 10:00:00+01:00;12.1;30.67332
1900-10-04 11:00:00+01:00;13.5;30.88895
1900-10-04 12:00:00+01:00;15.4;30.83782
1900-10-04 13:00:00+01:00;16.2;30.54232
1900-10-04 14:00:00+01:00;13;29.993679
1900-10-04 15:00:00+01:00;12.2;28.883133
1900-10-04 16:00:00+01:00;11;26.609758
1900-10-04 17:00:00+01:00;10;24.010435
1900-10-04 18:00:00+01:00;9.7;22.163733
1900-10-04 19:00:00+01:00;8.6;20.7035949
1900-10-04 20:00:00+01:00;7.4;19.4273567
1900-10-04 21:00:00+01:00;7.2;18.490883
1900-10-04 22:00:00+01:00;6.7;17.855283
1900-10-04 23:00:00+01:00;6.2;17.390515
1900-10-05 00:00:00+01:00;5.8;17.049827
1900-10-05 01:00:00+01:00;4.8;16.927993
1900-10-05 02:00:00+01:00;3.4;16.889632
1900-10-05 03:00:00+01:00;2.4;16.887383
1900-10-05 04:00:00+01:00;2.4;16.988329
1900-10-05 05:00:00+01:00;1.9;17.897246
1900-10-05 06:00:00+01:00;3.6;21.363795
1900-10-05 07:00:00+01:00;4.8;25.65999
1900-10-05 08:00:00+01:00;5.5;28.833099
1900-10-05 09:00:00+01:00;7;30.315795
1900-10-05 10:00:00+01:00;7.7;30.67332
1900-10-05 11:00:00+01:00;8.5;30.88895
1900-10-05 12:00:00+01:00;9.2;30.83782
1900-10-05 13:00:00+01:00;9.6;30.54232
1900-10-05 14:00:00+01:00;8.8;29.993679
1900-10-05 15:00:00+01:00;8.9;28.883133
1900-10-05 16:00:00+01:00;8.9;26.609758
1900-10-05 17:00:00+01:00;6.1;24.010435
1900-10-05 18:00:00+01:00;5;22.163733
1900-10-05 19:00:00+01:00;3.4;20.7035949
1900-10-05 20:00:00+01:00;2.6;19.4273567
1900-10-05 21:00:00+01:00;2.5;18.490883
1900-10-05 22:00:00+01:00;1.4;17.855283
1900-10-05 23:00:00+01:00;1;17.390515
1900-10-06 00:00:00+01:00;0.5;11.247858
1900-10-06 01:00:00+01:00;0.5;11.189895
1900-10-06 02:00:00+01:00;0.1;11.159755
1900-10-06 03:00:00+01:00;-1;11.156236
1900-10-06 04:00:00+01:00;-0.3;11.090969
1900-10-06 05:00:00+01:00;0.1;11.085708
1900-10-06 06:00:00+01:00;0.2;11.185433
1900-10-06 07:00:00+01:00;0.4;11.356602
1900-10-06 08:00:00+01:00;1.6;11.586917
1900-10-06 09:00:00+01:00;3.8;11.83713
1900-10-06 10:00:00+01:00;5;12.160864
1900-10-06 11:00:00+01:00;6.4;12.417611
1900-10-06 12:00:00+01:00;7.3;12.907256
1900-10-06 13:00:00+01:00;8.5;13.122565
1900-10-06 14:00:00+01:00;8.5;13.061459
1900-10-06 15:00:00+01:00;8;12.884488
1900-10-06 16:00:00+01:00;8.1;12.781079
1900-10-06 17:00:00+01:00;6.3;12.502277
1900-10-06 18:00:00+01:00;3.5;12.224691
1900-10-06 19:00:00+01:00;2.2;12.034665
1900-10-06 20:00:00+01:00;0.9;11.851783
1900-10-06 21:00:00+01:00;1.2;11.669916
1900-10-06 22:00:00+01:00;-1;11.514587
1900-10-06 23:00:00+01:00;-1.2;11.311442
1900-10-07 00:00:00+01:00;-2.5;11.247858
1900-10-07 01:00:00+01:00;-2.1;11.189895
1900-10-07 02:00:00+01:00;-4.3;11.159755
1900-10-07 03:00:00+01:00;-4.6;11.156236
1900-10-07 04:00:00+01:00;-5.3;11.090969
1900-10-07 05:00:00+01:00;-6.3;11.085708
1900-10-07 06:00:00+01:00;-6.8;11.185433
1900-10-07 07:00:00+01:00;-3;11.356602
1900-10-07 08:00:00+01:00;2;11.586917
1900-10-07 09:00:00+01:00;4;11.83713
1900-10-07 10:00:00+01:00;5.9;12.160864
1900-10-07 11:00:00+01:00;7.6;12.417611
1900-10-07 12:00:00+01:00;8.7;12.907256
1900-10-07 13:00:00+01:00;9;13.122565
1900-10-07 14:00:00+01:00;9.4;13.061459
1900-10-07 15:00:00+01:00;9.3;12.884488
1900-10-07 16:00:00+01:00;8.8;12.781079
1900-10-07 17:00:00+01:00;7.6;12.502277
1900-10-07 18:00:00+01:00;7.1;12.224691
1900-10-07 19:00:00+01:00;7.2;12.034665
1900-10-07 20:00:00+01:00;5.7;11.851783
1900-10-07 21:00:00+01:00;6;11.669916
1900-10-07 22:00:00+01:00;5.1;11.514587
1900-10-07 23:00:00+01:00;4.1;11.311442
1900-10-08 00:00:00+01:00;4.1;17.049827
1900-10-08 01:00:00+01:00;3.3;16.927993
1900-10-08 02:00:00+01:00;0.6;16.889632
1900-10-08 03:00:00+01:00;-1.2;16.887383
1900-10-08 04:00:00+01:00;-1.5;16.988329
1900-10-08 05:00:00+01:00;-3.1;17.897246
1900-10-08 06:00:00+01:00;-3.9;21.363795
1900-10-08 07:00:00+01:00;-2;25.65999
1900-10-08 08:00:00+01:00;3.2;28.833099
1900-10-08 09:00:00+01:00;5.3;30.315795
1900-10-08 10:00:00+01:00;6.5;30.67332
1900-10-08 11:00:00+01:00;8.4;30.88895
1900-10-08 12:00:00+01:00;9.3;30.83782
1900-10-08 13:00:00+01:00;10;30.54232
1900-10-08 14:00:00+01:00;10.4;29.993679
1900-10-08 15:00:00+01:00;10;28.883133
1900-10-08 16:00:00+01:00;10;26.609758
1900-10-08 17:00:00+01:00;8.6;24.010435
1900-10-08 18:00:00+01:00;4.6;22.163733
1900-10-08 19:00:00+01:00;3;20.7035949
1900-10-08 20:00:00+01:00;1.8;19.4273567
1900-10-08 21:00:00+01:00;1;18.490883
1900-10-08 22:00:00+01:00;0;17.855283
1900-10-08 23:00:00+01:00;-0.3;17.390515
1900-10-09 00:00:00+01:00;-0.6;17.049827
1900-10-09 01:00:00+01:00;-0.7;16.927993
1900-10-09 02:00:00+01:00;-1.7;16.889632
1900-10-09 03:00:00+01:00;-2.3;16.887383
1900-10-09 04:00:00+01:00;-3.5;16.988329
1900-10-09 05:00:00+01:00;-2.5;17.897246
1900-10-09 06:00:00+01:00;-3.4;21.363795
1900-10-09 07:00:00+01:00;-2.8;25.65999
1900-10-09 08:00:00+01:00;2.1;28.833099
1900-10-09 09:00:00+01:00;5.4;30.315795
1900-10-09 10:00:00+01:00;6.6;30.67332
1900-10-09 11:00:00+01:00;8.4;30.88895
1900-10-09 12:00:00+01:00;9.1;30.83782
1900-10-09 13:00:00+01:00;10.2;30.54232
1900-10-09 14:00:00+01:00;10.8;29.993679
1900-10-09 15:00:00+01:00;10.4;28.883133
1900-10-09 16:00:00+01:00;9.9;26.609758
1900-10-09 17:00:00+01:00;8.4;24.010435
1900-10-09 18:00:00+01:00;4.9;22.163733
1900-10-09 19:00:00+01:00;3.9;20.7035949
1900-10-09 20:00:00+01:00;2.8;19.4273567
1900-10-09 21:00:00+01:00;1.4;18.490883
1900-10-09 22:00:00+01:00;0.6;17.855283
1900-10-09 23:00:00+01:00;-0.1;17.390515
1900-10-10 00:00:00+01:00;0.1;17.049827
1900-10-10 01:00:00+01:00;1.2;16.927993
1900-10-10 02:00:00+01:00;0.4;16.889632
1900-10-10 03:00:00+01:00;1.7;16.887383
1900-10-10 04:00:00+01:00;-0.5;16.988329
1900-10-10 05:00:00+01:00;0.2;17.897246
1900-10-10 06:00:00+01:00;0.7;21.363795
1900-10-10 07:00:00+01:00;1.2;25.65999
1900-10-10 08:00:00+01:00;3.3;28.833099
1900-10-10 09:00:00+01:00;5.8;30.315795
1900-10-10 10:00:00+01:00;6.7;30.67332
1900-10-10 11:00:00+01:00;7;30.88895
1900-10-10 12:00:00+01:00;7.7;30.83782
1900-10-10 13:00:00+01:00;8.4;30.54232
1900-10-10 14:00:00+01:00;8.2;29.993679
1900-10-10 15:00:00+01:00;8.2;28.883133
1900-10-10 16:00:00+01:00;7.6;26.609758
1900-10-10 17:00:00+01:00;6.8;24.010435
1900-10-10 18:00:00+01:00;6;22.163733
1900-10-10 19:00:00+01:00;5.7;20.7035949
1900-10-10 20:00:00+01:00;5.6;19.4273567
1900-10-10 21:00:00+01:00;5.6;18.490883
1900-10-10 22:00:00+01:00;5.3;17.855283
1900-10-10 23:00:00+01:00;5.2;17.390515
1900-10-11 00:00:00+01:00;5;17.049827
1900-10-11 01:00:00+01:00;4.2;16.927993
1900-10-11 02:00:00+01:00;3.6;16.889632
1900-10-11 03:00:00+01:00;3.4;16.887383
1900-10-11 04:00:00+01:00;3.6;16.988329
1900-10-11 05:00:00+01:00;3.7;17.897246
1900-10-11 06:00:00+01:00;4;21.363795
1900-10-11 07:00:00+01:00;3.9;25.65999
1900-10-11 08:00:00+01:00;4.2;28.833099
1900-10-11 09:00:00+01:00;4.6;30.315795
1900-10-11 10:00:00+01:00;5;30.67332
1900-10-11 11:00:00+01:00;5.1;30.88895
1900-10-11 12:00:00+01:00;5.2;30.83782
1900-10-11 13:00:00+01:00;5.4;30.54232
1900-10-11 14:00:00+01:00;5.6;29.993679
1900-10-11 15:00:00+01:00;5.4;28.883133
1900-10-11 16:00:00+01:00;5.8;26.609758
1900-10-11 17:00:00+01:00;5.9;24.010435
1900-10-11 18:00:00+01:00;5.8;22.163733
1900-10-11 19:00:00+01:00;5.8;20.7035949
1900-10-11 20:00:00+01:00;6;19.4273567
1900-10-11 21:00:00+01:00;6.7;18.490883
1900-10-11 22:00:00+01:00;7.5;17.855283
1900-10-11 23:00:00+01:00;7.5;17.390515
1900-10-12 00:00:00+01:00;7.8;17.049827
1900-10-12 01:00:00+01:00;7.7;16.927993
1900-10-12 02:00:00+01:00;7.9;16.889632
1900-10-12 03:00:00+01:00;7.4;16.887383
1900-10-12 04:00:00+01:00;7.7;16.988329
1900-10-12 05:00:00+01:00;7.7;17.897246
1900-10-12 06:00:00+01:00;8;21.363795
1900-10-12 07:00:00+01:00;7.8;25.65999
1900-10-12 08:00:00+01:00;8;28.833099
1900-10-12 09:00:00+01:00;8.1;30.315795
1900-10-12 10:00:00+01:00;8;30.67332
1900-10-12 11:00:00+01:00;8.4;30.88895
1900-10-12 12:00:00+01:00;9;30.83782
1900-10-12 13:00:00+01:00;9.2;30.54232
1900-10-12 14:00:00+01:00;9.1;29.993679
1900-10-12 15:00:00+01:00;9.5;28.883133
1900-10-12 16:00:00+01:00;9.4;26.609758
1900-10-12 17:00:00+01:00;9.3;24.010435
1900-10-12 18:00:00+01:00;9.1;22.163733
1900-10-12 19:00:00+01:00;9.1;20.7035949
1900-10-12 20:00:00+01:00;8.9;19.4273567
1900-10-12 21:00:00+01:00;9;18.490883
1900-10-12 22:00:00+01:00;8.2;17.855283
1900-10-12 23:00:00+01:00;5.9;17.390515
1900-10-13 00:00:00+01:00;5;11.247858
1900-10-13 01:00:00+01:00;4.7;11.189895
1900-10-13 02:00:00+01:00;4.8;11.159755
1900-10-13 03:00:00+01:00;7;11.156236
1900-10-13 04:00:00+01:00;6.8;11.090969
1900-10-13 05:00:00+01:00;7.4;11.085708
1900-10-13 06:00:00+01:00;7.6;11.185433
1900-10-13 07:00:00+01:00;8;11.356602
1900-10-13 08:00:00+01:00;9;11.586917
1900-10-13 09:00:00+01:00;11.6;11.83713
1900-10-13 10:00:00+01:00;12.7;12.160864
1900-10-13 11:00:00+01:00;13.4;12.417611
1900-10-13 12:00:00+01:00;14.3;12.907256
1900-10-13 13:00:00+01:00;14;13.122565
1900-10-13 14:00:00+01:00;15.9;13.061459
1900-10-13 15:00:00+01:00;13.9;12.884488
1900-10-13 16:00:00+01:00;13.4;12.781079
1900-10-13 17:00:00+01:00;12.6;12.502277
1900-10-13 18:00:00+01:00;12.8;12.224691
1900-10-13 19:00:00+01:00;12;12.034665
1900-10-13 20:00:00+01:00;11.7;11.851783
1900-10-13 21:00:00+01:00;11.4;11.669916
1900-10-13 22:00:00+01:00;11.2;11.514587
1900-10-13 23:00:00+01:00;11.3;11.311442
1900-10-14 00:00:00+01:00;11;11.247858
1900-10-14 01:00:00+01:00;10.8;11.189895
1900-10-14 02:00:00+01:00;10.5;11.159755
1900-10-14 03:00:00+01:00;9.4;11.156236
1900-10-14 04:00:00+01:00;8;11.090969
1900-10-14 05:00:00+01:00;8.3;11.085708
1900-10-14 06:00:00+01:00;10.2;11.185433
1900-10-14 07:00:00+01:00;9.7;11.356602
1900-10-14 08:00:00+01:00;10;11.586917
1900-10-14 09:00:00+01:00;11.2;11.83713
1900-10-14 10:00:00+01:00;11.4;12.160864
1900-10-14 11:00:00+01:00;13.9;12.417611
1900-10-14 12:00:00+01:00;15.6;12.907256
1900-10-14 13:00:00+01:00;16.8;13.122565
1900-10-14 14:00:00+01:00;17.2;13.061459
1900-10-14 15:00:00+01:00;15.1;12.884488
1900-10-14 16:00:00+01:00;11.7;12.781079
1900-10-14 17:00:00+01:00;11.9;12.502277
1900-10-14 18:00:00+01:00;11.8;12.224691
1900-10-14 19:00:00+01:00;10.6;12.034665
1900-10-14 20:00:00+01:00;10;11.851783
1900-10-14 21:00:00+01:00;10;11.669916
1900-10-14 22:00:00+01:00;9.6;11.514587
1900-10-14 23:00:00+01:00;8.6;11.311442
1900-10-15 00:00:00+01:00;7.3;17.049827
1900-10-15 01:00:00+01:00;8.4;16.927993
1900-10-15 02:00:00+01:00;8;16.889632
1900-10-15 03:00:00+01:00;7.3;16.887383
1900-10-15 04:00:00+01:00;6.8;16.988329
1900-10-15 05:00:00+01:00;6.4;17.897246
1900-10-15 06:00:00+01:00;6;21.363795
1900-10-15 07:00:00+01:00;6;25.65999
1900-10-15 08:00:00+01:00;6.2;28.833099
1900-10-15 09:00:00+01:00;6.3;30.315795
1900-10-15 10:00:00+01:00;6.7;30.67332
1900-10-15 11:00:00+01:00;7;30.88895
1900-10-15 12:00:00+01:00;7;30.83782
1900-10-15 13:00:00+01:00;7.4;30.54232
1900-10-15 14:00:00+01:00;7.6;29.993679
1900-10-15 15:00:00+01:00;7.4;28.883133
1900-10-15 16:00:00+01:00;7.4;26.609758
1900-10-15 17:00:00+01:00;7.2;24.010435
1900-10-15 18:00:00+01:00;7;22.163733
1900-10-15 19:00:00+01:00;7;20.7035949
1900-10-15 20:00:00+01:00;6.9;19.4273567
1900-10-15 21:00:00+01:00;6.8;18.490883
1900-10-15 22:00:00+01:00;6.5;17.855283
1900-10-15 23:00:00+01:00;6;17.390515
1900-10-16 00:00:00+01:00;6;17.049827
1900-10-16 01:00:00+01:00;6;16.927993
1900-10-16 02:00:00+01:00;6;16.889632
1900-10-16 03:00:00+01:00;6.2;16.887383
1900-10-16 04:00:00+01:00;6.3;16.988329
1900-10-16 05:00:00+01:00;6.2;17.897246
1900-10-16 06:00:00+01:00;6.2;21.363795
1900-10-16 07:00:00+01:00;6.1;25.65999
1900-10-16 08:00:00+01:00;6.3;28.833099
1900-10-16 09:00:00+01:00;6.2;30.315795
1900-10-16 10:00:00+01:00;6.9;30.67332
1900-10-16 11:00:00+01:00;8.4;30.88895
1900-10-16 12:00:00+01:00;8.8;30.83782
1900-10-16 13:00:00+01:00;8.9;30.54232
1900-10-16 14:00:00+01:00;8.7;29.993679
1900-10-16 15:00:00+01:00;8.6;28.883133
1900-10-16 16:00:00+01:00;8.9;26.609758
1900-10-16 17:00:00+01:00;9.2;24.010435
1900-10-16 18:00:00+01:00;9.2;22.163733
1900-10-16 19:00:00+01:00;8.8;20.7035949
1900-10-16 20:00:00+01:00;8.8;19.4273567
1900-10-16 21:00:00+01:00;8.4;18.490883
1900-10-16 22:00:00+01:00;8.1;17.855283
1900-10-16 23:00:00+01:00;8.6;17.390515
1900-10-17 00:00:00+01:00;8.3;17.049827
1900-10-17 01:00:00+01:00;8.3;16.927993
1900-10-17 02:00:00+01:00;8.1;16.889632
1900-10-17 03:00:00+01:00;8.2;16.887383
1900-10-17 04:00:00+01:00;7.8;16.988329
1900-10-17 05:00:00+01:00;6.9;17.897246
1900-10-17 06:00:00+01:00;6.8;21.363795
1900-10-17 07:00:00+01:00;6.8;25.65999
1900-10-17 08:00:00+01:00;6.2;28.833099
1900-10-17 09:00:00+01:00;6.6;30.315795
1900-10-17 10:00:00+01:00;6.7;30.67332
1900-10-17 11:00:00+01:00;7.8;30.88895
1900-10-17 12:00:00+01:00;8.2;30.83782
1900-10-17 13:00:00+01:00;8.2;30.54232
1900-10-17 14:00:00+01:00;8;29.993679
1900-10-17 15:00:00+01:00;7.3;28.883133
1900-10-17 16:00:00+01:00;7.6;26.609758
1900-10-17 17:00:00+01:00;6.3;24.010435
1900-10-17 18:00:00+01:00;5.6;22.163733
1900-10-17 19:00:00+01:00;5.7;20.7035949
1900-10-17 20:00:00+01:00;5.7;19.4273567
1900-10-17 21:00:00+01:00;5.5;18.490883
1900-10-17 22:00:00+01:00;5.4;17.855283
1900-10-17 23:00:00+01:00;5.2;17.390515
1900-10-18 00:00:00+01:00;5.8;17.049827
1900-10-18 01:00:00+01:00;5.6;16.927993
1900-10-18 02:00:00+01:00;5.6;16.889632
1900-10-18 03:00:00+01:00;5.2;16.887383
1900-10-18 04:00:00+01:00;5.2;16.988329
1900-10-18 05:00:00+01:00;5.2;17.897246
1900-10-18 06:00:00+01:00;4.6;21.363795
1900-10-18 07:00:00+01:00;4.4;25.65999
1900-10-18 08:00:00+01:00;5.4;28.833099
1900-10-18 09:00:00+01:00;7.1;30.315795
1900-10-18 10:00:00+01:00;7.6;30.67332
1900-10-18 11:00:00+01:00;8.4;30.88895
1900-10-18 12:00:00+01:00;8.6;30.83782
1900-10-18 13:00:00+01:00;9;30.54232
1900-10-18 14:00:00+01:00;9.2;29.993679
1900-10-18 15:00:00+01:00;9;28.883133
1900-10-18 16:00:00+01:00;8.7;26.609758
1900-10-18 17:00:00+01:00;6.6;24.010435
1900-10-18 18:00:00+01:00;5.7;22.163733
1900-10-18 19:00:00+01:00;4.7;20.7035949
1900-10-18 20:00:00+01:00;3;19.4273567
1900-10-18 21:00:00+01:00;2.4;18.490883
1900-10-18 22:00:00+01:00;2.8;17.855283
1900-10-18 23:00:00+01:00;2.5;17.390515
1900-10-19 00:00:00+01:00;2;17.049827
1900-10-19 01:00:00+01:00;0.5;16.927993
1900-10-19 02:00:00+01:00;-0.3;16.889632
1900-10-19 03:00:00+01:00;-1;16.887383
1900-10-19 04:00:00+01:00;-1.4;16.988329
1900-10-19 05:00:00+01:00;-2;17.897246
1900-10-19 06:00:00+01:00;-2.4;21.363795
1900-10-19 07:00:00+01:00;-1.7;25.65999
1900-10-19 08:00:00+01:00;0.6;28.833099
1900-10-19 09:00:00+01:00;2.6;30.315795
1900-10-19 10:00:00+01:00;4.5;30.67332
1900-10-19 11:00:00+01:00;5.5;30.88895
1900-10-19 12:00:00+01:00;6.4;30.83782
1900-10-19 13:00:00+01:00;8;30.54232
1900-10-19 14:00:00+01:00;8.6;29.993679
1900-10-19 15:00:00+01:00;7.8;28.883133
1900-10-19 16:00:00+01:00;6.2;26.609758
1900-10-19 17:00:00+01:00;3.7;24.010435
1900-10-19 18:00:00+01:00;2.7;22.163733
1900-10-19 19:00:00+01:00;0.6;20.7035949
1900-10-19 20:00:00+01:00;-0.3;19.4273567
1900-10-19 21:00:00+01:00;0;18.490883
1900-10-19 22:00:00+01:00;-0.6;17.855283
1900-10-19 23:00:00+01:00;-0.8;17.390515
1900-10-20 00:00:00+01:00;-0.7;11.247858
1900-10-20 01:00:00+01:00;-0.6;11.189895
1900-10-20 02:00:00+01:00;0.4;11.159755
1900-10-20 03:00:00+01:00;1;11.156236
1900-10-20 04:00:00+01:00;2;11.090969
1900-10-20 05:00:00+01:00;2.6;11.085708
1900-10-20 06:00:00+01:00;3;11.185433
1900-10-20 07:00:00+01:00;2.8;11.356602
1900-10-20 08:00:00+01:00;4.4;11.586917
1900-10-20 09:00:00+01:00;8.5;11.83713
1900-10-20 10:00:00+01:00;9.3;12.160864
1900-10-20 11:00:00+01:00;9.5;12.417611
1900-10-20 12:00:00+01:00;9.7;12.907256
1900-10-20 13:00:00+01:00;9.8;13.122565
1900-10-20 14:00:00+01:00;9.9;13.061459
1900-10-20 15:00:00+01:00;9.7;12.884488
1900-10-20 16:00:00+01:00;9;12.781079
1900-10-20 17:00:00+01:00;9.1;12.502277
1900-10-20 18:00:00+01:00;9.5;12.224691
1900-10-20 19:00:00+01:00;9.8;12.034665
1900-10-20 20:00:00+01:00;9.6;11.851783
1900-10-20 21:00:00+01:00;9.4;11.669916
1900-10-20 22:00:00+01:00;8.5;11.514587
1900-10-20 23:00:00+01:00;8.4;11.311442
1900-10-21 00:00:00+01:00;7.2;11.247858
1900-10-21 01:00:00+01:00;7.4;11.189895
1900-10-21 02:00:00+01:00;7.2;11.159755
1900-10-21 03:00:00+01:00;6.8;11.156236
1900-10-21 04:00:00+01:00;6.8;11.090969
1900-10-21 05:00:00+01:00;6.8;11.085708
1900-10-21 06:00:00+01:00;6.5;11.185433
1900-10-21 07:00:00+01:00;6.9;11.356602
1900-10-21 08:00:00+01:00;7.4;11.586917
1900-10-21 09:00:00+01:00;8.8;11.83713
1900-10-21 10:00:00+01:00;8.9;12.160864
1900-10-21 11:00:00+01:00;10.7;12.417611
1900-10-21 12:00:00+01:00;12;12.907256
1900-10-21 13:00:00+01:00;13.3;13.122565
1900-10-21 14:00:00+01:00;15;13.061459
1900-10-21 15:00:00+01:00;14;12.884488
1900-10-21 16:00:00+01:00;13.6;12.781079
1900-10-21 17:00:00+01:00;12.4;12.502277
1900-10-21 18:00:00+01:00;11.5;12.224691
1900-10-21 19:00:00+01:00;10.8;12.034665
1900-10-21 20:00:00+01:00;11.1;11.851783
1900-10-21 21:00:00+01:00;10.1;11.669916
1900-10-21 22:00:00+01:00;9.4;11.514587
1900-10-21 23:00:00+01:00;10.3;11.311442
1900-10-22 00:00:00+01:00;11;17.049827
1900-10-22 01:00:00+01:00;11.1;16.927993
1900-10-22 02:00:00+01:00;11.3;16.889632
1900-10-22 03:00:00+01:00;11.2;16.887383
1900-10-22 04:00:00+01:00;11;16.988329
1900-10-22 05:00:00+01:00;10.7;17.897246
1900-10-22 06:00:00+01:00;10.4;21.363795
1900-10-22 07:00:00+01:00;10.9;25.65999
1900-10-22 08:00:00+01:00;10.9;28.833099
1900-10-22 09:00:00+01:00;10.5;30.315795
1900-10-22 10:00:00+01:00;12;30.67332
1900-10-22 11:00:00+01:00;12.9;30.88895
1900-10-22 12:00:00+01:00;14.2;30.83782
1900-10-22 13:00:00+01:00;14.8;30.54232
1900-10-22 14:00:00+01:00;14.5;29.993679
1900-10-22 15:00:00+01:00;19.6;31.19576564
1900-10-22 16:00:00+01:00;18.6;29.6441607
1900-10-22 17:00:00+01:00;14.6;25.44406572
1900-10-22 18:00:00+01:00;13.8;22.163733
1900-10-22 19:00:00+01:00;13.1;20.7035949
1900-10-22 20:00:00+01:00;13;19.4273567
1900-10-22 21:00:00+01:00;13.2;18.490883
1900-10-22 22:00:00+01:00;11.5;17.855283
1900-10-22 23:00:00+01:00;11.5;17.390515
1900-10-23 00:00:00+01:00;10.4;17.049827
1900-10-23 01:00:00+01:00;11.3;16.927993
1900-10-23 02:00:00+01:00;10;16.889632
1900-10-23 03:00:00+01:00;8.5;16.887383
1900-10-23 04:00:00+01:00;9.4;16.988329
1900-10-23 05:00:00+01:00;7.9;17.897246
1900-10-23 06:00:00+01:00;8;21.363795
1900-10-23 07:00:00+01:00;9.1;25.65999
1900-10-23 08:00:00+01:00;9.6;28.833099
1900-10-23 09:00:00+01:00;9.8;30.315795
1900-10-23 10:00:00+01:00;11.2;30.67332
1900-10-23 11:00:00+01:00;13.7;30.88895
1900-10-23 12:00:00+01:00;13;30.83782
1900-10-23 13:00:00+01:00;12.6;30.54232
1900-10-23 14:00:00+01:00;11.6;29.993679
1900-10-23 15:00:00+01:00;11;28.883133
1900-10-23 16:00:00+01:00;10;26.609758
1900-10-23 17:00:00+01:00;7.2;24.010435
1900-10-23 18:00:00+01:00;5.9;22.163733
1900-10-23 19:00:00+01:00;5;20.7035949
1900-10-23 20:00:00+01:00;4.7;19.4273567
1900-10-23 21:00:00+01:00;3.6;18.490883
1900-10-23 22:00:00+01:00;3.7;17.855283
1900-10-23 23:00:00+01:00;4.1;17.390515
1900-10-24 00:00:00+01:00;3.8;17.049827
1900-10-24 01:00:00+01:00;4;16.927993
1900-10-24 02:00:00+01:00;3.6;16.889632
1900-10-24 03:00:00+01:00;3.8;16.887383
1900-10-24 04:00:00+01:00;3.8;16.988329
1900-10-24 05:00:00+01:00;3.8;17.897246
1900-10-24 06:00:00+01:00;3.5;21.363795
1900-10-24 07:00:00+01:00;3.5;25.65999
1900-10-24 08:00:00+01:00;4;28.833099
1900-10-24 09:00:00+01:00;5.9;30.315795
1900-10-24 10:00:00+01:00;8.3;30.67332
1900-10-24 11:00:00+01:00;8.3;30.88895
1900-10-24 12:00:00+01:00;8;30.83782
1900-10-24 13:00:00+01:00;7.9;30.54232
1900-10-24 14:00:00+01:00;7.8;29.993679
1900-10-24 15:00:00+01:00;7;28.883133
1900-10-24 16:00:00+01:00;6.4;26.609758
1900-10-24 17:00:00+01:00;6.1;24.010435
1900-10-24 18:00:00+01:00;5.9;22.163733
1900-10-24 19:00:00+01:00;5.6;20.7035949
1900-10-24 20:00:00+01:00;5;19.4273567
1900-10-24 21:00:00+01:00;5.3;18.490883
1900-10-24 22:00:00+01:00;4.9;17.855283
1900-10-24 23:00:00+01:00;4.7;17.390515
1900-10-25 00:00:00+01:00;4.3;17.049827
1900-10-25 01:00:00+01:00;3.5;16.927993
1900-10-25 02:00:00+01:00;3.4;16.889632
1900-10-25 03:00:00+01:00;3.2;16.887383
1900-10-25 04:00:00+01:00;3;16.988329
1900-10-25 05:00:00+01:00;2.2;17.897246
1900-10-25 06:00:00+01:00;1.9;21.363795
1900-10-25 07:00:00+01:00;1.1;25.65999
1900-10-25 08:00:00+01:00;1.2;28.833099
1900-10-25 09:00:00+01:00;0.9;30.315795
1900-10-25 10:00:00+01:00;1.8;30.67332
1900-10-25 11:00:00+01:00;2.4;30.88895
1900-10-25 12:00:00+01:00;2.3;30.83782
1900-10-25 13:00:00+01:00;2.8;30.54232
1900-10-25 14:00:00+01:00;2.7;29.993679
1900-10-25 15:00:00+01:00;2.6;28.883133
1900-10-25 16:00:00+01:00;2.6;26.609758
1900-10-25 17:00:00+01:00;2.9;24.010435
1900-10-25 18:00:00+01:00;2.7;22.163733
1900-10-25 19:00:00+01:00;2.8;20.7035949
1900-10-25 20:00:00+01:00;3.2;19.4273567
1900-10-25 21:00:00+01:00;4;18.490883
1900-10-25 22:00:00+01:00;4.6;17.855283
1900-10-25 23:00:00+01:00;5.3;17.390515
1900-10-26 00:00:00+01:00;8.9;17.049827
1900-10-26 01:00:00+01:00;9.8;16.927993
1900-10-26 02:00:00+01:00;9.5;16.889632
1900-10-26 03:00:00+01:00;9.7;16.887383
1900-10-26 04:00:00+01:00;10.2;16.988329
1900-10-26 05:00:00+01:00;10.1;17.897246
1900-10-26 06:00:00+01:00;10.1;21.363795
1900-10-26 07:00:00+01:00;10.3;25.65999
1900-10-26 08:00:00+01:00;10.6;28.833099
1900-10-26 09:00:00+01:00;9.8;30.315795
1900-10-26 10:00:00+01:00;10;30.67332
1900-10-26 11:00:00+01:00;10.6;30.88895
1900-10-26 12:00:00+01:00;10.6;30.83782
1900-10-26 13:00:00+01:00;10.7;30.54232
1900-10-26 14:00:00+01:00;10.3;29.993679
1900-10-26 15:00:00+01:00;10.3;28.883133
1900-10-26 16:00:00+01:00;10.1;26.609758
1900-10-26 17:00:00+01:00;10.4;24.010435
1900-10-26 18:00:00+01:00;9.7;22.163733
1900-10-26 19:00:00+01:00;9.3;20.7035949
1900-10-26 20:00:00+01:00;9;19.4273567
1900-10-26 21:00:00+01:00;7.1;18.490883
1900-10-26 22:00:00+01:00;7.3;17.855283
1900-10-26 23:00:00+01:00;7.2;17.390515
1900-10-27 00:00:00+01:00;6.6;11.247858
1900-10-27 01:00:00+01:00;6.4;11.189895
1900-10-27 02:00:00+01:00;6.1;11.159755
1900-10-27 03:00:00+01:00;6;11.156236
1900-10-27 04:00:00+01:00;6;11.090969
1900-10-27 05:00:00+01:00;5.3;11.085708
1900-10-27 06:00:00+01:00;5;11.185433
1900-10-27 07:00:00+01:00;4.9;11.356602
1900-10-27 08:00:00+01:00;4.8;11.586917
1900-10-27 09:00:00+01:00;4.8;11.83713
1900-10-27 10:00:00+01:00;4.4;12.160864
1900-10-27 11:00:00+01:00;4.5;12.417611
1900-10-27 12:00:00+01:00;4.4;12.907256
1900-10-27 13:00:00+01:00;4.1;13.122565
1900-10-27 14:00:00+01:00;3.5;13.061459
1900-10-27 15:00:00+01:00;2.9;12.884488
1900-10-27 16:00:00+01:00;2;12.781079
1900-10-27 17:00:00+01:00;2;12.502277
1900-10-27 18:00:00+01:00;2.2;12.224691
1900-10-27 19:00:00+01:00;2;12.034665
1900-10-27 20:00:00+01:00;1;11.851783
1900-10-27 21:00:00+01:00;0.8;11.669916
1900-10-27 22:00:00+01:00;0.7;11.514587
1900-10-27 23:00:00+01:00;0.9;11.311442
1900-10-28 00:00:00+01:00;1.7;11.247858
1900-10-28 01:00:00+01:00;1.8;11.189895
1900-10-28 02:00:00+01:00;1.6;11.159755
1900-10-28 03:00:00+01:00;1.5;11.156236
1900-10-28 04:00:00+01:00;1.3;11.090969
1900-10-28 05:00:00+01:00;1.3;11.085708
1900-10-28 06:00:00+01:00;1.4;11.185433
1900-10-28 07:00:00+01:00;1.5;11.356602
1900-10-28 08:00:00+01:00;2.7;11.586917
1900-10-28 09:00:00+01:00;2;11.83713
1900-10-28 10:00:00+01:00;2.3;12.160864
1900-10-28 11:00:00+01:00;2.6;12.417611
1900-10-28 12:00:00+01:00;2.9;12.907256
1900-10-28 13:00:00+01:00;2.9;13.122565
1900-10-28 14:00:00+01:00;3;13.061459
1900-10-28 15:00:00+01:00;3;12.884488
1900-10-28 16:00:00+01:00;3;12.781079
1900-10-28 17:00:00+01:00;2.9;12.502277
1900-10-28 18:00:00+01:00;3;12.224691
1900-10-28 19:00:00+01:00;3.1;12.034665
1900-10-28 20:00:00+01:00;3;11.851783
1900-10-28 21:00:00+01:00;3.1;11.669916
1900-10-28 22:00:00+01:00;3.1;11.514587
1900-10-28 23:00:00+01:00;3.2;11.311442
1900-10-29 00:00:00+01:00;3.3;17.049827
1900-10-29 01:00:00+01:00;3.5;16.927993
1900-10-29 02:00:00+01:00;4;16.889632
1900-10-29 03:00:00+01:00;4.2;16.887383
1900-10-29 04:00:00+01:00;4.5;16.988329
1900-10-29 05:00:00+01:00;4.6;17.897246
1900-10-29 06:00:00+01:00;5;21.363795
1900-10-29 07:00:00+01:00;5.8;25.65999
1900-10-29 08:00:00+01:00;6.5;28.833099
1900-10-29 09:00:00+01:00;9.6;30.315795
1900-10-29 10:00:00+01:00;9.5;30.67332
1900-10-29 11:00:00+01:00;9.5;30.88895
1900-10-29 12:00:00+01:00;9.4;30.83782
1900-10-29 13:00:00+01:00;9.4;30.54232
1900-10-29 14:00:00+01:00;9;29.993679
1900-10-29 15:00:00+01:00;8.3;28.883133
1900-10-29 16:00:00+01:00;7.9;26.609758
1900-10-29 17:00:00+01:00;7.4;24.010435
1900-10-29 18:00:00+01:00;6.6;22.163733
1900-10-29 19:00:00+01:00;5.4;20.7035949
1900-10-29 20:00:00+01:00;4.6;19.4273567
1900-10-29 21:00:00+01:00;4.3;18.490883
1900-10-29 22:00:00+01:00;3.3;17.855283
1900-10-29 23:00:00+01:00;3.4;17.390515
1900-10-30 00:00:00+01:00;3.4;17.049827
1900-10-30 01:00:00+01:00;4.4;16.927993
1900-10-30 02:00:00+01:00;5.3;16.889632
1900-10-30 03:00:00+01:00;6.1;16.887383
1900-10-30 04:00:00+01:00;7.5;16.988329
1900-10-30 05:00:00+01:00;6.7;17.897246
1900-10-30 06:00:00+01:00;6.3;21.363795
1900-10-30 07:00:00+01:00;5.4;25.65999
1900-10-30 08:00:00+01:00;5.2;28.833099
1900-10-30 09:00:00+01:00;5.1;30.315795
1900-10-30 10:00:00+01:00;5;30.67332
1900-10-30 11:00:00+01:00;5.1;30.88895
1900-10-30 12:00:00+01:00;5.5;30.83782
1900-10-30 13:00:00+01:00;5.6;30.54232
1900-10-30 14:00:00+01:00;5.4;29.993679
1900-10-30 15:00:00+01:00;5.2;28.883133
1900-10-30 16:00:00+01:00;5;26.609758
1900-10-30 17:00:00+01:00;4.9;24.010435
1900-10-30 18:00:00+01:00;4.4;22.163733
1900-10-30 19:00:00+01:00;4.2;20.7035949
1900-10-30 20:00:00+01:00;4;19.4273567
1900-10-30 21:00:00+01:00;3.9;18.490883
1900-10-30 22:00:00+01:00;3.7;17.855283
1900-10-30 23:00:00+01:00;2.3;17.390515
1900-10-31 00:00:00+01:00;2.5;17.049827
1900-10-31 01:00:00+01:00;2.5;16.927993
1900-10-31 02:00:00+01:00;2.7;16.889632
1900-10-31 03:00:00+01:00;2.3;16.887383
1900-10-31 04:00:00+01:00;2.4;16.988329
1900-10-31 05:00:00+01:00;2.1;17.897246
1900-10-31 06:00:00+01:00;1.6;21.363795
1900-10-31 07:00:00+01:00;1.7;25.65999
1900-10-31 08:00:00+01:00;1;28.833099
1900-10-31 09:00:00+01:00;0.8;30.315795
1900-10-31 10:00:00+01:00;0.7;30.67332
1900-10-31 11:00:00+01:00;1.5;30.88895
1900-10-31 12:00:00+01:00;1.8;30.83782
1900-10-31 13:00:00+01:00;2.1;30.54232
1900-10-31 14:00:00+01:00;2;29.993679
1900-10-31 15:00:00+01:00;1.9;28.883133
1900-10-31 16:00:00+01:00;1.8;26.609758
1900-10-31 17:00:00+01:00;1.4;24.010435
1900-10-31 18:00:00+01:00;0.7;22.163733
1900-10-31 19:00:00+01:00;0.3;20.7035949
1900-10-31 20:00:00+01:00;0.3;19.4273567
1900-10-31 21:00:00+01:00;-0.1;18.490883
1900-10-31 22:00:00+01:00;1.6;17.855283
1900-10-31 23:00:00+01:00;2.5;17.390515
1900-11-01 00:00:00+01:00;4.2;17.049827
1900-11-01 01:00:00+01:00;5.7;16.927993
1900-11-01 02:00:00+01:00;8.2;16.889632
1900-11-01 03:00:00+01:00;8.8;16.887383
1900-11-01 04:00:00+01:00;9.4;16.988329
1900-11-01 05:00:00+01:00;9.2;17.897246
1900-11-01 06:00:00+01:00;7.9;21.363795
1900-11-01 07:00:00+01:00;6.9;25.65999
1900-11-01 08:00:00+01:00;6.9;28.833099
1900-11-01 09:00:00+01:00;7.6;30.315795
1900-11-01 10:00:00+01:00;8.4;30.67332
1900-11-01 11:00:00+01:00;9.3;30.88895
1900-11-01 12:00:00+01:00;12.9;30.83782
1900-11-01 13:00:00+01:00;10.4;30.54232
1900-11-01 14:00:00+01:00;10.8;29.993679
1900-11-01 15:00:00+01:00;9.7;28.883133
1900-11-01 16:00:00+01:00;8;26.609758
1900-11-01 17:00:00+01:00;6.9;24.010435
1900-11-01 18:00:00+01:00;6.7;22.163733
1900-11-01 19:00:00+01:00;6.6;20.7035949
1900-11-01 20:00:00+01:00;6.3;19.4273567
1900-11-01 21:00:00+01:00;5.6;18.490883
1900-11-01 22:00:00+01:00;4.4;17.855283
1900-11-01 23:00:00+01:00;3;17.390515
1900-11-02 00:00:00+01:00;2;17.049827
1900-11-02 01:00:00+01:00;0.7;16.927993
1900-11-02 02:00:00+01:00;0.6;16.889632
1900-11-02 03:00:00+01:00;0.4;16.887383
1900-11-02 04:00:00+01:00;0.1;16.988329
1900-11-02 05:00:00+01:00;0.7;17.897246
1900-11-02 06:00:00+01:00;2.6;21.363795
1900-11-02 07:00:00+01:00;3.6;25.65999
1900-11-02 08:00:00+01:00;3.8;28.833099
1900-11-02 09:00:00+01:00;4.3;30.315795
1900-11-02 10:00:00+01:00;5.3;30.67332
1900-11-02 11:00:00+01:00;5.5;30.88895
1900-11-02 12:00:00+01:00;6;30.83782
1900-11-02 13:00:00+01:00;5.8;30.54232
1900-11-02 14:00:00+01:00;5.7;29.993679
1900-11-02 15:00:00+01:00;6.1;28.883133
1900-11-02 16:00:00+01:00;6.4;26.609758
1900-11-02 17:00:00+01:00;6.2;24.010435
1900-11-02 18:00:00+01:00;6.3;22.163733
1900-11-02 19:00:00+01:00;6.4;20.7035949
1900-11-02 20:00:00+01:00;6;19.4273567
1900-11-02 21:00:00+01:00;5.9;18.490883
1900-11-02 22:00:00+01:00;5.7;17.855283
1900-11-02 23:00:00+01:00;5.5;17.390515
1900-11-03 00:00:00+01:00;5.1;11.247858
1900-11-03 01:00:00+01:00;5.2;11.189895
1900-11-03 02:00:00+01:00;4.5;11.159755
1900-11-03 03:00:00+01:00;4.4;11.156236
1900-11-03 04:00:00+01:00;4;11.090969
1900-11-03 05:00:00+01:00;4.5;11.085708
1900-11-03 06:00:00+01:00;5;11.185433
1900-11-03 07:00:00+01:00;5.3;11.356602
1900-11-03 08:00:00+01:00;5.4;11.586917
1900-11-03 09:00:00+01:00;4.4;11.83713
1900-11-03 10:00:00+01:00;3.9;12.160864
1900-11-03 11:00:00+01:00;3.8;12.417611
1900-11-03 12:00:00+01:00;3.3;12.907256
1900-11-03 13:00:00+01:00;3.4;13.122565
1900-11-03 14:00:00+01:00;3.5;13.061459
1900-11-03 15:00:00+01:00;3.7;12.884488
1900-11-03 16:00:00+01:00;4;12.781079
1900-11-03 17:00:00+01:00;4.6;12.502277
1900-11-03 18:00:00+01:00;4.6;12.224691
1900-11-03 19:00:00+01:00;4.7;12.034665
1900-11-03 20:00:00+01:00;5;11.851783
1900-11-03 21:00:00+01:00;5.1;11.669916
1900-11-03 22:00:00+01:00;4.8;11.514587
1900-11-03 23:00:00+01:00;4.9;11.311442
1900-11-04 00:00:00+01:00;4.6;11.247858
1900-11-04 01:00:00+01:00;4.6;11.189895
1900-11-04 02:00:00+01:00;3.8;11.159755
1900-11-04 03:00:00+01:00;4.1;11.156236
1900-11-04 04:00:00+01:00;3.9;11.090969
1900-11-04 05:00:00+01:00;2.9;11.085708
1900-11-04 06:00:00+01:00;2.3;11.185433
1900-11-04 07:00:00+01:00;2.4;11.356602
1900-11-04 08:00:00+01:00;1.7;11.586917
1900-11-04 09:00:00+01:00;2.1;11.83713
1900-11-04 10:00:00+01:00;2.8;12.160864
1900-11-04 11:00:00+01:00;3.3;12.417611
1900-11-04 12:00:00+01:00;5.5;12.907256
1900-11-04 13:00:00+01:00;4.1;13.122565
1900-11-04 14:00:00+01:00;4;13.061459
1900-11-04 15:00:00+01:00;3.7;12.884488
1900-11-04 16:00:00+01:00;3.4;12.781079
1900-11-04 17:00:00+01:00;3.1;12.502277
1900-11-04 18:00:00+01:00;2.5;12.224691
1900-11-04 19:00:00+01:00;2;12.034665
1900-11-04 20:00:00+01:00;0.9;11.851783
1900-11-04 21:00:00+01:00;0.6;11.669916
1900-11-04 22:00:00+01:00;0.5;11.514587
1900-11-04 23:00:00+01:00;0.2;11.311442
1900-11-05 00:00:00+01:00;1.1;17.049827
1900-11-05 01:00:00+01:00;1;16.927993
1900-11-05 02:00:00+01:00;1;16.889632
1900-11-05 03:00:00+01:00;1.4;16.887383
1900-11-05 04:00:00+01:00;1.1;16.988329
1900-11-05 05:00:00+01:00;1.1;17.897246
1900-11-05 06:00:00+01:00;1;21.363795
1900-11-05 07:00:00+01:00;1.1;25.65999
1900-11-05 08:00:00+01:00;1.1;28.833099
1900-11-05 09:00:00+01:00;1.4;30.315795
1900-11-05 10:00:00+01:00;1;30.67332
1900-11-05 11:00:00+01:00;0.9;30.88895
1900-11-05 12:00:00+01:00;1.1;30.83782
1900-11-05 13:00:00+01:00;1.4;30.54232
1900-11-05 14:00:00+01:00;1.3;29.993679
1900-11-05 15:00:00+01:00;1.2;28.883133
1900-11-05 16:00:00+01:00;1.3;26.609758
1900-11-05 17:00:00+01:00;1;24.010435
1900-11-05 18:00:00+01:00;0.7;22.163733
1900-11-05 19:00:00+01:00;0.7;20.7035949
1900-11-05 20:00:00+01:00;0.3;19.4273567
1900-11-05 21:00:00+01:00;0.2;18.490883
1900-11-05 22:00:00+01:00;0.2;17.855283
1900-11-05 23:00:00+01:00;0.2;17.390515
1900-11-06 00:00:00+01:00;0.6;17.049827
1900-11-06 01:00:00+01:00;0.7;16.927993
1900-11-06 02:00:00+01:00;1.3;16.889632
1900-11-06 03:00:00+01:00;2.2;16.887383
1900-11-06 04:00:00+01:00;3.2;16.988329
1900-11-06 05:00:00+01:00;5.4;17.897246
1900-11-06 06:00:00+01:00;8;21.363795
1900-11-06 07:00:00+01:00;8.6;25.65999
1900-11-06 08:00:00+01:00;9.1;28.833099
1900-11-06 09:00:00+01:00;8.7;30.315795
1900-11-06 10:00:00+01:00;9.2;30.67332
1900-11-06 11:00:00+01:00;9.5;30.88895
1900-11-06 12:00:00+01:00;9.8;30.83782
1900-11-06 13:00:00+01:00;10.8;30.54232
1900-11-06 14:00:00+01:00;8.9;29.993679
1900-11-06 15:00:00+01:00;8.3;28.883133
1900-11-06 16:00:00+01:00;7.5;26.609758
1900-11-06 17:00:00+01:00;7.2;24.010435
1900-11-06 18:00:00+01:00;6.8;22.163733
1900-11-06 19:00:00+01:00;6.2;20.7035949
1900-11-06 20:00:00+01:00;5.8;19.4273567
1900-11-06 21:00:00+01:00;4.9;18.490883
1900-11-06 22:00:00+01:00;3.2;17.855283
1900-11-06 23:00:00+01:00;4;17.390515
1900-11-07 00:00:00+01:00;2.7;17.049827
1900-11-07 01:00:00+01:00;2;16.927993
1900-11-07 02:00:00+01:00;2.8;16.889632
1900-11-07 03:00:00+01:00;3.4;16.887383
1900-11-07 04:00:00+01:00;2.3;16.988329
1900-11-07 05:00:00+01:00;2.3;17.897246
1900-11-07 06:00:00+01:00;2.7;21.363795
1900-11-07 07:00:00+01:00;5.9;25.65999
1900-11-07 08:00:00+01:00;6.7;28.833099
1900-11-07 09:00:00+01:00;7.7;30.315795
1900-11-07 10:00:00+01:00;8.5;30.67332
1900-11-07 11:00:00+01:00;9;30.88895
1900-11-07 12:00:00+01:00;9.6;30.83782
1900-11-07 13:00:00+01:00;10.1;30.54232
1900-11-07 14:00:00+01:00;8.2;29.993679
1900-11-07 15:00:00+01:00;8;28.883133
1900-11-07 16:00:00+01:00;8.4;26.609758
1900-11-07 17:00:00+01:00;8.4;24.010435
1900-11-07 18:00:00+01:00;10.3;22.163733
1900-11-07 19:00:00+01:00;11.2;20.7035949
1900-11-07 20:00:00+01:00;11.6;19.4273567
1900-11-07 21:00:00+01:00;11.4;18.490883
1900-11-07 22:00:00+01:00;11;17.855283
1900-11-07 23:00:00+01:00;10.5;17.390515
1900-11-08 00:00:00+01:00;9;17.049827
1900-11-08 01:00:00+01:00;8.1;16.927993
1900-11-08 02:00:00+01:00;7.4;16.889632
1900-11-08 03:00:00+01:00;6.6;16.887383
1900-11-08 04:00:00+01:00;6.5;16.988329
1900-11-08 05:00:00+01:00;5.5;17.897246
1900-11-08 06:00:00+01:00;6;21.363795
1900-11-08 07:00:00+01:00;5.8;25.65999
1900-11-08 08:00:00+01:00;5.6;28.833099
1900-11-08 09:00:00+01:00;4.5;30.315795
1900-11-08 10:00:00+01:00;5;30.67332
1900-11-08 11:00:00+01:00;6.1;30.88895
1900-11-08 12:00:00+01:00;6.5;30.83782
1900-11-08 13:00:00+01:00;7.1;30.54232
1900-11-08 14:00:00+01:00;6.4;29.993679
1900-11-08 15:00:00+01:00;5.8;28.883133
1900-11-08 16:00:00+01:00;6.7;26.609758
1900-11-08 17:00:00+01:00;6.8;24.010435
1900-11-08 18:00:00+01:00;6.6;22.163733
1900-11-08 19:00:00+01:00;6.4;20.7035949
1900-11-08 20:00:00+01:00;6.3;19.4273567
1900-11-08 21:00:00+01:00;5.7;18.490883
1900-11-08 22:00:00+01:00;5.4;17.855283
1900-11-08 23:00:00+01:00;3.9;17.390515
1900-11-09 00:00:00+01:00;3.6;17.049827
1900-11-09 01:00:00+01:00;3;16.927993
1900-11-09 02:00:00+01:00;2.5;16.889632
1900-11-09 03:00:00+01:00;2;16.887383
1900-11-09 04:00:00+01:00;0.4;16.988329
1900-11-09 05:00:00+01:00;0.4;17.897246
1900-11-09 06:00:00+01:00;0.9;21.363795
1900-11-09 07:00:00+01:00;0.4;25.65999
1900-11-09 08:00:00+01:00;0.9;28.833099
1900-11-09 09:00:00+01:00;2.3;30.315795
1900-11-09 10:00:00+01:00;4.8;30.67332
1900-11-09 11:00:00+01:00;4.4;30.88895
1900-11-09 12:00:00+01:00;3.6;30.83782
1900-11-09 13:00:00+01:00;4.1;30.54232
1900-11-09 14:00:00+01:00;6.8;29.993679
1900-11-09 15:00:00+01:00;6.2;28.883133
1900-11-09 16:00:00+01:00;6;26.609758
1900-11-09 17:00:00+01:00;5.6;24.010435
1900-11-09 18:00:00+01:00;4;22.163733
1900-11-09 19:00:00+01:00;4;20.7035949
1900-11-09 20:00:00+01:00;3.5;19.4273567
1900-11-09 21:00:00+01:00;2.8;18.490883
1900-11-09 22:00:00+01:00;1;17.855283
1900-11-09 23:00:00+01:00;0.1;17.390515
1900-11-10 00:00:00+01:00;0.2;11.247858
1900-11-10 01:00:00+01:00;-0.3;11.189895
1900-11-10 02:00:00+01:00;-0.3;11.159755
1900-11-10 03:00:00+01:00;0.8;11.156236
1900-11-10 04:00:00+01:00;0.9;11.090969
1900-11-10 05:00:00+01:00;0;11.085708
1900-11-10 06:00:00+01:00;-1;11.185433
1900-11-10 07:00:00+01:00;-0.7;11.356602
1900-11-10 08:00:00+01:00;-0.3;11.586917
1900-11-10 09:00:00+01:00;0.8;11.83713
1900-11-10 10:00:00+01:00;2.6;12.160864
1900-11-10 11:00:00+01:00;3.2;12.417611
1900-11-10 12:00:00+01:00;3.3;12.907256
1900-11-10 13:00:00+01:00;3.2;13.122565
1900-11-10 14:00:00+01:00;3;13.061459
1900-11-10 15:00:00+01:00;3;12.884488
1900-11-10 16:00:00+01:00;2.7;12.781079
1900-11-10 17:00:00+01:00;4.2;12.502277
1900-11-10 18:00:00+01:00;4.4;12.224691
1900-11-10 19:00:00+01:00;3.1;12.034665
1900-11-10 20:00:00+01:00;3.1;11.851783
1900-11-10 21:00:00+01:00;3;11.669916
1900-11-10 22:00:00+01:00;3;11.514587
1900-11-10 23:00:00+01:00;3;11.311442
1900-11-11 00:00:00+01:00;3;11.247858
1900-11-11 01:00:00+01:00;2.9;11.189895
1900-11-11 02:00:00+01:00;2.7;11.159755
1900-11-11 03:00:00+01:00;2.9;11.156236
1900-11-11 04:00:00+01:00;3.5;11.090969
1900-11-11 05:00:00+01:00;5.6;11.085708
1900-11-11 06:00:00+01:00;5.7;11.185433
1900-11-11 07:00:00+01:00;7;11.356602
1900-11-11 08:00:00+01:00;7.8;11.586917
1900-11-11 09:00:00+01:00;7.5;11.83713
1900-11-11 10:00:00+01:00;8.5;12.160864
1900-11-11 11:00:00+01:00;9.5;12.417611
1900-11-11 12:00:00+01:00;11.5;12.907256
1900-11-11 13:00:00+01:00;12.3;13.122565
1900-11-11 14:00:00+01:00;12;13.061459
1900-11-11 15:00:00+01:00;10.9;12.884488
1900-11-11 16:00:00+01:00;9.9;12.781079
1900-11-11 17:00:00+01:00;8.6;12.502277
1900-11-11 18:00:00+01:00;8.4;12.224691
1900-11-11 19:00:00+01:00;7.8;12.034665
1900-11-11 20:00:00+01:00;7.6;11.851783
1900-11-11 21:00:00+01:00;7.3;11.669916
1900-11-11 22:00:00+01:00;8;11.514587
1900-11-11 23:00:00+01:00;8.1;11.311442
1900-11-12 00:00:00+01:00;8.2;17.049827
1900-11-12 01:00:00+01:00;7.5;16.927993
1900-11-12 02:00:00+01:00;7.4;16.889632
1900-11-12 03:00:00+01:00;7;16.887383
1900-11-12 04:00:00+01:00;6;16.988329
1900-11-12 05:00:00+01:00;6;17.897246
1900-11-12 06:00:00+01:00;6.8;21.363795
1900-11-12 07:00:00+01:00;6;25.65999
1900-11-12 08:00:00+01:00;5.2;28.833099
1900-11-12 09:00:00+01:00;5;30.315795
1900-11-12 10:00:00+01:00;4.7;30.67332
1900-11-12 11:00:00+01:00;5;30.88895
1900-11-12 12:00:00+01:00;5.7;30.83782
1900-11-12 13:00:00+01:00;4.9;30.54232
1900-11-12 14:00:00+01:00;4.6;29.993679
1900-11-12 15:00:00+01:00;4.8;28.883133
1900-11-12 16:00:00+01:00;5.3;26.609758
1900-11-12 17:00:00+01:00;6.1;24.010435
1900-11-12 18:00:00+01:00;5.2;22.163733
1900-11-12 19:00:00+01:00;4.7;20.7035949
1900-11-12 20:00:00+01:00;4.3;19.4273567
1900-11-12 21:00:00+01:00;3.7;18.490883
1900-11-12 22:00:00+01:00;3.6;17.855283
1900-11-12 23:00:00+01:00;3.8;17.390515
1900-11-13 00:00:00+01:00;4.2;17.049827
1900-11-13 01:00:00+01:00;4.2;16.927993
1900-11-13 02:00:00+01:00;4.2;16.889632
1900-11-13 03:00:00+01:00;5.4;16.887383
1900-11-13 04:00:00+01:00;4.7;16.988329
1900-11-13 05:00:00+01:00;5.1;17.897246
1900-11-13 06:00:00+01:00;5.5;21.363795
1900-11-13 07:00:00+01:00;4.6;25.65999
1900-11-13 08:00:00+01:00;4.8;28.833099
1900-11-13 09:00:00+01:00;5.2;30.315795
1900-11-13 10:00:00+01:00;5;30.67332
1900-11-13 11:00:00+01:00;7.1;30.88895
1900-11-13 12:00:00+01:00;10;30.83782
1900-11-13 13:00:00+01:00;10.6;30.54232
1900-11-13 14:00:00+01:00;10;29.993679
1900-11-13 15:00:00+01:00;7.2;28.883133
1900-11-13 16:00:00+01:00;4.5;26.609758
1900-11-13 17:00:00+01:00;3.6;24.010435
1900-11-13 18:00:00+01:00;2.7;22.163733
1900-11-13 19:00:00+01:00;2.1;20.7035949
1900-11-13 20:00:00+01:00;1.6;19.4273567
1900-11-13 21:00:00+01:00;1;18.490883
1900-11-13 22:00:00+01:00;1.2;17.855283
1900-11-13 23:00:00+01:00;0.5;17.390515
1900-11-14 00:00:00+01:00;0.8;17.049827
1900-11-14 01:00:00+01:00;0.5;16.927993
1900-11-14 02:00:00+01:00;0.1;16.889632
1900-11-14 03:00:00+01:00;-0.6;16.887383
1900-11-14 04:00:00+01:00;-0.7;16.988329
1900-11-14 05:00:00+01:00;-0.6;17.897246
1900-11-14 06:00:00+01:00;-0.6;21.363795
1900-11-14 07:00:00+01:00;1.2;25.65999
1900-11-14 08:00:00+01:00;1.2;28.833099
1900-11-14 09:00:00+01:00;1.4;30.315795
1900-11-14 10:00:00+01:00;1.6;30.67332
1900-11-14 11:00:00+01:00;1.6;30.88895
1900-11-14 12:00:00+01:00;1.5;30.83782
1900-11-14 13:00:00+01:00;1.6;30.54232
1900-11-14 14:00:00+01:00;1.5;29.993679
1900-11-14 15:00:00+01:00;1.8;28.883133
1900-11-14 16:00:00+01:00;1.9;26.609758
1900-11-14 17:00:00+01:00;2.5;24.010435
1900-11-14 18:00:00+01:00;2.6;22.163733
1900-11-14 19:00:00+01:00;3;20.7035949
1900-11-14 20:00:00+01:00;2.4;19.4273567
1900-11-14 21:00:00+01:00;2.7;18.490883
1900-11-14 22:00:00+01:00;2.1;17.855283
1900-11-14 23:00:00+01:00;1.8;17.390515
1900-11-15 00:00:00+01:00;1.7;17.049827
1900-11-15 01:00:00+01:00;1.7;16.927993
1900-11-15 02:00:00+01:00;1.7;16.889632
1900-11-15 03:00:00+01:00;1.9;16.887383
1900-11-15 04:00:00+01:00;2;16.988329
1900-11-15 05:00:00+01:00;2.2;17.897246
1900-11-15 06:00:00+01:00;2.4;21.363795
1900-11-15 07:00:00+01:00;2.6;25.65999
1900-11-15 08:00:00+01:00;2.5;28.833099
1900-11-15 09:00:00+01:00;2.6;30.315795
1900-11-15 10:00:00+01:00;2.8;30.67332
1900-11-15 11:00:00+01:00;2.9;30.88895
1900-11-15 12:00:00+01:00;3;30.83782
1900-11-15 13:00:00+01:00;3.2;30.54232
1900-11-15 14:00:00+01:00;3.2;29.993679
1900-11-15 15:00:00+01:00;3.4;28.883133
1900-11-15 16:00:00+01:00;3.3;26.609758
1900-11-15 17:00:00+01:00;3.4;24.010435
1900-11-15 18:00:00+01:00;3.5;22.163733
1900-11-15 19:00:00+01:00;3.1;20.7035949
1900-11-15 20:00:00+01:00;2.8;19.4273567
1900-11-15 21:00:00+01:00;2.4;18.490883
1900-11-15 22:00:00+01:00;1.9;17.855283
1900-11-15 23:00:00+01:00;2.5;17.390515
1900-11-16 00:00:00+01:00;2.8;17.049827
1900-11-16 01:00:00+01:00;2.4;16.927993
1900-11-16 02:00:00+01:00;1.7;16.889632
1900-11-16 03:00:00+01:00;2.1;16.887383
1900-11-16 04:00:00+01:00;2.2;16.988329
1900-11-16 05:00:00+01:00;1.6;17.897246
1900-11-16 06:00:00+01:00;1.8;21.363795
1900-11-16 07:00:00+01:00;1.6;25.65999
1900-11-16 08:00:00+01:00;1.1;28.833099
1900-11-16 09:00:00+01:00;1.4;30.315795
1900-11-16 10:00:00+01:00;1.8;30.67332
1900-11-16 11:00:00+01:00;1.9;30.88895
1900-11-16 12:00:00+01:00;1.8;30.83782
1900-11-16 13:00:00+01:00;2;30.54232
1900-11-16 14:00:00+01:00;2.5;29.993679
1900-11-16 15:00:00+01:00;2;28.883133
1900-11-16 16:00:00+01:00;1.8;26.609758
1900-11-16 17:00:00+01:00;1.5;24.010435
1900-11-16 18:00:00+01:00;1.5;22.163733
1900-11-16 19:00:00+01:00;1.5;20.7035949
1900-11-16 20:00:00+01:00;1.5;19.4273567
1900-11-16 21:00:00+01:00;1.3;18.490883
1900-11-16 22:00:00+01:00;1.2;17.855283
1900-11-16 23:00:00+01:00;0.7;17.390515
1900-11-17 00:00:00+01:00;1.4;11.247858
1900-11-17 01:00:00+01:00;0.6;11.189895
1900-11-17 02:00:00+01:00;0.2;11.159755
1900-11-17 03:00:00+01:00;0.4;11.156236
1900-11-17 04:00:00+01:00;0;11.090969
1900-11-17 05:00:00+01:00;0.4;11.085708
1900-11-17 06:00:00+01:00;0.2;11.185433
1900-11-17 07:00:00+01:00;0;11.356602
1900-11-17 08:00:00+01:00;-0.6;11.586917
1900-11-17 09:00:00+01:00;0.6;11.83713
1900-11-17 10:00:00+01:00;0.5;12.160864
1900-11-17 11:00:00+01:00;0.6;12.417611
1900-11-17 12:00:00+01:00;0.3;12.907256
1900-11-17 13:00:00+01:00;0;13.122565
1900-11-17 14:00:00+01:00;0.6;13.061459
1900-11-17 15:00:00+01:00;0;12.884488
1900-11-17 16:00:00+01:00;-1.2;12.781079
1900-11-17 17:00:00+01:00;-1.4;12.502277
1900-11-17 18:00:00+01:00;-1.7;12.224691
1900-11-17 19:00:00+01:00;-2.3;12.034665
1900-11-17 20:00:00+01:00;-2.3;11.851783
1900-11-17 21:00:00+01:00;-2.8;11.669916
1900-11-17 22:00:00+01:00;-3;11.514587
1900-11-17 23:00:00+01:00;-2;11.311442
1900-11-18 00:00:00+01:00;-2.1;11.247858
1900-11-18 01:00:00+01:00;-3.9;11.189895
1900-11-18 02:00:00+01:00;-5.5;11.159755
1900-11-18 03:00:00+01:00;-5.8;11.156236
1900-11-18 04:00:00+01:00;-5.6;11.090969
1900-11-18 05:00:00+01:00;-6.3;11.085708
1900-11-18 06:00:00+01:00;-5.3;11.185433
1900-11-18 07:00:00+01:00;-5.6;11.356602
1900-11-18 08:00:00+01:00;-6.1;11.586917
1900-11-18 09:00:00+01:00;-4.6;11.83713
1900-11-18 10:00:00+01:00;-3.1;12.160864
1900-11-18 11:00:00+01:00;-2.5;12.417611
1900-11-18 12:00:00+01:00;-1;12.907256
1900-11-18 13:00:00+01:00;-1.5;13.122565
1900-11-18 14:00:00+01:00;-1.7;13.061459
1900-11-18 15:00:00+01:00;-2;12.884488
1900-11-18 16:00:00+01:00;-2.5;12.781079
1900-11-18 17:00:00+01:00;-3.4;12.502277
1900-11-18 18:00:00+01:00;-4.3;12.224691
1900-11-18 19:00:00+01:00;-6.1;12.034665
1900-11-18 20:00:00+01:00;-6.3;11.851783
1900-11-18 21:00:00+01:00;-6.6;11.669916
1900-11-18 22:00:00+01:00;-7.1;11.514587
1900-11-18 23:00:00+01:00;-8.3;11.311442
1900-11-19 00:00:00+01:00;-9.6;17.049827
1900-11-19 01:00:00+01:00;-8.8;16.927993
1900-11-19 02:00:00+01:00;-8.7;16.889632
1900-11-19 03:00:00+01:00;-9.3;16.887383
1900-11-19 04:00:00+01:00;-8.3;16.988329
1900-11-19 05:00:00+01:00;-6.3;17.897246
1900-11-19 06:00:00+01:00;-5.6;21.363795
1900-11-19 07:00:00+01:00;-4.6;25.65999
1900-11-19 08:00:00+01:00;-3.6;28.833099
1900-11-19 09:00:00+01:00;-4.8;30.315795
1900-11-19 10:00:00+01:00;-3;30.67332
1900-11-19 11:00:00+01:00;-2.4;30.88895
1900-11-19 12:00:00+01:00;-2.5;30.83782
1900-11-19 13:00:00+01:00;-2.5;30.54232
1900-11-19 14:00:00+01:00;-2.5;29.993679
1900-11-19 15:00:00+01:00;-3;28.883133
1900-11-19 16:00:00+01:00;-3.3;26.609758
1900-11-19 17:00:00+01:00;-3.6;24.010435
1900-11-19 18:00:00+01:00;-4.1;22.163733
1900-11-19 19:00:00+01:00;-3;20.7035949
1900-11-19 20:00:00+01:00;-3;19.4273567
1900-11-19 21:00:00+01:00;-2.9;18.490883
1900-11-19 22:00:00+01:00;-2.8;17.855283
1900-11-19 23:00:00+01:00;-4.3;17.390515
1900-11-20 00:00:00+01:00;-4.8;17.049827
1900-11-20 01:00:00+01:00;-4.3;16.927993
1900-11-20 02:00:00+01:00;-4;16.889632
1900-11-20 03:00:00+01:00;-4.1;16.887383
1900-11-20 04:00:00+01:00;-3.5;16.988329
1900-11-20 05:00:00+01:00;-3.8;17.897246
1900-11-20 06:00:00+01:00;-3.5;21.363795
1900-11-20 07:00:00+01:00;-4;25.65999
1900-11-20 08:00:00+01:00;-4;28.833099
1900-11-20 09:00:00+01:00;-3.5;30.315795
1900-11-20 10:00:00+01:00;-4.6;30.67332
1900-11-20 11:00:00+01:00;-4.6;30.88895
1900-11-20 12:00:00+01:00;-3.3;30.83782
1900-11-20 13:00:00+01:00;-3.3;30.54232
1900-11-20 14:00:00+01:00;-3.5;29.993679
1900-11-20 15:00:00+01:00;-4.8;28.883133
1900-11-20 16:00:00+01:00;-4.1;26.609758
1900-11-20 17:00:00+01:00;-4.6;24.010435
1900-11-20 18:00:00+01:00;-3.4;22.163733
1900-11-20 19:00:00+01:00;-2.8;20.7035949
1900-11-20 20:00:00+01:00;-3.9;19.4273567
1900-11-20 21:00:00+01:00;-3.4;18.490883
1900-11-20 22:00:00+01:00;-3.5;17.855283
1900-11-20 23:00:00+01:00;-3;17.390515
1900-11-21 00:00:00+01:00;-3;17.049827
1900-11-21 01:00:00+01:00;-2.6;16.927993
1900-11-21 02:00:00+01:00;-2.9;16.889632
1900-11-21 03:00:00+01:00;-3;16.887383
1900-11-21 04:00:00+01:00;-3.8;16.988329
1900-11-21 05:00:00+01:00;-3.4;17.897246
1900-11-21 06:00:00+01:00;-3.3;21.363795
1900-11-21 07:00:00+01:00;-5;25.65999
1900-11-21 08:00:00+01:00;-5.3;28.833099
1900-11-21 09:00:00+01:00;-4.5;30.315795
1900-11-21 10:00:00+01:00;-1.7;30.67332
1900-11-21 11:00:00+01:00;-1.4;30.88895
1900-11-21 12:00:00+01:00;-1.2;30.83782
1900-11-21 13:00:00+01:00;-1.5;30.54232
1900-11-21 14:00:00+01:00;-1.9;29.993679
1900-11-21 15:00:00+01:00;-1.2;28.883133
1900-11-21 16:00:00+01:00;-1.7;26.609758
1900-11-21 17:00:00+01:00;-2.4;24.010435
1900-11-21 18:00:00+01:00;-2.3;22.163733
1900-11-21 19:00:00+01:00;-6.8;20.7035949
1900-11-21 20:00:00+01:00;-5.1;19.4273567
1900-11-21 21:00:00+01:00;-6.1;18.490883
1900-11-21 22:00:00+01:00;-5;17.855283
1900-11-21 23:00:00+01:00;-2.5;17.390515
1900-11-22 00:00:00+01:00;-2.1;17.049827
1900-11-22 01:00:00+01:00;-1.2;16.927993
1900-11-22 02:00:00+01:00;-1.2;16.889632
1900-11-22 03:00:00+01:00;-0.8;16.887383
1900-11-22 04:00:00+01:00;-0.8;16.988329
1900-11-22 05:00:00+01:00;-0.3;17.897246
1900-11-22 06:00:00+01:00;-0.5;21.363795
1900-11-22 07:00:00+01:00;-0.7;25.65999
1900-11-22 08:00:00+01:00;-0.3;28.833099
1900-11-22 09:00:00+01:00;-0.3;30.315795
1900-11-22 10:00:00+01:00;-0.1;30.67332
1900-11-22 11:00:00+01:00;0;30.88895
1900-11-22 12:00:00+01:00;0.3;30.83782
1900-11-22 13:00:00+01:00;0.1;30.54232
1900-11-22 14:00:00+01:00;0.4;29.993679
1900-11-22 15:00:00+01:00;0.1;28.883133
1900-11-22 16:00:00+01:00;-0.3;26.609758
1900-11-22 17:00:00+01:00;-0.3;24.010435
1900-11-22 18:00:00+01:00;-1;22.163733
1900-11-22 19:00:00+01:00;-1.5;20.7035949
1900-11-22 20:00:00+01:00;-2;19.4273567
1900-11-22 21:00:00+01:00;-2.3;18.490883
1900-11-22 22:00:00+01:00;-2.1;17.855283
1900-11-22 23:00:00+01:00;-4.8;17.390515
1900-11-23 00:00:00+01:00;-4.6;17.049827
1900-11-23 01:00:00+01:00;-7.3;16.927993
1900-11-23 02:00:00+01:00;-9.5;16.889632
1900-11-23 03:00:00+01:00;-7.5;16.887383
1900-11-23 04:00:00+01:00;-11.7;16.988329
1900-11-23 05:00:00+01:00;-10.7;17.897246
1900-11-23 06:00:00+01:00;-12;21.363795
1900-11-23 07:00:00+01:00;-11.2;25.65999
1900-11-23 08:00:00+01:00;-11.6;28.833099
1900-11-23 09:00:00+01:00;-8.6;30.315795
1900-11-23 10:00:00+01:00;-6.1;30.67332
1900-11-23 11:00:00+01:00;-5.1;30.88895
1900-11-23 12:00:00+01:00;-4.6;30.83782
1900-11-23 13:00:00+01:00;-4.1;30.54232
1900-11-23 14:00:00+01:00;-3.3;29.993679
1900-11-23 15:00:00+01:00;-3.6;28.883133
1900-11-23 16:00:00+01:00;-3.5;26.609758
1900-11-23 17:00:00+01:00;-4;24.010435
1900-11-23 18:00:00+01:00;-3.5;22.163733
1900-11-23 19:00:00+01:00;-3.5;20.7035949
1900-11-23 20:00:00+01:00;-3.8;19.4273567
1900-11-23 21:00:00+01:00;-3.1;18.490883
1900-11-23 22:00:00+01:00;-2.4;17.855283
1900-11-23 23:00:00+01:00;-1.4;17.390515
1900-11-24 00:00:00+01:00;-1.2;11.247858
1900-11-24 01:00:00+01:00;-1.7;11.189895
1900-11-24 02:00:00+01:00;-1.5;11.159755
1900-11-24 03:00:00+01:00;-1.4;11.156236
1900-11-24 04:00:00+01:00;-1.9;11.090969
1900-11-24 05:00:00+01:00;-2.1;11.085708
1900-11-24 06:00:00+01:00;-1.5;11.185433
1900-11-24 07:00:00+01:00;-1.9;11.356602
1900-11-24 08:00:00+01:00;-1.9;11.586917
1900-11-24 09:00:00+01:00;-2;11.83713
1900-11-24 10:00:00+01:00;-2.3;12.160864
1900-11-24 11:00:00+01:00;-2;12.417611
1900-11-24 12:00:00+01:00;-1.7;12.907256
1900-11-24 13:00:00+01:00;-1.5;13.122565
1900-11-24 14:00:00+01:00;-1;13.061459
1900-11-24 15:00:00+01:00;-1.5;12.884488
1900-11-24 16:00:00+01:00;-1;12.781079
1900-11-24 17:00:00+01:00;-0.7;12.502277
1900-11-24 18:00:00+01:00;-0.5;12.224691
1900-11-24 19:00:00+01:00;-0.3;12.034665
1900-11-24 20:00:00+01:00;0;11.851783
1900-11-24 21:00:00+01:00;0;11.669916
1900-11-24 22:00:00+01:00;-0.1;11.514587
1900-11-24 23:00:00+01:00;-0.3;11.311442
1900-11-25 00:00:00+01:00;-0.1;11.247858
1900-11-25 01:00:00+01:00;0;11.189895
1900-11-25 02:00:00+01:00;0;11.159755
1900-11-25 03:00:00+01:00;-0.1;11.156236
1900-11-25 04:00:00+01:00;-0.8;11.090969
1900-11-25 05:00:00+01:00;-0.6;11.085708
1900-11-25 06:00:00+01:00;-1;11.185433
1900-11-25 07:00:00+01:00;-1.2;11.356602
1900-11-25 08:00:00+01:00;-1;11.586917
1900-11-25 09:00:00+01:00;-1;11.83713
1900-11-25 10:00:00+01:00;-1.2;12.160864
1900-11-25 11:00:00+01:00;-1.2;12.417611
1900-11-25 12:00:00+01:00;-1;12.907256
1900-11-25 13:00:00+01:00;-0.7;13.122565
1900-11-25 14:00:00+01:00;-0.7;13.061459
1900-11-25 15:00:00+01:00;-0.7;12.884488
1900-11-25 16:00:00+01:00;-1.2;12.781079
1900-11-25 17:00:00+01:00;-0.8;12.502277
1900-11-25 18:00:00+01:00;-0.7;12.224691
1900-11-25 19:00:00+01:00;-0.6;12.034665
1900-11-25 20:00:00+01:00;-0.7;11.851783
1900-11-25 21:00:00+01:00;-0.8;11.669916
1900-11-25 22:00:00+01:00;-1.5;11.514587
1900-11-25 23:00:00+01:00;-0.7;11.311442
1900-11-26 00:00:00+01:00;-2;17.049827
1900-11-26 01:00:00+01:00;-1.7;16.927993
1900-11-26 02:00:00+01:00;-0.7;16.889632
1900-11-26 03:00:00+01:00;-1;16.887383
1900-11-26 04:00:00+01:00;-1.7;16.988329
1900-11-26 05:00:00+01:00;-2.5;17.897246
1900-11-26 06:00:00+01:00;-2.8;21.363795
1900-11-26 07:00:00+01:00;-2.5;25.65999
1900-11-26 08:00:00+01:00;-4.3;28.833099
1900-11-26 09:00:00+01:00;-2.9;30.315795
1900-11-26 10:00:00+01:00;-2.1;30.67332
1900-11-26 11:00:00+01:00;-0.5;30.88895
1900-11-26 12:00:00+01:00;-0.3;30.83782
1900-11-26 13:00:00+01:00;0;30.54232
1900-11-26 14:00:00+01:00;-0.3;29.993679
1900-11-26 15:00:00+01:00;-1.5;28.883133
1900-11-26 16:00:00+01:00;-2.5;26.609758
1900-11-26 17:00:00+01:00;-4.3;24.010435
1900-11-26 18:00:00+01:00;-5.8;22.163733
1900-11-26 19:00:00+01:00;-6.6;20.7035949
1900-11-26 20:00:00+01:00;-6;19.4273567
1900-11-26 21:00:00+01:00;-8;18.490883
1900-11-26 22:00:00+01:00;-7.8;17.855283
1900-11-26 23:00:00+01:00;-10.2;17.390515
1900-11-27 00:00:00+01:00;-10.2;17.049827
1900-11-27 01:00:00+01:00;-12.3;16.927993
1900-11-27 02:00:00+01:00;-12.2;16.889632
1900-11-27 03:00:00+01:00;-9.7;16.887383
1900-11-27 04:00:00+01:00;-8.2;16.988329
1900-11-27 05:00:00+01:00;-9;17.897246
1900-11-27 06:00:00+01:00;-9.7;21.363795
1900-11-27 07:00:00+01:00;-13.8;25.65999
1900-11-27 08:00:00+01:00;-14.7;28.833099
1900-11-27 09:00:00+01:00;-13.2;30.315795
1900-11-27 10:00:00+01:00;-7.6;30.67332
1900-11-27 11:00:00+01:00;-4.8;30.88895
1900-11-27 12:00:00+01:00;-4;30.83782
1900-11-27 13:00:00+01:00;-3.4;30.54232
1900-11-27 14:00:00+01:00;-5.8;29.993679
1900-11-27 15:00:00+01:00;-7;28.883133
1900-11-27 16:00:00+01:00;-8.6;26.609758
1900-11-27 17:00:00+01:00;-10.3;24.010435
1900-11-27 18:00:00+01:00;-12.7;22.163733
1900-11-27 19:00:00+01:00;-11.3;20.7035949
1900-11-27 20:00:00+01:00;-11;19.4273567
1900-11-27 21:00:00+01:00;-10.6;18.490883
1900-11-27 22:00:00+01:00;-9.2;17.855283
1900-11-27 23:00:00+01:00;-8;17.390515
1900-11-28 00:00:00+01:00;-7.5;17.049827
1900-11-28 01:00:00+01:00;-6.3;16.927993
1900-11-28 02:00:00+01:00;-5.1;16.889632
1900-11-28 03:00:00+01:00;-6;16.887383
1900-11-28 04:00:00+01:00;-5.3;16.988329
1900-11-28 05:00:00+01:00;-4.3;17.897246
1900-11-28 06:00:00+01:00;-3.8;21.363795
1900-11-28 07:00:00+01:00;-2.4;25.65999
1900-11-28 08:00:00+01:00;-2.6;28.833099
1900-11-28 09:00:00+01:00;-2;30.315795
1900-11-28 10:00:00+01:00;-0.6;30.67332
1900-11-28 11:00:00+01:00;-0.1;30.88895
1900-11-28 12:00:00+01:00;-1.5;30.83782
1900-11-28 13:00:00+01:00;-1;30.54232
1900-11-28 14:00:00+01:00;-0.7;29.993679
1900-11-28 15:00:00+01:00;-3.5;28.883133
1900-11-28 16:00:00+01:00;-2.6;26.609758
1900-11-28 17:00:00+01:00;-4.1;24.010435
1900-11-28 18:00:00+01:00;-4.5;22.163733
1900-11-28 19:00:00+01:00;-5;20.7035949
1900-11-28 20:00:00+01:00;-4.3;19.4273567
1900-11-28 21:00:00+01:00;-5;18.490883
1900-11-28 22:00:00+01:00;-5.6;17.855283
1900-11-28 23:00:00+01:00;-6.8;17.390515
1900-11-29 00:00:00+01:00;-6.8;17.049827
1900-11-29 01:00:00+01:00;-7.8;16.927993
1900-11-29 02:00:00+01:00;-6.5;16.889632
1900-11-29 03:00:00+01:00;-7.1;16.887383
1900-11-29 04:00:00+01:00;-6.6;16.988329
1900-11-29 05:00:00+01:00;-7.6;17.897246
1900-11-29 06:00:00+01:00;-7.3;21.363795
1900-11-29 07:00:00+01:00;-6.5;25.65999
1900-11-29 08:00:00+01:00;-6;28.833099
1900-11-29 09:00:00+01:00;-5.3;30.315795
1900-11-29 10:00:00+01:00;-4.1;30.67332
1900-11-29 11:00:00+01:00;-2.4;30.88895
1900-11-29 12:00:00+01:00;-2;30.83782
1900-11-29 13:00:00+01:00;-2.8;30.54232
1900-11-29 14:00:00+01:00;-3;29.993679
1900-11-29 15:00:00+01:00;-5;28.883133
1900-11-29 16:00:00+01:00;-5.1;26.609758
1900-11-29 17:00:00+01:00;-5.5;24.010435
1900-11-29 18:00:00+01:00;-7.1;22.163733
1900-11-29 19:00:00+01:00;-8.2;20.7035949
1900-11-29 20:00:00+01:00;-8;19.4273567
1900-11-29 21:00:00+01:00;-8.2;18.490883
1900-11-29 22:00:00+01:00;-6.3;17.855283
1900-11-29 23:00:00+01:00;-6.1;17.390515
1900-11-30 00:00:00+01:00;-7;17.049827
1900-11-30 01:00:00+01:00;-6.3;16.927993
1900-11-30 02:00:00+01:00;-8.1;16.889632
1900-11-30 03:00:00+01:00;-10;16.887383
1900-11-30 04:00:00+01:00;-9.1;16.988329
1900-11-30 05:00:00+01:00;-7.3;17.897246
1900-11-30 06:00:00+01:00;-7.6;21.363795
1900-11-30 07:00:00+01:00;-7.1;25.65999
1900-11-30 08:00:00+01:00;-6.8;28.833099
1900-11-30 09:00:00+01:00;-5.5;30.315795
1900-11-30 10:00:00+01:00;-3.5;30.67332
1900-11-30 11:00:00+01:00;-2.5;30.88895
1900-11-30 12:00:00+01:00;-2;30.83782
1900-11-30 13:00:00+01:00;-1.4;30.54232
1900-11-30 14:00:00+01:00;-1.4;29.993679
1900-11-30 15:00:00+01:00;-1;28.883133
1900-11-30 16:00:00+01:00;-1;26.609758
1900-11-30 17:00:00+01:00;-1.7;24.010435
1900-11-30 18:00:00+01:00;-2;22.163733
1900-11-30 19:00:00+01:00;-2.4;20.7035949
1900-11-30 20:00:00+01:00;-2;19.4273567
1900-11-30 21:00:00+01:00;-2.3;18.490883
1900-11-30 22:00:00+01:00;-3.7;17.855283
1900-11-30 23:00:00+01:00;-6.8;17.390515
1900-12-01 00:00:00+01:00;-7.5;11.247858
1900-12-01 01:00:00+01:00;-7.7;11.189895
1900-12-01 02:00:00+01:00;-9.8;11.159755
1900-12-01 03:00:00+01:00;-11.3;11.156236
1900-12-01 04:00:00+01:00;-10.2;11.090969
1900-12-01 05:00:00+01:00;-12.2;11.085708
1900-12-01 06:00:00+01:00;-9.1;11.185433
1900-12-01 07:00:00+01:00;-10.6;11.356602
1900-12-01 08:00:00+01:00;-12.8;11.586917
1900-12-01 09:00:00+01:00;-11;11.83713
1900-12-01 10:00:00+01:00;-9;12.160864
1900-12-01 11:00:00+01:00;-7.5;12.417611
1900-12-01 12:00:00+01:00;-7.6;12.907256
1900-12-01 13:00:00+01:00;-6.6;13.122565
1900-12-01 14:00:00+01:00;-6.1;13.061459
1900-12-01 15:00:00+01:00;-6.3;12.884488
1900-12-01 16:00:00+01:00;-6.3;12.781079
1900-12-01 17:00:00+01:00;-6;12.502277
1900-12-01 18:00:00+01:00;-5.6;12.224691
1900-12-01 19:00:00+01:00;-5.5;12.034665
1900-12-01 20:00:00+01:00;-5.3;11.851783
1900-12-01 21:00:00+01:00;-5.3;11.669916
1900-12-01 22:00:00+01:00;-4.8;11.514587
1900-12-01 23:00:00+01:00;-4.5;11.311442
1900-12-02 00:00:00+01:00;-4.1;11.247858
1900-12-02 01:00:00+01:00;-4.1;11.189895
1900-12-02 02:00:00+01:00;-4.1;11.159755
1900-12-02 03:00:00+01:00;-3.8;11.156236
1900-12-02 04:00:00+01:00;-3.6;11.090969
1900-12-02 05:00:00+01:00;-3.6;11.085708
1900-12-02 06:00:00+01:00;-3.4;11.185433
1900-12-02 07:00:00+01:00;-2.5;11.356602
1900-12-02 08:00:00+01:00;-2.5;11.586917
1900-12-02 09:00:00+01:00;-2;11.83713
1900-12-02 10:00:00+01:00;-1.2;12.160864
1900-12-02 11:00:00+01:00;-0.7;12.417611
1900-12-02 12:00:00+01:00;-1;12.907256
1900-12-02 13:00:00+01:00;-0.8;13.122565
1900-12-02 14:00:00+01:00;-0.7;13.061459
1900-12-02 15:00:00+01:00;-0.5;12.884488
1900-12-02 16:00:00+01:00;-0.3;12.781079
1900-12-02 17:00:00+01:00;-0.3;12.502277
1900-12-02 18:00:00+01:00;-0.3;12.224691
1900-12-02 19:00:00+01:00;-2;12.034665
1900-12-02 20:00:00+01:00;-2.1;11.851783
1900-12-02 21:00:00+01:00;-2.3;11.669916
1900-12-02 22:00:00+01:00;-3.4;11.514587
1900-12-02 23:00:00+01:00;-1.9;11.311442
1900-12-03 00:00:00+01:00;-3;17.049827
1900-12-03 01:00:00+01:00;-3.1;16.927993
1900-12-03 02:00:00+01:00;-3.4;16.889632
1900-12-03 03:00:00+01:00;-5;16.887383
1900-12-03 04:00:00+01:00;-4.6;16.988329
1900-12-03 05:00:00+01:00;-4.5;17.897246
1900-12-03 06:00:00+01:00;-4.8;21.363795
1900-12-03 07:00:00+01:00;-5.1;25.65999
1900-12-03 08:00:00+01:00;-5.6;28.833099
1900-12-03 09:00:00+01:00;-4.6;30.315795
1900-12-03 10:00:00+01:00;-4;30.67332
1900-12-03 11:00:00+01:00;-2.3;30.88895
1900-12-03 12:00:00+01:00;-2.4;30.83782
1900-12-03 13:00:00+01:00;-1.4;30.54232
1900-12-03 14:00:00+01:00;-1.4;29.993679
1900-12-03 15:00:00+01:00;-3.4;28.883133
1900-12-03 16:00:00+01:00;-3.5;26.609758
1900-12-03 17:00:00+01:00;-4.6;24.010435
1900-12-03 18:00:00+01:00;-4;22.163733
1900-12-03 19:00:00+01:00;-5;20.7035949
1900-12-03 20:00:00+01:00;-4.5;19.4273567
1900-12-03 21:00:00+01:00;-3.6;18.490883
1900-12-03 22:00:00+01:00;-4.3;17.855283
1900-12-03 23:00:00+01:00;-3.5;17.390515
1900-12-04 00:00:00+01:00;-3.4;17.049827
1900-12-04 01:00:00+01:00;-3.3;16.927993
1900-12-04 02:00:00+01:00;-2.5;16.889632
1900-12-04 03:00:00+01:00;-2;16.887383
1900-12-04 04:00:00+01:00;-1.7;16.988329
1900-12-04 05:00:00+01:00;-0.3;17.897246
1900-12-04 06:00:00+01:00;0.4;21.363795
1900-12-04 07:00:00+01:00;4.4;25.65999
1900-12-04 08:00:00+01:00;7.4;28.833099
1900-12-04 09:00:00+01:00;5.5;30.315795
1900-12-04 10:00:00+01:00;11.2;30.67332
1900-12-04 11:00:00+01:00;8.9;30.88895
1900-12-04 12:00:00+01:00;9.6;30.83782
1900-12-04 13:00:00+01:00;7.8;30.54232
1900-12-04 14:00:00+01:00;7.7;29.993679
1900-12-04 15:00:00+01:00;4.7;28.883133
1900-12-04 16:00:00+01:00;1.3;26.609758
1900-12-04 17:00:00+01:00;2;24.010435
1900-12-04 18:00:00+01:00;2;22.163733
1900-12-04 19:00:00+01:00;1.4;20.7035949
1900-12-04 20:00:00+01:00;1.2;19.4273567
1900-12-04 21:00:00+01:00;0.6;18.490883
1900-12-04 22:00:00+01:00;0.4;17.855283
1900-12-04 23:00:00+01:00;-1.5;17.390515
1900-12-05 00:00:00+01:00;-2;17.049827
1900-12-05 01:00:00+01:00;-0.8;16.927993
1900-12-05 02:00:00+01:00;-1.2;16.889632
1900-12-05 03:00:00+01:00;-3.5;16.887383
1900-12-05 04:00:00+01:00;-2.9;16.988329
1900-12-05 05:00:00+01:00;-2.9;17.897246
1900-12-05 06:00:00+01:00;-3;21.363795
1900-12-05 07:00:00+01:00;-4.3;25.65999
1900-12-05 08:00:00+01:00;-5.1;28.833099
1900-12-05 09:00:00+01:00;-4.1;30.315795
1900-12-05 10:00:00+01:00;-3.3;30.67332
1900-12-05 11:00:00+01:00;-2.8;30.88895
1900-12-05 12:00:00+01:00;-2.3;30.83782
1900-12-05 13:00:00+01:00;0.1;30.54232
1900-12-05 14:00:00+01:00;1.6;29.993679
1900-12-05 15:00:00+01:00;1.8;28.883133
1900-12-05 16:00:00+01:00;-0.3;26.609758
1900-12-05 17:00:00+01:00;-0.3;24.010435
1900-12-05 18:00:00+01:00;1.8;22.163733
1900-12-05 19:00:00+01:00;4.5;20.7035949
1900-12-05 20:00:00+01:00;4.3;19.4273567
1900-12-05 21:00:00+01:00;2.8;18.490883
1900-12-05 22:00:00+01:00;2.6;17.855283
1900-12-05 23:00:00+01:00;3.6;17.390515
1900-12-06 00:00:00+01:00;4.3;17.049827
1900-12-06 01:00:00+01:00;3.5;16.927993
1900-12-06 02:00:00+01:00;2.4;16.889632
1900-12-06 03:00:00+01:00;2.8;16.887383
1900-12-06 04:00:00+01:00;3.2;16.988329
1900-12-06 05:00:00+01:00;3;17.897246
1900-12-06 06:00:00+01:00;2.2;21.363795
1900-12-06 07:00:00+01:00;2.1;25.65999
1900-12-06 08:00:00+01:00;2.3;28.833099
1900-12-06 09:00:00+01:00;1.5;30.315795
1900-12-06 10:00:00+01:00;2.7;30.67332
1900-12-06 11:00:00+01:00;3.4;30.88895
1900-12-06 12:00:00+01:00;4;30.83782
1900-12-06 13:00:00+01:00;3;30.54232
1900-12-06 14:00:00+01:00;2.4;29.993679
1900-12-06 15:00:00+01:00;1.4;28.883133
1900-12-06 16:00:00+01:00;-0.1;26.609758
1900-12-06 17:00:00+01:00;-2.1;24.010435
1900-12-06 18:00:00+01:00;-3;22.163733
1900-12-06 19:00:00+01:00;-3.1;20.7035949
1900-12-06 20:00:00+01:00;-3.1;19.4273567
1900-12-06 21:00:00+01:00;-2.8;18.490883
1900-12-06 22:00:00+01:00;-2.4;17.855283
1900-12-06 23:00:00+01:00;-2;17.390515
1900-12-07 00:00:00+01:00;-2.4;17.049827
1900-12-07 01:00:00+01:00;-2;16.927993
1900-12-07 02:00:00+01:00;-1.7;16.889632
1900-12-07 03:00:00+01:00;-0.8;16.887383
1900-12-07 04:00:00+01:00;-0.5;16.988329
1900-12-07 05:00:00+01:00;-1;17.897246
1900-12-07 06:00:00+01:00;-1;21.363795
1900-12-07 07:00:00+01:00;-1;25.65999
1900-12-07 08:00:00+01:00;-0.7;28.833099
1900-12-07 09:00:00+01:00;-0.6;30.315795
1900-12-07 10:00:00+01:00;-1;30.67332
1900-12-07 11:00:00+01:00;-0.3;30.88895
1900-12-07 12:00:00+01:00;-0.1;30.83782
1900-12-07 13:00:00+01:00;0.1;30.54232
1900-12-07 14:00:00+01:00;0;29.993679
1900-12-07 15:00:00+01:00;-0.3;28.883133
1900-12-07 16:00:00+01:00;-0.5;26.609758
1900-12-07 17:00:00+01:00;-0.6;24.010435
1900-12-07 18:00:00+01:00;-2.3;22.163733
1900-12-07 19:00:00+01:00;-3;20.7035949
1900-12-07 20:00:00+01:00;-2.5;19.4273567
1900-12-07 21:00:00+01:00;-2.5;18.490883
1900-12-07 22:00:00+01:00;-3.4;17.855283
1900-12-07 23:00:00+01:00;-5;17.390515
1900-12-08 00:00:00+01:00;-5.6;11.247858
1900-12-08 01:00:00+01:00;-3.9;11.189895
1900-12-08 02:00:00+01:00;-4.6;11.159755
1900-12-08 03:00:00+01:00;-4.3;11.156236
1900-12-08 04:00:00+01:00;-3;11.090969
1900-12-08 05:00:00+01:00;-3;11.085708
1900-12-08 06:00:00+01:00;-3.3;11.185433
1900-12-08 07:00:00+01:00;-3.4;11.356602
1900-12-08 08:00:00+01:00;-3.5;11.586917
1900-12-08 09:00:00+01:00;-4.1;11.83713
1900-12-08 10:00:00+01:00;-4;12.160864
1900-12-08 11:00:00+01:00;-3.5;12.417611
1900-12-08 12:00:00+01:00;-3;12.907256
1900-12-08 13:00:00+01:00;-2.4;13.122565
1900-12-08 14:00:00+01:00;-1.7;13.061459
1900-12-08 15:00:00+01:00;-2;12.884488
1900-12-08 16:00:00+01:00;-1.5;12.781079
1900-12-08 17:00:00+01:00;-1.5;12.502277
1900-12-08 18:00:00+01:00;-1.2;12.224691
1900-12-08 19:00:00+01:00;-1.4;12.034665
1900-12-08 20:00:00+01:00;-1.5;11.851783
1900-12-08 21:00:00+01:00;-1.2;11.669916
1900-12-08 22:00:00+01:00;-1.4;11.514587
1900-12-08 23:00:00+01:00;-1;11.311442
1900-12-09 00:00:00+01:00;-0.8;11.247858
1900-12-09 01:00:00+01:00;-0.7;11.189895
1900-12-09 02:00:00+01:00;-1;11.159755
1900-12-09 03:00:00+01:00;-1;11.156236
1900-12-09 04:00:00+01:00;-0.6;11.090969
1900-12-09 05:00:00+01:00;-0.7;11.085708
1900-12-09 06:00:00+01:00;-1.5;11.185433
1900-12-09 07:00:00+01:00;-1.7;11.356602
1900-12-09 08:00:00+01:00;-3;11.586917
1900-12-09 09:00:00+01:00;-3.8;11.83713
1900-12-09 10:00:00+01:00;0.2;12.160864
1900-12-09 11:00:00+01:00;0.6;12.417611
1900-12-09 12:00:00+01:00;1.5;12.907256
1900-12-09 13:00:00+01:00;1.4;13.122565
1900-12-09 14:00:00+01:00;0.1;13.061459
1900-12-09 15:00:00+01:00;-0.3;12.884488
1900-12-09 16:00:00+01:00;0;12.781079
1900-12-09 17:00:00+01:00;0.7;12.502277
1900-12-09 18:00:00+01:00;0.6;12.224691
1900-12-09 19:00:00+01:00;0.7;12.034665
1900-12-09 20:00:00+01:00;-0.3;11.851783
1900-12-09 21:00:00+01:00;-1.9;11.669916
1900-12-09 22:00:00+01:00;-2;11.514587
1900-12-09 23:00:00+01:00;1.6;11.311442
1900-12-10 00:00:00+01:00;1.9;17.049827
1900-12-10 01:00:00+01:00;1.7;16.927993
1900-12-10 02:00:00+01:00;0.3;16.889632
1900-12-10 03:00:00+01:00;1.7;16.887383
1900-12-10 04:00:00+01:00;0.8;16.988329
1900-12-10 05:00:00+01:00;0;17.897246
1900-12-10 06:00:00+01:00;-2.3;21.363795
1900-12-10 07:00:00+01:00;1.3;25.65999
1900-12-10 08:00:00+01:00;0.6;28.833099
1900-12-10 09:00:00+01:00;0.1;30.315795
1900-12-10 10:00:00+01:00;0.8;30.67332
1900-12-10 11:00:00+01:00;0.7;30.88895
1900-12-10 12:00:00+01:00;-1.7;30.83782
1900-12-10 13:00:00+01:00;-2.6;30.54232
1900-12-10 14:00:00+01:00;-2.9;29.993679
1900-12-10 15:00:00+01:00;-3.3;28.883133
1900-12-10 16:00:00+01:00;-2.4;26.609758
1900-12-10 17:00:00+01:00;-0.6;24.010435
1900-12-10 18:00:00+01:00;-3.1;22.163733
1900-12-10 19:00:00+01:00;0.5;20.7035949
1900-12-10 20:00:00+01:00;1.5;19.4273567
1900-12-10 21:00:00+01:00;0.1;18.490883
1900-12-10 22:00:00+01:00;0.4;17.855283
1900-12-10 23:00:00+01:00;0.4;17.390515
1900-12-11 00:00:00+01:00;0.1;17.049827
1900-12-11 01:00:00+01:00;-0.1;16.927993
1900-12-11 02:00:00+01:00;0.2;16.889632
1900-12-11 03:00:00+01:00;-0.3;16.887383
1900-12-11 04:00:00+01:00;-1.2;16.988329
1900-12-11 05:00:00+01:00;-1.2;17.897246
1900-12-11 06:00:00+01:00;-2;21.363795
1900-12-11 07:00:00+01:00;-2;25.65999
1900-12-11 08:00:00+01:00;-3;28.833099
1900-12-11 09:00:00+01:00;-2.8;30.315795
1900-12-11 10:00:00+01:00;-5.6;30.67332
1900-12-11 11:00:00+01:00;-5.3;30.88895
1900-12-11 12:00:00+01:00;-3.6;30.83782
1900-12-11 13:00:00+01:00;-5.6;30.54232
1900-12-11 14:00:00+01:00;-6.3;29.993679
1900-12-11 15:00:00+01:00;-7;28.883133
1900-12-11 16:00:00+01:00;-7.3;26.609758
1900-12-11 17:00:00+01:00;-8;24.010435
1900-12-11 18:00:00+01:00;-10;22.163733
1900-12-11 19:00:00+01:00;-10;20.7035949
1900-12-11 20:00:00+01:00;-11.1;19.4273567
1900-12-11 21:00:00+01:00;-8.7;18.490883
1900-12-11 22:00:00+01:00;-7.8;17.855283
1900-12-11 23:00:00+01:00;-6.8;17.390515
1900-12-12 00:00:00+01:00;-6.3;17.049827
1900-12-12 01:00:00+01:00;-6.1;16.927993
1900-12-12 02:00:00+01:00;-5.8;16.889632
1900-12-12 03:00:00+01:00;-5;16.887383
1900-12-12 04:00:00+01:00;-5;16.988329
1900-12-12 05:00:00+01:00;-1.2;17.897246
1900-12-12 06:00:00+01:00;-1.7;21.363795
1900-12-12 07:00:00+01:00;-1.4;25.65999
1900-12-12 08:00:00+01:00;-1.2;28.833099
1900-12-12 09:00:00+01:00;-0.7;30.315795
1900-12-12 10:00:00+01:00;-1.7;30.67332
1900-12-12 11:00:00+01:00;-1.5;30.88895
1900-12-12 12:00:00+01:00;-2;30.83782
1900-12-12 13:00:00+01:00;-2.1;30.54232
1900-12-12 14:00:00+01:00;-2.9;29.993679
1900-12-12 15:00:00+01:00;-3;28.883133
1900-12-12 16:00:00+01:00;-4.1;26.609758
1900-12-12 17:00:00+01:00;-5.3;24.010435
1900-12-12 18:00:00+01:00;-5.5;22.163733
1900-12-12 19:00:00+01:00;-7.6;20.7035949
1900-12-12 20:00:00+01:00;-6.5;19.4273567
1900-12-12 21:00:00+01:00;-7.3;18.490883
1900-12-12 22:00:00+01:00;-8.3;17.855283
1900-12-12 23:00:00+01:00;-8.5;17.390515
1900-12-13 00:00:00+01:00;-9.7;17.049827
1900-12-13 01:00:00+01:00;-9.1;16.927993
1900-12-13 02:00:00+01:00;-9.7;16.889632
1900-12-13 03:00:00+01:00;-7.6;16.887383
1900-12-13 04:00:00+01:00;-9.6;16.988329
1900-12-13 05:00:00+01:00;-10.8;17.897246
1900-12-13 06:00:00+01:00;-15.6;21.363795
1900-12-13 07:00:00+01:00;-10.3;25.65999
1900-12-13 08:00:00+01:00;-13;28.833099
1900-12-13 09:00:00+01:00;-11.5;30.315795
1900-12-13 10:00:00+01:00;-9;30.67332
1900-12-13 11:00:00+01:00;-9.2;30.88895
1900-12-13 12:00:00+01:00;-7.3;30.83782
1900-12-13 13:00:00+01:00;-7;30.54232
1900-12-13 14:00:00+01:00;-8.2;29.993679
1900-12-13 15:00:00+01:00;-7.3;28.883133
1900-12-13 16:00:00+01:00;-8.2;26.609758
1900-12-13 17:00:00+01:00;-8.1;24.010435
1900-12-13 18:00:00+01:00;-8.6;22.163733
1900-12-13 19:00:00+01:00;-8.3;20.7035949
1900-12-13 20:00:00+01:00;-6.6;19.4273567
1900-12-13 21:00:00+01:00;-5.5;18.490883
1900-12-13 22:00:00+01:00;-5.1;17.855283
1900-12-13 23:00:00+01:00;-5.1;17.390515
1900-12-14 00:00:00+01:00;-4.6;17.049827
1900-12-14 01:00:00+01:00;-2.6;16.927993
1900-12-14 02:00:00+01:00;0;16.889632
1900-12-14 03:00:00+01:00;2.7;16.887383
1900-12-14 04:00:00+01:00;2.9;16.988329
1900-12-14 05:00:00+01:00;3.1;17.897246
1900-12-14 06:00:00+01:00;4;21.363795
1900-12-14 07:00:00+01:00;6;25.65999
1900-12-14 08:00:00+01:00;5.3;28.833099
1900-12-14 09:00:00+01:00;4.6;30.315795
1900-12-14 10:00:00+01:00;3.9;30.67332
1900-12-14 11:00:00+01:00;3.4;30.88895
1900-12-14 12:00:00+01:00;2.9;30.83782
1900-12-14 13:00:00+01:00;4.1;30.54232
1900-12-14 14:00:00+01:00;3;29.993679
1900-12-14 15:00:00+01:00;2.1;28.883133
1900-12-14 16:00:00+01:00;1.8;26.609758
1900-12-14 17:00:00+01:00;2.2;24.010435
1900-12-14 18:00:00+01:00;1.3;22.163733
1900-12-14 19:00:00+01:00;-0.5;20.7035949
1900-12-14 20:00:00+01:00;-2;19.4273567
1900-12-14 21:00:00+01:00;-3.3;18.490883
1900-12-14 22:00:00+01:00;-3.5;17.855283
1900-12-14 23:00:00+01:00;-3.8;17.390515
1900-12-15 00:00:00+01:00;-5.8;11.247858
1900-12-15 01:00:00+01:00;-6.6;11.189895
1900-12-15 02:00:00+01:00;-6.1;11.159755
1900-12-15 03:00:00+01:00;-6.1;11.156236
1900-12-15 04:00:00+01:00;-6.1;11.090969
1900-12-15 05:00:00+01:00;-6.1;11.085708
1900-12-15 06:00:00+01:00;-5.8;11.185433
1900-12-15 07:00:00+01:00;-8.2;11.356602
1900-12-15 08:00:00+01:00;-6.8;11.586917
1900-12-15 09:00:00+01:00;-6;11.83713
1900-12-15 10:00:00+01:00;-5.3;12.160864
1900-12-15 11:00:00+01:00;-4.6;12.417611
1900-12-15 12:00:00+01:00;-3.5;12.907256
1900-12-15 13:00:00+01:00;-2.5;13.122565
1900-12-15 14:00:00+01:00;-4.3;13.061459
1900-12-15 15:00:00+01:00;-4.8;12.884488
1900-12-15 16:00:00+01:00;-4.5;12.781079
1900-12-15 17:00:00+01:00;-5.6;12.502277
1900-12-15 18:00:00+01:00;-6.5;12.224691
1900-12-15 19:00:00+01:00;-7.1;12.034665
1900-12-15 20:00:00+01:00;-8.5;11.851783
1900-12-15 21:00:00+01:00;-8.8;11.669916
1900-12-15 22:00:00+01:00;-9.3;11.514587
1900-12-15 23:00:00+01:00;-10.7;11.311442
1900-12-16 00:00:00+01:00;-12.1;11.247858
1900-12-16 01:00:00+01:00;-11.6;11.189895
1900-12-16 02:00:00+01:00;-11.2;11.159755
1900-12-16 03:00:00+01:00;-13.7;11.156236
1900-12-16 04:00:00+01:00;-11.7;11.090969
1900-12-16 05:00:00+01:00;-9.5;11.085708
1900-12-16 06:00:00+01:00;-8.2;11.185433
1900-12-16 07:00:00+01:00;-7;11.356602
1900-12-16 08:00:00+01:00;-6.3;11.586917
1900-12-16 09:00:00+01:00;-6.3;11.83713
1900-12-16 10:00:00+01:00;-6.1;12.160864
1900-12-16 11:00:00+01:00;-6;12.417611
1900-12-16 12:00:00+01:00;-5.8;12.907256
1900-12-16 13:00:00+01:00;-5.1;13.122565
1900-12-16 14:00:00+01:00;-5.1;13.061459
1900-12-16 15:00:00+01:00;-4;12.884488
1900-12-16 16:00:00+01:00;-3.5;12.781079
1900-12-16 17:00:00+01:00;-2.6;12.502277
1900-12-16 18:00:00+01:00;-2;12.224691
1900-12-16 19:00:00+01:00;1;12.034665
1900-12-16 20:00:00+01:00;1;11.851783
1900-12-16 21:00:00+01:00;1;11.669916
1900-12-16 22:00:00+01:00;1.1;11.514587
1900-12-16 23:00:00+01:00;1.1;11.311442
1900-12-17 00:00:00+01:00;0.7;17.049827
1900-12-17 01:00:00+01:00;1;16.927993
1900-12-17 02:00:00+01:00;0.3;16.889632
1900-12-17 03:00:00+01:00;-0.7;16.887383
1900-12-17 04:00:00+01:00;-1.4;16.988329
1900-12-17 05:00:00+01:00;-1.5;17.897246
1900-12-17 06:00:00+01:00;-1.5;21.363795
1900-12-17 07:00:00+01:00;-1.2;25.65999
1900-12-17 08:00:00+01:00;-1.5;28.833099
1900-12-17 09:00:00+01:00;-1.5;30.315795
1900-12-17 10:00:00+01:00;-1;30.67332
1900-12-17 11:00:00+01:00;-1;30.88895
1900-12-17 12:00:00+01:00;-1;30.83782
1900-12-17 13:00:00+01:00;-1;30.54232
1900-12-17 14:00:00+01:00;-1;29.993679
1900-12-17 15:00:00+01:00;-1.4;28.883133
1900-12-17 16:00:00+01:00;-1.9;26.609758
1900-12-17 17:00:00+01:00;-1.4;24.010435
1900-12-17 18:00:00+01:00;-1.7;22.163733
1900-12-17 19:00:00+01:00;-2;20.7035949
1900-12-17 20:00:00+01:00;-2.5;19.4273567
1900-12-17 21:00:00+01:00;-3;18.490883
1900-12-17 22:00:00+01:00;-2.8;17.855283
1900-12-17 23:00:00+01:00;-2.5;17.390515
1900-12-18 00:00:00+01:00;-2;17.049827
1900-12-18 01:00:00+01:00;-2.5;16.927993
1900-12-18 02:00:00+01:00;-2.8;16.889632
1900-12-18 03:00:00+01:00;-2.8;16.887383
1900-12-18 04:00:00+01:00;-3.4;16.988329
1900-12-18 05:00:00+01:00;-3.5;17.897246
1900-12-18 06:00:00+01:00;-3.5;21.363795
1900-12-18 07:00:00+01:00;-3;25.65999
1900-12-18 08:00:00+01:00;-3.6;28.833099
1900-12-18 09:00:00+01:00;-3.3;30.315795
1900-12-18 10:00:00+01:00;-3.5;30.67332
1900-12-18 11:00:00+01:00;-4.3;30.88895
1900-12-18 12:00:00+01:00;-4;30.83782
1900-12-18 13:00:00+01:00;-4.8;30.54232
1900-12-18 14:00:00+01:00;-5;29.993679
1900-12-18 15:00:00+01:00;-5.3;28.883133
1900-12-18 16:00:00+01:00;-4;26.609758
1900-12-18 17:00:00+01:00;-3.6;24.010435
1900-12-18 18:00:00+01:00;-5.3;22.163733
1900-12-18 19:00:00+01:00;-6;20.7035949
1900-12-18 20:00:00+01:00;-7.1;19.4273567
1900-12-18 21:00:00+01:00;-7.8;18.490883
1900-12-18 22:00:00+01:00;-9.2;17.855283
1900-12-18 23:00:00+01:00;-7.8;17.390515
1900-12-19 00:00:00+01:00;-9.8;17.049827
1900-12-19 01:00:00+01:00;-13.7;16.927993
1900-12-19 02:00:00+01:00;-14.3;16.889632
1900-12-19 03:00:00+01:00;-12.3;16.887383
1900-12-19 04:00:00+01:00;-14;16.988329
1900-12-19 05:00:00+01:00;-17.5;17.897246
1900-12-19 06:00:00+01:00;-15.1;21.363795
1900-12-19 07:00:00+01:00;-13.3;25.65999
1900-12-19 08:00:00+01:00;-15.7;28.833099
1900-12-19 09:00:00+01:00;-15.3;30.315795
1900-12-19 10:00:00+01:00;-12.6;30.67332
1900-12-19 11:00:00+01:00;-12;30.88895
1900-12-19 12:00:00+01:00;-10.2;30.83782
1900-12-19 13:00:00+01:00;-8.8;30.54232
1900-12-19 14:00:00+01:00;-8.7;29.993679
1900-12-19 15:00:00+01:00;-8;28.883133
1900-12-19 16:00:00+01:00;-8.7;26.609758
1900-12-19 17:00:00+01:00;-9;24.010435
1900-12-19 18:00:00+01:00;-7.8;22.163733
1900-12-19 19:00:00+01:00;-8.1;20.7035949
1900-12-19 20:00:00+01:00;-6.8;19.4273567
1900-12-19 21:00:00+01:00;-5.8;18.490883
1900-12-19 22:00:00+01:00;-5.5;17.855283
1900-12-19 23:00:00+01:00;-5.3;17.390515
1900-12-20 00:00:00+01:00;-4.3;17.049827
1900-12-20 01:00:00+01:00;-3.8;16.927993
1900-12-20 02:00:00+01:00;-2.9;16.889632
1900-12-20 03:00:00+01:00;-1.9;16.887383
1900-12-20 04:00:00+01:00;-0.7;16.988329
1900-12-20 05:00:00+01:00;-1.4;17.897246
1900-12-20 06:00:00+01:00;-1.7;21.363795
1900-12-20 07:00:00+01:00;-1.5;25.65999
1900-12-20 08:00:00+01:00;-0.5;28.833099
1900-12-20 09:00:00+01:00;-0.6;30.315795
1900-12-20 10:00:00+01:00;-0.6;30.67332
1900-12-20 11:00:00+01:00;-0.6;30.88895
1900-12-20 12:00:00+01:00;0;30.83782
1900-12-20 13:00:00+01:00;0.5;30.54232
1900-12-20 14:00:00+01:00;0;29.993679
1900-12-20 15:00:00+01:00;1.7;28.883133
1900-12-20 16:00:00+01:00;1.9;26.609758
1900-12-20 17:00:00+01:00;-0.3;24.010435
1900-12-20 18:00:00+01:00;-3;22.163733
1900-12-20 19:00:00+01:00;-2;20.7035949
1900-12-20 20:00:00+01:00;1.6;19.4273567
1900-12-20 21:00:00+01:00;-3;18.490883
1900-12-20 22:00:00+01:00;-3.5;17.855283
1900-12-20 23:00:00+01:00;-3.5;17.390515
1900-12-21 00:00:00+01:00;-3.3;17.049827
1900-12-21 01:00:00+01:00;-2.9;16.927993
1900-12-21 02:00:00+01:00;-3.8;16.889632
1900-12-21 03:00:00+01:00;-3.5;16.887383
1900-12-21 04:00:00+01:00;-1;16.988329
1900-12-21 05:00:00+01:00;-2;17.897246
1900-12-21 06:00:00+01:00;-2.4;21.363795
1900-12-21 07:00:00+01:00;0.2;25.65999
1900-12-21 08:00:00+01:00;-2.5;28.833099
1900-12-21 09:00:00+01:00;-2.5;30.315795
1900-12-21 10:00:00+01:00;-1.5;30.67332
1900-12-21 11:00:00+01:00;-0.3;30.88895
1900-12-21 12:00:00+01:00;-1.2;30.83782
1900-12-21 13:00:00+01:00;-0.3;30.54232
1900-12-21 14:00:00+01:00;-1.4;29.993679
1900-12-21 15:00:00+01:00;-1.5;28.883133
1900-12-21 16:00:00+01:00;-1;26.609758
1900-12-21 17:00:00+01:00;-0.6;24.010435
1900-12-21 18:00:00+01:00;0.6;22.163733
1900-12-21 19:00:00+01:00;2.8;20.7035949
1900-12-21 20:00:00+01:00;6.4;19.4273567
1900-12-21 21:00:00+01:00;6;18.490883
1900-12-21 22:00:00+01:00;3.8;17.855283
1900-12-21 23:00:00+01:00;4.2;17.390515
1900-12-22 00:00:00+01:00;2;11.247858
1900-12-22 01:00:00+01:00;3;11.189895
1900-12-22 02:00:00+01:00;3.8;11.159755
1900-12-22 03:00:00+01:00;0.3;11.156236
1900-12-22 04:00:00+01:00;2.2;11.090969
1900-12-22 05:00:00+01:00;1.8;11.085708
1900-12-22 06:00:00+01:00;5.6;11.185433
1900-12-22 07:00:00+01:00;4.9;11.356602
1900-12-22 08:00:00+01:00;4.9;11.586917
1900-12-22 09:00:00+01:00;5.2;11.83713
1900-12-22 10:00:00+01:00;8.2;12.160864
1900-12-22 11:00:00+01:00;7.3;12.417611
1900-12-22 12:00:00+01:00;6.2;12.907256
1900-12-22 13:00:00+01:00;8.4;13.122565
1900-12-22 14:00:00+01:00;8.6;13.061459
1900-12-22 15:00:00+01:00;8;12.884488
1900-12-22 16:00:00+01:00;7.6;12.781079
1900-12-22 17:00:00+01:00;6.6;12.502277
1900-12-22 18:00:00+01:00;6.8;12.224691
1900-12-22 19:00:00+01:00;8.1;12.034665
1900-12-22 20:00:00+01:00;7.1;11.851783
1900-12-22 21:00:00+01:00;3.4;11.669916
1900-12-22 22:00:00+01:00;5.4;11.514587
1900-12-22 23:00:00+01:00;3.2;11.311442
1900-12-23 00:00:00+01:00;0.9;11.247858
1900-12-23 01:00:00+01:00;5.9;11.189895
1900-12-23 02:00:00+01:00;1.9;11.159755
1900-12-23 03:00:00+01:00;1.1;11.156236
1900-12-23 04:00:00+01:00;1.2;11.090969
1900-12-23 05:00:00+01:00;2.7;11.085708
1900-12-23 06:00:00+01:00;0.2;11.185433
1900-12-23 07:00:00+01:00;-1;11.356602
1900-12-23 08:00:00+01:00;-0.7;11.586917
1900-12-23 09:00:00+01:00;-2.1;11.83713
1900-12-23 10:00:00+01:00;-1.2;12.160864
1900-12-23 11:00:00+01:00;-1;12.417611
1900-12-23 12:00:00+01:00;-0.7;12.907256
1900-12-23 13:00:00+01:00;-0.5;13.122565
1900-12-23 14:00:00+01:00;-0.1;13.061459
1900-12-23 15:00:00+01:00;0;12.884488
1900-12-23 16:00:00+01:00;0.9;12.781079
1900-12-23 17:00:00+01:00;0;12.502277
1900-12-23 18:00:00+01:00;1.4;12.224691
1900-12-23 19:00:00+01:00;2.8;12.034665
1900-12-23 20:00:00+01:00;3.7;11.851783
1900-12-23 21:00:00+01:00;6.4;11.669916
1900-12-23 22:00:00+01:00;5.7;11.514587
1900-12-23 23:00:00+01:00;7;11.311442
1900-12-24 00:00:00+01:00;6.3;17.049827
1900-12-24 01:00:00+01:00;5.7;16.927993
1900-12-24 02:00:00+01:00;5.6;16.889632
1900-12-24 03:00:00+01:00;5;16.887383
1900-12-24 04:00:00+01:00;5;16.988329
1900-12-24 05:00:00+01:00;5.7;17.897246
1900-12-24 06:00:00+01:00;5.8;21.363795
1900-12-24 07:00:00+01:00;5.8;25.65999
1900-12-24 08:00:00+01:00;6.9;28.833099
1900-12-24 09:00:00+01:00;6.7;30.315795
1900-12-24 10:00:00+01:00;5.5;30.67332
1900-12-24 11:00:00+01:00;6.1;30.88895
1900-12-24 12:00:00+01:00;4.8;30.83782
1900-12-24 13:00:00+01:00;4.8;30.54232
1900-12-24 14:00:00+01:00;4.6;29.993679
1900-12-24 15:00:00+01:00;4.5;28.883133
1900-12-24 16:00:00+01:00;5.6;26.609758
1900-12-24 17:00:00+01:00;4.4;24.010435
1900-12-24 18:00:00+01:00;4.7;22.163733
1900-12-24 19:00:00+01:00;5;20.7035949
1900-12-24 20:00:00+01:00;4.7;19.4273567
1900-12-24 21:00:00+01:00;4.5;18.490883
1900-12-24 22:00:00+01:00;5.1;17.855283
1900-12-24 23:00:00+01:00;5.2;17.390515
1900-12-25 00:00:00+01:00;5.4;17.049827
1900-12-25 01:00:00+01:00;5.2;16.927993
1900-12-25 02:00:00+01:00;4.1;16.889632
1900-12-25 03:00:00+01:00;3.8;16.887383
1900-12-25 04:00:00+01:00;3.1;16.988329
1900-12-25 05:00:00+01:00;2.5;17.897246
1900-12-25 06:00:00+01:00;2.4;21.363795
1900-12-25 07:00:00+01:00;0.8;25.65999
1900-12-25 08:00:00+01:00;1.7;28.833099
1900-12-25 09:00:00+01:00;1;30.315795
1900-12-25 10:00:00+01:00;1;30.67332
1900-12-25 11:00:00+01:00;2.6;30.88895
1900-12-25 12:00:00+01:00;3.6;30.83782
1900-12-25 13:00:00+01:00;3.5;30.54232
1900-12-25 14:00:00+01:00;3;29.993679
1900-12-25 15:00:00+01:00;2.4;28.883133
1900-12-25 16:00:00+01:00;1.7;26.609758
1900-12-25 17:00:00+01:00;1.6;24.010435
1900-12-25 18:00:00+01:00;0.7;22.163733
1900-12-25 19:00:00+01:00;1.8;20.7035949
1900-12-25 20:00:00+01:00;0.9;19.4273567
1900-12-25 21:00:00+01:00;2;18.490883
1900-12-25 22:00:00+01:00;1;17.855283
1900-12-25 23:00:00+01:00;2.6;17.390515
1900-12-26 00:00:00+01:00;3.3;17.049827
1900-12-26 01:00:00+01:00;2.3;16.927993
1900-12-26 02:00:00+01:00;2;16.889632
1900-12-26 03:00:00+01:00;1.5;16.887383
1900-12-26 04:00:00+01:00;0.8;16.988329
1900-12-26 05:00:00+01:00;0.5;17.897246
1900-12-26 06:00:00+01:00;-0.5;21.363795
1900-12-26 07:00:00+01:00;-0.3;25.65999
1900-12-26 08:00:00+01:00;0;28.833099
1900-12-26 09:00:00+01:00;0;30.315795
1900-12-26 10:00:00+01:00;-0.1;30.67332
1900-12-26 11:00:00+01:00;0;30.88895
1900-12-26 12:00:00+01:00;0;30.83782
1900-12-26 13:00:00+01:00;0.1;30.54232
1900-12-26 14:00:00+01:00;0.3;29.993679
1900-12-26 15:00:00+01:00;0.5;28.883133
1900-12-26 16:00:00+01:00;0.4;26.609758
1900-12-26 17:00:00+01:00;-0.1;24.010435
1900-12-26 18:00:00+01:00;1.4;22.163733
1900-12-26 19:00:00+01:00;2.1;20.7035949
1900-12-26 20:00:00+01:00;2;19.4273567
1900-12-26 21:00:00+01:00;4;18.490883
1900-12-26 22:00:00+01:00;2.3;17.855283
1900-12-26 23:00:00+01:00;2.6;17.390515
1900-12-27 00:00:00+01:00;2.5;17.049827
1900-12-27 01:00:00+01:00;2.5;16.927993
1900-12-27 02:00:00+01:00;1.9;16.889632
1900-12-27 03:00:00+01:00;1.2;16.887383
1900-12-27 04:00:00+01:00;0.2;16.988329
1900-12-27 05:00:00+01:00;-2.5;17.897246
1900-12-27 06:00:00+01:00;-2.1;21.363795
1900-12-27 07:00:00+01:00;-2.4;25.65999
1900-12-27 08:00:00+01:00;-3;28.833099
1900-12-27 09:00:00+01:00;-3.1;30.315795
1900-12-27 10:00:00+01:00;-4.1;30.67332
1900-12-27 11:00:00+01:00;-3.9;30.88895
1900-12-27 12:00:00+01:00;-3;30.83782
1900-12-27 13:00:00+01:00;-3.6;30.54232
1900-12-27 14:00:00+01:00;-3.4;29.993679
1900-12-27 15:00:00+01:00;-5.1;28.883133
1900-12-27 16:00:00+01:00;-6.1;26.609758
1900-12-27 17:00:00+01:00;-7.5;24.010435
1900-12-27 18:00:00+01:00;-7.8;22.163733
1900-12-27 19:00:00+01:00;-9.2;20.7035949
1900-12-27 20:00:00+01:00;-9.5;19.4273567
1900-12-27 21:00:00+01:00;-9.6;18.490883
1900-12-27 22:00:00+01:00;-8.7;17.855283
1900-12-27 23:00:00+01:00;-9.2;17.390515
1900-12-28 00:00:00+01:00;-8.7;17.049827
1900-12-28 01:00:00+01:00;-8.6;16.927993
1900-12-28 02:00:00+01:00;-7.3;16.889632
1900-12-28 03:00:00+01:00;-6.8;16.887383
1900-12-28 04:00:00+01:00;-6.6;16.988329
1900-12-28 05:00:00+01:00;-4.8;17.897246
1900-12-28 06:00:00+01:00;-5.6;21.363795
1900-12-28 07:00:00+01:00;-3.9;25.65999
1900-12-28 08:00:00+01:00;-5;28.833099
1900-12-28 09:00:00+01:00;-4.6;30.315795
1900-12-28 10:00:00+01:00;-4.3;30.67332
1900-12-28 11:00:00+01:00;-4.1;30.88895
1900-12-28 12:00:00+01:00;-3.4;30.83782
1900-12-28 13:00:00+01:00;-3.3;30.54232
1900-12-28 14:00:00+01:00;-3.5;29.993679
1900-12-28 15:00:00+01:00;-3.1;28.883133
1900-12-28 16:00:00+01:00;-3;26.609758
1900-12-28 17:00:00+01:00;-3.9;24.010435
1900-12-28 18:00:00+01:00;-4.1;22.163733
1900-12-28 19:00:00+01:00;-4.3;20.7035949
1900-12-28 20:00:00+01:00;-4;19.4273567
1900-12-28 21:00:00+01:00;-3.8;18.490883
1900-12-28 22:00:00+01:00;-4;17.855283
1900-12-28 23:00:00+01:00;-5.3;17.390515
1900-12-29 00:00:00+01:00;-7.5;11.247858
1900-12-29 01:00:00+01:00;-7.6;11.189895
1900-12-29 02:00:00+01:00;-10;11.159755
1900-12-29 03:00:00+01:00;-12.7;11.156236
1900-12-29 04:00:00+01:00;-20.9;11.090969
1900-12-29 05:00:00+01:00;-16.4;11.085708
1900-12-29 06:00:00+01:00;-18.4;11.185433
1900-12-29 07:00:00+01:00;-14.7;11.356602
1900-12-29 08:00:00+01:00;-10.1;11.586917
1900-12-29 09:00:00+01:00;-8;11.83713
1900-12-29 10:00:00+01:00;-7.1;12.160864
1900-12-29 11:00:00+01:00;-6.8;12.417611
1900-12-29 12:00:00+01:00;-6.3;12.907256
1900-12-29 13:00:00+01:00;-7.3;13.122565
1900-12-29 14:00:00+01:00;-8;13.061459
1900-12-29 15:00:00+01:00;-9.8;12.884488
1900-12-29 16:00:00+01:00;-11.7;12.781079
1900-12-29 17:00:00+01:00;-17;12.502277
1900-12-29 18:00:00+01:00;-13.5;12.224691
1900-12-29 19:00:00+01:00;-17.7;12.034665
1900-12-29 20:00:00+01:00;-16.7;11.851783
1900-12-29 21:00:00+01:00;-13.2;11.669916
1900-12-29 22:00:00+01:00;-12.5;11.514587
1900-12-29 23:00:00+01:00;-10.6;11.311442
1900-12-30 00:00:00+01:00;-10.5;11.247858
1900-12-30 01:00:00+01:00;-11.2;11.189895
1900-12-30 02:00:00+01:00;-10.7;11.159755
1900-12-30 03:00:00+01:00;-8.2;11.156236
1900-12-30 04:00:00+01:00;-6.1;11.090969
1900-12-30 05:00:00+01:00;-6.3;11.085708
1900-12-30 06:00:00+01:00;-5.6;11.185433
1900-12-30 07:00:00+01:00;-6;11.356602
1900-12-30 08:00:00+01:00;-7.1;11.586917
1900-12-30 09:00:00+01:00;-7.8;11.83713
1900-12-30 10:00:00+01:00;-6.3;12.160864
1900-12-30 11:00:00+01:00;-7;12.417611
1900-12-30 12:00:00+01:00;-7.6;12.907256
1900-12-30 13:00:00+01:00;-6.6;13.122565
1900-12-30 14:00:00+01:00;-8.6;13.061459
1900-12-30 15:00:00+01:00;-6.8;12.884488
1900-12-30 16:00:00+01:00;-5.6;12.781079
1900-12-30 17:00:00+01:00;-5.1;12.502277
1900-12-30 18:00:00+01:00;-5.1;12.224691
1900-12-30 19:00:00+01:00;-5.3;12.034665
1900-12-30 20:00:00+01:00;-4.8;11.851783
1900-12-30 21:00:00+01:00;-4.8;11.669916
1900-12-30 22:00:00+01:00;-4.5;11.514587
1900-12-30 23:00:00+01:00;-4.6;11.311442
1900-12-31 00:00:00+01:00;-4.8;17.049827
1900-12-31 01:00:00+01:00;-4.6;16.927993
1900-12-31 02:00:00+01:00;-4.6;16.889632
1900-12-31 03:00:00+01:00;-4.6;16.887383
1900-12-31 04:00:00+01:00;-4.6;16.988329
1900-12-31 05:00:00+01:00;-4.6;17.897246
1900-12-31 06:00:00+01:00;-4.1;21.363795
1900-12-31 07:00:00+01:00;-4.3;25.65999
1900-12-31 08:00:00+01:00;-3.1;28.833099
1900-12-31 09:00:00+01:00;-2.6;30.315795
1900-12-31 10:00:00+01:00;-1.7;30.67332
1900-12-31 11:00:00+01:00;0.8;30.88895
1900-12-31 12:00:00+01:00;1.2;30.83782
1900-12-31 13:00:00+01:00;1.5;30.54232
1900-12-31 14:00:00+01:00;1.5;29.993679
1900-12-31 15:00:00+01:00;0.3;28.883133
1900-12-31 16:00:00+01:00;0.6;26.609758
1900-12-31 17:00:00+01:00;-0.6;24.010435
1900-12-31 18:00:00+01:00;-2.5;22.163733
1900-12-31 19:00:00+01:00;-3;20.7035949
1900-12-31 20:00:00+01:00;-2.5;19.4273567
1900-12-31 21:00:00+01:00;-2.1;18.490883
1900-12-31 22:00:00+01:00;-1.7;17.855283
1900-12-31 23:00:00+01:00;-1.1;17.390515
