TimeStamp;Tout;ElImp
1900-01-01 00:00:00+01:00;-0.8;4.83488678
1900-01-01 01:00:00+01:00;-0.7;4.82595778
1900-01-01 02:00:00+01:00;-0.3;4.79682459
1900-01-01 03:00:00+01:00;-0.3;4.81465448
1900-01-01 04:00:00+01:00;-0.8;4.95536082
1900-01-01 05:00:00+01:00;-0.5;5.38364915
1900-01-01 06:00:00+01:00;-0.7;7.05179962
1900-01-01 07:00:00+01:00;-0.6;10.224708
1900-01-01 08:00:00+01:00;-0.7;13.90728733
1900-01-01 09:00:00+01:00;-1.2;15.84896736
1900-01-01 10:00:00+01:00;-1.7;16.42950381
1900-01-01 11:00:00+01:00;-1.9;16.16913155
1900-01-01 12:00:00+01:00;-2.4;16.66786664
1900-01-01 13:00:00+01:00;-2.3;16.19750307
1900-01-01 14:00:00+01:00;-2;14.3741096
1900-01-01 15:00:00+01:00;-0.3;12.15087035
1900-01-01 16:00:00+01:00;0;9.529921
1900-01-01 17:00:00+01:00;0.2;7.65759478
1900-01-01 18:00:00+01:00;0.7;6.97509418
1900-01-01 19:00:00+01:00;1.1;6.36993582
1900-01-01 20:00:00+01:00;1.3;5.8058386
1900-01-01 21:00:00+01:00;1.6;5.26898824
1900-01-01 22:00:00+01:00;1.8;4.82126934
1900-01-01 23:00:00+01:00;2;4.6300452
1900-01-02 00:00:00+01:00;2.6;4.55871124
1900-01-02 01:00:00+01:00;3.1;4.52166746
1900-01-02 02:00:00+01:00;3.2;4.50237204
1900-01-02 03:00:00+01:00;2.7;4.56383168
1900-01-02 04:00:00+01:00;2.9;4.61946964
1900-01-02 05:00:00+01:00;3;5.074428
1900-01-02 06:00:00+01:00;3.4;6.55304856
1900-01-02 07:00:00+01:00;3.3;9.624459
1900-01-02 08:00:00+01:00;3;13.1794533
1900-01-02 09:00:00+01:00;2.6;15.15448772
1900-01-02 10:00:00+01:00;2.5;15.66464475
1900-01-02 11:00:00+01:00;2.7;15.40252085
1900-01-02 12:00:00+01:00;2.6;15.79609864
1900-01-02 13:00:00+01:00;2;15.4342062
1900-01-02 14:00:00+01:00;1.8;13.84780846
1900-01-02 15:00:00+01:00;2.3;11.85497865
1900-01-02 16:00:00+01:00;3.4;9.25597076
1900-01-02 17:00:00+01:00;3.5;7.40063665
1900-01-02 18:00:00+01:00;2.5;6.7916335
1900-01-02 19:00:00+01:00;1.7;6.30705354
1900-01-02 20:00:00+01:00;2.1;5.7322802
1900-01-02 21:00:00+01:00;2;5.2348326
1900-01-02 22:00:00+01:00;2.1;4.79933088
1900-01-02 23:00:00+01:00;2.1;4.6221885
1900-01-03 00:00:00+01:00;1.9;4.61557091
1900-01-03 01:00:00+01:00;2.2;4.59373622
1900-01-03 02:00:00+01:00;1.6;4.63697892
1900-01-03 03:00:00+01:00;1.7;4.64743928
1900-01-03 04:00:00+01:00;1.6;4.73748546
1900-01-03 05:00:00+01:00;1.3;5.22462113
1900-01-03 06:00:00+01:00;1;6.8450004
1900-01-03 07:00:00+01:00;1.4;9.916888
1900-01-03 08:00:00+01:00;1.5;13.47452115
1900-01-03 09:00:00+01:00;1.6;15.33724552
1900-01-03 10:00:00+01:00;1.4;15.86496498
1900-01-03 11:00:00+01:00;1.1;15.66916805
1900-01-03 12:00:00+01:00;1.2;16.04019368
1900-01-03 13:00:00+01:00;0.9;15.62946819
1900-01-03 14:00:00+01:00;1.2;13.93090864
1900-01-03 15:00:00+01:00;1;12.0029245
1900-01-03 16:00:00+01:00;0.6;9.48157684
1900-01-03 17:00:00+01:00;0.3;7.64980817
1900-01-03 18:00:00+01:00;0.6;6.98528644
1900-01-03 19:00:00+01:00;0.5;6.4328181
1900-01-03 20:00:00+01:00;0.6;5.8702022
1900-01-03 21:00:00+01:00;0.4;5.37145516
1900-01-03 22:00:00+01:00;0;4.9529001
1900-01-03 23:00:00+01:00;-0.3;4.8107493
1900-01-04 00:00:00+01:00;-0.1;4.77802711
1900-01-04 01:00:00+01:00;0;4.7699043
1900-01-04 02:00:00+01:00;0.3;4.74634701
1900-01-04 03:00:00+01:00;0.3;4.76448992
1900-01-04 04:00:00+01:00;0.3;4.85550128
1900-01-04 05:00:00+01:00;0.1;5.33063981
1900-01-04 06:00:00+01:00;0.2;6.94231768
1900-01-04 07:00:00+01:00;0.1;10.116971
1900-01-04 08:00:00+01:00;0.7;13.63189067
1900-01-04 09:00:00+01:00;-0.1;15.64793378
1900-01-04 10:00:00+01:00;-0.3;16.17455079
1900-01-04 11:00:00+01:00;-1;16.0191425
1900-01-04 12:00:00+01:00;-0.3;16.30172408
1900-01-04 13:00:00+01:00;-1;15.9667389
1900-01-04 14:00:00+01:00;-1.2;14.26330936
1900-01-04 15:00:00+01:00;-1.2;12.2532944
1900-01-04 16:00:00+01:00;-4.3;9.87638748
1900-01-04 17:00:00+01:00;-3.5;7.94569935
1900-01-04 18:00:00+01:00;-3;7.3522078
1900-01-04 19:00:00+01:00;-5.5;7.0616409
1900-01-04 20:00:00+01:00;-2.1;6.1184618
1900-01-04 21:00:00+01:00;-0.7;5.46538317
1900-01-04 22:00:00+01:00;2.9;4.74082832
1900-01-04 23:00:00+01:00;3.5;4.5121947
1900-01-05 00:00:00+01:00;3.8;4.46123752
1900-01-05 01:00:00+01:00;4.3;4.42557578
1900-01-05 02:00:00+01:00;4.2;4.41824274
1900-01-05 03:00:00+01:00;3.8;4.47186332
1900-01-05 04:00:00+01:00;4;4.5196101
1900-01-05 05:00:00+01:00;4.8;4.91539998
1900-01-05 06:00:00+01:00;4.6;6.40707264
1900-01-05 07:00:00+01:00;4.4;9.455158
1900-01-05 08:00:00+01:00;4.9;12.80570069
1900-01-05 09:00:00+01:00;4.6;14.78897212
1900-01-05 10:00:00+01:00;4.7;15.26400429
1900-01-05 11:00:00+01:00;5;15.0192155
1900-01-05 12:00:00+01:00;5.2;15.34277928
1900-01-05 13:00:00+01:00;5.6;14.79516696
1900-01-05 14:00:00+01:00;5.8;13.29380726
1900-01-05 15:00:00+01:00;6.7;11.35423885
1900-01-05 16:00:00+01:00;5.7;9.07065148
1900-01-05 17:00:00+01:00;6;7.2059714
1900-01-05 18:00:00+01:00;7;6.3329818
1900-01-05 19:00:00+01:00;10.7;5.36381934
1900-01-05 20:00:00+01:00;7.9;5.1989818
1900-01-05 21:00:00+01:00;6.5;4.85058165
1900-01-05 22:00:00+01:00;6.4;4.48487962
1900-01-05 23:00:00+01:00;5.5;4.3550607
1900-01-06 00:00:00+01:00;5.4;4.17869386
1900-01-06 01:00:00+01:00;3.4;4.34349554
1900-01-06 02:00:00+01:00;1.8;4.43644944
1900-01-06 03:00:00+01:00;1.5;4.4676678
1900-01-06 04:00:00+01:00;2.8;4.31903154
1900-01-06 05:00:00+01:00;1.3;4.48618196
1900-01-06 06:00:00+01:00;0.5;4.5349321
1900-01-06 07:00:00+01:00;0.4;4.53748254
1900-01-06 08:00:00+01:00;-1;4.6791944
1900-01-06 09:00:00+01:00;-1.5;4.7244361
1900-01-06 10:00:00+01:00;2.2;4.52432798
1900-01-06 11:00:00+01:00;2.4;4.60363578
1900-01-06 12:00:00+01:00;2.5;4.68991905
1900-01-06 13:00:00+01:00;3.6;4.62746508
1900-01-06 14:00:00+01:00;5.1;4.55668818
1900-01-06 15:00:00+01:00;4;4.6869468
1900-01-06 16:00:00+01:00;3.7;4.73136185
1900-01-06 17:00:00+01:00;5.3;4.57903829
1900-01-06 18:00:00+01:00;5;4.5335768
1900-01-06 19:00:00+01:00;3.9;4.56932502
1900-01-06 20:00:00+01:00;3.7;4.50671508
1900-01-06 21:00:00+01:00;4.1;4.38765666
1900-01-06 22:00:00+01:00;3.6;4.36694106
1900-01-06 23:00:00+01:00;1.1;4.54812745
1900-01-07 00:00:00+01:00;2;4.4723573
1900-01-07 01:00:00+01:00;2.3;4.43762463
1900-01-07 02:00:00+01:00;2;4.4189231
1900-01-07 03:00:00+01:00;1.7;4.45020088
1900-01-07 04:00:00+01:00;2.1;4.38343973
1900-01-07 05:00:00+01:00;2;4.4183283
1900-01-07 06:00:00+01:00;1.1;4.4778973
1900-01-07 07:00:00+01:00;1.9;4.40456244
1900-01-07 08:00:00+01:00;0.5;4.55504795
1900-01-07 09:00:00+01:00;0.8;4.5536749
1900-01-07 10:00:00+01:00;1.1;4.60616974
1900-01-07 11:00:00+01:00;1.7;4.65489069
1900-01-07 12:00:00+01:00;2.4;4.69718512
1900-01-07 13:00:00+01:00;3;4.670637
1900-01-07 14:00:00+01:00;1.8;4.79208774
1900-01-07 15:00:00+01:00;1.4;4.8893464
1900-01-07 16:00:00+01:00;0.8;4.9808184
1900-01-07 17:00:00+01:00;1.3;4.94148509
1900-01-07 18:00:00+01:00;-0.3;5.04435953
1900-01-07 19:00:00+01:00;-2.5;5.1925839
1900-01-07 20:00:00+01:00;-4.5;5.2902874
1900-01-07 21:00:00+01:00;-5;5.2363445
1900-01-07 22:00:00+01:00;-4.6;5.08537504
1900-01-07 23:00:00+01:00;-7.3;5.32602205
1900-01-08 00:00:00+01:00;-7.6;5.38723786
1900-01-08 01:00:00+01:00;-6.6;5.29840854
1900-01-08 02:00:00+01:00;-5.1;5.20064523
1900-01-08 03:00:00+01:00;-8;5.458433
1900-01-08 04:00:00+01:00;-7.8;5.59083062
1900-01-08 05:00:00+01:00;-8.8;6.11694502
1900-01-08 06:00:00+01:00;-8;7.9398198
1900-01-08 07:00:00+01:00;-3.4;10.655656
1900-01-08 08:00:00+01:00;-3.5;14.45808065
1900-01-08 09:00:00+01:00;-3.5;16.2693103
1900-01-08 10:00:00+01:00;-3.4;16.73908962
1900-01-08 11:00:00+01:00;-2;16.185797
1900-01-08 12:00:00+01:00;0;16.249418
1900-01-08 13:00:00+01:00;0.2;15.75372582
1900-01-08 14:00:00+01:00;-0.1;14.11095903
1900-01-08 15:00:00+01:00;-2.5;12.40124025
1900-01-08 16:00:00+01:00;-5.3;9.95696108
1900-01-08 17:00:00+01:00;-6;8.1403646
1900-01-08 18:00:00+01:00;-8.6;7.92297436
1900-01-08 19:00:00+01:00;-8.8;7.40749344
1900-01-08 20:00:00+01:00;-8.7;6.7253186
1900-01-08 21:00:00+01:00;-8.7;6.14849597
1900-01-08 22:00:00+01:00;-8.6;5.58180262
1900-01-08 23:00:00+01:00;-9.1;5.5021389
1900-01-09 00:00:00+01:00;-8.6;5.46846596
1900-01-09 01:00:00+01:00;-8.2;5.42653078
1900-01-09 02:00:00+01:00;-8;5.4446202
1900-01-09 03:00:00+01:00;-8.2;5.47515452
1900-01-09 04:00:00+01:00;-8.3;5.63622132
1900-01-09 05:00:00+01:00;-8.7;6.10811013
1900-01-09 06:00:00+01:00;-8.7;8.02497242
1900-01-09 07:00:00+01:00;-8.5;11.440597
1900-01-09 08:00:00+01:00;-8.2;15.38262658
1900-01-09 09:00:00+01:00;-8.3;17.14654774
1900-01-09 10:00:00+01:00;-7.6;17.50394868
1900-01-09 11:00:00+01:00;-6.6;16.9524077
1900-01-09 12:00:00+01:00;-5.6;17.22579816
1900-01-09 13:00:00+01:00;-5.1;16.69453359
1900-01-09 14:00:00+01:00;-5.8;14.90041074
1900-01-09 15:00:00+01:00;-5.8;12.7767951
1900-01-09 16:00:00+01:00;-5.5;9.9730758
1900-01-09 17:00:00+01:00;-6;8.1403646
1900-01-09 18:00:00+01:00;-6;7.6579756
1900-01-09 19:00:00+01:00;-5.6;7.07212128
1900-01-09 20:00:00+01:00;-5.5;6.431085
1900-01-09 21:00:00+01:00;-5;5.8325563
1900-01-09 22:00:00+01:00;-4.6;5.28928982
1900-01-09 23:00:00+01:00;-5;5.1800142
1900-01-10 00:00:00+01:00;-5.3;5.20041323
1900-01-10 01:00:00+01:00;-6.3;5.27438562
1900-01-10 02:00:00+01:00;-7.6;5.41096848
1900-01-10 03:00:00+01:00;-8;5.458433
1900-01-10 04:00:00+01:00;-8.1;5.61806504
1900-01-10 05:00:00+01:00;-7.8;6.02859612
1900-01-10 06:00:00+01:00;-7.8;7.91549048
1900-01-10 07:00:00+01:00;-8.2;11.394424
1900-01-10 08:00:00+01:00;-8.1;15.36295539
1900-01-10 09:00:00+01:00;-7.3;16.96378994
1900-01-10 10:00:00+01:00;-7;17.3946831
1900-01-10 11:00:00+01:00;-7;17.0190695
1900-01-10 12:00:00+01:00;-6.3;17.34784568
1900-01-10 13:00:00+01:00;-6.6;16.96079994
1900-01-10 14:00:00+01:00;-6.1;14.94196083
1900-01-10 15:00:00+01:00;-7;12.9133605
1900-01-10 16:00:00+01:00;-6.5;10.0536494
1900-01-10 17:00:00+01:00;-6;8.1403646
1900-01-10 18:00:00+01:00;-4.8;7.53566848
1900-01-10 19:00:00+01:00;-3.8;6.88347444
1900-01-10 20:00:00+01:00;-4.5;6.339137
1900-01-10 21:00:00+01:00;-4;5.7471672
1900-01-10 22:00:00+01:00;-3.9;5.23810008
1900-01-10 23:00:00+01:00;-3.8;5.0857338
1900-01-11 00:00:00+01:00;-4;5.0948167
1900-01-11 01:00:00+01:00;-3.5;5.0501717
1900-01-11 02:00:00+01:00;-4;5.108103
1900-01-11 03:00:00+01:00;-3.3;5.06547728
1900-01-11 04:00:00+01:00;-3.5;5.2004706
1900-01-11 05:00:00+01:00;-3.5;5.64869585
1900-01-11 06:00:00+01:00;-4.6;7.52622136
1900-01-11 07:00:00+01:00;-3.6;10.686438
1900-01-11 08:00:00+01:00;-4.1;14.57610779
1900-01-11 09:00:00+01:00;-3.5;16.2693103
1900-01-11 10:00:00+01:00;-3.1;16.68445683
1900-01-11 11:00:00+01:00;-3;16.3524515
1900-01-11 12:00:00+01:00;-2.8;16.73760808
1900-01-11 13:00:00+01:00;-2.4;16.21525416
1900-01-11 14:00:00+01:00;-2.4;14.42950972
1900-01-11 15:00:00+01:00;-2;12.344338
1900-01-11 16:00:00+01:00;-1.7;9.66689612
1900-01-11 17:00:00+01:00;-1.9;7.82111359
1900-01-11 18:00:00+01:00;-1.4;7.18913164
1900-01-11 19:00:00+01:00;-1.9;6.68434722
1900-01-11 20:00:00+01:00;-2.5;6.155241
1900-01-11 21:00:00+01:00;-2.5;5.61908355
1900-01-11 22:00:00+01:00;-2.9;5.16497188
1900-01-11 23:00:00+01:00;-3;5.0228802
1900-01-12 00:00:00+01:00;-3.1;5.02171141
1900-01-12 01:00:00+01:00;-3.1;5.01814114
1900-01-12 02:00:00+01:00;-4.1;5.11651593
1900-01-12 03:00:00+01:00;-4.5;5.1658064
1900-01-12 04:00:00+01:00;-4.1;5.25493944
1900-01-12 05:00:00+01:00;-3.9;5.68403541
1900-01-12 06:00:00+01:00;-3.5;7.3924101
1900-01-12 07:00:00+01:00;-3.3;10.640265
1900-01-12 08:00:00+01:00;-3.4;14.43840946
1900-01-12 09:00:00+01:00;-3.6;16.28758608
1900-01-12 10:00:00+01:00;-4.3;16.90298799
1900-01-12 11:00:00+01:00;-3;16.3524515
1900-01-12 12:00:00+01:00;-2.8;16.73760808
1900-01-12 13:00:00+01:00;-2.6;16.25075634
1900-01-12 14:00:00+01:00;-3.1;14.52645993
1900-01-12 15:00:00+01:00;-4.3;12.60608835
1900-01-12 16:00:00+01:00;-3;9.7716418
1900-01-12 17:00:00+01:00;-3;7.9067663
1900-01-12 18:00:00+01:00;-3;7.3522078
1900-01-12 19:00:00+01:00;-3;6.7996314
1900-01-12 20:00:00+01:00;-3;6.201215
1900-01-12 21:00:00+01:00;-2.6;5.62762246
1900-01-12 22:00:00+01:00;-2.9;5.16497188
1900-01-12 23:00:00+01:00;-2.5;4.9835967
1900-01-13 00:00:00+01:00;-3;4.9042153
1900-01-13 01:00:00+01:00;-2;4.8055838
1900-01-13 02:00:00+01:00;-2.4;4.80450258
1900-01-13 03:00:00+01:00;-2.5;4.8170062
1900-01-13 04:00:00+01:00;-2.5;4.80669355
1900-01-13 05:00:00+01:00;-2.1;4.81575688
1900-01-13 06:00:00+01:00;-2.5;4.8201061
1900-01-13 07:00:00+01:00;-2.4;4.78560006
1900-01-13 08:00:00+01:00;-1.5;4.72057655
1900-01-13 09:00:00+01:00;-2;4.7615581
1900-01-13 10:00:00+01:00;-1.7;4.81449422
1900-01-13 11:00:00+01:00;-0.7;4.83062181
1900-01-13 12:00:00+01:00;-0.8;4.92969936
1900-01-13 13:00:00+01:00;-0.6;4.92966852
1900-01-13 14:00:00+01:00;-1.2;5.00608734
1900-01-13 15:00:00+01:00;-1.2;5.091746
1900-01-13 16:00:00+01:00;-2.5;5.26468275
1900-01-13 17:00:00+01:00;-3;5.3311154
1900-01-13 18:00:00+01:00;-2.6;5.26601996
1900-01-13 19:00:00+01:00;-2.5;5.1925839
1900-01-13 20:00:00+01:00;-3.1;5.15650676
1900-01-13 21:00:00+01:00;-2.5;5.0031885
1900-01-13 22:00:00+01:00;-2.9;4.93643141
1900-01-13 23:00:00+01:00;-3;4.9278141
1900-01-14 00:00:00+01:00;-9.1;5.43108206
1900-01-14 01:00:00+01:00;-9.2;5.42170148
1900-01-14 02:00:00+01:00;-10.2;5.48802984
1900-01-14 03:00:00+01:00;-9.7;5.44581532
1900-01-14 04:00:00+01:00;-9;5.4047696
1900-01-14 05:00:00+01:00;-7.8;5.36827954
1900-01-14 06:00:00+01:00;-6.1;5.1623149
1900-01-14 07:00:00+01:00;-5;5.0159949
1900-01-14 08:00:00+01:00;-4.3;4.95231659
1900-01-14 09:00:00+01:00;-3.6;4.8803485
1900-01-14 10:00:00+01:00;-0.3;4.71033198
1900-01-14 11:00:00+01:00;-0.3;4.80133329
1900-01-14 12:00:00+01:00;-0.7;4.92243329
1900-01-14 13:00:00+01:00;-1.2;4.97284044
1900-01-14 14:00:00+01:00;-0.6;4.96328742
1900-01-14 15:00:00+01:00;-1.2;5.091746
1900-01-14 16:00:00+01:00;-2;5.221673
1900-01-14 17:00:00+01:00;-1;5.149892
1900-01-14 18:00:00+01:00;-1.4;5.15037104
1900-01-14 19:00:00+01:00;-1.4;5.08546128
1900-01-14 20:00:00+01:00;-1.7;5.02272612
1900-01-14 21:00:00+01:00;-1;4.8632949
1900-01-14 22:00:00+01:00;-2.3;4.88386307
1900-01-14 23:00:00+01:00;-1.7;4.80742565
1900-01-15 00:00:00+01:00;-1.5;4.89174645
1900-01-15 01:00:00+01:00;-1.4;4.88201126
1900-01-15 02:00:00+01:00;-1.4;4.88936682
1900-01-15 03:00:00+01:00;-1;4.8731798
1900-01-15 04:00:00+01:00;-0.6;4.93720454
1900-01-15 05:00:00+01:00;0;5.3394747
1900-01-15 06:00:00+01:00;0;6.966647
1900-01-15 07:00:00+01:00;-0.6;10.224708
1900-01-15 08:00:00+01:00;0.3;13.71057543
1900-01-15 09:00:00+01:00;0.6;15.52000332
1900-01-15 10:00:00+01:00;0.5;16.02886335
1900-01-15 11:00:00+01:00;0.6;15.7524953
1900-01-15 12:00:00+01:00;0.7;16.12737048
1900-01-15 13:00:00+01:00;1;15.6117171
1900-01-15 14:00:00+01:00;0.9;13.97245873
1900-01-15 15:00:00+01:00;1;12.0029245
1900-01-15 16:00:00+01:00;1;9.4493474
1900-01-15 17:00:00+01:00;1.3;7.57194207
1900-01-15 18:00:00+01:00;0.9;6.95470966
1900-01-15 19:00:00+01:00;0.9;6.39089658
1900-01-15 20:00:00+01:00;1.5;5.787449
1900-01-15 21:00:00+01:00;1.9;5.24337151
1900-01-15 22:00:00+01:00;1.5;4.8432078
1900-01-15 23:00:00+01:00;1.5;4.6693287
1900-01-16 00:00:00+01:00;1.4;4.65618496
1900-01-16 01:00:00+01:00;1.6;4.64178206
1900-01-16 02:00:00+01:00;1.5;4.64539185
1900-01-16 03:00:00+01:00;1.2;4.68924308
1900-01-16 04:00:00+01:00;1.2;4.77379802
1900-01-16 05:00:00+01:00;1.2;5.23345602
1900-01-16 06:00:00+01:00;1.4;6.79634176
1900-01-16 07:00:00+01:00;1.4;9.916888
1900-01-16 08:00:00+01:00;1.3;13.51386353
1900-01-16 09:00:00+01:00;1.1;15.42862442
1900-01-16 10:00:00+01:00;1;15.9378087
1900-01-16 11:00:00+01:00;1.2;15.6525026
1900-01-16 12:00:00+01:00;1.2;16.04019368
1900-01-16 13:00:00+01:00;1;15.6117171
1900-01-16 14:00:00+01:00;1;13.9586087
1900-01-16 15:00:00+01:00;0.7;12.03706585
1900-01-16 16:00:00+01:00;0.3;9.50574892
1900-01-16 17:00:00+01:00;0.2;7.65759478
1900-01-16 18:00:00+01:00;0.5;6.9954787
1900-01-16 19:00:00+01:00;0.2;6.46425924
1900-01-16 20:00:00+01:00;-0.3;5.9529554
1900-01-16 21:00:00+01:00;0;5.4056108
1900-01-16 22:00:00+01:00;-0.3;4.97483856
1900-01-16 23:00:00+01:00;-0.8;4.8500328
1900-01-17 00:00:00+01:00;-0.8;4.83488678
1900-01-17 01:00:00+01:00;-1;4.8499807
1900-01-17 02:00:00+01:00;-0.5;4.81365045
1900-01-17 03:00:00+01:00;-1.2;4.88990132
1900-01-17 04:00:00+01:00;-1.5;5.0189078
1900-01-17 05:00:00+01:00;-2.3;5.54267717
1900-01-17 06:00:00+01:00;-2.1;7.22210486
1900-01-17 07:00:00+01:00;-2;10.440182
1900-01-17 08:00:00+01:00;-2;14.1630128
1900-01-17 09:00:00+01:00;-2.1;16.01344938
1900-01-17 10:00:00+01:00;-1.5;16.39308195
1900-01-17 11:00:00+01:00;-2;16.185797
1900-01-17 12:00:00+01:00;-2.9;16.75504344
1900-01-17 13:00:00+01:00;-3.4;16.39276506
1900-01-17 14:00:00+01:00;-3;14.5126099
1900-01-17 15:00:00+01:00;-2.1;12.35571845
1900-01-17 16:00:00+01:00;-1.5;9.6507814
1900-01-17 17:00:00+01:00;-2.6;7.87561986
1900-01-17 18:00:00+01:00;-2.8;7.33182328
1900-01-17 19:00:00+01:00;-2.8;6.77867064
1900-01-17 20:00:00+01:00;-3;6.201215
1900-01-17 21:00:00+01:00;-3;5.6617781
1900-01-17 22:00:00+01:00;-3.4;5.20153598
1900-01-17 23:00:00+01:00;-5;5.1800142
1900-01-18 00:00:00+01:00;-5.1;5.18416761
1900-01-18 01:00:00+01:00;-4;5.0902099
1900-01-18 02:00:00+01:00;-4.5;5.15016765
1900-01-18 03:00:00+01:00;-4.3;5.14908488
1900-01-18 04:00:00+01:00;-3.4;5.19139246
1900-01-18 05:00:00+01:00;-4.8;5.76354942
1900-01-18 06:00:00+01:00;-7.1;7.83033786
1900-01-18 07:00:00+01:00;-5.6;10.994258
1900-01-18 08:00:00+01:00;-4.8;14.71380612
1900-01-18 09:00:00+01:00;-5;16.543447
1900-01-18 10:00:00+01:00;-4.8;16.99404264
1900-01-18 11:00:00+01:00;-3.3;16.40244785
1900-01-18 12:00:00+01:00;-4.6;17.05144456
1900-01-18 13:00:00+01:00;-3.3;16.37501397
1900-01-18 14:00:00+01:00;-4.8;14.76191044
1900-01-18 15:00:00+01:00;-7.5;12.97026275
1900-01-18 16:00:00+01:00;-9;10.2550834
1900-01-18 17:00:00+01:00;-8.3;8.31945663
1900-01-18 18:00:00+01:00;-8.2;7.88220532
1900-01-18 19:00:00+01:00;-7.3;7.25028774
1900-01-18 20:00:00+01:00;-6.3;6.5046434
1900-01-18 21:00:00+01:00;-6.3;5.94356213
1900-01-18 22:00:00+01:00;-6.6;5.43554622
1900-01-18 23:00:00+01:00;-6.1;5.2664379
1900-01-19 00:00:00+01:00;-7.3;5.36286943
1900-01-19 01:00:00+01:00;-6.5;5.2904009
1900-01-19 02:00:00+01:00;-6.8;5.34366504
1900-01-19 03:00:00+01:00;-7.1;5.38318616
1900-01-19 04:00:00+01:00;-7.5;5.5635962
1900-01-19 05:00:00+01:00;-7.8;6.02859612
1900-01-19 06:00:00+01:00;-7.6;7.89116116
1900-01-19 07:00:00+01:00;-7.3;11.255905
1900-01-19 08:00:00+01:00;-7.1;15.16624349
1900-01-19 09:00:00+01:00;-7.1;16.92723838
1900-01-19 10:00:00+01:00;-7.1;17.41289403
1900-01-19 11:00:00+01:00;-6.6;16.9524077
1900-01-19 12:00:00+01:00;-6.1;17.31297496
1900-01-19 13:00:00+01:00;-6.1;16.87204449
1900-01-19 14:00:00+01:00;-5.8;14.90041074
1900-01-19 15:00:00+01:00;-5.6;12.7540342
1900-01-19 16:00:00+01:00;-6.1;10.02141996
1900-01-19 17:00:00+01:00;-6.1;8.14815121
1900-01-19 18:00:00+01:00;-5.1;7.56624526
1900-01-19 19:00:00+01:00;-5.8;7.09308204
1900-01-19 20:00:00+01:00;-5.6;6.4402798
1900-01-19 21:00:00+01:00;-6.3;5.94356213
1900-01-19 22:00:00+01:00;-6.6;5.43554622
1900-01-19 23:00:00+01:00;-6.8;5.3214348
1900-01-20 00:00:00+01:00;-7;5.2497017
1900-01-20 01:00:00+01:00;-6.8;5.21632892
1900-01-20 02:00:00+01:00;-7.8;5.27771376
1900-01-20 03:00:00+01:00;-7.6;5.26241266
1900-01-20 04:00:00+01:00;-7.3;5.24834971
1900-01-20 05:00:00+01:00;-7.8;5.36827954
1900-01-20 06:00:00+01:00;-7.3;5.2763845
1900-01-20 07:00:00+01:00;-7.6;5.24638974
1900-01-20 08:00:00+01:00;-7.1;5.18405663
1900-01-20 09:00:00+01:00;-7;5.1327781
1900-01-20 10:00:00+01:00;-6.6;5.17906206
1900-01-20 11:00:00+01:00;-6.3;5.24066109
1900-01-20 12:00:00+01:00;-6.3;5.32933321
1900-01-20 13:00:00+01:00;-5.8;5.30382516
1900-01-20 14:00:00+01:00;-4.6;5.24862022
1900-01-20 15:00:00+01:00;-5;5.3875608
1900-01-20 16:00:00+01:00;-5.1;5.48833345
1900-01-20 17:00:00+01:00;-6;5.6029505
1900-01-20 18:00:00+01:00;-5.5;5.54550485
1900-01-20 19:00:00+01:00;-5.3;5.46525966
1900-01-20 20:00:00+01:00;-5.3;5.36673348
1900-01-20 21:00:00+01:00;-5.8;5.31095442
1900-01-20 22:00:00+01:00;-6.1;5.21679589
1900-01-20 23:00:00+01:00;-5.3;5.14080905
1900-01-21 00:00:00+01:00;-5.6;5.12878146
1900-01-21 01:00:00+01:00;-5.6;5.11364264
1900-01-21 02:00:00+01:00;-5.8;5.10245036
1900-01-21 03:00:00+01:00;-6.3;5.14887768
1900-01-21 04:00:00+01:00;-6.8;5.20234386
1900-01-21 05:00:00+01:00;-6.6;5.25195898
1900-01-21 06:00:00+01:00;-5.8;5.1337975
1900-01-21 07:00:00+01:00;-6.3;5.13119232
1900-01-21 08:00:00+01:00;-6.3;5.11784519
1900-01-21 09:00:00+01:00;-6;5.0585341
1900-01-21 10:00:00+01:00;-5.3;5.08233998
1900-01-21 11:00:00+01:00;-5.1;5.15279553
1900-01-21 12:00:00+01:00;-4.6;5.20581002
1900-01-21 13:00:00+01:00;-4.6;5.21748132
1900-01-21 14:00:00+01:00;-4.3;5.22722026
1900-01-21 15:00:00+01:00;-4;5.3097148
1900-01-21 16:00:00+01:00;-3.1;5.31629445
1900-01-21 17:00:00+01:00;-3.5;5.37642125
1900-01-21 18:00:00+01:00;-3.8;5.38166888
1900-01-21 19:00:00+01:00;-4.6;5.39709072
1900-01-21 20:00:00+01:00;-4.3;5.27117588
1900-01-21 21:00:00+01:00;-4;5.1430821
1900-01-21 22:00:00+01:00;-3.5;4.98899975
1900-01-21 23:00:00+01:00;-4.1;5.02968125
1900-01-22 00:00:00+01:00;-3.4;5.04607984
1900-01-22 01:00:00+01:00;-3.6;5.05817934
1900-01-22 02:00:00+01:00;-4.6;5.15858058
1900-01-22 03:00:00+01:00;-4.8;5.19088868
1900-01-22 04:00:00+01:00;-4.3;5.27309572
1900-01-22 05:00:00+01:00;-4.3;5.71937497
1900-01-22 06:00:00+01:00;-4.3;7.48972738
1900-01-22 07:00:00+01:00;-4.6;10.840348
1900-01-22 08:00:00+01:00;-4.1;14.57610779
1900-01-22 09:00:00+01:00;-3.5;16.2693103
1900-01-22 10:00:00+01:00;-4.1;16.86656613
1900-01-22 11:00:00+01:00;-3.9;16.50244055
1900-01-22 12:00:00+01:00;-4.3;16.99913848
1900-01-22 13:00:00+01:00;-4.1;16.51702269
1900-01-22 14:00:00+01:00;-4.3;14.69266029
1900-01-22 15:00:00+01:00;-4;12.571947
1900-01-22 16:00:00+01:00;-4;9.8522154
1900-01-22 17:00:00+01:00;-4.5;8.02356545
1900-01-22 18:00:00+01:00;-4.8;7.53566848
1900-01-22 19:00:00+01:00;-4.6;6.96731748
1900-01-22 20:00:00+01:00;-5;6.385111
1900-01-22 21:00:00+01:00;-5.1;5.84109521
1900-01-22 22:00:00+01:00;-6.3;5.41360776
1900-01-22 23:00:00+01:00;-5.3;5.2035843
1900-01-23 00:00:00+01:00;-5.3;5.20041323
1900-01-23 01:00:00+01:00;-5.3;5.19430922
1900-01-23 02:00:00+01:00;-6.3;5.30160039
1900-01-23 03:00:00+01:00;-5.6;5.25777476
1900-01-23 04:00:00+01:00;-6.8;5.50004922
1900-01-23 05:00:00+01:00;-7.5;6.00209145
1900-01-23 06:00:00+01:00;-8.2;7.96414912
1900-01-23 07:00:00+01:00;-8.2;11.394424
1900-01-23 08:00:00+01:00;-8.7;15.48098253
1900-01-23 09:00:00+01:00;-9;17.2744782
1900-01-23 10:00:00+01:00;-9.1;17.77711263
1900-01-23 11:00:00+01:00;-7.6;17.1190622
1900-01-23 12:00:00+01:00;-6.3;17.34784568
1900-01-23 13:00:00+01:00;-5.8;16.81879122
1900-01-23 14:00:00+01:00;-5.3;14.83116059
1900-01-23 15:00:00+01:00;-5.6;12.7540342
1900-01-23 16:00:00+01:00;-6.8;10.07782148
1900-01-23 17:00:00+01:00;-7.3;8.24159053
1900-01-23 18:00:00+01:00;-5.6;7.61720656
1900-01-23 19:00:00+01:00;-5.8;7.09308204
1900-01-23 20:00:00+01:00;-5.1;6.3943058
1900-01-23 21:00:00+01:00;-6.1;5.92648431
1900-01-23 22:00:00+01:00;-6;5.3916693
1900-01-23 23:00:00+01:00;-5.6;5.2271544
1900-01-24 00:00:00+01:00;-5.3;5.20041323
1900-01-24 01:00:00+01:00;-5.3;5.19430922
1900-01-24 02:00:00+01:00;-5.3;5.21747109
1900-01-24 03:00:00+01:00;-5.6;5.25777476
1900-01-24 04:00:00+01:00;-5.1;5.34572084
1900-01-24 05:00:00+01:00;-5.5;5.82539365
1900-01-24 06:00:00+01:00;-5.1;7.58704466
1900-01-24 07:00:00+01:00;-5.1;10.917303
1900-01-24 08:00:00+01:00;-4.8;14.71380612
1900-01-24 09:00:00+01:00;-4.5;16.4520681
1900-01-24 10:00:00+01:00;-5;17.0304645
1900-01-24 11:00:00+01:00;-4.6;16.6190987
1900-01-24 12:00:00+01:00;-4.1;16.96426776
1900-01-24 13:00:00+01:00;-3.4;16.39276506
1900-01-24 14:00:00+01:00;-3.4;14.56801002
1900-01-24 15:00:00+01:00;-3.5;12.51504475
1900-01-24 16:00:00+01:00;-4.1;9.86027276
1900-01-24 17:00:00+01:00;-4.6;8.03135206
1900-01-24 18:00:00+01:00;-3.8;7.43374588
1900-01-24 19:00:00+01:00;-3.5;6.8520333
1900-01-24 20:00:00+01:00;-3.3;6.2287994
1900-01-24 21:00:00+01:00;-2.8;5.64470028
1900-01-24 22:00:00+01:00;-1.5;5.0625924
1900-01-24 23:00:00+01:00;-2;4.9443132
1900-01-25 00:00:00+01:00;-2.3;4.95672893
1900-01-25 01:00:00+01:00;-1.5;4.8900189
1900-01-25 02:00:00+01:00;-1;4.8557151
1900-01-25 03:00:00+01:00;-0.7;4.84809752
1900-01-25 04:00:00+01:00;-1.5;5.0189078
1900-01-25 05:00:00+01:00;-1;5.4278236
1900-01-25 06:00:00+01:00;-0.8;7.06396428
1900-01-25 07:00:00+01:00;-1;10.286272
1900-01-25 08:00:00+01:00;-1;13.9663009
1900-01-25 09:00:00+01:00;-0.5;15.7210369
1900-01-25 10:00:00+01:00;0;16.119918
1900-01-25 11:00:00+01:00;0.1;15.83582255
1900-01-25 12:00:00+01:00;0.5;16.1622412
1900-01-25 13:00:00+01:00;0.8;15.64721928
1900-01-25 14:00:00+01:00;0.7;14.00015879
1900-01-25 15:00:00+01:00;0.4;12.0712072
1900-01-25 16:00:00+01:00;0.4;9.49769156
1900-01-25 17:00:00+01:00;0.3;7.64980817
1900-01-25 18:00:00+01:00;0.1;7.03624774
1900-01-25 19:00:00+01:00;0.1;6.47473962
1900-01-25 20:00:00+01:00;-0.1;5.9345658
1900-01-25 21:00:00+01:00;0;5.4056108
1900-01-25 22:00:00+01:00;-0.5;4.9894642
1900-01-25 23:00:00+01:00;-1.5;4.9050297
1900-01-26 00:00:00+01:00;-2;4.9323605
1900-01-26 01:00:00+01:00;-1.7;4.90603418
1900-01-26 02:00:00+01:00;-1.7;4.91460561
1900-01-26 03:00:00+01:00;-2.4;4.99023044
1900-01-26 04:00:00+01:00;-2.4;5.10061106
1900-01-26 05:00:00+01:00;-2.3;5.54267717
1900-01-26 06:00:00+01:00;-2.4;7.25859884
1900-01-26 07:00:00+01:00;-1.7;10.394009
1900-01-26 08:00:00+01:00;-1;13.9663009
1900-01-26 09:00:00+01:00;-0.7;15.75758846
1900-01-26 10:00:00+01:00;0.1;16.10170707
1900-01-26 11:00:00+01:00;0.4;15.7858262
1900-01-26 12:00:00+01:00;0.4;16.17967656
1900-01-26 13:00:00+01:00;0.8;15.64721928
1900-01-26 14:00:00+01:00;0.5;14.02785885
1900-01-26 15:00:00+01:00;0.7;12.03706585
1900-01-26 16:00:00+01:00;0.9;9.45740476
1900-01-26 17:00:00+01:00;0.9;7.60308851
1900-01-26 18:00:00+01:00;0.7;6.97509418
1900-01-26 19:00:00+01:00;0.6;6.42233772
1900-01-26 20:00:00+01:00;0;5.925371
1900-01-26 21:00:00+01:00;0.8;5.33729952
1900-01-26 22:00:00+01:00;0.6;4.90902318
1900-01-26 23:00:00+01:00;0.6;4.740039
1900-01-27 00:00:00+01:00;0.5;4.6019147
1900-01-27 01:00:00+01:00;0.4;4.60021124
1900-01-27 02:00:00+01:00;0.4;4.55913382
1900-01-27 03:00:00+01:00;0.1;4.58993624
1900-01-27 04:00:00+01:00;0.4;4.53985962
1900-01-27 05:00:00+01:00;0.2;4.59280914
1900-01-27 06:00:00+01:00;0.1;4.5729553
1900-01-27 07:00:00+01:00;0.2;4.55520522
1900-01-27 08:00:00+01:00;-0.3;4.62125939
1900-01-27 09:00:00+01:00;-0.7;4.6650409
1900-01-27 10:00:00+01:00;-0.6;4.73265246
1900-01-27 11:00:00+01:00;-0.6;4.82329968
1900-01-27 12:00:00+01:00;-0.7;4.92243329
1900-01-27 13:00:00+01:00;-1.7;5.00881704
1900-01-27 14:00:00+01:00;-2;5.0631539
1900-01-27 15:00:00+01:00;-2.5;5.1929458
1900-01-27 16:00:00+01:00;-3.8;5.3765081
1900-01-27 17:00:00+01:00;-5.6;5.56670582
1900-01-27 18:00:00+01:00;-7.5;5.73825305
1900-01-27 19:00:00+01:00;-7.6;5.68924332
1900-01-27 20:00:00+01:00;-8.5;5.6725178
1900-01-27 21:00:00+01:00;-9.5;5.6560253
1900-01-27 22:00:00+01:00;-10;5.5584901
1900-01-27 23:00:00+01:00;-11.2;5.6871874
1900-01-28 00:00:00+01:00;-12.3;5.70747118
1900-01-28 01:00:00+01:00;-13.2;5.76398908
1900-01-28 02:00:00+01:00;-13.7;5.79474079
1900-01-28 03:00:00+01:00;-13.3;5.76021988
1900-01-28 04:00:00+01:00;-13.2;5.79121874
1900-01-28 05:00:00+01:00;-13;5.8723353
1900-01-28 06:00:00+01:00;-11.7;5.6946397
1900-01-28 07:00:00+01:00;-12;5.6362887
1900-01-28 08:00:00+01:00;-11.7;5.56477241
1900-01-28 09:00:00+01:00;-11.6;5.4743005
1900-01-28 10:00:00+01:00;-11.3;5.52874958
1900-01-28 11:00:00+01:00;-9.7;5.48961351
1900-01-28 12:00:00+01:00;-9.2;5.54004924
1900-01-28 13:00:00+01:00;-9.2;5.54846604
1900-01-28 14:00:00+01:00;-9.2;5.57675294
1900-01-28 15:00:00+01:00;-9.3;5.7222986
1900-01-28 16:00:00+01:00;-9.3;5.84961535
1900-01-28 17:00:00+01:00;-10.7;6.02882549
1900-01-28 18:00:00+01:00;-12.1;6.18157391
1900-01-28 19:00:00+01:00;-12.2;6.13721064
1900-01-28 20:00:00+01:00;-11.1;5.92096756
1900-01-28 21:00:00+01:00;-10.6;5.75861394
1900-01-28 22:00:00+01:00;-9.8;5.54096732
1900-01-28 23:00:00+01:00;-9.7;5.54827765
1900-01-29 00:00:00+01:00;-10.2;5.59843092
1900-01-29 01:00:00+01:00;-10.2;5.58668358
1900-01-29 02:00:00+01:00;-10.5;5.65494345
1900-01-29 03:00:00+01:00;-10.7;5.68417352
1900-01-29 04:00:00+01:00;-11.3;5.90856552
1900-01-29 05:00:00+01:00;-12.7;6.46150573
1900-01-29 06:00:00+01:00;-12.3;8.46290018
1900-01-29 07:00:00+01:00;-13.6;12.225538
1900-01-29 08:00:00+01:00;-14.6;16.64158274
1900-01-29 09:00:00+01:00;-14.2;18.22481876
1900-01-29 10:00:00+01:00;-13.1;18.50554983
1900-01-29 11:00:00+01:00;-11.7;17.80234565
1900-01-29 12:00:00+01:00;-11.2;18.20217832
1900-01-29 13:00:00+01:00;-9.6;17.49333264
1900-01-29 14:00:00+01:00;-9.8;15.45441194
1900-01-29 15:00:00+01:00;-10.8;13.3458176
1900-01-29 16:00:00+01:00;-11.6;10.46457476
1900-01-29 17:00:00+01:00;-12.7;8.66206747
1900-01-29 18:00:00+01:00;-14;8.4733564
1900-01-29 19:00:00+01:00;-14.7;8.02583586
1900-01-29 20:00:00+01:00;-15;7.304591
1900-01-29 21:00:00+01:00;-16;6.7718364
1900-01-29 22:00:00+01:00;-15.3;6.07176156
1900-01-29 23:00:00+01:00;-15.5;6.0049677
1900-01-30 00:00:00+01:00;-15.6;6.03706266
1900-01-30 01:00:00+01:00;-16.5;6.0911649
1900-01-30 02:00:00+01:00;-15.7;6.09241581
1900-01-30 03:00:00+01:00;-18;6.294509
1900-01-30 04:00:00+01:00;-17;6.4260195
1900-01-30 05:00:00+01:00;-20.7;7.16829693
1900-01-30 06:00:00+01:00;-19.2;9.30226172
1900-01-30 07:00:00+01:00;-16.7;12.702659
1900-01-30 08:00:00+01:00;-22;18.0972508
1900-01-30 09:00:00+01:00;-16.2;18.59033436
1900-01-30 10:00:00+01:00;-14;18.6694482
1900-01-30 11:00:00+01:00;-12.5;17.93566925
1900-01-30 12:00:00+01:00;-11.2;18.20217832
1900-01-30 13:00:00+01:00;-11;17.7418479
1900-01-30 14:00:00+01:00;-9.7;15.44056191
1900-01-30 15:00:00+01:00;-10.2;13.2775349
1900-01-30 16:00:00+01:00;-12;10.4968042
1900-01-30 17:00:00+01:00;-12.8;8.66985408
1900-01-30 18:00:00+01:00;-13.6;8.43258736
1900-01-30 19:00:00+01:00;-13.7;7.92103206
1900-01-30 20:00:00+01:00;-14.3;7.2402274
1900-01-30 21:00:00+01:00;-15.2;6.70352512
1900-01-30 22:00:00+01:00;-16;6.1229513
1900-01-30 23:00:00+01:00;-17.5;6.1621017
1900-01-31 00:00:00+01:00;-19.5;6.35385225
1900-01-31 01:00:00+01:00;-17.2;6.14721838
1900-01-31 02:00:00+01:00;-18.7;6.34480371
1900-01-31 03:00:00+01:00;-17.9;6.28614824
1900-01-31 04:00:00+01:00;-20.2;6.71651998
1900-01-31 05:00:00+01:00;-18.5;6.97392935
1900-01-31 06:00:00+01:00;-17.7;9.11979182
1900-01-31 07:00:00+01:00;-15.2;12.471794
1900-01-31 08:00:00+01:00;-14.8;16.68092512
1900-01-31 09:00:00+01:00;-14.2;18.22481876
1900-01-31 10:00:00+01:00;-13;18.4873389
1900-01-31 11:00:00+01:00;-12.2;17.8856729
1900-01-31 12:00:00+01:00;-11.8;18.30679048
1900-01-31 13:00:00+01:00;-11.7;17.86610553
1900-01-31 14:00:00+01:00;-10.7;15.57906221
1900-01-31 15:00:00+01:00;-10.7;13.33443715
1900-01-31 16:00:00+01:00;-10.3;10.35982908
1900-01-31 17:00:00+01:00;-10.3;8.47518883
1900-01-31 18:00:00+01:00;-10.6;8.12681956
1900-01-31 19:00:00+01:00;-10.1;7.54373838
1900-01-31 20:00:00+01:00;-10;6.844851
1900-01-31 21:00:00+01:00;-9.7;6.23388507
1900-01-31 22:00:00+01:00;-9.6;5.65493082
1900-01-31 23:00:00+01:00;-9.5;5.5335657
1900-02-01 00:00:00+01:00;-5.2;5.19229042
1900-02-01 01:00:00+01:00;-3.6;5.05817934
1900-02-01 02:00:00+01:00;-2.4;4.97349612
1900-02-01 03:00:00+01:00;3.4;4.50530636
1900-02-01 04:00:00+01:00;3.6;4.55592266
1900-02-01 05:00:00+01:00;4;4.9860791
1900-02-01 06:00:00+01:00;4.6;6.40707264
1900-02-01 07:00:00+01:00;5.4;9.301248
1900-02-01 08:00:00+01:00;5;12.7860295
1900-02-01 09:00:00+01:00;5.5;14.6244901
1900-02-01 10:00:00+01:00;6.1;15.00905127
1900-02-01 11:00:00+01:00;6.4;14.7858992
1900-02-01 12:00:00+01:00;6.9;15.04637816
1900-02-01 13:00:00+01:00;7.6;14.44014516
1900-02-01 14:00:00+01:00;10.2;12.68440594
1900-02-01 15:00:00+01:00;8.9;11.10386895
1900-02-01 16:00:00+01:00;8.1;8.87727484
1900-02-01 17:00:00+01:00;5.2;7.26826428
1900-02-01 18:00:00+01:00;3.7;6.66932638
1900-02-01 19:00:00+01:00;4.4;6.02408328
1900-02-01 20:00:00+01:00;4.3;5.5299946
1900-02-01 21:00:00+01:00;3.8;5.08113222
1900-02-01 22:00:00+01:00;-1.5;5.0625924
1900-02-01 23:00:00+01:00;-2.4;4.97574
1900-02-02 00:00:00+01:00;-2;4.9323605
1900-02-02 01:00:00+01:00;-2.6;4.97810294
1900-02-02 02:00:00+01:00;-3;5.0239737
1900-02-02 03:00:00+01:00;-2.9;5.03203424
1900-02-02 04:00:00+01:00;-3.9;5.23678316
1900-02-02 05:00:00+01:00;-4;5.6928703
1900-02-02 06:00:00+01:00;-3.6;7.40457476
1900-02-02 07:00:00+01:00;-4.6;10.840348
1900-02-02 08:00:00+01:00;-6;14.9498604
1900-02-02 09:00:00+01:00;-4.6;16.47034388
1900-02-02 10:00:00+01:00;-3.3;16.72087869
1900-02-02 11:00:00+01:00;-1.2;16.0524734
1900-02-02 12:00:00+01:00;-0.7;16.37146552
1900-02-02 13:00:00+01:00;-1.2;16.00224108
1900-02-02 14:00:00+01:00;-1.2;14.26330936
1900-02-02 15:00:00+01:00;-1.7;12.31019665
1900-02-02 16:00:00+01:00;-3;9.7716418
1900-02-02 17:00:00+01:00;-3;7.9067663
1900-02-02 18:00:00+01:00;-2.5;7.3012465
1900-02-02 19:00:00+01:00;-2.1;6.70530798
1900-02-02 20:00:00+01:00;-1.7;6.0816826
1900-02-02 21:00:00+01:00;-1.7;5.55077227
1900-02-02 22:00:00+01:00;-2;5.0991565
1900-02-02 23:00:00+01:00;-2.8;5.0071668
1900-02-03 00:00:00+01:00;-3.1;4.91285246
1900-02-03 01:00:00+01:00;-3;4.8911557
1900-02-03 02:00:00+01:00;-2.6;4.82202892
1900-02-03 03:00:00+01:00;-2.6;4.82573966
1900-02-03 04:00:00+01:00;-3.5;4.89870525
1900-02-03 05:00:00+01:00;-4.3;5.02901124
1900-02-03 06:00:00+01:00;-5;5.0577511
1900-02-03 07:00:00+01:00;-4.8;4.99827222
1900-02-03 08:00:00+01:00;-4.8;4.99369874
1900-02-03 09:00:00+01:00;-4;4.9100461
1900-02-03 10:00:00+01:00;-3.1;4.91865646
1900-02-03 11:00:00+01:00;-2.3;4.94777589
1900-02-03 12:00:00+01:00;-1.5;4.98056185
1900-02-03 13:00:00+01:00;-1.2;4.97284044
1900-02-03 14:00:00+01:00;-1.4;5.02035398
1900-02-03 15:00:00+01:00;-1.5;5.1150998
1900-02-03 16:00:00+01:00;-1.7;5.19586715
1900-02-03 17:00:00+01:00;-1.7;5.21332019
1900-02-03 18:00:00+01:00;-2.1;5.21783291
1900-02-03 19:00:00+01:00;-2.5;5.1925839
1900-02-03 20:00:00+01:00;-2.3;5.08006068
1900-02-03 21:00:00+01:00;-2.4;4.99386226
1900-02-03 22:00:00+01:00;-3.1;4.95395419
1900-02-03 23:00:00+01:00;-5.1;5.12228775
1900-02-04 00:00:00+01:00;-6.1;5.17196726
1900-02-04 01:00:00+01:00;-6.8;5.21632892
1900-02-04 02:00:00+01:00;-6.3;5.14626621
1900-02-04 03:00:00+01:00;-4.1;4.95674156
1900-02-04 04:00:00+01:00;-4.1;4.95391227
1900-02-04 05:00:00+01:00;-4;4.9999311
1900-02-04 06:00:00+01:00;-3.5;4.9151641
1900-02-04 07:00:00+01:00;-3.3;4.86535212
1900-02-04 08:00:00+01:00;-2;4.7619587
1900-02-04 09:00:00+01:00;-2.8;4.8209533
1900-02-04 10:00:00+01:00;-2;4.8368147
1900-02-04 11:00:00+01:00;-1.5;4.88919885
1900-02-04 12:00:00+01:00;-1.4;4.97329578
1900-02-04 13:00:00+01:00;-1.5;4.9944264
1900-02-04 14:00:00+01:00;-1;4.9918207
1900-02-04 15:00:00+01:00;-1;5.0761768
1900-02-04 16:00:00+01:00;-0.7;5.10984765
1900-02-04 17:00:00+01:00;1.1;4.95960743
1900-02-04 18:00:00+01:00;0.6;4.95762284
1900-02-04 19:00:00+01:00;0.4;4.91016972
1900-02-04 20:00:00+01:00;-0.6;4.91761276
1900-02-04 21:00:00+01:00;0;4.7700325
1900-02-04 22:00:00+01:00;0;4.6823511
1900-02-04 23:00:00+01:00;0.5;4.60369135
1900-02-05 00:00:00+01:00;0.9;4.69679901
1900-02-05 01:00:00+01:00;1.5;4.6497897
1900-02-05 02:00:00+01:00;0.9;4.69586943
1900-02-05 03:00:00+01:00;1.2;4.68924308
1900-02-05 04:00:00+01:00;1.5;4.7465636
1900-02-05 05:00:00+01:00;1.7;5.18928157
1900-02-05 06:00:00+01:00;1.9;6.73551846
1900-02-05 07:00:00+01:00;1.7;9.870715
1900-02-05 08:00:00+01:00;2;13.3761652
1900-02-05 09:00:00+01:00;2;15.2641424
1900-02-05 10:00:00+01:00;2.4;15.68285568
1900-02-05 11:00:00+01:00;1.6;15.5858408
1900-02-05 12:00:00+01:00;2;15.9007108
1900-02-05 13:00:00+01:00;2.1;15.41645511
1900-02-05 14:00:00+01:00;1.6;13.87550852
1900-02-05 15:00:00+01:00;1.4;11.9574027
1900-02-05 16:00:00+01:00;1.3;9.42517532
1900-02-05 17:00:00+01:00;1.3;7.57194207
1900-02-05 18:00:00+01:00;1.2;6.92413288
1900-02-05 19:00:00+01:00;1.4;6.33849468
1900-02-05 20:00:00+01:00;1.3;5.8058386
1900-02-05 21:00:00+01:00;1;5.3202217
1900-02-05 22:00:00+01:00;1.1;4.87245908
1900-02-05 23:00:00+01:00;0.8;4.7243256
1900-02-06 00:00:00+01:00;0.6;4.72116744
1900-02-06 01:00:00+01:00;0.4;4.73787374
1900-02-06 02:00:00+01:00;0.4;4.73793408
1900-02-06 03:00:00+01:00;0.2;4.77285068
1900-02-06 04:00:00+01:00;0.5;4.837345
1900-02-06 05:00:00+01:00;0.5;5.29530025
1900-02-06 06:00:00+01:00;0.8;6.86932972
1900-02-06 07:00:00+01:00;1;9.978452
1900-02-06 08:00:00+01:00;0.7;13.63189067
1900-02-06 09:00:00+01:00;0.1;15.61138222
1900-02-06 10:00:00+01:00;0.4;16.04707428
1900-02-06 11:00:00+01:00;1.5;15.60250625
1900-02-06 12:00:00+01:00;1.8;15.93558152
1900-02-06 13:00:00+01:00;0.9;15.62946819
1900-02-06 14:00:00+01:00;1.9;13.83395843
1900-02-06 15:00:00+01:00;3;11.7753155
1900-02-06 16:00:00+01:00;3.4;9.25597076
1900-02-06 17:00:00+01:00;2.5;7.47850275
1900-02-06 18:00:00+01:00;2.1;6.83240254
1900-02-06 19:00:00+01:00;2.9;6.18128898
1900-02-06 20:00:00+01:00;3.2;5.6311374
1900-02-06 21:00:00+01:00;3.6;5.09821004
1900-02-06 22:00:00+01:00;2.8;4.74814114
1900-02-06 23:00:00+01:00;2;4.6300452
1900-02-07 00:00:00+01:00;2.4;4.57495686
1900-02-07 01:00:00+01:00;2.7;4.55369802
1900-02-07 02:00:00+01:00;2.5;4.56126255
1900-02-07 03:00:00+01:00;2.7;4.56383168
1900-02-07 04:00:00+01:00;1;4.7919543
1900-02-07 05:00:00+01:00;2.3;5.13627223
1900-02-07 06:00:00+01:00;1.9;6.73551846
1900-02-07 07:00:00+01:00;2.2;9.79376
1900-02-07 08:00:00+01:00;1;13.5728771
1900-02-07 09:00:00+01:00;0.4;15.55655488
1900-02-07 10:00:00+01:00;0.3;16.06528521
1900-02-07 11:00:00+01:00;0.1;15.83582255
1900-02-07 12:00:00+01:00;-0.3;16.30172408
1900-02-07 13:00:00+01:00;-0.5;15.87798345
1900-02-07 14:00:00+01:00;-0.3;14.13865909
1900-02-07 15:00:00+01:00;-0.5;12.17363125
1900-02-07 16:00:00+01:00;-0.3;9.55409308
1900-02-07 17:00:00+01:00;-0.5;7.71210105
1900-02-07 18:00:00+01:00;-0.6;7.10759356
1900-02-07 19:00:00+01:00;-0.6;6.54810228
1900-02-07 20:00:00+01:00;-0.8;5.9989294
1900-02-07 21:00:00+01:00;-1;5.4909999
1900-02-07 22:00:00+01:00;-1;5.0260283
1900-02-07 23:00:00+01:00;-1.2;4.8814596
1900-02-08 00:00:00+01:00;-0.8;4.83488678
1900-02-08 01:00:00+01:00;-1;4.8499807
1900-02-08 02:00:00+01:00;-0.7;4.83047631
1900-02-08 03:00:00+01:00;-0.8;4.85645828
1900-02-08 04:00:00+01:00;-1;4.9735171
1900-02-08 05:00:00+01:00;-0.7;5.40131893
1900-02-08 06:00:00+01:00;-0.7;7.05179962
1900-02-08 07:00:00+01:00;-0.5;10.209317
1900-02-08 08:00:00+01:00;-0.3;13.82860257
1900-02-08 09:00:00+01:00;-0.3;15.68448534
1900-02-08 10:00:00+01:00;-0.1;16.13812893
1900-02-08 11:00:00+01:00;0;15.852488
1900-02-08 12:00:00+01:00;0;16.249418
1900-02-08 13:00:00+01:00;0.7;15.66497037
1900-02-08 14:00:00+01:00;0.7;14.00015879
1900-02-08 15:00:00+01:00;0.8;12.0256854
1900-02-08 16:00:00+01:00;0.6;9.48157684
1900-02-08 17:00:00+01:00;0.6;7.62644834
1900-02-08 18:00:00+01:00;0.7;6.97509418
1900-02-08 19:00:00+01:00;0.4;6.44329848
1900-02-08 20:00:00+01:00;0.1;5.9161762
1900-02-08 21:00:00+01:00;0.5;5.36291625
1900-02-08 22:00:00+01:00;0.6;4.90902318
1900-02-08 23:00:00+01:00;0.2;4.7714658
1900-02-09 00:00:00+01:00;0.1;4.76178149
1900-02-09 01:00:00+01:00;0.2;4.75388902
1900-02-09 02:00:00+01:00;0.2;4.75475994
1900-02-09 03:00:00+01:00;0.2;4.77285068
1900-02-09 04:00:00+01:00;0.3;4.85550128
1900-02-09 05:00:00+01:00;0;5.3394747
1900-02-09 06:00:00+01:00;0.1;6.95448234
1900-02-09 07:00:00+01:00;0;10.132362
1900-02-09 08:00:00+01:00;-0.1;13.78926019
1900-02-09 09:00:00+01:00;0;15.629658
1900-02-09 10:00:00+01:00;0;16.119918
1900-02-09 11:00:00+01:00;0.9;15.70249895
1900-02-09 12:00:00+01:00;1.7;15.95301688
1900-02-09 13:00:00+01:00;2.2;15.39870402
1900-02-09 14:00:00+01:00;3.3;13.64005801
1900-02-09 15:00:00+01:00;3.1;11.76393505
1900-02-09 16:00:00+01:00;2.6;9.32042964
1900-02-09 17:00:00+01:00;1.8;7.53300902
1900-02-09 18:00:00+01:00;0;7.04644
1900-02-09 19:00:00+01:00;-0.1;6.49570038
1900-02-09 20:00:00+01:00;0.2;5.9069814
1900-02-09 21:00:00+01:00;0.1;5.39707189
1900-02-09 22:00:00+01:00;-0.1;4.96021292
1900-02-09 23:00:00+01:00;0;4.7871792
1900-02-10 00:00:00+01:00;0;4.6451005
1900-02-10 01:00:00+01:00;-0.3;4.66011157
1900-02-10 02:00:00+01:00;-1.5;4.72563405
1900-02-10 03:00:00+01:00;-2.8;4.84320658
1900-02-10 04:00:00+01:00;-3.4;4.88950408
1900-02-10 05:00:00+01:00;-5.8;5.17441194
1900-02-10 06:00:00+01:00;-6.3;5.1813265
1900-02-10 07:00:00+01:00;-7.6;5.24638974
1900-02-10 08:00:00+01:00;-8.1;5.26682093
1900-02-10 09:00:00+01:00;-7.1;5.1402025
1900-02-10 10:00:00+01:00;-6.1;5.14186126
1900-02-10 11:00:00+01:00;-3.5;5.03564145
1900-02-10 12:00:00+01:00;-2.6;5.06048862
1900-02-10 13:00:00+01:00;-1.4;4.98723108
1900-02-10 14:00:00+01:00;-0.7;4.97042074
1900-02-10 15:00:00+01:00;-2.4;5.1851612
1900-02-10 16:00:00+01:00;-3.8;5.3765081
1900-02-10 17:00:00+01:00;-4.3;5.44891061
1900-02-10 18:00:00+01:00;-7;5.690066
1900-02-10 19:00:00+01:00;-7.3;5.66002806
1900-02-10 20:00:00+01:00;-9.5;5.7680754
1900-02-10 21:00:00+01:00;-11.1;5.80524514
1900-02-10 22:00:00+01:00;-11.7;5.70743373
1900-02-10 23:00:00+01:00;-10.8;5.6501448
1900-02-11 00:00:00+01:00;-9.7;5.48290502
1900-02-11 01:00:00+01:00;-7.6;5.28478644
1900-02-11 02:00:00+01:00;-6.8;5.19008206
1900-02-11 03:00:00+01:00;-7.3;5.23621228
1900-02-11 04:00:00+01:00;-7.8;5.29435556
1900-02-11 05:00:00+01:00;-8.2;5.40705306
1900-02-11 06:00:00+01:00;-8.3;5.3714425
1900-02-11 07:00:00+01:00;-9;5.3704485
1900-02-11 08:00:00+01:00;-9.2;5.35786166
1900-02-11 09:00:00+01:00;-8.8;5.2664173
1900-02-11 10:00:00+01:00;-7.5;5.2460235
1900-02-11 11:00:00+01:00;-7.1;5.29923813
1900-02-11 12:00:00+01:00;-6;5.307535
1900-02-11 13:00:00+01:00;-5.6;5.28943452
1900-02-11 14:00:00+01:00;-5.8;5.33422006
1900-02-11 15:00:00+01:00;-5.6;5.4342684
1900-02-11 16:00:00+01:00;-5.6;5.5313432
1900-02-11 17:00:00+01:00;-5.8;5.58482816
1900-02-11 18:00:00+01:00;-5.8;5.57441708
1900-02-11 19:00:00+01:00;-6.3;5.56264386
1900-02-11 20:00:00+01:00;-6.3;5.46229108
1900-02-11 21:00:00+01:00;-6.6;5.38556434
1900-02-11 22:00:00+01:00;-6.6;5.26060284
1900-02-11 23:00:00+01:00;-6.6;5.2611975
1900-02-12 00:00:00+01:00;-7.8;5.40348348
1900-02-12 01:00:00+01:00;-8.2;5.42653078
1900-02-12 02:00:00+01:00;-8.6;5.49509778
1900-02-12 03:00:00+01:00;-8.2;5.47515452
1900-02-12 04:00:00+01:00;-8.7;5.67253388
1900-02-12 05:00:00+01:00;-8.7;6.10811013
1900-02-12 06:00:00+01:00;-9;8.0614664
1900-02-12 07:00:00+01:00;-9.2;11.548334
1900-02-12 08:00:00+01:00;-9.1;15.55966729
1900-02-12 09:00:00+01:00;-9.1;17.29275398
1900-02-12 10:00:00+01:00;-8.2;17.61321426
1900-02-12 11:00:00+01:00;-7.3;17.06906585
1900-02-12 12:00:00+01:00;-6.1;17.31297496
1900-02-12 13:00:00+01:00;-5.8;16.81879122
1900-02-12 14:00:00+01:00;-5.5;14.85886065
1900-02-12 15:00:00+01:00;-5.1;12.69713195
1900-02-12 16:00:00+01:00;-5.3;9.95696108
1900-02-12 17:00:00+01:00;-5.3;8.08585833
1900-02-12 18:00:00+01:00;-5;7.556053
1900-02-12 19:00:00+01:00;-4.6;6.96731748
1900-02-12 20:00:00+01:00;-4.5;6.339137
1900-02-12 21:00:00+01:00;-4.1;5.75570611
1900-02-12 22:00:00+01:00;-4.1;5.25272572
1900-02-12 23:00:00+01:00;-4.5;5.1407307
1900-02-13 00:00:00+01:00;-4.1;5.10293951
1900-02-13 01:00:00+01:00;-3.9;5.08220226
1900-02-13 02:00:00+01:00;-3.6;5.07445128
1900-02-13 03:00:00+01:00;-3.4;5.07383804
1900-02-13 04:00:00+01:00;-2.5;5.1096892
1900-02-13 05:00:00+01:00;1.4;5.21578624
1900-02-13 06:00:00+01:00;3.3;6.56521322
1900-02-13 07:00:00+01:00;3.8;9.547504
1900-02-13 08:00:00+01:00;4.1;12.96307021
1900-02-13 09:00:00+01:00;4.3;14.84379946
1900-02-13 10:00:00+01:00;4.8;15.24579336
1900-02-13 11:00:00+01:00;5.9;14.86922645
1900-02-13 12:00:00+01:00;4.9;15.39508536
1900-02-13 13:00:00+01:00;4.7;14.95492677
1900-02-13 14:00:00+01:00;4;13.5431078
1900-02-13 15:00:00+01:00;1.5;11.94602225
1900-02-13 16:00:00+01:00;0.3;9.50574892
1900-02-13 17:00:00+01:00;-1.2;7.76660732
1900-02-13 18:00:00+01:00;-2;7.2502852
1900-02-13 19:00:00+01:00;-3;6.7996314
1900-02-13 20:00:00+01:00;-3;6.201215
1900-02-13 21:00:00+01:00;-3.9;5.73862829
1900-02-13 22:00:00+01:00;-4.8;5.30391546
1900-02-13 23:00:00+01:00;-7.8;5.4000018
1900-02-14 00:00:00+01:00;-10.3;5.60655373
1900-02-14 01:00:00+01:00;-9.7;5.54664538
1900-02-14 02:00:00+01:00;-12.7;5.84002791
1900-02-14 03:00:00+01:00;-15.6;6.09385076
1900-02-14 04:00:00+01:00;-17.2;6.44417578
1900-02-14 05:00:00+01:00;-14.5;6.62053375
1900-02-14 06:00:00+01:00;-12;8.4264062
1900-02-14 07:00:00+01:00;-12;11.979282
1900-02-14 08:00:00+01:00;-15.7;16.85796583
1900-02-14 09:00:00+01:00;-11.6;17.74964848
1900-02-14 10:00:00+01:00;-8.3;17.63142519
1900-02-14 11:00:00+01:00;-5.5;16.76908775
1900-02-14 12:00:00+01:00;-1.4;16.49351304
1900-02-14 13:00:00+01:00;-1;15.9667389
1900-02-14 14:00:00+01:00;-0.6;14.18020918
1900-02-14 15:00:00+01:00;-0.3;12.15087035
1900-02-14 16:00:00+01:00;-0.6;9.57826516
1900-02-14 17:00:00+01:00;-0.7;7.72767427
1900-02-14 18:00:00+01:00;-0.3;7.07701678
1900-02-14 19:00:00+01:00;-0.3;6.51666114
1900-02-14 20:00:00+01:00;0.4;5.8885918
1900-02-14 21:00:00+01:00;0.3;5.37999407
1900-02-14 22:00:00+01:00;-2.1;5.10646932
1900-02-14 23:00:00+01:00;-0.5;4.8264627
1900-02-15 00:00:00+01:00;1.6;4.63993934
1900-02-15 01:00:00+01:00;1.2;4.67381262
1900-02-15 02:00:00+01:00;-1.2;4.87254096
1900-02-15 03:00:00+01:00;0.6;4.73940764
1900-02-15 04:00:00+01:00;1.1;4.78287616
1900-02-15 05:00:00+01:00;-1.5;5.47199805
1900-02-15 06:00:00+01:00;-3;7.3315868
1900-02-15 07:00:00+01:00;-5;10.901912
1900-02-15 08:00:00+01:00;-6.1;14.96953159
1900-02-15 09:00:00+01:00;-7.1;16.92723838
1900-02-15 10:00:00+01:00;-4.3;16.90298799
1900-02-15 11:00:00+01:00;-1.9;16.16913155
1900-02-15 12:00:00+01:00;-1.5;16.5109484
1900-02-15 13:00:00+01:00;-1.5;16.05549435
1900-02-15 14:00:00+01:00;-1.4;14.29100942
1900-02-15 15:00:00+01:00;-1.9;12.33295755
1900-02-15 16:00:00+01:00;-2.3;9.71524028
1900-02-15 17:00:00+01:00;-3.4;7.93791274
1900-02-15 18:00:00+01:00;-4.3;7.48470718
1900-02-15 19:00:00+01:00;-5.6;7.07212128
1900-02-15 20:00:00+01:00;-9;6.752903
1900-02-15 21:00:00+01:00;-14;6.6010582
1900-02-15 22:00:00+01:00;-12.1;5.83775132
1900-02-15 23:00:00+01:00;-14.8;5.9499708
1900-02-16 00:00:00+01:00;-13.2;5.84211522
1900-02-16 01:00:00+01:00;-15.2;5.98706558
1900-02-16 02:00:00+01:00;-18.5;6.32797785
1900-02-16 03:00:00+01:00;-11.8;5.77614188
1900-02-16 04:00:00+01:00;-10.1;5.79962784
1900-02-16 05:00:00+01:00;-9.7;6.19645903
1900-02-16 06:00:00+01:00;-8.7;8.02497242
1900-02-16 07:00:00+01:00;-5.1;10.917303
1900-02-16 08:00:00+01:00;-4.6;14.67446374
1900-02-16 09:00:00+01:00;-5.8;16.68965324
1900-02-16 10:00:00+01:00;-4.1;16.86656613
1900-02-16 11:00:00+01:00;-4.3;16.56910235
1900-02-16 12:00:00+01:00;-3;16.7724788
1900-02-16 13:00:00+01:00;-2.5;16.23300525
1900-02-16 14:00:00+01:00;-2.5;14.44335975
1900-02-16 15:00:00+01:00;-2.4;12.3898598
1900-02-16 16:00:00+01:00;-3.5;9.8119286
1900-02-16 17:00:00+01:00;-5.1;8.07028511
1900-02-16 18:00:00+01:00;-7.8;7.84143628
1900-02-16 19:00:00+01:00;-9.2;7.44941496
1900-02-16 20:00:00+01:00;-10.3;6.8724354
1900-02-16 21:00:00+01:00;-15;6.6864473
1900-02-16 22:00:00+01:00;-18.2;6.28383334
1900-02-16 23:00:00+01:00;-19;6.2799522
1900-02-17 00:00:00+01:00;-16.7;6.08750622
1900-02-17 01:00:00+01:00;-13.7;5.80677503
1900-02-17 02:00:00+01:00;-14.2;5.83855664
1900-02-17 03:00:00+01:00;-13.2;5.75148642
1900-02-17 04:00:00+01:00;-12.5;5.72681055
1900-02-17 05:00:00+01:00;-11.7;5.74632136
1900-02-17 06:00:00+01:00;-13.6;5.8752499
1900-02-17 07:00:00+01:00;-15.7;5.96415828
1900-02-17 08:00:00+01:00;-15.6;5.88755318
1900-02-17 09:00:00+01:00;-10.7;5.4074809
1900-02-17 10:00:00+01:00;-9.3;5.37994638
1900-02-17 11:00:00+01:00;-3.5;5.03564145
1900-02-17 12:00:00+01:00;-2.5;5.05322255
1900-02-17 13:00:00+01:00;-0.6;4.92966852
1900-02-17 14:00:00+01:00;-0.7;4.97042074
1900-02-17 15:00:00+01:00;-1.2;5.091746
1900-02-17 16:00:00+01:00;-1.7;5.19586715
1900-02-17 17:00:00+01:00;-3.5;5.37642125
1900-02-17 18:00:00+01:00;-4.8;5.47804298
1900-02-17 19:00:00+01:00;-7.1;5.64055122
1900-02-17 20:00:00+01:00;-7.6;5.58651596
1900-02-17 21:00:00+01:00;-8.7;5.58141538
1900-02-17 22:00:00+01:00;-9.5;5.51468315
1900-02-17 23:00:00+01:00;-12.7;5.82609715
1900-02-18 00:00:00+01:00;-13.6;5.81975426
1900-02-18 01:00:00+01:00;-13.7;5.80677503
1900-02-18 02:00:00+01:00;-13.3;5.75968811
1900-02-18 03:00:00+01:00;-14;5.8213541
1900-02-18 04:00:00+01:00;-15.2;5.97524214
1900-02-18 05:00:00+01:00;-19;6.4539381
1900-02-18 06:00:00+01:00;-22.2;6.6927487
1900-02-18 07:00:00+01:00;-21.5;6.478116
1900-02-18 08:00:00+01:00;-22;6.4172447
1900-02-18 09:00:00+01:00;-17.4;5.9049157
1900-02-18 10:00:00+01:00;-9.6;5.40226686
1900-02-18 11:00:00+01:00;-6.3;5.24066109
1900-02-18 12:00:00+01:00;-3.5;5.12588325
1900-02-18 13:00:00+01:00;-3.6;5.14552812
1900-02-18 14:00:00+01:00;-2.5;5.0988205
1900-02-18 15:00:00+01:00;-2.9;5.2240842
1900-02-18 16:00:00+01:00;-3.8;5.3765081
1900-02-18 17:00:00+01:00;-5.1;5.52139997
1900-02-18 18:00:00+01:00;-7.3;5.71897823
1900-02-18 19:00:00+01:00;-10.3;5.95218066
1900-02-18 20:00:00+01:00;-10.5;5.863633
1900-02-18 21:00:00+01:00;-16;6.2622309
1900-02-18 22:00:00+01:00;-15.1;6.00532099
1900-02-18 23:00:00+01:00;-11.5;5.71496935
1900-02-19 00:00:00+01:00;-11.5;5.70402745
1900-02-19 01:00:00+01:00;-10.7;5.62672178
1900-02-19 02:00:00+01:00;-14.7;6.00828651
1900-02-19 03:00:00+01:00;-18.4;6.32795204
1900-02-19 04:00:00+01:00;-17.7;6.48956648
1900-02-19 05:00:00+01:00;-20.5;7.15062715
1900-02-19 06:00:00+01:00;-22.5;9.7036955
1900-02-19 07:00:00+01:00;-20.4;13.272126
1900-02-19 08:00:00+01:00;-21.2;17.93988128
1900-02-19 09:00:00+01:00;-13.2;18.04206096
1900-02-19 10:00:00+01:00;-10;17.941011
1900-02-19 11:00:00+01:00;-7;17.0190695
1900-02-19 12:00:00+01:00;-3.6;16.87709096
1900-02-19 13:00:00+01:00;-1.9;16.12649871
1900-02-19 14:00:00+01:00;-1.5;14.30485945
1900-02-19 15:00:00+01:00;-2;12.344338
1900-02-19 16:00:00+01:00;-3;9.7716418
1900-02-19 17:00:00+01:00;-4.8;8.04692528
1900-02-19 18:00:00+01:00;-6.5;7.7089369
1900-02-19 19:00:00+01:00;-6.8;7.19788584
1900-02-19 20:00:00+01:00;-9.5;6.798877
1900-02-19 21:00:00+01:00;-10;6.2595018
1900-02-19 22:00:00+01:00;-11.2;5.77193594
1900-02-19 23:00:00+01:00;-14.7;5.9421141
1900-02-20 00:00:00+01:00;-15.3;6.01269423
1900-02-20 01:00:00+01:00;-16.5;6.0911649
1900-02-20 02:00:00+01:00;-16.4;6.15130632
1900-02-20 03:00:00+01:00;-19.4;6.41155964
1900-02-20 04:00:00+01:00;-19.7;6.67112928
1900-02-20 05:00:00+01:00;-20.2;7.12412248
1900-02-20 06:00:00+01:00;-16.2;8.93732192
1900-02-20 07:00:00+01:00;-13.8;12.25632
1900-02-20 08:00:00+01:00;-11.2;15.97276228
1900-02-20 09:00:00+01:00;-10.7;17.58516646
1900-02-20 10:00:00+01:00;-8;17.5767924
1900-02-20 11:00:00+01:00;-5.3;16.73575685
1900-02-20 12:00:00+01:00;-4.3;16.99913848
1900-02-20 13:00:00+01:00;-3.4;16.39276506
1900-02-20 14:00:00+01:00;-2;14.3741096
1900-02-20 15:00:00+01:00;-2.3;12.37847935
1900-02-20 16:00:00+01:00;-2.3;9.71524028
1900-02-20 17:00:00+01:00;-3;7.9067663
1900-02-20 18:00:00+01:00;-5.6;7.61720656
1900-02-20 19:00:00+01:00;-7.3;7.25028774
1900-02-20 20:00:00+01:00;-8.7;6.7253186
1900-02-20 21:00:00+01:00;-10.2;6.27657962
1900-02-20 22:00:00+01:00;-11.3;5.77924876
1900-02-20 23:00:00+01:00;-11;5.6514162
1900-02-21 00:00:00+01:00;-12.3;5.76900993
1900-02-21 01:00:00+01:00;-14.2;5.90698918
1900-02-21 02:00:00+01:00;-14.6;5.99987358
1900-02-21 03:00:00+01:00;-18.2;6.31123052
1900-02-21 04:00:00+01:00;-16.9;6.41694136
1900-02-21 05:00:00+01:00;-16.7;6.81490133
1900-02-21 06:00:00+01:00;-17.9;9.14412114
1900-02-21 07:00:00+01:00;-16;12.594922
1900-02-21 08:00:00+01:00;-15.5;16.81862345
1900-02-21 09:00:00+01:00;-13;18.0055094
1900-02-21 10:00:00+01:00;-9.7;17.88637821
1900-02-21 11:00:00+01:00;-7.3;17.06906585
1900-02-21 12:00:00+01:00;-5;17.121186
1900-02-21 13:00:00+01:00;-3.8;16.46376942
1900-02-21 14:00:00+01:00;-2;14.3741096
1900-02-21 15:00:00+01:00;-1.5;12.28743575
1900-02-21 16:00:00+01:00;-1.7;9.66689612
1900-02-21 17:00:00+01:00;-2.9;7.89897969
1900-02-21 18:00:00+01:00;-4;7.4541304
1900-02-21 19:00:00+01:00;-4.8;6.98827824
1900-02-21 20:00:00+01:00;-5.3;6.4126954
1900-02-21 21:00:00+01:00;-5.3;5.85817303
1900-02-21 22:00:00+01:00;-6;5.3916693
1900-02-21 23:00:00+01:00;-8.7;5.4707121
1900-02-22 00:00:00+01:00;-9.2;5.51720282
1900-02-22 01:00:00+01:00;-10.2;5.58668358
1900-02-22 02:00:00+01:00;-12.8;5.84844084
1900-02-22 03:00:00+01:00;-13.3;5.90155328
1900-02-22 04:00:00+01:00;-14.6;6.20814414
1900-02-22 05:00:00+01:00;-17.5;6.88558045
1900-02-22 06:00:00+01:00;-15.2;8.81567532
1900-02-22 07:00:00+01:00;-15.7;12.548749
1900-02-22 08:00:00+01:00;-16.5;17.01533535
1900-02-22 09:00:00+01:00;-9.3;17.32930554
1900-02-22 10:00:00+01:00;-6.5;17.30362845
1900-02-22 11:00:00+01:00;-2.4;16.2524588
1900-02-22 12:00:00+01:00;-1.9;16.58068984
1900-02-22 13:00:00+01:00;-0.7;15.91348563
1900-02-22 14:00:00+01:00;-1;14.2356093
1900-02-22 15:00:00+01:00;-1.2;12.2532944
1900-02-22 16:00:00+01:00;-2;9.6910682
1900-02-22 17:00:00+01:00;-4;7.9846324
1900-02-22 18:00:00+01:00;-7.1;7.77009046
1900-02-22 19:00:00+01:00;-9;7.4284542
1900-02-22 20:00:00+01:00;-10;6.844851
1900-02-22 21:00:00+01:00;-12.2;6.44735782
1900-02-22 22:00:00+01:00;-11.1;5.76462312
1900-02-22 23:00:00+01:00;-14.3;5.9106873
1900-02-23 00:00:00+01:00;-19.5;6.35385225
1900-02-23 01:00:00+01:00;-20;6.3714323
1900-02-23 02:00:00+01:00;-20.7;6.51306231
1900-02-23 03:00:00+01:00;-21.2;6.56205332
1900-02-23 04:00:00+01:00;-23;6.9707079
1900-02-23 05:00:00+01:00;-23.5;7.41567385
1900-02-23 06:00:00+01:00;-24.7;9.97131802
1900-02-23 07:00:00+01:00;-24;13.826202
1900-02-23 08:00:00+01:00;-18.7;17.44810153
1900-02-23 09:00:00+01:00;-13;18.0055094
1900-02-23 10:00:00+01:00;-9.7;17.88637821
1900-02-23 11:00:00+01:00;-7.6;17.1190622
1900-02-23 12:00:00+01:00;-6;17.2955396
1900-02-23 13:00:00+01:00;-5.6;16.78328904
1900-02-23 14:00:00+01:00;-5.1;14.80346053
1900-02-23 15:00:00+01:00;-5;12.6857515
1900-02-23 16:00:00+01:00;-4.6;9.90055956
1900-02-23 17:00:00+01:00;-5.1;8.07028511
1900-02-23 18:00:00+01:00;-8.2;7.88220532
1900-02-23 19:00:00+01:00;-8.7;7.39701306
1900-02-23 20:00:00+01:00;-8;6.660955
1900-02-23 21:00:00+01:00;-7;6.0033345
1900-02-23 22:00:00+01:00;-6.1;5.39898212
1900-02-23 23:00:00+01:00;-5.6;5.2271544
1900-02-24 00:00:00+01:00;-7.6;5.30152466
1900-02-24 01:00:00+01:00;-8.6;5.37035834
1900-02-24 02:00:00+01:00;-8.7;5.35658229
1900-02-24 03:00:00+01:00;-9.6;5.43708186
1900-02-24 04:00:00+01:00;-9.2;5.42317194
1900-02-24 05:00:00+01:00;-9.1;5.49429348
1900-02-24 06:00:00+01:00;-6.3;5.1813265
1900-02-24 07:00:00+01:00;-5.3;5.04257892
1900-02-24 08:00:00+01:00;-5;5.0102516
1900-02-24 09:00:00+01:00;-4.6;4.9545925
1900-02-24 10:00:00+01:00;-3.3;4.93353678
1900-02-24 11:00:00+01:00;-2.3;4.94777589
1900-02-24 12:00:00+01:00;-1.7;4.99509399
1900-02-24 13:00:00+01:00;-0.8;4.94405916
1900-02-24 14:00:00+01:00;-0.7;4.97042074
1900-02-24 15:00:00+01:00;-1;5.0761768
1900-02-24 16:00:00+01:00;-1.5;5.17866325
1900-02-24 17:00:00+01:00;-2;5.2405037
1900-02-24 18:00:00+01:00;-2.1;5.21783291
1900-02-24 19:00:00+01:00;-4.3;5.36787546
1900-02-24 20:00:00+01:00;-5.6;5.39540076
1900-02-24 21:00:00+01:00;-7;5.4228693
1900-02-24 22:00:00+01:00;-8.6;5.43583064
1900-02-24 23:00:00+01:00;-10.2;5.5945809
1900-02-25 00:00:00+01:00;-10.6;5.56063946
1900-02-25 01:00:00+01:00;-11.6;5.62707404
1900-02-25 02:00:00+01:00;-10.6;5.52308252
1900-02-25 03:00:00+01:00;-11;5.5593503
1900-02-25 04:00:00+01:00;-12.2;5.69920704
1900-02-25 05:00:00+01:00;-13.5;5.9208022
1900-02-25 06:00:00+01:00;-12.6;5.7801919
1900-02-25 07:00:00+01:00;-12;5.6362887
1900-02-25 08:00:00+01:00;-9.8;5.40752024
1900-02-25 09:00:00+01:00;-8;5.2070221
1900-02-25 10:00:00+01:00;-6.8;5.19394238
1900-02-25 11:00:00+01:00;-5.5;5.18208405
1900-02-25 12:00:00+01:00;-3.5;5.12588325
1900-02-25 13:00:00+01:00;-1.7;5.00881704
1900-02-25 14:00:00+01:00;-2;5.0631539
1900-02-25 15:00:00+01:00;-2.8;5.2162996
1900-02-25 16:00:00+01:00;-3.1;5.31629445
1900-02-25 17:00:00+01:00;-3.3;5.35829891
1900-02-25 18:00:00+01:00;-3.6;5.36239406
1900-02-25 19:00:00+01:00;-4.1;5.34839862
1900-02-25 20:00:00+01:00;-4.5;5.2902874
1900-02-25 21:00:00+01:00;-4;5.1430821
1900-02-25 22:00:00+01:00;-4.6;5.08537504
1900-02-25 23:00:00+01:00;-7;5.2982401
1900-02-26 00:00:00+01:00;-6.5;5.29788695
1900-02-26 01:00:00+01:00;-5.3;5.19430922
1900-02-26 02:00:00+01:00;-5.3;5.21747109
1900-02-26 03:00:00+01:00;-5.1;5.21597096
1900-02-26 04:00:00+01:00;-5;5.3366427
1900-02-26 05:00:00+01:00;-4.5;5.73704475
1900-02-26 06:00:00+01:00;-4.1;7.46539806
1900-02-26 07:00:00+01:00;-3.9;10.732611
1900-02-26 08:00:00+01:00;-3.5;14.45808065
1900-02-26 09:00:00+01:00;-2.5;16.0865525
1900-02-26 10:00:00+01:00;-1.4;16.37487102
1900-02-26 11:00:00+01:00;-0.3;15.90248435
1900-02-26 12:00:00+01:00;1;16.0750644
1900-02-26 13:00:00+01:00;2.8;15.29219748
1900-02-26 14:00:00+01:00;3.5;13.61235795
1900-02-26 15:00:00+01:00;0.8;12.0256854
1900-02-26 16:00:00+01:00;-0.1;9.53797836
1900-02-26 17:00:00+01:00;-1.5;7.78996715
1900-02-26 18:00:00+01:00;-2.5;7.3012465
1900-02-26 19:00:00+01:00;-3.4;6.84155292
1900-02-26 20:00:00+01:00;-3.5;6.247189
1900-02-26 21:00:00+01:00;-4.8;5.81547848
1900-02-26 22:00:00+01:00;-5.5;5.3551052
1900-02-26 23:00:00+01:00;-4.3;5.1250173
1900-02-27 00:00:00+01:00;-6.1;5.26539571
1900-02-27 01:00:00+01:00;-7;5.3304391
1900-02-27 02:00:00+01:00;-6;5.2763616
1900-02-27 03:00:00+01:00;-6.3;5.31630008
1900-02-27 04:00:00+01:00;-4.8;5.31848642
1900-02-27 05:00:00+01:00;-5;5.7812192
1900-02-27 06:00:00+01:00;-4.6;7.52622136
1900-02-27 07:00:00+01:00;-4.6;10.840348
1900-02-27 08:00:00+01:00;-4.3;14.61545017
1900-02-27 09:00:00+01:00;-4.3;16.41551654
1900-02-27 10:00:00+01:00;-3.8;16.81193334
1900-02-27 11:00:00+01:00;-3.3;16.40244785
1900-02-27 12:00:00+01:00;-2.8;16.73760808
1900-02-27 13:00:00+01:00;-2.5;16.23300525
1900-02-27 14:00:00+01:00;-2.5;14.44335975
1900-02-27 15:00:00+01:00;-2.9;12.44676205
1900-02-27 16:00:00+01:00;-3;9.7716418
1900-02-27 17:00:00+01:00;-4;7.9846324
1900-02-27 18:00:00+01:00;-6.1;7.66816786
1900-02-27 19:00:00+01:00;-6.5;7.1664447
1900-02-27 20:00:00+01:00;-8.1;6.6701498
1900-02-27 21:00:00+01:00;-7.5;6.04602905
1900-02-27 22:00:00+01:00;-8.3;5.55986416
1900-02-27 23:00:00+01:00;-8.5;5.4549987
1900-02-28 00:00:00+01:00;-8.5;5.46034315
1900-02-28 01:00:00+01:00;-8;5.4105155
1900-02-28 02:00:00+01:00;-7.3;5.38572969
1900-02-28 03:00:00+01:00;-7.3;5.39990768
1900-02-28 04:00:00+01:00;-7.5;5.5635962
1900-02-28 05:00:00+01:00;-6.8;5.94024722
1900-02-28 06:00:00+01:00;-6.6;7.76951456
1900-02-28 07:00:00+01:00;-6.6;11.148168
1900-02-28 08:00:00+01:00;-5.8;14.91051802
1900-02-28 09:00:00+01:00;-5.1;16.56172278
1900-02-28 10:00:00+01:00;-4.5;16.93940985
1900-02-28 11:00:00+01:00;-3.5;16.43577875
1900-02-28 12:00:00+01:00;-3;16.7724788
1900-02-28 13:00:00+01:00;-2.4;16.21525416
1900-02-28 14:00:00+01:00;-1.7;14.33255951
1900-02-28 15:00:00+01:00;-2.8;12.4353816
1900-02-28 16:00:00+01:00;-3;9.7716418
1900-02-28 17:00:00+01:00;-3.4;7.93791274
1900-02-28 18:00:00+01:00;-5.3;7.58662978
1900-02-28 19:00:00+01:00;-4.6;6.96731748
1900-02-28 20:00:00+01:00;-4.8;6.3667214
1900-02-28 21:00:00+01:00;-4.5;5.78986175
1900-02-28 22:00:00+01:00;-4.7;5.29660264
1900-02-28 23:00:00+01:00;-5.9;5.2507245
1900-03-01 00:00:00+01:00;-5.8;5.24102728
1900-03-01 01:00:00+01:00;-5.9;5.24235506
1900-03-01 02:00:00+01:00;-5.7;5.25112281
1900-03-01 03:00:00+01:00;-5.1;5.21597096
1900-03-01 04:00:00+01:00;-5;5.3366427
1900-03-01 05:00:00+01:00;-5;5.7812192
1900-03-01 06:00:00+01:00;-3.6;7.40457476
1900-03-01 07:00:00+01:00;-3.3;10.640265
1900-03-01 08:00:00+01:00;-3.4;14.43840946
1900-03-01 09:00:00+01:00;-1.5;15.9037947
1900-03-01 10:00:00+01:00;-0.8;16.26560544
1900-03-01 11:00:00+01:00;-0.3;15.90248435
1900-03-01 12:00:00+01:00;0.1;16.23198264
1900-03-01 13:00:00+01:00;0;15.789228
1900-03-01 14:00:00+01:00;0.6;14.01400882
1900-03-01 15:00:00+01:00;0.2;12.0939681
1900-03-01 16:00:00+01:00;0.2;9.51380628
1900-03-01 17:00:00+01:00;-0.1;7.68095461
1900-03-01 18:00:00+01:00;-0.3;7.07701678
1900-03-01 19:00:00+01:00;-1;6.5900238
1900-03-01 20:00:00+01:00;-0.8;5.9989294
1900-03-01 21:00:00+01:00;-0.8;5.47392208
1900-03-01 22:00:00+01:00;-1.7;5.07721804
1900-03-01 23:00:00+01:00;-1.5;4.9050297
1900-03-02 00:00:00+01:00;-1.9;4.92423769
1900-03-02 01:00:00+01:00;-2.5;4.9700953
1900-03-02 02:00:00+01:00;-2.6;4.99032198
1900-03-02 03:00:00+01:00;-3;5.040395
1900-03-02 04:00:00+01:00;-3.8;5.22770502
1900-03-02 05:00:00+01:00;-4.5;5.73704475
1900-03-02 06:00:00+01:00;-4.6;7.52622136
1900-03-02 07:00:00+01:00;-5.1;10.917303
1900-03-02 08:00:00+01:00;-4.1;14.57610779
1900-03-02 09:00:00+01:00;-3.4;16.25103452
1900-03-02 10:00:00+01:00;-2.3;16.53876939
1900-03-02 11:00:00+01:00;-1.4;16.0858043
1900-03-02 12:00:00+01:00;-0.7;16.37146552
1900-03-02 13:00:00+01:00;-0.5;15.87798345
1900-03-02 14:00:00+01:00;-0.5;14.16635915
1900-03-02 15:00:00+01:00;-0.7;12.19639215
1900-03-02 16:00:00+01:00;-0.7;9.58632252
1900-03-02 17:00:00+01:00;-2.6;7.87561986
1900-03-02 18:00:00+01:00;-2;7.2502852
1900-03-02 19:00:00+01:00;-2.8;6.77867064
1900-03-02 20:00:00+01:00;-2.4;6.1460462
1900-03-02 21:00:00+01:00;-2.5;5.61908355
1900-03-02 22:00:00+01:00;-3;5.1722847
1900-03-02 23:00:00+01:00;-3.1;5.0307369
1900-03-03 00:00:00+01:00;-3.5;4.9474011
1900-03-03 01:00:00+01:00;-3.5;4.93394165
1900-03-03 02:00:00+01:00;-3.3;4.88337111
1900-03-03 03:00:00+01:00;-3.5;4.9043408
1900-03-03 04:00:00+01:00;-3.5;4.89870525
1900-03-03 05:00:00+01:00;-3.9;4.99023772
1900-03-03 06:00:00+01:00;-4.3;4.9912105
1900-03-03 07:00:00+01:00;-4.1;4.93624284
1900-03-03 08:00:00+01:00;-5.3;5.03508089
1900-03-03 09:00:00+01:00;-4;4.9100461
1900-03-03 10:00:00+01:00;-3;4.9112163
1900-03-03 11:00:00+01:00;-2.3;4.94777589
1900-03-03 12:00:00+01:00;-2.4;5.04595648
1900-03-03 13:00:00+01:00;-2;5.030403
1900-03-03 14:00:00+01:00;-2.3;5.08455386
1900-03-03 15:00:00+01:00;-2;5.1540228
1900-03-03 16:00:00+01:00;-1.7;5.19586715
1900-03-03 17:00:00+01:00;-2;5.2405037
1900-03-03 18:00:00+01:00;-2.6;5.26601996
1900-03-03 19:00:00+01:00;-2;5.1438918
1900-03-03 20:00:00+01:00;-1.5;5.0036146
1900-03-03 21:00:00+01:00;-1.5;4.9099261
1900-03-03 22:00:00+01:00;-1.5;4.81377195
1900-03-03 23:00:00+01:00;-1.7;4.80742565
1900-03-04 00:00:00+01:00;-2.1;4.82648086
1900-03-04 01:00:00+01:00;-2;4.8055838
1900-03-04 02:00:00+01:00;-2.5;4.81326575
1900-03-04 03:00:00+01:00;-0.3;4.62487008
1900-03-04 04:00:00+01:00;0.6;4.52145728
1900-03-04 05:00:00+01:00;0.7;4.54434224
1900-03-04 06:00:00+01:00;0.6;4.5254263
1900-03-04 07:00:00+01:00;1;4.4843145
1900-03-04 08:00:00+01:00;1.2;4.49711294
1900-03-04 09:00:00+01:00;1.1;4.5314017
1900-03-04 10:00:00+01:00;1.3;4.59128942
1900-03-04 11:00:00+01:00;1.7;4.65489069
1900-03-04 12:00:00+01:00;2;4.7262494
1900-03-04 13:00:00+01:00;2.7;4.69222296
1900-03-04 14:00:00+01:00;2.4;4.74928782
1900-03-04 15:00:00+01:00;2.7;4.7881466
1900-03-04 16:00:00+01:00;2.3;4.85178915
1900-03-04 17:00:00+01:00;1.8;4.89617924
1900-03-04 18:00:00+01:00;2;4.8226991
1900-03-04 19:00:00+01:00;1.7;4.78357026
1900-03-04 20:00:00+01:00;1.6;4.70738604
1900-03-04 21:00:00+01:00;1.7;4.61148642
1900-03-04 22:00:00+01:00;1.2;4.57721442
1900-03-04 23:00:00+01:00;1;4.5573881
1900-03-05 00:00:00+01:00;0.8;4.70492182
1900-03-05 01:00:00+01:00;1;4.6898279
1900-03-05 02:00:00+01:00;0.8;4.70428236
1900-03-05 03:00:00+01:00;0.6;4.73940764
1900-03-05 04:00:00+01:00;0.5;4.837345
1900-03-05 05:00:00+01:00;0.8;5.26879558
1900-03-05 06:00:00+01:00;1.1;6.83283574
1900-03-05 07:00:00+01:00;0.7;10.024625
1900-03-05 08:00:00+01:00;0.8;13.61221948
1900-03-05 09:00:00+01:00;0.9;15.46517598
1900-03-05 10:00:00+01:00;0.9;15.95601963
1900-03-05 11:00:00+01:00;0.6;15.7524953
1900-03-05 12:00:00+01:00;0.7;16.12737048
1900-03-05 13:00:00+01:00;1;15.6117171
1900-03-05 14:00:00+01:00;0.8;13.98630876
1900-03-05 15:00:00+01:00;1;12.0029245
1900-03-05 16:00:00+01:00;1.4;9.41711796
1900-03-05 17:00:00+01:00;1.3;7.57194207
1900-03-05 18:00:00+01:00;1.5;6.8935561
1900-03-05 19:00:00+01:00;1.5;6.3280143
1900-03-05 20:00:00+01:00;1.5;5.787449
1900-03-05 21:00:00+01:00;1.4;5.28606606
1900-03-05 22:00:00+01:00;1.4;4.85052062
1900-03-05 23:00:00+01:00;1.1;4.7007555
1900-03-06 00:00:00+01:00;0.9;4.69679901
1900-03-06 01:00:00+01:00;-0.6;4.81795014
1900-03-06 02:00:00+01:00;-0.6;4.82206338
1900-03-06 03:00:00+01:00;-0.7;4.84809752
1900-03-06 04:00:00+01:00;0;4.8827357
1900-03-06 05:00:00+01:00;0.5;5.29530025
1900-03-06 06:00:00+01:00;0.4;6.91798836
1900-03-06 07:00:00+01:00;0.6;10.040016
1900-03-06 08:00:00+01:00;0.7;13.63189067
1900-03-06 09:00:00+01:00;1;15.4469002
1900-03-06 10:00:00+01:00;0.7;15.99244149
1900-03-06 11:00:00+01:00;1;15.6858335
1900-03-06 12:00:00+01:00;0.9;16.09249976
1900-03-06 13:00:00+01:00;1;15.6117171
1900-03-06 14:00:00+01:00;0.4;14.04170888
1900-03-06 15:00:00+01:00;0.4;12.0712072
1900-03-06 16:00:00+01:00;0.1;9.52186364
1900-03-06 17:00:00+01:00;0.5;7.63423495
1900-03-06 18:00:00+01:00;0.5;6.9954787
1900-03-06 19:00:00+01:00;0.4;6.44329848
1900-03-06 20:00:00+01:00;0.4;5.8885918
1900-03-06 21:00:00+01:00;0.3;5.37999407
1900-03-06 22:00:00+01:00;-0.3;4.97483856
1900-03-06 23:00:00+01:00;-0.8;4.8500328
1900-03-07 00:00:00+01:00;-1.4;4.88362364
1900-03-07 01:00:00+01:00;-1.7;4.90603418
1900-03-07 02:00:00+01:00;-2;4.9398444
1900-03-07 03:00:00+01:00;-1.7;4.93170512
1900-03-07 04:00:00+01:00;-1.2;4.99167338
1900-03-07 05:00:00+01:00;-1.2;5.44549338
1900-03-07 06:00:00+01:00;-1.4;7.13695224
1900-03-07 07:00:00+01:00;-1;10.286272
1900-03-07 08:00:00+01:00;-0.7;13.90728733
1900-03-07 09:00:00+01:00;-0.6;15.73931268
1900-03-07 10:00:00+01:00;-0.3;16.17455079
1900-03-07 11:00:00+01:00;0.2;15.8191571
1900-03-07 12:00:00+01:00;0.6;16.14480584
1900-03-07 13:00:00+01:00;0.3;15.73597473
1900-03-07 14:00:00+01:00;0.2;14.06940894
1900-03-07 15:00:00+01:00;0.8;12.0256854
1900-03-07 16:00:00+01:00;0.1;9.52186364
1900-03-07 17:00:00+01:00;0.5;7.63423495
1900-03-07 18:00:00+01:00;0.8;6.96490192
1900-03-07 19:00:00+01:00;0.8;6.40137696
1900-03-07 20:00:00+01:00;0.4;5.8885918
1900-03-07 21:00:00+01:00;-0.3;5.43122753
1900-03-07 22:00:00+01:00;0;4.9529001
1900-03-07 23:00:00+01:00;-0.1;4.7950359
1900-03-08 00:00:00+01:00;-0.6;4.81864116
1900-03-08 01:00:00+01:00;-1;4.8499807
1900-03-08 02:00:00+01:00;-1.2;4.87254096
1900-03-08 03:00:00+01:00;-1.5;4.9149836
1900-03-08 04:00:00+01:00;-1.4;5.00982966
1900-03-08 05:00:00+01:00;-1.5;5.47199805
1900-03-08 06:00:00+01:00;-1.2;7.11262292
1900-03-08 07:00:00+01:00;-1;10.286272
1900-03-08 08:00:00+01:00;-0.7;13.90728733
1900-03-08 09:00:00+01:00;-0.5;15.7210369
1900-03-08 10:00:00+01:00;0.1;16.10170707
1900-03-08 11:00:00+01:00;0.1;15.83582255
1900-03-08 12:00:00+01:00;0.9;16.09249976
1900-03-08 13:00:00+01:00;0.8;15.64721928
1900-03-08 14:00:00+01:00;1.2;13.93090864
1900-03-08 15:00:00+01:00;1.3;11.96878315
1900-03-08 16:00:00+01:00;1.1;9.44129004
1900-03-08 17:00:00+01:00;1;7.5953019
1900-03-08 18:00:00+01:00;1;6.9445174
1900-03-08 19:00:00+01:00;0.3;6.45377886
1900-03-08 20:00:00+01:00;0.2;5.9069814
1900-03-08 21:00:00+01:00;0.1;5.39707189
1900-03-08 22:00:00+01:00;-0.6;4.99677702
1900-03-08 23:00:00+01:00;-1;4.8657462
1900-03-09 00:00:00+01:00;-1.5;4.89174645
1900-03-09 01:00:00+01:00;-2;4.9300571
1900-03-09 02:00:00+01:00;-2.3;4.96508319
1900-03-09 03:00:00+01:00;-2.4;4.99023044
1900-03-09 04:00:00+01:00;-2.1;5.07337664
1900-03-09 05:00:00+01:00;-2.9;5.59568651
1900-03-09 06:00:00+01:00;-2.5;7.2707635
1900-03-09 07:00:00+01:00;-2.4;10.501746
1900-03-09 08:00:00+01:00;-2.8;14.32038232
1900-03-09 09:00:00+01:00;-2.1;16.01344938
1900-03-09 10:00:00+01:00;-1.9;16.46592567
1900-03-09 11:00:00+01:00;-1.7;16.13580065
1900-03-09 12:00:00+01:00;-1.5;16.5109484
1900-03-09 13:00:00+01:00;-1.2;16.00224108
1900-03-09 14:00:00+01:00;-0.7;14.19405921
1900-03-09 15:00:00+01:00;-1;12.2305335
1900-03-09 16:00:00+01:00;-0.3;9.55409308
1900-03-09 17:00:00+01:00;-0.3;7.69652783
1900-03-09 18:00:00+01:00;-0.7;7.11778582
1900-03-09 19:00:00+01:00;-0.3;6.51666114
1900-03-09 20:00:00+01:00;-1.4;6.0540982
1900-03-09 21:00:00+01:00;-2;5.576389
1900-03-09 22:00:00+01:00;-4.6;5.28928982
1900-03-09 23:00:00+01:00;-6.3;5.2821513
1900-03-10 00:00:00+01:00;-7.3;5.27561318
1900-03-10 01:00:00+01:00;-8.2;5.33612958
1900-03-10 02:00:00+01:00;-9.8;5.45297716
1900-03-10 03:00:00+01:00;-9.6;5.43708186
1900-03-10 04:00:00+01:00;-10.2;5.51518364
1900-03-10 05:00:00+01:00;-12.7;5.84325516
1900-03-10 06:00:00+01:00;-13.7;5.8847557
1900-03-10 07:00:00+01:00;-13.2;5.74262478
1900-03-10 08:00:00+01:00;-9;5.3413088
1900-03-10 09:00:00+01:00;-7.6;5.1773245
1900-03-10 10:00:00+01:00;-7.3;5.23114318
1900-03-10 11:00:00+01:00;-6.8;5.27727174
1900-03-10 12:00:00+01:00;-6.1;5.31480107
1900-03-10 13:00:00+01:00;-6.1;5.32541112
1900-03-10 14:00:00+01:00;-5.6;5.31995342
1900-03-10 15:00:00+01:00;-4.6;5.3564224
1900-03-10 16:00:00+01:00;-4.3;5.41951785
1900-03-10 17:00:00+01:00;-7.1;5.70262337
1900-03-10 18:00:00+01:00;-7.8;5.76716528
1900-03-10 19:00:00+01:00;-9.5;5.8742733
1900-03-10 20:00:00+01:00;-10.3;5.84452148
1900-03-10 21:00:00+01:00;-12.6;5.94513874
1900-03-10 22:00:00+01:00;-13.5;5.86513875
1900-03-10 23:00:00+01:00;-14;5.9464856
1900-03-11 00:00:00+01:00;-15;5.9406745
1900-03-11 01:00:00+01:00;-15.2;5.93513288
1900-03-11 02:00:00+01:00;-15.7;5.97000419
1900-03-11 03:00:00+01:00;-14.2;5.83882102
1900-03-11 04:00:00+01:00;-16.2;6.06725384
1900-03-11 05:00:00+01:00;-17.7;6.32792416
1900-03-11 06:00:00+01:00;-17;6.1984471
1900-03-11 07:00:00+01:00;-14.6;5.86668354
1900-03-11 08:00:00+01:00;-12.2;5.60615456
1900-03-11 09:00:00+01:00;-11.7;5.4817249
1900-03-11 10:00:00+01:00;-8.7;5.33530542
1900-03-11 11:00:00+01:00;-7.6;5.33584878
1900-03-11 12:00:00+01:00;-6.6;5.35113142
1900-03-11 13:00:00+01:00;-4.6;5.21748132
1900-03-11 14:00:00+01:00;-5.3;5.29855346
1900-03-11 15:00:00+01:00;-5;5.3875608
1900-03-11 16:00:00+01:00;-6.6;5.6173627
1900-03-11 17:00:00+01:00;-6.8;5.67543986
1900-03-11 18:00:00+01:00;-7.5;5.73825305
1900-03-11 19:00:00+01:00;-7.8;5.70872016
1900-03-11 20:00:00+01:00;-8.2;5.64385052
1900-03-11 21:00:00+01:00;-10.7;5.76794018
1900-03-11 22:00:00+01:00;-10.8;5.62858122
1900-03-11 23:00:00+01:00;-11.2;5.6871874
1900-03-12 00:00:00+01:00;-10.2;5.59843092
1900-03-12 01:00:00+01:00;-9.7;5.54664538
1900-03-12 02:00:00+01:00;-10;5.6128788
1900-03-12 03:00:00+01:00;-10.5;5.667452
1900-03-12 04:00:00+01:00;-11.1;5.89040924
1900-03-12 05:00:00+01:00;-11.5;6.35548705
1900-03-12 06:00:00+01:00;-12;8.4264062
1900-03-12 07:00:00+01:00;-11.7;11.933109
1900-03-12 08:00:00+01:00;-10.7;15.87440633
1900-03-12 09:00:00+01:00;-6.3;16.78103214
1900-03-12 10:00:00+01:00;1.6;15.82854312
1900-03-12 11:00:00+01:00;-1;16.0191425
1900-03-12 12:00:00+01:00;-0.5;16.3365948
1900-03-12 13:00:00+01:00;1.8;15.46970838
1900-03-12 14:00:00+01:00;1.7;13.86165849
1900-03-12 15:00:00+01:00;3.8;11.6842719
1900-03-12 16:00:00+01:00;5.4;9.09482356
1900-03-12 17:00:00+01:00;1.2;7.57972868
1900-03-12 18:00:00+01:00;-3;7.3522078
1900-03-12 19:00:00+01:00;-6;7.1140428
1900-03-12 20:00:00+01:00;-7;6.569007
1900-03-12 21:00:00+01:00;-8.1;6.09726251
1900-03-12 22:00:00+01:00;-8.7;5.58911544
1900-03-12 23:00:00+01:00;-9;5.4942822
1900-03-13 00:00:00+01:00;-9.2;5.51720282
1900-03-13 01:00:00+01:00;-9.7;5.54664538
1900-03-13 02:00:00+01:00;-9.2;5.54557536
1900-03-13 03:00:00+01:00;-9.1;5.55040136
1900-03-13 04:00:00+01:00;-8;5.6089869
1900-03-13 05:00:00+01:00;-7.5;6.00209145
1900-03-13 06:00:00+01:00;-7.3;7.85466718
1900-03-13 07:00:00+01:00;-6.1;11.071213
1900-03-13 08:00:00+01:00;-4;14.5564366
1900-03-13 09:00:00+01:00;-2.5;16.0865525
1900-03-13 10:00:00+01:00;-1.7;16.42950381
1900-03-13 11:00:00+01:00;-0.6;15.9524807
1900-03-13 12:00:00+01:00;0;16.249418
1900-03-13 13:00:00+01:00;2.2;15.39870402
1900-03-13 14:00:00+01:00;5.2;13.37690744
1900-03-13 15:00:00+01:00;4;11.661511
1900-03-13 16:00:00+01:00;4.4;9.17539716
1900-03-13 17:00:00+01:00;2.5;7.47850275
1900-03-13 18:00:00+01:00;0.6;6.98528644
1900-03-13 19:00:00+01:00;-2;6.6948276
1900-03-13 20:00:00+01:00;-4.8;6.3667214
1900-03-13 21:00:00+01:00;-3.8;5.73008938
1900-03-13 22:00:00+01:00;-7;5.4647975
1900-03-13 23:00:00+01:00;-7.8;5.4000018
1900-03-14 00:00:00+01:00;-8.5;5.46034315
1900-03-14 01:00:00+01:00;-6.6;5.29840854
1900-03-14 02:00:00+01:00;-5.8;5.25953574
1900-03-14 03:00:00+01:00;-4.6;5.17416716
1900-03-14 04:00:00+01:00;-5.1;5.34572084
1900-03-14 05:00:00+01:00;-4.5;5.73704475
1900-03-14 06:00:00+01:00;-5.3;7.61137398
1900-03-14 07:00:00+01:00;-3.6;10.686438
1900-03-14 08:00:00+01:00;-3.3;14.41873827
1900-03-14 09:00:00+01:00;-2.3;16.05000094
1900-03-14 10:00:00+01:00;-2.5;16.57519125
1900-03-14 11:00:00+01:00;-1.2;16.0524734
1900-03-14 12:00:00+01:00;-1;16.4237716
1900-03-14 13:00:00+01:00;1.2;15.57621492
1900-03-14 14:00:00+01:00;0.3;14.05555891
1900-03-14 15:00:00+01:00;0;12.116729
1900-03-14 16:00:00+01:00;0;9.529921
1900-03-14 17:00:00+01:00;0;7.673168
1900-03-14 18:00:00+01:00;0.1;7.03624774
1900-03-14 19:00:00+01:00;0;6.48522
1900-03-14 20:00:00+01:00;-0.1;5.9345658
1900-03-14 21:00:00+01:00;-0.3;5.43122753
1900-03-14 22:00:00+01:00;-1.5;5.0625924
1900-03-14 23:00:00+01:00;-0.7;4.8421761
1900-03-15 00:00:00+01:00;-1.7;4.90799207
1900-03-15 01:00:00+01:00;-2.1;4.93806474
1900-03-15 02:00:00+01:00;-3.5;5.06603835
1900-03-15 03:00:00+01:00;-3.6;5.09055956
1900-03-15 04:00:00+01:00;-4.5;5.291252
1900-03-15 05:00:00+01:00;-5.1;5.79005409
1900-03-15 06:00:00+01:00;-5;7.57488
1900-03-15 07:00:00+01:00;-5.3;10.948085
1900-03-15 08:00:00+01:00;-3.8;14.51709422
1900-03-15 09:00:00+01:00;-2.3;16.05000094
1900-03-15 10:00:00+01:00;-1.5;16.39308195
1900-03-15 11:00:00+01:00;0.7;15.73582985
1900-03-15 12:00:00+01:00;2.8;15.76122792
1900-03-15 13:00:00+01:00;3.3;15.20344203
1900-03-15 14:00:00+01:00;3.9;13.55695783
1900-03-15 15:00:00+01:00;3.5;11.71841325
1900-03-15 16:00:00+01:00;3;9.2882002
1900-03-15 17:00:00+01:00;1.5;7.55636885
1900-03-15 18:00:00+01:00;-1;7.1483626
1900-03-15 19:00:00+01:00;-2.8;6.77867064
1900-03-15 20:00:00+01:00;-4.1;6.3023578
1900-03-15 21:00:00+01:00;-6.1;5.92648431
1900-03-15 22:00:00+01:00;-6.5;5.4282334
1900-03-15 23:00:00+01:00;-8;5.4157152
1900-03-16 00:00:00+01:00;-8;5.4197291
1900-03-16 01:00:00+01:00;-4.8;5.15427102
1900-03-16 02:00:00+01:00;-4.8;5.17540644
1900-03-16 03:00:00+01:00;-3.1;5.04875576
1900-03-16 04:00:00+01:00;-3;5.1550799
1900-03-16 05:00:00+01:00;-2.4;5.55151206
1900-03-16 06:00:00+01:00;-2.8;7.30725748
1900-03-16 07:00:00+01:00;-2.5;10.517137
1900-03-16 08:00:00+01:00;-1.4;14.04498566
1900-03-16 09:00:00+01:00;0.1;15.61138222
1900-03-16 10:00:00+01:00;1;15.9378087
1900-03-16 11:00:00+01:00;1.8;15.5525099
1900-03-16 12:00:00+01:00;2.2;15.86584008
1900-03-16 13:00:00+01:00;2.3;15.38095293
1900-03-16 14:00:00+01:00;2.1;13.80625837
1900-03-16 15:00:00+01:00;2.2;11.8663591
1900-03-16 16:00:00+01:00;3;9.2882002
1900-03-16 17:00:00+01:00;1.9;7.52522241
1900-03-16 18:00:00+01:00;1.4;6.90374836
1900-03-16 19:00:00+01:00;1;6.3804162
1900-03-16 20:00:00+01:00;1.1;5.8242282
1900-03-16 21:00:00+01:00;0.3;5.37999407
1900-03-16 22:00:00+01:00;0.5;4.916336
1900-03-16 23:00:00+01:00;-0.1;4.7950359
1900-03-17 00:00:00+01:00;0.4;4.61055186
1900-03-17 01:00:00+01:00;0;4.63444
1900-03-17 02:00:00+01:00;-1.2;4.69934454
1900-03-17 03:00:00+01:00;-4.6;5.00040886
1900-03-17 04:00:00+01:00;-5.6;5.09192982
1900-03-17 05:00:00+01:00;-5.8;5.17441194
1900-03-17 06:00:00+01:00;-6;5.1528091
1900-03-17 07:00:00+01:00;-2.1;4.75901604
1900-03-17 08:00:00+01:00;-0.5;4.63781225
1900-03-17 09:00:00+01:00;2;4.4645821
1900-03-17 10:00:00+01:00;2.6;4.49456734
1900-03-17 11:00:00+01:00;5.5;4.37664975
1900-03-17 12:00:00+01:00;4.3;4.55912979
1900-03-17 13:00:00+01:00;4.4;4.56990252
1900-03-17 14:00:00+01:00;6.3;4.47108834
1900-03-17 15:00:00+01:00;6.6;4.4845472
1900-03-17 16:00:00+01:00;7.6;4.3958858
1900-03-17 17:00:00+01:00;4.5;4.65152765
1900-03-17 18:00:00+01:00;2.1;4.81306169
1900-03-17 19:00:00+01:00;1.6;4.79330868
1900-03-17 20:00:00+01:00;0;4.8602782
1900-03-17 21:00:00+01:00;-1.9;4.94723106
1900-03-17 22:00:00+01:00;-1.7;4.83129473
1900-03-17 23:00:00+01:00;-3.1;4.93707475
1900-03-18 00:00:00+01:00;-4;4.9905869
1900-03-18 01:00:00+01:00;-4.6;5.02807074
1900-03-18 02:00:00+01:00;-6.3;5.14626621
1900-03-18 03:00:00+01:00;-5.5;5.07901
1900-03-18 04:00:00+01:00;-6.3;5.15633801
1900-03-18 05:00:00+01:00;-6.1;5.20349208
1900-03-18 06:00:00+01:00;-6.3;5.1813265
1900-03-18 07:00:00+01:00;-4.8;4.99827222
1900-03-18 08:00:00+01:00;-2.4;4.79506442
1900-03-18 09:00:00+01:00;-0.8;4.6724653
1900-03-18 10:00:00+01:00;0;4.6880115
1900-03-18 11:00:00+01:00;1.1;4.69882347
1900-03-18 12:00:00+01:00;1.3;4.77711189
1900-03-18 13:00:00+01:00;1.5;4.7785668
1900-03-18 14:00:00+01:00;2.3;4.75642114
1900-03-18 15:00:00+01:00;3.7;4.7103006
1900-03-18 16:00:00+01:00;3.4;4.7571677
1900-03-18 17:00:00+01:00;2;4.8780569
1900-03-18 18:00:00+01:00;1.8;4.84197392
1900-03-18 19:00:00+01:00;2;4.754355
1900-03-18 20:00:00+01:00;0.3;4.83161092
1900-03-18 21:00:00+01:00;-0.3;4.79801122
1900-03-18 22:00:00+01:00;-1.7;4.83129473
1900-03-18 23:00:00+01:00;-2.5;4.88151085
1900-03-19 00:00:00+01:00;-3.8;5.07857108
1900-03-19 01:00:00+01:00;-3.1;5.01814114
1900-03-19 02:00:00+01:00;-3.4;5.05762542
1900-03-19 03:00:00+01:00;-3.9;5.11564184
1900-03-19 04:00:00+01:00;-4.1;5.25493944
1900-03-19 05:00:00+01:00;-5;5.7812192
1900-03-19 06:00:00+01:00;-5.5;7.6357033
1900-03-19 07:00:00+01:00;-4.3;10.794175
1900-03-19 08:00:00+01:00;-3.3;14.41873827
1900-03-19 09:00:00+01:00;-2.5;16.0865525
1900-03-19 10:00:00+01:00;-1;16.3020273
1900-03-19 11:00:00+01:00;0;15.852488
1900-03-19 12:00:00+01:00;3.5;15.6391804
1900-03-19 13:00:00+01:00;4.5;14.99042895
1900-03-19 14:00:00+01:00;6.5;13.19685705
1900-03-19 15:00:00+01:00;7.2;11.2973366
1900-03-19 16:00:00+01:00;7.3;8.94173372
1900-03-19 17:00:00+01:00;4.6;7.31498394
1900-03-19 18:00:00+01:00;3;6.7406722
1900-03-19 19:00:00+01:00;-0.3;6.51666114
1900-03-19 20:00:00+01:00;-2;6.109267
1900-03-19 21:00:00+01:00;-3.3;5.68739483
1900-03-19 22:00:00+01:00;-4;5.2454129
1900-03-19 23:00:00+01:00;-6;5.2585812
1900-03-20 00:00:00+01:00;-6.6;5.30600976
1900-03-20 01:00:00+01:00;-6.8;5.31442382
1900-03-20 02:00:00+01:00;-8.6;5.49509778
1900-03-20 03:00:00+01:00;-7.5;5.4166292
1900-03-20 04:00:00+01:00;-8.3;5.63622132
1900-03-20 05:00:00+01:00;-8.7;6.10811013
1900-03-20 06:00:00+01:00;-8.8;8.03713708
1900-03-20 07:00:00+01:00;-7.1;11.225123
1900-03-20 08:00:00+01:00;-4.3;14.61545017
1900-03-20 09:00:00+01:00;-3.4;16.25103452
1900-03-20 10:00:00+01:00;-3;16.6662459
1900-03-20 11:00:00+01:00;-1.4;16.0858043
1900-03-20 12:00:00+01:00;1;16.0750644
1900-03-20 13:00:00+01:00;5.1;14.88392241
1900-03-20 14:00:00+01:00;4.8;13.43230756
1900-03-20 15:00:00+01:00;3.8;11.6842719
1900-03-20 16:00:00+01:00;4;9.2076266
1900-03-20 17:00:00+01:00;4.2;7.34613038
1900-03-20 18:00:00+01:00;3.4;6.69990316
1900-03-20 19:00:00+01:00;1;6.3804162
1900-03-20 20:00:00+01:00;-1;6.017319
1900-03-20 21:00:00+01:00;-2.1;5.58492791
1900-03-20 22:00:00+01:00;-2.4;5.12840778
1900-03-20 23:00:00+01:00;-2;4.9443132
1900-03-21 00:00:00+01:00;-2;4.9323605
1900-03-21 01:00:00+01:00;-1.9;4.92204946
1900-03-21 02:00:00+01:00;0.2;4.75475994
1900-03-21 03:00:00+01:00;0.3;4.76448992
1900-03-21 04:00:00+01:00;0;4.8827357
1900-03-21 05:00:00+01:00;-1;5.4278236
1900-03-21 06:00:00+01:00;-0.7;7.05179962
1900-03-21 07:00:00+01:00;-1;10.286272
1900-03-21 08:00:00+01:00;-0.5;13.86794495
1900-03-21 09:00:00+01:00;-1.2;15.84896736
1900-03-21 10:00:00+01:00;-0.5;16.21097265
1900-03-21 11:00:00+01:00;0.7;15.73582985
1900-03-21 12:00:00+01:00;1.2;16.04019368
1900-03-21 13:00:00+01:00;1.6;15.50521056
1900-03-21 14:00:00+01:00;2.5;13.75085825
1900-03-21 15:00:00+01:00;1.9;11.90050045
1900-03-21 16:00:00+01:00;4.7;9.15122508
1900-03-21 17:00:00+01:00;3.7;7.38506343
1900-03-21 18:00:00+01:00;2.3;6.81201802
1900-03-21 19:00:00+01:00;4;6.0660048
1900-03-21 20:00:00+01:00;5;5.465631
1900-03-21 21:00:00+01:00;5.4;4.94450966
1900-03-21 22:00:00+01:00;4.9;4.59457192
1900-03-21 23:00:00+01:00;4.6;4.425771
1900-03-22 00:00:00+01:00;4.6;4.39625504
1900-03-22 01:00:00+01:00;4.6;4.40155286
1900-03-22 02:00:00+01:00;3.8;4.45189446
1900-03-22 03:00:00+01:00;3;4.5387494
1900-03-22 04:00:00+01:00;1.7;4.72840732
1900-03-22 05:00:00+01:00;0;5.3394747
1900-03-22 06:00:00+01:00;-2.8;7.30725748
1900-03-22 07:00:00+01:00;0.2;10.10158
1900-03-22 08:00:00+01:00;1.8;13.41550758
1900-03-22 09:00:00+01:00;7.5;14.2589745
1900-03-22 10:00:00+01:00;7;14.8451529
1900-03-22 11:00:00+01:00;9.7;14.23593935
1900-03-22 12:00:00+01:00;10.4;14.43614056
1900-03-22 13:00:00+01:00;12.9;13.49933739
1900-03-22 14:00:00+01:00;14.1;12.14425477
1900-03-22 15:00:00+01:00;12.2;10.7283141
1900-03-22 16:00:00+01:00;11.6;8.59526724
1900-03-22 17:00:00+01:00;11.2;6.80106768
1900-03-22 18:00:00+01:00;10.8;5.94567592
1900-03-22 19:00:00+01:00;10.1;5.42670162
1900-03-22 20:00:00+01:00;8.6;5.1346182
1900-03-22 21:00:00+01:00;6.9;4.81642601
1900-03-22 22:00:00+01:00;8;4.3678745
1900-03-22 23:00:00+01:00;7.2;4.2214968
1900-03-23 00:00:00+01:00;5.6;4.31502694
1900-03-23 01:00:00+01:00;2.7;4.55369802
1900-03-23 02:00:00+01:00;4;4.4350686
1900-03-23 03:00:00+01:00;6.6;4.23776204
1900-03-23 04:00:00+01:00;5;4.4288287
1900-03-23 05:00:00+01:00;4.2;4.96840932
1900-03-23 06:00:00+01:00;3.5;6.5408839
1900-03-23 07:00:00+01:00;3.2;9.63985
1900-03-23 08:00:00+01:00;4.1;12.96307021
1900-03-23 09:00:00+01:00;4.7;14.77069634
1900-03-23 10:00:00+01:00;4.8;15.24579336
1900-03-23 11:00:00+01:00;4.9;15.03588095
1900-03-23 12:00:00+01:00;5.3;15.32534392
1900-03-23 13:00:00+01:00;5.2;14.86617132
1900-03-23 14:00:00+01:00;5.7;13.30765729
1900-03-23 15:00:00+01:00;5.2;11.5249456
1900-03-23 16:00:00+01:00;4.8;9.14316772
1900-03-23 17:00:00+01:00;4.2;7.34613038
1900-03-23 18:00:00+01:00;3.7;6.66932638
1900-03-23 19:00:00+01:00;3.5;6.1184067
1900-03-23 20:00:00+01:00;3.6;5.5943582
1900-03-23 21:00:00+01:00;3.2;5.13236568
1900-03-23 22:00:00+01:00;2.6;4.76276678
1900-03-23 23:00:00+01:00;2.4;4.5986184
1900-03-24 00:00:00+01:00;2.4;4.43780866
1900-03-24 01:00:00+01:00;2;4.4632962
1900-03-24 02:00:00+01:00;1.9;4.42768627
1900-03-24 03:00:00+01:00;1.7;4.45020088
1900-03-24 04:00:00+01:00;1.9;4.40184207
1900-03-24 05:00:00+01:00;1.4;4.47648858
1900-03-24 06:00:00+01:00;0.9;4.4969089
1900-03-24 07:00:00+01:00;2;4.3957011
1900-03-24 08:00:00+01:00;3.4;4.31503148
1900-03-24 09:00:00+01:00;4.1;4.3086697
1900-03-24 10:00:00+01:00;4.5;4.3532043
1900-03-24 11:00:00+01:00;5.9;4.34736123
1900-03-24 12:00:00+01:00;6;4.4356066
1900-03-24 13:00:00+01:00;6;4.4547774
1900-03-24 14:00:00+01:00;9;4.2784887
1900-03-24 15:00:00+01:00;8;4.3755628
1900-03-24 16:00:00+01:00;7.5;4.40448775
1900-03-24 17:00:00+01:00;6.1;4.50654893
1900-03-24 18:00:00+01:00;3.6;4.66850054
1900-03-24 19:00:00+01:00;1.4;4.81278552
1900-03-24 20:00:00+01:00;0.4;4.82205516
1900-03-24 21:00:00+01:00;-1.4;4.90059986
1900-03-24 22:00:00+01:00;-3.5;4.98899975
1900-03-24 23:00:00+01:00;-3.5;4.97411735
1900-03-25 00:00:00+01:00;-4.3;5.01649838
1900-03-25 01:00:00+01:00;-5.3;5.08797107
1900-03-25 02:00:00+01:00;-4;4.9447133
1900-03-25 03:00:00+01:00;-4;4.9480081
1900-03-25 04:00:00+01:00;-3;4.8526994
1900-03-25 05:00:00+01:00;-2.9;4.89330392
1900-03-25 06:00:00+01:00;-2;4.7725771
1900-03-25 07:00:00+01:00;-1;4.6615413
1900-03-25 08:00:00+01:00;-0.7;4.65436511
1900-03-25 09:00:00+01:00;0.1;4.6056457
1900-03-25 10:00:00+01:00;0;4.6880115
1900-03-25 11:00:00+01:00;0.6;4.73543412
1900-03-25 12:00:00+01:00;1.4;4.76984582
1900-03-25 13:00:00+01:00;2.2;4.72819956
1900-03-25 14:00:00+01:00;3;4.7064879
1900-03-25 15:00:00+01:00;2.6;4.7959312
1900-03-25 16:00:00+01:00;2.4;4.8431872
1900-03-25 17:00:00+01:00;2.6;4.82368988
1900-03-25 18:00:00+01:00;1.9;4.83233651
1900-03-25 19:00:00+01:00;1.6;4.79330868
1900-03-25 20:00:00+01:00;1.6;4.70738604
1900-03-25 21:00:00+01:00;1.5;4.6301389
1900-03-25 22:00:00+01:00;1.3;4.56845303
1900-03-25 23:00:00+01:00;1.2;4.5388668
1900-03-26 00:00:00+01:00;1.3;4.02768413
1900-03-26 01:00:00+01:00;1.4;4.03325318
1900-03-26 02:00:00+01:00;1.4;4.02856946
1900-03-26 03:00:00+01:00;1.6;4.03226498
1900-03-26 04:00:00+01:00;2.5;3.9606532
1900-03-26 05:00:00+01:00;2.8;4.14677588
1900-03-26 06:00:00+01:00;3;4.5928419
1900-03-26 07:00:00+01:00;2.9;5.53185733
1900-03-26 08:00:00+01:00;2.5;6.4698115
1900-03-26 09:00:00+01:00;1.5;7.001496
1900-03-26 10:00:00+01:00;1.7;7.12282863
1900-03-26 11:00:00+01:00;2.1;7.12012923
1900-03-26 12:00:00+01:00;2.3;7.08295753
1900-03-26 13:00:00+01:00;2.6;6.9538989
1900-03-26 14:00:00+01:00;2.4;6.65014952
1900-03-26 15:00:00+01:00;3;6.2226521
1900-03-26 16:00:00+01:00;3.3;5.7473433
1900-03-26 17:00:00+01:00;3;5.0888432
1900-03-26 18:00:00+01:00;2.9;4.55417781
1900-03-26 19:00:00+01:00;2;4.2802862
1900-03-26 20:00:00+01:00;2;4.1022043
1900-03-26 21:00:00+01:00;2;4.0257712
1900-03-26 22:00:00+01:00;2;3.99685
1900-03-26 23:00:00+01:00;1.8;4.03990244
1900-03-27 00:00:00+01:00;1.8;3.98284368
1900-03-27 01:00:00+01:00;1.6;4.01716252
1900-03-27 02:00:00+01:00;0.9;4.07012651
1900-03-27 03:00:00+01:00;0.4;4.13554562
1900-03-27 04:00:00+01:00;0.5;4.149754
1900-03-27 05:00:00+01:00;0.3;4.41397938
1900-03-27 06:00:00+01:00;0.9;4.86399747
1900-03-27 07:00:00+01:00;1.4;5.75600578
1900-03-27 08:00:00+01:00;2.5;6.4698115
1900-03-27 09:00:00+01:00;3.4;6.7639998
1900-03-27 10:00:00+01:00;5;6.7417575
1900-03-27 11:00:00+01:00;4.8;6.81064524
1900-03-27 12:00:00+01:00;5.5;6.72923305
1900-03-27 13:00:00+01:00;6;6.59653
1900-03-27 14:00:00+01:00;5.8;6.30408834
1900-03-27 15:00:00+01:00;6.1;5.91238457
1900-03-27 16:00:00+01:00;4.5;5.6412525
1900-03-27 17:00:00+01:00;4.3;4.97237581
1900-03-27 18:00:00+01:00;3.8;4.46769312
1900-03-27 19:00:00+01:00;3.1;4.1725478
1900-03-27 20:00:00+01:00;2.8;4.02633262
1900-03-27 21:00:00+01:00;1.7;4.05252139
1900-03-27 22:00:00+01:00;1.6;4.0324316
1900-03-27 23:00:00+01:00;1.1;4.10198138
1900-03-28 00:00:00+01:00;1.2;4.03665222
1900-03-28 01:00:00+01:00;1.3;4.04129851
1900-03-28 02:00:00+01:00;1.3;4.03688087
1900-03-28 03:00:00+01:00;1.2;4.06669186
1900-03-28 04:00:00+01:00;1.1;4.09302376
1900-03-28 05:00:00+01:00;0.4;4.40329124
1900-03-28 06:00:00+01:00;0.6;4.90273398
1900-03-28 07:00:00+01:00;2.7;5.56174379
1900-03-28 08:00:00+01:00;2.9;6.4126103
1900-03-28 09:00:00+01:00;3.7;6.7265004
1900-03-28 10:00:00+01:00;4.4;6.81104316
1900-03-28 11:00:00+01:00;5;6.7877205
1900-03-28 12:00:00+01:00;5.1;6.77344861
1900-03-28 13:00:00+01:00;5.5;6.64908425
1900-03-28 14:00:00+01:00;5.7;6.31426661
1900-03-28 15:00:00+01:00;5.6;5.96242772
1900-03-28 16:00:00+01:00;6.4;5.4732754
1900-03-28 17:00:00+01:00;4;4.9992529
1900-03-28 18:00:00+01:00;3.9;4.45808371
1900-03-28 19:00:00+01:00;4;4.0843982
1900-03-28 20:00:00+01:00;2.7;4.03581658
1900-03-28 21:00:00+01:00;2.2;4.00793774
1900-03-28 22:00:00+01:00;2.4;3.9612684
1900-03-28 23:00:00+01:00;2;4.0221656
1900-03-29 00:00:00+01:00;2.9;3.88419469
1900-03-29 01:00:00+01:00;1.9;3.99302653
1900-03-29 02:00:00+01:00;1.7;4.00363523
1900-03-29 03:00:00+01:00;1.3;4.05808514
1900-03-29 04:00:00+01:00;0.8;4.12138888
1900-03-29 05:00:00+01:00;-0.7;4.52086078
1900-03-29 06:00:00+01:00;-0.3;5.01894351
1900-03-29 07:00:00+01:00;0.6;5.87555162
1900-03-29 08:00:00+01:00;1.8;6.5699136
1900-03-29 09:00:00+01:00;2.5;6.876498
1900-03-29 10:00:00+01:00;3.2;6.94961448
1900-03-29 11:00:00+01:00;3.6;6.94819368
1900-03-29 12:00:00+01:00;3.5;6.95031085
1900-03-29 13:00:00+01:00;4.5;6.75419275
1900-03-29 14:00:00+01:00;4.2;6.46694066
1900-03-29 15:00:00+01:00;3.6;6.16260032
1900-03-29 16:00:00+01:00;3.6;5.7208206
1900-03-29 17:00:00+01:00;3.8;5.01717096
1900-03-29 18:00:00+01:00;2.1;4.63105309
1900-03-29 19:00:00+01:00;0.7;4.4076134
1900-03-29 20:00:00+01:00;-1.2;4.40569102
1900-03-29 21:00:00+01:00;-3;4.4716077
1900-03-29 22:00:00+01:00;-3.5;4.486097
1900-03-29 23:00:00+01:00;-3.3;4.49219186
1900-03-30 00:00:00+01:00;-3.5;4.45815245
1900-03-30 01:00:00+01:00;-4;4.467701
1900-03-30 02:00:00+01:00;-5.6;4.61036816
1900-03-30 03:00:00+01:00;-5.1;4.60891522
1900-03-30 04:00:00+01:00;-3.1;4.49013544
1900-03-30 05:00:00+01:00;-4.1;4.88425754
1900-03-30 06:00:00+01:00;-4.3;5.53543031
1900-03-30 07:00:00+01:00;-3.8;6.53305374
1900-03-30 08:00:00+01:00;-3.4;7.3135292
1900-03-30 09:00:00+01:00;-3.5;7.626486
1900-03-30 10:00:00+01:00;-1.4;7.48080454
1900-03-30 11:00:00+01:00;0.5;7.30352715
1900-03-30 12:00:00+01:00;3.2;6.98347252
1900-03-30 13:00:00+01:00;5.3;6.67010595
1900-03-30 14:00:00+01:00;6.4;6.24301872
1900-03-30 15:00:00+01:00;7;5.8223069
1900-03-30 16:00:00+01:00;9.1;5.2345711
1900-03-30 17:00:00+01:00;9.4;4.51546528
1900-03-30 18:00:00+01:00;4.4;4.41003666
1900-03-30 19:00:00+01:00;3.3;4.152959
1900-03-30 20:00:00+01:00;1;4.1970439
1900-03-30 21:00:00+01:00;0;4.2041058
1900-03-30 22:00:00+01:00;-1.5;4.308189
1900-03-30 23:00:00+01:00;-0.1;4.20840242
1900-03-31 00:00:00+01:00;-3;4.413312
1900-03-31 01:00:00+01:00;-0.1;4.15393313
1900-03-31 02:00:00+01:00;-2.5;4.35271445
1900-03-31 03:00:00+01:00;-3.4;4.46260098
1900-03-31 04:00:00+01:00;-3;4.4806804
1900-03-31 05:00:00+01:00;-6.5;5.1407729
1900-03-31 06:00:00+01:00;-4.1;5.50960597
1900-03-31 07:00:00+01:00;0.2;5.93532454
1900-03-31 08:00:00+01:00;2.8;6.4269106
1900-03-31 09:00:00+01:00;4.1;6.6765012
1900-03-31 10:00:00+01:00;4.7;6.77640033
1900-03-31 11:00:00+01:00;6.2;6.65017206
1900-03-31 12:00:00+01:00;6.8;6.58553248
1900-03-31 13:00:00+01:00;7.7;6.41784555
1900-03-31 14:00:00+01:00;8.2;6.05980986
1900-03-31 15:00:00+01:00;8.8;5.64215156
1900-03-31 16:00:00+01:00;8.4;5.2964574
1900-03-31 17:00:00+01:00;9.9;4.47067013
1900-03-31 18:00:00+01:00;6.6;4.19862964
1900-03-31 19:00:00+01:00;5.6;3.9276878
1900-03-31 20:00:00+01:00;3.1;3.99788074
1900-03-31 21:00:00+01:00;2.1;4.01685447
1900-03-31 22:00:00+01:00;2.2;3.9790592
1900-03-31 23:00:00+01:00;2.8;3.95121824
1900-04-01 00:00:00+01:00;3.5;3.83038615
1900-04-01 01:00:00+01:00;4.3;3.79993861
1900-04-01 02:00:00+01:00;5.3;3.70442447
1900-04-01 03:00:00+01:00;6.3;3.62774914
1900-04-01 04:00:00+01:00;6.1;3.62027176
1900-04-01 05:00:00+01:00;6;3.8047554
1900-04-01 06:00:00+01:00;5.6;4.25712548
1900-04-01 07:00:00+01:00;6.8;4.94907136
1900-04-01 08:00:00+01:00;6.2;5.9407004
1900-04-01 09:00:00+01:00;6.1;6.4265052
1900-04-01 10:00:00+01:00;5.8;6.64937662
1900-04-01 11:00:00+01:00;6.8;6.58139784
1900-04-01 12:00:00+01:00;5.4;6.74028694
1900-04-01 13:00:00+01:00;5.7;6.62806255
1900-04-01 14:00:00+01:00;5.7;6.31426661
1900-04-01 15:00:00+01:00;3.8;6.14258306
1900-04-01 16:00:00+01:00;6.5;5.4644345
1900-04-01 17:00:00+01:00;8.2;4.62297364
1900-04-01 18:00:00+01:00;6.5;4.20823905
1900-04-01 19:00:00+01:00;4.9;3.9962486
1900-04-01 20:00:00+01:00;3.7;3.94097698
1900-04-01 21:00:00+01:00;2.8;3.95443736
1900-04-01 22:00:00+01:00;3.4;3.8723144
1900-04-01 23:00:00+01:00;1.9;4.03103402
1900-04-02 00:00:00+01:00;1.3;4.02768413
1900-04-02 01:00:00+01:00;1;4.0654345
1900-04-02 02:00:00+01:00;-2.5;4.35271445
1900-04-02 03:00:00+01:00;-2.4;4.37653378
1900-04-02 04:00:00+01:00;-4;4.5752308
1900-04-02 05:00:00+01:00;-2.5;4.7132473
1900-04-02 06:00:00+01:00;-1;5.1093287
1900-04-02 07:00:00+01:00;2.6;5.57668702
1900-04-02 08:00:00+01:00;5;6.112304
1900-04-02 09:00:00+01:00;5.7;6.4765044
1900-04-02 10:00:00+01:00;7.6;6.44151964
1900-04-02 11:00:00+01:00;9.9;6.22606437
1900-04-02 12:00:00+01:00;9.8;6.25391578
1900-04-02 13:00:00+01:00;12.1;5.95536815
1900-04-02 14:00:00+01:00;9.9;5.88677927
1900-04-02 15:00:00+01:00;9.1;5.61212567
1900-04-02 16:00:00+01:00;13;4.889776
1900-04-02 17:00:00+01:00;11;4.3721208
1900-04-02 18:00:00+01:00;8.2;4.04487908
1900-04-02 19:00:00+01:00;4.3;4.055015
1900-04-02 20:00:00+01:00;2.9;4.01684866
1900-04-02 21:00:00+01:00;3;3.9366039
1900-04-02 22:00:00+01:00;2.7;3.9345822
1900-04-02 23:00:00+01:00;2.4;3.98669192
1900-04-03 00:00:00+01:00;2.1;4.59932529
1900-04-03 01:00:00+01:00;1;4.6898279
1900-04-03 02:00:00+01:00;0.8;4.70428236
1900-04-03 03:00:00+01:00;1.3;4.68088232
1900-04-03 04:00:00+01:00;0.8;4.81011058
1900-04-03 05:00:00+01:00;0.6;5.28646536
1900-04-03 06:00:00+01:00;0;6.966647
1900-04-03 07:00:00+01:00;1.1;9.963061
1900-04-03 08:00:00+01:00;2.5;13.27780925
1900-04-03 09:00:00+01:00;3.5;14.9900057
1900-04-03 10:00:00+01:00;5.6;15.10010592
1900-04-03 11:00:00+01:00;6;14.852561
1900-04-03 12:00:00+01:00;7;15.0289428
1900-04-03 13:00:00+01:00;6.6;14.61765606
1900-04-03 14:00:00+01:00;7;13.1276069
1900-04-03 15:00:00+01:00;6.1;11.42252155
1900-04-03 16:00:00+01:00;4.9;9.13511036
1900-04-03 17:00:00+01:00;5.4;7.25269106
1900-04-03 18:00:00+01:00;3.7;6.66932638
1900-04-03 19:00:00+01:00;2.1;6.26513202
1900-04-03 20:00:00+01:00;1.2;5.8150334
1900-04-03 21:00:00+01:00;1.1;5.31168279
1900-04-03 22:00:00+01:00;0.2;4.93827446
1900-04-03 23:00:00+01:00;-1;4.8657462
1900-04-04 00:00:00+01:00;-1;4.8511324
1900-04-04 01:00:00+01:00;-2;4.9300571
1900-04-04 02:00:00+01:00;-3;5.0239737
1900-04-04 03:00:00+01:00;-4.8;5.19088868
1900-04-04 04:00:00+01:00;-5.1;5.34572084
1900-04-04 05:00:00+01:00;-7.6;6.01092634
1900-04-04 06:00:00+01:00;-5.6;7.64786796
1900-04-04 07:00:00+01:00;-1.4;10.347836
1900-04-04 08:00:00+01:00;-0.7;13.90728733
1900-04-04 09:00:00+01:00;1.1;15.42862442
1900-04-04 10:00:00+01:00;-0.7;16.24739451
1900-04-04 11:00:00+01:00;-1.5;16.10246975
1900-04-04 12:00:00+01:00;-1;16.4237716
1900-04-04 13:00:00+01:00;0.4;15.71822364
1900-04-04 14:00:00+01:00;0.1;14.08325897
1900-04-04 15:00:00+01:00;0.5;12.05982675
1900-04-04 16:00:00+01:00;1.9;9.37683116
1900-04-04 17:00:00+01:00;2;7.5174358
1900-04-04 18:00:00+01:00;2.2;6.82221028
1900-04-04 19:00:00+01:00;2.2;6.25465164
1900-04-04 20:00:00+01:00;2.2;5.7230854
1900-04-04 21:00:00+01:00;2.2;5.21775478
1900-04-04 22:00:00+01:00;2;4.8066437
1900-04-04 23:00:00+01:00;1.9;4.6379019
1900-04-05 00:00:00+01:00;1.5;4.64806215
1900-04-05 01:00:00+01:00;0.9;4.69783554
1900-04-05 02:00:00+01:00;0.6;4.72110822
1900-04-05 03:00:00+01:00;0;4.7895722
1900-04-05 04:00:00+01:00;-0.3;4.90997012
1900-04-05 05:00:00+01:00;0;5.3394747
1900-04-05 06:00:00+01:00;0.4;6.91798836
1900-04-05 07:00:00+01:00;1;9.978452
1900-04-05 08:00:00+01:00;2.8;13.21879568
1900-04-05 09:00:00+01:00;3.1;15.06310882
1900-04-05 10:00:00+01:00;6;15.0272622
1900-04-05 11:00:00+01:00;8.7;14.40259385
1900-04-05 12:00:00+01:00;11.1;14.31409304
1900-04-05 13:00:00+01:00;11.9;13.67684829
1900-04-05 14:00:00+01:00;13.1;12.28275507
1900-04-05 15:00:00+01:00;12.2;10.7283141
1900-04-05 16:00:00+01:00;11.8;8.57915252
1900-04-05 17:00:00+01:00;11;6.8166409
1900-04-05 18:00:00+01:00;9;6.1291366
1900-04-05 19:00:00+01:00;6.4;5.81447568
1900-04-05 20:00:00+01:00;4.8;5.4840206
1900-04-05 21:00:00+01:00;4.2;5.04697658
1900-04-05 22:00:00+01:00;1.6;4.83589498
1900-04-05 23:00:00+01:00;0.7;4.7321823
1900-04-06 00:00:00+01:00;-1.7;4.90799207
1900-04-06 01:00:00+01:00;-2.9;5.00212586
1900-04-06 02:00:00+01:00;-2.6;4.99032198
1900-04-06 03:00:00+01:00;-3.9;5.11564184
1900-04-06 04:00:00+01:00;-3.4;5.19139246
1900-04-06 05:00:00+01:00;-3.5;5.64869585
1900-04-06 06:00:00+01:00;-2;7.2099402
1900-04-06 07:00:00+01:00;0;10.132362
1900-04-06 08:00:00+01:00;1.5;13.47452115
1900-04-06 09:00:00+01:00;2;15.2641424
1900-04-06 10:00:00+01:00;3.7;15.44611359
1900-04-06 11:00:00+01:00;5.5;14.93588825
1900-04-06 12:00:00+01:00;7.4;14.95920136
1900-04-06 13:00:00+01:00;6.9;14.56440279
1900-04-06 14:00:00+01:00;9.4;12.79520618
1900-04-06 15:00:00+01:00;11.2;10.8421186
1900-04-06 16:00:00+01:00;9.5;8.7644718
1900-04-06 17:00:00+01:00;7.6;7.08138564
1900-04-06 18:00:00+01:00;7.2;6.31259728
1900-04-06 19:00:00+01:00;4.7;5.99264214
1900-04-06 20:00:00+01:00;3;5.649527
1900-04-06 21:00:00+01:00;2;5.2348326
1900-04-06 22:00:00+01:00;1.8;4.82126934
1900-04-06 23:00:00+01:00;-0.1;4.7950359
1900-04-07 00:00:00+01:00;-0.6;4.69692346
1900-04-07 01:00:00+01:00;0.5;4.59165405
1900-04-07 02:00:00+01:00;-2;4.7694499
1900-04-07 03:00:00+01:00;-2.1;4.78207236
1900-04-07 04:00:00+01:00;-2.4;4.79749238
1900-04-07 05:00:00+01:00;-1.2;4.72851646
1900-04-07 06:00:00+01:00;-0.6;4.6394959
1900-04-07 07:00:00+01:00;2;4.3957011
1900-04-07 08:00:00+01:00;3.5;4.30675505
1900-04-07 09:00:00+01:00;6.7;4.1156353
1900-04-07 10:00:00+01:00;8.5;4.0555979
1900-04-07 11:00:00+01:00;10.3;4.02518751
1900-04-07 12:00:00+01:00;9.4;4.18856022
1900-04-07 13:00:00+01:00;11.5;4.0590348
1900-04-07 14:00:00+01:00;10.4;4.17862222
1900-04-07 15:00:00+01:00;12;4.0641788
1900-04-07 16:00:00+01:00;11.1;4.09481755
1900-04-07 17:00:00+01:00;9.2;4.22565266
1900-04-07 18:00:00+01:00;7.8;4.26372932
1900-04-07 19:00:00+01:00;6.9;4.27717242
1900-04-07 20:00:00+01:00;5.7;4.31559988
1900-04-07 21:00:00+01:00;4.4;4.35967794
1900-04-07 22:00:00+01:00;4.4;4.29684994
1900-04-07 23:00:00+01:00;3.6;4.3166112
1900-04-08 00:00:00+01:00;3.1;4.37734854
1900-04-08 01:00:00+01:00;2.9;4.38628149
1900-04-08 02:00:00+01:00;2.5;4.37510725
1900-04-08 03:00:00+01:00;2.3;4.39780012
1900-04-08 04:00:00+01:00;1.8;4.41104324
1900-04-08 05:00:00+01:00;1.5;4.4667952
1900-04-08 06:00:00+01:00;2;4.3923451
1900-04-08 07:00:00+01:00;4;4.2184743
1900-04-08 08:00:00+01:00;4.3;4.24054361
1900-04-08 09:00:00+01:00;6.2;4.1527573
1900-04-08 10:00:00+01:00;7;4.1672003
1900-04-08 11:00:00+01:00;7.5;4.23020715
1900-04-08 12:00:00+01:00;8.6;4.24668878
1900-04-08 13:00:00+01:00;9;4.2389178
1900-04-08 14:00:00+01:00;11;4.1358223
1900-04-08 15:00:00+01:00;10.4;4.1887324
1900-04-08 16:00:00+01:00;10.2;4.1722351
1900-04-08 17:00:00+01:00;9;4.243775
1900-04-08 18:00:00+01:00;6.7;4.36974083
1900-04-08 19:00:00+01:00;4.6;4.50115608
1900-04-08 20:00:00+01:00;3.4;4.53538236
1900-04-08 21:00:00+01:00;2.5;4.5368765
1900-04-08 22:00:00+01:00;1.9;4.51588469
1900-04-08 23:00:00+01:00;1.5;4.51108485
1900-04-09 00:00:00+01:00;1.2;4.67243058
1900-04-09 01:00:00+01:00;0.5;4.7298661
1900-04-09 02:00:00+01:00;1;4.6874565
1900-04-09 03:00:00+01:00;0.1;4.78121144
1900-04-09 04:00:00+01:00;-1.2;4.99167338
1900-04-09 05:00:00+01:00;-2.1;5.52500739
1900-04-09 06:00:00+01:00;-0.3;7.00314098
1900-04-09 07:00:00+01:00;2;9.824542
1900-04-09 08:00:00+01:00;3.6;13.06142616
1900-04-09 09:00:00+01:00;3.5;14.9900057
1900-04-09 10:00:00+01:00;4.9;15.22758243
1900-04-09 11:00:00+01:00;7.2;14.6525756
1900-04-09 12:00:00+01:00;7.6;14.92433064
1900-04-09 13:00:00+01:00;9;14.1916299
1900-04-09 14:00:00+01:00;9.3;12.80905621
1900-04-09 15:00:00+01:00;6.9;11.33147795
1900-04-09 16:00:00+01:00;5.1;9.11899564
1900-04-09 17:00:00+01:00;3.1;7.43178309
1900-04-09 18:00:00+01:00;2.4;6.80182576
1900-04-09 19:00:00+01:00;1.7;6.30705354
1900-04-09 20:00:00+01:00;1;5.833423
1900-04-09 21:00:00+01:00;0.2;5.38853298
1900-04-09 22:00:00+01:00;-1;5.0260283
1900-04-09 23:00:00+01:00;-0.7;4.8421761
1900-04-10 00:00:00+01:00;-2.3;4.95672893
1900-04-10 01:00:00+01:00;-3.1;5.01814114
1900-04-10 02:00:00+01:00;-3.3;5.04921249
1900-04-10 03:00:00+01:00;-2.5;4.9985912
1900-04-10 04:00:00+01:00;-4.1;5.25493944
1900-04-10 05:00:00+01:00;-3.6;5.65753074
1900-04-10 06:00:00+01:00;-0.8;7.06396428
1900-04-10 07:00:00+01:00;0.3;10.086189
1900-04-10 08:00:00+01:00;1.8;13.41550758
1900-04-10 09:00:00+01:00;2.8;15.11793616
1900-04-10 10:00:00+01:00;3.9;15.40969173
1900-04-10 11:00:00+01:00;4.4;15.1192082
1900-04-10 12:00:00+01:00;5.8;15.23816712
1900-04-10 13:00:00+01:00;5.1;14.88392241
1900-04-10 14:00:00+01:00;5.8;13.29380726
1900-04-10 15:00:00+01:00;5.4;11.5021847
1900-04-10 16:00:00+01:00;4.6;9.15928244
1900-04-10 17:00:00+01:00;3.9;7.36949021
1900-04-10 18:00:00+01:00;2.2;6.82221028
1900-04-10 19:00:00+01:00;0;6.48522
1900-04-10 20:00:00+01:00;-0.6;5.9805398
1900-04-10 21:00:00+01:00;-1;5.4909999
1900-04-10 22:00:00+01:00;-1.5;5.0625924
1900-04-10 23:00:00+01:00;-1.9;4.9364565
1900-04-11 00:00:00+01:00;-0.8;4.83488678
1900-04-11 01:00:00+01:00;0;4.7699043
1900-04-11 02:00:00+01:00;-0.6;4.82206338
1900-04-11 03:00:00+01:00;-0.7;4.84809752
1900-04-11 04:00:00+01:00;-1.5;5.0189078
1900-04-11 05:00:00+01:00;-1.7;5.48966783
1900-04-11 06:00:00+01:00;-1.2;7.11262292
1900-04-11 07:00:00+01:00;0;10.132362
1900-04-11 08:00:00+01:00;1.2;13.53353472
1900-04-11 09:00:00+01:00;1.7;15.31896974
1900-04-11 10:00:00+01:00;2.4;15.68285568
1900-04-11 11:00:00+01:00;3.2;15.3191936
1900-04-11 12:00:00+01:00;4;15.5520036
1900-04-11 13:00:00+01:00;5;14.9016735
1900-04-11 14:00:00+01:00;4.1;13.52925777
1900-04-11 15:00:00+01:00;4;11.661511
1900-04-11 16:00:00+01:00;2.4;9.33654436
1900-04-11 17:00:00+01:00;2.1;7.50964919
1900-04-11 18:00:00+01:00;1.5;6.8935561
1900-04-11 19:00:00+01:00;1.8;6.29657316
1900-04-11 20:00:00+01:00;1.8;5.7598646
1900-04-11 21:00:00+01:00;1.2;5.30314388
1900-04-11 22:00:00+01:00;0.6;4.90902318
1900-04-11 23:00:00+01:00;0.6;4.740039
1900-04-12 00:00:00+01:00;0.2;4.75365868
1900-04-12 01:00:00+01:00;-0.3;4.79392722
1900-04-12 02:00:00+01:00;-0.3;4.79682459
1900-04-12 03:00:00+01:00;-0.7;4.84809752
1900-04-12 04:00:00+01:00;0;4.8827357
1900-04-12 05:00:00+01:00;-0.5;5.38364915
1900-04-12 06:00:00+01:00;0.1;6.95448234
1900-04-12 07:00:00+01:00;1.6;9.886106
1900-04-12 08:00:00+01:00;2.8;13.21879568
1900-04-12 09:00:00+01:00;3.7;14.95345414
1900-04-12 10:00:00+01:00;4.6;15.28221522
1900-04-12 11:00:00+01:00;6.7;14.73590285
1900-04-12 12:00:00+01:00;8;14.8545892
1900-04-12 13:00:00+01:00;9;14.1916299
1900-04-12 14:00:00+01:00;9.4;12.79520618
1900-04-12 15:00:00+01:00;9.6;11.0242058
1900-04-12 16:00:00+01:00;9.2;8.78864388
1900-04-12 17:00:00+01:00;8;7.0502392
1900-04-12 18:00:00+01:00;7;6.3329818
1900-04-12 19:00:00+01:00;5.1;5.95072062
1900-04-12 20:00:00+01:00;2.6;5.6863062
1900-04-12 21:00:00+01:00;3;5.1494435
1900-04-12 22:00:00+01:00;1.8;4.82126934
1900-04-12 23:00:00+01:00;2;4.6300452
1900-04-13 00:00:00+01:00;1.7;4.63181653
1900-04-13 01:00:00+01:00;0.7;4.71385082
1900-04-13 02:00:00+01:00;-0.3;4.79682459
1900-04-13 03:00:00+01:00;0.7;4.73104688
1900-04-13 04:00:00+01:00;0.4;4.84642314
1900-04-13 05:00:00+01:00;-1.5;5.47199805
1900-04-13 06:00:00+01:00;2;6.7233538
1900-04-13 07:00:00+01:00;3;9.670632
1900-04-13 08:00:00+01:00;5.6;12.66800236
1900-04-13 09:00:00+01:00;6.4;14.46000808
1900-04-13 10:00:00+01:00;7.7;14.71767639
1900-04-13 11:00:00+01:00;8.9;14.36926295
1900-04-13 12:00:00+01:00;10;14.505882
1900-04-13 13:00:00+01:00;10;14.014119
1900-04-13 14:00:00+01:00;11.5;12.50435555
1900-04-13 15:00:00+01:00;10.2;10.9559231
1900-04-13 16:00:00+01:00;9.6;8.75641444
1900-04-13 17:00:00+01:00;10;6.894507
1900-04-13 18:00:00+01:00;8.6;6.16990564
1900-04-13 19:00:00+01:00;7.5;5.6991915
1900-04-13 20:00:00+01:00;6.5;5.327709
1900-04-13 21:00:00+01:00;4.4;5.02989876
1900-04-13 22:00:00+01:00;4.5;4.6238232
1900-04-13 23:00:00+01:00;3.9;4.4807679
1900-04-14 00:00:00+01:00;2.9;4.39462286
1900-04-14 01:00:00+01:00;2.6;4.41195306
1900-04-14 02:00:00+01:00;3;4.3312914
1900-04-14 03:00:00+01:00;3.2;4.31919898
1900-04-14 04:00:00+01:00;1.7;4.42024441
1900-04-14 05:00:00+01:00;2;4.4183283
1900-04-14 06:00:00+01:00;2.8;4.3162987
1900-04-14 07:00:00+01:00;4.8;4.14758358
1900-04-14 08:00:00+01:00;4.8;4.19916146
1900-04-14 09:00:00+01:00;5.1;4.2344257
1900-04-14 10:00:00+01:00;5.4;4.28624286
1900-04-14 11:00:00+01:00;8.4;4.16430798
1900-04-14 12:00:00+01:00;10.8;4.08683524
1900-04-14 13:00:00+01:00;12.7;3.97269096
1900-04-14 14:00:00+01:00;12.5;4.0288225
1900-04-14 15:00:00+01:00;14;3.9084868
1900-04-14 16:00:00+01:00;11.8;4.0346039
1900-04-14 17:00:00+01:00;9.9;4.16222447
1900-04-14 18:00:00+01:00;8.5;4.19626745
1900-04-14 19:00:00+01:00;7.7;4.19926506
1900-04-14 20:00:00+01:00;6.6;4.22959804
1900-04-14 21:00:00+01:00;3.8;4.41563538
1900-04-14 22:00:00+01:00;2.7;4.44579357
1900-04-14 23:00:00+01:00;1.6;4.5018242
1900-04-15 00:00:00+01:00;0.9;4.56736606
1900-04-15 01:00:00+01:00;0.2;4.61732562
1900-04-15 02:00:00+01:00;-1;4.6818182
1900-04-15 03:00:00+01:00;-1.2;4.70347122
1900-04-15 04:00:00+01:00;-2;4.7606877
1900-04-15 05:00:00+01:00;0;4.6121959
1900-04-15 06:00:00+01:00;1;4.4874031
1900-04-15 07:00:00+01:00;1.4;4.44886914
1900-04-15 08:00:00+01:00;2.7;4.37296649
1900-04-15 09:00:00+01:00;5.9;4.1750305
1900-04-15 10:00:00+01:00;8.3;4.07047822
1900-04-15 11:00:00+01:00;10.3;4.02518751
1900-04-15 12:00:00+01:00;15;3.7816603
1900-04-15 13:00:00+01:00;14.9;3.81439392
1900-04-15 14:00:00+01:00;15.8;3.79342294
1900-04-15 15:00:00+01:00;13.4;3.9551944
1900-04-15 16:00:00+01:00;13.4;3.8969727
1900-04-15 17:00:00+01:00;12.8;3.89945054
1900-04-15 18:00:00+01:00;10;4.0517063
1900-04-15 19:00:00+01:00;7.9;4.17978822
1900-04-15 20:00:00+01:00;5.8;4.30604412
1900-04-15 21:00:00+01:00;4.7;4.33169922
1900-04-15 22:00:00+01:00;3.4;4.38446384
1900-04-15 23:00:00+01:00;3;4.3721751
1900-04-16 00:00:00+01:00;1.4;4.65618496
1900-04-16 01:00:00+01:00;2.7;4.55369802
1900-04-16 02:00:00+01:00;2.8;4.53602376
1900-04-16 03:00:00+01:00;2.7;4.56383168
1900-04-16 04:00:00+01:00;2.5;4.6557822
1900-04-16 05:00:00+01:00;2.5;5.11860245
1900-04-16 06:00:00+01:00;2.5;6.6625305
1900-04-16 07:00:00+01:00;2.4;9.762978
1900-04-16 08:00:00+01:00;3.3;13.12043973
1900-04-16 09:00:00+01:00;5.4;14.64276588
1900-04-16 10:00:00+01:00;6.7;14.89978569
1900-04-16 11:00:00+01:00;8;14.519252
1900-04-16 12:00:00+01:00;5.8;15.23816712
1900-04-16 13:00:00+01:00;5.7;14.77741587
1900-04-16 14:00:00+01:00;6.5;13.19685705
1900-04-16 15:00:00+01:00;6.1;11.42252155
1900-04-16 16:00:00+01:00;6.8;8.98202052
1900-04-16 17:00:00+01:00;7.3;7.10474547
1900-04-16 18:00:00+01:00;7.5;6.2820205
1900-04-16 19:00:00+01:00;7.6;5.68871112
1900-04-16 20:00:00+01:00;7.4;5.2449558
1900-04-16 21:00:00+01:00;6.2;4.87619838
1900-04-16 22:00:00+01:00;5;4.5872591
1900-04-16 23:00:00+01:00;4;4.4729112
1900-04-17 00:00:00+01:00;5.7;4.30690413
1900-04-17 01:00:00+01:00;3.9;4.45760634
1900-04-17 02:00:00+01:00;4.5;4.39300395
1900-04-17 03:00:00+01:00;3.7;4.48022408
1900-04-17 04:00:00+01:00;4;4.5196101
1900-04-17 05:00:00+01:00;4.6;4.93306976
1900-04-17 06:00:00+01:00;5.5;6.2975907
1900-04-17 07:00:00+01:00;7.3;9.008819
1900-04-17 08:00:00+01:00;8.3;12.13688023
1900-04-17 09:00:00+01:00;10.7;13.67414954
1900-04-17 10:00:00+01:00;11.6;14.00745012
1900-04-17 11:00:00+01:00;12.5;13.76930675
1900-04-17 12:00:00+01:00;14.3;13.75616152
1900-04-17 13:00:00+01:00;14;13.3040754
1900-04-17 14:00:00+01:00;13.7;12.19965489
1900-04-17 15:00:00+01:00;13.5;10.58036825
1900-04-17 16:00:00+01:00;12.4;8.53080836
1900-04-17 17:00:00+01:00;11.7;6.76213463
1900-04-17 18:00:00+01:00;9.1;6.11894434
1900-04-17 19:00:00+01:00;8.4;5.60486808
1900-04-17 20:00:00+01:00;9.2;5.0794494
1900-04-17 21:00:00+01:00;8.1;4.71395909
1900-04-17 22:00:00+01:00;7.2;4.42637706
1900-04-17 23:00:00+01:00;6.8;4.2529236
1900-04-18 00:00:00+01:00;6.4;4.25004446
1900-04-18 01:00:00+01:00;5;4.3695223
1900-04-18 02:00:00+01:00;5.9;4.27522293
1900-04-18 03:00:00+01:00;4.8;4.38825572
1900-04-18 04:00:00+01:00;5.3;4.40159428
1900-04-18 05:00:00+01:00;4.7;4.92423487
1900-04-18 06:00:00+01:00;5.4;6.30975536
1900-04-18 07:00:00+01:00;7.2;9.02421
1900-04-18 08:00:00+01:00;7.9;12.21556499
1900-04-18 09:00:00+01:00;8.2;14.13104404
1900-04-18 10:00:00+01:00;8.9;14.49914523
1900-04-18 11:00:00+01:00;10.1;14.16927755
1900-04-18 12:00:00+01:00;10.6;14.40126984
1900-04-18 13:00:00+01:00;12.6;13.55259066
1900-04-18 14:00:00+01:00;9.7;12.75365609
1900-04-18 15:00:00+01:00;11;10.8648795
1900-04-18 16:00:00+01:00;10.5;8.6838982
1900-04-18 17:00:00+01:00;9.5;6.93344005
1900-04-18 18:00:00+01:00;6.3;6.40432762
1900-04-18 19:00:00+01:00;6;5.8563972
1900-04-18 20:00:00+01:00;5;5.465631
1900-04-18 21:00:00+01:00;4.6;5.01282094
1900-04-18 22:00:00+01:00;4.6;4.61651038
1900-04-18 23:00:00+01:00;4.2;4.4571978
1900-04-19 00:00:00+01:00;3.6;4.47748314
1900-04-19 01:00:00+01:00;3.7;4.47362162
1900-04-19 02:00:00+01:00;3.5;4.47713325
1900-04-19 03:00:00+01:00;3.4;4.50530636
1900-04-19 04:00:00+01:00;3.4;4.57407894
1900-04-19 05:00:00+01:00;4;4.9860791
1900-04-19 06:00:00+01:00;4.1;6.46789594
1900-04-19 07:00:00+01:00;4.1;9.501331
1900-04-19 08:00:00+01:00;3.3;13.12043973
1900-04-19 09:00:00+01:00;5.5;14.6244901
1900-04-19 10:00:00+01:00;6.7;14.89978569
1900-04-19 11:00:00+01:00;8;14.519252
1900-04-19 12:00:00+01:00;5.8;15.23816712
1900-04-19 13:00:00+01:00;8.6;14.26263426
1900-04-19 14:00:00+01:00;8.8;12.87830636
1900-04-19 15:00:00+01:00;8.8;11.1152494
1900-04-19 16:00:00+01:00;8.2;8.86921748
1900-04-19 17:00:00+01:00;8.8;6.98794632
1900-04-19 18:00:00+01:00;7.9;6.24125146
1900-04-19 19:00:00+01:00;6.6;5.79351492
1900-04-19 20:00:00+01:00;5;5.465631
1900-04-19 21:00:00+01:00;3;5.1494435
1900-04-19 22:00:00+01:00;2.9;4.74082832
1900-04-19 23:00:00+01:00;2.6;4.582905
1900-04-20 00:00:00+01:00;3;4.52622
1900-04-20 01:00:00+01:00;3;4.5296751
1900-04-20 02:00:00+01:00;2.8;4.53602376
1900-04-20 03:00:00+01:00;2.4;4.58891396
1900-04-20 04:00:00+01:00;2.4;4.66486034
1900-04-20 05:00:00+01:00;2.5;5.11860245
1900-04-20 06:00:00+01:00;2.9;6.61387186
1900-04-20 07:00:00+01:00;3.2;9.63985
1900-04-20 08:00:00+01:00;3.5;13.08109735
1900-04-20 09:00:00+01:00;3.3;15.02655726
1900-04-20 10:00:00+01:00;3.2;15.53716824
1900-04-20 11:00:00+01:00;4;15.18587
1900-04-20 12:00:00+01:00;4.5;15.4648268
1900-04-20 13:00:00+01:00;7.4;14.47564734
1900-04-20 14:00:00+01:00;8;12.9891066
1900-04-20 15:00:00+01:00;9.5;11.03558625
1900-04-20 16:00:00+01:00;6.7;8.99007788
1900-04-20 17:00:00+01:00;6.2;7.19039818
1900-04-20 18:00:00+01:00;6.6;6.37375084
1900-04-20 19:00:00+01:00;4.7;5.99264214
1900-04-20 20:00:00+01:00;3.6;5.5943582
1900-04-20 21:00:00+01:00;4.5;5.02135985
1900-04-20 22:00:00+01:00;3.7;4.68232576
1900-04-20 23:00:00+01:00;4;4.4729112
1900-04-21 00:00:00+01:00;4.8;4.23051682
1900-04-21 01:00:00+01:00;2.1;4.45473901
1900-04-21 02:00:00+01:00;2;4.4189231
1900-04-21 03:00:00+01:00;2.3;4.39780012
1900-04-21 04:00:00+01:00;2.6;4.33743388
1900-04-21 05:00:00+01:00;2.8;4.34078126
1900-04-21 06:00:00+01:00;3;4.2972871
1900-04-21 07:00:00+01:00;3.4;4.27164234
1900-04-21 08:00:00+01:00;4.3;4.24054361
1900-04-21 09:00:00+01:00;4.8;4.2566989
1900-04-21 10:00:00+01:00;7;4.1672003
1900-04-21 11:00:00+01:00;7.3;4.24485141
1900-04-21 12:00:00+01:00;8.5;4.25395485
1900-04-21 13:00:00+01:00;10.4;4.13818332
1900-04-21 14:00:00+01:00;10.2;4.19288886
1900-04-21 15:00:00+01:00;8.9;4.3055014
1900-04-21 16:00:00+01:00;9.3;4.24965265
1900-04-21 17:00:00+01:00;8;4.3343867
1900-04-21 18:00:00+01:00;6.3;4.40829047
1900-04-21 19:00:00+01:00;5.5;4.4135103
1900-04-21 20:00:00+01:00;5;4.3824902
1900-04-21 21:00:00+01:00;4.9;4.31304674
1900-04-21 22:00:00+01:00;5;4.2442816
1900-04-21 23:00:00+01:00;4.2;4.2610473
1900-04-22 00:00:00+01:00;4;4.2996141
1900-04-22 01:00:00+01:00;4.5;4.24936645
1900-04-22 02:00:00+01:00;5;4.156028
1900-04-22 03:00:00+01:00;4.2;4.23186438
1900-04-22 04:00:00+01:00;5;4.1166058
1900-04-22 05:00:00+01:00;4.5;4.1759938
1900-04-22 06:00:00+01:00;5.5;4.0596421
1900-04-22 07:00:00+01:00;8;3.8640207
1900-04-22 08:00:00+01:00;9.2;3.83499854
1900-04-22 09:00:00+01:00;11.4;3.7666885
1900-04-22 10:00:00+01:00;13.2;3.70591038
1900-04-22 11:00:00+01:00;15.6;3.63711462
1900-04-22 12:00:00+01:00;16.5;3.67266925
1900-04-22 13:00:00+01:00;16.6;3.69207348
1900-04-22 14:00:00+01:00;17.6;3.66502318
1900-04-22 15:00:00+01:00;18.1;3.5893182
1900-04-22 16:00:00+01:00;17.8;3.5184869
1900-04-22 17:00:00+01:00;19;3.337658
1900-04-22 18:00:00+01:00;17;3.3770876
1900-04-22 19:00:00+01:00;16.2;3.37149936
1900-04-22 20:00:00+01:00;12.1;3.70403124
1900-04-22 21:00:00+01:00;10;3.8374085
1900-04-22 22:00:00+01:00;7.4;4.03400824
1900-04-22 23:00:00+01:00;5.6;4.1313982
1900-04-23 00:00:00+01:00;4.2;4.42874628
1900-04-23 01:00:00+01:00;3;4.5296751
1900-04-23 02:00:00+01:00;2.4;4.56967548
1900-04-23 03:00:00+01:00;1.2;4.68924308
1900-04-23 04:00:00+01:00;1.6;4.73748546
1900-04-23 05:00:00+01:00;0.9;5.25996069
1900-04-23 06:00:00+01:00;2.3;6.68685982
1900-04-23 07:00:00+01:00;6.9;9.070383
1900-04-23 08:00:00+01:00;7.5;12.29424975
1900-04-23 09:00:00+01:00;10.8;13.65587376
1900-04-23 10:00:00+01:00;13.8;13.60680966
1900-04-23 11:00:00+01:00;15.3;13.30267415
1900-04-23 12:00:00+01:00;15.1;13.61667864
1900-04-23 13:00:00+01:00;13.2;13.44608412
1900-04-23 14:00:00+01:00;14.2;12.13040474
1900-04-23 15:00:00+01:00;13;10.6372705
1900-04-23 16:00:00+01:00;10.5;8.6838982
1900-04-23 17:00:00+01:00;9.8;6.91008022
1900-04-23 18:00:00+01:00;9.4;6.08836756
1900-04-23 19:00:00+01:00;8.7;5.57342694
1900-04-23 20:00:00+01:00;9.2;5.0794494
1900-04-23 21:00:00+01:00;7.7;4.74811473
1900-04-23 22:00:00+01:00;7;4.4410027
1900-04-23 23:00:00+01:00;6.4;4.2843504
1900-04-24 00:00:00+01:00;6;4.2825357
1900-04-24 01:00:00+01:00;5.6;4.32147646
1900-04-24 02:00:00+01:00;5.4;4.31728758
1900-04-24 03:00:00+01:00;4.7;4.39661648
1900-04-24 04:00:00+01:00;4.9;4.43790684
1900-04-24 05:00:00+01:00;5.2;4.88006042
1900-04-24 06:00:00+01:00;6;6.2367674
1900-04-24 07:00:00+01:00;6.2;9.17812
1900-04-24 08:00:00+01:00;7;12.3926057
1900-04-24 09:00:00+01:00;7.4;14.27725028
1900-04-24 10:00:00+01:00;9.6;14.37166872
1900-04-24 11:00:00+01:00;8.3;14.46925565
1900-04-24 12:00:00+01:00;11.3;14.27922232
1900-04-24 13:00:00+01:00;9.7;14.06737227
1900-04-24 14:00:00+01:00;11.3;12.53205561
1900-04-24 15:00:00+01:00;11.5;10.80797725
1900-04-24 16:00:00+01:00;10.9;8.65166876
1900-04-24 17:00:00+01:00;11.6;6.76992124
1900-04-24 18:00:00+01:00;8.7;6.15971338
1900-04-24 19:00:00+01:00;8;5.6467896
1900-04-24 20:00:00+01:00;6.8;5.3001246
1900-04-24 21:00:00+01:00;5.9;4.90181511
1900-04-24 22:00:00+01:00;5.3;4.56532064
1900-04-24 23:00:00+01:00;4.3;4.4493411
1900-04-25 00:00:00+01:00;5.4;4.33127256
1900-04-25 01:00:00+01:00;5.3;4.34549938
1900-04-25 02:00:00+01:00;5.3;4.32570051
1900-04-25 03:00:00+01:00;3.9;4.46350256
1900-04-25 04:00:00+01:00;2.5;4.6557822
1900-04-25 05:00:00+01:00;3.2;5.05675822
1900-04-25 06:00:00+01:00;3.9;6.49222526
1900-04-25 07:00:00+01:00;6;9.208902
1900-04-25 08:00:00+01:00;7.1;12.37293451
1900-04-25 09:00:00+01:00;8.4;14.09449248
1900-04-25 10:00:00+01:00;10.6;14.18955942
1900-04-25 11:00:00+01:00;10.9;14.03595395
1900-04-25 12:00:00+01:00;12.2;14.12230408
1900-04-25 13:00:00+01:00;14;13.3040754
1900-04-25 14:00:00+01:00;12.4;12.37970528
1900-04-25 15:00:00+01:00;13.6;10.5689878
1900-04-25 16:00:00+01:00;10.4;8.69195556
1900-04-25 17:00:00+01:00;5.5;7.24490445
1900-04-25 18:00:00+01:00;3.4;6.69990316
1900-04-25 19:00:00+01:00;3.6;6.10792632
1900-04-25 20:00:00+01:00;3.4;5.6127478
1900-04-25 21:00:00+01:00;3;5.1494435
1900-04-25 22:00:00+01:00;2.7;4.75545396
1900-04-25 23:00:00+01:00;2.6;4.582905
1900-04-26 00:00:00+01:00;2.2;4.59120248
1900-04-26 01:00:00+01:00;1.4;4.65779734
1900-04-26 02:00:00+01:00;1.4;4.65380478
1900-04-26 03:00:00+01:00;1.3;4.68088232
1900-04-26 04:00:00+01:00;0.8;4.81011058
1900-04-26 05:00:00+01:00;0.8;5.26879558
1900-04-26 06:00:00+01:00;0.8;6.86932972
1900-04-26 07:00:00+01:00;2.6;9.732196
1900-04-26 08:00:00+01:00;3.2;13.14011092
1900-04-26 09:00:00+01:00;5;14.715869
1900-04-26 10:00:00+01:00;5;15.2093715
1900-04-26 11:00:00+01:00;7;14.6859065
1900-04-26 12:00:00+01:00;8.4;14.78484776
1900-04-26 13:00:00+01:00;7.7;14.42239407
1900-04-26 14:00:00+01:00;7.6;13.04450672
1900-04-26 15:00:00+01:00;6.9;11.33147795
1900-04-26 16:00:00+01:00;8.4;8.85310276
1900-04-26 17:00:00+01:00;8.1;7.04245259
1900-04-26 18:00:00+01:00;6.5;6.3839431
1900-04-26 19:00:00+01:00;5.2;5.94024024
1900-04-26 20:00:00+01:00;3.3;5.6219426
1900-04-26 21:00:00+01:00;2.2;5.21775478
1900-04-26 22:00:00+01:00;1.7;4.82858216
1900-04-26 23:00:00+01:00;1.3;4.6850421
1900-04-27 00:00:00+01:00;1;4.6886762
1900-04-27 01:00:00+01:00;-0.1;4.77791194
1900-04-27 02:00:00+01:00;-0.5;4.81365045
1900-04-27 03:00:00+01:00;-1.4;4.90662284
1900-04-27 04:00:00+01:00;-1.7;5.03706408
1900-04-27 05:00:00+01:00;-0.3;5.36597937
1900-04-27 06:00:00+01:00;0.7;6.88149438
1900-04-27 07:00:00+01:00;1.6;9.886106
1900-04-27 08:00:00+01:00;4;12.9827414
1900-04-27 09:00:00+01:00;4.1;14.88035102
1900-04-27 10:00:00+01:00;5.2;15.17294964
1900-04-27 11:00:00+01:00;3.8;15.2192009
1900-04-27 12:00:00+01:00;2.4;15.83096936
1900-04-27 13:00:00+01:00;0.4;15.71822364
1900-04-27 14:00:00+01:00;0.4;14.04170888
1900-04-27 15:00:00+01:00;0.1;12.10534855
1900-04-27 16:00:00+01:00;1.1;9.44129004
1900-04-27 17:00:00+01:00;0.3;7.64980817
1900-04-27 18:00:00+01:00;1;6.9445174
1900-04-27 19:00:00+01:00;0.6;6.42233772
1900-04-27 20:00:00+01:00;0.7;5.8610074
1900-04-27 21:00:00+01:00;0;5.4056108
1900-04-27 22:00:00+01:00;0.3;4.93096164
1900-04-27 23:00:00+01:00;-0.3;4.8107493
1900-04-28 00:00:00+01:00;-2;4.8178437
1900-04-28 01:00:00+01:00;-2.4;4.83981256
1900-04-28 02:00:00+01:00;-3;4.8570816
1900-04-28 03:00:00+01:00;-3.5;4.9043408
1900-04-28 04:00:00+01:00;-4.3;4.97231461
1900-04-28 05:00:00+01:00;-2.8;4.88361054
1900-04-28 06:00:00+01:00;-1.5;4.7250481
1900-04-28 07:00:00+01:00;-0.1;4.58178924
1900-04-28 08:00:00+01:00;0.9;4.52194223
1900-04-28 09:00:00+01:00;2.3;4.4423089
1900-04-28 10:00:00+01:00;3.4;4.43504606
1900-04-28 11:00:00+01:00;4.7;4.43522679
1900-04-28 12:00:00+01:00;6.4;4.40654232
1900-04-28 13:00:00+01:00;6.6;4.41160548
1900-04-28 14:00:00+01:00;9.5;4.2428221
1900-04-28 15:00:00+01:00;8.1;4.3677782
1900-04-28 16:00:00+01:00;7.1;4.43889555
1900-04-28 17:00:00+01:00;7.1;4.41593723
1900-04-28 18:00:00+01:00;6.6;4.37937824
1900-04-28 19:00:00+01:00;5.7;4.39403346
1900-04-28 20:00:00+01:00;5.2;4.36337868
1900-04-28 21:00:00+01:00;4;4.3969829
1900-04-28 22:00:00+01:00;4;4.3318955
1900-04-28 23:00:00+01:00;3.5;4.32587185
1900-04-29 00:00:00+01:00;3.1;4.37734854
1900-04-29 01:00:00+01:00;3.1;4.36916711
1900-04-29 02:00:00+01:00;3.1;4.32252823
1900-04-29 03:00:00+01:00;3;4.3366659
1900-04-29 04:00:00+01:00;2.6;4.33743388
1900-04-29 05:00:00+01:00;3.2;4.30200774
1900-04-29 06:00:00+01:00;3.3;4.2687697
1900-04-29 07:00:00+01:00;4.4;4.18302894
1900-04-29 08:00:00+01:00;4.4;4.23226718
1900-04-29 09:00:00+01:00;4.8;4.2566989
1900-04-29 10:00:00+01:00;4;4.3904051
1900-04-29 11:00:00+01:00;3.8;4.50112596
1900-04-29 12:00:00+01:00;4.5;4.54459765
1900-04-29 13:00:00+01:00;4.3;4.57709784
1900-04-29 14:00:00+01:00;4.4;4.60662142
1900-04-29 15:00:00+01:00;4.6;4.6402392
1900-04-29 16:00:00+01:00;5;4.6195365
1900-04-29 17:00:00+01:00;5.3;4.57903829
1900-04-29 18:00:00+01:00;5.7;4.46611493
1900-04-29 19:00:00+01:00;5.2;4.44272556
1900-04-29 20:00:00+01:00;5.1;4.37293444
1900-04-29 21:00:00+01:00;3.8;4.41563538
1900-04-29 22:00:00+01:00;2.7;4.44579357
1900-04-29 23:00:00+01:00;1.7;4.49256355
1900-04-30 00:00:00+01:00;1.3;4.66430777
1900-04-30 01:00:00+01:00;1.1;4.68182026
1900-04-30 02:00:00+01:00;1.5;4.64539185
1900-04-30 03:00:00+01:00;1.4;4.67252156
1900-04-30 04:00:00+01:00;0.4;4.84642314
1900-04-30 05:00:00+01:00;0.2;5.32180492
1900-04-30 06:00:00+01:00;1.6;6.77201244
1900-04-30 07:00:00+01:00;3.6;9.578286
1900-04-30 08:00:00+01:00;4.8;12.82537188
1900-04-30 09:00:00+01:00;7.7;14.22242294
1900-04-30 10:00:00+01:00;9.6;14.37166872
1900-04-30 11:00:00+01:00;12.3;13.80263765
1900-04-30 12:00:00+01:00;12.6;14.05256264
1900-04-30 13:00:00+01:00;14.4;13.23307104
1900-04-30 14:00:00+01:00;14.6;12.07500462
1900-04-30 15:00:00+01:00;14.8;10.4324224
1900-04-30 16:00:00+01:00;16;8.2407434
1900-04-30 17:00:00+01:00;12.9;6.66869531
1900-04-30 18:00:00+01:00;12;5.8233688
1900-04-30 19:00:00+01:00;8.9;5.55246618
1900-04-30 20:00:00+01:00;7.8;5.2081766
1900-04-30 21:00:00+01:00;7.2;4.79080928
1900-04-30 22:00:00+01:00;6.1;4.50681808
1900-04-30 23:00:00+01:00;5;4.3943442
1900-05-01 00:00:00+01:00;4.7;4.38813223
1900-05-01 01:00:00+01:00;2;4.6097515
1900-05-01 02:00:00+01:00;1.2;4.67063064
1900-05-01 03:00:00+01:00;1.2;4.68924308
1900-05-01 04:00:00+01:00;-1;4.9735171
1900-05-01 05:00:00+01:00;2.1;5.15394201
1900-05-01 06:00:00+01:00;3;6.6017072
1900-05-01 07:00:00+01:00;4.1;9.501331
1900-05-01 08:00:00+01:00;6.3;12.53030403
1900-05-01 09:00:00+01:00;6.6;14.42345652
1900-05-01 10:00:00+01:00;8.1;14.64483267
1900-05-01 11:00:00+01:00;7.4;14.6192447
1900-05-01 12:00:00+01:00;9;14.6802356
1900-05-01 13:00:00+01:00;9.2;14.15612772
1900-05-01 14:00:00+01:00;9.8;12.73980606
1900-05-01 15:00:00+01:00;9.8;11.0014449
1900-05-01 16:00:00+01:00;10.4;8.69195556
1900-05-01 17:00:00+01:00;7.5;7.08917225
1900-05-01 18:00:00+01:00;6;6.4349044
1900-05-01 19:00:00+01:00;5.7;5.88783834
1900-05-01 20:00:00+01:00;5.3;5.4380466
1900-05-01 21:00:00+01:00;4.6;5.01282094
1900-05-01 22:00:00+01:00;5;4.5872591
1900-05-01 23:00:00+01:00;4.2;4.4571978
1900-05-02 00:00:00+01:00;3.5;4.48560595
1900-05-02 01:00:00+01:00;3.3;4.50565218
1900-05-02 02:00:00+01:00;2.3;4.57808841
1900-05-02 03:00:00+01:00;1.8;4.63907852
1900-05-02 04:00:00+01:00;0.2;4.86457942
1900-05-02 05:00:00+01:00;0.6;5.28646536
1900-05-02 06:00:00+01:00;2;6.7233538
1900-05-02 07:00:00+01:00;2.9;9.686023
1900-05-02 08:00:00+01:00;3.9;13.00241259
1900-05-02 09:00:00+01:00;5;14.715869
1900-05-02 10:00:00+01:00;4.8;15.24579336
1900-05-02 11:00:00+01:00;4.8;15.0525464
1900-05-02 12:00:00+01:00;5.4;15.30790856
1900-05-02 13:00:00+01:00;5.5;14.81291805
1900-05-02 14:00:00+01:00;6.5;13.19685705
1900-05-02 15:00:00+01:00;6.3;11.39976065
1900-05-02 16:00:00+01:00;6.7;8.99007788
1900-05-02 17:00:00+01:00;6.4;7.17482496
1900-05-02 18:00:00+01:00;5.7;6.46548118
1900-05-02 19:00:00+01:00;6.1;5.84591682
1900-05-02 20:00:00+01:00;6;5.373683
1900-05-02 21:00:00+01:00;5.8;4.91035402
1900-05-02 22:00:00+01:00;5.4;4.55800782
1900-05-02 23:00:00+01:00;5.2;4.3786308
1900-05-03 00:00:00+01:00;5.2;4.34751818
1900-05-03 01:00:00+01:00;5.2;4.35350702
1900-05-03 02:00:00+01:00;5;4.3509393
1900-05-03 03:00:00+01:00;5;4.3715342
1900-05-03 04:00:00+01:00;4.7;4.45606312
1900-05-03 05:00:00+01:00;5.1;4.88889531
1900-05-03 06:00:00+01:00;5.7;6.27326138
1900-05-03 07:00:00+01:00;6;9.208902
1900-05-03 08:00:00+01:00;6.5;12.49096165
1900-05-03 09:00:00+01:00;6.8;14.38690496
1900-05-03 10:00:00+01:00;7.4;14.77230918
1900-05-03 11:00:00+01:00;7.8;14.5525829
1900-05-03 12:00:00+01:00;8.9;14.69767096
1900-05-03 13:00:00+01:00;10;14.014119
1900-05-03 14:00:00+01:00;10.2;12.68440594
1900-05-03 15:00:00+01:00;10;10.978684
1900-05-03 16:00:00+01:00;9.6;8.75641444
1900-05-03 17:00:00+01:00;8.1;7.04245259
1900-05-03 18:00:00+01:00;7.8;6.25144372
1900-05-03 19:00:00+01:00;7;5.7515934
1900-05-03 20:00:00+01:00;6.2;5.3552934
1900-05-03 21:00:00+01:00;6.2;4.87619838
1900-05-03 22:00:00+01:00;5.9;4.52144372
1900-05-03 23:00:00+01:00;6.5;4.2764937
1900-05-04 00:00:00+01:00;6.8;4.21755322
1900-05-04 01:00:00+01:00;7;4.2093695
1900-05-04 02:00:00+01:00;6.8;4.19950656
1900-05-04 03:00:00+01:00;7;4.204319
1900-05-04 04:00:00+01:00;6.9;4.25634404
1900-05-04 05:00:00+01:00;7.3;4.69452773
1900-05-04 06:00:00+01:00;7.4;6.06646216
1900-05-04 07:00:00+01:00;7.9;8.916473
1900-05-04 08:00:00+01:00;10;11.80247
1900-05-04 09:00:00+01:00;11.5;13.5279433
1900-05-04 10:00:00+01:00;12.2;13.89818454
1900-05-04 11:00:00+01:00;12.2;13.8193031
1900-05-04 12:00:00+01:00;13.1;13.96538584
1900-05-04 13:00:00+01:00;13.5;13.39283085
1900-05-04 14:00:00+01:00;13.8;12.18580486
1900-05-04 15:00:00+01:00;12.9;10.64865095
1900-05-04 16:00:00+01:00;11.7;8.58720988
1900-05-04 17:00:00+01:00;11.5;6.77770785
1900-05-04 18:00:00+01:00;11.2;5.90490688
1900-05-04 19:00:00+01:00;10.2;5.41622124
1900-05-04 20:00:00+01:00;9.7;5.0334754
1900-05-04 21:00:00+01:00;8.5;4.67980345
1900-05-04 22:00:00+01:00;8.5;4.3313104
1900-05-04 23:00:00+01:00;7.6;4.19007
1900-05-05 00:00:00+01:00;7.2;4.02322498
1900-05-05 01:00:00+01:00;6.1;4.11245141
1900-05-05 02:00:00+01:00;5.8;4.08592264
1900-05-05 03:00:00+01:00;6.4;4.03972826
1900-05-05 04:00:00+01:00;7.4;3.89577772
1900-05-05 05:00:00+01:00;8.2;3.81733874
1900-05-05 06:00:00+01:00;9;3.7269391
1900-05-05 07:00:00+01:00;9;3.7754073
1900-05-05 08:00:00+01:00;10.5;3.72740495
1900-05-05 09:00:00+01:00;11.8;3.7369909
1900-05-05 10:00:00+01:00;13.2;3.70591038
1900-05-05 11:00:00+01:00;12.4;3.87142278
1900-05-05 12:00:00+01:00;14.4;3.82525672
1900-05-05 13:00:00+01:00;14.6;3.83597988
1900-05-05 14:00:00+01:00;14.5;3.8861561
1900-05-05 15:00:00+01:00;13.7;3.9318406
1900-05-05 16:00:00+01:00;13.5;3.88837075
1900-05-05 17:00:00+01:00;14.2;3.77259416
1900-05-05 18:00:00+01:00;13;3.762584
1900-05-05 19:00:00+01:00;11.5;3.8292051
1900-05-05 20:00:00+01:00;10;3.9047022
1900-05-05 21:00:00+01:00;8.6;3.96797586
1900-05-05 22:00:00+01:00;8.5;3.93763295
1900-05-05 23:00:00+01:00;7;4.0017491
1900-05-06 00:00:00+01:00;6.2;4.10959658
1900-05-06 01:00:00+01:00;5.4;4.17235174
1900-05-06 02:00:00+01:00;2.5;4.37510725
1900-05-06 03:00:00+01:00;3.4;4.30173206
1900-05-06 04:00:00+01:00;4;4.2086175
1900-05-06 05:00:00+01:00;4.8;4.14691366
1900-05-06 06:00:00+01:00;6.4;3.9740899
1900-05-06 07:00:00+01:00;7.3;3.92605008
1900-05-06 08:00:00+01:00;8;3.9343157
1900-05-06 09:00:00+01:00;9;3.9448741
1900-05-06 10:00:00+01:00;8.3;4.07047822
1900-05-06 11:00:00+01:00;10.6;4.00322112
1900-05-06 12:00:00+01:00;11.9;4.00690847
1900-05-06 13:00:00+01:00;12.9;3.95830032
1900-05-06 14:00:00+01:00;12.2;4.05022246
1900-05-06 15:00:00+01:00;14.5;3.8695638
1900-05-06 16:00:00+01:00;14.2;3.8281571
1900-05-06 17:00:00+01:00;13;3.8813282
1900-05-06 18:00:00+01:00;12.5;3.81077105
1900-05-06 19:00:00+01:00;11.8;3.79998984
1900-05-06 20:00:00+01:00;10.4;3.86647916
1900-05-06 21:00:00+01:00;9.4;3.89336594
1900-05-06 22:00:00+01:00;8.2;3.96391712
1900-05-06 23:00:00+01:00;5.8;4.1128769
1900-05-07 00:00:00+01:00;5.5;4.32314975
1900-05-07 01:00:00+01:00;3.8;4.46561398
1900-05-07 02:00:00+01:00;3.4;4.48554618
1900-05-07 03:00:00+01:00;2.8;4.55547092
1900-05-07 04:00:00+01:00;2.6;4.64670406
1900-05-07 05:00:00+01:00;3.1;5.06559311
1900-05-07 06:00:00+01:00;5.5;6.2975907
1900-05-07 07:00:00+01:00;7.6;8.962646
1900-05-07 08:00:00+01:00;10.2;11.76312762
1900-05-07 09:00:00+01:00;11.6;13.50966752
1900-05-07 10:00:00+01:00;12.1;13.91639547
1900-05-07 11:00:00+01:00;13;13.6859795
1900-05-07 12:00:00+01:00;14;13.8084676
1900-05-07 13:00:00+01:00;14.9;13.14431559
1900-05-07 14:00:00+01:00;15.6;11.93650432
1900-05-07 15:00:00+01:00;15.7;10.32999835
1900-05-07 16:00:00+01:00;14;8.4018906
1900-05-07 17:00:00+01:00;13.5;6.62197565
1900-05-07 18:00:00+01:00;12.1;5.81317654
1900-05-07 19:00:00+01:00;11;5.3323782
1900-05-07 20:00:00+01:00;10.3;4.9783066
1900-05-07 21:00:00+01:00;8.8;4.65418672
1900-05-07 22:00:00+01:00;8.4;4.33862322
1900-05-07 23:00:00+01:00;8.2;4.1429298
1900-05-08 00:00:00+01:00;7.8;4.13632512
1900-05-08 01:00:00+01:00;7.6;4.16132366
1900-05-08 02:00:00+01:00;7.5;4.14061605
1900-05-08 03:00:00+01:00;7.1;4.19595824
1900-05-08 04:00:00+01:00;6.5;4.2926566
1900-05-08 05:00:00+01:00;7.7;4.65918817
1900-05-08 06:00:00+01:00;8.5;5.9326509
1900-05-08 07:00:00+01:00;9.8;8.624044
1900-05-08 08:00:00+01:00;10.8;11.64510048
1900-05-08 09:00:00+01:00;11.7;13.49139174
1900-05-08 10:00:00+01:00;13.4;13.67965338
1900-05-08 11:00:00+01:00;14.4;13.4526632
1900-05-08 12:00:00+01:00;14.7;13.68642008
1900-05-08 13:00:00+01:00;15.1;13.10881341
1900-05-08 14:00:00+01:00;15.2;11.99190444
1900-05-08 15:00:00+01:00;15;10.4096615
1900-05-08 16:00:00+01:00;15.3;8.29714492
1900-05-08 17:00:00+01:00;15;6.5051765
1900-05-08 18:00:00+01:00;14;5.6195236
1900-05-08 19:00:00+01:00;12.7;5.15421174
1900-05-08 20:00:00+01:00;11.4;4.8771638
1900-05-08 21:00:00+01:00;11;4.4663307
1900-05-08 22:00:00+01:00;9.5;4.2581822
1900-05-08 23:00:00+01:00;8.2;4.1429298
1900-05-09 00:00:00+01:00;7.7;4.14444793
1900-05-09 01:00:00+01:00;7.2;4.19335422
1900-05-09 02:00:00+01:00;6.6;4.21633242
1900-05-09 03:00:00+01:00;6.3;4.26284432
1900-05-09 04:00:00+01:00;6.6;4.28357846
1900-05-09 05:00:00+01:00;7.9;4.64151839
1900-05-09 06:00:00+01:00;9.9;5.76234566
1900-05-09 07:00:00+01:00;10.9;8.454743
1900-05-09 08:00:00+01:00;13.6;11.09430716
1900-05-09 09:00:00+01:00;16.4;12.63243008
1900-05-09 10:00:00+01:00;17.8;12.87837246
1900-05-09 11:00:00+01:00;20;12.519398
1900-05-09 12:00:00+01:00;21.3;12.53568632
1900-05-09 13:00:00+01:00;21.3;12.00824583
1900-05-09 14:00:00+01:00;22.5;10.98085225
1900-05-09 15:00:00+01:00;20.7;9.76097585
1900-05-09 16:00:00+01:00;17.6;8.11182564
1900-05-09 17:00:00+01:00;17;6.3494443
1900-05-09 18:00:00+01:00;16.4;5.37490936
1900-05-09 19:00:00+01:00;15.4;4.87124148
1900-05-09 20:00:00+01:00;12.6;4.7668262
1900-05-09 21:00:00+01:00;11.9;4.38948051
1900-05-09 22:00:00+01:00;10.7;4.17042836
1900-05-09 23:00:00+01:00;9.4;4.0486494
1900-05-10 00:00:00+01:00;7.9;4.12820231
1900-05-10 01:00:00+01:00;7.5;4.1693313
1900-05-10 02:00:00+01:00;7.3;4.15744191
1900-05-10 03:00:00+01:00;8.4;4.08726836
1900-05-10 04:00:00+01:00;8.9;4.07478124
1900-05-10 05:00:00+01:00;9.2;4.52666482
1900-05-10 06:00:00+01:00;9.3;5.83533362
1900-05-10 07:00:00+01:00;9.4;8.685608
1900-05-10 08:00:00+01:00;11.5;11.50740215
1900-05-10 09:00:00+01:00;11.8;13.47311596
1900-05-10 10:00:00+01:00;14.1;13.55217687
1900-05-10 11:00:00+01:00;16.7;13.06935785
1900-05-10 12:00:00+01:00;17.7;13.16335928
1900-05-10 13:00:00+01:00;19.7;12.29226327
1900-05-10 14:00:00+01:00;20.8;11.21630276
1900-05-10 15:00:00+01:00;20.4;9.7951172
1900-05-10 16:00:00+01:00;18.4;8.04736676
1900-05-10 17:00:00+01:00;17.3;6.32608447
1900-05-10 18:00:00+01:00;17.1;5.30356354
1900-05-10 19:00:00+01:00;16;4.8083592
1900-05-10 20:00:00+01:00;14.8;4.5645406
1900-05-10 21:00:00+01:00;15;4.1247743
1900-05-10 22:00:00+01:00;14;3.9291053
1900-05-10 23:00:00+01:00;13.5;3.553175
1900-05-11 00:00:00+01:00;12.8;3.492001
1900-05-11 01:00:00+01:00;11.6;3.84101806
1900-05-11 02:00:00+01:00;10.7;3.87140229
1900-05-11 03:00:00+01:00;9.7;3.97857848
1900-05-11 04:00:00+01:00;10.2;3.95676542
1900-05-11 05:00:00+01:00;12;4.2792879
1900-05-11 06:00:00+01:00;10.5;5.6893577
1900-05-11 07:00:00+01:00;10.5;8.516307
1900-05-11 08:00:00+01:00;10.4;11.72378524
1900-05-11 09:00:00+01:00;10.5;13.7107011
1900-05-11 10:00:00+01:00;11;14.1167157
1900-05-11 11:00:00+01:00;11.8;13.8859649
1900-05-11 12:00:00+01:00;13;13.9828212
1900-05-11 13:00:00+01:00;14.6;13.19756886
1900-05-11 14:00:00+01:00;16.1;11.86725417
1900-05-11 15:00:00+01:00;15.2;10.3869006
1900-05-11 16:00:00+01:00;17.4;8.12794036
1900-05-11 17:00:00+01:00;16.6;6.38059074
1900-05-11 18:00:00+01:00;15.8;5.43606292
1900-05-11 19:00:00+01:00;14.4;4.97604528
1900-05-11 20:00:00+01:00;12.5;4.776021
1900-05-11 21:00:00+01:00;11.5;4.42363615
1900-05-11 22:00:00+01:00;10.2;4.20699246
1900-05-11 23:00:00+01:00;9.6;4.032936
1900-05-12 00:00:00+01:00;7.6;3.98867634
1900-05-12 01:00:00+01:00;7.1;4.02687951
1900-05-12 02:00:00+01:00;6.7;4.00705411
1900-05-12 03:00:00+01:00;6.9;3.99606096
1900-05-12 04:00:00+01:00;5;4.1166058
1900-05-12 05:00:00+01:00;9;3.7397917
1900-05-12 06:00:00+01:00;10.1;3.6223753
1900-05-12 07:00:00+01:00;9.7;3.71337792
1900-05-12 08:00:00+01:00;10.8;3.70257566
1900-05-12 09:00:00+01:00;12.4;3.6924445
1900-05-12 10:00:00+01:00;13.2;3.70591038
1900-05-12 11:00:00+01:00;13.8;3.76891296
1900-05-12 12:00:00+01:00;12.4;3.97057812
1900-05-12 13:00:00+01:00;10.8;4.10940204
1900-05-12 14:00:00+01:00;9.8;4.22142214
1900-05-12 15:00:00+01:00;9.1;4.2899322
1900-05-12 16:00:00+01:00;9.3;4.24965265
1900-05-12 17:00:00+01:00;9.2;4.22565266
1900-05-12 18:00:00+01:00;9.9;4.06134371
1900-05-12 19:00:00+01:00;9.9;3.98501982
1900-05-12 20:00:00+01:00;9.4;3.96203676
1900-05-12 21:00:00+01:00;8.9;3.93999714
1900-05-12 22:00:00+01:00;8.8;3.91134878
1900-05-12 23:00:00+01:00;8.7;3.84431805
1900-05-13 00:00:00+01:00;9.4;3.83320746
1900-05-13 01:00:00+01:00;9.6;3.81294976
1900-05-13 02:00:00+01:00;9.3;3.77921169
1900-05-13 03:00:00+01:00;8.8;3.83012522
1900-05-13 04:00:00+01:00;8.5;3.79456485
1900-05-13 05:00:00+01:00;8;3.8367255
1900-05-13 06:00:00+01:00;8;3.8219971
1900-05-13 07:00:00+01:00;8.1;3.85515936
1900-05-13 08:00:00+01:00;8.4;3.90120998
1900-05-13 09:00:00+01:00;8.5;3.9819961
1900-05-13 10:00:00+01:00;9.1;4.01095694
1900-05-13 11:00:00+01:00;9.3;4.09840881
1900-05-13 12:00:00+01:00;10.3;4.12316559
1900-05-13 13:00:00+01:00;9.9;4.17415992
1900-05-13 14:00:00+01:00;11.3;4.11442234
1900-05-13 15:00:00+01:00;12;4.0641788
1900-05-13 16:00:00+01:00;11.3;4.07761365
1900-05-13 17:00:00+01:00;10.5;4.10785745
1900-05-13 18:00:00+01:00;9.6;4.09025594
1900-05-13 19:00:00+01:00;9.5;4.0239735
1900-05-13 20:00:00+01:00;8.7;4.02892708
1900-05-13 21:00:00+01:00;8.8;3.94932338
1900-05-13 22:00:00+01:00;8.6;3.92887156
1900-05-13 23:00:00+01:00;8.6;3.8535787
1900-05-14 00:00:00+01:00;8.3;4.09571107
1900-05-14 01:00:00+01:00;8;4.1292931
1900-05-14 02:00:00+01:00;7.8;4.11537726
1900-05-14 03:00:00+01:00;7.7;4.14579368
1900-05-14 04:00:00+01:00;7.5;4.2018752
1900-05-14 05:00:00+01:00;8.2;4.61501372
1900-05-14 06:00:00+01:00;8.6;5.92048624
1900-05-14 07:00:00+01:00;8.9;8.762563
1900-05-14 08:00:00+01:00;10.7;11.66477167
1900-05-14 09:00:00+01:00;12.6;13.32690972
1900-05-14 10:00:00+01:00;12;13.9346064
1900-05-14 11:00:00+01:00;12;13.852634
1900-05-14 12:00:00+01:00;13.2;13.94795048
1900-05-14 13:00:00+01:00;13.3;13.42833303
1900-05-14 14:00:00+01:00;13;12.2966051
1900-05-14 15:00:00+01:00;13.3;10.60312915
1900-05-14 16:00:00+01:00;14.8;8.33743172
1900-05-14 17:00:00+01:00;13.6;6.61418904
1900-05-14 18:00:00+01:00;13.4;5.68067716
1900-05-14 19:00:00+01:00;13.4;5.08084908
1900-05-14 20:00:00+01:00;11;4.913943
1900-05-14 21:00:00+01:00;9;4.6371089
1900-05-14 22:00:00+01:00;7.6;4.39712578
1900-05-14 23:00:00+01:00;7;4.2372102
1900-05-15 00:00:00+01:00;5.6;4.31502694
1900-05-15 01:00:00+01:00;4.4;4.41756814
1900-05-15 02:00:00+01:00;2.7;4.54443669
1900-05-15 03:00:00+01:00;3;4.5387494
1900-05-15 04:00:00+01:00;4.3;4.49237568
1900-05-15 05:00:00+01:00;7.6;4.66802306
1900-05-15 06:00:00+01:00;9.5;5.8110043
1900-05-15 07:00:00+01:00;11.3;8.393179
1900-05-15 08:00:00+01:00;12.9;11.23200549
1900-05-15 09:00:00+01:00;15;12.888291
1900-05-15 10:00:00+01:00;16.3;13.15153641
1900-05-15 11:00:00+01:00;17;13.0193615
1900-05-15 12:00:00+01:00;18.6;13.00644104
1900-05-15 13:00:00+01:00;18.1;12.57628071
1900-05-15 14:00:00+01:00;16.7;11.78415399
1900-05-15 15:00:00+01:00;16.7;10.21619385
1900-05-15 16:00:00+01:00;17.2;8.14405508
1900-05-15 17:00:00+01:00;16.4;6.39616396
1900-05-15 18:00:00+01:00;15.5;5.4666397
1900-05-15 19:00:00+01:00;14.5;4.9655649
1900-05-15 20:00:00+01:00;14.3;4.6105146
1900-05-15 21:00:00+01:00;14.1;4.20162449
1900-05-15 22:00:00+01:00;13.5;3.9656694
1900-05-15 23:00:00+01:00;12.7;3.7893783
1900-05-16 00:00:00+01:00;12.5;3.492001
1900-05-16 01:00:00+01:00;11.9;3.81699514
1900-05-16 02:00:00+01:00;11.4;3.81251178
1900-05-16 03:00:00+01:00;11;3.8698886
1900-05-16 04:00:00+01:00;10.8;3.90229658
1900-05-16 05:00:00+01:00;10.8;4.38530658
1900-05-16 06:00:00+01:00;11.7;5.54338178
1900-05-16 07:00:00+01:00;12;8.285442
1900-05-16 08:00:00+01:00;13.2;11.17299192
1900-05-16 09:00:00+01:00;13.6;13.14415192
1900-05-16 10:00:00+01:00;12.6;13.82534082
1900-05-16 11:00:00+01:00;12;13.852634
1900-05-16 12:00:00+01:00;12.7;14.03512728
1900-05-16 13:00:00+01:00;14.6;13.19756886
1900-05-16 14:00:00+01:00;15.4;11.96420438
1900-05-16 15:00:00+01:00;14.7;10.44380285
1900-05-16 16:00:00+01:00;14.7;8.34548908
1900-05-16 17:00:00+01:00;14.5;6.54410955
1900-05-16 18:00:00+01:00;13.9;5.62971586
1900-05-16 19:00:00+01:00;12.3;5.19613326
1900-05-16 20:00:00+01:00;11.7;4.8495794
1900-05-16 21:00:00+01:00;10.6;4.50048634
1900-05-16 22:00:00+01:00;10;4.2216181
1900-05-16 23:00:00+01:00;10;4.0015092
1900-05-17 00:00:00+01:00;9.7;3.98199173
1900-05-17 01:00:00+01:00;9.5;4.0091785
1900-05-17 02:00:00+01:00;9;4.0144221
1900-05-17 03:00:00+01:00;8.8;4.05382532
1900-05-17 04:00:00+01:00;9;4.0657031
1900-05-17 05:00:00+01:00;8;4.6326835
1900-05-17 06:00:00+01:00;8.4;5.94481556
1900-05-17 07:00:00+01:00;8.6;8.808736
1900-05-17 08:00:00+01:00;9.8;11.84181238
1900-05-17 09:00:00+01:00;11.5;13.5279433
1900-05-17 10:00:00+01:00;12.6;13.82534082
1900-05-17 11:00:00+01:00;14.4;13.4526632
1900-05-17 12:00:00+01:00;16;13.4597604
1900-05-17 13:00:00+01:00;16.5;12.86029815
1900-05-17 14:00:00+01:00;15.6;11.93650432
1900-05-17 15:00:00+01:00;15.8;10.3186179
1900-05-17 16:00:00+01:00;15.2;8.30520228
1900-05-17 17:00:00+01:00;14;6.5830426
1900-05-17 18:00:00+01:00;13.3;5.69086942
1900-05-17 19:00:00+01:00;12.2;5.20661364
1900-05-17 20:00:00+01:00;11.6;4.8587742
1900-05-17 21:00:00+01:00;10;4.5517198
1900-05-17 22:00:00+01:00;9.4;4.26549502
1900-05-17 23:00:00+01:00;7;4.2372102
1900-05-18 00:00:00+01:00;7.4;4.16881636
1900-05-18 01:00:00+01:00;6.1;4.28143826
1900-05-18 02:00:00+01:00;4;4.4350686
1900-05-18 03:00:00+01:00;3.8;4.47186332
1900-05-18 04:00:00+01:00;4.2;4.50145382
1900-05-18 05:00:00+01:00;7.1;4.71219751
1900-05-18 06:00:00+01:00;10;5.750181
1900-05-18 07:00:00+01:00;11.3;8.393179
1900-05-18 08:00:00+01:00;13;11.2123343
1900-05-18 09:00:00+01:00;13.3;13.19897926
1900-05-18 10:00:00+01:00;14;13.5703878
1900-05-18 11:00:00+01:00;16.1;13.16935055
1900-05-18 12:00:00+01:00;18.3;13.05874712
1900-05-18 13:00:00+01:00;17.9;12.61178289
1900-05-18 14:00:00+01:00;19.4;11.41020318
1900-05-18 15:00:00+01:00;19.9;9.85201945
1900-05-18 16:00:00+01:00;20.2;7.90233428
1900-05-18 17:00:00+01:00;20.2;5.5812736
1900-05-18 18:00:00+01:00;19;5.1099106
1900-05-18 19:00:00+01:00;18.9;4.50442818
1900-05-18 20:00:00+01:00;15.3;4.5185666
1900-05-18 21:00:00+01:00;13.7;4.23578013
1900-05-18 22:00:00+01:00;11.4;4.11923862
1900-05-18 23:00:00+01:00;10;4.0015092
1900-05-19 00:00:00+01:00;10;3.7813845
1900-05-19 01:00:00+01:00;8.3;3.92419323
1900-05-19 02:00:00+01:00;7.5;3.93694875
1900-05-19 03:00:00+01:00;8;3.8999929
1900-05-19 04:00:00+01:00;9.4;3.71175432
1900-05-19 05:00:00+01:00;11;3.5459241
1900-05-19 06:00:00+01:00;11.6;3.4797883
1900-05-19 07:00:00+01:00;14.6;3.27917226
1900-05-19 08:00:00+01:00;17;3.134948
1900-05-19 09:00:00+01:00;17;3.121026
1900-05-19 10:00:00+01:00;19.5;3.2371803
1900-05-19 11:00:00+01:00;20;3.376272
1900-05-19 12:00:00+01:00;21.6;3.249094
1900-05-19 13:00:00+01:00;22.1;3.332986
1900-05-19 14:00:00+01:00;23.4;3.213657
1900-05-19 15:00:00+01:00;24.9;3.266909
1900-05-19 16:00:00+01:00;22;3.230054
1900-05-19 17:00:00+01:00;23.7;3.106902
1900-05-19 18:00:00+01:00;22.7;3.178535
1900-05-19 19:00:00+01:00;21.4;3.118108
1900-05-19 20:00:00+01:00;17.9;3.14979716
1900-05-19 21:00:00+01:00;17;3.1845717
1900-05-19 22:00:00+01:00;15.8;3.088823
1900-05-19 23:00:00+01:00;16;3.124899
1900-05-20 00:00:00+01:00;15.7;2.993194
1900-05-20 01:00:00+01:00;14.9;3.35941869
1900-05-20 02:00:00+01:00;13.8;3.38486904
1900-05-20 03:00:00+01:00;13.2;3.44585298
1900-05-20 04:00:00+01:00;13.1;3.37131103
1900-05-20 05:00:00+01:00;12.8;3.37144326
1900-05-20 06:00:00+01:00;15;3.1565911
1900-05-20 07:00:00+01:00;16;3.1551135
1900-05-20 08:00:00+01:00;16.5;3.23081915
1900-05-20 09:00:00+01:00;17.2;3.121026
1900-05-20 10:00:00+01:00;18.2;3.33390238
1900-05-20 11:00:00+01:00;18.3;3.43941711
1900-05-20 12:00:00+01:00;18;3.5636782
1900-05-20 13:00:00+01:00;19;3.5193858
1900-05-20 14:00:00+01:00;18;3.6364899
1900-05-20 15:00:00+01:00;17.6;3.6282412
1900-05-20 16:00:00+01:00;19;3.4152635
1900-05-20 17:00:00+01:00;18.6;3.37390268
1900-05-20 18:00:00+01:00;17.3;3.34817537
1900-05-20 19:00:00+01:00;17;3.293592
1900-05-20 20:00:00+01:00;16.1;3.32180084
1900-05-20 21:00:00+01:00;15.7;3.30581282
1900-05-20 22:00:00+01:00;15.3;3.088823
1900-05-20 23:00:00+01:00;15;3.2608971
1900-05-21 00:00:00+01:00;14.3;3.492001
1900-05-21 01:00:00+01:00;13.7;3.489865
1900-05-21 02:00:00+01:00;12.4;3.72838248
1900-05-21 03:00:00+01:00;12.4;3.75283796
1900-05-21 04:00:00+01:00;12.4;3.75704634
1900-05-21 05:00:00+01:00;13;4.0825338
1900-05-21 06:00:00+01:00;13.9;5.2502834
1900-05-21 07:00:00+01:00;15.5;7.746757
1900-05-21 08:00:00+01:00;16;10.6221986
1900-05-21 09:00:00+01:00;18;12.3400176
1900-05-21 10:00:00+01:00;19.5;12.56878665
1900-05-21 11:00:00+01:00;18;12.852707
1900-05-21 12:00:00+01:00;20.1;12.74491064
1900-05-21 13:00:00+01:00;20.3;12.18575673
1900-05-21 14:00:00+01:00;19.6;11.38250312
1900-05-21 15:00:00+01:00;21;9.7268345
1900-05-21 16:00:00+01:00;22.6;7.70895764
1900-05-21 17:00:00+01:00;19.3;6.17035227
1900-05-21 18:00:00+01:00;18.9;5.12010286
1900-05-21 19:00:00+01:00;17.5;4.6511535
1900-05-21 20:00:00+01:00;16.9;4.3714498
1900-05-21 21:00:00+01:00;15.6;4.07354084
1900-05-21 22:00:00+01:00;14.2;3.660024
1900-05-21 23:00:00+01:00;13.5;3.553175
1900-05-22 00:00:00+01:00;12.2;3.77892148
1900-05-22 01:00:00+01:00;10.6;3.92109446
1900-05-22 02:00:00+01:00;11;3.8461635
1900-05-22 03:00:00+01:00;11.2;3.85316708
1900-05-22 04:00:00+01:00;11.3;3.85690588
1900-05-22 05:00:00+01:00;12;4.2792879
1900-05-22 06:00:00+01:00;12.4;5.45822916
1900-05-22 07:00:00+01:00;13.4;8.069968
1900-05-22 08:00:00+01:00;15.4;10.74022574
1900-05-22 09:00:00+01:00;16.6;12.59587852
1900-05-22 10:00:00+01:00;17.4;12.95121618
1900-05-22 11:00:00+01:00;18.5;12.76937975
1900-05-22 12:00:00+01:00;18.7;12.98900568
1900-05-22 13:00:00+01:00;19.1;12.39876981
1900-05-22 14:00:00+01:00;20.4;11.27170288
1900-05-22 15:00:00+01:00;20.9;9.73821495
1900-05-22 16:00:00+01:00;20.5;7.8781622
1900-05-22 17:00:00+01:00;20;5.5812736
1900-05-22 18:00:00+01:00;17.5;5.2627945
1900-05-22 19:00:00+01:00;16.6;4.74547692
1900-05-22 20:00:00+01:00;15.7;4.4817874
1900-05-22 21:00:00+01:00;15.3;4.09915757
1900-05-22 22:00:00+01:00;12.9;4.00954632
1900-05-22 23:00:00+01:00;11.2;3.9072288
1900-05-23 00:00:00+01:00;10.4;3.92513206
1900-05-23 01:00:00+01:00;7.7;4.15331602
1900-05-23 02:00:00+01:00;7.2;4.16585484
1900-05-23 03:00:00+01:00;6.9;4.21267976
1900-05-23 04:00:00+01:00;8.6;4.10201566
1900-05-23 05:00:00+01:00;12;4.2792879
1900-05-23 06:00:00+01:00;13.1;5.2502834
1900-05-23 07:00:00+01:00;14.2;7.94684
1900-05-23 08:00:00+01:00;14.8;10.85825288
1900-05-23 09:00:00+01:00;15.9;12.72380898
1900-05-23 10:00:00+01:00;16.4;13.13332548
1900-05-23 11:00:00+01:00;16.7;13.06935785
1900-05-23 12:00:00+01:00;16.8;13.32027752
1900-05-23 13:00:00+01:00;17.5;12.68278725
1900-05-23 14:00:00+01:00;18.8;11.49330336
1900-05-23 15:00:00+01:00;19.2;9.9316826
1900-05-23 16:00:00+01:00;18.8;8.01513732
1900-05-23 17:00:00+01:00;19.3;6.17035227
1900-05-23 18:00:00+01:00;18.5;5.1608719
1900-05-23 19:00:00+01:00;16.2;4.78739844
1900-05-23 20:00:00+01:00;15.5;4.500177
1900-05-23 21:00:00+01:00;14.1;4.20162449
1900-05-23 22:00:00+01:00;13.4;3.97298222
1900-05-23 23:00:00+01:00;13;3.7658082
1900-05-24 00:00:00+01:00;12.3;3.77079867
1900-05-24 01:00:00+01:00;12.6;3.76094166
1900-05-24 02:00:00+01:00;12.7;3.70314369
1900-05-24 03:00:00+01:00;12.4;3.75283796
1900-05-24 04:00:00+01:00;11.9;3.80243704
1900-05-24 05:00:00+01:00;13.8;4.0825338
1900-05-24 06:00:00+01:00;14.3;5.2502834
1900-05-24 07:00:00+01:00;15.6;7.731366
1900-05-24 08:00:00+01:00;16.9;10.44515789
1900-05-24 09:00:00+01:00;17.7;12.39484494
1900-05-24 10:00:00+01:00;19.8;12.51415386
1900-05-24 11:00:00+01:00;21.2;12.3194126
1900-05-24 12:00:00+01:00;21.1;12.57055704
1900-05-24 13:00:00+01:00;20.6;12.13250346
1900-05-24 14:00:00+01:00;22.4;10.99470228
1900-05-24 15:00:00+01:00;22.9;9.51060595
1900-05-24 16:00:00+01:00;21.8;7.77341652
1900-05-24 17:00:00+01:00;22;5.5812736
1900-05-24 18:00:00+01:00;21;4.6440366
1900-05-24 19:00:00+01:00;19.1;4.48346742
1900-05-24 20:00:00+01:00;16.3;4.4266186
1900-05-24 21:00:00+01:00;15;4.1247743
1900-05-24 22:00:00+01:00;13;4.0022335
1900-05-24 23:00:00+01:00;11.7;3.8679453
1900-05-25 00:00:00+01:00;11.2;3.86014958
1900-05-25 01:00:00+01:00;10;3.9691403
1900-05-25 02:00:00+01:00;9.1;4.00600917
1900-05-25 03:00:00+01:00;8.5;4.0789076
1900-05-25 04:00:00+01:00;9.1;4.05662496
1900-05-25 05:00:00+01:00;11.8;4.29695768
1900-05-25 06:00:00+01:00;14.5;5.2502834
1900-05-25 07:00:00+01:00;16.2;7.63902
1900-05-25 08:00:00+01:00;18.1;10.20910361
1900-05-25 09:00:00+01:00;19.6;12.04760512
1900-05-25 10:00:00+01:00;21.7;12.16814619
1900-05-25 11:00:00+01:00;22.2;12.1527581
1900-05-25 12:00:00+01:00;23.1;12.22184984
1900-05-25 13:00:00+01:00;25.4;11.28045114
1900-05-25 14:00:00+01:00;24.6;10.69000162
1900-05-25 15:00:00+01:00;24;9.385421
1900-05-25 16:00:00+01:00;26.4;7.40277796
1900-05-25 17:00:00+01:00;24.1;5.5812736
1900-05-25 18:00:00+01:00;23.6;4.6440366
1900-05-25 19:00:00+01:00;21.5;4.0582227
1900-05-25 20:00:00+01:00;17.8;4.2886966
1900-05-25 21:00:00+01:00;15.9;4.04792411
1900-05-25 22:00:00+01:00;14;3.9291053
1900-05-25 23:00:00+01:00;13.5;3.553175
1900-05-26 00:00:00+01:00;11.7;3.63455278
1900-05-26 01:00:00+01:00;11.6;3.64180596
1900-05-26 02:00:00+01:00;10.9;3.63900097
1900-05-26 03:00:00+01:00;11.1;3.62925564
1900-05-26 04:00:00+01:00;11;3.5645356
1900-05-26 05:00:00+01:00;11.8;3.46837706
1900-05-26 06:00:00+01:00;13;3.3467071
1900-05-26 07:00:00+01:00;15.1;3.23486556
1900-05-26 08:00:00+01:00;17.4;3.134948
1900-05-26 09:00:00+01:00;18.4;3.121026
1900-05-26 10:00:00+01:00;16.4;3.46782526
1900-05-26 11:00:00+01:00;19.4;3.35887368
1900-05-26 12:00:00+01:00;16.2;3.69446746
1900-05-26 13:00:00+01:00;16.2;3.72085476
1900-05-26 14:00:00+01:00;14;3.9218227
1900-05-26 15:00:00+01:00;11.1;4.1342402
1900-05-26 16:00:00+01:00;9.3;4.24965265
1900-05-26 17:00:00+01:00;8.7;4.27095851
1900-05-26 18:00:00+01:00;8.8;4.16735522
1900-05-26 19:00:00+01:00;9.8;3.99475824
1900-05-26 20:00:00+01:00;10.3;3.87603492
1900-05-26 21:00:00+01:00;10.4;3.80010354
1900-05-26 22:00:00+01:00;9.3;3.86754183
1900-05-26 23:00:00+01:00;8.1;3.89988195
1900-05-27 00:00:00+01:00;8.1;3.94549054
1900-05-27 01:00:00+01:00;7.5;3.99265075
1900-05-27 02:00:00+01:00;7.1;3.97200143
1900-05-27 03:00:00+01:00;6.9;3.99606096
1900-05-27 04:00:00+01:00;6.8;3.95098474
1900-05-27 05:00:00+01:00;6.6;3.97243282
1900-05-27 06:00:00+01:00;6.9;3.9265609
1900-05-27 07:00:00+01:00;6.7;3.97921812
1900-05-27 08:00:00+01:00;7.7;3.95914499
1900-05-27 09:00:00+01:00;8.9;3.9522985
1900-05-27 10:00:00+01:00;9.5;3.9811963
1900-05-27 11:00:00+01:00;11;3.9739326
1900-05-27 12:00:00+01:00;11.1;4.06503703
1900-05-27 13:00:00+01:00;11;4.0950114
1900-05-27 14:00:00+01:00;11.1;4.12868898
1900-05-27 15:00:00+01:00;11.2;4.1264556
1900-05-27 16:00:00+01:00;11;4.1034195
1900-05-27 17:00:00+01:00;10.7;4.08973511
1900-05-27 18:00:00+01:00;10.7;3.98424443
1900-05-27 19:00:00+01:00;10.2;3.95580456
1900-05-27 20:00:00+01:00;8.3;4.06715012
1900-05-27 21:00:00+01:00;7;4.1171957
1900-05-27 22:00:00+01:00;5.6;4.19171326
1900-05-27 23:00:00+01:00;4.7;4.21474405
1900-05-28 00:00:00+01:00;4.6;4.39625504
1900-05-28 01:00:00+01:00;3.7;4.47362162
1900-05-28 02:00:00+01:00;3.6;4.46872032
1900-05-28 03:00:00+01:00;3.7;4.48022408
1900-05-28 04:00:00+01:00;4.4;4.48329754
1900-05-28 05:00:00+01:00;4.6;4.93306976
1900-05-28 06:00:00+01:00;6;6.2367674
1900-05-28 07:00:00+01:00;7.2;9.02421
1900-05-28 08:00:00+01:00;8.5;12.09753785
1900-05-28 09:00:00+01:00;9.2;13.94828624
1900-05-28 10:00:00+01:00;10.1;14.28061407
1900-05-28 11:00:00+01:00;11.3;13.96929215
1900-05-28 12:00:00+01:00;12.3;14.10486872
1900-05-28 13:00:00+01:00;12.5;13.57034175
1900-05-28 14:00:00+01:00;13.1;12.28275507
1900-05-28 15:00:00+01:00;12.7;10.67141185
1900-05-28 16:00:00+01:00;12.7;8.50663628
1900-05-28 17:00:00+01:00;12.7;6.68426853
1900-05-28 18:00:00+01:00;12.8;5.74183072
1900-05-28 19:00:00+01:00;12.3;5.19613326
1900-05-28 20:00:00+01:00;10.9;4.9231378
1900-05-28 21:00:00+01:00;9.2;4.62003108
1900-05-28 22:00:00+01:00;5.6;4.54338218
1900-05-28 23:00:00+01:00;4.5;4.4336277
1900-05-29 00:00:00+01:00;4.9;4.37188661
1900-05-29 01:00:00+01:00;4;4.4495987
1900-05-29 02:00:00+01:00;6.8;4.19950656
1900-05-29 03:00:00+01:00;6.7;4.22940128
1900-05-29 04:00:00+01:00;6.6;4.28357846
1900-05-29 05:00:00+01:00;8.9;4.55316949
1900-05-29 06:00:00+01:00;10.4;5.70152236
1900-05-29 07:00:00+01:00;11.1;8.423961
1900-05-29 08:00:00+01:00;12.2;11.36970382
1900-05-29 09:00:00+01:00;12.5;13.3451855
1900-05-29 10:00:00+01:00;12.8;13.78891896
1900-05-29 11:00:00+01:00;13.4;13.6193177
1900-05-29 12:00:00+01:00;13.6;13.87820904
1900-05-29 13:00:00+01:00;13.3;13.42833303
1900-05-29 14:00:00+01:00;12.9;12.31045513
1900-05-29 15:00:00+01:00;12.5;10.69417275
1900-05-29 16:00:00+01:00;13.5;8.4421774
1900-05-29 17:00:00+01:00;12.8;6.67648192
1900-05-29 18:00:00+01:00;12.6;5.76221524
1900-05-29 19:00:00+01:00;11.5;5.2799763
1900-05-29 20:00:00+01:00;10.7;4.9415274
1900-05-29 21:00:00+01:00;10.6;4.50048634
1900-05-29 22:00:00+01:00;9.6;4.25086938
1900-05-29 23:00:00+01:00;10.5;3.9622257
1900-05-30 00:00:00+01:00;9.5;3.99823735
1900-05-30 01:00:00+01:00;9.6;4.00117086
1900-05-30 02:00:00+01:00;8.3;4.07331261
1900-05-30 03:00:00+01:00;8;4.1207114
1900-05-30 04:00:00+01:00;7.9;4.16556264
1900-05-30 05:00:00+01:00;8;4.6326835
1900-05-30 06:00:00+01:00;8.7;5.90832158
1900-05-30 07:00:00+01:00;9.7;8.639435
1900-05-30 08:00:00+01:00;10.3;11.74345643
1900-05-30 09:00:00+01:00;11.6;13.50966752
1900-05-30 10:00:00+01:00;11.4;14.04387198
1900-05-30 11:00:00+01:00;11.4;13.9526267
1900-05-30 12:00:00+01:00;12;14.1571748
1900-05-30 13:00:00+01:00;12.1;13.64134611
1900-05-30 14:00:00+01:00;12;12.4351054
1900-05-30 15:00:00+01:00;12.3;10.71693365
1900-05-30 16:00:00+01:00;12.1;8.55498044
1900-05-30 17:00:00+01:00;11.9;6.74656141
1900-05-30 18:00:00+01:00;11.8;5.84375332
1900-05-30 19:00:00+01:00;11.6;5.26949592
1900-05-30 20:00:00+01:00;11.2;4.8955534
1900-05-30 21:00:00+01:00;10.9;4.47486961
1900-05-30 22:00:00+01:00;10.6;4.17774118
1900-05-30 23:00:00+01:00;10.4;3.9700824
1900-05-31 00:00:00+01:00;10.1;3.94950049
1900-05-31 01:00:00+01:00;9.9;3.97714794
1900-05-31 02:00:00+01:00;9.8;3.94711866
1900-05-31 03:00:00+01:00;9.2;4.02038228
1900-05-31 04:00:00+01:00;9.2;4.04754682
1900-05-31 05:00:00+01:00;9.7;4.48249037
1900-05-31 06:00:00+01:00;10.2;5.72585168
1900-05-31 07:00:00+01:00;10.5;8.516307
1900-05-31 08:00:00+01:00;11.2;11.56641572
1900-05-31 09:00:00+01:00;12.3;13.38173706
1900-05-31 10:00:00+01:00;12.5;13.84355175
1900-05-31 11:00:00+01:00;13.6;13.5859868
1900-05-31 12:00:00+01:00;14.1;13.79103224
1900-05-31 13:00:00+01:00;13.9;13.32182649
1900-05-31 14:00:00+01:00;15.6;11.93650432
1900-05-31 15:00:00+01:00;14.3;10.48932465
1900-05-31 16:00:00+01:00;14.8;8.33743172
1900-05-31 17:00:00+01:00;15;6.5051765
1900-05-31 18:00:00+01:00;14;5.6195236
1900-05-31 19:00:00+01:00;13.7;5.04940794
1900-05-31 20:00:00+01:00;13;4.730047
1900-05-31 21:00:00+01:00;11.4;4.43217506
1900-05-31 22:00:00+01:00;11.2;4.13386426
1900-05-31 23:00:00+01:00;10.8;3.9386556
1900-06-01 00:00:00+01:00;11.5;3.83578115
1900-06-01 01:00:00+01:00;12.2;3.79297222
1900-06-01 02:00:00+01:00;12.2;3.74520834
1900-06-01 03:00:00+01:00;13.5;3.585327
1900-06-01 04:00:00+01:00;11.8;3.81151518
1900-06-01 05:00:00+01:00;11.3;4.34113213
1900-06-01 06:00:00+01:00;12.6;5.43389984
1900-06-01 07:00:00+01:00;14.9;7.839103
1900-06-01 08:00:00+01:00;17.5;10.32713075
1900-06-01 09:00:00+01:00;19.4;12.08415668
1900-06-01 10:00:00+01:00;23.2;11.89498224
1900-06-01 11:00:00+01:00;24.8;11.7194564
1900-06-01 12:00:00+01:00;25.5;11.8034012
1900-06-01 13:00:00+01:00;27;10.9964337
1900-06-01 14:00:00+01:00;30.8;9.976342
1900-06-01 15:00:00+01:00;27.4;8.9984857
1900-06-01 16:00:00+01:00;26.1;7.42695004
1900-06-01 17:00:00+01:00;25.8;5.5812736
1900-06-01 18:00:00+01:00;25.6;4.6440366
1900-06-01 19:00:00+01:00;24.1;4.0582227
1900-06-01 20:00:00+01:00;21.5;3.642152
1900-06-01 21:00:00+01:00;19.2;3.76614008
1900-06-01 22:00:00+01:00;17;3.660024
1900-06-01 23:00:00+01:00;15;3.553175
1900-06-02 00:00:00+01:00;14;3.4358981
1900-06-02 01:00:00+01:00;12.5;3.56479125
1900-06-02 02:00:00+01:00;11;3.6302378
1900-06-02 03:00:00+01:00;10.9;3.64672256
1900-06-02 04:00:00+01:00;11.9;3.48172507
1900-06-02 05:00:00+01:00;15;3.1581889
1900-06-02 06:00:00+01:00;18;2.869355
1900-06-02 07:00:00+01:00;18.7;2.919243
1900-06-02 08:00:00+01:00;21.2;3.134948
1900-06-02 09:00:00+01:00;24.2;3.121026
1900-06-02 10:00:00+01:00;26;3.356445
1900-06-02 11:00:00+01:00;25;3.376272
1900-06-02 12:00:00+01:00;26.8;3.249094
1900-06-02 13:00:00+01:00;28;3.332986
1900-06-02 14:00:00+01:00;26.6;3.213657
1900-06-02 15:00:00+01:00;26;3.266909
1900-06-02 16:00:00+01:00;25.4;3.230054
1900-06-02 17:00:00+01:00;25.2;3.106902
1900-06-02 18:00:00+01:00;24.5;3.178535
1900-06-02 19:00:00+01:00;22.5;3.118108
1900-06-02 20:00:00+01:00;19.3;3.01601652
1900-06-02 21:00:00+01:00;17.4;3.14726674
1900-06-02 22:00:00+01:00;16.3;3.088823
1900-06-02 23:00:00+01:00;15.5;3.124899
1900-06-03 00:00:00+01:00;11.7;3.63455278
1900-06-03 01:00:00+01:00;11.1;3.68459191
1900-06-03 02:00:00+01:00;10.3;3.69157999
1900-06-03 03:00:00+01:00;10;3.7253237
1900-06-03 04:00:00+01:00;11;3.5645356
1900-06-03 05:00:00+01:00;13.9;3.26481608
1900-06-03 06:00:00+01:00;15.4;2.869355
1900-06-03 07:00:00+01:00;17.2;2.919243
1900-06-03 08:00:00+01:00;20.5;3.134948
1900-06-03 09:00:00+01:00;22;3.121026
1900-06-03 10:00:00+01:00;23.6;3.356445
1900-06-03 11:00:00+01:00;26.2;3.376272
1900-06-03 12:00:00+01:00;26.6;3.249094
1900-06-03 13:00:00+01:00;26.5;3.332986
1900-06-03 14:00:00+01:00;25.9;3.213657
1900-06-03 15:00:00+01:00;25.6;3.266909
1900-06-03 16:00:00+01:00;24.3;3.230054
1900-06-03 17:00:00+01:00;24.4;3.106902
1900-06-03 18:00:00+01:00;23;3.178535
1900-06-03 19:00:00+01:00;21.3;3.118108
1900-06-03 20:00:00+01:00;20.8;3.095364
1900-06-03 21:00:00+01:00;18.1;3.08198306
1900-06-03 22:00:00+01:00;18;3.088823
1900-06-03 23:00:00+01:00;16.4;3.124899
1900-06-04 00:00:00+01:00;15.4;3.492001
1900-06-04 01:00:00+01:00;14;3.489865
1900-06-04 02:00:00+01:00;14.6;3.497864
1900-06-04 03:00:00+01:00;13.3;3.585327
1900-06-04 04:00:00+01:00;14.4;3.601026
1900-06-04 05:00:00+01:00;15.8;4.0825338
1900-06-04 06:00:00+01:00;18.5;5.2502834
1900-06-04 07:00:00+01:00;20;7.112528
1900-06-04 08:00:00+01:00;22;9.4419272
1900-06-04 09:00:00+01:00;24;11.2434708
1900-06-04 10:00:00+01:00;23.9;11.76750573
1900-06-04 11:00:00+01:00;25.4;11.6194637
1900-06-04 12:00:00+01:00;25.5;11.8034012
1900-06-04 13:00:00+01:00;26.8;11.03193588
1900-06-04 14:00:00+01:00;27.3;10.31605081
1900-06-04 15:00:00+01:00;27.8;8.9529639
1900-06-04 16:00:00+01:00;28.7;7.693464
1900-06-04 17:00:00+01:00;25.8;5.5812736
1900-06-04 18:00:00+01:00;24.2;4.6440366
1900-06-04 19:00:00+01:00;22.5;4.0582227
1900-06-04 20:00:00+01:00;19.4;4.1415798
1900-06-04 21:00:00+01:00;16.8;3.97107392
1900-06-04 22:00:00+01:00;16;3.660024
1900-06-04 23:00:00+01:00;16.6;3.553175
1900-06-05 00:00:00+01:00;16.1;3.492001
1900-06-05 01:00:00+01:00;15.9;3.489865
1900-06-05 02:00:00+01:00;15.3;3.497864
1900-06-05 03:00:00+01:00;15.7;3.585327
1900-06-05 04:00:00+01:00;15.6;3.601026
1900-06-05 05:00:00+01:00;15.7;4.0825338
1900-06-05 06:00:00+01:00;16.1;5.2502834
1900-06-05 07:00:00+01:00;16.9;7.531283
1900-06-05 08:00:00+01:00;19.8;9.87469338
1900-06-05 09:00:00+01:00;21.5;11.7003653
1900-06-05 10:00:00+01:00;21.9;12.13172433
1900-06-05 11:00:00+01:00;24.1;11.83611455
1900-06-05 12:00:00+01:00;24.7;11.94288408
1900-06-05 13:00:00+01:00;24.7;11.40470877
1900-06-05 14:00:00+01:00;25.1;10.62075147
1900-06-05 15:00:00+01:00;25.2;9.2488556
1900-06-05 16:00:00+01:00;24.9;7.52363836
1900-06-05 17:00:00+01:00;24.5;5.5812736
1900-06-05 18:00:00+01:00;23.8;4.6440366
1900-06-05 19:00:00+01:00;22.4;4.0582227
1900-06-05 20:00:00+01:00;21;3.642152
1900-06-05 21:00:00+01:00;20;3.57311
1900-06-05 22:00:00+01:00;18.5;3.660024
1900-06-05 23:00:00+01:00;17.1;3.553175
1900-06-06 00:00:00+01:00;16.9;3.492001
1900-06-06 01:00:00+01:00;16;3.489865
1900-06-06 02:00:00+01:00;15.5;3.497864
1900-06-06 03:00:00+01:00;15;3.585327
1900-06-06 04:00:00+01:00;16.6;3.601026
1900-06-06 05:00:00+01:00;16.8;4.0825338
1900-06-06 06:00:00+01:00;17.8;5.2502834
1900-06-06 07:00:00+01:00;18.9;7.223463
1900-06-06 08:00:00+01:00;19.4;9.95337814
1900-06-06 09:00:00+01:00;20.3;11.91967466
1900-06-06 10:00:00+01:00;20.1;12.45952107
1900-06-06 11:00:00+01:00;20.6;12.4194053
1900-06-06 12:00:00+01:00;21.8;12.44850952
1900-06-06 13:00:00+01:00;23.4;11.63547294
1900-06-06 14:00:00+01:00;23;10.9116021
1900-06-06 15:00:00+01:00;22.8;9.5219864
1900-06-06 16:00:00+01:00;22.6;7.70895764
1900-06-06 17:00:00+01:00;21.4;5.5812736
1900-06-06 18:00:00+01:00;20.6;4.6440366
1900-06-06 19:00:00+01:00;19.6;4.43106552
1900-06-06 20:00:00+01:00;18.7;4.2059434
1900-06-06 21:00:00+01:00;17.9;3.87714591
1900-06-06 22:00:00+01:00;17.3;3.660024
1900-06-06 23:00:00+01:00;16.7;3.553175
1900-06-07 00:00:00+01:00;15.2;3.492001
1900-06-07 01:00:00+01:00;15.6;3.489865
1900-06-07 02:00:00+01:00;15.3;3.497864
1900-06-07 03:00:00+01:00;14.8;3.585327
1900-06-07 04:00:00+01:00;15.6;3.601026
1900-06-07 05:00:00+01:00;15.7;4.0825338
1900-06-07 06:00:00+01:00;16.7;5.2502834
1900-06-07 07:00:00+01:00;18;7.361982
1900-06-07 08:00:00+01:00;17.8;10.26811718
1900-06-07 09:00:00+01:00;18.2;12.30346604
1900-06-07 10:00:00+01:00;21.1;12.27741177
1900-06-07 11:00:00+01:00;21.3;12.30274715
1900-06-07 12:00:00+01:00;20.9;12.60542776
1900-06-07 13:00:00+01:00;22.2;11.84848602
1900-06-07 14:00:00+01:00;22.6;10.96700222
1900-06-07 15:00:00+01:00;22.2;9.5902691
1900-06-07 16:00:00+01:00;21.4;7.80564596
1900-06-07 17:00:00+01:00;20.8;5.5812736
1900-06-07 18:00:00+01:00;20.9;4.6440366
1900-06-07 19:00:00+01:00;19.6;4.43106552
1900-06-07 20:00:00+01:00;18.6;4.2151382
1900-06-07 21:00:00+01:00;17;3.9539961
1900-06-07 22:00:00+01:00;15.9;3.660024
1900-06-07 23:00:00+01:00;15.3;3.553175
1900-06-08 00:00:00+01:00;14;3.492001
1900-06-08 01:00:00+01:00;14.1;3.489865
1900-06-08 02:00:00+01:00;14.9;3.497864
1900-06-08 03:00:00+01:00;14.8;3.585327
1900-06-08 04:00:00+01:00;14;3.601026
1900-06-08 05:00:00+01:00;12.8;4.0825338
1900-06-08 06:00:00+01:00;12.6;5.43389984
1900-06-08 07:00:00+01:00;13.7;8.023795
1900-06-08 08:00:00+01:00;14.3;10.95660883
1900-06-08 09:00:00+01:00;15.1;12.87001522
1900-06-08 10:00:00+01:00;15.5;13.29722385
1900-06-08 11:00:00+01:00;12;13.852634
1900-06-08 12:00:00+01:00;14;13.8084676
1900-06-08 13:00:00+01:00;16.9;12.78929379
1900-06-08 14:00:00+01:00;17.6;11.65950372
1900-06-08 15:00:00+01:00;18.5;10.01134575
1900-06-08 16:00:00+01:00;19.3;7.97485052
1900-06-08 17:00:00+01:00;19.2;6.17813888
1900-06-08 18:00:00+01:00;18.2;5.19144868
1900-06-08 19:00:00+01:00;17.1;4.69307502
1900-06-08 20:00:00+01:00;14.6;4.5829302
1900-06-08 21:00:00+01:00;13.7;4.23578013
1900-06-08 22:00:00+01:00;12.5;4.0387976
1900-06-08 23:00:00+01:00;11.8;3.8600886
1900-06-09 00:00:00+01:00;10;3.7813845
1900-06-09 01:00:00+01:00;9.6;3.81294976
1900-06-09 02:00:00+01:00;8.3;3.86684339
1900-06-09 03:00:00+01:00;8.9;3.82139176
1900-06-09 04:00:00+01:00;9;3.748559
1900-06-09 05:00:00+01:00;10.6;3.58469762
1900-06-09 06:00:00+01:00;12;3.4417651
1900-06-09 07:00:00+01:00;12.8;3.43867638
1900-06-09 08:00:00+01:00;13.8;3.45428276
1900-06-09 09:00:00+01:00;16;3.4251661
1900-06-09 10:00:00+01:00;16.4;3.46782526
1900-06-09 11:00:00+01:00;17.7;3.48334989
1900-06-09 12:00:00+01:00;17.6;3.59274248
1900-06-09 13:00:00+01:00;15;3.8071986
1900-06-09 14:00:00+01:00;18.1;3.62935658
1900-06-09 15:00:00+01:00;13.2;3.9707636
1900-06-09 16:00:00+01:00;15.8;3.6905259
1900-06-09 17:00:00+01:00;13.2;3.86320586
1900-06-09 18:00:00+01:00;15.4;3.53128616
1900-06-09 19:00:00+01:00;13;3.6831288
1900-06-09 20:00:00+01:00;12.5;3.6658082
1900-06-09 21:00:00+01:00;10.4;3.80010354
1900-06-09 22:00:00+01:00;9.9;3.81497349
1900-06-09 23:00:00+01:00;6.8;4.0202704
1900-06-10 00:00:00+01:00;6.5;4.0836851
1900-06-10 01:00:00+01:00;8.5;3.90707885
1900-06-10 02:00:00+01:00;9.8;3.73539584
1900-06-10 03:00:00+01:00;8.6;3.84759214
1900-06-10 04:00:00+01:00;9.1;3.73935783
1900-06-10 05:00:00+01:00;10.9;3.55561748
1900-06-10 06:00:00+01:00;12.6;3.3847303
1900-06-10 07:00:00+01:00;12.8;3.43867638
1900-06-10 08:00:00+01:00;12.1;3.59498207
1900-06-10 09:00:00+01:00;14.2;3.5588053
1900-06-10 10:00:00+01:00;13.6;3.67614974
1900-06-10 11:00:00+01:00;16.8;3.54924906
1900-06-10 12:00:00+01:00;15;3.7816603
1900-06-10 13:00:00+01:00;16.1;3.72805008
1900-06-10 14:00:00+01:00;19.9;3.50095682
1900-06-10 15:00:00+01:00;17.7;3.6204566
1900-06-10 16:00:00+01:00;18.4;3.4668752
1900-06-10 17:00:00+01:00;17;3.5188814
1900-06-10 18:00:00+01:00;15.2;3.55056098
1900-06-10 19:00:00+01:00;12.5;3.7318209
1900-06-10 20:00:00+01:00;12.3;3.68491972
1900-06-10 21:00:00+01:00;12;3.6508837
1900-06-10 22:00:00+01:00;11.8;3.64850708
1900-06-10 23:00:00+01:00;11.4;3.5942805
1900-06-11 00:00:00+01:00;11.3;3.85202677
1900-06-11 01:00:00+01:00;11.1;3.88105626
1900-06-11 02:00:00+01:00;10.8;3.86298936
1900-06-11 03:00:00+01:00;11;3.8698886
1900-06-11 04:00:00+01:00;11.6;3.82967146
1900-06-11 05:00:00+01:00;12.2;4.26161812
1900-06-11 06:00:00+01:00;13.2;5.2502834
1900-06-11 07:00:00+01:00;15.1;7.808321
1900-06-11 08:00:00+01:00;17.2;10.38614432
1900-06-11 09:00:00+01:00;18.6;12.23036292
1900-06-11 10:00:00+01:00;18.9;12.67805223
1900-06-11 11:00:00+01:00;20;12.519398
1900-06-11 12:00:00+01:00;18.4;13.04131176
1900-06-11 13:00:00+01:00;20;12.23901
1900-06-11 14:00:00+01:00;20.2;11.29940294
1900-06-11 15:00:00+01:00;19.1;9.94306305
1900-06-11 16:00:00+01:00;15.7;8.26491548
1900-06-11 17:00:00+01:00;15.6;6.45845684
1900-06-11 18:00:00+01:00;14.7;5.54817778
1900-06-11 19:00:00+01:00;13.8;5.03892756
1900-06-11 20:00:00+01:00;10.8;4.9323326
1900-06-11 21:00:00+01:00;9.6;4.58587544
1900-06-11 22:00:00+01:00;7.8;4.38250014
1900-06-11 23:00:00+01:00;5.5;4.3550607
1900-06-12 00:00:00+01:00;4.5;4.40437785
1900-06-12 01:00:00+01:00;3.5;4.4896369
1900-06-12 02:00:00+01:00;5;4.3509393
1900-06-12 03:00:00+01:00;7.3;4.17923672
1900-06-12 04:00:00+01:00;7.4;4.21095334
1900-06-12 05:00:00+01:00;8.2;4.61501372
1900-06-12 06:00:00+01:00;10;5.750181
1900-06-12 07:00:00+01:00;11.5;8.362397
1900-06-12 08:00:00+01:00;14.3;10.95660883
1900-06-12 09:00:00+01:00;14;13.0710488
1900-06-12 10:00:00+01:00;16.4;13.13332548
1900-06-12 11:00:00+01:00;17.5;12.93603425
1900-06-12 12:00:00+01:00;18.3;13.05874712
1900-06-12 13:00:00+01:00;18.8;12.45202308
1900-06-12 14:00:00+01:00;17.8;11.63180366
1900-06-12 15:00:00+01:00;18.1;10.05686755
1900-06-12 16:00:00+01:00;20;7.918449
1900-06-12 17:00:00+01:00;19.8;6.13141922
1900-06-12 18:00:00+01:00;18.4;5.17106416
1900-06-12 19:00:00+01:00;16;4.8083592
1900-06-12 20:00:00+01:00;15.8;4.4725926
1900-06-12 21:00:00+01:00;14.1;4.20162449
1900-06-12 22:00:00+01:00;11.7;4.09730016
1900-06-12 23:00:00+01:00;10.8;3.9386556
1900-06-13 00:00:00+01:00;10;3.9576233
1900-06-13 01:00:00+01:00;9.5;4.0091785
1900-06-13 02:00:00+01:00;8.4;4.06489968
1900-06-13 03:00:00+01:00;8.1;4.11235064
1900-06-13 04:00:00+01:00;9.8;3.99307798
1900-06-13 05:00:00+01:00;10.6;4.40297636
1900-06-13 06:00:00+01:00;13.5;5.2502834
1900-06-13 07:00:00+01:00;15;7.823712
1900-06-13 08:00:00+01:00;16.2;10.58285622
1900-06-13 09:00:00+01:00;18.1;12.32174182
1900-06-13 10:00:00+01:00;17.4;12.95121618
1900-06-13 11:00:00+01:00;20.2;12.4860671
1900-06-13 12:00:00+01:00;20;12.762346
1900-06-13 13:00:00+01:00;19.6;12.31001436
1900-06-13 14:00:00+01:00;21;11.1886027
1900-06-13 15:00:00+01:00;19.5;9.89754125
1900-06-13 16:00:00+01:00;19.7;7.94262108
1900-06-13 17:00:00+01:00;19;6.1937121
1900-06-13 18:00:00+01:00;19;5.1099106
1900-06-13 19:00:00+01:00;18.1;4.58827122
1900-06-13 20:00:00+01:00;15.9;4.4633978
1900-06-13 21:00:00+01:00;14.4;4.17600776
1900-06-13 22:00:00+01:00;13;4.0022335
1900-06-13 23:00:00+01:00;12;3.8443752
1900-06-14 00:00:00+01:00;12.4;3.492001
1900-06-14 01:00:00+01:00;12.1;3.80097986
1900-06-14 02:00:00+01:00;11.7;3.78727299
1900-06-14 03:00:00+01:00;11.9;3.79464176
1900-06-14 04:00:00+01:00;11.6;3.82967146
1900-06-14 05:00:00+01:00;13;4.0825338
1900-06-14 06:00:00+01:00;12.6;5.43389984
1900-06-14 07:00:00+01:00;14.4;7.916058
1900-06-14 08:00:00+01:00;16.2;10.58285622
1900-06-14 09:00:00+01:00;16.8;12.55932696
1900-06-14 10:00:00+01:00;18;12.8419506
1900-06-14 11:00:00+01:00;20.4;12.4527362
1900-06-14 12:00:00+01:00;20.7;12.64029848
1900-06-14 13:00:00+01:00;20.4;12.16800564
1900-06-14 14:00:00+01:00;21.8;11.07780246
1900-06-14 15:00:00+01:00;21.6;9.6585518
1900-06-14 16:00:00+01:00;24;7.5961546
1900-06-14 17:00:00+01:00;23.6;5.5812736
1900-06-14 18:00:00+01:00;23.7;4.6440366
1900-06-14 19:00:00+01:00;20.4;4.0582227
1900-06-14 20:00:00+01:00;18.7;4.2059434
1900-06-14 21:00:00+01:00;17.3;3.92837937
1900-06-14 22:00:00+01:00;16.4;3.660024
1900-06-14 23:00:00+01:00;15.8;3.553175
1900-06-15 00:00:00+01:00;15;3.492001
1900-06-15 01:00:00+01:00;14.5;3.489865
1900-06-15 02:00:00+01:00;13.3;3.497864
1900-06-15 03:00:00+01:00;12.4;3.75283796
1900-06-15 04:00:00+01:00;12.5;3.7479682
1900-06-15 05:00:00+01:00;14.7;4.0825338
1900-06-15 06:00:00+01:00;14.3;5.2502834
1900-06-15 07:00:00+01:00;15.5;7.746757
1900-06-15 08:00:00+01:00;18;10.2287748
1900-06-15 09:00:00+01:00;18.2;12.30346604
1900-06-15 10:00:00+01:00;20.3;12.42309921
1900-06-15 11:00:00+01:00;22.6;12.0860963
1900-06-15 12:00:00+01:00;22.5;12.326462
1900-06-15 13:00:00+01:00;21.3;12.00824583
1900-06-15 14:00:00+01:00;23;10.9116021
1900-06-15 15:00:00+01:00;24.4;9.3398992
1900-06-15 16:00:00+01:00;25;7.515581
1900-06-15 17:00:00+01:00;24.3;5.5812736
1900-06-15 18:00:00+01:00;23.4;4.6440366
1900-06-15 19:00:00+01:00;22.8;4.0582227
1900-06-15 20:00:00+01:00;20.4;3.642152
1900-06-15 21:00:00+01:00;17.5;3.91130155
1900-06-15 22:00:00+01:00;16;3.660024
1900-06-15 23:00:00+01:00;11.5;3.8836587
1900-06-16 00:00:00+01:00;10.4;3.74683586
1900-06-16 01:00:00+01:00;9.3;3.83862133
1900-06-16 02:00:00+01:00;7.7;3.91942241
1900-06-16 03:00:00+01:00;9.4;3.77772446
1900-06-16 04:00:00+01:00;10.4;3.61974262
1900-06-16 05:00:00+01:00;14;3.2551227
1900-06-16 06:00:00+01:00;17.2;2.869355
1900-06-16 07:00:00+01:00;21.6;2.919243
1900-06-16 08:00:00+01:00;23;3.134948
1900-06-16 09:00:00+01:00;23.8;3.121026
1900-06-16 10:00:00+01:00;25.5;3.356445
1900-06-16 11:00:00+01:00;26.4;3.376272
1900-06-16 12:00:00+01:00;26.7;3.249094
1900-06-16 13:00:00+01:00;27.6;3.332986
1900-06-16 14:00:00+01:00;28.3;3.213657
1900-06-16 15:00:00+01:00;29.7;3.266909
1900-06-16 16:00:00+01:00;27.5;3.230054
1900-06-16 17:00:00+01:00;30.3;3.106902
1900-06-16 18:00:00+01:00;29.3;3.178535
1900-06-16 19:00:00+01:00;27;3.118108
1900-06-16 20:00:00+01:00;21.6;3.095364
1900-06-16 21:00:00+01:00;19.5;2.9514157
1900-06-16 22:00:00+01:00;18.4;3.088823
1900-06-16 23:00:00+01:00;17.6;3.124899
1900-06-17 00:00:00+01:00;16.5;2.993194
1900-06-17 01:00:00+01:00;15.8;3.00008
1900-06-17 02:00:00+01:00;14.8;3.29723734
1900-06-17 03:00:00+01:00;13;3.4633199
1900-06-17 04:00:00+01:00;12.2;3.45412156
1900-06-17 05:00:00+01:00;11.1;3.53623072
1900-06-17 06:00:00+01:00;13.4;3.3086839
1900-06-17 07:00:00+01:00;12;3.5095671
1900-06-17 08:00:00+01:00;14;3.4377299
1900-06-17 09:00:00+01:00;15.2;3.4845613
1900-06-17 10:00:00+01:00;15.4;3.54222686
1900-06-17 11:00:00+01:00;17;3.5346048
1900-06-17 12:00:00+01:00;18.8;3.50554964
1900-06-17 13:00:00+01:00;19.9;3.45462792
1900-06-17 14:00:00+01:00;21.2;3.213657
1900-06-17 15:00:00+01:00;21.4;3.266909
1900-06-17 16:00:00+01:00;22.4;3.230054
1900-06-17 17:00:00+01:00;22.1;3.106902
1900-06-17 18:00:00+01:00;21;3.178535
1900-06-17 19:00:00+01:00;19.5;3.0501315
1900-06-17 20:00:00+01:00;17.9;3.14979716
1900-06-17 21:00:00+01:00;16.9;3.19389794
1900-06-17 22:00:00+01:00;14.3;3.42947233
1900-06-17 23:00:00+01:00;13.7;3.38128555
1900-06-18 00:00:00+01:00;11.3;3.85202677
1900-06-18 01:00:00+01:00;12.4;3.77695694
1900-06-18 02:00:00+01:00;8.6;4.04807382
1900-06-18 03:00:00+01:00;7.5;4.1625152
1900-06-18 04:00:00+01:00;8.8;4.08385938
1900-06-18 05:00:00+01:00;11.8;4.29695768
1900-06-18 06:00:00+01:00;14.5;5.2502834
1900-06-18 07:00:00+01:00;17.9;7.377373
1900-06-18 08:00:00+01:00;19.2;9.99272052
1900-06-18 09:00:00+01:00;21;11.7917442
1900-06-18 10:00:00+01:00;23.5;11.84034945
1900-06-18 11:00:00+01:00;25;11.6861255
1900-06-18 12:00:00+01:00;24.8;11.92544872
1900-06-18 13:00:00+01:00;25.3;11.29820223
1900-06-18 14:00:00+01:00;26.3;10.45455111
1900-06-18 15:00:00+01:00;26.3;9.12367065
1900-06-18 16:00:00+01:00;27.2;7.33831908
1900-06-18 17:00:00+01:00;26.1;5.5812736
1900-06-18 18:00:00+01:00;26.7;4.6440366
1900-06-18 19:00:00+01:00;23.6;4.0582227
1900-06-18 20:00:00+01:00;20.7;3.642152
1900-06-18 21:00:00+01:00;18.6;3.81737354
1900-06-18 22:00:00+01:00;16.1;3.660024
1900-06-18 23:00:00+01:00;14.2;3.553175
1900-06-19 00:00:00+01:00;12.2;3.77892148
1900-06-19 01:00:00+01:00;12.1;3.80097986
1900-06-19 02:00:00+01:00;12.9;3.497864
1900-06-19 03:00:00+01:00;12.8;3.585327
1900-06-19 04:00:00+01:00;12.6;3.601026
1900-06-19 05:00:00+01:00;12.5;4.23511345
1900-06-19 06:00:00+01:00;12.6;5.43389984
1900-06-19 07:00:00+01:00;12.4;8.223878
1900-06-19 08:00:00+01:00;12.7;11.27134787
1900-06-19 09:00:00+01:00;13.9;13.08932458
1900-06-19 10:00:00+01:00;14.2;13.53396594
1900-06-19 11:00:00+01:00;13;13.6859795
1900-06-19 12:00:00+01:00;13.3;13.93051512
1900-06-19 13:00:00+01:00;13.5;13.39283085
1900-06-19 14:00:00+01:00;17;11.7426039
1900-06-19 15:00:00+01:00;16.7;10.21619385
1900-06-19 16:00:00+01:00;17.1;8.15211244
1900-06-19 17:00:00+01:00;16.6;6.38059074
1900-06-19 18:00:00+01:00;16.2;5.39529388
1900-06-19 19:00:00+01:00;14.5;4.9655649
1900-06-19 20:00:00+01:00;13.6;4.6748782
1900-06-19 21:00:00+01:00;13.4;4.26139686
1900-06-19 22:00:00+01:00;12.7;4.02417196
1900-06-19 23:00:00+01:00;12.8;3.7815216
1900-06-20 00:00:00+01:00;12;3.7951671
1900-06-20 01:00:00+01:00;11.4;3.85703334
1900-06-20 02:00:00+01:00;10;3.9302928
1900-06-20 03:00:00+01:00;10.1;3.94513544
1900-06-20 04:00:00+01:00;11;3.8841403
1900-06-20 05:00:00+01:00;13.1;4.0825338
1900-06-20 06:00:00+01:00;14.9;5.2502834
1900-06-20 07:00:00+01:00;16.5;7.592847
1900-06-20 08:00:00+01:00;18.4;10.15009004
1900-06-20 09:00:00+01:00;19.1;12.13898402
1900-06-20 10:00:00+01:00;20.8;12.33204456
1900-06-20 11:00:00+01:00;22.2;12.1527581
1900-06-20 12:00:00+01:00;22.7;12.29159128
1900-06-20 13:00:00+01:00;24.4;11.45796204
1900-06-20 14:00:00+01:00;23.3;10.87005201
1900-06-20 15:00:00+01:00;22;9.61303
1900-06-20 16:00:00+01:00;21.5;7.7975886
1900-06-20 17:00:00+01:00;19.7;6.13920583
1900-06-20 18:00:00+01:00;18.3;5.18125642
1900-06-20 19:00:00+01:00;17;4.7035554
1900-06-20 20:00:00+01:00;15;4.546151
1900-06-20 21:00:00+01:00;13;4.2955525
1900-06-20 22:00:00+01:00;11.4;4.11923862
1900-06-20 23:00:00+01:00;11.2;3.9072288
1900-06-21 00:00:00+01:00;11.2;3.86014958
1900-06-21 01:00:00+01:00;11;3.8890639
1900-06-21 02:00:00+01:00;11;3.8461635
1900-06-21 03:00:00+01:00;10.5;3.9116924
1900-06-21 04:00:00+01:00;10.7;3.91137472
1900-06-21 05:00:00+01:00;10.7;4.39414147
1900-06-21 06:00:00+01:00;10.2;5.72585168
1900-06-21 07:00:00+01:00;11.2;8.40857
1900-06-21 08:00:00+01:00;12.9;11.23200549
1900-06-21 09:00:00+01:00;16.8;12.55932696
1900-06-21 10:00:00+01:00;19;12.6598413
1900-06-21 11:00:00+01:00;19.4;12.6193907
1900-06-21 12:00:00+01:00;19.2;12.90182888
1900-06-21 13:00:00+01:00;21.7;11.93724147
1900-06-21 14:00:00+01:00;20.7;11.23015279
1900-06-21 15:00:00+01:00;19.5;9.89754125
1900-06-21 16:00:00+01:00;17.6;8.11182564
1900-06-21 17:00:00+01:00;18.4;6.24043176
1900-06-21 18:00:00+01:00;17.1;5.30356354
1900-06-21 19:00:00+01:00;16.4;4.76643768
1900-06-21 20:00:00+01:00;15.3;4.5185666
1900-06-21 21:00:00+01:00;14.1;4.20162449
1900-06-21 22:00:00+01:00;13.9;3.93641812
1900-06-21 23:00:00+01:00;13;3.7658082
1900-06-22 00:00:00+01:00;12.2;3.77892148
1900-06-22 01:00:00+01:00;11.6;3.84101806
1900-06-22 02:00:00+01:00;11.5;3.80409885
1900-06-22 03:00:00+01:00;12.3;3.76119872
1900-06-22 04:00:00+01:00;13.4;3.601026
1900-06-22 05:00:00+01:00;14;4.0825338
1900-06-22 06:00:00+01:00;14.5;5.2502834
1900-06-22 07:00:00+01:00;17.5;7.438937
1900-06-22 08:00:00+01:00;17.7;10.28778837
1900-06-22 09:00:00+01:00;18.5;12.2486387
1900-06-22 10:00:00+01:00;19.9;12.49594293
1900-06-22 11:00:00+01:00;19.5;12.60272525
1900-06-22 12:00:00+01:00;21.6;12.48338024
1900-06-22 13:00:00+01:00;21;12.0614991
1900-06-22 14:00:00+01:00;21.2;11.16090264
1900-06-22 15:00:00+01:00;21;9.7268345
1900-06-22 16:00:00+01:00;18.8;8.01513732
1900-06-22 17:00:00+01:00;15.1;6.49738989
1900-06-22 18:00:00+01:00;17.9;5.22202546
1900-06-22 19:00:00+01:00;18;4.5987516
1900-06-22 20:00:00+01:00;17.4;4.3254758
1900-06-22 21:00:00+01:00;17;3.9539961
1900-06-22 22:00:00+01:00;15.8;3.660024
1900-06-22 23:00:00+01:00;16.7;3.553175
1900-06-23 00:00:00+01:00;15.5;2.993194
1900-06-23 01:00:00+01:00;14.7;3.37653307
1900-06-23 02:00:00+01:00;12.4;3.50755342
1900-06-23 03:00:00+01:00;14.4;3.34105146
1900-06-23 04:00:00+01:00;15;3.1964888
1900-06-23 05:00:00+01:00;15.6;2.872669
1900-06-23 06:00:00+01:00;16.6;2.869355
1900-06-23 07:00:00+01:00;15.2;3.22600422
1900-06-23 08:00:00+01:00;16.3;3.24737201
1900-06-23 09:00:00+01:00;16.3;3.4028929
1900-06-23 10:00:00+01:00;17.5;3.3859835
1900-06-23 11:00:00+01:00;17;3.5346048
1900-06-23 12:00:00+01:00;16.2;3.69446746
1900-06-23 13:00:00+01:00;18.3;3.56975304
1900-06-23 14:00:00+01:00;14.6;3.87902278
1900-06-23 15:00:00+01:00;15.4;3.7995024
1900-06-23 16:00:00+01:00;14.5;3.80235125
1900-06-23 17:00:00+01:00;15.2;3.68198246
1900-06-23 18:00:00+01:00;15;3.5698358
1900-06-23 19:00:00+01:00;14.5;3.5370525
1900-06-23 20:00:00+01:00;14.4;3.48424876
1900-06-23 21:00:00+01:00;14.2;3.44570642
1900-06-23 22:00:00+01:00;13.6;3.49080206
1900-06-23 23:00:00+01:00;12.4;3.501674
1900-06-24 00:00:00+01:00;12;3.6086413
1900-06-24 01:00:00+01:00;11.7;3.63324877
1900-06-24 02:00:00+01:00;13.5;3.41115855
1900-06-24 03:00:00+01:00;13.6;3.41091914
1900-06-24 04:00:00+01:00;12.7;3.40811571
1900-06-24 05:00:00+01:00;12.5;3.4005234
1900-06-24 06:00:00+01:00;12.3;3.4132477
1900-06-24 07:00:00+01:00;9;3.7754073
1900-06-24 08:00:00+01:00;9.8;3.78533996
1900-06-24 09:00:00+01:00;9.7;3.8929033
1900-06-24 10:00:00+01:00;11.5;3.8323931
1900-06-24 11:00:00+01:00;11.4;3.94464408
1900-06-24 12:00:00+01:00;13.1;3.91971563
1900-06-24 13:00:00+01:00;15.4;3.77841732
1900-06-24 14:00:00+01:00;16.4;3.75062302
1900-06-24 15:00:00+01:00;11.7;4.0875326
1900-06-24 16:00:00+01:00;14.9;3.76794345
1900-06-24 17:00:00+01:00;14;3.7907165
1900-06-24 18:00:00+01:00;14.7;3.59874803
1900-06-24 19:00:00+01:00;12.4;3.74155932
1900-06-24 20:00:00+01:00;11.5;3.7613658
1900-06-24 21:00:00+01:00;11.3;3.71616738
1900-06-24 22:00:00+01:00;10.4;3.77116654
1900-06-24 23:00:00+01:00;10.3;3.69614765
1900-06-25 00:00:00+01:00;10.2;3.94137768
1900-06-25 01:00:00+01:00;9.2;4.03320142
1900-06-25 02:00:00+01:00;9.4;3.98077038
1900-06-25 03:00:00+01:00;8.9;4.04546456
1900-06-25 04:00:00+01:00;9.2;4.04754682
1900-06-25 05:00:00+01:00;10;4.4559857
1900-06-25 06:00:00+01:00;10.4;5.70152236
1900-06-25 07:00:00+01:00;10.5;8.516307
1900-06-25 08:00:00+01:00;13;11.2123343
1900-06-25 09:00:00+01:00;13.8;13.10760036
1900-06-25 10:00:00+01:00;14.4;13.49754408
1900-06-25 11:00:00+01:00;16.4;13.1193542
1900-06-25 12:00:00+01:00;17.2;13.25053608
1900-06-25 13:00:00+01:00;16.5;12.86029815
1900-06-25 14:00:00+01:00;17.4;11.68720378
1900-06-25 15:00:00+01:00;17.2;10.1592916
1900-06-25 16:00:00+01:00;17.4;8.12794036
1900-06-25 17:00:00+01:00;16.7;6.37280413
1900-06-25 18:00:00+01:00;15.7;5.44625518
1900-06-25 19:00:00+01:00;15.5;4.8607611
1900-06-25 20:00:00+01:00;14.2;4.6197094
1900-06-25 21:00:00+01:00;12.7;4.32116923
1900-06-25 22:00:00+01:00;12.3;4.05342324
1900-06-25 23:00:00+01:00;10.5;3.9622257
1900-06-26 00:00:00+01:00;8.3;4.09571107
1900-06-26 01:00:00+01:00;7.2;4.19335422
1900-06-26 02:00:00+01:00;5.8;4.28363586
1900-06-26 03:00:00+01:00;6.3;4.26284432
1900-06-26 04:00:00+01:00;8;4.1564845
1900-06-26 05:00:00+01:00;8.8;4.56200438
1900-06-26 06:00:00+01:00;11.2;5.60420508
1900-06-26 07:00:00+01:00;13.4;8.069968
1900-06-26 08:00:00+01:00;16;10.6221986
1900-06-26 09:00:00+01:00;18;12.3400176
1900-06-26 10:00:00+01:00;17.7;12.89658339
1900-06-26 11:00:00+01:00;19;12.6860525
1900-06-26 12:00:00+01:00;18.6;13.00644104
1900-06-26 13:00:00+01:00;20.3;12.18575673
1900-06-26 14:00:00+01:00;19.3;11.42405321
1900-06-26 15:00:00+01:00;19.3;9.92030215
1900-06-26 16:00:00+01:00;19.1;7.99096524
1900-06-26 17:00:00+01:00;18.3;6.24821837
1900-06-26 18:00:00+01:00;18;5.2118332
1900-06-26 19:00:00+01:00;14.8;4.93412376
1900-06-26 20:00:00+01:00;13.8;4.6564886
1900-06-26 21:00:00+01:00;13.4;4.26139686
1900-06-26 22:00:00+01:00;11.6;4.10461298
1900-06-26 23:00:00+01:00;10.2;3.9857958
1900-06-27 00:00:00+01:00;10.1;3.94950049
1900-06-27 01:00:00+01:00;9.5;4.0091785
1900-06-27 02:00:00+01:00;8;4.0985514
1900-06-27 03:00:00+01:00;8.7;4.06218608
1900-06-27 04:00:00+01:00;9.7;4.00215612
1900-06-27 05:00:00+01:00;10.6;4.40297636
1900-06-27 06:00:00+01:00;13.3;5.2502834
1900-06-27 07:00:00+01:00;14.9;7.839103
1900-06-27 08:00:00+01:00;16.6;10.50417146
1900-06-27 09:00:00+01:00;19;12.1572598
1900-06-27 10:00:00+01:00;20.2;12.44131014
1900-06-27 11:00:00+01:00;21.9;12.20275445
1900-06-27 12:00:00+01:00;22.3;12.36133272
1900-06-27 13:00:00+01:00;21.7;11.93724147
1900-06-27 14:00:00+01:00;20.5;11.25785285
1900-06-27 15:00:00+01:00;20.4;9.7951172
1900-06-27 16:00:00+01:00;23.2;7.66061348
1900-06-27 17:00:00+01:00;22;5.5812736
1900-06-27 18:00:00+01:00;22.3;4.6440366
1900-06-27 19:00:00+01:00;20.2;4.0582227
1900-06-27 20:00:00+01:00;18.6;4.2151382
1900-06-27 21:00:00+01:00;16.6;3.98815174
1900-06-27 22:00:00+01:00;14.8;3.660024
1900-06-27 23:00:00+01:00;11.6;3.875802
1900-06-28 00:00:00+01:00;9.9;3.96574611
1900-06-28 01:00:00+01:00;9.3;4.02519378
1900-06-28 02:00:00+01:00;7;4.1826807
1900-06-28 03:00:00+01:00;7;4.204319
1900-06-28 04:00:00+01:00;10;3.9749217
1900-06-28 05:00:00+01:00;12.7;4.21744367
1900-06-28 06:00:00+01:00;15.9;5.2502834
1900-06-28 07:00:00+01:00;17.4;7.454328
1900-06-28 08:00:00+01:00;19;10.0320629
1900-06-28 09:00:00+01:00;20.5;11.8831231
1900-06-28 10:00:00+01:00;22.9;11.94961503
1900-06-28 11:00:00+01:00;24.3;11.80278365
1900-06-28 12:00:00+01:00;24;12.0649316
1900-06-28 13:00:00+01:00;23.1;11.68872621
1900-06-28 14:00:00+01:00;24.6;10.69000162
1900-06-28 15:00:00+01:00;24.6;9.3171383
1900-06-28 16:00:00+01:00;23.9;7.60421196
1900-06-28 17:00:00+01:00;22.9;5.5812736
1900-06-28 18:00:00+01:00;23.5;4.6440366
1900-06-28 19:00:00+01:00;20.1;4.0582227
1900-06-28 20:00:00+01:00;17.8;4.2886966
1900-06-28 21:00:00+01:00;16;4.0393852
1900-06-28 22:00:00+01:00;13.8;3.94373094
1900-06-28 23:00:00+01:00;13.8;3.553175
1900-06-29 00:00:00+01:00;13.7;3.492001
1900-06-29 01:00:00+01:00;13.2;3.489865
1900-06-29 02:00:00+01:00;12.8;3.497864
1900-06-29 03:00:00+01:00;13.4;3.585327
1900-06-29 04:00:00+01:00;13.7;3.601026
1900-06-29 05:00:00+01:00;14.2;4.0825338
1900-06-29 06:00:00+01:00;14.6;5.2502834
1900-06-29 07:00:00+01:00;16.2;7.63902
1900-06-29 08:00:00+01:00;16.2;10.58285622
1900-06-29 09:00:00+01:00;16.2;12.66898164
1900-06-29 10:00:00+01:00;14.7;13.44291129
1900-06-29 11:00:00+01:00;14.7;13.40266685
1900-06-29 12:00:00+01:00;16;13.4597604
1900-06-29 13:00:00+01:00;16.3;12.89580033
1900-06-29 14:00:00+01:00;16;11.8811042
1900-06-29 15:00:00+01:00;16.6;10.2275743
1900-06-29 16:00:00+01:00;16.5;8.2004566
1900-06-29 17:00:00+01:00;15.7;6.45067023
1900-06-29 18:00:00+01:00;15.2;5.49721648
1900-06-29 19:00:00+01:00;15;4.913163
1900-06-29 20:00:00+01:00;15.1;4.5369562
1900-06-29 21:00:00+01:00;14.6;4.15892994
1900-06-29 22:00:00+01:00;14.6;3.660024
1900-06-29 23:00:00+01:00;14.3;3.553175
1900-06-30 00:00:00+01:00;14;3.4358981
1900-06-30 01:00:00+01:00;13.6;3.47066216
1900-06-30 02:00:00+01:00;12.9;3.46373757
1900-06-30 03:00:00+01:00;13.6;3.41091914
1900-06-30 04:00:00+01:00;13.1;3.37131103
1900-06-30 05:00:00+01:00;13;3.3520565
1900-06-30 06:00:00+01:00;13.9;3.2611549
1900-06-30 07:00:00+01:00;15;3.2437269
1900-06-30 08:00:00+01:00;16.3;3.24737201
1900-06-30 09:00:00+01:00;17.8;3.121026
1900-06-30 10:00:00+01:00;18.5;3.3115819
1900-06-30 11:00:00+01:00;18.2;3.44673924
1900-06-30 12:00:00+01:00;19;3.4910175
1900-06-30 13:00:00+01:00;17.3;3.64170624
1900-06-30 14:00:00+01:00;17;3.7078231
1900-06-30 15:00:00+01:00;15.5;3.7917178
1900-06-30 16:00:00+01:00;15.4;3.7249337
1900-06-30 17:00:00+01:00;15.7;3.63667661
1900-06-30 18:00:00+01:00;15.2;3.55056098
1900-06-30 19:00:00+01:00;15.6;3.42992988
1900-06-30 20:00:00+01:00;15.6;3.36957964
1900-06-30 21:00:00+01:00;14.2;3.44570642
1900-06-30 22:00:00+01:00;14.5;3.41194955
1900-06-30 23:00:00+01:00;14.3;3.32572165
1900-07-01 00:00:00+01:00;14.4;3.40134946
1900-07-01 01:00:00+01:00;14.3;3.41076183
1900-07-01 02:00:00+01:00;13.9;3.37610587
1900-07-01 03:00:00+01:00;13.7;3.40218568
1900-07-01 04:00:00+01:00;14.3;3.26089699
1900-07-01 05:00:00+01:00;14.8;3.17757566
1900-07-01 06:00:00+01:00;15.2;3.1375795
1900-07-01 07:00:00+01:00;15.5;3.1994202
1900-07-01 08:00:00+01:00;16.7;3.21426629
1900-07-01 09:00:00+01:00;18.3;3.121026
1900-07-01 10:00:00+01:00;21.7;3.356445
1900-07-01 11:00:00+01:00;23.4;3.376272
1900-07-01 12:00:00+01:00;24.4;3.249094
1900-07-01 13:00:00+01:00;24.9;3.332986
1900-07-01 14:00:00+01:00;24.4;3.213657
1900-07-01 15:00:00+01:00;24.6;3.266909
1900-07-01 16:00:00+01:00;24.3;3.230054
1900-07-01 17:00:00+01:00;24;3.106902
1900-07-01 18:00:00+01:00;23.2;3.178535
1900-07-01 19:00:00+01:00;22.4;3.118108
1900-07-01 20:00:00+01:00;21;3.095364
1900-07-01 21:00:00+01:00;19.4;2.96074194
1900-07-01 22:00:00+01:00;18.4;3.088823
1900-07-01 23:00:00+01:00;18.3;3.124899
1900-07-02 00:00:00+01:00;18.5;3.492001
1900-07-02 01:00:00+01:00;18.4;3.489865
1900-07-02 02:00:00+01:00;18.2;3.497864
1900-07-02 03:00:00+01:00;18.2;3.585327
1900-07-02 04:00:00+01:00;17.5;3.601026
1900-07-02 05:00:00+01:00;17.2;4.0825338
1900-07-02 06:00:00+01:00;17;5.2502834
1900-07-02 07:00:00+01:00;17.4;7.454328
1900-07-02 08:00:00+01:00;18;10.2287748
1900-07-02 09:00:00+01:00;18.3;12.28519026
1900-07-02 10:00:00+01:00;19.3;12.60520851
1900-07-02 11:00:00+01:00;20.6;12.4194053
1900-07-02 12:00:00+01:00;23.5;12.1521084
1900-07-02 13:00:00+01:00;25.9;11.19169569
1900-07-02 14:00:00+01:00;27.4;10.30220078
1900-07-02 15:00:00+01:00;27.6;8.9757248
1900-07-02 16:00:00+01:00;28.4;7.693464
1900-07-02 17:00:00+01:00;28.1;5.5812736
1900-07-02 18:00:00+01:00;27.1;4.6440366
1900-07-02 19:00:00+01:00;26.6;4.0582227
1900-07-02 20:00:00+01:00;25.2;3.642152
1900-07-02 21:00:00+01:00;23;3.57311
1900-07-02 22:00:00+01:00;21.7;3.660024
1900-07-02 23:00:00+01:00;20.5;3.553175
1900-07-03 00:00:00+01:00;19.2;3.492001
1900-07-03 01:00:00+01:00;18.6;3.489865
1900-07-03 02:00:00+01:00;17.9;3.497864
1900-07-03 03:00:00+01:00;17.8;3.585327
1900-07-03 04:00:00+01:00;18;3.601026
1900-07-03 05:00:00+01:00;18.7;4.0825338
1900-07-03 06:00:00+01:00;21.1;5.2502834
1900-07-03 07:00:00+01:00;24;7.112528
1900-07-03 08:00:00+01:00;26.1;13.377822
1900-07-03 09:00:00+01:00;26.9;10.71347318
1900-07-03 10:00:00+01:00;27;11.2029669
1900-07-03 11:00:00+01:00;27.5;11.26948925
1900-07-03 12:00:00+01:00;29;11.1931636
1900-07-03 13:00:00+01:00;28.6;11.403179
1900-07-03 14:00:00+01:00;28.7;9.976342
1900-07-03 15:00:00+01:00;29.8;9.129448
1900-07-03 16:00:00+01:00;29.5;7.693464
1900-07-03 17:00:00+01:00;28;5.5812736
1900-07-03 18:00:00+01:00;27;4.6440366
1900-07-03 19:00:00+01:00;25.3;4.0582227
1900-07-03 20:00:00+01:00;23.1;3.642152
1900-07-03 21:00:00+01:00;21.6;3.57311
1900-07-03 22:00:00+01:00;20.1;3.660024
1900-07-03 23:00:00+01:00;19.5;3.553175
1900-07-04 00:00:00+01:00;19.1;3.492001
1900-07-04 01:00:00+01:00;18.8;3.489865
1900-07-04 02:00:00+01:00;18.8;3.497864
1900-07-04 03:00:00+01:00;18.1;3.585327
1900-07-04 04:00:00+01:00;16.4;3.601026
1900-07-04 05:00:00+01:00;16;4.0825338
1900-07-04 06:00:00+01:00;16.3;5.2502834
1900-07-04 07:00:00+01:00;17.4;7.454328
1900-07-04 08:00:00+01:00;18.4;10.15009004
1900-07-04 09:00:00+01:00;19.7;12.02932934
1900-07-04 10:00:00+01:00;20.8;12.33204456
1900-07-04 11:00:00+01:00;19.6;12.5860598
1900-07-04 12:00:00+01:00;19.6;12.83208744
1900-07-04 13:00:00+01:00;20;12.23901
1900-07-04 14:00:00+01:00;20.3;11.28555291
1900-07-04 15:00:00+01:00;19.7;9.87478035
1900-07-04 16:00:00+01:00;19.8;7.93456372
1900-07-04 17:00:00+01:00;20.4;5.5812736
1900-07-04 18:00:00+01:00;19.7;5.03856478
1900-07-04 19:00:00+01:00;18.5;4.5463497
1900-07-04 20:00:00+01:00;17.6;4.3070862
1900-07-04 21:00:00+01:00;16.5;3.99669065
1900-07-04 22:00:00+01:00;15.7;3.660024
1900-07-04 23:00:00+01:00;15.3;3.553175
1900-07-05 00:00:00+01:00;14.9;3.492001
1900-07-05 01:00:00+01:00;14.8;3.489865
1900-07-05 02:00:00+01:00;14.2;3.497864
1900-07-05 03:00:00+01:00;13.7;3.585327
1900-07-05 04:00:00+01:00;13.5;3.601026
1900-07-05 05:00:00+01:00;13.2;4.0825338
1900-07-05 06:00:00+01:00;14.6;5.2502834
1900-07-05 07:00:00+01:00;15.6;7.731366
1900-07-05 08:00:00+01:00;16.5;10.52384265
1900-07-05 09:00:00+01:00;17.7;12.39484494
1900-07-05 10:00:00+01:00;17.8;12.87837246
1900-07-05 11:00:00+01:00;17.4;12.9526997
1900-07-05 12:00:00+01:00;17.7;13.16335928
1900-07-05 13:00:00+01:00;17.9;12.61178289
1900-07-05 14:00:00+01:00;18.6;11.52100342
1900-07-05 15:00:00+01:00;19.8;9.8633999
1900-07-05 16:00:00+01:00;19.1;7.99096524
1900-07-05 17:00:00+01:00;18.7;6.21707193
1900-07-05 18:00:00+01:00;17.9;5.22202546
1900-07-05 19:00:00+01:00;17.5;4.6511535
1900-07-05 20:00:00+01:00;16.8;4.3806446
1900-07-05 21:00:00+01:00;16.1;4.03084629
1900-07-05 22:00:00+01:00;15;3.660024
1900-07-05 23:00:00+01:00;13.8;3.553175
1900-07-06 00:00:00+01:00;12.3;3.77079867
1900-07-06 01:00:00+01:00;11.6;3.84101806
1900-07-06 02:00:00+01:00;11;3.8461635
1900-07-06 03:00:00+01:00;10.4;3.92005316
1900-07-06 04:00:00+01:00;11.5;3.8387496
1900-07-06 05:00:00+01:00;12.4;4.24394834
1900-07-06 06:00:00+01:00;13.5;5.2502834
1900-07-06 07:00:00+01:00;15.2;7.79293
1900-07-06 08:00:00+01:00;15.6;10.70088336
1900-07-06 09:00:00+01:00;16.8;12.55932696
1900-07-06 10:00:00+01:00;18;12.8419506
1900-07-06 11:00:00+01:00;20;12.519398
1900-07-06 12:00:00+01:00;20.9;12.60542776
1900-07-06 13:00:00+01:00;21.5;11.97274365
1900-07-06 14:00:00+01:00;22;11.0501024
1900-07-06 15:00:00+01:00;22.5;9.55612775
1900-07-06 16:00:00+01:00;22.4;7.72507236
1900-07-06 17:00:00+01:00;21.6;5.5812736
1900-07-06 18:00:00+01:00;21.1;4.6440366
1900-07-06 19:00:00+01:00;20.1;4.0582227
1900-07-06 20:00:00+01:00;18.6;4.2151382
1900-07-06 21:00:00+01:00;17.7;3.89422373
1900-07-06 22:00:00+01:00;16.6;3.660024
1900-07-06 23:00:00+01:00;15.6;3.553175
1900-07-07 00:00:00+01:00;15.3;3.32361502
1900-07-07 01:00:00+01:00;15.2;3.33374712
1900-07-07 02:00:00+01:00;15.3;2.987604
1900-07-07 03:00:00+01:00;15.1;3.27991724
1900-07-07 04:00:00+01:00;15.6;2.894191
1900-07-07 05:00:00+01:00;17.3;2.872669
1900-07-07 06:00:00+01:00;17.5;2.869355
1900-07-07 07:00:00+01:00;17.2;2.919243
1900-07-07 08:00:00+01:00;17.5;3.134948
1900-07-07 09:00:00+01:00;17.4;3.121026
1900-07-07 10:00:00+01:00;17.2;3.40830398
1900-07-07 11:00:00+01:00;17.8;3.47602776
1900-07-07 12:00:00+01:00;17.6;3.59274248
1900-07-07 13:00:00+01:00;18;3.591339
1900-07-07 14:00:00+01:00;16.8;3.72208974
1900-07-07 15:00:00+01:00;17;3.6749488
1900-07-07 16:00:00+01:00;16.2;3.6561181
1900-07-07 17:00:00+01:00;15.7;3.63667661
1900-07-07 18:00:00+01:00;14.4;3.62766026
1900-07-07 19:00:00+01:00;14.2;3.56626776
1900-07-07 20:00:00+01:00;14.1;3.51291604
1900-07-07 21:00:00+01:00;13.6;3.50166386
1900-07-07 22:00:00+01:00;13.2;3.52584762
1900-07-07 23:00:00+01:00;13.3;3.41832815
1900-07-08 00:00:00+01:00;13.1;3.51363254
1900-07-08 01:00:00+01:00;13.1;3.51344811
1900-07-08 02:00:00+01:00;13.4;3.41992172
1900-07-08 03:00:00+01:00;13.3;3.43711952
1900-07-08 04:00:00+01:00;13.3;3.35290869
1900-07-08 05:00:00+01:00;13.5;3.3035896
1900-07-08 06:00:00+01:00;14;3.2516491
1900-07-08 07:00:00+01:00;14.3;3.30575628
1900-07-08 08:00:00+01:00;15;3.3549656
1900-07-08 09:00:00+01:00;15.9;3.4325905
1900-07-08 10:00:00+01:00;16.1;3.49014574
1900-07-08 11:00:00+01:00;15.5;3.64443675
1900-07-08 12:00:00+01:00;17;3.6363389
1900-07-08 13:00:00+01:00;17.1;3.65609688
1900-07-08 14:00:00+01:00;17.1;3.70068978
1900-07-08 15:00:00+01:00;16.9;3.6827334
1900-07-08 16:00:00+01:00;15.8;3.6905259
1900-07-08 17:00:00+01:00;15.3;3.67292129
1900-07-08 18:00:00+01:00;15.2;3.55056098
1900-07-08 19:00:00+01:00;15;3.4883604
1900-07-08 20:00:00+01:00;14.9;3.43646996
1900-07-08 21:00:00+01:00;14.6;3.40840146
1900-07-08 22:00:00+01:00;14.3;3.42947233
1900-07-08 23:00:00+01:00;14.5;3.30720035
1900-07-09 00:00:00+01:00;14.5;2.824241
1900-07-09 01:00:00+01:00;14.4;2.936543
1900-07-09 02:00:00+01:00;14;2.917328
1900-07-09 03:00:00+01:00;14.1;2.879053
1900-07-09 04:00:00+01:00;14.1;2.856528
1900-07-09 05:00:00+01:00;14;2.946117
1900-07-09 06:00:00+01:00;14.4;3.265686
1900-07-09 07:00:00+01:00;11.4;4.26168278
1900-07-09 08:00:00+01:00;10.9;5.2685863
1900-07-09 09:00:00+01:00;10.7;5.8515144
1900-07-09 10:00:00+01:00;11;6.0489009
1900-07-09 11:00:00+01:00;11.7;6.01974171
1900-07-09 12:00:00+01:00;11.7;6.04389187
1900-07-09 13:00:00+01:00;11.6;6.0079224
1900-07-09 14:00:00+01:00;12;5.6730356
1900-07-09 15:00:00+01:00;12.4;5.28184088
1900-07-09 16:00:00+01:00;12.5;4.9339805
1900-07-09 17:00:00+01:00;14.6;3.599324
1900-07-09 18:00:00+01:00;14.2;3.46831448
1900-07-09 19:00:00+01:00;13.9;3.1147526
1900-07-09 20:00:00+01:00;13.1;3.04948474
1900-07-09 21:00:00+01:00;12.7;3.07168109
1900-07-09 22:00:00+01:00;12.6;3.0539376
1900-07-09 23:00:00+01:00;12.6;3.08211308
1900-07-10 00:00:00+01:00;12.2;3.05016232
1900-07-10 01:00:00+01:00;12;3.1804482
1900-07-10 02:00:00+01:00;12.2;3.13093718
1900-07-10 03:00:00+01:00;12.1;3.12855938
1900-07-10 04:00:00+01:00;12.4;3.02460424
1900-07-10 05:00:00+01:00;12.7;2.946117
1900-07-10 06:00:00+01:00;13;3.265686
1900-07-10 07:00:00+01:00;13.4;3.96281818
1900-07-10 08:00:00+01:00;14.6;4.7394752
1900-07-10 09:00:00+01:00;14.8;5.3390226
1900-07-10 10:00:00+01:00;15.7;5.50616323
1900-07-10 11:00:00+01:00;16;5.5268598
1900-07-10 12:00:00+01:00;16.3;5.53541293
1900-07-10 13:00:00+01:00;16.3;5.51391245
1900-07-10 14:00:00+01:00;16.5;5.21501345
1900-07-10 15:00:00+01:00;16.8;4.84146116
1900-07-10 16:00:00+01:00;18.2;4.196171
1900-07-10 17:00:00+01:00;17.6;3.599324
1900-07-10 18:00:00+01:00;16.6;3.184
1900-07-10 19:00:00+01:00;15.4;2.9678366
1900-07-10 20:00:00+01:00;15.3;2.84083762
1900-07-10 21:00:00+01:00;14.8;2.772043
1900-07-10 22:00:00+01:00;13.9;2.812754
1900-07-10 23:00:00+01:00;12.4;3.09984992
1900-07-11 00:00:00+01:00;11.6;3.10397086
1900-07-11 01:00:00+01:00;11.2;3.24481084
1900-07-11 02:00:00+01:00;11.3;3.20573987
1900-07-11 03:00:00+01:00;11.1;3.21462658
1900-07-11 04:00:00+01:00;10.8;3.17588488
1900-07-11 05:00:00+01:00;11.5;3.2169077
1900-07-11 06:00:00+01:00;11.8;3.45657094
1900-07-11 07:00:00+01:00;13;4.0225911
1900-07-11 08:00:00+01:00;14.6;4.7394752
1900-07-11 09:00:00+01:00;17;4.8439517
1900-07-11 10:00:00+01:00;17.4;4.9170287
1900-07-11 11:00:00+01:00;18.9;5.0716574
1900-07-11 12:00:00+01:00;19.6;5.1667135
1900-07-11 13:00:00+01:00;18.1;5.0888745
1900-07-11 14:00:00+01:00;19.1;4.9509838
1900-07-11 15:00:00+01:00;18.2;4.6525064
1900-07-11 16:00:00+01:00;16.8;4.196171
1900-07-11 17:00:00+01:00;16.4;3.599324
1900-07-11 18:00:00+01:00;16;3.184
1900-07-11 19:00:00+01:00;16;2.85293
1900-07-11 20:00:00+01:00;15.2;2.85032158
1900-07-11 21:00:00+01:00;15;2.772043
1900-07-11 22:00:00+01:00;14.5;2.812754
1900-07-11 23:00:00+01:00;14.2;2.794181
1900-07-12 00:00:00+01:00;13.8;2.824241
1900-07-12 01:00:00+01:00;13.6;2.936543
1900-07-12 02:00:00+01:00;13;2.917328
1900-07-12 03:00:00+01:00;12.5;3.0941325
1900-07-12 04:00:00+01:00;12.5;3.0151492
1900-07-12 05:00:00+01:00;12.4;2.946117
1900-07-12 06:00:00+01:00;12.6;3.265686
1900-07-12 07:00:00+01:00;14.3;3.921189
1900-07-12 08:00:00+01:00;15.2;4.5769209
1900-07-12 09:00:00+01:00;15.8;5.2140246
1900-07-12 10:00:00+01:00;16.5;5.41378235
1900-07-12 11:00:00+01:00;17.2;5.0716574
1900-07-12 12:00:00+01:00;14.6;5.72332906
1900-07-12 13:00:00+01:00;12.2;5.9448573
1900-07-12 14:00:00+01:00;13.8;5.48982674
1900-07-12 15:00:00+01:00;15.6;4.96156472
1900-07-12 16:00:00+01:00;15.7;4.196171
1900-07-12 17:00:00+01:00;15.4;3.599324
1900-07-12 18:00:00+01:00;14.5;3.43948625
1900-07-12 19:00:00+01:00;14.2;3.0853694
1900-07-12 20:00:00+01:00;12.9;3.06845266
1900-07-12 21:00:00+01:00;12;3.1340982
1900-07-12 22:00:00+01:00;11;3.196264
1900-07-12 23:00:00+01:00;9.9;3.32156042
1900-07-13 00:00:00+01:00;10.2;3.22952412
1900-07-13 01:00:00+01:00;10.2;3.32526414
1900-07-13 02:00:00+01:00;9.8;3.33041102
1900-07-13 03:00:00+01:00;8.6;3.42979458
1900-07-13 04:00:00+01:00;9.2;3.32716552
1900-07-13 05:00:00+01:00;11.2;3.24897212
1900-07-13 06:00:00+01:00;12.6;3.265686
1900-07-13 07:00:00+01:00;12.8;4.05247756
1900-07-13 08:00:00+01:00;12.3;5.0683821
1900-07-13 09:00:00+01:00;13.5;5.50152
1900-07-13 10:00:00+01:00;13.9;5.71402021
1900-07-13 11:00:00+01:00;14.4;5.71025772
1900-07-13 12:00:00+01:00;15;5.6791135
1900-07-13 13:00:00+01:00;16.2;5.5244233
1900-07-13 14:00:00+01:00;16.8;5.18447864
1900-07-13 15:00:00+01:00;17;4.6525064
1900-07-13 16:00:00+01:00;16.8;4.196171
1900-07-13 17:00:00+01:00;17.2;3.599324
1900-07-13 18:00:00+01:00;16.9;3.184
1900-07-13 19:00:00+01:00;15.5;2.9580422
1900-07-13 20:00:00+01:00;14.9;2.87877346
1900-07-13 21:00:00+01:00;14.4;2.772043
1900-07-13 22:00:00+01:00;12.9;3.0272514
1900-07-13 23:00:00+01:00;11.8;3.15306044
1900-07-14 00:00:00+01:00;11.8;3.08603468
1900-07-14 01:00:00+01:00;10.5;3.30112815
1900-07-14 02:00:00+01:00;9.6;3.34703384
1900-07-14 03:00:00+01:00;8;3.4814349
1900-07-14 04:00:00+01:00;9.3;3.31771048
1900-07-14 05:00:00+01:00;10.6;3.31310096
1900-07-14 06:00:00+01:00;13;3.265686
1900-07-14 07:00:00+01:00;14;3.921189
1900-07-14 08:00:00+01:00;14.7;4.7251749
1900-07-14 09:00:00+01:00;15.8;5.2140246
1900-07-14 10:00:00+01:00;16.1;5.45997279
1900-07-14 11:00:00+01:00;17.1;5.0716574
1900-07-14 12:00:00+01:00;17.8;5.1667135
1900-07-14 13:00:00+01:00;19;5.0888745
1900-07-14 14:00:00+01:00;19.9;4.9509838
1900-07-14 15:00:00+01:00;20;4.6525064
1900-07-14 16:00:00+01:00;20.4;4.196171
1900-07-14 17:00:00+01:00;20.5;3.599324
1900-07-14 18:00:00+01:00;18.5;3.184
1900-07-14 19:00:00+01:00;17.5;2.85293
1900-07-14 20:00:00+01:00;16.2;2.779786
1900-07-14 21:00:00+01:00;15.5;2.772043
1900-07-14 22:00:00+01:00;14.3;2.812754
1900-07-14 23:00:00+01:00;13.4;2.794181
1900-07-15 00:00:00+01:00;12.6;3.01428996
1900-07-15 01:00:00+01:00;12.3;3.15631221
1900-07-15 02:00:00+01:00;12;3.14756
1900-07-15 03:00:00+01:00;12.1;3.12855938
1900-07-15 04:00:00+01:00;12.5;3.0151492
1900-07-15 05:00:00+01:00;12.8;2.946117
1900-07-15 06:00:00+01:00;14.1;3.265686
1900-07-15 07:00:00+01:00;15.8;3.921189
1900-07-15 08:00:00+01:00;16.4;4.5769209
1900-07-15 09:00:00+01:00;18.8;4.8439517
1900-07-15 10:00:00+01:00;20.2;4.9170287
1900-07-15 11:00:00+01:00;21.4;5.0716574
1900-07-15 12:00:00+01:00;20.3;5.1667135
1900-07-15 13:00:00+01:00;22.1;5.0888745
1900-07-15 14:00:00+01:00;21.1;4.9509838
1900-07-15 15:00:00+01:00;21;4.6525064
1900-07-15 16:00:00+01:00;21.2;4.196171
1900-07-15 17:00:00+01:00;21;3.599324
1900-07-15 18:00:00+01:00;21;3.184
1900-07-15 19:00:00+01:00;20.3;2.85293
1900-07-15 20:00:00+01:00;19.9;2.779786
1900-07-15 21:00:00+01:00;19.3;2.772043
1900-07-15 22:00:00+01:00;18.4;2.812754
1900-07-15 23:00:00+01:00;17.4;2.794181
1900-07-16 00:00:00+01:00;16.4;2.824241
1900-07-16 01:00:00+01:00;15.4;2.936543
1900-07-16 02:00:00+01:00;15.1;2.917328
1900-07-16 03:00:00+01:00;15;2.879053
1900-07-16 04:00:00+01:00;15.2;2.856528
1900-07-16 05:00:00+01:00;15.4;2.946117
1900-07-16 06:00:00+01:00;16.4;3.265686
1900-07-16 07:00:00+01:00;17.6;3.921189
1900-07-16 08:00:00+01:00;19;4.5769209
1900-07-16 09:00:00+01:00;18.6;4.8439517
1900-07-16 10:00:00+01:00;20.2;4.9170287
1900-07-16 11:00:00+01:00;20.7;5.0716574
1900-07-16 12:00:00+01:00;23;5.1667135
1900-07-16 13:00:00+01:00;22.9;5.0888745
1900-07-16 14:00:00+01:00;23.8;4.9509838
1900-07-16 15:00:00+01:00;23.5;4.6525064
1900-07-16 16:00:00+01:00;23;4.196171
1900-07-16 17:00:00+01:00;23.1;3.599324
1900-07-16 18:00:00+01:00;22.3;3.184
1900-07-16 19:00:00+01:00;22;2.85293
1900-07-16 20:00:00+01:00;20.9;2.779786
1900-07-16 21:00:00+01:00;18.7;2.772043
1900-07-16 22:00:00+01:00;16.5;2.812754
1900-07-16 23:00:00+01:00;15.9;2.794181
1900-07-17 00:00:00+01:00;16;2.824241
1900-07-17 01:00:00+01:00;15;2.936543
1900-07-17 02:00:00+01:00;14.9;2.917328
1900-07-17 03:00:00+01:00;14.2;2.879053
1900-07-17 04:00:00+01:00;13.4;2.856528
1900-07-17 05:00:00+01:00;14.5;2.946117
1900-07-17 06:00:00+01:00;16.3;3.265686
1900-07-17 07:00:00+01:00;18.3;3.921189
1900-07-17 08:00:00+01:00;19.2;4.5769209
1900-07-17 09:00:00+01:00;19.9;4.8439517
1900-07-17 10:00:00+01:00;21;4.9170287
1900-07-17 11:00:00+01:00;22.2;5.0716574
1900-07-17 12:00:00+01:00;22.8;5.1667135
1900-07-17 13:00:00+01:00;24.1;5.0888745
1900-07-17 14:00:00+01:00;25;4.9509838
1900-07-17 15:00:00+01:00;23.7;4.6525064
1900-07-17 16:00:00+01:00;24.6;4.196171
1900-07-17 17:00:00+01:00;22.8;3.599324
1900-07-17 18:00:00+01:00;24.3;3.184
1900-07-17 19:00:00+01:00;23;2.85293
1900-07-17 20:00:00+01:00;19.5;2.779786
1900-07-17 21:00:00+01:00;18.1;2.772043
1900-07-17 22:00:00+01:00;17.1;2.812754
1900-07-17 23:00:00+01:00;16;2.794181
1900-07-18 00:00:00+01:00;13.9;2.824241
1900-07-18 01:00:00+01:00;12.8;2.936543
1900-07-18 02:00:00+01:00;11.9;3.15587141
1900-07-18 03:00:00+01:00;11.5;3.1801997
1900-07-18 04:00:00+01:00;11.3;3.12860968
1900-07-18 05:00:00+01:00;12;3.163467
1900-07-18 06:00:00+01:00;14.8;3.265686
1900-07-18 07:00:00+01:00;16.3;3.921189
1900-07-18 08:00:00+01:00;17.4;4.5769209
1900-07-18 09:00:00+01:00;19.4;4.8439517
1900-07-18 10:00:00+01:00;20.6;4.9170287
1900-07-18 11:00:00+01:00;23;5.0716574
1900-07-18 12:00:00+01:00;24.8;5.1667135
1900-07-18 13:00:00+01:00;25.6;5.0888745
1900-07-18 14:00:00+01:00;24;4.9509838
1900-07-18 15:00:00+01:00;25.4;4.6525064
1900-07-18 16:00:00+01:00;22.2;4.196171
1900-07-18 17:00:00+01:00;21.9;3.599324
1900-07-18 18:00:00+01:00;20.8;3.184
1900-07-18 19:00:00+01:00;18.4;2.85293
1900-07-18 20:00:00+01:00;18;2.779786
1900-07-18 21:00:00+01:00;17.7;2.772043
1900-07-18 22:00:00+01:00;17;2.812754
1900-07-18 23:00:00+01:00;16.2;2.794181
1900-07-19 00:00:00+01:00;16.1;2.824241
1900-07-19 01:00:00+01:00;15.5;2.936543
1900-07-19 02:00:00+01:00;15;2.917328
1900-07-19 03:00:00+01:00;15.5;2.879053
1900-07-19 04:00:00+01:00;15.4;2.856528
1900-07-19 05:00:00+01:00;15.3;2.946117
1900-07-19 06:00:00+01:00;15.5;3.265686
1900-07-19 07:00:00+01:00;15.1;3.921189
1900-07-19 08:00:00+01:00;14;4.825277
1900-07-19 09:00:00+01:00;14.2;5.4140214
1900-07-19 10:00:00+01:00;15.8;5.49461562
1900-07-19 11:00:00+01:00;16.4;5.48101032
1900-07-19 12:00:00+01:00;15.9;5.57962849
1900-07-19 13:00:00+01:00;17.8;5.0888745
1900-07-19 14:00:00+01:00;18.4;4.9509838
1900-07-19 15:00:00+01:00;19.2;4.6525064
1900-07-19 16:00:00+01:00;19;4.196171
1900-07-19 17:00:00+01:00;18.4;3.599324
1900-07-19 18:00:00+01:00;17.7;3.184
1900-07-19 19:00:00+01:00;16.6;2.85293
1900-07-19 20:00:00+01:00;16.1;2.779786
1900-07-19 21:00:00+01:00;14.8;2.772043
1900-07-19 22:00:00+01:00;13.5;2.973879
1900-07-19 23:00:00+01:00;13.2;2.794181
1900-07-20 00:00:00+01:00;13;2.824241
1900-07-20 01:00:00+01:00;13;2.936543
1900-07-20 02:00:00+01:00;13.1;2.917328
1900-07-20 03:00:00+01:00;13;2.879053
1900-07-20 04:00:00+01:00;13;2.856528
1900-07-20 05:00:00+01:00;13.4;2.946117
1900-07-20 06:00:00+01:00;14;3.265686
1900-07-20 07:00:00+01:00;13.7;3.921189
1900-07-20 08:00:00+01:00;13.5;4.8967785
1900-07-20 09:00:00+01:00;13.8;5.4640206
1900-07-20 10:00:00+01:00;14.8;5.61009172
1900-07-20 11:00:00+01:00;16.1;5.51539743
1900-07-20 12:00:00+01:00;17.8;5.1667135
1900-07-20 13:00:00+01:00;19;5.0888745
1900-07-20 14:00:00+01:00;20.2;4.9509838
1900-07-20 15:00:00+01:00;15.5;4.97157335
1900-07-20 16:00:00+01:00;17.4;4.196171
1900-07-20 17:00:00+01:00;19;3.599324
1900-07-20 18:00:00+01:00;18.3;3.184
1900-07-20 19:00:00+01:00;18.2;2.85293
1900-07-20 20:00:00+01:00;16.7;2.779786
1900-07-20 21:00:00+01:00;15.3;2.772043
1900-07-20 22:00:00+01:00;14.7;2.812754
1900-07-20 23:00:00+01:00;14.3;2.794181
1900-07-21 00:00:00+01:00;12.7;3.00532187
1900-07-21 01:00:00+01:00;13.3;2.936543
1900-07-21 02:00:00+01:00;13.6;2.917328
1900-07-21 03:00:00+01:00;13.9;2.879053
1900-07-21 04:00:00+01:00;13.6;2.856528
1900-07-21 05:00:00+01:00;13.8;2.946117
1900-07-21 06:00:00+01:00;14.7;3.265686
1900-07-21 07:00:00+01:00;15.4;3.921189
1900-07-21 08:00:00+01:00;16.1;4.5769209
1900-07-21 09:00:00+01:00;18.6;4.8439517
1900-07-21 10:00:00+01:00;19.3;4.9170287
1900-07-21 11:00:00+01:00;19.5;5.0716574
1900-07-21 12:00:00+01:00;20.6;5.1667135
1900-07-21 13:00:00+01:00;21.8;5.0888745
1900-07-21 14:00:00+01:00;22.6;4.9509838
1900-07-21 15:00:00+01:00;24;4.6525064
1900-07-21 16:00:00+01:00;23.9;4.196171
1900-07-21 17:00:00+01:00;22.4;3.599324
1900-07-21 18:00:00+01:00;21;3.184
1900-07-21 19:00:00+01:00;20;2.85293
1900-07-21 20:00:00+01:00;18.9;2.779786
1900-07-21 21:00:00+01:00;18.1;2.772043
1900-07-21 22:00:00+01:00;17.3;2.812754
1900-07-21 23:00:00+01:00;15.6;2.794181
1900-07-22 00:00:00+01:00;15;2.824241
1900-07-22 01:00:00+01:00;14.6;2.936543
1900-07-22 02:00:00+01:00;13.6;2.917328
1900-07-22 03:00:00+01:00;12.9;2.879053
1900-07-22 04:00:00+01:00;13.2;2.856528
1900-07-22 05:00:00+01:00;13.5;2.946117
1900-07-22 06:00:00+01:00;14.4;3.265686
1900-07-22 07:00:00+01:00;16.2;3.921189
1900-07-22 08:00:00+01:00;16;4.5769209
1900-07-22 09:00:00+01:00;16.2;5.1640254
1900-07-22 10:00:00+01:00;16.4;5.42532996
1900-07-22 11:00:00+01:00;15.8;5.54978454
1900-07-22 12:00:00+01:00;16.7;5.49119737
1900-07-22 13:00:00+01:00;17;5.0888745
1900-07-22 14:00:00+01:00;18.9;4.9509838
1900-07-22 15:00:00+01:00;19.6;4.6525064
1900-07-22 16:00:00+01:00;19;4.196171
1900-07-22 17:00:00+01:00;17.9;3.599324
1900-07-22 18:00:00+01:00;18;3.184
1900-07-22 19:00:00+01:00;18.5;2.85293
1900-07-22 20:00:00+01:00;18;2.779786
1900-07-22 21:00:00+01:00;15.6;2.772043
1900-07-22 22:00:00+01:00;13.6;2.9649836
1900-07-22 23:00:00+01:00;12.5;3.0909815
1900-07-23 00:00:00+01:00;12;3.0680985
1900-07-23 01:00:00+01:00;11.8;3.19653886
1900-07-23 02:00:00+01:00;10.5;3.27223115
1900-07-23 03:00:00+01:00;10;3.3093005
1900-07-23 04:00:00+01:00;9;3.3460756
1900-07-23 05:00:00+01:00;10;3.3772298
1900-07-23 06:00:00+01:00;12.3;3.265686
1900-07-23 07:00:00+01:00;14.1;3.921189
1900-07-23 08:00:00+01:00;15.6;4.5769209
1900-07-23 09:00:00+01:00;17.1;4.8439517
1900-07-23 10:00:00+01:00;18.5;4.9170287
1900-07-23 11:00:00+01:00;20.5;5.0716574
1900-07-23 12:00:00+01:00;21.5;5.1667135
1900-07-23 13:00:00+01:00;22;5.0888745
1900-07-23 14:00:00+01:00;22.9;4.9509838
1900-07-23 15:00:00+01:00;23.3;4.6525064
1900-07-23 16:00:00+01:00;23.6;4.196171
1900-07-23 17:00:00+01:00;23.4;3.599324
1900-07-23 18:00:00+01:00;22.7;3.184
1900-07-23 19:00:00+01:00;20.8;2.85293
1900-07-23 20:00:00+01:00;19.2;2.779786
1900-07-23 21:00:00+01:00;17.1;2.772043
1900-07-23 22:00:00+01:00;16;2.812754
1900-07-23 23:00:00+01:00;15.5;2.794181
1900-07-24 00:00:00+01:00;15.2;2.824241
1900-07-24 01:00:00+01:00;14;2.936543
1900-07-24 02:00:00+01:00;12.8;2.917328
1900-07-24 03:00:00+01:00;12.9;2.879053
1900-07-24 04:00:00+01:00;13;2.856528
1900-07-24 05:00:00+01:00;13;2.946117
1900-07-24 06:00:00+01:00;15;3.265686
1900-07-24 07:00:00+01:00;16.6;3.921189
1900-07-24 08:00:00+01:00;19;4.5769209
1900-07-24 09:00:00+01:00;19;4.8439517
1900-07-24 10:00:00+01:00;21.3;4.9170287
1900-07-24 11:00:00+01:00;22;5.0716574
1900-07-24 12:00:00+01:00;22.4;5.1667135
1900-07-24 13:00:00+01:00;22.2;5.0888745
1900-07-24 14:00:00+01:00;22.6;4.9509838
1900-07-24 15:00:00+01:00;22.1;4.6525064
1900-07-24 16:00:00+01:00;21.3;4.196171
1900-07-24 17:00:00+01:00;20.7;3.599324
1900-07-24 18:00:00+01:00;20;3.184
1900-07-24 19:00:00+01:00;19;2.85293
1900-07-24 20:00:00+01:00;17.9;2.779786
1900-07-24 21:00:00+01:00;17.5;2.772043
1900-07-24 22:00:00+01:00;17;2.812754
1900-07-24 23:00:00+01:00;16;2.794181
1900-07-25 00:00:00+01:00;14.8;2.824241
1900-07-25 01:00:00+01:00;14.6;2.936543
1900-07-25 02:00:00+01:00;14.4;2.917328
1900-07-25 03:00:00+01:00;13.6;2.879053
1900-07-25 04:00:00+01:00;13.4;2.856528
1900-07-25 05:00:00+01:00;13.2;2.946117
1900-07-25 06:00:00+01:00;14;3.265686
1900-07-25 07:00:00+01:00;15;3.921189
1900-07-25 08:00:00+01:00;16;4.5769209
1900-07-25 09:00:00+01:00;15.6;5.2390242
1900-07-25 10:00:00+01:00;16.5;5.41378235
1900-07-25 11:00:00+01:00;18.8;5.0716574
1900-07-25 12:00:00+01:00;19.6;5.1667135
1900-07-25 13:00:00+01:00;19.4;5.0888745
1900-07-25 14:00:00+01:00;19.9;4.9509838
1900-07-25 15:00:00+01:00;20.1;4.6525064
1900-07-25 16:00:00+01:00;21.2;4.196171
1900-07-25 17:00:00+01:00;20.8;3.599324
1900-07-25 18:00:00+01:00;20.3;3.184
1900-07-25 19:00:00+01:00;20.4;2.85293
1900-07-25 20:00:00+01:00;17.9;2.779786
1900-07-25 21:00:00+01:00;16.9;2.772043
1900-07-25 22:00:00+01:00;15.8;2.812754
1900-07-25 23:00:00+01:00;16.3;2.794181
1900-07-26 00:00:00+01:00;17.3;2.824241
1900-07-26 01:00:00+01:00;17.2;2.936543
1900-07-26 02:00:00+01:00;16.4;2.917328
1900-07-26 03:00:00+01:00;16.1;2.879053
1900-07-26 04:00:00+01:00;15.6;2.856528
1900-07-26 05:00:00+01:00;15.9;2.946117
1900-07-26 06:00:00+01:00;16.9;3.265686
1900-07-26 07:00:00+01:00;18.8;3.921189
1900-07-26 08:00:00+01:00;19.9;4.5769209
1900-07-26 09:00:00+01:00;20;4.8439517
1900-07-26 10:00:00+01:00;20.5;4.9170287
1900-07-26 11:00:00+01:00;20.6;5.0716574
1900-07-26 12:00:00+01:00;21.7;5.1667135
1900-07-26 13:00:00+01:00;21.8;5.0888745
1900-07-26 14:00:00+01:00;22.5;4.9509838
1900-07-26 15:00:00+01:00;23.3;4.6525064
1900-07-26 16:00:00+01:00;23.5;4.196171
1900-07-26 17:00:00+01:00;23.6;3.599324
1900-07-26 18:00:00+01:00;22.5;3.184
1900-07-26 19:00:00+01:00;21.4;2.85293
1900-07-26 20:00:00+01:00;19.4;2.779786
1900-07-26 21:00:00+01:00;16.5;2.772043
1900-07-26 22:00:00+01:00;14.5;2.812754
1900-07-26 23:00:00+01:00;13.7;2.794181
1900-07-27 00:00:00+01:00;12.6;3.01428996
1900-07-27 01:00:00+01:00;12.3;3.15631221
1900-07-27 02:00:00+01:00;12;3.14756
1900-07-27 03:00:00+01:00;11.4;3.18880642
1900-07-27 04:00:00+01:00;10.6;3.19479496
1900-07-27 05:00:00+01:00;11.9;3.17415514
1900-07-27 06:00:00+01:00;13.7;3.265686
1900-07-27 07:00:00+01:00;16.6;3.921189
1900-07-27 08:00:00+01:00;17.5;4.5769209
1900-07-27 09:00:00+01:00;19.2;4.8439517
1900-07-27 10:00:00+01:00;21.6;4.9170287
1900-07-27 11:00:00+01:00;22.6;5.0716574
1900-07-27 12:00:00+01:00;24.5;5.1667135
1900-07-27 13:00:00+01:00;25.5;5.0888745
1900-07-27 14:00:00+01:00;26;4.9509838
1900-07-27 15:00:00+01:00;26.3;4.6525064
1900-07-27 16:00:00+01:00;25.2;4.196171
1900-07-27 17:00:00+01:00;24.9;3.599324
1900-07-27 18:00:00+01:00;24.2;3.184
1900-07-27 19:00:00+01:00;22.2;2.85293
1900-07-27 20:00:00+01:00;20;2.779786
1900-07-27 21:00:00+01:00;18.7;2.772043
1900-07-27 22:00:00+01:00;17.4;2.812754
1900-07-27 23:00:00+01:00;16.7;2.794181
1900-07-28 00:00:00+01:00;15.4;2.824241
1900-07-28 01:00:00+01:00;14.7;2.936543
1900-07-28 02:00:00+01:00;14;2.917328
1900-07-28 03:00:00+01:00;13.4;2.879053
1900-07-28 04:00:00+01:00;13.2;2.856528
1900-07-28 05:00:00+01:00;14.9;2.946117
1900-07-28 06:00:00+01:00;16.5;3.265686
1900-07-28 07:00:00+01:00;17;3.921189
1900-07-28 08:00:00+01:00;19.4;4.5769209
1900-07-28 09:00:00+01:00;20.4;4.8439517
1900-07-28 10:00:00+01:00;22;4.9170287
1900-07-28 11:00:00+01:00;23.7;5.0716574
1900-07-28 12:00:00+01:00;25;5.1667135
1900-07-28 13:00:00+01:00;25.1;5.0888745
1900-07-28 14:00:00+01:00;26.4;4.9509838
1900-07-28 15:00:00+01:00;26.5;4.6525064
1900-07-28 16:00:00+01:00;26.2;4.196171
1900-07-28 17:00:00+01:00;25.4;3.599324
1900-07-28 18:00:00+01:00;24.5;3.184
1900-07-28 19:00:00+01:00;21.8;2.85293
1900-07-28 20:00:00+01:00;19.8;2.779786
1900-07-28 21:00:00+01:00;18;2.772043
1900-07-28 22:00:00+01:00;17.3;2.812754
1900-07-28 23:00:00+01:00;16.7;2.794181
1900-07-29 00:00:00+01:00;15.7;2.824241
1900-07-29 01:00:00+01:00;15.8;2.936543
1900-07-29 02:00:00+01:00;15.7;2.917328
1900-07-29 03:00:00+01:00;17;2.879053
1900-07-29 04:00:00+01:00;17.2;2.856528
1900-07-29 05:00:00+01:00;17.7;2.946117
1900-07-29 06:00:00+01:00;17.6;3.265686
1900-07-29 07:00:00+01:00;18.1;3.921189
1900-07-29 08:00:00+01:00;18.8;4.5769209
1900-07-29 09:00:00+01:00;20.1;4.8439517
1900-07-29 10:00:00+01:00;21;4.9170287
1900-07-29 11:00:00+01:00;21.2;5.0716574
1900-07-29 12:00:00+01:00;22.3;5.1667135
1900-07-29 13:00:00+01:00;23.4;5.0888745
1900-07-29 14:00:00+01:00;24.8;4.9509838
1900-07-29 15:00:00+01:00;25.8;4.6525064
1900-07-29 16:00:00+01:00;25.5;4.196171
1900-07-29 17:00:00+01:00;25.7;3.599324
1900-07-29 18:00:00+01:00;26;3.184
1900-07-29 19:00:00+01:00;24.7;2.85293
1900-07-29 20:00:00+01:00;22.3;2.779786
1900-07-29 21:00:00+01:00;20.4;2.772043
1900-07-29 22:00:00+01:00;18.5;2.812754
1900-07-29 23:00:00+01:00;16.9;2.794181
1900-07-30 00:00:00+01:00;16.2;3.492001
1900-07-30 01:00:00+01:00;15.4;3.489865
1900-07-30 02:00:00+01:00;15;3.497864
1900-07-30 03:00:00+01:00;14.6;3.585327
1900-07-30 04:00:00+01:00;14.5;3.601026
1900-07-30 05:00:00+01:00;14.9;4.0825338
1900-07-30 06:00:00+01:00;17;5.2502834
1900-07-30 07:00:00+01:00;19;7.112528
1900-07-30 08:00:00+01:00;20;9.835351
1900-07-30 09:00:00+01:00;21.9;11.62726218
1900-07-30 10:00:00+01:00;23.2;11.89498224
1900-07-30 11:00:00+01:00;24.7;11.73612185
1900-07-30 12:00:00+01:00;26.5;11.6290476
1900-07-30 13:00:00+01:00;26.8;11.03193588
1900-07-30 14:00:00+01:00;27.2;10.32990084
1900-07-30 15:00:00+01:00;27.9;8.94158345
1900-07-30 16:00:00+01:00;27.3;7.33026172
1900-07-30 17:00:00+01:00;26.8;5.5812736
1900-07-30 18:00:00+01:00;25.8;4.6440366
1900-07-30 19:00:00+01:00;23.6;4.0582227
1900-07-30 20:00:00+01:00;21.4;3.642152
1900-07-30 21:00:00+01:00;19.5;3.74052335
1900-07-30 22:00:00+01:00;17.5;3.660024
1900-07-30 23:00:00+01:00;16.6;3.553175
1900-07-31 00:00:00+01:00;16;3.492001
1900-07-31 01:00:00+01:00;15.1;3.489865
1900-07-31 02:00:00+01:00;15.2;3.497864
1900-07-31 03:00:00+01:00;15.1;3.585327
1900-07-31 04:00:00+01:00;15.4;3.601026
1900-07-31 05:00:00+01:00;15.5;4.0825338
1900-07-31 06:00:00+01:00;15.9;5.2502834
1900-07-31 07:00:00+01:00;16.6;7.577456
1900-07-31 08:00:00+01:00;17.4;10.34680194
1900-07-31 09:00:00+01:00;19.4;12.08415668
1900-07-31 10:00:00+01:00;19.4;12.58699758
1900-07-31 11:00:00+01:00;20.1;12.50273255
1900-07-31 12:00:00+01:00;21.5;12.5008156
1900-07-31 13:00:00+01:00;22.1;11.86623711
1900-07-31 14:00:00+01:00;24.3;10.73155171
1900-07-31 15:00:00+01:00;24.6;9.3171383
1900-07-31 16:00:00+01:00;25;7.515581
1900-07-31 17:00:00+01:00;25.2;5.5812736
1900-07-31 18:00:00+01:00;23.7;4.6440366
1900-07-31 19:00:00+01:00;22.9;4.0582227
1900-07-31 20:00:00+01:00;20.6;3.642152
1900-07-31 21:00:00+01:00;20;3.57311
1900-07-31 22:00:00+01:00;18.9;3.660024
1900-07-31 23:00:00+01:00;17.6;3.553175
1900-08-01 00:00:00+01:00;17.4;3.492001
1900-08-01 01:00:00+01:00;16.7;3.489865
1900-08-01 02:00:00+01:00;16.2;3.497864
1900-08-01 03:00:00+01:00;14.5;3.585327
1900-08-01 04:00:00+01:00;15.9;3.601026
1900-08-01 05:00:00+01:00;16.1;4.0825338
1900-08-01 06:00:00+01:00;16.3;5.2502834
1900-08-01 07:00:00+01:00;17.5;7.438937
1900-08-01 08:00:00+01:00;18.9;10.05173409
1900-08-01 09:00:00+01:00;21;11.7917442
1900-08-01 10:00:00+01:00;22.3;12.05888061
1900-08-01 11:00:00+01:00;23.1;12.00276905
1900-08-01 12:00:00+01:00;24.5;11.9777548
1900-08-01 13:00:00+01:00;25.2;11.31595332
1900-08-01 14:00:00+01:00;23.8;10.80080186
1900-08-01 15:00:00+01:00;24.7;9.30575785
1900-08-01 16:00:00+01:00;25.8;7.45112212
1900-08-01 17:00:00+01:00;23.4;5.5812736
1900-08-01 18:00:00+01:00;21.8;4.6440366
1900-08-01 19:00:00+01:00;22;4.0582227
1900-08-01 20:00:00+01:00;20.2;3.642152
1900-08-01 21:00:00+01:00;19.3;3.75760117
1900-08-01 22:00:00+01:00;18.7;3.660024
1900-08-01 23:00:00+01:00;17.9;3.553175
1900-08-02 00:00:00+01:00;17.9;3.492001
1900-08-02 01:00:00+01:00;16.2;3.489865
1900-08-02 02:00:00+01:00;15.8;3.497864
1900-08-02 03:00:00+01:00;15.4;3.585327
1900-08-02 04:00:00+01:00;18.7;3.601026
1900-08-02 05:00:00+01:00;16.6;4.0825338
1900-08-02 06:00:00+01:00;16.5;5.2502834
1900-08-02 07:00:00+01:00;16.6;7.577456
1900-08-02 08:00:00+01:00;16.7;10.48450027
1900-08-02 09:00:00+01:00;17.8;12.37656916
1900-08-02 10:00:00+01:00;20.6;12.36846642
1900-08-02 11:00:00+01:00;22.4;12.1194272
1900-08-02 12:00:00+01:00;21.5;12.5008156
1900-08-02 13:00:00+01:00;21.4;11.99049474
1900-08-02 14:00:00+01:00;21.7;11.09165249
1900-08-02 15:00:00+01:00;26;9.157812
1900-08-02 16:00:00+01:00;23.5;7.6364414
1900-08-02 17:00:00+01:00;22.5;5.5812736
1900-08-02 18:00:00+01:00;21;4.6440366
1900-08-02 19:00:00+01:00;20.2;4.0582227
1900-08-02 20:00:00+01:00;19.7;4.1139954
1900-08-02 21:00:00+01:00;18.2;3.85152918
1900-08-02 22:00:00+01:00;18.3;3.660024
1900-08-02 23:00:00+01:00;18.1;3.553175
1900-08-03 00:00:00+01:00;17.9;3.492001
1900-08-03 01:00:00+01:00;17.9;3.489865
1900-08-03 02:00:00+01:00;17.4;3.497864
1900-08-03 03:00:00+01:00;17.3;3.585327
1900-08-03 04:00:00+01:00;17;3.601026
1900-08-03 05:00:00+01:00;17.5;4.0825338
1900-08-03 06:00:00+01:00;17.4;5.2502834
1900-08-03 07:00:00+01:00;18;7.361982
1900-08-03 08:00:00+01:00;19.2;9.99272052
1900-08-03 09:00:00+01:00;21.1;11.77346842
1900-08-03 10:00:00+01:00;21.2;12.25920084
1900-08-03 11:00:00+01:00;24;11.85278
1900-08-03 12:00:00+01:00;25.4;11.82083656
1900-08-03 13:00:00+01:00;26.9;11.01418479
1900-08-03 14:00:00+01:00;26.3;10.45455111
1900-08-03 15:00:00+01:00;25;9.2716165
1900-08-03 16:00:00+01:00;24.3;7.57198252
1900-08-03 17:00:00+01:00;23.7;5.5812736
1900-08-03 18:00:00+01:00;23.2;4.6440366
1900-08-03 19:00:00+01:00;20.6;4.0582227
1900-08-03 20:00:00+01:00;19.7;4.1139954
1900-08-03 21:00:00+01:00;18.6;3.81737354
1900-08-03 22:00:00+01:00;18.6;3.660024
1900-08-03 23:00:00+01:00;18;3.553175
1900-08-04 00:00:00+01:00;17.2;2.993194
1900-08-04 01:00:00+01:00;17;3.00008
1900-08-04 02:00:00+01:00;16.7;2.987604
1900-08-04 03:00:00+01:00;16.9;2.951358
1900-08-04 04:00:00+01:00;16.8;2.894191
1900-08-04 05:00:00+01:00;16.4;2.872669
1900-08-04 06:00:00+01:00;17;2.869355
1900-08-04 07:00:00+01:00;18;2.919243
1900-08-04 08:00:00+01:00;18.2;3.134948
1900-08-04 09:00:00+01:00;18.9;3.121026
1900-08-04 10:00:00+01:00;21.5;3.356445
1900-08-04 11:00:00+01:00;21.2;3.376272
1900-08-04 12:00:00+01:00;20.5;3.249094
1900-08-04 13:00:00+01:00;16.6;3.69207348
1900-08-04 14:00:00+01:00;16.8;3.72208974
1900-08-04 15:00:00+01:00;18.4;3.5659644
1900-08-04 16:00:00+01:00;18.3;3.47547715
1900-08-04 17:00:00+01:00;20.1;3.106902
1900-08-04 18:00:00+01:00;19.2;3.16506458
1900-08-04 19:00:00+01:00;17.9;3.20594622
1900-08-04 20:00:00+01:00;17;3.235799
1900-08-04 21:00:00+01:00;16.4;3.24052914
1900-08-04 22:00:00+01:00;15;3.3681426
1900-08-04 23:00:00+01:00;13.5;3.39980685
1900-08-05 00:00:00+01:00;14;3.4358981
1900-08-05 01:00:00+01:00;13.5;3.47921935
1900-08-05 02:00:00+01:00;13.5;3.41115855
1900-08-05 03:00:00+01:00;12.6;3.49825374
1900-08-05 04:00:00+01:00;11.1;3.55533443
1900-08-05 05:00:00+01:00;11.5;3.4974572
1900-08-05 06:00:00+01:00;13.6;3.2896723
1900-08-05 07:00:00+01:00;14.8;3.26144958
1900-08-05 08:00:00+01:00;16.4;3.23909558
1900-08-05 09:00:00+01:00;15.9;3.4325905
1900-08-05 10:00:00+01:00;13.3;3.69847022
1900-08-05 11:00:00+01:00;13.8;3.76891296
1900-08-05 12:00:00+01:00;14;3.854321
1900-08-05 13:00:00+01:00;13.8;3.89354244
1900-08-05 14:00:00+01:00;13.2;3.97888926
1900-08-05 15:00:00+01:00;13.6;3.9396252
1900-08-05 16:00:00+01:00;16.2;3.6561181
1900-08-05 17:00:00+01:00;17.7;3.45545321
1900-08-05 18:00:00+01:00;17.8;3.29998832
1900-08-05 19:00:00+01:00;17.2;3.27411516
1900-08-05 20:00:00+01:00;16;3.3313566
1900-08-05 21:00:00+01:00;15.7;3.30581282
1900-08-05 22:00:00+01:00;15.3;3.088823
1900-08-05 23:00:00+01:00;14.6;3.2979397
1900-08-06 00:00:00+01:00;14.5;3.492001
1900-08-06 01:00:00+01:00;13.8;3.489865
1900-08-06 02:00:00+01:00;12.3;3.73679541
1900-08-06 03:00:00+01:00;11.7;3.81136328
1900-08-06 04:00:00+01:00;12;3.7933589
1900-08-06 05:00:00+01:00;12.9;4.0825338
1900-08-06 06:00:00+01:00;12.4;5.45822916
1900-08-06 07:00:00+01:00;14;7.977622
1900-08-06 08:00:00+01:00;14.3;10.95660883
1900-08-06 09:00:00+01:00;12.9;13.27208238
1900-08-06 10:00:00+01:00;12.4;13.86176268
1900-08-06 11:00:00+01:00;11.3;13.96929215
1900-08-06 12:00:00+01:00;12.5;14.069998
1900-08-06 13:00:00+01:00;13.7;13.35732867
1900-08-06 14:00:00+01:00;14.5;12.08885465
1900-08-06 15:00:00+01:00;17.2;10.1592916
1900-08-06 16:00:00+01:00;17.8;8.09571092
1900-08-06 17:00:00+01:00;18.4;6.24043176
1900-08-06 18:00:00+01:00;18.1;5.20164094
1900-08-06 19:00:00+01:00;18.1;4.58827122
1900-08-06 20:00:00+01:00;17.6;4.3070862
1900-08-06 21:00:00+01:00;18;3.868607
1900-08-06 22:00:00+01:00;18;3.660024
1900-08-06 23:00:00+01:00;17.6;3.553175
1900-08-07 00:00:00+01:00;16.9;3.492001
1900-08-07 01:00:00+01:00;16.4;3.489865
1900-08-07 02:00:00+01:00;16.2;3.497864
1900-08-07 03:00:00+01:00;15.6;3.585327
1900-08-07 04:00:00+01:00;14.8;3.601026
1900-08-07 05:00:00+01:00;14.6;4.0825338
1900-08-07 06:00:00+01:00;14.9;5.2502834
1900-08-07 07:00:00+01:00;16;7.669802
1900-08-07 08:00:00+01:00;16.2;10.58285622
1900-08-07 09:00:00+01:00;17;12.5227754
1900-08-07 10:00:00+01:00;17.4;12.95121618
1900-08-07 11:00:00+01:00;18.4;12.7860452
1900-08-07 12:00:00+01:00;18.5;13.0238764
1900-08-07 13:00:00+01:00;18.4;12.52302744
1900-08-07 14:00:00+01:00;19.1;11.45175327
1900-08-07 15:00:00+01:00;19;9.9544435
1900-08-07 16:00:00+01:00;19.1;7.99096524
1900-08-07 17:00:00+01:00;18.4;6.24043176
1900-08-07 18:00:00+01:00;17.7;5.24240998
1900-08-07 19:00:00+01:00;15.8;4.82931996
1900-08-07 20:00:00+01:00;15.8;4.4725926
1900-08-07 21:00:00+01:00;14.7;4.15039103
1900-08-07 22:00:00+01:00;13.6;3.95835658
1900-08-07 23:00:00+01:00;12.3;3.8208051
1900-08-08 00:00:00+01:00;12.1;3.78704429
1900-08-08 01:00:00+01:00;12.4;3.77695694
1900-08-08 02:00:00+01:00;12;3.7620342
1900-08-08 03:00:00+01:00;11.5;3.8280848
1900-08-08 04:00:00+01:00;11.3;3.85690588
1900-08-08 05:00:00+01:00;12.6;4.22627856
1900-08-08 06:00:00+01:00;13;5.2502834
1900-08-08 07:00:00+01:00;13.7;8.023795
1900-08-08 08:00:00+01:00;14.6;10.89759526
1900-08-08 09:00:00+01:00;17.8;12.37656916
1900-08-08 10:00:00+01:00;19.5;12.56878665
1900-08-08 11:00:00+01:00;21.1;12.33607805
1900-08-08 12:00:00+01:00;21.6;12.48338024
1900-08-08 13:00:00+01:00;22.7;11.75973057
1900-08-08 14:00:00+01:00;22.1;11.03625237
1900-08-08 15:00:00+01:00;22;9.61303
1900-08-08 16:00:00+01:00;20;7.918449
1900-08-08 17:00:00+01:00;19.8;6.13141922
1900-08-08 18:00:00+01:00;18.8;5.13029512
1900-08-08 19:00:00+01:00;16.6;4.74547692
1900-08-08 20:00:00+01:00;15.2;4.5277614
1900-08-08 21:00:00+01:00;14.4;4.17600776
1900-08-08 22:00:00+01:00;13.1;3.99492068
1900-08-08 23:00:00+01:00;12.6;3.797235
1900-08-09 00:00:00+01:00;11.2;3.86014958
1900-08-09 01:00:00+01:00;11.1;3.88105626
1900-08-09 02:00:00+01:00;10.6;3.87981522
1900-08-09 03:00:00+01:00;10;3.9534962
1900-08-09 04:00:00+01:00;9.1;4.05662496
1900-08-09 05:00:00+01:00;10.7;4.39414147
1900-08-09 06:00:00+01:00;12.7;5.42173518
1900-08-09 07:00:00+01:00;14;7.977622
1900-08-09 08:00:00+01:00;15.2;10.77956812
1900-08-09 09:00:00+01:00;16.6;12.59587852
1900-08-09 10:00:00+01:00;17.2;12.98763804
1900-08-09 11:00:00+01:00;18.9;12.70271795
1900-08-09 12:00:00+01:00;19.3;12.88439352
1900-08-09 13:00:00+01:00;17.6;12.66503616
1900-08-09 14:00:00+01:00;20;11.327103
1900-08-09 15:00:00+01:00;18.5;10.01134575
1900-08-09 16:00:00+01:00;18.6;8.03125204
1900-08-09 17:00:00+01:00;17.2;6.33387108
1900-08-09 18:00:00+01:00;16.8;5.33414032
1900-08-09 19:00:00+01:00;16.4;4.76643768
1900-08-09 20:00:00+01:00;15.8;4.4725926
1900-08-09 21:00:00+01:00;16.1;4.03084629
1900-08-09 22:00:00+01:00;15;3.660024
1900-08-09 23:00:00+01:00;14.9;3.553175
1900-08-10 00:00:00+01:00;14.7;3.492001
1900-08-10 01:00:00+01:00;14.3;3.489865
1900-08-10 02:00:00+01:00;14.3;3.497864
1900-08-10 03:00:00+01:00;14.3;3.585327
1900-08-10 04:00:00+01:00;15.4;3.601026
1900-08-10 05:00:00+01:00;16;4.0825338
1900-08-10 06:00:00+01:00;16.4;5.2502834
1900-08-10 07:00:00+01:00;17;7.515892
1900-08-10 08:00:00+01:00;18.8;10.07140528
1900-08-10 09:00:00+01:00;16.9;12.54105118
1900-08-10 10:00:00+01:00;18.1;12.82373967
1900-08-10 11:00:00+01:00;19.5;12.60272525
1900-08-10 12:00:00+01:00;20.2;12.72747528
1900-08-10 13:00:00+01:00;20.3;12.18575673
1900-08-10 14:00:00+01:00;20.4;11.27170288
1900-08-10 15:00:00+01:00;20.6;9.7723563
1900-08-10 16:00:00+01:00;20.9;7.84593276
1900-08-10 17:00:00+01:00;22.8;5.5812736
1900-08-10 18:00:00+01:00;21.4;4.6440366
1900-08-10 19:00:00+01:00;20.1;4.0582227
1900-08-10 20:00:00+01:00;18.2;4.2519174
1900-08-10 21:00:00+01:00;16.8;3.97107392
1900-08-10 22:00:00+01:00;15.4;3.660024
1900-08-10 23:00:00+01:00;14.2;3.553175
1900-08-11 00:00:00+01:00;12.5;3.5654555
1900-08-11 01:00:00+01:00;11.9;3.61613439
1900-08-11 02:00:00+01:00;11.8;3.56013244
1900-08-11 03:00:00+01:00;10.6;3.67292294
1900-08-11 04:00:00+01:00;10.4;3.61974262
1900-08-11 05:00:00+01:00;11.7;3.47807044
1900-08-11 06:00:00+01:00;15.4;2.869355
1900-08-11 07:00:00+01:00;17.1;2.919243
1900-08-11 08:00:00+01:00;17.3;3.134948
1900-08-11 09:00:00+01:00;19.4;3.121026
1900-08-11 10:00:00+01:00;22.1;3.356445
1900-08-11 11:00:00+01:00;21.6;3.376272
1900-08-11 12:00:00+01:00;22;3.249094
1900-08-11 13:00:00+01:00;22.5;3.332986
1900-08-11 14:00:00+01:00;22.2;3.213657
1900-08-11 15:00:00+01:00;23.6;3.266909
1900-08-11 16:00:00+01:00;24.6;3.230054
1900-08-11 17:00:00+01:00;23.8;3.106902
1900-08-11 18:00:00+01:00;23;3.178535
1900-08-11 19:00:00+01:00;19.2;3.07934676
1900-08-11 20:00:00+01:00;17.4;3.19757596
1900-08-11 21:00:00+01:00;15.4;3.33379154
1900-08-11 22:00:00+01:00;14.2;3.43823372
1900-08-11 23:00:00+01:00;13.4;3.4090675
1900-08-12 00:00:00+01:00;13.9;3.44453526
1900-08-12 01:00:00+01:00;12.3;3.58190563
1900-08-12 02:00:00+01:00;13;3.4549744
1900-08-12 03:00:00+01:00;12;3.5506545
1900-08-12 04:00:00+01:00;11.5;3.51852975
1900-08-12 05:00:00+01:00;13.4;3.31328298
1900-08-12 06:00:00+01:00;15.7;2.869355
1900-08-12 07:00:00+01:00;17.5;2.919243
1900-08-12 08:00:00+01:00;17.4;3.134948
1900-08-12 09:00:00+01:00;17.8;3.121026
1900-08-12 10:00:00+01:00;17.9;3.35622286
1900-08-12 11:00:00+01:00;20;3.376272
1900-08-12 12:00:00+01:00;21.5;3.249094
1900-08-12 13:00:00+01:00;22.6;3.332986
1900-08-12 14:00:00+01:00;23.3;3.213657
1900-08-12 15:00:00+01:00;23.3;3.266909
1900-08-12 16:00:00+01:00;24.2;3.230054
1900-08-12 17:00:00+01:00;24.9;3.106902
1900-08-12 18:00:00+01:00;24.1;3.178535
1900-08-12 19:00:00+01:00;20.3;3.118108
1900-08-12 20:00:00+01:00;19.1;3.03512804
1900-08-12 21:00:00+01:00;17.4;3.14726674
1900-08-12 22:00:00+01:00;16;3.088823
1900-08-12 23:00:00+01:00;13.8;3.3720249
1900-08-13 00:00:00+01:00;12.9;3.492001
1900-08-13 01:00:00+01:00;11.6;3.84101806
1900-08-13 02:00:00+01:00;11.2;3.82933764
1900-08-13 03:00:00+01:00;10;3.9534962
1900-08-13 04:00:00+01:00;10.2;3.95676542
1900-08-13 05:00:00+01:00;11.7;4.30579257
1900-08-13 06:00:00+01:00;14.2;5.2502834
1900-08-13 07:00:00+01:00;16;7.669802
1900-08-13 08:00:00+01:00;18.9;10.05173409
1900-08-13 09:00:00+01:00;19.9;11.99277778
1900-08-13 10:00:00+01:00;21.9;12.13172433
1900-08-13 11:00:00+01:00;24.2;11.8194491
1900-08-13 12:00:00+01:00;25.5;11.8034012
1900-08-13 13:00:00+01:00;27;10.9964337
1900-08-13 14:00:00+01:00;27.9;10.23295063
1900-08-13 15:00:00+01:00;29.4;9.129448
1900-08-13 16:00:00+01:00;28.4;7.693464
1900-08-13 17:00:00+01:00;26;5.5812736
1900-08-13 18:00:00+01:00;24.4;4.6440366
1900-08-13 19:00:00+01:00;21.3;4.0582227
1900-08-13 20:00:00+01:00;19;4.178359
1900-08-13 21:00:00+01:00;16.5;3.99669065
1900-08-13 22:00:00+01:00;15;3.660024
1900-08-13 23:00:00+01:00;14;3.553175
1900-08-14 00:00:00+01:00;12.6;3.492001
1900-08-14 01:00:00+01:00;12.2;3.79297222
1900-08-14 02:00:00+01:00;12;3.7620342
1900-08-14 03:00:00+01:00;11.6;3.81972404
1900-08-14 04:00:00+01:00;13;3.601026
1900-08-14 05:00:00+01:00;13.5;4.0825338
1900-08-14 06:00:00+01:00;13.7;5.2502834
1900-08-14 07:00:00+01:00;13.9;7.993013
1900-08-14 08:00:00+01:00;14.7;10.87792407
1900-08-14 09:00:00+01:00;16;12.7055332
1900-08-14 10:00:00+01:00;18.8;12.69626316
1900-08-14 11:00:00+01:00;21.4;12.2860817
1900-08-14 12:00:00+01:00;23.4;12.16954376
1900-08-14 13:00:00+01:00;25.5;11.26270005
1900-08-14 14:00:00+01:00;28.1;9.976342
1900-08-14 15:00:00+01:00;31.4;9.129448
1900-08-14 16:00:00+01:00;27.5;7.314147
1900-08-14 17:00:00+01:00;26.1;5.5812736
1900-08-14 18:00:00+01:00;24.8;4.6440366
1900-08-14 19:00:00+01:00;20.5;4.0582227
1900-08-14 20:00:00+01:00;19.5;4.132385
1900-08-14 21:00:00+01:00;16.9;3.96253501
1900-08-14 22:00:00+01:00;15.5;3.660024
1900-08-14 23:00:00+01:00;14.1;3.553175
1900-08-15 00:00:00+01:00;14.9;3.492001
1900-08-15 01:00:00+01:00;13.6;3.489865
1900-08-15 02:00:00+01:00;12.8;3.497864
1900-08-15 03:00:00+01:00;12.5;3.7444772
1900-08-15 04:00:00+01:00;13;3.601026
1900-08-15 05:00:00+01:00;13;4.0825338
1900-08-15 06:00:00+01:00;15;5.2502834
1900-08-15 07:00:00+01:00;17.3;7.469719
1900-08-15 08:00:00+01:00;18.4;10.15009004
1900-08-15 09:00:00+01:00;19.2;12.12070824
1900-08-15 10:00:00+01:00;21;12.2956227
1900-08-15 11:00:00+01:00;23.1;12.00276905
1900-08-15 12:00:00+01:00;25.6;11.78596584
1900-08-15 13:00:00+01:00;31;11.403179
1900-08-15 14:00:00+01:00;29.8;9.976342
1900-08-15 15:00:00+01:00;28.7;9.129448
1900-08-15 16:00:00+01:00;29;7.693464
1900-08-15 17:00:00+01:00;27.2;5.5812736
1900-08-15 18:00:00+01:00;25;4.6440366
1900-08-15 19:00:00+01:00;21.9;4.0582227
1900-08-15 20:00:00+01:00;19.6;4.1231902
1900-08-15 21:00:00+01:00;17.5;3.91130155
1900-08-15 22:00:00+01:00;16;3.660024
1900-08-15 23:00:00+01:00;15;3.553175
1900-08-16 00:00:00+01:00;14.4;3.492001
1900-08-16 01:00:00+01:00;13.7;3.489865
1900-08-16 02:00:00+01:00;13.3;3.497864
1900-08-16 03:00:00+01:00;13;3.585327
1900-08-16 04:00:00+01:00;12.8;3.601026
1900-08-16 05:00:00+01:00;13.2;4.0825338
1900-08-16 06:00:00+01:00;16;5.2502834
1900-08-16 07:00:00+01:00;19.8;7.112528
1900-08-16 08:00:00+01:00;20;9.835351
1900-08-16 09:00:00+01:00;21.3;11.73691686
1900-08-16 10:00:00+01:00;22.9;11.94961503
1900-08-16 11:00:00+01:00;24.7;11.73612185
1900-08-16 12:00:00+01:00;26.5;11.6290476
1900-08-16 13:00:00+01:00;30.2;11.403179
1900-08-16 14:00:00+01:00;32.6;9.976342
1900-08-16 15:00:00+01:00;32;9.129448
1900-08-16 16:00:00+01:00;27.7;7.29803228
1900-08-16 17:00:00+01:00;26.4;5.5812736
1900-08-16 18:00:00+01:00;25.1;4.6440366
1900-08-16 19:00:00+01:00;21.1;4.0582227
1900-08-16 20:00:00+01:00;19.1;4.1691642
1900-08-16 21:00:00+01:00;17.4;3.91984046
1900-08-16 22:00:00+01:00;17;3.660024
1900-08-16 23:00:00+01:00;16.5;3.553175
1900-08-17 00:00:00+01:00;15.7;3.492001
1900-08-17 01:00:00+01:00;14.1;3.489865
1900-08-17 02:00:00+01:00;13.8;3.497864
1900-08-17 03:00:00+01:00;13.3;3.585327
1900-08-17 04:00:00+01:00;13.1;3.601026
1900-08-17 05:00:00+01:00;14;4.0825338
1900-08-17 06:00:00+01:00;16;5.2502834
1900-08-17 07:00:00+01:00;17.6;7.423546
1900-08-17 08:00:00+01:00;19.4;9.95337814
1900-08-17 09:00:00+01:00;20.8;11.82829576
1900-08-17 10:00:00+01:00;23.6;11.82213852
1900-08-17 11:00:00+01:00;25.7;11.56946735
1900-08-17 12:00:00+01:00;27.3;11.48956472
1900-08-17 13:00:00+01:00;28.3;11.403179
1900-08-17 14:00:00+01:00;26.7;10.39915099
1900-08-17 15:00:00+01:00;25.3;9.23747515
1900-08-17 16:00:00+01:00;25.3;7.49140892
1900-08-17 17:00:00+01:00;22.8;5.5812736
1900-08-17 18:00:00+01:00;21.8;4.6440366
1900-08-17 19:00:00+01:00;21;4.0582227
1900-08-17 20:00:00+01:00;20;3.642152
1900-08-17 21:00:00+01:00;19.8;3.71490662
1900-08-17 22:00:00+01:00;19.5;3.660024
1900-08-17 23:00:00+01:00;19;3.553175
1900-08-18 00:00:00+01:00;18.3;2.993194
1900-08-18 01:00:00+01:00;18.2;3.00008
1900-08-18 02:00:00+01:00;18;2.987604
1900-08-18 03:00:00+01:00;15.7;2.951358
1900-08-18 04:00:00+01:00;14.5;3.24249465
1900-08-18 05:00:00+01:00;14.9;3.16788228
1900-08-18 06:00:00+01:00;15.6;2.869355
1900-08-18 07:00:00+01:00;17;2.919243
1900-08-18 08:00:00+01:00;19;3.134948
1900-08-18 09:00:00+01:00;20.2;3.121026
1900-08-18 10:00:00+01:00;22.2;3.356445
1900-08-18 11:00:00+01:00;24.6;3.376272
1900-08-18 12:00:00+01:00;24.9;3.249094
1900-08-18 13:00:00+01:00;24;3.332986
1900-08-18 14:00:00+01:00;26.2;3.213657
1900-08-18 15:00:00+01:00;24.1;3.266909
1900-08-18 16:00:00+01:00;23.9;3.230054
1900-08-18 17:00:00+01:00;23;3.106902
1900-08-18 18:00:00+01:00;22.4;3.178535
1900-08-18 19:00:00+01:00;20;3.118108
1900-08-18 20:00:00+01:00;18.6;3.08290684
1900-08-18 21:00:00+01:00;17.4;3.14726674
1900-08-18 22:00:00+01:00;15.9;3.088823
1900-08-18 23:00:00+01:00;16;3.124899
1900-08-19 00:00:00+01:00;15.8;2.993194
1900-08-19 01:00:00+01:00;15.2;3.33374712
1900-08-19 02:00:00+01:00;14.4;3.33229002
1900-08-19 03:00:00+01:00;14.4;3.34105146
1900-08-19 04:00:00+01:00;13.8;3.30690284
1900-08-19 05:00:00+01:00;13.5;3.3035896
1900-08-19 06:00:00+01:00;14.2;3.2326375
1900-08-19 07:00:00+01:00;15.8;3.17283618
1900-08-19 08:00:00+01:00;17;3.134948
1900-08-19 09:00:00+01:00;20.1;3.121026
1900-08-19 10:00:00+01:00;19.4;3.24462046
1900-08-19 11:00:00+01:00;20.5;3.376272
1900-08-19 12:00:00+01:00;21.7;3.249094
1900-08-19 13:00:00+01:00;22.4;3.332986
1900-08-19 14:00:00+01:00;23.9;3.213657
1900-08-19 15:00:00+01:00;20.7;3.266909
1900-08-19 16:00:00+01:00;20.4;3.230054
1900-08-19 17:00:00+01:00;19.9;3.25610747
1900-08-19 18:00:00+01:00;19;3.1843394
1900-08-19 19:00:00+01:00;16.4;3.35202252
1900-08-19 20:00:00+01:00;15.3;3.39824692
1900-08-19 21:00:00+01:00;14.1;3.45503266
1900-08-19 22:00:00+01:00;12.8;3.56089318
1900-08-19 23:00:00+01:00;12.5;3.49241335
1900-08-20 00:00:00+01:00;11.4;3.84390396
1900-08-20 01:00:00+01:00;10.5;3.9291021
1900-08-20 02:00:00+01:00;10.5;3.88822815
1900-08-20 03:00:00+01:00;9.6;3.98693924
1900-08-20 04:00:00+01:00;8.9;4.07478124
1900-08-20 05:00:00+01:00;10;4.4559857
1900-08-20 06:00:00+01:00;13.9;5.2502834
1900-08-20 07:00:00+01:00;14.7;7.869885
1900-08-20 08:00:00+01:00;15.3;10.75989693
1900-08-20 09:00:00+01:00;16.3;12.65070586
1900-08-20 10:00:00+01:00;17.2;12.98763804
1900-08-20 11:00:00+01:00;18.5;12.76937975
1900-08-20 12:00:00+01:00;20;12.762346
1900-08-20 13:00:00+01:00;19.3;12.36326763
1900-08-20 14:00:00+01:00;18;11.6041036
1900-08-20 15:00:00+01:00;18.3;10.03410665
1900-08-20 16:00:00+01:00;17.2;8.14405508
1900-08-20 17:00:00+01:00;18.3;6.24821837
1900-08-20 18:00:00+01:00;16.5;5.3647171
1900-08-20 19:00:00+01:00;12.8;5.14373136
1900-08-20 20:00:00+01:00;12.7;4.7576314
1900-08-20 21:00:00+01:00;12.8;4.31263032
1900-08-20 22:00:00+01:00;12.4;4.04611042
1900-08-20 23:00:00+01:00;11.6;3.875802
1900-08-21 00:00:00+01:00;11;3.8763952
1900-08-21 01:00:00+01:00;11.2;3.87304862
1900-08-21 02:00:00+01:00;10.8;3.86298936
1900-08-21 03:00:00+01:00;11.4;3.83644556
1900-08-21 04:00:00+01:00;12;3.7933589
1900-08-21 05:00:00+01:00;10.9;4.37647169
1900-08-21 06:00:00+01:00;11.9;5.51905246
1900-08-21 07:00:00+01:00;14;7.977622
1900-08-21 08:00:00+01:00;14.5;10.91726645
1900-08-21 09:00:00+01:00;15.5;12.7969121
1900-08-21 10:00:00+01:00;16.5;13.11511455
1900-08-21 11:00:00+01:00;16.8;13.0526924
1900-08-21 12:00:00+01:00;16.7;13.33771288
1900-08-21 13:00:00+01:00;15.6;13.02005796
1900-08-21 14:00:00+01:00;16.2;11.85340414
1900-08-21 15:00:00+01:00;18.8;9.9772044
1900-08-21 16:00:00+01:00;17.9;8.08765356
1900-08-21 17:00:00+01:00;17.1;6.34165769
1900-08-21 18:00:00+01:00;15.5;5.4666397
1900-08-21 19:00:00+01:00;13;5.1227706
1900-08-21 20:00:00+01:00;12;4.821995
1900-08-21 21:00:00+01:00;10.7;4.49194743
1900-08-21 22:00:00+01:00;10.3;4.19967964
1900-08-21 23:00:00+01:00;9.5;4.0407927
1900-08-22 00:00:00+01:00;8.3;4.09571107
1900-08-22 01:00:00+01:00;7.5;4.1693313
1900-08-22 02:00:00+01:00;6.4;4.23315828
1900-08-22 03:00:00+01:00;6;4.2879266
1900-08-22 04:00:00+01:00;5.2;4.41067242
1900-08-22 05:00:00+01:00;7.3;4.69452773
1900-08-22 06:00:00+01:00;9.9;5.76234566
1900-08-22 07:00:00+01:00;11.5;8.362397
1900-08-22 08:00:00+01:00;12.9;11.23200549
1900-08-22 09:00:00+01:00;14.1;13.05277302
1900-08-22 10:00:00+01:00;15.5;13.29722385
1900-08-22 11:00:00+01:00;15.7;13.23601235
1900-08-22 12:00:00+01:00;16.1;13.44232504
1900-08-22 13:00:00+01:00;18;12.5940318
1900-08-22 14:00:00+01:00;17.5;11.67335375
1900-08-22 15:00:00+01:00;18.5;10.01134575
1900-08-22 16:00:00+01:00;17.5;8.119883
1900-08-22 17:00:00+01:00;16.6;6.38059074
1900-08-22 18:00:00+01:00;15.6;5.45644744
1900-08-22 19:00:00+01:00;15;4.913163
1900-08-22 20:00:00+01:00;12;4.821995
1900-08-22 21:00:00+01:00;11.7;4.40655833
1900-08-22 22:00:00+01:00;11.8;4.08998734
1900-08-22 23:00:00+01:00;12.3;3.8208051
1900-08-23 00:00:00+01:00;11;3.8763952
1900-08-23 01:00:00+01:00;10.9;3.89707154
1900-08-23 02:00:00+01:00;11;3.8461635
1900-08-23 03:00:00+01:00;9.8;3.97021772
1900-08-23 04:00:00+01:00;9.8;3.99307798
1900-08-23 05:00:00+01:00;9.5;4.50016015
1900-08-23 06:00:00+01:00;10.4;5.70152236
1900-08-23 07:00:00+01:00;12.2;8.25466
1900-08-23 08:00:00+01:00;14.3;10.95660883
1900-08-23 09:00:00+01:00;15.2;12.85173944
1900-08-23 10:00:00+01:00;16.6;13.09690362
1900-08-23 11:00:00+01:00;17.3;12.96936515
1900-08-23 12:00:00+01:00;19.6;12.83208744
1900-08-23 13:00:00+01:00;21;12.0614991
1900-08-23 14:00:00+01:00;20.6;11.24400282
1900-08-23 15:00:00+01:00;21;9.7268345
1900-08-23 16:00:00+01:00;20.1;7.91039164
1900-08-23 17:00:00+01:00;19.7;6.13920583
1900-08-23 18:00:00+01:00;18.6;5.15067964
1900-08-23 19:00:00+01:00;17.7;4.63019274
1900-08-23 20:00:00+01:00;15.3;4.5185666
1900-08-23 21:00:00+01:00;13.7;4.23578013
1900-08-23 22:00:00+01:00;12.1;4.06804888
1900-08-23 23:00:00+01:00;12.5;3.8050917
1900-08-24 00:00:00+01:00;11.4;3.84390396
1900-08-24 01:00:00+01:00;10.1;3.96113266
1900-08-24 02:00:00+01:00;9.2;3.99759624
1900-08-24 03:00:00+01:00;8.6;4.07054684
1900-08-24 04:00:00+01:00;8;4.1564845
1900-08-24 05:00:00+01:00;8.8;4.56200438
1900-08-24 06:00:00+01:00;10.5;5.6893577
1900-08-24 07:00:00+01:00;12.5;8.208487
1900-08-24 08:00:00+01:00;14.8;10.85825288
1900-08-24 09:00:00+01:00;16.7;12.57760274
1900-08-24 10:00:00+01:00;18.6;12.73268502
1900-08-24 11:00:00+01:00;19.6;12.5860598
1900-08-24 12:00:00+01:00;20.9;12.60542776
1900-08-24 13:00:00+01:00;22.6;11.77748166
1900-08-24 14:00:00+01:00;22;11.0501024
1900-08-24 15:00:00+01:00;22.3;9.57888865
1900-08-24 16:00:00+01:00;22.2;7.74118708
1900-08-24 17:00:00+01:00;19.4;6.16256566
1900-08-24 18:00:00+01:00;17.7;5.24240998
1900-08-24 19:00:00+01:00;16.5;4.7559573
1900-08-24 20:00:00+01:00;15.8;4.4725926
1900-08-24 21:00:00+01:00;14.2;4.19308558
1900-08-24 22:00:00+01:00;13.2;3.98760786
1900-08-24 23:00:00+01:00;12.1;3.8365185
1900-08-25 00:00:00+01:00;11;3.6950129
1900-08-25 01:00:00+01:00;9.8;3.79583538
1900-08-25 02:00:00+01:00;9;3.8055012
1900-08-25 03:00:00+01:00;8.4;3.86505906
1900-08-25 04:00:00+01:00;8.9;3.75776017
1900-08-25 05:00:00+01:00;8.2;3.81733874
1900-08-25 06:00:00+01:00;9.7;3.6603985
1900-08-25 07:00:00+01:00;11.2;3.58045782
1900-08-25 08:00:00+01:00;12.6;3.55359992
1900-08-25 09:00:00+01:00;13.3;3.6256249
1900-08-25 10:00:00+01:00;14.2;3.63150878
1900-08-25 11:00:00+01:00;15.6;3.63711462
1900-08-25 12:00:00+01:00;15.9;3.71626567
1900-08-25 13:00:00+01:00;16.9;3.67048752
1900-08-25 14:00:00+01:00;17.5;3.6721565
1900-08-25 15:00:00+01:00;18.1;3.5893182
1900-08-25 16:00:00+01:00;19.2;3.3980596
1900-08-25 17:00:00+01:00;18.5;3.38296385
1900-08-25 18:00:00+01:00;17;3.3770876
1900-08-25 19:00:00+01:00;14;3.5857446
1900-08-25 20:00:00+01:00;12.6;3.65625244
1900-08-25 21:00:00+01:00;10.2;3.81875602
1900-08-25 22:00:00+01:00;9.6;3.84125766
1900-08-25 23:00:00+01:00;9.3;3.78875415
1900-08-26 00:00:00+01:00;9;3.8677561
1900-08-26 01:00:00+01:00;8.5;3.90707885
1900-08-26 02:00:00+01:00;7.9;3.90189607
1900-08-26 03:00:00+01:00;7;3.9873275
1900-08-26 04:00:00+01:00;7.6;3.87737538
1900-08-26 05:00:00+01:00;6.9;3.94335268
1900-08-26 06:00:00+01:00;9.4;3.6889159
1900-08-26 07:00:00+01:00;12.2;3.49184442
1900-08-26 08:00:00+01:00;13.6;3.47083562
1900-08-26 09:00:00+01:00;14.5;3.5365321
1900-08-26 10:00:00+01:00;16.7;3.44550478
1900-08-26 11:00:00+01:00;19.8;3.32958516
1900-08-26 12:00:00+01:00;19.6;3.44742108
1900-08-26 13:00:00+01:00;22.3;3.332986
1900-08-26 14:00:00+01:00;22.5;3.213657
1900-08-26 15:00:00+01:00;23;3.266909
1900-08-26 16:00:00+01:00;22.7;3.230054
1900-08-26 17:00:00+01:00;21.4;3.106902
1900-08-26 18:00:00+01:00;20.3;3.178535
1900-08-26 19:00:00+01:00;18.4;3.15725412
1900-08-26 20:00:00+01:00;16.8;3.25491052
1900-08-26 21:00:00+01:00;16.5;3.2312029
1900-08-26 22:00:00+01:00;16.1;3.088823
1900-08-26 23:00:00+01:00;15.9;3.124899
1900-08-27 00:00:00+01:00;15.4;3.492001
1900-08-27 01:00:00+01:00;15.4;3.489865
1900-08-27 02:00:00+01:00;15.4;3.497864
1900-08-27 03:00:00+01:00;15.5;3.585327
1900-08-27 04:00:00+01:00;15.6;3.601026
1900-08-27 05:00:00+01:00;15.1;4.0825338
1900-08-27 06:00:00+01:00;14.6;5.2502834
1900-08-27 07:00:00+01:00;15.2;7.79293
1900-08-27 08:00:00+01:00;15.3;10.75989693
1900-08-27 09:00:00+01:00;16.1;12.68725742
1900-08-27 10:00:00+01:00;17.6;12.91479432
1900-08-27 11:00:00+01:00;19.3;12.63605615
1900-08-27 12:00:00+01:00;20.9;12.60542776
1900-08-27 13:00:00+01:00;20.7;12.11475237
1900-08-27 14:00:00+01:00;20.8;11.21630276
1900-08-27 15:00:00+01:00;21.9;9.62441045
1900-08-27 16:00:00+01:00;21.3;7.81370332
1900-08-27 17:00:00+01:00;20.3;5.5812736
1900-08-27 18:00:00+01:00;19;5.1099106
1900-08-27 19:00:00+01:00;16.7;4.73499654
1900-08-27 20:00:00+01:00;15.8;4.4725926
1900-08-27 21:00:00+01:00;15.1;4.11623539
1900-08-27 22:00:00+01:00;13.2;3.98760786
1900-08-27 23:00:00+01:00;12.4;3.8129484
1900-08-28 00:00:00+01:00;12.2;3.77892148
1900-08-28 01:00:00+01:00;13.4;3.489865
1900-08-28 02:00:00+01:00;13.6;3.497864
1900-08-28 03:00:00+01:00;13.4;3.585327
1900-08-28 04:00:00+01:00;13.3;3.601026
1900-08-28 05:00:00+01:00;13.5;4.0825338
1900-08-28 06:00:00+01:00;13.7;5.2502834
1900-08-28 07:00:00+01:00;14;7.977622
1900-08-28 08:00:00+01:00;14;11.0156224
1900-08-28 09:00:00+01:00;14.4;12.99794568
1900-08-28 10:00:00+01:00;15;13.3882785
1900-08-28 11:00:00+01:00;16.4;13.1193542
1900-08-28 12:00:00+01:00;16.4;13.39001896
1900-08-28 13:00:00+01:00;18.2;12.55852962
1900-08-28 14:00:00+01:00;19.5;11.39635315
1900-08-28 15:00:00+01:00;21.6;9.6585518
1900-08-28 16:00:00+01:00;20.4;7.88621956
1900-08-28 17:00:00+01:00;19;6.1937121
1900-08-28 18:00:00+01:00;17.3;5.28317902
1900-08-28 19:00:00+01:00;16.2;4.78739844
1900-08-28 20:00:00+01:00;15.8;4.4725926
1900-08-28 21:00:00+01:00;14.7;4.15039103
1900-08-28 22:00:00+01:00;14.8;3.660024
1900-08-28 23:00:00+01:00;14.1;3.553175
1900-08-29 00:00:00+01:00;14.6;3.492001
1900-08-29 01:00:00+01:00;14.4;3.489865
1900-08-29 02:00:00+01:00;14.6;3.497864
1900-08-29 03:00:00+01:00;14.4;3.585327
1900-08-29 04:00:00+01:00;14.3;3.601026
1900-08-29 05:00:00+01:00;14.4;4.0825338
1900-08-29 06:00:00+01:00;14.8;5.2502834
1900-08-29 07:00:00+01:00;15;7.823712
1900-08-29 08:00:00+01:00;16;10.6221986
1900-08-29 09:00:00+01:00;16.2;12.66898164
1900-08-29 10:00:00+01:00;18.8;12.69626316
1900-08-29 11:00:00+01:00;19.4;12.6193907
1900-08-29 12:00:00+01:00;20;12.762346
1900-08-29 13:00:00+01:00;20.4;12.16800564
1900-08-29 14:00:00+01:00;20.5;11.25785285
1900-08-29 15:00:00+01:00;19.9;9.85201945
1900-08-29 16:00:00+01:00;20.6;7.87010484
1900-08-29 17:00:00+01:00;19.4;6.16256566
1900-08-29 18:00:00+01:00;17.7;5.24240998
1900-08-29 19:00:00+01:00;16.5;4.7559573
1900-08-29 20:00:00+01:00;15.6;4.4909822
1900-08-29 21:00:00+01:00;14.4;4.17600776
1900-08-29 22:00:00+01:00;14.2;3.660024
1900-08-29 23:00:00+01:00;15;3.553175
1900-08-30 00:00:00+01:00;14.7;3.492001
1900-08-30 01:00:00+01:00;14.6;3.489865
1900-08-30 02:00:00+01:00;15;3.497864
1900-08-30 03:00:00+01:00;15.1;3.585327
1900-08-30 04:00:00+01:00;14.7;3.601026
1900-08-30 05:00:00+01:00;14.8;4.0825338
1900-08-30 06:00:00+01:00;15;5.2502834
1900-08-30 07:00:00+01:00;15.5;7.746757
1900-08-30 08:00:00+01:00;15.6;10.70088336
1900-08-30 09:00:00+01:00;15.5;12.7969121
1900-08-30 10:00:00+01:00;14.9;13.40648943
1900-08-30 11:00:00+01:00;15;13.3526705
1900-08-30 12:00:00+01:00;14.6;13.70385544
1900-08-30 13:00:00+01:00;15.3;13.07331123
1900-08-30 14:00:00+01:00;15.7;11.92265429
1900-08-30 15:00:00+01:00;15.1;10.39828105
1900-08-30 16:00:00+01:00;15.3;8.29714492
1900-08-30 17:00:00+01:00;15.2;6.48960328
1900-08-30 18:00:00+01:00;15.2;5.49721648
1900-08-30 19:00:00+01:00;15;4.913163
1900-08-30 20:00:00+01:00;14.8;4.5645406
1900-08-30 21:00:00+01:00;14.5;4.16746885
1900-08-30 22:00:00+01:00;14.3;3.660024
1900-08-30 23:00:00+01:00;14.4;3.553175
1900-08-31 00:00:00+01:00;14.4;3.492001
1900-08-31 01:00:00+01:00;13.7;3.489865
1900-08-31 02:00:00+01:00;14;3.497864
1900-08-31 03:00:00+01:00;13.9;3.585327
1900-08-31 04:00:00+01:00;14;3.601026
1900-08-31 05:00:00+01:00;13.4;4.0825338
1900-08-31 06:00:00+01:00;13;5.2502834
1900-08-31 07:00:00+01:00;13.1;8.116141
1900-08-31 08:00:00+01:00;13.4;11.13364954
1900-08-31 09:00:00+01:00;13.9;13.08932458
1900-08-31 10:00:00+01:00;14.6;13.46112222
1900-08-31 11:00:00+01:00;16.3;13.13601965
1900-08-31 12:00:00+01:00;16.3;13.40745432
1900-08-31 13:00:00+01:00;17;12.7715427
1900-08-31 14:00:00+01:00;17.1;11.72875387
1900-08-31 15:00:00+01:00;18.9;9.96582395
1900-08-31 16:00:00+01:00;20;7.918449
1900-08-31 17:00:00+01:00;17;6.3494443
1900-08-31 18:00:00+01:00;16.9;5.32394806
1900-08-31 19:00:00+01:00;15.6;4.85028072
1900-08-31 20:00:00+01:00;14.8;4.5645406
1900-08-31 21:00:00+01:00;13.5;4.25285795
1900-08-31 22:00:00+01:00;11.9;4.08267452
1900-08-31 23:00:00+01:00;10.1;3.9936525
1900-09-01 00:00:00+01:00;9.3;3.84184462
1900-09-01 01:00:00+01:00;8.5;3.90707885
1900-09-01 02:00:00+01:00;7.7;3.91942241
1900-09-01 03:00:00+01:00;7.7;3.92619328
1900-09-01 04:00:00+01:00;8.4;3.80376602
1900-09-01 05:00:00+01:00;9;3.7397917
1900-09-01 06:00:00+01:00;9.6;3.6699043
1900-09-01 07:00:00+01:00;9.9;3.69565524
1900-09-01 08:00:00+01:00;9.9;3.77706353
1900-09-01 09:00:00+01:00;10.2;3.8557813
1900-09-01 10:00:00+01:00;12.4;3.76543166
1900-09-01 11:00:00+01:00;13.2;3.81284574
1900-09-01 12:00:00+01:00;15.3;3.75986209
1900-09-01 13:00:00+01:00;16.1;3.72805008
1900-09-01 14:00:00+01:00;17.2;3.69355646
1900-09-01 15:00:00+01:00;16.2;3.7372256
1900-09-01 16:00:00+01:00;16.9;3.59590445
1900-09-01 17:00:00+01:00;15.7;3.63667661
1900-09-01 18:00:00+01:00;15.2;3.55056098
1900-09-01 19:00:00+01:00;15.1;3.47862198
1900-09-01 20:00:00+01:00;14.7;3.45558148
1900-09-01 21:00:00+01:00;13.6;3.50166386
1900-09-01 22:00:00+01:00;11.1;3.70983681
1900-09-01 23:00:00+01:00;10.6;3.6683657
1900-09-02 00:00:00+01:00;9.2;3.85048178
1900-09-02 01:00:00+01:00;8.3;3.92419323
1900-09-02 02:00:00+01:00;8.4;3.85808022
1900-09-02 03:00:00+01:00;8;3.8999929
1900-09-02 04:00:00+01:00;7.3;3.90497889
1900-09-02 05:00:00+01:00;9.2;3.72040494
1900-09-02 06:00:00+01:00;10.5;3.5843521
1900-09-02 07:00:00+01:00;12.2;3.49184442
1900-09-02 08:00:00+01:00;15.5;3.31358345
1900-09-02 09:00:00+01:00;16.5;3.3880441
1900-09-02 10:00:00+01:00;18.2;3.33390238
1900-09-02 11:00:00+01:00;19.4;3.35887368
1900-09-02 12:00:00+01:00;19.6;3.44742108
1900-09-02 13:00:00+01:00;19.3;3.49779984
1900-09-02 14:00:00+01:00;21.6;3.213657
1900-09-02 15:00:00+01:00;20;3.266909
1900-09-02 16:00:00+01:00;20.8;3.230054
1900-09-02 17:00:00+01:00;20.1;3.106902
1900-09-02 18:00:00+01:00;18.3;3.25180127
1900-09-02 19:00:00+01:00;15.3;3.45914514
1900-09-02 20:00:00+01:00;14.4;3.48424876
1900-09-02 21:00:00+01:00;13.6;3.50166386
1900-09-02 22:00:00+01:00;12;3.6309843
1900-09-02 23:00:00+01:00;10.5;3.67762635
1900-09-03 00:00:00+01:00;9.5;3.99823735
1900-09-03 01:00:00+01:00;9.6;4.00117086
1900-09-03 02:00:00+01:00;8.5;4.05648675
1900-09-03 03:00:00+01:00;9;4.0371038
1900-09-03 04:00:00+01:00;7.5;4.2018752
1900-09-03 05:00:00+01:00;7.2;4.70336262
1900-09-03 06:00:00+01:00;7.5;6.0542975
1900-09-03 07:00:00+01:00;10.7;8.485525
1900-09-03 08:00:00+01:00;14;11.0156224
1900-09-03 09:00:00+01:00;16.5;12.6141543
1900-09-03 10:00:00+01:00;17.2;12.98763804
1900-09-03 11:00:00+01:00;18.2;12.8193761
1900-09-03 12:00:00+01:00;18.6;13.00644104
1900-09-03 13:00:00+01:00;18.7;12.46977417
1900-09-03 14:00:00+01:00;22.1;11.03625237
1900-09-03 15:00:00+01:00;18.8;9.9772044
1900-09-03 16:00:00+01:00;19.5;7.9587358
1900-09-03 17:00:00+01:00;18.4;6.24043176
1900-09-03 18:00:00+01:00;17.1;5.30356354
1900-09-03 19:00:00+01:00;15;4.913163
1900-09-03 20:00:00+01:00;13.8;4.6564886
1900-09-03 21:00:00+01:00;13.4;4.26139686
1900-09-03 22:00:00+01:00;13;4.0022335
1900-09-03 23:00:00+01:00;13.2;3.7500948
1900-09-04 00:00:00+01:00;9.1;4.03072859
1900-09-04 01:00:00+01:00;8;4.1292931
1900-09-04 02:00:00+01:00;7;4.1826807
1900-09-04 03:00:00+01:00;7.3;4.17923672
1900-09-04 04:00:00+01:00;5.7;4.36528172
1900-09-04 05:00:00+01:00;5.5;4.85355575
1900-09-04 06:00:00+01:00;6.6;6.16377944
1900-09-04 07:00:00+01:00;7.5;8.978037
1900-09-04 08:00:00+01:00;9.4;11.92049714
1900-09-04 09:00:00+01:00;10.3;13.74725266
1900-09-04 10:00:00+01:00;10.8;14.15313756
1900-09-04 11:00:00+01:00;12.6;13.7526413
1900-09-04 12:00:00+01:00;13.3;13.93051512
1900-09-04 13:00:00+01:00;14.6;13.19756886
1900-09-04 14:00:00+01:00;16.3;11.83955411
1900-09-04 15:00:00+01:00;16.3;10.26171565
1900-09-04 16:00:00+01:00;16;8.2407434
1900-09-04 17:00:00+01:00;15.4;6.47403006
1900-09-04 18:00:00+01:00;14.9;5.52779326
1900-09-04 19:00:00+01:00;13.3;5.09132946
1900-09-04 20:00:00+01:00;13;4.730047
1900-09-04 21:00:00+01:00;12.6;4.32970814
1900-09-04 22:00:00+01:00;11.2;4.13386426
1900-09-04 23:00:00+01:00;11;3.9229422
1900-09-05 00:00:00+01:00;10.7;3.90076363
1900-09-05 01:00:00+01:00;8.4;4.09726254
1900-09-05 02:00:00+01:00;8.9;4.02283503
1900-09-05 03:00:00+01:00;7.9;4.12907216
1900-09-05 04:00:00+01:00;8;4.1564845
1900-09-05 05:00:00+01:00;7.4;4.68569284
1900-09-05 06:00:00+01:00;9;5.8718276
1900-09-05 07:00:00+01:00;8.7;8.793345
1900-09-05 08:00:00+01:00;11.8;11.44838858
1900-09-05 09:00:00+01:00;14.1;13.05277302
1900-09-05 10:00:00+01:00;15.4;13.31543478
1900-09-05 11:00:00+01:00;16.8;13.0526924
1900-09-05 12:00:00+01:00;16.5;13.3725836
1900-09-05 13:00:00+01:00;17;12.7715427
1900-09-05 14:00:00+01:00;17.4;11.68720378
1900-09-05 15:00:00+01:00;16.2;10.2730961
1900-09-05 16:00:00+01:00;17.7;8.10376828
1900-09-05 17:00:00+01:00;17.5;6.31051125
1900-09-05 18:00:00+01:00;15.6;5.45644744
1900-09-05 19:00:00+01:00;13.1;5.11229022
1900-09-05 20:00:00+01:00;10.3;4.9783066
1900-09-05 21:00:00+01:00;9.1;4.62856999
1900-09-05 22:00:00+01:00;9.3;4.27280784
1900-09-05 23:00:00+01:00;9.9;4.0093659
1900-09-06 00:00:00+01:00;8.6;4.07134264
1900-09-06 01:00:00+01:00;6.3;4.26542298
1900-09-06 02:00:00+01:00;6.7;4.20791949
1900-09-06 03:00:00+01:00;5.8;4.30464812
1900-09-06 04:00:00+01:00;5.4;4.39251614
1900-09-06 05:00:00+01:00;4.7;4.92423487
1900-09-06 06:00:00+01:00;5.7;6.27326138
1900-09-06 07:00:00+01:00;10;8.593262
1900-09-06 08:00:00+01:00;11.7;11.46805977
1900-09-06 09:00:00+01:00;13;13.2538066
1900-09-06 10:00:00+01:00;14.8;13.42470036
1900-09-06 11:00:00+01:00;15.5;13.26934325
1900-09-06 12:00:00+01:00;16;13.4597604
1900-09-06 13:00:00+01:00;16.1;12.93130251
1900-09-06 14:00:00+01:00;17.1;11.72875387
1900-09-06 15:00:00+01:00;17.5;10.12515025
1900-09-06 16:00:00+01:00;17.2;8.14405508
1900-09-06 17:00:00+01:00;16;6.4273104
1900-09-06 18:00:00+01:00;14.5;5.5685623
1900-09-06 19:00:00+01:00;13.5;5.0703687
1900-09-06 20:00:00+01:00;12.8;4.7484366
1900-09-06 21:00:00+01:00;12.4;4.34678596
1900-09-06 22:00:00+01:00;9.7;4.24355656
1900-09-06 23:00:00+01:00;9.5;4.0407927
1900-09-07 00:00:00+01:00;8;4.1200795
1900-09-07 01:00:00+01:00;8.3;4.10527018
1900-09-07 02:00:00+01:00;8.3;4.07331261
1900-09-07 03:00:00+01:00;8.8;4.05382532
1900-09-07 04:00:00+01:00;8.8;4.08385938
1900-09-07 05:00:00+01:00;9.8;4.47365548
1900-09-07 06:00:00+01:00;10.8;5.65286372
1900-09-07 07:00:00+01:00;12.6;8.193096
1900-09-07 08:00:00+01:00;13.9;11.03529359
1900-09-07 09:00:00+01:00;15.3;12.83346366
1900-09-07 10:00:00+01:00;15.7;13.26080199
1900-09-07 11:00:00+01:00;17.8;12.8860379
1900-09-07 12:00:00+01:00;18;13.1110532
1900-09-07 13:00:00+01:00;19.6;12.31001436
1900-09-07 14:00:00+01:00;21.9;11.06395243
1900-09-07 15:00:00+01:00;24.2;9.3626601
1900-09-07 16:00:00+01:00;19.8;7.93456372
1900-09-07 17:00:00+01:00;18.8;6.20928532
1900-09-07 18:00:00+01:00;17;5.3137558
1900-09-07 19:00:00+01:00;15.4;4.87124148
1900-09-07 20:00:00+01:00;15.2;4.5277614
1900-09-07 21:00:00+01:00;12.8;4.31263032
1900-09-07 22:00:00+01:00;12.3;4.05342324
1900-09-07 23:00:00+01:00;10.7;3.9465123
1900-09-08 00:00:00+01:00;9.9;3.79002166
1900-09-08 01:00:00+01:00;9.6;3.81294976
1900-09-08 02:00:00+01:00;10.4;3.68281682
1900-09-08 03:00:00+01:00;11;3.6379891
1900-09-08 04:00:00+01:00;10.8;3.58293794
1900-09-08 05:00:00+01:00;11;3.5459241
1900-09-08 06:00:00+01:00;10.6;3.5748463
1900-09-08 07:00:00+01:00;10.9;3.60704184
1900-09-08 08:00:00+01:00;11.8;3.61981136
1900-09-08 09:00:00+01:00;12.7;3.6701713
1900-09-08 10:00:00+01:00;13.1;3.71335054
1900-09-08 11:00:00+01:00;14.4;3.72498018
1900-09-08 12:00:00+01:00;16.3;3.68720139
1900-09-08 13:00:00+01:00;18.6;3.54816708
1900-09-08 14:00:00+01:00;20;3.213657
1900-09-08 15:00:00+01:00;21.1;3.266909
1900-09-08 16:00:00+01:00;23.3;3.230054
1900-09-08 17:00:00+01:00;22.7;3.106902
1900-09-08 18:00:00+01:00;18.6;3.22288904
1900-09-08 19:00:00+01:00;15.6;3.42992988
1900-09-08 20:00:00+01:00;14.9;3.43646996
1900-09-08 21:00:00+01:00;14.6;3.40840146
1900-09-08 22:00:00+01:00;13.7;3.48204067
1900-09-08 23:00:00+01:00;12.9;3.45537075
1900-09-09 00:00:00+01:00;12.1;3.60000414
1900-09-09 01:00:00+01:00;11.4;3.65892034
1900-09-09 02:00:00+01:00;11.5;3.58642195
1900-09-09 03:00:00+01:00;11.5;3.5943218
1900-09-09 04:00:00+01:00;11.5;3.51852975
1900-09-09 05:00:00+01:00;11.2;3.52653734
1900-09-09 06:00:00+01:00;12.9;3.3562129
1900-09-09 07:00:00+01:00;15;3.2437269
1900-09-09 08:00:00+01:00;15.2;3.33841274
1900-09-09 09:00:00+01:00;16.2;3.4103173
1900-09-09 10:00:00+01:00;17;3.4231843
1900-09-09 11:00:00+01:00;18;3.4613835
1900-09-09 12:00:00+01:00;18.1;3.55641213
1900-09-09 13:00:00+01:00;19;3.5193858
1900-09-09 14:00:00+01:00;20.5;3.213657
1900-09-09 15:00:00+01:00;20.4;3.266909
1900-09-09 16:00:00+01:00;21;3.230054
1900-09-09 17:00:00+01:00;20.2;3.106902
1900-09-09 18:00:00+01:00;17.6;3.31926314
1900-09-09 19:00:00+01:00;16.6;3.33254568
1900-09-09 20:00:00+01:00;15.4;3.38869116
1900-09-09 21:00:00+01:00;15.3;3.34311778
1900-09-09 22:00:00+01:00;14.5;3.41194955
1900-09-09 23:00:00+01:00;12.2;3.5201953
1900-09-10 00:00:00+01:00;11.9;3.80328991
1900-09-10 01:00:00+01:00;10.6;3.92109446
1900-09-10 02:00:00+01:00;10;3.9302928
1900-09-10 03:00:00+01:00;11;3.8698886
1900-09-10 04:00:00+01:00;11.4;3.84782774
1900-09-10 05:00:00+01:00;11.6;4.31462746
1900-09-10 06:00:00+01:00;11.9;5.51905246
1900-09-10 07:00:00+01:00;13;8.131532
1900-09-10 08:00:00+01:00;13;11.2123343
1900-09-10 09:00:00+01:00;13.8;13.10760036
1900-09-10 10:00:00+01:00;15.4;13.31543478
1900-09-10 11:00:00+01:00;16;13.186016
1900-09-10 12:00:00+01:00;16.8;13.32027752
1900-09-10 13:00:00+01:00;16.8;12.80704488
1900-09-10 14:00:00+01:00;17.4;11.68720378
1900-09-10 15:00:00+01:00;16.7;10.21619385
1900-09-10 16:00:00+01:00;16.6;8.19239924
1900-09-10 17:00:00+01:00;15.5;6.46624345
1900-09-10 18:00:00+01:00;14.5;5.5685623
1900-09-10 19:00:00+01:00;13.5;5.0703687
1900-09-10 20:00:00+01:00;12.4;4.7852158
1900-09-10 21:00:00+01:00;11.9;4.38948051
1900-09-10 22:00:00+01:00;10.2;4.20699246
1900-09-10 23:00:00+01:00;9.1;4.0722195
1900-09-11 00:00:00+01:00;9.5;3.99823735
1900-09-11 01:00:00+01:00;9;4.0492167
1900-09-11 02:00:00+01:00;8.8;4.03124796
1900-09-11 03:00:00+01:00;9.4;4.00366076
1900-09-11 04:00:00+01:00;9.7;4.00215612
1900-09-11 05:00:00+01:00;9.7;4.48249037
1900-09-11 06:00:00+01:00;10;5.750181
1900-09-11 07:00:00+01:00;10.7;8.485525
1900-09-11 08:00:00+01:00;11.8;11.44838858
1900-09-11 09:00:00+01:00;13.8;13.10760036
1900-09-11 10:00:00+01:00;14.9;13.40648943
1900-09-11 11:00:00+01:00;17.4;12.9526997
1900-09-11 12:00:00+01:00;17.8;13.14592392
1900-09-11 13:00:00+01:00;19.7;12.29226327
1900-09-11 14:00:00+01:00;21.3;11.14705261
1900-09-11 15:00:00+01:00;19;9.9544435
1900-09-11 16:00:00+01:00;19.2;7.98290788
1900-09-11 17:00:00+01:00;18.4;6.24043176
1900-09-11 18:00:00+01:00;16.4;5.37490936
1900-09-11 19:00:00+01:00;15.3;4.88172186
1900-09-11 20:00:00+01:00;14.1;4.6289042
1900-09-11 21:00:00+01:00;11.7;4.40655833
1900-09-11 22:00:00+01:00;10.8;4.16311554
1900-09-11 23:00:00+01:00;11.4;3.8915154
1900-09-12 00:00:00+01:00;11.7;3.81953553
1900-09-12 01:00:00+01:00;11.9;3.81699514
1900-09-12 02:00:00+01:00;12.2;3.74520834
1900-09-12 03:00:00+01:00;12.4;3.75283796
1900-09-12 04:00:00+01:00;12;3.7933589
1900-09-12 05:00:00+01:00;11.6;4.31462746
1900-09-12 06:00:00+01:00;11.8;5.53121712
1900-09-12 07:00:00+01:00;13;8.131532
1900-09-12 08:00:00+01:00;12.9;11.23200549
1900-09-12 09:00:00+01:00;11.3;13.56449486
1900-09-12 10:00:00+01:00;11.5;14.02566105
1900-09-12 11:00:00+01:00;12;13.852634
1900-09-12 12:00:00+01:00;13.4;13.91307976
1900-09-12 13:00:00+01:00;13.5;13.39283085
1900-09-12 14:00:00+01:00;13.6;12.21350492
1900-09-12 15:00:00+01:00;13.1;10.62589005
1900-09-12 16:00:00+01:00;11.1;8.63555404
1900-09-12 17:00:00+01:00;11.6;6.76992124
1900-09-12 18:00:00+01:00;9;6.1291366
1900-09-12 19:00:00+01:00;7.5;5.6991915
1900-09-12 20:00:00+01:00;6.5;5.327709
1900-09-12 21:00:00+01:00;6.4;4.85912056
1900-09-12 22:00:00+01:00;6;4.5141309
1900-09-12 23:00:00+01:00;5.8;4.3314906
1900-09-13 00:00:00+01:00;5.6;4.31502694
1900-09-13 01:00:00+01:00;3.8;4.46561398
1900-09-13 02:00:00+01:00;3.5;4.47713325
1900-09-13 03:00:00+01:00;2.6;4.57219244
1900-09-13 04:00:00+01:00;2;4.7011729
1900-09-13 05:00:00+01:00;1.5;5.20695135
1900-09-13 06:00:00+01:00;2.8;6.62603652
1900-09-13 07:00:00+01:00;6.6;9.116556
1900-09-13 08:00:00+01:00;8.6;12.07786666
1900-09-13 09:00:00+01:00;10.1;13.78380422
1900-09-13 10:00:00+01:00;12.2;13.89818454
1900-09-13 11:00:00+01:00;14.3;13.46932865
1900-09-13 12:00:00+01:00;14.3;13.75616152
1900-09-13 13:00:00+01:00;14.6;13.19756886
1900-09-13 14:00:00+01:00;12.5;12.36585525
1900-09-13 15:00:00+01:00;12.3;10.71693365
1900-09-13 16:00:00+01:00;12.9;8.49052156
1900-09-13 17:00:00+01:00;11.7;6.76213463
1900-09-13 18:00:00+01:00;9.4;6.08836756
1900-09-13 19:00:00+01:00;6.3;5.82495606
1900-09-13 20:00:00+01:00;5.7;5.4012674
1900-09-13 21:00:00+01:00;5.4;4.94450966
1900-09-13 22:00:00+01:00;5.8;4.52875654
1900-09-13 23:00:00+01:00;3.6;4.504338
1900-09-14 00:00:00+01:00;4;4.4449919
1900-09-14 01:00:00+01:00;5.1;4.36151466
1900-09-14 02:00:00+01:00;4.8;4.36776516
1900-09-14 03:00:00+01:00;4.7;4.39661648
1900-09-14 04:00:00+01:00;1.7;4.72840732
1900-09-14 05:00:00+01:00;1.3;5.22462113
1900-09-14 06:00:00+01:00;4.9;6.37057866
1900-09-14 07:00:00+01:00;7.1;9.039601
1900-09-14 08:00:00+01:00;10.2;11.76312762
1900-09-14 09:00:00+01:00;11.6;13.50966752
1900-09-14 10:00:00+01:00;12.5;13.84355175
1900-09-14 11:00:00+01:00;12.8;13.7193104
1900-09-14 12:00:00+01:00;13.9;13.82590296
1900-09-14 13:00:00+01:00;10.6;13.90761246
1900-09-14 14:00:00+01:00;12.9;12.31045513
1900-09-14 15:00:00+01:00;11.4;10.8193577
1900-09-14 16:00:00+01:00;11;8.6436114
1900-09-14 17:00:00+01:00;9.1;6.96458649
1900-09-14 18:00:00+01:00;7.7;6.26163598
1900-09-14 19:00:00+01:00;6;5.8563972
1900-09-14 20:00:00+01:00;4.6;5.5024102
1900-09-14 21:00:00+01:00;4.1;5.05551549
1900-09-14 22:00:00+01:00;3.1;4.72620268
1900-09-14 23:00:00+01:00;3.6;4.504338
1900-09-15 00:00:00+01:00;4.2;4.28233978
1900-09-15 01:00:00+01:00;3.8;4.30926678
1900-09-15 02:00:00+01:00;4;4.2436597
1900-09-15 03:00:00+01:00;1;4.5113351
1900-09-15 04:00:00+01:00;0.7;4.51225611
1900-09-15 05:00:00+01:00;0.1;4.60250252
1900-09-15 06:00:00+01:00;2.4;4.3543219
1900-09-15 07:00:00+01:00;6;4.0412475
1900-09-15 08:00:00+01:00;7.4;3.98397428
1900-09-15 09:00:00+01:00;9.6;3.9003277
1900-09-15 10:00:00+01:00;11.2;3.85471358
1900-09-15 11:00:00+01:00;12.3;3.87874491
1900-09-15 12:00:00+01:00;13.4;3.89791742
1900-09-15 13:00:00+01:00;14.1;3.87195648
1900-09-15 14:00:00+01:00;13.8;3.93608934
1900-09-15 15:00:00+01:00;14;3.9084868
1900-09-15 16:00:00+01:00;14;3.845361
1900-09-15 17:00:00+01:00;13.8;3.80883884
1900-09-15 18:00:00+01:00;10.4;4.01315666
1900-09-15 19:00:00+01:00;7.6;4.20900348
1900-09-15 20:00:00+01:00;5.3;4.35382292
1900-09-15 21:00:00+01:00;4.5;4.3503517
1900-09-15 22:00:00+01:00;4.2;4.31437272
1900-09-15 23:00:00+01:00;3.4;4.3351325
1900-09-16 00:00:00+01:00;3;4.3859857
1900-09-16 01:00:00+01:00;2.5;4.42051025
1900-09-16 02:00:00+01:00;2.2;4.40139676
1900-09-16 03:00:00+01:00;-0.5;4.642337
1900-09-16 04:00:00+01:00;-1.2;4.68707834
1900-09-16 05:00:00+01:00;2.3;4.38924816
1900-09-16 06:00:00+01:00;2.7;4.3258045
1900-09-16 07:00:00+01:00;4.4;4.18302894
1900-09-16 08:00:00+01:00;5.6;4.13295002
1900-09-16 09:00:00+01:00;6.7;4.1156353
1900-09-16 10:00:00+01:00;8.9;4.02583726
1900-09-16 11:00:00+01:00;10.9;3.98125473
1900-09-16 12:00:00+01:00;12.4;3.97057812
1900-09-16 13:00:00+01:00;14.3;3.85756584
1900-09-16 14:00:00+01:00;15.2;3.83622286
1900-09-16 15:00:00+01:00;14.6;3.8617792
1900-09-16 16:00:00+01:00;14.6;3.7937493
1900-09-16 17:00:00+01:00;13.7;3.81790001
1900-09-16 18:00:00+01:00;12.8;3.78185882
1900-09-16 19:00:00+01:00;11.8;3.79998984
1900-09-16 20:00:00+01:00;12;3.713587
1900-09-16 21:00:00+01:00;10.6;3.78145106
1900-09-16 22:00:00+01:00;10.5;3.76240515
1900-09-16 23:00:00+01:00;9.9;3.73319025
1900-09-17 00:00:00+01:00;8.6;4.07134264
1900-09-17 01:00:00+01:00;8.9;4.05722434
1900-09-17 02:00:00+01:00;8.5;4.05648675
1900-09-17 03:00:00+01:00;7.6;4.15415444
1900-09-17 04:00:00+01:00;7.9;4.16556264
1900-09-17 05:00:00+01:00;7.6;4.66802306
1900-09-17 06:00:00+01:00;8.1;5.98130954
1900-09-17 07:00:00+01:00;9.4;8.685608
1900-09-17 08:00:00+01:00;11;11.6057581
1900-09-17 09:00:00+01:00;11.3;13.56449486
1900-09-17 10:00:00+01:00;12.6;13.82534082
1900-09-17 11:00:00+01:00;12.3;13.80263765
1900-09-17 12:00:00+01:00;12;14.1571748
1900-09-17 13:00:00+01:00;12.1;13.64134611
1900-09-17 14:00:00+01:00;11.6;12.49050552
1900-09-17 15:00:00+01:00;12.1;10.73969455
1900-09-17 16:00:00+01:00;12.3;8.53886572
1900-09-17 17:00:00+01:00;12;6.7387748
1900-09-17 18:00:00+01:00;12.3;5.79279202
1900-09-17 19:00:00+01:00;12.5;5.1751725
1900-09-17 20:00:00+01:00;12.5;4.776021
1900-09-17 21:00:00+01:00;12.2;4.36386378
1900-09-17 22:00:00+01:00;12.4;4.04611042
1900-09-17 23:00:00+01:00;12.1;3.8365185
1900-09-18 00:00:00+01:00;11.6;3.82765834
1900-09-18 01:00:00+01:00;11.5;3.8490257
1900-09-18 02:00:00+01:00;11.5;3.80409885
1900-09-18 03:00:00+01:00;11.2;3.85316708
1900-09-18 04:00:00+01:00;11.1;3.87506216
1900-09-18 05:00:00+01:00;10.3;4.42948103
1900-09-18 06:00:00+01:00;10.5;5.6893577
1900-09-18 07:00:00+01:00;11.4;8.377788
1900-09-18 08:00:00+01:00;13;11.2123343
1900-09-18 09:00:00+01:00;13.6;13.14415192
1900-09-18 10:00:00+01:00;14.4;13.49754408
1900-09-18 11:00:00+01:00;14.7;13.40266685
1900-09-18 12:00:00+01:00;15.3;13.58180792
1900-09-18 13:00:00+01:00;14.4;13.23307104
1900-09-18 14:00:00+01:00;14.2;12.13040474
1900-09-18 15:00:00+01:00;15;10.4096615
1900-09-18 16:00:00+01:00;14.4;8.36966116
1900-09-18 17:00:00+01:00;14.8;6.52074972
1900-09-18 18:00:00+01:00;14;5.6195236
1900-09-18 19:00:00+01:00;12.1;5.21709402
1900-09-18 20:00:00+01:00;10.2;4.9875014
1900-09-18 21:00:00+01:00;9.5;4.59441435
1900-09-18 22:00:00+01:00;8.1;4.36056168
1900-09-18 23:00:00+01:00;8;4.1586432
1900-09-19 00:00:00+01:00;8.2;4.10383388
1900-09-19 01:00:00+01:00;9.8;3.98515558
1900-09-19 02:00:00+01:00;9.8;3.94711866
1900-09-19 03:00:00+01:00;10;3.9534962
1900-09-19 04:00:00+01:00;10;3.9749217
1900-09-19 05:00:00+01:00;10;4.4559857
1900-09-19 06:00:00+01:00;10.2;5.72585168
1900-09-19 07:00:00+01:00;11;8.439352
1900-09-19 08:00:00+01:00;11.3;11.54674453
1900-09-19 09:00:00+01:00;13.3;13.19897926
1900-09-19 10:00:00+01:00;14.1;13.55217687
1900-09-19 11:00:00+01:00;15.2;13.3193396
1900-09-19 12:00:00+01:00;15.9;13.47719576
1900-09-19 13:00:00+01:00;16.7;12.82479597
1900-09-19 14:00:00+01:00;17.3;11.70105381
1900-09-19 15:00:00+01:00;16.9;10.19343295
1900-09-19 16:00:00+01:00;16;8.2407434
1900-09-19 17:00:00+01:00;15.8;6.44288362
1900-09-19 18:00:00+01:00;14.4;5.57875456
1900-09-19 19:00:00+01:00;15.9;4.81883958
1900-09-19 20:00:00+01:00;14.3;4.6105146
1900-09-19 21:00:00+01:00;13.5;4.25285795
1900-09-19 22:00:00+01:00;15;3.660024
1900-09-19 23:00:00+01:00;12.1;3.8365185
1900-09-20 00:00:00+01:00;12.7;3.492001
1900-09-20 01:00:00+01:00;12.5;3.7689493
1900-09-20 02:00:00+01:00;11.7;3.78727299
1900-09-20 03:00:00+01:00;11.5;3.8280848
1900-09-20 04:00:00+01:00;9.3;4.03846868
1900-09-20 05:00:00+01:00;8.7;4.57083927
1900-09-20 06:00:00+01:00;10.4;5.70152236
1900-09-20 07:00:00+01:00;11.5;8.362397
1900-09-20 08:00:00+01:00;13.5;11.11397835
1900-09-20 09:00:00+01:00;14.8;12.92484256
1900-09-20 10:00:00+01:00;16;13.2061692
1900-09-20 11:00:00+01:00;16.9;13.03602695
1900-09-20 12:00:00+01:00;17.5;13.19823
1900-09-20 13:00:00+01:00;17.7;12.64728507
1900-09-20 14:00:00+01:00;18;11.6041036
1900-09-20 15:00:00+01:00;18.3;10.03410665
1900-09-20 16:00:00+01:00;17.6;8.11182564
1900-09-20 17:00:00+01:00;16.4;6.39616396
1900-09-20 18:00:00+01:00;14.8;5.53798552
1900-09-20 19:00:00+01:00;15.1;4.90268262
1900-09-20 20:00:00+01:00;13.7;4.6656834
1900-09-20 21:00:00+01:00;12.9;4.30409141
1900-09-20 22:00:00+01:00;11.4;4.11923862
1900-09-20 23:00:00+01:00;10.3;3.9779391
1900-09-21 00:00:00+01:00;10.4;3.92513206
1900-09-21 01:00:00+01:00;10.9;3.89707154
1900-09-21 02:00:00+01:00;9.4;3.98077038
1900-09-21 03:00:00+01:00;8.4;4.08726836
1900-09-21 04:00:00+01:00;8.7;4.09293752
1900-09-21 05:00:00+01:00;9.4;4.50899504
1900-09-21 06:00:00+01:00;8.2;5.96914488
1900-09-21 07:00:00+01:00;9.8;8.624044
1900-09-21 08:00:00+01:00;11.2;11.56641572
1900-09-21 09:00:00+01:00;13.2;13.21725504
1900-09-21 10:00:00+01:00;14.7;13.44291129
1900-09-21 11:00:00+01:00;14.8;13.3860014
1900-09-21 12:00:00+01:00;15;13.634114
1900-09-21 13:00:00+01:00;15.1;13.10881341
1900-09-21 14:00:00+01:00;15.5;11.95035435
1900-09-21 15:00:00+01:00;15.8;10.3186179
1900-09-21 16:00:00+01:00;15.9;8.24880076
1900-09-21 17:00:00+01:00;15.9;6.43509701
1900-09-21 18:00:00+01:00;15.7;5.44625518
1900-09-21 19:00:00+01:00;15.5;4.8607611
1900-09-21 20:00:00+01:00;15.4;4.5093718
1900-09-21 21:00:00+01:00;15;4.1247743
1900-09-21 22:00:00+01:00;14;3.9291053
1900-09-21 23:00:00+01:00;12.2;3.8286618
1900-09-22 00:00:00+01:00;11;3.6950129
1900-09-22 01:00:00+01:00;12;3.6075772
1900-09-22 02:00:00+01:00;13.6;3.40239538
1900-09-22 03:00:00+01:00;13.5;3.4196526
1900-09-22 04:00:00+01:00;13;3.3805122
1900-09-22 05:00:00+01:00;13.4;3.31328298
1900-09-22 06:00:00+01:00;13.2;3.3276955
1900-09-22 07:00:00+01:00;12.5;3.4652604
1900-09-22 08:00:00+01:00;12.6;3.55359992
1900-09-22 09:00:00+01:00;14.2;3.5588053
1900-09-22 10:00:00+01:00;15.7;3.51990638
1900-09-22 11:00:00+01:00;16;3.6078261
1900-09-22 12:00:00+01:00;16.5;3.67266925
1900-09-22 13:00:00+01:00;16.6;3.69207348
1900-09-22 14:00:00+01:00;17.2;3.69355646
1900-09-22 15:00:00+01:00;16.7;3.6983026
1900-09-22 16:00:00+01:00;16.4;3.6389142
1900-09-22 17:00:00+01:00;15.6;3.64573778
1900-09-22 18:00:00+01:00;13.9;3.67584731
1900-09-22 19:00:00+01:00;14.1;3.57600618
1900-09-22 20:00:00+01:00;14;3.5224718
1900-09-22 21:00:00+01:00;13.6;3.50166386
1900-09-22 22:00:00+01:00;12.4;3.59593874
1900-09-22 23:00:00+01:00;12.7;3.47389205
1900-09-23 00:00:00+01:00;11.8;3.62591562
1900-09-23 01:00:00+01:00;10.9;3.70170629
1900-09-23 02:00:00+01:00;9.8;3.73539584
1900-09-23 03:00:00+01:00;9.8;3.74279062
1900-09-23 04:00:00+01:00;8.5;3.79456485
1900-09-23 05:00:00+01:00;8.9;3.74948508
1900-09-23 06:00:00+01:00;8.2;3.8029855
1900-09-23 07:00:00+01:00;9.7;3.71337792
1900-09-23 08:00:00+01:00;11.6;3.63636422
1900-09-23 09:00:00+01:00;12.4;3.6924445
1900-09-23 10:00:00+01:00;14.2;3.63150878
1900-09-23 11:00:00+01:00;13.8;3.76891296
1900-09-23 12:00:00+01:00;14.4;3.82525672
1900-09-23 13:00:00+01:00;14.2;3.86476116
1900-09-23 14:00:00+01:00;14;3.9218227
1900-09-23 15:00:00+01:00;13.9;3.9162714
1900-09-23 16:00:00+01:00;13.6;3.8797688
1900-09-23 17:00:00+01:00;12.9;3.89038937
1900-09-23 18:00:00+01:00;12.8;3.78185882
1900-09-23 19:00:00+01:00;12.8;3.70260564
1900-09-23 20:00:00+01:00;12.6;3.65625244
1900-09-23 21:00:00+01:00;12.6;3.59492626
1900-09-23 22:00:00+01:00;12.3;3.60470013
1900-09-23 23:00:00+01:00;12.6;3.4831527
1900-09-24 00:00:00+01:00;12.8;3.492001
1900-09-24 01:00:00+01:00;12.7;3.75293402
1900-09-24 02:00:00+01:00;13.4;3.497864
1900-09-24 03:00:00+01:00;13.1;3.585327
1900-09-24 04:00:00+01:00;12.7;3.601026
1900-09-24 05:00:00+01:00;12.6;4.22627856
1900-09-24 06:00:00+01:00;13;5.2502834
1900-09-24 07:00:00+01:00;13.1;8.116141
1900-09-24 08:00:00+01:00;13.3;11.15332073
1900-09-24 09:00:00+01:00;13.4;13.18070348
1900-09-24 10:00:00+01:00;13.2;13.71607524
1900-09-24 11:00:00+01:00;13.3;13.63598315
1900-09-24 12:00:00+01:00;13.5;13.8956444
1900-09-24 13:00:00+01:00;14;13.3040754
1900-09-24 14:00:00+01:00;14;12.1581048
1900-09-24 15:00:00+01:00;13.7;10.55760735
1900-09-24 16:00:00+01:00;13.7;8.42606268
1900-09-24 17:00:00+01:00;13.3;6.63754887
1900-09-24 18:00:00+01:00;12;5.8233688
1900-09-24 19:00:00+01:00;10.4;5.39526048
1900-09-24 20:00:00+01:00;8.6;5.1346182
1900-09-24 21:00:00+01:00;8.4;4.68834236
1900-09-24 22:00:00+01:00;8;4.3678745
1900-09-24 23:00:00+01:00;8.5;4.1193597
1900-09-25 00:00:00+01:00;8.7;4.06321983
1900-09-25 01:00:00+01:00;9.6;4.00117086
1900-09-25 02:00:00+01:00;10;3.9302928
1900-09-25 03:00:00+01:00;10;3.9534962
1900-09-25 04:00:00+01:00;10.1;3.96584356
1900-09-25 05:00:00+01:00;10;4.4559857
1900-09-25 06:00:00+01:00;10.4;5.70152236
1900-09-25 07:00:00+01:00;11.4;8.377788
1900-09-25 08:00:00+01:00;12.4;11.33036144
1900-09-25 09:00:00+01:00;13;13.2538066
1900-09-25 10:00:00+01:00;13.7;13.62502059
1900-09-25 11:00:00+01:00;15.6;13.2526778
1900-09-25 12:00:00+01:00;15;13.634114
1900-09-25 13:00:00+01:00;14.7;13.17981777
1900-09-25 14:00:00+01:00;14.2;12.13040474
1900-09-25 15:00:00+01:00;14.2;10.5007051
1900-09-25 16:00:00+01:00;13;8.4824642
1900-09-25 17:00:00+01:00;12;6.7387748
1900-09-25 18:00:00+01:00;11.3;5.89471462
1900-09-25 19:00:00+01:00;12;5.2275744
1900-09-25 20:00:00+01:00;11.4;4.8771638
1900-09-25 21:00:00+01:00;11.6;4.41509724
1900-09-25 22:00:00+01:00;11.3;4.12655144
1900-09-25 23:00:00+01:00;10.7;3.9465123
1900-09-26 00:00:00+01:00;10;3.9576233
1900-09-26 01:00:00+01:00;9.8;3.98515558
1900-09-26 02:00:00+01:00;9.3;3.98918331
1900-09-26 03:00:00+01:00;9.2;4.02038228
1900-09-26 04:00:00+01:00;8.4;4.12017194
1900-09-26 05:00:00+01:00;7.6;4.66802306
1900-09-26 06:00:00+01:00;7.2;6.09079148
1900-09-26 07:00:00+01:00;8;8.901082
1900-09-26 08:00:00+01:00;10;11.80247
1900-09-26 09:00:00+01:00;11.2;13.58277064
1900-09-26 10:00:00+01:00;12.3;13.87997361
1900-09-26 11:00:00+01:00;13;13.6859795
1900-09-26 12:00:00+01:00;13.4;13.91307976
1900-09-26 13:00:00+01:00;13.3;13.42833303
1900-09-26 14:00:00+01:00;14.3;12.11655471
1900-09-26 15:00:00+01:00;14.3;10.48932465
1900-09-26 16:00:00+01:00;14.5;8.3616038
1900-09-26 17:00:00+01:00;12.7;6.68426853
1900-09-26 18:00:00+01:00;10;6.027214
1900-09-26 19:00:00+01:00;6.8;5.77255416
1900-09-26 20:00:00+01:00;5.4;5.4288518
1900-09-26 21:00:00+01:00;6;4.8932762
1900-09-26 22:00:00+01:00;4.3;4.63844884
1900-09-26 23:00:00+01:00;4.4;4.4414844
1900-09-27 00:00:00+01:00;3.5;4.48560595
1900-09-27 01:00:00+01:00;3.3;4.50565218
1900-09-27 02:00:00+01:00;2.9;4.52761083
1900-09-27 03:00:00+01:00;3.7;4.48022408
1900-09-27 04:00:00+01:00;4.5;4.4742194
1900-09-27 05:00:00+01:00;5;4.8977302
1900-09-27 06:00:00+01:00;5.9;6.24893206
1900-09-27 07:00:00+01:00;6.1;9.193511
1900-09-27 08:00:00+01:00;6.9;12.41227689
1900-09-27 09:00:00+01:00;7.8;14.20414716
1900-09-27 10:00:00+01:00;8.2;14.62662174
1900-09-27 11:00:00+01:00;8.9;14.36926295
1900-09-27 12:00:00+01:00;9.5;14.5930588
1900-09-27 13:00:00+01:00;10.2;13.97861682
1900-09-27 14:00:00+01:00;10.6;12.62900582
1900-09-27 15:00:00+01:00;10.5;10.92178175
1900-09-27 16:00:00+01:00;10.3;8.70001292
1900-09-27 17:00:00+01:00;9.2;6.95679988
1900-09-27 18:00:00+01:00;8.1;6.22086694
1900-09-27 19:00:00+01:00;6.2;5.83543644
1900-09-27 20:00:00+01:00;5.5;5.419657
1900-09-27 21:00:00+01:00;5.4;4.94450966
1900-09-27 22:00:00+01:00;4.8;4.60188474
1900-09-27 23:00:00+01:00;5.2;4.3786308
1900-09-28 00:00:00+01:00;5.2;4.34751818
1900-09-28 01:00:00+01:00;5.1;4.36151466
1900-09-28 02:00:00+01:00;5.5;4.30887465
1900-09-28 03:00:00+01:00;6;4.2879266
1900-09-28 04:00:00+01:00;5.6;4.37435986
1900-09-28 05:00:00+01:00;6;4.8093813
1900-09-28 06:00:00+01:00;5;6.358414
1900-09-28 07:00:00+01:00;5;9.362812
1900-09-28 08:00:00+01:00;6.2;12.54997522
1900-09-28 09:00:00+01:00;7.3;14.29552606
1900-09-28 10:00:00+01:00;9.7;14.35345779
1900-09-28 11:00:00+01:00;10.1;14.16927755
1900-09-28 12:00:00+01:00;10.1;14.48844664
1900-09-28 13:00:00+01:00;11.1;13.81885701
1900-09-28 14:00:00+01:00;11;12.5736057
1900-09-28 15:00:00+01:00;11.5;10.80797725
1900-09-28 16:00:00+01:00;11;8.6436114
1900-09-28 17:00:00+01:00;10;6.894507
1900-09-28 18:00:00+01:00;9.6;6.06798304
1900-09-28 19:00:00+01:00;8.2;5.62582884
1900-09-28 20:00:00+01:00;7.5;5.235761
1900-09-28 21:00:00+01:00;7.1;4.79934819
1900-09-28 22:00:00+01:00;7.4;4.41175142
1900-09-28 23:00:00+01:00;7.1;4.2293535
1900-09-29 00:00:00+01:00;6.5;4.0836851
1900-09-29 01:00:00+01:00;6.9;4.04399389
1900-09-29 02:00:00+01:00;6.7;4.00705411
1900-09-29 03:00:00+01:00;6.6;4.02226134
1900-09-29 04:00:00+01:00;6.4;3.98778942
1900-09-29 05:00:00+01:00;6.1;4.02089972
1900-09-29 06:00:00+01:00;6.2;3.9931015
1900-09-29 07:00:00+01:00;6.4;4.00580214
1900-09-29 08:00:00+01:00;6.5;4.05846215
1900-09-29 09:00:00+01:00;7;4.0933621
1900-09-29 10:00:00+01:00;7;4.1672003
1900-09-29 11:00:00+01:00;7;4.2668178
1900-09-29 12:00:00+01:00;7.4;4.33388162
1900-09-29 13:00:00+01:00;7.8;4.32526164
1900-09-29 14:00:00+01:00;7.9;4.35695522
1900-09-29 15:00:00+01:00;8;4.3755628
1900-09-29 16:00:00+01:00;7.2;4.4302936
1900-09-29 17:00:00+01:00;7;4.4249984
1900-09-29 18:00:00+01:00;7.4;4.30227896
1900-09-29 19:00:00+01:00;7.5;4.2187419
1900-09-29 20:00:00+01:00;7.4;4.15315196
1900-09-29 21:00:00+01:00;7.4;4.07989074
1900-09-29 22:00:00+01:00;7.7;4.00772407
1900-09-29 23:00:00+01:00;7.8;3.9276639
1900-09-30 00:00:00+01:00;7.8;3.97140202
1900-09-30 01:00:00+01:00;8.2;3.93275042
1900-09-30 02:00:00+01:00;8.5;3.84931705
1900-09-30 03:00:00+01:00;8.3;3.87379252
1900-09-30 04:00:00+01:00;9;3.748559
1900-09-30 05:00:00+01:00;9;3.7397917
1900-09-30 06:00:00+01:00;9.3;3.6984217
1900-09-30 07:00:00+01:00;9.7;3.71337792
1900-09-30 08:00:00+01:00;10.4;3.73568138
1900-09-30 09:00:00+01:00;12.2;3.7072933
1900-09-30 10:00:00+01:00;14;3.6463891
1900-09-30 11:00:00+01:00;15;3.6810474
1900-09-30 12:00:00+01:00;15.8;3.72353174
1900-09-30 13:00:00+01:00;15.8;3.74963604
1900-09-30 14:00:00+01:00;16.1;3.77202298
1900-09-30 15:00:00+01:00;15.6;3.7839332
1900-09-30 16:00:00+01:00;14.6;3.7937493
1900-09-30 17:00:00+01:00;13.4;3.84508352
1900-09-30 18:00:00+01:00;13.2;3.74330918
1900-09-30 19:00:00+01:00;11.3;3.84868194
1900-09-30 20:00:00+01:00;11.1;3.79958884
1900-09-30 21:00:00+01:00;9.6;3.87471346
1900-09-30 22:00:00+01:00;9;3.893826
1900-09-30 23:00:00+01:00;9;3.8165361
1900-10-01 00:00:00+01:00;9.5;3.99823735
1900-10-01 01:00:00+01:00;9.4;4.01718614
1900-10-01 02:00:00+01:00;9.4;3.98077038
1900-10-01 03:00:00+01:00;9.7;3.97857848
1900-10-01 04:00:00+01:00;9.6;4.01123426
1900-10-01 05:00:00+01:00;9.3;4.51782993
1900-10-01 06:00:00+01:00;9.5;5.8110043
1900-10-01 07:00:00+01:00;9.8;8.624044
1900-10-01 08:00:00+01:00;9.9;11.82214119
1900-10-01 09:00:00+01:00;10.3;13.74725266
1900-10-01 10:00:00+01:00;11.1;14.09850477
1900-10-01 11:00:00+01:00;11.6;13.9192958
1900-10-01 12:00:00+01:00;11.8;14.19204552
1900-10-01 13:00:00+01:00;11.9;13.67684829
1900-10-01 14:00:00+01:00;12.3;12.39355531
1900-10-01 15:00:00+01:00;12.4;10.7055532
1900-10-01 16:00:00+01:00;12.9;8.49052156
1900-10-01 17:00:00+01:00;12.8;6.67648192
1900-10-01 18:00:00+01:00;10.5;5.9762527
1900-10-01 19:00:00+01:00;10;5.437182
1900-10-01 20:00:00+01:00;9;5.097839
1900-10-01 21:00:00+01:00;9;4.6371089
1900-10-01 22:00:00+01:00;8.5;4.3313104
1900-10-01 23:00:00+01:00;7.6;4.19007
1900-10-02 00:00:00+01:00;6.5;4.24192165
1900-10-02 01:00:00+01:00;7.5;4.1693313
1900-10-02 02:00:00+01:00;6.4;4.23315828
1900-10-02 03:00:00+01:00;6.3;4.26284432
1900-10-02 04:00:00+01:00;6.7;4.27450032
1900-10-02 05:00:00+01:00;7;4.7210324
1900-10-02 06:00:00+01:00;8;5.9934742
1900-10-02 07:00:00+01:00;8.2;8.8703
1900-10-02 08:00:00+01:00;9.4;11.92049714
1900-10-02 09:00:00+01:00;9.8;13.83863156
1900-10-02 10:00:00+01:00;10.5;14.20777035
1900-10-02 11:00:00+01:00;11;14.0192885
1900-10-02 12:00:00+01:00;11.4;14.26178696
1900-10-02 13:00:00+01:00;12;13.6590972
1900-10-02 14:00:00+01:00;12.5;12.36585525
1900-10-02 15:00:00+01:00;12.2;10.7283141
1900-10-02 16:00:00+01:00;11.8;8.57915252
1900-10-02 17:00:00+01:00;10.6;6.84778734
1900-10-02 18:00:00+01:00;9.3;6.09855982
1900-10-02 19:00:00+01:00;7.3;5.72015226
1900-10-02 20:00:00+01:00;7;5.281735
1900-10-02 21:00:00+01:00;6.6;4.84204274
1900-10-02 22:00:00+01:00;6.6;4.47025398
1900-10-02 23:00:00+01:00;7;4.2372102
1900-10-03 00:00:00+01:00;6.5;4.24192165
1900-10-03 01:00:00+01:00;7;4.2093695
1900-10-03 02:00:00+01:00;7.1;4.17426777
1900-10-03 03:00:00+01:00;7.2;4.18759748
1900-10-03 04:00:00+01:00;8.1;4.14740636
1900-10-03 05:00:00+01:00;8.7;4.57083927
1900-10-03 06:00:00+01:00;8.9;5.88399226
1900-10-03 07:00:00+01:00;9.4;8.685608
1900-10-03 08:00:00+01:00;9.6;11.88115476
1900-10-03 09:00:00+01:00;9.8;13.83863156
1900-10-03 10:00:00+01:00;9.8;14.33524686
1900-10-03 11:00:00+01:00;9.9;14.20260845
1900-10-03 12:00:00+01:00;10.2;14.47101128
1900-10-03 13:00:00+01:00;10.7;13.88986137
1900-10-03 14:00:00+01:00;11.4;12.51820558
1900-10-03 15:00:00+01:00;12.5;10.69417275
1900-10-03 16:00:00+01:00;12.2;8.54692308
1900-10-03 17:00:00+01:00;10.9;6.82442751
1900-10-03 18:00:00+01:00;10;6.027214
1900-10-03 19:00:00+01:00;9.2;5.52102504
1900-10-03 20:00:00+01:00;8.7;5.1254234
1900-10-03 21:00:00+01:00;7.1;4.79934819
1900-10-03 22:00:00+01:00;6.4;4.48487962
1900-10-03 23:00:00+01:00;5.6;4.347204
1900-10-04 00:00:00+01:00;4.8;4.38000942
1900-10-04 01:00:00+01:00;4.4;4.41756814
1900-10-04 02:00:00+01:00;4.5;4.39300395
1900-10-04 03:00:00+01:00;4.2;4.43842028
1900-10-04 04:00:00+01:00;4.3;4.49237568
1900-10-04 05:00:00+01:00;4.8;4.91539998
1900-10-04 06:00:00+01:00;4.3;6.44356662
1900-10-04 07:00:00+01:00;4.9;9.378203
1900-10-04 08:00:00+01:00;7.5;12.29424975
1900-10-04 09:00:00+01:00;10.6;13.69242532
1900-10-04 10:00:00+01:00;12.1;13.91639547
1900-10-04 11:00:00+01:00;13.5;13.60265225
1900-10-04 12:00:00+01:00;15.4;13.56437256
1900-10-04 13:00:00+01:00;16.2;12.91355142
1900-10-04 14:00:00+01:00;13;12.2966051
1900-10-04 15:00:00+01:00;12.2;10.7283141
1900-10-04 16:00:00+01:00;11;8.6436114
1900-10-04 17:00:00+01:00;10;6.894507
1900-10-04 18:00:00+01:00;9.7;6.05779078
1900-10-04 19:00:00+01:00;8.6;5.58390732
1900-10-04 20:00:00+01:00;7.4;5.2449558
1900-10-04 21:00:00+01:00;7.2;4.79080928
1900-10-04 22:00:00+01:00;6.7;4.46294116
1900-10-04 23:00:00+01:00;6.2;4.3000638
1900-10-05 00:00:00+01:00;5.8;4.29878132
1900-10-05 01:00:00+01:00;4.8;4.38553758
1900-10-05 02:00:00+01:00;3.4;4.48554618
1900-10-05 03:00:00+01:00;2.4;4.58891396
1900-10-05 04:00:00+01:00;2.4;4.66486034
1900-10-05 05:00:00+01:00;1.9;5.17161179
1900-10-05 06:00:00+01:00;3.6;6.52871924
1900-10-05 07:00:00+01:00;4.8;9.393594
1900-10-05 08:00:00+01:00;5.5;12.68767355
1900-10-05 09:00:00+01:00;7;14.3503534
1900-10-05 10:00:00+01:00;7.7;14.71767639
1900-10-05 11:00:00+01:00;8.5;14.43592475
1900-10-05 12:00:00+01:00;9.2;14.64536488
1900-10-05 13:00:00+01:00;9.6;14.08512336
1900-10-05 14:00:00+01:00;8.8;12.87830636
1900-10-05 15:00:00+01:00;8.9;11.10386895
1900-10-05 16:00:00+01:00;8.9;8.81281596
1900-10-05 17:00:00+01:00;6.1;7.19818479
1900-10-05 18:00:00+01:00;5;6.536827
1900-10-05 19:00:00+01:00;3.4;6.12888708
1900-10-05 20:00:00+01:00;2.6;5.6863062
1900-10-05 21:00:00+01:00;2.5;5.19213805
1900-10-05 22:00:00+01:00;1.4;4.85052062
1900-10-05 23:00:00+01:00;1;4.7086122
1900-10-06 00:00:00+01:00;0.5;4.6019147
1900-10-06 01:00:00+01:00;0.5;4.59165405
1900-10-06 02:00:00+01:00;0.1;4.58542333
1900-10-06 03:00:00+01:00;-1;4.6860043
1900-10-06 04:00:00+01:00;-0.3;4.60426781
1900-10-06 05:00:00+01:00;0.1;4.60250252
1900-10-06 06:00:00+01:00;0.2;4.5634495
1900-10-06 07:00:00+01:00;0.4;4.53748254
1900-10-06 08:00:00+01:00;1.6;4.46400722
1900-10-06 09:00:00+01:00;3.8;4.3309429
1900-10-06 10:00:00+01:00;5;4.3160035
1900-10-06 11:00:00+01:00;6.4;4.31075058
1900-10-06 12:00:00+01:00;7.3;4.34114769
1900-10-06 13:00:00+01:00;8.5;4.2748944
1900-10-06 14:00:00+01:00;8.5;4.3141553
1900-10-06 15:00:00+01:00;8;4.3755628
1900-10-06 16:00:00+01:00;8.1;4.35287605
1900-10-06 17:00:00+01:00;6.3;4.48842659
1900-10-06 18:00:00+01:00;3.5;4.67813795
1900-10-06 19:00:00+01:00;2.2;4.73487816
1900-10-06 20:00:00+01:00;0.9;4.77427636
1900-10-06 21:00:00+01:00;1.2;4.65811762
1900-10-06 22:00:00+01:00;-1;4.769965
1900-10-06 23:00:00+01:00;-1.2;4.7611224
1900-10-07 00:00:00+01:00;-2.5;4.8610295
1900-10-07 01:00:00+01:00;-2.1;4.81414099
1900-10-07 02:00:00+01:00;-4.3;4.97100281
1900-10-07 03:00:00+01:00;-4.6;5.00040886
1900-10-07 04:00:00+01:00;-5.3;5.06432631
1900-10-07 05:00:00+01:00;-6.3;5.22287884
1900-10-07 06:00:00+01:00;-6.8;5.2288555
1900-10-07 07:00:00+01:00;-3;4.8387681
1900-10-07 08:00:00+01:00;2;4.4309015
1900-10-07 09:00:00+01:00;4;4.3160941
1900-10-07 10:00:00+01:00;5.9;4.24904206
1900-10-07 11:00:00+01:00;7.6;4.22288502
1900-10-07 12:00:00+01:00;8.7;4.23942271
1900-10-07 13:00:00+01:00;9;4.2389178
1900-10-07 14:00:00+01:00;9.4;4.24995542
1900-10-07 15:00:00+01:00;9.3;4.274363
1900-10-07 16:00:00+01:00;8.8;4.2926624
1900-10-07 17:00:00+01:00;7.6;4.37063138
1900-10-07 18:00:00+01:00;7.1;4.33119119
1900-10-07 19:00:00+01:00;7.2;4.24795716
1900-10-07 20:00:00+01:00;5.7;4.31559988
1900-10-07 21:00:00+01:00;6;4.2104581
1900-10-07 22:00:00+01:00;5.1;4.23552021
1900-10-07 23:00:00+01:00;4.1;4.27030795
1900-10-08 00:00:00+01:00;4.1;4.43686909
1900-10-08 01:00:00+01:00;3.3;4.50565218
1900-10-08 02:00:00+01:00;0.6;4.72110822
1900-10-08 03:00:00+01:00;-1.2;4.88990132
1900-10-08 04:00:00+01:00;-1.5;5.0189078
1900-10-08 05:00:00+01:00;-3.1;5.61335629
1900-10-08 06:00:00+01:00;-3.9;7.44106874
1900-10-08 07:00:00+01:00;-2;10.440182
1900-10-08 08:00:00+01:00;3.2;13.14011092
1900-10-08 09:00:00+01:00;5.3;14.66104166
1900-10-08 10:00:00+01:00;6.5;14.93620755
1900-10-08 11:00:00+01:00;8.4;14.4525902
1900-10-08 12:00:00+01:00;9.3;14.62792952
1900-10-08 13:00:00+01:00;10;14.014119
1900-10-08 14:00:00+01:00;10.4;12.65670588
1900-10-08 15:00:00+01:00;10;10.978684
1900-10-08 16:00:00+01:00;10;8.724185
1900-10-08 17:00:00+01:00;8.6;7.00351954
1900-10-08 18:00:00+01:00;4.6;6.57759604
1900-10-08 19:00:00+01:00;3;6.1708086
1900-10-08 20:00:00+01:00;1.8;5.7598646
1900-10-08 21:00:00+01:00;1;5.3202217
1900-10-08 22:00:00+01:00;0;4.9529001
1900-10-08 23:00:00+01:00;-0.3;4.8107493
1900-10-09 00:00:00+01:00;-0.6;4.81864116
1900-10-09 01:00:00+01:00;-0.7;4.82595778
1900-10-09 02:00:00+01:00;-1.7;4.91460561
1900-10-09 03:00:00+01:00;-2.3;4.98186968
1900-10-09 04:00:00+01:00;-3.5;5.2004706
1900-10-09 05:00:00+01:00;-2.5;5.56034695
1900-10-09 06:00:00+01:00;-3.4;7.38024544
1900-10-09 07:00:00+01:00;-2.8;10.56331
1900-10-09 08:00:00+01:00;2.1;13.35649401
1900-10-09 09:00:00+01:00;5.4;14.64276588
1900-10-09 10:00:00+01:00;6.6;14.91799662
1900-10-09 11:00:00+01:00;8.4;14.4525902
1900-10-09 12:00:00+01:00;9.1;14.66280024
1900-10-09 13:00:00+01:00;10.2;13.97861682
1900-10-09 14:00:00+01:00;10.8;12.60130576
1900-10-09 15:00:00+01:00;10.4;10.9331622
1900-10-09 16:00:00+01:00;9.9;8.73224236
1900-10-09 17:00:00+01:00;8.4;7.01909276
1900-10-09 18:00:00+01:00;4.9;6.54701926
1900-10-09 19:00:00+01:00;3.9;6.07648518
1900-10-09 20:00:00+01:00;2.8;5.6679166
1900-10-09 21:00:00+01:00;1.4;5.28606606
1900-10-09 22:00:00+01:00;0.6;4.90902318
1900-10-09 23:00:00+01:00;-0.1;4.7950359
1900-10-10 00:00:00+01:00;0.1;4.76178149
1900-10-10 01:00:00+01:00;1.2;4.67381262
1900-10-10 02:00:00+01:00;0.4;4.73793408
1900-10-10 03:00:00+01:00;1.7;4.64743928
1900-10-10 04:00:00+01:00;-0.5;4.9281264
1900-10-10 05:00:00+01:00;0.2;5.32180492
1900-10-10 06:00:00+01:00;0.7;6.88149438
1900-10-10 07:00:00+01:00;1.2;9.94767
1900-10-10 08:00:00+01:00;3.3;13.12043973
1900-10-10 09:00:00+01:00;5.8;14.56966276
1900-10-10 10:00:00+01:00;6.7;14.89978569
1900-10-10 11:00:00+01:00;7;14.6859065
1900-10-10 12:00:00+01:00;7.7;14.90689528
1900-10-10 13:00:00+01:00;8.4;14.29813644
1900-10-10 14:00:00+01:00;8.2;12.96140654
1900-10-10 15:00:00+01:00;8.2;11.1835321
1900-10-10 16:00:00+01:00;7.6;8.91756164
1900-10-10 17:00:00+01:00;6.8;7.14367852
1900-10-10 18:00:00+01:00;6;6.4349044
1900-10-10 19:00:00+01:00;5.7;5.88783834
1900-10-10 20:00:00+01:00;5.6;5.4104622
1900-10-10 21:00:00+01:00;5.6;4.92743184
1900-10-10 22:00:00+01:00;5.3;4.56532064
1900-10-10 23:00:00+01:00;5.2;4.3786308
1900-10-11 00:00:00+01:00;5;4.3637638
1900-10-11 01:00:00+01:00;4.2;4.43358342
1900-10-11 02:00:00+01:00;3.6;4.46872032
1900-10-11 03:00:00+01:00;3.4;4.50530636
1900-10-11 04:00:00+01:00;3.6;4.55592266
1900-10-11 05:00:00+01:00;3.7;5.01258377
1900-10-11 06:00:00+01:00;4;6.4800606
1900-10-11 07:00:00+01:00;3.9;9.532113
1900-10-11 08:00:00+01:00;4.2;12.94339902
1900-10-11 09:00:00+01:00;4.6;14.78897212
1900-10-11 10:00:00+01:00;5;15.2093715
1900-10-11 11:00:00+01:00;5.1;15.00255005
1900-10-11 12:00:00+01:00;5.2;15.34277928
1900-10-11 13:00:00+01:00;5.4;14.83066914
1900-10-11 14:00:00+01:00;5.6;13.32150732
1900-10-11 15:00:00+01:00;5.4;11.5021847
1900-10-11 16:00:00+01:00;5.8;9.06259412
1900-10-11 17:00:00+01:00;5.9;7.21375801
1900-10-11 18:00:00+01:00;5.8;6.45528892
1900-10-11 19:00:00+01:00;5.8;5.87735796
1900-10-11 20:00:00+01:00;6;5.373683
1900-10-11 21:00:00+01:00;6.7;4.83350383
1900-10-11 22:00:00+01:00;7.5;4.4044386
1900-10-11 23:00:00+01:00;7.5;4.1979267
1900-10-12 00:00:00+01:00;7.8;4.13632512
1900-10-12 01:00:00+01:00;7.7;4.15331602
1900-10-12 02:00:00+01:00;7.9;4.10696433
1900-10-12 03:00:00+01:00;7.4;4.17087596
1900-10-12 04:00:00+01:00;7.7;4.18371892
1900-10-12 05:00:00+01:00;7.7;4.65918817
1900-10-12 06:00:00+01:00;8;5.9934742
1900-10-12 07:00:00+01:00;7.8;8.931864
1900-10-12 08:00:00+01:00;8;12.1958938
1900-10-12 09:00:00+01:00;8.1;14.14931982
1900-10-12 10:00:00+01:00;8;14.6630436
1900-10-12 11:00:00+01:00;8.4;14.4525902
1900-10-12 12:00:00+01:00;9;14.6802356
1900-10-12 13:00:00+01:00;9.2;14.15612772
1900-10-12 14:00:00+01:00;9.1;12.83675627
1900-10-12 15:00:00+01:00;9.5;11.03558625
1900-10-12 16:00:00+01:00;9.4;8.77252916
1900-10-12 17:00:00+01:00;9.3;6.94901327
1900-10-12 18:00:00+01:00;9.1;6.11894434
1900-10-12 19:00:00+01:00;9.1;5.53150542
1900-10-12 20:00:00+01:00;8.9;5.1070338
1900-10-12 21:00:00+01:00;9;4.6371089
1900-10-12 22:00:00+01:00;8.2;4.35324886
1900-10-12 23:00:00+01:00;5.9;4.3236339
1900-10-13 00:00:00+01:00;5;4.2132425
1900-10-13 01:00:00+01:00;4.7;4.23225207
1900-10-13 02:00:00+01:00;4.8;4.17355434
1900-10-13 03:00:00+01:00;7;3.9873275
1900-10-13 04:00:00+01:00;6.8;3.95098474
1900-10-13 05:00:00+01:00;7.4;3.89488578
1900-10-13 06:00:00+01:00;7.6;3.8600203
1900-10-13 07:00:00+01:00;8;3.8640207
1900-10-13 08:00:00+01:00;9;3.8515514
1900-10-13 09:00:00+01:00;11.6;3.7518397
1900-10-13 10:00:00+01:00;12.7;3.74311118
1900-10-13 11:00:00+01:00;13.4;3.79820148
1900-10-13 12:00:00+01:00;14.3;3.83252279
1900-10-13 13:00:00+01:00;14;3.8791518
1900-10-13 14:00:00+01:00;15.9;3.78628962
1900-10-13 15:00:00+01:00;13.9;3.9162714
1900-10-13 16:00:00+01:00;13.4;3.8969727
1900-10-13 17:00:00+01:00;12.6;3.91757288
1900-10-13 18:00:00+01:00;12.8;3.78185882
1900-10-13 19:00:00+01:00;12;3.780513
1900-10-13 20:00:00+01:00;11.7;3.74225428
1900-10-13 21:00:00+01:00;11.4;3.70684114
1900-10-13 22:00:00+01:00;11.2;3.70107542
1900-10-13 23:00:00+01:00;11.3;3.60354115
1900-10-14 00:00:00+01:00;11;3.6950129
1900-10-14 01:00:00+01:00;10.8;3.71026348
1900-10-14 02:00:00+01:00;10.5;3.67405365
1900-10-14 03:00:00+01:00;9.4;3.77772446
1900-10-14 04:00:00+01:00;8;3.8405707
1900-10-14 05:00:00+01:00;8.3;3.80764536
1900-10-14 06:00:00+01:00;10.2;3.6128695
1900-10-14 07:00:00+01:00;9.7;3.71337792
1900-10-14 08:00:00+01:00;10;3.7687871
1900-10-14 09:00:00+01:00;11.2;3.7815373
1900-10-14 10:00:00+01:00;11.4;3.83983326
1900-10-14 11:00:00+01:00;13.9;3.76159083
1900-10-14 12:00:00+01:00;15.6;3.73806388
1900-10-14 13:00:00+01:00;16.8;3.67768284
1900-10-14 14:00:00+01:00;17.2;3.69355646
1900-10-14 15:00:00+01:00;15.1;3.8228562
1900-10-14 16:00:00+01:00;11.7;4.04320585
1900-10-14 17:00:00+01:00;11.9;3.98100107
1900-10-14 18:00:00+01:00;11.8;3.87823292
1900-10-14 19:00:00+01:00;10.6;3.91685088
1900-10-14 20:00:00+01:00;10;3.9047022
1900-10-14 21:00:00+01:00;10;3.8374085
1900-10-14 22:00:00+01:00;9.6;3.84125766
1900-10-14 23:00:00+01:00;8.6;3.8535787
1900-10-15 00:00:00+01:00;7.3;4.17693917
1900-10-15 01:00:00+01:00;8.4;4.09726254
1900-10-15 02:00:00+01:00;8;4.0985514
1900-10-15 03:00:00+01:00;7.3;4.17923672
1900-10-15 04:00:00+01:00;6.8;4.26542218
1900-10-15 05:00:00+01:00;6.4;4.77404174
1900-10-15 06:00:00+01:00;6;6.2367674
1900-10-15 07:00:00+01:00;6;9.208902
1900-10-15 08:00:00+01:00;6.2;12.54997522
1900-10-15 09:00:00+01:00;6.3;14.47828386
1900-10-15 10:00:00+01:00;6.7;14.89978569
1900-10-15 11:00:00+01:00;7;14.6859065
1900-10-15 12:00:00+01:00;7;15.0289428
1900-10-15 13:00:00+01:00;7.4;14.47564734
1900-10-15 14:00:00+01:00;7.6;13.04450672
1900-10-15 15:00:00+01:00;7.4;11.2745757
1900-10-15 16:00:00+01:00;7.4;8.93367636
1900-10-15 17:00:00+01:00;7.2;7.11253208
1900-10-15 18:00:00+01:00;7;6.3329818
1900-10-15 19:00:00+01:00;7;5.7515934
1900-10-15 20:00:00+01:00;6.9;5.2909298
1900-10-15 21:00:00+01:00;6.8;4.82496492
1900-10-15 22:00:00+01:00;6.5;4.4775668
1900-10-15 23:00:00+01:00;6;4.3157772
1900-10-16 00:00:00+01:00;6;4.2825357
1900-10-16 01:00:00+01:00;6;4.2894459
1900-10-16 02:00:00+01:00;6;4.26681
1900-10-16 03:00:00+01:00;6.2;4.27120508
1900-10-16 04:00:00+01:00;6.3;4.31081288
1900-10-16 05:00:00+01:00;6.2;4.79171152
1900-10-16 06:00:00+01:00;6.2;6.21243808
1900-10-16 07:00:00+01:00;6.1;9.193511
1900-10-16 08:00:00+01:00;6.3;12.53030403
1900-10-16 09:00:00+01:00;6.2;14.49655964
1900-10-16 10:00:00+01:00;6.9;14.86336383
1900-10-16 11:00:00+01:00;8.4;14.4525902
1900-10-16 12:00:00+01:00;8.8;14.71510632
1900-10-16 13:00:00+01:00;8.9;14.20938099
1900-10-16 14:00:00+01:00;8.7;12.89215639
1900-10-16 15:00:00+01:00;8.6;11.1380103
1900-10-16 16:00:00+01:00;8.9;8.81281596
1900-10-16 17:00:00+01:00;9.2;6.95679988
1900-10-16 18:00:00+01:00;9.2;6.10875208
1900-10-16 19:00:00+01:00;8.8;5.56294656
1900-10-16 20:00:00+01:00;8.8;5.1162286
1900-10-16 21:00:00+01:00;8.4;4.68834236
1900-10-16 22:00:00+01:00;8.1;4.36056168
1900-10-16 23:00:00+01:00;8.6;4.111503
1900-10-17 00:00:00+01:00;8.3;4.09571107
1900-10-17 01:00:00+01:00;8.3;4.10527018
1900-10-17 02:00:00+01:00;8.1;4.09013847
1900-10-17 03:00:00+01:00;8.2;4.10398988
1900-10-17 04:00:00+01:00;7.8;4.17464078
1900-10-17 05:00:00+01:00;6.9;4.72986729
1900-10-17 06:00:00+01:00;6.8;6.13945012
1900-10-17 07:00:00+01:00;6.8;9.085774
1900-10-17 08:00:00+01:00;6.2;12.54997522
1900-10-17 09:00:00+01:00;6.6;14.42345652
1900-10-17 10:00:00+01:00;6.7;14.89978569
1900-10-17 11:00:00+01:00;7.8;14.5525829
1900-10-17 12:00:00+01:00;8.2;14.81971848
1900-10-17 13:00:00+01:00;8.2;14.33363862
1900-10-17 14:00:00+01:00;8;12.9891066
1900-10-17 15:00:00+01:00;7.3;11.28595615
1900-10-17 16:00:00+01:00;7.6;8.91756164
1900-10-17 17:00:00+01:00;6.3;7.18261157
1900-10-17 18:00:00+01:00;5.6;6.47567344
1900-10-17 19:00:00+01:00;5.7;5.88783834
1900-10-17 20:00:00+01:00;5.7;5.4012674
1900-10-17 21:00:00+01:00;5.5;4.93597075
1900-10-17 22:00:00+01:00;5.4;4.55800782
1900-10-17 23:00:00+01:00;5.2;4.3786308
1900-10-18 00:00:00+01:00;5.8;4.29878132
1900-10-18 01:00:00+01:00;5.6;4.32147646
1900-10-18 02:00:00+01:00;5.6;4.30046172
1900-10-18 03:00:00+01:00;5.2;4.35481268
1900-10-18 04:00:00+01:00;5.2;4.41067242
1900-10-18 05:00:00+01:00;5.2;4.88006042
1900-10-18 06:00:00+01:00;4.6;6.40707264
1900-10-18 07:00:00+01:00;4.4;9.455158
1900-10-18 08:00:00+01:00;5.4;12.70734474
1900-10-18 09:00:00+01:00;7.1;14.33207762
1900-10-18 10:00:00+01:00;7.6;14.73588732
1900-10-18 11:00:00+01:00;8.4;14.4525902
1900-10-18 12:00:00+01:00;8.6;14.74997704
1900-10-18 13:00:00+01:00;9;14.1916299
1900-10-18 14:00:00+01:00;9.2;12.82290624
1900-10-18 15:00:00+01:00;9;11.0924885
1900-10-18 16:00:00+01:00;8.7;8.82893068
1900-10-18 17:00:00+01:00;6.6;7.15925174
1900-10-18 18:00:00+01:00;5.7;6.46548118
1900-10-18 19:00:00+01:00;4.7;5.99264214
1900-10-18 20:00:00+01:00;3;5.649527
1900-10-18 21:00:00+01:00;2.4;5.20067696
1900-10-18 22:00:00+01:00;2.8;4.74814114
1900-10-18 23:00:00+01:00;2.5;4.5907617
1900-10-19 00:00:00+01:00;2;4.6074481
1900-10-19 01:00:00+01:00;0.5;4.7298661
1900-10-19 02:00:00+01:00;-0.3;4.79682459
1900-10-19 03:00:00+01:00;-1;4.8731798
1900-10-19 04:00:00+01:00;-1.4;5.00982966
1900-10-19 05:00:00+01:00;-2;5.5161725
1900-10-19 06:00:00+01:00;-2.4;7.25859884
1900-10-19 07:00:00+01:00;-1.7;10.394009
1900-10-19 08:00:00+01:00;0.6;13.65156186
1900-10-19 09:00:00+01:00;2.6;15.15448772
1900-10-19 10:00:00+01:00;4.5;15.30042615
1900-10-19 11:00:00+01:00;5.5;14.93588825
1900-10-19 12:00:00+01:00;6.4;15.13355496
1900-10-19 13:00:00+01:00;8;14.3691408
1900-10-19 14:00:00+01:00;8.6;12.90600642
1900-10-19 15:00:00+01:00;7.8;11.2290539
1900-10-19 16:00:00+01:00;6.2;9.03036468
1900-10-19 17:00:00+01:00;3.7;7.38506343
1900-10-19 18:00:00+01:00;2.7;6.77124898
1900-10-19 19:00:00+01:00;0.6;6.42233772
1900-10-19 20:00:00+01:00;-0.3;5.9529554
1900-10-19 21:00:00+01:00;0;5.4056108
1900-10-19 22:00:00+01:00;-0.6;4.99677702
1900-10-19 23:00:00+01:00;-0.8;4.8500328
1900-10-20 00:00:00+01:00;-0.7;4.70556062
1900-10-20 01:00:00+01:00;-0.6;4.68578314
1900-10-20 02:00:00+01:00;0.4;4.55913382
1900-10-20 03:00:00+01:00;1;4.5113351
1900-10-20 04:00:00+01:00;2;4.3926409
1900-10-20 05:00:00+01:00;2.6;4.36016802
1900-10-20 06:00:00+01:00;3;4.2972871
1900-10-20 07:00:00+01:00;2.8;4.32481038
1900-10-20 08:00:00+01:00;4.4;4.23226718
1900-10-20 09:00:00+01:00;8.5;3.9819961
1900-10-20 10:00:00+01:00;9.3;3.99607662
1900-10-20 11:00:00+01:00;9.5;4.08376455
1900-10-20 12:00:00+01:00;9.7;4.16676201
1900-10-20 13:00:00+01:00;9.8;4.18135524
1900-10-20 14:00:00+01:00;9.9;4.21428882
1900-10-20 15:00:00+01:00;9.7;4.2432246
1900-10-20 16:00:00+01:00;9;4.2754585
1900-10-20 17:00:00+01:00;9.1;4.23471383
1900-10-20 18:00:00+01:00;9.5;4.09989335
1900-10-20 19:00:00+01:00;9.8;3.99475824
1900-10-20 20:00:00+01:00;9.6;3.94292524
1900-10-20 21:00:00+01:00;9.4;3.89336594
1900-10-20 22:00:00+01:00;8.5;3.93763295
1900-10-20 23:00:00+01:00;8.4;3.8721
1900-10-21 00:00:00+01:00;7.2;4.02322498
1900-10-21 01:00:00+01:00;7.4;4.00120794
1900-10-21 02:00:00+01:00;7.2;3.96323826
1900-10-21 03:00:00+01:00;6.8;4.00479442
1900-10-21 04:00:00+01:00;6.8;3.95098474
1900-10-21 05:00:00+01:00;6.8;3.95304606
1900-10-21 06:00:00+01:00;6.5;3.9645841
1900-10-21 07:00:00+01:00;6.9;3.96149544
1900-10-21 08:00:00+01:00;7.4;3.98397428
1900-10-21 09:00:00+01:00;8.8;3.9597229
1900-10-21 10:00:00+01:00;8.9;4.02583726
1900-10-21 11:00:00+01:00;10.7;3.99589899
1900-10-21 12:00:00+01:00;12;3.9996424
1900-10-21 13:00:00+01:00;13.3;3.92951904
1900-10-21 14:00:00+01:00;15;3.8504895
1900-10-21 15:00:00+01:00;14;3.9084868
1900-10-21 16:00:00+01:00;13.6;3.8797688
1900-10-21 17:00:00+01:00;12.4;3.93569522
1900-10-21 18:00:00+01:00;11.5;3.90714515
1900-10-21 19:00:00+01:00;10.8;3.89737404
1900-10-21 20:00:00+01:00;11.1;3.79958884
1900-10-21 21:00:00+01:00;10.1;3.82808226
1900-10-21 22:00:00+01:00;9.4;3.85878044
1900-10-21 23:00:00+01:00;10.3;3.69614765
1900-10-22 00:00:00+01:00;11;3.8763952
1900-10-22 01:00:00+01:00;11.1;3.88105626
1900-10-22 02:00:00+01:00;11.3;3.82092471
1900-10-22 03:00:00+01:00;11.2;3.85316708
1900-10-22 04:00:00+01:00;11;3.8841403
1900-10-22 05:00:00+01:00;10.7;4.39414147
1900-10-22 06:00:00+01:00;10.4;5.70152236
1900-10-22 07:00:00+01:00;10.9;8.454743
1900-10-22 08:00:00+01:00;10.9;11.62542929
1900-10-22 09:00:00+01:00;10.5;13.7107011
1900-10-22 10:00:00+01:00;12;13.9346064
1900-10-22 11:00:00+01:00;12.9;13.70264495
1900-10-22 12:00:00+01:00;14.2;13.77359688
1900-10-22 13:00:00+01:00;14.8;13.16206668
1900-10-22 14:00:00+01:00;14.5;12.08885465
1900-10-22 15:00:00+01:00;19.6;9.8861608
1900-10-22 16:00:00+01:00;18.6;8.03125204
1900-10-22 17:00:00+01:00;14.6;6.53632294
1900-10-22 18:00:00+01:00;13.8;5.63990812
1900-10-22 19:00:00+01:00;13.1;5.11229022
1900-10-22 20:00:00+01:00;13;4.730047
1900-10-22 21:00:00+01:00;13.2;4.27847468
1900-10-22 22:00:00+01:00;11.5;4.1119258
1900-10-22 23:00:00+01:00;11.5;3.8836587
1900-10-23 00:00:00+01:00;10.4;3.92513206
1900-10-23 01:00:00+01:00;11.3;3.86504098
1900-10-23 02:00:00+01:00;10;3.9302928
1900-10-23 03:00:00+01:00;8.5;4.0789076
1900-10-23 04:00:00+01:00;9.4;4.02939054
1900-10-23 05:00:00+01:00;7.9;4.64151839
1900-10-23 06:00:00+01:00;8;5.9934742
1900-10-23 07:00:00+01:00;9.1;8.731781
1900-10-23 08:00:00+01:00;9.6;11.88115476
1900-10-23 09:00:00+01:00;9.8;13.83863156
1900-10-23 10:00:00+01:00;11.2;14.08029384
1900-10-23 11:00:00+01:00;13.7;13.56932135
1900-10-23 12:00:00+01:00;13;13.9828212
1900-10-23 13:00:00+01:00;12.6;13.55259066
1900-10-23 14:00:00+01:00;11.6;12.49050552
1900-10-23 15:00:00+01:00;11;10.8648795
1900-10-23 16:00:00+01:00;10;8.724185
1900-10-23 17:00:00+01:00;7.2;7.11253208
1900-10-23 18:00:00+01:00;5.9;6.44509666
1900-10-23 19:00:00+01:00;5;5.961201
1900-10-23 20:00:00+01:00;4.7;5.4932154
1900-10-23 21:00:00+01:00;3.6;5.09821004
1900-10-23 22:00:00+01:00;3.7;4.68232576
1900-10-23 23:00:00+01:00;4.1;4.4650545
1900-10-24 00:00:00+01:00;3.8;4.46123752
1900-10-24 01:00:00+01:00;4;4.4495987
1900-10-24 02:00:00+01:00;3.6;4.46872032
1900-10-24 03:00:00+01:00;3.8;4.47186332
1900-10-24 04:00:00+01:00;3.8;4.53776638
1900-10-24 05:00:00+01:00;3.8;5.00374888
1900-10-24 06:00:00+01:00;3.5;6.5408839
1900-10-24 07:00:00+01:00;3.5;9.593677
1900-10-24 08:00:00+01:00;4;12.9827414
1900-10-24 09:00:00+01:00;5.9;14.55138698
1900-10-24 10:00:00+01:00;8.3;14.60841081
1900-10-24 11:00:00+01:00;8.3;14.46925565
1900-10-24 12:00:00+01:00;8;14.8545892
1900-10-24 13:00:00+01:00;7.9;14.38689189
1900-10-24 14:00:00+01:00;7.8;13.01680666
1900-10-24 15:00:00+01:00;7;11.3200975
1900-10-24 16:00:00+01:00;6.4;9.01424996
1900-10-24 17:00:00+01:00;6.1;7.19818479
1900-10-24 18:00:00+01:00;5.9;6.44509666
1900-10-24 19:00:00+01:00;5.6;5.89831872
1900-10-24 20:00:00+01:00;5;5.465631
1900-10-24 21:00:00+01:00;5.3;4.95304857
1900-10-24 22:00:00+01:00;4.9;4.59457192
1900-10-24 23:00:00+01:00;4.7;4.4179143
1900-10-25 00:00:00+01:00;4.3;4.42062347
1900-10-25 01:00:00+01:00;3.5;4.4896369
1900-10-25 02:00:00+01:00;3.4;4.48554618
1900-10-25 03:00:00+01:00;3.2;4.52202788
1900-10-25 04:00:00+01:00;3;4.6103915
1900-10-25 05:00:00+01:00;2.2;5.14510712
1900-10-25 06:00:00+01:00;1.9;6.73551846
1900-10-25 07:00:00+01:00;1.1;9.963061
1900-10-25 08:00:00+01:00;1.2;13.53353472
1900-10-25 09:00:00+01:00;0.9;15.46517598
1900-10-25 10:00:00+01:00;1.8;15.79212126
1900-10-25 11:00:00+01:00;2.4;15.4525172
1900-10-25 12:00:00+01:00;2.3;15.84840472
1900-10-25 13:00:00+01:00;2.8;15.29219748
1900-10-25 14:00:00+01:00;2.7;13.72315819
1900-10-25 15:00:00+01:00;2.6;11.8208373
1900-10-25 16:00:00+01:00;2.6;9.32042964
1900-10-25 17:00:00+01:00;2.9;7.44735631
1900-10-25 18:00:00+01:00;2.7;6.77124898
1900-10-25 19:00:00+01:00;2.8;6.19176936
1900-10-25 20:00:00+01:00;3.2;5.6311374
1900-10-25 21:00:00+01:00;4;5.0640544
1900-10-25 22:00:00+01:00;4.6;4.61651038
1900-10-25 23:00:00+01:00;5.3;4.3707741
1900-10-26 00:00:00+01:00;8.9;4.04697421
1900-10-26 01:00:00+01:00;9.8;3.98515558
1900-10-26 02:00:00+01:00;9.5;3.97235745
1900-10-26 03:00:00+01:00;9.7;3.97857848
1900-10-26 04:00:00+01:00;10.2;3.95676542
1900-10-26 05:00:00+01:00;10.1;4.44715081
1900-10-26 06:00:00+01:00;10.1;5.73801634
1900-10-26 07:00:00+01:00;10.3;8.547089
1900-10-26 08:00:00+01:00;10.6;11.68444286
1900-10-26 09:00:00+01:00;9.8;13.83863156
1900-10-26 10:00:00+01:00;10;14.298825
1900-10-26 11:00:00+01:00;10.6;14.0859503
1900-10-26 12:00:00+01:00;10.6;14.40126984
1900-10-26 13:00:00+01:00;10.7;13.88986137
1900-10-26 14:00:00+01:00;10.3;12.67055591
1900-10-26 15:00:00+01:00;10.3;10.94454265
1900-10-26 16:00:00+01:00;10.1;8.71612764
1900-10-26 17:00:00+01:00;10.4;6.86336056
1900-10-26 18:00:00+01:00;9.7;6.05779078
1900-10-26 19:00:00+01:00;9.3;5.51054466
1900-10-26 20:00:00+01:00;9;5.097839
1900-10-26 21:00:00+01:00;7.1;4.79934819
1900-10-26 22:00:00+01:00;7.3;4.41906424
1900-10-26 23:00:00+01:00;7.2;4.2214968
1900-10-27 00:00:00+01:00;6.6;4.07504794
1900-10-27 01:00:00+01:00;6.4;4.08677984
1900-10-27 02:00:00+01:00;6.1;4.05963313
1900-10-27 03:00:00+01:00;6;4.0746621
1900-10-27 04:00:00+01:00;6;4.0245941
1900-10-27 05:00:00+01:00;5.3;4.09844676
1900-10-27 06:00:00+01:00;5;4.1071711
1900-10-27 07:00:00+01:00;4.9;4.13872224
1900-10-27 08:00:00+01:00;4.8;4.19916146
1900-10-27 09:00:00+01:00;4.8;4.2566989
1900-10-27 10:00:00+01:00;4.4;4.36064446
1900-10-27 11:00:00+01:00;4.5;4.44987105
1900-10-27 12:00:00+01:00;4.4;4.55186372
1900-10-27 13:00:00+01:00;4.1;4.59148848
1900-10-27 14:00:00+01:00;3.5;4.6708213
1900-10-27 15:00:00+01:00;2.9;4.7725774
1900-10-27 16:00:00+01:00;2;4.877595
1900-10-27 17:00:00+01:00;2;4.8780569
1900-10-27 18:00:00+01:00;2.2;4.80342428
1900-10-27 19:00:00+01:00;2;4.754355
1900-10-27 20:00:00+01:00;1;4.7647206
1900-10-27 21:00:00+01:00;0.8;4.69542258
1900-10-27 22:00:00+01:00;0.7;4.62102137
1900-10-27 23:00:00+01:00;0.9;4.56664875
1900-10-28 00:00:00+01:00;1.7;4.49826878
1900-10-28 01:00:00+01:00;1.8;4.48041058
1900-10-28 02:00:00+01:00;1.6;4.45397578
1900-10-28 03:00:00+01:00;1.5;4.4676678
1900-10-28 04:00:00+01:00;1.3;4.45704909
1900-10-28 05:00:00+01:00;1.3;4.48618196
1900-10-28 06:00:00+01:00;1.4;4.4493799
1900-10-28 07:00:00+01:00;1.5;4.4400078
1900-10-28 08:00:00+01:00;2.7;4.37296649
1900-10-28 09:00:00+01:00;2;4.4645821
1900-10-28 10:00:00+01:00;2.3;4.51688782
1900-10-28 11:00:00+01:00;2.6;4.58899152
1900-10-28 12:00:00+01:00;2.9;4.66085477
1900-10-28 13:00:00+01:00;2.9;4.67783232
1900-10-28 14:00:00+01:00;3;4.7064879
1900-10-28 15:00:00+01:00;3;4.7647928
1900-10-28 16:00:00+01:00;3;4.7915755
1900-10-28 17:00:00+01:00;2.9;4.79650637
1900-10-28 18:00:00+01:00;3;4.726325
1900-10-28 19:00:00+01:00;3.1;4.64723238
1900-10-28 20:00:00+01:00;3;4.5736054
1900-10-28 21:00:00+01:00;3.1;4.48091906
1900-10-28 22:00:00+01:00;3.1;4.41074801
1900-10-28 23:00:00+01:00;3.2;4.3536538
1900-10-29 00:00:00+01:00;3.3;4.50185157
1900-10-29 01:00:00+01:00;3.5;4.4896369
1900-10-29 02:00:00+01:00;4;4.4350686
1900-10-29 03:00:00+01:00;4.2;4.43842028
1900-10-29 04:00:00+01:00;4.5;4.4742194
1900-10-29 05:00:00+01:00;4.6;4.93306976
1900-10-29 06:00:00+01:00;5;6.358414
1900-10-29 07:00:00+01:00;5.8;9.239684
1900-10-29 08:00:00+01:00;6.5;12.49096165
1900-10-29 09:00:00+01:00;9.6;13.87518312
1900-10-29 10:00:00+01:00;9.5;14.38987965
1900-10-29 11:00:00+01:00;9.5;14.26927025
1900-10-29 12:00:00+01:00;9.4;14.61049416
1900-10-29 13:00:00+01:00;9.4;14.12062554
1900-10-29 14:00:00+01:00;9;12.8506063
1900-10-29 15:00:00+01:00;8.3;11.17215165
1900-10-29 16:00:00+01:00;7.9;8.89338956
1900-10-29 17:00:00+01:00;7.4;7.09695886
1900-10-29 18:00:00+01:00;6.6;6.37375084
1900-10-29 19:00:00+01:00;5.4;5.91927948
1900-10-29 20:00:00+01:00;4.6;5.5024102
1900-10-29 21:00:00+01:00;4.3;5.03843767
1900-10-29 22:00:00+01:00;3.3;4.71157704
1900-10-29 23:00:00+01:00;3.4;4.5200514
1900-10-30 00:00:00+01:00;3.4;4.49372876
1900-10-30 01:00:00+01:00;4.4;4.41756814
1900-10-30 02:00:00+01:00;5.3;4.32570051
1900-10-30 03:00:00+01:00;6.1;4.27956584
1900-10-30 04:00:00+01:00;7.5;4.2018752
1900-10-30 05:00:00+01:00;6.7;4.74753707
1900-10-30 06:00:00+01:00;6.3;6.20027342
1900-10-30 07:00:00+01:00;5.4;9.301248
1900-10-30 08:00:00+01:00;5.2;12.74668712
1900-10-30 09:00:00+01:00;5.1;14.69759322
1900-10-30 10:00:00+01:00;5;15.2093715
1900-10-30 11:00:00+01:00;5.1;15.00255005
1900-10-30 12:00:00+01:00;5.5;15.2904732
1900-10-30 13:00:00+01:00;5.6;14.79516696
1900-10-30 14:00:00+01:00;5.4;13.34920738
1900-10-30 15:00:00+01:00;5.2;11.5249456
1900-10-30 16:00:00+01:00;5;9.127053
1900-10-30 17:00:00+01:00;4.9;7.29162411
1900-10-30 18:00:00+01:00;4.4;6.59798056
1900-10-30 19:00:00+01:00;4.2;6.04504404
1900-10-30 20:00:00+01:00;4;5.557579
1900-10-30 21:00:00+01:00;3.9;5.07259331
1900-10-30 22:00:00+01:00;3.7;4.68232576
1900-10-30 23:00:00+01:00;2.3;4.6064751
1900-10-31 00:00:00+01:00;2.5;4.56683405
1900-10-31 01:00:00+01:00;2.5;4.5697133
1900-10-31 02:00:00+01:00;2.7;4.54443669
1900-10-31 03:00:00+01:00;2.3;4.59727472
1900-10-31 04:00:00+01:00;2.4;4.66486034
1900-10-31 05:00:00+01:00;2.1;5.15394201
1900-10-31 06:00:00+01:00;1.6;6.77201244
1900-10-31 07:00:00+01:00;1.7;9.870715
1900-10-31 08:00:00+01:00;1;13.5728771
1900-10-31 09:00:00+01:00;0.8;15.48345176
1900-10-31 10:00:00+01:00;0.7;15.99244149
1900-10-31 11:00:00+01:00;1.5;15.60250625
1900-10-31 12:00:00+01:00;1.8;15.93558152
1900-10-31 13:00:00+01:00;2.1;15.41645511
1900-10-31 14:00:00+01:00;2;13.8201084
1900-10-31 15:00:00+01:00;1.9;11.90050045
1900-10-31 16:00:00+01:00;1.8;9.38488852
1900-10-31 17:00:00+01:00;1.4;7.56415546
1900-10-31 18:00:00+01:00;0.7;6.97509418
1900-10-31 19:00:00+01:00;0.3;6.45377886
1900-10-31 20:00:00+01:00;0.3;5.8977866
1900-10-31 21:00:00+01:00;-0.1;5.41414971
1900-10-31 22:00:00+01:00;1.6;4.83589498
1900-10-31 23:00:00+01:00;2.5;4.5907617
1900-11-01 00:00:00+01:00;4.2;4.42874628
1900-11-01 01:00:00+01:00;5.7;4.31346882
1900-11-01 02:00:00+01:00;8.2;4.08172554
1900-11-01 03:00:00+01:00;8.8;4.05382532
1900-11-01 04:00:00+01:00;9.4;4.02939054
1900-11-01 05:00:00+01:00;9.2;4.52666482
1900-11-01 06:00:00+01:00;7.9;6.00563886
1900-11-01 07:00:00+01:00;6.9;9.070383
1900-11-01 08:00:00+01:00;6.9;12.41227689
1900-11-01 09:00:00+01:00;7.6;14.24069872
1900-11-01 10:00:00+01:00;8.4;14.59019988
1900-11-01 11:00:00+01:00;9.3;14.30260115
1900-11-01 12:00:00+01:00;12.9;14.00025656
1900-11-01 13:00:00+01:00;10.4;13.94311464
1900-11-01 14:00:00+01:00;10.8;12.60130576
1900-11-01 15:00:00+01:00;9.7;11.01282535
1900-11-01 16:00:00+01:00;8;8.8853322
1900-11-01 17:00:00+01:00;6.9;7.13589191
1900-11-01 18:00:00+01:00;6.7;6.36355858
1900-11-01 19:00:00+01:00;6.6;5.79351492
1900-11-01 20:00:00+01:00;6.3;5.3460986
1900-11-01 21:00:00+01:00;5.6;4.92743184
1900-11-01 22:00:00+01:00;4.4;4.63113602
1900-11-01 23:00:00+01:00;3;4.5514782
1900-11-02 00:00:00+01:00;2;4.6074481
1900-11-02 01:00:00+01:00;0.7;4.71385082
1900-11-02 02:00:00+01:00;0.6;4.72110822
1900-11-02 03:00:00+01:00;0.4;4.75612916
1900-11-02 04:00:00+01:00;0.1;4.87365756
1900-11-02 05:00:00+01:00;0.7;5.27763047
1900-11-02 06:00:00+01:00;2.6;6.65036584
1900-11-02 07:00:00+01:00;3.6;9.578286
1900-11-02 08:00:00+01:00;3.8;13.02208378
1900-11-02 09:00:00+01:00;4.3;14.84379946
1900-11-02 10:00:00+01:00;5.3;15.15473871
1900-11-02 11:00:00+01:00;5.5;14.93588825
1900-11-02 12:00:00+01:00;6;15.2032964
1900-11-02 13:00:00+01:00;5.8;14.75966478
1900-11-02 14:00:00+01:00;5.7;13.30765729
1900-11-02 15:00:00+01:00;6.1;11.42252155
1900-11-02 16:00:00+01:00;6.4;9.01424996
1900-11-02 17:00:00+01:00;6.2;7.19039818
1900-11-02 18:00:00+01:00;6.3;6.40432762
1900-11-02 19:00:00+01:00;6.4;5.81447568
1900-11-02 20:00:00+01:00;6;5.373683
1900-11-02 21:00:00+01:00;5.9;4.90181511
1900-11-02 22:00:00+01:00;5.7;4.53606936
1900-11-02 23:00:00+01:00;5.5;4.3550607
1900-11-03 00:00:00+01:00;5.1;4.20460534
1900-11-03 01:00:00+01:00;5.2;4.18946612
1900-11-03 02:00:00+01:00;4.5;4.19984385
1900-11-03 03:00:00+01:00;4.4;4.21439746
1900-11-03 04:00:00+01:00;4;4.2086175
1900-11-03 05:00:00+01:00;4.5;4.1759938
1900-11-03 06:00:00+01:00;5;4.1071711
1900-11-03 07:00:00+01:00;5.3;4.10327688
1900-11-03 08:00:00+01:00;5.4;4.14950288
1900-11-03 09:00:00+01:00;4.4;4.2863965
1900-11-03 10:00:00+01:00;3.9;4.39784526
1900-11-03 11:00:00+01:00;3.8;4.50112596
1900-11-03 12:00:00+01:00;3.3;4.63179049
1900-11-03 13:00:00+01:00;3.4;4.64185572
1900-11-03 14:00:00+01:00;3.5;4.6708213
1900-11-03 15:00:00+01:00;3.7;4.7103006
1900-11-03 16:00:00+01:00;4;4.705556
1900-11-03 17:00:00+01:00;4.6;4.64246648
1900-11-03 18:00:00+01:00;4.6;4.57212644
1900-11-03 19:00:00+01:00;4.7;4.49141766
1900-11-03 20:00:00+01:00;5;4.3824902
1900-11-03 21:00:00+01:00;5.1;4.29439426
1900-11-03 22:00:00+01:00;4.8;4.26180438
1900-11-03 23:00:00+01:00;4.9;4.19622275
1900-11-04 00:00:00+01:00;4.6;4.24779114
1900-11-04 01:00:00+01:00;4.6;4.24080926
1900-11-04 02:00:00+01:00;3.8;4.26118604
1900-11-04 03:00:00+01:00;4.1;4.24059784
1900-11-04 04:00:00+01:00;3.9;4.21781867
1900-11-04 05:00:00+01:00;2.9;4.33108788
1900-11-04 06:00:00+01:00;2.3;4.3638277
1900-11-04 07:00:00+01:00;2.4;4.36025574
1900-11-04 08:00:00+01:00;1.7;4.45573079
1900-11-04 09:00:00+01:00;2.1;4.4571577
1900-11-04 10:00:00+01:00;2.8;4.47968702
1900-11-04 11:00:00+01:00;3.3;4.53773661
1900-11-04 12:00:00+01:00;5.5;4.47193695
1900-11-04 13:00:00+01:00;4.1;4.59148848
1900-11-04 14:00:00+01:00;4;4.6351547
1900-11-04 15:00:00+01:00;3.7;4.7103006
1900-11-04 16:00:00+01:00;3.4;4.7571677
1900-11-04 17:00:00+01:00;3.1;4.77838403
1900-11-04 18:00:00+01:00;2.5;4.77451205
1900-11-04 19:00:00+01:00;2;4.754355
1900-11-04 20:00:00+01:00;0.9;4.77427636
1900-11-04 21:00:00+01:00;0.6;4.71407506
1900-11-04 22:00:00+01:00;0.5;4.63854415
1900-11-04 23:00:00+01:00;0.2;4.6314733
1900-11-05 00:00:00+01:00;1.1;4.68055339
1900-11-05 01:00:00+01:00;1;4.6898279
1900-11-05 02:00:00+01:00;1;4.6874565
1900-11-05 03:00:00+01:00;1.4;4.67252156
1900-11-05 04:00:00+01:00;1.1;4.78287616
1900-11-05 05:00:00+01:00;1.1;5.24229091
1900-11-05 06:00:00+01:00;1;6.8450004
1900-11-05 07:00:00+01:00;1.1;9.963061
1900-11-05 08:00:00+01:00;1.1;13.55320591
1900-11-05 09:00:00+01:00;1.4;15.37379708
1900-11-05 10:00:00+01:00;1;15.9378087
1900-11-05 11:00:00+01:00;0.9;15.70249895
1900-11-05 12:00:00+01:00;1.1;16.05762904
1900-11-05 13:00:00+01:00;1.4;15.54071274
1900-11-05 14:00:00+01:00;1.3;13.91705861
1900-11-05 15:00:00+01:00;1.2;11.9801636
1900-11-05 16:00:00+01:00;1.3;9.42517532
1900-11-05 17:00:00+01:00;1;7.5953019
1900-11-05 18:00:00+01:00;0.7;6.97509418
1900-11-05 19:00:00+01:00;0.7;6.41185734
1900-11-05 20:00:00+01:00;0.3;5.8977866
1900-11-05 21:00:00+01:00;0.2;5.38853298
1900-11-05 22:00:00+01:00;0.2;4.93827446
1900-11-05 23:00:00+01:00;0.2;4.7714658
1900-11-06 00:00:00+01:00;0.6;4.72116744
1900-11-06 01:00:00+01:00;0.7;4.71385082
1900-11-06 02:00:00+01:00;1.3;4.66221771
1900-11-06 03:00:00+01:00;2.2;4.60563548
1900-11-06 04:00:00+01:00;3.2;4.59223522
1900-11-06 05:00:00+01:00;5.4;4.86239064
1900-11-06 06:00:00+01:00;8;5.9934742
1900-11-06 07:00:00+01:00;8.6;8.808736
1900-11-06 08:00:00+01:00;9.1;11.97951071
1900-11-06 09:00:00+01:00;8.7;14.03966514
1900-11-06 10:00:00+01:00;9.2;14.44451244
1900-11-06 11:00:00+01:00;9.5;14.26927025
1900-11-06 12:00:00+01:00;9.8;14.54075272
1900-11-06 13:00:00+01:00;10.8;13.87211028
1900-11-06 14:00:00+01:00;8.9;12.86445633
1900-11-06 15:00:00+01:00;8.3;11.17215165
1900-11-06 16:00:00+01:00;7.5;8.925619
1900-11-06 17:00:00+01:00;7.2;7.11253208
1900-11-06 18:00:00+01:00;6.8;6.35336632
1900-11-06 19:00:00+01:00;6.2;5.83543644
1900-11-06 20:00:00+01:00;5.8;5.3920726
1900-11-06 21:00:00+01:00;4.9;4.98720421
1900-11-06 22:00:00+01:00;3.2;4.71888986
1900-11-06 23:00:00+01:00;4;4.4729112
1900-11-07 00:00:00+01:00;2.7;4.55058843
1900-11-07 01:00:00+01:00;2;4.6097515
1900-11-07 02:00:00+01:00;2.8;4.53602376
1900-11-07 03:00:00+01:00;3.4;4.50530636
1900-11-07 04:00:00+01:00;2.3;4.67393848
1900-11-07 05:00:00+01:00;2.3;5.13627223
1900-11-07 06:00:00+01:00;2.7;6.63820118
1900-11-07 07:00:00+01:00;5.9;9.224293
1900-11-07 08:00:00+01:00;6.7;12.45161927
1900-11-07 09:00:00+01:00;7.7;14.22242294
1900-11-07 10:00:00+01:00;8.5;14.57198895
1900-11-07 11:00:00+01:00;9;14.3525975
1900-11-07 12:00:00+01:00;9.6;14.57562344
1900-11-07 13:00:00+01:00;10.1;13.99636791
1900-11-07 14:00:00+01:00;8.2;12.96140654
1900-11-07 15:00:00+01:00;8;11.206293
1900-11-07 16:00:00+01:00;8.4;8.85310276
1900-11-07 17:00:00+01:00;8.4;7.01909276
1900-11-07 18:00:00+01:00;10.3;5.99663722
1900-11-07 19:00:00+01:00;11.2;5.31141744
1900-11-07 20:00:00+01:00;11.6;4.8587742
1900-11-07 21:00:00+01:00;11.4;4.43217506
1900-11-07 22:00:00+01:00;11;4.1484899
1900-11-07 23:00:00+01:00;10.5;3.9622257
1900-11-08 00:00:00+01:00;9;4.0388514
1900-11-08 01:00:00+01:00;8.1;4.12128546
1900-11-08 02:00:00+01:00;7.4;4.14902898
1900-11-08 03:00:00+01:00;6.6;4.23776204
1900-11-08 04:00:00+01:00;6.5;4.2926566
1900-11-08 05:00:00+01:00;5.5;4.85355575
1900-11-08 06:00:00+01:00;6;6.2367674
1900-11-08 07:00:00+01:00;5.8;9.239684
1900-11-08 08:00:00+01:00;5.6;12.66800236
1900-11-08 09:00:00+01:00;4.5;14.8072479
1900-11-08 10:00:00+01:00;5;15.2093715
1900-11-08 11:00:00+01:00;6.1;14.83589555
1900-11-08 12:00:00+01:00;6.5;15.1161196
1900-11-08 13:00:00+01:00;7.1;14.52890061
1900-11-08 14:00:00+01:00;6.4;13.21070708
1900-11-08 15:00:00+01:00;5.8;11.4566629
1900-11-08 16:00:00+01:00;6.7;8.99007788
1900-11-08 17:00:00+01:00;6.8;7.14367852
1900-11-08 18:00:00+01:00;6.6;6.37375084
1900-11-08 19:00:00+01:00;6.4;5.81447568
1900-11-08 20:00:00+01:00;6.3;5.3460986
1900-11-08 21:00:00+01:00;5.7;4.91889293
1900-11-08 22:00:00+01:00;5.4;4.55800782
1900-11-08 23:00:00+01:00;3.9;4.4807679
1900-11-09 00:00:00+01:00;3.6;4.47748314
1900-11-09 01:00:00+01:00;3;4.5296751
1900-11-09 02:00:00+01:00;2.5;4.56126255
1900-11-09 03:00:00+01:00;2;4.622357
1900-11-09 04:00:00+01:00;0.4;4.84642314
1900-11-09 05:00:00+01:00;0.4;5.30413514
1900-11-09 06:00:00+01:00;0.9;6.85716506
1900-11-09 07:00:00+01:00;0.4;10.070798
1900-11-09 08:00:00+01:00;0.9;13.59254829
1900-11-09 09:00:00+01:00;2.3;15.20931506
1900-11-09 10:00:00+01:00;4.8;15.24579336
1900-11-09 11:00:00+01:00;4.4;15.1192082
1900-11-09 12:00:00+01:00;3.6;15.62174504
1900-11-09 13:00:00+01:00;4.1;15.06143331
1900-11-09 14:00:00+01:00;6.8;13.15530696
1900-11-09 15:00:00+01:00;6.2;11.4111411
1900-11-09 16:00:00+01:00;6;9.0464794
1900-11-09 17:00:00+01:00;5.6;7.23711784
1900-11-09 18:00:00+01:00;4;6.6387496
1900-11-09 19:00:00+01:00;4;6.0660048
1900-11-09 20:00:00+01:00;3.5;5.603553
1900-11-09 21:00:00+01:00;2.8;5.16652132
1900-11-09 22:00:00+01:00;1;4.8797719
1900-11-09 23:00:00+01:00;0.1;4.7793225
1900-11-10 00:00:00+01:00;0.2;4.62782618
1900-11-10 01:00:00+01:00;-0.3;4.66011157
1900-11-10 02:00:00+01:00;-0.3;4.62047601
1900-11-10 03:00:00+01:00;0.8;4.52880202
1900-11-10 04:00:00+01:00;0.9;4.49385377
1900-11-10 05:00:00+01:00;0;4.6121959
1900-11-10 06:00:00+01:00;-1;4.6775191
1900-11-10 07:00:00+01:00;-0.7;4.63495728
1900-11-10 08:00:00+01:00;-0.3;4.62125939
1900-11-10 09:00:00+01:00;0.8;4.5536749
1900-11-10 10:00:00+01:00;2.6;4.49456734
1900-11-10 11:00:00+01:00;3.2;4.54505874
1900-11-10 12:00:00+01:00;3.3;4.63179049
1900-11-10 13:00:00+01:00;3.2;4.65624636
1900-11-10 14:00:00+01:00;3;4.7064879
1900-11-10 15:00:00+01:00;3;4.7647928
1900-11-10 16:00:00+01:00;2.7;4.81738135
1900-11-10 17:00:00+01:00;4.2;4.67871116
1900-11-10 18:00:00+01:00;4.4;4.59140126
1900-11-10 19:00:00+01:00;3.1;4.64723238
1900-11-10 20:00:00+01:00;3.1;4.56404964
1900-11-10 21:00:00+01:00;3;4.4902453
1900-11-10 22:00:00+01:00;3;4.4195094
1900-11-10 23:00:00+01:00;3;4.3721751
1900-11-11 00:00:00+01:00;3;4.3859857
1900-11-11 01:00:00+01:00;2.9;4.38628149
1900-11-11 02:00:00+01:00;2.7;4.35758091
1900-11-11 03:00:00+01:00;2.9;4.34539936
1900-11-11 04:00:00+01:00;3.5;4.25462335
1900-11-11 05:00:00+01:00;5.6;4.06936662
1900-11-11 06:00:00+01:00;5.7;4.0406305
1900-11-11 07:00:00+01:00;7;3.9526341
1900-11-11 08:00:00+01:00;7.8;3.95086856
1900-11-11 09:00:00+01:00;7.5;4.0562401
1900-11-11 10:00:00+01:00;8.5;4.0555979
1900-11-11 11:00:00+01:00;9.5;4.08376455
1900-11-11 12:00:00+01:00;11.5;4.03597275
1900-11-11 13:00:00+01:00;12.3;4.00147224
1900-11-11 14:00:00+01:00;12;4.0644891
1900-11-11 15:00:00+01:00;10.9;4.1498094
1900-11-11 16:00:00+01:00;9.9;4.19804095
1900-11-11 17:00:00+01:00;8.6;4.28001968
1900-11-11 18:00:00+01:00;8.4;4.20590486
1900-11-11 19:00:00+01:00;7.8;4.18952664
1900-11-11 20:00:00+01:00;7.6;4.13404044
1900-11-11 21:00:00+01:00;7.3;4.08921698
1900-11-11 22:00:00+01:00;8;3.9814399
1900-11-11 23:00:00+01:00;8.1;3.89988195
1900-11-12 00:00:00+01:00;8.2;4.10383388
1900-11-12 01:00:00+01:00;7.5;4.1693313
1900-11-12 02:00:00+01:00;7.4;4.14902898
1900-11-12 03:00:00+01:00;7;4.204319
1900-11-12 04:00:00+01:00;6;4.3380473
1900-11-12 05:00:00+01:00;6;4.8093813
1900-11-12 06:00:00+01:00;6.8;6.13945012
1900-11-12 07:00:00+01:00;6;9.208902
1900-11-12 08:00:00+01:00;5.2;12.74668712
1900-11-12 09:00:00+01:00;5;14.715869
1900-11-12 10:00:00+01:00;4.7;15.26400429
1900-11-12 11:00:00+01:00;5;15.0192155
1900-11-12 12:00:00+01:00;5.7;15.25560248
1900-11-12 13:00:00+01:00;4.9;14.91942459
1900-11-12 14:00:00+01:00;4.6;13.46000762
1900-11-12 15:00:00+01:00;4.8;11.5704674
1900-11-12 16:00:00+01:00;5.3;9.10288092
1900-11-12 17:00:00+01:00;6.1;7.19818479
1900-11-12 18:00:00+01:00;5.2;6.51644248
1900-11-12 19:00:00+01:00;4.7;5.99264214
1900-11-12 20:00:00+01:00;4.3;5.5299946
1900-11-12 21:00:00+01:00;3.7;5.08967113
1900-11-12 22:00:00+01:00;3.6;4.68963858
1900-11-12 23:00:00+01:00;3.8;4.4886246
1900-11-13 00:00:00+01:00;4.2;4.42874628
1900-11-13 01:00:00+01:00;4.2;4.43358342
1900-11-13 02:00:00+01:00;4.2;4.41824274
1900-11-13 03:00:00+01:00;5.4;4.33809116
1900-11-13 04:00:00+01:00;4.7;4.45606312
1900-11-13 05:00:00+01:00;5.1;4.88889531
1900-11-13 06:00:00+01:00;5.5;6.2975907
1900-11-13 07:00:00+01:00;4.6;9.424376
1900-11-13 08:00:00+01:00;4.8;12.82537188
1900-11-13 09:00:00+01:00;5.2;14.67931744
1900-11-13 10:00:00+01:00;5;15.2093715
1900-11-13 11:00:00+01:00;7.1;14.66924105
1900-11-13 12:00:00+01:00;10;14.505882
1900-11-13 13:00:00+01:00;10.6;13.90761246
1900-11-13 14:00:00+01:00;10;12.712106
1900-11-13 15:00:00+01:00;7.2;11.2973366
1900-11-13 16:00:00+01:00;4.5;9.1673398
1900-11-13 17:00:00+01:00;3.6;7.39285004
1900-11-13 18:00:00+01:00;2.7;6.77124898
1900-11-13 19:00:00+01:00;2.1;6.26513202
1900-11-13 20:00:00+01:00;1.6;5.7782542
1900-11-13 21:00:00+01:00;1;5.3202217
1900-11-13 22:00:00+01:00;1.2;4.86514626
1900-11-13 23:00:00+01:00;0.5;4.7478957
1900-11-14 00:00:00+01:00;0.8;4.70492182
1900-11-14 01:00:00+01:00;0.5;4.7298661
1900-11-14 02:00:00+01:00;0.1;4.76317287
1900-11-14 03:00:00+01:00;-0.6;4.83973676
1900-11-14 04:00:00+01:00;-0.7;4.94628268
1900-11-14 05:00:00+01:00;-0.6;5.39248404
1900-11-14 06:00:00+01:00;-0.6;7.03963496
1900-11-14 07:00:00+01:00;1.2;9.94767
1900-11-14 08:00:00+01:00;1.2;13.53353472
1900-11-14 09:00:00+01:00;1.4;15.37379708
1900-11-14 10:00:00+01:00;1.6;15.82854312
1900-11-14 11:00:00+01:00;1.6;15.5858408
1900-11-14 12:00:00+01:00;1.5;15.9878876
1900-11-14 13:00:00+01:00;1.6;15.50521056
1900-11-14 14:00:00+01:00;1.5;13.88935855
1900-11-14 15:00:00+01:00;1.8;11.9118809
1900-11-14 16:00:00+01:00;1.9;9.37683116
1900-11-14 17:00:00+01:00;2.5;7.47850275
1900-11-14 18:00:00+01:00;2.6;6.78144124
1900-11-14 19:00:00+01:00;3;6.1708086
1900-11-14 20:00:00+01:00;2.4;5.7046958
1900-11-14 21:00:00+01:00;2.7;5.17506023
1900-11-14 22:00:00+01:00;2.1;4.79933088
1900-11-14 23:00:00+01:00;1.8;4.6457586
1900-11-15 00:00:00+01:00;1.7;4.63181653
1900-11-15 01:00:00+01:00;1.7;4.63377442
1900-11-15 02:00:00+01:00;1.7;4.62856599
1900-11-15 03:00:00+01:00;1.9;4.63071776
1900-11-15 04:00:00+01:00;2;4.7011729
1900-11-15 05:00:00+01:00;2.2;5.14510712
1900-11-15 06:00:00+01:00;2.4;6.67469516
1900-11-15 07:00:00+01:00;2.6;9.732196
1900-11-15 08:00:00+01:00;2.5;13.27780925
1900-11-15 09:00:00+01:00;2.6;15.15448772
1900-11-15 10:00:00+01:00;2.8;15.61001196
1900-11-15 11:00:00+01:00;2.9;15.36918995
1900-11-15 12:00:00+01:00;3;15.7263572
1900-11-15 13:00:00+01:00;3.2;15.22119312
1900-11-15 14:00:00+01:00;3.2;13.65390804
1900-11-15 15:00:00+01:00;3.4;11.7297937
1900-11-15 16:00:00+01:00;3.3;9.26402812
1900-11-15 17:00:00+01:00;3.4;7.40842326
1900-11-15 18:00:00+01:00;3.5;6.6897109
1900-11-15 19:00:00+01:00;3.1;6.16032822
1900-11-15 20:00:00+01:00;2.8;5.6679166
1900-11-15 21:00:00+01:00;2.4;5.20067696
1900-11-15 22:00:00+01:00;1.9;4.81395652
1900-11-15 23:00:00+01:00;2.5;4.5907617
1900-11-16 00:00:00+01:00;2.8;4.54246562
1900-11-16 01:00:00+01:00;2.4;4.57772094
1900-11-16 02:00:00+01:00;1.7;4.62856599
1900-11-16 03:00:00+01:00;2.1;4.61399624
1900-11-16 04:00:00+01:00;2.2;4.68301662
1900-11-16 05:00:00+01:00;1.6;5.19811646
1900-11-16 06:00:00+01:00;1.8;6.74768312
1900-11-16 07:00:00+01:00;1.6;9.886106
1900-11-16 08:00:00+01:00;1.1;13.55320591
1900-11-16 09:00:00+01:00;1.4;15.37379708
1900-11-16 10:00:00+01:00;1.8;15.79212126
1900-11-16 11:00:00+01:00;1.9;15.53584445
1900-11-16 12:00:00+01:00;1.8;15.93558152
1900-11-16 13:00:00+01:00;2;15.4342062
1900-11-16 14:00:00+01:00;2.5;13.75085825
1900-11-16 15:00:00+01:00;2;11.88912
1900-11-16 16:00:00+01:00;1.8;9.38488852
1900-11-16 17:00:00+01:00;1.5;7.55636885
1900-11-16 18:00:00+01:00;1.5;6.8935561
1900-11-16 19:00:00+01:00;1.5;6.3280143
1900-11-16 20:00:00+01:00;1.5;5.787449
1900-11-16 21:00:00+01:00;1.3;5.29460497
1900-11-16 22:00:00+01:00;1.2;4.86514626
1900-11-16 23:00:00+01:00;0.7;4.7321823
1900-11-17 00:00:00+01:00;1.4;4.52418026
1900-11-17 01:00:00+01:00;0.6;4.58309686
1900-11-17 02:00:00+01:00;0.2;4.57666016
1900-11-17 03:00:00+01:00;0.4;4.56373586
1900-11-17 04:00:00+01:00;0;4.5766643
1900-11-17 05:00:00+01:00;0.4;4.57342238
1900-11-17 06:00:00+01:00;0.2;4.5634495
1900-11-17 07:00:00+01:00;0;4.5729279
1900-11-17 08:00:00+01:00;-0.6;4.64608868
1900-11-17 09:00:00+01:00;0.6;4.5685237
1900-11-17 10:00:00+01:00;0.5;4.6508107
1900-11-17 11:00:00+01:00;0.6;4.73543412
1900-11-17 12:00:00+01:00;0.3;4.84977259
1900-11-17 13:00:00+01:00;0;4.8864966
1900-11-17 14:00:00+01:00;0.6;4.87768758
1900-11-17 15:00:00+01:00;0;4.9983308
1900-11-17 16:00:00+01:00;-1.2;5.1528574
1900-11-17 17:00:00+01:00;-1.4;5.18613668
1900-11-17 18:00:00+01:00;-1.7;5.17928327
1900-11-17 19:00:00+01:00;-2.3;5.17310706
1900-11-17 20:00:00+01:00;-2.3;5.08006068
1900-11-17 21:00:00+01:00;-2.8;5.03116722
1900-11-17 22:00:00+01:00;-3;4.9451928
1900-11-17 23:00:00+01:00;-2;4.8352076
1900-11-18 00:00:00+01:00;-2.1;4.82648086
1900-11-18 01:00:00+01:00;-3.9;4.96817041
1900-11-18 02:00:00+01:00;-5.5;5.07616085
1900-11-18 03:00:00+01:00;-5.8;5.10521038
1900-11-18 04:00:00+01:00;-5.6;5.09192982
1900-11-18 05:00:00+01:00;-6.3;5.22287884
1900-11-18 06:00:00+01:00;-5.3;5.0862685
1900-11-18 07:00:00+01:00;-5.6;5.06916294
1900-11-18 08:00:00+01:00;-6.1;5.10129233
1900-11-18 09:00:00+01:00;-4.6;4.9545925
1900-11-18 10:00:00+01:00;-3.1;4.91865646
1900-11-18 11:00:00+01:00;-2.5;4.96242015
1900-11-18 12:00:00+01:00;-1;4.9442315
1900-11-18 13:00:00+01:00;-1.5;4.9944264
1900-11-18 14:00:00+01:00;-1.7;5.04175394
1900-11-18 15:00:00+01:00;-2;5.1540228
1900-11-18 16:00:00+01:00;-2.5;5.26468275
1900-11-18 17:00:00+01:00;-3.4;5.36736008
1900-11-18 18:00:00+01:00;-4.3;5.42985593
1900-11-18 19:00:00+01:00;-6.1;5.54316702
1900-11-18 20:00:00+01:00;-6.3;5.46229108
1900-11-18 21:00:00+01:00;-6.6;5.38556434
1900-11-18 22:00:00+01:00;-7.1;5.30440979
1900-11-18 23:00:00+01:00;-8.3;5.41862855
1900-11-19 00:00:00+01:00;-9.6;5.54969406
1900-11-19 01:00:00+01:00;-8.8;5.47457662
1900-11-19 02:00:00+01:00;-8.7;5.50351071
1900-11-19 03:00:00+01:00;-9.3;5.56712288
1900-11-19 04:00:00+01:00;-8.3;5.63622132
1900-11-19 05:00:00+01:00;-6.3;5.89607277
1900-11-19 06:00:00+01:00;-5.6;7.64786796
1900-11-19 07:00:00+01:00;-4.6;10.840348
1900-11-19 08:00:00+01:00;-3.6;14.47775184
1900-11-19 09:00:00+01:00;-4.8;16.50689544
1900-11-19 10:00:00+01:00;-3;16.6662459
1900-11-19 11:00:00+01:00;-2.4;16.2524588
1900-11-19 12:00:00+01:00;-2.5;16.685302
1900-11-19 13:00:00+01:00;-2.5;16.23300525
1900-11-19 14:00:00+01:00;-2.5;14.44335975
1900-11-19 15:00:00+01:00;-3;12.4581425
1900-11-19 16:00:00+01:00;-3.3;9.79581388
1900-11-19 17:00:00+01:00;-3.6;7.95348596
1900-11-19 18:00:00+01:00;-4.1;7.46432266
1900-11-19 19:00:00+01:00;-3;6.7996314
1900-11-19 20:00:00+01:00;-3;6.201215
1900-11-19 21:00:00+01:00;-2.9;5.65323919
1900-11-19 22:00:00+01:00;-2.8;5.15765906
1900-11-19 23:00:00+01:00;-4.3;5.1250173
1900-11-20 00:00:00+01:00;-4.8;5.15979918
1900-11-20 01:00:00+01:00;-4.3;5.11423282
1900-11-20 02:00:00+01:00;-4;5.108103
1900-11-20 03:00:00+01:00;-4.1;5.13236336
1900-11-20 04:00:00+01:00;-3.5;5.2004706
1900-11-20 05:00:00+01:00;-3.8;5.67520052
1900-11-20 06:00:00+01:00;-3.5;7.3924101
1900-11-20 07:00:00+01:00;-4;10.748002
1900-11-20 08:00:00+01:00;-4;14.5564366
1900-11-20 09:00:00+01:00;-3.5;16.2693103
1900-11-20 10:00:00+01:00;-4.6;16.95762078
1900-11-20 11:00:00+01:00;-4.6;16.6190987
1900-11-20 12:00:00+01:00;-3.3;16.82478488
1900-11-20 13:00:00+01:00;-3.3;16.37501397
1900-11-20 14:00:00+01:00;-3.5;14.58186005
1900-11-20 15:00:00+01:00;-4.8;12.6629906
1900-11-20 16:00:00+01:00;-4.1;9.86027276
1900-11-20 17:00:00+01:00;-4.6;8.03135206
1900-11-20 18:00:00+01:00;-3.4;7.39297684
1900-11-20 19:00:00+01:00;-2.8;6.77867064
1900-11-20 20:00:00+01:00;-3.9;6.2839682
1900-11-20 21:00:00+01:00;-3.4;5.69593374
1900-11-20 22:00:00+01:00;-3.5;5.2088488
1900-11-20 23:00:00+01:00;-3;5.0228802
1900-11-21 00:00:00+01:00;-3;5.0135886
1900-11-21 01:00:00+01:00;-2.6;4.97810294
1900-11-21 02:00:00+01:00;-2.9;5.01556077
1900-11-21 03:00:00+01:00;-3;5.040395
1900-11-21 04:00:00+01:00;-3.8;5.22770502
1900-11-21 05:00:00+01:00;-3.4;5.63986096
1900-11-21 06:00:00+01:00;-3.3;7.36808078
1900-11-21 07:00:00+01:00;-5;10.901912
1900-11-21 08:00:00+01:00;-5.3;14.81216207
1900-11-21 09:00:00+01:00;-4.5;16.4520681
1900-11-21 10:00:00+01:00;-1.7;16.42950381
1900-11-21 11:00:00+01:00;-1.4;16.0858043
1900-11-21 12:00:00+01:00;-1.2;16.45864232
1900-11-21 13:00:00+01:00;-1.5;16.05549435
1900-11-21 14:00:00+01:00;-1.9;14.36025957
1900-11-21 15:00:00+01:00;-1.2;12.2532944
1900-11-21 16:00:00+01:00;-1.7;9.66689612
1900-11-21 17:00:00+01:00;-2.4;7.86004664
1900-11-21 18:00:00+01:00;-2.3;7.28086198
1900-11-21 19:00:00+01:00;-6.8;7.19788584
1900-11-21 20:00:00+01:00;-5.1;6.3943058
1900-11-21 21:00:00+01:00;-6.1;5.92648431
1900-11-21 22:00:00+01:00;-5;5.3185411
1900-11-21 23:00:00+01:00;-2.5;4.9835967
1900-11-22 00:00:00+01:00;-2.1;4.94048331
1900-11-22 01:00:00+01:00;-1.2;4.86599598
1900-11-22 02:00:00+01:00;-1.2;4.87254096
1900-11-22 03:00:00+01:00;-0.8;4.85645828
1900-11-22 04:00:00+01:00;-0.8;4.95536082
1900-11-22 05:00:00+01:00;-0.3;5.36597937
1900-11-22 06:00:00+01:00;-0.5;7.0274703
1900-11-22 07:00:00+01:00;-0.7;10.240099
1900-11-22 08:00:00+01:00;-0.3;13.82860257
1900-11-22 09:00:00+01:00;-0.3;15.68448534
1900-11-22 10:00:00+01:00;-0.1;16.13812893
1900-11-22 11:00:00+01:00;0;15.852488
1900-11-22 12:00:00+01:00;0.3;16.19711192
1900-11-22 13:00:00+01:00;0.1;15.77147691
1900-11-22 14:00:00+01:00;0.4;14.04170888
1900-11-22 15:00:00+01:00;0.1;12.10534855
1900-11-22 16:00:00+01:00;-0.3;9.55409308
1900-11-22 17:00:00+01:00;-0.3;7.69652783
1900-11-22 18:00:00+01:00;-1;7.1483626
1900-11-22 19:00:00+01:00;-1.5;6.6424257
1900-11-22 20:00:00+01:00;-2;6.109267
1900-11-22 21:00:00+01:00;-2.3;5.60200573
1900-11-22 22:00:00+01:00;-2.1;5.10646932
1900-11-22 23:00:00+01:00;-4.8;5.1643008
1900-11-23 00:00:00+01:00;-4.6;5.14355356
1900-11-23 01:00:00+01:00;-7.3;5.35446202
1900-11-23 02:00:00+01:00;-9.5;5.57081415
1900-11-23 03:00:00+01:00;-7.5;5.4166292
1900-11-23 04:00:00+01:00;-11.7;5.94487808
1900-11-23 05:00:00+01:00;-10.7;6.28480793
1900-11-23 06:00:00+01:00;-12;8.4264062
1900-11-23 07:00:00+01:00;-11.2;11.856154
1900-11-23 08:00:00+01:00;-11.6;16.05144704
1900-11-23 09:00:00+01:00;-8.6;17.20137508
1900-11-23 10:00:00+01:00;-6.1;17.23078473
1900-11-23 11:00:00+01:00;-5.1;16.70242595
1900-11-23 12:00:00+01:00;-4.6;17.05144456
1900-11-23 13:00:00+01:00;-4.1;16.51702269
1900-11-23 14:00:00+01:00;-3.3;14.55415999
1900-11-23 15:00:00+01:00;-3.6;12.5264252
1900-11-23 16:00:00+01:00;-3.5;9.8119286
1900-11-23 17:00:00+01:00;-4;7.9846324
1900-11-23 18:00:00+01:00;-3.5;7.4031691
1900-11-23 19:00:00+01:00;-3.5;6.8520333
1900-11-23 20:00:00+01:00;-3.8;6.2747734
1900-11-23 21:00:00+01:00;-3.1;5.67031701
1900-11-23 22:00:00+01:00;-2.4;5.12840778
1900-11-23 23:00:00+01:00;-1.4;4.897173
1900-11-24 00:00:00+01:00;-1.2;4.74874642
1900-11-24 01:00:00+01:00;-1.7;4.77991223
1900-11-24 02:00:00+01:00;-1.5;4.72563405
1900-11-24 03:00:00+01:00;-1.4;4.72093814
1900-11-24 04:00:00+01:00;-1.9;4.75148653
1900-11-24 05:00:00+01:00;-2.1;4.81575688
1900-11-24 06:00:00+01:00;-1.5;4.7250481
1900-11-24 07:00:00+01:00;-1.9;4.74129336
1900-11-24 08:00:00+01:00;-1.9;4.75368227
1900-11-24 09:00:00+01:00;-2;4.7615581
1900-11-24 10:00:00+01:00;-2.3;4.85913518
1900-11-24 11:00:00+01:00;-2;4.9258095
1900-11-24 12:00:00+01:00;-1.7;4.99509399
1900-11-24 13:00:00+01:00;-1.5;4.9944264
1900-11-24 14:00:00+01:00;-1;4.9918207
1900-11-24 15:00:00+01:00;-1.5;5.1150998
1900-11-24 16:00:00+01:00;-1;5.1356535
1900-11-24 17:00:00+01:00;-0.7;5.12270849
1900-11-24 18:00:00+01:00;-0.5;5.06363435
1900-11-24 19:00:00+01:00;-0.3;4.97833866
1900-11-24 20:00:00+01:00;0;4.8602782
1900-11-24 21:00:00+01:00;0;4.7700325
1900-11-24 22:00:00+01:00;-0.1;4.69111249
1900-11-24 23:00:00+01:00;-0.3;4.67777655
1900-11-25 00:00:00+01:00;-0.1;4.65373766
1900-11-25 01:00:00+01:00;0;4.63444
1900-11-25 02:00:00+01:00;0;4.5941865
1900-11-25 03:00:00+01:00;-0.1;4.60740316
1900-11-25 04:00:00+01:00;-0.8;4.65027366
1900-11-25 05:00:00+01:00;-0.6;4.67035618
1900-11-25 06:00:00+01:00;-1;4.6775191
1900-11-25 07:00:00+01:00;-1.2;4.67926398
1900-11-25 08:00:00+01:00;-1;4.6791944
1900-11-25 09:00:00+01:00;-1;4.6873141
1900-11-25 10:00:00+01:00;-1.2;4.77729342
1900-11-25 11:00:00+01:00;-1.2;4.86723246
1900-11-25 12:00:00+01:00;-1;4.9442315
1900-11-25 13:00:00+01:00;-0.7;4.93686384
1900-11-25 14:00:00+01:00;-0.7;4.97042074
1900-11-25 15:00:00+01:00;-0.7;5.052823
1900-11-25 16:00:00+01:00;-1.2;5.1528574
1900-11-25 17:00:00+01:00;-0.8;5.13176966
1900-11-25 18:00:00+01:00;-0.7;5.08290917
1900-11-25 19:00:00+01:00;-0.6;5.00755392
1900-11-25 20:00:00+01:00;-0.7;4.92716852
1900-11-25 21:00:00+01:00;-0.8;4.84464242
1900-11-25 22:00:00+01:00;-1.5;4.81377195
1900-11-25 23:00:00+01:00;-0.7;4.71481915
1900-11-26 00:00:00+01:00;-2;4.9323605
1900-11-26 01:00:00+01:00;-1.7;4.90603418
1900-11-26 02:00:00+01:00;-0.7;4.83047631
1900-11-26 03:00:00+01:00;-1;4.8731798
1900-11-26 04:00:00+01:00;-1.7;5.03706408
1900-11-26 05:00:00+01:00;-2.5;5.56034695
1900-11-26 06:00:00+01:00;-2.8;7.30725748
1900-11-26 07:00:00+01:00;-2.5;10.517137
1900-11-26 08:00:00+01:00;-4.3;14.61545017
1900-11-26 09:00:00+01:00;-2.9;16.15965562
1900-11-26 10:00:00+01:00;-2.1;16.50234753
1900-11-26 11:00:00+01:00;-0.5;15.93581525
1900-11-26 12:00:00+01:00;-0.3;16.30172408
1900-11-26 13:00:00+01:00;0;15.789228
1900-11-26 14:00:00+01:00;-0.3;14.13865909
1900-11-26 15:00:00+01:00;-1.5;12.28743575
1900-11-26 16:00:00+01:00;-2.5;9.731355
1900-11-26 17:00:00+01:00;-4.3;8.00799223
1900-11-26 18:00:00+01:00;-5.8;7.63759108
1900-11-26 19:00:00+01:00;-6.6;7.17692508
1900-11-26 20:00:00+01:00;-6;6.477059
1900-11-26 21:00:00+01:00;-8;6.0887236
1900-11-26 22:00:00+01:00;-7.8;5.52330006
1900-11-26 23:00:00+01:00;-10.2;5.5885626
1900-11-27 00:00:00+01:00;-10.2;5.59843092
1900-11-27 01:00:00+01:00;-12.3;5.75484402
1900-11-27 02:00:00+01:00;-12.2;5.79796326
1900-11-27 03:00:00+01:00;-9.7;5.60056592
1900-11-27 04:00:00+01:00;-8.2;5.62714318
1900-11-27 05:00:00+01:00;-9;6.1346148
1900-11-27 06:00:00+01:00;-9.7;8.14661902
1900-11-27 07:00:00+01:00;-13.8;12.25632
1900-11-27 08:00:00+01:00;-14.7;16.66125393
1900-11-27 09:00:00+01:00;-13.2;18.04206096
1900-11-27 10:00:00+01:00;-7.6;17.50394868
1900-11-27 11:00:00+01:00;-4.8;16.6524296
1900-11-27 12:00:00+01:00;-4;16.9468324
1900-11-27 13:00:00+01:00;-3.4;16.39276506
1900-11-27 14:00:00+01:00;-5.8;14.90041074
1900-11-27 15:00:00+01:00;-7;12.9133605
1900-11-27 16:00:00+01:00;-8.6;10.22285396
1900-11-27 17:00:00+01:00;-10.3;8.47518883
1900-11-27 18:00:00+01:00;-12.7;8.34085702
1900-11-27 19:00:00+01:00;-11.3;7.66950294
1900-11-27 20:00:00+01:00;-11;6.936799
1900-11-27 21:00:00+01:00;-10.6;6.31073526
1900-11-27 22:00:00+01:00;-9.2;5.62567954
1900-11-27 23:00:00+01:00;-8;5.4157152
1900-11-28 00:00:00+01:00;-7.5;5.37911505
1900-11-28 01:00:00+01:00;-6.3;5.27438562
1900-11-28 02:00:00+01:00;-5.1;5.20064523
1900-11-28 03:00:00+01:00;-6;5.2912178
1900-11-28 04:00:00+01:00;-5.3;5.36387712
1900-11-28 05:00:00+01:00;-4.3;5.71937497
1900-11-28 06:00:00+01:00;-3.8;7.42890408
1900-11-28 07:00:00+01:00;-2.4;10.501746
1900-11-28 08:00:00+01:00;-2.6;14.28103994
1900-11-28 09:00:00+01:00;-2;15.9951736
1900-11-28 10:00:00+01:00;-0.6;16.22918358
1900-11-28 11:00:00+01:00;-0.1;15.86915345
1900-11-28 12:00:00+01:00;-1.5;16.5109484
1900-11-28 13:00:00+01:00;-1;15.9667389
1900-11-28 14:00:00+01:00;-0.7;14.19405921
1900-11-28 15:00:00+01:00;-3.5;12.51504475
1900-11-28 16:00:00+01:00;-2.6;9.73941236
1900-11-28 17:00:00+01:00;-4.1;7.99241901
1900-11-28 18:00:00+01:00;-4.5;7.5050917
1900-11-28 19:00:00+01:00;-5;7.009239
1900-11-28 20:00:00+01:00;-4.3;6.3207474
1900-11-28 21:00:00+01:00;-5;5.8325563
1900-11-28 22:00:00+01:00;-5.6;5.36241802
1900-11-28 23:00:00+01:00;-6.8;5.3214348
1900-11-29 00:00:00+01:00;-6.8;5.32225538
1900-11-29 01:00:00+01:00;-7.8;5.39450022
1900-11-29 02:00:00+01:00;-6.5;5.31842625
1900-11-29 03:00:00+01:00;-7.1;5.38318616
1900-11-29 04:00:00+01:00;-6.6;5.48189294
1900-11-29 05:00:00+01:00;-7.6;6.01092634
1900-11-29 06:00:00+01:00;-7.3;7.85466718
1900-11-29 07:00:00+01:00;-6.5;11.132777
1900-11-29 08:00:00+01:00;-6;14.9498604
1900-11-29 09:00:00+01:00;-5.3;16.59827434
1900-11-29 10:00:00+01:00;-4.1;16.86656613
1900-11-29 11:00:00+01:00;-2.4;16.2524588
1900-11-29 12:00:00+01:00;-2;16.5981252
1900-11-29 13:00:00+01:00;-2.8;16.28625852
1900-11-29 14:00:00+01:00;-3;14.5126099
1900-11-29 15:00:00+01:00;-5;12.6857515
1900-11-29 16:00:00+01:00;-5.1;9.94084636
1900-11-29 17:00:00+01:00;-5.5;8.10143155
1900-11-29 18:00:00+01:00;-7.1;7.77009046
1900-11-29 19:00:00+01:00;-8.2;7.34461116
1900-11-29 20:00:00+01:00;-8;6.660955
1900-11-29 21:00:00+01:00;-8.2;6.10580142
1900-11-29 22:00:00+01:00;-6.3;5.41360776
1900-11-29 23:00:00+01:00;-6.1;5.2664379
1900-11-30 00:00:00+01:00;-7;5.338501
1900-11-30 01:00:00+01:00;-6.3;5.27438562
1900-11-30 02:00:00+01:00;-8.1;5.45303313
1900-11-30 03:00:00+01:00;-10;5.6256482
1900-11-30 04:00:00+01:00;-9.1;5.70884644
1900-11-30 05:00:00+01:00;-7.3;5.98442167
1900-11-30 06:00:00+01:00;-7.6;7.89116116
1900-11-30 07:00:00+01:00;-7.1;11.225123
1900-11-30 08:00:00+01:00;-6.8;15.10722992
1900-11-30 09:00:00+01:00;-5.5;16.6348259
1900-11-30 10:00:00+01:00;-3.5;16.75730055
1900-11-30 11:00:00+01:00;-2.5;16.26912425
1900-11-30 12:00:00+01:00;-2;16.5981252
1900-11-30 13:00:00+01:00;-1.4;16.03774326
1900-11-30 14:00:00+01:00;-1.4;14.29100942
1900-11-30 15:00:00+01:00;-1;12.2305335
1900-11-30 16:00:00+01:00;-1;9.6104946
1900-11-30 17:00:00+01:00;-1.7;7.80554037
1900-11-30 18:00:00+01:00;-2;7.2502852
1900-11-30 19:00:00+01:00;-2.4;6.73674912
1900-11-30 20:00:00+01:00;-2;6.109267
1900-11-30 21:00:00+01:00;-2.3;5.60200573
1900-11-30 22:00:00+01:00;-3.7;5.22347444
1900-11-30 23:00:00+01:00;-6.8;5.3214348
1900-12-01 00:00:00+01:00;-7.5;5.2928875
1900-12-01 01:00:00+01:00;-7.7;5.29334363
1900-12-01 02:00:00+01:00;-9.8;5.45297716
1900-12-01 03:00:00+01:00;-11.3;5.58555068
1900-12-01 04:00:00+01:00;-10.2;5.51518364
1900-12-01 05:00:00+01:00;-12.2;5.79478826
1900-12-01 06:00:00+01:00;-9.1;5.4474889
1900-12-01 07:00:00+01:00;-10.6;5.51222994
1900-12-01 08:00:00+01:00;-12.8;5.65581314
1900-12-01 09:00:00+01:00;-11;5.4297541
1900-12-01 10:00:00+01:00;-9;5.3576259
1900-12-01 11:00:00+01:00;-7.5;5.32852665
1900-12-01 12:00:00+01:00;-7.6;5.42379212
1900-12-01 13:00:00+01:00;-6.6;5.36138772
1900-12-01 14:00:00+01:00;-6.1;5.35562002
1900-12-01 15:00:00+01:00;-6.3;5.4887606
1900-12-01 16:00:00+01:00;-6.3;5.59155685
1900-12-01 17:00:00+01:00;-6;5.6029505
1900-12-01 18:00:00+01:00;-5.6;5.55514226
1900-12-01 19:00:00+01:00;-5.5;5.4847365
1900-12-01 20:00:00+01:00;-5.3;5.36673348
1900-12-01 21:00:00+01:00;-5.3;5.26432322
1900-12-01 22:00:00+01:00;-4.8;5.10289782
1900-12-01 23:00:00+01:00;-4.5;5.06672385
1900-12-02 00:00:00+01:00;-4.1;4.99922406
1900-12-02 01:00:00+01:00;-4.1;4.98528479
1900-12-02 02:00:00+01:00;-4.1;4.95347647
1900-12-02 03:00:00+01:00;-3.8;4.93054118
1900-12-02 04:00:00+01:00;-3.6;4.90790642
1900-12-02 05:00:00+01:00;-3.6;4.96115758
1900-12-02 06:00:00+01:00;-3.4;4.9056583
1900-12-02 07:00:00+01:00;-2.5;4.7944614
1900-12-02 08:00:00+01:00;-2.5;4.80334085
1900-12-02 09:00:00+01:00;-2;4.7615581
1900-12-02 10:00:00+01:00;-1.2;4.77729342
1900-12-02 11:00:00+01:00;-0.7;4.83062181
1900-12-02 12:00:00+01:00;-1;4.9442315
1900-12-02 13:00:00+01:00;-0.8;4.94405916
1900-12-02 14:00:00+01:00;-0.7;4.97042074
1900-12-02 15:00:00+01:00;-0.5;5.0372538
1900-12-02 16:00:00+01:00;-0.3;5.07543985
1900-12-02 17:00:00+01:00;-0.3;5.08646381
1900-12-02 18:00:00+01:00;-0.3;5.04435953
1900-12-02 19:00:00+01:00;-2;5.1438918
1900-12-02 20:00:00+01:00;-2.1;5.06094916
1900-12-02 21:00:00+01:00;-2.3;4.98453602
1900-12-02 22:00:00+01:00;-3.4;4.98023836
1900-12-02 23:00:00+01:00;-1.9;4.82594695
1900-12-03 00:00:00+01:00;-3;5.0135886
1900-12-03 01:00:00+01:00;-3.1;5.01814114
1900-12-03 02:00:00+01:00;-3.4;5.05762542
1900-12-03 03:00:00+01:00;-5;5.2076102
1900-12-03 04:00:00+01:00;-4.6;5.30033014
1900-12-03 05:00:00+01:00;-4.5;5.73704475
1900-12-03 06:00:00+01:00;-4.8;7.55055068
1900-12-03 07:00:00+01:00;-5.1;10.917303
1900-12-03 08:00:00+01:00;-5.6;14.87117564
1900-12-03 09:00:00+01:00;-4.6;16.47034388
1900-12-03 10:00:00+01:00;-4;16.8483552
1900-12-03 11:00:00+01:00;-2.3;16.23579335
1900-12-03 12:00:00+01:00;-2.4;16.66786664
1900-12-03 13:00:00+01:00;-1.4;16.03774326
1900-12-03 14:00:00+01:00;-1.4;14.29100942
1900-12-03 15:00:00+01:00;-3.4;12.5036643
1900-12-03 16:00:00+01:00;-3.5;9.8119286
1900-12-03 17:00:00+01:00;-4.6;8.03135206
1900-12-03 18:00:00+01:00;-4;7.4541304
1900-12-03 19:00:00+01:00;-5;7.009239
1900-12-03 20:00:00+01:00;-4.5;6.339137
1900-12-03 21:00:00+01:00;-3.6;5.71301156
1900-12-03 22:00:00+01:00;-4.3;5.26735136
1900-12-03 23:00:00+01:00;-3.5;5.0621637
1900-12-04 00:00:00+01:00;-3.4;5.04607984
1900-12-04 01:00:00+01:00;-3.3;5.03415642
1900-12-04 02:00:00+01:00;-2.5;4.98190905
1900-12-04 03:00:00+01:00;-2;4.9567874
1900-12-04 04:00:00+01:00;-1.7;5.03706408
1900-12-04 05:00:00+01:00;-0.3;5.36597937
1900-12-04 06:00:00+01:00;0.4;6.91798836
1900-12-04 07:00:00+01:00;4.4;9.455158
1900-12-04 08:00:00+01:00;7.4;12.31392094
1900-12-04 09:00:00+01:00;5.5;14.6244901
1900-12-04 10:00:00+01:00;11.2;14.08029384
1900-12-04 11:00:00+01:00;8.9;14.36926295
1900-12-04 12:00:00+01:00;9.6;14.57562344
1900-12-04 13:00:00+01:00;7.8;14.40464298
1900-12-04 14:00:00+01:00;7.7;13.03065669
1900-12-04 15:00:00+01:00;4.7;11.58184785
1900-12-04 16:00:00+01:00;1.3;9.42517532
1900-12-04 17:00:00+01:00;2;7.5174358
1900-12-04 18:00:00+01:00;2;6.8425948
1900-12-04 19:00:00+01:00;1.4;6.33849468
1900-12-04 20:00:00+01:00;1.2;5.8150334
1900-12-04 21:00:00+01:00;0.6;5.35437734
1900-12-04 22:00:00+01:00;0.4;4.92364882
1900-12-04 23:00:00+01:00;-1.5;4.9050297
1900-12-05 00:00:00+01:00;-2;4.9323605
1900-12-05 01:00:00+01:00;-0.8;4.83396542
1900-12-05 02:00:00+01:00;-1.2;4.87254096
1900-12-05 03:00:00+01:00;-3.5;5.0821988
1900-12-05 04:00:00+01:00;-2.9;5.14600176
1900-12-05 05:00:00+01:00;-2.9;5.59568651
1900-12-05 06:00:00+01:00;-3;7.3315868
1900-12-05 07:00:00+01:00;-4.3;10.794175
1900-12-05 08:00:00+01:00;-5.1;14.77281969
1900-12-05 09:00:00+01:00;-4.1;16.37896498
1900-12-05 10:00:00+01:00;-3.3;16.72087869
1900-12-05 11:00:00+01:00;-2.8;16.3191206
1900-12-05 12:00:00+01:00;-2.3;16.65043128
1900-12-05 13:00:00+01:00;0.1;15.77147691
1900-12-05 14:00:00+01:00;1.6;13.87550852
1900-12-05 15:00:00+01:00;1.8;11.9118809
1900-12-05 16:00:00+01:00;-0.3;9.55409308
1900-12-05 17:00:00+01:00;-0.3;7.69652783
1900-12-05 18:00:00+01:00;1.8;6.86297932
1900-12-05 19:00:00+01:00;4.5;6.0136029
1900-12-05 20:00:00+01:00;4.3;5.5299946
1900-12-05 21:00:00+01:00;2.8;5.16652132
1900-12-05 22:00:00+01:00;2.6;4.76276678
1900-12-05 23:00:00+01:00;3.6;4.504338
1900-12-06 00:00:00+01:00;4.3;4.42062347
1900-12-06 01:00:00+01:00;3.5;4.4896369
1900-12-06 02:00:00+01:00;2.4;4.56967548
1900-12-06 03:00:00+01:00;2.8;4.55547092
1900-12-06 04:00:00+01:00;3.2;4.59223522
1900-12-06 05:00:00+01:00;3;5.074428
1900-12-06 06:00:00+01:00;2.2;6.69902448
1900-12-06 07:00:00+01:00;2.1;9.809151
1900-12-06 08:00:00+01:00;2.3;13.31715163
1900-12-06 09:00:00+01:00;1.5;15.3555213
1900-12-06 10:00:00+01:00;2.7;15.62822289
1900-12-06 11:00:00+01:00;3.4;15.2858627
1900-12-06 12:00:00+01:00;4;15.5520036
1900-12-06 13:00:00+01:00;3;15.2566953
1900-12-06 14:00:00+01:00;2.4;13.76470828
1900-12-06 15:00:00+01:00;1.4;11.9574027
1900-12-06 16:00:00+01:00;-0.1;9.53797836
1900-12-06 17:00:00+01:00;-2.1;7.83668681
1900-12-06 18:00:00+01:00;-3;7.3522078
1900-12-06 19:00:00+01:00;-3.1;6.81011178
1900-12-06 20:00:00+01:00;-3.1;6.2104098
1900-12-06 21:00:00+01:00;-2.8;5.64470028
1900-12-06 22:00:00+01:00;-2.4;5.12840778
1900-12-06 23:00:00+01:00;-2;4.9443132
1900-12-07 00:00:00+01:00;-2.4;4.96485174
1900-12-07 01:00:00+01:00;-2;4.9300571
1900-12-07 02:00:00+01:00;-1.7;4.91460561
1900-12-07 03:00:00+01:00;-0.8;4.85645828
1900-12-07 04:00:00+01:00;-0.5;4.9281264
1900-12-07 05:00:00+01:00;-1;5.4278236
1900-12-07 06:00:00+01:00;-1;7.0882936
1900-12-07 07:00:00+01:00;-1;10.286272
1900-12-07 08:00:00+01:00;-0.7;13.90728733
1900-12-07 09:00:00+01:00;-0.6;15.73931268
1900-12-07 10:00:00+01:00;-1;16.3020273
1900-12-07 11:00:00+01:00;-0.3;15.90248435
1900-12-07 12:00:00+01:00;-0.1;16.26685336
1900-12-07 13:00:00+01:00;0.1;15.77147691
1900-12-07 14:00:00+01:00;0;14.097109
1900-12-07 15:00:00+01:00;-0.3;12.15087035
1900-12-07 16:00:00+01:00;-0.5;9.5702078
1900-12-07 17:00:00+01:00;-0.6;7.71988766
1900-12-07 18:00:00+01:00;-2.3;7.28086198
1900-12-07 19:00:00+01:00;-3;6.7996314
1900-12-07 20:00:00+01:00;-2.5;6.155241
1900-12-07 21:00:00+01:00;-2.5;5.61908355
1900-12-07 22:00:00+01:00;-3.4;5.20153598
1900-12-07 23:00:00+01:00;-5;5.1800142
1900-12-08 00:00:00+01:00;-5.6;5.12878146
1900-12-08 01:00:00+01:00;-3.9;4.96817041
1900-12-08 02:00:00+01:00;-4.6;4.99729232
1900-12-08 03:00:00+01:00;-4.3;4.97420848
1900-12-08 04:00:00+01:00;-3;4.8526994
1900-12-08 05:00:00+01:00;-3;4.9029973
1900-12-08 06:00:00+01:00;-3.3;4.8961525
1900-12-08 07:00:00+01:00;-3.4;4.87421346
1900-12-08 08:00:00+01:00;-3.5;4.88610515
1900-12-08 09:00:00+01:00;-4.1;4.9174705
1900-12-08 10:00:00+01:00;-4;4.9856179
1900-12-08 11:00:00+01:00;-3.5;5.03564145
1900-12-08 12:00:00+01:00;-3;5.0895529
1900-12-08 13:00:00+01:00;-2.4;5.05918428
1900-12-08 14:00:00+01:00;-1.7;5.04175394
1900-12-08 15:00:00+01:00;-2;5.1540228
1900-12-08 16:00:00+01:00;-1.5;5.17866325
1900-12-08 17:00:00+01:00;-1.5;5.19519785
1900-12-08 18:00:00+01:00;-1.2;5.13109622
1900-12-08 19:00:00+01:00;-1.4;5.08546128
1900-12-08 20:00:00+01:00;-1.5;5.0036146
1900-12-08 21:00:00+01:00;-1.2;4.88194738
1900-12-08 22:00:00+01:00;-1.4;4.80501056
1900-12-08 23:00:00+01:00;-1;4.7426011
1900-12-09 00:00:00+01:00;-0.8;4.71419778
1900-12-09 01:00:00+01:00;-0.7;4.69434033
1900-12-09 02:00:00+01:00;-1;4.6818182
1900-12-09 03:00:00+01:00;-1;4.6860043
1900-12-09 04:00:00+01:00;-0.6;4.63187132
1900-12-09 05:00:00+01:00;-0.7;4.68004956
1900-12-09 06:00:00+01:00;-1.5;4.7250481
1900-12-09 07:00:00+01:00;-1.7;4.72357068
1900-12-09 08:00:00+01:00;-3;4.844723
1900-12-09 09:00:00+01:00;-3.8;4.8951973
1900-12-09 10:00:00+01:00;0.2;4.67313118
1900-12-09 11:00:00+01:00;0.6;4.73543412
1900-12-09 12:00:00+01:00;1.5;4.76257975
1900-12-09 13:00:00+01:00;1.4;4.78576212
1900-12-09 14:00:00+01:00;0.1;4.91335418
1900-12-09 15:00:00+01:00;-0.3;5.0216846
1900-12-09 16:00:00+01:00;0;5.049634
1900-12-09 17:00:00+01:00;0.7;4.99585211
1900-12-09 18:00:00+01:00;0.6;4.95762284
1900-12-09 19:00:00+01:00;0.7;4.88095446
1900-12-09 20:00:00+01:00;-0.3;4.88894548
1900-12-09 21:00:00+01:00;-1.9;4.94723106
1900-12-09 22:00:00+01:00;-2;4.8575789
1900-12-09 23:00:00+01:00;1.6;4.5018242
1900-12-10 00:00:00+01:00;1.9;4.61557091
1900-12-10 01:00:00+01:00;1.7;4.63377442
1900-12-10 02:00:00+01:00;0.3;4.74634701
1900-12-10 03:00:00+01:00;1.7;4.64743928
1900-12-10 04:00:00+01:00;0.8;4.81011058
1900-12-10 05:00:00+01:00;0;5.3394747
1900-12-10 06:00:00+01:00;-2.3;7.24643418
1900-12-10 07:00:00+01:00;1.3;9.932279
1900-12-10 08:00:00+01:00;0.6;13.65156186
1900-12-10 09:00:00+01:00;0.1;15.61138222
1900-12-10 10:00:00+01:00;0.8;15.97423056
1900-12-10 11:00:00+01:00;0.7;15.73582985
1900-12-10 12:00:00+01:00;-1.7;16.54581912
1900-12-10 13:00:00+01:00;-2.6;16.25075634
1900-12-10 14:00:00+01:00;-2.9;14.49875987
1900-12-10 15:00:00+01:00;-3.3;12.49228385
1900-12-10 16:00:00+01:00;-2.4;9.72329764
1900-12-10 17:00:00+01:00;-0.6;7.71988766
1900-12-10 18:00:00+01:00;-3.1;7.36240006
1900-12-10 19:00:00+01:00;0.5;6.4328181
1900-12-10 20:00:00+01:00;1.5;5.787449
1900-12-10 21:00:00+01:00;0.1;5.39707189
1900-12-10 22:00:00+01:00;0.4;4.92364882
1900-12-10 23:00:00+01:00;0.4;4.7557524
1900-12-11 00:00:00+01:00;0.1;4.76178149
1900-12-11 01:00:00+01:00;-0.1;4.77791194
1900-12-11 02:00:00+01:00;0.2;4.75475994
1900-12-11 03:00:00+01:00;-0.3;4.81465448
1900-12-11 04:00:00+01:00;-1.2;4.99167338
1900-12-11 05:00:00+01:00;-1.2;5.44549338
1900-12-11 06:00:00+01:00;-2;7.2099402
1900-12-11 07:00:00+01:00;-2;10.440182
1900-12-11 08:00:00+01:00;-3;14.3597247
1900-12-11 09:00:00+01:00;-2.8;16.14137984
1900-12-11 10:00:00+01:00;-5.6;17.13973008
1900-12-11 11:00:00+01:00;-5.3;16.73575685
1900-12-11 12:00:00+01:00;-3.6;16.87709096
1900-12-11 13:00:00+01:00;-5.6;16.78328904
1900-12-11 14:00:00+01:00;-6.3;14.96966089
1900-12-11 15:00:00+01:00;-7;12.9133605
1900-12-11 16:00:00+01:00;-7.3;10.11810828
1900-12-11 17:00:00+01:00;-8;8.2960968
1900-12-11 18:00:00+01:00;-10;8.065666
1900-12-11 19:00:00+01:00;-10;7.533258
1900-12-11 20:00:00+01:00;-11.1;6.9459938
1900-12-11 21:00:00+01:00;-8.7;6.14849597
1900-12-11 22:00:00+01:00;-7.8;5.52330006
1900-12-11 23:00:00+01:00;-6.8;5.3214348
1900-12-12 00:00:00+01:00;-6.3;5.28164133
1900-12-12 01:00:00+01:00;-6.1;5.25837034
1900-12-12 02:00:00+01:00;-5.8;5.25953574
1900-12-12 03:00:00+01:00;-5;5.2076102
1900-12-12 04:00:00+01:00;-5;5.3366427
1900-12-12 05:00:00+01:00;-1.2;5.44549338
1900-12-12 06:00:00+01:00;-1.7;7.17344622
1900-12-12 07:00:00+01:00;-1.4;10.347836
1900-12-12 08:00:00+01:00;-1.2;14.00564328
1900-12-12 09:00:00+01:00;-0.7;15.75758846
1900-12-12 10:00:00+01:00;-1.7;16.42950381
1900-12-12 11:00:00+01:00;-1.5;16.10246975
1900-12-12 12:00:00+01:00;-2;16.5981252
1900-12-12 13:00:00+01:00;-2.1;16.16200089
1900-12-12 14:00:00+01:00;-2.9;14.49875987
1900-12-12 15:00:00+01:00;-3;12.4581425
1900-12-12 16:00:00+01:00;-4.1;9.86027276
1900-12-12 17:00:00+01:00;-5.3;8.08585833
1900-12-12 18:00:00+01:00;-5.5;7.6070143
1900-12-12 19:00:00+01:00;-7.6;7.28172888
1900-12-12 20:00:00+01:00;-6.5;6.523033
1900-12-12 21:00:00+01:00;-7.3;6.02895123
1900-12-12 22:00:00+01:00;-8.3;5.55986416
1900-12-12 23:00:00+01:00;-8.5;5.4549987
1900-12-13 00:00:00+01:00;-9.7;5.55781687
1900-12-13 01:00:00+01:00;-9.1;5.49859954
1900-12-13 02:00:00+01:00;-9.7;5.58764001
1900-12-13 03:00:00+01:00;-7.6;5.42498996
1900-12-13 04:00:00+01:00;-9.6;5.75423714
1900-12-13 05:00:00+01:00;-10.8;6.29364282
1900-12-13 06:00:00+01:00;-15.6;8.86433396
1900-12-13 07:00:00+01:00;-10.3;11.717635
1900-12-13 08:00:00+01:00;-13;16.3268437
1900-12-13 09:00:00+01:00;-11.5;17.7313727
1900-12-13 10:00:00+01:00;-9;17.7589017
1900-12-13 11:00:00+01:00;-9.2;17.3857094
1900-12-13 12:00:00+01:00;-7.3;17.52219928
1900-12-13 13:00:00+01:00;-7;17.0318043
1900-12-13 14:00:00+01:00;-8.2;15.23281146
1900-12-13 15:00:00+01:00;-7.3;12.94750185
1900-12-13 16:00:00+01:00;-8.2;10.19062452
1900-12-13 17:00:00+01:00;-8.1;8.30388341
1900-12-13 18:00:00+01:00;-8.6;7.92297436
1900-12-13 19:00:00+01:00;-8.3;7.35509154
1900-12-13 20:00:00+01:00;-6.6;6.5322278
1900-12-13 21:00:00+01:00;-5.5;5.87525085
1900-12-13 22:00:00+01:00;-5.1;5.32585392
1900-12-13 23:00:00+01:00;-5.1;5.1878709
1900-12-14 00:00:00+01:00;-4.6;5.14355356
1900-12-14 01:00:00+01:00;-2.6;4.97810294
1900-12-14 02:00:00+01:00;0;4.7715858
1900-12-14 03:00:00+01:00;2.7;4.56383168
1900-12-14 04:00:00+01:00;2.9;4.61946964
1900-12-14 05:00:00+01:00;3.1;5.06559311
1900-12-14 06:00:00+01:00;4;6.4800606
1900-12-14 07:00:00+01:00;6;9.208902
1900-12-14 08:00:00+01:00;5.3;12.72701593
1900-12-14 09:00:00+01:00;4.6;14.78897212
1900-12-14 10:00:00+01:00;3.9;15.40969173
1900-12-14 11:00:00+01:00;3.4;15.2858627
1900-12-14 12:00:00+01:00;2.9;15.74379256
1900-12-14 13:00:00+01:00;4.1;15.06143331
1900-12-14 14:00:00+01:00;3;13.6816081
1900-12-14 15:00:00+01:00;2.1;11.87773955
1900-12-14 16:00:00+01:00;1.8;9.38488852
1900-12-14 17:00:00+01:00;2.2;7.50186258
1900-12-14 18:00:00+01:00;1.3;6.91394062
1900-12-14 19:00:00+01:00;-0.5;6.5376219
1900-12-14 20:00:00+01:00;-2;6.109267
1900-12-14 21:00:00+01:00;-3.3;5.68739483
1900-12-14 22:00:00+01:00;-3.5;5.2088488
1900-12-14 23:00:00+01:00;-3.8;5.0857338
1900-12-15 00:00:00+01:00;-5.8;5.14605578
1900-12-15 01:00:00+01:00;-6.6;5.19921454
1900-12-15 02:00:00+01:00;-6.1;5.12873987
1900-12-15 03:00:00+01:00;-6.1;5.13141076
1900-12-15 04:00:00+01:00;-6.1;5.13793567
1900-12-15 05:00:00+01:00;-6.1;5.20349208
1900-12-15 06:00:00+01:00;-5.8;5.1337975
1900-12-15 07:00:00+01:00;-8.2;5.29955778
1900-12-15 08:00:00+01:00;-6.8;5.15922734
1900-12-15 09:00:00+01:00;-6;5.0585341
1900-12-15 10:00:00+01:00;-5.3;5.08233998
1900-12-15 11:00:00+01:00;-4.6;5.11618488
1900-12-15 12:00:00+01:00;-3.5;5.12588325
1900-12-15 13:00:00+01:00;-2.5;5.0663796
1900-12-15 14:00:00+01:00;-4.3;5.22722026
1900-12-15 15:00:00+01:00;-4.8;5.3719916
1900-12-15 16:00:00+01:00;-4.5;5.43672175
1900-12-15 17:00:00+01:00;-5.6;5.56670582
1900-12-15 18:00:00+01:00;-6.5;5.64187895
1900-12-15 19:00:00+01:00;-7.1;5.64055122
1900-12-15 20:00:00+01:00;-8.5;5.6725178
1900-12-15 21:00:00+01:00;-8.8;5.59074162
1900-12-15 22:00:00+01:00;-9.3;5.49716037
1900-12-15 23:00:00+01:00;-10.7;5.64088415
1900-12-16 00:00:00+01:00;-12.1;5.69019686
1900-12-16 01:00:00+01:00;-11.6;5.62707404
1900-12-16 02:00:00+01:00;-11.2;5.57566154
1900-12-16 03:00:00+01:00;-13.7;5.79515372
1900-12-16 04:00:00+01:00;-11.7;5.65320119
1900-12-16 05:00:00+01:00;-9.5;5.533067
1900-12-16 06:00:00+01:00;-8.2;5.3619367
1900-12-16 07:00:00+01:00;-7;5.1932217
1900-12-16 08:00:00+01:00;-6.3;5.11784519
1900-12-16 09:00:00+01:00;-6.3;5.0808073
1900-12-16 10:00:00+01:00;-6.1;5.14186126
1900-12-16 11:00:00+01:00;-6;5.2186947
1900-12-16 12:00:00+01:00;-5.8;5.29300286
1900-12-16 13:00:00+01:00;-5.1;5.25345792
1900-12-16 14:00:00+01:00;-5.1;5.28428682
1900-12-16 15:00:00+01:00;-4;5.3097148
1900-12-16 16:00:00+01:00;-3.5;5.35070225
1900-12-16 17:00:00+01:00;-2.6;5.29487072
1900-12-16 18:00:00+01:00;-2;5.2081955
1900-12-16 19:00:00+01:00;1;4.8517392
1900-12-16 20:00:00+01:00;1;4.7647206
1900-12-16 21:00:00+01:00;1;4.6767701
1900-12-16 22:00:00+01:00;1.1;4.58597581
1900-12-16 23:00:00+01:00;1.1;4.54812745
1900-12-17 00:00:00+01:00;0.7;4.71304463
1900-12-17 01:00:00+01:00;1;4.6898279
1900-12-17 02:00:00+01:00;0.3;4.74634701
1900-12-17 03:00:00+01:00;-0.7;4.84809752
1900-12-17 04:00:00+01:00;-1.4;5.00982966
1900-12-17 05:00:00+01:00;-1.5;5.47199805
1900-12-17 06:00:00+01:00;-1.5;7.1491169
1900-12-17 07:00:00+01:00;-1.2;10.317054
1900-12-17 08:00:00+01:00;-1.5;14.06465685
1900-12-17 09:00:00+01:00;-1.5;15.9037947
1900-12-17 10:00:00+01:00;-1;16.3020273
1900-12-17 11:00:00+01:00;-1;16.0191425
1900-12-17 12:00:00+01:00;-1;16.4237716
1900-12-17 13:00:00+01:00;-1;15.9667389
1900-12-17 14:00:00+01:00;-1;14.2356093
1900-12-17 15:00:00+01:00;-1.4;12.2760553
1900-12-17 16:00:00+01:00;-1.9;9.68301084
1900-12-17 17:00:00+01:00;-1.4;7.78218054
1900-12-17 18:00:00+01:00;-1.7;7.21970842
1900-12-17 19:00:00+01:00;-2;6.6948276
1900-12-17 20:00:00+01:00;-2.5;6.155241
1900-12-17 21:00:00+01:00;-3;5.6617781
1900-12-17 22:00:00+01:00;-2.8;5.15765906
1900-12-17 23:00:00+01:00;-2.5;4.9835967
1900-12-18 00:00:00+01:00;-2;4.9323605
1900-12-18 01:00:00+01:00;-2.5;4.9700953
1900-12-18 02:00:00+01:00;-2.8;5.00714784
1900-12-18 03:00:00+01:00;-2.8;5.02367348
1900-12-18 04:00:00+01:00;-3.4;5.19139246
1900-12-18 05:00:00+01:00;-3.5;5.64869585
1900-12-18 06:00:00+01:00;-3.5;7.3924101
1900-12-18 07:00:00+01:00;-3;10.594092
1900-12-18 08:00:00+01:00;-3.6;14.47775184
1900-12-18 09:00:00+01:00;-3.3;16.23275874
1900-12-18 10:00:00+01:00;-3.5;16.75730055
1900-12-18 11:00:00+01:00;-4.3;16.56910235
1900-12-18 12:00:00+01:00;-4;16.9468324
1900-12-18 13:00:00+01:00;-4.8;16.64128032
1900-12-18 14:00:00+01:00;-5;14.7896105
1900-12-18 15:00:00+01:00;-5.3;12.71989285
1900-12-18 16:00:00+01:00;-4;9.8522154
1900-12-18 17:00:00+01:00;-3.6;7.95348596
1900-12-18 18:00:00+01:00;-5.3;7.58662978
1900-12-18 19:00:00+01:00;-6;7.1140428
1900-12-18 20:00:00+01:00;-7.1;6.5782018
1900-12-18 21:00:00+01:00;-7.8;6.07164578
1900-12-18 22:00:00+01:00;-9.2;5.62567954
1900-12-18 23:00:00+01:00;-7.8;5.4000018
1900-12-19 00:00:00+01:00;-9.8;5.56593968
1900-12-19 01:00:00+01:00;-13.7;5.86695098
1900-12-19 02:00:00+01:00;-14.3;5.97463479
1900-12-19 03:00:00+01:00;-12.3;5.81794568
1900-12-19 04:00:00+01:00;-14;6.1536753
1900-12-19 05:00:00+01:00;-17.5;6.88558045
1900-12-19 06:00:00+01:00;-15.1;8.80351066
1900-12-19 07:00:00+01:00;-13.3;12.179365
1900-12-19 08:00:00+01:00;-15.7;16.85796583
1900-12-19 09:00:00+01:00;-15.3;18.42585234
1900-12-19 10:00:00+01:00;-12.6;18.41449518
1900-12-19 11:00:00+01:00;-12;17.852342
1900-12-19 12:00:00+01:00;-10.2;18.02782472
1900-12-19 13:00:00+01:00;-8.8;17.35132392
1900-12-19 14:00:00+01:00;-8.7;15.30206161
1900-12-19 15:00:00+01:00;-8;13.027165
1900-12-19 16:00:00+01:00;-8.7;10.23091132
1900-12-19 17:00:00+01:00;-9;8.3739629
1900-12-19 18:00:00+01:00;-7.8;7.84143628
1900-12-19 19:00:00+01:00;-8.1;7.33413078
1900-12-19 20:00:00+01:00;-6.8;6.5506174
1900-12-19 21:00:00+01:00;-5.8;5.90086758
1900-12-19 22:00:00+01:00;-5.5;5.3551052
1900-12-19 23:00:00+01:00;-5.3;5.2035843
1900-12-20 00:00:00+01:00;-4.3;5.11918513
1900-12-20 01:00:00+01:00;-3.8;5.07419462
1900-12-20 02:00:00+01:00;-2.9;5.01556077
1900-12-20 03:00:00+01:00;-1.9;4.94842664
1900-12-20 04:00:00+01:00;-0.7;4.94628268
1900-12-20 05:00:00+01:00;-1.4;5.46316316
1900-12-20 06:00:00+01:00;-1.7;7.17344622
1900-12-20 07:00:00+01:00;-1.5;10.363227
1900-12-20 08:00:00+01:00;-0.5;13.86794495
1900-12-20 09:00:00+01:00;-0.6;15.73931268
1900-12-20 10:00:00+01:00;-0.6;16.22918358
1900-12-20 11:00:00+01:00;-0.6;15.9524807
1900-12-20 12:00:00+01:00;0;16.249418
1900-12-20 13:00:00+01:00;0.5;15.70047255
1900-12-20 14:00:00+01:00;0;14.097109
1900-12-20 15:00:00+01:00;1.7;11.92326135
1900-12-20 16:00:00+01:00;1.9;9.37683116
1900-12-20 17:00:00+01:00;-0.3;7.69652783
1900-12-20 18:00:00+01:00;-3;7.3522078
1900-12-20 19:00:00+01:00;-2;6.6948276
1900-12-20 20:00:00+01:00;1.6;5.7782542
1900-12-20 21:00:00+01:00;-3;5.6617781
1900-12-20 22:00:00+01:00;-3.5;5.2088488
1900-12-20 23:00:00+01:00;-3.5;5.0621637
1900-12-21 00:00:00+01:00;-3.3;5.03795703
1900-12-21 01:00:00+01:00;-2.9;5.00212586
1900-12-21 02:00:00+01:00;-3.8;5.09127714
1900-12-21 03:00:00+01:00;-3.5;5.0821988
1900-12-21 04:00:00+01:00;-1;4.9735171
1900-12-21 05:00:00+01:00;-2;5.5161725
1900-12-21 06:00:00+01:00;-2.4;7.25859884
1900-12-21 07:00:00+01:00;0.2;10.10158
1900-12-21 08:00:00+01:00;-2.5;14.26136875
1900-12-21 09:00:00+01:00;-2.5;16.0865525
1900-12-21 10:00:00+01:00;-1.5;16.39308195
1900-12-21 11:00:00+01:00;-0.3;15.90248435
1900-12-21 12:00:00+01:00;-1.2;16.45864232
1900-12-21 13:00:00+01:00;-0.3;15.84248127
1900-12-21 14:00:00+01:00;-1.4;14.29100942
1900-12-21 15:00:00+01:00;-1.5;12.28743575
1900-12-21 16:00:00+01:00;-1;9.6104946
1900-12-21 17:00:00+01:00;-0.6;7.71988766
1900-12-21 18:00:00+01:00;0.6;6.98528644
1900-12-21 19:00:00+01:00;2.8;6.19176936
1900-12-21 20:00:00+01:00;6.4;5.3369038
1900-12-21 21:00:00+01:00;6;4.8932762
1900-12-21 22:00:00+01:00;3.8;4.67501294
1900-12-21 23:00:00+01:00;4.2;4.4571978
1900-12-22 00:00:00+01:00;2;4.4723573
1900-12-22 01:00:00+01:00;3;4.3777243
1900-12-22 02:00:00+01:00;3.8;4.26118604
1900-12-22 03:00:00+01:00;0.3;4.57246932
1900-12-22 04:00:00+01:00;2.2;4.37423856
1900-12-22 05:00:00+01:00;1.8;4.43771506
1900-12-22 06:00:00+01:00;5.6;4.0501363
1900-12-22 07:00:00+01:00;4.9;4.13872224
1900-12-22 08:00:00+01:00;4.9;4.19088503
1900-12-22 09:00:00+01:00;5.2;4.2270013
1900-12-22 10:00:00+01:00;8.2;4.07791838
1900-12-22 11:00:00+01:00;7.3;4.24485141
1900-12-22 12:00:00+01:00;6.2;4.42107446
1900-12-22 13:00:00+01:00;8.4;4.28208972
1900-12-22 14:00:00+01:00;8.6;4.30702198
1900-12-22 15:00:00+01:00;8;4.3755628
1900-12-22 16:00:00+01:00;7.6;4.3958858
1900-12-22 17:00:00+01:00;6.6;4.46124308
1900-12-22 18:00:00+01:00;6.8;4.36010342
1900-12-22 19:00:00+01:00;8.1;4.16031138
1900-12-22 20:00:00+01:00;7.1;4.18181924
1900-12-22 21:00:00+01:00;3.4;4.45294034
1900-12-22 22:00:00+01:00;5.4;4.20923604
1900-12-22 23:00:00+01:00;3.2;4.3536538
1900-12-23 00:00:00+01:00;0.9;4.56736606
1900-12-23 01:00:00+01:00;5.9;4.12956579
1900-12-23 02:00:00+01:00;1.9;4.42768627
1900-12-23 03:00:00+01:00;1.1;4.50260164
1900-12-23 04:00:00+01:00;1.2;4.46625026
1900-12-23 05:00:00+01:00;2.7;4.35047464
1900-12-23 06:00:00+01:00;0.2;4.5634495
1900-12-23 07:00:00+01:00;-1;4.6615413
1900-12-23 08:00:00+01:00;-0.7;4.65436511
1900-12-23 09:00:00+01:00;-2.1;4.7689825
1900-12-23 10:00:00+01:00;-1.2;4.77729342
1900-12-23 11:00:00+01:00;-1;4.8525882
1900-12-23 12:00:00+01:00;-0.7;4.92243329
1900-12-23 13:00:00+01:00;-0.5;4.9224732
1900-12-23 14:00:00+01:00;-0.1;4.92762082
1900-12-23 15:00:00+01:00;0;4.9983308
1900-12-23 16:00:00+01:00;0.9;4.97221645
1900-12-23 17:00:00+01:00;0;5.0592803
1900-12-23 18:00:00+01:00;1.4;4.88052356
1900-12-23 19:00:00+01:00;2.8;4.67644764
1900-12-23 20:00:00+01:00;3.7;4.50671508
1900-12-23 21:00:00+01:00;6.4;4.17315314
1900-12-23 22:00:00+01:00;5.7;4.18295187
1900-12-23 23:00:00+01:00;7;4.0017491
1900-12-24 00:00:00+01:00;6.3;4.25816727
1900-12-24 01:00:00+01:00;5.7;4.31346882
1900-12-24 02:00:00+01:00;5.6;4.30046172
1900-12-24 03:00:00+01:00;5;4.3715342
1900-12-24 04:00:00+01:00;5;4.4288287
1900-12-24 05:00:00+01:00;5.7;4.83588597
1900-12-24 06:00:00+01:00;5.8;6.26109672
1900-12-24 07:00:00+01:00;5.8;9.239684
1900-12-24 08:00:00+01:00;6.9;12.41227689
1900-12-24 09:00:00+01:00;6.7;14.40518074
1900-12-24 10:00:00+01:00;5.5;15.11831685
1900-12-24 11:00:00+01:00;6.1;14.83589555
1900-12-24 12:00:00+01:00;4.8;15.41252072
1900-12-24 13:00:00+01:00;4.8;14.93717568
1900-12-24 14:00:00+01:00;4.6;13.46000762
1900-12-24 15:00:00+01:00;4.5;11.60460875
1900-12-24 16:00:00+01:00;5.6;9.07870884
1900-12-24 17:00:00+01:00;4.4;7.33055716
1900-12-24 18:00:00+01:00;4.7;6.56740378
1900-12-24 19:00:00+01:00;5;5.961201
1900-12-24 20:00:00+01:00;4.7;5.4932154
1900-12-24 21:00:00+01:00;4.5;5.02135985
1900-12-24 22:00:00+01:00;5.1;4.57994628
1900-12-24 23:00:00+01:00;5.2;4.3786308
1900-12-25 00:00:00+01:00;5.4;4.33127256
1900-12-25 01:00:00+01:00;5.2;4.35350702
1900-12-25 02:00:00+01:00;4.1;4.42665567
1900-12-25 03:00:00+01:00;3.8;4.47186332
1900-12-25 04:00:00+01:00;3.1;4.60131336
1900-12-25 05:00:00+01:00;2.5;5.11860245
1900-12-25 06:00:00+01:00;2.4;6.67469516
1900-12-25 07:00:00+01:00;0.8;10.009234
1900-12-25 08:00:00+01:00;1.7;13.43517877
1900-12-25 09:00:00+01:00;1;15.4469002
1900-12-25 10:00:00+01:00;1;15.9378087
1900-12-25 11:00:00+01:00;2.6;15.4191863
1900-12-25 12:00:00+01:00;3.6;15.62174504
1900-12-25 13:00:00+01:00;3.5;15.16793985
1900-12-25 14:00:00+01:00;3;13.6816081
1900-12-25 15:00:00+01:00;2.4;11.8435982
1900-12-25 16:00:00+01:00;1.7;9.39294588
1900-12-25 17:00:00+01:00;1.6;7.54858224
1900-12-25 18:00:00+01:00;0.7;6.97509418
1900-12-25 19:00:00+01:00;1.8;6.29657316
1900-12-25 20:00:00+01:00;0.9;5.8426178
1900-12-25 21:00:00+01:00;2;5.2348326
1900-12-25 22:00:00+01:00;1;4.8797719
1900-12-25 23:00:00+01:00;2.6;4.582905
1900-12-26 00:00:00+01:00;3.3;4.50185157
1900-12-26 01:00:00+01:00;2.3;4.58572858
1900-12-26 02:00:00+01:00;2;4.6033272
1900-12-26 03:00:00+01:00;1.5;4.6641608
1900-12-26 04:00:00+01:00;0.8;4.81011058
1900-12-26 05:00:00+01:00;0.5;5.29530025
1900-12-26 06:00:00+01:00;-0.5;7.0274703
1900-12-26 07:00:00+01:00;-0.3;10.178535
1900-12-26 08:00:00+01:00;0;13.769589
1900-12-26 09:00:00+01:00;0;15.629658
1900-12-26 10:00:00+01:00;-0.1;16.13812893
1900-12-26 11:00:00+01:00;0;15.852488
1900-12-26 12:00:00+01:00;0;16.249418
1900-12-26 13:00:00+01:00;0.1;15.77147691
1900-12-26 14:00:00+01:00;0.3;14.05555891
1900-12-26 15:00:00+01:00;0.5;12.05982675
1900-12-26 16:00:00+01:00;0.4;9.49769156
1900-12-26 17:00:00+01:00;-0.1;7.68095461
1900-12-26 18:00:00+01:00;1.4;6.90374836
1900-12-26 19:00:00+01:00;2.1;6.26513202
1900-12-26 20:00:00+01:00;2;5.741475
1900-12-26 21:00:00+01:00;4;5.0640544
1900-12-26 22:00:00+01:00;2.3;4.78470524
1900-12-26 23:00:00+01:00;2.6;4.582905
1900-12-27 00:00:00+01:00;2.5;4.56683405
1900-12-27 01:00:00+01:00;2.5;4.5697133
1900-12-27 02:00:00+01:00;1.9;4.61174013
1900-12-27 03:00:00+01:00;1.2;4.68924308
1900-12-27 04:00:00+01:00;0.2;4.86457942
1900-12-27 05:00:00+01:00;-2.5;5.56034695
1900-12-27 06:00:00+01:00;-2.1;7.22210486
1900-12-27 07:00:00+01:00;-2.4;10.501746
1900-12-27 08:00:00+01:00;-3;14.3597247
1900-12-27 09:00:00+01:00;-3.1;16.19620718
1900-12-27 10:00:00+01:00;-4.1;16.86656613
1900-12-27 11:00:00+01:00;-3.9;16.50244055
1900-12-27 12:00:00+01:00;-3;16.7724788
1900-12-27 13:00:00+01:00;-3.6;16.42826724
1900-12-27 14:00:00+01:00;-3.4;14.56801002
1900-12-27 15:00:00+01:00;-5.1;12.69713195
1900-12-27 16:00:00+01:00;-6.1;10.02141996
1900-12-27 17:00:00+01:00;-7.5;8.25716375
1900-12-27 18:00:00+01:00;-7.8;7.84143628
1900-12-27 19:00:00+01:00;-9.2;7.44941496
1900-12-27 20:00:00+01:00;-9.5;6.798877
1900-12-27 21:00:00+01:00;-9.6;6.22534616
1900-12-27 22:00:00+01:00;-8.7;5.58911544
1900-12-27 23:00:00+01:00;-9.2;5.5099956
1900-12-28 00:00:00+01:00;-8.7;5.47658877
1900-12-28 01:00:00+01:00;-8.6;5.45856134
1900-12-28 02:00:00+01:00;-7.3;5.38572969
1900-12-28 03:00:00+01:00;-6.8;5.35810388
1900-12-28 04:00:00+01:00;-6.6;5.48189294
1900-12-28 05:00:00+01:00;-4.8;5.76354942
1900-12-28 06:00:00+01:00;-5.6;7.64786796
1900-12-28 07:00:00+01:00;-3.9;10.732611
1900-12-28 08:00:00+01:00;-5;14.7531485
1900-12-28 09:00:00+01:00;-4.6;16.47034388
1900-12-28 10:00:00+01:00;-4.3;16.90298799
1900-12-28 11:00:00+01:00;-4.1;16.53577145
1900-12-28 12:00:00+01:00;-3.4;16.84222024
1900-12-28 13:00:00+01:00;-3.3;16.37501397
1900-12-28 14:00:00+01:00;-3.5;14.58186005
1900-12-28 15:00:00+01:00;-3.1;12.46952295
1900-12-28 16:00:00+01:00;-3;9.7716418
1900-12-28 17:00:00+01:00;-3.9;7.97684579
1900-12-28 18:00:00+01:00;-4.1;7.46432266
1900-12-28 19:00:00+01:00;-4.3;6.93587634
1900-12-28 20:00:00+01:00;-4;6.293163
1900-12-28 21:00:00+01:00;-3.8;5.73008938
1900-12-28 22:00:00+01:00;-4;5.2454129
1900-12-28 23:00:00+01:00;-5.3;5.2035843
1900-12-29 00:00:00+01:00;-7.5;5.2928875
1900-12-29 01:00:00+01:00;-7.6;5.28478644
1900-12-29 02:00:00+01:00;-10;5.4705035
1900-12-29 03:00:00+01:00;-12.7;5.70781912
1900-12-29 04:00:00+01:00;-20.9;6.49970883
1900-12-29 05:00:00+01:00;-16.4;6.20191022
1900-12-29 06:00:00+01:00;-18.4;6.3315283
1900-12-29 07:00:00+01:00;-14.7;5.87554488
1900-12-29 08:00:00+01:00;-10.1;5.43234953
1900-12-29 09:00:00+01:00;-8;5.2070221
1900-12-29 10:00:00+01:00;-7.1;5.21626286
1900-12-29 11:00:00+01:00;-6.8;5.27727174
1900-12-29 12:00:00+01:00;-6.3;5.32933321
1900-12-29 13:00:00+01:00;-7.3;5.41175496
1900-12-29 14:00:00+01:00;-8;5.4911531
1900-12-29 15:00:00+01:00;-9.8;5.7612216
1900-12-29 16:00:00+01:00;-11.7;6.05606215
1900-12-29 17:00:00+01:00;-17;6.5996792
1900-12-29 18:00:00+01:00;-13.5;6.31649765
1900-12-29 19:00:00+01:00;-17.7;6.67282374
1900-12-29 20:00:00+01:00;-16.7;6.45609012
1900-12-29 21:00:00+01:00;-13.2;6.00109618
1900-12-29 22:00:00+01:00;-12.5;5.77752485
1900-12-29 23:00:00+01:00;-10.6;5.6316235
1900-12-30 00:00:00+01:00;-10.5;5.5520023
1900-12-30 01:00:00+01:00;-11.2;5.59284528
1900-12-30 02:00:00+01:00;-10.7;5.53184569
1900-12-30 03:00:00+01:00;-8.2;5.31481342
1900-12-30 04:00:00+01:00;-6.1;5.13793567
1900-12-30 05:00:00+01:00;-6.3;5.22287884
1900-12-30 06:00:00+01:00;-5.6;5.1147859
1900-12-30 07:00:00+01:00;-6;5.1046083
1900-12-30 08:00:00+01:00;-7.1;5.18405663
1900-12-30 09:00:00+01:00;-7.8;5.1921733
1900-12-30 10:00:00+01:00;-6.3;5.15674158
1900-12-30 11:00:00+01:00;-7;5.291916
1900-12-30 12:00:00+01:00;-7.6;5.42379212
1900-12-30 13:00:00+01:00;-6.6;5.36138772
1900-12-30 14:00:00+01:00;-8.6;5.53395302
1900-12-30 15:00:00+01:00;-6.8;5.5276836
1900-12-30 16:00:00+01:00;-5.6;5.5313432
1900-12-30 17:00:00+01:00;-5.1;5.52139997
1900-12-30 18:00:00+01:00;-5.1;5.50695521
1900-12-30 19:00:00+01:00;-5.3;5.46525966
1900-12-30 20:00:00+01:00;-4.8;5.31895468
1900-12-30 21:00:00+01:00;-4.8;5.21769202
1900-12-30 22:00:00+01:00;-4.5;5.07661365
1900-12-30 23:00:00+01:00;-4.6;5.0759845
1900-12-31 00:00:00+01:00;-4.8;5.15979918
1900-12-31 01:00:00+01:00;-4.6;5.13825574
1900-12-31 02:00:00+01:00;-4.6;5.15858058
1900-12-31 03:00:00+01:00;-4.6;5.17416716
1900-12-31 04:00:00+01:00;-4.6;5.30033014
1900-12-31 05:00:00+01:00;-4.6;5.74587964
1900-12-31 06:00:00+01:00;-4.1;7.46539806
1900-12-31 07:00:00+01:00;-4.3;10.794175
1900-12-31 08:00:00+01:00;-3.1;14.37939589
1900-12-31 09:00:00+01:00;-2.6;16.10482828
1900-12-31 10:00:00+01:00;-1.7;16.42950381
1900-12-31 11:00:00+01:00;0.8;15.7191644
1900-12-31 12:00:00+01:00;1.2;16.04019368
1900-12-31 13:00:00+01:00;1.5;15.52296165
1900-12-31 14:00:00+01:00;1.5;13.88935855
1900-12-31 15:00:00+01:00;0.3;12.08258765
1900-12-31 16:00:00+01:00;0.6;9.48157684
1900-12-31 17:00:00+01:00;-0.6;7.71988766
1900-12-31 18:00:00+01:00;-2.5;7.3012465
1900-12-31 19:00:00+01:00;-3;6.7996314
1900-12-31 20:00:00+01:00;-2.5;6.155241
1900-12-31 21:00:00+01:00;-2.1;5.58492791
1900-12-31 22:00:00+01:00;-1.7;5.07721804
1900-12-31 23:00:00+01:00;-1.1;4.8736029
