TimeStamp;Tout;ElImp
1900-01-01 00:00:00+01:00;-0.8;37.37931747
1900-01-01 01:00:00+01:00;-0.7;37.50780502
1900-01-01 02:00:00+01:00;-0.3;36.93955289
1900-01-01 03:00:00+01:00;-0.3;38.64484942
1900-01-01 04:00:00+01:00;-0.8;39.58602347
1900-01-01 05:00:00+01:00;-0.5;42.76813467
1900-01-01 06:00:00+01:00;-0.7;51.73806962
1900-01-01 07:00:00+01:00;-0.6;51.21414407
1900-01-01 08:00:00+01:00;-0.7;59.4798295
1900-01-01 09:00:00+01:00;-1.2;64.95367209
1900-01-01 10:00:00+01:00;-1.7;67.26762515
1900-01-01 11:00:00+01:00;-1.9;67.53293277
1900-01-01 12:00:00+01:00;-2.4;67.57682457
1900-01-01 13:00:00+01:00;-2.3;66.41856749
1900-01-01 14:00:00+01:00;-2;65.13797683
1900-01-01 15:00:00+01:00;-0.3;61.2942201
1900-01-01 16:00:00+01:00;0;53.67505377
1900-01-01 17:00:00+01:00;0.2;51.0988984
1900-01-01 18:00:00+01:00;0.7;47.55977536
1900-01-01 19:00:00+01:00;1.1;44.41072256
1900-01-01 20:00:00+01:00;1.3;42.35290945
1900-01-01 21:00:00+01:00;1.6;40.98776933
1900-01-01 22:00:00+01:00;1.8;39.68277602
1900-01-01 23:00:00+01:00;2;36.65443352
1900-01-02 00:00:00+01:00;2.6;34.61452706
1900-01-02 01:00:00+01:00;3.1;34.52242021
1900-01-02 02:00:00+01:00;3.2;33.91745355
1900-01-02 03:00:00+01:00;2.7;35.78650215
1900-01-02 04:00:00+01:00;2.9;36.11290019
1900-01-02 05:00:00+01:00;3;39.36268645
1900-01-02 06:00:00+01:00;3.4;47.73169596
1900-01-02 07:00:00+01:00;3.3;46.97423541
1900-01-02 08:00:00+01:00;3;54.68650207
1900-01-02 09:00:00+01:00;2.6;59.54917507
1900-01-02 10:00:00+01:00;2.5;61.16455297
1900-01-02 11:00:00+01:00;2.7;60.79725338
1900-01-02 12:00:00+01:00;2.6;59.9105403
1900-01-02 13:00:00+01:00;2;59.37404852
1900-01-02 14:00:00+01:00;1.8;58.5457731
1900-01-02 15:00:00+01:00;2.3;55.91659942
1900-01-02 16:00:00+01:00;3.4;48.11549611
1900-01-02 17:00:00+01:00;3.5;45.38037576
1900-01-02 18:00:00+01:00;2.5;43.08814698
1900-01-02 19:00:00+01:00;1.7;41.15966295
1900-01-02 20:00:00+01:00;2.1;38.87470492
1900-01-02 21:00:00+01:00;2;37.69399219
1900-01-02 22:00:00+01:00;2.1;36.63341476
1900-01-02 23:00:00+01:00;2.1;34.04753716
1900-01-03 00:00:00+01:00;1.9;32.91409879
1900-01-03 01:00:00+01:00;2.2;32.91749192
1900-01-03 02:00:00+01:00;1.6;33.16434531
1900-01-03 03:00:00+01:00;1.7;34.5821477
1900-01-03 04:00:00+01:00;1.6;35.4432739
1900-01-03 05:00:00+01:00;1.3;38.72807844
1900-01-03 06:00:00+01:00;1;47.53210914
1900-01-03 07:00:00+01:00;1.4;46.71529746
1900-01-03 08:00:00+01:00;1.5;54.52516713
1900-01-03 09:00:00+01:00;1.6;59.35562726
1900-01-03 10:00:00+01:00;1.4;61.36569217
1900-01-03 11:00:00+01:00;1.1;61.86422976
1900-01-03 12:00:00+01:00;1.2;61.18942368
1900-01-03 13:00:00+01:00;0.9;60.562279
1900-01-03 14:00:00+01:00;1.2;59.40152576
1900-01-03 15:00:00+01:00;1;57.56076061
1900-01-03 16:00:00+01:00;0.6;50.91502575
1900-01-03 17:00:00+01:00;0.3;49.08415526
1900-01-03 18:00:00+01:00;0.6;45.5266576
1900-01-03 19:00:00+01:00;0.5;43.07109364
1900-01-03 20:00:00+01:00;0.6;41.12569081
1900-01-03 21:00:00+01:00;0.4;40.10058656
1900-01-03 22:00:00+01:00;0;39.41374796
1900-01-03 23:00:00+01:00;-0.3;36.96479627
1900-01-04 00:00:00+01:00;-0.1;35.53356604
1900-01-04 01:00:00+01:00;0;35.68175442
1900-01-04 02:00:00+01:00;0.3;35.30572877
1900-01-04 03:00:00+01:00;0.3;36.94479555
1900-01-04 04:00:00+01:00;0.3;37.67088778
1900-01-04 05:00:00+01:00;0.1;41.05514039
1900-01-04 06:00:00+01:00;0.2;49.72748707
1900-01-04 07:00:00+01:00;0.1;49.30110862
1900-01-04 08:00:00+01:00;0.7;56.94147925
1900-01-04 09:00:00+01:00;-0.1;62.62882089
1900-01-04 10:00:00+01:00;-0.3;64.71395154
1900-01-04 11:00:00+01:00;-1;65.53856379
1900-01-04 12:00:00+01:00;-0.3;64.35825371
1900-01-04 13:00:00+01:00;-1;64.0811308
1900-01-04 14:00:00+01:00;-1.2;63.40455804
1900-01-04 15:00:00+01:00;-1.2;61.27718234
1900-01-04 16:00:00+01:00;-4.3;56.38119086
1900-01-04 17:00:00+01:00;-3.5;54.06338422
1900-01-04 18:00:00+01:00;-3;50.00069941
1900-01-04 19:00:00+01:00;-5.5;49.52358142
1900-01-04 20:00:00+01:00;-2.1;45.08099569
1900-01-04 21:00:00+01:00;-0.7;42.88793479
1900-01-04 22:00:00+01:00;2.9;39.12294668
1900-01-04 23:00:00+01:00;3.5;35.79439864
1900-01-05 00:00:00+01:00;3.8;34.02159231
1900-01-05 01:00:00+01:00;4.3;33.99532672
1900-01-05 02:00:00+01:00;4.2;33.43655494
1900-01-05 03:00:00+01:00;3.8;35.23636794
1900-01-05 04:00:00+01:00;4;35.51971153
1900-01-05 05:00:00+01:00;4.8;38.39569998
1900-01-05 06:00:00+01:00;4.6;47.18501796
1900-01-05 07:00:00+01:00;4.4;46.44852246
1900-01-05 08:00:00+01:00;4.9;53.42610498
1900-01-05 09:00:00+01:00;4.6;57.97514607
1900-01-05 10:00:00+01:00;4.7;59.29596997
1900-01-05 11:00:00+01:00;5;58.64936852
1900-01-05 12:00:00+01:00;5.2;57.25518591
1900-01-05 13:00:00+01:00;5.6;55.65040385
1900-01-05 14:00:00+01:00;5.8;54.22884121
1900-01-05 15:00:00+01:00;6.7;51.24823145
1900-01-05 16:00:00+01:00;5.7;45.66039696
1900-01-05 17:00:00+01:00;6;42.28887695
1900-01-05 18:00:00+01:00;7;38.4884393
1900-01-05 19:00:00+01:00;10.7;32.4891825
1900-01-05 20:00:00+01:00;7.9;32.38331257
1900-01-05 21:00:00+01:00;6.5;32.0145166
1900-01-05 22:00:00+01:00;6.4;31.13157499
1900-01-05 23:00:00+01:00;5.5;29.38748172
1900-01-06 00:00:00+01:00;5.4;29.03765859
1900-01-06 01:00:00+01:00;3.4;30.03060312
1900-01-06 02:00:00+01:00;1.8;31.04973493
1900-01-06 03:00:00+01:00;1.5;31.46488813
1900-01-06 04:00:00+01:00;2.8;30.7999237
1900-01-06 05:00:00+01:00;1.3;33.67918616
1900-01-06 06:00:00+01:00;0.5;35.3490991
1900-01-06 07:00:00+01:00;0.4;37.37891366
1900-01-06 08:00:00+01:00;-1;44.03226379
1900-01-06 09:00:00+01:00;-1.5;42.55615543
1900-01-06 10:00:00+01:00;2.2;43.63473622
1900-01-06 11:00:00+01:00;2.4;42.91041334
1900-01-06 12:00:00+01:00;2.5;43.91549226
1900-01-06 13:00:00+01:00;3.6;42.50121413
1900-01-06 14:00:00+01:00;5.1;39.97010983
1900-01-06 15:00:00+01:00;4;40.68660536
1900-01-06 16:00:00+01:00;3.7;36.42999302
1900-01-06 17:00:00+01:00;5.3;35.38296395
1900-01-06 18:00:00+01:00;5;35.14496842
1900-01-06 19:00:00+01:00;3.9;34.90379961
1900-01-06 20:00:00+01:00;3.7;35.15155863
1900-01-06 21:00:00+01:00;4.1;33.40828876
1900-01-06 22:00:00+01:00;3.6;32.77568455
1900-01-06 23:00:00+01:00;1.1;34.24312406
1900-01-07 00:00:00+01:00;2;33.58777914
1900-01-07 01:00:00+01:00;2.3;32.98795915
1900-01-07 02:00:00+01:00;2;33.21324019
1900-01-07 03:00:00+01:00;1.7;33.47636072
1900-01-07 04:00:00+01:00;2.1;33.28828032
1900-01-07 05:00:00+01:00;2;34.74667643
1900-01-07 06:00:00+01:00;1.1;36.62056954
1900-01-07 07:00:00+01:00;1.9;37.80137106
1900-01-07 08:00:00+01:00;0.5;45.48915909
1900-01-07 09:00:00+01:00;0.8;42.86037078
1900-01-07 10:00:00+01:00;1.1;45.91974266
1900-01-07 11:00:00+01:00;1.7;44.79460405
1900-01-07 12:00:00+01:00;2.4;45.06245902
1900-01-07 13:00:00+01:00;3;43.99794973
1900-01-07 14:00:00+01:00;1.8;44.23801728
1900-01-07 15:00:00+01:00;1.4;44.16068369
1900-01-07 16:00:00+01:00;0.8;39.51886701
1900-01-07 17:00:00+01:00;1.3;39.93267912
1900-01-07 18:00:00+01:00;-0.3;40.77394149
1900-01-07 19:00:00+01:00;-2.5;41.28005683
1900-01-07 20:00:00+01:00;-4.5;42.74825
1900-01-07 21:00:00+01:00;-5;42.10072144
1900-01-07 22:00:00+01:00;-4.6;40.73918
1900-01-07 23:00:00+01:00;-7.3;41.41374153
1900-01-08 00:00:00+01:00;-7.6;41.50654539
1900-01-08 01:00:00+01:00;-6.6;40.96382318
1900-01-08 02:00:00+01:00;-5.1;40.18481763
1900-01-08 03:00:00+01:00;-8;44.22826497
1900-01-08 04:00:00+01:00;-7.8;45.19274769
1900-01-08 05:00:00+01:00;-8.8;49.26897063
1900-01-08 06:00:00+01:00;-8;58.00328137
1900-01-08 07:00:00+01:00;-3.4;55.17592121
1900-01-08 08:00:00+01:00;-3.5;64.07537037
1900-01-08 09:00:00+01:00;-3.5;69.59963064
1900-01-08 10:00:00+01:00;-3.4;71.64326243
1900-01-08 11:00:00+01:00;-2;70.37892474
1900-01-08 12:00:00+01:00;0;67.84298982
1900-01-08 13:00:00+01:00;0.2;66.5466519
1900-01-08 14:00:00+01:00;-0.1;65.62502871
1900-01-08 15:00:00+01:00;-2.5;65.97089384
1900-01-08 16:00:00+01:00;-5.3;60.55219823
1900-01-08 17:00:00+01:00;-6;59.51890051
1900-01-08 18:00:00+01:00;-8.6;58.02178475
1900-01-08 19:00:00+01:00;-8.8;55.55363183
1900-01-08 20:00:00+01:00;-8.7;53.8128008
1900-01-08 21:00:00+01:00;-8.7;52.67667373
1900-01-08 22:00:00+01:00;-8.6;51.36229632
1900-01-08 23:00:00+01:00;-9.1;48.36444193
1900-01-09 00:00:00+01:00;-8.6;46.40920382
1900-01-09 01:00:00+01:00;-8.2;46.22695097
1900-01-09 02:00:00+01:00;-8;45.91282383
1900-01-09 03:00:00+01:00;-8.2;48.21323572
1900-01-09 04:00:00+01:00;-8.3;48.81109483
1900-01-09 05:00:00+01:00;-8.7;52.72636327
1900-01-09 06:00:00+01:00;-8.7;62.05090508
1900-01-09 07:00:00+01:00;-8.5;62.18147098
1900-01-09 08:00:00+01:00;-8.2;71.5859083
1900-01-09 09:00:00+01:00;-8.3;77.64981996
1900-01-09 10:00:00+01:00;-7.6;79.29463651
1900-01-09 11:00:00+01:00;-6.6;78.32575062
1900-01-09 12:00:00+01:00;-5.6;77.15736584
1900-01-09 13:00:00+01:00;-5.1;75.4534399
1900-01-09 14:00:00+01:00;-5.8;74.89427279
1900-01-09 15:00:00+01:00;-5.8;72.59767757
1900-01-09 16:00:00+01:00;-5.5;63.84103944
1900-01-09 17:00:00+01:00;-6;62.08891122
1900-01-09 18:00:00+01:00;-6;58.62131794
1900-01-09 19:00:00+01:00;-5.6;55.02903581
1900-01-09 20:00:00+01:00;-5.5;53.15038395
1900-01-09 21:00:00+01:00;-5;51.65623363
1900-01-09 22:00:00+01:00;-4.6;49.85468661
1900-01-09 23:00:00+01:00;-5;46.59134677
1900-01-10 00:00:00+01:00;-5.3;44.97931479
1900-01-10 01:00:00+01:00;-6.3;45.79128639
1900-01-10 02:00:00+01:00;-7.6;46.2269246
1900-01-10 03:00:00+01:00;-8;48.7082031
1900-01-10 04:00:00+01:00;-8.1;49.23267077
1900-01-10 05:00:00+01:00;-7.8;52.80606992
1900-01-10 06:00:00+01:00;-7.8;62.17144898
1900-01-10 07:00:00+01:00;-8.2;62.43600861
1900-01-10 08:00:00+01:00;-8.1;71.74232113
1900-01-10 09:00:00+01:00;-7.3;76.75548024
1900-01-10 10:00:00+01:00;-7;78.48202761
1900-01-10 11:00:00+01:00;-7;78.25447473
1900-01-10 12:00:00+01:00;-6.3;77.23231058
1900-01-10 13:00:00+01:00;-6.6;76.19550359
1900-01-10 14:00:00+01:00;-6.1;74.30153418
1900-01-10 15:00:00+01:00;-7;72.76876142
1900-01-10 16:00:00+01:00;-6.5;63.69491453
1900-01-10 17:00:00+01:00;-6;61.25512912
1900-01-10 18:00:00+01:00;-4.8;56.81065123
1900-01-10 19:00:00+01:00;-3.8;52.8487928
1900-01-10 20:00:00+01:00;-4.5;51.65327336
1900-01-10 21:00:00+01:00;-4;50.2571917
1900-01-10 22:00:00+01:00;-3.9;48.82702445
1900-01-10 23:00:00+01:00;-3.8;45.38184884
1900-01-11 00:00:00+01:00;-4;43.786505
1900-01-11 01:00:00+01:00;-3.5;43.68428116
1900-01-11 02:00:00+01:00;-4;43.37831174
1900-01-11 03:00:00+01:00;-3.3;44.89814981
1900-01-11 04:00:00+01:00;-3.5;45.27096328
1900-01-11 05:00:00+01:00;-3.5;49.07245704
1900-01-11 06:00:00+01:00;-4.6;58.97634194
1900-01-11 07:00:00+01:00;-3.6;58.01146314
1900-01-11 08:00:00+01:00;-4.1;66.97635089
1900-01-11 09:00:00+01:00;-3.5;71.64368839
1900-01-11 10:00:00+01:00;-3.1;72.99507649
1900-01-11 11:00:00+01:00;-3;72.44906334
1900-01-11 12:00:00+01:00;-2.8;71.5212936
1900-01-11 13:00:00+01:00;-2.4;69.67693934
1900-01-11 14:00:00+01:00;-2.4;68.25041091
1900-01-11 15:00:00+01:00;-2;65.42854778
1900-01-11 16:00:00+01:00;-1.7;57.27523358
1900-01-11 17:00:00+01:00;-1.9;54.95970567
1900-01-11 18:00:00+01:00;-1.4;51.26870796
1900-01-11 19:00:00+01:00;-1.9;48.66562073
1900-01-11 20:00:00+01:00;-2.5;47.26520646
1900-01-11 21:00:00+01:00;-2.5;46.10078133
1900-01-11 22:00:00+01:00;-2.9;45.13016308
1900-01-11 23:00:00+01:00;-3;42.08533825
1900-01-12 00:00:00+01:00;-3.1;40.58626112
1900-01-12 01:00:00+01:00;-3.1;40.74847043
1900-01-12 02:00:00+01:00;-4.1;41.09668461
1900-01-12 03:00:00+01:00;-4.5;43.31782634
1900-01-12 04:00:00+01:00;-4.1;43.64245645
1900-01-12 05:00:00+01:00;-3.9;47.03279905
1900-01-12 06:00:00+01:00;-3.5;55.80165247
1900-01-12 07:00:00+01:00;-3.3;55.39312194
1900-01-12 08:00:00+01:00;-3.4;64.06485027
1900-01-12 09:00:00+01:00;-3.6;69.54222419
1900-01-12 10:00:00+01:00;-4.3;72.13625854
1900-01-12 11:00:00+01:00;-3;70.87677498
1900-01-12 12:00:00+01:00;-2.8;70.15973541
1900-01-12 13:00:00+01:00;-2.6;68.75048151
1900-01-12 14:00:00+01:00;-3.1;68.09680166
1900-01-12 15:00:00+01:00;-4.3;67.04335872
1900-01-12 16:00:00+01:00;-3;57.92937265
1900-01-12 17:00:00+01:00;-3;55.81629536
1900-01-12 18:00:00+01:00;-3;52.47856795
1900-01-12 19:00:00+01:00;-3;49.63508147
1900-01-12 20:00:00+01:00;-3;47.85238775
1900-01-12 21:00:00+01:00;-2.6;46.45065444
1900-01-12 22:00:00+01:00;-2.9;45.43650726
1900-01-12 23:00:00+01:00;-2.5;42.03982847
1900-01-13 00:00:00+01:00;-3;41.33132649
1900-01-13 01:00:00+01:00;-2;40.07854244
1900-01-13 02:00:00+01:00;-2.4;40.3839867
1900-01-13 03:00:00+01:00;-2.5;40.38312257
1900-01-13 04:00:00+01:00;-2.5;40.2256928
1900-01-13 05:00:00+01:00;-2.1;41.34582837
1900-01-13 06:00:00+01:00;-2.5;42.94155705
1900-01-13 07:00:00+01:00;-2.4;44.90832244
1900-01-13 08:00:00+01:00;-1.5;52.87704356
1900-01-13 09:00:00+01:00;-2;50.56333708
1900-01-13 10:00:00+01:00;-1.7;53.37258113
1900-01-13 11:00:00+01:00;-0.7;51.70489075
1900-01-13 12:00:00+01:00;-0.8;52.32121741
1900-01-13 13:00:00+01:00;-0.6;51.23597169
1900-01-13 14:00:00+01:00;-1.2;50.27732295
1900-01-13 15:00:00+01:00;-1.2;49.48303705
1900-01-13 16:00:00+01:00;-2.5;44.91609393
1900-01-13 17:00:00+01:00;-3;46.3531574
1900-01-13 18:00:00+01:00;-2.6;45.28856821
1900-01-13 19:00:00+01:00;-2.5;43.99305905
1900-01-13 20:00:00+01:00;-3.1;44.4245489
1900-01-13 21:00:00+01:00;-2.5;42.46399947
1900-01-13 22:00:00+01:00;-2.9;41.50339229
1900-01-13 23:00:00+01:00;-3;40.83796127
1900-01-14 00:00:00+01:00;-9.1;44.88217187
1900-01-14 01:00:00+01:00;-9.2;44.33442547
1900-01-14 02:00:00+01:00;-10.2;44.99075348
1900-01-14 03:00:00+01:00;-9.7;45.01114356
1900-01-14 04:00:00+01:00;-9;44.63907217
1900-01-14 05:00:00+01:00;-7.8;46.31608621
1900-01-14 06:00:00+01:00;-6.1;46.15677069
1900-01-14 07:00:00+01:00;-5;47.68797495
1900-01-14 08:00:00+01:00;-4.3;55.85616666
1900-01-14 09:00:00+01:00;-3.6;53.16748913
1900-01-14 10:00:00+01:00;-0.3;53.91905204
1900-01-14 11:00:00+01:00;-0.3;52.94080285
1900-01-14 12:00:00+01:00;-0.7;53.63761248
1900-01-14 13:00:00+01:00;-1.2;53.19040074
1900-01-14 14:00:00+01:00;-0.6;50.76896483
1900-01-14 15:00:00+01:00;-1.2;50.62170649
1900-01-14 16:00:00+01:00;-2;45.84322957
1900-01-14 17:00:00+01:00;-1;45.61397941
1900-01-14 18:00:00+01:00;-1.4;45.42169662
1900-01-14 19:00:00+01:00;-1.4;44.44752071
1900-01-14 20:00:00+01:00;-1.7;44.81246317
1900-01-14 21:00:00+01:00;-1;42.62481526
1900-01-14 22:00:00+01:00;-2.3;42.36023076
1900-01-14 23:00:00+01:00;-1.7;41.45924748
1900-01-15 00:00:00+01:00;-1.5;39.91818584
1900-01-15 01:00:00+01:00;-1.4;39.88219958
1900-01-15 02:00:00+01:00;-1.4;39.18100997
1900-01-15 03:00:00+01:00;-1;40.49291414
1900-01-15 04:00:00+01:00;-0.6;40.46557123
1900-01-15 05:00:00+01:00;0;43.37888664
1900-01-15 06:00:00+01:00;0;52.10874362
1900-01-15 07:00:00+01:00;-0.6;51.84477601
1900-01-15 08:00:00+01:00;0.3;59.18314657
1900-01-15 09:00:00+01:00;0.6;63.68437426
1900-01-15 10:00:00+01:00;0.5;65.51480304
1900-01-15 11:00:00+01:00;0.6;65.28635869
1900-01-15 12:00:00+01:00;0.7;64.4148909
1900-01-15 13:00:00+01:00;1;62.93495667
1900-01-15 14:00:00+01:00;0.9;61.89851764
1900-01-15 15:00:00+01:00;1;59.63880596
1900-01-15 16:00:00+01:00;1;52.41008899
1900-01-15 17:00:00+01:00;1.3;49.60471064
1900-01-15 18:00:00+01:00;0.9;46.80604743
1900-01-15 19:00:00+01:00;0.9;43.99591768
1900-01-15 20:00:00+01:00;1.5;41.55695195
1900-01-15 21:00:00+01:00;1.9;40.05226356
1900-01-15 22:00:00+01:00;1.5;39.14458855
1900-01-15 23:00:00+01:00;1.5;36.28017358
1900-01-16 00:00:00+01:00;1.4;34.86251524
1900-01-16 01:00:00+01:00;1.6;34.87780111
1900-01-16 02:00:00+01:00;1.5;34.54505861
1900-01-16 03:00:00+01:00;1.2;36.26018898
1900-01-16 04:00:00+01:00;1.2;36.86724495
1900-01-16 05:00:00+01:00;1.2;40.05886601
1900-01-16 06:00:00+01:00;1.4;48.5610882
1900-01-16 07:00:00+01:00;1.4;47.86444899
1900-01-16 08:00:00+01:00;1.3;55.75892601
1900-01-16 09:00:00+01:00;1.1;60.78092022
1900-01-16 10:00:00+01:00;1;62.63415258
1900-01-16 11:00:00+01:00;1.2;62.51074386
1900-01-16 12:00:00+01:00;1.2;61.81946148
1900-01-16 13:00:00+01:00;1;61.02145389
1900-01-16 14:00:00+01:00;1;60.09328752
1900-01-16 15:00:00+01:00;0.7;58.30402791
1900-01-16 16:00:00+01:00;0.3;51.51474727
1900-01-16 17:00:00+01:00;0.2;49.43460394
1900-01-16 18:00:00+01:00;0.5;45.84317773
1900-01-16 19:00:00+01:00;0.2;43.50644493
1900-01-16 20:00:00+01:00;-0.3;42.03862188
1900-01-16 21:00:00+01:00;0;40.63661987
1900-01-16 22:00:00+01:00;-0.3;39.85364734
1900-01-16 23:00:00+01:00;-0.8;37.51198205
1900-01-17 00:00:00+01:00;-0.8;36.21230196
1900-01-17 01:00:00+01:00;-1;36.53599306
1900-01-17 02:00:00+01:00;-0.5;36.07662358
1900-01-17 03:00:00+01:00;-1.2;38.25147088
1900-01-17 04:00:00+01:00;-1.5;39.25218923
1900-01-17 05:00:00+01:00;-2.3;43.04436727
1900-01-17 06:00:00+01:00;-2.1;51.77694572
1900-01-17 07:00:00+01:00;-2;51.41524917
1900-01-17 08:00:00+01:00;-2;59.9013588
1900-01-17 09:00:00+01:00;-2.1;65.32976477
1900-01-17 10:00:00+01:00;-1.5;66.81668302
1900-01-17 11:00:00+01:00;-2;67.47657732
1900-01-17 12:00:00+01:00;-2.9;68.06649007
1900-01-17 13:00:00+01:00;-3.4;67.61896007
1900-01-17 14:00:00+01:00;-3;66.34362477
1900-01-17 15:00:00+01:00;-2.1;63.27442321
1900-01-17 16:00:00+01:00;-1.5;55.17141601
1900-01-17 17:00:00+01:00;-2.6;54.08425752
1900-01-17 18:00:00+01:00;-2.8;50.81968256
1900-01-17 19:00:00+01:00;-2.8;48.18300635
1900-01-17 20:00:00+01:00;-3;46.57912917
1900-01-17 21:00:00+01:00;-3;45.48419283
1900-01-17 22:00:00+01:00;-3.4;44.68470329
1900-01-17 23:00:00+01:00;-5;42.87484901
1900-01-18 00:00:00+01:00;-5.1;41.5777095
1900-01-18 01:00:00+01:00;-4;41.03343202
1900-01-18 02:00:00+01:00;-4.5;41.23523266
1900-01-18 03:00:00+01:00;-4.3;43.10580348
1900-01-18 04:00:00+01:00;-3.4;43.12205956
1900-01-18 05:00:00+01:00;-4.8;47.64777101
1900-01-18 06:00:00+01:00;-7.1;58.30216221
1900-01-18 07:00:00+01:00;-5.6;57.36715594
1900-01-18 08:00:00+01:00;-4.8;65.82745335
1900-01-18 09:00:00+01:00;-5;71.57289555
1900-01-18 10:00:00+01:00;-4.8;73.52166418
1900-01-18 11:00:00+01:00;-3.3;72.07740521
1900-01-18 12:00:00+01:00;-4.6;72.93904857
1900-01-18 13:00:00+01:00;-3.3;70.35650056
1900-01-18 14:00:00+01:00;-4.8;70.7067189
1900-01-18 15:00:00+01:00;-7.5;71.12428358
1900-01-18 16:00:00+01:00;-9;63.82366594
1900-01-18 17:00:00+01:00;-8.3;61.91931115
1900-01-18 18:00:00+01:00;-8.2;57.93618039
1900-01-18 19:00:00+01:00;-7.3;54.5126457
1900-01-18 20:00:00+01:00;-6.3;52.07110303
1900-01-18 21:00:00+01:00;-6.3;51.04284827
1900-01-18 22:00:00+01:00;-6.6;50.02163936
1900-01-18 23:00:00+01:00;-6.1;46.36793846
1900-01-19 00:00:00+01:00;-7.3;45.6000262
1900-01-19 01:00:00+01:00;-6.5;45.27791121
1900-01-19 02:00:00+01:00;-6.8;45.19013818
1900-01-19 03:00:00+01:00;-7.1;47.65260166
1900-01-19 04:00:00+01:00;-7.5;48.5355902
1900-01-19 05:00:00+01:00;-7.8;52.62553198
1900-01-19 06:00:00+01:00;-7.6;61.90794361
1900-01-19 07:00:00+01:00;-7.3;61.81223124
1900-01-19 08:00:00+01:00;-7.1;71.05776461
1900-01-19 09:00:00+01:00;-7.1;76.79711685
1900-01-19 10:00:00+01:00;-7.1;78.91731529
1900-01-19 11:00:00+01:00;-6.6;78.32575062
1900-01-19 12:00:00+01:00;-6.1;77.490579
1900-01-19 13:00:00+01:00;-6.1;76.18868822
1900-01-19 14:00:00+01:00;-5.8;74.47412894
1900-01-19 15:00:00+01:00;-5.6;71.78583302
1900-01-19 16:00:00+01:00;-6.1;63.59657675
1900-01-19 17:00:00+01:00;-6.1;61.46824898
1900-01-19 18:00:00+01:00;-5.1;57.10397248
1900-01-19 19:00:00+01:00;-5.8;54.48501155
1900-01-19 20:00:00+01:00;-5.6;52.58543873
1900-01-19 21:00:00+01:00;-6.3;52.04704741
1900-01-19 22:00:00+01:00;-6.6;50.87792671
1900-01-19 23:00:00+01:00;-6.8;47.62065842
1900-01-20 00:00:00+01:00;-7;46.46718818
1900-01-20 01:00:00+01:00;-6.8;45.65552967
1900-01-20 02:00:00+01:00;-7.8;46.35615805
1900-01-20 03:00:00+01:00;-7.6;46.23359029
1900-01-20 04:00:00+01:00;-7.3;45.83356613
1900-01-20 05:00:00+01:00;-7.8;48.05076107
1900-01-20 06:00:00+01:00;-7.3;48.83374001
1900-01-20 07:00:00+01:00;-7.6;51.4323738
1900-01-20 08:00:00+01:00;-7.1;60.06455246
1900-01-20 09:00:00+01:00;-7;57.77058118
1900-01-20 10:00:00+01:00;-6.6;60.94662922
1900-01-20 11:00:00+01:00;-6.3;60.05246653
1900-01-20 12:00:00+01:00;-6.3;60.92001865
1900-01-20 13:00:00+01:00;-5.8;59.3529731
1900-01-20 14:00:00+01:00;-4.6;56.38227083
1900-01-20 15:00:00+01:00;-5;55.91790846
1900-01-20 16:00:00+01:00;-5.1;49.69535056
1900-01-20 17:00:00+01:00;-6;51.59167346
1900-01-20 18:00:00+01:00;-5.5;50.51129852
1900-01-20 19:00:00+01:00;-5.3;49.40666749
1900-01-20 20:00:00+01:00;-5.3;49.5330063
1900-01-20 21:00:00+01:00;-5.8;48.3333164
1900-01-20 22:00:00+01:00;-6.1;47.19656975
1900-01-20 23:00:00+01:00;-5.3;45.81684559
1900-01-21 00:00:00+01:00;-5.6;45.29667794
1900-01-21 01:00:00+01:00;-5.6;44.62371261
1900-01-21 02:00:00+01:00;-5.8;44.77429288
1900-01-21 03:00:00+01:00;-6.3;45.01606948
1900-01-21 04:00:00+01:00;-6.8;45.11877257
1900-01-21 05:00:00+01:00;-6.6;46.74376985
1900-01-21 06:00:00+01:00;-5.8;47.3421232
1900-01-21 07:00:00+01:00;-6.3;49.95430855
1900-01-21 08:00:00+01:00;-6.3;58.79829872
1900-01-21 09:00:00+01:00;-6;56.31547026
1900-01-21 10:00:00+01:00;-5.3;59.16898483
1900-01-21 11:00:00+01:00;-5.1;58.27189096
1900-01-21 12:00:00+01:00;-4.6;58.54211931
1900-01-21 13:00:00+01:00;-4.6;57.47690523
1900-01-21 14:00:00+01:00;-4.3;55.50751303
1900-01-21 15:00:00+01:00;-4;54.33110477
1900-01-21 16:00:00+01:00;-3.1;47.53048225
1900-01-21 17:00:00+01:00;-3.5;48.65890797
1900-01-21 18:00:00+01:00;-3.8;48.29808208
1900-01-21 19:00:00+01:00;-4.6;47.97815458
1900-01-21 20:00:00+01:00;-4.3;47.80777881
1900-01-21 21:00:00+01:00;-4;45.9544992
1900-01-21 22:00:00+01:00;-3.5;44.1890097
1900-01-21 23:00:00+01:00;-4.1;43.94173438
1900-01-22 00:00:00+01:00;-3.4;42.32141022
1900-01-22 01:00:00+01:00;-3.6;42.64301337
1900-01-22 02:00:00+01:00;-4.6;42.84385306
1900-01-22 03:00:00+01:00;-4.8;44.98684196
1900-01-22 04:00:00+01:00;-4.3;45.04302372
1900-01-22 05:00:00+01:00;-4.3;48.70201836
1900-01-22 06:00:00+01:00;-4.3;57.87665296
1900-01-22 07:00:00+01:00;-4.6;57.81543593
1900-01-22 08:00:00+01:00;-4.1;66.19569393
1900-01-22 09:00:00+01:00;-3.5;70.93143915
1900-01-22 10:00:00+01:00;-4.1;73.30114549
1900-01-22 11:00:00+01:00;-3.9;72.88876064
1900-01-22 12:00:00+01:00;-4.3;72.79155335
1900-01-22 13:00:00+01:00;-4.1;71.29253511
1900-01-22 14:00:00+01:00;-4.3;70.25075938
1900-01-22 15:00:00+01:00;-4;67.60168301
1900-01-22 16:00:00+01:00;-4;59.52249782
1900-01-22 17:00:00+01:00;-4.5;57.9210023
1900-01-22 18:00:00+01:00;-4.8;54.64204482
1900-01-22 19:00:00+01:00;-4.6;51.58063194
1900-01-22 20:00:00+01:00;-5;50.12308593
1900-01-22 21:00:00+01:00;-5.1;49.07719259
1900-01-22 22:00:00+01:00;-6.3;48.72914353
1900-01-22 23:00:00+01:00;-5.3;44.82900027
1900-01-23 00:00:00+01:00;-5.3;43.29004373
1900-01-23 01:00:00+01:00;-5.3;43.4851433
1900-01-23 02:00:00+01:00;-6.3;43.87662629
1900-01-23 03:00:00+01:00;-5.6;45.48843817
1900-01-23 04:00:00+01:00;-6.8;46.92385621
1900-01-23 05:00:00+01:00;-7.5;51.09005519
1900-01-23 06:00:00+01:00;-8.2;60.8927982
1900-01-23 07:00:00+01:00;-8.2;61.0252616
1900-01-23 08:00:00+01:00;-8.7;70.93640853
1900-01-23 09:00:00+01:00;-9;77.25773164
1900-01-23 10:00:00+01:00;-9.1;79.68380115
1900-01-23 11:00:00+01:00;-7.6;78.36997145
1900-01-23 12:00:00+01:00;-6.3;76.86020771
1900-01-23 13:00:00+01:00;-5.8;75.04460538
1900-01-23 14:00:00+01:00;-5.3;73.18903596
1900-01-23 15:00:00+01:00;-5.6;71.13691272
1900-01-23 16:00:00+01:00;-6.8;63.72217847
1900-01-23 17:00:00+01:00;-7.3;62.35812319
1900-01-23 18:00:00+01:00;-5.6;57.37786633
1900-01-23 19:00:00+01:00;-5.8;54.48501155
1900-01-23 20:00:00+01:00;-5.1;52.22879172
1900-01-23 21:00:00+01:00;-6.1;51.97112187
1900-01-23 22:00:00+01:00;-6;50.5111622
1900-01-23 23:00:00+01:00;-5.6;46.84458125
1900-01-24 00:00:00+01:00;-5.3;44.94062919
1900-01-24 01:00:00+01:00;-5.3;45.19225186
1900-01-24 02:00:00+01:00;-5.3;44.68720123
1900-01-24 03:00:00+01:00;-5.6;47.09841593
1900-01-24 04:00:00+01:00;-5.1;47.08870312
1900-01-24 05:00:00+01:00;-5.5;51.26456458
1900-01-24 06:00:00+01:00;-5.1;60.3395363
1900-01-24 07:00:00+01:00;-5.1;60.1395161
1900-01-24 08:00:00+01:00;-4.8;68.74386992
1900-01-24 09:00:00+01:00;-4.5;73.68933509
1900-01-24 10:00:00+01:00;-5;75.8488974
1900-01-24 11:00:00+01:00;-4.6;75.06630722
1900-01-24 12:00:00+01:00;-4.1;73.97162205
1900-01-24 13:00:00+01:00;-3.4;71.83920669
1900-01-24 14:00:00+01:00;-3.4;70.40417109
1900-01-24 15:00:00+01:00;-3.5;68.12461652
1900-01-24 16:00:00+01:00;-4.1;60.44678868
1900-01-24 17:00:00+01:00;-4.6;58.65074009
1900-01-24 18:00:00+01:00;-3.8;54.52043542
1900-01-24 19:00:00+01:00;-3.5;51.20966096
1900-01-24 20:00:00+01:00;-3.3;49.23607144
1900-01-24 21:00:00+01:00;-2.8;47.70194941
1900-01-24 22:00:00+01:00;-1.5;45.35950199
1900-01-24 23:00:00+01:00;-2;42.43456498
1900-01-25 00:00:00+01:00;-2.3;40.94534042
1900-01-25 01:00:00+01:00;-1.5;40.59977091
1900-01-25 02:00:00+01:00;-1;39.65654493
1900-01-25 03:00:00+01:00;-0.7;41.24586507
1900-01-25 04:00:00+01:00;-1.5;42.13968532
1900-01-25 05:00:00+01:00;-1;45.39921618
1900-01-25 06:00:00+01:00;-0.8;54.25062047
1900-01-25 07:00:00+01:00;-1;53.84885192
1900-01-25 08:00:00+01:00;-1;62.03011321
1900-01-25 09:00:00+01:00;-0.5;66.48731056
1900-01-25 10:00:00+01:00;0;67.60924413
1900-01-25 11:00:00+01:00;0.1;67.09656175
1900-01-25 12:00:00+01:00;0.5;65.77188716
1900-01-25 13:00:00+01:00;0.8;64.16118948
1900-01-25 14:00:00+01:00;0.7;62.94721577
1900-01-25 15:00:00+01:00;0.4;61.00530906
1900-01-25 16:00:00+01:00;0.4;53.5913009
1900-01-25 17:00:00+01:00;0.3;51.07869283
1900-01-25 18:00:00+01:00;0.1;47.98424382
1900-01-25 19:00:00+01:00;0.1;45.09791229
1900-01-25 20:00:00+01:00;-0.1;43.2855528
1900-01-25 21:00:00+01:00;0;41.96033691
1900-01-25 22:00:00+01:00;-0.5;41.17544265
1900-01-25 23:00:00+01:00;-1.5;38.98311878
1900-01-26 00:00:00+01:00;-2;37.88843343
1900-01-26 01:00:00+01:00;-1.7;37.81025099
1900-01-26 02:00:00+01:00;-1.7;37.60964557
1900-01-26 03:00:00+01:00;-2.4;39.84210361
1900-01-26 04:00:00+01:00;-2.4;40.54953218
1900-01-26 05:00:00+01:00;-2.3;43.7625943
1900-01-26 06:00:00+01:00;-2.4;52.68938092
1900-01-26 07:00:00+01:00;-1.7;51.86598341
1900-01-26 08:00:00+01:00;-1;59.66850316
1900-01-26 09:00:00+01:00;-0.7;64.51381985
1900-01-26 10:00:00+01:00;0.1;65.64012467
1900-01-26 11:00:00+01:00;0.4;65.29256036
1900-01-26 12:00:00+01:00;0.4;64.60889898
1900-01-26 13:00:00+01:00;0.8;63.11930343
1900-01-26 14:00:00+01:00;0.5;62.35623744
1900-01-26 15:00:00+01:00;0.7;60.04823565
1900-01-26 16:00:00+01:00;0.9;52.6962902
1900-01-26 17:00:00+01:00;0.9;50.21522981
1900-01-26 18:00:00+01:00;0.7;47.2995426
1900-01-26 19:00:00+01:00;0.6;44.60129447
1900-01-26 20:00:00+01:00;0;43.20854871
1900-01-26 21:00:00+01:00;0.8;41.45883798
1900-01-26 22:00:00+01:00;0.6;40.47166845
1900-01-26 23:00:00+01:00;0.6;37.56952636
1900-01-27 00:00:00+01:00;0.5;36.72707429
1900-01-27 01:00:00+01:00;0.4;36.26535407
1900-01-27 02:00:00+01:00;0.4;36.28416565
1900-01-27 03:00:00+01:00;0.1;36.43014027
1900-01-27 04:00:00+01:00;0.4;36.13089162
1900-01-27 05:00:00+01:00;0.2;37.60538511
1900-01-27 06:00:00+01:00;0.1;38.90032911
1900-01-27 07:00:00+01:00;0.2;40.66684392
1900-01-27 08:00:00+01:00;-0.3;48.55314878
1900-01-27 09:00:00+01:00;-0.7;46.36143053
1900-01-27 10:00:00+01:00;-0.6;49.54941806
1900-01-27 11:00:00+01:00;-0.6;48.90791131
1900-01-27 12:00:00+01:00;-0.7;49.98527711
1900-01-27 13:00:00+01:00;-1.7;50.35000439
1900-01-27 14:00:00+01:00;-2;49.71041975
1900-01-27 15:00:00+01:00;-2.5;49.65587916
1900-01-27 16:00:00+01:00;-3.8;44.68013716
1900-01-27 17:00:00+01:00;-5.6;47.82693658
1900-01-27 18:00:00+01:00;-7.5;48.77198287
1900-01-27 19:00:00+01:00;-7.6;47.49746936
1900-01-27 20:00:00+01:00;-8.5;48.05528205
1900-01-27 21:00:00+01:00;-9.5;47.85408596
1900-01-27 22:00:00+01:00;-10;47.1404231
1900-01-27 23:00:00+01:00;-11.2;46.47448871
1900-01-28 00:00:00+01:00;-12.3;47.88879773
1900-01-28 01:00:00+01:00;-13.2;47.94073429
1900-01-28 02:00:00+01:00;-13.7;48.38921904
1900-01-28 03:00:00+01:00;-13.3;48.67355438
1900-01-28 04:00:00+01:00;-13.2;48.83432167
1900-01-28 05:00:00+01:00;-13;51.90507748
1900-01-28 06:00:00+01:00;-11.7;52.0005729
1900-01-28 07:00:00+01:00;-12;55.19631644
1900-01-28 08:00:00+01:00;-11.7;63.65286467
1900-01-28 09:00:00+01:00;-11.6;62.25811652
1900-01-28 10:00:00+01:00;-11.3;66.47143025
1900-01-28 11:00:00+01:00;-9.7;65.1264275
1900-01-28 12:00:00+01:00;-9.2;65.96784938
1900-01-28 13:00:00+01:00;-9.2;64.94942781
1900-01-28 14:00:00+01:00;-9.2;63.30033946
1900-01-28 15:00:00+01:00;-9.3;62.56505951
1900-01-28 16:00:00+01:00;-9.3;55.52149602
1900-01-28 17:00:00+01:00;-10.7;58.37619958
1900-01-28 18:00:00+01:00;-12.1;59.01690864
1900-01-28 19:00:00+01:00;-12.2;58.38276397
1900-01-28 20:00:00+01:00;-11.1;57.71167908
1900-01-28 21:00:00+01:00;-10.6;55.78492381
1900-01-28 22:00:00+01:00;-9.8;53.70296357
1900-01-28 23:00:00+01:00;-9.7;52.62123177
1900-01-29 00:00:00+01:00;-10.2;51.75501251
1900-01-29 01:00:00+01:00;-10.2;51.8703997
1900-01-29 02:00:00+01:00;-10.5;51.4326437
1900-01-29 03:00:00+01:00;-10.7;54.05197738
1900-01-29 04:00:00+01:00;-11.3;54.69029364
1900-01-29 05:00:00+01:00;-12.7;59.80294854
1900-01-29 06:00:00+01:00;-12.3;69.39326278
1900-01-29 07:00:00+01:00;-13.6;70.64915256
1900-01-29 08:00:00+01:00;-14.6;81.77437221
1900-01-29 09:00:00+01:00;-14.2;87.89802158
1900-01-29 10:00:00+01:00;-13.1;89.2476846
1900-01-29 11:00:00+01:00;-11.7;87.64236265
1900-01-29 12:00:00+01:00;-11.2;87.05103836
1900-01-29 13:00:00+01:00;-9.6;83.81338037
1900-01-29 14:00:00+01:00;-9.8;82.32696178
1900-01-29 15:00:00+01:00;-10.8;80.72184694
1900-01-29 16:00:00+01:00;-11.6;71.90663309
1900-01-29 17:00:00+01:00;-12.7;71.27369715
1900-01-29 18:00:00+01:00;-14;68.27616177
1900-01-29 19:00:00+01:00;-14.7;65.62763411
1900-01-29 20:00:00+01:00;-15;64.345842
1900-01-29 21:00:00+01:00;-16;64.10536939
1900-01-29 22:00:00+01:00;-15.3;62.10697845
1900-01-29 23:00:00+01:00;-15.5;58.416699
1900-01-30 00:00:00+01:00;-15.6;56.7040572
1900-01-30 01:00:00+01:00;-16.5;57.48627015
1900-01-30 02:00:00+01:00;-15.7;56.73783993
1900-01-30 03:00:00+01:00;-18;61.33581788
1900-01-30 04:00:00+01:00;-17;61.12254945
1900-01-30 05:00:00+01:00;-20.7;68.11610912
1900-01-30 06:00:00+01:00;-19.2;77.55238775
1900-01-30 07:00:00+01:00;-16.7;76.85556308
1900-01-30 08:00:00+01:00;-22;91.96493153
1900-01-30 09:00:00+01:00;-16.2;94.20899584
1900-01-30 10:00:00+01:00;-14;94.57369786
1900-01-30 11:00:00+01:00;-12.5;92.47652193
1900-01-30 12:00:00+01:00;-11.2;90.89046333
1900-01-30 13:00:00+01:00;-11;88.93892127
1900-01-30 14:00:00+01:00;-9.7;85.61179307
1900-01-30 15:00:00+01:00;-10.2;83.48142668
1900-01-30 16:00:00+01:00;-12;75.39596159
1900-01-30 17:00:00+01:00;-12.8;74.15165001
1900-01-30 18:00:00+01:00;-13.6;71.10214724
1900-01-30 19:00:00+01:00;-13.7;67.54523505
1900-01-30 20:00:00+01:00;-14.3;66.45973095
1900-01-30 21:00:00+01:00;-15.2;66.13719101
1900-01-30 22:00:00+01:00;-16;64.95425124
1900-01-30 23:00:00+01:00;-17.5;61.8203854
1900-01-31 00:00:00+01:00;-19.5;61.23995507
1900-01-31 01:00:00+01:00;-17.2;59.74685748
1900-01-31 02:00:00+01:00;-18.7;60.35514932
1900-01-31 03:00:00+01:00;-17.9;62.78378499
1900-01-31 04:00:00+01:00;-20.2;64.69306858
1900-01-31 05:00:00+01:00;-18.5;67.92893978
1900-01-31 06:00:00+01:00;-17.7;77.6358891
1900-01-31 07:00:00+01:00;-15.2;76.73151828
1900-01-31 08:00:00+01:00;-14.8;86.75921233
1900-01-31 09:00:00+01:00;-14.2;92.47885742
1900-01-31 10:00:00+01:00;-13;93.55377003
1900-01-31 11:00:00+01:00;-12.2;92.02019627
1900-01-31 12:00:00+01:00;-11.8;91.35459144
1900-01-31 13:00:00+01:00;-11.7;89.47467605
1900-01-31 14:00:00+01:00;-10.7;86.52371212
1900-01-31 15:00:00+01:00;-10.7;83.89248829
1900-01-31 16:00:00+01:00;-10.3;73.91788566
1900-01-31 17:00:00+01:00;-10.3;71.6323546
1900-01-31 18:00:00+01:00;-10.6;68.50082582
1900-01-31 19:00:00+01:00;-10.1;64.3273204
1900-01-31 20:00:00+01:00;-10;62.60236608
1900-01-31 21:00:00+01:00;-9.7;61.4018048
1900-01-31 22:00:00+01:00;-9.6;59.44763037
1900-01-31 23:00:00+01:00;-9.5;55.12672101
1900-02-01 00:00:00+01:00;-5.2;49.7373949
1900-02-01 01:00:00+01:00;-3.6;48.86792438
1900-02-01 02:00:00+01:00;-2.4;46.60357891
1900-02-01 03:00:00+01:00;3.4;44.54679092
1900-02-01 04:00:00+01:00;3.6;43.53717758
1900-02-01 05:00:00+01:00;4;47.55060013
1900-02-01 06:00:00+01:00;4.6;56.21332561
1900-02-01 07:00:00+01:00;5.4;54.51577052
1900-02-01 08:00:00+01:00;5;61.72786308
1900-02-01 09:00:00+01:00;5.5;64.80935731
1900-02-01 10:00:00+01:00;6.1;64.88896897
1900-02-01 11:00:00+01:00;6.4;63.01893427
1900-02-01 12:00:00+01:00;6.9;60.42512333
1900-02-01 13:00:00+01:00;7.6;57.82042735
1900-02-01 14:00:00+01:00;10.2;53.0384256
1900-02-01 15:00:00+01:00;8.9;52.02924001
1900-02-01 16:00:00+01:00;8.1;46.29550243
1900-02-01 17:00:00+01:00;5.2;45.08592695
1900-02-01 18:00:00+01:00;3.7;43.18208243
1900-02-01 19:00:00+01:00;4.4;39.47223586
1900-02-01 20:00:00+01:00;4.3;37.14514808
1900-02-01 21:00:00+01:00;3.8;35.85811566
1900-02-01 22:00:00+01:00;-1.5;38.35787652
1900-02-01 23:00:00+01:00;-2.4;36.11231475
1900-02-02 00:00:00+01:00;-2;34.50666751
1900-02-02 01:00:00+01:00;-2.6;34.7120338
1900-02-02 02:00:00+01:00;-3;35.12008344
1900-02-02 03:00:00+01:00;-2.9;36.62371252
1900-02-02 04:00:00+01:00;-3.9;38.5164021
1900-02-02 05:00:00+01:00;-4;41.36970372
1900-02-02 06:00:00+01:00;-3.6;49.77186383
1900-02-02 07:00:00+01:00;-4.6;50.31325154
1900-02-02 08:00:00+01:00;-6;60.37126086
1900-02-02 09:00:00+01:00;-4.6;65.28007458
1900-02-02 10:00:00+01:00;-3.3;66.60647938
1900-02-02 11:00:00+01:00;-1.2;65.28491948
1900-02-02 12:00:00+01:00;-0.7;64.5986079
1900-02-02 13:00:00+01:00;-1.2;64.40331462
1900-02-02 14:00:00+01:00;-1.2;63.85072851
1900-02-02 15:00:00+01:00;-1.7;62.52471347
1900-02-02 16:00:00+01:00;-3;56.3323254
1900-02-02 17:00:00+01:00;-3;54.61630308
1900-02-02 18:00:00+01:00;-2.5;50.89219579
1900-02-02 19:00:00+01:00;-2.1;48.02298168
1900-02-02 20:00:00+01:00;-1.7;46.09943812
1900-02-02 21:00:00+01:00;-1.7;45.19988502
1900-02-02 22:00:00+01:00;-2;44.23860864
1900-02-02 23:00:00+01:00;-2.8;41.75179514
1900-02-03 00:00:00+01:00;-3.1;41.00010005
1900-02-03 01:00:00+01:00;-3;40.36808477
1900-02-03 02:00:00+01:00;-2.6;40.16585055
1900-02-03 03:00:00+01:00;-2.6;40.16963087
1900-02-03 04:00:00+01:00;-3.5;40.61374364
1900-02-03 05:00:00+01:00;-4.3;42.92354184
1900-02-03 06:00:00+01:00;-5;44.58425696
1900-02-03 07:00:00+01:00;-4.8;46.64719776
1900-02-03 08:00:00+01:00;-4.8;54.43441654
1900-02-03 09:00:00+01:00;-4;51.74302534
1900-02-03 10:00:00+01:00;-3.1;54.49000173
1900-02-03 11:00:00+01:00;-2.3;53.21435833
1900-02-03 12:00:00+01:00;-1.5;53.27080897
1900-02-03 13:00:00+01:00;-1.2;52.13297104
1900-02-03 14:00:00+01:00;-1.4;50.79837848
1900-02-03 15:00:00+01:00;-1.5;50.16017236
1900-02-03 16:00:00+01:00;-1.7;44.70376985
1900-02-03 17:00:00+01:00;-1.7;45.47188769
1900-02-03 18:00:00+01:00;-2.1;45.19768351
1900-02-03 19:00:00+01:00;-2.5;44.41968841
1900-02-03 20:00:00+01:00;-2.3;44.31083572
1900-02-03 21:00:00+01:00;-2.4;42.87795276
1900-02-03 22:00:00+01:00;-3.1;42.18102328
1900-02-03 23:00:00+01:00;-5.1;42.75934228
1900-02-04 00:00:00+01:00;-6.1;43.26732491
1900-02-04 01:00:00+01:00;-6.8;43.13938629
1900-02-04 02:00:00+01:00;-6.3;42.86882889
1900-02-04 03:00:00+01:00;-4.1;41.59396399
1900-02-04 04:00:00+01:00;-4.1;41.49177361
1900-02-04 05:00:00+01:00;-4;43.09866584
1900-02-04 06:00:00+01:00;-3.5;43.92433614
1900-02-04 07:00:00+01:00;-3.3;45.85783963
1900-02-04 08:00:00+01:00;-2;53.53483664
1900-02-04 09:00:00+01:00;-2.8;51.4441648
1900-02-04 10:00:00+01:00;-2;54.02815096
1900-02-04 11:00:00+01:00;-1.5;52.81944902
1900-02-04 12:00:00+01:00;-1.4;53.36064801
1900-02-04 13:00:00+01:00;-1.5;52.59725324
1900-02-04 14:00:00+01:00;-1;50.50414813
1900-02-04 15:00:00+01:00;-1;49.74986324
1900-02-04 16:00:00+01:00;-0.7;44.08260541
1900-02-04 17:00:00+01:00;1.1;42.97605474
1900-02-04 18:00:00+01:00;0.6;42.8828803
1900-02-04 19:00:00+01:00;0.4;42.00129771
1900-02-04 20:00:00+01:00;-0.6;42.88914447
1900-02-04 21:00:00+01:00;0;40.76666552
1900-02-04 22:00:00+01:00;0;39.46290756
1900-02-04 23:00:00+01:00;0.5;38.68559554
1900-02-05 00:00:00+01:00;0.9;36.99468828
1900-02-05 01:00:00+01:00;1.5;36.67481685
1900-02-05 02:00:00+01:00;0.9;36.40362445
1900-02-05 03:00:00+01:00;1.2;37.76166824
1900-02-05 04:00:00+01:00;1.5;37.92672441
1900-02-05 05:00:00+01:00;1.7;41.10133915
1900-02-05 06:00:00+01:00;1.9;49.62327624
1900-02-05 07:00:00+01:00;1.7;48.96450056
1900-02-05 08:00:00+01:00;2;56.44630307
1900-02-05 09:00:00+01:00;2;61.01462996
1900-02-05 10:00:00+01:00;2.4;62.19311521
1900-02-05 11:00:00+01:00;1.6;62.74937817
1900-02-05 12:00:00+01:00;2;61.47406323
1900-02-05 13:00:00+01:00;2.1;60.21835638
1900-02-05 14:00:00+01:00;1.6;59.6613968
1900-02-05 15:00:00+01:00;1.4;57.71128713
1900-02-05 16:00:00+01:00;1.3;50.71285327
1900-02-05 17:00:00+01:00;1.3;48.36221182
1900-02-05 18:00:00+01:00;1.2;45.21156234
1900-02-05 19:00:00+01:00;1.4;42.41453716
1900-02-05 20:00:00+01:00;1.3;40.51572854
1900-02-05 21:00:00+01:00;1;39.4924315
1900-02-05 22:00:00+01:00;1.1;38.35195707
1900-02-05 23:00:00+01:00;0.8;35.86064018
1900-02-06 00:00:00+01:00;0.6;34.66462593
1900-02-06 01:00:00+01:00;0.4;34.97380658
1900-02-06 02:00:00+01:00;0.4;34.79232859
1900-02-06 03:00:00+01:00;0.2;36.50481452
1900-02-06 04:00:00+01:00;0.5;37.04984702
1900-02-06 05:00:00+01:00;0.5;40.22189025
1900-02-06 06:00:00+01:00;0.8;48.71850819
1900-02-06 07:00:00+01:00;1;48.02801392
1900-02-06 08:00:00+01:00;0.7;56.22464959
1900-02-06 09:00:00+01:00;0.1;61.75819307
1900-02-06 10:00:00+01:00;0.4;63.41782126
1900-02-06 11:00:00+01:00;1.5;62.49483511
1900-02-06 12:00:00+01:00;1.8;61.49487195
1900-02-06 13:00:00+01:00;0.9;61.4420038
1900-02-06 14:00:00+01:00;1.9;59.45846474
1900-02-06 15:00:00+01:00;3;56.30286557
1900-02-06 16:00:00+01:00;3.4;49.19477918
1900-02-06 17:00:00+01:00;2.5;47.33827854
1900-02-06 18:00:00+01:00;2.1;44.61823178
1900-02-06 19:00:00+01:00;2.9;41.29873981
1900-02-06 20:00:00+01:00;3.2;39.11294438
1900-02-06 21:00:00+01:00;3.6;37.61911777
1900-02-06 22:00:00+01:00;2.8;37.13747351
1900-02-06 23:00:00+01:00;2;34.99924397
1900-02-07 00:00:00+01:00;2.4;33.32872754
1900-02-07 01:00:00+01:00;2.7;33.30254242
1900-02-07 02:00:00+01:00;2.5;33.08289333
1900-02-07 03:00:00+01:00;2.7;34.36202182
1900-02-07 04:00:00+01:00;1;36.2280512
1900-02-07 05:00:00+01:00;2.3;38.39931092
1900-02-07 06:00:00+01:00;1.9;47.17560172
1900-02-07 07:00:00+01:00;2.2;46.26204122
1900-02-07 08:00:00+01:00;1;54.86253559
1900-02-07 09:00:00+01:00;0.4;60.2668714
1900-02-07 10:00:00+01:00;0.3;62.18904615
1900-02-07 11:00:00+01:00;0.1;62.65715933
1900-02-07 12:00:00+01:00;-0.3;62.60345044
1900-02-07 13:00:00+01:00;-0.5;61.87703045
1900-02-07 14:00:00+01:00;-0.3;60.91440974
1900-02-07 15:00:00+01:00;-0.5;59.06776729
1900-02-07 16:00:00+01:00;-0.3;51.711478
1900-02-07 17:00:00+01:00;-0.5;49.89647688
1900-02-07 18:00:00+01:00;-0.6;46.54531153
1900-02-07 19:00:00+01:00;-0.6;44.1153656
1900-02-07 20:00:00+01:00;-0.8;42.48393592
1900-02-07 21:00:00+01:00;-1;41.52595466
1900-02-07 22:00:00+01:00;-1;40.5823471
1900-02-07 23:00:00+01:00;-1.2;38.03231952
1900-02-08 00:00:00+01:00;-0.8;36.47987734
1900-02-08 01:00:00+01:00;-1;36.86017125
1900-02-08 02:00:00+01:00;-0.7;36.54631771
1900-02-08 03:00:00+01:00;-0.8;38.39091739
1900-02-08 04:00:00+01:00;-1;39.25864033
1900-02-08 05:00:00+01:00;-0.7;42.44690902
1900-02-08 06:00:00+01:00;-0.7;51.35910362
1900-02-08 07:00:00+01:00;-0.5;50.88479712
1900-02-08 08:00:00+01:00;-0.3;58.97622862
1900-02-08 09:00:00+01:00;-0.3;64.03119643
1900-02-08 10:00:00+01:00;-0.1;65.69555042
1900-02-08 11:00:00+01:00;0;65.573618
1900-02-08 12:00:00+01:00;0;64.90845135
1900-02-08 13:00:00+01:00;0.7;63.06958571
1900-02-08 14:00:00+01:00;0.7;61.96935883
1900-02-08 15:00:00+01:00;0.8;59.73046151
1900-02-08 16:00:00+01:00;0.6;52.70167678
1900-02-08 17:00:00+01:00;0.6;50.26930707
1900-02-08 18:00:00+01:00;0.7;47.01668089
1900-02-08 19:00:00+01:00;0.4;44.48573448
1900-02-08 20:00:00+01:00;0.1;42.81943666
1900-02-08 21:00:00+01:00;0.5;41.31406892
1900-02-08 22:00:00+01:00;0.6;40.10257907
1900-02-08 23:00:00+01:00;0.2;37.52334535
1900-02-09 00:00:00+01:00;0.1;36.15203902
1900-02-09 01:00:00+01:00;0.2;36.24686015
1900-02-09 02:00:00+01:00;0.2;35.93624788
1900-02-09 03:00:00+01:00;0.2;37.55130007
1900-02-09 04:00:00+01:00;0.3;38.08663525
1900-02-09 05:00:00+01:00;0;41.54603405
1900-02-09 06:00:00+01:00;0.1;50.20253837
1900-02-09 07:00:00+01:00;0;49.71453983
1900-02-09 08:00:00+01:00;-0.1;57.85539496
1900-02-09 09:00:00+01:00;0;62.76428205
1900-02-09 10:00:00+01:00;0;64.58016752
1900-02-09 11:00:00+01:00;0.9;63.75101161
1900-02-09 12:00:00+01:00;1.7;62.18394118
1900-02-09 13:00:00+01:00;2.2;60.59239661
1900-02-09 14:00:00+01:00;3.3;58.35652818
1900-02-09 15:00:00+01:00;3.1;56.51398023
1900-02-09 16:00:00+01:00;2.6;50.12434628
1900-02-09 17:00:00+01:00;1.8;48.25464447
1900-02-09 18:00:00+01:00;0;46.56965031
1900-02-09 19:00:00+01:00;-0.1;44.05061255
1900-02-09 20:00:00+01:00;0.2;41.90896247
1900-02-09 21:00:00+01:00;0.1;40.78123876
1900-02-09 22:00:00+01:00;-0.1;39.88271914
1900-02-09 23:00:00+01:00;0;37.05488941
1900-02-10 00:00:00+01:00;0;36.33321745
1900-02-10 01:00:00+01:00;-0.3;36.047337
1900-02-10 02:00:00+01:00;-1.5;36.85365082
1900-02-10 03:00:00+01:00;-2.8;37.83809146
1900-02-10 04:00:00+01:00;-3.4;38.29676995
1900-02-10 05:00:00+01:00;-5.8;42.34647121
1900-02-10 06:00:00+01:00;-6.3;43.65467656
1900-02-10 07:00:00+01:00;-7.6;47.10866304
1900-02-10 08:00:00+01:00;-8.1;53.80049515
1900-02-10 09:00:00+01:00;-7.1;51.82780184
1900-02-10 10:00:00+01:00;-6.1;55.33314558
1900-02-10 11:00:00+01:00;-3.5;53.03369277
1900-02-10 12:00:00+01:00;-2.6;53.44080371
1900-02-10 13:00:00+01:00;-1.4;51.63127032
1900-02-10 14:00:00+01:00;-0.7;49.61199775
1900-02-10 15:00:00+01:00;-2.4;50.81008702
1900-02-10 16:00:00+01:00;-3.8;46.17080937
1900-02-10 17:00:00+01:00;-4.3;47.93365652
1900-02-10 18:00:00+01:00;-7;49.72088598
1900-02-10 19:00:00+01:00;-7.3;48.83083395
1900-02-10 20:00:00+01:00;-9.5;50.59073081
1900-02-10 21:00:00+01:00;-11.1;50.83855575
1900-02-10 22:00:00+01:00;-11.7;50.1911633
1900-02-10 23:00:00+01:00;-10.8;48.17185791
1900-02-11 00:00:00+01:00;-9.7;47.64958604
1900-02-11 01:00:00+01:00;-7.6;45.69118873
1900-02-11 02:00:00+01:00;-6.8;45.37395808
1900-02-11 03:00:00+01:00;-7.3;45.8124576
1900-02-11 04:00:00+01:00;-7.8;46.05677914
1900-02-11 05:00:00+01:00;-8.2;48.35259233
1900-02-11 06:00:00+01:00;-8.3;49.58096884
1900-02-11 07:00:00+01:00;-9;52.56755614
1900-02-11 08:00:00+01:00;-9.2;61.29191972
1900-02-11 09:00:00+01:00;-8.8;59.10918599
1900-02-11 10:00:00+01:00;-7.5;61.93260669
1900-02-11 11:00:00+01:00;-7.1;61.15911657
1900-02-11 12:00:00+01:00;-6;61.1451201
1900-02-11 13:00:00+01:00;-5.6;59.77576115
1900-02-11 14:00:00+01:00;-5.8;58.28366982
1900-02-11 15:00:00+01:00;-5.6;57.24153167
1900-02-11 16:00:00+01:00;-5.6;50.94876267
1900-02-11 17:00:00+01:00;-5.8;52.21626913
1900-02-11 18:00:00+01:00;-5.8;51.60768639
1900-02-11 19:00:00+01:00;-6.3;51.17528452
1900-02-11 20:00:00+01:00;-6.3;51.24495147
1900-02-11 21:00:00+01:00;-6.6;49.74934992
1900-02-11 22:00:00+01:00;-6.6;48.21891141
1900-02-11 23:00:00+01:00;-6.6;47.22677708
1900-02-12 00:00:00+01:00;-7.8;46.93269691
1900-02-12 01:00:00+01:00;-8.2;47.333985
1900-02-12 02:00:00+01:00;-8.6;47.29658321
1900-02-12 03:00:00+01:00;-8.2;49.3227204
1900-02-12 04:00:00+01:00;-8.7;50.13437704
1900-02-12 05:00:00+01:00;-8.7;54.00975256
1900-02-12 06:00:00+01:00;-9;63.69006331
1900-02-12 07:00:00+01:00;-9.2;63.92166656
1900-02-12 08:00:00+01:00;-9.1;73.38428712
1900-02-12 09:00:00+01:00;-9.1;79.22486925
1900-02-12 10:00:00+01:00;-8.2;80.54617212
1900-02-12 11:00:00+01:00;-7.3;79.44629663
1900-02-12 12:00:00+01:00;-6.1;77.87959563
1900-02-12 13:00:00+01:00;-5.8;76.15540997
1900-02-12 14:00:00+01:00;-5.5;74.36414906
1900-02-12 15:00:00+01:00;-5.1;71.55481866
1900-02-12 16:00:00+01:00;-5.3;63.30874553
1900-02-12 17:00:00+01:00;-5.3;61.09080194
1900-02-12 18:00:00+01:00;-5;57.53043576
1900-02-12 19:00:00+01:00;-4.6;53.99159354
1900-02-12 20:00:00+01:00;-4.5;52.16399547
1900-02-12 21:00:00+01:00;-4.1;50.82007674
1900-02-12 22:00:00+01:00;-4.1;49.37742296
1900-02-12 23:00:00+01:00;-4.5;46.20456079
1900-02-13 00:00:00+01:00;-4.1;44.10590946
1900-02-13 01:00:00+01:00;-3.9;44.1508197
1900-02-13 02:00:00+01:00;-3.6;43.2650867
1900-02-13 03:00:00+01:00;-3.4;45.13365945
1900-02-13 04:00:00+01:00;-2.5;44.67323638
1900-02-13 05:00:00+01:00;1.4;45.87864943
1900-02-13 06:00:00+01:00;3.3;53.68169136
1900-02-13 07:00:00+01:00;3.8;52.4045924
1900-02-13 08:00:00+01:00;4.1;59.44129479
1900-02-13 09:00:00+01:00;4.3;63.18870177
1900-02-13 10:00:00+01:00;4.8;63.72746303
1900-02-13 11:00:00+01:00;5.9;61.61849808
1900-02-13 12:00:00+01:00;4.9;60.98417116
1900-02-13 13:00:00+01:00;4.7;59.67859496
1900-02-13 14:00:00+01:00;4;58.84476527
1900-02-13 15:00:00+01:00;1.5;59.11146384
1900-02-13 16:00:00+01:00;0.3;52.82009639
1900-02-13 17:00:00+01:00;-1.2;51.72509853
1900-02-13 18:00:00+01:00;-2;48.74764318
1900-02-13 19:00:00+01:00;-3;46.85686478
1900-02-13 20:00:00+01:00;-3;44.88381552
1900-02-13 21:00:00+01:00;-3.9;44.19403413
1900-02-13 22:00:00+01:00;-4.8;43.69873115
1900-02-13 23:00:00+01:00;-7.8;42.9201602
1900-02-14 00:00:00+01:00;-10.3;43.42173849
1900-02-14 01:00:00+01:00;-9.7;42.87497489
1900-02-14 02:00:00+01:00;-12.7;45.32737397
1900-02-14 03:00:00+01:00;-15.6;49.495672
1900-02-14 04:00:00+01:00;-17.2;52.07096552
1900-02-14 05:00:00+01:00;-14.5;53.40712675
1900-02-14 06:00:00+01:00;-12;61.31168255
1900-02-14 07:00:00+01:00;-12;62.02557371
1900-02-14 08:00:00+01:00;-15.7;75.41898723
1900-02-14 09:00:00+01:00;-11.6;79.23372009
1900-02-14 10:00:00+01:00;-8.3;79.16304916
1900-02-14 11:00:00+01:00;-5.5;76.91533863
1900-02-14 12:00:00+01:00;-1.4;72.56382467
1900-02-14 13:00:00+01:00;-1;71.03379454
1900-02-14 14:00:00+01:00;-0.6;69.24879855
1900-02-14 15:00:00+01:00;-0.3;66.90944374
1900-02-14 16:00:00+01:00;-0.6;59.65469987
1900-02-14 17:00:00+01:00;-0.7;56.87853273
1900-02-14 18:00:00+01:00;-0.3;53.99485804
1900-02-14 19:00:00+01:00;-0.3;50.58985065
1900-02-14 20:00:00+01:00;0.4;48.29503457
1900-02-14 21:00:00+01:00;0.3;47.47604981
1900-02-14 22:00:00+01:00;-2.1;47.80054879
1900-02-14 23:00:00+01:00;-0.5;43.15805165
1900-02-15 00:00:00+01:00;1.6;39.65258507
1900-02-15 01:00:00+01:00;1.2;40.12424362
1900-02-15 02:00:00+01:00;-1.2;40.67068379
1900-02-15 03:00:00+01:00;0.6;40.94570162
1900-02-15 04:00:00+01:00;1.1;40.373824
1900-02-15 05:00:00+01:00;-1.5;45.45174491
1900-02-15 06:00:00+01:00;-3;55.07155425
1900-02-15 07:00:00+01:00;-5;55.70405453
1900-02-15 08:00:00+01:00;-6.1;64.83496249
1900-02-15 09:00:00+01:00;-7.1;71.03082509
1900-02-15 10:00:00+01:00;-4.3;70.4480789
1900-02-15 11:00:00+01:00;-1.9;68.14951644
1900-02-15 12:00:00+01:00;-1.5;67.21467929
1900-02-15 13:00:00+01:00;-1.5;66.09874571
1900-02-15 14:00:00+01:00;-1.4;64.9403256
1900-02-15 15:00:00+01:00;-1.9;63.27279129
1900-02-15 16:00:00+01:00;-2.3;55.98065763
1900-02-15 17:00:00+01:00;-3.4;54.98159222
1900-02-15 18:00:00+01:00;-4.3;52.15805817
1900-02-15 19:00:00+01:00;-5.6;50.64237789
1900-02-15 20:00:00+01:00;-9;51.71719015
1900-02-15 21:00:00+01:00;-14;54.41102405
1900-02-15 22:00:00+01:00;-12.1;52.01617122
1900-02-15 23:00:00+01:00;-14.8;50.98346715
1900-02-16 00:00:00+01:00;-13.2;48.80301286
1900-02-16 01:00:00+01:00;-15.2;50.31673158
1900-02-16 02:00:00+01:00;-18.5;53.16219583
1900-02-16 03:00:00+01:00;-11.8;51.29815722
1900-02-16 04:00:00+01:00;-10.1;51.02900959
1900-02-16 05:00:00+01:00;-9.7;54.83696178
1900-02-16 06:00:00+01:00;-8.7;63.95465193
1900-02-16 07:00:00+01:00;-5.1;61.79784453
1900-02-16 08:00:00+01:00;-4.6;70.45598636
1900-02-16 09:00:00+01:00;-5.8;76.78724572
1900-02-16 10:00:00+01:00;-4.1;77.227369
1900-02-16 11:00:00+01:00;-4.3;77.00584954
1900-02-16 12:00:00+01:00;-3;75.14473457
1900-02-16 13:00:00+01:00;-2.5;73.26774175
1900-02-16 14:00:00+01:00;-2.5;71.73249836
1900-02-16 15:00:00+01:00;-2.4;69.43036099
1900-02-16 16:00:00+01:00;-3.5;62.41956277
1900-02-16 17:00:00+01:00;-5.1;61.44602857
1900-02-16 18:00:00+01:00;-7.8;60.41896033
1900-02-16 19:00:00+01:00;-9.2;58.47818513
1900-02-16 20:00:00+01:00;-10.3;57.66586373
1900-02-16 21:00:00+01:00;-15;59.93336849
1900-02-16 22:00:00+01:00;-18.2;60.8217681
1900-02-16 23:00:00+01:00;-19;57.66024746
1900-02-17 00:00:00+01:00;-16.7;54.87668227
1900-02-17 01:00:00+01:00;-13.7;51.8118087
1900-02-17 02:00:00+01:00;-14.2;51.84251133
1900-02-17 03:00:00+01:00;-13.2;51.28279375
1900-02-17 04:00:00+01:00;-12.5;50.64729485
1900-02-17 05:00:00+01:00;-11.7;52.48378905
1900-02-17 06:00:00+01:00;-13.6;54.91474325
1900-02-17 07:00:00+01:00;-15.7;59.53389225
1900-02-17 08:00:00+01:00;-15.6;68.1374375
1900-02-17 09:00:00+01:00;-10.7;63.86355499
1900-02-17 10:00:00+01:00;-9.3;66.74616979
1900-02-17 11:00:00+01:00;-3.5;61.38478403
1900-02-17 12:00:00+01:00;-2.5;60.3979899
1900-02-17 13:00:00+01:00;-0.6;57.21439514
1900-02-17 14:00:00+01:00;-0.7;54.45955679
1900-02-17 15:00:00+01:00;-1.2;53.99527994
1900-02-17 16:00:00+01:00;-1.7;49.45173672
1900-02-17 17:00:00+01:00;-3.5;51.31263866
1900-02-17 18:00:00+01:00;-4.8;52.01047431
1900-02-17 19:00:00+01:00;-7.1;53.27098246
1900-02-17 20:00:00+01:00;-7.6;53.83674005
1900-02-17 21:00:00+01:00;-8.7;52.87706798
1900-02-17 22:00:00+01:00;-9.5;51.78664456
1900-02-17 23:00:00+01:00;-12.7;52.36945764
1900-02-18 00:00:00+01:00;-13.6;52.57049733
1900-02-18 01:00:00+01:00;-13.7;51.69743855
1900-02-18 02:00:00+01:00;-13.3;51.28417634
1900-02-18 03:00:00+01:00;-14;51.75194839
1900-02-18 04:00:00+01:00;-15.2;52.29875448
1900-02-18 05:00:00+01:00;-19;58.3010537
1900-02-18 06:00:00+01:00;-22.2;61.11001377
1900-02-18 07:00:00+01:00;-21.5;63.97711576
1900-02-18 08:00:00+01:00;-22;71.22228602
1900-02-18 09:00:00+01:00;-17.4;67.88245498
1900-02-18 10:00:00+01:00;-9.6;66.79402106
1900-02-18 11:00:00+01:00;-6.3;63.61907842
1900-02-18 12:00:00+01:00;-3.5;61.37872431
1900-02-18 13:00:00+01:00;-3.6;60.24424235
1900-02-18 14:00:00+01:00;-2.5;56.58986342
1900-02-18 15:00:00+01:00;-2.9;56.06740313
1900-02-18 16:00:00+01:00;-3.8;51.48690902
1900-02-18 17:00:00+01:00;-5.1;53.25327902
1900-02-18 18:00:00+01:00;-7.3;54.83157906
1900-02-18 19:00:00+01:00;-10.3;56.78358974
1900-02-18 20:00:00+01:00;-10.5;57.21049168
1900-02-18 21:00:00+01:00;-16;60.15590078
1900-02-18 22:00:00+01:00;-15.1;58.05436596
1900-02-18 23:00:00+01:00;-11.5;54.09159038
1900-02-19 00:00:00+01:00;-11.5;52.98650789
1900-02-19 01:00:00+01:00;-10.7;52.55444748
1900-02-19 02:00:00+01:00;-14.7;54.73756067
1900-02-19 03:00:00+01:00;-18.4;60.03438742
1900-02-19 04:00:00+01:00;-17.7;60.05141306
1900-02-19 05:00:00+01:00;-20.5;65.84700777
1900-02-19 06:00:00+01:00;-22.5;76.81762364
1900-02-19 07:00:00+01:00;-20.4;76.13446662
1900-02-19 08:00:00+01:00;-21.2;87.75654525
1900-02-19 09:00:00+01:00;-13.2;87.7939858
1900-02-19 10:00:00+01:00;-10;87.18033109
1900-02-19 11:00:00+01:00;-7;83.79932359
1900-02-19 12:00:00+01:00;-3.6;79.79501986
1900-02-19 13:00:00+01:00;-1.9;76.43224823
1900-02-19 14:00:00+01:00;-1.5;74.0850599
1900-02-19 15:00:00+01:00;-2;72.39787679
1900-02-19 16:00:00+01:00;-3;65.21453338
1900-02-19 17:00:00+01:00;-4.8;63.96196201
1900-02-19 18:00:00+01:00;-6.5;62.50075567
1900-02-19 19:00:00+01:00;-6.8;59.1167929
1900-02-19 20:00:00+01:00;-9.5;59.59280148
1900-02-19 21:00:00+01:00;-10;58.78457575
1900-02-19 22:00:00+01:00;-11.2;57.91586131
1900-02-19 23:00:00+01:00;-14.7;56.57743776
1900-02-20 00:00:00+01:00;-15.3;55.22358827
1900-02-20 01:00:00+01:00;-16.5;56.10333978
1900-02-20 02:00:00+01:00;-16.4;55.82731068
1900-02-20 03:00:00+01:00;-19.4;60.53450943
1900-02-20 04:00:00+01:00;-19.7;61.27609912
1900-02-20 05:00:00+01:00;-20.2;65.37121021
1900-02-20 06:00:00+01:00;-16.2;72.39157433
1900-02-20 07:00:00+01:00;-13.8;71.06493639
1900-02-20 08:00:00+01:00;-11.2;78.91760446
1900-02-20 09:00:00+01:00;-10.7;84.3799982
1900-02-20 10:00:00+01:00;-8;84.00698339
1900-02-20 11:00:00+01:00;-5.3;80.81563492
1900-02-20 12:00:00+01:00;-4.3;79.1891855
1900-02-20 13:00:00+01:00;-3.4;76.80539507
1900-02-20 14:00:00+01:00;-2;73.6152157
1900-02-20 15:00:00+01:00;-2.3;71.74202691
1900-02-20 16:00:00+01:00;-2.3;63.7507665
1900-02-20 17:00:00+01:00;-3;61.4336979
1900-02-20 18:00:00+01:00;-5.6;60.81746467
1900-02-20 19:00:00+01:00;-7.3;58.73607914
1900-02-20 20:00:00+01:00;-8.7;58.17876545
1900-02-20 21:00:00+01:00;-10.2;58.30895252
1900-02-20 22:00:00+01:00;-11.3;57.53223602
1900-02-20 23:00:00+01:00;-11;53.41353338
1900-02-21 00:00:00+01:00;-12.3;52.34695801
1900-02-21 01:00:00+01:00;-14.2;53.4940281
1900-02-21 02:00:00+01:00;-14.6;53.42965102
1900-02-21 03:00:00+01:00;-18.2;58.33138516
1900-02-21 04:00:00+01:00;-16.9;57.86282046
1900-02-21 05:00:00+01:00;-16.7;61.28678234
1900-02-21 06:00:00+01:00;-17.9;71.64422626
1900-02-21 07:00:00+01:00;-16;71.00458153
1900-02-21 08:00:00+01:00;-15.5;81.29460746
1900-02-21 09:00:00+01:00;-13;85.73302364
1900-02-21 10:00:00+01:00;-9.7;85.10755216
1900-02-21 11:00:00+01:00;-7.3;82.48517328
1900-02-21 12:00:00+01:00;-5;79.7081166
1900-02-21 13:00:00+01:00;-3.8;76.97949507
1900-02-21 14:00:00+01:00;-2;73.38841238
1900-02-21 15:00:00+01:00;-1.5;70.70022753
1900-02-21 16:00:00+01:00;-1.7;63.02168669
1900-02-21 17:00:00+01:00;-2.9;61.16499256
1900-02-21 18:00:00+01:00;-4;59.38508681
1900-02-21 19:00:00+01:00;-4.8;56.47062268
1900-02-21 20:00:00+01:00;-5.3;55.14566462
1900-02-21 21:00:00+01:00;-5.3;54.13227217
1900-02-21 22:00:00+01:00;-6;52.98406102
1900-02-21 23:00:00+01:00;-8.7;51.14424527
1900-02-22 00:00:00+01:00;-9.2;49.56679346
1900-02-22 01:00:00+01:00;-10.2;50.22191911
1900-02-22 02:00:00+01:00;-12.8;51.50679782
1900-02-22 03:00:00+01:00;-13.3;54.10281186
1900-02-22 04:00:00+01:00;-14.6;55.41100279
1900-02-22 05:00:00+01:00;-17.5;60.94774156
1900-02-22 06:00:00+01:00;-15.2;68.85821095
1900-02-22 07:00:00+01:00;-15.7;69.48867839
1900-02-22 08:00:00+01:00;-16.5;80.48167735
1900-02-22 09:00:00+01:00;-9.3;80.78335421
1900-02-22 10:00:00+01:00;-6.5;80.2366361
1900-02-22 11:00:00+01:00;-2.4;75.72918098
1900-02-22 12:00:00+01:00;-1.9;74.31356576
1900-02-22 13:00:00+01:00;-0.7;71.56808067
1900-02-22 14:00:00+01:00;-1;70.2158963
1900-02-22 15:00:00+01:00;-1.2;68.26151529
1900-02-22 16:00:00+01:00;-2;61.20031375
1900-02-22 17:00:00+01:00;-4;60.37363645
1900-02-22 18:00:00+01:00;-7.1;59.80997387
1900-02-22 19:00:00+01:00;-9;58.26729617
1900-02-22 20:00:00+01:00;-10;57.49869172
1900-02-22 21:00:00+01:00;-12.2;58.20474874
1900-02-22 22:00:00+01:00;-11.1;56.07387765
1900-02-22 23:00:00+01:00;-14.3;54.75001246
1900-02-23 00:00:00+01:00;-19.5;56.81690184
1900-02-23 01:00:00+01:00;-20;57.07395875
1900-02-23 02:00:00+01:00;-20.7;57.79704805
1900-02-23 03:00:00+01:00;-21.2;60.97973533
1900-02-23 04:00:00+01:00;-23;63.08489734
1900-02-23 05:00:00+01:00;-23.5;67.08841828
1900-02-23 06:00:00+01:00;-24.7;77.81689436
1900-02-23 07:00:00+01:00;-24;78.49877837
1900-02-23 08:00:00+01:00;-18.7;86.1433498
1900-02-23 09:00:00+01:00;-13;88.25516648
1900-02-23 10:00:00+01:00;-9.7;87.67358522
1900-02-23 11:00:00+01:00;-7.6;85.24928353
1900-02-23 12:00:00+01:00;-6;83.24988321
1900-02-23 13:00:00+01:00;-5.6;81.39130311
1900-02-23 14:00:00+01:00;-5.1;79.1043152
1900-02-23 15:00:00+01:00;-5;76.81475832
1900-02-23 16:00:00+01:00;-4.6;68.07273367
1900-02-23 17:00:00+01:00;-5.1;65.72284028
1900-02-23 18:00:00+01:00;-8.2;65.56213198
1900-02-23 19:00:00+01:00;-8.7;62.32061809
1900-02-23 20:00:00+01:00;-8;60.19334733
1900-02-23 21:00:00+01:00;-7;58.53197459
1900-02-23 22:00:00+01:00;-6.1;56.14369375
1900-02-23 23:00:00+01:00;-5.6;51.68046494
1900-02-24 00:00:00+01:00;-7.6;50.86402992
1900-02-24 01:00:00+01:00;-8.6;50.52153526
1900-02-24 02:00:00+01:00;-8.7;50.38673171
1900-02-24 03:00:00+01:00;-9.6;50.46929453
1900-02-24 04:00:00+01:00;-9.2;49.49115842
1900-02-24 05:00:00+01:00;-9.1;50.77410863
1900-02-24 06:00:00+01:00;-6.3;49.54634122
1900-02-24 07:00:00+01:00;-5.3;50.5741963
1900-02-24 08:00:00+01:00;-5;59.79435813
1900-02-24 09:00:00+01:00;-4.6;56.6764702
1900-02-24 10:00:00+01:00;-3.3;58.58872723
1900-02-24 11:00:00+01:00;-2.3;56.69002557
1900-02-24 12:00:00+01:00;-1.7;56.2890597
1900-02-24 13:00:00+01:00;-0.8;54.21589772
1900-02-24 14:00:00+01:00;-0.7;51.88545573
1900-02-24 15:00:00+01:00;-1;51.27751914
1900-02-24 16:00:00+01:00;-1.5;46.38619923
1900-02-24 17:00:00+01:00;-2;47.32355922
1900-02-24 18:00:00+01:00;-2.1;46.75736523
1900-02-24 19:00:00+01:00;-4.3;47.55092194
1900-02-24 20:00:00+01:00;-5.6;48.5367226
1900-02-24 21:00:00+01:00;-7;48.11893722
1900-02-24 22:00:00+01:00;-8.6;48.03705219
1900-02-24 23:00:00+01:00;-10.2;47.80957725
1900-02-25 00:00:00+01:00;-10.6;48.07001607
1900-02-25 01:00:00+01:00;-11.6;47.95596656
1900-02-25 02:00:00+01:00;-10.6;47.21914645
1900-02-25 03:00:00+01:00;-11;47.55963531
1900-02-25 04:00:00+01:00;-12.2;48.19740818
1900-02-25 05:00:00+01:00;-13.5;52.05330711
1900-02-25 06:00:00+01:00;-12.6;52.1900554
1900-02-25 07:00:00+01:00;-12;54.59629128
1900-02-25 08:00:00+01:00;-9.8;61.41076449
1900-02-25 09:00:00+01:00;-8;58.54714078
1900-02-25 10:00:00+01:00;-6.8;61.4283815
1900-02-25 11:00:00+01:00;-5.5;59.86317122
1900-02-25 12:00:00+01:00;-3.5;58.71720022
1900-02-25 13:00:00+01:00;-1.7;55.91808199
1900-02-25 14:00:00+01:00;-2;54.06353273
1900-02-25 15:00:00+01:00;-2.8;54.06728445
1900-02-25 16:00:00+01:00;-3.1;48.76684741
1900-02-25 17:00:00+01:00;-3.3;49.6557896
1900-02-25 18:00:00+01:00;-3.6;49.48722936
1900-02-25 19:00:00+01:00;-4.1;49.16990867
1900-02-25 20:00:00+01:00;-4.5;49.7214658
1900-02-25 21:00:00+01:00;-4;47.60235377
1900-02-25 22:00:00+01:00;-4.6;46.62320557
1900-02-25 23:00:00+01:00;-7;47.41503133
1900-02-26 00:00:00+01:00;-6.5;45.93009131
1900-02-26 01:00:00+01:00;-5.3;45.16121352
1900-02-26 02:00:00+01:00;-5.3;44.52260166
1900-02-26 03:00:00+01:00;-5.1;46.3723615
1900-02-26 04:00:00+01:00;-5;46.47936424
1900-02-26 05:00:00+01:00;-4.5;49.70735411
1900-02-26 06:00:00+01:00;-4.1;58.44241436
1900-02-26 07:00:00+01:00;-3.9;57.79429629
1900-02-26 08:00:00+01:00;-3.5;65.99018933
1900-02-26 09:00:00+01:00;-2.5;70.18345201
1900-02-26 10:00:00+01:00;-1.4;70.81407275
1900-02-26 11:00:00+01:00;-0.3;69.24939125
1900-02-26 12:00:00+01:00;1;66.97782675
1900-02-26 13:00:00+01:00;2.8;63.7852813
1900-02-26 14:00:00+01:00;3.5;61.52414095
1900-02-26 15:00:00+01:00;0.8;62.08607971
1900-02-26 16:00:00+01:00;-0.1;55.46350033
1900-02-26 17:00:00+01:00;-1.5;54.16608141
1900-02-26 18:00:00+01:00;-2.5;51.69175154
1900-02-26 19:00:00+01:00;-3.4;49.5161783
1900-02-26 20:00:00+01:00;-3.5;47.73377947
1900-02-26 21:00:00+01:00;-4.8;47.52547372
1900-02-26 22:00:00+01:00;-5.5;46.80067561
1900-02-26 23:00:00+01:00;-4.3;42.75516602
1900-02-27 00:00:00+01:00;-6.1;42.44094686
1900-02-27 01:00:00+01:00;-7;43.05470139
1900-02-27 02:00:00+01:00;-6;42.27628359
1900-02-27 03:00:00+01:00;-6.3;44.42804306
1900-02-27 04:00:00+01:00;-4.8;44.01019606
1900-02-27 05:00:00+01:00;-5;47.58165332
1900-02-27 06:00:00+01:00;-4.6;56.3726226
1900-02-27 07:00:00+01:00;-4.6;56.16177885
1900-02-27 08:00:00+01:00;-4.3;64.75361606
1900-02-27 09:00:00+01:00;-4.3;70.23314498
1900-02-27 10:00:00+01:00;-3.8;71.85540472
1900-02-27 11:00:00+01:00;-3.3;71.43439653
1900-02-27 12:00:00+01:00;-2.8;70.58680801
1900-02-27 13:00:00+01:00;-2.5;69.26641283
1900-02-27 14:00:00+01:00;-2.5;68.24493255
1900-02-27 15:00:00+01:00;-2.9;66.51429944
1900-02-27 16:00:00+01:00;-3;58.7862359
1900-02-27 17:00:00+01:00;-4;57.55185625
1900-02-27 18:00:00+01:00;-6.1;55.82258782
1900-02-27 19:00:00+01:00;-6.5;53.35624292
1900-02-27 20:00:00+01:00;-8.1;52.95000126
1900-02-27 21:00:00+01:00;-7.5;51.3424463
1900-02-27 22:00:00+01:00;-8.3;50.65296171
1900-02-27 23:00:00+01:00;-8.5;47.57881659
1900-02-28 00:00:00+01:00;-8.5;46.02854717
1900-02-28 01:00:00+01:00;-8;45.74709935
1900-02-28 02:00:00+01:00;-7.3;45.06656921
1900-02-28 03:00:00+01:00;-7.3;47.21713345
1900-02-28 04:00:00+01:00;-7.5;47.9606894
1900-02-28 05:00:00+01:00;-6.8;51.25278419
1900-02-28 06:00:00+01:00;-6.6;60.52799879
1900-02-28 07:00:00+01:00;-6.6;60.57186985
1900-02-28 08:00:00+01:00;-5.8;69.21239558
1900-02-28 09:00:00+01:00;-5.1;74.1791061
1900-02-28 10:00:00+01:00;-4.5;75.62592402
1900-02-28 11:00:00+01:00;-3.5;74.37817896
1900-02-28 12:00:00+01:00;-3;73.28422026
1900-02-28 13:00:00+01:00;-2.4;71.33909219
1900-02-28 14:00:00+01:00;-1.7;69.16622804
1900-02-28 15:00:00+01:00;-2.8;68.03075666
1900-02-28 16:00:00+01:00;-3;60.24837276
1900-02-28 17:00:00+01:00;-3.4;58.20881941
1900-02-28 18:00:00+01:00;-5.3;56.45093486
1900-02-28 19:00:00+01:00;-4.6;52.80821605
1900-02-28 20:00:00+01:00;-4.8;51.10756244
1900-02-28 21:00:00+01:00;-4.5;49.70907132
1900-02-28 22:00:00+01:00;-4.7;48.40070214
1900-02-28 23:00:00+01:00;-5.9;45.84328067
1900-03-01 00:00:00+01:00;-5.8;44.05532568
1900-03-01 01:00:00+01:00;-5.9;44.18322677
1900-03-01 02:00:00+01:00;-5.7;43.66722153
1900-03-01 03:00:00+01:00;-5.1;45.25937687
1900-03-01 04:00:00+01:00;-5;45.5991489
1900-03-01 05:00:00+01:00;-5;49.24181744
1900-03-01 06:00:00+01:00;-3.6;57.49831181
1900-03-01 07:00:00+01:00;-3.3;56.96736611
1900-03-01 08:00:00+01:00;-3.4;65.63598377
1900-03-01 09:00:00+01:00;-1.5;69.15739496
1900-03-01 10:00:00+01:00;-0.8;70.18475192
1900-03-01 11:00:00+01:00;-0.3;69.24498708
1900-03-01 12:00:00+01:00;0.1;67.94463917
1900-03-01 13:00:00+01:00;0;66.73099865
1900-03-01 14:00:00+01:00;0.6;64.73757354
1900-03-01 15:00:00+01:00;0.2;62.93494696
1900-03-01 16:00:00+01:00;0.2;55.48363733
1900-03-01 17:00:00+01:00;-0.1;53.0559607
1900-03-01 18:00:00+01:00;-0.3;50.09890948
1900-03-01 19:00:00+01:00;-1;47.59420203
1900-03-01 20:00:00+01:00;-0.8;45.50216169
1900-03-01 21:00:00+01:00;-0.8;44.30286758
1900-03-01 22:00:00+01:00;-1.7;43.65845531
1900-03-01 23:00:00+01:00;-1.5;40.36528737
1900-03-02 00:00:00+01:00;-1.9;39.01006745
1900-03-02 01:00:00+01:00;-2.5;39.45720985
1900-03-02 02:00:00+01:00;-2.6;39.14717067
1900-03-02 03:00:00+01:00;-3;41.14666295
1900-03-02 04:00:00+01:00;-3.8;42.29839586
1900-03-02 05:00:00+01:00;-4.5;46.00632629
1900-03-02 06:00:00+01:00;-4.6;54.96376077
1900-03-02 07:00:00+01:00;-5.1;55.05241847
1900-03-02 08:00:00+01:00;-4.1;63.10252484
1900-03-02 09:00:00+01:00;-3.4;67.98861765
1900-03-02 10:00:00+01:00;-2.3;69.02079129
1900-03-02 11:00:00+01:00;-1.4;68.19346856
1900-03-02 12:00:00+01:00;-0.7;66.92425078
1900-03-02 13:00:00+01:00;-0.5;65.59457718
1900-03-02 14:00:00+01:00;-0.5;64.48768909
1900-03-02 15:00:00+01:00;-0.7;62.56156568
1900-03-02 16:00:00+01:00;-0.7;55.1315282
1900-03-02 17:00:00+01:00;-2.6;54.60087545
1900-03-02 18:00:00+01:00;-2;50.75407555
1900-03-02 19:00:00+01:00;-2.8;48.62507265
1900-03-02 20:00:00+01:00;-2.4;46.53915969
1900-03-02 21:00:00+01:00;-2.5;45.52640986
1900-03-02 22:00:00+01:00;-3;44.72808333
1900-03-02 23:00:00+01:00;-3.1;41.79821247
1900-03-03 00:00:00+01:00;-3.5;41.15290608
1900-03-03 01:00:00+01:00;-3.5;40.58549644
1900-03-03 02:00:00+01:00;-3.3;40.51401353
1900-03-03 03:00:00+01:00;-3.5;40.6788121
1900-03-03 04:00:00+01:00;-3.5;40.56765796
1900-03-03 05:00:00+01:00;-3.9;42.54964694
1900-03-03 06:00:00+01:00;-4.3;43.9806444
1900-03-03 07:00:00+01:00;-4.1;45.9678372
1900-03-03 08:00:00+01:00;-5.3;54.53831259
1900-03-03 09:00:00+01:00;-4;51.66560673
1900-03-03 10:00:00+01:00;-3;54.38324278
1900-03-03 11:00:00+01:00;-2.3;53.17481718
1900-03-03 12:00:00+01:00;-2.4;54.11930403
1900-03-03 13:00:00+01:00;-2;52.93545902
1900-03-03 14:00:00+01:00;-2.3;51.82005035
1900-03-03 15:00:00+01:00;-2;50.7897284
1900-03-03 16:00:00+01:00;-1.7;44.88773666
1900-03-03 17:00:00+01:00;-2;45.92748687
1900-03-03 18:00:00+01:00;-2.6;45.85243325
1900-03-03 19:00:00+01:00;-2;44.23240815
1900-03-03 20:00:00+01:00;-1.5;43.90159102
1900-03-03 21:00:00+01:00;-1.5;42.30450521
1900-03-03 22:00:00+01:00;-1.5;41.01535839
1900-03-03 23:00:00+01:00;-1.7;40.62829478
1900-03-04 00:00:00+01:00;-2.1;40.29493037
1900-03-04 01:00:00+01:00;-2;39.64579051
1900-03-04 02:00:00+01:00;-2.5;40.01662592
1900-03-04 03:00:00+01:00;-0.3;38.56135118
1900-03-04 04:00:00+01:00;0.6;37.79224764
1900-03-04 05:00:00+01:00;0.7;38.65650042
1900-03-04 06:00:00+01:00;0.6;40.11304395
1900-03-04 07:00:00+01:00;1;41.55100569
1900-03-04 08:00:00+01:00;1.2;49.98575036
1900-03-04 09:00:00+01:00;1.1;47.09035796
1900-03-04 10:00:00+01:00;1.3;49.60400587
1900-03-04 11:00:00+01:00;1.7;48.22282191
1900-03-04 12:00:00+01:00;2;48.24952391
1900-03-04 13:00:00+01:00;2.7;46.70966461
1900-03-04 14:00:00+01:00;2.4;45.31852205
1900-03-04 15:00:00+01:00;2.7;44.25188087
1900-03-04 16:00:00+01:00;2.3;39.86000833
1900-03-04 17:00:00+01:00;1.8;40.59089754
1900-03-04 18:00:00+01:00;2;39.73044723
1900-03-04 19:00:00+01:00;1.7;38.67277713
1900-03-04 20:00:00+01:00;1.6;38.6772434
1900-03-04 21:00:00+01:00;1.7;36.96740198
1900-03-04 22:00:00+01:00;1.2;36.10054307
1900-03-04 23:00:00+01:00;1;35.73814045
1900-03-05 00:00:00+01:00;0.8;34.79308135
1900-03-05 01:00:00+01:00;1;34.74129817
1900-03-05 02:00:00+01:00;0.8;34.53349624
1900-03-05 03:00:00+01:00;0.6;36.17876746
1900-03-05 04:00:00+01:00;0.5;36.96864634
1900-03-05 05:00:00+01:00;0.8;39.88345851
1900-03-05 06:00:00+01:00;1.1;48.29649958
1900-03-05 07:00:00+01:00;0.7;47.94631615
1900-03-05 08:00:00+01:00;0.8;55.82134611
1900-03-05 09:00:00+01:00;0.9;60.67586415
1900-03-05 10:00:00+01:00;0.9;62.49545918
1900-03-05 11:00:00+01:00;0.6;62.93893658
1900-03-05 12:00:00+01:00;0.7;62.27529945
1900-03-05 13:00:00+01:00;1;61.04172404
1900-03-05 14:00:00+01:00;0.8;60.37977777
1900-03-05 15:00:00+01:00;1;58.14966516
1900-03-05 16:00:00+01:00;1.4;50.79127473
1900-03-05 17:00:00+01:00;1.3;48.52569851
1900-03-05 18:00:00+01:00;1.5;45.21618875
1900-03-05 19:00:00+01:00;1.5;42.58453399
1900-03-05 20:00:00+01:00;1.5;40.69156172
1900-03-05 21:00:00+01:00;1.4;39.60684536
1900-03-05 22:00:00+01:00;1.4;38.5653459
1900-03-05 23:00:00+01:00;1.1;36.05652894
1900-03-06 00:00:00+01:00;0.9;34.82507106
1900-03-06 01:00:00+01:00;-0.6;36.00392913
1900-03-06 02:00:00+01:00;-0.6;35.86515258
1900-03-06 03:00:00+01:00;-0.7;37.56741587
1900-03-06 04:00:00+01:00;0;37.80668229
1900-03-06 05:00:00+01:00;0.5;40.67715984
1900-03-06 06:00:00+01:00;0.4;49.45952327
1900-03-06 07:00:00+01:00;0.6;48.77549731
1900-03-06 08:00:00+01:00;0.7;56.68617006
1900-03-06 09:00:00+01:00;1;61.36258671
1900-03-06 10:00:00+01:00;0.7;63.42391498
1900-03-06 11:00:00+01:00;1;63.18637922
1900-03-06 12:00:00+01:00;0.9;62.60545138
1900-03-06 13:00:00+01:00;1;61.48361346
1900-03-06 14:00:00+01:00;0.4;61.1498169
1900-03-06 15:00:00+01:00;0.4;59.05104619
1900-03-06 16:00:00+01:00;0.1;52.13819685
1900-03-06 17:00:00+01:00;0.5;49.5669015
1900-03-06 18:00:00+01:00;0.5;46.33724285
1900-03-06 19:00:00+01:00;0.4;43.80903298
1900-03-06 20:00:00+01:00;0.4;41.95356844
1900-03-06 21:00:00+01:00;0.3;40.87648354
1900-03-06 22:00:00+01:00;-0.3;40.29286369
1900-03-06 23:00:00+01:00;-0.8;37.90444968
1900-03-07 00:00:00+01:00;-1.4;36.9939512
1900-03-07 01:00:00+01:00;-1.7;37.320535
1900-03-07 02:00:00+01:00;-2;37.38356612
1900-03-07 03:00:00+01:00;-1.7;38.87252676
1900-03-07 04:00:00+01:00;-1.2;39.25605989
1900-03-07 05:00:00+01:00;-1.2;42.53868512
1900-03-07 06:00:00+01:00;-1.4;51.49223147
1900-03-07 07:00:00+01:00;-1;50.84517536
1900-03-07 08:00:00+01:00;-0.7;58.90538382
1900-03-07 09:00:00+01:00;-0.6;63.96142388
1900-03-07 10:00:00+01:00;-0.3;65.58215822
1900-03-07 11:00:00+01:00;0.2;65.15342444
1900-03-07 12:00:00+01:00;0.6;64.10181948
1900-03-07 13:00:00+01:00;0.3;63.35719858
1900-03-07 14:00:00+01:00;0.2;62.42160027
1900-03-07 15:00:00+01:00;0.8;59.70420462
1900-03-07 16:00:00+01:00;0.1;53.10080067
1900-03-07 17:00:00+01:00;0.5;50.40395333
1900-03-07 18:00:00+01:00;0.8;47.02828033
1900-03-07 19:00:00+01:00;0.8;44.27138766
1900-03-07 20:00:00+01:00;0.4;42.72319828
1900-03-07 21:00:00+01:00;-0.3;42.11606683
1900-03-07 22:00:00+01:00;0;40.79045134
1900-03-07 23:00:00+01:00;-0.1;37.99635793
1900-03-08 00:00:00+01:00;-0.6;36.88557954
1900-03-08 01:00:00+01:00;-1;37.28781056
1900-03-08 02:00:00+01:00;-1.2;37.14761992
1900-03-08 03:00:00+01:00;-1.5;39.02799883
1900-03-08 04:00:00+01:00;-1.4;39.63349862
1900-03-08 05:00:00+01:00;-1.5;42.95953636
1900-03-08 06:00:00+01:00;-1.2;51.54527416
1900-03-08 07:00:00+01:00;-1;50.95261636
1900-03-08 08:00:00+01:00;-0.7;58.94957195
1900-03-08 09:00:00+01:00;-0.5;63.83832881
1900-03-08 10:00:00+01:00;0.1;65.12402403
1900-03-08 11:00:00+01:00;0.1;65.11908984
1900-03-08 12:00:00+01:00;0.9;63.64987646
1900-03-08 13:00:00+01:00;0.8;62.66525192
1900-03-08 14:00:00+01:00;1.2;61.17877146
1900-03-08 15:00:00+01:00;1.3;58.99681524
1900-03-08 16:00:00+01:00;1.1;52.06190194
1900-03-08 17:00:00+01:00;1;49.69802471
1900-03-08 18:00:00+01:00;1;46.59890049
1900-03-08 19:00:00+01:00;0.3;44.44155652
1900-03-08 20:00:00+01:00;0.2;42.65376554
1900-03-08 21:00:00+01:00;0.1;41.54960325
1900-03-08 22:00:00+01:00;-0.6;40.97636205
1900-03-08 23:00:00+01:00;-1;38.44275851
1900-03-09 00:00:00+01:00;-1.5;37.39717445
1900-03-09 01:00:00+01:00;-2;37.86270417
1900-03-09 02:00:00+01:00;-2.3;37.90135012
1900-03-09 03:00:00+01:00;-2.4;39.69160569
1900-03-09 04:00:00+01:00;-2.1;40.19287183
1900-03-09 05:00:00+01:00;-2.9;43.96848924
1900-03-09 06:00:00+01:00;-2.5;52.54025292
1900-03-09 07:00:00+01:00;-2.4;52.12069043
1900-03-09 08:00:00+01:00;-2.8;60.91347035
1900-03-09 09:00:00+01:00;-2.1;65.66637571
1900-03-09 10:00:00+01:00;-1.9;67.47739876
1900-03-09 11:00:00+01:00;-1.7;67.41662688
1900-03-09 12:00:00+01:00;-1.5;66.78760669
1900-03-09 13:00:00+01:00;-1.2;65.4492547
1900-03-09 14:00:00+01:00;-0.7;63.9450459
1900-03-09 15:00:00+01:00;-1;62.14952979
1900-03-09 16:00:00+01:00;-0.3;54.15444981
1900-03-09 17:00:00+01:00;-0.3;51.84733357
1900-03-09 18:00:00+01:00;-0.7;49.04552403
1900-03-09 19:00:00+01:00;-0.3;45.96855754
1900-03-09 20:00:00+01:00;-1.4;45.03850243
1900-03-09 21:00:00+01:00;-2;44.39706123
1900-03-09 22:00:00+01:00;-4.6;45.20785136
1900-03-09 23:00:00+01:00;-6.3;43.49689811
1900-03-10 00:00:00+01:00;-7.3;43.49513498
1900-03-10 01:00:00+01:00;-8.2;43.5101254
1900-03-10 02:00:00+01:00;-9.8;44.55406182
1900-03-10 03:00:00+01:00;-9.6;44.76196441
1900-03-10 04:00:00+01:00;-10.2;45.24913496
1900-03-10 05:00:00+01:00;-12.7;50.13448309
1900-03-10 06:00:00+01:00;-13.7;51.63098463
1900-03-10 07:00:00+01:00;-13.2;54.27891445
1900-03-10 08:00:00+01:00;-9;59.08044542
1900-03-10 09:00:00+01:00;-7.6;56.58795599
1900-03-10 10:00:00+01:00;-7.3;60.2899024
1900-03-10 11:00:00+01:00;-6.8;59.56530222
1900-03-10 12:00:00+01:00;-6.1;60.11230205
1900-03-10 13:00:00+01:00;-6.1;59.23014508
1900-03-10 14:00:00+01:00;-5.6;57.26568358
1900-03-10 15:00:00+01:00;-4.6;55.43783857
1900-03-10 16:00:00+01:00;-4.3;49.15296839
1900-03-10 17:00:00+01:00;-7.1;52.82787017
1900-03-10 18:00:00+01:00;-7.8;52.92565731
1900-03-10 19:00:00+01:00;-9.5;53.5942785
1900-03-10 20:00:00+01:00;-10.3;54.45337763
1900-03-10 21:00:00+01:00;-12.6;55.11011949
1900-03-10 22:00:00+01:00;-13.5;54.56297422
1900-03-10 23:00:00+01:00;-14;53.36391279
1900-03-11 00:00:00+01:00;-15;54.04747346
1900-03-11 01:00:00+01:00;-15.2;53.4068247
1900-03-11 02:00:00+01:00;-15.7;53.74411945
1900-03-11 03:00:00+01:00;-14.2;52.96332685
1900-03-11 04:00:00+01:00;-16.2;54.07244799
1900-03-11 05:00:00+01:00;-17.7;58.19516064
1900-03-11 06:00:00+01:00;-17;58.38414541
1900-03-11 07:00:00+01:00;-14.6;59.57015346
1900-03-11 08:00:00+01:00;-12.2;67.51257124
1900-03-11 09:00:00+01:00;-11.7;65.39608452
1900-03-11 10:00:00+01:00;-8.7;67.01090722
1900-03-11 11:00:00+01:00;-7.6;65.41293636
1900-03-11 12:00:00+01:00;-6.6;64.94173933
1900-03-11 13:00:00+01:00;-4.6;61.63086788
1900-03-11 14:00:00+01:00;-5.3;59.82968626
1900-03-11 15:00:00+01:00;-5;58.51350899
1900-03-11 16:00:00+01:00;-6.6;53.90197693
1900-03-11 17:00:00+01:00;-6.8;55.03077458
1900-03-11 18:00:00+01:00;-7.5;55.16072892
1900-03-11 19:00:00+01:00;-7.8;54.78361948
1900-03-11 20:00:00+01:00;-8.2;55.35070403
1900-03-11 21:00:00+01:00;-10.7;55.59639956
1900-03-11 22:00:00+01:00;-10.8;54.11583582
1900-03-11 23:00:00+01:00;-11.2;53.09370167
1900-03-12 00:00:00+01:00;-10.2;51.27466635
1900-03-12 01:00:00+01:00;-9.7;50.95873744
1900-03-12 02:00:00+01:00;-10;50.46732321
1900-03-12 03:00:00+01:00;-10.5;53.18196361
1900-03-12 04:00:00+01:00;-11.1;53.76393833
1900-03-12 05:00:00+01:00;-11.5;57.86443564
1900-03-12 06:00:00+01:00;-12;67.62035184
1900-03-12 07:00:00+01:00;-11.7;67.57274826
1900-03-12 08:00:00+01:00;-10.7;76.6850562
1900-03-12 09:00:00+01:00;-6.3;78.69062379
1900-03-12 10:00:00+01:00;1.6;73.19022772
1900-03-12 11:00:00+01:00;-1;74.4217728
1900-03-12 12:00:00+01:00;-0.5;72.76829057
1900-03-12 13:00:00+01:00;1.8;68.80564074
1900-03-12 14:00:00+01:00;1.7;66.99522508
1900-03-12 15:00:00+01:00;3.8;62.65800743
1900-03-12 16:00:00+01:00;5.4;54.19430754
1900-03-12 17:00:00+01:00;1.2;54.20254343
1900-03-12 18:00:00+01:00;-3;54.85083479
1900-03-12 19:00:00+01:00;-6;54.02259953
1900-03-12 20:00:00+01:00;-7;53.00026661
1900-03-12 21:00:00+01:00;-8.1;52.53638418
1900-03-12 22:00:00+01:00;-8.7;51.49170527
1900-03-12 23:00:00+01:00;-9;48.21473418
1900-03-13 00:00:00+01:00;-9.2;46.6750451
1900-03-13 01:00:00+01:00;-9.7;46.95479191
1900-03-13 02:00:00+01:00;-9.2;46.41076776
1900-03-13 03:00:00+01:00;-9.1;48.42534882
1900-03-13 04:00:00+01:00;-8;48.11663966
1900-03-13 05:00:00+01:00;-7.5;51.23134575
1900-03-13 06:00:00+01:00;-7.3;60.12611582
1900-03-13 07:00:00+01:00;-6.1;59.03724744
1900-03-13 08:00:00+01:00;-4;66.19008361
1900-03-13 09:00:00+01:00;-2.5;70.09564046
1900-03-13 10:00:00+01:00;-1.7;71.41090033
1900-03-13 11:00:00+01:00;-0.6;70.04483792
1900-03-13 12:00:00+01:00;0;68.65485061
1900-03-13 13:00:00+01:00;2.2;65.18966814
1900-03-13 14:00:00+01:00;5.2;60.59479914
1900-03-13 15:00:00+01:00;4;59.94441379
1900-03-13 16:00:00+01:00;4.4;53.00171559
1900-03-13 17:00:00+01:00;2.5;51.45160356
1900-03-13 18:00:00+01:00;0.6;50.38810745
1900-03-13 19:00:00+01:00;-2;49.23353457
1900-03-13 20:00:00+01:00;-4.8;49.53992931
1900-03-13 21:00:00+01:00;-3.8;47.47297153
1900-03-13 22:00:00+01:00;-7;48.40962947
1900-03-13 23:00:00+01:00;-7.8;45.69132291
1900-03-14 00:00:00+01:00;-8.5;44.59395629
1900-03-14 01:00:00+01:00;-6.6;43.19858348
1900-03-14 02:00:00+01:00;-5.8;42.37319182
1900-03-14 03:00:00+01:00;-4.6;43.33633897
1900-03-14 04:00:00+01:00;-5.1;44.1849669
1900-03-14 05:00:00+01:00;-4.5;47.08562921
1900-03-14 06:00:00+01:00;-5.3;56.47899991
1900-03-14 07:00:00+01:00;-3.6;55.0498287
1900-03-14 08:00:00+01:00;-3.3;63.43078656
1900-03-14 09:00:00+01:00;-2.3;67.87856887
1900-03-14 10:00:00+01:00;-2.5;69.96854057
1900-03-14 11:00:00+01:00;-1.2;68.68934217
1900-03-14 12:00:00+01:00;-1;67.89206367
1900-03-14 13:00:00+01:00;1.2;64.5465458
1900-03-14 14:00:00+01:00;0.3;64.41253721
1900-03-14 15:00:00+01:00;0;62.75278064
1900-03-14 16:00:00+01:00;0;55.55286046
1900-03-14 17:00:00+01:00;0;53.07499192
1900-03-14 18:00:00+01:00;0.1;50.13399278
1900-03-14 19:00:00+01:00;0;47.16885156
1900-03-14 20:00:00+01:00;-0.1;45.31070781
1900-03-14 21:00:00+01:00;-0.3;44.3222619
1900-03-14 22:00:00+01:00;-1.5;43.79456303
1900-03-14 23:00:00+01:00;-0.7;39.98668824
1900-03-15 00:00:00+01:00;-1.7;38.93542349
1900-03-15 01:00:00+01:00;-2.1;39.2355293
1900-03-15 02:00:00+01:00;-3.5;39.80155576
1900-03-15 03:00:00+01:00;-3.6;41.6462334
1900-03-15 04:00:00+01:00;-4.5;42.8967454
1900-03-15 05:00:00+01:00;-5.1;46.55759816
1900-03-15 06:00:00+01:00;-5;55.34364354
1900-03-15 07:00:00+01:00;-5.3;55.31871917
1900-03-15 08:00:00+01:00;-3.8;63.01695681
1900-03-15 09:00:00+01:00;-2.3;67.1077786
1900-03-15 10:00:00+01:00;-1.5;68.23957729
1900-03-15 11:00:00+01:00;0.7;66.02976452
1900-03-15 12:00:00+01:00;2.8;62.98917928
1900-03-15 13:00:00+01:00;3.3;61.30550682
1900-03-15 14:00:00+01:00;3.9;59.37097338
1900-03-15 15:00:00+01:00;3.5;57.72603534
1900-03-15 16:00:00+01:00;3;51.3277114
1900-03-15 17:00:00+01:00;1.5;49.88146365
1900-03-15 18:00:00+01:00;-1;48.89380953
1900-03-15 19:00:00+01:00;-2.8;47.65932781
1900-03-15 20:00:00+01:00;-4.1;46.92609212
1900-03-15 21:00:00+01:00;-6.1;47.29246682
1900-03-15 22:00:00+01:00;-6.5;46.5187535
1900-03-15 23:00:00+01:00;-8;44.69388886
1900-03-16 00:00:00+01:00;-8;43.40958037
1900-03-16 01:00:00+01:00;-4.8;41.373332
1900-03-16 02:00:00+01:00;-4.8;41.20540654
1900-03-16 03:00:00+01:00;-3.1;41.91416524
1900-03-16 04:00:00+01:00;-3;42.37692618
1900-03-16 05:00:00+01:00;-2.4;45.36811352
1900-03-16 06:00:00+01:00;-2.8;54.51379292
1900-03-16 07:00:00+01:00;-2.5;53.86545573
1900-03-16 08:00:00+01:00;-1.4;61.41919127
1900-03-16 09:00:00+01:00;0.1;65.15845141
1900-03-16 10:00:00+01:00;1;66.03462871
1900-03-16 11:00:00+01:00;1.8;65.03334442
1900-03-16 12:00:00+01:00;2.2;63.81272492
1900-03-16 13:00:00+01:00;2.3;62.64075177
1900-03-16 14:00:00+01:00;2.1;61.71886424
1900-03-16 15:00:00+01:00;2.2;59.67027527
1900-03-16 16:00:00+01:00;3;52.10800389
1900-03-16 17:00:00+01:00;1.9;50.24859487
1900-03-16 18:00:00+01:00;1.4;47.806917
1900-03-16 19:00:00+01:00;1;45.10785578
1900-03-16 20:00:00+01:00;1.1;43.03537314
1900-03-16 21:00:00+01:00;0.3;42.32952925
1900-03-16 22:00:00+01:00;0.5;40.81884013
1900-03-16 23:00:00+01:00;-0.1;38.10215355
1900-03-17 00:00:00+01:00;0.4;36.66893627
1900-03-17 01:00:00+01:00;0;36.31254891
1900-03-17 02:00:00+01:00;-1.2;36.98468337
1900-03-17 03:00:00+01:00;-4.6;39.21454847
1900-03-17 04:00:00+01:00;-5.6;39.87249072
1900-03-17 05:00:00+01:00;-5.8;42.46486148
1900-03-17 06:00:00+01:00;-6;43.48779606
1900-03-17 07:00:00+01:00;-2.1;42.80154554
1900-03-17 08:00:00+01:00;-0.5;49.32643433
1900-03-17 09:00:00+01:00;2;45.30303977
1900-03-17 10:00:00+01:00;2.6;47.6126122
1900-03-17 11:00:00+01:00;5.5;44.19497552
1900-03-17 12:00:00+01:00;4.3;45.31393324
1900-03-17 13:00:00+01:00;4.4;44.47960844
1900-03-17 14:00:00+01:00;6.3;40.73971338
1900-03-17 15:00:00+01:00;6.6;39.72561529
1900-03-17 16:00:00+01:00;7.6;35.31172226
1900-03-17 17:00:00+01:00;4.5;37.66702401
1900-03-17 18:00:00+01:00;2.1;39.27359364
1900-03-17 19:00:00+01:00;1.6;38.41760149
1900-03-17 20:00:00+01:00;0;39.64847944
1900-03-17 21:00:00+01:00;-1.9;39.73110059
1900-03-17 22:00:00+01:00;-1.7;38.40401871
1900-03-17 23:00:00+01:00;-3.1;38.53332216
1900-03-18 00:00:00+01:00;-4;39.27526883
1900-03-18 01:00:00+01:00;-4.6;39.14732926
1900-03-18 02:00:00+01:00;-6.3;40.20743316
1900-03-18 03:00:00+01:00;-5.5;39.86633372
1900-03-18 04:00:00+01:00;-6.3;40.33614996
1900-03-18 05:00:00+01:00;-6.1;42.6449083
1900-03-18 06:00:00+01:00;-6.3;43.54998755
1900-03-18 07:00:00+01:00;-4.8;44.76476587
1900-03-18 08:00:00+01:00;-2.4;50.30040184
1900-03-18 09:00:00+01:00;-0.8;47.22238064
1900-03-18 10:00:00+01:00;0;49.92731688
1900-03-18 11:00:00+01:00;1.1;48.44486424
1900-03-18 12:00:00+01:00;1.3;48.93945458
1900-03-18 13:00:00+01:00;1.5;48.1122565
1900-03-18 14:00:00+01:00;2.3;45.84863472
1900-03-18 15:00:00+01:00;3.7;43.78724417
1900-03-18 16:00:00+01:00;3.4;39.91502953
1900-03-18 17:00:00+01:00;2;41.34197497
1900-03-18 18:00:00+01:00;1.8;41.04506763
1900-03-18 19:00:00+01:00;2;39.85291568
1900-03-18 20:00:00+01:00;0.3;41.32216124
1900-03-18 21:00:00+01:00;-0.3;40.17569234
1900-03-18 22:00:00+01:00;-1.7;40.02632409
1900-03-18 23:00:00+01:00;-2.5;39.86135553
1900-03-19 00:00:00+01:00;-3.8;39.83040616
1900-03-19 01:00:00+01:00;-3.1;39.3931297
1900-03-19 02:00:00+01:00;-3.4;39.28815558
1900-03-19 03:00:00+01:00;-3.9;41.33427638
1900-03-19 04:00:00+01:00;-4.1;42.08665147
1900-03-19 05:00:00+01:00;-5;45.78804811
1900-03-19 06:00:00+01:00;-5.5;54.82092475
1900-03-19 07:00:00+01:00;-4.3;53.72094886
1900-03-19 08:00:00+01:00;-3.3;61.64853199
1900-03-19 09:00:00+01:00;-2.5;66.36852801
1900-03-19 10:00:00+01:00;-1;66.99887276
1900-03-19 11:00:00+01:00;0;66.08450161
1900-03-19 12:00:00+01:00;3.5;61.77255531
1900-03-19 13:00:00+01:00;4.5;59.57915952
1900-03-19 14:00:00+01:00;6.5;56.20803128
1900-03-19 15:00:00+01:00;7.2;53.65040814
1900-03-19 16:00:00+01:00;7.3;47.43290444
1900-03-19 17:00:00+01:00;4.6;46.51832364
1900-03-19 18:00:00+01:00;3;45.21669188
1900-03-19 19:00:00+01:00;-0.3;45.08102443
1900-03-19 20:00:00+01:00;-2;44.59966993
1900-03-19 21:00:00+01:00;-3.3;44.40369276
1900-03-19 22:00:00+01:00;-4;43.81870928
1900-03-19 23:00:00+01:00;-6;42.33792037
1900-03-20 00:00:00+01:00;-6.6;41.40090097
1900-03-20 01:00:00+01:00;-6.8;41.522995
1900-03-20 02:00:00+01:00;-8.6;42.87138708
1900-03-20 03:00:00+01:00;-7.5;44.05170295
1900-03-20 04:00:00+01:00;-8.3;45.50785128
1900-03-20 05:00:00+01:00;-8.7;48.88404489
1900-03-20 06:00:00+01:00;-8.8;57.86244537
1900-03-20 07:00:00+01:00;-7.1;56.73911377
1900-03-20 08:00:00+01:00;-4.3;63.71274011
1900-03-20 09:00:00+01:00;-3.4;68.39840488
1900-03-20 10:00:00+01:00;-3;70.06610631
1900-03-20 11:00:00+01:00;-1.4;68.59865211
1900-03-20 12:00:00+01:00;1;65.66278141
1900-03-20 13:00:00+01:00;5.1;60.37611169
1900-03-20 14:00:00+01:00;4.8;59.45002335
1900-03-20 15:00:00+01:00;3.8;58.70446987
1900-03-20 16:00:00+01:00;4;52.00618539
1900-03-20 17:00:00+01:00;4.2;48.7669794
1900-03-20 18:00:00+01:00;3.4;47.11489096
1900-03-20 19:00:00+01:00;1;45.92397819
1900-03-20 20:00:00+01:00;-1;45.65262319
1900-03-20 21:00:00+01:00;-2.1;45.33271716
1900-03-20 22:00:00+01:00;-2.4;44.29119184
1900-03-20 23:00:00+01:00;-2;40.84763068
1900-03-21 00:00:00+01:00;-2;39.19084852
1900-03-21 01:00:00+01:00;-1.9;39.15227865
1900-03-21 02:00:00+01:00;0.2;37.1517524
1900-03-21 03:00:00+01:00;0.3;38.58977283
1900-03-21 04:00:00+01:00;0;39.09614905
1900-03-21 05:00:00+01:00;-1;42.86776025
1900-03-21 06:00:00+01:00;-0.7;51.14509929
1900-03-21 07:00:00+01:00;-1;50.5648945
1900-03-21 08:00:00+01:00;-0.5;58.20679228
1900-03-21 09:00:00+01:00;-1.2;63.73406723
1900-03-21 10:00:00+01:00;-0.5;64.86584471
1900-03-21 11:00:00+01:00;0.7;63.74400077
1900-03-21 12:00:00+01:00;1.2;62.56789564
1900-03-21 13:00:00+01:00;1.6;61.2792199
1900-03-21 14:00:00+01:00;2.5;59.43556361
1900-03-21 15:00:00+01:00;1.9;58.09168323
1900-03-21 16:00:00+01:00;4.7;48.93443259
1900-03-21 17:00:00+01:00;3.7;46.968292
1900-03-21 18:00:00+01:00;2.3;45.39195706
1900-03-21 19:00:00+01:00;4;41.22021269
1900-03-21 20:00:00+01:00;5;38.39719348
1900-03-21 21:00:00+01:00;5.4;36.85210472
1900-03-21 22:00:00+01:00;4.9;35.97006088
1900-03-21 23:00:00+01:00;4.6;33.33878882
1900-03-22 00:00:00+01:00;4.6;31.77584143
1900-03-22 01:00:00+01:00;4.6;31.91158679
1900-03-22 02:00:00+01:00;3.8;31.97342255
1900-03-22 03:00:00+01:00;3;33.88998966
1900-03-22 04:00:00+01:00;1.7;35.44781215
1900-03-22 05:00:00+01:00;0;39.53264352
1900-03-22 06:00:00+01:00;-2.8;49.79678082
1900-03-22 07:00:00+01:00;0.2;47.29474785
1900-03-22 08:00:00+01:00;1.8;53.92898071
1900-03-22 09:00:00+01:00;7.5;53.55166575
1900-03-22 10:00:00+01:00;7;55.18815876
1900-03-22 11:00:00+01:00;9.7;52.22548639
1900-03-22 12:00:00+01:00;10.4;49.87676916
1900-03-22 13:00:00+01:00;12.9;46.11635773
1900-03-22 14:00:00+01:00;14.1;37.45465347
1900-03-22 15:00:00+01:00;12.2;43.63199165
1900-03-22 16:00:00+01:00;11.6;38.90374349
1900-03-22 17:00:00+01:00;11.2;35.65021201
1900-03-22 18:00:00+01:00;10.8;33.55861722
1900-03-22 19:00:00+01:00;10.1;31.43179591
1900-03-22 20:00:00+01:00;8.6;30.47881164
1900-03-22 21:00:00+01:00;6.9;30.47808794
1900-03-22 22:00:00+01:00;8;28.81005096
1900-03-22 23:00:00+01:00;7.2;27.10864542
1900-03-23 00:00:00+01:00;5.6;27.05693959
1900-03-23 01:00:00+01:00;2.7;29.06408501
1900-03-23 02:00:00+01:00;4;28.24655616
1900-03-23 03:00:00+01:00;6.6;27.45561443
1900-03-23 04:00:00+01:00;5;29.36461026
1900-03-23 05:00:00+01:00;4.2;32.20427217
1900-03-23 06:00:00+01:00;3.5;40.30150395
1900-03-23 07:00:00+01:00;3.2;39.35761995
1900-03-23 08:00:00+01:00;4.1;45.86571935
1900-03-23 09:00:00+01:00;4.7;50.15390515
1900-03-23 10:00:00+01:00;4.8;51.90538217
1900-03-23 11:00:00+01:00;4.9;52.55049311
1900-03-23 12:00:00+01:00;5.3;51.65689597
1900-03-23 13:00:00+01:00;5.2;51.36101536
1900-03-23 14:00:00+01:00;5.7;50.60194589
1900-03-23 15:00:00+01:00;5.2;49.49188171
1900-03-23 16:00:00+01:00;4.8;43.8643821
1900-03-23 17:00:00+01:00;4.2;42.24386062
1900-03-23 18:00:00+01:00;3.7;39.64819685
1900-03-23 19:00:00+01:00;3.5;37.7076292
1900-03-23 20:00:00+01:00;3.6;35.7937956
1900-03-23 21:00:00+01:00;3.2;34.91813039
1900-03-23 22:00:00+01:00;2.6;34.63919377
1900-03-23 23:00:00+01:00;2.4;32.49267905
1900-03-24 00:00:00+01:00;2.4;32.15449186
1900-03-24 01:00:00+01:00;2;31.99325112
1900-03-24 02:00:00+01:00;1.9;32.09061846
1900-03-24 03:00:00+01:00;1.7;32.49080843
1900-03-24 04:00:00+01:00;1.9;32.53020356
1900-03-24 05:00:00+01:00;1.4;34.56629273
1900-03-24 06:00:00+01:00;0.9;36.11919865
1900-03-24 07:00:00+01:00;2;37.15891852
1900-03-24 08:00:00+01:00;3.4;43.23847538
1900-03-24 09:00:00+01:00;4.1;40.25218375
1900-03-24 10:00:00+01:00;4.5;42.80126038
1900-03-24 11:00:00+01:00;5.9;40.75316936
1900-03-24 12:00:00+01:00;6;41.05690906
1900-03-24 13:00:00+01:00;6;40.55775666
1900-03-24 14:00:00+01:00;9;36.02737246
1900-03-24 15:00:00+01:00;8;36.52242977
1900-03-24 16:00:00+01:00;7.5;33.44516316
1900-03-24 17:00:00+01:00;6.1;34.49497624
1900-03-24 18:00:00+01:00;3.6;36.1505759
1900-03-24 19:00:00+01:00;1.4;36.54924688
1900-03-24 20:00:00+01:00;0.4;37.17258108
1900-03-24 21:00:00+01:00;-1.4;37.33673693
1900-03-24 22:00:00+01:00;-3.5;37.89307066
1900-03-24 23:00:00+01:00;-3.5;36.77558461
1900-03-25 00:00:00+01:00;-4.3;37.84464805
1900-03-25 01:00:00+01:00;-5.3;38.01744205
1900-03-25 02:00:00+01:00;-4;37.15453184
1900-03-25 03:00:00+01:00;-4;37.48496912
1900-03-25 04:00:00+01:00;-3;37.02013149
1900-03-25 05:00:00+01:00;-2.9;39.18276169
1900-03-25 06:00:00+01:00;-2;39.5595877
1900-03-25 07:00:00+01:00;-1;40.90537276
1900-03-25 08:00:00+01:00;-0.7;47.89384927
1900-03-25 09:00:00+01:00;0.1;45.26656313
1900-03-25 10:00:00+01:00;0;48.69930628
1900-03-25 11:00:00+01:00;0.6;47.72440713
1900-03-25 12:00:00+01:00;1.4;47.92915145
1900-03-25 13:00:00+01:00;2.2;46.63121152
1900-03-25 14:00:00+01:00;3;44.5181441
1900-03-25 15:00:00+01:00;2.6;44.43437192
1900-03-25 16:00:00+01:00;2.4;40.11956326
1900-03-25 17:00:00+01:00;2.6;40.32338643
1900-03-25 18:00:00+01:00;1.9;40.48992563
1900-03-25 19:00:00+01:00;1.6;39.64040537
1900-03-25 20:00:00+01:00;1.6;39.71990519
1900-03-25 21:00:00+01:00;1.5;38.13025612
1900-03-25 22:00:00+01:00;1.3;36.96261378
1900-03-25 23:00:00+01:00;1.2;36.59747829
1900-03-26 00:00:00+01:00;1.3;35.80329444
1900-03-26 01:00:00+01:00;1.4;35.16979946
1900-03-26 02:00:00+01:00;1.4;35.02660831
1900-03-26 03:00:00+01:00;1.6;34.90885689
1900-03-26 04:00:00+01:00;2.5;34.15146051
1900-03-26 05:00:00+01:00;2.8;35.13032507
1900-03-26 06:00:00+01:00;3;36.87255796
1900-03-26 07:00:00+01:00;2.9;39.59068105
1900-03-26 08:00:00+01:00;2.5;49.15040242
1900-03-26 09:00:00+01:00;1.5;48.33831386
1900-03-26 10:00:00+01:00;1.7;51.54692997
1900-03-26 11:00:00+01:00;2.1;50.37897712
1900-03-26 12:00:00+01:00;2.3;50.54828119
1900-03-26 13:00:00+01:00;2.6;49.56080314
1900-03-26 14:00:00+01:00;2.4;48.34739685
1900-03-26 15:00:00+01:00;3;46.4364184
1900-03-26 16:00:00+01:00;3.3;40.39537204
1900-03-26 17:00:00+01:00;3;40.18070906
1900-03-26 18:00:00+01:00;2.9;38.94085221
1900-03-26 19:00:00+01:00;2;37.75219588
1900-03-26 20:00:00+01:00;2;37.61182951
1900-03-26 21:00:00+01:00;2;35.93004885
1900-03-26 22:00:00+01:00;2;34.73441132
1900-03-26 23:00:00+01:00;1.8;34.26743812
1900-03-27 00:00:00+01:00;1.8;33.87589971
1900-03-27 01:00:00+01:00;1.6;33.63002473
1900-03-27 02:00:00+01:00;0.9;34.03334262
1900-03-27 03:00:00+01:00;0.4;34.61277616
1900-03-27 04:00:00+01:00;0.5;34.60803483
1900-03-27 05:00:00+01:00;0.3;36.6384363
1900-03-27 06:00:00+01:00;0.9;38.03199737
1900-03-27 07:00:00+01:00;1.4;40.57416497
1900-03-27 08:00:00+01:00;2.5;49.07752123
1900-03-27 09:00:00+01:00;3.4;47.11787663
1900-03-27 10:00:00+01:00;5;48.97946985
1900-03-27 11:00:00+01:00;4.8;48.01561694
1900-03-27 12:00:00+01:00;5.5;47.27668405
1900-03-27 13:00:00+01:00;6;46.01923421
1900-03-27 14:00:00+01:00;5.8;44.41900545
1900-03-27 15:00:00+01:00;6.1;42.7948528
1900-03-27 16:00:00+01:00;4.5;39.02178217
1900-03-27 17:00:00+01:00;4.3;38.55248098
1900-03-27 18:00:00+01:00;3.8;37.69505271
1900-03-27 19:00:00+01:00;3.1;36.29884313
1900-03-27 20:00:00+01:00;2.8;36.37908123
1900-03-27 21:00:00+01:00;1.7;35.58673011
1900-03-27 22:00:00+01:00;1.6;34.49588502
1900-03-27 23:00:00+01:00;1.1;34.12902826
1900-03-28 00:00:00+01:00;1.2;33.84567475
1900-03-28 01:00:00+01:00;1.3;33.38645042
1900-03-28 02:00:00+01:00;1.3;33.29585438
1900-03-28 03:00:00+01:00;1.2;33.5732054
1900-03-28 04:00:00+01:00;1.1;33.63168875
1900-03-28 05:00:00+01:00;0.4;35.98646933
1900-03-28 06:00:00+01:00;0.6;37.53875552
1900-03-28 07:00:00+01:00;2.7;38.81079363
1900-03-28 08:00:00+01:00;2.9;47.55524388
1900-03-28 09:00:00+01:00;3.7;45.76916998
1900-03-28 10:00:00+01:00;4.4;48.5051743
1900-03-28 11:00:00+01:00;5;47.09146807
1900-03-28 12:00:00+01:00;5.1;47.11890672
1900-03-28 13:00:00+01:00;5.5;46.12070199
1900-03-28 14:00:00+01:00;5.7;44.31801613
1900-03-28 15:00:00+01:00;5.6;43.20751942
1900-03-28 16:00:00+01:00;6.4;37.43332574
1900-03-28 17:00:00+01:00;4;38.73841148
1900-03-28 18:00:00+01:00;3.9;37.53047779
1900-03-28 19:00:00+01:00;4;35.48283219
1900-03-28 20:00:00+01:00;2.7;36.39122001
1900-03-28 21:00:00+01:00;2.2;35.11010086
1900-03-28 22:00:00+01:00;2.4;33.76571429
1900-03-28 23:00:00+01:00;2;33.39029788
1900-03-29 00:00:00+01:00;2.9;32.430843
1900-03-29 01:00:00+01:00;1.9;32.72680642
1900-03-29 02:00:00+01:00;1.7;32.76761594
1900-03-29 03:00:00+01:00;1.3;33.2574777
1900-03-29 04:00:00+01:00;0.8;33.59909365
1900-03-29 05:00:00+01:00;-0.7;36.69296761
1900-03-29 06:00:00+01:00;-0.3;38.0074087
1900-03-29 07:00:00+01:00;0.6;40.32532395
1900-03-29 08:00:00+01:00;1.8;48.0743682
1900-03-29 09:00:00+01:00;2.5;46.53254218
1900-03-29 10:00:00+01:00;3.2;49.45517979
1900-03-29 11:00:00+01:00;3.6;48.34898636
1900-03-29 12:00:00+01:00;3.5;48.7871629
1900-03-29 13:00:00+01:00;4.5;47.22639842
1900-03-29 14:00:00+01:00;4.2;46.05558774
1900-03-29 15:00:00+01:00;3.6;45.48763668
1900-03-29 16:00:00+01:00;3.6;39.89979615
1900-03-29 17:00:00+01:00;3.8;39.2211279
1900-03-29 18:00:00+01:00;2.1;39.46855788
1900-03-29 19:00:00+01:00;0.7;38.72524167
1900-03-29 20:00:00+01:00;-1.2;40.06899133
1900-03-29 21:00:00+01:00;-3;40.06768008
1900-03-29 22:00:00+01:00;-3.5;39.34202554
1900-03-29 23:00:00+01:00;-3.3;38.04638647
1900-03-30 00:00:00+01:00;-3.5;38.35609956
1900-03-30 01:00:00+01:00;-4;38.28752568
1900-03-30 02:00:00+01:00;-5.6;39.28638576
1900-03-30 03:00:00+01:00;-5.1;39.4508282
1900-03-30 04:00:00+01:00;-3.1;38.26628837
1900-03-30 05:00:00+01:00;-4.1;41.29433125
1900-03-30 06:00:00+01:00;-4.3;43.06683994
1900-03-30 07:00:00+01:00;-3.8;46.00111149
1900-03-30 08:00:00+01:00;-3.4;54.75993637
1900-03-30 09:00:00+01:00;-3.5;54.19756337
1900-03-30 10:00:00+01:00;-1.4;56.73828918
1900-03-30 11:00:00+01:00;0.5;54.60492183
1900-03-30 12:00:00+01:00;3.2;52.27589545
1900-03-30 13:00:00+01:00;5.3;49.37208758
1900-03-30 14:00:00+01:00;6.4;45.93432459
1900-03-30 15:00:00+01:00;7;43.88241099
1900-03-30 16:00:00+01:00;9.1;37.74275273
1900-03-30 17:00:00+01:00;9.4;35.69951426
1900-03-30 18:00:00+01:00;4.4;39.14153433
1900-03-30 19:00:00+01:00;3.3;38.37750799
1900-03-30 20:00:00+01:00;1;40.16388116
1900-03-30 21:00:00+01:00;0;39.13516415
1900-03-30 22:00:00+01:00;-1.5;38.98522868
1900-03-30 23:00:00+01:00;-0.1;37.11207641
1900-03-31 00:00:00+01:00;-3;38.65285829
1900-03-31 01:00:00+01:00;-0.1;36.10023213
1900-03-31 02:00:00+01:00;-2.5;37.4297123
1900-03-31 03:00:00+01:00;-3.4;38.16827041
1900-03-31 04:00:00+01:00;-3;37.86340644
1900-03-31 05:00:00+01:00;-6.5;42.85566975
1900-03-31 06:00:00+01:00;-4.1;42.45443612
1900-03-31 07:00:00+01:00;0.2;42.28334373
1900-03-31 08:00:00+01:00;2.8;49.97041303
1900-03-31 09:00:00+01:00;4.1;47.41678153
1900-03-31 10:00:00+01:00;4.7;49.73981875
1900-03-31 11:00:00+01:00;6.2;47.28004186
1900-03-31 12:00:00+01:00;6.8;46.37072111
1900-03-31 13:00:00+01:00;7.7;44.73928651
1900-03-31 14:00:00+01:00;8.2;42.19396247
1900-03-31 15:00:00+01:00;8.8;40.28402535
1900-03-31 16:00:00+01:00;8.4;36.47506326
1900-03-31 17:00:00+01:00;9.9;33.773209
1900-03-31 18:00:00+01:00;6.6;35.64245317
1900-03-31 19:00:00+01:00;5.6;34.67442689
1900-03-31 20:00:00+01:00;3.1;36.56182308
1900-03-31 21:00:00+01:00;2.1;35.58833858
1900-03-31 22:00:00+01:00;2.2;34.22471428
1900-03-31 23:00:00+01:00;2.8;33.18069015
1900-04-01 00:00:00+01:00;3.5;32.1030187
1900-04-01 01:00:00+01:00;4.3;31.13610833
1900-04-01 02:00:00+01:00;5.3;30.30213949
1900-04-01 03:00:00+01:00;6.3;29.57975903
1900-04-01 04:00:00+01:00;6.1;29.48239447
1900-04-01 05:00:00+01:00;6;30.41221209
1900-04-01 06:00:00+01:00;5.6;32.42711413
1900-04-01 07:00:00+01:00;6.8;33.91819807
1900-04-01 08:00:00+01:00;6.2;42.77652243
1900-04-01 09:00:00+01:00;6.1;41.30051849
1900-04-01 10:00:00+01:00;5.8;44.60901299
1900-04-01 11:00:00+01:00;6.8;42.91804095
1900-04-01 12:00:00+01:00;5.4;44.51507114
1900-04-01 13:00:00+01:00;5.7;43.8352074
1900-04-01 14:00:00+01:00;5.7;42.72783787
1900-04-01 15:00:00+01:00;3.8;43.68929842
1900-04-01 16:00:00+01:00;6.5;35.85050721
1900-04-01 17:00:00+01:00;8.2;33.56995233
1900-04-01 18:00:00+01:00;6.5;33.86971198
1900-04-01 19:00:00+01:00;4.9;33.17361847
1900-04-01 20:00:00+01:00;3.7;33.87237415
1900-04-01 21:00:00+01:00;2.8;32.94553718
1900-04-01 22:00:00+01:00;3.4;31.30278035
1900-04-01 23:00:00+01:00;1.9;31.60411643
1900-04-02 00:00:00+01:00;1.3;32.08018899
1900-04-02 01:00:00+01:00;1;31.94662612
1900-04-02 02:00:00+01:00;-2.5;34.15037579
1900-04-02 03:00:00+01:00;-2.4;34.69726451
1900-04-02 04:00:00+01:00;-4;36.03320005
1900-04-02 05:00:00+01:00;-2.5;37.84016474
1900-04-02 06:00:00+01:00;-1;38.36674691
1900-04-02 07:00:00+01:00;2.6;38.76498201
1900-04-02 08:00:00+01:00;5;46.40561655
1900-04-02 09:00:00+01:00;5.7;44.49840101
1900-04-02 10:00:00+01:00;7.6;45.98579686
1900-04-02 11:00:00+01:00;9.9;42.8661122
1900-04-02 12:00:00+01:00;9.8;42.26346049
1900-04-02 13:00:00+01:00;12.1;39.27132943
1900-04-02 14:00:00+01:00;9.9;39.32411056
1900-04-02 15:00:00+01:00;9.1;38.86192204
1900-04-02 16:00:00+01:00;13;31.51669768
1900-04-02 17:00:00+01:00;11;31.41060862
1900-04-02 18:00:00+01:00;8.2;32.80233138
1900-04-02 19:00:00+01:00;4.3;34.13624331
1900-04-02 20:00:00+01:00;2.9;35.04535202
1900-04-02 21:00:00+01:00;3;33.35116118
1900-04-02 22:00:00+01:00;2.7;32.45459123
1900-04-02 23:00:00+01:00;2.4;31.94851243
1900-04-03 00:00:00+01:00;2.1;31.24689776
1900-04-03 01:00:00+01:00;1;31.99612966
1900-04-03 02:00:00+01:00;0.8;32.01385667
1900-04-03 03:00:00+01:00;1.3;32.82222357
1900-04-03 04:00:00+01:00;0.8;33.92261955
1900-04-03 05:00:00+01:00;0.6;36.46561467
1900-04-03 06:00:00+01:00;0;44.91284804
1900-04-03 07:00:00+01:00;1.1;43.5084681
1900-04-03 08:00:00+01:00;2.5;50.2613721
1900-04-03 09:00:00+01:00;3.5;54.31905505
1900-04-03 10:00:00+01:00;5.6;54.31241601
1900-04-03 11:00:00+01:00;6;54.32429535
1900-04-03 12:00:00+01:00;7;52.52656116
1900-04-03 13:00:00+01:00;6.6;52.35300773
1900-04-03 14:00:00+01:00;7;51.26434048
1900-04-03 15:00:00+01:00;6.1;50.48417541
1900-04-03 16:00:00+01:00;4.9;45.64194514
1900-04-03 17:00:00+01:00;5.4;42.75670219
1900-04-03 18:00:00+01:00;3.7;41.41702538
1900-04-03 19:00:00+01:00;2.1;40.24821158
1900-04-03 20:00:00+01:00;1.2;39.03219287
1900-04-03 21:00:00+01:00;1.1;37.8568792
1900-04-03 22:00:00+01:00;0.2;37.60106378
1900-04-03 23:00:00+01:00;-1;35.92755296
1900-04-04 00:00:00+01:00;-1;34.75241725
1900-04-04 01:00:00+01:00;-2;35.46585478
1900-04-04 02:00:00+01:00;-3;36.25645355
1900-04-04 03:00:00+01:00;-4.8;39.15592249
1900-04-04 04:00:00+01:00;-5.1;40.46597587
1900-04-04 05:00:00+01:00;-7.6;44.98738921
1900-04-04 06:00:00+01:00;-5.6;52.39354233
1900-04-04 07:00:00+01:00;-1.4;49.42515342
1900-04-04 08:00:00+01:00;-0.7;57.23605447
1900-04-04 09:00:00+01:00;1.1;60.91263754
1900-04-04 10:00:00+01:00;-0.7;64.58845791
1900-04-04 11:00:00+01:00;-1.5;65.80730767
1900-04-04 12:00:00+01:00;-1;65.15203352
1900-04-04 13:00:00+01:00;0.4;62.93259464
1900-04-04 14:00:00+01:00;0.1;62.4756113
1900-04-04 15:00:00+01:00;0.5;60.16989907
1900-04-04 16:00:00+01:00;1.9;51.97096695
1900-04-04 17:00:00+01:00;2;49.38479799
1900-04-04 18:00:00+01:00;2.2;46.46277508
1900-04-04 19:00:00+01:00;2.2;43.62488936
1900-04-04 20:00:00+01:00;2.2;41.76981974
1900-04-04 21:00:00+01:00;2.2;40.71054353
1900-04-04 22:00:00+01:00;2;39.71553873
1900-04-04 23:00:00+01:00;1.9;36.8723965
1900-04-05 00:00:00+01:00;1.5;35.62308369
1900-04-05 01:00:00+01:00;0.9;36.2037896
1900-04-05 02:00:00+01:00;0.6;35.94330715
1900-04-05 03:00:00+01:00;0;37.85782162
1900-04-05 04:00:00+01:00;-0.3;38.5531059
1900-04-05 05:00:00+01:00;0;41.33017347
1900-04-05 06:00:00+01:00;0.4;49.54423332
1900-04-05 07:00:00+01:00;1;48.49514869
1900-04-05 08:00:00+01:00;2.8;54.91866334
1900-04-05 09:00:00+01:00;3.1;59.29958119
1900-04-05 10:00:00+01:00;6;58.13261138
1900-04-05 11:00:00+01:00;8.7;54.9914837
1900-04-05 12:00:00+01:00;11.1;50.80396509
1900-04-05 13:00:00+01:00;11.9;48.67997418
1900-04-05 14:00:00+01:00;13.1;45.93587378
1900-04-05 15:00:00+01:00;12.2;44.97109308
1900-04-05 16:00:00+01:00;11.8;39.93932701
1900-04-05 17:00:00+01:00;11;36.85464837
1900-04-05 18:00:00+01:00;9;36.15204388
1900-04-05 19:00:00+01:00;6.4;35.51006826
1900-04-05 20:00:00+01:00;4.8;34.67467903
1900-04-05 21:00:00+01:00;4.2;33.77013824
1900-04-05 22:00:00+01:00;1.6;34.74481551
1900-04-05 23:00:00+01:00;0.7;32.96957703
1900-04-06 00:00:00+01:00;-1.7;33.52588754
1900-04-06 01:00:00+01:00;-2.9;34.23338653
1900-04-06 02:00:00+01:00;-2.6;34.32313712
1900-04-06 03:00:00+01:00;-3.9;36.63034135
1900-04-06 04:00:00+01:00;-3.4;37.40228385
1900-04-06 05:00:00+01:00;-3.5;39.95529095
1900-04-06 06:00:00+01:00;-2;47.29823009
1900-04-06 07:00:00+01:00;0;45.41222861
1900-04-06 08:00:00+01:00;1.5;52.21756479
1900-04-06 09:00:00+01:00;2;56.7313777
1900-04-06 10:00:00+01:00;3.7;57.1372967
1900-04-06 11:00:00+01:00;5.5;55.81299407
1900-04-06 12:00:00+01:00;7.4;53.14035217
1900-04-06 13:00:00+01:00;6.9;53.00891481
1900-04-06 14:00:00+01:00;9.4;49.71524577
1900-04-06 15:00:00+01:00;11.2;46.40462675
1900-04-06 16:00:00+01:00;9.5;42.64236957
1900-04-06 17:00:00+01:00;7.6;41.20047003
1900-04-06 18:00:00+01:00;7.2;39.22822118
1900-04-06 19:00:00+01:00;4.7;38.59481826
1900-04-06 20:00:00+01:00;3;38.0468942
1900-04-06 21:00:00+01:00;2;37.64834677
1900-04-06 22:00:00+01:00;1.8;36.80387889
1900-04-06 23:00:00+01:00;-0.1;35.5323438
1900-04-07 00:00:00+01:00;-0.6;35.29863397
1900-04-07 01:00:00+01:00;0.5;33.9282865
1900-04-07 02:00:00+01:00;-2;35.39284263
1900-04-07 03:00:00+01:00;-2.1;35.53926614
1900-04-07 04:00:00+01:00;-2.4;35.72733043
1900-04-07 05:00:00+01:00;-1.2;36.91425114
1900-04-07 06:00:00+01:00;-0.6;37.40143744
1900-04-07 07:00:00+01:00;2;37.31186611
1900-04-07 08:00:00+01:00;3.5;43.31098408
1900-04-07 09:00:00+01:00;6.7;38.57923552
1900-04-07 10:00:00+01:00;8.5;39.54097277
1900-04-07 11:00:00+01:00;10.3;36.74843579
1900-04-07 12:00:00+01:00;9.4;37.39441938
1900-04-07 13:00:00+01:00;11.5;34.81417245
1900-04-07 14:00:00+01:00;10.4;34.19378084
1900-04-07 15:00:00+01:00;12;32.03999254
1900-04-07 16:00:00+01:00;11.1;30.40384585
1900-04-07 17:00:00+01:00;9.2;31.37171983
1900-04-07 18:00:00+01:00;7.8;32.19225404
1900-04-07 19:00:00+01:00;6.9;31.59289147
1900-04-07 20:00:00+01:00;5.7;32.45487508
1900-04-07 21:00:00+01:00;4.4;31.88149895
1900-04-07 22:00:00+01:00;4.4;30.70837931
1900-04-07 23:00:00+01:00;3.6;30.80893599
1900-04-08 00:00:00+01:00;3.1;30.9654079
1900-04-08 01:00:00+01:00;2.9;30.59421634
1900-04-08 02:00:00+01:00;2.5;30.6492595
1900-04-08 03:00:00+01:00;2.3;30.78024296
1900-04-08 04:00:00+01:00;1.8;31.07122416
1900-04-08 05:00:00+01:00;1.5;33.07272535
1900-04-08 06:00:00+01:00;2;33.60739188
1900-04-08 07:00:00+01:00;4;33.79850108
1900-04-08 08:00:00+01:00;4.3;39.64450991
1900-04-08 09:00:00+01:00;6.2;36.04382435
1900-04-08 10:00:00+01:00;7;38.29655762
1900-04-08 11:00:00+01:00;7.5;37.09266313
1900-04-08 12:00:00+01:00;8.6;36.59712544
1900-04-08 13:00:00+01:00;9;35.9717517
1900-04-08 14:00:00+01:00;11;32.61819098
1900-04-08 15:00:00+01:00;10.4;32.875825
1900-04-08 16:00:00+01:00;10.2;30.19158596
1900-04-08 17:00:00+01:00;9;30.80917182
1900-04-08 18:00:00+01:00;6.7;32.38340617
1900-04-08 19:00:00+01:00;4.6;32.7091565
1900-04-08 20:00:00+01:00;3.4;33.51772377
1900-04-08 21:00:00+01:00;2.5;32.86527025
1900-04-08 22:00:00+01:00;1.9;32.26495748
1900-04-08 23:00:00+01:00;1.5;31.90291539
1900-04-09 00:00:00+01:00;1.2;31.46835069
1900-04-09 01:00:00+01:00;0.5;31.97319309
1900-04-09 02:00:00+01:00;1;31.72458899
1900-04-09 03:00:00+01:00;0.1;33.6673666
1900-04-09 04:00:00+01:00;-1.2;35.61177349
1900-04-09 05:00:00+01:00;-2.1;38.77757434
1900-04-09 06:00:00+01:00;-0.3;45.9322854
1900-04-09 07:00:00+01:00;2;43.842317
1900-04-09 08:00:00+01:00;3.6;50.30276431
1900-04-09 09:00:00+01:00;3.5;55.19717055
1900-04-09 10:00:00+01:00;4.9;55.80148111
1900-04-09 11:00:00+01:00;7.2;53.84226429
1900-04-09 12:00:00+01:00;7.6;52.45567812
1900-04-09 13:00:00+01:00;9;50.23814347
1900-04-09 14:00:00+01:00;9.3;49.13346388
1900-04-09 15:00:00+01:00;6.9;49.9562609
1900-04-09 16:00:00+01:00;5.1;45.6128305
1900-04-09 17:00:00+01:00;3.1;45.00016561
1900-04-09 18:00:00+01:00;2.4;42.52968157
1900-04-09 19:00:00+01:00;1.7;40.70739512
1900-04-09 20:00:00+01:00;1;39.36353512
1900-04-09 21:00:00+01:00;0.2;38.71205502
1900-04-09 22:00:00+01:00;-1;38.65939145
1900-04-09 23:00:00+01:00;-0.7;35.88113562
1900-04-10 00:00:00+01:00;-2.3;35.79693225
1900-04-10 01:00:00+01:00;-3.1;36.34447522
1900-04-10 02:00:00+01:00;-3.3;36.65078787
1900-04-10 03:00:00+01:00;-2.5;37.69414617
1900-04-10 04:00:00+01:00;-4.1;39.75131999
1900-04-10 05:00:00+01:00;-3.6;42.18484349
1900-04-10 06:00:00+01:00;-0.8;48.94955489
1900-04-10 07:00:00+01:00;0.3;47.74551596
1900-04-10 08:00:00+01:00;1.8;54.67035934
1900-04-10 09:00:00+01:00;2.8;58.69806092
1900-04-10 10:00:00+01:00;3.9;59.50802625
1900-04-10 11:00:00+01:00;4.4;59.14802794
1900-04-10 12:00:00+01:00;5.8;56.89676884
1900-04-10 13:00:00+01:00;5.1;56.81667219
1900-04-10 14:00:00+01:00;5.8;55.22900667
1900-04-10 15:00:00+01:00;5.4;53.8638976
1900-04-10 16:00:00+01:00;4.6;48.22886016
1900-04-10 17:00:00+01:00;3.9;46.03851327
1900-04-10 18:00:00+01:00;2.2;44.57325888
1900-04-10 19:00:00+01:00;0;43.70373186
1900-04-10 20:00:00+01:00;-0.6;42.30510097
1900-04-10 21:00:00+01:00;-1;41.36999949
1900-04-10 22:00:00+01:00;-1.5;40.66099423
1900-04-10 23:00:00+01:00;-1.9;38.18613013
1900-04-11 00:00:00+01:00;-0.8;36.02532158
1900-04-11 01:00:00+01:00;0;35.51621662
1900-04-11 02:00:00+01:00;-0.6;35.63091473
1900-04-11 03:00:00+01:00;-0.7;37.19992095
1900-04-11 04:00:00+01:00;-1.5;38.41744627
1900-04-11 05:00:00+01:00;-1.7;41.44519039
1900-04-11 06:00:00+01:00;-1.2;49.70840367
1900-04-11 07:00:00+01:00;0;48.41123382
1900-04-11 08:00:00+01:00;1.2;55.55832505
1900-04-11 09:00:00+01:00;1.7;60.08137717
1900-04-11 10:00:00+01:00;2.4;61.30561505
1900-04-11 11:00:00+01:00;3.2;60.63420956
1900-04-11 12:00:00+01:00;4;59.07141485
1900-04-11 13:00:00+01:00;5;57.09938503
1900-04-11 14:00:00+01:00;4.1;57.06927985
1900-04-11 15:00:00+01:00;4;55.31194806
1900-04-11 16:00:00+01:00;2.4;50.10970621
1900-04-11 17:00:00+01:00;2.1;47.92263984
1900-04-11 18:00:00+01:00;1.5;45.37836279
1900-04-11 19:00:00+01:00;1.8;42.42802452
1900-04-11 20:00:00+01:00;1.8;40.45345608
1900-04-11 21:00:00+01:00;1.2;39.64853683
1900-04-11 22:00:00+01:00;0.6;38.95840201
1900-04-11 23:00:00+01:00;0.6;36.15664292
1900-04-12 00:00:00+01:00;0.2;35.04602743
1900-04-12 01:00:00+01:00;-0.3;35.49969571
1900-04-12 02:00:00+01:00;-0.3;35.3188802
1900-04-12 03:00:00+01:00;-0.7;37.14042177
1900-04-12 04:00:00+01:00;0;37.34546244
1900-04-12 05:00:00+01:00;-0.5;40.69194833
1900-04-12 06:00:00+01:00;0.1;48.85163604
1900-04-12 07:00:00+01:00;1.6;47.23845453
1900-04-12 08:00:00+01:00;2.8;54.08890846
1900-04-12 09:00:00+01:00;3.7;57.97072204
1900-04-12 10:00:00+01:00;4.6;58.76658357
1900-04-12 11:00:00+01:00;6.7;56.60817203
1900-04-12 12:00:00+01:00;8;54.04623915
1900-04-12 13:00:00+01:00;9;51.989485
1900-04-12 14:00:00+01:00;9.4;50.37706529
1900-04-12 15:00:00+01:00;9.6;48.36819399
1900-04-12 16:00:00+01:00;9.2;42.95403919
1900-04-12 17:00:00+01:00;8;40.59649032
1900-04-12 18:00:00+01:00;7;38.83164484
1900-04-12 19:00:00+01:00;5.1;37.6187572
1900-04-12 20:00:00+01:00;2.6;37.57109401
1900-04-12 21:00:00+01:00;3;35.93359072
1900-04-12 22:00:00+01:00;1.8;35.80364668
1900-04-12 23:00:00+01:00;2;33.10857385
1900-04-13 00:00:00+01:00;1.7;32.02805043
1900-04-13 01:00:00+01:00;0.7;32.69349051
1900-04-13 02:00:00+01:00;-0.3;33.3246931
1900-04-13 03:00:00+01:00;0.7;33.94128547
1900-04-13 04:00:00+01:00;0.4;35.00879578
1900-04-13 05:00:00+01:00;-1.5;38.92490582
1900-04-13 06:00:00+01:00;2;44.9528484
1900-04-13 07:00:00+01:00;3;43.48245384
1900-04-13 08:00:00+01:00;5.6;48.92874148
1900-04-13 09:00:00+01:00;6.4;52.60797593
1900-04-13 10:00:00+01:00;7.7;52.93700113
1900-04-13 11:00:00+01:00;8.9;51.77904696
1900-04-13 12:00:00+01:00;10;49.4405727
1900-04-13 13:00:00+01:00;10;48.63533244
1900-04-13 14:00:00+01:00;11.5;46.190284
1900-04-13 15:00:00+01:00;10.2;45.92140739
1900-04-13 16:00:00+01:00;9.6;41.0581117
1900-04-13 17:00:00+01:00;10;37.46215112
1900-04-13 18:00:00+01:00;8.6;36.2866776
1900-04-13 19:00:00+01:00;7.5;34.56101058
1900-04-13 20:00:00+01:00;6.5;33.2272889
1900-04-13 21:00:00+01:00;4.4;33.50021969
1900-04-13 22:00:00+01:00;4.5;32.46831338
1900-04-13 23:00:00+01:00;3.9;30.47571787
1900-04-14 00:00:00+01:00;2.9;30.78541123
1900-04-14 01:00:00+01:00;2.6;30.4804676
1900-04-14 02:00:00+01:00;3;30.05680415
1900-04-14 03:00:00+01:00;3.2;30.00169857
1900-04-14 04:00:00+01:00;1.7;31.01017694
1900-04-14 05:00:00+01:00;2;32.55903009
1900-04-14 06:00:00+01:00;2.8;32.96657
1900-04-14 07:00:00+01:00;4.8;33.11789134
1900-04-14 08:00:00+01:00;4.8;39.34140527
1900-04-14 09:00:00+01:00;5.1;36.67944618
1900-04-14 10:00:00+01:00;5.4;39.48499658
1900-04-14 11:00:00+01:00;8.4;36.29301406
1900-04-14 12:00:00+01:00;10.8;34.39509407
1900-04-14 13:00:00+01:00;12.7;32.19001252
1900-04-14 14:00:00+01:00;12.5;30.81353373
1900-04-14 15:00:00+01:00;14;28.76501294
1900-04-14 16:00:00+01:00;11.8;28.5008133
1900-04-14 17:00:00+01:00;9.9;29.55692381
1900-04-14 18:00:00+01:00;8.5;30.33410499
1900-04-14 19:00:00+01:00;7.7;29.55127331
1900-04-14 20:00:00+01:00;6.6;30.326714
1900-04-14 21:00:00+01:00;3.8;31.05833401
1900-04-14 22:00:00+01:00;2.7;30.8472081
1900-04-14 23:00:00+01:00;1.6;30.94056098
1900-04-15 00:00:00+01:00;0.9;31.74363756
1900-04-15 01:00:00+01:00;0.2;31.74041957
1900-04-15 02:00:00+01:00;-1;32.41296109
1900-04-15 03:00:00+01:00;-1.2;32.87834857
1900-04-15 04:00:00+01:00;-2;33.58735363
1900-04-15 05:00:00+01:00;0;34.50314195
1900-04-15 06:00:00+01:00;1;34.72103224
1900-04-15 07:00:00+01:00;1.4;36.3281431
1900-04-15 08:00:00+01:00;2.7;41.53566295
1900-04-15 09:00:00+01:00;5.9;37.20126149
1900-04-15 10:00:00+01:00;8.3;38.06126102
1900-04-15 11:00:00+01:00;10.3;35.32890844
1900-04-15 12:00:00+01:00;15;25.14269792
1900-04-15 13:00:00+01:00;14.9;25.10196095
1900-04-15 14:00:00+01:00;15.8;24.61899465
1900-04-15 15:00:00+01:00;13.4;29.71143717
1900-04-15 16:00:00+01:00;13.4;27.66765061
1900-04-15 17:00:00+01:00;12.8;27.14786932
1900-04-15 18:00:00+01:00;10;29.27514367
1900-04-15 19:00:00+01:00;7.9;29.67405284
1900-04-15 20:00:00+01:00;5.8;31.2738925
1900-04-15 21:00:00+01:00;4.7;30.6372892
1900-04-15 22:00:00+01:00;3.4;30.51922417
1900-04-15 23:00:00+01:00;3;30.1911186
1900-04-16 00:00:00+01:00;1.4;30.5232808
1900-04-16 01:00:00+01:00;2.7;29.56759582
1900-04-16 02:00:00+01:00;2.8;29.39973299
1900-04-16 03:00:00+01:00;2.7;30.46307567
1900-04-16 04:00:00+01:00;2.5;31.42733227
1900-04-16 05:00:00+01:00;2.5;33.71649578
1900-04-16 06:00:00+01:00;2.5;41.61903084
1900-04-16 07:00:00+01:00;2.4;40.7031036
1900-04-16 08:00:00+01:00;3.3;47.42772764
1900-04-16 09:00:00+01:00;5.4;50.41427615
1900-04-16 10:00:00+01:00;6.7;51.04361324
1900-04-16 11:00:00+01:00;8;50.28531404
1900-04-16 12:00:00+01:00;5.8;51.92834996
1900-04-16 13:00:00+01:00;5.7;51.6663604
1900-04-16 14:00:00+01:00;6.5;50.5565387
1900-04-16 15:00:00+01:00;6.1;49.41514486
1900-04-16 16:00:00+01:00;6.8;43.05911772
1900-04-16 17:00:00+01:00;7.3;40.02185768
1900-04-16 18:00:00+01:00;7.5;37.35087437
1900-04-16 19:00:00+01:00;7.6;34.78881608
1900-04-16 20:00:00+01:00;7.4;32.93502705
1900-04-16 21:00:00+01:00;6.2;32.62670068
1900-04-16 22:00:00+01:00;5;32.57052005
1900-04-16 23:00:00+01:00;4;30.85840098
1900-04-17 00:00:00+01:00;5.7;28.3752254
1900-04-17 01:00:00+01:00;3.9;29.69230742
1900-04-17 02:00:00+01:00;4.5;29.12665008
1900-04-17 03:00:00+01:00;3.7;30.84844143
1900-04-17 04:00:00+01:00;4;31.45642963
1900-04-17 05:00:00+01:00;4.6;33.71409054
1900-04-17 06:00:00+01:00;5.5;41.24210586
1900-04-17 07:00:00+01:00;7.3;38.93416847
1900-04-17 08:00:00+01:00;8.3;44.88379786
1900-04-17 09:00:00+01:00;10.7;46.84168138
1900-04-17 10:00:00+01:00;11.6;47.29087879
1900-04-17 11:00:00+01:00;12.5;46.29433073
1900-04-17 12:00:00+01:00;14.3;38.34217702
1900-04-17 13:00:00+01:00;14;38.06722095
1900-04-17 14:00:00+01:00;13.7;37.45465347
1900-04-17 15:00:00+01:00;13.5;35.81924832
1900-04-17 16:00:00+01:00;12.4;35.97969044
1900-04-17 17:00:00+01:00;11.7;33.23094291
1900-04-17 18:00:00+01:00;9.1;32.83718966
1900-04-17 19:00:00+01:00;8.4;31.13983947
1900-04-17 20:00:00+01:00;9.2;28.38886038
1900-04-17 21:00:00+01:00;8.1;27.85057374
1900-04-17 22:00:00+01:00;7.2;27.69722242
1900-04-17 23:00:00+01:00;6.8;25.82363182
1900-04-18 00:00:00+01:00;6.4;25.05297369
1900-04-18 01:00:00+01:00;5;25.96505734
1900-04-18 02:00:00+01:00;5.9;25.4051346
1900-04-18 03:00:00+01:00;4.8;27.02585241
1900-04-18 04:00:00+01:00;5.3;27.69249894
1900-04-18 05:00:00+01:00;4.7;30.28356821
1900-04-18 06:00:00+01:00;5.4;37.61540751
1900-04-18 07:00:00+01:00;7.2;35.36761145
1900-04-18 08:00:00+01:00;7.9;41.63140771
1900-04-18 09:00:00+01:00;8.2;45.79679363
1900-04-18 10:00:00+01:00;8.9;46.92251626
1900-04-18 11:00:00+01:00;10.1;46.33351735
1900-04-18 12:00:00+01:00;10.6;44.92136909
1900-04-18 13:00:00+01:00;12.6;42.37533281
1900-04-18 14:00:00+01:00;9.7;44.90932173
1900-04-18 15:00:00+01:00;11;42.11513252
1900-04-18 16:00:00+01:00;10.5;37.48688102
1900-04-18 17:00:00+01:00;9.5;35.49016782
1900-04-18 18:00:00+01:00;6.3;35.37496571
1900-04-18 19:00:00+01:00;6;33.51748408
1900-04-18 20:00:00+01:00;5;32.35719526
1900-04-18 21:00:00+01:00;4.6;31.37025048
1900-04-18 22:00:00+01:00;4.6;30.66692956
1900-04-18 23:00:00+01:00;4.2;28.82530242
1900-04-19 00:00:00+01:00;3.6;28.23859216
1900-04-19 01:00:00+01:00;3.7;28.2305386
1900-04-19 02:00:00+01:00;3.5;28.47117858
1900-04-19 03:00:00+01:00;3.4;29.6684964
1900-04-19 04:00:00+01:00;3.4;30.70489012
1900-04-19 05:00:00+01:00;4;32.78573623
1900-04-19 06:00:00+01:00;4.1;40.7950138
1900-04-19 07:00:00+01:00;4.1;39.97174972
1900-04-19 08:00:00+01:00;3.3;48.04145166
1900-04-19 09:00:00+01:00;5.5;51.0473361
1900-04-19 10:00:00+01:00;6.7;51.78158891
1900-04-19 11:00:00+01:00;8;50.95034357
1900-04-19 12:00:00+01:00;5.8;52.38079321
1900-04-19 13:00:00+01:00;8.6;48.98117041
1900-04-19 14:00:00+01:00;8.8;48.09475234
1900-04-19 15:00:00+01:00;8.8;46.51048243
1900-04-19 16:00:00+01:00;8.2;41.51350384
1900-04-19 17:00:00+01:00;8.8;38.08063742
1900-04-19 18:00:00+01:00;7.9;36.25073937
1900-04-19 19:00:00+01:00;6.6;34.81970739
1900-04-19 20:00:00+01:00;5;34.0560556
1900-04-19 21:00:00+01:00;3;34.27514063
1900-04-19 22:00:00+01:00;2.9;33.52755174
1900-04-19 23:00:00+01:00;2.6;31.41515383
1900-04-20 00:00:00+01:00;3;29.99705271
1900-04-20 01:00:00+01:00;3;30.09107624
1900-04-20 02:00:00+01:00;2.8;30.19424245
1900-04-20 03:00:00+01:00;2.4;31.71559704
1900-04-20 04:00:00+01:00;2.4;32.65054827
1900-04-20 05:00:00+01:00;2.5;35.26676724
1900-04-20 06:00:00+01:00;2.9;43.25881392
1900-04-20 07:00:00+01:00;3.2;42.25852686
1900-04-20 08:00:00+01:00;3.5;49.46389036
1900-04-20 09:00:00+01:00;3.3;54.43352786
1900-04-20 10:00:00+01:00;3.2;56.44382969
1900-04-20 11:00:00+01:00;4;56.21404217
1900-04-20 12:00:00+01:00;4.5;55.01717308
1900-04-20 13:00:00+01:00;7.4;51.33589257
1900-04-20 14:00:00+01:00;8;49.96574036
1900-04-20 15:00:00+01:00;9.5;46.78797003
1900-04-20 16:00:00+01:00;6.7;43.58596988
1900-04-20 17:00:00+01:00;6.2;41.34274956
1900-04-20 18:00:00+01:00;6.6;38.33643983
1900-04-20 19:00:00+01:00;4.7;37.39103771
1900-04-20 20:00:00+01:00;3.6;36.31515775
1900-04-20 21:00:00+01:00;4.5;34.34093117
1900-04-20 22:00:00+01:00;3.7;33.98709209
1900-04-20 23:00:00+01:00;4;31.30888556
1900-04-21 00:00:00+01:00;4.8;30.25150309
1900-04-21 01:00:00+01:00;2.1;31.69011763
1900-04-21 02:00:00+01:00;2;31.73541357
1900-04-21 03:00:00+01:00;2.3;31.68023283
1900-04-21 04:00:00+01:00;2.6;31.57189139
1900-04-21 05:00:00+01:00;2.8;32.95396379
1900-04-21 06:00:00+01:00;3;34.00011001
1900-04-21 07:00:00+01:00;3.4;35.39723932
1900-04-21 08:00:00+01:00;4.3;41.54427952
1900-04-21 09:00:00+01:00;4.8;38.56552905
1900-04-21 10:00:00+01:00;7;39.62934728
1900-04-21 11:00:00+01:00;7.3;38.26987537
1900-04-21 12:00:00+01:00;8.5;37.40584973
1900-04-21 13:00:00+01:00;10.4;35.13083416
1900-04-21 14:00:00+01:00;10.2;33.80296852
1900-04-21 15:00:00+01:00;8.9;34.74799064
1900-04-21 16:00:00+01:00;9.3;31.12641321
1900-04-21 17:00:00+01:00;8;31.90543438
1900-04-21 18:00:00+01:00;6.3;32.89944635
1900-04-21 19:00:00+01:00;5.5;32.07942035
1900-04-21 20:00:00+01:00;5;32.30408547
1900-04-21 21:00:00+01:00;4.9;30.90638575
1900-04-21 22:00:00+01:00;5;29.71160714
1900-04-21 23:00:00+01:00;4.2;29.96370846
1900-04-22 00:00:00+01:00;4;30.06555599
1900-04-22 01:00:00+01:00;4.5;29.2710087
1900-04-22 02:00:00+01:00;5;28.87709091
1900-04-22 03:00:00+01:00;4.2;29.43664588
1900-04-22 04:00:00+01:00;5;28.99070216
1900-04-22 05:00:00+01:00;4.5;30.67258473
1900-04-22 06:00:00+01:00;5.5;31.12149822
1900-04-22 07:00:00+01:00;8;30.66605199
1900-04-22 08:00:00+01:00;9.2;36.81304461
1900-04-22 09:00:00+01:00;11.4;32.22430816
1900-04-22 10:00:00+01:00;13.2;32.76301416
1900-04-22 11:00:00+01:00;15.6;24.87723618
1900-04-22 12:00:00+01:00;16.5;25.14269792
1900-04-22 13:00:00+01:00;16.6;25.10196095
1900-04-22 14:00:00+01:00;17.6;24.61899465
1900-04-22 15:00:00+01:00;18.1;24.23924971
1900-04-22 16:00:00+01:00;17.8;23.12506948
1900-04-22 17:00:00+01:00;19;22.38447859
1900-04-22 18:00:00+01:00;17;21.69590666
1900-04-22 19:00:00+01:00;16.2;20.86797494
1900-04-22 20:00:00+01:00;12.1;22.83197047
1900-04-22 21:00:00+01:00;10;22.82017953
1900-04-22 22:00:00+01:00;7.4;23.7663452
1900-04-22 23:00:00+01:00;5.6;24.45226792
1900-04-23 00:00:00+01:00;4.2;24.84566514
1900-04-23 01:00:00+01:00;3;25.48015878
1900-04-23 02:00:00+01:00;2.4;26.29060491
1900-04-23 03:00:00+01:00;1.2;27.9828033
1900-04-23 04:00:00+01:00;1.6;29.07389277
1900-04-23 05:00:00+01:00;0.9;31.35862641
1900-04-23 06:00:00+01:00;2.3;38.12408518
1900-04-23 07:00:00+01:00;6.9;34.17413294
1900-04-23 08:00:00+01:00;7.5;40.53932612
1900-04-23 09:00:00+01:00;10.8;42.13775047
1900-04-23 10:00:00+01:00;13.8;38.32030677
1900-04-23 11:00:00+01:00;15.3;38.93829801
1900-04-23 12:00:00+01:00;15.1;38.34217702
1900-04-23 13:00:00+01:00;13.2;40.31824693
1900-04-23 14:00:00+01:00;14.2;37.45465347
1900-04-23 15:00:00+01:00;13;38.91422757
1900-04-23 16:00:00+01:00;10.5;36.44770644
1900-04-23 17:00:00+01:00;9.8;34.51075592
1900-04-23 18:00:00+01:00;9.4;32.41563777
1900-04-23 19:00:00+01:00;8.7;31.01053407
1900-04-23 20:00:00+01:00;9.2;28.66550152
1900-04-23 21:00:00+01:00;7.7;28.5958152
1900-04-23 22:00:00+01:00;7;28.37680221
1900-04-23 23:00:00+01:00;6.4;26.66135615
1900-04-24 00:00:00+01:00;6;25.82445496
1900-04-24 01:00:00+01:00;5.6;26.07397064
1900-04-24 02:00:00+01:00;5.4;26.13305186
1900-04-24 03:00:00+01:00;4.7;27.44335954
1900-04-24 04:00:00+01:00;4.9;28.23300662
1900-04-24 05:00:00+01:00;5.2;30.11722208
1900-04-24 06:00:00+01:00;6;37.25290004
1900-04-24 07:00:00+01:00;6.2;36.02644087
1900-04-24 08:00:00+01:00;7;42.33490287
1900-04-24 09:00:00+01:00;7.4;46.54739002
1900-04-24 10:00:00+01:00;9.6;46.45600568
1900-04-24 11:00:00+01:00;8.3;48.35359174
1900-04-24 12:00:00+01:00;11.3;44.54197656
1900-04-24 13:00:00+01:00;9.7;45.68484363
1900-04-24 14:00:00+01:00;11.3;43.59897474
1900-04-24 15:00:00+01:00;11.5;41.92537899
1900-04-24 16:00:00+01:00;10.9;37.37395834
1900-04-24 17:00:00+01:00;11.6;33.60427973
1900-04-24 18:00:00+01:00;8.7;33.54886126
1900-04-24 19:00:00+01:00;8;31.87446431
1900-04-24 20:00:00+01:00;6.8;30.82570768
1900-04-24 21:00:00+01:00;5.9;30.21107222
1900-04-24 22:00:00+01:00;5.3;29.92715711
1900-04-24 23:00:00+01:00;4.3;28.51178209
1900-04-25 00:00:00+01:00;5.4;26.71248959
1900-04-25 01:00:00+01:00;5.3;26.87479262
1900-04-25 02:00:00+01:00;5.3;26.86169764
1900-04-25 03:00:00+01:00;3.9;28.86544303
1900-04-25 04:00:00+01:00;2.5;30.92064005
1900-04-25 05:00:00+01:00;3.2;32.83916924
1900-04-25 06:00:00+01:00;3.9;40.43879831
1900-04-25 07:00:00+01:00;6;38.1379239
1900-04-25 08:00:00+01:00;7.1;44.3177584
1900-04-25 09:00:00+01:00;8.4;47.5361202
1900-04-25 10:00:00+01:00;10.6;47.13390424
1900-04-25 11:00:00+01:00;10.9;46.92529436
1900-04-25 12:00:00+01:00;12.2;44.39125337
1900-04-25 13:00:00+01:00;14;38.06722095
1900-04-25 14:00:00+01:00;12.4;42.70368832
1900-04-25 15:00:00+01:00;13.6;35.81924832
1900-04-25 16:00:00+01:00;10.4;37.8934077
1900-04-25 17:00:00+01:00;5.5;39.59755224
1900-04-25 18:00:00+01:00;3.4;38.13497467
1900-04-25 19:00:00+01:00;3.6;35.98694246
1900-04-25 20:00:00+01:00;3.4;34.17800983
1900-04-25 21:00:00+01:00;3;33.13400525
1900-04-25 22:00:00+01:00;2.7;32.59421096
1900-04-25 23:00:00+01:00;2.6;30.42545286
1900-04-26 00:00:00+01:00;2.2;29.68955421
1900-04-26 01:00:00+01:00;1.4;30.28805762
1900-04-26 02:00:00+01:00;1.4;30.50031686
1900-04-26 03:00:00+01:00;1.3;31.81423749
1900-04-26 04:00:00+01:00;0.8;33.19830951
1900-04-26 05:00:00+01:00;0.8;35.68006424
1900-04-26 06:00:00+01:00;0.8;43.86328496
1900-04-26 07:00:00+01:00;2.6;42.05776055
1900-04-26 08:00:00+01:00;3.2;49.27941981
1900-04-26 09:00:00+01:00;5;52.65800899
1900-04-26 10:00:00+01:00;5;54.61857102
1900-04-26 11:00:00+01:00;7;53.18784059
1900-04-26 12:00:00+01:00;8.4;50.95591531
1900-04-26 13:00:00+01:00;7.7;51.13639903
1900-04-26 14:00:00+01:00;7.6;50.61680069
1900-04-26 15:00:00+01:00;6.9;49.81747448
1900-04-26 16:00:00+01:00;8.4;42.77879963
1900-04-26 17:00:00+01:00;8.1;39.8929104
1900-04-26 18:00:00+01:00;6.5;38.59261613
1900-04-26 19:00:00+01:00;5.2;37.04404234
1900-04-26 20:00:00+01:00;3.3;36.54617003
1900-04-26 21:00:00+01:00;2.2;36.08894525
1900-04-26 22:00:00+01:00;1.7;35.54551179
1900-04-26 23:00:00+01:00;1.3;33.37159284
1900-04-27 00:00:00+01:00;1;32.39085398
1900-04-27 01:00:00+01:00;-0.1;33.15754384
1900-04-27 02:00:00+01:00;-0.5;33.48734573
1900-04-27 03:00:00+01:00;-1.4;35.53403419
1900-04-27 04:00:00+01:00;-1.7;36.73888385
1900-04-27 05:00:00+01:00;-0.3;38.48171805
1900-04-27 06:00:00+01:00;0.7;46.1841236
1900-04-27 07:00:00+01:00;1.6;44.94482281
1900-04-27 08:00:00+01:00;4;50.82531
1900-04-27 09:00:00+01:00;4.1;55.41964878
1900-04-27 10:00:00+01:00;5.2;56.14521076
1900-04-27 11:00:00+01:00;3.8;57.70004464
1900-04-27 12:00:00+01:00;2.4;58.59093303
1900-04-27 13:00:00+01:00;0.4;59.98936789
1900-04-27 14:00:00+01:00;0.4;59.48039574
1900-04-27 15:00:00+01:00;0.1;57.88881342
1900-04-27 16:00:00+01:00;1.1;50.16221788
1900-04-27 17:00:00+01:00;0.3;48.91085937
1900-04-27 18:00:00+01:00;1;45.16196302
1900-04-27 19:00:00+01:00;0.6;43.05066191
1900-04-27 20:00:00+01:00;0.7;41.1479938
1900-04-27 21:00:00+01:00;0;40.51870254
1900-04-27 22:00:00+01:00;0.3;39.30233814
1900-04-27 23:00:00+01:00;-0.3;37.02963874
1900-04-28 00:00:00+01:00;-2;37.6039783
1900-04-28 01:00:00+01:00;-2.4;37.35303383
1900-04-28 02:00:00+01:00;-3;37.72862717
1900-04-28 03:00:00+01:00;-3.5;38.20700893
1900-04-28 04:00:00+01:00;-4.3;38.75508514
1900-04-28 05:00:00+01:00;-2.8;39.83823513
1900-04-28 06:00:00+01:00;-1.5;40.02203133
1900-04-28 07:00:00+01:00;-0.1;41.01178221
1900-04-28 08:00:00+01:00;0.9;48.34947046
1900-04-28 09:00:00+01:00;2.3;45.0199775
1900-04-28 10:00:00+01:00;3.4;47.07287784
1900-04-28 11:00:00+01:00;4.7;44.99320458
1900-04-28 12:00:00+01:00;6.4;43.3944712
1900-04-28 13:00:00+01:00;6.6;42.32800536
1900-04-28 14:00:00+01:00;9.5;37.19820623
1900-04-28 15:00:00+01:00;8.1;37.90531452
1900-04-28 16:00:00+01:00;7.1;35.36664472
1900-04-28 17:00:00+01:00;7.1;34.88308463
1900-04-28 18:00:00+01:00;6.6;34.81378739
1900-04-28 19:00:00+01:00;5.7;34.31431567
1900-04-28 20:00:00+01:00;5.2;34.70050995
1900-04-28 21:00:00+01:00;4;33.93097728
1900-04-28 22:00:00+01:00;4;32.71002859
1900-04-28 23:00:00+01:00;3.5;32.76914386
1900-04-29 00:00:00+01:00;3.1;32.54628642
1900-04-29 01:00:00+01:00;3.1;31.97860824
1900-04-29 02:00:00+01:00;3.1;31.83333147
1900-04-29 03:00:00+01:00;3;31.78032417
1900-04-29 04:00:00+01:00;2.6;31.88527399
1900-04-29 05:00:00+01:00;3.2;32.75765429
1900-04-29 06:00:00+01:00;3.3;33.78670107
1900-04-29 07:00:00+01:00;4.4;34.51706415
1900-04-29 08:00:00+01:00;4.4;41.14548989
1900-04-29 09:00:00+01:00;4.8;38.19209812
1900-04-29 10:00:00+01:00;4;41.61667849
1900-04-29 11:00:00+01:00;3.8;41.05582366
1900-04-29 12:00:00+01:00;4.5;41.36636986
1900-04-29 13:00:00+01:00;4.3;41.24112461
1900-04-29 14:00:00+01:00;4.4;40.3464935
1900-04-29 15:00:00+01:00;4.6;39.73546615
1900-04-29 16:00:00+01:00;5;35.075178
1900-04-29 17:00:00+01:00;5.3;35.08465789
1900-04-29 18:00:00+01:00;5.7;34.18434766
1900-04-29 19:00:00+01:00;5.2;33.24874773
1900-04-29 20:00:00+01:00;5.1;33.30140268
1900-04-29 21:00:00+01:00;3.8;32.81096546
1900-04-29 22:00:00+01:00;2.7;32.58041326
1900-04-29 23:00:00+01:00;1.7;32.80486618
1900-04-30 00:00:00+01:00;1.3;32.32563314
1900-04-30 01:00:00+01:00;1.1;32.57527109
1900-04-30 02:00:00+01:00;1.5;32.28814528
1900-04-30 03:00:00+01:00;1.4;33.76269769
1900-04-30 04:00:00+01:00;0.4;35.36607876
1900-04-30 05:00:00+01:00;0.2;38.36246878
1900-04-30 06:00:00+01:00;1.6;45.93461835
1900-04-30 07:00:00+01:00;3.6;43.9821864
1900-04-30 08:00:00+01:00;4.8;50.56439665
1900-04-30 09:00:00+01:00;7.7;52.53956376
1900-04-30 10:00:00+01:00;9.6;52.1572295
1900-04-30 11:00:00+01:00;12.3;49.14122144
1900-04-30 12:00:00+01:00;12.6;47.06429544
1900-04-30 13:00:00+01:00;14.4;38.06722095
1900-04-30 14:00:00+01:00;14.6;37.45465347
1900-04-30 15:00:00+01:00;14.8;35.81924832
1900-04-30 16:00:00+01:00;16;32.73918384
1900-04-30 17:00:00+01:00;12.9;33.58356752
1900-04-30 18:00:00+01:00;12;32.16281435
1900-04-30 19:00:00+01:00;8.9;32.00682616
1900-04-30 20:00:00+01:00;7.8;30.74726961
1900-04-30 21:00:00+01:00;7.2;29.81645466
1900-04-30 22:00:00+01:00;6.1;29.70388211
1900-04-30 23:00:00+01:00;5;28.16685681
1900-05-01 00:00:00+01:00;4.7;27.18167853
1900-05-01 01:00:00+01:00;2;28.88298979
1900-05-01 02:00:00+01:00;1.2;29.57408002
1900-05-01 03:00:00+01:00;1.2;30.6252668
1900-05-01 04:00:00+01:00;-1;33.2855185
1900-05-01 05:00:00+01:00;2.1;33.27028137
1900-05-01 06:00:00+01:00;3;40.52780031
1900-05-01 07:00:00+01:00;4.1;38.82726953
1900-05-01 08:00:00+01:00;6.3;44.30863318
1900-05-01 09:00:00+01:00;6.6;48.55174022
1900-05-01 10:00:00+01:00;8.1;48.96262993
1900-05-01 11:00:00+01:00;7.4;50.18500647
1900-05-01 12:00:00+01:00;9;47.81518367
1900-05-01 13:00:00+01:00;9.2;47.15921834
1900-05-01 14:00:00+01:00;9.8;46.09715183
1900-05-01 15:00:00+01:00;9.8;44.66809146
1900-05-01 16:00:00+01:00;10.4;39.05655399
1900-05-01 17:00:00+01:00;7.5;38.77491478
1900-05-01 18:00:00+01:00;6;37.38431464
1900-05-01 19:00:00+01:00;5.7;35.3878506
1900-05-01 20:00:00+01:00;5.3;33.7718431
1900-05-01 21:00:00+01:00;4.6;33.10097247
1900-05-01 22:00:00+01:00;5;32.0095042
1900-05-01 23:00:00+01:00;4.2;30.26548796
1900-05-02 00:00:00+01:00;3.5;29.61540293
1900-05-02 01:00:00+01:00;3.3;29.79031636
1900-05-02 02:00:00+01:00;2.3;30.36821886
1900-05-02 03:00:00+01:00;1.8;31.88617204
1900-05-02 04:00:00+01:00;0.2;33.90513416
1900-05-02 05:00:00+01:00;0.6;36.116313
1900-05-02 06:00:00+01:00;2;43.39685858
1900-05-02 07:00:00+01:00;2.9;42.03668867
1900-05-02 08:00:00+01:00;3.9;48.86209364
1900-05-02 09:00:00+01:00;5;52.67264425
1900-05-02 10:00:00+01:00;4.8;54.69811363
1900-05-02 11:00:00+01:00;4.8;55.09700158
1900-05-02 12:00:00+01:00;5.4;53.84739546
1900-05-02 13:00:00+01:00;5.5;53.09529477
1900-05-02 14:00:00+01:00;6.5;51.46003389
1900-05-02 15:00:00+01:00;6.3;49.99116454
1900-05-02 16:00:00+01:00;6.7;43.77921989
1900-05-02 17:00:00+01:00;6.4;41.28272
1900-05-02 18:00:00+01:00;5.7;39.11834485
1900-05-02 19:00:00+01:00;6.1;36.31267464
1900-05-02 20:00:00+01:00;6;34.41031264
1900-05-02 21:00:00+01:00;5.8;33.35292321
1900-05-02 22:00:00+01:00;5.4;32.75784495
1900-05-02 23:00:00+01:00;5.2;30.47820421
1900-05-03 00:00:00+01:00;5.2;29.20820714
1900-05-03 01:00:00+01:00;5.2;29.38569012
1900-05-03 02:00:00+01:00;5;29.22173067
1900-05-03 03:00:00+01:00;5;30.36978045
1900-05-03 04:00:00+01:00;4.7;31.23809927
1900-05-03 05:00:00+01:00;5.1;33.63408865
1900-05-03 06:00:00+01:00;5.7;41.35756648
1900-05-03 07:00:00+01:00;6;40.08587589
1900-05-03 08:00:00+01:00;6.5;46.68848136
1900-05-03 09:00:00+01:00;6.8;50.75451664
1900-05-03 10:00:00+01:00;7.4;51.72506482
1900-05-03 11:00:00+01:00;7.8;51.42338715
1900-05-03 12:00:00+01:00;8.9;49.1638898
1900-05-03 13:00:00+01:00;10;47.15966504
1900-05-03 14:00:00+01:00;10.2;46.10791102
1900-05-03 15:00:00+01:00;10;44.57268493
1900-05-03 16:00:00+01:00;9.6;39.46835691
1900-05-03 17:00:00+01:00;8.1;37.79701108
1900-05-03 18:00:00+01:00;7.8;35.23592374
1900-05-03 19:00:00+01:00;7;33.51379686
1900-05-03 20:00:00+01:00;6.2;32.0892822
1900-05-03 21:00:00+01:00;6.2;30.77045379
1900-05-03 22:00:00+01:00;5.9;30.17677186
1900-05-03 23:00:00+01:00;6.5;27.5252387
1900-05-04 00:00:00+01:00;6.8;26.16741526
1900-05-04 01:00:00+01:00;7;26.17750827
1900-05-04 02:00:00+01:00;6.8;26.12768821
1900-05-04 03:00:00+01:00;7;26.97556949
1900-05-04 04:00:00+01:00;6.9;27.87229577
1900-05-04 05:00:00+01:00;7.3;30.13444054
1900-05-04 06:00:00+01:00;7.4;38.02099859
1900-05-04 07:00:00+01:00;7.9;36.52365143
1900-05-04 08:00:00+01:00;10;41.5577793
1900-05-04 09:00:00+01:00;11.5;44.14947405
1900-05-04 10:00:00+01:00;12.2;44.77079676
1900-05-04 11:00:00+01:00;12.2;44.75997197
1900-05-04 12:00:00+01:00;13.1;42.42652873
1900-05-04 13:00:00+01:00;13.5;38.06722095
1900-05-04 14:00:00+01:00;13.8;37.45465347
1900-05-04 15:00:00+01:00;12.9;39.64460999
1900-05-04 16:00:00+01:00;11.7;35.780778
1900-05-04 17:00:00+01:00;11.5;32.77762427
1900-05-04 18:00:00+01:00;11.2;30.45582133
1900-05-04 19:00:00+01:00;10.2;28.92559136
1900-05-04 20:00:00+01:00;9.7;27.10298287
1900-05-04 21:00:00+01:00;8.5;26.58041
1900-05-04 22:00:00+01:00;8.5;25.81559777
1900-05-04 23:00:00+01:00;7.6;24.44509345
1900-05-05 00:00:00+01:00;7.2;24.69823246
1900-05-05 01:00:00+01:00;6.1;25.12254916
1900-05-05 02:00:00+01:00;5.8;25.23441743
1900-05-05 03:00:00+01:00;6.4;25.08919869
1900-05-05 04:00:00+01:00;7.4;24.6766915
1900-05-05 05:00:00+01:00;8.2;25.4356291
1900-05-05 06:00:00+01:00;9;26.07072389
1900-05-05 07:00:00+01:00;9;27.36224575
1900-05-05 08:00:00+01:00;10.5;32.16810013
1900-05-05 09:00:00+01:00;11.8;28.51637363
1900-05-05 10:00:00+01:00;13.2;29.7872888
1900-05-05 11:00:00+01:00;12.4;29.2848789
1900-05-05 12:00:00+01:00;14.4;25.14269792
1900-05-05 13:00:00+01:00;14.6;25.47512069
1900-05-05 14:00:00+01:00;14.5;26.51460057
1900-05-05 15:00:00+01:00;13.7;26.92434502
1900-05-05 16:00:00+01:00;13.5;24.74836733
1900-05-05 17:00:00+01:00;14.2;23.35361233
1900-05-05 18:00:00+01:00;13;23.94474224
1900-05-05 19:00:00+01:00;11.5;23.5527941
1900-05-05 20:00:00+01:00;10;24.54793971
1900-05-05 21:00:00+01:00;8.6;24.20363731
1900-05-05 22:00:00+01:00;8.5;23.29665976
1900-05-05 23:00:00+01:00;7;24.08634217
1900-05-06 00:00:00+01:00;6.2;24.969495
1900-05-06 01:00:00+01:00;5.4;25.14254565
1900-05-06 02:00:00+01:00;2.5;26.85987663
1900-05-06 03:00:00+01:00;3.4;26.65759764
1900-05-06 04:00:00+01:00;4;26.61054004
1900-05-06 05:00:00+01:00;4.8;28.05781622
1900-05-06 06:00:00+01:00;6.4;27.95710311
1900-05-06 07:00:00+01:00;7.3;28.80412949
1900-05-06 08:00:00+01:00;8;33.81966819
1900-05-06 09:00:00+01:00;9;30.72261875
1900-05-06 10:00:00+01:00;8.3;34.1215683
1900-05-06 11:00:00+01:00;10.6;31.51683548
1900-05-06 12:00:00+01:00;11.9;30.87000734
1900-05-06 13:00:00+01:00;12.9;29.84454431
1900-05-06 14:00:00+01:00;12.2;29.51421969
1900-05-06 15:00:00+01:00;14.5;24.39706336
1900-05-06 16:00:00+01:00;14.2;25.04211488
1900-05-06 17:00:00+01:00;13;25.28101279
1900-05-06 18:00:00+01:00;12.5;25.32889538
1900-05-06 19:00:00+01:00;11.8;24.44150273
1900-05-06 20:00:00+01:00;10.4;25.49555825
1900-05-06 21:00:00+01:00;9.4;24.749789
1900-05-06 22:00:00+01:00;8.2;24.70283977
1900-05-06 23:00:00+01:00;5.8;26.15321169
1900-05-07 00:00:00+01:00;5.5;25.64516359
1900-05-07 01:00:00+01:00;3.8;26.78529068
1900-05-07 02:00:00+01:00;3.4;27.16448737
1900-05-07 03:00:00+01:00;2.8;28.52658952
1900-05-07 04:00:00+01:00;2.6;29.81435302
1900-05-07 05:00:00+01:00;3.1;31.63850088
1900-05-07 06:00:00+01:00;5.5;37.98299826
1900-05-07 07:00:00+01:00;7.6;35.54505491
1900-05-07 08:00:00+01:00;10.2;40.24546374
1900-05-07 09:00:00+01:00;11.6;43.01166774
1900-05-07 10:00:00+01:00;12.1;43.86518747
1900-05-07 11:00:00+01:00;13;43.19370613
1900-05-07 12:00:00+01:00;14;38.34217702
1900-05-07 13:00:00+01:00;14.9;38.06722095
1900-05-07 14:00:00+01:00;15.6;37.45465347
1900-05-07 15:00:00+01:00;15.7;35.81924832
1900-05-07 16:00:00+01:00;14;32.73918384
1900-05-07 17:00:00+01:00;13.5;30.69402027
1900-05-07 18:00:00+01:00;12.1;29.62488695
1900-05-07 19:00:00+01:00;11;28.29626764
1900-05-07 20:00:00+01:00;10.3;26.76509217
1900-05-07 21:00:00+01:00;8.8;26.60726174
1900-05-07 22:00:00+01:00;8.4;26.21075107
1900-05-07 23:00:00+01:00;8.2;24.29424182
1900-05-08 00:00:00+01:00;7.8;23.50207385
1900-05-08 01:00:00+01:00;7.6;23.61022715
1900-05-08 02:00:00+01:00;7.5;23.57213037
1900-05-08 03:00:00+01:00;7.1;24.52109049
1900-05-08 04:00:00+01:00;6.5;25.88259033
1900-05-08 05:00:00+01:00;7.7;27.04446612
1900-05-08 06:00:00+01:00;8.5;34.07500185
1900-05-08 07:00:00+01:00;9.8;31.87300296
1900-05-08 08:00:00+01:00;10.8;37.47704762
1900-05-08 09:00:00+01:00;11.7;40.74206813
1900-05-08 10:00:00+01:00;13.4;38.32030677
1900-05-08 11:00:00+01:00;14.4;38.93829801
1900-05-08 12:00:00+01:00;14.7;38.34217702
1900-05-08 13:00:00+01:00;15.1;38.06722095
1900-05-08 14:00:00+01:00;15.2;37.45465347
1900-05-08 15:00:00+01:00;15;35.81924832
1900-05-08 16:00:00+01:00;15.3;32.73918384
1900-05-08 17:00:00+01:00;15;29.35871614
1900-05-08 18:00:00+01:00;14;26.84676502
1900-05-08 19:00:00+01:00;12.7;25.61617833
1900-05-08 20:00:00+01:00;11.4;24.46745451
1900-05-08 21:00:00+01:00;11;23.35667766
1900-05-08 22:00:00+01:00;9.5;23.79071127
1900-05-08 23:00:00+01:00;8.2;22.85405628
1900-05-09 00:00:00+01:00;7.7;22.28694964
1900-05-09 01:00:00+01:00;7.2;22.63175865
1900-05-09 02:00:00+01:00;6.6;23.20726428
1900-05-09 03:00:00+01:00;6.3;24.1686985
1900-05-09 04:00:00+01:00;6.6;25.10760208
1900-05-09 05:00:00+01:00;7.9;26.239292
1900-05-09 06:00:00+01:00;9.9;32.52917859
1900-05-09 07:00:00+01:00;10.9;30.49710473
1900-05-09 08:00:00+01:00;13.6;32.62698961
1900-05-09 09:00:00+01:00;16.4;36.45208808
1900-05-09 10:00:00+01:00;17.8;38.32030677
1900-05-09 11:00:00+01:00;20;38.93829801
1900-05-09 12:00:00+01:00;21.3;38.34217702
1900-05-09 13:00:00+01:00;21.3;38.06722095
1900-05-09 14:00:00+01:00;22.5;37.45465347
1900-05-09 15:00:00+01:00;20.7;35.81924832
1900-05-09 16:00:00+01:00;17.6;32.73918384
1900-05-09 17:00:00+01:00;17;29.35871614
1900-05-09 18:00:00+01:00;16.4;26.50988965
1900-05-09 19:00:00+01:00;15.4;24.09522897
1900-05-09 20:00:00+01:00;12.6;21.49342363
1900-05-09 21:00:00+01:00;11.9;20.55776792
1900-05-09 22:00:00+01:00;10.7;20.85740957
1900-05-09 23:00:00+01:00;9.4;20.06786233
1900-05-10 00:00:00+01:00;7.9;20.27802584
1900-05-10 01:00:00+01:00;7.5;20.41696797
1900-05-10 02:00:00+01:00;7.3;20.82580213
1900-05-10 03:00:00+01:00;8.4;20.53547795
1900-05-10 04:00:00+01:00;8.9;21.36631765
1900-05-10 05:00:00+01:00;9.2;22.80515254
1900-05-10 06:00:00+01:00;9.3;30.01154445
1900-05-10 07:00:00+01:00;9.4;28.54707116
1900-05-10 08:00:00+01:00;11.5;33.32827937
1900-05-10 09:00:00+01:00;11.8;37.28213417
1900-05-10 10:00:00+01:00;14.1;38.32030677
1900-05-10 11:00:00+01:00;16.7;38.93829801
1900-05-10 12:00:00+01:00;17.7;38.34217702
1900-05-10 13:00:00+01:00;19.7;38.06722095
1900-05-10 14:00:00+01:00;20.8;37.45465347
1900-05-10 15:00:00+01:00;20.4;35.81924832
1900-05-10 16:00:00+01:00;18.4;32.73918384
1900-05-10 17:00:00+01:00;17.3;29.35871614
1900-05-10 18:00:00+01:00;17.1;26.50988965
1900-05-10 19:00:00+01:00;16;24.09522897
1900-05-10 20:00:00+01:00;14.8;22.48007203
1900-05-10 21:00:00+01:00;15;21.16359825
1900-05-10 22:00:00+01:00;14;20.06766251
1900-05-10 23:00:00+01:00;13.5;19.20446222
1900-05-11 00:00:00+01:00;12.8;18.32041211
1900-05-11 01:00:00+01:00;11.6;18.99343366
1900-05-11 02:00:00+01:00;10.7;18.22214168
1900-05-11 03:00:00+01:00;9.7;19.32882702
1900-05-11 04:00:00+01:00;10.2;20.18132047
1900-05-11 05:00:00+01:00;12;22.80788234
1900-05-11 06:00:00+01:00;10.5;28.76489396
1900-05-11 07:00:00+01:00;10.5;27.18518698
1900-05-11 08:00:00+01:00;10.4;33.39490258
1900-05-11 09:00:00+01:00;10.5;37.4676284
1900-05-11 10:00:00+01:00;11;38.77026596
1900-05-11 11:00:00+01:00;11.8;39.09980554
1900-05-11 12:00:00+01:00;13;37.11121089
1900-05-11 13:00:00+01:00;14.6;38.06722095
1900-05-11 14:00:00+01:00;16.1;37.45465347
1900-05-11 15:00:00+01:00;15.2;35.81924832
1900-05-11 16:00:00+01:00;17.4;32.73918384
1900-05-11 17:00:00+01:00;16.6;29.35871614
1900-05-11 18:00:00+01:00;15.8;26.50988965
1900-05-11 19:00:00+01:00;14.4;24.09522897
1900-05-11 20:00:00+01:00;12.5;22.08824319
1900-05-11 21:00:00+01:00;11.5;21.5692743
1900-05-11 22:00:00+01:00;10.2;22.09499734
1900-05-11 23:00:00+01:00;9.6;20.92537313
1900-05-12 00:00:00+01:00;7.6;22.66718498
1900-05-12 01:00:00+01:00;7.1;22.79598166
1900-05-12 02:00:00+01:00;6.7;23.01189272
1900-05-12 03:00:00+01:00;6.9;23.22535211
1900-05-12 04:00:00+01:00;5;24.83070177
1900-05-12 05:00:00+01:00;9;23.79733855
1900-05-12 06:00:00+01:00;10.1;24.2219475
1900-05-12 07:00:00+01:00;9.7;25.79461264
1900-05-12 08:00:00+01:00;10.8;30.3012243
1900-05-12 09:00:00+01:00;12.4;26.47474149
1900-05-12 10:00:00+01:00;13.2;28.18626474
1900-05-12 11:00:00+01:00;13.8;25.22345909
1900-05-12 12:00:00+01:00;12.4;28.28868668
1900-05-12 13:00:00+01:00;10.8;29.95379572
1900-05-12 14:00:00+01:00;9.8;30.65843838
1900-05-12 15:00:00+01:00;9.1;31.28526184
1900-05-12 16:00:00+01:00;9.3;27.68244636
1900-05-12 17:00:00+01:00;9.2;27.98057656
1900-05-12 18:00:00+01:00;9.9;26.85835481
1900-05-12 19:00:00+01:00;9.9;25.28055563
1900-05-12 20:00:00+01:00;9.4;25.58374032
1900-05-12 21:00:00+01:00;8.9;24.61363225
1900-05-12 22:00:00+01:00;8.8;23.75676465
1900-05-12 23:00:00+01:00;8.7;23.84111788
1900-05-13 00:00:00+01:00;9.4;23.33437986
1900-05-13 01:00:00+01:00;9.6;22.90208223
1900-05-13 02:00:00+01:00;9.3;23.0456772
1900-05-13 03:00:00+01:00;8.8;23.46307526
1900-05-13 04:00:00+01:00;8.5;23.77515311
1900-05-13 05:00:00+01:00;8;25.45528594
1900-05-13 06:00:00+01:00;8;26.71617174
1900-05-13 07:00:00+01:00;8.1;28.06763506
1900-05-13 08:00:00+01:00;8.4;33.39060864
1900-05-13 09:00:00+01:00;8.5;30.85131851
1900-05-13 10:00:00+01:00;9.1;33.34712883
1900-05-13 11:00:00+01:00;9.3;32.49219157
1900-05-13 12:00:00+01:00;10.3;32.30935195
1900-05-13 13:00:00+01:00;9.9;32.59346244
1900-05-13 14:00:00+01:00;11.3;30.29239552
1900-05-13 15:00:00+01:00;12;29.18742519
1900-05-13 16:00:00+01:00;11.3;26.96766936
1900-05-13 17:00:00+01:00;10.5;27.28306338
1900-05-13 18:00:00+01:00;9.6;27.51761795
1900-05-13 19:00:00+01:00;9.5;25.94533951
1900-05-13 20:00:00+01:00;8.7;26.40588034
1900-05-13 21:00:00+01:00;8.8;24.89501644
1900-05-13 22:00:00+01:00;8.6;24.07317921
1900-05-13 23:00:00+01:00;8.6;24.0577455
1900-05-14 00:00:00+01:00;8.3;23.38799944
1900-05-14 01:00:00+01:00;8;23.78859628
1900-05-14 02:00:00+01:00;7.8;23.94065175
1900-05-14 03:00:00+01:00;7.7;24.93500743
1900-05-14 04:00:00+01:00;7.5;26.10011823
1900-05-14 05:00:00+01:00;8.2;28.01236924
1900-05-14 06:00:00+01:00;8.6;35.57949059
1900-05-14 07:00:00+01:00;8.9;34.14576606
1900-05-14 08:00:00+01:00;10.7;39.26000271
1900-05-14 09:00:00+01:00;12.6;41.48801191
1900-05-14 10:00:00+01:00;12;43.32133095
1900-05-14 11:00:00+01:00;12;43.53741046
1900-05-14 12:00:00+01:00;13.2;41.0270813
1900-05-14 13:00:00+01:00;13.3;40.2706679
1900-05-14 14:00:00+01:00;13;40.03350908
1900-05-14 15:00:00+01:00;13.3;38.24222897
1900-05-14 16:00:00+01:00;14.8;32.73918384
1900-05-14 17:00:00+01:00;13.6;29.97184713
1900-05-14 18:00:00+01:00;13.4;27.70902335
1900-05-14 19:00:00+01:00;13.4;25.4239545
1900-05-14 20:00:00+01:00;11;25.10531224
1900-05-14 21:00:00+01:00;9;25.23044187
1900-05-14 22:00:00+01:00;7.6;25.62202944
1900-05-14 23:00:00+01:00;7;24.17958811
1900-05-15 00:00:00+01:00;5.6;24.28124802
1900-05-15 01:00:00+01:00;4.4;25.09398042
1900-05-15 02:00:00+01:00;2.7;26.61481102
1900-05-15 03:00:00+01:00;3;27.40807918
1900-05-15 04:00:00+01:00;4.3;27.76729348
1900-05-15 05:00:00+01:00;7.6;27.7237472
1900-05-15 06:00:00+01:00;9.5;34.26442212
1900-05-15 07:00:00+01:00;11.3;31.74895815
1900-05-15 08:00:00+01:00;12.9;32.62698961
1900-05-15 09:00:00+01:00;15;36.45208808
1900-05-15 10:00:00+01:00;16.3;38.32030677
1900-05-15 11:00:00+01:00;17;38.93829801
1900-05-15 12:00:00+01:00;18.6;38.34217702
1900-05-15 13:00:00+01:00;18.1;38.06722095
1900-05-15 14:00:00+01:00;16.7;37.45465347
1900-05-15 15:00:00+01:00;16.7;35.81924832
1900-05-15 16:00:00+01:00;17.2;32.73918384
1900-05-15 17:00:00+01:00;16.4;29.35871614
1900-05-15 18:00:00+01:00;15.5;26.50988965
1900-05-15 19:00:00+01:00;14.5;24.09522897
1900-05-15 20:00:00+01:00;14.3;22.48007203
1900-05-15 21:00:00+01:00;14.1;21.16359825
1900-05-15 22:00:00+01:00;13.5;20.06766251
1900-05-15 23:00:00+01:00;12.7;19.20446222
1900-05-16 00:00:00+01:00;12.5;18.32041211
1900-05-16 01:00:00+01:00;11.9;18.99343366
1900-05-16 02:00:00+01:00;11.4;19.47759227
1900-05-16 03:00:00+01:00;11;20.12774101
1900-05-16 04:00:00+01:00;10.8;19.96169988
1900-05-16 05:00:00+01:00;10.8;21.63468256
1900-05-16 06:00:00+01:00;11.7;27.37865181
1900-05-16 07:00:00+01:00;12;28.50363001
1900-05-16 08:00:00+01:00;13.2;32.62698961
1900-05-16 09:00:00+01:00;13.6;36.45208808
1900-05-16 10:00:00+01:00;12.6;37.5792375
1900-05-16 11:00:00+01:00;12;39.11562472
1900-05-16 12:00:00+01:00;12.7;37.66040806
1900-05-16 13:00:00+01:00;14.6;38.06722095
1900-05-16 14:00:00+01:00;15.4;37.45465347
1900-05-16 15:00:00+01:00;14.7;35.81924832
1900-05-16 16:00:00+01:00;14.7;32.73918384
1900-05-16 17:00:00+01:00;14.5;29.35871614
1900-05-16 18:00:00+01:00;13.9;25.16005345
1900-05-16 19:00:00+01:00;12.3;24.38530839
1900-05-16 20:00:00+01:00;11.7;22.75747614
1900-05-16 21:00:00+01:00;10.6;22.27610252
1900-05-16 22:00:00+01:00;10;22.27999737
1900-05-16 23:00:00+01:00;10;20.65416729
1900-05-17 00:00:00+01:00;9.7;20.08980015
1900-05-17 01:00:00+01:00;9.5;20.37076609
1900-05-17 02:00:00+01:00;9;20.88508373
1900-05-17 03:00:00+01:00;8.8;21.74240971
1900-05-17 04:00:00+01:00;9;22.79998782
1900-05-17 05:00:00+01:00;8;25.54038723
1900-05-17 06:00:00+01:00;8.4;32.92272856
1900-05-17 07:00:00+01:00;8.6;31.62095346
1900-05-17 08:00:00+01:00;9.8;37.35639821
1900-05-17 09:00:00+01:00;11.5;40.15892696
1900-05-17 10:00:00+01:00;12.6;40.70478152
1900-05-17 11:00:00+01:00;14.4;38.93829801
1900-05-17 12:00:00+01:00;16;38.34217702
1900-05-17 13:00:00+01:00;16.5;38.06722095
1900-05-17 14:00:00+01:00;15.6;37.45465347
1900-05-17 15:00:00+01:00;15.8;35.81924832
1900-05-17 16:00:00+01:00;15.2;32.73918384
1900-05-17 17:00:00+01:00;14;28.57854498
1900-05-17 18:00:00+01:00;13.3;26.73786707
1900-05-17 19:00:00+01:00;12.2;25.50750537
1900-05-17 20:00:00+01:00;11.6;23.83464435
1900-05-17 21:00:00+01:00;10;23.67164099
1900-05-17 22:00:00+01:00;9.4;23.52888549
1900-05-17 23:00:00+01:00;7;23.46290811
1900-05-18 00:00:00+01:00;7.4;22.36828948
1900-05-18 01:00:00+01:00;6.1;23.28966203
1900-05-18 02:00:00+01:00;4;25.0558568
1900-05-18 03:00:00+01:00;3.8;26.11899385
1900-05-18 04:00:00+01:00;4.2;27.1943505
1900-05-18 05:00:00+01:00;7.1;27.27390948
1900-05-18 06:00:00+01:00;10;33.061731
1900-05-18 07:00:00+01:00;11.3;30.79133188
1900-05-18 08:00:00+01:00;13;32.62698961
1900-05-18 09:00:00+01:00;13.3;36.45208808
1900-05-18 10:00:00+01:00;14;38.32030677
1900-05-18 11:00:00+01:00;16.1;38.93829801
1900-05-18 12:00:00+01:00;18.3;38.34217702
1900-05-18 13:00:00+01:00;17.9;38.06722095
1900-05-18 14:00:00+01:00;19.4;37.45465347
1900-05-18 15:00:00+01:00;19.9;35.81924832
1900-05-18 16:00:00+01:00;20.2;32.73918384
1900-05-18 17:00:00+01:00;20.2;29.35871614
1900-05-18 18:00:00+01:00;19;26.50988965
1900-05-18 19:00:00+01:00;18.9;24.09522897
1900-05-18 20:00:00+01:00;15.3;22.48007203
1900-05-18 21:00:00+01:00;13.7;21.16359825
1900-05-18 22:00:00+01:00;11.4;20.91856107
1900-05-18 23:00:00+01:00;10;20.11153814
1900-05-19 00:00:00+01:00;10;20.28477432
1900-05-19 01:00:00+01:00;8.3;21.07485259
1900-05-19 02:00:00+01:00;7.5;21.2851626
1900-05-19 03:00:00+01:00;8;21.11817706
1900-05-19 04:00:00+01:00;9.4;20.41036793
1900-05-19 05:00:00+01:00;11;20.63586584
1900-05-19 06:00:00+01:00;11.6;21.3170291
1900-05-19 07:00:00+01:00;14.6;21.1456509
1900-05-19 08:00:00+01:00;17;24.05344942
1900-05-19 09:00:00+01:00;17;23.75634367
1900-05-19 10:00:00+01:00;19.5;25.08734486
1900-05-19 11:00:00+01:00;20;24.87723618
1900-05-19 12:00:00+01:00;21.6;25.14269792
1900-05-19 13:00:00+01:00;22.1;25.10196095
1900-05-19 14:00:00+01:00;23.4;24.61899465
1900-05-19 15:00:00+01:00;24.9;24.23924971
1900-05-19 16:00:00+01:00;22;23.12506948
1900-05-19 17:00:00+01:00;23.7;22.38447859
1900-05-19 18:00:00+01:00;22.7;21.69590666
1900-05-19 19:00:00+01:00;21.4;20.86797494
1900-05-19 20:00:00+01:00;17.9;19.9091029
1900-05-19 21:00:00+01:00;17;18.73639946
1900-05-19 22:00:00+01:00;15.8;17.84141276
1900-05-19 23:00:00+01:00;16;17.81236576
1900-05-20 00:00:00+01:00;15.7;18.39156075
1900-05-20 01:00:00+01:00;14.9;17.97825914
1900-05-20 02:00:00+01:00;13.8;18.22306716
1900-05-20 03:00:00+01:00;13.2;18.11243042
1900-05-20 04:00:00+01:00;13.1;18.60606383
1900-05-20 05:00:00+01:00;12.8;17.65331068
1900-05-20 06:00:00+01:00;15;20.17641126
1900-05-20 07:00:00+01:00;16;21.1456509
1900-05-20 08:00:00+01:00;16.5;24.05344942
1900-05-20 09:00:00+01:00;17.2;23.75634367
1900-05-20 10:00:00+01:00;18.2;25.08734486
1900-05-20 11:00:00+01:00;18.3;24.87723618
1900-05-20 12:00:00+01:00;18;25.14269792
1900-05-20 13:00:00+01:00;19;25.10196095
1900-05-20 14:00:00+01:00;18;24.61899465
1900-05-20 15:00:00+01:00;17.6;24.23924971
1900-05-20 16:00:00+01:00;19;23.12506948
1900-05-20 17:00:00+01:00;18.6;22.38447859
1900-05-20 18:00:00+01:00;17.3;21.69590666
1900-05-20 19:00:00+01:00;17;20.86797494
1900-05-20 20:00:00+01:00;16.1;19.9091029
1900-05-20 21:00:00+01:00;15.7;18.73639946
1900-05-20 22:00:00+01:00;15.3;17.84141276
1900-05-20 23:00:00+01:00;15;17.81236576
1900-05-21 00:00:00+01:00;14.3;18.32041211
1900-05-21 01:00:00+01:00;13.7;18.99343366
1900-05-21 02:00:00+01:00;12.4;19.47759227
1900-05-21 03:00:00+01:00;12.4;20.12774101
1900-05-21 04:00:00+01:00;12.4;21.2172306
1900-05-21 05:00:00+01:00;13;22.80788234
1900-05-21 06:00:00+01:00;13.9;27.37865181
1900-05-21 07:00:00+01:00;15.5;28.50363001
1900-05-21 08:00:00+01:00;16;32.62698961
1900-05-21 09:00:00+01:00;18;36.45208808
1900-05-21 10:00:00+01:00;19.5;38.32030677
1900-05-21 11:00:00+01:00;18;38.93829801
1900-05-21 12:00:00+01:00;20.1;38.34217702
1900-05-21 13:00:00+01:00;20.3;38.06722095
1900-05-21 14:00:00+01:00;19.6;37.45465347
1900-05-21 15:00:00+01:00;21;35.81924832
1900-05-21 16:00:00+01:00;22.6;32.73918384
1900-05-21 17:00:00+01:00;19.3;29.35871614
1900-05-21 18:00:00+01:00;18.9;26.50988965
1900-05-21 19:00:00+01:00;17.5;24.09522897
1900-05-21 20:00:00+01:00;16.9;22.48007203
1900-05-21 21:00:00+01:00;15.6;21.16359825
1900-05-21 22:00:00+01:00;14.2;20.06766251
1900-05-21 23:00:00+01:00;13.5;19.20446222
1900-05-22 00:00:00+01:00;12.2;18.32041211
1900-05-22 01:00:00+01:00;10.6;17.26754338
1900-05-22 02:00:00+01:00;11;19.47759227
1900-05-22 03:00:00+01:00;11.2;20.12774101
1900-05-22 04:00:00+01:00;11.3;21.2172306
1900-05-22 05:00:00+01:00;12;22.80788234
1900-05-22 06:00:00+01:00;12.4;27.37865181
1900-05-22 07:00:00+01:00;13.4;28.50363001
1900-05-22 08:00:00+01:00;15.4;32.62698961
1900-05-22 09:00:00+01:00;16.6;36.45208808
1900-05-22 10:00:00+01:00;17.4;38.32030677
1900-05-22 11:00:00+01:00;18.5;38.93829801
1900-05-22 12:00:00+01:00;18.7;38.34217702
1900-05-22 13:00:00+01:00;19.1;38.06722095
1900-05-22 14:00:00+01:00;20.4;37.45465347
1900-05-22 15:00:00+01:00;20.9;35.81924832
1900-05-22 16:00:00+01:00;20.5;32.73918384
1900-05-22 17:00:00+01:00;20;29.35871614
1900-05-22 18:00:00+01:00;17.5;26.50988965
1900-05-22 19:00:00+01:00;16.6;24.09522897
1900-05-22 20:00:00+01:00;15.7;22.48007203
1900-05-22 21:00:00+01:00;15.3;21.16359825
1900-05-22 22:00:00+01:00;12.9;20.06766251
1900-05-22 23:00:00+01:00;11.2;17.96587356
1900-05-23 00:00:00+01:00;10.4;17.25434221
1900-05-23 01:00:00+01:00;7.7;18.985274
1900-05-23 02:00:00+01:00;7.2;19.83564855
1900-05-23 03:00:00+01:00;6.9;20.60317039
1900-05-23 04:00:00+01:00;8.6;20.86225082
1900-05-23 05:00:00+01:00;12;22.80788234
1900-05-23 06:00:00+01:00;13.1;27.37865181
1900-05-23 07:00:00+01:00;14.2;28.50363001
1900-05-23 08:00:00+01:00;14.8;32.62698961
1900-05-23 09:00:00+01:00;15.9;36.45208808
1900-05-23 10:00:00+01:00;16.4;38.32030677
1900-05-23 11:00:00+01:00;16.7;38.93829801
1900-05-23 12:00:00+01:00;16.8;38.34217702
1900-05-23 13:00:00+01:00;17.5;38.06722095
1900-05-23 14:00:00+01:00;18.8;37.45465347
1900-05-23 15:00:00+01:00;19.2;35.81924832
1900-05-23 16:00:00+01:00;18.8;32.73918384
1900-05-23 17:00:00+01:00;19.3;29.35871614
1900-05-23 18:00:00+01:00;18.5;26.50988965
1900-05-23 19:00:00+01:00;16.2;24.09522897
1900-05-23 20:00:00+01:00;15.5;22.48007203
1900-05-23 21:00:00+01:00;14.1;21.16359825
1900-05-23 22:00:00+01:00;13.4;20.06766251
1900-05-23 23:00:00+01:00;13;19.20446222
1900-05-24 00:00:00+01:00;12.3;18.32041211
1900-05-24 01:00:00+01:00;12.6;18.99343366
1900-05-24 02:00:00+01:00;12.7;19.47759227
1900-05-24 03:00:00+01:00;12.4;20.12774101
1900-05-24 04:00:00+01:00;11.9;21.2172306
1900-05-24 05:00:00+01:00;13.8;22.80788234
1900-05-24 06:00:00+01:00;14.3;27.37865181
1900-05-24 07:00:00+01:00;15.6;28.50363001
1900-05-24 08:00:00+01:00;16.9;32.62698961
1900-05-24 09:00:00+01:00;17.7;36.45208808
1900-05-24 10:00:00+01:00;19.8;38.32030677
1900-05-24 11:00:00+01:00;21.2;38.93829801
1900-05-24 12:00:00+01:00;21.1;38.34217702
1900-05-24 13:00:00+01:00;20.6;38.06722095
1900-05-24 14:00:00+01:00;22.4;37.45465347
1900-05-24 15:00:00+01:00;22.9;35.81924832
1900-05-24 16:00:00+01:00;21.8;32.73918384
1900-05-24 17:00:00+01:00;22;29.35871614
1900-05-24 18:00:00+01:00;21;26.50988965
1900-05-24 19:00:00+01:00;19.1;24.09522897
1900-05-24 20:00:00+01:00;16.3;22.48007203
1900-05-24 21:00:00+01:00;15;21.16359825
1900-05-24 22:00:00+01:00;13;20.06766251
1900-05-24 23:00:00+01:00;11.7;17.84037891
1900-05-25 00:00:00+01:00;11.2;16.8456071
1900-05-25 01:00:00+01:00;10;17.24923901
1900-05-25 02:00:00+01:00;9.1;17.37673902
1900-05-25 03:00:00+01:00;8.5;18.16149784
1900-05-25 04:00:00+01:00;9.1;19.25118442
1900-05-25 05:00:00+01:00;11.8;22.80788234
1900-05-25 06:00:00+01:00;14.5;27.37865181
1900-05-25 07:00:00+01:00;16.2;28.50363001
1900-05-25 08:00:00+01:00;18.1;32.62698961
1900-05-25 09:00:00+01:00;19.6;36.45208808
1900-05-25 10:00:00+01:00;21.7;38.32030677
1900-05-25 11:00:00+01:00;22.2;38.93829801
1900-05-25 12:00:00+01:00;23.1;38.34217702
1900-05-25 13:00:00+01:00;25.4;38.06722095
1900-05-25 14:00:00+01:00;24.6;37.45465347
1900-05-25 15:00:00+01:00;24;35.81924832
1900-05-25 16:00:00+01:00;26.4;32.73918384
1900-05-25 17:00:00+01:00;24.1;29.35871614
1900-05-25 18:00:00+01:00;23.6;26.50988965
1900-05-25 19:00:00+01:00;21.5;24.09522897
1900-05-25 20:00:00+01:00;17.8;22.48007203
1900-05-25 21:00:00+01:00;15.9;21.16359825
1900-05-25 22:00:00+01:00;14;20.06766251
1900-05-25 23:00:00+01:00;13.5;19.20446222
1900-05-26 00:00:00+01:00;11.7;17.43148983
1900-05-26 01:00:00+01:00;11.6;16.9910133
1900-05-26 02:00:00+01:00;10.9;17.18465666
1900-05-26 03:00:00+01:00;11.1;16.95483651
1900-05-26 04:00:00+01:00;11;17.19563705
1900-05-26 05:00:00+01:00;11.8;17.68330951
1900-05-26 06:00:00+01:00;13;17.95696752
1900-05-26 07:00:00+01:00;15.1;21.1456509
1900-05-26 08:00:00+01:00;17.4;24.05344942
1900-05-26 09:00:00+01:00;18.4;23.75634367
1900-05-26 10:00:00+01:00;16.4;25.08734486
1900-05-26 11:00:00+01:00;19.4;24.87723618
1900-05-26 12:00:00+01:00;16.2;25.14269792
1900-05-26 13:00:00+01:00;16.2;25.10196095
1900-05-26 14:00:00+01:00;14;23.26263386
1900-05-26 15:00:00+01:00;11.1;26.36946665
1900-05-26 16:00:00+01:00;9.3;24.68757496
1900-05-26 17:00:00+01:00;8.7;25.9907199
1900-05-26 18:00:00+01:00;8.8;25.38895027
1900-05-26 19:00:00+01:00;9.8;22.76003816
1900-05-26 20:00:00+01:00;10.3;22.17715634
1900-05-26 21:00:00+01:00;10.4;20.92310393
1900-05-26 22:00:00+01:00;9.3;20.96953217
1900-05-26 23:00:00+01:00;8.1;21.6643764
1900-05-27 00:00:00+01:00;8.1;22.22963929
1900-05-27 01:00:00+01:00;7.5;22.43040505
1900-05-27 02:00:00+01:00;7.1;22.6504002
1900-05-27 03:00:00+01:00;6.9;23.15563459
1900-05-27 04:00:00+01:00;6.8;23.61912307
1900-05-27 05:00:00+01:00;6.6;25.64435791
1900-05-27 06:00:00+01:00;6.9;26.57294897
1900-05-27 07:00:00+01:00;6.7;28.39984254
1900-05-27 08:00:00+01:00;7.7;32.90734142
1900-05-27 09:00:00+01:00;8.9;30.09439917
1900-05-27 10:00:00+01:00;9.5;32.69377028
1900-05-27 11:00:00+01:00;11;30.93780871
1900-05-27 12:00:00+01:00;11.1;31.49401511
1900-05-27 13:00:00+01:00;11;31.63287339
1900-05-27 14:00:00+01:00;11.1;30.67679511
1900-05-27 15:00:00+01:00;11.2;30.25600968
1900-05-27 16:00:00+01:00;11;27.46865604
1900-05-27 17:00:00+01:00;10.7;27.32297917
1900-05-27 18:00:00+01:00;10.7;26.74708157
1900-05-27 19:00:00+01:00;10.2;25.56837784
1900-05-27 20:00:00+01:00;8.3;26.96248406
1900-05-27 21:00:00+01:00;7;26.65152247
1900-05-27 22:00:00+01:00;5.6;26.80735873
1900-05-27 23:00:00+01:00;4.7;27.04466202
1900-05-28 00:00:00+01:00;4.6;26.55328587
1900-05-28 01:00:00+01:00;3.7;27.2407605
1900-05-28 02:00:00+01:00;3.6;27.53045259
1900-05-28 03:00:00+01:00;3.7;28.56297299
1900-05-28 04:00:00+01:00;4.4;29.18147549
1900-05-28 05:00:00+01:00;4.6;31.46521574
1900-05-28 06:00:00+01:00;6;38.55921814
1900-05-28 07:00:00+01:00;7.2;36.70828824
1900-05-28 08:00:00+01:00;8.5;42.53551615
1900-05-28 09:00:00+01:00;9.2;46.16108612
1900-05-28 10:00:00+01:00;10.1;46.89865742
1900-05-28 11:00:00+01:00;11.3;46.03646139
1900-05-28 12:00:00+01:00;12.3;43.78252453
1900-05-28 13:00:00+01:00;12.5;42.91750367
1900-05-28 14:00:00+01:00;13.1;41.61173834
1900-05-28 15:00:00+01:00;12.7;40.50896832
1900-05-28 16:00:00+01:00;12.7;35.6643746
1900-05-28 17:00:00+01:00;12.7;32.31608519
1900-05-28 18:00:00+01:00;12.8;30.0455171
1900-05-28 19:00:00+01:00;12.3;28.03405564
1900-05-28 20:00:00+01:00;10.9;26.99467046
1900-05-28 21:00:00+01:00;9.2;26.95370645
1900-05-28 22:00:00+01:00;5.6;28.80444239
1900-05-28 23:00:00+01:00;4.5;27.46838449
1900-05-29 00:00:00+01:00;4.9;26.16568505
1900-05-29 01:00:00+01:00;4;26.71583486
1900-05-29 02:00:00+01:00;6.8;24.86153768
1900-05-29 03:00:00+01:00;6.7;25.74312518
1900-05-29 04:00:00+01:00;6.6;26.75110379
1900-05-29 05:00:00+01:00;8.9;27.43332278
1900-05-29 06:00:00+01:00;10.4;34.16650326
1900-05-29 07:00:00+01:00;11.1;32.27218297
1900-05-29 08:00:00+01:00;12.2;37.56543619
1900-05-29 09:00:00+01:00;12.5;41.03545349
1900-05-29 10:00:00+01:00;12.8;42.09636688
1900-05-29 11:00:00+01:00;13.4;38.93829801
1900-05-29 12:00:00+01:00;13.6;38.34217702
1900-05-29 13:00:00+01:00;13.3;40.02742602
1900-05-29 14:00:00+01:00;12.9;39.98341367
1900-05-29 15:00:00+01:00;12.5;38.91643187
1900-05-29 16:00:00+01:00;13.5;33.33465649
1900-05-29 17:00:00+01:00;12.8;30.75910476
1900-05-29 18:00:00+01:00;12.6;28.59292372
1900-05-29 19:00:00+01:00;11.5;27.31337688
1900-05-29 20:00:00+01:00;10.7;25.84349994
1900-05-29 21:00:00+01:00;10.6;24.57358842
1900-05-29 22:00:00+01:00;9.6;24.51389878
1900-05-29 23:00:00+01:00;10.5;21.82360076
1900-05-30 00:00:00+01:00;9.5;21.41205461
1900-05-30 01:00:00+01:00;9.6;21.30167534
1900-05-30 02:00:00+01:00;8.3;22.14283728
1900-05-30 03:00:00+01:00;8;23.03149504
1900-05-30 04:00:00+01:00;7.9;24.16620693
1900-05-30 05:00:00+01:00;8;26.18404424
1900-05-30 06:00:00+01:00;8.7;33.4013215
1900-05-30 07:00:00+01:00;9.7;31.5250045
1900-05-30 08:00:00+01:00;10.3;37.53946772
1900-05-30 09:00:00+01:00;11.6;40.56757961
1900-05-30 10:00:00+01:00;11.4;42.31552922
1900-05-30 11:00:00+01:00;11.4;42.90419843
1900-05-30 12:00:00+01:00;12;41.28724374
1900-05-30 13:00:00+01:00;12.1;40.74431952
1900-05-30 14:00:00+01:00;12;40.48438531
1900-05-30 15:00:00+01:00;12.3;38.68550276
1900-05-30 16:00:00+01:00;12.1;34.09997788
1900-05-30 17:00:00+01:00;11.9;31.3235138
1900-05-30 18:00:00+01:00;11.8;28.91122052
1900-05-30 19:00:00+01:00;11.6;26.94949364
1900-05-30 20:00:00+01:00;11.2;25.13573148
1900-05-30 21:00:00+01:00;10.9;24.05269517
1900-05-30 22:00:00+01:00;10.6;23.62580757
1900-05-30 23:00:00+01:00;10.4;21.9289426
1900-05-31 00:00:00+01:00;10.1;21.16877993
1900-05-31 01:00:00+01:00;9.9;21.47338794
1900-05-31 02:00:00+01:00;9.8;21.46580463
1900-05-31 03:00:00+01:00;9.2;22.58884645
1900-05-31 04:00:00+01:00;9.2;23.59508687
1900-05-31 05:00:00+01:00;9.7;25.42144557
1900-05-31 06:00:00+01:00;10.2;32.70459873
1900-05-31 07:00:00+01:00;10.5;31.13714712
1900-05-31 08:00:00+01:00;11.2;36.85561172
1900-05-31 09:00:00+01:00;12.3;39.88641566
1900-05-31 10:00:00+01:00;12.5;41.13524583
1900-05-31 11:00:00+01:00;13.6;38.93829801
1900-05-31 12:00:00+01:00;14.1;38.34217702
1900-05-31 13:00:00+01:00;13.9;38.06722095
1900-05-31 14:00:00+01:00;15.6;37.45465347
1900-05-31 15:00:00+01:00;14.3;35.81924832
1900-05-31 16:00:00+01:00;14.8;32.73918384
1900-05-31 17:00:00+01:00;15;29.35871614
1900-05-31 18:00:00+01:00;14;26.10628989
1900-05-31 19:00:00+01:00;13.7;24.21490128
1900-05-31 20:00:00+01:00;13;22.48007203
1900-05-31 21:00:00+01:00;11.4;22.29952587
1900-05-31 22:00:00+01:00;11.2;21.86757611
1900-05-31 23:00:00+01:00;10.8;20.40525312
1900-06-01 00:00:00+01:00;11.5;19.00858194
1900-06-01 01:00:00+01:00;12.2;18.99343366
1900-06-01 02:00:00+01:00;12.2;19.47759227
1900-06-01 03:00:00+01:00;13.5;20.12774101
1900-06-01 04:00:00+01:00;11.8;21.2172306
1900-06-01 05:00:00+01:00;11.3;22.80788234
1900-06-01 06:00:00+01:00;12.6;27.37865181
1900-06-01 07:00:00+01:00;14.9;28.50363001
1900-06-01 08:00:00+01:00;17.5;32.62698961
1900-06-01 09:00:00+01:00;19.4;36.45208808
1900-06-01 10:00:00+01:00;23.2;38.32030677
1900-06-01 11:00:00+01:00;24.8;38.93829801
1900-06-01 12:00:00+01:00;25.5;38.34217702
1900-06-01 13:00:00+01:00;27;38.06722095
1900-06-01 14:00:00+01:00;30.8;37.45465347
1900-06-01 15:00:00+01:00;27.4;35.81924832
1900-06-01 16:00:00+01:00;26.1;32.73918384
1900-06-01 17:00:00+01:00;25.8;29.35871614
1900-06-01 18:00:00+01:00;25.6;26.50988965
1900-06-01 19:00:00+01:00;24.1;24.09522897
1900-06-01 20:00:00+01:00;21.5;22.48007203
1900-06-01 21:00:00+01:00;19.2;21.16359825
1900-06-01 22:00:00+01:00;17;20.06766251
1900-06-01 23:00:00+01:00;15;19.20446222
1900-06-02 00:00:00+01:00;14;18.39156075
1900-06-02 01:00:00+01:00;12.5;16.8760517
1900-06-02 02:00:00+01:00;11;17.18465666
1900-06-02 03:00:00+01:00;10.9;16.8985131
1900-06-02 04:00:00+01:00;11.9;17.19563705
1900-06-02 05:00:00+01:00;15;19.11039956
1900-06-02 06:00:00+01:00;18;20.17641126
1900-06-02 07:00:00+01:00;18.7;21.1456509
1900-06-02 08:00:00+01:00;21.2;24.05344942
1900-06-02 09:00:00+01:00;24.2;23.75634367
1900-06-02 10:00:00+01:00;26;25.08734486
1900-06-02 11:00:00+01:00;25;24.87723618
1900-06-02 12:00:00+01:00;26.8;25.14269792
1900-06-02 13:00:00+01:00;28;25.10196095
1900-06-02 14:00:00+01:00;26.6;24.61899465
1900-06-02 15:00:00+01:00;26;24.23924971
1900-06-02 16:00:00+01:00;25.4;23.12506948
1900-06-02 17:00:00+01:00;25.2;22.38447859
1900-06-02 18:00:00+01:00;24.5;21.69590666
1900-06-02 19:00:00+01:00;22.5;20.86797494
1900-06-02 20:00:00+01:00;19.3;19.9091029
1900-06-02 21:00:00+01:00;17.4;18.73639946
1900-06-02 22:00:00+01:00;16.3;17.84141276
1900-06-02 23:00:00+01:00;15.5;17.81236576
1900-06-03 00:00:00+01:00;11.7;17.43148983
1900-06-03 01:00:00+01:00;11.1;16.8760517
1900-06-03 02:00:00+01:00;10.3;17.18465666
1900-06-03 03:00:00+01:00;10;16.8985131
1900-06-03 04:00:00+01:00;11;17.19563705
1900-06-03 05:00:00+01:00;13.9;19.11039956
1900-06-03 06:00:00+01:00;15.4;20.17641126
1900-06-03 07:00:00+01:00;17.2;21.1456509
1900-06-03 08:00:00+01:00;20.5;24.05344942
1900-06-03 09:00:00+01:00;22;23.75634367
1900-06-03 10:00:00+01:00;23.6;25.08734486
1900-06-03 11:00:00+01:00;26.2;24.87723618
1900-06-03 12:00:00+01:00;26.6;25.14269792
1900-06-03 13:00:00+01:00;26.5;25.10196095
1900-06-03 14:00:00+01:00;25.9;24.61899465
1900-06-03 15:00:00+01:00;25.6;24.23924971
1900-06-03 16:00:00+01:00;24.3;23.12506948
1900-06-03 17:00:00+01:00;24.4;22.38447859
1900-06-03 18:00:00+01:00;23;21.69590666
1900-06-03 19:00:00+01:00;21.3;20.86797494
1900-06-03 20:00:00+01:00;20.8;19.9091029
1900-06-03 21:00:00+01:00;18.1;18.73639946
1900-06-03 22:00:00+01:00;18;17.84141276
1900-06-03 23:00:00+01:00;16.4;17.81236576
1900-06-04 00:00:00+01:00;15.4;18.32041211
1900-06-04 01:00:00+01:00;14;18.99343366
1900-06-04 02:00:00+01:00;14.6;19.47759227
1900-06-04 03:00:00+01:00;13.3;20.12774101
1900-06-04 04:00:00+01:00;14.4;21.2172306
1900-06-04 05:00:00+01:00;15.8;22.80788234
1900-06-04 06:00:00+01:00;18.5;27.37865181
1900-06-04 07:00:00+01:00;20;28.50363001
1900-06-04 08:00:00+01:00;22;32.62698961
1900-06-04 09:00:00+01:00;24;36.45208808
1900-06-04 10:00:00+01:00;23.9;38.32030677
1900-06-04 11:00:00+01:00;25.4;38.93829801
1900-06-04 12:00:00+01:00;25.5;38.34217702
1900-06-04 13:00:00+01:00;26.8;38.06722095
1900-06-04 14:00:00+01:00;27.3;37.45465347
1900-06-04 15:00:00+01:00;27.8;35.81924832
1900-06-04 16:00:00+01:00;28.7;32.73918384
1900-06-04 17:00:00+01:00;25.8;29.35871614
1900-06-04 18:00:00+01:00;24.2;26.50988965
1900-06-04 19:00:00+01:00;22.5;24.09522897
1900-06-04 20:00:00+01:00;19.4;22.48007203
1900-06-04 21:00:00+01:00;16.8;21.16359825
1900-06-04 22:00:00+01:00;16;20.06766251
1900-06-04 23:00:00+01:00;16.6;19.20446222
1900-06-05 00:00:00+01:00;16.1;18.32041211
1900-06-05 01:00:00+01:00;15.9;18.99343366
1900-06-05 02:00:00+01:00;15.3;19.47759227
1900-06-05 03:00:00+01:00;15.7;20.12774101
1900-06-05 04:00:00+01:00;15.6;21.2172306
1900-06-05 05:00:00+01:00;15.7;22.80788234
1900-06-05 06:00:00+01:00;16.1;27.37865181
1900-06-05 07:00:00+01:00;16.9;28.50363001
1900-06-05 08:00:00+01:00;19.8;32.62698961
1900-06-05 09:00:00+01:00;21.5;36.45208808
1900-06-05 10:00:00+01:00;21.9;38.32030677
1900-06-05 11:00:00+01:00;24.1;38.93829801
1900-06-05 12:00:00+01:00;24.7;38.34217702
1900-06-05 13:00:00+01:00;24.7;38.06722095
1900-06-05 14:00:00+01:00;25.1;37.45465347
1900-06-05 15:00:00+01:00;25.2;35.81924832
1900-06-05 16:00:00+01:00;24.9;32.73918384
1900-06-05 17:00:00+01:00;24.5;29.35871614
1900-06-05 18:00:00+01:00;23.8;26.50988965
1900-06-05 19:00:00+01:00;22.4;24.09522897
1900-06-05 20:00:00+01:00;21;22.48007203
1900-06-05 21:00:00+01:00;20;21.16359825
1900-06-05 22:00:00+01:00;18.5;20.06766251
1900-06-05 23:00:00+01:00;17.1;19.20446222
1900-06-06 00:00:00+01:00;16.9;18.32041211
1900-06-06 01:00:00+01:00;16;18.99343366
1900-06-06 02:00:00+01:00;15.5;19.47759227
1900-06-06 03:00:00+01:00;15;20.12774101
1900-06-06 04:00:00+01:00;16.6;21.2172306
1900-06-06 05:00:00+01:00;16.8;22.80788234
1900-06-06 06:00:00+01:00;17.8;27.37865181
1900-06-06 07:00:00+01:00;18.9;28.50363001
1900-06-06 08:00:00+01:00;19.4;32.62698961
1900-06-06 09:00:00+01:00;20.3;36.45208808
1900-06-06 10:00:00+01:00;20.1;38.32030677
1900-06-06 11:00:00+01:00;20.6;38.93829801
1900-06-06 12:00:00+01:00;21.8;38.34217702
1900-06-06 13:00:00+01:00;23.4;38.06722095
1900-06-06 14:00:00+01:00;23;37.45465347
1900-06-06 15:00:00+01:00;22.8;35.81924832
1900-06-06 16:00:00+01:00;22.6;32.73918384
1900-06-06 17:00:00+01:00;21.4;29.35871614
1900-06-06 18:00:00+01:00;20.6;26.50988965
1900-06-06 19:00:00+01:00;19.6;24.09522897
1900-06-06 20:00:00+01:00;18.7;22.48007203
1900-06-06 21:00:00+01:00;17.9;21.16359825
1900-06-06 22:00:00+01:00;17.3;20.06766251
1900-06-06 23:00:00+01:00;16.7;19.20446222
1900-06-07 00:00:00+01:00;15.2;18.32041211
1900-06-07 01:00:00+01:00;15.6;18.99343366
1900-06-07 02:00:00+01:00;15.3;19.47759227
1900-06-07 03:00:00+01:00;14.8;20.12774101
1900-06-07 04:00:00+01:00;15.6;21.2172306
1900-06-07 05:00:00+01:00;15.7;22.80788234
1900-06-07 06:00:00+01:00;16.7;27.37865181
1900-06-07 07:00:00+01:00;18;28.50363001
1900-06-07 08:00:00+01:00;17.8;32.62698961
1900-06-07 09:00:00+01:00;18.2;36.45208808
1900-06-07 10:00:00+01:00;21.1;38.32030677
1900-06-07 11:00:00+01:00;21.3;38.93829801
1900-06-07 12:00:00+01:00;20.9;38.34217702
1900-06-07 13:00:00+01:00;22.2;38.06722095
1900-06-07 14:00:00+01:00;22.6;37.45465347
1900-06-07 15:00:00+01:00;22.2;35.81924832
1900-06-07 16:00:00+01:00;21.4;32.73918384
1900-06-07 17:00:00+01:00;20.8;29.35871614
1900-06-07 18:00:00+01:00;20.9;26.50988965
1900-06-07 19:00:00+01:00;19.6;24.09522897
1900-06-07 20:00:00+01:00;18.6;22.48007203
1900-06-07 21:00:00+01:00;17;21.16359825
1900-06-07 22:00:00+01:00;15.9;20.06766251
1900-06-07 23:00:00+01:00;15.3;19.20446222
1900-06-08 00:00:00+01:00;14;18.32041211
1900-06-08 01:00:00+01:00;14.1;18.99343366
1900-06-08 02:00:00+01:00;14.9;19.47759227
1900-06-08 03:00:00+01:00;14.8;20.12774101
1900-06-08 04:00:00+01:00;14;21.2172306
1900-06-08 05:00:00+01:00;12.8;22.80788234
1900-06-08 06:00:00+01:00;12.6;27.37865181
1900-06-08 07:00:00+01:00;13.7;28.50363001
1900-06-08 08:00:00+01:00;14.3;32.62698961
1900-06-08 09:00:00+01:00;15.1;36.45208808
1900-06-08 10:00:00+01:00;15.5;38.32030677
1900-06-08 11:00:00+01:00;12;35.88296462
1900-06-08 12:00:00+01:00;14;38.34217702
1900-06-08 13:00:00+01:00;16.9;38.06722095
1900-06-08 14:00:00+01:00;17.6;37.45465347
1900-06-08 15:00:00+01:00;18.5;35.81924832
1900-06-08 16:00:00+01:00;19.3;32.73918384
1900-06-08 17:00:00+01:00;19.2;29.35871614
1900-06-08 18:00:00+01:00;18.2;26.50988965
1900-06-08 19:00:00+01:00;17.1;24.09522897
1900-06-08 20:00:00+01:00;14.6;22.48007203
1900-06-08 21:00:00+01:00;13.7;21.16359825
1900-06-08 22:00:00+01:00;12.5;19.00631368
1900-06-08 23:00:00+01:00;11.8;17.94529908
1900-06-09 00:00:00+01:00;10;19.0680137
1900-06-09 01:00:00+01:00;9.6;19.19587104
1900-06-09 02:00:00+01:00;8.3;20.03578357
1900-06-09 03:00:00+01:00;8.9;20.13998704
1900-06-09 04:00:00+01:00;9;20.56558827
1900-06-09 05:00:00+01:00;10.6;21.02777666
1900-06-09 06:00:00+01:00;12;21.19436406
1900-06-09 07:00:00+01:00;12.8;21.74689665
1900-06-09 08:00:00+01:00;13.8;24.05344942
1900-06-09 09:00:00+01:00;16;23.75634367
1900-06-09 10:00:00+01:00;16.4;25.08734486
1900-06-09 11:00:00+01:00;17.7;24.87723618
1900-06-09 12:00:00+01:00;17.6;25.14269792
1900-06-09 13:00:00+01:00;15;25.10196095
1900-06-09 14:00:00+01:00;18.1;24.61899465
1900-06-09 15:00:00+01:00;13.2;25.27184717
1900-06-09 16:00:00+01:00;15.8;23.12506948
1900-06-09 17:00:00+01:00;13.2;22.40707501
1900-06-09 18:00:00+01:00;15.4;21.69590666
1900-06-09 19:00:00+01:00;13;20.28095554
1900-06-09 20:00:00+01:00;12.5;20.47893354
1900-06-09 21:00:00+01:00;10.4;20.81197694
1900-06-09 22:00:00+01:00;9.9;20.337145
1900-06-09 23:00:00+01:00;6.8;22.23625304
1900-06-10 00:00:00+01:00;6.5;23.15339791
1900-06-10 01:00:00+01:00;8.5;21.49791699
1900-06-10 02:00:00+01:00;9.8;20.53400895
1900-06-10 03:00:00+01:00;8.6;21.51815121
1900-06-10 04:00:00+01:00;9.1;21.50226333
1900-06-10 05:00:00+01:00;10.9;21.56579258
1900-06-10 06:00:00+01:00;12.6;21.61669033
1900-06-10 07:00:00+01:00;12.8;22.5675193
1900-06-10 08:00:00+01:00;12.1;28.26542632
1900-06-10 09:00:00+01:00;14.2;23.75634367
1900-06-10 10:00:00+01:00;13.6;27.05092251
1900-06-10 11:00:00+01:00;16.8;24.87723618
1900-06-10 12:00:00+01:00;15;25.14269792
1900-06-10 13:00:00+01:00;16.1;25.10196095
1900-06-10 14:00:00+01:00;19.9;24.61899465
1900-06-10 15:00:00+01:00;17.7;24.23924971
1900-06-10 16:00:00+01:00;18.4;23.12506948
1900-06-10 17:00:00+01:00;17;22.38447859
1900-06-10 18:00:00+01:00;15.2;21.69590666
1900-06-10 19:00:00+01:00;12.5;21.05109563
1900-06-10 20:00:00+01:00;12.3;20.96809216
1900-06-10 21:00:00+01:00;12;19.72936628
1900-06-10 22:00:00+01:00;11.8;18.9218264
1900-06-10 23:00:00+01:00;11.4;19.14627294
1900-06-11 00:00:00+01:00;11.3;18.23536657
1900-06-11 01:00:00+01:00;11.1;18.99343366
1900-06-11 02:00:00+01:00;10.8;18.6583544
1900-06-11 03:00:00+01:00;11;20.12774101
1900-06-11 04:00:00+01:00;11.6;21.2172306
1900-06-11 05:00:00+01:00;12.2;22.80788234
1900-06-11 06:00:00+01:00;13.2;27.37865181
1900-06-11 07:00:00+01:00;15.1;28.50363001
1900-06-11 08:00:00+01:00;17.2;32.62698961
1900-06-11 09:00:00+01:00;18.6;36.45208808
1900-06-11 10:00:00+01:00;18.9;38.32030677
1900-06-11 11:00:00+01:00;20;38.93829801
1900-06-11 12:00:00+01:00;18.4;38.34217702
1900-06-11 13:00:00+01:00;20;38.06722095
1900-06-11 14:00:00+01:00;20.2;37.45465347
1900-06-11 15:00:00+01:00;19.1;35.81924832
1900-06-11 16:00:00+01:00;15.7;32.73918384
1900-06-11 17:00:00+01:00;15.6;29.35871614
1900-06-11 18:00:00+01:00;14.7;26.50988965
1900-06-11 19:00:00+01:00;13.8;22.56832462
1900-06-11 20:00:00+01:00;10.8;21.81194622
1900-06-11 21:00:00+01:00;9.6;21.19888068
1900-06-11 22:00:00+01:00;7.8;22.10046145
1900-06-11 23:00:00+01:00;5.5;22.21726886
1900-06-12 00:00:00+01:00;4.5;22.3464755
1900-06-12 01:00:00+01:00;3.5;22.92346464
1900-06-12 02:00:00+01:00;5;22.58710184
1900-06-12 03:00:00+01:00;7.3;21.72260336
1900-06-12 04:00:00+01:00;7.4;23.04243451
1900-06-12 05:00:00+01:00;8.2;24.39768565
1900-06-12 06:00:00+01:00;10;30.79685185
1900-06-12 07:00:00+01:00;11.5;28.58642189
1900-06-12 08:00:00+01:00;14.3;32.62698961
1900-06-12 09:00:00+01:00;14;36.45208808
1900-06-12 10:00:00+01:00;16.4;38.32030677
1900-06-12 11:00:00+01:00;17.5;38.93829801
1900-06-12 12:00:00+01:00;18.3;38.34217702
1900-06-12 13:00:00+01:00;18.8;38.06722095
1900-06-12 14:00:00+01:00;17.8;37.45465347
1900-06-12 15:00:00+01:00;18.1;35.81924832
1900-06-12 16:00:00+01:00;20;32.73918384
1900-06-12 17:00:00+01:00;19.8;29.35871614
1900-06-12 18:00:00+01:00;18.4;26.50988965
1900-06-12 19:00:00+01:00;16;24.09522897
1900-06-12 20:00:00+01:00;15.8;22.48007203
1900-06-12 21:00:00+01:00;14.1;21.16359825
1900-06-12 22:00:00+01:00;11.7;20.61891566
1900-06-12 23:00:00+01:00;10.8;19.40872663
1900-06-13 00:00:00+01:00;10;18.9542778
1900-06-13 01:00:00+01:00;9.5;19.08439944
1900-06-13 02:00:00+01:00;8.4;19.92329925
1900-06-13 03:00:00+01:00;8.1;20.60151571
1900-06-13 04:00:00+01:00;9.8;20.60489917
1900-06-13 05:00:00+01:00;10.6;21.72162964
1900-06-13 06:00:00+01:00;13.5;27.37865181
1900-06-13 07:00:00+01:00;15;28.50363001
1900-06-13 08:00:00+01:00;16.2;32.62698961
1900-06-13 09:00:00+01:00;18.1;36.45208808
1900-06-13 10:00:00+01:00;17.4;38.32030677
1900-06-13 11:00:00+01:00;20.2;38.93829801
1900-06-13 12:00:00+01:00;20;38.34217702
1900-06-13 13:00:00+01:00;19.6;38.06722095
1900-06-13 14:00:00+01:00;21;37.45465347
1900-06-13 15:00:00+01:00;19.5;35.81924832
1900-06-13 16:00:00+01:00;19.7;32.73918384
1900-06-13 17:00:00+01:00;19;29.35871614
1900-06-13 18:00:00+01:00;19;26.50988965
1900-06-13 19:00:00+01:00;18.1;24.09522897
1900-06-13 20:00:00+01:00;15.9;22.48007203
1900-06-13 21:00:00+01:00;14.4;21.16359825
1900-06-13 22:00:00+01:00;13;20.06766251
1900-06-13 23:00:00+01:00;12;18.1307333
1900-06-14 00:00:00+01:00;12.4;18.32041211
1900-06-14 01:00:00+01:00;12.1;18.99343366
1900-06-14 02:00:00+01:00;11.7;19.47759227
1900-06-14 03:00:00+01:00;11.9;20.12774101
1900-06-14 04:00:00+01:00;11.6;21.2172306
1900-06-14 05:00:00+01:00;13;22.80788234
1900-06-14 06:00:00+01:00;12.6;27.37865181
1900-06-14 07:00:00+01:00;14.4;28.50363001
1900-06-14 08:00:00+01:00;16.2;32.62698961
1900-06-14 09:00:00+01:00;16.8;36.45208808
1900-06-14 10:00:00+01:00;18;38.32030677
1900-06-14 11:00:00+01:00;20.4;38.93829801
1900-06-14 12:00:00+01:00;20.7;38.34217702
1900-06-14 13:00:00+01:00;20.4;38.06722095
1900-06-14 14:00:00+01:00;21.8;37.45465347
1900-06-14 15:00:00+01:00;21.6;35.81924832
1900-06-14 16:00:00+01:00;24;32.73918384
1900-06-14 17:00:00+01:00;23.6;29.35871614
1900-06-14 18:00:00+01:00;23.7;26.50988965
1900-06-14 19:00:00+01:00;20.4;24.09522897
1900-06-14 20:00:00+01:00;18.7;22.48007203
1900-06-14 21:00:00+01:00;17.3;21.16359825
1900-06-14 22:00:00+01:00;16.4;20.06766251
1900-06-14 23:00:00+01:00;15.8;19.20446222
1900-06-15 00:00:00+01:00;15;18.32041211
1900-06-15 01:00:00+01:00;14.5;18.99343366
1900-06-15 02:00:00+01:00;13.3;19.47759227
1900-06-15 03:00:00+01:00;12.4;20.12774101
1900-06-15 04:00:00+01:00;12.5;21.2172306
1900-06-15 05:00:00+01:00;14.7;22.80788234
1900-06-15 06:00:00+01:00;14.3;27.37865181
1900-06-15 07:00:00+01:00;15.5;28.50363001
1900-06-15 08:00:00+01:00;18;32.62698961
1900-06-15 09:00:00+01:00;18.2;36.45208808
1900-06-15 10:00:00+01:00;20.3;38.32030677
1900-06-15 11:00:00+01:00;22.6;38.93829801
1900-06-15 12:00:00+01:00;22.5;38.34217702
1900-06-15 13:00:00+01:00;21.3;38.06722095
1900-06-15 14:00:00+01:00;23;37.45465347
1900-06-15 15:00:00+01:00;24.4;35.81924832
1900-06-15 16:00:00+01:00;25;32.73918384
1900-06-15 17:00:00+01:00;24.3;29.35871614
1900-06-15 18:00:00+01:00;23.4;26.50988965
1900-06-15 19:00:00+01:00;22.8;24.09522897
1900-06-15 20:00:00+01:00;20.4;22.48007203
1900-06-15 21:00:00+01:00;17.5;21.16359825
1900-06-15 22:00:00+01:00;16;20.06766251
1900-06-15 23:00:00+01:00;11.5;17.77045979
1900-06-16 00:00:00+01:00;10.4;17.43148983
1900-06-16 01:00:00+01:00;9.3;17.04140015
1900-06-16 02:00:00+01:00;7.7;17.72372446
1900-06-16 03:00:00+01:00;9.4;17.14164619
1900-06-16 04:00:00+01:00;10.4;17.22421208
1900-06-16 05:00:00+01:00;14;19.11039956
1900-06-16 06:00:00+01:00;17.2;20.17641126
1900-06-16 07:00:00+01:00;21.6;21.1456509
1900-06-16 08:00:00+01:00;23;24.05344942
1900-06-16 09:00:00+01:00;23.8;23.75634367
1900-06-16 10:00:00+01:00;25.5;25.08734486
1900-06-16 11:00:00+01:00;26.4;24.87723618
1900-06-16 12:00:00+01:00;26.7;25.14269792
1900-06-16 13:00:00+01:00;27.6;25.10196095
1900-06-16 14:00:00+01:00;28.3;24.61899465
1900-06-16 15:00:00+01:00;29.7;24.23924971
1900-06-16 16:00:00+01:00;27.5;23.12506948
1900-06-16 17:00:00+01:00;30.3;22.38447859
1900-06-16 18:00:00+01:00;29.3;21.69590666
1900-06-16 19:00:00+01:00;27;20.86797494
1900-06-16 20:00:00+01:00;21.6;19.9091029
1900-06-16 21:00:00+01:00;19.5;18.73639946
1900-06-16 22:00:00+01:00;18.4;17.84141276
1900-06-16 23:00:00+01:00;17.6;17.81236576
1900-06-17 00:00:00+01:00;16.5;18.39156075
1900-06-17 01:00:00+01:00;15.8;17.97825914
1900-06-17 02:00:00+01:00;14.8;18.22306716
1900-06-17 03:00:00+01:00;13;18.11243042
1900-06-17 04:00:00+01:00;12.2;18.60606383
1900-06-17 05:00:00+01:00;11.1;17.47981149
1900-06-17 06:00:00+01:00;13.4;17.6684928
1900-06-17 07:00:00+01:00;12;19.13772314
1900-06-17 08:00:00+01:00;14;24.05344942
1900-06-17 09:00:00+01:00;15.2;23.75634367
1900-06-17 10:00:00+01:00;15.4;25.08734486
1900-06-17 11:00:00+01:00;17;24.87723618
1900-06-17 12:00:00+01:00;18.8;25.14269792
1900-06-17 13:00:00+01:00;19.9;25.10196095
1900-06-17 14:00:00+01:00;21.2;24.61899465
1900-06-17 15:00:00+01:00;21.4;24.23924971
1900-06-17 16:00:00+01:00;22.4;23.12506948
1900-06-17 17:00:00+01:00;22.1;22.38447859
1900-06-17 18:00:00+01:00;21;21.69590666
1900-06-17 19:00:00+01:00;19.5;20.86797494
1900-06-17 20:00:00+01:00;17.9;19.9091029
1900-06-17 21:00:00+01:00;16.9;18.73639946
1900-06-17 22:00:00+01:00;14.3;17.84141276
1900-06-17 23:00:00+01:00;13.7;17.81236576
1900-06-18 00:00:00+01:00;11.3;16.87580345
1900-06-18 01:00:00+01:00;12.4;18.99343366
1900-06-18 02:00:00+01:00;8.6;18.18745458
1900-06-18 03:00:00+01:00;7.5;19.45610888
1900-06-18 04:00:00+01:00;8.8;20.05607251
1900-06-18 05:00:00+01:00;11.8;22.80788234
1900-06-18 06:00:00+01:00;14.5;27.37865181
1900-06-18 07:00:00+01:00;17.9;28.50363001
1900-06-18 08:00:00+01:00;19.2;32.62698961
1900-06-18 09:00:00+01:00;21;36.45208808
1900-06-18 10:00:00+01:00;23.5;38.32030677
1900-06-18 11:00:00+01:00;25;38.93829801
1900-06-18 12:00:00+01:00;24.8;38.34217702
1900-06-18 13:00:00+01:00;25.3;38.06722095
1900-06-18 14:00:00+01:00;26.3;37.45465347
1900-06-18 15:00:00+01:00;26.3;35.81924832
1900-06-18 16:00:00+01:00;27.2;32.73918384
1900-06-18 17:00:00+01:00;26.1;29.35871614
1900-06-18 18:00:00+01:00;26.7;26.50988965
1900-06-18 19:00:00+01:00;23.6;24.09522897
1900-06-18 20:00:00+01:00;20.7;22.48007203
1900-06-18 21:00:00+01:00;18.6;21.16359825
1900-06-18 22:00:00+01:00;16.1;20.06766251
1900-06-18 23:00:00+01:00;14.2;19.20446222
1900-06-19 00:00:00+01:00;12.2;18.32041211
1900-06-19 01:00:00+01:00;12.1;18.99343366
1900-06-19 02:00:00+01:00;12.9;19.47759227
1900-06-19 03:00:00+01:00;12.8;20.12774101
1900-06-19 04:00:00+01:00;12.6;21.2172306
1900-06-19 05:00:00+01:00;12.5;22.80788234
1900-06-19 06:00:00+01:00;12.6;27.37865181
1900-06-19 07:00:00+01:00;12.4;28.50363001
1900-06-19 08:00:00+01:00;12.7;27.52781994
1900-06-19 09:00:00+01:00;13.9;36.45208808
1900-06-19 10:00:00+01:00;14.2;38.32030677
1900-06-19 11:00:00+01:00;13;33.86567605
1900-06-19 12:00:00+01:00;13.3;33.37422704
1900-06-19 13:00:00+01:00;13.5;38.06722095
1900-06-19 14:00:00+01:00;17;37.45465347
1900-06-19 15:00:00+01:00;16.7;35.81924832
1900-06-19 16:00:00+01:00;17.1;32.73918384
1900-06-19 17:00:00+01:00;16.6;29.35871614
1900-06-19 18:00:00+01:00;16.2;26.50988965
1900-06-19 19:00:00+01:00;14.5;24.09522897
1900-06-19 20:00:00+01:00;13.6;22.48007203
1900-06-19 21:00:00+01:00;13.4;21.16359825
1900-06-19 22:00:00+01:00;12.7;20.06766251
1900-06-19 23:00:00+01:00;12.8;19.20446222
1900-06-20 00:00:00+01:00;12;18.32041211
1900-06-20 01:00:00+01:00;11.4;18.99343366
1900-06-20 02:00:00+01:00;10;19.05890017
1900-06-20 03:00:00+01:00;10.1;19.60477164
1900-06-20 04:00:00+01:00;11;21.2172306
1900-06-20 05:00:00+01:00;13.1;22.80788234
1900-06-20 06:00:00+01:00;14.9;27.37865181
1900-06-20 07:00:00+01:00;16.5;28.50363001
1900-06-20 08:00:00+01:00;18.4;32.62698961
1900-06-20 09:00:00+01:00;19.1;36.45208808
1900-06-20 10:00:00+01:00;20.8;38.32030677
1900-06-20 11:00:00+01:00;22.2;38.93829801
1900-06-20 12:00:00+01:00;22.7;38.34217702
1900-06-20 13:00:00+01:00;24.4;38.06722095
1900-06-20 14:00:00+01:00;23.3;37.45465347
1900-06-20 15:00:00+01:00;22;35.81924832
1900-06-20 16:00:00+01:00;21.5;32.73918384
1900-06-20 17:00:00+01:00;19.7;29.35871614
1900-06-20 18:00:00+01:00;18.3;26.50988965
1900-06-20 19:00:00+01:00;17;24.09522897
1900-06-20 20:00:00+01:00;15;22.48007203
1900-06-20 21:00:00+01:00;13;21.16359825
1900-06-20 22:00:00+01:00;11.4;18.89998941
1900-06-20 23:00:00+01:00;11.2;17.89842436
1900-06-21 00:00:00+01:00;11.2;16.87053179
1900-06-21 01:00:00+01:00;11;18.99343366
1900-06-21 02:00:00+01:00;11;19.47759227
1900-06-21 03:00:00+01:00;10.5;17.34720822
1900-06-21 04:00:00+01:00;10.7;17.97261708
1900-06-21 05:00:00+01:00;10.7;19.4292813
1900-06-21 06:00:00+01:00;10.2;26.89081445
1900-06-21 07:00:00+01:00;11.2;24.88910102
1900-06-21 08:00:00+01:00;12.9;32.62698961
1900-06-21 09:00:00+01:00;16.8;36.45208808
1900-06-21 10:00:00+01:00;19;38.32030677
1900-06-21 11:00:00+01:00;19.4;38.93829801
1900-06-21 12:00:00+01:00;19.2;38.34217702
1900-06-21 13:00:00+01:00;21.7;38.06722095
1900-06-21 14:00:00+01:00;20.7;37.45465347
1900-06-21 15:00:00+01:00;19.5;35.81924832
1900-06-21 16:00:00+01:00;17.6;32.73918384
1900-06-21 17:00:00+01:00;18.4;29.35871614
1900-06-21 18:00:00+01:00;17.1;26.50988965
1900-06-21 19:00:00+01:00;16.4;24.09522897
1900-06-21 20:00:00+01:00;15.3;22.48007203
1900-06-21 21:00:00+01:00;14.1;21.16359825
1900-06-21 22:00:00+01:00;13.9;20.06766251
1900-06-21 23:00:00+01:00;13;19.20446222
1900-06-22 00:00:00+01:00;12.2;18.32041211
1900-06-22 01:00:00+01:00;11.6;18.99343366
1900-06-22 02:00:00+01:00;11.5;19.47759227
1900-06-22 03:00:00+01:00;12.3;20.12774101
1900-06-22 04:00:00+01:00;13.4;21.2172306
1900-06-22 05:00:00+01:00;14;22.80788234
1900-06-22 06:00:00+01:00;14.5;27.37865181
1900-06-22 07:00:00+01:00;17.5;28.50363001
1900-06-22 08:00:00+01:00;17.7;32.62698961
1900-06-22 09:00:00+01:00;18.5;36.45208808
1900-06-22 10:00:00+01:00;19.9;38.32030677
1900-06-22 11:00:00+01:00;19.5;38.93829801
1900-06-22 12:00:00+01:00;21.6;38.34217702
1900-06-22 13:00:00+01:00;21;38.06722095
1900-06-22 14:00:00+01:00;21.2;37.45465347
1900-06-22 15:00:00+01:00;21;35.81924832
1900-06-22 16:00:00+01:00;18.8;32.73918384
1900-06-22 17:00:00+01:00;15.1;29.35871614
1900-06-22 18:00:00+01:00;17.9;26.50988965
1900-06-22 19:00:00+01:00;18;24.09522897
1900-06-22 20:00:00+01:00;17.4;22.48007203
1900-06-22 21:00:00+01:00;17;21.16359825
1900-06-22 22:00:00+01:00;15.8;20.06766251
1900-06-22 23:00:00+01:00;16.7;19.20446222
1900-06-23 00:00:00+01:00;15.5;18.39156075
1900-06-23 01:00:00+01:00;14.7;17.97825914
1900-06-23 02:00:00+01:00;12.4;17.49121506
1900-06-23 03:00:00+01:00;14.4;18.11243042
1900-06-23 04:00:00+01:00;15;18.60606383
1900-06-23 05:00:00+01:00;15.6;19.11039956
1900-06-23 06:00:00+01:00;16.6;20.17641126
1900-06-23 07:00:00+01:00;15.2;21.1456509
1900-06-23 08:00:00+01:00;16.3;24.05344942
1900-06-23 09:00:00+01:00;16.3;23.75634367
1900-06-23 10:00:00+01:00;17.5;25.08734486
1900-06-23 11:00:00+01:00;17;24.87723618
1900-06-23 12:00:00+01:00;16.2;25.14269792
1900-06-23 13:00:00+01:00;18.3;25.10196095
1900-06-23 14:00:00+01:00;14.6;22.72425136
1900-06-23 15:00:00+01:00;15.4;24.23924971
1900-06-23 16:00:00+01:00;14.5;23.12506948
1900-06-23 17:00:00+01:00;15.2;22.38447859
1900-06-23 18:00:00+01:00;15;21.69590666
1900-06-23 19:00:00+01:00;14.5;20.86797494
1900-06-23 20:00:00+01:00;14.4;19.9091029
1900-06-23 21:00:00+01:00;14.2;18.73639946
1900-06-23 22:00:00+01:00;13.6;17.84141276
1900-06-23 23:00:00+01:00;12.4;17.71045453
1900-06-24 00:00:00+01:00;12;17.73069905
1900-06-24 01:00:00+01:00;11.7;17.65525173
1900-06-24 02:00:00+01:00;13.5;18.22306716
1900-06-24 03:00:00+01:00;13.6;18.11243042
1900-06-24 04:00:00+01:00;12.7;18.60606383
1900-06-24 05:00:00+01:00;12.5;19.02529013
1900-06-24 06:00:00+01:00;12.3;20.50694655
1900-06-24 07:00:00+01:00;9;24.25917443
1900-06-24 08:00:00+01:00;9.8;27.72495507
1900-06-24 09:00:00+01:00;9.7;25.59311301
1900-06-24 10:00:00+01:00;11.5;27.48646931
1900-06-24 11:00:00+01:00;11.4;26.97405935
1900-06-24 12:00:00+01:00;13.1;26.38586633
1900-06-24 13:00:00+01:00;15.4;25.10196095
1900-06-24 14:00:00+01:00;16.4;24.61899465
1900-06-24 15:00:00+01:00;11.7;27.43869952
1900-06-24 16:00:00+01:00;14.9;23.12506948
1900-06-24 17:00:00+01:00;14;22.065584
1900-06-24 18:00:00+01:00;14.7;21.69590666
1900-06-24 19:00:00+01:00;12.4;21.13241639
1900-06-24 20:00:00+01:00;11.5;21.65958608
1900-06-24 21:00:00+01:00;11.3;20.50523418
1900-06-24 22:00:00+01:00;10.4;20.37310412
1900-06-24 23:00:00+01:00;10.3;20.48515934
1900-06-25 00:00:00+01:00;10.2;19.80808816
1900-06-25 01:00:00+01:00;9.2;20.62324411
1900-06-25 02:00:00+01:00;9.4;20.73070881
1900-06-25 03:00:00+01:00;8.9;21.8883948
1900-06-25 04:00:00+01:00;9.2;22.91300118
1900-06-25 05:00:00+01:00;10;24.57279791
1900-06-25 06:00:00+01:00;10.4;31.98633416
1900-06-25 07:00:00+01:00;10.5;30.4784871
1900-06-25 08:00:00+01:00;13;32.62698961
1900-06-25 09:00:00+01:00;13.8;36.45208808
1900-06-25 10:00:00+01:00;14.4;38.32030677
1900-06-25 11:00:00+01:00;16.4;38.93829801
1900-06-25 12:00:00+01:00;17.2;38.34217702
1900-06-25 13:00:00+01:00;16.5;38.06722095
1900-06-25 14:00:00+01:00;17.4;37.45465347
1900-06-25 15:00:00+01:00;17.2;35.81924832
1900-06-25 16:00:00+01:00;17.4;32.73918384
1900-06-25 17:00:00+01:00;16.7;29.35871614
1900-06-25 18:00:00+01:00;15.7;26.50988965
1900-06-25 19:00:00+01:00;15.5;24.09522897
1900-06-25 20:00:00+01:00;14.2;22.48007203
1900-06-25 21:00:00+01:00;12.7;21.16359825
1900-06-25 22:00:00+01:00;12.3;19.91887662
1900-06-25 23:00:00+01:00;10.5;19.62919483
1900-06-26 00:00:00+01:00;8.3;20.3640753
1900-06-26 01:00:00+01:00;7.2;21.06604697
1900-06-26 02:00:00+01:00;5.8;22.39230553
1900-06-26 03:00:00+01:00;6.3;22.73721826
1900-06-26 04:00:00+01:00;8;22.83905406
1900-06-26 05:00:00+01:00;8.8;24.17216703
1900-06-26 06:00:00+01:00;11.2;30.06737848
1900-06-26 07:00:00+01:00;13.4;28.50363001
1900-06-26 08:00:00+01:00;16;32.62698961
1900-06-26 09:00:00+01:00;18;36.45208808
1900-06-26 10:00:00+01:00;17.7;38.32030677
1900-06-26 11:00:00+01:00;19;38.93829801
1900-06-26 12:00:00+01:00;18.6;38.34217702
1900-06-26 13:00:00+01:00;20.3;38.06722095
1900-06-26 14:00:00+01:00;19.3;37.45465347
1900-06-26 15:00:00+01:00;19.3;35.81924832
1900-06-26 16:00:00+01:00;19.1;32.73918384
1900-06-26 17:00:00+01:00;18.3;29.35871614
1900-06-26 18:00:00+01:00;18;26.50988965
1900-06-26 19:00:00+01:00;14.8;24.09522897
1900-06-26 20:00:00+01:00;13.8;22.48007203
1900-06-26 21:00:00+01:00;13.4;21.16359825
1900-06-26 22:00:00+01:00;11.6;19.84774654
1900-06-26 23:00:00+01:00;10.2;19.22854035
1900-06-27 00:00:00+01:00;10.1;18.45111676
1900-06-27 01:00:00+01:00;9.5;18.74642643
1900-06-27 02:00:00+01:00;8;19.91940536
1900-06-27 03:00:00+01:00;8.7;19.83944888
1900-06-27 04:00:00+01:00;9.7;20.36650297
1900-06-27 05:00:00+01:00;10.6;21.37232797
1900-06-27 06:00:00+01:00;13.3;27.37865181
1900-06-27 07:00:00+01:00;14.9;28.50363001
1900-06-27 08:00:00+01:00;16.6;32.62698961
1900-06-27 09:00:00+01:00;19;36.45208808
1900-06-27 10:00:00+01:00;20.2;38.32030677
1900-06-27 11:00:00+01:00;21.9;38.93829801
1900-06-27 12:00:00+01:00;22.3;38.34217702
1900-06-27 13:00:00+01:00;21.7;38.06722095
1900-06-27 14:00:00+01:00;20.5;37.45465347
1900-06-27 15:00:00+01:00;20.4;35.81924832
1900-06-27 16:00:00+01:00;23.2;32.73918384
1900-06-27 17:00:00+01:00;22;29.35871614
1900-06-27 18:00:00+01:00;22.3;26.50988965
1900-06-27 19:00:00+01:00;20.2;24.09522897
1900-06-27 20:00:00+01:00;18.6;22.48007203
1900-06-27 21:00:00+01:00;16.6;21.16359825
1900-06-27 22:00:00+01:00;14.8;20.06766251
1900-06-27 23:00:00+01:00;11.6;17.8749016
1900-06-28 00:00:00+01:00;9.9;16.95041551
1900-06-28 01:00:00+01:00;9.3;17.30552322
1900-06-28 02:00:00+01:00;7;18.92523859
1900-06-28 03:00:00+01:00;7;19.28967564
1900-06-28 04:00:00+01:00;10;18.62618308
1900-06-28 05:00:00+01:00;12.7;22.80788234
1900-06-28 06:00:00+01:00;15.9;27.37865181
1900-06-28 07:00:00+01:00;17.4;28.50363001
1900-06-28 08:00:00+01:00;19;32.62698961
1900-06-28 09:00:00+01:00;20.5;36.45208808
1900-06-28 10:00:00+01:00;22.9;38.32030677
1900-06-28 11:00:00+01:00;24.3;38.93829801
1900-06-28 12:00:00+01:00;24;38.34217702
1900-06-28 13:00:00+01:00;23.1;38.06722095
1900-06-28 14:00:00+01:00;24.6;37.45465347
1900-06-28 15:00:00+01:00;24.6;35.81924832
1900-06-28 16:00:00+01:00;23.9;32.73918384
1900-06-28 17:00:00+01:00;22.9;29.35871614
1900-06-28 18:00:00+01:00;23.5;26.50988965
1900-06-28 19:00:00+01:00;20.1;24.09522897
1900-06-28 20:00:00+01:00;17.8;22.48007203
1900-06-28 21:00:00+01:00;16;21.16359825
1900-06-28 22:00:00+01:00;13.8;20.06766251
1900-06-28 23:00:00+01:00;13.8;19.20446222
1900-06-29 00:00:00+01:00;13.7;18.32041211
1900-06-29 01:00:00+01:00;13.2;18.99343366
1900-06-29 02:00:00+01:00;12.8;19.47759227
1900-06-29 03:00:00+01:00;13.4;20.12774101
1900-06-29 04:00:00+01:00;13.7;21.2172306
1900-06-29 05:00:00+01:00;14.2;22.80788234
1900-06-29 06:00:00+01:00;14.6;27.37865181
1900-06-29 07:00:00+01:00;16.2;28.50363001
1900-06-29 08:00:00+01:00;16.2;32.62698961
1900-06-29 09:00:00+01:00;16.2;36.45208808
1900-06-29 10:00:00+01:00;14.7;38.32030677
1900-06-29 11:00:00+01:00;14.7;38.93829801
1900-06-29 12:00:00+01:00;16;38.34217702
1900-06-29 13:00:00+01:00;16.3;38.06722095
1900-06-29 14:00:00+01:00;16;37.45465347
1900-06-29 15:00:00+01:00;16.6;35.81924832
1900-06-29 16:00:00+01:00;16.5;32.73918384
1900-06-29 17:00:00+01:00;15.7;29.35871614
1900-06-29 18:00:00+01:00;15.2;26.50988965
1900-06-29 19:00:00+01:00;15;24.09522897
1900-06-29 20:00:00+01:00;15.1;22.48007203
1900-06-29 21:00:00+01:00;14.6;21.16359825
1900-06-29 22:00:00+01:00;14.6;20.06766251
1900-06-29 23:00:00+01:00;14.3;19.20446222
1900-06-30 00:00:00+01:00;14;18.39156075
1900-06-30 01:00:00+01:00;13.6;17.97825914
1900-06-30 02:00:00+01:00;12.9;18.22306716
1900-06-30 03:00:00+01:00;13.6;18.11243042
1900-06-30 04:00:00+01:00;13.1;18.60606383
1900-06-30 05:00:00+01:00;13;18.47718733
1900-06-30 06:00:00+01:00;13.9;20.17641126
1900-06-30 07:00:00+01:00;15;21.1456509
1900-06-30 08:00:00+01:00;16.3;24.05344942
1900-06-30 09:00:00+01:00;17.8;23.75634367
1900-06-30 10:00:00+01:00;18.5;25.08734486
1900-06-30 11:00:00+01:00;18.2;24.87723618
1900-06-30 12:00:00+01:00;19;25.14269792
1900-06-30 13:00:00+01:00;17.3;25.10196095
1900-06-30 14:00:00+01:00;17;24.61899465
1900-06-30 15:00:00+01:00;15.5;24.23924971
1900-06-30 16:00:00+01:00;15.4;23.12506948
1900-06-30 17:00:00+01:00;15.7;22.38447859
1900-06-30 18:00:00+01:00;15.2;21.69590666
1900-06-30 19:00:00+01:00;15.6;20.86797494
1900-06-30 20:00:00+01:00;15.6;19.9091029
1900-06-30 21:00:00+01:00;14.2;18.73639946
1900-06-30 22:00:00+01:00;14.5;17.84141276
1900-06-30 23:00:00+01:00;14.3;17.81236576
1900-07-01 00:00:00+01:00;14.4;18.39156075
1900-07-01 01:00:00+01:00;14.3;17.97825914
1900-07-01 02:00:00+01:00;13.9;18.22306716
1900-07-01 03:00:00+01:00;13.7;18.11243042
1900-07-01 04:00:00+01:00;14.3;18.60606383
1900-07-01 05:00:00+01:00;14.8;19.11039956
1900-07-01 06:00:00+01:00;15.2;20.17641126
1900-07-01 07:00:00+01:00;15.5;21.1456509
1900-07-01 08:00:00+01:00;16.7;24.05344942
1900-07-01 09:00:00+01:00;18.3;23.75634367
1900-07-01 10:00:00+01:00;21.7;25.08734486
1900-07-01 11:00:00+01:00;23.4;24.87723618
1900-07-01 12:00:00+01:00;24.4;25.14269792
1900-07-01 13:00:00+01:00;24.9;25.10196095
1900-07-01 14:00:00+01:00;24.4;24.61899465
1900-07-01 15:00:00+01:00;24.6;24.23924971
1900-07-01 16:00:00+01:00;24.3;23.12506948
1900-07-01 17:00:00+01:00;24;22.38447859
1900-07-01 18:00:00+01:00;23.2;21.69590666
1900-07-01 19:00:00+01:00;22.4;20.86797494
1900-07-01 20:00:00+01:00;21;19.9091029
1900-07-01 21:00:00+01:00;19.4;18.73639946
1900-07-01 22:00:00+01:00;18.4;17.84141276
1900-07-01 23:00:00+01:00;18.3;17.81236576
1900-07-02 00:00:00+01:00;18.5;18.32041211
1900-07-02 01:00:00+01:00;18.4;18.99343366
1900-07-02 02:00:00+01:00;18.2;19.47759227
1900-07-02 03:00:00+01:00;18.2;20.12774101
1900-07-02 04:00:00+01:00;17.5;21.2172306
1900-07-02 05:00:00+01:00;17.2;22.80788234
1900-07-02 06:00:00+01:00;17;27.37865181
1900-07-02 07:00:00+01:00;17.4;28.50363001
1900-07-02 08:00:00+01:00;18;32.62698961
1900-07-02 09:00:00+01:00;18.3;36.45208808
1900-07-02 10:00:00+01:00;19.3;38.32030677
1900-07-02 11:00:00+01:00;20.6;38.93829801
1900-07-02 12:00:00+01:00;23.5;38.34217702
1900-07-02 13:00:00+01:00;25.9;38.06722095
1900-07-02 14:00:00+01:00;27.4;37.45465347
1900-07-02 15:00:00+01:00;27.6;35.81924832
1900-07-02 16:00:00+01:00;28.4;32.73918384
1900-07-02 17:00:00+01:00;28.1;29.35871614
1900-07-02 18:00:00+01:00;27.1;26.50988965
1900-07-02 19:00:00+01:00;26.6;24.09522897
1900-07-02 20:00:00+01:00;25.2;22.48007203
1900-07-02 21:00:00+01:00;23;21.16359825
1900-07-02 22:00:00+01:00;21.7;20.06766251
1900-07-02 23:00:00+01:00;20.5;19.20446222
1900-07-03 00:00:00+01:00;19.2;18.32041211
1900-07-03 01:00:00+01:00;18.6;18.99343366
1900-07-03 02:00:00+01:00;17.9;19.47759227
1900-07-03 03:00:00+01:00;17.8;20.12774101
1900-07-03 04:00:00+01:00;18;21.2172306
1900-07-03 05:00:00+01:00;18.7;22.80788234
1900-07-03 06:00:00+01:00;21.1;27.37865181
1900-07-03 07:00:00+01:00;24;28.50363001
1900-07-03 08:00:00+01:00;26.1;32.62698961
1900-07-03 09:00:00+01:00;26.9;36.45208808
1900-07-03 10:00:00+01:00;27;38.32030677
1900-07-03 11:00:00+01:00;27.5;38.93829801
1900-07-03 12:00:00+01:00;29;38.34217702
1900-07-03 13:00:00+01:00;28.6;38.06722095
1900-07-03 14:00:00+01:00;28.7;37.45465347
1900-07-03 15:00:00+01:00;29.8;35.81924832
1900-07-03 16:00:00+01:00;29.5;32.73918384
1900-07-03 17:00:00+01:00;28;29.35871614
1900-07-03 18:00:00+01:00;27;26.50988965
1900-07-03 19:00:00+01:00;25.3;24.09522897
1900-07-03 20:00:00+01:00;23.1;22.48007203
1900-07-03 21:00:00+01:00;21.6;21.16359825
1900-07-03 22:00:00+01:00;20.1;20.06766251
1900-07-03 23:00:00+01:00;19.5;19.20446222
1900-07-04 00:00:00+01:00;19.1;18.32041211
1900-07-04 01:00:00+01:00;18.8;18.99343366
1900-07-04 02:00:00+01:00;18.8;19.47759227
1900-07-04 03:00:00+01:00;18.1;20.12774101
1900-07-04 04:00:00+01:00;16.4;21.2172306
1900-07-04 05:00:00+01:00;16;22.80788234
1900-07-04 06:00:00+01:00;16.3;27.37865181
1900-07-04 07:00:00+01:00;17.4;28.50363001
1900-07-04 08:00:00+01:00;18.4;32.62698961
1900-07-04 09:00:00+01:00;19.7;36.45208808
1900-07-04 10:00:00+01:00;20.8;38.32030677
1900-07-04 11:00:00+01:00;19.6;38.93829801
1900-07-04 12:00:00+01:00;19.6;38.34217702
1900-07-04 13:00:00+01:00;20;38.06722095
1900-07-04 14:00:00+01:00;20.3;37.45465347
1900-07-04 15:00:00+01:00;19.7;35.81924832
1900-07-04 16:00:00+01:00;19.8;32.73918384
1900-07-04 17:00:00+01:00;20.4;29.35871614
1900-07-04 18:00:00+01:00;19.7;26.50988965
1900-07-04 19:00:00+01:00;18.5;24.09522897
1900-07-04 20:00:00+01:00;17.6;22.48007203
1900-07-04 21:00:00+01:00;16.5;21.16359825
1900-07-04 22:00:00+01:00;15.7;20.06766251
1900-07-04 23:00:00+01:00;15.3;19.20446222
1900-07-05 00:00:00+01:00;14.9;18.32041211
1900-07-05 01:00:00+01:00;14.8;18.99343366
1900-07-05 02:00:00+01:00;14.2;19.47759227
1900-07-05 03:00:00+01:00;13.7;20.12774101
1900-07-05 04:00:00+01:00;13.5;21.2172306
1900-07-05 05:00:00+01:00;13.2;22.80788234
1900-07-05 06:00:00+01:00;14.6;27.37865181
1900-07-05 07:00:00+01:00;15.6;28.50363001
1900-07-05 08:00:00+01:00;16.5;32.62698961
1900-07-05 09:00:00+01:00;17.7;36.45208808
1900-07-05 10:00:00+01:00;17.8;38.32030677
1900-07-05 11:00:00+01:00;17.4;38.93829801
1900-07-05 12:00:00+01:00;17.7;38.34217702
1900-07-05 13:00:00+01:00;17.9;38.06722095
1900-07-05 14:00:00+01:00;18.6;37.45465347
1900-07-05 15:00:00+01:00;19.8;35.81924832
1900-07-05 16:00:00+01:00;19.1;32.73918384
1900-07-05 17:00:00+01:00;18.7;29.35871614
1900-07-05 18:00:00+01:00;17.9;26.50988965
1900-07-05 19:00:00+01:00;17.5;24.09522897
1900-07-05 20:00:00+01:00;16.8;22.48007203
1900-07-05 21:00:00+01:00;16.1;21.16359825
1900-07-05 22:00:00+01:00;15;20.06766251
1900-07-05 23:00:00+01:00;13.8;19.20446222
1900-07-06 00:00:00+01:00;12.3;18.32041211
1900-07-06 01:00:00+01:00;11.6;18.99343366
1900-07-06 02:00:00+01:00;11;19.47759227
1900-07-06 03:00:00+01:00;10.4;17.45276269
1900-07-06 04:00:00+01:00;11.5;21.2172306
1900-07-06 05:00:00+01:00;12.4;22.80788234
1900-07-06 06:00:00+01:00;13.5;27.37865181
1900-07-06 07:00:00+01:00;15.2;28.50363001
1900-07-06 08:00:00+01:00;15.6;32.62698961
1900-07-06 09:00:00+01:00;16.8;36.45208808
1900-07-06 10:00:00+01:00;18;38.32030677
1900-07-06 11:00:00+01:00;20;38.93829801
1900-07-06 12:00:00+01:00;20.9;38.34217702
1900-07-06 13:00:00+01:00;21.5;38.06722095
1900-07-06 14:00:00+01:00;22;37.45465347
1900-07-06 15:00:00+01:00;22.5;35.81924832
1900-07-06 16:00:00+01:00;22.4;32.73918384
1900-07-06 17:00:00+01:00;21.6;29.35871614
1900-07-06 18:00:00+01:00;21.1;26.50988965
1900-07-06 19:00:00+01:00;20.1;24.09522897
1900-07-06 20:00:00+01:00;18.6;22.48007203
1900-07-06 21:00:00+01:00;17.7;21.16359825
1900-07-06 22:00:00+01:00;16.6;20.06766251
1900-07-06 23:00:00+01:00;15.6;19.20446222
1900-07-07 00:00:00+01:00;15.3;18.39156075
1900-07-07 01:00:00+01:00;15.2;17.97825914
1900-07-07 02:00:00+01:00;15.3;18.22306716
1900-07-07 03:00:00+01:00;15.1;18.11243042
1900-07-07 04:00:00+01:00;15.6;18.60606383
1900-07-07 05:00:00+01:00;17.3;19.11039956
1900-07-07 06:00:00+01:00;17.5;20.17641126
1900-07-07 07:00:00+01:00;17.2;21.1456509
1900-07-07 08:00:00+01:00;17.5;24.05344942
1900-07-07 09:00:00+01:00;17.4;23.75634367
1900-07-07 10:00:00+01:00;17.2;25.08734486
1900-07-07 11:00:00+01:00;17.8;24.87723618
1900-07-07 12:00:00+01:00;17.6;25.14269792
1900-07-07 13:00:00+01:00;18;25.10196095
1900-07-07 14:00:00+01:00;16.8;24.61899465
1900-07-07 15:00:00+01:00;17;24.23924971
1900-07-07 16:00:00+01:00;16.2;23.12506948
1900-07-07 17:00:00+01:00;15.7;22.38447859
1900-07-07 18:00:00+01:00;14.4;21.69590666
1900-07-07 19:00:00+01:00;14.2;20.86797494
1900-07-07 20:00:00+01:00;14.1;19.9091029
1900-07-07 21:00:00+01:00;13.6;18.73639946
1900-07-07 22:00:00+01:00;13.2;17.84141276
1900-07-07 23:00:00+01:00;13.3;17.81236576
1900-07-08 00:00:00+01:00;13.1;18.39156075
1900-07-08 01:00:00+01:00;13.1;17.97825914
1900-07-08 02:00:00+01:00;13.4;18.22306716
1900-07-08 03:00:00+01:00;13.3;18.11243042
1900-07-08 04:00:00+01:00;13.3;18.60606383
1900-07-08 05:00:00+01:00;13.5;19.11039956
1900-07-08 06:00:00+01:00;14;20.17641126
1900-07-08 07:00:00+01:00;14.3;21.1456509
1900-07-08 08:00:00+01:00;15;24.05344942
1900-07-08 09:00:00+01:00;15.9;23.75634367
1900-07-08 10:00:00+01:00;16.1;25.08734486
1900-07-08 11:00:00+01:00;15.5;24.87723618
1900-07-08 12:00:00+01:00;17;25.14269792
1900-07-08 13:00:00+01:00;17.1;25.10196095
1900-07-08 14:00:00+01:00;17.1;24.61899465
1900-07-08 15:00:00+01:00;16.9;24.23924971
1900-07-08 16:00:00+01:00;15.8;23.12506948
1900-07-08 17:00:00+01:00;15.3;22.38447859
1900-07-08 18:00:00+01:00;15.2;21.69590666
1900-07-08 19:00:00+01:00;15;20.86797494
1900-07-08 20:00:00+01:00;14.9;19.9091029
1900-07-08 21:00:00+01:00;14.6;18.73639946
1900-07-08 22:00:00+01:00;14.3;17.84141276
1900-07-08 23:00:00+01:00;14.5;17.81236576
1900-07-09 00:00:00+01:00;14.5;18.33170705
1900-07-09 01:00:00+01:00;14.4;17.99138444
1900-07-09 02:00:00+01:00;14;18.16676816
1900-07-09 03:00:00+01:00;14.1;18.19611192
1900-07-09 04:00:00+01:00;14.1;18.65973753
1900-07-09 05:00:00+01:00;14;19.36163206
1900-07-09 06:00:00+01:00;14.4;21.01614766
1900-07-09 07:00:00+01:00;11.4;23.79560814
1900-07-09 08:00:00+01:00;10.9;29.80074083
1900-07-09 09:00:00+01:00;10.7;28.8889609
1900-07-09 10:00:00+01:00;11;32.1547033
1900-07-09 11:00:00+01:00;11.7;30.99006871
1900-07-09 12:00:00+01:00;11.7;31.78684016
1900-07-09 13:00:00+01:00;11.6;32.10336257
1900-07-09 14:00:00+01:00;12;31.32986185
1900-07-09 15:00:00+01:00;12.4;30.14981696
1900-07-09 16:00:00+01:00;12.5;26.12836697
1900-07-09 17:00:00+01:00;14.6;24.17851859
1900-07-09 18:00:00+01:00;14.2;22.78581266
1900-07-09 19:00:00+01:00;13.9;21.36608894
1900-07-09 20:00:00+01:00;13.1;20.3532989
1900-07-09 21:00:00+01:00;12.7;19.30958268
1900-07-09 22:00:00+01:00;12.6;18.53478129
1900-07-09 23:00:00+01:00;12.6;18.59774684
1900-07-10 00:00:00+01:00;12.2;18.87200078
1900-07-10 01:00:00+01:00;12;19.13911218
1900-07-10 02:00:00+01:00;12.2;18.86451156
1900-07-10 03:00:00+01:00;12.1;19.31950615
1900-07-10 04:00:00+01:00;12.4;18.65973753
1900-07-10 05:00:00+01:00;12.7;20.55143768
1900-07-10 06:00:00+01:00;13;22.39483028
1900-07-10 07:00:00+01:00;13.4;23.37948126
1900-07-10 08:00:00+01:00;14.6;27.67841362
1900-07-10 09:00:00+01:00;14.8;28.65758567
1900-07-10 10:00:00+01:00;15.7;30.35758916
1900-07-10 11:00:00+01:00;16;30.11932718
1900-07-10 12:00:00+01:00;16.3;29.99404192
1900-07-10 13:00:00+01:00;16.3;29.81850295
1900-07-10 14:00:00+01:00;16.5;29.05915265
1900-07-10 15:00:00+01:00;16.8;27.97555271
1900-07-10 16:00:00+01:00;18.2;25.75603748
1900-07-10 17:00:00+01:00;17.6;24.17851859
1900-07-10 18:00:00+01:00;16.6;22.78581266
1900-07-10 19:00:00+01:00;15.4;21.36608894
1900-07-10 20:00:00+01:00;15.3;20.3532989
1900-07-10 21:00:00+01:00;14.8;19.00358216
1900-07-10 22:00:00+01:00;13.9;18.08631286
1900-07-10 23:00:00+01:00;12.4;17.77391273
1900-07-11 00:00:00+01:00;11.6;18.09957296
1900-07-11 01:00:00+01:00;11.2;18.25671893
1900-07-11 02:00:00+01:00;11.3;18.05951642
1900-07-11 03:00:00+01:00;11.1;18.61104972
1900-07-11 04:00:00+01:00;10.8;19.16496537
1900-07-11 05:00:00+01:00;11.5;20.26530762
1900-07-11 06:00:00+01:00;11.8;21.8380725
1900-07-11 07:00:00+01:00;13;23.11677023
1900-07-11 08:00:00+01:00;14.6;27.67841362
1900-07-11 09:00:00+01:00;17;28.65758567
1900-07-11 10:00:00+01:00;17.4;30.35758916
1900-07-11 11:00:00+01:00;18.9;30.11932718
1900-07-11 12:00:00+01:00;19.6;29.99404192
1900-07-11 13:00:00+01:00;18.1;29.81850295
1900-07-11 14:00:00+01:00;19.1;29.05915265
1900-07-11 15:00:00+01:00;18.2;27.97555271
1900-07-11 16:00:00+01:00;16.8;25.75603748
1900-07-11 17:00:00+01:00;16.4;24.17851859
1900-07-11 18:00:00+01:00;16;22.78581266
1900-07-11 19:00:00+01:00;16;21.36608894
1900-07-11 20:00:00+01:00;15.2;20.3532989
1900-07-11 21:00:00+01:00;15;19.00358216
1900-07-11 22:00:00+01:00;14.5;18.08631286
1900-07-11 23:00:00+01:00;14.2;17.87582396
1900-07-12 00:00:00+01:00;13.8;18.33170705
1900-07-12 01:00:00+01:00;13.6;17.99138444
1900-07-12 02:00:00+01:00;13;18.16676816
1900-07-12 03:00:00+01:00;12.5;17.33598615
1900-07-12 04:00:00+01:00;12.5;18.65973753
1900-07-12 05:00:00+01:00;12.4;18.93246709
1900-07-12 06:00:00+01:00;12.6;20.51386405
1900-07-12 07:00:00+01:00;14.3;23.0180438
1900-07-12 08:00:00+01:00;15.2;27.67841362
1900-07-12 09:00:00+01:00;15.8;28.65758567
1900-07-12 10:00:00+01:00;16.5;30.35758916
1900-07-12 11:00:00+01:00;17.2;30.11932718
1900-07-12 12:00:00+01:00;14.6;29.99404192
1900-07-12 13:00:00+01:00;12.2;30.72973073
1900-07-12 14:00:00+01:00;13.8;28.9406207
1900-07-12 15:00:00+01:00;15.6;27.97555271
1900-07-12 16:00:00+01:00;15.7;25.75603748
1900-07-12 17:00:00+01:00;15.4;24.17851859
1900-07-12 18:00:00+01:00;14.5;22.78581266
1900-07-12 19:00:00+01:00;14.2;21.36608894
1900-07-12 20:00:00+01:00;12.9;19.86398016
1900-07-12 21:00:00+01:00;12;19.02180649
1900-07-12 22:00:00+01:00;11;18.97167619
1900-07-12 23:00:00+01:00;9.9;19.53305569
1900-07-13 00:00:00+01:00;10.2;19.76771098
1900-07-13 01:00:00+01:00;10.2;19.69923605
1900-07-13 02:00:00+01:00;9.8;19.8859254
1900-07-13 03:00:00+01:00;8.6;21.14233084
1900-07-13 04:00:00+01:00;9.2;21.15305511
1900-07-13 05:00:00+01:00;11.2;21.33585518
1900-07-13 06:00:00+01:00;12.6;22.19470422
1900-07-13 07:00:00+01:00;12.8;24.21931471
1900-07-13 08:00:00+01:00;12.3;31.48636966
1900-07-13 09:00:00+01:00;13.5;28.65758567
1900-07-13 10:00:00+01:00;13.9;30.62004551
1900-07-13 11:00:00+01:00;14.4;30.11932718
1900-07-13 12:00:00+01:00;15;29.99404192
1900-07-13 13:00:00+01:00;16.2;29.81850295
1900-07-13 14:00:00+01:00;16.8;29.05915265
1900-07-13 15:00:00+01:00;17;27.97555271
1900-07-13 16:00:00+01:00;16.8;25.75603748
1900-07-13 17:00:00+01:00;17.2;24.17851859
1900-07-13 18:00:00+01:00;16.9;22.78581266
1900-07-13 19:00:00+01:00;15.5;21.36608894
1900-07-13 20:00:00+01:00;14.9;20.3532989
1900-07-13 21:00:00+01:00;14.4;19.00358216
1900-07-13 22:00:00+01:00;12.9;17.95242823
1900-07-13 23:00:00+01:00;11.8;18.63796027
1900-07-14 00:00:00+01:00;11.8;18.7165111
1900-07-14 01:00:00+01:00;10.5;19.44823672
1900-07-14 02:00:00+01:00;9.6;19.85088281
1900-07-14 03:00:00+01:00;8;21.25890018
1900-07-14 04:00:00+01:00;9.3;20.73788367
1900-07-14 05:00:00+01:00;10.6;21.49262639
1900-07-14 06:00:00+01:00;13;21.5544102
1900-07-14 07:00:00+01:00;14;23.0180438
1900-07-14 08:00:00+01:00;14.7;27.67841362
1900-07-14 09:00:00+01:00;15.8;28.65758567
1900-07-14 10:00:00+01:00;16.1;30.35758916
1900-07-14 11:00:00+01:00;17.1;30.11932718
1900-07-14 12:00:00+01:00;17.8;29.99404192
1900-07-14 13:00:00+01:00;19;29.81850295
1900-07-14 14:00:00+01:00;19.9;29.05915265
1900-07-14 15:00:00+01:00;20;27.97555271
1900-07-14 16:00:00+01:00;20.4;25.75603748
1900-07-14 17:00:00+01:00;20.5;24.17851859
1900-07-14 18:00:00+01:00;18.5;22.78581266
1900-07-14 19:00:00+01:00;17.5;21.36608894
1900-07-14 20:00:00+01:00;16.2;20.3532989
1900-07-14 21:00:00+01:00;15.5;19.00358216
1900-07-14 22:00:00+01:00;14.3;18.08631286
1900-07-14 23:00:00+01:00;13.4;17.87582396
1900-07-15 00:00:00+01:00;12.6;18.33170705
1900-07-15 01:00:00+01:00;12.3;17.2063043
1900-07-15 02:00:00+01:00;12;17.43491606
1900-07-15 03:00:00+01:00;12.1;17.33598615
1900-07-15 04:00:00+01:00;12.5;18.65973753
1900-07-15 05:00:00+01:00;12.8;18.40415009
1900-07-15 06:00:00+01:00;14.1;21.01614766
1900-07-15 07:00:00+01:00;15.8;23.0180438
1900-07-15 08:00:00+01:00;16.4;27.67841362
1900-07-15 09:00:00+01:00;18.8;28.65758567
1900-07-15 10:00:00+01:00;20.2;30.35758916
1900-07-15 11:00:00+01:00;21.4;30.11932718
1900-07-15 12:00:00+01:00;20.3;29.99404192
1900-07-15 13:00:00+01:00;22.1;29.81850295
1900-07-15 14:00:00+01:00;21.1;29.05915265
1900-07-15 15:00:00+01:00;21;27.97555271
1900-07-15 16:00:00+01:00;21.2;25.75603748
1900-07-15 17:00:00+01:00;21;24.17851859
1900-07-15 18:00:00+01:00;21;22.78581266
1900-07-15 19:00:00+01:00;20.3;21.36608894
1900-07-15 20:00:00+01:00;19.9;20.3532989
1900-07-15 21:00:00+01:00;19.3;19.00358216
1900-07-15 22:00:00+01:00;18.4;18.08631286
1900-07-15 23:00:00+01:00;17.4;17.87582396
1900-07-16 00:00:00+01:00;16.4;18.33170705
1900-07-16 01:00:00+01:00;15.4;17.99138444
1900-07-16 02:00:00+01:00;15.1;18.16676816
1900-07-16 03:00:00+01:00;15;18.19611192
1900-07-16 04:00:00+01:00;15.2;18.65973753
1900-07-16 05:00:00+01:00;15.4;19.36163206
1900-07-16 06:00:00+01:00;16.4;21.01614766
1900-07-16 07:00:00+01:00;17.6;23.0180438
1900-07-16 08:00:00+01:00;19;27.67841362
1900-07-16 09:00:00+01:00;18.6;28.65758567
1900-07-16 10:00:00+01:00;20.2;30.35758916
1900-07-16 11:00:00+01:00;20.7;30.11932718
1900-07-16 12:00:00+01:00;23;29.99404192
1900-07-16 13:00:00+01:00;22.9;29.81850295
1900-07-16 14:00:00+01:00;23.8;29.05915265
1900-07-16 15:00:00+01:00;23.5;27.97555271
1900-07-16 16:00:00+01:00;23;25.75603748
1900-07-16 17:00:00+01:00;23.1;24.17851859
1900-07-16 18:00:00+01:00;22.3;22.78581266
1900-07-16 19:00:00+01:00;22;21.36608894
1900-07-16 20:00:00+01:00;20.9;20.3532989
1900-07-16 21:00:00+01:00;18.7;19.00358216
1900-07-16 22:00:00+01:00;16.5;18.08631286
1900-07-16 23:00:00+01:00;15.9;17.87582396
1900-07-17 00:00:00+01:00;16;18.33170705
1900-07-17 01:00:00+01:00;15;17.99138444
1900-07-17 02:00:00+01:00;14.9;18.16676816
1900-07-17 03:00:00+01:00;14.2;18.19611192
1900-07-17 04:00:00+01:00;13.4;18.65973753
1900-07-17 05:00:00+01:00;14.5;19.36163206
1900-07-17 06:00:00+01:00;16.3;21.01614766
1900-07-17 07:00:00+01:00;18.3;23.0180438
1900-07-17 08:00:00+01:00;19.2;27.67841362
1900-07-17 09:00:00+01:00;19.9;28.65758567
1900-07-17 10:00:00+01:00;21;30.35758916
1900-07-17 11:00:00+01:00;22.2;30.11932718
1900-07-17 12:00:00+01:00;22.8;29.99404192
1900-07-17 13:00:00+01:00;24.1;29.81850295
1900-07-17 14:00:00+01:00;25;29.05915265
1900-07-17 15:00:00+01:00;23.7;27.97555271
1900-07-17 16:00:00+01:00;24.6;25.75603748
1900-07-17 17:00:00+01:00;22.8;24.17851859
1900-07-17 18:00:00+01:00;24.3;22.78581266
1900-07-17 19:00:00+01:00;23;21.36608894
1900-07-17 20:00:00+01:00;19.5;20.3532989
1900-07-17 21:00:00+01:00;18.1;19.00358216
1900-07-17 22:00:00+01:00;17.1;18.08631286
1900-07-17 23:00:00+01:00;16;17.87582396
1900-07-18 00:00:00+01:00;13.9;18.33170705
1900-07-18 01:00:00+01:00;12.8;17.99138444
1900-07-18 02:00:00+01:00;11.9;17.12835766
1900-07-18 03:00:00+01:00;11.5;16.9821946
1900-07-18 04:00:00+01:00;11.3;17.24931075
1900-07-18 05:00:00+01:00;12;17.86996494
1900-07-18 06:00:00+01:00;14.8;21.01614766
1900-07-18 07:00:00+01:00;16.3;23.0180438
1900-07-18 08:00:00+01:00;17.4;27.67841362
1900-07-18 09:00:00+01:00;19.4;28.65758567
1900-07-18 10:00:00+01:00;20.6;30.35758916
1900-07-18 11:00:00+01:00;23;30.11932718
1900-07-18 12:00:00+01:00;24.8;29.99404192
1900-07-18 13:00:00+01:00;25.6;29.81850295
1900-07-18 14:00:00+01:00;24;29.05915265
1900-07-18 15:00:00+01:00;25.4;27.97555271
1900-07-18 16:00:00+01:00;22.2;25.75603748
1900-07-18 17:00:00+01:00;21.9;24.17851859
1900-07-18 18:00:00+01:00;20.8;22.78581266
1900-07-18 19:00:00+01:00;18.4;21.36608894
1900-07-18 20:00:00+01:00;18;20.3532989
1900-07-18 21:00:00+01:00;17.7;19.00358216
1900-07-18 22:00:00+01:00;17;18.08631286
1900-07-18 23:00:00+01:00;16.2;17.87582396
1900-07-19 00:00:00+01:00;16.1;18.33170705
1900-07-19 01:00:00+01:00;15.5;17.99138444
1900-07-19 02:00:00+01:00;15;18.16676816
1900-07-19 03:00:00+01:00;15.5;18.19611192
1900-07-19 04:00:00+01:00;15.4;18.65973753
1900-07-19 05:00:00+01:00;15.3;19.36163206
1900-07-19 06:00:00+01:00;15.5;21.01614766
1900-07-19 07:00:00+01:00;15.1;23.0180438
1900-07-19 08:00:00+01:00;14;27.67841362
1900-07-19 09:00:00+01:00;14.2;28.65758567
1900-07-19 10:00:00+01:00;15.8;30.35758916
1900-07-19 11:00:00+01:00;16.4;30.11932718
1900-07-19 12:00:00+01:00;15.9;29.99404192
1900-07-19 13:00:00+01:00;17.8;29.81850295
1900-07-19 14:00:00+01:00;18.4;29.05915265
1900-07-19 15:00:00+01:00;19.2;27.97555271
1900-07-19 16:00:00+01:00;19;25.75603748
1900-07-19 17:00:00+01:00;18.4;24.17851859
1900-07-19 18:00:00+01:00;17.7;22.78581266
1900-07-19 19:00:00+01:00;16.6;21.36608894
1900-07-19 20:00:00+01:00;16.1;20.3532989
1900-07-19 21:00:00+01:00;14.8;19.00358216
1900-07-19 22:00:00+01:00;13.5;18.08631286
1900-07-19 23:00:00+01:00;13.2;17.87582396
1900-07-20 00:00:00+01:00;13;18.33170705
1900-07-20 01:00:00+01:00;13;17.99138444
1900-07-20 02:00:00+01:00;13.1;18.16676816
1900-07-20 03:00:00+01:00;13;18.19611192
1900-07-20 04:00:00+01:00;13;18.65973753
1900-07-20 05:00:00+01:00;13.4;19.36163206
1900-07-20 06:00:00+01:00;14;21.01614766
1900-07-20 07:00:00+01:00;13.7;23.25063587
1900-07-20 08:00:00+01:00;13.5;27.74497207
1900-07-20 09:00:00+01:00;13.8;28.65758567
1900-07-20 10:00:00+01:00;14.8;30.35758916
1900-07-20 11:00:00+01:00;16.1;30.11932718
1900-07-20 12:00:00+01:00;17.8;29.99404192
1900-07-20 13:00:00+01:00;19;29.81850295
1900-07-20 14:00:00+01:00;20.2;29.05915265
1900-07-20 15:00:00+01:00;15.5;27.97555271
1900-07-20 16:00:00+01:00;17.4;25.75603748
1900-07-20 17:00:00+01:00;19;24.17851859
1900-07-20 18:00:00+01:00;18.3;22.78581266
1900-07-20 19:00:00+01:00;18.2;21.36608894
1900-07-20 20:00:00+01:00;16.7;20.3532989
1900-07-20 21:00:00+01:00;15.3;19.00358216
1900-07-20 22:00:00+01:00;14.7;18.08631286
1900-07-20 23:00:00+01:00;14.3;17.87582396
1900-07-21 00:00:00+01:00;12.7;18.33170705
1900-07-21 01:00:00+01:00;13.3;17.99138444
1900-07-21 02:00:00+01:00;13.6;18.16676816
1900-07-21 03:00:00+01:00;13.9;18.19611192
1900-07-21 04:00:00+01:00;13.6;18.65973753
1900-07-21 05:00:00+01:00;13.8;19.36163206
1900-07-21 06:00:00+01:00;14.7;21.01614766
1900-07-21 07:00:00+01:00;15.4;23.0180438
1900-07-21 08:00:00+01:00;16.1;27.67841362
1900-07-21 09:00:00+01:00;18.6;28.65758567
1900-07-21 10:00:00+01:00;19.3;30.35758916
1900-07-21 11:00:00+01:00;19.5;30.11932718
1900-07-21 12:00:00+01:00;20.6;29.99404192
1900-07-21 13:00:00+01:00;21.8;29.81850295
1900-07-21 14:00:00+01:00;22.6;29.05915265
1900-07-21 15:00:00+01:00;24;27.97555271
1900-07-21 16:00:00+01:00;23.9;25.75603748
1900-07-21 17:00:00+01:00;22.4;24.17851859
1900-07-21 18:00:00+01:00;21;22.78581266
1900-07-21 19:00:00+01:00;20;21.36608894
1900-07-21 20:00:00+01:00;18.9;20.3532989
1900-07-21 21:00:00+01:00;18.1;19.00358216
1900-07-21 22:00:00+01:00;17.3;18.08631286
1900-07-21 23:00:00+01:00;15.6;17.87582396
1900-07-22 00:00:00+01:00;15;18.33170705
1900-07-22 01:00:00+01:00;14.6;17.99138444
1900-07-22 02:00:00+01:00;13.6;18.16676816
1900-07-22 03:00:00+01:00;12.9;18.19611192
1900-07-22 04:00:00+01:00;13.2;18.65973753
1900-07-22 05:00:00+01:00;13.5;19.36163206
1900-07-22 06:00:00+01:00;14.4;21.01614766
1900-07-22 07:00:00+01:00;16.2;23.0180438
1900-07-22 08:00:00+01:00;16;27.67841362
1900-07-22 09:00:00+01:00;16.2;28.65758567
1900-07-22 10:00:00+01:00;16.4;30.35758916
1900-07-22 11:00:00+01:00;15.8;30.11932718
1900-07-22 12:00:00+01:00;16.7;29.99404192
1900-07-22 13:00:00+01:00;17;29.81850295
1900-07-22 14:00:00+01:00;18.9;29.05915265
1900-07-22 15:00:00+01:00;19.6;27.97555271
1900-07-22 16:00:00+01:00;19;25.75603748
1900-07-22 17:00:00+01:00;17.9;24.17851859
1900-07-22 18:00:00+01:00;18;22.78581266
1900-07-22 19:00:00+01:00;18.5;21.36608894
1900-07-22 20:00:00+01:00;18;20.3532989
1900-07-22 21:00:00+01:00;15.6;19.00358216
1900-07-22 22:00:00+01:00;13.6;18.08631286
1900-07-22 23:00:00+01:00;12.5;17.77391273
1900-07-23 00:00:00+01:00;12;17.67084535
1900-07-23 01:00:00+01:00;11.8;17.18118849
1900-07-23 02:00:00+01:00;10.5;17.71990489
1900-07-23 03:00:00+01:00;10;18.55381251
1900-07-23 04:00:00+01:00;9;19.63917325
1900-07-23 05:00:00+01:00;10;20.95964557
1900-07-23 06:00:00+01:00;12.3;20.98027143
1900-07-23 07:00:00+01:00;14.1;23.0180438
1900-07-23 08:00:00+01:00;15.6;27.67841362
1900-07-23 09:00:00+01:00;17.1;28.65758567
1900-07-23 10:00:00+01:00;18.5;30.35758916
1900-07-23 11:00:00+01:00;20.5;30.11932718
1900-07-23 12:00:00+01:00;21.5;29.99404192
1900-07-23 13:00:00+01:00;22;29.81850295
1900-07-23 14:00:00+01:00;22.9;29.05915265
1900-07-23 15:00:00+01:00;23.3;27.97555271
1900-07-23 16:00:00+01:00;23.6;25.75603748
1900-07-23 17:00:00+01:00;23.4;24.17851859
1900-07-23 18:00:00+01:00;22.7;22.78581266
1900-07-23 19:00:00+01:00;20.8;21.36608894
1900-07-23 20:00:00+01:00;19.2;20.3532989
1900-07-23 21:00:00+01:00;17.1;19.00358216
1900-07-23 22:00:00+01:00;16;18.08631286
1900-07-23 23:00:00+01:00;15.5;17.87582396
1900-07-24 00:00:00+01:00;15.2;18.33170705
1900-07-24 01:00:00+01:00;14;17.99138444
1900-07-24 02:00:00+01:00;12.8;18.16676816
1900-07-24 03:00:00+01:00;12.9;18.19611192
1900-07-24 04:00:00+01:00;13;18.65973753
1900-07-24 05:00:00+01:00;13;18.12448527
1900-07-24 06:00:00+01:00;15;21.01614766
1900-07-24 07:00:00+01:00;16.6;23.0180438
1900-07-24 08:00:00+01:00;19;27.67841362
1900-07-24 09:00:00+01:00;19;28.65758567
1900-07-24 10:00:00+01:00;21.3;30.35758916
1900-07-24 11:00:00+01:00;22;30.11932718
1900-07-24 12:00:00+01:00;22.4;29.99404192
1900-07-24 13:00:00+01:00;22.2;29.81850295
1900-07-24 14:00:00+01:00;22.6;29.05915265
1900-07-24 15:00:00+01:00;22.1;27.97555271
1900-07-24 16:00:00+01:00;21.3;25.75603748
1900-07-24 17:00:00+01:00;20.7;24.17851859
1900-07-24 18:00:00+01:00;20;22.78581266
1900-07-24 19:00:00+01:00;19;21.36608894
1900-07-24 20:00:00+01:00;17.9;20.3532989
1900-07-24 21:00:00+01:00;17.5;19.00358216
1900-07-24 22:00:00+01:00;17;18.08631286
1900-07-24 23:00:00+01:00;16;17.87582396
1900-07-25 00:00:00+01:00;14.8;18.33170705
1900-07-25 01:00:00+01:00;14.6;17.99138444
1900-07-25 02:00:00+01:00;14.4;18.16676816
1900-07-25 03:00:00+01:00;13.6;18.19611192
1900-07-25 04:00:00+01:00;13.4;18.65973753
1900-07-25 05:00:00+01:00;13.2;19.36163206
1900-07-25 06:00:00+01:00;14;21.01614766
1900-07-25 07:00:00+01:00;15;23.0180438
1900-07-25 08:00:00+01:00;16;27.67841362
1900-07-25 09:00:00+01:00;15.6;28.65758567
1900-07-25 10:00:00+01:00;16.5;30.35758916
1900-07-25 11:00:00+01:00;18.8;30.11932718
1900-07-25 12:00:00+01:00;19.6;29.99404192
1900-07-25 13:00:00+01:00;19.4;29.81850295
1900-07-25 14:00:00+01:00;19.9;29.05915265
1900-07-25 15:00:00+01:00;20.1;27.97555271
1900-07-25 16:00:00+01:00;21.2;25.75603748
1900-07-25 17:00:00+01:00;20.8;24.17851859
1900-07-25 18:00:00+01:00;20.3;22.78581266
1900-07-25 19:00:00+01:00;20.4;21.36608894
1900-07-25 20:00:00+01:00;17.9;20.3532989
1900-07-25 21:00:00+01:00;16.9;19.00358216
1900-07-25 22:00:00+01:00;15.8;18.08631286
1900-07-25 23:00:00+01:00;16.3;17.87582396
1900-07-26 00:00:00+01:00;17.3;18.33170705
1900-07-26 01:00:00+01:00;17.2;17.99138444
1900-07-26 02:00:00+01:00;16.4;18.16676816
1900-07-26 03:00:00+01:00;16.1;18.19611192
1900-07-26 04:00:00+01:00;15.6;18.65973753
1900-07-26 05:00:00+01:00;15.9;19.36163206
1900-07-26 06:00:00+01:00;16.9;21.01614766
1900-07-26 07:00:00+01:00;18.8;23.0180438
1900-07-26 08:00:00+01:00;19.9;27.67841362
1900-07-26 09:00:00+01:00;20;28.65758567
1900-07-26 10:00:00+01:00;20.5;30.35758916
1900-07-26 11:00:00+01:00;20.6;30.11932718
1900-07-26 12:00:00+01:00;21.7;29.99404192
1900-07-26 13:00:00+01:00;21.8;29.81850295
1900-07-26 14:00:00+01:00;22.5;29.05915265
1900-07-26 15:00:00+01:00;23.3;27.97555271
1900-07-26 16:00:00+01:00;23.5;25.75603748
1900-07-26 17:00:00+01:00;23.6;24.17851859
1900-07-26 18:00:00+01:00;22.5;22.78581266
1900-07-26 19:00:00+01:00;21.4;21.36608894
1900-07-26 20:00:00+01:00;19.4;20.3532989
1900-07-26 21:00:00+01:00;16.5;19.00358216
1900-07-26 22:00:00+01:00;14.5;18.08631286
1900-07-26 23:00:00+01:00;13.7;17.87582396
1900-07-27 00:00:00+01:00;12.6;18.33170705
1900-07-27 01:00:00+01:00;12.3;16.90315417
1900-07-27 02:00:00+01:00;12;17.43491606
1900-07-27 03:00:00+01:00;11.4;16.99679772
1900-07-27 04:00:00+01:00;10.6;17.24931075
1900-07-27 05:00:00+01:00;11.9;17.93869712
1900-07-27 06:00:00+01:00;13.7;21.01614766
1900-07-27 07:00:00+01:00;16.6;23.0180438
1900-07-27 08:00:00+01:00;17.5;27.67841362
1900-07-27 09:00:00+01:00;19.2;28.65758567
1900-07-27 10:00:00+01:00;21.6;30.35758916
1900-07-27 11:00:00+01:00;22.6;30.11932718
1900-07-27 12:00:00+01:00;24.5;29.99404192
1900-07-27 13:00:00+01:00;25.5;29.81850295
1900-07-27 14:00:00+01:00;26;29.05915265
1900-07-27 15:00:00+01:00;26.3;27.97555271
1900-07-27 16:00:00+01:00;25.2;25.75603748
1900-07-27 17:00:00+01:00;24.9;24.17851859
1900-07-27 18:00:00+01:00;24.2;22.78581266
1900-07-27 19:00:00+01:00;22.2;21.36608894
1900-07-27 20:00:00+01:00;20;20.3532989
1900-07-27 21:00:00+01:00;18.7;19.00358216
1900-07-27 22:00:00+01:00;17.4;18.08631286
1900-07-27 23:00:00+01:00;16.7;17.87582396
1900-07-28 00:00:00+01:00;15.4;18.33170705
1900-07-28 01:00:00+01:00;14.7;17.99138444
1900-07-28 02:00:00+01:00;14;18.16676816
1900-07-28 03:00:00+01:00;13.4;18.19611192
1900-07-28 04:00:00+01:00;13.2;18.65973753
1900-07-28 05:00:00+01:00;14.9;19.36163206
1900-07-28 06:00:00+01:00;16.5;21.01614766
1900-07-28 07:00:00+01:00;17;23.0180438
1900-07-28 08:00:00+01:00;19.4;27.67841362
1900-07-28 09:00:00+01:00;20.4;28.65758567
1900-07-28 10:00:00+01:00;22;30.35758916
1900-07-28 11:00:00+01:00;23.7;30.11932718
1900-07-28 12:00:00+01:00;25;29.99404192
1900-07-28 13:00:00+01:00;25.1;29.81850295
1900-07-28 14:00:00+01:00;26.4;29.05915265
1900-07-28 15:00:00+01:00;26.5;27.97555271
1900-07-28 16:00:00+01:00;26.2;25.75603748
1900-07-28 17:00:00+01:00;25.4;24.17851859
1900-07-28 18:00:00+01:00;24.5;22.78581266
1900-07-28 19:00:00+01:00;21.8;21.36608894
1900-07-28 20:00:00+01:00;19.8;20.3532989
1900-07-28 21:00:00+01:00;18;19.00358216
1900-07-28 22:00:00+01:00;17.3;18.08631286
1900-07-28 23:00:00+01:00;16.7;17.87582396
1900-07-29 00:00:00+01:00;15.7;18.33170705
1900-07-29 01:00:00+01:00;15.8;17.99138444
1900-07-29 02:00:00+01:00;15.7;18.16676816
1900-07-29 03:00:00+01:00;17;18.19611192
1900-07-29 04:00:00+01:00;17.2;18.65973753
1900-07-29 05:00:00+01:00;17.7;19.36163206
1900-07-29 06:00:00+01:00;17.6;21.01614766
1900-07-29 07:00:00+01:00;18.1;23.0180438
1900-07-29 08:00:00+01:00;18.8;27.67841362
1900-07-29 09:00:00+01:00;20.1;28.65758567
1900-07-29 10:00:00+01:00;21;30.35758916
1900-07-29 11:00:00+01:00;21.2;30.11932718
1900-07-29 12:00:00+01:00;22.3;29.99404192
1900-07-29 13:00:00+01:00;23.4;29.81850295
1900-07-29 14:00:00+01:00;24.8;29.05915265
1900-07-29 15:00:00+01:00;25.8;27.97555271
1900-07-29 16:00:00+01:00;25.5;25.75603748
1900-07-29 17:00:00+01:00;25.7;24.17851859
1900-07-29 18:00:00+01:00;26;22.78581266
1900-07-29 19:00:00+01:00;24.7;21.36608894
1900-07-29 20:00:00+01:00;22.3;20.3532989
1900-07-29 21:00:00+01:00;20.4;19.00358216
1900-07-29 22:00:00+01:00;18.5;18.08631286
1900-07-29 23:00:00+01:00;16.9;17.87582396
1900-07-30 00:00:00+01:00;16.2;18.32041211
1900-07-30 01:00:00+01:00;15.4;18.99343366
1900-07-30 02:00:00+01:00;15;19.47759227
1900-07-30 03:00:00+01:00;14.6;20.12774101
1900-07-30 04:00:00+01:00;14.5;21.2172306
1900-07-30 05:00:00+01:00;14.9;22.80788234
1900-07-30 06:00:00+01:00;17;27.37865181
1900-07-30 07:00:00+01:00;19;28.50363001
1900-07-30 08:00:00+01:00;20;32.62698961
1900-07-30 09:00:00+01:00;21.9;36.45208808
1900-07-30 10:00:00+01:00;23.2;38.32030677
1900-07-30 11:00:00+01:00;24.7;38.93829801
1900-07-30 12:00:00+01:00;26.5;38.34217702
1900-07-30 13:00:00+01:00;26.8;38.06722095
1900-07-30 14:00:00+01:00;27.2;37.45465347
1900-07-30 15:00:00+01:00;27.9;35.81924832
1900-07-30 16:00:00+01:00;27.3;32.73918384
1900-07-30 17:00:00+01:00;26.8;29.35871614
1900-07-30 18:00:00+01:00;25.8;26.50988965
1900-07-30 19:00:00+01:00;23.6;24.09522897
1900-07-30 20:00:00+01:00;21.4;22.48007203
1900-07-30 21:00:00+01:00;19.5;21.16359825
1900-07-30 22:00:00+01:00;17.5;20.06766251
1900-07-30 23:00:00+01:00;16.6;19.20446222
1900-07-31 00:00:00+01:00;16;18.32041211
1900-07-31 01:00:00+01:00;15.1;18.99343366
1900-07-31 02:00:00+01:00;15.2;19.47759227
1900-07-31 03:00:00+01:00;15.1;20.12774101
1900-07-31 04:00:00+01:00;15.4;21.2172306
1900-07-31 05:00:00+01:00;15.5;22.80788234
1900-07-31 06:00:00+01:00;15.9;27.37865181
1900-07-31 07:00:00+01:00;16.6;28.50363001
1900-07-31 08:00:00+01:00;17.4;32.62698961
1900-07-31 09:00:00+01:00;19.4;36.45208808
1900-07-31 10:00:00+01:00;19.4;38.32030677
1900-07-31 11:00:00+01:00;20.1;38.93829801
1900-07-31 12:00:00+01:00;21.5;38.34217702
1900-07-31 13:00:00+01:00;22.1;38.06722095
1900-07-31 14:00:00+01:00;24.3;37.45465347
1900-07-31 15:00:00+01:00;24.6;35.81924832
1900-07-31 16:00:00+01:00;25;32.73918384
1900-07-31 17:00:00+01:00;25.2;29.35871614
1900-07-31 18:00:00+01:00;23.7;26.50988965
1900-07-31 19:00:00+01:00;22.9;24.09522897
1900-07-31 20:00:00+01:00;20.6;22.48007203
1900-07-31 21:00:00+01:00;20;21.16359825
1900-07-31 22:00:00+01:00;18.9;20.06766251
1900-07-31 23:00:00+01:00;17.6;19.20446222
1900-08-01 00:00:00+01:00;17.4;18.32041211
1900-08-01 01:00:00+01:00;16.7;18.99343366
1900-08-01 02:00:00+01:00;16.2;19.47759227
1900-08-01 03:00:00+01:00;14.5;20.12774101
1900-08-01 04:00:00+01:00;15.9;21.2172306
1900-08-01 05:00:00+01:00;16.1;22.80788234
1900-08-01 06:00:00+01:00;16.3;27.37865181
1900-08-01 07:00:00+01:00;17.5;28.50363001
1900-08-01 08:00:00+01:00;18.9;32.62698961
1900-08-01 09:00:00+01:00;21;36.45208808
1900-08-01 10:00:00+01:00;22.3;38.32030677
1900-08-01 11:00:00+01:00;23.1;38.93829801
1900-08-01 12:00:00+01:00;24.5;38.34217702
1900-08-01 13:00:00+01:00;25.2;38.06722095
1900-08-01 14:00:00+01:00;23.8;37.45465347
1900-08-01 15:00:00+01:00;24.7;35.81924832
1900-08-01 16:00:00+01:00;25.8;32.73918384
1900-08-01 17:00:00+01:00;23.4;29.35871614
1900-08-01 18:00:00+01:00;21.8;26.50988965
1900-08-01 19:00:00+01:00;22;24.09522897
1900-08-01 20:00:00+01:00;20.2;22.48007203
1900-08-01 21:00:00+01:00;19.3;21.16359825
1900-08-01 22:00:00+01:00;18.7;20.06766251
1900-08-01 23:00:00+01:00;17.9;19.20446222
1900-08-02 00:00:00+01:00;17.9;18.32041211
1900-08-02 01:00:00+01:00;16.2;18.99343366
1900-08-02 02:00:00+01:00;15.8;19.47759227
1900-08-02 03:00:00+01:00;15.4;20.12774101
1900-08-02 04:00:00+01:00;18.7;21.2172306
1900-08-02 05:00:00+01:00;16.6;22.80788234
1900-08-02 06:00:00+01:00;16.5;27.37865181
1900-08-02 07:00:00+01:00;16.6;28.50363001
1900-08-02 08:00:00+01:00;16.7;32.62698961
1900-08-02 09:00:00+01:00;17.8;36.45208808
1900-08-02 10:00:00+01:00;20.6;38.32030677
1900-08-02 11:00:00+01:00;22.4;38.93829801
1900-08-02 12:00:00+01:00;21.5;38.34217702
1900-08-02 13:00:00+01:00;21.4;38.06722095
1900-08-02 14:00:00+01:00;21.7;37.45465347
1900-08-02 15:00:00+01:00;26;35.81924832
1900-08-02 16:00:00+01:00;23.5;32.73918384
1900-08-02 17:00:00+01:00;22.5;29.35871614
1900-08-02 18:00:00+01:00;21;26.50988965
1900-08-02 19:00:00+01:00;20.2;24.09522897
1900-08-02 20:00:00+01:00;19.7;22.48007203
1900-08-02 21:00:00+01:00;18.2;21.16359825
1900-08-02 22:00:00+01:00;18.3;20.06766251
1900-08-02 23:00:00+01:00;18.1;19.20446222
1900-08-03 00:00:00+01:00;17.9;18.32041211
1900-08-03 01:00:00+01:00;17.9;18.99343366
1900-08-03 02:00:00+01:00;17.4;19.47759227
1900-08-03 03:00:00+01:00;17.3;20.12774101
1900-08-03 04:00:00+01:00;17;21.2172306
1900-08-03 05:00:00+01:00;17.5;22.80788234
1900-08-03 06:00:00+01:00;17.4;27.37865181
1900-08-03 07:00:00+01:00;18;28.50363001
1900-08-03 08:00:00+01:00;19.2;32.62698961
1900-08-03 09:00:00+01:00;21.1;36.45208808
1900-08-03 10:00:00+01:00;21.2;38.32030677
1900-08-03 11:00:00+01:00;24;38.93829801
1900-08-03 12:00:00+01:00;25.4;38.34217702
1900-08-03 13:00:00+01:00;26.9;38.06722095
1900-08-03 14:00:00+01:00;26.3;37.45465347
1900-08-03 15:00:00+01:00;25;35.81924832
1900-08-03 16:00:00+01:00;24.3;32.73918384
1900-08-03 17:00:00+01:00;23.7;29.35871614
1900-08-03 18:00:00+01:00;23.2;26.50988965
1900-08-03 19:00:00+01:00;20.6;24.09522897
1900-08-03 20:00:00+01:00;19.7;22.48007203
1900-08-03 21:00:00+01:00;18.6;21.16359825
1900-08-03 22:00:00+01:00;18.6;20.06766251
1900-08-03 23:00:00+01:00;18;19.20446222
1900-08-04 00:00:00+01:00;17.2;18.39156075
1900-08-04 01:00:00+01:00;17;17.97825914
1900-08-04 02:00:00+01:00;16.7;18.22306716
1900-08-04 03:00:00+01:00;16.9;18.11243042
1900-08-04 04:00:00+01:00;16.8;18.60606383
1900-08-04 05:00:00+01:00;16.4;19.11039956
1900-08-04 06:00:00+01:00;17;20.17641126
1900-08-04 07:00:00+01:00;18;21.1456509
1900-08-04 08:00:00+01:00;18.2;24.05344942
1900-08-04 09:00:00+01:00;18.9;23.75634367
1900-08-04 10:00:00+01:00;21.5;25.08734486
1900-08-04 11:00:00+01:00;21.2;24.87723618
1900-08-04 12:00:00+01:00;20.5;25.14269792
1900-08-04 13:00:00+01:00;16.6;25.10196095
1900-08-04 14:00:00+01:00;16.8;24.61899465
1900-08-04 15:00:00+01:00;18.4;24.23924971
1900-08-04 16:00:00+01:00;18.3;23.12506948
1900-08-04 17:00:00+01:00;20.1;22.38447859
1900-08-04 18:00:00+01:00;19.2;21.69590666
1900-08-04 19:00:00+01:00;17.9;20.86797494
1900-08-04 20:00:00+01:00;17;19.9091029
1900-08-04 21:00:00+01:00;16.4;18.73639946
1900-08-04 22:00:00+01:00;15;17.84141276
1900-08-04 23:00:00+01:00;13.5;17.81236576
1900-08-05 00:00:00+01:00;14;18.39156075
1900-08-05 01:00:00+01:00;13.5;17.97825914
1900-08-05 02:00:00+01:00;13.5;18.22306716
1900-08-05 03:00:00+01:00;12.6;18.11243042
1900-08-05 04:00:00+01:00;11.1;17.28832322
1900-08-05 05:00:00+01:00;11.5;18.58309704
1900-08-05 06:00:00+01:00;13.6;20.17641126
1900-08-05 07:00:00+01:00;14.8;21.1456509
1900-08-05 08:00:00+01:00;16.4;24.05344942
1900-08-05 09:00:00+01:00;15.9;23.75634367
1900-08-05 10:00:00+01:00;13.3;23.75841729
1900-08-05 11:00:00+01:00;13.8;24.84455878
1900-08-05 12:00:00+01:00;14;25.14269792
1900-08-05 13:00:00+01:00;13.8;24.28195251
1900-08-05 14:00:00+01:00;13.2;24.78704793
1900-08-05 15:00:00+01:00;13.6;24.36742842
1900-08-05 16:00:00+01:00;16.2;23.12506948
1900-08-05 17:00:00+01:00;17.7;22.38447859
1900-08-05 18:00:00+01:00;17.8;21.69590666
1900-08-05 19:00:00+01:00;17.2;20.86797494
1900-08-05 20:00:00+01:00;16;19.9091029
1900-08-05 21:00:00+01:00;15.7;18.73639946
1900-08-05 22:00:00+01:00;15.3;17.84141276
1900-08-05 23:00:00+01:00;14.6;17.81236576
1900-08-06 00:00:00+01:00;14.5;18.32041211
1900-08-06 01:00:00+01:00;13.8;18.99343366
1900-08-06 02:00:00+01:00;12.3;19.47759227
1900-08-06 03:00:00+01:00;11.7;20.12774101
1900-08-06 04:00:00+01:00;12;21.2172306
1900-08-06 05:00:00+01:00;12.9;22.80788234
1900-08-06 06:00:00+01:00;12.4;27.37865181
1900-08-06 07:00:00+01:00;14;28.50363001
1900-08-06 08:00:00+01:00;14.3;32.62698961
1900-08-06 09:00:00+01:00;12.9;35.67775349
1900-08-06 10:00:00+01:00;12.4;37.49960888
1900-08-06 11:00:00+01:00;11.3;39.42580362
1900-08-06 12:00:00+01:00;12.5;37.3471699
1900-08-06 13:00:00+01:00;13.7;38.06722095
1900-08-06 14:00:00+01:00;14.5;37.45465347
1900-08-06 15:00:00+01:00;17.2;35.81924832
1900-08-06 16:00:00+01:00;17.8;32.73918384
1900-08-06 17:00:00+01:00;18.4;29.35871614
1900-08-06 18:00:00+01:00;18.1;26.50988965
1900-08-06 19:00:00+01:00;18.1;24.09522897
1900-08-06 20:00:00+01:00;17.6;22.48007203
1900-08-06 21:00:00+01:00;18;21.16359825
1900-08-06 22:00:00+01:00;18;20.06766251
1900-08-06 23:00:00+01:00;17.6;19.20446222
1900-08-07 00:00:00+01:00;16.9;18.32041211
1900-08-07 01:00:00+01:00;16.4;18.99343366
1900-08-07 02:00:00+01:00;16.2;19.47759227
1900-08-07 03:00:00+01:00;15.6;20.12774101
1900-08-07 04:00:00+01:00;14.8;21.2172306
1900-08-07 05:00:00+01:00;14.6;22.80788234
1900-08-07 06:00:00+01:00;14.9;27.37865181
1900-08-07 07:00:00+01:00;16;28.50363001
1900-08-07 08:00:00+01:00;16.2;32.62698961
1900-08-07 09:00:00+01:00;17;36.45208808
1900-08-07 10:00:00+01:00;17.4;38.32030677
1900-08-07 11:00:00+01:00;18.4;38.93829801
1900-08-07 12:00:00+01:00;18.5;38.34217702
1900-08-07 13:00:00+01:00;18.4;38.06722095
1900-08-07 14:00:00+01:00;19.1;37.45465347
1900-08-07 15:00:00+01:00;19;35.81924832
1900-08-07 16:00:00+01:00;19.1;32.73918384
1900-08-07 17:00:00+01:00;18.4;29.35871614
1900-08-07 18:00:00+01:00;17.7;26.50988965
1900-08-07 19:00:00+01:00;15.8;24.09522897
1900-08-07 20:00:00+01:00;15.8;22.48007203
1900-08-07 21:00:00+01:00;14.7;21.16359825
1900-08-07 22:00:00+01:00;13.6;20.06766251
1900-08-07 23:00:00+01:00;12.3;18.1307333
1900-08-08 00:00:00+01:00;12.1;18.32041211
1900-08-08 01:00:00+01:00;12.4;18.99343366
1900-08-08 02:00:00+01:00;12;19.47759227
1900-08-08 03:00:00+01:00;11.5;20.12774101
1900-08-08 04:00:00+01:00;11.3;21.2172306
1900-08-08 05:00:00+01:00;12.6;22.80788234
1900-08-08 06:00:00+01:00;13;27.37865181
1900-08-08 07:00:00+01:00;13.7;28.50363001
1900-08-08 08:00:00+01:00;14.6;32.62698961
1900-08-08 09:00:00+01:00;17.8;36.45208808
1900-08-08 10:00:00+01:00;19.5;38.32030677
1900-08-08 11:00:00+01:00;21.1;38.93829801
1900-08-08 12:00:00+01:00;21.6;38.34217702
1900-08-08 13:00:00+01:00;22.7;38.06722095
1900-08-08 14:00:00+01:00;22.1;37.45465347
1900-08-08 15:00:00+01:00;22;35.81924832
1900-08-08 16:00:00+01:00;20;32.73918384
1900-08-08 17:00:00+01:00;19.8;29.35871614
1900-08-08 18:00:00+01:00;18.8;26.50988965
1900-08-08 19:00:00+01:00;16.6;24.09522897
1900-08-08 20:00:00+01:00;15.2;22.48007203
1900-08-08 21:00:00+01:00;14.4;21.16359825
1900-08-08 22:00:00+01:00;13.1;20.06766251
1900-08-08 23:00:00+01:00;12.6;18.1307333
1900-08-09 00:00:00+01:00;11.2;16.89489002
1900-08-09 01:00:00+01:00;11.1;18.99343366
1900-08-09 02:00:00+01:00;10.6;17.35531013
1900-08-09 03:00:00+01:00;10;17.55131289
1900-08-09 04:00:00+01:00;9.1;19.60521937
1900-08-09 05:00:00+01:00;10.7;20.02584145
1900-08-09 06:00:00+01:00;12.7;27.37865181
1900-08-09 07:00:00+01:00;14;28.50363001
1900-08-09 08:00:00+01:00;15.2;32.62698961
1900-08-09 09:00:00+01:00;16.6;36.45208808
1900-08-09 10:00:00+01:00;17.2;38.32030677
1900-08-09 11:00:00+01:00;18.9;38.93829801
1900-08-09 12:00:00+01:00;19.3;38.34217702
1900-08-09 13:00:00+01:00;17.6;38.06722095
1900-08-09 14:00:00+01:00;20;37.45465347
1900-08-09 15:00:00+01:00;18.5;35.81924832
1900-08-09 16:00:00+01:00;18.6;32.73918384
1900-08-09 17:00:00+01:00;17.2;29.35871614
1900-08-09 18:00:00+01:00;16.8;26.50988965
1900-08-09 19:00:00+01:00;16.4;24.09522897
1900-08-09 20:00:00+01:00;15.8;22.48007203
1900-08-09 21:00:00+01:00;16.1;21.16359825
1900-08-09 22:00:00+01:00;15;20.06766251
1900-08-09 23:00:00+01:00;14.9;19.20446222
1900-08-10 00:00:00+01:00;14.7;18.32041211
1900-08-10 01:00:00+01:00;14.3;18.99343366
1900-08-10 02:00:00+01:00;14.3;19.47759227
1900-08-10 03:00:00+01:00;14.3;20.12774101
1900-08-10 04:00:00+01:00;15.4;21.2172306
1900-08-10 05:00:00+01:00;16;22.80788234
1900-08-10 06:00:00+01:00;16.4;27.37865181
1900-08-10 07:00:00+01:00;17;28.50363001
1900-08-10 08:00:00+01:00;18.8;32.62698961
1900-08-10 09:00:00+01:00;16.9;36.45208808
1900-08-10 10:00:00+01:00;18.1;38.32030677
1900-08-10 11:00:00+01:00;19.5;38.93829801
1900-08-10 12:00:00+01:00;20.2;38.34217702
1900-08-10 13:00:00+01:00;20.3;38.06722095
1900-08-10 14:00:00+01:00;20.4;37.45465347
1900-08-10 15:00:00+01:00;20.6;35.81924832
1900-08-10 16:00:00+01:00;20.9;32.73918384
1900-08-10 17:00:00+01:00;22.8;29.35871614
1900-08-10 18:00:00+01:00;21.4;26.50988965
1900-08-10 19:00:00+01:00;20.1;24.09522897
1900-08-10 20:00:00+01:00;18.2;22.48007203
1900-08-10 21:00:00+01:00;16.8;21.16359825
1900-08-10 22:00:00+01:00;15.4;20.06766251
1900-08-10 23:00:00+01:00;14.2;19.20446222
1900-08-11 00:00:00+01:00;12.5;17.73069905
1900-08-11 01:00:00+01:00;11.9;17.00203597
1900-08-11 02:00:00+01:00;11.8;17.18465666
1900-08-11 03:00:00+01:00;10.6;17.03205134
1900-08-11 04:00:00+01:00;10.4;17.36470975
1900-08-11 05:00:00+01:00;11.7;18.26746451
1900-08-11 06:00:00+01:00;15.4;20.17641126
1900-08-11 07:00:00+01:00;17.1;21.1456509
1900-08-11 08:00:00+01:00;17.3;24.05344942
1900-08-11 09:00:00+01:00;19.4;23.75634367
1900-08-11 10:00:00+01:00;22.1;25.08734486
1900-08-11 11:00:00+01:00;21.6;24.87723618
1900-08-11 12:00:00+01:00;22;25.14269792
1900-08-11 13:00:00+01:00;22.5;25.10196095
1900-08-11 14:00:00+01:00;22.2;24.61899465
1900-08-11 15:00:00+01:00;23.6;24.23924971
1900-08-11 16:00:00+01:00;24.6;23.12506948
1900-08-11 17:00:00+01:00;23.8;22.38447859
1900-08-11 18:00:00+01:00;23;21.69590666
1900-08-11 19:00:00+01:00;19.2;20.86797494
1900-08-11 20:00:00+01:00;17.4;19.9091029
1900-08-11 21:00:00+01:00;15.4;18.73639946
1900-08-11 22:00:00+01:00;14.2;17.84141276
1900-08-11 23:00:00+01:00;13.4;17.81236576
1900-08-12 00:00:00+01:00;13.9;18.39156075
1900-08-12 01:00:00+01:00;12.3;16.98072098
1900-08-12 02:00:00+01:00;13;18.22306716
1900-08-12 03:00:00+01:00;12;17.25230465
1900-08-12 04:00:00+01:00;11.5;17.19563705
1900-08-12 05:00:00+01:00;13.4;19.11039956
1900-08-12 06:00:00+01:00;15.7;20.17641126
1900-08-12 07:00:00+01:00;17.5;21.1456509
1900-08-12 08:00:00+01:00;17.4;24.05344942
1900-08-12 09:00:00+01:00;17.8;23.75634367
1900-08-12 10:00:00+01:00;17.9;25.08734486
1900-08-12 11:00:00+01:00;20;24.87723618
1900-08-12 12:00:00+01:00;21.5;25.14269792
1900-08-12 13:00:00+01:00;22.6;25.10196095
1900-08-12 14:00:00+01:00;23.3;24.61899465
1900-08-12 15:00:00+01:00;23.3;24.23924971
1900-08-12 16:00:00+01:00;24.2;23.12506948
1900-08-12 17:00:00+01:00;24.9;22.38447859
1900-08-12 18:00:00+01:00;24.1;21.69590666
1900-08-12 19:00:00+01:00;20.3;20.86797494
1900-08-12 20:00:00+01:00;19.1;19.9091029
1900-08-12 21:00:00+01:00;17.4;18.73639946
1900-08-12 22:00:00+01:00;16;17.84141276
1900-08-12 23:00:00+01:00;13.8;17.81236576
1900-08-13 00:00:00+01:00;12.9;18.32041211
1900-08-13 01:00:00+01:00;11.6;18.99343366
1900-08-13 02:00:00+01:00;11.2;19.47759227
1900-08-13 03:00:00+01:00;10;17.29390908
1900-08-13 04:00:00+01:00;10.2;17.54941223
1900-08-13 05:00:00+01:00;11.7;22.80788234
1900-08-13 06:00:00+01:00;14.2;27.37865181
1900-08-13 07:00:00+01:00;16;28.50363001
1900-08-13 08:00:00+01:00;18.9;32.62698961
1900-08-13 09:00:00+01:00;19.9;36.45208808
1900-08-13 10:00:00+01:00;21.9;38.32030677
1900-08-13 11:00:00+01:00;24.2;38.93829801
1900-08-13 12:00:00+01:00;25.5;38.34217702
1900-08-13 13:00:00+01:00;27;38.06722095
1900-08-13 14:00:00+01:00;27.9;37.45465347
1900-08-13 15:00:00+01:00;29.4;35.81924832
1900-08-13 16:00:00+01:00;28.4;32.73918384
1900-08-13 17:00:00+01:00;26;29.35871614
1900-08-13 18:00:00+01:00;24.4;26.50988965
1900-08-13 19:00:00+01:00;21.3;24.09522897
1900-08-13 20:00:00+01:00;19;22.48007203
1900-08-13 21:00:00+01:00;16.5;21.16359825
1900-08-13 22:00:00+01:00;15;20.06766251
1900-08-13 23:00:00+01:00;14;19.20446222
1900-08-14 00:00:00+01:00;12.6;18.32041211
1900-08-14 01:00:00+01:00;12.2;18.99343366
1900-08-14 02:00:00+01:00;12;19.47759227
1900-08-14 03:00:00+01:00;11.6;20.12774101
1900-08-14 04:00:00+01:00;13;21.2172306
1900-08-14 05:00:00+01:00;13.5;22.80788234
1900-08-14 06:00:00+01:00;13.7;27.37865181
1900-08-14 07:00:00+01:00;13.9;28.50363001
1900-08-14 08:00:00+01:00;14.7;32.62698961
1900-08-14 09:00:00+01:00;16;36.45208808
1900-08-14 10:00:00+01:00;18.8;38.32030677
1900-08-14 11:00:00+01:00;21.4;38.93829801
1900-08-14 12:00:00+01:00;23.4;38.34217702
1900-08-14 13:00:00+01:00;25.5;38.06722095
1900-08-14 14:00:00+01:00;28.1;37.45465347
1900-08-14 15:00:00+01:00;31.4;35.81924832
1900-08-14 16:00:00+01:00;27.5;32.73918384
1900-08-14 17:00:00+01:00;26.1;29.35871614
1900-08-14 18:00:00+01:00;24.8;26.50988965
1900-08-14 19:00:00+01:00;20.5;24.09522897
1900-08-14 20:00:00+01:00;19.5;22.48007203
1900-08-14 21:00:00+01:00;16.9;21.16359825
1900-08-14 22:00:00+01:00;15.5;20.06766251
1900-08-14 23:00:00+01:00;14.1;19.20446222
1900-08-15 00:00:00+01:00;14.9;18.32041211
1900-08-15 01:00:00+01:00;13.6;18.99343366
1900-08-15 02:00:00+01:00;12.8;19.47759227
1900-08-15 03:00:00+01:00;12.5;20.12774101
1900-08-15 04:00:00+01:00;13;21.2172306
1900-08-15 05:00:00+01:00;13;22.80788234
1900-08-15 06:00:00+01:00;15;27.37865181
1900-08-15 07:00:00+01:00;17.3;28.50363001
1900-08-15 08:00:00+01:00;18.4;32.62698961
1900-08-15 09:00:00+01:00;19.2;36.45208808
1900-08-15 10:00:00+01:00;21;38.32030677
1900-08-15 11:00:00+01:00;23.1;38.93829801
1900-08-15 12:00:00+01:00;25.6;38.34217702
1900-08-15 13:00:00+01:00;31;38.06722095
1900-08-15 14:00:00+01:00;29.8;37.45465347
1900-08-15 15:00:00+01:00;28.7;35.81924832
1900-08-15 16:00:00+01:00;29;32.73918384
1900-08-15 17:00:00+01:00;27.2;29.35871614
1900-08-15 18:00:00+01:00;25;26.50988965
1900-08-15 19:00:00+01:00;21.9;24.09522897
1900-08-15 20:00:00+01:00;19.6;22.48007203
1900-08-15 21:00:00+01:00;17.5;21.16359825
1900-08-15 22:00:00+01:00;16;20.06766251
1900-08-15 23:00:00+01:00;15;19.20446222
1900-08-16 00:00:00+01:00;14.4;18.32041211
1900-08-16 01:00:00+01:00;13.7;18.99343366
1900-08-16 02:00:00+01:00;13.3;19.47759227
1900-08-16 03:00:00+01:00;13;20.12774101
1900-08-16 04:00:00+01:00;12.8;21.2172306
1900-08-16 05:00:00+01:00;13.2;22.80788234
1900-08-16 06:00:00+01:00;16;27.37865181
1900-08-16 07:00:00+01:00;19.8;28.50363001
1900-08-16 08:00:00+01:00;20;32.62698961
1900-08-16 09:00:00+01:00;21.3;36.45208808
1900-08-16 10:00:00+01:00;22.9;38.32030677
1900-08-16 11:00:00+01:00;24.7;38.93829801
1900-08-16 12:00:00+01:00;26.5;38.34217702
1900-08-16 13:00:00+01:00;30.2;38.06722095
1900-08-16 14:00:00+01:00;32.6;37.45465347
1900-08-16 15:00:00+01:00;32;35.81924832
1900-08-16 16:00:00+01:00;27.7;32.73918384
1900-08-16 17:00:00+01:00;26.4;29.35871614
1900-08-16 18:00:00+01:00;25.1;26.50988965
1900-08-16 19:00:00+01:00;21.1;24.09522897
1900-08-16 20:00:00+01:00;19.1;22.48007203
1900-08-16 21:00:00+01:00;17.4;21.16359825
1900-08-16 22:00:00+01:00;17;20.06766251
1900-08-16 23:00:00+01:00;16.5;19.20446222
1900-08-17 00:00:00+01:00;15.7;18.32041211
1900-08-17 01:00:00+01:00;14.1;18.99343366
1900-08-17 02:00:00+01:00;13.8;19.47759227
1900-08-17 03:00:00+01:00;13.3;20.12774101
1900-08-17 04:00:00+01:00;13.1;21.2172306
1900-08-17 05:00:00+01:00;14;22.80788234
1900-08-17 06:00:00+01:00;16;27.37865181
1900-08-17 07:00:00+01:00;17.6;28.50363001
1900-08-17 08:00:00+01:00;19.4;32.62698961
1900-08-17 09:00:00+01:00;20.8;36.45208808
1900-08-17 10:00:00+01:00;23.6;38.32030677
1900-08-17 11:00:00+01:00;25.7;38.93829801
1900-08-17 12:00:00+01:00;27.3;38.34217702
1900-08-17 13:00:00+01:00;28.3;38.06722095
1900-08-17 14:00:00+01:00;26.7;37.45465347
1900-08-17 15:00:00+01:00;25.3;35.81924832
1900-08-17 16:00:00+01:00;25.3;32.73918384
1900-08-17 17:00:00+01:00;22.8;29.35871614
1900-08-17 18:00:00+01:00;21.8;26.50988965
1900-08-17 19:00:00+01:00;21;24.09522897
1900-08-17 20:00:00+01:00;20;22.48007203
1900-08-17 21:00:00+01:00;19.8;21.16359825
1900-08-17 22:00:00+01:00;19.5;20.06766251
1900-08-17 23:00:00+01:00;19;19.20446222
1900-08-18 00:00:00+01:00;18.3;18.39156075
1900-08-18 01:00:00+01:00;18.2;17.97825914
1900-08-18 02:00:00+01:00;18;18.22306716
1900-08-18 03:00:00+01:00;15.7;18.11243042
1900-08-18 04:00:00+01:00;14.5;18.60606383
1900-08-18 05:00:00+01:00;14.9;19.11039956
1900-08-18 06:00:00+01:00;15.6;20.17641126
1900-08-18 07:00:00+01:00;17;21.1456509
1900-08-18 08:00:00+01:00;19;24.05344942
1900-08-18 09:00:00+01:00;20.2;23.75634367
1900-08-18 10:00:00+01:00;22.2;25.08734486
1900-08-18 11:00:00+01:00;24.6;24.87723618
1900-08-18 12:00:00+01:00;24.9;25.14269792
1900-08-18 13:00:00+01:00;24;25.10196095
1900-08-18 14:00:00+01:00;26.2;24.61899465
1900-08-18 15:00:00+01:00;24.1;24.23924971
1900-08-18 16:00:00+01:00;23.9;23.12506948
1900-08-18 17:00:00+01:00;23;22.38447859
1900-08-18 18:00:00+01:00;22.4;21.69590666
1900-08-18 19:00:00+01:00;20;20.86797494
1900-08-18 20:00:00+01:00;18.6;19.9091029
1900-08-18 21:00:00+01:00;17.4;18.73639946
1900-08-18 22:00:00+01:00;15.9;17.84141276
1900-08-18 23:00:00+01:00;16;17.81236576
1900-08-19 00:00:00+01:00;15.8;18.39156075
1900-08-19 01:00:00+01:00;15.2;17.97825914
1900-08-19 02:00:00+01:00;14.4;18.22306716
1900-08-19 03:00:00+01:00;14.4;18.11243042
1900-08-19 04:00:00+01:00;13.8;18.60606383
1900-08-19 05:00:00+01:00;13.5;19.11039956
1900-08-19 06:00:00+01:00;14.2;20.17641126
1900-08-19 07:00:00+01:00;15.8;21.1456509
1900-08-19 08:00:00+01:00;17;24.05344942
1900-08-19 09:00:00+01:00;20.1;23.75634367
1900-08-19 10:00:00+01:00;19.4;25.08734486
1900-08-19 11:00:00+01:00;20.5;24.87723618
1900-08-19 12:00:00+01:00;21.7;25.14269792
1900-08-19 13:00:00+01:00;22.4;25.10196095
1900-08-19 14:00:00+01:00;23.9;24.61899465
1900-08-19 15:00:00+01:00;20.7;24.23924971
1900-08-19 16:00:00+01:00;20.4;23.12506948
1900-08-19 17:00:00+01:00;19.9;22.38447859
1900-08-19 18:00:00+01:00;19;21.69590666
1900-08-19 19:00:00+01:00;16.4;20.86797494
1900-08-19 20:00:00+01:00;15.3;19.9091029
1900-08-19 21:00:00+01:00;14.1;18.73639946
1900-08-19 22:00:00+01:00;12.8;17.41610834
1900-08-19 23:00:00+01:00;12.5;17.71045453
1900-08-20 00:00:00+01:00;11.4;16.82895983
1900-08-20 01:00:00+01:00;10.5;17.23160721
1900-08-20 02:00:00+01:00;10.5;17.31723115
1900-08-20 03:00:00+01:00;9.6;17.47136556
1900-08-20 04:00:00+01:00;8.9;19.50844615
1900-08-20 05:00:00+01:00;10;20.24381203
1900-08-20 06:00:00+01:00;13.9;27.37865181
1900-08-20 07:00:00+01:00;14.7;28.50363001
1900-08-20 08:00:00+01:00;15.3;32.62698961
1900-08-20 09:00:00+01:00;16.3;36.45208808
1900-08-20 10:00:00+01:00;17.2;38.32030677
1900-08-20 11:00:00+01:00;18.5;38.93829801
1900-08-20 12:00:00+01:00;20;38.34217702
1900-08-20 13:00:00+01:00;19.3;38.06722095
1900-08-20 14:00:00+01:00;18;37.45465347
1900-08-20 15:00:00+01:00;18.3;35.81924832
1900-08-20 16:00:00+01:00;17.2;32.73918384
1900-08-20 17:00:00+01:00;18.3;29.35871614
1900-08-20 18:00:00+01:00;16.5;26.50988965
1900-08-20 19:00:00+01:00;12.8;22.59989728
1900-08-20 20:00:00+01:00;12.7;21.17214578
1900-08-20 21:00:00+01:00;12.8;21.16359825
1900-08-20 22:00:00+01:00;12.4;19.00631368
1900-08-20 23:00:00+01:00;11.6;17.99449238
1900-08-21 00:00:00+01:00;11;17.57845628
1900-08-21 01:00:00+01:00;11.2;18.99343366
1900-08-21 02:00:00+01:00;10.8;17.8954987
1900-08-21 03:00:00+01:00;11.4;20.12774101
1900-08-21 04:00:00+01:00;12;21.2172306
1900-08-21 05:00:00+01:00;10.9;21.00642307
1900-08-21 06:00:00+01:00;11.9;27.37865181
1900-08-21 07:00:00+01:00;14;28.50363001
1900-08-21 08:00:00+01:00;14.5;32.62698961
1900-08-21 09:00:00+01:00;15.5;36.45208808
1900-08-21 10:00:00+01:00;16.5;38.32030677
1900-08-21 11:00:00+01:00;16.8;38.93829801
1900-08-21 12:00:00+01:00;16.7;38.34217702
1900-08-21 13:00:00+01:00;15.6;38.06722095
1900-08-21 14:00:00+01:00;16.2;37.45465347
1900-08-21 15:00:00+01:00;18.8;35.81924832
1900-08-21 16:00:00+01:00;17.9;32.73918384
1900-08-21 17:00:00+01:00;17.1;29.35871614
1900-08-21 18:00:00+01:00;15.5;26.50988965
1900-08-21 19:00:00+01:00;13;22.95689348
1900-08-21 20:00:00+01:00;12;21.54048647
1900-08-21 21:00:00+01:00;10.7;21.09320059
1900-08-21 22:00:00+01:00;10.3;20.93951992
1900-08-21 23:00:00+01:00;9.5;19.92839287
1900-08-22 00:00:00+01:00;8.3;20.03202393
1900-08-22 01:00:00+01:00;7.5;20.58250577
1900-08-22 02:00:00+01:00;6.4;21.74291346
1900-08-22 03:00:00+01:00;6;22.76475656
1900-08-22 04:00:00+01:00;5.2;24.82320079
1900-08-22 05:00:00+01:00;7.3;25.23636767
1900-08-22 06:00:00+01:00;9.9;31.1113999
1900-08-22 07:00:00+01:00;11.5;28.80130389
1900-08-22 08:00:00+01:00;12.9;32.62698961
1900-08-22 09:00:00+01:00;14.1;36.45208808
1900-08-22 10:00:00+01:00;15.5;38.32030677
1900-08-22 11:00:00+01:00;15.7;38.93829801
1900-08-22 12:00:00+01:00;16.1;38.34217702
1900-08-22 13:00:00+01:00;18;38.06722095
1900-08-22 14:00:00+01:00;17.5;37.45465347
1900-08-22 15:00:00+01:00;18.5;35.81924832
1900-08-22 16:00:00+01:00;17.5;32.73918384
1900-08-22 17:00:00+01:00;16.6;29.35871614
1900-08-22 18:00:00+01:00;15.6;26.50988965
1900-08-22 19:00:00+01:00;15;24.09522897
1900-08-22 20:00:00+01:00;12;22.90595876
1900-08-22 21:00:00+01:00;11.7;21.71777206
1900-08-22 22:00:00+01:00;11.8;21.05790435
1900-08-22 23:00:00+01:00;12.3;19.03025619
1900-08-23 00:00:00+01:00;11;18.89054277
1900-08-23 01:00:00+01:00;10.9;18.96032259
1900-08-23 02:00:00+01:00;11;19.47759227
1900-08-23 03:00:00+01:00;9.8;20.06630394
1900-08-23 04:00:00+01:00;9.8;21.10184731
1900-08-23 05:00:00+01:00;9.5;23.02403358
1900-08-23 06:00:00+01:00;10.4;29.76158081
1900-08-23 07:00:00+01:00;12.2;28.50363001
1900-08-23 08:00:00+01:00;14.3;32.62698961
1900-08-23 09:00:00+01:00;15.2;36.45208808
1900-08-23 10:00:00+01:00;16.6;38.32030677
1900-08-23 11:00:00+01:00;17.3;38.93829801
1900-08-23 12:00:00+01:00;19.6;38.34217702
1900-08-23 13:00:00+01:00;21;38.06722095
1900-08-23 14:00:00+01:00;20.6;37.45465347
1900-08-23 15:00:00+01:00;21;35.81924832
1900-08-23 16:00:00+01:00;20.1;32.73918384
1900-08-23 17:00:00+01:00;19.7;29.35871614
1900-08-23 18:00:00+01:00;18.6;26.50988965
1900-08-23 19:00:00+01:00;17.7;24.09522897
1900-08-23 20:00:00+01:00;15.3;22.48007203
1900-08-23 21:00:00+01:00;13.7;21.16359825
1900-08-23 22:00:00+01:00;12.1;18.99744166
1900-08-23 23:00:00+01:00;12.5;18.1307333
1900-08-24 00:00:00+01:00;11.4;16.96632889
1900-08-24 01:00:00+01:00;10.1;17.71726736
1900-08-24 02:00:00+01:00;9.2;18.63961347
1900-08-24 03:00:00+01:00;8.6;19.50796635
1900-08-24 04:00:00+01:00;8;21.30273725
1900-08-24 05:00:00+01:00;8.8;22.29614233
1900-08-24 06:00:00+01:00;10.5;28.39038638
1900-08-24 07:00:00+01:00;12.5;28.50363001
1900-08-24 08:00:00+01:00;14.8;32.62698961
1900-08-24 09:00:00+01:00;16.7;36.45208808
1900-08-24 10:00:00+01:00;18.6;38.32030677
1900-08-24 11:00:00+01:00;19.6;38.93829801
1900-08-24 12:00:00+01:00;20.9;38.34217702
1900-08-24 13:00:00+01:00;22.6;38.06722095
1900-08-24 14:00:00+01:00;22;37.45465347
1900-08-24 15:00:00+01:00;22.3;35.81924832
1900-08-24 16:00:00+01:00;22.2;32.73918384
1900-08-24 17:00:00+01:00;19.4;29.35871614
1900-08-24 18:00:00+01:00;17.7;26.50988965
1900-08-24 19:00:00+01:00;16.5;24.09522897
1900-08-24 20:00:00+01:00;15.8;22.48007203
1900-08-24 21:00:00+01:00;14.2;21.16359825
1900-08-24 22:00:00+01:00;13.2;20.06766251
1900-08-24 23:00:00+01:00;12.1;18.1307333
1900-08-25 00:00:00+01:00;11;18.06851538
1900-08-25 01:00:00+01:00;9.8;18.62360599
1900-08-25 02:00:00+01:00;9;18.93235963
1900-08-25 03:00:00+01:00;8.4;19.61442389
1900-08-25 04:00:00+01:00;8.9;19.63505796
1900-08-25 05:00:00+01:00;8.2;22.02804821
1900-08-25 06:00:00+01:00;9.7;21.80590412
1900-08-25 07:00:00+01:00;11.2;21.96395048
1900-08-25 08:00:00+01:00;12.6;25.07136793
1900-08-25 09:00:00+01:00;13.3;22.20093822
1900-08-25 10:00:00+01:00;14.2;25.08734486
1900-08-25 11:00:00+01:00;15.6;24.87723618
1900-08-25 12:00:00+01:00;15.9;25.14269792
1900-08-25 13:00:00+01:00;16.9;25.10196095
1900-08-25 14:00:00+01:00;17.5;24.61899465
1900-08-25 15:00:00+01:00;18.1;24.23924971
1900-08-25 16:00:00+01:00;19.2;23.12506948
1900-08-25 17:00:00+01:00;18.5;22.38447859
1900-08-25 18:00:00+01:00;17;21.69590666
1900-08-25 19:00:00+01:00;14;20.86797494
1900-08-25 20:00:00+01:00;12.6;20.26423943
1900-08-25 21:00:00+01:00;10.2;20.85721103
1900-08-25 22:00:00+01:00;9.6;20.48540463
1900-08-25 23:00:00+01:00;9.3;20.55984953
1900-08-26 00:00:00+01:00;9;21.23268927
1900-08-26 01:00:00+01:00;8.5;21.31245188
1900-08-26 02:00:00+01:00;7.9;21.5808452
1900-08-26 03:00:00+01:00;7;22.4406156
1900-08-26 04:00:00+01:00;7.6;22.40233076
1900-08-26 05:00:00+01:00;6.9;24.70506913
1900-08-26 06:00:00+01:00;9.4;23.87754294
1900-08-26 07:00:00+01:00;12.2;23.0338571
1900-08-26 08:00:00+01:00;13.6;24.34088995
1900-08-26 09:00:00+01:00;14.5;23.75634367
1900-08-26 10:00:00+01:00;16.7;25.08734486
1900-08-26 11:00:00+01:00;19.8;24.87723618
1900-08-26 12:00:00+01:00;19.6;25.14269792
1900-08-26 13:00:00+01:00;22.3;25.10196095
1900-08-26 14:00:00+01:00;22.5;24.61899465
1900-08-26 15:00:00+01:00;23;24.23924971
1900-08-26 16:00:00+01:00;22.7;23.12506948
1900-08-26 17:00:00+01:00;21.4;22.38447859
1900-08-26 18:00:00+01:00;20.3;21.69590666
1900-08-26 19:00:00+01:00;18.4;20.86797494
1900-08-26 20:00:00+01:00;16.8;19.9091029
1900-08-26 21:00:00+01:00;16.5;18.73639946
1900-08-26 22:00:00+01:00;16.1;17.84141276
1900-08-26 23:00:00+01:00;15.9;17.81236576
1900-08-27 00:00:00+01:00;15.4;18.32041211
1900-08-27 01:00:00+01:00;15.4;18.99343366
1900-08-27 02:00:00+01:00;15.4;19.47759227
1900-08-27 03:00:00+01:00;15.5;20.12774101
1900-08-27 04:00:00+01:00;15.6;21.2172306
1900-08-27 05:00:00+01:00;15.1;22.80788234
1900-08-27 06:00:00+01:00;14.6;27.37865181
1900-08-27 07:00:00+01:00;15.2;28.50363001
1900-08-27 08:00:00+01:00;15.3;32.62698961
1900-08-27 09:00:00+01:00;16.1;36.45208808
1900-08-27 10:00:00+01:00;17.6;38.32030677
1900-08-27 11:00:00+01:00;19.3;38.93829801
1900-08-27 12:00:00+01:00;20.9;38.34217702
1900-08-27 13:00:00+01:00;20.7;38.06722095
1900-08-27 14:00:00+01:00;20.8;37.45465347
1900-08-27 15:00:00+01:00;21.9;35.81924832
1900-08-27 16:00:00+01:00;21.3;32.73918384
1900-08-27 17:00:00+01:00;20.3;29.35871614
1900-08-27 18:00:00+01:00;19;26.50988965
1900-08-27 19:00:00+01:00;16.7;24.09522897
1900-08-27 20:00:00+01:00;15.8;22.48007203
1900-08-27 21:00:00+01:00;15.1;21.16359825
1900-08-27 22:00:00+01:00;13.2;20.06766251
1900-08-27 23:00:00+01:00;12.4;18.1307333
1900-08-28 00:00:00+01:00;12.2;18.32041211
1900-08-28 01:00:00+01:00;13.4;18.99343366
1900-08-28 02:00:00+01:00;13.6;19.47759227
1900-08-28 03:00:00+01:00;13.4;20.12774101
1900-08-28 04:00:00+01:00;13.3;21.2172306
1900-08-28 05:00:00+01:00;13.5;22.80788234
1900-08-28 06:00:00+01:00;13.7;27.37865181
1900-08-28 07:00:00+01:00;14;28.50363001
1900-08-28 08:00:00+01:00;14;32.62698961
1900-08-28 09:00:00+01:00;14.4;36.45208808
1900-08-28 10:00:00+01:00;15;38.32030677
1900-08-28 11:00:00+01:00;16.4;38.93829801
1900-08-28 12:00:00+01:00;16.4;38.34217702
1900-08-28 13:00:00+01:00;18.2;38.06722095
1900-08-28 14:00:00+01:00;19.5;37.45465347
1900-08-28 15:00:00+01:00;21.6;35.81924832
1900-08-28 16:00:00+01:00;20.4;32.73918384
1900-08-28 17:00:00+01:00;19;29.35871614
1900-08-28 18:00:00+01:00;17.3;26.50988965
1900-08-28 19:00:00+01:00;16.2;24.09522897
1900-08-28 20:00:00+01:00;15.8;22.48007203
1900-08-28 21:00:00+01:00;14.7;21.16359825
1900-08-28 22:00:00+01:00;14.8;20.06766251
1900-08-28 23:00:00+01:00;14.1;19.20446222
1900-08-29 00:00:00+01:00;14.6;18.32041211
1900-08-29 01:00:00+01:00;14.4;18.99343366
1900-08-29 02:00:00+01:00;14.6;19.47759227
1900-08-29 03:00:00+01:00;14.4;20.12774101
1900-08-29 04:00:00+01:00;14.3;21.2172306
1900-08-29 05:00:00+01:00;14.4;22.80788234
1900-08-29 06:00:00+01:00;14.8;27.37865181
1900-08-29 07:00:00+01:00;15;28.50363001
1900-08-29 08:00:00+01:00;16;32.62698961
1900-08-29 09:00:00+01:00;16.2;36.45208808
1900-08-29 10:00:00+01:00;18.8;38.32030677
1900-08-29 11:00:00+01:00;19.4;38.93829801
1900-08-29 12:00:00+01:00;20;38.34217702
1900-08-29 13:00:00+01:00;20.4;38.06722095
1900-08-29 14:00:00+01:00;20.5;37.45465347
1900-08-29 15:00:00+01:00;19.9;35.81924832
1900-08-29 16:00:00+01:00;20.6;32.73918384
1900-08-29 17:00:00+01:00;19.4;29.35871614
1900-08-29 18:00:00+01:00;17.7;26.50988965
1900-08-29 19:00:00+01:00;16.5;24.09522897
1900-08-29 20:00:00+01:00;15.6;22.48007203
1900-08-29 21:00:00+01:00;14.4;21.16359825
1900-08-29 22:00:00+01:00;14.2;20.06766251
1900-08-29 23:00:00+01:00;15;19.20446222
1900-08-30 00:00:00+01:00;14.7;18.32041211
1900-08-30 01:00:00+01:00;14.6;18.99343366
1900-08-30 02:00:00+01:00;15;19.47759227
1900-08-30 03:00:00+01:00;15.1;20.12774101
1900-08-30 04:00:00+01:00;14.7;21.2172306
1900-08-30 05:00:00+01:00;14.8;22.80788234
1900-08-30 06:00:00+01:00;15;27.37865181
1900-08-30 07:00:00+01:00;15.5;28.50363001
1900-08-30 08:00:00+01:00;15.6;32.62698961
1900-08-30 09:00:00+01:00;15.5;36.45208808
1900-08-30 10:00:00+01:00;14.9;38.32030677
1900-08-30 11:00:00+01:00;15;38.93829801
1900-08-30 12:00:00+01:00;14.6;38.34217702
1900-08-30 13:00:00+01:00;15.3;38.06722095
1900-08-30 14:00:00+01:00;15.7;37.45465347
1900-08-30 15:00:00+01:00;15.1;35.81924832
1900-08-30 16:00:00+01:00;15.3;32.73918384
1900-08-30 17:00:00+01:00;15.2;29.35871614
1900-08-30 18:00:00+01:00;15.2;26.50988965
1900-08-30 19:00:00+01:00;15;24.09522897
1900-08-30 20:00:00+01:00;14.8;22.48007203
1900-08-30 21:00:00+01:00;14.5;21.16359825
1900-08-30 22:00:00+01:00;14.3;20.06766251
1900-08-30 23:00:00+01:00;14.4;19.20446222
1900-08-31 00:00:00+01:00;14.4;18.32041211
1900-08-31 01:00:00+01:00;13.7;18.99343366
1900-08-31 02:00:00+01:00;14;19.47759227
1900-08-31 03:00:00+01:00;13.9;20.12774101
1900-08-31 04:00:00+01:00;14;21.2172306
1900-08-31 05:00:00+01:00;13.4;22.80788234
1900-08-31 06:00:00+01:00;13;27.37865181
1900-08-31 07:00:00+01:00;13.1;28.50363001
1900-08-31 08:00:00+01:00;13.4;32.62698961
1900-08-31 09:00:00+01:00;13.9;36.45208808
1900-08-31 10:00:00+01:00;14.6;38.32030677
1900-08-31 11:00:00+01:00;16.3;38.93829801
1900-08-31 12:00:00+01:00;16.3;38.34217702
1900-08-31 13:00:00+01:00;17;38.06722095
1900-08-31 14:00:00+01:00;17.1;37.45465347
1900-08-31 15:00:00+01:00;18.9;35.81924832
1900-08-31 16:00:00+01:00;20;32.73918384
1900-08-31 17:00:00+01:00;17;29.35871614
1900-08-31 18:00:00+01:00;16.9;26.50988965
1900-08-31 19:00:00+01:00;15.6;24.09522897
1900-08-31 20:00:00+01:00;14.8;22.48007203
1900-08-31 21:00:00+01:00;13.5;21.16359825
1900-08-31 22:00:00+01:00;11.9;19.00066986
1900-08-31 23:00:00+01:00;10.1;18.60013837
1900-09-01 00:00:00+01:00;9.3;19.72002376
1900-09-01 01:00:00+01:00;8.5;20.10383755
1900-09-01 02:00:00+01:00;7.7;20.59436998
1900-09-01 03:00:00+01:00;7.7;21.08297687
1900-09-01 04:00:00+01:00;8.4;21.14559753
1900-09-01 05:00:00+01:00;9;22.50791405
1900-09-01 06:00:00+01:00;9.6;23.19825448
1900-09-01 07:00:00+01:00;9.9;24.33028828
1900-09-01 08:00:00+01:00;9.9;28.75949545
1900-09-01 09:00:00+01:00;10.2;26.17939686
1900-09-01 10:00:00+01:00;12.4;27.48122385
1900-09-01 11:00:00+01:00;13.2;26.04300667
1900-09-01 12:00:00+01:00;15.3;25.14269792
1900-09-01 13:00:00+01:00;16.1;25.10196095
1900-09-01 14:00:00+01:00;17.2;24.61899465
1900-09-01 15:00:00+01:00;16.2;24.23924971
1900-09-01 16:00:00+01:00;16.9;23.12506948
1900-09-01 17:00:00+01:00;15.7;22.38447859
1900-09-01 18:00:00+01:00;15.2;21.69590666
1900-09-01 19:00:00+01:00;15.1;20.86797494
1900-09-01 20:00:00+01:00;14.7;19.9091029
1900-09-01 21:00:00+01:00;13.6;18.73639946
1900-09-01 22:00:00+01:00;11.1;19.99759171
1900-09-01 23:00:00+01:00;10.6;20.38569384
1900-09-02 00:00:00+01:00;9.2;21.5583331
1900-09-02 01:00:00+01:00;8.3;21.88162584
1900-09-02 02:00:00+01:00;8.4;21.68152977
1900-09-02 03:00:00+01:00;8;22.15760198
1900-09-02 04:00:00+01:00;7.3;22.91047426
1900-09-02 05:00:00+01:00;9.2;23.14197741
1900-09-02 06:00:00+01:00;10.5;23.34319519
1900-09-02 07:00:00+01:00;12.2;23.22504159
1900-09-02 08:00:00+01:00;15.5;24.05344942
1900-09-02 09:00:00+01:00;16.5;23.75634367
1900-09-02 10:00:00+01:00;18.2;25.08734486
1900-09-02 11:00:00+01:00;19.4;24.87723618
1900-09-02 12:00:00+01:00;19.6;25.14269792
1900-09-02 13:00:00+01:00;19.3;25.10196095
1900-09-02 14:00:00+01:00;21.6;24.61899465
1900-09-02 15:00:00+01:00;20;24.23924971
1900-09-02 16:00:00+01:00;20.8;23.12506948
1900-09-02 17:00:00+01:00;20.1;22.38447859
1900-09-02 18:00:00+01:00;18.3;21.69590666
1900-09-02 19:00:00+01:00;15.3;20.86797494
1900-09-02 20:00:00+01:00;14.4;19.9091029
1900-09-02 21:00:00+01:00;13.6;18.73639946
1900-09-02 22:00:00+01:00;12;17.57668657
1900-09-02 23:00:00+01:00;10.5;18.50363324
1900-09-03 00:00:00+01:00;9.5;18.52675385
1900-09-03 01:00:00+01:00;9.6;18.3633794
1900-09-03 02:00:00+01:00;8.5;19.35608766
1900-09-03 03:00:00+01:00;9;19.43391581
1900-09-03 04:00:00+01:00;7.5;21.77049811
1900-09-03 05:00:00+01:00;7.2;23.49801022
1900-09-03 06:00:00+01:00;7.5;30.55959762
1900-09-03 07:00:00+01:00;10.7;27.16179636
1900-09-03 08:00:00+01:00;14;32.62698961
1900-09-03 09:00:00+01:00;16.5;36.45208808
1900-09-03 10:00:00+01:00;17.2;38.32030677
1900-09-03 11:00:00+01:00;18.2;38.93829801
1900-09-03 12:00:00+01:00;18.6;38.34217702
1900-09-03 13:00:00+01:00;18.7;38.06722095
1900-09-03 14:00:00+01:00;22.1;37.45465347
1900-09-03 15:00:00+01:00;18.8;35.81924832
1900-09-03 16:00:00+01:00;19.5;32.73918384
1900-09-03 17:00:00+01:00;18.4;29.35871614
1900-09-03 18:00:00+01:00;17.1;26.50988965
1900-09-03 19:00:00+01:00;15;24.09522897
1900-09-03 20:00:00+01:00;13.8;22.48007203
1900-09-03 21:00:00+01:00;13.4;21.16359825
1900-09-03 22:00:00+01:00;13;20.06766251
1900-09-03 23:00:00+01:00;13.2;19.20446222
1900-09-04 00:00:00+01:00;9.1;19.18217833
1900-09-04 01:00:00+01:00;8;19.87086836
1900-09-04 02:00:00+01:00;7;20.88144118
1900-09-04 03:00:00+01:00;7.3;21.25010989
1900-09-04 04:00:00+01:00;5.7;23.71882662
1900-09-04 05:00:00+01:00;5.5;25.38700866
1900-09-04 06:00:00+01:00;6.6;31.93708403
1900-09-04 07:00:00+01:00;7.5;30.13331555
1900-09-04 08:00:00+01:00;9.4;35.41983237
1900-09-04 09:00:00+01:00;10.3;39.14807384
1900-09-04 10:00:00+01:00;10.8;40.60069203
1900-09-04 11:00:00+01:00;12.6;39.89417432
1900-09-04 12:00:00+01:00;13.3;38.31258854
1900-09-04 13:00:00+01:00;14.6;38.06722095
1900-09-04 14:00:00+01:00;16.3;37.45465347
1900-09-04 15:00:00+01:00;16.3;35.81924832
1900-09-04 16:00:00+01:00;16;32.73918384
1900-09-04 17:00:00+01:00;15.4;29.35871614
1900-09-04 18:00:00+01:00;14.9;26.50988965
1900-09-04 19:00:00+01:00;13.3;24.92444559
1900-09-04 20:00:00+01:00;13;22.48007203
1900-09-04 21:00:00+01:00;12.6;22.08039568
1900-09-04 22:00:00+01:00;11.2;22.59468218
1900-09-04 23:00:00+01:00;11;21.03069611
1900-09-05 00:00:00+01:00;10.7;20.2646263
1900-09-05 01:00:00+01:00;8.4;21.87360199
1900-09-05 02:00:00+01:00;8.9;21.56624887
1900-09-05 03:00:00+01:00;7.9;22.93100932
1900-09-05 04:00:00+01:00;8;23.90765498
1900-09-05 05:00:00+01:00;7.4;26.22510019
1900-09-05 06:00:00+01:00;9;32.65384798
1900-09-05 07:00:00+01:00;8.7;31.44108963
1900-09-05 08:00:00+01:00;11.8;35.46193742
1900-09-05 09:00:00+01:00;14.1;36.45208808
1900-09-05 10:00:00+01:00;15.4;38.32030677
1900-09-05 11:00:00+01:00;16.8;38.93829801
1900-09-05 12:00:00+01:00;16.5;38.34217702
1900-09-05 13:00:00+01:00;17;38.06722095
1900-09-05 14:00:00+01:00;17.4;37.45465347
1900-09-05 15:00:00+01:00;16.2;35.81924832
1900-09-05 16:00:00+01:00;17.7;32.73918384
1900-09-05 17:00:00+01:00;17.5;29.35871614
1900-09-05 18:00:00+01:00;15.6;26.50988965
1900-09-05 19:00:00+01:00;13.1;23.92941068
1900-09-05 20:00:00+01:00;10.3;24.01641417
1900-09-05 21:00:00+01:00;9.1;23.55304794
1900-09-05 22:00:00+01:00;9.3;22.90166122
1900-09-05 23:00:00+01:00;9.9;20.78681123
1900-09-06 00:00:00+01:00;8.6;20.8759146
1900-09-06 01:00:00+01:00;6.3;22.39596591
1900-09-06 02:00:00+01:00;6.7;22.45013012
1900-09-06 03:00:00+01:00;5.8;23.7887682
1900-09-06 04:00:00+01:00;5.4;25.37144978
1900-09-06 05:00:00+01:00;4.7;27.67361752
1900-09-06 06:00:00+01:00;5.7;34.61197168
1900-09-06 07:00:00+01:00;10;30.57900577
1900-09-06 08:00:00+01:00;11.7;35.61484149
1900-09-06 09:00:00+01:00;13;36.45208808
1900-09-06 10:00:00+01:00;14.8;38.32030677
1900-09-06 11:00:00+01:00;15.5;38.93829801
1900-09-06 12:00:00+01:00;16;38.34217702
1900-09-06 13:00:00+01:00;16.1;38.06722095
1900-09-06 14:00:00+01:00;17.1;37.45465347
1900-09-06 15:00:00+01:00;17.5;35.81924832
1900-09-06 16:00:00+01:00;17.2;32.73918384
1900-09-06 17:00:00+01:00;16;29.35871614
1900-09-06 18:00:00+01:00;14.5;26.50988965
1900-09-06 19:00:00+01:00;13.5;24.73537983
1900-09-06 20:00:00+01:00;12.8;23.01344901
1900-09-06 21:00:00+01:00;12.4;21.90317783
1900-09-06 22:00:00+01:00;9.7;23.24400365
1900-09-06 23:00:00+01:00;9.5;21.61088451
1900-09-07 00:00:00+01:00;8;21.75750163
1900-09-07 01:00:00+01:00;8.3;21.51517763
1900-09-07 02:00:00+01:00;8.3;21.5920618
1900-09-07 03:00:00+01:00;8.8;21.8229086
1900-09-07 04:00:00+01:00;8.8;22.84612779
1900-09-07 05:00:00+01:00;9.8;23.98076534
1900-09-07 06:00:00+01:00;10.8;30.61668136
1900-09-07 07:00:00+01:00;12.6;28.50363001
1900-09-07 08:00:00+01:00;13.9;32.62698961
1900-09-07 09:00:00+01:00;15.3;36.45208808
1900-09-07 10:00:00+01:00;15.7;38.32030677
1900-09-07 11:00:00+01:00;17.8;38.93829801
1900-09-07 12:00:00+01:00;18;38.34217702
1900-09-07 13:00:00+01:00;19.6;38.06722095
1900-09-07 14:00:00+01:00;21.9;37.45465347
1900-09-07 15:00:00+01:00;24.2;35.81924832
1900-09-07 16:00:00+01:00;19.8;32.73918384
1900-09-07 17:00:00+01:00;18.8;29.35871614
1900-09-07 18:00:00+01:00;17;26.50988965
1900-09-07 19:00:00+01:00;15.4;24.09522897
1900-09-07 20:00:00+01:00;15.2;22.48007203
1900-09-07 21:00:00+01:00;12.8;21.16359825
1900-09-07 22:00:00+01:00;12.3;19.10217396
1900-09-07 23:00:00+01:00;10.7;18.63698865
1900-09-08 00:00:00+01:00;9.9;19.48626326
1900-09-08 01:00:00+01:00;9.6;19.37206289
1900-09-08 02:00:00+01:00;10.4;18.65780278
1900-09-08 03:00:00+01:00;11;18.48183239
1900-09-08 04:00:00+01:00;10.8;18.89622518
1900-09-08 05:00:00+01:00;11;20.16230475
1900-09-08 06:00:00+01:00;10.6;21.52627275
1900-09-08 07:00:00+01:00;10.9;22.54713406
1900-09-08 08:00:00+01:00;11.8;26.05095567
1900-09-08 09:00:00+01:00;12.7;22.97652996
1900-09-08 10:00:00+01:00;13.1;25.40531274
1900-09-08 11:00:00+01:00;14.4;24.87723618
1900-09-08 12:00:00+01:00;16.3;25.14269792
1900-09-08 13:00:00+01:00;18.6;25.10196095
1900-09-08 14:00:00+01:00;20;24.61899465
1900-09-08 15:00:00+01:00;21.1;24.23924971
1900-09-08 16:00:00+01:00;23.3;23.12506948
1900-09-08 17:00:00+01:00;22.7;22.38447859
1900-09-08 18:00:00+01:00;18.6;21.69590666
1900-09-08 19:00:00+01:00;15.6;20.86797494
1900-09-08 20:00:00+01:00;14.9;19.9091029
1900-09-08 21:00:00+01:00;14.6;18.73639946
1900-09-08 22:00:00+01:00;13.7;17.84141276
1900-09-08 23:00:00+01:00;12.9;17.81236576
1900-09-09 00:00:00+01:00;12.1;17.83358156
1900-09-09 01:00:00+01:00;11.4;18.02989446
1900-09-09 02:00:00+01:00;11.5;17.84025285
1900-09-09 03:00:00+01:00;11.5;18.08205384
1900-09-09 04:00:00+01:00;11.5;18.41720405
1900-09-09 05:00:00+01:00;11.2;19.99337321
1900-09-09 06:00:00+01:00;12.9;19.84748643
1900-09-09 07:00:00+01:00;15;21.1456509
1900-09-09 08:00:00+01:00;15.2;24.05344942
1900-09-09 09:00:00+01:00;16.2;23.75634367
1900-09-09 10:00:00+01:00;17;25.08734486
1900-09-09 11:00:00+01:00;18;24.87723618
1900-09-09 12:00:00+01:00;18.1;25.14269792
1900-09-09 13:00:00+01:00;19;25.10196095
1900-09-09 14:00:00+01:00;20.5;24.61899465
1900-09-09 15:00:00+01:00;20.4;24.23924971
1900-09-09 16:00:00+01:00;21;23.12506948
1900-09-09 17:00:00+01:00;20.2;22.38447859
1900-09-09 18:00:00+01:00;17.6;21.69590666
1900-09-09 19:00:00+01:00;16.6;20.86797494
1900-09-09 20:00:00+01:00;15.4;19.9091029
1900-09-09 21:00:00+01:00;15.3;18.73639946
1900-09-09 22:00:00+01:00;14.5;17.84141276
1900-09-09 23:00:00+01:00;12.2;17.71045453
1900-09-10 00:00:00+01:00;11.9;18.32041211
1900-09-10 01:00:00+01:00;10.6;17.34209197
1900-09-10 02:00:00+01:00;10;17.65663845
1900-09-10 03:00:00+01:00;11;20.12774101
1900-09-10 04:00:00+01:00;11.4;21.2172306
1900-09-10 05:00:00+01:00;11.6;22.80788234
1900-09-10 06:00:00+01:00;11.9;27.37865181
1900-09-10 07:00:00+01:00;13;28.50363001
1900-09-10 08:00:00+01:00;13;32.62698961
1900-09-10 09:00:00+01:00;13.8;36.45208808
1900-09-10 10:00:00+01:00;15.4;38.32030677
1900-09-10 11:00:00+01:00;16;38.93829801
1900-09-10 12:00:00+01:00;16.8;38.34217702
1900-09-10 13:00:00+01:00;16.8;38.06722095
1900-09-10 14:00:00+01:00;17.4;37.45465347
1900-09-10 15:00:00+01:00;16.7;35.81924832
1900-09-10 16:00:00+01:00;16.6;32.73918384
1900-09-10 17:00:00+01:00;15.5;29.35871614
1900-09-10 18:00:00+01:00;14.5;26.50988965
1900-09-10 19:00:00+01:00;13.5;22.85633185
1900-09-10 20:00:00+01:00;12.4;21.3849774
1900-09-10 21:00:00+01:00;11.9;20.4398506
1900-09-10 22:00:00+01:00;10.2;21.29776429
1900-09-10 23:00:00+01:00;9.1;20.49992177
1900-09-11 00:00:00+01:00;9.5;19.49066997
1900-09-11 01:00:00+01:00;9;19.86845964
1900-09-11 02:00:00+01:00;8.8;20.23423464
1900-09-11 03:00:00+01:00;9.4;20.44835023
1900-09-11 04:00:00+01:00;9.7;21.48057627
1900-09-11 05:00:00+01:00;9.7;23.43160347
1900-09-11 06:00:00+01:00;10;30.71660023
1900-09-11 07:00:00+01:00;10.7;28.94625118
1900-09-11 08:00:00+01:00;11.8;34.34250479
1900-09-11 09:00:00+01:00;13.8;36.45208808
1900-09-11 10:00:00+01:00;14.9;38.32030677
1900-09-11 11:00:00+01:00;17.4;38.93829801
1900-09-11 12:00:00+01:00;17.8;38.34217702
1900-09-11 13:00:00+01:00;19.7;38.06722095
1900-09-11 14:00:00+01:00;21.3;37.45465347
1900-09-11 15:00:00+01:00;19;35.81924832
1900-09-11 16:00:00+01:00;19.2;32.73918384
1900-09-11 17:00:00+01:00;18.4;29.35871614
1900-09-11 18:00:00+01:00;16.4;26.50988965
1900-09-11 19:00:00+01:00;15.3;24.09522897
1900-09-11 20:00:00+01:00;14.1;22.48007203
1900-09-11 21:00:00+01:00;11.7;20.64130102
1900-09-11 22:00:00+01:00;10.8;20.75014598
1900-09-11 23:00:00+01:00;11.4;18.64016509
1900-09-12 00:00:00+01:00;11.7;17.5638231
1900-09-12 01:00:00+01:00;11.9;18.99343366
1900-09-12 02:00:00+01:00;12.2;19.47759227
1900-09-12 03:00:00+01:00;12.4;20.12774101
1900-09-12 04:00:00+01:00;12;21.2172306
1900-09-12 05:00:00+01:00;11.6;22.80788234
1900-09-12 06:00:00+01:00;11.8;27.37865181
1900-09-12 07:00:00+01:00;13;28.50363001
1900-09-12 08:00:00+01:00;12.9;32.62698961
1900-09-12 09:00:00+01:00;11.3;36.60970677
1900-09-12 10:00:00+01:00;11.5;38.16142296
1900-09-12 11:00:00+01:00;12;38.78090787
1900-09-12 12:00:00+01:00;13.4;36.5664089
1900-09-12 13:00:00+01:00;13.5;38.06722095
1900-09-12 14:00:00+01:00;13.6;37.45465347
1900-09-12 15:00:00+01:00;13.1;35.64067772
1900-09-12 16:00:00+01:00;11.1;32.91832461
1900-09-12 17:00:00+01:00;11.6;30.03046077
1900-09-12 18:00:00+01:00;9;29.45387868
1900-09-12 19:00:00+01:00;7.5;29.01817926
1900-09-12 20:00:00+01:00;6.5;27.85406676
1900-09-12 21:00:00+01:00;6.4;26.54840305
1900-09-12 22:00:00+01:00;6;26.34539646
1900-09-12 23:00:00+01:00;5.8;24.75772508
1900-09-13 00:00:00+01:00;5.6;24.16841503
1900-09-13 01:00:00+01:00;3.8;25.50237274
1900-09-13 02:00:00+01:00;3.5;26.22376138
1900-09-13 03:00:00+01:00;2.6;28.01762233
1900-09-13 04:00:00+01:00;2;29.91704463
1900-09-13 05:00:00+01:00;1.5;32.59311028
1900-09-13 06:00:00+01:00;2.8;39.91299625
1900-09-13 07:00:00+01:00;6.6;36.80181683
1900-09-13 08:00:00+01:00;8.6;42.41207083
1900-09-13 09:00:00+01:00;10.1;45.42886881
1900-09-13 10:00:00+01:00;12.2;45.06984573
1900-09-13 11:00:00+01:00;14.3;38.93829801
1900-09-13 12:00:00+01:00;14.3;38.34217702
1900-09-13 13:00:00+01:00;14.6;38.06722095
1900-09-13 14:00:00+01:00;12.5;42.30761326
1900-09-13 15:00:00+01:00;12.3;41.06362687
1900-09-13 16:00:00+01:00;12.9;35.668076
1900-09-13 17:00:00+01:00;11.7;33.4434756
1900-09-13 18:00:00+01:00;9.4;32.9021599
1900-09-13 19:00:00+01:00;6.3;33.11273737
1900-09-13 20:00:00+01:00;5.7;31.52024539
1900-09-13 21:00:00+01:00;5.4;30.37806334
1900-09-13 22:00:00+01:00;5.8;29.33178486
1900-09-13 23:00:00+01:00;3.6;28.7645628
1900-09-14 00:00:00+01:00;4;27.48645369
1900-09-14 01:00:00+01:00;5.1;26.75456972
1900-09-14 02:00:00+01:00;4.8;26.92805125
1900-09-14 03:00:00+01:00;4.7;27.92635287
1900-09-14 04:00:00+01:00;1.7;31.04348741
1900-09-14 05:00:00+01:00;1.3;33.43753178
1900-09-14 06:00:00+01:00;4.9;38.9652266
1900-09-14 07:00:00+01:00;7.1;36.5004302
1900-09-14 08:00:00+01:00;10.2;40.94756403
1900-09-14 09:00:00+01:00;11.6;43.76294434
1900-09-14 10:00:00+01:00;12.5;44.42478444
1900-09-14 11:00:00+01:00;12.8;44.38462928
1900-09-14 12:00:00+01:00;13.9;38.34217702
1900-09-14 13:00:00+01:00;10.6;44.87960744
1900-09-14 14:00:00+01:00;12.9;41.92797329
1900-09-14 15:00:00+01:00;11.4;41.96558029
1900-09-14 16:00:00+01:00;11;37.32476186
1900-09-14 17:00:00+01:00;9.1;36.07779886
1900-09-14 18:00:00+01:00;7.7;34.53414173
1900-09-14 19:00:00+01:00;6;33.63650193
1900-09-14 20:00:00+01:00;4.6;32.67939836
1900-09-14 21:00:00+01:00;4.1;31.66276649
1900-09-14 22:00:00+01:00;3.1;31.65950415
1900-09-14 23:00:00+01:00;3.6;29.08536242
1900-09-15 00:00:00+01:00;4.2;28.49778678
1900-09-15 01:00:00+01:00;3.8;28.38531722
1900-09-15 02:00:00+01:00;4;28.19183163
1900-09-15 03:00:00+01:00;1;30.349895
1900-09-15 04:00:00+01:00;0.7;30.71001501
1900-09-15 05:00:00+01:00;0.1;33.3930561
1900-09-15 06:00:00+01:00;2.4;32.6065024
1900-09-15 07:00:00+01:00;6;31.66166436
1900-09-15 08:00:00+01:00;7.4;37.24246012
1900-09-15 09:00:00+01:00;9.6;33.26234661
1900-09-15 10:00:00+01:00;11.2;34.5126061
1900-09-15 11:00:00+01:00;12.3;32.46936164
1900-09-15 12:00:00+01:00;13.4;31.38736147
1900-09-15 13:00:00+01:00;14.1;25.66337517
1900-09-15 14:00:00+01:00;13.8;29.09188815
1900-09-15 15:00:00+01:00;14;28.39960142
1900-09-15 16:00:00+01:00;14;26.38972704
1900-09-15 17:00:00+01:00;13.8;25.45738109
1900-09-15 18:00:00+01:00;10.4;28.06332507
1900-09-15 19:00:00+01:00;7.6;28.87247274
1900-09-15 20:00:00+01:00;5.3;30.44467126
1900-09-15 21:00:00+01:00;4.5;29.65697989
1900-09-15 22:00:00+01:00;4.2;28.76560689
1900-09-15 23:00:00+01:00;3.4;28.72092451
1900-09-16 00:00:00+01:00;3;29.29604821
1900-09-16 01:00:00+01:00;2.5;29.19787437
1900-09-16 02:00:00+01:00;2.2;29.28561492
1900-09-16 03:00:00+01:00;-0.5;31.21014995
1900-09-16 04:00:00+01:00;-1.2;31.84211223
1900-09-16 05:00:00+01:00;2.3;31.55282507
1900-09-16 06:00:00+01:00;2.7;32.17789938
1900-09-16 07:00:00+01:00;4.4;32.64933875
1900-09-16 08:00:00+01:00;5.6;37.73018058
1900-09-16 09:00:00+01:00;6.7;34.65821071
1900-09-16 10:00:00+01:00;8.9;35.93703584
1900-09-16 11:00:00+01:00;10.9;33.38682602
1900-09-16 12:00:00+01:00;12.4;32.16993362
1900-09-16 13:00:00+01:00;14.3;25.65180321
1900-09-16 14:00:00+01:00;15.2;24.61899465
1900-09-16 15:00:00+01:00;14.6;24.41811181
1900-09-16 16:00:00+01:00;14.6;23.12506948
1900-09-16 17:00:00+01:00;13.7;25.72141056
1900-09-16 18:00:00+01:00;12.8;26.16982362
1900-09-16 19:00:00+01:00;11.8;25.60421797
1900-09-16 20:00:00+01:00;12;25.36774926
1900-09-16 21:00:00+01:00;10.6;24.67206293
1900-09-16 22:00:00+01:00;10.5;23.60843016
1900-09-16 23:00:00+01:00;9.9;24.13216541
1900-09-17 00:00:00+01:00;8.6;23.74832016
1900-09-17 01:00:00+01:00;8.9;23.55536526
1900-09-17 02:00:00+01:00;8.5;23.52488831
1900-09-17 03:00:00+01:00;7.6;24.74002301
1900-09-17 04:00:00+01:00;7.9;25.24779995
1900-09-17 05:00:00+01:00;7.6;27.50003714
1900-09-17 06:00:00+01:00;8.1;34.65551368
1900-09-17 07:00:00+01:00;9.4;32.34954818
1900-09-17 08:00:00+01:00;11;37.32835281
1900-09-17 09:00:00+01:00;11.3;40.8588101
1900-09-17 10:00:00+01:00;12.6;41.05206419
1900-09-17 11:00:00+01:00;12.3;41.72460073
1900-09-17 12:00:00+01:00;12;40.91091244
1900-09-17 13:00:00+01:00;12.1;40.42405105
1900-09-17 14:00:00+01:00;11.6;40.70042944
1900-09-17 15:00:00+01:00;12.1;38.76965634
1900-09-17 16:00:00+01:00;12.3;33.87032078
1900-09-17 17:00:00+01:00;12;31.19213727
1900-09-17 18:00:00+01:00;12.3;28.47892412
1900-09-17 19:00:00+01:00;12.5;26.17391932
1900-09-17 20:00:00+01:00;12.5;24.06019798
1900-09-17 21:00:00+01:00;12.2;22.90500487
1900-09-17 22:00:00+01:00;12.4;21.91264578
1900-09-17 23:00:00+01:00;12.1;20.51598671
1900-09-18 00:00:00+01:00;11.6;19.85941679
1900-09-18 01:00:00+01:00;11.5;18.99343366
1900-09-18 02:00:00+01:00;11.5;19.47759227
1900-09-18 03:00:00+01:00;11.2;20.12774101
1900-09-18 04:00:00+01:00;11.1;21.2172306
1900-09-18 05:00:00+01:00;10.3;24.33248461
1900-09-18 06:00:00+01:00;10.5;31.67624453
1900-09-18 07:00:00+01:00;11.4;29.62581369
1900-09-18 08:00:00+01:00;13;32.62698961
1900-09-18 09:00:00+01:00;13.6;36.45208808
1900-09-18 10:00:00+01:00;14.4;38.32030677
1900-09-18 11:00:00+01:00;14.7;38.93829801
1900-09-18 12:00:00+01:00;15.3;38.34217702
1900-09-18 13:00:00+01:00;14.4;38.06722095
1900-09-18 14:00:00+01:00;14.2;37.45465347
1900-09-18 15:00:00+01:00;15;35.81924832
1900-09-18 16:00:00+01:00;14.4;32.73918384
1900-09-18 17:00:00+01:00;14.8;29.35871614
1900-09-18 18:00:00+01:00;14;25.25189551
1900-09-18 19:00:00+01:00;12.1;24.63360296
1900-09-18 20:00:00+01:00;10.2;23.99765787
1900-09-18 21:00:00+01:00;9.5;23.13112817
1900-09-18 22:00:00+01:00;8.1;23.70531722
1900-09-18 23:00:00+01:00;8;22.13988148
1900-09-19 00:00:00+01:00;8.2;21.25086851
1900-09-19 01:00:00+01:00;9.8;20.31141551
1900-09-19 02:00:00+01:00;9.8;20.44338807
1900-09-19 03:00:00+01:00;10;21.00226523
1900-09-19 04:00:00+01:00;10;22.1405484
1900-09-19 05:00:00+01:00;10;24.23134571
1900-09-19 06:00:00+01:00;10.2;31.64795236
1900-09-19 07:00:00+01:00;11;29.77069323
1900-09-19 08:00:00+01:00;11.3;35.80421567
1900-09-19 09:00:00+01:00;13.3;36.45208808
1900-09-19 10:00:00+01:00;14.1;38.32030677
1900-09-19 11:00:00+01:00;15.2;38.93829801
1900-09-19 12:00:00+01:00;15.9;38.34217702
1900-09-19 13:00:00+01:00;16.7;38.06722095
1900-09-19 14:00:00+01:00;17.3;37.45465347
1900-09-19 15:00:00+01:00;16.9;35.81924832
1900-09-19 16:00:00+01:00;16;32.73918384
1900-09-19 17:00:00+01:00;15.8;29.35871614
1900-09-19 18:00:00+01:00;14.4;26.50988965
1900-09-19 19:00:00+01:00;15.9;24.09522897
1900-09-19 20:00:00+01:00;14.3;22.48007203
1900-09-19 21:00:00+01:00;13.5;21.16359825
1900-09-19 22:00:00+01:00;15;20.06766251
1900-09-19 23:00:00+01:00;12.1;18.71339305
1900-09-20 00:00:00+01:00;12.7;18.32041211
1900-09-20 01:00:00+01:00;12.5;18.99343366
1900-09-20 02:00:00+01:00;11.7;19.47759227
1900-09-20 03:00:00+01:00;11.5;20.12774101
1900-09-20 04:00:00+01:00;9.3;21.30326996
1900-09-20 05:00:00+01:00;8.7;23.48563933
1900-09-20 06:00:00+01:00;10.4;29.72591343
1900-09-20 07:00:00+01:00;11.5;27.52602597
1900-09-20 08:00:00+01:00;13.5;32.62698961
1900-09-20 09:00:00+01:00;14.8;36.45208808
1900-09-20 10:00:00+01:00;16;38.32030677
1900-09-20 11:00:00+01:00;16.9;38.93829801
1900-09-20 12:00:00+01:00;17.5;38.34217702
1900-09-20 13:00:00+01:00;17.7;38.06722095
1900-09-20 14:00:00+01:00;18;37.45465347
1900-09-20 15:00:00+01:00;18.3;35.81924832
1900-09-20 16:00:00+01:00;17.6;32.73918384
1900-09-20 17:00:00+01:00;16.4;29.35871614
1900-09-20 18:00:00+01:00;14.8;26.50988965
1900-09-20 19:00:00+01:00;15.1;24.09522897
1900-09-20 20:00:00+01:00;13.7;22.48007203
1900-09-20 21:00:00+01:00;12.9;21.16359825
1900-09-20 22:00:00+01:00;11.4;20.05120103
1900-09-20 23:00:00+01:00;10.3;19.26994727
1900-09-21 00:00:00+01:00;10.4;18.4826099
1900-09-21 01:00:00+01:00;10.9;18.26023565
1900-09-21 02:00:00+01:00;9.4;19.47721977
1900-09-21 03:00:00+01:00;8.4;20.78397451
1900-09-21 04:00:00+01:00;8.7;21.83145311
1900-09-21 05:00:00+01:00;9.4;23.09498029
1900-09-21 06:00:00+01:00;8.2;31.22006916
1900-09-21 07:00:00+01:00;9.8;28.87399774
1900-09-21 08:00:00+01:00;11.2;34.16995539
1900-09-21 09:00:00+01:00;13.2;36.45208808
1900-09-21 10:00:00+01:00;14.7;38.32030677
1900-09-21 11:00:00+01:00;14.8;38.93829801
1900-09-21 12:00:00+01:00;15;38.34217702
1900-09-21 13:00:00+01:00;15.1;38.06722095
1900-09-21 14:00:00+01:00;15.5;37.45465347
1900-09-21 15:00:00+01:00;15.8;35.81924832
1900-09-21 16:00:00+01:00;15.9;32.73918384
1900-09-21 17:00:00+01:00;15.9;29.35871614
1900-09-21 18:00:00+01:00;15.7;26.50988965
1900-09-21 19:00:00+01:00;15.5;24.09522897
1900-09-21 20:00:00+01:00;15.4;22.48007203
1900-09-21 21:00:00+01:00;15;21.16359825
1900-09-21 22:00:00+01:00;14;20.06766251
1900-09-21 23:00:00+01:00;12.2;18.86230388
1900-09-22 00:00:00+01:00;11;19.78593811
1900-09-22 01:00:00+01:00;12;18.89724657
1900-09-22 02:00:00+01:00;13.6;18.22306716
1900-09-22 03:00:00+01:00;13.5;18.11243042
1900-09-22 04:00:00+01:00;13;18.60606383
1900-09-22 05:00:00+01:00;13.4;19.11039956
1900-09-22 06:00:00+01:00;13.2;20.30583194
1900-09-22 07:00:00+01:00;12.5;21.80652886
1900-09-22 08:00:00+01:00;12.6;26.24232567
1900-09-22 09:00:00+01:00;14.2;23.75634367
1900-09-22 10:00:00+01:00;15.7;25.08734486
1900-09-22 11:00:00+01:00;16;24.87723618
1900-09-22 12:00:00+01:00;16.5;25.14269792
1900-09-22 13:00:00+01:00;16.6;25.10196095
1900-09-22 14:00:00+01:00;17.2;24.61899465
1900-09-22 15:00:00+01:00;16.7;24.23924971
1900-09-22 16:00:00+01:00;16.4;23.12506948
1900-09-22 17:00:00+01:00;15.6;22.38447859
1900-09-22 18:00:00+01:00;13.9;21.69590666
1900-09-22 19:00:00+01:00;14.1;20.86797494
1900-09-22 20:00:00+01:00;14;19.9091029
1900-09-22 21:00:00+01:00;13.6;18.73639946
1900-09-22 22:00:00+01:00;12.4;17.55350908
1900-09-22 23:00:00+01:00;12.7;17.71045453
1900-09-23 00:00:00+01:00;11.8;18.30604586
1900-09-23 01:00:00+01:00;10.9;18.73878868
1900-09-23 02:00:00+01:00;9.8;19.44198662
1900-09-23 03:00:00+01:00;9.8;19.82094452
1900-09-23 04:00:00+01:00;8.5;21.09296675
1900-09-23 05:00:00+01:00;8.9;22.59624038
1900-09-23 06:00:00+01:00;8.2;24.22518186
1900-09-23 07:00:00+01:00;9.7;24.52691241
1900-09-23 08:00:00+01:00;11.6;27.8834478
1900-09-23 09:00:00+01:00;12.4;24.7442079
1900-09-23 10:00:00+01:00;14.2;25.08734486
1900-09-23 11:00:00+01:00;13.8;25.10277233
1900-09-23 12:00:00+01:00;14.4;25.14269792
1900-09-23 13:00:00+01:00;14.2;25.356022
1900-09-23 14:00:00+01:00;14;25.54733891
1900-09-23 15:00:00+01:00;13.9;25.40183351
1900-09-23 16:00:00+01:00;13.6;23.28999692
1900-09-23 17:00:00+01:00;12.9;23.46167275
1900-09-23 18:00:00+01:00;12.8;23.01166211
1900-09-23 19:00:00+01:00;12.8;21.28784249
1900-09-23 20:00:00+01:00;12.6;21.31354238
1900-09-23 21:00:00+01:00;12.6;19.88894431
1900-09-23 22:00:00+01:00;12.3;19.23345068
1900-09-23 23:00:00+01:00;12.6;19.19858458
1900-09-24 00:00:00+01:00;12.8;18.32041211
1900-09-24 01:00:00+01:00;12.7;18.99343366
1900-09-24 02:00:00+01:00;13.4;19.47759227
1900-09-24 03:00:00+01:00;13.1;20.12774101
1900-09-24 04:00:00+01:00;12.7;21.2172306
1900-09-24 05:00:00+01:00;12.6;22.80788234
1900-09-24 06:00:00+01:00;13;27.37865181
1900-09-24 07:00:00+01:00;13.1;28.50363001
1900-09-24 08:00:00+01:00;13.3;32.62698961
1900-09-24 09:00:00+01:00;13.4;36.45208808
1900-09-24 10:00:00+01:00;13.2;38.32030677
1900-09-24 11:00:00+01:00;13.3;38.62829073
1900-09-24 12:00:00+01:00;13.5;37.33615202
1900-09-24 13:00:00+01:00;14;38.06722095
1900-09-24 14:00:00+01:00;14;37.45465347
1900-09-24 15:00:00+01:00;13.7;35.81924832
1900-09-24 16:00:00+01:00;13.7;32.73918384
1900-09-24 17:00:00+01:00;13.3;28.11400709
1900-09-24 18:00:00+01:00;12;26.41506448
1900-09-24 19:00:00+01:00;10.4;25.85827398
1900-09-24 20:00:00+01:00;8.6;25.1800698
1900-09-24 21:00:00+01:00;8.4;23.92909706
1900-09-24 22:00:00+01:00;8;23.77936277
1900-09-24 23:00:00+01:00;8.5;21.80428693
1900-09-25 00:00:00+01:00;8.7;20.93691852
1900-09-25 01:00:00+01:00;9.6;20.51192209
1900-09-25 02:00:00+01:00;10;20.43267351
1900-09-25 03:00:00+01:00;10;21.20526243
1900-09-25 04:00:00+01:00;10.1;22.307488
1900-09-25 05:00:00+01:00;10;24.60812055
1900-09-25 06:00:00+01:00;10.4;32.05766893
1900-09-25 07:00:00+01:00;11.4;30.13499059
1900-09-25 08:00:00+01:00;12.4;35.59520848
1900-09-25 09:00:00+01:00;13;36.45208808
1900-09-25 10:00:00+01:00;13.7;38.32030677
1900-09-25 11:00:00+01:00;15.6;38.93829801
1900-09-25 12:00:00+01:00;15;38.34217702
1900-09-25 13:00:00+01:00;14.7;38.06722095
1900-09-25 14:00:00+01:00;14.2;37.45465347
1900-09-25 15:00:00+01:00;14.2;35.81924832
1900-09-25 16:00:00+01:00;13;32.59251145
1900-09-25 17:00:00+01:00;12;30.5251116
1900-09-25 18:00:00+01:00;11.3;28.46853139
1900-09-25 19:00:00+01:00;12;25.84761371
1900-09-25 20:00:00+01:00;11.4;24.07731957
1900-09-25 21:00:00+01:00;11.6;22.46704255
1900-09-25 22:00:00+01:00;11.3;22.00022061
1900-09-25 23:00:00+01:00;10.7;20.59932677
1900-09-26 00:00:00+01:00;10;20.1503075
1900-09-26 01:00:00+01:00;9.8;20.37694088
1900-09-26 02:00:00+01:00;9.3;20.80728705
1900-09-26 03:00:00+01:00;9.2;21.55986067
1900-09-26 04:00:00+01:00;8.4;23.29893873
1900-09-26 05:00:00+01:00;7.6;25.87127092
1900-09-26 06:00:00+01:00;7.2;33.73245354
1900-09-26 07:00:00+01:00;8;32.08818986
1900-09-26 08:00:00+01:00;10;37.25189154
1900-09-26 09:00:00+01:00;11.2;40.44040061
1900-09-26 10:00:00+01:00;12.3;41.06526395
1900-09-26 11:00:00+01:00;13;41.01804661
1900-09-26 12:00:00+01:00;13.4;39.49249049
1900-09-26 13:00:00+01:00;13.3;39.18824154
1900-09-26 14:00:00+01:00;14.3;37.45465347
1900-09-26 15:00:00+01:00;14.3;35.81924832
1900-09-26 16:00:00+01:00;14.5;32.73918384
1900-09-26 17:00:00+01:00;12.7;30.11228466
1900-09-26 18:00:00+01:00;10;29.73581865
1900-09-26 19:00:00+01:00;6.8;30.40918855
1900-09-26 20:00:00+01:00;5.4;29.52394182
1900-09-26 21:00:00+01:00;6;27.73107974
1900-09-26 22:00:00+01:00;4.3;28.48998525
1900-09-26 23:00:00+01:00;4.4;26.6079147
1900-09-27 00:00:00+01:00;3.5;26.45930299
1900-09-27 01:00:00+01:00;3.3;26.68303392
1900-09-27 02:00:00+01:00;2.9;27.35112528
1900-09-27 03:00:00+01:00;3.7;27.92598179
1900-09-27 04:00:00+01:00;4.5;28.56888859
1900-09-27 05:00:00+01:00;5;30.58094401
1900-09-27 06:00:00+01:00;5.9;37.91966355
1900-09-27 07:00:00+01:00;6.1;36.78088046
1900-09-27 08:00:00+01:00;6.9;43.26355412
1900-09-27 09:00:00+01:00;7.8;47.05996416
1900-09-27 10:00:00+01:00;8.2;48.52251888
1900-09-27 11:00:00+01:00;8.9;48.4274743
1900-09-27 12:00:00+01:00;9.5;46.97878596
1900-09-27 13:00:00+01:00;10.2;45.75505486
1900-09-27 14:00:00+01:00;10.6;44.8693929
1900-09-27 15:00:00+01:00;10.5;43.53520893
1900-09-27 16:00:00+01:00;10.3;38.63903346
1900-09-27 17:00:00+01:00;9.2;36.70173083
1900-09-27 18:00:00+01:00;8.1;35.06706164
1900-09-27 19:00:00+01:00;6.2;34.24173537
1900-09-27 20:00:00+01:00;5.5;32.73825796
1900-09-27 21:00:00+01:00;5.4;31.50398358
1900-09-27 22:00:00+01:00;4.8;31.10199968
1900-09-27 23:00:00+01:00;5.2;28.56364475
1900-09-28 00:00:00+01:00;5.2;27.3996555
1900-09-28 01:00:00+01:00;5.1;27.51673334
1900-09-28 02:00:00+01:00;5.5;27.11687469
1900-09-28 03:00:00+01:00;6;27.76968744
1900-09-28 04:00:00+01:00;5.6;28.93061989
1900-09-28 05:00:00+01:00;6;31.17841463
1900-09-28 06:00:00+01:00;5;39.84107763
1900-09-28 07:00:00+01:00;5;38.88083758
1900-09-28 08:00:00+01:00;6.2;45.14399837
1900-09-28 09:00:00+01:00;7.3;48.69015074
1900-09-28 10:00:00+01:00;9.7;48.12853087
1900-09-28 11:00:00+01:00;10.1;47.91901822
1900-09-28 12:00:00+01:00;10.1;46.76836435
1900-09-28 13:00:00+01:00;11.1;45.0714396
1900-09-28 14:00:00+01:00;11;44.50834337
1900-09-28 15:00:00+01:00;11.5;42.43926385
1900-09-28 16:00:00+01:00;11;37.78418642
1900-09-28 17:00:00+01:00;10;35.54935689
1900-09-28 18:00:00+01:00;9.6;33.33267965
1900-09-28 19:00:00+01:00;8.2;32.04103196
1900-09-28 20:00:00+01:00;7.5;30.46755978
1900-09-28 21:00:00+01:00;7.1;29.40557084
1900-09-28 22:00:00+01:00;7.4;28.35005527
1900-09-28 23:00:00+01:00;7.1;26.38468611
1900-09-29 00:00:00+01:00;6.5;26.57914041
1900-09-29 01:00:00+01:00;6.9;25.94002962
1900-09-29 02:00:00+01:00;6.7;26.029667
1900-09-29 03:00:00+01:00;6.6;26.22920222
1900-09-29 04:00:00+01:00;6.4;26.51183258
1900-09-29 05:00:00+01:00;6.1;28.11406637
1900-09-29 06:00:00+01:00;6.2;29.19473294
1900-09-29 07:00:00+01:00;6.4;30.49779554
1900-09-29 08:00:00+01:00;6.5;36.10400716
1900-09-29 09:00:00+01:00;7;33.2503016
1900-09-29 10:00:00+01:00;7;36.21354987
1900-09-29 11:00:00+01:00;7;35.54184183
1900-09-29 12:00:00+01:00;7.4;36.1101271
1900-09-29 13:00:00+01:00;7.8;35.63510846
1900-09-29 14:00:00+01:00;7.9;34.81213445
1900-09-29 15:00:00+01:00;8;34.41954542
1900-09-29 16:00:00+01:00;7.2;31.435544
1900-09-29 17:00:00+01:00;7;31.8084727
1900-09-29 18:00:00+01:00;7.4;30.88737228
1900-09-29 19:00:00+01:00;7.5;29.27226331
1900-09-29 20:00:00+01:00;7.4;29.24339177
1900-09-29 21:00:00+01:00;7.4;27.75487571
1900-09-29 22:00:00+01:00;7.7;26.5014799
1900-09-29 23:00:00+01:00;7.8;26.46902278
1900-09-30 00:00:00+01:00;7.8;26.23954668
1900-09-30 01:00:00+01:00;8.2;25.68077673
1900-09-30 02:00:00+01:00;8.5;25.53420732
1900-09-30 03:00:00+01:00;8.3;25.71987516
1900-09-30 04:00:00+01:00;9;25.38000527
1900-09-30 05:00:00+01:00;9;26.17801251
1900-09-30 06:00:00+01:00;9.3;27.36367343
1900-09-30 07:00:00+01:00;9.7;28.2917762
1900-09-30 08:00:00+01:00;10.4;34.45208314
1900-09-30 09:00:00+01:00;12.2;30.15032307
1900-09-30 10:00:00+01:00;14;25.77985638
1900-09-30 11:00:00+01:00;15;24.87723618
1900-09-30 12:00:00+01:00;15.8;25.14269792
1900-09-30 13:00:00+01:00;15.8;25.10196095
1900-09-30 14:00:00+01:00;16.1;24.61899465
1900-09-30 15:00:00+01:00;15.6;24.23924971
1900-09-30 16:00:00+01:00;14.6;23.12506948
1900-09-30 17:00:00+01:00;13.4;23.8454496
1900-09-30 18:00:00+01:00;13.2;23.40090983
1900-09-30 19:00:00+01:00;11.3;23.21069102
1900-09-30 20:00:00+01:00;11.1;23.04965512
1900-09-30 21:00:00+01:00;9.6;22.71379418
1900-09-30 22:00:00+01:00;9;22.16975544
1900-09-30 23:00:00+01:00;9;21.97676567
1900-10-01 00:00:00+01:00;9.5;20.81242786
1900-10-01 01:00:00+01:00;9.4;20.93659444
1900-10-01 02:00:00+01:00;9.4;20.97444278
1900-10-01 03:00:00+01:00;9.7;21.40429836
1900-10-01 04:00:00+01:00;9.6;22.55113499
1900-10-01 05:00:00+01:00;9.3;24.80646743
1900-10-01 06:00:00+01:00;9.5;32.20017202
1900-10-01 07:00:00+01:00;9.8;30.63976717
1900-10-01 08:00:00+01:00;9.9;36.90399681
1900-10-01 09:00:00+01:00;10.3;40.78234435
1900-10-01 10:00:00+01:00;11.1;41.78368812
1900-10-01 11:00:00+01:00;11.6;42.05239631
1900-10-01 12:00:00+01:00;11.8;40.95286337
1900-10-01 13:00:00+01:00;11.9;40.53947927
1900-10-01 14:00:00+01:00;12.3;39.91336262
1900-10-01 15:00:00+01:00;12.4;38.43524634
1900-10-01 16:00:00+01:00;12.9;33.33449098
1900-10-01 17:00:00+01:00;12.8;30.36019724
1900-10-01 18:00:00+01:00;10.5;29.80513033
1900-10-01 19:00:00+01:00;10;28.17413599
1900-10-01 20:00:00+01:00;9;26.89366177
1900-10-01 21:00:00+01:00;9;25.52713707
1900-10-01 22:00:00+01:00;8.5;25.25827281
1900-10-01 23:00:00+01:00;7.6;24.01508544
1900-10-02 00:00:00+01:00;6.5;23.9082765
1900-10-02 01:00:00+01:00;7.5;23.35871262
1900-10-02 02:00:00+01:00;6.4;24.24672615
1900-10-02 03:00:00+01:00;6.3;25.26068341
1900-10-02 04:00:00+01:00;6.7;26.14826097
1900-10-02 05:00:00+01:00;7;28.2475459
1900-10-02 06:00:00+01:00;8;35.44265463
1900-10-02 07:00:00+01:00;8.2;34.1762484
1900-10-02 08:00:00+01:00;9.4;39.9319314
1900-10-02 09:00:00+01:00;9.8;43.77360995
1900-10-02 10:00:00+01:00;10.5;44.74269686
1900-10-02 11:00:00+01:00;11;44.70909857
1900-10-02 12:00:00+01:00;11.4;43.21864109
1900-10-02 13:00:00+01:00;12;42.06081036
1900-10-02 14:00:00+01:00;12.5;41.04718169
1900-10-02 15:00:00+01:00;12.2;39.86600331
1900-10-02 16:00:00+01:00;11.8;35.37789755
1900-10-02 17:00:00+01:00;10.6;33.49898053
1900-10-02 18:00:00+01:00;9.3;31.93260215
1900-10-02 19:00:00+01:00;7.3;31.43939973
1900-10-02 20:00:00+01:00;7;29.63252188
1900-10-02 21:00:00+01:00;6.6;28.61400824
1900-10-02 22:00:00+01:00;6.6;27.9606419
1900-10-02 23:00:00+01:00;7;25.65731404
1900-10-03 00:00:00+01:00;6.5;24.97857801
1900-10-03 01:00:00+01:00;7;24.76698827
1900-10-03 02:00:00+01:00;7.1;24.66662207
1900-10-03 03:00:00+01:00;7.2;25.48606428
1900-10-03 04:00:00+01:00;8.1;25.79929697
1900-10-03 05:00:00+01:00;8.7;27.78322731
1900-10-03 06:00:00+01:00;8.9;35.4829469
1900-10-03 07:00:00+01:00;9.4;33.90043561
1900-10-03 08:00:00+01:00;9.6;40.25457665
1900-10-03 09:00:00+01:00;9.8;44.21754612
1900-10-03 10:00:00+01:00;9.8;45.80248199
1900-10-03 11:00:00+01:00;9.9;46.16355225
1900-10-03 12:00:00+01:00;10.2;44.8784177
1900-10-03 13:00:00+01:00;10.7;43.84689879
1900-10-03 14:00:00+01:00;11.4;42.66377703
1900-10-03 15:00:00+01:00;12.5;40.05298015
1900-10-03 16:00:00+01:00;12.2;35.47280978
1900-10-03 17:00:00+01:00;10.9;33.50702821
1900-10-03 18:00:00+01:00;10;31.66304974
1900-10-03 19:00:00+01:00;9.2;30.02764332
1900-10-03 20:00:00+01:00;8.7;28.2702521
1900-10-03 21:00:00+01:00;7.1;28.08565759
1900-10-03 22:00:00+01:00;6.4;27.87620669
1900-10-03 23:00:00+01:00;5.6;26.42565812
1900-10-04 00:00:00+01:00;4.8;26.01763854
1900-10-04 01:00:00+01:00;4.4;26.33551391
1900-10-04 02:00:00+01:00;4.5;26.46773395
1900-10-04 03:00:00+01:00;4.2;27.7109203
1900-10-04 04:00:00+01:00;4.3;28.81965426
1900-10-04 05:00:00+01:00;4.8;30.89160116
1900-10-04 06:00:00+01:00;4.3;39.24302402
1900-10-04 07:00:00+01:00;4.9;38.03300491
1900-10-04 08:00:00+01:00;7.5;43.28880976
1900-10-04 09:00:00+01:00;10.6;44.9695029
1900-10-04 10:00:00+01:00;12.1;45.04208985
1900-10-04 11:00:00+01:00;13.5;38.93829801
1900-10-04 12:00:00+01:00;15.4;38.34217702
1900-10-04 13:00:00+01:00;16.2;38.06722095
1900-10-04 14:00:00+01:00;13;41.23445126
1900-10-04 15:00:00+01:00;12.2;40.57493937
1900-10-04 16:00:00+01:00;11;36.69761089
1900-10-04 17:00:00+01:00;10;34.63056171
1900-10-04 18:00:00+01:00;9.7;32.26563312
1900-10-04 19:00:00+01:00;8.6;30.92214948
1900-10-04 20:00:00+01:00;7.4;29.82104089
1900-10-04 21:00:00+01:00;7.2;28.61826251
1900-10-04 22:00:00+01:00;6.7;28.23354037
1900-10-04 23:00:00+01:00;6.2;26.47615945
1900-10-05 00:00:00+01:00;5.8;25.68310434
1900-10-05 01:00:00+01:00;4.8;26.35179395
1900-10-05 02:00:00+01:00;3.4;27.4018906
1900-10-05 03:00:00+01:00;2.4;29.10113315
1900-10-05 04:00:00+01:00;2.4;30.25350427
1900-10-05 05:00:00+01:00;1.9;32.80384042
1900-10-05 06:00:00+01:00;3.6;39.58569778
1900-10-05 07:00:00+01:00;4.8;37.80646149
1900-10-05 08:00:00+01:00;5.5;44.46644089
1900-10-05 09:00:00+01:00;7;47.90325053
1900-10-05 10:00:00+01:00;7.7;49.145832
1900-10-05 11:00:00+01:00;8.5;49.00801544
1900-10-05 12:00:00+01:00;9.2;47.57872443
1900-10-05 13:00:00+01:00;9.6;46.78241678
1900-10-05 14:00:00+01:00;8.8;47.12061349
1900-10-05 15:00:00+01:00;8.9;45.47251929
1900-10-05 16:00:00+01:00;8.9;40.0424445
1900-10-05 17:00:00+01:00;6.1;39.84579868
1900-10-05 18:00:00+01:00;5;37.83404362
1900-10-05 19:00:00+01:00;3.4;36.98334924
1900-10-05 20:00:00+01:00;2.6;35.71972638
1900-10-05 21:00:00+01:00;2.5;34.55624529
1900-10-05 22:00:00+01:00;1.4;34.63823493
1900-10-05 23:00:00+01:00;1;32.67402807
1900-10-06 00:00:00+01:00;0.5;32.85225305
1900-10-06 01:00:00+01:00;0.5;32.45074775
1900-10-06 02:00:00+01:00;0.1;32.67762492
1900-10-06 03:00:00+01:00;-1;33.62856775
1900-10-06 04:00:00+01:00;-0.3;33.35319161
1900-10-06 05:00:00+01:00;0.1;35.10456765
1900-10-06 06:00:00+01:00;0.2;36.08886111
1900-10-06 07:00:00+01:00;0.4;37.92893672
1900-10-06 08:00:00+01:00;1.6;43.57071597
1900-10-06 09:00:00+01:00;3.8;40.03430209
1900-10-06 10:00:00+01:00;5;42.17106893
1900-10-06 11:00:00+01:00;6.4;40.22412608
1900-10-06 12:00:00+01:00;7.3;39.80587046
1900-10-06 13:00:00+01:00;8.5;38.22911347
1900-10-06 14:00:00+01:00;8.5;36.67530508
1900-10-06 15:00:00+01:00;8;36.72517423
1900-10-06 16:00:00+01:00;8.1;33.31703213
1900-10-06 17:00:00+01:00;6.3;34.63989577
1900-10-06 18:00:00+01:00;3.5;36.63070832
1900-10-06 19:00:00+01:00;2.2;36.32831459
1900-10-06 20:00:00+01:00;0.9;37.22146626
1900-10-06 21:00:00+01:00;1.2;35.60567324
1900-10-06 22:00:00+01:00;-1;36.1812328
1900-10-06 23:00:00+01:00;-1.2;35.46141475
1900-10-07 00:00:00+01:00;-2.5;36.54864063
1900-10-07 01:00:00+01:00;-2.1;35.73886592
1900-10-07 02:00:00+01:00;-4.3;37.0823508
1900-10-07 03:00:00+01:00;-4.6;37.54449684
1900-10-07 04:00:00+01:00;-5.3;38.14154061
1900-10-07 05:00:00+01:00;-6.3;41.63765822
1900-10-07 06:00:00+01:00;-6.8;42.77638493
1900-10-07 07:00:00+01:00;-3;42.30688452
1900-10-07 08:00:00+01:00;2;46.19780754
1900-10-07 09:00:00+01:00;4;42.40648002
1900-10-07 10:00:00+01:00;5.9;43.65368615
1900-10-07 11:00:00+01:00;7.6;41.14816529
1900-10-07 12:00:00+01:00;8.7;40.00105739
1900-10-07 13:00:00+01:00;9;39.10931923
1900-10-07 14:00:00+01:00;9.4;36.76427333
1900-10-07 15:00:00+01:00;9.3;36.29536531
1900-10-07 16:00:00+01:00;8.8;33.81368425
1900-10-07 17:00:00+01:00;7.6;34.32182789
1900-10-07 18:00:00+01:00;7.1;34.32198947
1900-10-07 19:00:00+01:00;7.2;33.03141119
1900-10-07 20:00:00+01:00;5.7;34.24466713
1900-10-07 21:00:00+01:00;6;32.26576461
1900-10-07 22:00:00+01:00;5.1;31.6985185
1900-10-07 23:00:00+01:00;4.1;32.15473652
1900-10-08 00:00:00+01:00;4.1;30.87764272
1900-10-08 01:00:00+01:00;3.3;31.43534825
1900-10-08 02:00:00+01:00;0.6;32.8982151
1900-10-08 03:00:00+01:00;-1.2;35.35001095
1900-10-08 04:00:00+01:00;-1.5;36.34845301
1900-10-08 05:00:00+01:00;-3.1;39.77747204
1900-10-08 06:00:00+01:00;-3.9;48.29458402
1900-10-08 07:00:00+01:00;-2;46.4215785
1900-10-08 08:00:00+01:00;3.2;50.56578537
1900-10-08 09:00:00+01:00;5.3;53.45466604
1900-10-08 10:00:00+01:00;6.5;54.03647157
1900-10-08 11:00:00+01:00;8.4;52.34727434
1900-10-08 12:00:00+01:00;9.3;50.30623601
1900-10-08 13:00:00+01:00;10;48.7853316
1900-10-08 14:00:00+01:00;10.4;47.49456002
1900-10-08 15:00:00+01:00;10;46.29063578
1900-10-08 16:00:00+01:00;10;40.88684939
1900-10-08 17:00:00+01:00;8.6;38.91232414
1900-10-08 18:00:00+01:00;4.6;39.63190417
1900-10-08 19:00:00+01:00;3;38.61230822
1900-10-08 20:00:00+01:00;1.8;37.67640464
1900-10-08 21:00:00+01:00;1;37.08843964
1900-10-08 22:00:00+01:00;0;37.02204881
1900-10-08 23:00:00+01:00;-0.3;34.82158176
1900-10-09 00:00:00+01:00;-0.6;33.93580279
1900-10-09 01:00:00+01:00;-0.7;34.10738272
1900-10-09 02:00:00+01:00;-1.7;34.83361052
1900-10-09 03:00:00+01:00;-2.3;36.68413434
1900-10-09 04:00:00+01:00;-3.5;38.48908271
1900-10-09 05:00:00+01:00;-2.5;40.39184732
1900-10-09 06:00:00+01:00;-3.4;49.22747778
1900-10-09 07:00:00+01:00;-2.8;48.30426713
1900-10-09 08:00:00+01:00;2.1;52.94492072
1900-10-09 09:00:00+01:00;5.4;54.98047674
1900-10-09 10:00:00+01:00;6.6;55.56429565
1900-10-09 11:00:00+01:00;8.4;53.85790433
1900-10-09 12:00:00+01:00;9.1;51.99305072
1900-10-09 13:00:00+01:00;10.2;50.04016597
1900-10-09 14:00:00+01:00;10.8;48.44227719
1900-10-09 15:00:00+01:00;10.4;47.28513379
1900-10-09 16:00:00+01:00;9.9;42.35442801
1900-10-09 17:00:00+01:00;8.4;40.38160893
1900-10-09 18:00:00+01:00;4.9;40.78306337
1900-10-09 19:00:00+01:00;3.9;38.97590475
1900-10-09 20:00:00+01:00;2.8;37.84623426
1900-10-09 21:00:00+01:00;1.4;37.60225088
1900-10-09 22:00:00+01:00;0.6;37.16831853
1900-10-09 23:00:00+01:00;-0.1;35.05455713
1900-10-10 00:00:00+01:00;0.1;33.63425143
1900-10-10 01:00:00+01:00;1.2;32.90610581
1900-10-10 02:00:00+01:00;0.4;33.26978257
1900-10-10 03:00:00+01:00;1.7;33.6336608
1900-10-10 04:00:00+01:00;-0.5;35.89688732
1900-10-10 05:00:00+01:00;0.2;38.01709184
1900-10-10 06:00:00+01:00;0.7;45.82744972
1900-10-10 07:00:00+01:00;1.2;44.58986815
1900-10-10 08:00:00+01:00;3.3;50.68782966
1900-10-10 09:00:00+01:00;5.8;53.27337003
1900-10-10 10:00:00+01:00;6.7;54.12092355
1900-10-10 11:00:00+01:00;7;53.98939936
1900-10-10 12:00:00+01:00;7.7;52.33322006
1900-10-10 13:00:00+01:00;8.4;50.8925345
1900-10-10 14:00:00+01:00;8.2;50.34106963
1900-10-10 15:00:00+01:00;8.2;48.73596095
1900-10-10 16:00:00+01:00;7.6;43.58439503
1900-10-10 17:00:00+01:00;6.8;41.38827251
1900-10-10 18:00:00+01:00;6;39.38697552
1900-10-10 19:00:00+01:00;5.7;37.02349592
1900-10-10 20:00:00+01:00;5.6;35.05881041
1900-10-10 21:00:00+01:00;5.6;33.74836665
1900-10-10 22:00:00+01:00;5.3;32.91309016
1900-10-10 23:00:00+01:00;5.2;30.40994897
1900-10-11 00:00:00+01:00;5;29.17646571
1900-10-11 01:00:00+01:00;4.2;29.79159722
1900-10-11 02:00:00+01:00;3.6;29.94563475
1900-10-11 03:00:00+01:00;3.4;31.26447436
1900-10-11 04:00:00+01:00;3.6;31.85077609
1900-10-11 05:00:00+01:00;3.7;34.36438514
1900-10-11 06:00:00+01:00;4;42.22862616
1900-10-11 07:00:00+01:00;3.9;41.2657469
1900-10-11 08:00:00+01:00;4.2;48.32973452
1900-10-11 09:00:00+01:00;4.6;52.68206099
1900-10-11 10:00:00+01:00;5;54.12176387
1900-10-11 11:00:00+01:00;5.1;54.42046747
1900-10-11 12:00:00+01:00;5.2;53.62295457
1900-10-11 13:00:00+01:00;5.4;52.75774083
1900-10-11 14:00:00+01:00;5.6;51.95356936
1900-10-11 15:00:00+01:00;5.4;50.401739
1900-10-11 16:00:00+01:00;5.8;43.97039852
1900-10-11 17:00:00+01:00;5.9;41.27584667
1900-10-11 18:00:00+01:00;5.8;38.50010556
1900-10-11 19:00:00+01:00;5.8;36.06792393
1900-10-11 20:00:00+01:00;6;33.92087063
1900-10-11 21:00:00+01:00;6.7;32.18203328
1900-10-11 22:00:00+01:00;7.5;30.70830871
1900-10-11 23:00:00+01:00;7.5;28.34542658
1900-10-12 00:00:00+01:00;7.8;26.86449697
1900-10-12 01:00:00+01:00;7.7;27.15525415
1900-10-12 02:00:00+01:00;7.9;26.60845479
1900-10-12 03:00:00+01:00;7.4;27.98300401
1900-10-12 04:00:00+01:00;7.7;28.43478212
1900-10-12 05:00:00+01:00;7.7;31.16936563
1900-10-12 06:00:00+01:00;8;39.0183103
1900-10-12 07:00:00+01:00;7.8;37.91806565
1900-10-12 08:00:00+01:00;8;44.42928874
1900-10-12 09:00:00+01:00;8.1;48.44203154
1900-10-12 10:00:00+01:00;8;49.97189868
1900-10-12 11:00:00+01:00;8.4;49.73119791
1900-10-12 12:00:00+01:00;9;47.96317913
1900-10-12 13:00:00+01:00;9.2;46.93624662
1900-10-12 14:00:00+01:00;9.1;46.30047895
1900-10-12 15:00:00+01:00;9.5;44.09851422
1900-10-12 16:00:00+01:00;9.4;38.66977812
1900-10-12 17:00:00+01:00;9.3;35.77907874
1900-10-12 18:00:00+01:00;9.1;33.16153775
1900-10-12 19:00:00+01:00;9.1;30.79958776
1900-10-12 20:00:00+01:00;8.9;28.79720672
1900-10-12 21:00:00+01:00;9;27.37577639
1900-10-12 22:00:00+01:00;8.2;27.21882041
1900-10-12 23:00:00+01:00;5.9;26.79218498
1900-10-13 00:00:00+01:00;5;27.38201242
1900-10-13 01:00:00+01:00;4.7;27.27993553
1900-10-13 02:00:00+01:00;4.8;27.23017106
1900-10-13 03:00:00+01:00;7;26.053251
1900-10-13 04:00:00+01:00;6.8;26.38733603
1900-10-13 05:00:00+01:00;7.4;27.21289953
1900-10-13 06:00:00+01:00;7.6;28.4004478
1900-10-13 07:00:00+01:00;8;29.51306245
1900-10-13 08:00:00+01:00;9;35.19582721
1900-10-13 09:00:00+01:00;11.6;30.63902901
1900-10-13 10:00:00+01:00;12.7;31.8424755
1900-10-13 11:00:00+01:00;13.4;29.88356659
1900-10-13 12:00:00+01:00;14.3;25.14269792
1900-10-13 13:00:00+01:00;14;25.55990078
1900-10-13 14:00:00+01:00;15.9;24.61899465
1900-10-13 15:00:00+01:00;13.9;27.14166384
1900-10-13 16:00:00+01:00;13.4;25.25443896
1900-10-13 17:00:00+01:00;12.6;25.19402186
1900-10-13 18:00:00+01:00;12.8;24.46529583
1900-10-13 19:00:00+01:00;12;23.50071329
1900-10-13 20:00:00+01:00;11.7;23.57784719
1900-10-13 21:00:00+01:00;11.4;22.23683611
1900-10-13 22:00:00+01:00;11.2;21.37613855
1900-10-13 23:00:00+01:00;11.3;21.41897584
1900-10-14 00:00:00+01:00;11;21.36985094
1900-10-14 01:00:00+01:00;10.8;21.13767796
1900-10-14 02:00:00+01:00;10.5;21.17324341
1900-10-14 03:00:00+01:00;9.4;21.96800031
1900-10-14 04:00:00+01:00;8;23.06743546
1900-10-14 05:00:00+01:00;8.3;24.32039584
1900-10-14 06:00:00+01:00;10.2;24.03933678
1900-10-14 07:00:00+01:00;9.7;25.60636945
1900-10-14 08:00:00+01:00;10;30.35279159
1900-10-14 09:00:00+01:00;11.2;26.97397961
1900-10-14 10:00:00+01:00;11.4;29.45410439
1900-10-14 11:00:00+01:00;13.9;25.22367979
1900-10-14 12:00:00+01:00;15.6;25.14269792
1900-10-14 13:00:00+01:00;16.8;25.10196095
1900-10-14 14:00:00+01:00;17.2;24.61899465
1900-10-14 15:00:00+01:00;15.1;24.23924971
1900-10-14 16:00:00+01:00;11.7;25.06242016
1900-10-14 17:00:00+01:00;11.9;24.62714231
1900-10-14 18:00:00+01:00;11.8;24.14269055
1900-10-14 19:00:00+01:00;10.6;23.3833513
1900-10-14 20:00:00+01:00;10;23.6181776
1900-10-14 21:00:00+01:00;10;22.26771962
1900-10-14 22:00:00+01:00;9.6;21.67361658
1900-10-14 23:00:00+01:00;8.6;22.31061419
1900-10-15 00:00:00+01:00;7.3;22.56518955
1900-10-15 01:00:00+01:00;8.4;21.95981959
1900-10-15 02:00:00+01:00;8;22.38839891
1900-10-15 03:00:00+01:00;7.3;23.67207644
1900-10-15 04:00:00+01:00;6.8;25.17514306
1900-10-15 05:00:00+01:00;6.4;27.51935322
1900-10-15 06:00:00+01:00;6;35.51411486
1900-10-15 07:00:00+01:00;6;34.47091597
1900-10-15 08:00:00+01:00;6.2;41.32418004
1900-10-15 09:00:00+01:00;6.3;45.95006798
1900-10-15 10:00:00+01:00;6.7;47.52737621
1900-10-15 11:00:00+01:00;7;48.21112955
1900-10-15 12:00:00+01:00;7;47.79916345
1900-10-15 13:00:00+01:00;7.4;47.17645642
1900-10-15 14:00:00+01:00;7.6;46.88755921
1900-10-15 15:00:00+01:00;7.4;45.61041666
1900-10-15 16:00:00+01:00;7.4;40.02562271
1900-10-15 17:00:00+01:00;7.2;37.78921672
1900-10-15 18:00:00+01:00;7;35.13181373
1900-10-15 19:00:00+01:00;7;33.03092443
1900-10-15 20:00:00+01:00;6.9;31.16366529
1900-10-15 21:00:00+01:00;6.8;30.05959655
1900-10-15 22:00:00+01:00;6.5;29.61808087
1900-10-15 23:00:00+01:00;6;27.87107153
1900-10-16 00:00:00+01:00;6;26.81093768
1900-10-16 01:00:00+01:00;6;27.05243914
1900-10-16 02:00:00+01:00;6;27.01570194
1900-10-16 03:00:00+01:00;6.2;28.0126583
1900-10-16 04:00:00+01:00;6.3;28.84221061
1900-10-16 05:00:00+01:00;6.2;31.58598452
1900-10-16 06:00:00+01:00;6.2;39.67336563
1900-10-16 07:00:00+01:00;6.1;38.7148184
1900-10-16 08:00:00+01:00;6.3;45.58517915
1900-10-16 09:00:00+01:00;6.2;50.10761592
1900-10-16 10:00:00+01:00;6.9;51.14253533
1900-10-16 11:00:00+01:00;8.4;49.99985222
1900-10-16 12:00:00+01:00;8.8;48.50831461
1900-10-16 13:00:00+01:00;8.9;47.65871019
1900-10-16 14:00:00+01:00;8.7;47.18577878
1900-10-16 15:00:00+01:00;8.6;45.55561333
1900-10-16 16:00:00+01:00;8.9;39.71063788
1900-10-16 17:00:00+01:00;9.2;36.49900733
1900-10-16 18:00:00+01:00;9.2;33.85200528
1900-10-16 19:00:00+01:00;8.8;31.77562015
1900-10-16 20:00:00+01:00;8.8;29.68285414
1900-10-16 21:00:00+01:00;8.4;28.70284673
1900-10-16 22:00:00+01:00;8.1;28.12331705
1900-10-16 23:00:00+01:00;8.6;25.58949371
1900-10-17 00:00:00+01:00;8.3;24.64205754
1900-10-17 01:00:00+01:00;8.3;24.8086901
1900-10-17 02:00:00+01:00;8.1;24.73333356
1900-10-17 03:00:00+01:00;8.2;25.58793395
1900-10-17 04:00:00+01:00;7.8;26.72761009
1900-10-17 05:00:00+01:00;6.9;29.82559196
1900-10-17 06:00:00+01:00;6.8;37.79499416
1900-10-17 07:00:00+01:00;6.8;36.65697117
1900-10-17 08:00:00+01:00;6.2;43.97055804
1900-10-17 09:00:00+01:00;6.6;48.06877669
1900-10-17 10:00:00+01:00;6.7;49.65448256
1900-10-17 11:00:00+01:00;7.8;49.12881507
1900-10-17 12:00:00+01:00;8.2;47.8434488
1900-10-17 13:00:00+01:00;8.2;47.22960552
1900-10-17 14:00:00+01:00;8;46.93178118
1900-10-17 15:00:00+01:00;7.3;45.92443982
1900-10-17 16:00:00+01:00;7.6;39.97098448
1900-10-17 17:00:00+01:00;6.3;38.65117153
1900-10-17 18:00:00+01:00;5.6;36.17629813
1900-10-17 19:00:00+01:00;5.7;34.02424609
1900-10-17 20:00:00+01:00;5.7;32.06288763
1900-10-17 21:00:00+01:00;5.5;30.96011746
1900-10-17 22:00:00+01:00;5.4;30.34030954
1900-10-17 23:00:00+01:00;5.2;28.39300666
1900-10-18 00:00:00+01:00;5.8;26.96617663
1900-10-18 01:00:00+01:00;5.6;27.33274766
1900-10-18 02:00:00+01:00;5.6;27.32834569
1900-10-18 03:00:00+01:00;5.2;28.8032763
1900-10-18 04:00:00+01:00;5.2;29.78943422
1900-10-18 05:00:00+01:00;5.2;32.48776376
1900-10-18 06:00:00+01:00;4.6;41.05468561
1900-10-18 07:00:00+01:00;4.4;40.33839969
1900-10-18 08:00:00+01:00;5.4;46.87784938
1900-10-18 09:00:00+01:00;7.1;49.94129527
1900-10-18 10:00:00+01:00;7.6;51.0763645
1900-10-18 11:00:00+01:00;8.4;50.53716085
1900-10-18 12:00:00+01:00;8.6;49.28601437
1900-10-18 13:00:00+01:00;9;48.13815524
1900-10-18 14:00:00+01:00;9.2;47.20201634
1900-10-18 15:00:00+01:00;9;45.68363394
1900-10-18 16:00:00+01:00;8.7;40.38148841
1900-10-18 17:00:00+01:00;6.6;39.41125796
1900-10-18 18:00:00+01:00;5.7;37.15717036
1900-10-18 19:00:00+01:00;4.7;35.6873822
1900-10-18 20:00:00+01:00;3;35.04640184
1900-10-18 21:00:00+01:00;2.4;34.17579175
1900-10-18 22:00:00+01:00;2.8;33.11439931
1900-10-18 23:00:00+01:00;2.5;31.07342385
1900-10-19 00:00:00+01:00;2;30.39283911
1900-10-19 01:00:00+01:00;0.5;31.49727191
1900-10-19 02:00:00+01:00;-0.3;32.29911117
1900-10-19 03:00:00+01:00;-1;34.22100076
1900-10-19 04:00:00+01:00;-1.4;35.69364175
1900-10-19 05:00:00+01:00;-2;38.78512239
1900-10-19 06:00:00+01:00;-2.4;47.49085908
1900-10-19 07:00:00+01:00;-1.7;46.67144478
1900-10-19 08:00:00+01:00;0.6;53.25492583
1900-10-19 09:00:00+01:00;2.6;56.75871915
1900-10-19 10:00:00+01:00;4.5;56.99759097
1900-10-19 11:00:00+01:00;5.5;56.31506934
1900-10-19 12:00:00+01:00;6.4;54.57212643
1900-10-19 13:00:00+01:00;8;52.14500684
1900-10-19 14:00:00+01:00;8.6;50.63812154
1900-10-19 15:00:00+01:00;7.8;49.79700239
1900-10-19 16:00:00+01:00;6.2;45.34513628
1900-10-19 17:00:00+01:00;3.7;44.88220188
1900-10-19 18:00:00+01:00;2.7;42.75682586
1900-10-19 19:00:00+01:00;0.6;42.01690686
1900-10-19 20:00:00+01:00;-0.3;40.86467037
1900-10-19 21:00:00+01:00;0;39.39658609
1900-10-19 22:00:00+01:00;-0.6;38.92053423
1900-10-19 23:00:00+01:00;-0.8;36.48815347
1900-10-20 00:00:00+01:00;-0.7;35.91107973
1900-10-20 01:00:00+01:00;-0.6;35.33700882
1900-10-20 02:00:00+01:00;0.4;34.65921027
1900-10-20 03:00:00+01:00;1;34.31111802
1900-10-20 04:00:00+01:00;2;33.61128041
1900-10-20 05:00:00+01:00;2.6;34.39687761
1900-10-20 06:00:00+01:00;3;35.29999851
1900-10-20 07:00:00+01:00;2.8;37.03421446
1900-10-20 08:00:00+01:00;4.4;43.31249052
1900-10-20 09:00:00+01:00;8.5;37.86908765
1900-10-20 10:00:00+01:00;9.3;39.28623745
1900-10-20 11:00:00+01:00;9.5;37.73646238
1900-10-20 12:00:00+01:00;9.7;37.36327653
1900-10-20 13:00:00+01:00;9.8;36.74751701
1900-10-20 14:00:00+01:00;9.9;34.96594613
1900-10-20 15:00:00+01:00;9.7;34.65540853
1900-10-20 16:00:00+01:00;9;32.20364886
1900-10-20 17:00:00+01:00;9.1;31.55461005
1900-10-20 18:00:00+01:00;9.5;30.65153719
1900-10-20 19:00:00+01:00;9.8;28.95217279
1900-10-20 20:00:00+01:00;9.6;28.96969733
1900-10-20 21:00:00+01:00;9.4;27.22315838
1900-10-20 22:00:00+01:00;8.5;26.64583316
1900-10-20 23:00:00+01:00;8.4;26.64650626
1900-10-21 00:00:00+01:00;7.2;26.91631729
1900-10-21 01:00:00+01:00;7.4;26.26046679
1900-10-21 02:00:00+01:00;7.2;26.22516788
1900-10-21 03:00:00+01:00;6.8;26.42485017
1900-10-21 04:00:00+01:00;6.8;26.45185598
1900-10-21 05:00:00+01:00;6.8;27.61931979
1900-10-21 06:00:00+01:00;6.5;28.97841596
1900-10-21 07:00:00+01:00;6.9;30.03564821
1900-10-21 08:00:00+01:00;7.4;35.38641922
1900-10-21 09:00:00+01:00;8.8;31.89348065
1900-10-21 10:00:00+01:00;8.9;34.46174665
1900-10-21 11:00:00+01:00;10.7;32.05317512
1900-10-21 12:00:00+01:00;12;31.14434228
1900-10-21 13:00:00+01:00;13.3;29.64216023
1900-10-21 14:00:00+01:00;15;24.61899465
1900-10-21 15:00:00+01:00;14;27.1784197
1900-10-21 16:00:00+01:00;13.6;25.24870234
1900-10-21 17:00:00+01:00;12.4;25.50730044
1900-10-21 18:00:00+01:00;11.5;25.77966462
1900-10-21 19:00:00+01:00;10.8;24.74696131
1900-10-21 20:00:00+01:00;11.1;24.37124554
1900-10-21 21:00:00+01:00;10.1;23.63419
1900-10-21 22:00:00+01:00;9.4;23.18774878
1900-10-21 23:00:00+01:00;10.3;22.647767
1900-10-22 00:00:00+01:00;11;21.04726479
1900-10-22 01:00:00+01:00;11.1;18.99343366
1900-10-22 02:00:00+01:00;11.3;19.47759227
1900-10-22 03:00:00+01:00;11.2;20.12774101
1900-10-22 04:00:00+01:00;11;21.2172306
1900-10-22 05:00:00+01:00;10.7;24.82579588
1900-10-22 06:00:00+01:00;10.4;32.51688656
1900-10-22 07:00:00+01:00;10.9;30.66527325
1900-10-22 08:00:00+01:00;10.9;36.7202391
1900-10-22 09:00:00+01:00;10.5;40.99472565
1900-10-22 10:00:00+01:00;12;41.07846372
1900-10-22 11:00:00+01:00;12.9;40.671016
1900-10-22 12:00:00+01:00;14.2;38.34217702
1900-10-22 13:00:00+01:00;14.8;38.06722095
1900-10-22 14:00:00+01:00;14.5;37.45465347
1900-10-22 15:00:00+01:00;19.6;35.81924832
1900-10-22 16:00:00+01:00;18.6;32.73918384
1900-10-22 17:00:00+01:00;14.6;29.35871614
1900-10-22 18:00:00+01:00;13.8;25.84784626
1900-10-22 19:00:00+01:00;13.1;24.19805097
1900-10-22 20:00:00+01:00;13;22.48007203
1900-10-22 21:00:00+01:00;13.2;21.16359825
1900-10-22 22:00:00+01:00;11.5;21.08442362
1900-10-22 23:00:00+01:00;11.5;19.37436269
1900-10-23 00:00:00+01:00;10.4;19.29500744
1900-10-23 01:00:00+01:00;11.3;18.99343366
1900-10-23 02:00:00+01:00;10;19.78377136
1900-10-23 03:00:00+01:00;8.5;21.48645192
1900-10-23 04:00:00+01:00;9.4;22.0873347
1900-10-23 05:00:00+01:00;7.9;25.08149433
1900-10-23 06:00:00+01:00;8;32.53130406
1900-10-23 07:00:00+01:00;9.1;30.56747986
1900-10-23 08:00:00+01:00;9.6;36.62624021
1900-10-23 09:00:00+01:00;9.8;40.64654309
1900-10-23 10:00:00+01:00;11.2;41.04452811
1900-10-23 11:00:00+01:00;13.7;38.93829801
1900-10-23 12:00:00+01:00;13;38.8702426
1900-10-23 13:00:00+01:00;12.6;38.93751424
1900-10-23 14:00:00+01:00;11.6;39.77090764
1900-10-23 15:00:00+01:00;11;39.12184697
1900-10-23 16:00:00+01:00;10;35.21332082
1900-10-23 17:00:00+01:00;7.2;35.38923216
1900-10-23 18:00:00+01:00;5.9;33.30704962
1900-10-23 19:00:00+01:00;5;32.35819688
1900-10-23 20:00:00+01:00;4.7;30.70846646
1900-10-23 21:00:00+01:00;3.6;30.30824378
1900-10-23 22:00:00+01:00;3.7;29.76101873
1900-10-23 23:00:00+01:00;4.1;27.63379472
1900-10-24 00:00:00+01:00;3.8;27.03561829
1900-10-24 01:00:00+01:00;4;27.10898713
1900-10-24 02:00:00+01:00;3.6;27.67289453
1900-10-24 03:00:00+01:00;3.8;28.70545813
1900-10-24 04:00:00+01:00;3.8;29.90129225
1900-10-24 05:00:00+01:00;3.8;32.41348899
1900-10-24 06:00:00+01:00;3.5;40.73397104
1900-10-24 07:00:00+01:00;3.5;40.02323618
1900-10-24 08:00:00+01:00;4;47.22643231
1900-10-24 09:00:00+01:00;5.9;50.47690112
1900-10-24 10:00:00+01:00;8.3;50.17575059
1900-10-24 11:00:00+01:00;8.3;50.63495132
1900-10-24 12:00:00+01:00;8;50.12647378
1900-10-24 13:00:00+01:00;7.9;49.68719451
1900-10-24 14:00:00+01:00;7.8;49.22975662
1900-10-24 15:00:00+01:00;7;48.4269188
1900-10-24 16:00:00+01:00;6.4;43.14651682
1900-10-24 17:00:00+01:00;6.1;40.78094253
1900-10-24 18:00:00+01:00;5.9;38.05912627
1900-10-24 19:00:00+01:00;5.6;35.87755272
1900-10-24 20:00:00+01:00;5;34.33269674
1900-10-24 21:00:00+01:00;5.3;32.78578391
1900-10-24 22:00:00+01:00;4.9;32.17951299
1900-10-24 23:00:00+01:00;4.7;29.97084655
1900-10-25 00:00:00+01:00;4.3;29.05892311
1900-10-25 01:00:00+01:00;3.5;29.71396313
1900-10-25 02:00:00+01:00;3.4;29.7157807
1900-10-25 03:00:00+01:00;3.2;31.07750272
1900-10-25 04:00:00+01:00;3;32.13210919
1900-10-25 05:00:00+01:00;2.2;35.34224154
1900-10-25 06:00:00+01:00;1.9;43.75153245
1900-10-25 07:00:00+01:00;1.1;43.53649618
1900-10-25 08:00:00+01:00;1.2;51.27207646
1900-10-25 09:00:00+01:00;0.9;56.68531706
1900-10-25 10:00:00+01:00;1.8;58.0521227
1900-10-25 11:00:00+01:00;2.4;58.13542734
1900-10-25 12:00:00+01:00;2.3;57.84233213
1900-10-25 13:00:00+01:00;2.8;56.67856438
1900-10-25 14:00:00+01:00;2.7;56.21922063
1900-10-25 15:00:00+01:00;2.6;54.47189804
1900-10-25 16:00:00+01:00;2.6;47.88191693
1900-10-25 17:00:00+01:00;2.9;45.3740896
1900-10-25 18:00:00+01:00;2.7;42.48150714
1900-10-25 19:00:00+01:00;2.8;40.00317416
1900-10-25 20:00:00+01:00;3.2;37.81131235
1900-10-25 21:00:00+01:00;4;36.08268912
1900-10-25 22:00:00+01:00;4.6;34.73429448
1900-10-25 23:00:00+01:00;5.3;31.73114162
1900-10-26 00:00:00+01:00;8.9;27.84824857
1900-10-26 01:00:00+01:00;9.8;27.6019761
1900-10-26 02:00:00+01:00;9.5;27.08934067
1900-10-26 03:00:00+01:00;9.7;28.06120642
1900-10-26 04:00:00+01:00;10.2;28.09351447
1900-10-26 05:00:00+01:00;10.1;31.20922823
1900-10-26 06:00:00+01:00;10.1;39.32781608
1900-10-26 07:00:00+01:00;10.3;37.74713798
1900-10-26 08:00:00+01:00;10.6;43.69915538
1900-10-26 09:00:00+01:00;9.8;47.94465856
1900-10-26 10:00:00+01:00;10;48.882247
1900-10-26 11:00:00+01:00;10.6;48.07307456
1900-10-26 12:00:00+01:00;10.6;46.53240534
1900-10-26 13:00:00+01:00;10.7;45.44824117
1900-10-26 14:00:00+01:00;10.3;44.93475573
1900-10-26 15:00:00+01:00;10.3;43.05296386
1900-10-26 16:00:00+01:00;10.1;37.71283673
1900-10-26 17:00:00+01:00;10.4;34.26527257
1900-10-26 18:00:00+01:00;9.7;31.99408588
1900-10-26 19:00:00+01:00;9.3;29.88819374
1900-10-26 20:00:00+01:00;9;27.82998562
1900-10-26 21:00:00+01:00;7.1;27.76233589
1900-10-26 22:00:00+01:00;7.3;26.82225292
1900-10-26 23:00:00+01:00;7.2;24.83915872
1900-10-27 00:00:00+01:00;6.6;25.30521381
1900-10-27 01:00:00+01:00;6.4;25.19920487
1900-10-27 02:00:00+01:00;6.1;25.41776242
1900-10-27 03:00:00+01:00;6;25.79120032
1900-10-27 04:00:00+01:00;6;26.12631431
1900-10-27 05:00:00+01:00;5.3;28.33424735
1900-10-27 06:00:00+01:00;5;29.75174987
1900-10-27 07:00:00+01:00;4.9;31.54304676
1900-10-27 08:00:00+01:00;4.8;37.1063822
1900-10-27 09:00:00+01:00;4.8;34.9314085
1900-10-27 10:00:00+01:00;4.4;38.58273966
1900-10-27 11:00:00+01:00;4.5;38.11193008
1900-10-27 12:00:00+01:00;4.4;39.55115255
1900-10-27 13:00:00+01:00;4.1;39.80194144
1900-10-27 14:00:00+01:00;3.5;40.05378366
1900-10-27 15:00:00+01:00;2.9;40.43081303
1900-10-27 16:00:00+01:00;2;36.27043894
1900-10-27 17:00:00+01:00;2;37.33035511
1900-10-27 18:00:00+01:00;2.2;36.53541453
1900-10-27 19:00:00+01:00;2;35.25012564
1900-10-27 20:00:00+01:00;1;35.98403384
1900-10-27 21:00:00+01:00;0.8;34.96587832
1900-10-27 22:00:00+01:00;0.7;34.07472502
1900-10-27 23:00:00+01:00;0.9;33.4228481
1900-10-28 00:00:00+01:00;1.7;33.03710992
1900-10-28 01:00:00+01:00;1.8;32.64897547
1900-10-28 02:00:00+01:00;1.6;32.90774901
1900-10-28 03:00:00+01:00;1.5;33.2173332
1900-10-28 04:00:00+01:00;1.3;33.53420105
1900-10-28 05:00:00+01:00;1.3;35.20539119
1900-10-28 06:00:00+01:00;1.4;36.43624087
1900-10-28 07:00:00+01:00;1.5;38.26815182
1900-10-28 08:00:00+01:00;2.7;44.86390383
1900-10-28 09:00:00+01:00;2;42.80287413
1900-10-28 10:00:00+01:00;2.3;45.68642595
1900-10-28 11:00:00+01:00;2.6;44.72646629
1900-10-28 12:00:00+01:00;2.9;45.20416108
1900-10-28 13:00:00+01:00;2.9;44.67984706
1900-10-28 14:00:00+01:00;3;43.36774951
1900-10-28 15:00:00+01:00;3;42.79441515
1900-10-28 16:00:00+01:00;3;38.09765628
1900-10-28 17:00:00+01:00;2.9;38.56001349
1900-10-28 18:00:00+01:00;3;37.85708271
1900-10-28 19:00:00+01:00;3.1;36.44668204
1900-10-28 20:00:00+01:00;3;36.45850318
1900-10-28 21:00:00+01:00;3.1;34.7870049
1900-10-28 22:00:00+01:00;3.1;33.58573234
1900-10-28 23:00:00+01:00;3.2;33.22016626
1900-10-29 00:00:00+01:00;3.3;32.05631589
1900-10-29 01:00:00+01:00;3.5;32.11770993
1900-10-29 02:00:00+01:00;4;31.43725552
1900-10-29 03:00:00+01:00;4.2;32.63535229
1900-10-29 04:00:00+01:00;4.5;33.02193373
1900-10-29 05:00:00+01:00;4.6;35.98258904
1900-10-29 06:00:00+01:00;5;44.09441368
1900-10-29 07:00:00+01:00;5.8;42.58040943
1900-10-29 08:00:00+01:00;6.5;49.1188285
1900-10-29 09:00:00+01:00;9.6;50.53249002
1900-10-29 10:00:00+01:00;9.5;51.76289747
1900-10-29 11:00:00+01:00;9.5;51.38608759
1900-10-29 12:00:00+01:00;9.4;50.01886873
1900-10-29 13:00:00+01:00;9.4;48.98567113
1900-10-29 14:00:00+01:00;9;48.37341135
1900-10-29 15:00:00+01:00;8.3;47.19911688
1900-10-29 16:00:00+01:00;7.9;41.68661684
1900-10-29 17:00:00+01:00;7.4;39.14498186
1900-10-29 18:00:00+01:00;6.6;36.89195938
1900-10-29 19:00:00+01:00;5.4;35.39813815
1900-10-29 20:00:00+01:00;4.6;33.93137685
1900-10-29 21:00:00+01:00;4.3;32.76601419
1900-10-29 22:00:00+01:00;3.3;32.62237208
1900-10-29 23:00:00+01:00;3.4;30.23455565
1900-10-30 00:00:00+01:00;3.4;29.09984326
1900-10-30 01:00:00+01:00;4.4;28.49440272
1900-10-30 02:00:00+01:00;5.3;27.78915291
1900-10-30 03:00:00+01:00;6.1;28.31116707
1900-10-30 04:00:00+01:00;7.5;28.10090292
1900-10-30 05:00:00+01:00;6.7;31.30189625
1900-10-30 06:00:00+01:00;6.3;39.59957245
1900-10-30 07:00:00+01:00;5.4;39.16572203
1900-10-30 08:00:00+01:00;5.2;46.48155725
1900-10-30 09:00:00+01:00;5.1;51.32506591
1900-10-30 10:00:00+01:00;5;53.33073113
1900-10-30 11:00:00+01:00;5.1;53.80828797
1900-10-30 12:00:00+01:00;5.5;52.79045181
1900-10-30 13:00:00+01:00;5.6;52.08285628
1900-10-30 14:00:00+01:00;5.4;51.76042636
1900-10-30 15:00:00+01:00;5.2;50.20456875
1900-10-30 16:00:00+01:00;5;44.25822974
1900-10-30 17:00:00+01:00;4.9;41.94547437
1900-10-30 18:00:00+01:00;4.4;39.33715805
1900-10-30 19:00:00+01:00;4.2;37.17014792
1900-10-30 20:00:00+01:00;4;35.3403653
1900-10-30 21:00:00+01:00;3.9;34.13127254
1900-10-30 22:00:00+01:00;3.7;33.37809462
1900-10-30 23:00:00+01:00;2.3;31.98372374
1900-10-31 00:00:00+01:00;2.5;30.69141107
1900-10-31 01:00:00+01:00;2.5;30.82340588
1900-10-31 02:00:00+01:00;2.7;30.70764264
1900-10-31 03:00:00+01:00;2.3;32.37460083
1900-10-31 04:00:00+01:00;2.4;33.33263396
1900-10-31 05:00:00+01:00;2.1;36.465018
1900-10-31 06:00:00+01:00;1.6;45.27477167
1900-10-31 07:00:00+01:00;1.7;44.62481856
1900-10-31 08:00:00+01:00;1;53.0311831
1900-10-31 09:00:00+01:00;0.8;58.3353574
1900-10-31 10:00:00+01:00;0.7;60.46236555
1900-10-31 11:00:00+01:00;1.5;60.19145469
1900-10-31 12:00:00+01:00;1.8;59.43139244
1900-10-31 13:00:00+01:00;2.1;58.35350197
1900-10-31 14:00:00+01:00;2;57.76477724
1900-10-31 15:00:00+01:00;1.9;55.94236917
1900-10-31 16:00:00+01:00;1.8;49.2599699
1900-10-31 17:00:00+01:00;1.4;47.43955974
1900-10-31 18:00:00+01:00;0.7;44.79150214
1900-10-31 19:00:00+01:00;0.3;42.72429896
1900-10-31 20:00:00+01:00;0.3;40.90982125
1900-10-31 21:00:00+01:00;-0.1;40.07358467
1900-10-31 22:00:00+01:00;1.6;37.91160236
1900-10-31 23:00:00+01:00;2.5;34.6295218
1900-11-01 00:00:00+01:00;4.2;32.07987174
1900-11-01 01:00:00+01:00;5.7;31.37438806
1900-11-01 02:00:00+01:00;8.2;29.09777833
1900-11-01 03:00:00+01:00;8.8;29.9252967
1900-11-01 04:00:00+01:00;9.4;29.82738327
1900-11-01 05:00:00+01:00;9.2;33.22533161
1900-11-01 06:00:00+01:00;7.9;42.38687847
1900-11-01 07:00:00+01:00;6.9;41.89119931
1900-11-01 08:00:00+01:00;6.9;48.72324305
1900-11-01 09:00:00+01:00;7.6;52.15530321
1900-11-01 10:00:00+01:00;8.4;52.64895526
1900-11-01 11:00:00+01:00;9.3;51.45835179
1900-11-01 12:00:00+01:00;12.9;46.16836606
1900-11-01 13:00:00+01:00;10.4;47.61799393
1900-11-01 14:00:00+01:00;10.8;46.09244606
1900-11-01 15:00:00+01:00;9.7;45.31220124
1900-11-01 16:00:00+01:00;8;41.03943921
1900-11-01 17:00:00+01:00;6.9;39.06290466
1900-11-01 18:00:00+01:00;6.7;36.10023158
1900-11-01 19:00:00+01:00;6.6;33.67713602
1900-11-01 20:00:00+01:00;6.3;31.65051661
1900-11-01 21:00:00+01:00;5.6;30.61404814
1900-11-01 22:00:00+01:00;4.4;30.57511256
1900-11-01 23:00:00+01:00;3;29.31812034
1900-11-02 00:00:00+01:00;2;29.00338143
1900-11-02 01:00:00+01:00;0.7;29.88279662
1900-11-02 02:00:00+01:00;0.6;30.38174091
1900-11-02 03:00:00+01:00;0.4;31.90035233
1900-11-02 04:00:00+01:00;0.1;33.45236818
1900-11-02 05:00:00+01:00;0.7;35.69606462
1900-11-02 06:00:00+01:00;2.6;42.82034678
1900-11-02 07:00:00+01:00;3.6;41.46900135
1900-11-02 08:00:00+01:00;3.8;48.83824519
1900-11-02 09:00:00+01:00;4.3;53.24648297
1900-11-02 10:00:00+01:00;5.3;54.23397174
1900-11-02 11:00:00+01:00;5.5;54.47412667
1900-11-02 12:00:00+01:00;6;53.40863801
1900-11-02 13:00:00+01:00;5.8;52.99309799
1900-11-02 14:00:00+01:00;5.7;52.52791507
1900-11-02 15:00:00+01:00;6.1;50.4391636
1900-11-02 16:00:00+01:00;6.4;44.1856914
1900-11-02 17:00:00+01:00;6.2;41.60759799
1900-11-02 18:00:00+01:00;6.3;38.8334215
1900-11-02 19:00:00+01:00;6.4;36.24797894
1900-11-02 20:00:00+01:00;6;34.62311352
1900-11-02 21:00:00+01:00;5.9;33.54318752
1900-11-02 22:00:00+01:00;5.7;32.76823462
1900-11-02 23:00:00+01:00;5.5;30.42837411
1900-11-03 00:00:00+01:00;5.1;30.12551989
1900-11-03 01:00:00+01:00;5.2;29.5879405
1900-11-03 02:00:00+01:00;4.5;29.96978403
1900-11-03 03:00:00+01:00;4.4;30.00940227
1900-11-03 04:00:00+01:00;4;30.23901896
1900-11-03 05:00:00+01:00;4.5;31.14614582
1900-11-03 06:00:00+01:00;5;32.00547154
1900-11-03 07:00:00+01:00;5.3;33.31459517
1900-11-03 08:00:00+01:00;5.4;39.87363244
1900-11-03 09:00:00+01:00;4.4;37.80595448
1900-11-03 10:00:00+01:00;3.9;41.19954213
1900-11-03 11:00:00+01:00;3.8;40.62482511
1900-11-03 12:00:00+01:00;3.3;42.15717641
1900-11-03 13:00:00+01:00;3.4;41.77855795
1900-11-03 14:00:00+01:00;3.5;40.97310546
1900-11-03 15:00:00+01:00;3.7;40.3476609
1900-11-03 16:00:00+01:00;4;35.46367853
1900-11-03 17:00:00+01:00;4.6;35.39837783
1900-11-03 18:00:00+01:00;4.6;34.80227837
1900-11-03 19:00:00+01:00;4.7;33.29782411
1900-11-03 20:00:00+01:00;5;33.01136878
1900-11-03 21:00:00+01:00;5.1;31.46441248
1900-11-03 22:00:00+01:00;4.8;30.64589192
1900-11-03 23:00:00+01:00;4.9;30.44657307
1900-11-04 00:00:00+01:00;4.6;30.41438411
1900-11-04 01:00:00+01:00;4.6;30.0775748
1900-11-04 02:00:00+01:00;3.8;30.65143886
1900-11-04 03:00:00+01:00;4.1;30.57947695
1900-11-04 04:00:00+01:00;3.9;30.79551981
1900-11-04 05:00:00+01:00;2.9;32.94799592
1900-11-04 06:00:00+01:00;2.3;34.64734299
1900-11-04 07:00:00+01:00;2.4;36.40094908
1900-11-04 08:00:00+01:00;1.7;43.45859234
1900-11-04 09:00:00+01:00;2.1;40.94459018
1900-11-04 10:00:00+01:00;2.8;43.62285693
1900-11-04 11:00:00+01:00;3.3;42.50617579
1900-11-04 12:00:00+01:00;5.5;41.18511766
1900-11-04 13:00:00+01:00;4.1;42.04306111
1900-11-04 14:00:00+01:00;4;41.11032336
1900-11-04 15:00:00+01:00;3.7;40.92053187
1900-11-04 16:00:00+01:00;3.4;36.52787596
1900-11-04 17:00:00+01:00;3.1;37.31602001
1900-11-04 18:00:00+01:00;2.5;37.21856402
1900-11-04 19:00:00+01:00;2;36.2085395
1900-11-04 20:00:00+01:00;0.9;36.98902573
1900-11-04 21:00:00+01:00;0.6;35.95410433
1900-11-04 22:00:00+01:00;0.5;34.98366127
1900-11-04 23:00:00+01:00;0.2;34.63739969
1900-11-05 00:00:00+01:00;1.1;33.35774562
1900-11-05 01:00:00+01:00;1;33.65150766
1900-11-05 02:00:00+01:00;1;33.59216103
1900-11-05 03:00:00+01:00;1.4;34.87218237
1900-11-05 04:00:00+01:00;1.1;35.92402687
1900-11-05 05:00:00+01:00;1.1;39.01518716
1900-11-05 06:00:00+01:00;1;47.66586185
1900-11-05 07:00:00+01:00;1.1;47.01665021
1900-11-05 08:00:00+01:00;1.1;54.89620362
1900-11-05 09:00:00+01:00;1.4;59.58230371
1900-11-05 10:00:00+01:00;1;61.80935624
1900-11-05 11:00:00+01:00;0.9;62.16991492
1900-11-05 12:00:00+01:00;1.1;61.53176071
1900-11-05 13:00:00+01:00;1.4;60.3568161
1900-11-05 14:00:00+01:00;1.3;59.6486798
1900-11-05 15:00:00+01:00;1.2;57.76543283
1900-11-05 16:00:00+01:00;1.3;50.72743818
1900-11-05 17:00:00+01:00;1;48.72691379
1900-11-05 18:00:00+01:00;0.7;45.77963236
1900-11-05 19:00:00+01:00;0.7;43.21385772
1900-11-05 20:00:00+01:00;0.3;41.63689091
1900-11-05 21:00:00+01:00;0.2;40.49983378
1900-11-05 22:00:00+01:00;0.2;39.45389245
1900-11-05 23:00:00+01:00;0.2;36.711108
1900-11-06 00:00:00+01:00;0.6;35.09016749
1900-11-06 01:00:00+01:00;0.7;35.21449325
1900-11-06 02:00:00+01:00;1.3;34.55577317
1900-11-06 03:00:00+01:00;2.2;35.4975706
1900-11-06 04:00:00+01:00;3.2;35.37297264
1900-11-06 05:00:00+01:00;5.4;37.17722267
1900-11-06 06:00:00+01:00;8;44.06078731
1900-11-06 07:00:00+01:00;8.6;42.5285503
1900-11-06 08:00:00+01:00;9.1;48.78147851
1900-11-06 09:00:00+01:00;8.7;52.88922099
1900-11-06 10:00:00+01:00;9.2;53.56074428
1900-11-06 11:00:00+01:00;9.5;52.71174248
1900-11-06 12:00:00+01:00;9.8;50.79334052
1900-11-06 13:00:00+01:00;10.8;48.59523883
1900-11-06 14:00:00+01:00;8.9;49.34578993
1900-11-06 15:00:00+01:00;8.3;48.00932951
1900-11-06 16:00:00+01:00;7.5;42.74026599
1900-11-06 17:00:00+01:00;7.2;39.93743177
1900-11-06 18:00:00+01:00;6.8;37.34887955
1900-11-06 19:00:00+01:00;6.2;35.21088072
1900-11-06 20:00:00+01:00;5.8;33.32652906
1900-11-06 21:00:00+01:00;4.9;32.54204138
1900-11-06 22:00:00+01:00;3.2;32.79238087
1900-11-06 23:00:00+01:00;4;29.79703202
1900-11-07 00:00:00+01:00;2.7;29.48198961
1900-11-07 01:00:00+01:00;2;29.87621659
1900-11-07 02:00:00+01:00;2.8;29.35541772
1900-11-07 03:00:00+01:00;3.4;30.03599132
1900-11-07 04:00:00+01:00;2.3;31.78528284
1900-11-07 05:00:00+01:00;2.3;34.325433
1900-11-07 06:00:00+01:00;2.7;42.34975391
1900-11-07 07:00:00+01:00;5.9;39.56036621
1900-11-07 08:00:00+01:00;6.7;46.16664235
1900-11-07 09:00:00+01:00;7.7;49.76374311
1900-11-07 10:00:00+01:00;8.5;50.68465917
1900-11-07 11:00:00+01:00;9;50.39083495
1900-11-07 12:00:00+01:00;9.6;48.6957
1900-11-07 13:00:00+01:00;10.1;47.50127302
1900-11-07 14:00:00+01:00;8.2;48.72370169
1900-11-07 15:00:00+01:00;8;47.22594616
1900-11-07 16:00:00+01:00;8.4;41.18539861
1900-11-07 17:00:00+01:00;8.4;38.23339387
1900-11-07 18:00:00+01:00;10.3;34.12668725
1900-11-07 19:00:00+01:00;11.2;30.78198312
1900-11-07 20:00:00+01:00;11.6;28.31055613
1900-11-07 21:00:00+01:00;11.4;27.19119286
1900-11-07 22:00:00+01:00;11;26.48903044
1900-11-07 23:00:00+01:00;10.5;24.54357203
1900-11-08 00:00:00+01:00;9;24.26635879
1900-11-08 01:00:00+01:00;8.1;24.90918426
1900-11-08 02:00:00+01:00;7.4;25.10161636
1900-11-08 03:00:00+01:00;6.6;26.51412743
1900-11-08 04:00:00+01:00;6.5;27.40916307
1900-11-08 05:00:00+01:00;5.5;30.33217839
1900-11-08 06:00:00+01:00;6;37.72995136
1900-11-08 07:00:00+01:00;5.8;36.75056752
1900-11-08 08:00:00+01:00;5.6;43.90111427
1900-11-08 09:00:00+01:00;4.5;49.49758768
1900-11-08 10:00:00+01:00;5;50.97692637
1900-11-08 11:00:00+01:00;6.1;50.65912794
1900-11-08 12:00:00+01:00;6.5;49.61655961
1900-11-08 13:00:00+01:00;7.1;48.47459244
1900-11-08 14:00:00+01:00;6.4;48.74035186
1900-11-08 15:00:00+01:00;5.8;47.57773489
1900-11-08 16:00:00+01:00;6.7;40.89140843
1900-11-08 17:00:00+01:00;6.8;38.34088068
1900-11-08 18:00:00+01:00;6.6;35.60211
1900-11-08 19:00:00+01:00;6.4;33.69419591
1900-11-08 20:00:00+01:00;6.3;31.90587767
1900-11-08 21:00:00+01:00;5.7;31.24935525
1900-11-08 22:00:00+01:00;5.4;30.86810735
1900-11-08 23:00:00+01:00;3.9;29.871659
1900-11-09 00:00:00+01:00;3.6;29.11868949
1900-11-09 01:00:00+01:00;3;29.73930841
1900-11-09 02:00:00+01:00;2.5;30.20556623
1900-11-09 03:00:00+01:00;2;31.90164604
1900-11-09 04:00:00+01:00;0.4;34.14157255
1900-11-09 05:00:00+01:00;0.4;36.83906763
1900-11-09 06:00:00+01:00;0.9;44.92193136
1900-11-09 07:00:00+01:00;0.4;44.7114587
1900-11-09 08:00:00+01:00;0.9;52.35924209
1900-11-09 09:00:00+01:00;2.3;56.23037518
1900-11-09 10:00:00+01:00;4.8;55.82195894
1900-11-09 11:00:00+01:00;4.4;56.45708064
1900-11-09 12:00:00+01:00;3.6;56.58865265
1900-11-09 13:00:00+01:00;4.1;55.35058149
1900-11-09 14:00:00+01:00;6.8;51.79622449
1900-11-09 15:00:00+01:00;6.2;50.59026251
1900-11-09 16:00:00+01:00;6;44.70699146
1900-11-09 17:00:00+01:00;5.6;42.36315979
1900-11-09 18:00:00+01:00;4;40.87855732
1900-11-09 19:00:00+01:00;4;38.48620264
1900-11-09 20:00:00+01:00;3.5;37.01283107
1900-11-09 21:00:00+01:00;2.8;36.40130606
1900-11-09 22:00:00+01:00;1;36.88689992
1900-11-09 23:00:00+01:00;0.1;35.05546468
1900-11-10 00:00:00+01:00;0.2;34.57732066
1900-11-10 01:00:00+01:00;-0.3;34.48633896
1900-11-10 02:00:00+01:00;-0.3;34.50713548
1900-11-10 03:00:00+01:00;0.8;33.97603501
1900-11-10 04:00:00+01:00;0.9;33.93521165
1900-11-10 05:00:00+01:00;0;36.25583272
1900-11-10 06:00:00+01:00;-1;38.08825991
1900-11-10 07:00:00+01:00;-0.7;39.83687471
1900-11-10 08:00:00+01:00;-0.3;46.16264584
1900-11-10 09:00:00+01:00;0.8;43.29755821
1900-11-10 10:00:00+01:00;2.6;45.26975238
1900-11-10 11:00:00+01:00;3.2;44.02993015
1900-11-10 12:00:00+01:00;3.3;44.6000387
1900-11-10 13:00:00+01:00;3.2;44.17768677
1900-11-10 14:00:00+01:00;3;43.27830199
1900-11-10 15:00:00+01:00;3;42.78734267
1900-11-10 16:00:00+01:00;2.7;38.43361391
1900-11-10 17:00:00+01:00;4.2;37.51169238
1900-11-10 18:00:00+01:00;4.4;36.81267718
1900-11-10 19:00:00+01:00;3.1;36.70806764
1900-11-10 20:00:00+01:00;3.1;36.75185766
1900-11-10 21:00:00+01:00;3;35.28429296
1900-11-10 22:00:00+01:00;3;34.09248179
1900-11-10 23:00:00+01:00;3;33.80256687
1900-11-11 00:00:00+01:00;3;33.31044797
1900-11-11 01:00:00+01:00;2.9;32.88780158
1900-11-11 02:00:00+01:00;2.7;33.00239738
1900-11-11 03:00:00+01:00;2.9;32.87878954
1900-11-11 04:00:00+01:00;3.5;32.46542271
1900-11-11 05:00:00+01:00;5.6;31.8474623
1900-11-11 06:00:00+01:00;5.7;33.15830788
1900-11-11 07:00:00+01:00;7;33.52278064
1900-11-11 08:00:00+01:00;7.8;40.82672461
1900-11-11 09:00:00+01:00;7.5;37.65742148
1900-11-11 10:00:00+01:00;8.5;39.08413606
1900-11-11 11:00:00+01:00;9.5;36.90214407
1900-11-11 12:00:00+01:00;11.5;34.77113967
1900-11-11 13:00:00+01:00;12.3;33.32672254
1900-11-11 14:00:00+01:00;12;31.73726289
1900-11-11 15:00:00+01:00;10.9;32.29106135
1900-11-11 16:00:00+01:00;9.9;30.12985064
1900-11-11 17:00:00+01:00;8.6;30.81286594
1900-11-11 18:00:00+01:00;8.4;30.37711269
1900-11-11 19:00:00+01:00;7.8;29.28367776
1900-11-11 20:00:00+01:00;7.6;29.22243478
1900-11-11 21:00:00+01:00;7.3;27.8298812
1900-11-11 22:00:00+01:00;8;26.12191501
1900-11-11 23:00:00+01:00;8.1;25.96118309
1900-11-12 00:00:00+01:00;8.2;24.70678182
1900-11-12 01:00:00+01:00;7.5;25.22446157
1900-11-12 02:00:00+01:00;7.4;25.04463958
1900-11-12 03:00:00+01:00;7;26.1495809
1900-11-12 04:00:00+01:00;6;27.72751469
1900-11-12 05:00:00+01:00;6;30.0873375
1900-11-12 06:00:00+01:00;6.8;37.42494501
1900-11-12 07:00:00+01:00;6;36.85330329
1900-11-12 08:00:00+01:00;5.2;44.51273058
1900-11-12 09:00:00+01:00;5;49.35531904
1900-11-12 10:00:00+01:00;4.7;51.53034362
1900-11-12 11:00:00+01:00;5;52.02109407
1900-11-12 12:00:00+01:00;5.7;50.86261593
1900-11-12 13:00:00+01:00;4.9;51.2767267
1900-11-12 14:00:00+01:00;4.6;51.33735456
1900-11-12 15:00:00+01:00;4.8;49.45013374
1900-11-12 16:00:00+01:00;5.3;42.97666385
1900-11-12 17:00:00+01:00;6.1;39.90138416
1900-11-12 18:00:00+01:00;5.2;37.69129698
1900-11-12 19:00:00+01:00;4.7;35.90161433
1900-11-12 20:00:00+01:00;4.3;34.29006965
1900-11-12 21:00:00+01:00;3.7;33.51871306
1900-11-12 22:00:00+01:00;3.6;32.89112431
1900-11-12 23:00:00+01:00;3.8;30.56058314
1900-11-13 00:00:00+01:00;4.2;29.25259937
1900-11-13 01:00:00+01:00;4.2;29.50880348
1900-11-13 02:00:00+01:00;4.2;29.48616526
1900-11-13 03:00:00+01:00;5.4;29.96673445
1900-11-13 04:00:00+01:00;4.7;31.30305981
1900-11-13 05:00:00+01:00;5.1;33.92451925
1900-11-13 06:00:00+01:00;5.5;42.03124683
1900-11-13 07:00:00+01:00;4.6;41.75845551
1900-11-13 08:00:00+01:00;4.8;48.92943585
1900-11-13 09:00:00+01:00;5.2;53.14846019
1900-11-13 10:00:00+01:00;5;54.98514717
1900-11-13 11:00:00+01:00;7.1;53.164921
1900-11-13 12:00:00+01:00;10;49.06001295
1900-11-13 13:00:00+01:00;10.6;47.47824152
1900-11-13 14:00:00+01:00;10;47.09340167
1900-11-13 15:00:00+01:00;7.2;48.11020419
1900-11-13 16:00:00+01:00;4.5;44.41305644
1900-11-13 17:00:00+01:00;3.6;42.93075802
1900-11-13 18:00:00+01:00;2.7;40.38078753
1900-11-13 19:00:00+01:00;2.1;38.64997188
1900-11-13 20:00:00+01:00;1.6;37.09270311
1900-11-13 21:00:00+01:00;1;36.20976539
1900-11-13 22:00:00+01:00;1.2;35.22554238
1900-11-13 23:00:00+01:00;0.5;33.3611371
1900-11-14 00:00:00+01:00;0.8;32.07541818
1900-11-14 01:00:00+01:00;0.5;32.37669147
1900-11-14 02:00:00+01:00;0.1;32.78097688
1900-11-14 03:00:00+01:00;-0.6;34.77344156
1900-11-14 04:00:00+01:00;-0.7;35.92678715
1900-11-14 05:00:00+01:00;-0.6;38.7181066
1900-11-14 06:00:00+01:00;-0.6;47.29056295
1900-11-14 07:00:00+01:00;1.2;45.64559272
1900-11-14 08:00:00+01:00;1.2;53.59440817
1900-11-14 09:00:00+01:00;1.4;58.51392986
1900-11-14 10:00:00+01:00;1.6;60.30218199
1900-11-14 11:00:00+01:00;1.6;60.75869375
1900-11-14 12:00:00+01:00;1.5;60.57257144
1900-11-14 13:00:00+01:00;1.6;59.88057909
1900-11-14 14:00:00+01:00;1.5;59.40680659
1900-11-14 15:00:00+01:00;1.8;57.25790516
1900-11-14 16:00:00+01:00;1.9;50.3447499
1900-11-14 17:00:00+01:00;2.5;47.39059428
1900-11-14 18:00:00+01:00;2.6;44.34056644
1900-11-14 19:00:00+01:00;3;41.32931573
1900-11-14 20:00:00+01:00;2.4;39.88148441
1900-11-14 21:00:00+01:00;2.7;38.46668602
1900-11-14 22:00:00+01:00;2.1;37.8514097
1900-11-14 23:00:00+01:00;1.8;35.33619985
1900-11-15 00:00:00+01:00;1.7;34.02358246
1900-11-15 01:00:00+01:00;1.7;34.19816552
1900-11-15 02:00:00+01:00;1.7;33.8854419
1900-11-15 03:00:00+01:00;1.9;35.19611343
1900-11-15 04:00:00+01:00;2;35.72776511
1900-11-15 05:00:00+01:00;2.2;38.66649453
1900-11-15 06:00:00+01:00;2.4;47.02064014
1900-11-15 07:00:00+01:00;2.6;46.15453247
1900-11-15 08:00:00+01:00;2.5;53.8504302
1900-11-15 09:00:00+01:00;2.6;58.47592279
1900-11-15 10:00:00+01:00;2.8;59.98409757
1900-11-15 11:00:00+01:00;2.9;59.91902624
1900-11-15 12:00:00+01:00;3;58.98940701
1900-11-15 13:00:00+01:00;3.2;57.78553828
1900-11-15 14:00:00+01:00;3.2;56.83778831
1900-11-15 15:00:00+01:00;3.4;54.61540974
1900-11-15 16:00:00+01:00;3.3;48.03342843
1900-11-15 17:00:00+01:00;3.4;45.4071208
1900-11-15 18:00:00+01:00;3.5;42.29521246
1900-11-15 19:00:00+01:00;3.1;40.04389427
1900-11-15 20:00:00+01:00;2.8;38.32858291
1900-11-15 21:00:00+01:00;2.4;37.4242238
1900-11-15 22:00:00+01:00;1.9;36.811033
1900-11-15 23:00:00+01:00;2.5;33.78998236
1900-11-16 00:00:00+01:00;2.8;32.25743289
1900-11-16 01:00:00+01:00;2.4;32.6893957
1900-11-16 02:00:00+01:00;1.7;32.95165588
1900-11-16 03:00:00+01:00;2.1;34.10910266
1900-11-16 04:00:00+01:00;2.2;34.78516966
1900-11-16 05:00:00+01:00;1.6;38.20910876
1900-11-16 06:00:00+01:00;1.8;46.59400665
1900-11-16 07:00:00+01:00;1.6;46.0706176
1900-11-16 08:00:00+01:00;1.1;54.27266001
1900-11-16 09:00:00+01:00;1.4;58.98713654
1900-11-16 10:00:00+01:00;1.8;60.47827802
1900-11-16 11:00:00+01:00;1.9;60.60185159
1900-11-16 12:00:00+01:00;1.8;60.07834401
1900-11-16 13:00:00+01:00;2;58.98080748
1900-11-16 14:00:00+01:00;2.5;57.6360094
1900-11-16 15:00:00+01:00;2;56.1609858
1900-11-16 16:00:00+01:00;1.8;49.50426708
1900-11-16 17:00:00+01:00;1.5;47.51417644
1900-11-16 18:00:00+01:00;1.5;44.31857427
1900-11-16 19:00:00+01:00;1.5;41.82281975
1900-11-16 20:00:00+01:00;1.5;39.93966529
1900-11-16 21:00:00+01:00;1.3;38.90307013
1900-11-16 22:00:00+01:00;1.2;37.98633092
1900-11-16 23:00:00+01:00;0.7;35.72708869
1900-11-17 00:00:00+01:00;1.4;34.64383922
1900-11-17 01:00:00+01:00;0.6;34.76885454
1900-11-17 02:00:00+01:00;0.2;35.07863207
1900-11-17 03:00:00+01:00;0.4;35.09000384
1900-11-17 04:00:00+01:00;0;35.41355648
1900-11-17 05:00:00+01:00;0.4;36.73640674
1900-11-17 06:00:00+01:00;0.2;38.14483688
1900-11-17 07:00:00+01:00;0;40.22520598
1900-11-17 08:00:00+01:00;-0.6;47.84003059
1900-11-17 09:00:00+01:00;0.6;44.81908086
1900-11-17 10:00:00+01:00;0.5;48.06073249
1900-11-17 11:00:00+01:00;0.6;47.30922503
1900-11-17 12:00:00+01:00;0.3;48.50572048
1900-11-17 13:00:00+01:00;0;48.23042595
1900-11-17 14:00:00+01:00;0.6;46.55932272
1900-11-17 15:00:00+01:00;0;46.61654371
1900-11-17 16:00:00+01:00;-1.2;42.17611707
1900-11-17 17:00:00+01:00;-1.4;43.4006629
1900-11-17 18:00:00+01:00;-1.7;42.99780783
1900-11-17 19:00:00+01:00;-2.3;42.20802417
1900-11-17 20:00:00+01:00;-2.3;42.1524594
1900-11-17 21:00:00+01:00;-2.8;41.23483983
1900-11-17 22:00:00+01:00;-3;40.25158806
1900-11-17 23:00:00+01:00;-2;38.82438144
1900-11-18 00:00:00+01:00;-2.1;38.74742933
1900-11-18 01:00:00+01:00;-3.9;39.49208083
1900-11-18 02:00:00+01:00;-5.5;40.58627903
1900-11-18 03:00:00+01:00;-5.8;41.06069715
1900-11-18 04:00:00+01:00;-5.6;41.03077739
1900-11-18 05:00:00+01:00;-6.3;43.91023671
1900-11-18 06:00:00+01:00;-5.3;44.26258876
1900-11-18 07:00:00+01:00;-5.6;46.86896472
1900-11-18 08:00:00+01:00;-6.1;54.77451223
1900-11-18 09:00:00+01:00;-4.6;52.08600213
1900-11-18 10:00:00+01:00;-3.1;54.63669241
1900-11-18 11:00:00+01:00;-2.5;53.59283931
1900-11-18 12:00:00+01:00;-1;53.00252016
1900-11-18 13:00:00+01:00;-1.5;52.65407036
1900-11-18 14:00:00+01:00;-1.7;51.35261597
1900-11-18 15:00:00+01:00;-2;50.96182543
1900-11-18 16:00:00+01:00;-2.5;45.70065826
1900-11-18 17:00:00+01:00;-3.4;47.46177715
1900-11-18 18:00:00+01:00;-4.3;47.64663071
1900-11-18 19:00:00+01:00;-6.1;48.07130394
1900-11-18 20:00:00+01:00;-6.3;48.23318636
1900-11-18 21:00:00+01:00;-6.6;47.13310298
1900-11-18 22:00:00+01:00;-7.1;46.27864462
1900-11-18 23:00:00+01:00;-8.3;46.02671185
1900-11-19 00:00:00+01:00;-9.6;46.43747705
1900-11-19 01:00:00+01:00;-8.8;46.01802524
1900-11-19 02:00:00+01:00;-8.7;45.85694619
1900-11-19 03:00:00+01:00;-9.3;48.4903737
1900-11-19 04:00:00+01:00;-8.3;48.45056383
1900-11-19 05:00:00+01:00;-6.3;50.78030851
1900-11-19 06:00:00+01:00;-5.6;59.66968953
1900-11-19 07:00:00+01:00;-4.6;58.90385994
1900-11-19 08:00:00+01:00;-3.6;66.95320912
1900-11-19 09:00:00+01:00;-4.8;73.27807318
1900-11-19 10:00:00+01:00;-3;73.62575367
1900-11-19 11:00:00+01:00;-2.4;72.71672933
1900-11-19 12:00:00+01:00;-2.5;72.22371514
1900-11-19 13:00:00+01:00;-2.5;70.95288986
1900-11-19 14:00:00+01:00;-2.5;69.5983163
1900-11-19 15:00:00+01:00;-3;67.87484724
1900-11-19 16:00:00+01:00;-3.3;60.17354236
1900-11-19 17:00:00+01:00;-3.6;58.14132935
1900-11-19 18:00:00+01:00;-4.1;55.28142135
1900-11-19 19:00:00+01:00;-3;51.27412729
1900-11-19 20:00:00+01:00;-3;49.42711424
1900-11-19 21:00:00+01:00;-2.9;48.21158147
1900-11-19 22:00:00+01:00;-2.8;46.70594704
1900-11-19 23:00:00+01:00;-4.3;44.37964071
1900-11-20 00:00:00+01:00;-4.8;42.95030334
1900-11-20 01:00:00+01:00;-4.3;42.64814818
1900-11-20 02:00:00+01:00;-4;41.93490013
1900-11-20 03:00:00+01:00;-4.1;43.82476777
1900-11-20 04:00:00+01:00;-3.5;43.76712674
1900-11-20 05:00:00+01:00;-3.8;47.51524039
1900-11-20 06:00:00+01:00;-3.5;56.3767891
1900-11-20 07:00:00+01:00;-4;56.42327268
1900-11-20 08:00:00+01:00;-4;65.18357621
1900-11-20 09:00:00+01:00;-3.5;70.05820207
1900-11-20 10:00:00+01:00;-4.6;73.0128416
1900-11-20 11:00:00+01:00;-4.6;73.02717695
1900-11-20 12:00:00+01:00;-3.3;71.33018
1900-11-20 13:00:00+01:00;-3.3;70.11325868
1900-11-20 14:00:00+01:00;-3.5;69.12338881
1900-11-20 15:00:00+01:00;-4.8;68.12959752
1900-11-20 16:00:00+01:00;-4.1;59.36021315
1900-11-20 17:00:00+01:00;-4.6;57.79733959
1900-11-20 18:00:00+01:00;-3.4;53.27698381
1900-11-20 19:00:00+01:00;-2.8;49.88326136
1900-11-20 20:00:00+01:00;-3.9;48.98166637
1900-11-20 21:00:00+01:00;-3.4;47.5113097
1900-11-20 22:00:00+01:00;-3.5;46.35321494
1900-11-20 23:00:00+01:00;-3;42.80884379
1900-11-21 00:00:00+01:00;-3;41.17274438
1900-11-21 01:00:00+01:00;-2.6;41.09213649
1900-11-21 02:00:00+01:00;-2.9;40.85513617
1900-11-21 03:00:00+01:00;-3;42.84763946
1900-11-21 04:00:00+01:00;-3.8;43.92565744
1900-11-21 05:00:00+01:00;-3.4;47.28247514
1900-11-21 06:00:00+01:00;-3.3;56.36295544
1900-11-21 07:00:00+01:00;-5;57.24092792
1900-11-21 08:00:00+01:00;-5.3;66.39067226
1900-11-21 09:00:00+01:00;-4.5;71.25012538
1900-11-21 10:00:00+01:00;-1.7;70.59092736
1900-11-21 11:00:00+01:00;-1.4;69.91990283
1900-11-21 12:00:00+01:00;-1.2;68.96575435
1900-11-21 13:00:00+01:00;-1.5;67.97576222
1900-11-21 14:00:00+01:00;-1.9;67.08429673
1900-11-21 15:00:00+01:00;-1.2;64.04915981
1900-11-21 16:00:00+01:00;-1.7;56.77205431
1900-11-21 17:00:00+01:00;-2.4;55.03130595
1900-11-21 18:00:00+01:00;-2.3;51.5829483
1900-11-21 19:00:00+01:00;-6.8;52.37358154
1900-11-21 20:00:00+01:00;-5.1;49.24957944
1900-11-21 21:00:00+01:00;-6.1;48.84060715
1900-11-21 22:00:00+01:00;-5;46.8364462
1900-11-21 23:00:00+01:00;-2.5;41.96816047
1900-11-22 00:00:00+01:00;-2.1;40.11632732
1900-11-22 01:00:00+01:00;-1.2;39.75411578
1900-11-22 02:00:00+01:00;-1.2;39.26842207
1900-11-22 03:00:00+01:00;-0.8;40.8303837
1900-11-22 04:00:00+01:00;-0.8;41.2197811
1900-11-22 05:00:00+01:00;-0.3;44.49441648
1900-11-22 06:00:00+01:00;-0.5;53.61014911
1900-11-22 07:00:00+01:00;-0.7;53.16912002
1900-11-22 08:00:00+01:00;-0.3;60.93523571
1900-11-22 09:00:00+01:00;-0.3;65.73864323
1900-11-22 10:00:00+01:00;-0.1;67.28726266
1900-11-22 11:00:00+01:00;0;66.96093126
1900-11-22 12:00:00+01:00;0.3;65.8857216
1900-11-22 13:00:00+01:00;0.1;64.8834297
1900-11-22 14:00:00+01:00;0.4;63.33977028
1900-11-22 15:00:00+01:00;0.1;61.47850548
1900-11-22 16:00:00+01:00;-0.3;54.43156303
1900-11-22 17:00:00+01:00;-0.3;51.98466238
1900-11-22 18:00:00+01:00;-1;49.31621635
1900-11-22 19:00:00+01:00;-1.5;46.74761839
1900-11-22 20:00:00+01:00;-2;45.16713894
1900-11-22 21:00:00+01:00;-2.3;44.03167267
1900-11-22 22:00:00+01:00;-2.1;42.62960663
1900-11-22 23:00:00+01:00;-4.8;41.61986017
1900-11-23 00:00:00+01:00;-4.6;40.12253441
1900-11-23 01:00:00+01:00;-7.3;42.00356923
1900-11-23 02:00:00+01:00;-9.5;43.72835626
1900-11-23 03:00:00+01:00;-7.5;44.44019759
1900-11-23 04:00:00+01:00;-11.7;48.47165693
1900-11-23 05:00:00+01:00;-10.7;51.10755033
1900-11-23 06:00:00+01:00;-12;61.25372304
1900-11-23 07:00:00+01:00;-11.2;61.21262369
1900-11-23 08:00:00+01:00;-11.6;71.62936512
1900-11-23 09:00:00+01:00;-8.6;75.60428754
1900-11-23 10:00:00+01:00;-6.1;75.78957459
1900-11-23 11:00:00+01:00;-5.1;74.9518884
1900-11-23 12:00:00+01:00;-4.6;74.22026638
1900-11-23 13:00:00+01:00;-4.1;72.56144691
1900-11-23 14:00:00+01:00;-3.3;70.52862824
1900-11-23 15:00:00+01:00;-3.6;68.66744972
1900-11-23 16:00:00+01:00;-3.5;60.62561929
1900-11-23 17:00:00+01:00;-4;58.88917734
1900-11-23 18:00:00+01:00;-3.5;55.36987546
1900-11-23 19:00:00+01:00;-3.5;52.32502825
1900-11-23 20:00:00+01:00;-3.8;50.91208389
1900-11-23 21:00:00+01:00;-3.1;49.45907265
1900-11-23 22:00:00+01:00;-2.4;47.66466874
1900-11-23 23:00:00+01:00;-1.4;43.5805629
1900-11-24 00:00:00+01:00;-1.2;42.01672727
1900-11-24 01:00:00+01:00;-1.7;41.71310511
1900-11-24 02:00:00+01:00;-1.5;41.56504057
1900-11-24 03:00:00+01:00;-1.4;41.2452803
1900-11-24 04:00:00+01:00;-1.9;41.10199091
1900-11-24 05:00:00+01:00;-2.1;42.21573951
1900-11-24 06:00:00+01:00;-1.5;42.95623154
1900-11-24 07:00:00+01:00;-1.9;45.00208078
1900-11-24 08:00:00+01:00;-1.9;53.46644172
1900-11-24 09:00:00+01:00;-2;50.70451219
1900-11-24 10:00:00+01:00;-2.3;53.89159109
1900-11-24 11:00:00+01:00;-2;52.79491619
1900-11-24 12:00:00+01:00;-1.7;53.17996224
1900-11-24 13:00:00+01:00;-1.5;52.07642966
1900-11-24 14:00:00+01:00;-1;50.04697188
1900-11-24 15:00:00+01:00;-1.5;49.80183333
1900-11-24 16:00:00+01:00;-1;43.72868752
1900-11-24 17:00:00+01:00;-0.7;44.11072935
1900-11-24 18:00:00+01:00;-0.5;43.26284962
1900-11-24 19:00:00+01:00;-0.3;41.89154137
1900-11-24 20:00:00+01:00;0;41.61758276
1900-11-24 21:00:00+01:00;0;39.96020105
1900-11-24 22:00:00+01:00;-0.1;38.75926511
1900-11-24 23:00:00+01:00;-0.3;38.45486935
1900-11-25 00:00:00+01:00;-0.1;37.78313437
1900-11-25 01:00:00+01:00;0;37.19041711
1900-11-25 02:00:00+01:00;0;37.25052084
1900-11-25 03:00:00+01:00;-0.1;37.29293111
1900-11-25 04:00:00+01:00;-0.8;37.64116129
1900-11-25 05:00:00+01:00;-0.6;38.89879965
1900-11-25 06:00:00+01:00;-1;40.47575087
1900-11-25 07:00:00+01:00;-1.2;42.57264681
1900-11-25 08:00:00+01:00;-1;50.30490463
1900-11-25 09:00:00+01:00;-1;47.81487999
1900-11-25 10:00:00+01:00;-1.2;51.0868805
1900-11-25 11:00:00+01:00;-1.2;50.35572933
1900-11-25 12:00:00+01:00;-1;51.04139714
1900-11-25 13:00:00+01:00;-0.7;50.01133905
1900-11-25 14:00:00+01:00;-0.7;48.75230763
1900-11-25 15:00:00+01:00;-0.7;48.06607813
1900-11-25 16:00:00+01:00;-1.2;42.92280587
1900-11-25 17:00:00+01:00;-0.8;43.43927102
1900-11-25 18:00:00+01:00;-0.7;42.69188465
1900-11-25 19:00:00+01:00;-0.6;41.37538232
1900-11-25 20:00:00+01:00;-0.7;41.45351083
1900-11-25 21:00:00+01:00;-0.8;40.04906076
1900-11-25 22:00:00+01:00;-1.5;39.40255871
1900-11-25 23:00:00+01:00;-0.7;38.28091344
1900-11-26 00:00:00+01:00;-2;38.2269324
1900-11-26 01:00:00+01:00;-1.7;38.22409549
1900-11-26 02:00:00+01:00;-0.7;37.31866954
1900-11-26 03:00:00+01:00;-1;39.28893077
1900-11-26 04:00:00+01:00;-1.7;40.42214658
1900-11-26 05:00:00+01:00;-2.5;44.35190784
1900-11-26 06:00:00+01:00;-2.8;53.46606339
1900-11-26 07:00:00+01:00;-2.5;52.95921428
1900-11-26 08:00:00+01:00;-4.3;62.9026244
1900-11-26 09:00:00+01:00;-2.9;67.22191132
1900-11-26 10:00:00+01:00;-2.1;68.47338175
1900-11-26 11:00:00+01:00;-0.5;66.93459581
1900-11-26 12:00:00+01:00;-0.3;66.05385879
1900-11-26 13:00:00+01:00;0;64.59857817
1900-11-26 14:00:00+01:00;-0.3;63.77361881
1900-11-26 15:00:00+01:00;-1.5;62.81565833
1900-11-26 16:00:00+01:00;-2.5;56.05352699
1900-11-26 17:00:00+01:00;-4.3;55.76180369
1900-11-26 18:00:00+01:00;-5.8;53.27014441
1900-11-26 19:00:00+01:00;-6.6;51.43498344
1900-11-26 20:00:00+01:00;-6;49.27229351
1900-11-26 21:00:00+01:00;-8;49.66460189
1900-11-26 22:00:00+01:00;-7.8;48.45205067
1900-11-26 23:00:00+01:00;-10.2;47.20252409
1900-11-27 00:00:00+01:00;-10.2;45.92638259
1900-11-27 01:00:00+01:00;-12.3;47.41283482
1900-11-27 02:00:00+01:00;-12.2;47.7458408
1900-11-27 03:00:00+01:00;-9.7;48.43492604
1900-11-27 04:00:00+01:00;-8.2;48.20175596
1900-11-27 05:00:00+01:00;-9;52.52318118
1900-11-27 06:00:00+01:00;-9.7;62.48566411
1900-11-27 07:00:00+01:00;-13.8;65.63683038
1900-11-27 08:00:00+01:00;-14.7;76.81618261
1900-11-27 09:00:00+01:00;-13.2;82.43260285
1900-11-27 10:00:00+01:00;-7.6;80.0133187
1900-11-27 11:00:00+01:00;-4.8;77.28780593
1900-11-27 12:00:00+01:00;-4;76.07332427
1900-11-27 13:00:00+01:00;-3.4;74.18649083
1900-11-27 14:00:00+01:00;-5.8;75.28839004
1900-11-27 15:00:00+01:00;-7;74.23539632
1900-11-27 16:00:00+01:00;-8.6;66.9522387
1900-11-27 17:00:00+01:00;-10.3;66.85854337
1900-11-27 18:00:00+01:00;-12.7;64.94586981
1900-11-27 19:00:00+01:00;-11.3;60.92035342
1900-11-27 20:00:00+01:00;-11;59.16958969
1900-11-27 21:00:00+01:00;-10.6;57.85219805
1900-11-27 22:00:00+01:00;-9.2;55.37935476
1900-11-27 23:00:00+01:00;-8;50.80614551
1900-11-28 00:00:00+01:00;-7.5;48.55352332
1900-11-28 01:00:00+01:00;-6.3;47.8743037
1900-11-28 02:00:00+01:00;-5.1;46.24967871
1900-11-28 03:00:00+01:00;-6;49.11493965
1900-11-28 04:00:00+01:00;-5.3;48.81082507
1900-11-28 05:00:00+01:00;-4.3;52.31277721
1900-11-28 06:00:00+01:00;-3.8;61.48014242
1900-11-28 07:00:00+01:00;-2.4;60.06665285
1900-11-28 08:00:00+01:00;-2.6;68.41914159
1900-11-28 09:00:00+01:00;-2;72.56332621
1900-11-28 10:00:00+01:00;-0.6;72.80147337
1900-11-28 11:00:00+01:00;-0.1;71.54216583
1900-11-28 12:00:00+01:00;-1.5;71.97590454
1900-11-28 13:00:00+01:00;-1;70.04461089
1900-11-28 14:00:00+01:00;-0.7;68.08327698
1900-11-28 15:00:00+01:00;-3.5;68.51846988
1900-11-28 16:00:00+01:00;-2.6;59.53382269
1900-11-28 17:00:00+01:00;-4.1;58.31102165
1900-11-28 18:00:00+01:00;-4.5;54.94461889
1900-11-28 19:00:00+01:00;-5;52.15543282
1900-11-28 20:00:00+01:00;-4.3;49.59469733
1900-11-28 21:00:00+01:00;-5;48.76155355
1900-11-28 22:00:00+01:00;-5.6;47.76422656
1900-11-28 23:00:00+01:00;-6.8;45.32728239
1900-11-29 00:00:00+01:00;-6.8;43.73542854
1900-11-29 01:00:00+01:00;-7.8;44.42231521
1900-11-29 02:00:00+01:00;-6.5;43.43152666
1900-11-29 03:00:00+01:00;-7.1;45.87112626
1900-11-29 04:00:00+01:00;-6.6;46.15990225
1900-11-29 05:00:00+01:00;-7.6;50.40352749
1900-11-29 06:00:00+01:00;-7.3;59.47964441
1900-11-29 07:00:00+01:00;-6.5;59.06534328
1900-11-29 08:00:00+01:00;-6;67.93725065
1900-11-29 09:00:00+01:00;-5.3;73.05446038
1900-11-29 10:00:00+01:00;-4.1;74.1307652
1900-11-29 11:00:00+01:00;-2.4;72.39962916
1900-11-29 12:00:00+01:00;-2;71.37040366
1900-11-29 13:00:00+01:00;-2.8;70.95373586
1900-11-29 14:00:00+01:00;-3;69.89067998
1900-11-29 15:00:00+01:00;-5;69.60161532
1900-11-29 16:00:00+01:00;-5.1;61.44922514
1900-11-29 17:00:00+01:00;-5.5;59.81024067
1900-11-29 18:00:00+01:00;-7.1;57.54708022
1900-11-29 19:00:00+01:00;-8.2;55.56706185
1900-11-29 20:00:00+01:00;-8;53.75966749
1900-11-29 21:00:00+01:00;-8.2;52.81778916
1900-11-29 22:00:00+01:00;-6.3;50.10953779
1900-11-29 23:00:00+01:00;-6.1;46.58294246
1900-11-30 00:00:00+01:00;-7;45.53480536
1900-11-30 01:00:00+01:00;-6.3;45.16362223
1900-11-30 02:00:00+01:00;-8.1;46.04954423
1900-11-30 03:00:00+01:00;-10;49.59994862
1900-11-30 04:00:00+01:00;-9.1;49.59653972
1900-11-30 05:00:00+01:00;-7.3;52.10595944
1900-11-30 06:00:00+01:00;-7.6;61.66718873
1900-11-30 07:00:00+01:00;-7.1;61.38243337
1900-11-30 08:00:00+01:00;-6.8;70.44193903
1900-11-30 09:00:00+01:00;-5.5;74.96906995
1900-11-30 10:00:00+01:00;-3.5;75.13174357
1900-11-30 11:00:00+01:00;-2.5;73.79224533
1900-11-30 12:00:00+01:00;-2;72.59665173
1900-11-30 13:00:00+01:00;-1.4;70.5957358
1900-11-30 14:00:00+01:00;-1.4;69.06740242
1900-11-30 15:00:00+01:00;-1;66.35813428
1900-11-30 16:00:00+01:00;-1;58.59353759
1900-11-30 17:00:00+01:00;-1.7;56.4593391
1900-11-30 18:00:00+01:00;-2;53.59777857
1900-11-30 19:00:00+01:00;-2.4;50.61765683
1900-11-30 20:00:00+01:00;-2;48.36624545
1900-11-30 21:00:00+01:00;-2.3;47.3828069
1900-11-30 22:00:00+01:00;-3.7;47.01803116
1900-11-30 23:00:00+01:00;-6.8;45.93816678
1900-12-01 00:00:00+01:00;-7.5;45.34206124
1900-12-01 01:00:00+01:00;-7.7;44.77643464
1900-12-01 02:00:00+01:00;-9.8;46.04823608
1900-12-01 03:00:00+01:00;-11.3;47.08077814
1900-12-01 04:00:00+01:00;-10.2;46.25687508
1900-12-01 05:00:00+01:00;-12.2;50.46238825
1900-12-01 06:00:00+01:00;-9.1;48.97715475
1900-12-01 07:00:00+01:00;-10.6;52.65519278
1900-12-01 08:00:00+01:00;-12.8;61.46080883
1900-12-01 09:00:00+01:00;-11;59.09619158
1900-12-01 10:00:00+01:00;-9;61.9874519
1900-12-01 11:00:00+01:00;-7.5;60.55190879
1900-12-01 12:00:00+01:00;-7.6;61.9318959
1900-12-01 13:00:00+01:00;-6.6;60.08286142
1900-12-01 14:00:00+01:00;-6.1;58.08505729
1900-12-01 15:00:00+01:00;-6.3;57.53589419
1900-12-01 16:00:00+01:00;-6.3;51.07164582
1900-12-01 17:00:00+01:00;-6;52.10714633
1900-12-01 18:00:00+01:00;-5.6;51.23973848
1900-12-01 19:00:00+01:00;-5.5;50.42256774
1900-12-01 20:00:00+01:00;-5.3;50.59559156
1900-12-01 21:00:00+01:00;-5.3;49.06955891
1900-12-01 22:00:00+01:00;-4.8;47.38638782
1900-12-01 23:00:00+01:00;-4.5;46.62284672
1900-12-02 00:00:00+01:00;-4.1;45.29789961
1900-12-02 01:00:00+01:00;-4.1;44.63296984
1900-12-02 02:00:00+01:00;-4.1;44.66019432
1900-12-02 03:00:00+01:00;-3.8;44.15800896
1900-12-02 04:00:00+01:00;-3.6;43.62814723
1900-12-02 05:00:00+01:00;-3.6;44.62158901
1900-12-02 06:00:00+01:00;-3.4;45.80642528
1900-12-02 07:00:00+01:00;-2.5;47.0390727
1900-12-02 08:00:00+01:00;-2.5;56.35477161
1900-12-02 09:00:00+01:00;-2;53.02707044
1900-12-02 10:00:00+01:00;-1.2;55.05591136
1900-12-02 11:00:00+01:00;-0.7;53.46051789
1900-12-02 12:00:00+01:00;-1;53.87033418
1900-12-02 13:00:00+01:00;-0.8;52.56188828
1900-12-02 14:00:00+01:00;-0.7;50.55865075
1900-12-02 15:00:00+01:00;-0.5;49.45271382
1900-12-02 16:00:00+01:00;-0.3;43.90339773
1900-12-02 17:00:00+01:00;-0.3;44.30749691
1900-12-02 18:00:00+01:00;-0.3;43.64241086
1900-12-02 19:00:00+01:00;-2;43.90792948
1900-12-02 20:00:00+01:00;-2.1;43.91797389
1900-12-02 21:00:00+01:00;-2.3;42.45051595
1900-12-02 22:00:00+01:00;-3.4;41.98074074
1900-12-02 23:00:00+01:00;-1.9;40.17378006
1900-12-03 00:00:00+01:00;-3;39.87032929
1900-12-03 01:00:00+01:00;-3.1;40.03458867
1900-12-03 02:00:00+01:00;-3.4;39.94655386
1900-12-03 03:00:00+01:00;-5;42.90289653
1900-12-03 04:00:00+01:00;-4.6;43.30795462
1900-12-03 05:00:00+01:00;-4.5;46.60288645
1900-12-03 06:00:00+01:00;-4.8;55.78011066
1900-12-03 07:00:00+01:00;-5.1;55.81851949
1900-12-03 08:00:00+01:00;-5.6;65.14077681
1900-12-03 09:00:00+01:00;-4.6;69.94872197
1900-12-03 10:00:00+01:00;-4;71.52013747
1900-12-03 11:00:00+01:00;-2.3;69.97203326
1900-12-03 12:00:00+01:00;-2.4;69.572649
1900-12-03 13:00:00+01:00;-1.4;67.38899702
1900-12-03 14:00:00+01:00;-1.4;66.21191143
1900-12-03 15:00:00+01:00;-3.4;66.05138168
1900-12-03 16:00:00+01:00;-3.5;58.27015691
1900-12-03 17:00:00+01:00;-4.6;57.34938607
1900-12-03 18:00:00+01:00;-4;53.37710417
1900-12-03 19:00:00+01:00;-5;51.39711908
1900-12-03 20:00:00+01:00;-4.5;49.28054359
1900-12-03 21:00:00+01:00;-3.6;47.51115954
1900-12-03 22:00:00+01:00;-4.3;46.78317999
1900-12-03 23:00:00+01:00;-3.5;43.12396176
1900-12-04 00:00:00+01:00;-3.4;41.49289369
1900-12-04 01:00:00+01:00;-3.3;41.64561526
1900-12-04 02:00:00+01:00;-2.5;40.70076124
1900-12-04 03:00:00+01:00;-2;42.23201904
1900-12-04 04:00:00+01:00;-1.7;42.4034431
1900-12-04 05:00:00+01:00;-0.3;45.1184498
1900-12-04 06:00:00+01:00;0.4;53.66827508
1900-12-04 07:00:00+01:00;4.4;50.33975509
1900-12-04 08:00:00+01:00;7.4;55.22521512
1900-12-04 09:00:00+01:00;5.5;60.5895245
1900-12-04 10:00:00+01:00;11.2;56.41660959
1900-12-04 11:00:00+01:00;8.9;57.37234167
1900-12-04 12:00:00+01:00;9.6;54.79311279
1900-12-04 13:00:00+01:00;7.8;55.25231018
1900-12-04 14:00:00+01:00;7.7;53.86445112
1900-12-04 15:00:00+01:00;4.7;54.7642191
1900-12-04 16:00:00+01:00;1.3;50.8404712
1900-12-04 17:00:00+01:00;2;47.62241151
1900-12-04 18:00:00+01:00;2;44.29737021
1900-12-04 19:00:00+01:00;1.4;41.94866729
1900-12-04 20:00:00+01:00;1.2;39.97206341
1900-12-04 21:00:00+01:00;0.6;38.9938354
1900-12-04 22:00:00+01:00;0.4;37.94755246
1900-12-04 23:00:00+01:00;-1.5;36.5327557
1900-12-05 00:00:00+01:00;-2;35.53828342
1900-12-05 01:00:00+01:00;-0.8;34.64217273
1900-12-05 02:00:00+01:00;-1.2;34.81790293
1900-12-05 03:00:00+01:00;-3.5;37.86177277
1900-12-05 04:00:00+01:00;-2.9;38.38314307
1900-12-05 05:00:00+01:00;-2.9;41.15052744
1900-12-05 06:00:00+01:00;-3;49.73482128
1900-12-05 07:00:00+01:00;-4.3;50.40429201
1900-12-05 08:00:00+01:00;-5.1;60.07036866
1900-12-05 09:00:00+01:00;-4.1;65.20122538
1900-12-05 10:00:00+01:00;-3.3;67.1901072
1900-12-05 11:00:00+01:00;-2.8;67.49257564
1900-12-05 12:00:00+01:00;-2.3;67.08649208
1900-12-05 13:00:00+01:00;0.1;63.886138
1900-12-05 14:00:00+01:00;1.6;61.50928615
1900-12-05 15:00:00+01:00;1.8;59.3884643
1900-12-05 16:00:00+01:00;-0.3;54.10340264
1900-12-05 17:00:00+01:00;-0.3;51.83425463
1900-12-05 18:00:00+01:00;1.8;47.0952454
1900-12-05 19:00:00+01:00;4.5;42.0225897
1900-12-05 20:00:00+01:00;4.3;40.28396101
1900-12-05 21:00:00+01:00;2.8;40.37626097
1900-12-05 22:00:00+01:00;2.6;39.37461047
1900-12-05 23:00:00+01:00;3.6;35.71977165
1900-12-06 00:00:00+01:00;4.3;33.59803313
1900-12-06 01:00:00+01:00;3.5;34.40420078
1900-12-06 02:00:00+01:00;2.4;34.57122943
1900-12-06 03:00:00+01:00;2.8;35.73298999
1900-12-06 04:00:00+01:00;3.2;35.83744052
1900-12-06 05:00:00+01:00;3;39.18999798
1900-12-06 06:00:00+01:00;2.2;48.21149761
1900-12-06 07:00:00+01:00;2.1;47.35748919
1900-12-06 08:00:00+01:00;2.3;54.63248819
1900-12-06 09:00:00+01:00;1.5;59.81533326
1900-12-06 10:00:00+01:00;2.7;60.25056728
1900-12-06 11:00:00+01:00;3.4;59.39924472
1900-12-06 12:00:00+01:00;4;57.72254198
1900-12-06 13:00:00+01:00;3;57.69015687
1900-12-06 14:00:00+01:00;2.4;57.41860006
1900-12-06 15:00:00+01:00;1.4;56.37968767
1900-12-06 16:00:00+01:00;-0.1;50.58120292
1900-12-06 17:00:00+01:00;-2.1;50.45845668
1900-12-06 18:00:00+01:00;-3;47.37574278
1900-12-06 19:00:00+01:00;-3.1;45.33346497
1900-12-06 20:00:00+01:00;-3.1;43.60598736
1900-12-06 21:00:00+01:00;-2.8;42.16744282
1900-12-06 22:00:00+01:00;-2.4;40.97307835
1900-12-06 23:00:00+01:00;-2;38.10718283
1900-12-07 00:00:00+01:00;-2.4;37.23821901
1900-12-07 01:00:00+01:00;-2;37.19365556
1900-12-07 02:00:00+01:00;-1.7;36.97973568
1900-12-07 03:00:00+01:00;-0.8;38.13192097
1900-12-07 04:00:00+01:00;-0.5;38.72267089
1900-12-07 05:00:00+01:00;-1;42.45173804
1900-12-07 06:00:00+01:00;-1;51.35756199
1900-12-07 07:00:00+01:00;-1;51.02735792
1900-12-07 08:00:00+01:00;-0.7;59.17542239
1900-12-07 09:00:00+01:00;-0.6;64.25412904
1900-12-07 10:00:00+01:00;-1;66.6178265
1900-12-07 11:00:00+01:00;-0.3;66.13123955
1900-12-07 12:00:00+01:00;-0.1;65.46221046
1900-12-07 13:00:00+01:00;0.1;64.27127097
1900-12-07 14:00:00+01:00;0;63.36247387
1900-12-07 15:00:00+01:00;-0.3;61.58679689
1900-12-07 16:00:00+01:00;-0.5;54.38410692
1900-12-07 17:00:00+01:00;-0.6;52.09759485
1900-12-07 18:00:00+01:00;-2.3;50.12715338
1900-12-07 19:00:00+01:00;-3;47.9484285
1900-12-07 20:00:00+01:00;-2.5;45.66919988
1900-12-07 21:00:00+01:00;-2.5;44.43472368
1900-12-07 22:00:00+01:00;-3.4;43.93914275
1900-12-07 23:00:00+01:00;-5;42.14451795
1900-12-08 00:00:00+01:00;-5.6;41.81935207
1900-12-08 01:00:00+01:00;-3.9;40.07011376
1900-12-08 02:00:00+01:00;-4.6;40.55760756
1900-12-08 03:00:00+01:00;-4.3;40.54586084
1900-12-08 04:00:00+01:00;-3;39.73304164
1900-12-08 05:00:00+01:00;-3;41.47417657
1900-12-08 06:00:00+01:00;-3.3;42.94261277
1900-12-08 07:00:00+01:00;-3.4;45.19435504
1900-12-08 08:00:00+01:00;-3.5;53.32178026
1900-12-08 09:00:00+01:00;-4.1;51.54288512
1900-12-08 10:00:00+01:00;-4;55.04428946
1900-12-08 11:00:00+01:00;-3.5;54.16456971
1900-12-08 12:00:00+01:00;-3;54.74874376
1900-12-08 13:00:00+01:00;-2.4;53.40298964
1900-12-08 14:00:00+01:00;-1.7;51.25571448
1900-12-08 15:00:00+01:00;-2;50.8628107
1900-12-08 16:00:00+01:00;-1.5;44.81977597
1900-12-08 17:00:00+01:00;-1.5;45.57623759
1900-12-08 18:00:00+01:00;-1.2;44.70973931
1900-12-08 19:00:00+01:00;-1.4;43.80757666
1900-12-08 20:00:00+01:00;-1.5;43.9680026
1900-12-08 21:00:00+01:00;-1.2;42.12393955
1900-12-08 22:00:00+01:00;-1.4;40.97755658
1900-12-08 23:00:00+01:00;-1;40.15591889
1900-12-09 00:00:00+01:00;-0.8;39.24834106
1900-12-09 01:00:00+01:00;-0.7;38.59831088
1900-12-09 02:00:00+01:00;-1;38.79834914
1900-12-09 03:00:00+01:00;-1;38.69893322
1900-12-09 04:00:00+01:00;-0.6;38.29784957
1900-12-09 05:00:00+01:00;-0.7;39.60996176
1900-12-09 06:00:00+01:00;-1.5;41.49930953
1900-12-09 07:00:00+01:00;-1.7;43.60246501
1900-12-09 08:00:00+01:00;-3;52.38703867
1900-12-09 09:00:00+01:00;-3.8;50.54483923
1900-12-09 10:00:00+01:00;0.2;50.91247146
1900-12-09 11:00:00+01:00;0.6;49.57888715
1900-12-09 12:00:00+01:00;1.5;49.12596585
1900-12-09 13:00:00+01:00;1.4;48.34277339
1900-12-09 14:00:00+01:00;0.1;48.12657714
1900-12-09 15:00:00+01:00;-0.3;47.83118758
1900-12-09 16:00:00+01:00;0;42.17686747
1900-12-09 17:00:00+01:00;0.7;42.14687834
1900-12-09 18:00:00+01:00;0.6;41.60771763
1900-12-09 19:00:00+01:00;0.7;40.30018584
1900-12-09 20:00:00+01:00;-0.3;41.06957722
1900-12-09 21:00:00+01:00;-1.9;40.82649525
1900-12-09 22:00:00+01:00;-2;39.67395042
1900-12-09 23:00:00+01:00;1.6;36.6649018
1900-12-10 00:00:00+01:00;1.9;35.22233939
1900-12-10 01:00:00+01:00;1.7;35.58454459
1900-12-10 02:00:00+01:00;0.3;36.10656899
1900-12-10 03:00:00+01:00;1.7;36.74161787
1900-12-10 04:00:00+01:00;0.8;37.92094091
1900-12-10 05:00:00+01:00;0;41.76974411
1900-12-10 06:00:00+01:00;-2.3;51.97803317
1900-12-10 07:00:00+01:00;1.3;49.11872279
1900-12-10 08:00:00+01:00;0.6;57.40370024
1900-12-10 09:00:00+01:00;0.1;62.57288911
1900-12-10 10:00:00+01:00;0.8;63.74589645
1900-12-10 11:00:00+01:00;0.7;63.854105
1900-12-10 12:00:00+01:00;-1.7;65.75553345
1900-12-10 13:00:00+01:00;-2.6;65.75049832
1900-12-10 14:00:00+01:00;-2.9;65.22624079
1900-12-10 15:00:00+01:00;-3.3;63.41549918
1900-12-10 16:00:00+01:00;-2.4;54.91046254
1900-12-10 17:00:00+01:00;-0.6;51.3259377
1900-12-10 18:00:00+01:00;-3.1;50.00418592
1900-12-10 19:00:00+01:00;0.5;44.56731805
1900-12-10 20:00:00+01:00;1.5;41.87615327
1900-12-10 21:00:00+01:00;0.1;41.72838113
1900-12-10 22:00:00+01:00;0.4;40.33556072
1900-12-10 23:00:00+01:00;0.4;37.56179328
1900-12-11 00:00:00+01:00;0.1;36.4034954
1900-12-11 01:00:00+01:00;-0.1;36.80627284
1900-12-11 02:00:00+01:00;0.2;36.30976229
1900-12-11 03:00:00+01:00;-0.3;38.40685271
1900-12-11 04:00:00+01:00;-1.2;39.72702382
1900-12-11 05:00:00+01:00;-1.2;43.08814843
1900-12-11 06:00:00+01:00;-2;52.38529134
1900-12-11 07:00:00+01:00;-2;52.11127998
1900-12-11 08:00:00+01:00;-3;61.39112123
1900-12-11 09:00:00+01:00;-2.8;66.64512324
1900-12-11 10:00:00+01:00;-5.6;71.331682
1900-12-11 11:00:00+01:00;-5.3;71.50962568
1900-12-11 12:00:00+01:00;-3.6;69.59601871
1900-12-11 13:00:00+01:00;-5.6;70.55487736
1900-12-11 14:00:00+01:00;-6.3;70.36799544
1900-12-11 15:00:00+01:00;-7;68.6876904
1900-12-11 16:00:00+01:00;-7.3;60.49695313
1900-12-11 17:00:00+01:00;-8;59.90993312
1900-12-11 18:00:00+01:00;-10;57.34646999
1900-12-11 19:00:00+01:00;-10;55.07790449
1900-12-11 20:00:00+01:00;-11.1;54.48340082
1900-12-11 21:00:00+01:00;-8.7;51.60781026
1900-12-11 22:00:00+01:00;-7.8;49.91733549
1900-12-11 23:00:00+01:00;-6.8;46.17364735
1900-12-12 00:00:00+01:00;-6.3;44.42408027
1900-12-12 01:00:00+01:00;-6.1;44.61824523
1900-12-12 02:00:00+01:00;-5.8;44.25975613
1900-12-12 03:00:00+01:00;-5;46.01435356
1900-12-12 04:00:00+01:00;-5;46.56706098
1900-12-12 05:00:00+01:00;-1.2;48.08433975
1900-12-12 06:00:00+01:00;-1.7;57.87961076
1900-12-12 07:00:00+01:00;-1.4;57.49724222
1900-12-12 08:00:00+01:00;-1.2;65.84642279
1900-12-12 09:00:00+01:00;-0.7;70.39231527
1900-12-12 10:00:00+01:00;-1.7;72.85308808
1900-12-12 11:00:00+01:00;-1.5;72.05241941
1900-12-12 12:00:00+01:00;-2;71.75519185
1900-12-12 13:00:00+01:00;-2.1;70.40581898
1900-12-12 14:00:00+01:00;-2.9;69.71769016
1900-12-12 15:00:00+01:00;-3;67.39472124
1900-12-12 16:00:00+01:00;-4.1;60.18790659
1900-12-12 17:00:00+01:00;-5.3;59.06356703
1900-12-12 18:00:00+01:00;-5.5;55.42829128
1900-12-12 19:00:00+01:00;-7.6;54.08086694
1900-12-12 20:00:00+01:00;-6.5;51.24977386
1900-12-12 21:00:00+01:00;-7.3;50.53999791
1900-12-12 22:00:00+01:00;-8.3;49.92954653
1900-12-12 23:00:00+01:00;-8.5;46.8245962
1900-12-13 00:00:00+01:00;-9.7;46.16370236
1900-12-13 01:00:00+01:00;-9.1;45.77388986
1900-12-13 02:00:00+01:00;-9.7;46.15425298
1900-12-13 03:00:00+01:00;-7.6;46.89817653
1900-12-13 04:00:00+01:00;-9.6;49.01193981
1900-12-13 05:00:00+01:00;-10.8;53.57258715
1900-12-13 06:00:00+01:00;-15.6;66.26432523
1900-12-13 07:00:00+01:00;-10.3;63.54113806
1900-12-13 08:00:00+01:00;-13;75.73884887
1900-12-13 09:00:00+01:00;-11.5;81.21322379
1900-12-13 10:00:00+01:00;-9;81.53961441
1900-12-13 11:00:00+01:00;-9.2;81.81519912
1900-12-13 12:00:00+01:00;-7.3;79.88610445
1900-12-13 13:00:00+01:00;-7;78.30743056
1900-12-13 14:00:00+01:00;-8.2;78.20574085
1900-12-13 15:00:00+01:00;-7.3;74.94490476
1900-12-13 16:00:00+01:00;-8.2;66.9742264
1900-12-13 17:00:00+01:00;-8.1;65.02765357
1900-12-13 18:00:00+01:00;-8.6;61.94790523
1900-12-13 19:00:00+01:00;-8.3;58.51193219
1900-12-13 20:00:00+01:00;-6.6;55.54378199
1900-12-13 21:00:00+01:00;-5.5;53.74793976
1900-12-13 22:00:00+01:00;-5.1;51.91534368
1900-12-13 23:00:00+01:00;-5.1;48.26314635
1900-12-14 00:00:00+01:00;-4.6;45.96083572
1900-12-14 01:00:00+01:00;-2.6;44.88571106
1900-12-14 02:00:00+01:00;0;42.11944632
1900-12-14 03:00:00+01:00;2.7;42.22641321
1900-12-14 04:00:00+01:00;2.9;41.80344366
1900-12-14 05:00:00+01:00;3.1;45.76755724
1900-12-14 06:00:00+01:00;4;54.02561483
1900-12-14 07:00:00+01:00;6;51.6661468
1900-12-14 08:00:00+01:00;5.3;58.98118768
1900-12-14 09:00:00+01:00;4.6;63.23408222
1900-12-14 10:00:00+01:00;3.9;64.81855707
1900-12-14 11:00:00+01:00;3.4;64.25263903
1900-12-14 12:00:00+01:00;2.9;63.3318498
1900-12-14 13:00:00+01:00;4.1;60.56406578
1900-12-14 14:00:00+01:00;3;60.06528556
1900-12-14 15:00:00+01:00;2.1;58.62644208
1900-12-14 16:00:00+01:00;1.8;51.57532378
1900-12-14 17:00:00+01:00;2.2;48.32749965
1900-12-14 18:00:00+01:00;1.3;45.70214093
1900-12-14 19:00:00+01:00;-0.5;44.17994662
1900-12-14 20:00:00+01:00;-2;43.25193105
1900-12-14 21:00:00+01:00;-3.3;42.76045782
1900-12-14 22:00:00+01:00;-3.5;41.72852505
1900-12-14 23:00:00+01:00;-3.8;39.07506476
1900-12-15 00:00:00+01:00;-5.8;39.89158952
1900-12-15 01:00:00+01:00;-6.6;39.78823562
1900-12-15 02:00:00+01:00;-6.1;39.4185547
1900-12-15 03:00:00+01:00;-6.1;39.843468
1900-12-15 04:00:00+01:00;-6.1;40.08341422
1900-12-15 05:00:00+01:00;-6.1;42.76587227
1900-12-15 06:00:00+01:00;-5.8;43.61693937
1900-12-15 07:00:00+01:00;-8.2;48.06325662
1900-12-15 08:00:00+01:00;-6.8;54.19892883
1900-12-15 09:00:00+01:00;-6;52.30336473
1900-12-15 10:00:00+01:00;-5.3;55.91664275
1900-12-15 11:00:00+01:00;-4.6;55.16476458
1900-12-15 12:00:00+01:00;-3.5;55.44068981
1900-12-15 13:00:00+01:00;-2.5;53.82920995
1900-12-15 14:00:00+01:00;-4.3;54.3919036
1900-12-15 15:00:00+01:00;-4.8;54.29638222
1900-12-15 16:00:00+01:00;-4.5;47.81682947
1900-12-15 17:00:00+01:00;-5.6;50.15611028
1900-12-15 18:00:00+01:00;-6.5;50.41630848
1900-12-15 19:00:00+01:00;-7.1;49.96310268
1900-12-15 20:00:00+01:00;-8.5;51.16334396
1900-12-15 21:00:00+01:00;-8.8;50.12627276
1900-12-15 22:00:00+01:00;-9.3;49.27124576
1900-12-15 23:00:00+01:00;-10.7;48.98149237
1900-12-16 00:00:00+01:00;-12.1;49.95310449
1900-12-16 01:00:00+01:00;-11.6;48.87710996
1900-12-16 02:00:00+01:00;-11.2;48.66377494
1900-12-16 03:00:00+01:00;-13.7;50.48152948
1900-12-16 04:00:00+01:00;-11.7;49.17242276
1900-12-16 05:00:00+01:00;-9.5;49.98211672
1900-12-16 06:00:00+01:00;-8.2;50.218422
1900-12-16 07:00:00+01:00;-7;51.71018486
1900-12-16 08:00:00+01:00;-6.3;60.84868945
1900-12-16 09:00:00+01:00;-6.3;58.47479527
1900-12-16 10:00:00+01:00;-6.1;61.66599208
1900-12-16 11:00:00+01:00;-6;60.90229536
1900-12-16 12:00:00+01:00;-5.8;61.46146181
1900-12-16 13:00:00+01:00;-5.1;59.71848446
1900-12-16 14:00:00+01:00;-5.1;57.76814555
1900-12-16 15:00:00+01:00;-4;55.68194865
1900-12-16 16:00:00+01:00;-3.5;49.4113829
1900-12-16 17:00:00+01:00;-2.6;49.20842855
1900-12-16 18:00:00+01:00;-2;48.15505857
1900-12-16 19:00:00+01:00;1;44.85430168
1900-12-16 20:00:00+01:00;1;45.11894654
1900-12-16 21:00:00+01:00;1;43.03291479
1900-12-16 22:00:00+01:00;1.1;41.43935444
1900-12-16 23:00:00+01:00;1.1;41.2529558
1900-12-17 00:00:00+01:00;0.7;39.60323883
1900-12-17 01:00:00+01:00;1;39.48326639
1900-12-17 02:00:00+01:00;0.3;38.96173845
1900-12-17 03:00:00+01:00;-0.7;41.15836628
1900-12-17 04:00:00+01:00;-1.4;41.77070045
1900-12-17 05:00:00+01:00;-1.5;45.21626064
1900-12-17 06:00:00+01:00;-1.5;54.0003239
1900-12-17 07:00:00+01:00;-1.2;53.19022578
1900-12-17 08:00:00+01:00;-1.5;61.52790721
1900-12-17 09:00:00+01:00;-1.5;66.42060166
1900-12-17 10:00:00+01:00;-1;67.58732395
1900-12-17 11:00:00+01:00;-1;67.28701891
1900-12-17 12:00:00+01:00;-1;66.47976418
1900-12-17 13:00:00+01:00;-1;65.19193539
1900-12-17 14:00:00+01:00;-1;63.97694594
1900-12-17 15:00:00+01:00;-1.4;62.07402296
1900-12-17 16:00:00+01:00;-1.9;54.85043773
1900-12-17 17:00:00+01:00;-1.4;52.27885787
1900-12-17 18:00:00+01:00;-1.7;49.05021726
1900-12-17 19:00:00+01:00;-2;46.70695563
1900-12-17 20:00:00+01:00;-2.5;45.33581184
1900-12-17 21:00:00+01:00;-3;44.6017148
1900-12-17 22:00:00+01:00;-2.8;43.43581517
1900-12-17 23:00:00+01:00;-2.5;40.39487721
1900-12-18 00:00:00+01:00;-2;38.67826436
1900-12-18 01:00:00+01:00;-2.5;39.26753112
1900-12-18 02:00:00+01:00;-2.8;39.30349254
1900-12-18 03:00:00+01:00;-2.8;41.18313666
1900-12-18 04:00:00+01:00;-3.4;42.28082055
1900-12-18 05:00:00+01:00;-3.5;45.79137618
1900-12-18 06:00:00+01:00;-3.5;54.81634087
1900-12-18 07:00:00+01:00;-3;54.269612
1900-12-18 08:00:00+01:00;-3.6;63.36906081
1900-12-18 09:00:00+01:00;-3.3;68.53386605
1900-12-18 10:00:00+01:00;-3.5;70.74729987
1900-12-18 11:00:00+01:00;-4.3;71.61074243
1900-12-18 12:00:00+01:00;-4;71.04147876
1900-12-18 13:00:00+01:00;-4.8;70.78234981
1900-12-18 14:00:00+01:00;-5;70.00419795
1900-12-18 15:00:00+01:00;-5.3;68.03052525
1900-12-18 16:00:00+01:00;-4;58.76408269
1900-12-18 17:00:00+01:00;-3.6;56.45087702
1900-12-18 18:00:00+01:00;-5.3;54.37661568
1900-12-18 19:00:00+01:00;-6;52.23393126
1900-12-18 20:00:00+01:00;-7.1;51.41742387
1900-12-18 21:00:00+01:00;-7.8;50.82110257
1900-12-18 22:00:00+01:00;-9.2;50.70299236
1900-12-18 23:00:00+01:00;-7.8;46.60253035
1900-12-19 00:00:00+01:00;-9.8;46.6120588
1900-12-19 01:00:00+01:00;-13.7;49.33023782
1900-12-19 02:00:00+01:00;-14.3;50.11367434
1900-12-19 03:00:00+01:00;-12.3;51.27872195
1900-12-19 04:00:00+01:00;-14;53.41471139
1900-12-19 05:00:00+01:00;-17.5;59.56230909
1900-12-19 06:00:00+01:00;-15.1;67.8615241
1900-12-19 07:00:00+01:00;-13.3;67.48893504
1900-12-19 08:00:00+01:00;-15.7;79.92126668
1900-12-19 09:00:00+01:00;-15.3;86.62747765
1900-12-19 10:00:00+01:00;-12.6;86.98924892
1900-12-19 11:00:00+01:00;-12;86.51318744
1900-12-19 12:00:00+01:00;-10.2;84.86237306
1900-12-19 13:00:00+01:00;-8.8;82.03005328
1900-12-19 14:00:00+01:00;-8.7;80.41663754
1900-12-19 15:00:00+01:00;-8;77.27435131
1900-12-19 16:00:00+01:00;-8.7;68.99592112
1900-12-19 17:00:00+01:00;-9;67.40349509
1900-12-19 18:00:00+01:00;-7.8;63.10803228
1900-12-19 19:00:00+01:00;-8.1;59.99109671
1900-12-19 20:00:00+01:00;-6.8;57.38955715
1900-12-19 21:00:00+01:00;-5.8;55.77132793
1900-12-19 22:00:00+01:00;-5.5;53.93148236
1900-12-19 23:00:00+01:00;-5.3;50.03346225
1900-12-20 00:00:00+01:00;-4.3;47.28829636
1900-12-20 01:00:00+01:00;-3.8;47.15440015
1900-12-20 02:00:00+01:00;-2.9;45.40694735
1900-12-20 03:00:00+01:00;-1.9;46.81244289
1900-12-20 04:00:00+01:00;-0.7;45.6773645
1900-12-20 05:00:00+01:00;-1.4;50.14935472
1900-12-20 06:00:00+01:00;-1.7;59.4980185
1900-12-20 07:00:00+01:00;-1.5;58.73283063
1900-12-20 08:00:00+01:00;-0.5;65.90043666
1900-12-20 09:00:00+01:00;-0.6;70.26434178
1900-12-20 10:00:00+01:00;-0.6;71.45092965
1900-12-20 11:00:00+01:00;-0.6;70.48085066
1900-12-20 12:00:00+01:00;0;68.6633075
1900-12-20 13:00:00+01:00;0.5;66.54175187
1900-12-20 14:00:00+01:00;0;65.39998567
1900-12-20 15:00:00+01:00;1.7;61.28540287
1900-12-20 16:00:00+01:00;1.9;53.68469345
1900-12-20 17:00:00+01:00;-0.3;52.6451486
1900-12-20 18:00:00+01:00;-3;51.44895134
1900-12-20 19:00:00+01:00;-2;47.67950149
1900-12-20 20:00:00+01:00;1.6;42.77093984
1900-12-20 21:00:00+01:00;-3;44.97828948
1900-12-20 22:00:00+01:00;-3.5;44.07593349
1900-12-20 23:00:00+01:00;-3.5;41.02511317
1900-12-21 00:00:00+01:00;-3.3;39.39717558
1900-12-21 01:00:00+01:00;-2.9;39.18917441
1900-12-21 02:00:00+01:00;-3.8;39.6039647
1900-12-21 03:00:00+01:00;-3.5;41.22872627
1900-12-21 04:00:00+01:00;-1;40.14535172
1900-12-21 05:00:00+01:00;-2;44.24443278
1900-12-21 06:00:00+01:00;-2.4;53.41164553
1900-12-21 07:00:00+01:00;0.2;51.31210686
1900-12-21 08:00:00+01:00;-2.5;61.55946137
1900-12-21 09:00:00+01:00;-2.5;66.88076205
1900-12-21 10:00:00+01:00;-1.5;67.94052833
1900-12-21 11:00:00+01:00;-0.3;66.76103572
1900-12-21 12:00:00+01:00;-1.2;67.05872719
1900-12-21 13:00:00+01:00;-0.3;65.04942164
1900-12-21 14:00:00+01:00;-1.4;65.10392144
1900-12-21 15:00:00+01:00;-1.5;63.1119861
1900-12-21 16:00:00+01:00;-1;55.22442422
1900-12-21 17:00:00+01:00;-0.6;52.55862731
1900-12-21 18:00:00+01:00;0.6;48.37036061
1900-12-21 19:00:00+01:00;2.8;43.63151835
1900-12-21 20:00:00+01:00;6.4;38.89740937
1900-12-21 21:00:00+01:00;6;38.05455114
1900-12-21 22:00:00+01:00;3.8;38.33104638
1900-12-21 23:00:00+01:00;4.2;35.03994192
1900-12-22 00:00:00+01:00;2;35.5236726
1900-12-22 01:00:00+01:00;3;34.28785605
1900-12-22 02:00:00+01:00;3.8;33.73133417
1900-12-22 03:00:00+01:00;0.3;35.79868487
1900-12-22 04:00:00+01:00;2.2;34.51375896
1900-12-22 05:00:00+01:00;1.8;35.90133568
1900-12-22 06:00:00+01:00;5.6;34.41979697
1900-12-22 07:00:00+01:00;4.9;36.38736759
1900-12-22 08:00:00+01:00;4.9;44.41842217
1900-12-22 09:00:00+01:00;5.2;41.01465089
1900-12-22 10:00:00+01:00;8.2;40.97609882
1900-12-22 11:00:00+01:00;7.3;40.19948358
1900-12-22 12:00:00+01:00;6.2;41.13408943
1900-12-22 13:00:00+01:00;8.4;38.27970949
1900-12-22 14:00:00+01:00;8.6;36.2793637
1900-12-22 15:00:00+01:00;8;36.20416813
1900-12-22 16:00:00+01:00;7.6;32.84440272
1900-12-22 17:00:00+01:00;6.6;33.44449756
1900-12-22 18:00:00+01:00;6.8;32.56542718
1900-12-22 19:00:00+01:00;8.1;29.94705398
1900-12-22 20:00:00+01:00;7.1;30.72758055
1900-12-22 21:00:00+01:00;3.4;32.17752065
1900-12-22 22:00:00+01:00;5.4;29.49702863
1900-12-22 23:00:00+01:00;3.2;30.70955276
1900-12-23 00:00:00+01:00;0.9;32.34443208
1900-12-23 01:00:00+01:00;5.9;28.47679092
1900-12-23 02:00:00+01:00;1.9;31.05090858
1900-12-23 03:00:00+01:00;1.1;31.67569811
1900-12-23 04:00:00+01:00;1.2;31.74647715
1900-12-23 05:00:00+01:00;2.7;32.43747024
1900-12-23 06:00:00+01:00;0.2;35.42583073
1900-12-23 07:00:00+01:00;-1;38.3493832
1900-12-23 08:00:00+01:00;-0.7;43.74448035
1900-12-23 09:00:00+01:00;-2.1;42.83537572
1900-12-23 10:00:00+01:00;-1.2;46.34248458
1900-12-23 11:00:00+01:00;-1;46.07849079
1900-12-23 12:00:00+01:00;-0.7;47.46041665
1900-12-23 13:00:00+01:00;-0.5;47.08191712
1900-12-23 14:00:00+01:00;-0.1;46.18782567
1900-12-23 15:00:00+01:00;0;45.70655115
1900-12-23 16:00:00+01:00;0.9;39.63774144
1900-12-23 17:00:00+01:00;0;41.36521843
1900-12-23 18:00:00+01:00;1.4;39.55136867
1900-12-23 19:00:00+01:00;2.8;37.23444654
1900-12-23 20:00:00+01:00;3.7;36.71223074
1900-12-23 21:00:00+01:00;6.4;32.93095999
1900-12-23 22:00:00+01:00;5.7;32.40326584
1900-12-23 23:00:00+01:00;7;31.75667478
1900-12-24 00:00:00+01:00;6.3;30.64973831
1900-12-24 01:00:00+01:00;5.7;31.4881953
1900-12-24 02:00:00+01:00;5.6;31.00334763
1900-12-24 03:00:00+01:00;5;32.76024743
1900-12-24 04:00:00+01:00;5;33.26873883
1900-12-24 05:00:00+01:00;5.7;36.02244546
1900-12-24 06:00:00+01:00;5.8;44.35562711
1900-12-24 07:00:00+01:00;5.8;43.2437408
1900-12-24 08:00:00+01:00;6.9;49.33205728
1900-12-24 09:00:00+01:00;6.7;53.41926823
1900-12-24 10:00:00+01:00;5.5;55.75096473
1900-12-24 11:00:00+01:00;6.1;54.9796178
1900-12-24 12:00:00+01:00;4.8;55.12338436
1900-12-24 13:00:00+01:00;4.8;54.07293897
1900-12-24 14:00:00+01:00;4.6;53.35999401
1900-12-24 15:00:00+01:00;4.5;51.38246309
1900-12-24 16:00:00+01:00;5.6;43.99951316
1900-12-24 17:00:00+01:00;4.4;42.37020589
1900-12-24 18:00:00+01:00;4.7;38.86280531
1900-12-24 19:00:00+01:00;5;36.20417371
1900-12-24 20:00:00+01:00;4.7;34.38992163
1900-12-24 21:00:00+01:00;4.5;33.31390933
1900-12-24 22:00:00+01:00;5.1;32.05725815
1900-12-24 23:00:00+01:00;5.2;29.73080934
1900-12-25 00:00:00+01:00;5.4;28.45011764
1900-12-25 01:00:00+01:00;5.2;28.80285912
1900-12-25 02:00:00+01:00;4.1;29.42346694
1900-12-25 03:00:00+01:00;3.8;30.88942797
1900-12-25 04:00:00+01:00;3.1;32.29904879
1900-12-25 05:00:00+01:00;2.5;35.50225151
1900-12-25 06:00:00+01:00;2.4;43.92649421
1900-12-25 07:00:00+01:00;0.8;44.34702582
1900-12-25 08:00:00+01:00;1.7;51.67117682
1900-12-25 09:00:00+01:00;1;57.40131013
1900-12-25 10:00:00+01:00;1;59.45072811
1900-12-25 11:00:00+01:00;2.6;58.47715503
1900-12-25 12:00:00+01:00;3.6;56.84235915
1900-12-25 13:00:00+01:00;3.5;56.12659347
1900-12-25 14:00:00+01:00;3;55.9196183
1900-12-25 15:00:00+01:00;2.4;54.5860595
1900-12-25 16:00:00+01:00;1.7;48.51428898
1900-12-25 17:00:00+01:00;1.6;46.49343234
1900-12-25 18:00:00+01:00;0.7;43.92405957
1900-12-25 19:00:00+01:00;1.8;40.74477206
1900-12-25 20:00:00+01:00;0.9;39.61077991
1900-12-25 21:00:00+01:00;2;37.60270136
1900-12-25 22:00:00+01:00;1;37.48113382
1900-12-25 23:00:00+01:00;2.6;33.86892967
1900-12-26 00:00:00+01:00;3.3;32.15947748
1900-12-26 01:00:00+01:00;2.3;33.13451941
1900-12-26 02:00:00+01:00;2;33.1682392
1900-12-26 03:00:00+01:00;1.5;35.06366683
1900-12-26 04:00:00+01:00;0.8;36.35863988
1900-12-26 05:00:00+01:00;0.5;39.67242695
1900-12-26 06:00:00+01:00;-0.5;48.96001337
1900-12-26 07:00:00+01:00;-0.3;48.29683662
1900-12-26 08:00:00+01:00;0;56.18536509
1900-12-26 09:00:00+01:00;0;61.24221519
1900-12-26 10:00:00+01:00;-0.1;63.22116141
1900-12-26 11:00:00+01:00;0;63.42438349
1900-12-26 12:00:00+01:00;0;63.00988107
1900-12-26 13:00:00+01:00;0.1;62.03749971
1900-12-26 14:00:00+01:00;0.3;61.01792357
1900-12-26 15:00:00+01:00;0.5;58.76703091
1900-12-26 16:00:00+01:00;0.4;51.72078666
1900-12-26 17:00:00+01:00;-0.1;49.98568073
1900-12-26 18:00:00+01:00;1.4;45.44219314
1900-12-26 19:00:00+01:00;2.1;42.23410943
1900-12-26 20:00:00+01:00;2;40.38811493
1900-12-26 21:00:00+01:00;4;37.72972785
1900-12-26 22:00:00+01:00;2.3;37.89155419
1900-12-26 23:00:00+01:00;2.6;35.00537939
1900-12-27 00:00:00+01:00;2.5;33.73467802
1900-12-27 01:00:00+01:00;2.5;34.00655982
1900-12-27 02:00:00+01:00;1.9;34.08680755
1900-12-27 03:00:00+01:00;1.2;36.13769067
1900-12-27 04:00:00+01:00;0.2;37.53318043
1900-12-27 05:00:00+01:00;-2.5;42.51513051
1900-12-27 06:00:00+01:00;-2.1;50.94767895
1900-12-27 07:00:00+01:00;-2.4;50.73797152
1900-12-27 08:00:00+01:00;-3;59.6530548
1900-12-27 09:00:00+01:00;-3.1;65.18012274
1900-12-27 10:00:00+01:00;-4.1;68.19801961
1900-12-27 11:00:00+01:00;-3.9;68.45376239
1900-12-27 12:00:00+01:00;-3;67.35594513
1900-12-27 13:00:00+01:00;-3.6;67.01277071
1900-12-27 14:00:00+01:00;-3.4;66.00195582
1900-12-27 15:00:00+01:00;-5.1;65.51573379
1900-12-27 16:00:00+01:00;-6.1;58.31319442
1900-12-27 17:00:00+01:00;-7.5;58.33425532
1900-12-27 18:00:00+01:00;-7.8;54.49395046
1900-12-27 19:00:00+01:00;-9.2;53.39782317
1900-12-27 20:00:00+01:00;-9.5;52.11285066
1900-12-27 21:00:00+01:00;-9.6;51.21914851
1900-12-27 22:00:00+01:00;-8.7;49.64625839
1900-12-27 23:00:00+01:00;-9.2;47.12174281
1900-12-28 00:00:00+01:00;-8.7;45.56804037
1900-12-28 01:00:00+01:00;-8.6;45.83131348
1900-12-28 02:00:00+01:00;-7.3;45.05074233
1900-12-28 03:00:00+01:00;-6.8;47.10707052
1900-12-28 04:00:00+01:00;-6.6;47.67348288
1900-12-28 05:00:00+01:00;-4.8;50.42648543
1900-12-28 06:00:00+01:00;-5.6;60.48558104
1900-12-28 07:00:00+01:00;-3.9;59.43393932
1900-12-28 08:00:00+01:00;-5;69.23625018
1900-12-28 09:00:00+01:00;-4.6;74.40759733
1900-12-28 10:00:00+01:00;-4.3;76.06730542
1900-12-28 11:00:00+01:00;-4.1;75.50223039
1900-12-28 12:00:00+01:00;-3.4;74.23918108
1900-12-28 13:00:00+01:00;-3.3;72.76054114
1900-12-28 14:00:00+01:00;-3.5;71.51783698
1900-12-28 15:00:00+01:00;-3.1;68.76277101
1900-12-28 16:00:00+01:00;-3;60.56559448
1900-12-28 17:00:00+01:00;-3.9;58.85589283
1900-12-28 18:00:00+01:00;-4.1;55.6547988
1900-12-28 19:00:00+01:00;-4.3;52.56669383
1900-12-28 20:00:00+01:00;-4;50.40640935
1900-12-28 21:00:00+01:00;-3.8;49.00589673
1900-12-28 22:00:00+01:00;-4;47.67569326
1900-12-28 23:00:00+01:00;-5.3;45.17710199
1900-12-29 00:00:00+01:00;-7.5;45.51805156
1900-12-29 01:00:00+01:00;-7.6;44.81641161
1900-12-29 02:00:00+01:00;-10;46.31399007
1900-12-29 03:00:00+01:00;-12.7;48.23691823
1900-12-29 04:00:00+01:00;-20.9;53.55667075
1900-12-29 05:00:00+01:00;-16.4;54.48351168
1900-12-29 06:00:00+01:00;-18.4;56.58156157
1900-12-29 07:00:00+01:00;-14.7;57.11835857
1900-12-29 08:00:00+01:00;-10.1;62.40306608
1900-12-29 09:00:00+01:00;-8;59.33954301
1900-12-29 10:00:00+01:00;-7.1;62.34799457
1900-12-29 11:00:00+01:00;-6.8;61.55026804
1900-12-29 12:00:00+01:00;-6.3;61.9586622
1900-12-29 13:00:00+01:00;-7.3;61.87008754
1900-12-29 14:00:00+01:00;-8;60.9641261
1900-12-29 15:00:00+01:00;-9.8;62.06773357
1900-12-29 16:00:00+01:00;-11.7;56.25856785
1900-12-29 17:00:00+01:00;-17;63.41907608
1900-12-29 18:00:00+01:00;-13.5;59.52848758
1900-12-29 19:00:00+01:00;-17.7;62.29958586
1900-12-29 20:00:00+01:00;-16.7;61.64561843
1900-12-29 21:00:00+01:00;-13.2;57.81444285
1900-12-29 22:00:00+01:00;-12.5;56.02272399
1900-12-29 23:00:00+01:00;-10.6;53.71151906
1900-12-30 00:00:00+01:00;-10.5;52.83741216
1900-12-30 01:00:00+01:00;-11.2;52.64122321
1900-12-30 02:00:00+01:00;-10.7;52.47210418
1900-12-30 03:00:00+01:00;-8.2;50.66313925
1900-12-30 04:00:00+01:00;-6.1;48.5754682
1900-12-30 05:00:00+01:00;-6.3;49.53892206
1900-12-30 06:00:00+01:00;-5.6;50.29786969
1900-12-30 07:00:00+01:00;-6;52.64185039
1900-12-30 08:00:00+01:00;-7.1;63.89324416
1900-12-30 09:00:00+01:00;-7.8;61.83012587
1900-12-30 10:00:00+01:00;-6.3;64.01281166
1900-12-30 11:00:00+01:00;-7;63.73577965
1900-12-30 12:00:00+01:00;-7.6;64.88383019
1900-12-30 13:00:00+01:00;-6.6;62.62384921
1900-12-30 14:00:00+01:00;-8.6;62.61425556
1900-12-30 15:00:00+01:00;-6.8;59.66481619
1900-12-30 16:00:00+01:00;-5.6;52.07420667
1900-12-30 17:00:00+01:00;-5.1;52.24381132
1900-12-30 18:00:00+01:00;-5.1;51.54200738
1900-12-30 19:00:00+01:00;-5.3;50.6505024
1900-12-30 20:00:00+01:00;-4.8;50.1463899
1900-12-30 21:00:00+01:00;-4.8;48.24684845
1900-12-30 22:00:00+01:00;-4.5;46.43964976
1900-12-30 23:00:00+01:00;-4.6;45.74574173
1900-12-31 00:00:00+01:00;-4.8;44.52351761
1900-12-31 01:00:00+01:00;-4.6;44.44564566
1900-12-31 02:00:00+01:00;-4.6;43.77130833
1900-12-31 03:00:00+01:00;-4.6;45.8038049
1900-12-31 04:00:00+01:00;-4.6;46.16946649
1900-12-31 05:00:00+01:00;-4.6;50.02163457
1900-12-31 06:00:00+01:00;-4.1;59.03984312
1900-12-31 07:00:00+01:00;-4.3;58.97154366
1900-12-31 08:00:00+01:00;-3.1;66.7778638
1900-12-31 09:00:00+01:00;-2.6;71.36028567
1900-12-31 10:00:00+01:00;-1.7;72.19710971
1900-12-31 11:00:00+01:00;0.8;69.12940079
1900-12-31 12:00:00+01:00;1.2;67.46443102
1900-12-31 13:00:00+01:00;1.5;65.60380198
1900-12-31 14:00:00+01:00;1.5;63.87222935
1900-12-31 15:00:00+01:00;0.3;62.7409553
1900-12-31 16:00:00+01:00;0.6;54.96598349
1900-12-31 17:00:00+01:00;-0.6;53.2943174
1900-12-31 18:00:00+01:00;-2.5;51.58614984
1900-12-31 19:00:00+01:00;-3;49.05359425
1900-12-31 20:00:00+01:00;-2.5;46.76157771
1900-12-31 21:00:00+01:00;-2.1;45.2262112
1900-12-31 22:00:00+01:00;-1.7;43.65107352
1900-12-31 23:00:00+01:00;-1.1;40.11797085
