TimeStamp;Tout;ElImp
1900-01-01 00:00:00+01:00;-0.8;9.64108
1900-01-01 01:00:00+01:00;-0.7;9.385228
1900-01-01 02:00:00+01:00;-0.3;9.321358
1900-01-01 03:00:00+01:00;-0.3;9.303854
1900-01-01 04:00:00+01:00;-0.8;9.54541
1900-01-01 05:00:00+01:00;-0.5;10.363691
1900-01-01 06:00:00+01:00;-0.7;13.5274489
1900-01-01 07:00:00+01:00;-0.6;18.092298
1900-01-01 08:00:00+01:00;-0.7;21.030319
1900-01-01 09:00:00+01:00;-1.2;23.05201
1900-01-01 10:00:00+01:00;-1.7;24.84882
1900-01-01 11:00:00+01:00;-1.9;25.05221
1900-01-01 12:00:00+01:00;-2.4;25.15671
1900-01-01 13:00:00+01:00;-2.3;25.11921
1900-01-01 14:00:00+01:00;-2;24.97428
1900-01-01 15:00:00+01:00;-0.3;24.81357
1900-01-01 16:00:00+01:00;0;23.41507
1900-01-01 17:00:00+01:00;0.2;21.288165
1900-01-01 18:00:00+01:00;0.7;19.800912
1900-01-01 19:00:00+01:00;1.1;18.402104
1900-01-01 20:00:00+01:00;1.3;16.13427
1900-01-01 21:00:00+01:00;1.6;13.5223135
1900-01-01 22:00:00+01:00;1.8;11.653114
1900-01-01 23:00:00+01:00;2;10.539138
1900-01-02 00:00:00+01:00;2.6;9.64108
1900-01-02 01:00:00+01:00;3.1;9.385228
1900-01-02 02:00:00+01:00;3.2;9.321358
1900-01-02 03:00:00+01:00;2.7;9.303854
1900-01-02 04:00:00+01:00;2.9;9.54541
1900-01-02 05:00:00+01:00;3;10.363691
1900-01-02 06:00:00+01:00;3.4;13.5274489
1900-01-02 07:00:00+01:00;3.3;18.092298
1900-01-02 08:00:00+01:00;3;21.030319
1900-01-02 09:00:00+01:00;2.6;23.05201
1900-01-02 10:00:00+01:00;2.5;24.84882
1900-01-02 11:00:00+01:00;2.7;25.05221
1900-01-02 12:00:00+01:00;2.6;25.15671
1900-01-02 13:00:00+01:00;2;25.11921
1900-01-02 14:00:00+01:00;1.8;24.97428
1900-01-02 15:00:00+01:00;2.3;24.81357
1900-01-02 16:00:00+01:00;3.4;23.41507
1900-01-02 17:00:00+01:00;3.5;21.288165
1900-01-02 18:00:00+01:00;2.5;19.800912
1900-01-02 19:00:00+01:00;1.7;18.402104
1900-01-02 20:00:00+01:00;2.1;16.13427
1900-01-02 21:00:00+01:00;2;13.5223135
1900-01-02 22:00:00+01:00;2.1;11.653114
1900-01-02 23:00:00+01:00;2.1;10.539138
1900-01-03 00:00:00+01:00;1.9;9.64108
1900-01-03 01:00:00+01:00;2.2;9.385228
1900-01-03 02:00:00+01:00;1.6;9.321358
1900-01-03 03:00:00+01:00;1.7;9.303854
1900-01-03 04:00:00+01:00;1.6;9.54541
1900-01-03 05:00:00+01:00;1.3;10.363691
1900-01-03 06:00:00+01:00;1;13.5274489
1900-01-03 07:00:00+01:00;1.4;18.092298
1900-01-03 08:00:00+01:00;1.5;21.030319
1900-01-03 09:00:00+01:00;1.6;23.05201
1900-01-03 10:00:00+01:00;1.4;24.84882
1900-01-03 11:00:00+01:00;1.1;25.05221
1900-01-03 12:00:00+01:00;1.2;25.15671
1900-01-03 13:00:00+01:00;0.9;25.11921
1900-01-03 14:00:00+01:00;1.2;24.97428
1900-01-03 15:00:00+01:00;1;24.81357
1900-01-03 16:00:00+01:00;0.6;23.41507
1900-01-03 17:00:00+01:00;0.3;21.288165
1900-01-03 18:00:00+01:00;0.6;19.800912
1900-01-03 19:00:00+01:00;0.5;18.402104
1900-01-03 20:00:00+01:00;0.6;16.13427
1900-01-03 21:00:00+01:00;0.4;13.5223135
1900-01-03 22:00:00+01:00;0;11.653114
1900-01-03 23:00:00+01:00;-0.3;10.539138
1900-01-04 00:00:00+01:00;-0.1;9.64108
1900-01-04 01:00:00+01:00;0;9.385228
1900-01-04 02:00:00+01:00;0.3;9.321358
1900-01-04 03:00:00+01:00;0.3;9.303854
1900-01-04 04:00:00+01:00;0.3;9.54541
1900-01-04 05:00:00+01:00;0.1;10.363691
1900-01-04 06:00:00+01:00;0.2;13.5274489
1900-01-04 07:00:00+01:00;0.1;18.092298
1900-01-04 08:00:00+01:00;0.7;21.030319
1900-01-04 09:00:00+01:00;-0.1;23.05201
1900-01-04 10:00:00+01:00;-0.3;24.84882
1900-01-04 11:00:00+01:00;-1;25.05221
1900-01-04 12:00:00+01:00;-0.3;25.15671
1900-01-04 13:00:00+01:00;-1;25.11921
1900-01-04 14:00:00+01:00;-1.2;24.97428
1900-01-04 15:00:00+01:00;-1.2;24.81357
1900-01-04 16:00:00+01:00;-4.3;23.41507
1900-01-04 17:00:00+01:00;-3.5;21.288165
1900-01-04 18:00:00+01:00;-3;19.800912
1900-01-04 19:00:00+01:00;-5.5;18.402104
1900-01-04 20:00:00+01:00;-2.1;16.13427
1900-01-04 21:00:00+01:00;-0.7;13.5223135
1900-01-04 22:00:00+01:00;2.9;11.653114
1900-01-04 23:00:00+01:00;3.5;10.539138
1900-01-05 00:00:00+01:00;3.8;9.64108
1900-01-05 01:00:00+01:00;4.3;9.385228
1900-01-05 02:00:00+01:00;4.2;9.321358
1900-01-05 03:00:00+01:00;3.8;9.303854
1900-01-05 04:00:00+01:00;4;9.54541
1900-01-05 05:00:00+01:00;4.8;10.363691
1900-01-05 06:00:00+01:00;4.6;13.5274489
1900-01-05 07:00:00+01:00;4.4;18.092298
1900-01-05 08:00:00+01:00;4.9;21.030319
1900-01-05 09:00:00+01:00;4.6;23.05201
1900-01-05 10:00:00+01:00;4.7;24.84882
1900-01-05 11:00:00+01:00;5;25.05221
1900-01-05 12:00:00+01:00;5.2;25.15671
1900-01-05 13:00:00+01:00;5.6;25.11921
1900-01-05 14:00:00+01:00;5.8;24.97428
1900-01-05 15:00:00+01:00;6.7;24.81357
1900-01-05 16:00:00+01:00;5.7;23.41507
1900-01-05 17:00:00+01:00;6;21.288165
1900-01-05 18:00:00+01:00;7;19.800912
1900-01-05 19:00:00+01:00;10.7;18.402104
1900-01-05 20:00:00+01:00;7.9;16.13427
1900-01-05 21:00:00+01:00;6.5;13.5223135
1900-01-05 22:00:00+01:00;6.4;11.653114
1900-01-05 23:00:00+01:00;5.5;10.539138
1900-01-06 00:00:00+01:00;5.4;10.010882
1900-01-06 01:00:00+01:00;3.4;9.713938
1900-01-06 02:00:00+01:00;1.8;9.568476
1900-01-06 03:00:00+01:00;1.5;9.283135
1900-01-06 04:00:00+01:00;2.8;9.150213
1900-01-06 05:00:00+01:00;1.3;9.247971
1900-01-06 06:00:00+01:00;0.5;9.714335
1900-01-06 07:00:00+01:00;0.4;10.416313
1900-01-06 08:00:00+01:00;-1;12.5900159
1900-01-06 09:00:00+01:00;-1.5;15.882276
1900-01-06 10:00:00+01:00;2.2;18.363592
1900-01-06 11:00:00+01:00;2.4;19.002148
1900-01-06 12:00:00+01:00;2.5;19.313076
1900-01-06 13:00:00+01:00;3.6;19.429464
1900-01-06 14:00:00+01:00;5.1;18.779088
1900-01-06 15:00:00+01:00;4;17.831505
1900-01-06 16:00:00+01:00;3.7;16.999584
1900-01-06 17:00:00+01:00;5.3;16.250017
1900-01-06 18:00:00+01:00;5;14.638337
1900-01-06 19:00:00+01:00;3.9;12.8257983
1900-01-06 20:00:00+01:00;3.7;11.497931
1900-01-06 21:00:00+01:00;4.1;10.624333
1900-01-06 22:00:00+01:00;3.6;10.151469
1900-01-06 23:00:00+01:00;1.1;9.831164
1900-01-07 00:00:00+01:00;2;10.010882
1900-01-07 01:00:00+01:00;2.3;9.713938
1900-01-07 02:00:00+01:00;2;9.568476
1900-01-07 03:00:00+01:00;1.7;9.283135
1900-01-07 04:00:00+01:00;2.1;9.150213
1900-01-07 05:00:00+01:00;2;9.247971
1900-01-07 06:00:00+01:00;1.1;9.714335
1900-01-07 07:00:00+01:00;1.9;10.416313
1900-01-07 08:00:00+01:00;0.5;12.5900159
1900-01-07 09:00:00+01:00;0.8;15.882276
1900-01-07 10:00:00+01:00;1.1;18.363592
1900-01-07 11:00:00+01:00;1.7;19.002148
1900-01-07 12:00:00+01:00;2.4;19.313076
1900-01-07 13:00:00+01:00;3;19.429464
1900-01-07 14:00:00+01:00;1.8;18.779088
1900-01-07 15:00:00+01:00;1.4;17.831505
1900-01-07 16:00:00+01:00;0.8;16.999584
1900-01-07 17:00:00+01:00;1.3;16.250017
1900-01-07 18:00:00+01:00;-0.3;14.638337
1900-01-07 19:00:00+01:00;-2.5;12.8257983
1900-01-07 20:00:00+01:00;-4.5;11.497931
1900-01-07 21:00:00+01:00;-5;10.624333
1900-01-07 22:00:00+01:00;-4.6;10.151469
1900-01-07 23:00:00+01:00;-7.3;9.831164
1900-01-08 00:00:00+01:00;-7.6;9.64108
1900-01-08 01:00:00+01:00;-6.6;9.385228
1900-01-08 02:00:00+01:00;-5.1;9.321358
1900-01-08 03:00:00+01:00;-8;9.303854
1900-01-08 04:00:00+01:00;-7.8;9.54541
1900-01-08 05:00:00+01:00;-8.8;10.363691
1900-01-08 06:00:00+01:00;-8;13.5274489
1900-01-08 07:00:00+01:00;-3.4;18.092298
1900-01-08 08:00:00+01:00;-3.5;21.030319
1900-01-08 09:00:00+01:00;-3.5;23.05201
1900-01-08 10:00:00+01:00;-3.4;24.84882
1900-01-08 11:00:00+01:00;-2;25.05221
1900-01-08 12:00:00+01:00;0;25.15671
1900-01-08 13:00:00+01:00;0.2;25.11921
1900-01-08 14:00:00+01:00;-0.1;24.97428
1900-01-08 15:00:00+01:00;-2.5;24.81357
1900-01-08 16:00:00+01:00;-5.3;23.41507
1900-01-08 17:00:00+01:00;-6;21.288165
1900-01-08 18:00:00+01:00;-8.6;19.800912
1900-01-08 19:00:00+01:00;-8.8;18.402104
1900-01-08 20:00:00+01:00;-8.7;16.13427
1900-01-08 21:00:00+01:00;-8.7;13.5223135
1900-01-08 22:00:00+01:00;-8.6;11.653114
1900-01-08 23:00:00+01:00;-9.1;10.539138
1900-01-09 00:00:00+01:00;-8.6;9.64108
1900-01-09 01:00:00+01:00;-8.2;9.385228
1900-01-09 02:00:00+01:00;-8;9.321358
1900-01-09 03:00:00+01:00;-8.2;9.303854
1900-01-09 04:00:00+01:00;-8.3;9.54541
1900-01-09 05:00:00+01:00;-8.7;10.363691
1900-01-09 06:00:00+01:00;-8.7;13.5274489
1900-01-09 07:00:00+01:00;-8.5;18.092298
1900-01-09 08:00:00+01:00;-8.2;21.030319
1900-01-09 09:00:00+01:00;-8.3;23.05201
1900-01-09 10:00:00+01:00;-7.6;24.84882
1900-01-09 11:00:00+01:00;-6.6;25.05221
1900-01-09 12:00:00+01:00;-5.6;25.15671
1900-01-09 13:00:00+01:00;-5.1;25.11921
1900-01-09 14:00:00+01:00;-5.8;24.97428
1900-01-09 15:00:00+01:00;-5.8;24.81357
1900-01-09 16:00:00+01:00;-5.5;23.41507
1900-01-09 17:00:00+01:00;-6;21.288165
1900-01-09 18:00:00+01:00;-6;19.800912
1900-01-09 19:00:00+01:00;-5.6;18.402104
1900-01-09 20:00:00+01:00;-5.5;16.13427
1900-01-09 21:00:00+01:00;-5;13.5223135
1900-01-09 22:00:00+01:00;-4.6;11.653114
1900-01-09 23:00:00+01:00;-5;10.539138
1900-01-10 00:00:00+01:00;-5.3;9.64108
1900-01-10 01:00:00+01:00;-6.3;9.385228
1900-01-10 02:00:00+01:00;-7.6;9.321358
1900-01-10 03:00:00+01:00;-8;9.303854
1900-01-10 04:00:00+01:00;-8.1;9.54541
1900-01-10 05:00:00+01:00;-7.8;10.363691
1900-01-10 06:00:00+01:00;-7.8;13.5274489
1900-01-10 07:00:00+01:00;-8.2;18.092298
1900-01-10 08:00:00+01:00;-8.1;21.030319
1900-01-10 09:00:00+01:00;-7.3;23.05201
1900-01-10 10:00:00+01:00;-7;24.84882
1900-01-10 11:00:00+01:00;-7;25.05221
1900-01-10 12:00:00+01:00;-6.3;25.15671
1900-01-10 13:00:00+01:00;-6.6;25.11921
1900-01-10 14:00:00+01:00;-6.1;24.97428
1900-01-10 15:00:00+01:00;-7;24.81357
1900-01-10 16:00:00+01:00;-6.5;23.41507
1900-01-10 17:00:00+01:00;-6;21.288165
1900-01-10 18:00:00+01:00;-4.8;19.800912
1900-01-10 19:00:00+01:00;-3.8;18.402104
1900-01-10 20:00:00+01:00;-4.5;16.13427
1900-01-10 21:00:00+01:00;-4;13.5223135
1900-01-10 22:00:00+01:00;-3.9;11.653114
1900-01-10 23:00:00+01:00;-3.8;10.539138
1900-01-11 00:00:00+01:00;-4;9.64108
1900-01-11 01:00:00+01:00;-3.5;9.385228
1900-01-11 02:00:00+01:00;-4;9.321358
1900-01-11 03:00:00+01:00;-3.3;9.303854
1900-01-11 04:00:00+01:00;-3.5;9.54541
1900-01-11 05:00:00+01:00;-3.5;10.363691
1900-01-11 06:00:00+01:00;-4.6;13.5274489
1900-01-11 07:00:00+01:00;-3.6;18.092298
1900-01-11 08:00:00+01:00;-4.1;21.030319
1900-01-11 09:00:00+01:00;-3.5;23.05201
1900-01-11 10:00:00+01:00;-3.1;24.84882
1900-01-11 11:00:00+01:00;-3;25.05221
1900-01-11 12:00:00+01:00;-2.8;25.15671
1900-01-11 13:00:00+01:00;-2.4;25.11921
1900-01-11 14:00:00+01:00;-2.4;24.97428
1900-01-11 15:00:00+01:00;-2;24.81357
1900-01-11 16:00:00+01:00;-1.7;23.41507
1900-01-11 17:00:00+01:00;-1.9;21.288165
1900-01-11 18:00:00+01:00;-1.4;19.800912
1900-01-11 19:00:00+01:00;-1.9;18.402104
1900-01-11 20:00:00+01:00;-2.5;16.13427
1900-01-11 21:00:00+01:00;-2.5;13.5223135
1900-01-11 22:00:00+01:00;-2.9;11.653114
1900-01-11 23:00:00+01:00;-3;10.539138
1900-01-12 00:00:00+01:00;-3.1;9.64108
1900-01-12 01:00:00+01:00;-3.1;9.385228
1900-01-12 02:00:00+01:00;-4.1;9.321358
1900-01-12 03:00:00+01:00;-4.5;9.303854
1900-01-12 04:00:00+01:00;-4.1;9.54541
1900-01-12 05:00:00+01:00;-3.9;10.363691
1900-01-12 06:00:00+01:00;-3.5;13.5274489
1900-01-12 07:00:00+01:00;-3.3;18.092298
1900-01-12 08:00:00+01:00;-3.4;21.030319
1900-01-12 09:00:00+01:00;-3.6;23.05201
1900-01-12 10:00:00+01:00;-4.3;24.84882
1900-01-12 11:00:00+01:00;-3;25.05221
1900-01-12 12:00:00+01:00;-2.8;25.15671
1900-01-12 13:00:00+01:00;-2.6;25.11921
1900-01-12 14:00:00+01:00;-3.1;24.97428
1900-01-12 15:00:00+01:00;-4.3;24.81357
1900-01-12 16:00:00+01:00;-3;23.41507
1900-01-12 17:00:00+01:00;-3;21.288165
1900-01-12 18:00:00+01:00;-3;19.800912
1900-01-12 19:00:00+01:00;-3;18.402104
1900-01-12 20:00:00+01:00;-3;16.13427
1900-01-12 21:00:00+01:00;-2.6;13.5223135
1900-01-12 22:00:00+01:00;-2.9;11.653114
1900-01-12 23:00:00+01:00;-2.5;10.539138
1900-01-13 00:00:00+01:00;-3;10.010882
1900-01-13 01:00:00+01:00;-2;9.713938
1900-01-13 02:00:00+01:00;-2.4;9.568476
1900-01-13 03:00:00+01:00;-2.5;9.283135
1900-01-13 04:00:00+01:00;-2.5;9.150213
1900-01-13 05:00:00+01:00;-2.1;9.247971
1900-01-13 06:00:00+01:00;-2.5;9.714335
1900-01-13 07:00:00+01:00;-2.4;10.416313
1900-01-13 08:00:00+01:00;-1.5;12.5900159
1900-01-13 09:00:00+01:00;-2;15.882276
1900-01-13 10:00:00+01:00;-1.7;18.363592
1900-01-13 11:00:00+01:00;-0.7;19.002148
1900-01-13 12:00:00+01:00;-0.8;19.313076
1900-01-13 13:00:00+01:00;-0.6;19.429464
1900-01-13 14:00:00+01:00;-1.2;18.779088
1900-01-13 15:00:00+01:00;-1.2;17.831505
1900-01-13 16:00:00+01:00;-2.5;16.999584
1900-01-13 17:00:00+01:00;-3;16.250017
1900-01-13 18:00:00+01:00;-2.6;14.638337
1900-01-13 19:00:00+01:00;-2.5;12.8257983
1900-01-13 20:00:00+01:00;-3.1;11.497931
1900-01-13 21:00:00+01:00;-2.5;10.624333
1900-01-13 22:00:00+01:00;-2.9;10.151469
1900-01-13 23:00:00+01:00;-3;9.831164
1900-01-14 00:00:00+01:00;-9.1;10.010882
1900-01-14 01:00:00+01:00;-9.2;9.713938
1900-01-14 02:00:00+01:00;-10.2;9.568476
1900-01-14 03:00:00+01:00;-9.7;9.283135
1900-01-14 04:00:00+01:00;-9;9.150213
1900-01-14 05:00:00+01:00;-7.8;9.247971
1900-01-14 06:00:00+01:00;-6.1;9.714335
1900-01-14 07:00:00+01:00;-5;10.416313
1900-01-14 08:00:00+01:00;-4.3;12.5900159
1900-01-14 09:00:00+01:00;-3.6;15.882276
1900-01-14 10:00:00+01:00;-0.3;18.363592
1900-01-14 11:00:00+01:00;-0.3;19.002148
1900-01-14 12:00:00+01:00;-0.7;19.313076
1900-01-14 13:00:00+01:00;-1.2;19.429464
1900-01-14 14:00:00+01:00;-0.6;18.779088
1900-01-14 15:00:00+01:00;-1.2;17.831505
1900-01-14 16:00:00+01:00;-2;16.999584
1900-01-14 17:00:00+01:00;-1;16.250017
1900-01-14 18:00:00+01:00;-1.4;14.638337
1900-01-14 19:00:00+01:00;-1.4;12.8257983
1900-01-14 20:00:00+01:00;-1.7;11.497931
1900-01-14 21:00:00+01:00;-1;10.624333
1900-01-14 22:00:00+01:00;-2.3;10.151469
1900-01-14 23:00:00+01:00;-1.7;9.831164
1900-01-15 00:00:00+01:00;-1.5;9.64108
1900-01-15 01:00:00+01:00;-1.4;9.385228
1900-01-15 02:00:00+01:00;-1.4;9.321358
1900-01-15 03:00:00+01:00;-1;9.303854
1900-01-15 04:00:00+01:00;-0.6;9.54541
1900-01-15 05:00:00+01:00;0;10.363691
1900-01-15 06:00:00+01:00;0;13.5274489
1900-01-15 07:00:00+01:00;-0.6;18.092298
1900-01-15 08:00:00+01:00;0.3;21.030319
1900-01-15 09:00:00+01:00;0.6;23.05201
1900-01-15 10:00:00+01:00;0.5;24.84882
1900-01-15 11:00:00+01:00;0.6;25.05221
1900-01-15 12:00:00+01:00;0.7;25.15671
1900-01-15 13:00:00+01:00;1;25.11921
1900-01-15 14:00:00+01:00;0.9;24.97428
1900-01-15 15:00:00+01:00;1;24.81357
1900-01-15 16:00:00+01:00;1;23.41507
1900-01-15 17:00:00+01:00;1.3;21.288165
1900-01-15 18:00:00+01:00;0.9;19.800912
1900-01-15 19:00:00+01:00;0.9;18.402104
1900-01-15 20:00:00+01:00;1.5;16.13427
1900-01-15 21:00:00+01:00;1.9;13.5223135
1900-01-15 22:00:00+01:00;1.5;11.653114
1900-01-15 23:00:00+01:00;1.5;10.539138
1900-01-16 00:00:00+01:00;1.4;9.64108
1900-01-16 01:00:00+01:00;1.6;9.385228
1900-01-16 02:00:00+01:00;1.5;9.321358
1900-01-16 03:00:00+01:00;1.2;9.303854
1900-01-16 04:00:00+01:00;1.2;9.54541
1900-01-16 05:00:00+01:00;1.2;10.363691
1900-01-16 06:00:00+01:00;1.4;13.5274489
1900-01-16 07:00:00+01:00;1.4;18.092298
1900-01-16 08:00:00+01:00;1.3;21.030319
1900-01-16 09:00:00+01:00;1.1;23.05201
1900-01-16 10:00:00+01:00;1;24.84882
1900-01-16 11:00:00+01:00;1.2;25.05221
1900-01-16 12:00:00+01:00;1.2;25.15671
1900-01-16 13:00:00+01:00;1;25.11921
1900-01-16 14:00:00+01:00;1;24.97428
1900-01-16 15:00:00+01:00;0.7;24.81357
1900-01-16 16:00:00+01:00;0.3;23.41507
1900-01-16 17:00:00+01:00;0.2;21.288165
1900-01-16 18:00:00+01:00;0.5;19.800912
1900-01-16 19:00:00+01:00;0.2;18.402104
1900-01-16 20:00:00+01:00;-0.3;16.13427
1900-01-16 21:00:00+01:00;0;13.5223135
1900-01-16 22:00:00+01:00;-0.3;11.653114
1900-01-16 23:00:00+01:00;-0.8;10.539138
1900-01-17 00:00:00+01:00;-0.8;9.64108
1900-01-17 01:00:00+01:00;-1;9.385228
1900-01-17 02:00:00+01:00;-0.5;9.321358
1900-01-17 03:00:00+01:00;-1.2;9.303854
1900-01-17 04:00:00+01:00;-1.5;9.54541
1900-01-17 05:00:00+01:00;-2.3;10.363691
1900-01-17 06:00:00+01:00;-2.1;13.5274489
1900-01-17 07:00:00+01:00;-2;18.092298
1900-01-17 08:00:00+01:00;-2;21.030319
1900-01-17 09:00:00+01:00;-2.1;23.05201
1900-01-17 10:00:00+01:00;-1.5;24.84882
1900-01-17 11:00:00+01:00;-2;25.05221
1900-01-17 12:00:00+01:00;-2.9;25.15671
1900-01-17 13:00:00+01:00;-3.4;25.11921
1900-01-17 14:00:00+01:00;-3;24.97428
1900-01-17 15:00:00+01:00;-2.1;24.81357
1900-01-17 16:00:00+01:00;-1.5;23.41507
1900-01-17 17:00:00+01:00;-2.6;21.288165
1900-01-17 18:00:00+01:00;-2.8;19.800912
1900-01-17 19:00:00+01:00;-2.8;18.402104
1900-01-17 20:00:00+01:00;-3;16.13427
1900-01-17 21:00:00+01:00;-3;13.5223135
1900-01-17 22:00:00+01:00;-3.4;11.653114
1900-01-17 23:00:00+01:00;-5;10.539138
1900-01-18 00:00:00+01:00;-5.1;9.64108
1900-01-18 01:00:00+01:00;-4;9.385228
1900-01-18 02:00:00+01:00;-4.5;9.321358
1900-01-18 03:00:00+01:00;-4.3;9.303854
1900-01-18 04:00:00+01:00;-3.4;9.54541
1900-01-18 05:00:00+01:00;-4.8;10.363691
1900-01-18 06:00:00+01:00;-7.1;13.5274489
1900-01-18 07:00:00+01:00;-5.6;18.092298
1900-01-18 08:00:00+01:00;-4.8;21.030319
1900-01-18 09:00:00+01:00;-5;23.05201
1900-01-18 10:00:00+01:00;-4.8;24.84882
1900-01-18 11:00:00+01:00;-3.3;25.05221
1900-01-18 12:00:00+01:00;-4.6;25.15671
1900-01-18 13:00:00+01:00;-3.3;25.11921
1900-01-18 14:00:00+01:00;-4.8;24.97428
1900-01-18 15:00:00+01:00;-7.5;24.81357
1900-01-18 16:00:00+01:00;-9;23.41507
1900-01-18 17:00:00+01:00;-8.3;21.288165
1900-01-18 18:00:00+01:00;-8.2;19.800912
1900-01-18 19:00:00+01:00;-7.3;18.402104
1900-01-18 20:00:00+01:00;-6.3;16.13427
1900-01-18 21:00:00+01:00;-6.3;13.5223135
1900-01-18 22:00:00+01:00;-6.6;11.653114
1900-01-18 23:00:00+01:00;-6.1;10.539138
1900-01-19 00:00:00+01:00;-7.3;9.64108
1900-01-19 01:00:00+01:00;-6.5;9.385228
1900-01-19 02:00:00+01:00;-6.8;9.321358
1900-01-19 03:00:00+01:00;-7.1;9.303854
1900-01-19 04:00:00+01:00;-7.5;9.54541
1900-01-19 05:00:00+01:00;-7.8;10.363691
1900-01-19 06:00:00+01:00;-7.6;13.5274489
1900-01-19 07:00:00+01:00;-7.3;18.092298
1900-01-19 08:00:00+01:00;-7.1;21.030319
1900-01-19 09:00:00+01:00;-7.1;23.05201
1900-01-19 10:00:00+01:00;-7.1;24.84882
1900-01-19 11:00:00+01:00;-6.6;25.05221
1900-01-19 12:00:00+01:00;-6.1;25.15671
1900-01-19 13:00:00+01:00;-6.1;25.11921
1900-01-19 14:00:00+01:00;-5.8;24.97428
1900-01-19 15:00:00+01:00;-5.6;24.81357
1900-01-19 16:00:00+01:00;-6.1;23.41507
1900-01-19 17:00:00+01:00;-6.1;21.288165
1900-01-19 18:00:00+01:00;-5.1;19.800912
1900-01-19 19:00:00+01:00;-5.8;18.402104
1900-01-19 20:00:00+01:00;-5.6;16.13427
1900-01-19 21:00:00+01:00;-6.3;13.5223135
1900-01-19 22:00:00+01:00;-6.6;11.653114
1900-01-19 23:00:00+01:00;-6.8;10.539138
1900-01-20 00:00:00+01:00;-7;10.010882
1900-01-20 01:00:00+01:00;-6.8;9.713938
1900-01-20 02:00:00+01:00;-7.8;9.568476
1900-01-20 03:00:00+01:00;-7.6;9.283135
1900-01-20 04:00:00+01:00;-7.3;9.150213
1900-01-20 05:00:00+01:00;-7.8;9.247971
1900-01-20 06:00:00+01:00;-7.3;9.714335
1900-01-20 07:00:00+01:00;-7.6;10.416313
1900-01-20 08:00:00+01:00;-7.1;12.5900159
1900-01-20 09:00:00+01:00;-7;15.882276
1900-01-20 10:00:00+01:00;-6.6;18.363592
1900-01-20 11:00:00+01:00;-6.3;19.002148
1900-01-20 12:00:00+01:00;-6.3;19.313076
1900-01-20 13:00:00+01:00;-5.8;19.429464
1900-01-20 14:00:00+01:00;-4.6;18.779088
1900-01-20 15:00:00+01:00;-5;17.831505
1900-01-20 16:00:00+01:00;-5.1;16.999584
1900-01-20 17:00:00+01:00;-6;16.250017
1900-01-20 18:00:00+01:00;-5.5;14.638337
1900-01-20 19:00:00+01:00;-5.3;12.8257983
1900-01-20 20:00:00+01:00;-5.3;11.497931
1900-01-20 21:00:00+01:00;-5.8;10.624333
1900-01-20 22:00:00+01:00;-6.1;10.151469
1900-01-20 23:00:00+01:00;-5.3;9.831164
1900-01-21 00:00:00+01:00;-5.6;10.010882
1900-01-21 01:00:00+01:00;-5.6;9.713938
1900-01-21 02:00:00+01:00;-5.8;9.568476
1900-01-21 03:00:00+01:00;-6.3;9.283135
1900-01-21 04:00:00+01:00;-6.8;9.150213
1900-01-21 05:00:00+01:00;-6.6;9.247971
1900-01-21 06:00:00+01:00;-5.8;9.714335
1900-01-21 07:00:00+01:00;-6.3;10.416313
1900-01-21 08:00:00+01:00;-6.3;12.5900159
1900-01-21 09:00:00+01:00;-6;15.882276
1900-01-21 10:00:00+01:00;-5.3;18.363592
1900-01-21 11:00:00+01:00;-5.1;19.002148
1900-01-21 12:00:00+01:00;-4.6;19.313076
1900-01-21 13:00:00+01:00;-4.6;19.429464
1900-01-21 14:00:00+01:00;-4.3;18.779088
1900-01-21 15:00:00+01:00;-4;17.831505
1900-01-21 16:00:00+01:00;-3.1;16.999584
1900-01-21 17:00:00+01:00;-3.5;16.250017
1900-01-21 18:00:00+01:00;-3.8;14.638337
1900-01-21 19:00:00+01:00;-4.6;12.8257983
1900-01-21 20:00:00+01:00;-4.3;11.497931
1900-01-21 21:00:00+01:00;-4;10.624333
1900-01-21 22:00:00+01:00;-3.5;10.151469
1900-01-21 23:00:00+01:00;-4.1;9.831164
1900-01-22 00:00:00+01:00;-3.4;9.64108
1900-01-22 01:00:00+01:00;-3.6;9.385228
1900-01-22 02:00:00+01:00;-4.6;9.321358
1900-01-22 03:00:00+01:00;-4.8;9.303854
1900-01-22 04:00:00+01:00;-4.3;9.54541
1900-01-22 05:00:00+01:00;-4.3;10.363691
1900-01-22 06:00:00+01:00;-4.3;13.5274489
1900-01-22 07:00:00+01:00;-4.6;18.092298
1900-01-22 08:00:00+01:00;-4.1;21.030319
1900-01-22 09:00:00+01:00;-3.5;23.05201
1900-01-22 10:00:00+01:00;-4.1;24.84882
1900-01-22 11:00:00+01:00;-3.9;25.05221
1900-01-22 12:00:00+01:00;-4.3;25.15671
1900-01-22 13:00:00+01:00;-4.1;25.11921
1900-01-22 14:00:00+01:00;-4.3;24.97428
1900-01-22 15:00:00+01:00;-4;24.81357
1900-01-22 16:00:00+01:00;-4;23.41507
1900-01-22 17:00:00+01:00;-4.5;21.288165
1900-01-22 18:00:00+01:00;-4.8;19.800912
1900-01-22 19:00:00+01:00;-4.6;18.402104
1900-01-22 20:00:00+01:00;-5;16.13427
1900-01-22 21:00:00+01:00;-5.1;13.5223135
1900-01-22 22:00:00+01:00;-6.3;11.653114
1900-01-22 23:00:00+01:00;-5.3;10.539138
1900-01-23 00:00:00+01:00;-5.3;9.64108
1900-01-23 01:00:00+01:00;-5.3;9.385228
1900-01-23 02:00:00+01:00;-6.3;9.321358
1900-01-23 03:00:00+01:00;-5.6;9.303854
1900-01-23 04:00:00+01:00;-6.8;9.54541
1900-01-23 05:00:00+01:00;-7.5;10.363691
1900-01-23 06:00:00+01:00;-8.2;13.5274489
1900-01-23 07:00:00+01:00;-8.2;18.092298
1900-01-23 08:00:00+01:00;-8.7;21.030319
1900-01-23 09:00:00+01:00;-9;23.05201
1900-01-23 10:00:00+01:00;-9.1;24.84882
1900-01-23 11:00:00+01:00;-7.6;25.05221
1900-01-23 12:00:00+01:00;-6.3;25.15671
1900-01-23 13:00:00+01:00;-5.8;25.11921
1900-01-23 14:00:00+01:00;-5.3;24.97428
1900-01-23 15:00:00+01:00;-5.6;24.81357
1900-01-23 16:00:00+01:00;-6.8;23.41507
1900-01-23 17:00:00+01:00;-7.3;21.288165
1900-01-23 18:00:00+01:00;-5.6;19.800912
1900-01-23 19:00:00+01:00;-5.8;18.402104
1900-01-23 20:00:00+01:00;-5.1;16.13427
1900-01-23 21:00:00+01:00;-6.1;13.5223135
1900-01-23 22:00:00+01:00;-6;11.653114
1900-01-23 23:00:00+01:00;-5.6;10.539138
1900-01-24 00:00:00+01:00;-5.3;9.64108
1900-01-24 01:00:00+01:00;-5.3;9.385228
1900-01-24 02:00:00+01:00;-5.3;9.321358
1900-01-24 03:00:00+01:00;-5.6;9.303854
1900-01-24 04:00:00+01:00;-5.1;9.54541
1900-01-24 05:00:00+01:00;-5.5;10.363691
1900-01-24 06:00:00+01:00;-5.1;13.5274489
1900-01-24 07:00:00+01:00;-5.1;18.092298
1900-01-24 08:00:00+01:00;-4.8;21.030319
1900-01-24 09:00:00+01:00;-4.5;23.05201
1900-01-24 10:00:00+01:00;-5;24.84882
1900-01-24 11:00:00+01:00;-4.6;25.05221
1900-01-24 12:00:00+01:00;-4.1;25.15671
1900-01-24 13:00:00+01:00;-3.4;25.11921
1900-01-24 14:00:00+01:00;-3.4;24.97428
1900-01-24 15:00:00+01:00;-3.5;24.81357
1900-01-24 16:00:00+01:00;-4.1;23.41507
1900-01-24 17:00:00+01:00;-4.6;21.288165
1900-01-24 18:00:00+01:00;-3.8;19.800912
1900-01-24 19:00:00+01:00;-3.5;18.402104
1900-01-24 20:00:00+01:00;-3.3;16.13427
1900-01-24 21:00:00+01:00;-2.8;13.5223135
1900-01-24 22:00:00+01:00;-1.5;11.653114
1900-01-24 23:00:00+01:00;-2;10.539138
1900-01-25 00:00:00+01:00;-2.3;9.64108
1900-01-25 01:00:00+01:00;-1.5;9.385228
1900-01-25 02:00:00+01:00;-1;9.321358
1900-01-25 03:00:00+01:00;-0.7;9.303854
1900-01-25 04:00:00+01:00;-1.5;9.54541
1900-01-25 05:00:00+01:00;-1;10.363691
1900-01-25 06:00:00+01:00;-0.8;13.5274489
1900-01-25 07:00:00+01:00;-1;18.092298
1900-01-25 08:00:00+01:00;-1;21.030319
1900-01-25 09:00:00+01:00;-0.5;23.05201
1900-01-25 10:00:00+01:00;0;24.84882
1900-01-25 11:00:00+01:00;0.1;25.05221
1900-01-25 12:00:00+01:00;0.5;25.15671
1900-01-25 13:00:00+01:00;0.8;25.11921
1900-01-25 14:00:00+01:00;0.7;24.97428
1900-01-25 15:00:00+01:00;0.4;24.81357
1900-01-25 16:00:00+01:00;0.4;23.41507
1900-01-25 17:00:00+01:00;0.3;21.288165
1900-01-25 18:00:00+01:00;0.1;19.800912
1900-01-25 19:00:00+01:00;0.1;18.402104
1900-01-25 20:00:00+01:00;-0.1;16.13427
1900-01-25 21:00:00+01:00;0;13.5223135
1900-01-25 22:00:00+01:00;-0.5;11.653114
1900-01-25 23:00:00+01:00;-1.5;10.539138
1900-01-26 00:00:00+01:00;-2;9.64108
1900-01-26 01:00:00+01:00;-1.7;9.385228
1900-01-26 02:00:00+01:00;-1.7;9.321358
1900-01-26 03:00:00+01:00;-2.4;9.303854
1900-01-26 04:00:00+01:00;-2.4;9.54541
1900-01-26 05:00:00+01:00;-2.3;10.363691
1900-01-26 06:00:00+01:00;-2.4;13.5274489
1900-01-26 07:00:00+01:00;-1.7;18.092298
1900-01-26 08:00:00+01:00;-1;21.030319
1900-01-26 09:00:00+01:00;-0.7;23.05201
1900-01-26 10:00:00+01:00;0.1;24.84882
1900-01-26 11:00:00+01:00;0.4;25.05221
1900-01-26 12:00:00+01:00;0.4;25.15671
1900-01-26 13:00:00+01:00;0.8;25.11921
1900-01-26 14:00:00+01:00;0.5;24.97428
1900-01-26 15:00:00+01:00;0.7;24.81357
1900-01-26 16:00:00+01:00;0.9;23.41507
1900-01-26 17:00:00+01:00;0.9;21.288165
1900-01-26 18:00:00+01:00;0.7;19.800912
1900-01-26 19:00:00+01:00;0.6;18.402104
1900-01-26 20:00:00+01:00;0;16.13427
1900-01-26 21:00:00+01:00;0.8;13.5223135
1900-01-26 22:00:00+01:00;0.6;11.653114
1900-01-26 23:00:00+01:00;0.6;10.539138
1900-01-27 00:00:00+01:00;0.5;10.010882
1900-01-27 01:00:00+01:00;0.4;9.713938
1900-01-27 02:00:00+01:00;0.4;9.568476
1900-01-27 03:00:00+01:00;0.1;9.283135
1900-01-27 04:00:00+01:00;0.4;9.150213
1900-01-27 05:00:00+01:00;0.2;9.247971
1900-01-27 06:00:00+01:00;0.1;9.714335
1900-01-27 07:00:00+01:00;0.2;10.416313
1900-01-27 08:00:00+01:00;-0.3;12.5900159
1900-01-27 09:00:00+01:00;-0.7;15.882276
1900-01-27 10:00:00+01:00;-0.6;18.363592
1900-01-27 11:00:00+01:00;-0.6;19.002148
1900-01-27 12:00:00+01:00;-0.7;19.313076
1900-01-27 13:00:00+01:00;-1.7;19.429464
1900-01-27 14:00:00+01:00;-2;18.779088
1900-01-27 15:00:00+01:00;-2.5;17.831505
1900-01-27 16:00:00+01:00;-3.8;16.999584
1900-01-27 17:00:00+01:00;-5.6;16.250017
1900-01-27 18:00:00+01:00;-7.5;14.638337
1900-01-27 19:00:00+01:00;-7.6;12.8257983
1900-01-27 20:00:00+01:00;-8.5;11.497931
1900-01-27 21:00:00+01:00;-9.5;10.624333
1900-01-27 22:00:00+01:00;-10;10.151469
1900-01-27 23:00:00+01:00;-11.2;9.831164
1900-01-28 00:00:00+01:00;-12.3;10.010882
1900-01-28 01:00:00+01:00;-13.2;9.713938
1900-01-28 02:00:00+01:00;-13.7;9.568476
1900-01-28 03:00:00+01:00;-13.3;9.283135
1900-01-28 04:00:00+01:00;-13.2;9.150213
1900-01-28 05:00:00+01:00;-13;9.247971
1900-01-28 06:00:00+01:00;-11.7;9.714335
1900-01-28 07:00:00+01:00;-12;10.416313
1900-01-28 08:00:00+01:00;-11.7;12.5900159
1900-01-28 09:00:00+01:00;-11.6;15.882276
1900-01-28 10:00:00+01:00;-11.3;18.363592
1900-01-28 11:00:00+01:00;-9.7;19.002148
1900-01-28 12:00:00+01:00;-9.2;19.313076
1900-01-28 13:00:00+01:00;-9.2;19.429464
1900-01-28 14:00:00+01:00;-9.2;18.779088
1900-01-28 15:00:00+01:00;-9.3;17.831505
1900-01-28 16:00:00+01:00;-9.3;16.999584
1900-01-28 17:00:00+01:00;-10.7;16.250017
1900-01-28 18:00:00+01:00;-12.1;14.638337
1900-01-28 19:00:00+01:00;-12.2;12.8257983
1900-01-28 20:00:00+01:00;-11.1;11.497931
1900-01-28 21:00:00+01:00;-10.6;10.624333
1900-01-28 22:00:00+01:00;-9.8;10.151469
1900-01-28 23:00:00+01:00;-9.7;9.831164
1900-01-29 00:00:00+01:00;-10.2;9.64108
1900-01-29 01:00:00+01:00;-10.2;9.385228
1900-01-29 02:00:00+01:00;-10.5;9.321358
1900-01-29 03:00:00+01:00;-10.7;9.303854
1900-01-29 04:00:00+01:00;-11.3;9.54541
1900-01-29 05:00:00+01:00;-12.7;10.363691
1900-01-29 06:00:00+01:00;-12.3;13.5274489
1900-01-29 07:00:00+01:00;-13.6;18.092298
1900-01-29 08:00:00+01:00;-14.6;21.030319
1900-01-29 09:00:00+01:00;-14.2;23.05201
1900-01-29 10:00:00+01:00;-13.1;24.84882
1900-01-29 11:00:00+01:00;-11.7;25.05221
1900-01-29 12:00:00+01:00;-11.2;25.15671
1900-01-29 13:00:00+01:00;-9.6;25.11921
1900-01-29 14:00:00+01:00;-9.8;24.97428
1900-01-29 15:00:00+01:00;-10.8;24.81357
1900-01-29 16:00:00+01:00;-11.6;23.41507
1900-01-29 17:00:00+01:00;-12.7;21.288165
1900-01-29 18:00:00+01:00;-14;19.800912
1900-01-29 19:00:00+01:00;-14.7;18.402104
1900-01-29 20:00:00+01:00;-15;16.13427
1900-01-29 21:00:00+01:00;-16;13.5223135
1900-01-29 22:00:00+01:00;-15.3;11.653114
1900-01-29 23:00:00+01:00;-15.5;10.539138
1900-01-30 00:00:00+01:00;-15.6;9.64108
1900-01-30 01:00:00+01:00;-16.5;9.385228
1900-01-30 02:00:00+01:00;-15.7;9.321358
1900-01-30 03:00:00+01:00;-18;9.303854
1900-01-30 04:00:00+01:00;-17;9.54541
1900-01-30 05:00:00+01:00;-20.7;10.363691
1900-01-30 06:00:00+01:00;-19.2;13.5274489
1900-01-30 07:00:00+01:00;-16.7;18.092298
1900-01-30 08:00:00+01:00;-22;21.030319
1900-01-30 09:00:00+01:00;-16.2;23.05201
1900-01-30 10:00:00+01:00;-14;24.84882
1900-01-30 11:00:00+01:00;-12.5;25.05221
1900-01-30 12:00:00+01:00;-11.2;25.15671
1900-01-30 13:00:00+01:00;-11;25.11921
1900-01-30 14:00:00+01:00;-9.7;24.97428
1900-01-30 15:00:00+01:00;-10.2;24.81357
1900-01-30 16:00:00+01:00;-12;23.41507
1900-01-30 17:00:00+01:00;-12.8;21.288165
1900-01-30 18:00:00+01:00;-13.6;19.800912
1900-01-30 19:00:00+01:00;-13.7;18.402104
1900-01-30 20:00:00+01:00;-14.3;16.13427
1900-01-30 21:00:00+01:00;-15.2;13.5223135
1900-01-30 22:00:00+01:00;-16;11.653114
1900-01-30 23:00:00+01:00;-17.5;10.539138
1900-01-31 00:00:00+01:00;-19.5;9.64108
1900-01-31 01:00:00+01:00;-17.2;9.385228
1900-01-31 02:00:00+01:00;-18.7;9.321358
1900-01-31 03:00:00+01:00;-17.9;9.303854
1900-01-31 04:00:00+01:00;-20.2;9.54541
1900-01-31 05:00:00+01:00;-18.5;10.363691
1900-01-31 06:00:00+01:00;-17.7;13.5274489
1900-01-31 07:00:00+01:00;-15.2;18.092298
1900-01-31 08:00:00+01:00;-14.8;21.030319
1900-01-31 09:00:00+01:00;-14.2;23.05201
1900-01-31 10:00:00+01:00;-13;24.84882
1900-01-31 11:00:00+01:00;-12.2;25.05221
1900-01-31 12:00:00+01:00;-11.8;25.15671
1900-01-31 13:00:00+01:00;-11.7;25.11921
1900-01-31 14:00:00+01:00;-10.7;24.97428
1900-01-31 15:00:00+01:00;-10.7;24.81357
1900-01-31 16:00:00+01:00;-10.3;23.41507
1900-01-31 17:00:00+01:00;-10.3;21.288165
1900-01-31 18:00:00+01:00;-10.6;19.800912
1900-01-31 19:00:00+01:00;-10.1;18.402104
1900-01-31 20:00:00+01:00;-10;16.13427
1900-01-31 21:00:00+01:00;-9.7;13.5223135
1900-01-31 22:00:00+01:00;-9.6;11.653114
1900-01-31 23:00:00+01:00;-9.5;10.539138
1900-02-01 00:00:00+01:00;-5.2;9.64108
1900-02-01 01:00:00+01:00;-3.6;9.385228
1900-02-01 02:00:00+01:00;-2.4;9.321358
1900-02-01 03:00:00+01:00;3.4;9.303854
1900-02-01 04:00:00+01:00;3.6;9.54541
1900-02-01 05:00:00+01:00;4;10.363691
1900-02-01 06:00:00+01:00;4.6;13.5274489
1900-02-01 07:00:00+01:00;5.4;18.092298
1900-02-01 08:00:00+01:00;5;21.030319
1900-02-01 09:00:00+01:00;5.5;23.05201
1900-02-01 10:00:00+01:00;6.1;24.84882
1900-02-01 11:00:00+01:00;6.4;25.05221
1900-02-01 12:00:00+01:00;6.9;25.15671
1900-02-01 13:00:00+01:00;7.6;25.11921
1900-02-01 14:00:00+01:00;10.2;24.97428
1900-02-01 15:00:00+01:00;8.9;24.81357
1900-02-01 16:00:00+01:00;8.1;23.41507
1900-02-01 17:00:00+01:00;5.2;21.288165
1900-02-01 18:00:00+01:00;3.7;19.800912
1900-02-01 19:00:00+01:00;4.4;18.402104
1900-02-01 20:00:00+01:00;4.3;16.13427
1900-02-01 21:00:00+01:00;3.8;13.5223135
1900-02-01 22:00:00+01:00;-1.5;11.653114
1900-02-01 23:00:00+01:00;-2.4;10.539138
1900-02-02 00:00:00+01:00;-2;9.64108
1900-02-02 01:00:00+01:00;-2.6;9.385228
1900-02-02 02:00:00+01:00;-3;9.321358
1900-02-02 03:00:00+01:00;-2.9;9.303854
1900-02-02 04:00:00+01:00;-3.9;9.54541
1900-02-02 05:00:00+01:00;-4;10.363691
1900-02-02 06:00:00+01:00;-3.6;13.5274489
1900-02-02 07:00:00+01:00;-4.6;18.092298
1900-02-02 08:00:00+01:00;-6;21.030319
1900-02-02 09:00:00+01:00;-4.6;23.05201
1900-02-02 10:00:00+01:00;-3.3;24.84882
1900-02-02 11:00:00+01:00;-1.2;25.05221
1900-02-02 12:00:00+01:00;-0.7;25.15671
1900-02-02 13:00:00+01:00;-1.2;25.11921
1900-02-02 14:00:00+01:00;-1.2;24.97428
1900-02-02 15:00:00+01:00;-1.7;24.81357
1900-02-02 16:00:00+01:00;-3;23.41507
1900-02-02 17:00:00+01:00;-3;21.288165
1900-02-02 18:00:00+01:00;-2.5;19.800912
1900-02-02 19:00:00+01:00;-2.1;18.402104
1900-02-02 20:00:00+01:00;-1.7;16.13427
1900-02-02 21:00:00+01:00;-1.7;13.5223135
1900-02-02 22:00:00+01:00;-2;11.653114
1900-02-02 23:00:00+01:00;-2.8;10.539138
1900-02-03 00:00:00+01:00;-3.1;10.010882
1900-02-03 01:00:00+01:00;-3;9.713938
1900-02-03 02:00:00+01:00;-2.6;9.568476
1900-02-03 03:00:00+01:00;-2.6;9.283135
1900-02-03 04:00:00+01:00;-3.5;9.150213
1900-02-03 05:00:00+01:00;-4.3;9.247971
1900-02-03 06:00:00+01:00;-5;9.714335
1900-02-03 07:00:00+01:00;-4.8;10.416313
1900-02-03 08:00:00+01:00;-4.8;12.5900159
1900-02-03 09:00:00+01:00;-4;15.882276
1900-02-03 10:00:00+01:00;-3.1;18.363592
1900-02-03 11:00:00+01:00;-2.3;19.002148
1900-02-03 12:00:00+01:00;-1.5;19.313076
1900-02-03 13:00:00+01:00;-1.2;19.429464
1900-02-03 14:00:00+01:00;-1.4;18.779088
1900-02-03 15:00:00+01:00;-1.5;17.831505
1900-02-03 16:00:00+01:00;-1.7;16.999584
1900-02-03 17:00:00+01:00;-1.7;16.250017
1900-02-03 18:00:00+01:00;-2.1;14.638337
1900-02-03 19:00:00+01:00;-2.5;12.8257983
1900-02-03 20:00:00+01:00;-2.3;11.497931
1900-02-03 21:00:00+01:00;-2.4;10.624333
1900-02-03 22:00:00+01:00;-3.1;10.151469
1900-02-03 23:00:00+01:00;-5.1;9.831164
1900-02-04 00:00:00+01:00;-6.1;10.010882
1900-02-04 01:00:00+01:00;-6.8;9.713938
1900-02-04 02:00:00+01:00;-6.3;9.568476
1900-02-04 03:00:00+01:00;-4.1;9.283135
1900-02-04 04:00:00+01:00;-4.1;9.150213
1900-02-04 05:00:00+01:00;-4;9.247971
1900-02-04 06:00:00+01:00;-3.5;9.714335
1900-02-04 07:00:00+01:00;-3.3;10.416313
1900-02-04 08:00:00+01:00;-2;12.5900159
1900-02-04 09:00:00+01:00;-2.8;15.882276
1900-02-04 10:00:00+01:00;-2;18.363592
1900-02-04 11:00:00+01:00;-1.5;19.002148
1900-02-04 12:00:00+01:00;-1.4;19.313076
1900-02-04 13:00:00+01:00;-1.5;19.429464
1900-02-04 14:00:00+01:00;-1;18.779088
1900-02-04 15:00:00+01:00;-1;17.831505
1900-02-04 16:00:00+01:00;-0.7;16.999584
1900-02-04 17:00:00+01:00;1.1;16.250017
1900-02-04 18:00:00+01:00;0.6;14.638337
1900-02-04 19:00:00+01:00;0.4;12.8257983
1900-02-04 20:00:00+01:00;-0.6;11.497931
1900-02-04 21:00:00+01:00;0;10.624333
1900-02-04 22:00:00+01:00;0;10.151469
1900-02-04 23:00:00+01:00;0.5;9.831164
1900-02-05 00:00:00+01:00;0.9;9.64108
1900-02-05 01:00:00+01:00;1.5;9.385228
1900-02-05 02:00:00+01:00;0.9;9.321358
1900-02-05 03:00:00+01:00;1.2;9.303854
1900-02-05 04:00:00+01:00;1.5;9.54541
1900-02-05 05:00:00+01:00;1.7;10.363691
1900-02-05 06:00:00+01:00;1.9;13.5274489
1900-02-05 07:00:00+01:00;1.7;18.092298
1900-02-05 08:00:00+01:00;2;21.030319
1900-02-05 09:00:00+01:00;2;23.05201
1900-02-05 10:00:00+01:00;2.4;24.84882
1900-02-05 11:00:00+01:00;1.6;25.05221
1900-02-05 12:00:00+01:00;2;25.15671
1900-02-05 13:00:00+01:00;2.1;25.11921
1900-02-05 14:00:00+01:00;1.6;24.97428
1900-02-05 15:00:00+01:00;1.4;24.81357
1900-02-05 16:00:00+01:00;1.3;23.41507
1900-02-05 17:00:00+01:00;1.3;21.288165
1900-02-05 18:00:00+01:00;1.2;19.800912
1900-02-05 19:00:00+01:00;1.4;18.402104
1900-02-05 20:00:00+01:00;1.3;16.13427
1900-02-05 21:00:00+01:00;1;13.5223135
1900-02-05 22:00:00+01:00;1.1;11.653114
1900-02-05 23:00:00+01:00;0.8;10.539138
1900-02-06 00:00:00+01:00;0.6;9.64108
1900-02-06 01:00:00+01:00;0.4;9.385228
1900-02-06 02:00:00+01:00;0.4;9.321358
1900-02-06 03:00:00+01:00;0.2;9.303854
1900-02-06 04:00:00+01:00;0.5;9.54541
1900-02-06 05:00:00+01:00;0.5;10.363691
1900-02-06 06:00:00+01:00;0.8;13.5274489
1900-02-06 07:00:00+01:00;1;18.092298
1900-02-06 08:00:00+01:00;0.7;21.030319
1900-02-06 09:00:00+01:00;0.1;23.05201
1900-02-06 10:00:00+01:00;0.4;24.84882
1900-02-06 11:00:00+01:00;1.5;25.05221
1900-02-06 12:00:00+01:00;1.8;25.15671
1900-02-06 13:00:00+01:00;0.9;25.11921
1900-02-06 14:00:00+01:00;1.9;24.97428
1900-02-06 15:00:00+01:00;3;24.81357
1900-02-06 16:00:00+01:00;3.4;23.41507
1900-02-06 17:00:00+01:00;2.5;21.288165
1900-02-06 18:00:00+01:00;2.1;19.800912
1900-02-06 19:00:00+01:00;2.9;18.402104
1900-02-06 20:00:00+01:00;3.2;16.13427
1900-02-06 21:00:00+01:00;3.6;13.5223135
1900-02-06 22:00:00+01:00;2.8;11.653114
1900-02-06 23:00:00+01:00;2;10.539138
1900-02-07 00:00:00+01:00;2.4;9.64108
1900-02-07 01:00:00+01:00;2.7;9.385228
1900-02-07 02:00:00+01:00;2.5;9.321358
1900-02-07 03:00:00+01:00;2.7;9.303854
1900-02-07 04:00:00+01:00;1;9.54541
1900-02-07 05:00:00+01:00;2.3;10.363691
1900-02-07 06:00:00+01:00;1.9;13.5274489
1900-02-07 07:00:00+01:00;2.2;18.092298
1900-02-07 08:00:00+01:00;1;21.030319
1900-02-07 09:00:00+01:00;0.4;23.05201
1900-02-07 10:00:00+01:00;0.3;24.84882
1900-02-07 11:00:00+01:00;0.1;25.05221
1900-02-07 12:00:00+01:00;-0.3;25.15671
1900-02-07 13:00:00+01:00;-0.5;25.11921
1900-02-07 14:00:00+01:00;-0.3;24.97428
1900-02-07 15:00:00+01:00;-0.5;24.81357
1900-02-07 16:00:00+01:00;-0.3;23.41507
1900-02-07 17:00:00+01:00;-0.5;21.288165
1900-02-07 18:00:00+01:00;-0.6;19.800912
1900-02-07 19:00:00+01:00;-0.6;18.402104
1900-02-07 20:00:00+01:00;-0.8;16.13427
1900-02-07 21:00:00+01:00;-1;13.5223135
1900-02-07 22:00:00+01:00;-1;11.653114
1900-02-07 23:00:00+01:00;-1.2;10.539138
1900-02-08 00:00:00+01:00;-0.8;9.64108
1900-02-08 01:00:00+01:00;-1;9.385228
1900-02-08 02:00:00+01:00;-0.7;9.321358
1900-02-08 03:00:00+01:00;-0.8;9.303854
1900-02-08 04:00:00+01:00;-1;9.54541
1900-02-08 05:00:00+01:00;-0.7;10.363691
1900-02-08 06:00:00+01:00;-0.7;13.5274489
1900-02-08 07:00:00+01:00;-0.5;18.092298
1900-02-08 08:00:00+01:00;-0.3;21.030319
1900-02-08 09:00:00+01:00;-0.3;23.05201
1900-02-08 10:00:00+01:00;-0.1;24.84882
1900-02-08 11:00:00+01:00;0;25.05221
1900-02-08 12:00:00+01:00;0;25.15671
1900-02-08 13:00:00+01:00;0.7;25.11921
1900-02-08 14:00:00+01:00;0.7;24.97428
1900-02-08 15:00:00+01:00;0.8;24.81357
1900-02-08 16:00:00+01:00;0.6;23.41507
1900-02-08 17:00:00+01:00;0.6;21.288165
1900-02-08 18:00:00+01:00;0.7;19.800912
1900-02-08 19:00:00+01:00;0.4;18.402104
1900-02-08 20:00:00+01:00;0.1;16.13427
1900-02-08 21:00:00+01:00;0.5;13.5223135
1900-02-08 22:00:00+01:00;0.6;11.653114
1900-02-08 23:00:00+01:00;0.2;10.539138
1900-02-09 00:00:00+01:00;0.1;9.64108
1900-02-09 01:00:00+01:00;0.2;9.385228
1900-02-09 02:00:00+01:00;0.2;9.321358
1900-02-09 03:00:00+01:00;0.2;9.303854
1900-02-09 04:00:00+01:00;0.3;9.54541
1900-02-09 05:00:00+01:00;0;10.363691
1900-02-09 06:00:00+01:00;0.1;13.5274489
1900-02-09 07:00:00+01:00;0;18.092298
1900-02-09 08:00:00+01:00;-0.1;21.030319
1900-02-09 09:00:00+01:00;0;23.05201
1900-02-09 10:00:00+01:00;0;24.84882
1900-02-09 11:00:00+01:00;0.9;25.05221
1900-02-09 12:00:00+01:00;1.7;25.15671
1900-02-09 13:00:00+01:00;2.2;25.11921
1900-02-09 14:00:00+01:00;3.3;24.97428
1900-02-09 15:00:00+01:00;3.1;24.81357
1900-02-09 16:00:00+01:00;2.6;23.41507
1900-02-09 17:00:00+01:00;1.8;21.288165
1900-02-09 18:00:00+01:00;0;19.800912
1900-02-09 19:00:00+01:00;-0.1;18.402104
1900-02-09 20:00:00+01:00;0.2;16.13427
1900-02-09 21:00:00+01:00;0.1;13.5223135
1900-02-09 22:00:00+01:00;-0.1;11.653114
1900-02-09 23:00:00+01:00;0;10.539138
1900-02-10 00:00:00+01:00;0;10.010882
1900-02-10 01:00:00+01:00;-0.3;9.713938
1900-02-10 02:00:00+01:00;-1.5;9.568476
1900-02-10 03:00:00+01:00;-2.8;9.283135
1900-02-10 04:00:00+01:00;-3.4;9.150213
1900-02-10 05:00:00+01:00;-5.8;9.247971
1900-02-10 06:00:00+01:00;-6.3;9.714335
1900-02-10 07:00:00+01:00;-7.6;10.416313
1900-02-10 08:00:00+01:00;-8.1;12.5900159
1900-02-10 09:00:00+01:00;-7.1;15.882276
1900-02-10 10:00:00+01:00;-6.1;18.363592
1900-02-10 11:00:00+01:00;-3.5;19.002148
1900-02-10 12:00:00+01:00;-2.6;19.313076
1900-02-10 13:00:00+01:00;-1.4;19.429464
1900-02-10 14:00:00+01:00;-0.7;18.779088
1900-02-10 15:00:00+01:00;-2.4;17.831505
1900-02-10 16:00:00+01:00;-3.8;16.999584
1900-02-10 17:00:00+01:00;-4.3;16.250017
1900-02-10 18:00:00+01:00;-7;14.638337
1900-02-10 19:00:00+01:00;-7.3;12.8257983
1900-02-10 20:00:00+01:00;-9.5;11.497931
1900-02-10 21:00:00+01:00;-11.1;10.624333
1900-02-10 22:00:00+01:00;-11.7;10.151469
1900-02-10 23:00:00+01:00;-10.8;9.831164
1900-02-11 00:00:00+01:00;-9.7;10.010882
1900-02-11 01:00:00+01:00;-7.6;9.713938
1900-02-11 02:00:00+01:00;-6.8;9.568476
1900-02-11 03:00:00+01:00;-7.3;9.283135
1900-02-11 04:00:00+01:00;-7.8;9.150213
1900-02-11 05:00:00+01:00;-8.2;9.247971
1900-02-11 06:00:00+01:00;-8.3;9.714335
1900-02-11 07:00:00+01:00;-9;10.416313
1900-02-11 08:00:00+01:00;-9.2;12.5900159
1900-02-11 09:00:00+01:00;-8.8;15.882276
1900-02-11 10:00:00+01:00;-7.5;18.363592
1900-02-11 11:00:00+01:00;-7.1;19.002148
1900-02-11 12:00:00+01:00;-6;19.313076
1900-02-11 13:00:00+01:00;-5.6;19.429464
1900-02-11 14:00:00+01:00;-5.8;18.779088
1900-02-11 15:00:00+01:00;-5.6;17.831505
1900-02-11 16:00:00+01:00;-5.6;16.999584
1900-02-11 17:00:00+01:00;-5.8;16.250017
1900-02-11 18:00:00+01:00;-5.8;14.638337
1900-02-11 19:00:00+01:00;-6.3;12.8257983
1900-02-11 20:00:00+01:00;-6.3;11.497931
1900-02-11 21:00:00+01:00;-6.6;10.624333
1900-02-11 22:00:00+01:00;-6.6;10.151469
1900-02-11 23:00:00+01:00;-6.6;9.831164
1900-02-12 00:00:00+01:00;-7.8;9.64108
1900-02-12 01:00:00+01:00;-8.2;9.385228
1900-02-12 02:00:00+01:00;-8.6;9.321358
1900-02-12 03:00:00+01:00;-8.2;9.303854
1900-02-12 04:00:00+01:00;-8.7;9.54541
1900-02-12 05:00:00+01:00;-8.7;10.363691
1900-02-12 06:00:00+01:00;-9;13.5274489
1900-02-12 07:00:00+01:00;-9.2;18.092298
1900-02-12 08:00:00+01:00;-9.1;21.030319
1900-02-12 09:00:00+01:00;-9.1;23.05201
1900-02-12 10:00:00+01:00;-8.2;24.84882
1900-02-12 11:00:00+01:00;-7.3;25.05221
1900-02-12 12:00:00+01:00;-6.1;25.15671
1900-02-12 13:00:00+01:00;-5.8;25.11921
1900-02-12 14:00:00+01:00;-5.5;24.97428
1900-02-12 15:00:00+01:00;-5.1;24.81357
1900-02-12 16:00:00+01:00;-5.3;23.41507
1900-02-12 17:00:00+01:00;-5.3;21.288165
1900-02-12 18:00:00+01:00;-5;19.800912
1900-02-12 19:00:00+01:00;-4.6;18.402104
1900-02-12 20:00:00+01:00;-4.5;16.13427
1900-02-12 21:00:00+01:00;-4.1;13.5223135
1900-02-12 22:00:00+01:00;-4.1;11.653114
1900-02-12 23:00:00+01:00;-4.5;10.539138
1900-02-13 00:00:00+01:00;-4.1;9.64108
1900-02-13 01:00:00+01:00;-3.9;9.385228
1900-02-13 02:00:00+01:00;-3.6;9.321358
1900-02-13 03:00:00+01:00;-3.4;9.303854
1900-02-13 04:00:00+01:00;-2.5;9.54541
1900-02-13 05:00:00+01:00;1.4;10.363691
1900-02-13 06:00:00+01:00;3.3;13.5274489
1900-02-13 07:00:00+01:00;3.8;18.092298
1900-02-13 08:00:00+01:00;4.1;21.030319
1900-02-13 09:00:00+01:00;4.3;23.05201
1900-02-13 10:00:00+01:00;4.8;24.84882
1900-02-13 11:00:00+01:00;5.9;25.05221
1900-02-13 12:00:00+01:00;4.9;25.15671
1900-02-13 13:00:00+01:00;4.7;25.11921
1900-02-13 14:00:00+01:00;4;24.97428
1900-02-13 15:00:00+01:00;1.5;24.81357
1900-02-13 16:00:00+01:00;0.3;23.41507
1900-02-13 17:00:00+01:00;-1.2;21.288165
1900-02-13 18:00:00+01:00;-2;19.800912
1900-02-13 19:00:00+01:00;-3;18.402104
1900-02-13 20:00:00+01:00;-3;16.13427
1900-02-13 21:00:00+01:00;-3.9;13.5223135
1900-02-13 22:00:00+01:00;-4.8;11.653114
1900-02-13 23:00:00+01:00;-7.8;10.539138
1900-02-14 00:00:00+01:00;-10.3;9.64108
1900-02-14 01:00:00+01:00;-9.7;9.385228
1900-02-14 02:00:00+01:00;-12.7;9.321358
1900-02-14 03:00:00+01:00;-15.6;9.303854
1900-02-14 04:00:00+01:00;-17.2;9.54541
1900-02-14 05:00:00+01:00;-14.5;10.363691
1900-02-14 06:00:00+01:00;-12;13.5274489
1900-02-14 07:00:00+01:00;-12;18.092298
1900-02-14 08:00:00+01:00;-15.7;21.030319
1900-02-14 09:00:00+01:00;-11.6;23.05201
1900-02-14 10:00:00+01:00;-8.3;24.84882
1900-02-14 11:00:00+01:00;-5.5;25.05221
1900-02-14 12:00:00+01:00;-1.4;25.15671
1900-02-14 13:00:00+01:00;-1;25.11921
1900-02-14 14:00:00+01:00;-0.6;24.97428
1900-02-14 15:00:00+01:00;-0.3;24.81357
1900-02-14 16:00:00+01:00;-0.6;23.41507
1900-02-14 17:00:00+01:00;-0.7;21.288165
1900-02-14 18:00:00+01:00;-0.3;19.800912
1900-02-14 19:00:00+01:00;-0.3;18.402104
1900-02-14 20:00:00+01:00;0.4;16.13427
1900-02-14 21:00:00+01:00;0.3;13.5223135
1900-02-14 22:00:00+01:00;-2.1;11.653114
1900-02-14 23:00:00+01:00;-0.5;10.539138
1900-02-15 00:00:00+01:00;1.6;9.64108
1900-02-15 01:00:00+01:00;1.2;9.385228
1900-02-15 02:00:00+01:00;-1.2;9.321358
1900-02-15 03:00:00+01:00;0.6;9.303854
1900-02-15 04:00:00+01:00;1.1;9.54541
1900-02-15 05:00:00+01:00;-1.5;10.363691
1900-02-15 06:00:00+01:00;-3;13.5274489
1900-02-15 07:00:00+01:00;-5;18.092298
1900-02-15 08:00:00+01:00;-6.1;21.030319
1900-02-15 09:00:00+01:00;-7.1;23.05201
1900-02-15 10:00:00+01:00;-4.3;24.84882
1900-02-15 11:00:00+01:00;-1.9;25.05221
1900-02-15 12:00:00+01:00;-1.5;25.15671
1900-02-15 13:00:00+01:00;-1.5;25.11921
1900-02-15 14:00:00+01:00;-1.4;24.97428
1900-02-15 15:00:00+01:00;-1.9;24.81357
1900-02-15 16:00:00+01:00;-2.3;23.41507
1900-02-15 17:00:00+01:00;-3.4;21.288165
1900-02-15 18:00:00+01:00;-4.3;19.800912
1900-02-15 19:00:00+01:00;-5.6;18.402104
1900-02-15 20:00:00+01:00;-9;16.13427
1900-02-15 21:00:00+01:00;-14;13.5223135
1900-02-15 22:00:00+01:00;-12.1;11.653114
1900-02-15 23:00:00+01:00;-14.8;10.539138
1900-02-16 00:00:00+01:00;-13.2;9.64108
1900-02-16 01:00:00+01:00;-15.2;9.385228
1900-02-16 02:00:00+01:00;-18.5;9.321358
1900-02-16 03:00:00+01:00;-11.8;9.303854
1900-02-16 04:00:00+01:00;-10.1;9.54541
1900-02-16 05:00:00+01:00;-9.7;10.363691
1900-02-16 06:00:00+01:00;-8.7;13.5274489
1900-02-16 07:00:00+01:00;-5.1;18.092298
1900-02-16 08:00:00+01:00;-4.6;21.030319
1900-02-16 09:00:00+01:00;-5.8;23.05201
1900-02-16 10:00:00+01:00;-4.1;24.84882
1900-02-16 11:00:00+01:00;-4.3;25.05221
1900-02-16 12:00:00+01:00;-3;25.15671
1900-02-16 13:00:00+01:00;-2.5;25.11921
1900-02-16 14:00:00+01:00;-2.5;24.97428
1900-02-16 15:00:00+01:00;-2.4;24.81357
1900-02-16 16:00:00+01:00;-3.5;23.41507
1900-02-16 17:00:00+01:00;-5.1;21.288165
1900-02-16 18:00:00+01:00;-7.8;19.800912
1900-02-16 19:00:00+01:00;-9.2;18.402104
1900-02-16 20:00:00+01:00;-10.3;16.13427
1900-02-16 21:00:00+01:00;-15;13.5223135
1900-02-16 22:00:00+01:00;-18.2;11.653114
1900-02-16 23:00:00+01:00;-19;10.539138
1900-02-17 00:00:00+01:00;-16.7;10.010882
1900-02-17 01:00:00+01:00;-13.7;9.713938
1900-02-17 02:00:00+01:00;-14.2;9.568476
1900-02-17 03:00:00+01:00;-13.2;9.283135
1900-02-17 04:00:00+01:00;-12.5;9.150213
1900-02-17 05:00:00+01:00;-11.7;9.247971
1900-02-17 06:00:00+01:00;-13.6;9.714335
1900-02-17 07:00:00+01:00;-15.7;10.416313
1900-02-17 08:00:00+01:00;-15.6;12.5900159
1900-02-17 09:00:00+01:00;-10.7;15.882276
1900-02-17 10:00:00+01:00;-9.3;18.363592
1900-02-17 11:00:00+01:00;-3.5;19.002148
1900-02-17 12:00:00+01:00;-2.5;19.313076
1900-02-17 13:00:00+01:00;-0.6;19.429464
1900-02-17 14:00:00+01:00;-0.7;18.779088
1900-02-17 15:00:00+01:00;-1.2;17.831505
1900-02-17 16:00:00+01:00;-1.7;16.999584
1900-02-17 17:00:00+01:00;-3.5;16.250017
1900-02-17 18:00:00+01:00;-4.8;14.638337
1900-02-17 19:00:00+01:00;-7.1;12.8257983
1900-02-17 20:00:00+01:00;-7.6;11.497931
1900-02-17 21:00:00+01:00;-8.7;10.624333
1900-02-17 22:00:00+01:00;-9.5;10.151469
1900-02-17 23:00:00+01:00;-12.7;9.831164
1900-02-18 00:00:00+01:00;-13.6;10.010882
1900-02-18 01:00:00+01:00;-13.7;9.713938
1900-02-18 02:00:00+01:00;-13.3;9.568476
1900-02-18 03:00:00+01:00;-14;9.283135
1900-02-18 04:00:00+01:00;-15.2;9.150213
1900-02-18 05:00:00+01:00;-19;9.247971
1900-02-18 06:00:00+01:00;-22.2;9.714335
1900-02-18 07:00:00+01:00;-21.5;10.416313
1900-02-18 08:00:00+01:00;-22;12.5900159
1900-02-18 09:00:00+01:00;-17.4;15.882276
1900-02-18 10:00:00+01:00;-9.6;18.363592
1900-02-18 11:00:00+01:00;-6.3;19.002148
1900-02-18 12:00:00+01:00;-3.5;19.313076
1900-02-18 13:00:00+01:00;-3.6;19.429464
1900-02-18 14:00:00+01:00;-2.5;18.779088
1900-02-18 15:00:00+01:00;-2.9;17.831505
1900-02-18 16:00:00+01:00;-3.8;16.999584
1900-02-18 17:00:00+01:00;-5.1;16.250017
1900-02-18 18:00:00+01:00;-7.3;14.638337
1900-02-18 19:00:00+01:00;-10.3;12.8257983
1900-02-18 20:00:00+01:00;-10.5;11.497931
1900-02-18 21:00:00+01:00;-16;10.624333
1900-02-18 22:00:00+01:00;-15.1;10.151469
1900-02-18 23:00:00+01:00;-11.5;9.831164
1900-02-19 00:00:00+01:00;-11.5;9.64108
1900-02-19 01:00:00+01:00;-10.7;9.385228
1900-02-19 02:00:00+01:00;-14.7;9.321358
1900-02-19 03:00:00+01:00;-18.4;9.303854
1900-02-19 04:00:00+01:00;-17.7;9.54541
1900-02-19 05:00:00+01:00;-20.5;10.363691
1900-02-19 06:00:00+01:00;-22.5;13.5274489
1900-02-19 07:00:00+01:00;-20.4;18.092298
1900-02-19 08:00:00+01:00;-21.2;21.030319
1900-02-19 09:00:00+01:00;-13.2;23.05201
1900-02-19 10:00:00+01:00;-10;24.84882
1900-02-19 11:00:00+01:00;-7;25.05221
1900-02-19 12:00:00+01:00;-3.6;25.15671
1900-02-19 13:00:00+01:00;-1.9;25.11921
1900-02-19 14:00:00+01:00;-1.5;24.97428
1900-02-19 15:00:00+01:00;-2;24.81357
1900-02-19 16:00:00+01:00;-3;23.41507
1900-02-19 17:00:00+01:00;-4.8;21.288165
1900-02-19 18:00:00+01:00;-6.5;19.800912
1900-02-19 19:00:00+01:00;-6.8;18.402104
1900-02-19 20:00:00+01:00;-9.5;16.13427
1900-02-19 21:00:00+01:00;-10;13.5223135
1900-02-19 22:00:00+01:00;-11.2;11.653114
1900-02-19 23:00:00+01:00;-14.7;10.539138
1900-02-20 00:00:00+01:00;-15.3;9.64108
1900-02-20 01:00:00+01:00;-16.5;9.385228
1900-02-20 02:00:00+01:00;-16.4;9.321358
1900-02-20 03:00:00+01:00;-19.4;9.303854
1900-02-20 04:00:00+01:00;-19.7;9.54541
1900-02-20 05:00:00+01:00;-20.2;10.363691
1900-02-20 06:00:00+01:00;-16.2;13.5274489
1900-02-20 07:00:00+01:00;-13.8;18.092298
1900-02-20 08:00:00+01:00;-11.2;21.030319
1900-02-20 09:00:00+01:00;-10.7;23.05201
1900-02-20 10:00:00+01:00;-8;24.84882
1900-02-20 11:00:00+01:00;-5.3;25.05221
1900-02-20 12:00:00+01:00;-4.3;25.15671
1900-02-20 13:00:00+01:00;-3.4;25.11921
1900-02-20 14:00:00+01:00;-2;24.97428
1900-02-20 15:00:00+01:00;-2.3;24.81357
1900-02-20 16:00:00+01:00;-2.3;23.41507
1900-02-20 17:00:00+01:00;-3;21.288165
1900-02-20 18:00:00+01:00;-5.6;19.800912
1900-02-20 19:00:00+01:00;-7.3;18.402104
1900-02-20 20:00:00+01:00;-8.7;16.13427
1900-02-20 21:00:00+01:00;-10.2;13.5223135
1900-02-20 22:00:00+01:00;-11.3;11.653114
1900-02-20 23:00:00+01:00;-11;10.539138
1900-02-21 00:00:00+01:00;-12.3;9.64108
1900-02-21 01:00:00+01:00;-14.2;9.385228
1900-02-21 02:00:00+01:00;-14.6;9.321358
1900-02-21 03:00:00+01:00;-18.2;9.303854
1900-02-21 04:00:00+01:00;-16.9;9.54541
1900-02-21 05:00:00+01:00;-16.7;10.363691
1900-02-21 06:00:00+01:00;-17.9;13.5274489
1900-02-21 07:00:00+01:00;-16;18.092298
1900-02-21 08:00:00+01:00;-15.5;21.030319
1900-02-21 09:00:00+01:00;-13;23.05201
1900-02-21 10:00:00+01:00;-9.7;24.84882
1900-02-21 11:00:00+01:00;-7.3;25.05221
1900-02-21 12:00:00+01:00;-5;25.15671
1900-02-21 13:00:00+01:00;-3.8;25.11921
1900-02-21 14:00:00+01:00;-2;24.97428
1900-02-21 15:00:00+01:00;-1.5;24.81357
1900-02-21 16:00:00+01:00;-1.7;23.41507
1900-02-21 17:00:00+01:00;-2.9;21.288165
1900-02-21 18:00:00+01:00;-4;19.800912
1900-02-21 19:00:00+01:00;-4.8;18.402104
1900-02-21 20:00:00+01:00;-5.3;16.13427
1900-02-21 21:00:00+01:00;-5.3;13.5223135
1900-02-21 22:00:00+01:00;-6;11.653114
1900-02-21 23:00:00+01:00;-8.7;10.539138
1900-02-22 00:00:00+01:00;-9.2;9.64108
1900-02-22 01:00:00+01:00;-10.2;9.385228
1900-02-22 02:00:00+01:00;-12.8;9.321358
1900-02-22 03:00:00+01:00;-13.3;9.303854
1900-02-22 04:00:00+01:00;-14.6;9.54541
1900-02-22 05:00:00+01:00;-17.5;10.363691
1900-02-22 06:00:00+01:00;-15.2;13.5274489
1900-02-22 07:00:00+01:00;-15.7;18.092298
1900-02-22 08:00:00+01:00;-16.5;21.030319
1900-02-22 09:00:00+01:00;-9.3;23.05201
1900-02-22 10:00:00+01:00;-6.5;24.84882
1900-02-22 11:00:00+01:00;-2.4;25.05221
1900-02-22 12:00:00+01:00;-1.9;25.15671
1900-02-22 13:00:00+01:00;-0.7;25.11921
1900-02-22 14:00:00+01:00;-1;24.97428
1900-02-22 15:00:00+01:00;-1.2;24.81357
1900-02-22 16:00:00+01:00;-2;23.41507
1900-02-22 17:00:00+01:00;-4;21.288165
1900-02-22 18:00:00+01:00;-7.1;19.800912
1900-02-22 19:00:00+01:00;-9;18.402104
1900-02-22 20:00:00+01:00;-10;16.13427
1900-02-22 21:00:00+01:00;-12.2;13.5223135
1900-02-22 22:00:00+01:00;-11.1;11.653114
1900-02-22 23:00:00+01:00;-14.3;10.539138
1900-02-23 00:00:00+01:00;-19.5;9.64108
1900-02-23 01:00:00+01:00;-20;9.385228
1900-02-23 02:00:00+01:00;-20.7;9.321358
1900-02-23 03:00:00+01:00;-21.2;9.303854
1900-02-23 04:00:00+01:00;-23;9.54541
1900-02-23 05:00:00+01:00;-23.5;10.363691
1900-02-23 06:00:00+01:00;-24.7;13.5274489
1900-02-23 07:00:00+01:00;-24;18.092298
1900-02-23 08:00:00+01:00;-18.7;21.030319
1900-02-23 09:00:00+01:00;-13;23.05201
1900-02-23 10:00:00+01:00;-9.7;24.84882
1900-02-23 11:00:00+01:00;-7.6;25.05221
1900-02-23 12:00:00+01:00;-6;25.15671
1900-02-23 13:00:00+01:00;-5.6;25.11921
1900-02-23 14:00:00+01:00;-5.1;24.97428
1900-02-23 15:00:00+01:00;-5;24.81357
1900-02-23 16:00:00+01:00;-4.6;23.41507
1900-02-23 17:00:00+01:00;-5.1;21.288165
1900-02-23 18:00:00+01:00;-8.2;19.800912
1900-02-23 19:00:00+01:00;-8.7;18.402104
1900-02-23 20:00:00+01:00;-8;16.13427
1900-02-23 21:00:00+01:00;-7;13.5223135
1900-02-23 22:00:00+01:00;-6.1;11.653114
1900-02-23 23:00:00+01:00;-5.6;10.539138
1900-02-24 00:00:00+01:00;-7.6;10.010882
1900-02-24 01:00:00+01:00;-8.6;9.713938
1900-02-24 02:00:00+01:00;-8.7;9.568476
1900-02-24 03:00:00+01:00;-9.6;9.283135
1900-02-24 04:00:00+01:00;-9.2;9.150213
1900-02-24 05:00:00+01:00;-9.1;9.247971
1900-02-24 06:00:00+01:00;-6.3;9.714335
1900-02-24 07:00:00+01:00;-5.3;10.416313
1900-02-24 08:00:00+01:00;-5;12.5900159
1900-02-24 09:00:00+01:00;-4.6;15.882276
1900-02-24 10:00:00+01:00;-3.3;18.363592
1900-02-24 11:00:00+01:00;-2.3;19.002148
1900-02-24 12:00:00+01:00;-1.7;19.313076
1900-02-24 13:00:00+01:00;-0.8;19.429464
1900-02-24 14:00:00+01:00;-0.7;18.779088
1900-02-24 15:00:00+01:00;-1;17.831505
1900-02-24 16:00:00+01:00;-1.5;16.999584
1900-02-24 17:00:00+01:00;-2;16.250017
1900-02-24 18:00:00+01:00;-2.1;14.638337
1900-02-24 19:00:00+01:00;-4.3;12.8257983
1900-02-24 20:00:00+01:00;-5.6;11.497931
1900-02-24 21:00:00+01:00;-7;10.624333
1900-02-24 22:00:00+01:00;-8.6;10.151469
1900-02-24 23:00:00+01:00;-10.2;9.831164
1900-02-25 00:00:00+01:00;-10.6;10.010882
1900-02-25 01:00:00+01:00;-11.6;9.713938
1900-02-25 02:00:00+01:00;-10.6;9.568476
1900-02-25 03:00:00+01:00;-11;9.283135
1900-02-25 04:00:00+01:00;-12.2;9.150213
1900-02-25 05:00:00+01:00;-13.5;9.247971
1900-02-25 06:00:00+01:00;-12.6;9.714335
1900-02-25 07:00:00+01:00;-12;10.416313
1900-02-25 08:00:00+01:00;-9.8;12.5900159
1900-02-25 09:00:00+01:00;-8;15.882276
1900-02-25 10:00:00+01:00;-6.8;18.363592
1900-02-25 11:00:00+01:00;-5.5;19.002148
1900-02-25 12:00:00+01:00;-3.5;19.313076
1900-02-25 13:00:00+01:00;-1.7;19.429464
1900-02-25 14:00:00+01:00;-2;18.779088
1900-02-25 15:00:00+01:00;-2.8;17.831505
1900-02-25 16:00:00+01:00;-3.1;16.999584
1900-02-25 17:00:00+01:00;-3.3;16.250017
1900-02-25 18:00:00+01:00;-3.6;14.638337
1900-02-25 19:00:00+01:00;-4.1;12.8257983
1900-02-25 20:00:00+01:00;-4.5;11.497931
1900-02-25 21:00:00+01:00;-4;10.624333
1900-02-25 22:00:00+01:00;-4.6;10.151469
1900-02-25 23:00:00+01:00;-7;9.831164
1900-02-26 00:00:00+01:00;-6.5;9.64108
1900-02-26 01:00:00+01:00;-5.3;9.385228
1900-02-26 02:00:00+01:00;-5.3;9.321358
1900-02-26 03:00:00+01:00;-5.1;9.303854
1900-02-26 04:00:00+01:00;-5;9.54541
1900-02-26 05:00:00+01:00;-4.5;10.363691
1900-02-26 06:00:00+01:00;-4.1;13.5274489
1900-02-26 07:00:00+01:00;-3.9;18.092298
1900-02-26 08:00:00+01:00;-3.5;21.030319
1900-02-26 09:00:00+01:00;-2.5;23.05201
1900-02-26 10:00:00+01:00;-1.4;24.84882
1900-02-26 11:00:00+01:00;-0.3;25.05221
1900-02-26 12:00:00+01:00;1;25.15671
1900-02-26 13:00:00+01:00;2.8;25.11921
1900-02-26 14:00:00+01:00;3.5;24.97428
1900-02-26 15:00:00+01:00;0.8;24.81357
1900-02-26 16:00:00+01:00;-0.1;23.41507
1900-02-26 17:00:00+01:00;-1.5;21.288165
1900-02-26 18:00:00+01:00;-2.5;19.800912
1900-02-26 19:00:00+01:00;-3.4;18.402104
1900-02-26 20:00:00+01:00;-3.5;16.13427
1900-02-26 21:00:00+01:00;-4.8;13.5223135
1900-02-26 22:00:00+01:00;-5.5;11.653114
1900-02-26 23:00:00+01:00;-4.3;10.539138
1900-02-27 00:00:00+01:00;-6.1;9.64108
1900-02-27 01:00:00+01:00;-7;9.385228
1900-02-27 02:00:00+01:00;-6;9.321358
1900-02-27 03:00:00+01:00;-6.3;9.303854
1900-02-27 04:00:00+01:00;-4.8;9.54541
1900-02-27 05:00:00+01:00;-5;10.363691
1900-02-27 06:00:00+01:00;-4.6;13.5274489
1900-02-27 07:00:00+01:00;-4.6;18.092298
1900-02-27 08:00:00+01:00;-4.3;21.030319
1900-02-27 09:00:00+01:00;-4.3;23.05201
1900-02-27 10:00:00+01:00;-3.8;24.84882
1900-02-27 11:00:00+01:00;-3.3;25.05221
1900-02-27 12:00:00+01:00;-2.8;25.15671
1900-02-27 13:00:00+01:00;-2.5;25.11921
1900-02-27 14:00:00+01:00;-2.5;24.97428
1900-02-27 15:00:00+01:00;-2.9;24.81357
1900-02-27 16:00:00+01:00;-3;23.41507
1900-02-27 17:00:00+01:00;-4;21.288165
1900-02-27 18:00:00+01:00;-6.1;19.800912
1900-02-27 19:00:00+01:00;-6.5;18.402104
1900-02-27 20:00:00+01:00;-8.1;16.13427
1900-02-27 21:00:00+01:00;-7.5;13.5223135
1900-02-27 22:00:00+01:00;-8.3;11.653114
1900-02-27 23:00:00+01:00;-8.5;10.539138
1900-02-28 00:00:00+01:00;-8.5;9.64108
1900-02-28 01:00:00+01:00;-8;9.385228
1900-02-28 02:00:00+01:00;-7.3;9.321358
1900-02-28 03:00:00+01:00;-7.3;9.303854
1900-02-28 04:00:00+01:00;-7.5;9.54541
1900-02-28 05:00:00+01:00;-6.8;10.363691
1900-02-28 06:00:00+01:00;-6.6;13.5274489
1900-02-28 07:00:00+01:00;-6.6;18.092298
1900-02-28 08:00:00+01:00;-5.8;21.030319
1900-02-28 09:00:00+01:00;-5.1;23.05201
1900-02-28 10:00:00+01:00;-4.5;24.84882
1900-02-28 11:00:00+01:00;-3.5;25.05221
1900-02-28 12:00:00+01:00;-3;25.15671
1900-02-28 13:00:00+01:00;-2.4;25.11921
1900-02-28 14:00:00+01:00;-1.7;24.97428
1900-02-28 15:00:00+01:00;-2.8;24.81357
1900-02-28 16:00:00+01:00;-3;23.41507
1900-02-28 17:00:00+01:00;-3.4;21.288165
1900-02-28 18:00:00+01:00;-5.3;19.800912
1900-02-28 19:00:00+01:00;-4.6;18.402104
1900-02-28 20:00:00+01:00;-4.8;16.13427
1900-02-28 21:00:00+01:00;-4.5;13.5223135
1900-02-28 22:00:00+01:00;-4.7;11.653114
1900-02-28 23:00:00+01:00;-5.9;10.539138
1900-03-01 00:00:00+01:00;-5.8;9.64108
1900-03-01 01:00:00+01:00;-5.9;9.385228
1900-03-01 02:00:00+01:00;-5.7;9.321358
1900-03-01 03:00:00+01:00;-5.1;9.303854
1900-03-01 04:00:00+01:00;-5;9.54541
1900-03-01 05:00:00+01:00;-5;10.363691
1900-03-01 06:00:00+01:00;-3.6;13.5274489
1900-03-01 07:00:00+01:00;-3.3;18.092298
1900-03-01 08:00:00+01:00;-3.4;21.030319
1900-03-01 09:00:00+01:00;-1.5;23.05201
1900-03-01 10:00:00+01:00;-0.8;24.84882
1900-03-01 11:00:00+01:00;-0.3;25.05221
1900-03-01 12:00:00+01:00;0.1;25.15671
1900-03-01 13:00:00+01:00;0;25.11921
1900-03-01 14:00:00+01:00;0.6;24.97428
1900-03-01 15:00:00+01:00;0.2;24.81357
1900-03-01 16:00:00+01:00;0.2;23.41507
1900-03-01 17:00:00+01:00;-0.1;21.288165
1900-03-01 18:00:00+01:00;-0.3;19.800912
1900-03-01 19:00:00+01:00;-1;18.402104
1900-03-01 20:00:00+01:00;-0.8;16.13427
1900-03-01 21:00:00+01:00;-0.8;13.5223135
1900-03-01 22:00:00+01:00;-1.7;11.653114
1900-03-01 23:00:00+01:00;-1.5;10.539138
1900-03-02 00:00:00+01:00;-1.9;9.64108
1900-03-02 01:00:00+01:00;-2.5;9.385228
1900-03-02 02:00:00+01:00;-2.6;9.321358
1900-03-02 03:00:00+01:00;-3;9.303854
1900-03-02 04:00:00+01:00;-3.8;9.54541
1900-03-02 05:00:00+01:00;-4.5;10.363691
1900-03-02 06:00:00+01:00;-4.6;13.5274489
1900-03-02 07:00:00+01:00;-5.1;18.092298
1900-03-02 08:00:00+01:00;-4.1;21.030319
1900-03-02 09:00:00+01:00;-3.4;23.05201
1900-03-02 10:00:00+01:00;-2.3;24.84882
1900-03-02 11:00:00+01:00;-1.4;25.05221
1900-03-02 12:00:00+01:00;-0.7;25.15671
1900-03-02 13:00:00+01:00;-0.5;25.11921
1900-03-02 14:00:00+01:00;-0.5;24.97428
1900-03-02 15:00:00+01:00;-0.7;24.81357
1900-03-02 16:00:00+01:00;-0.7;23.41507
1900-03-02 17:00:00+01:00;-2.6;21.288165
1900-03-02 18:00:00+01:00;-2;19.800912
1900-03-02 19:00:00+01:00;-2.8;18.402104
1900-03-02 20:00:00+01:00;-2.4;16.13427
1900-03-02 21:00:00+01:00;-2.5;13.5223135
1900-03-02 22:00:00+01:00;-3;11.653114
1900-03-02 23:00:00+01:00;-3.1;10.539138
1900-03-03 00:00:00+01:00;-3.5;10.010882
1900-03-03 01:00:00+01:00;-3.5;9.713938
1900-03-03 02:00:00+01:00;-3.3;9.568476
1900-03-03 03:00:00+01:00;-3.5;9.283135
1900-03-03 04:00:00+01:00;-3.5;9.150213
1900-03-03 05:00:00+01:00;-3.9;9.247971
1900-03-03 06:00:00+01:00;-4.3;9.714335
1900-03-03 07:00:00+01:00;-4.1;10.416313
1900-03-03 08:00:00+01:00;-5.3;12.5900159
1900-03-03 09:00:00+01:00;-4;15.882276
1900-03-03 10:00:00+01:00;-3;18.363592
1900-03-03 11:00:00+01:00;-2.3;19.002148
1900-03-03 12:00:00+01:00;-2.4;19.313076
1900-03-03 13:00:00+01:00;-2;19.429464
1900-03-03 14:00:00+01:00;-2.3;18.779088
1900-03-03 15:00:00+01:00;-2;17.831505
1900-03-03 16:00:00+01:00;-1.7;16.999584
1900-03-03 17:00:00+01:00;-2;16.250017
1900-03-03 18:00:00+01:00;-2.6;14.638337
1900-03-03 19:00:00+01:00;-2;12.8257983
1900-03-03 20:00:00+01:00;-1.5;11.497931
1900-03-03 21:00:00+01:00;-1.5;10.624333
1900-03-03 22:00:00+01:00;-1.5;10.151469
1900-03-03 23:00:00+01:00;-1.7;9.831164
1900-03-04 00:00:00+01:00;-2.1;10.010882
1900-03-04 01:00:00+01:00;-2;9.713938
1900-03-04 02:00:00+01:00;-2.5;9.568476
1900-03-04 03:00:00+01:00;-0.3;9.283135
1900-03-04 04:00:00+01:00;0.6;9.150213
1900-03-04 05:00:00+01:00;0.7;9.247971
1900-03-04 06:00:00+01:00;0.6;9.714335
1900-03-04 07:00:00+01:00;1;10.416313
1900-03-04 08:00:00+01:00;1.2;12.5900159
1900-03-04 09:00:00+01:00;1.1;15.882276
1900-03-04 10:00:00+01:00;1.3;18.363592
1900-03-04 11:00:00+01:00;1.7;19.002148
1900-03-04 12:00:00+01:00;2;19.313076
1900-03-04 13:00:00+01:00;2.7;19.429464
1900-03-04 14:00:00+01:00;2.4;18.779088
1900-03-04 15:00:00+01:00;2.7;17.831505
1900-03-04 16:00:00+01:00;2.3;16.999584
1900-03-04 17:00:00+01:00;1.8;16.250017
1900-03-04 18:00:00+01:00;2;14.638337
1900-03-04 19:00:00+01:00;1.7;12.8257983
1900-03-04 20:00:00+01:00;1.6;11.497931
1900-03-04 21:00:00+01:00;1.7;10.624333
1900-03-04 22:00:00+01:00;1.2;10.151469
1900-03-04 23:00:00+01:00;1;9.831164
1900-03-05 00:00:00+01:00;0.8;9.64108
1900-03-05 01:00:00+01:00;1;9.385228
1900-03-05 02:00:00+01:00;0.8;9.321358
1900-03-05 03:00:00+01:00;0.6;9.303854
1900-03-05 04:00:00+01:00;0.5;9.54541
1900-03-05 05:00:00+01:00;0.8;10.363691
1900-03-05 06:00:00+01:00;1.1;13.5274489
1900-03-05 07:00:00+01:00;0.7;18.092298
1900-03-05 08:00:00+01:00;0.8;21.030319
1900-03-05 09:00:00+01:00;0.9;23.05201
1900-03-05 10:00:00+01:00;0.9;24.84882
1900-03-05 11:00:00+01:00;0.6;25.05221
1900-03-05 12:00:00+01:00;0.7;25.15671
1900-03-05 13:00:00+01:00;1;25.11921
1900-03-05 14:00:00+01:00;0.8;24.97428
1900-03-05 15:00:00+01:00;1;24.81357
1900-03-05 16:00:00+01:00;1.4;23.41507
1900-03-05 17:00:00+01:00;1.3;21.288165
1900-03-05 18:00:00+01:00;1.5;19.800912
1900-03-05 19:00:00+01:00;1.5;18.402104
1900-03-05 20:00:00+01:00;1.5;16.13427
1900-03-05 21:00:00+01:00;1.4;13.5223135
1900-03-05 22:00:00+01:00;1.4;11.653114
1900-03-05 23:00:00+01:00;1.1;10.539138
1900-03-06 00:00:00+01:00;0.9;9.64108
1900-03-06 01:00:00+01:00;-0.6;9.385228
1900-03-06 02:00:00+01:00;-0.6;9.321358
1900-03-06 03:00:00+01:00;-0.7;9.303854
1900-03-06 04:00:00+01:00;0;9.54541
1900-03-06 05:00:00+01:00;0.5;10.363691
1900-03-06 06:00:00+01:00;0.4;13.5274489
1900-03-06 07:00:00+01:00;0.6;18.092298
1900-03-06 08:00:00+01:00;0.7;21.030319
1900-03-06 09:00:00+01:00;1;23.05201
1900-03-06 10:00:00+01:00;0.7;24.84882
1900-03-06 11:00:00+01:00;1;25.05221
1900-03-06 12:00:00+01:00;0.9;25.15671
1900-03-06 13:00:00+01:00;1;25.11921
1900-03-06 14:00:00+01:00;0.4;24.97428
1900-03-06 15:00:00+01:00;0.4;24.81357
1900-03-06 16:00:00+01:00;0.1;23.41507
1900-03-06 17:00:00+01:00;0.5;21.288165
1900-03-06 18:00:00+01:00;0.5;19.800912
1900-03-06 19:00:00+01:00;0.4;18.402104
1900-03-06 20:00:00+01:00;0.4;16.13427
1900-03-06 21:00:00+01:00;0.3;13.5223135
1900-03-06 22:00:00+01:00;-0.3;11.653114
1900-03-06 23:00:00+01:00;-0.8;10.539138
1900-03-07 00:00:00+01:00;-1.4;9.64108
1900-03-07 01:00:00+01:00;-1.7;9.385228
1900-03-07 02:00:00+01:00;-2;9.321358
1900-03-07 03:00:00+01:00;-1.7;9.303854
1900-03-07 04:00:00+01:00;-1.2;9.54541
1900-03-07 05:00:00+01:00;-1.2;10.363691
1900-03-07 06:00:00+01:00;-1.4;13.5274489
1900-03-07 07:00:00+01:00;-1;18.092298
1900-03-07 08:00:00+01:00;-0.7;21.030319
1900-03-07 09:00:00+01:00;-0.6;23.05201
1900-03-07 10:00:00+01:00;-0.3;24.84882
1900-03-07 11:00:00+01:00;0.2;25.05221
1900-03-07 12:00:00+01:00;0.6;25.15671
1900-03-07 13:00:00+01:00;0.3;25.11921
1900-03-07 14:00:00+01:00;0.2;24.97428
1900-03-07 15:00:00+01:00;0.8;24.81357
1900-03-07 16:00:00+01:00;0.1;23.41507
1900-03-07 17:00:00+01:00;0.5;21.288165
1900-03-07 18:00:00+01:00;0.8;19.800912
1900-03-07 19:00:00+01:00;0.8;18.402104
1900-03-07 20:00:00+01:00;0.4;16.13427
1900-03-07 21:00:00+01:00;-0.3;13.5223135
1900-03-07 22:00:00+01:00;0;11.653114
1900-03-07 23:00:00+01:00;-0.1;10.539138
1900-03-08 00:00:00+01:00;-0.6;9.64108
1900-03-08 01:00:00+01:00;-1;9.385228
1900-03-08 02:00:00+01:00;-1.2;9.321358
1900-03-08 03:00:00+01:00;-1.5;9.303854
1900-03-08 04:00:00+01:00;-1.4;9.54541
1900-03-08 05:00:00+01:00;-1.5;10.363691
1900-03-08 06:00:00+01:00;-1.2;13.5274489
1900-03-08 07:00:00+01:00;-1;18.092298
1900-03-08 08:00:00+01:00;-0.7;21.030319
1900-03-08 09:00:00+01:00;-0.5;23.05201
1900-03-08 10:00:00+01:00;0.1;24.84882
1900-03-08 11:00:00+01:00;0.1;25.05221
1900-03-08 12:00:00+01:00;0.9;25.15671
1900-03-08 13:00:00+01:00;0.8;25.11921
1900-03-08 14:00:00+01:00;1.2;24.97428
1900-03-08 15:00:00+01:00;1.3;24.81357
1900-03-08 16:00:00+01:00;1.1;23.41507
1900-03-08 17:00:00+01:00;1;21.288165
1900-03-08 18:00:00+01:00;1;19.800912
1900-03-08 19:00:00+01:00;0.3;18.402104
1900-03-08 20:00:00+01:00;0.2;16.13427
1900-03-08 21:00:00+01:00;0.1;13.5223135
1900-03-08 22:00:00+01:00;-0.6;11.653114
1900-03-08 23:00:00+01:00;-1;10.539138
1900-03-09 00:00:00+01:00;-1.5;9.64108
1900-03-09 01:00:00+01:00;-2;9.385228
1900-03-09 02:00:00+01:00;-2.3;9.321358
1900-03-09 03:00:00+01:00;-2.4;9.303854
1900-03-09 04:00:00+01:00;-2.1;9.54541
1900-03-09 05:00:00+01:00;-2.9;10.363691
1900-03-09 06:00:00+01:00;-2.5;13.5274489
1900-03-09 07:00:00+01:00;-2.4;18.092298
1900-03-09 08:00:00+01:00;-2.8;21.030319
1900-03-09 09:00:00+01:00;-2.1;23.05201
1900-03-09 10:00:00+01:00;-1.9;24.84882
1900-03-09 11:00:00+01:00;-1.7;25.05221
1900-03-09 12:00:00+01:00;-1.5;25.15671
1900-03-09 13:00:00+01:00;-1.2;25.11921
1900-03-09 14:00:00+01:00;-0.7;24.97428
1900-03-09 15:00:00+01:00;-1;24.81357
1900-03-09 16:00:00+01:00;-0.3;23.41507
1900-03-09 17:00:00+01:00;-0.3;21.288165
1900-03-09 18:00:00+01:00;-0.7;19.800912
1900-03-09 19:00:00+01:00;-0.3;18.402104
1900-03-09 20:00:00+01:00;-1.4;16.13427
1900-03-09 21:00:00+01:00;-2;13.5223135
1900-03-09 22:00:00+01:00;-4.6;11.653114
1900-03-09 23:00:00+01:00;-6.3;10.539138
1900-03-10 00:00:00+01:00;-7.3;10.010882
1900-03-10 01:00:00+01:00;-8.2;9.713938
1900-03-10 02:00:00+01:00;-9.8;9.568476
1900-03-10 03:00:00+01:00;-9.6;9.283135
1900-03-10 04:00:00+01:00;-10.2;9.150213
1900-03-10 05:00:00+01:00;-12.7;9.247971
1900-03-10 06:00:00+01:00;-13.7;9.714335
1900-03-10 07:00:00+01:00;-13.2;10.416313
1900-03-10 08:00:00+01:00;-9;12.5900159
1900-03-10 09:00:00+01:00;-7.6;15.882276
1900-03-10 10:00:00+01:00;-7.3;18.363592
1900-03-10 11:00:00+01:00;-6.8;19.002148
1900-03-10 12:00:00+01:00;-6.1;19.313076
1900-03-10 13:00:00+01:00;-6.1;19.429464
1900-03-10 14:00:00+01:00;-5.6;18.779088
1900-03-10 15:00:00+01:00;-4.6;17.831505
1900-03-10 16:00:00+01:00;-4.3;16.999584
1900-03-10 17:00:00+01:00;-7.1;16.250017
1900-03-10 18:00:00+01:00;-7.8;14.638337
1900-03-10 19:00:00+01:00;-9.5;12.8257983
1900-03-10 20:00:00+01:00;-10.3;11.497931
1900-03-10 21:00:00+01:00;-12.6;10.624333
1900-03-10 22:00:00+01:00;-13.5;10.151469
1900-03-10 23:00:00+01:00;-14;9.831164
1900-03-11 00:00:00+01:00;-15;10.010882
1900-03-11 01:00:00+01:00;-15.2;9.713938
1900-03-11 02:00:00+01:00;-15.7;9.568476
1900-03-11 03:00:00+01:00;-14.2;9.283135
1900-03-11 04:00:00+01:00;-16.2;9.150213
1900-03-11 05:00:00+01:00;-17.7;9.247971
1900-03-11 06:00:00+01:00;-17;9.714335
1900-03-11 07:00:00+01:00;-14.6;10.416313
1900-03-11 08:00:00+01:00;-12.2;12.5900159
1900-03-11 09:00:00+01:00;-11.7;15.882276
1900-03-11 10:00:00+01:00;-8.7;18.363592
1900-03-11 11:00:00+01:00;-7.6;19.002148
1900-03-11 12:00:00+01:00;-6.6;19.313076
1900-03-11 13:00:00+01:00;-4.6;19.429464
1900-03-11 14:00:00+01:00;-5.3;18.779088
1900-03-11 15:00:00+01:00;-5;17.831505
1900-03-11 16:00:00+01:00;-6.6;16.999584
1900-03-11 17:00:00+01:00;-6.8;16.250017
1900-03-11 18:00:00+01:00;-7.5;14.638337
1900-03-11 19:00:00+01:00;-7.8;12.8257983
1900-03-11 20:00:00+01:00;-8.2;11.497931
1900-03-11 21:00:00+01:00;-10.7;10.624333
1900-03-11 22:00:00+01:00;-10.8;10.151469
1900-03-11 23:00:00+01:00;-11.2;9.831164
1900-03-12 00:00:00+01:00;-10.2;9.64108
1900-03-12 01:00:00+01:00;-9.7;9.385228
1900-03-12 02:00:00+01:00;-10;9.321358
1900-03-12 03:00:00+01:00;-10.5;9.303854
1900-03-12 04:00:00+01:00;-11.1;9.54541
1900-03-12 05:00:00+01:00;-11.5;10.363691
1900-03-12 06:00:00+01:00;-12;13.5274489
1900-03-12 07:00:00+01:00;-11.7;18.092298
1900-03-12 08:00:00+01:00;-10.7;21.030319
1900-03-12 09:00:00+01:00;-6.3;23.05201
1900-03-12 10:00:00+01:00;1.6;24.84882
1900-03-12 11:00:00+01:00;-1;25.05221
1900-03-12 12:00:00+01:00;-0.5;25.15671
1900-03-12 13:00:00+01:00;1.8;25.11921
1900-03-12 14:00:00+01:00;1.7;24.97428
1900-03-12 15:00:00+01:00;3.8;24.81357
1900-03-12 16:00:00+01:00;5.4;23.41507
1900-03-12 17:00:00+01:00;1.2;21.288165
1900-03-12 18:00:00+01:00;-3;19.800912
1900-03-12 19:00:00+01:00;-6;18.402104
1900-03-12 20:00:00+01:00;-7;16.13427
1900-03-12 21:00:00+01:00;-8.1;13.5223135
1900-03-12 22:00:00+01:00;-8.7;11.653114
1900-03-12 23:00:00+01:00;-9;10.539138
1900-03-13 00:00:00+01:00;-9.2;9.64108
1900-03-13 01:00:00+01:00;-9.7;9.385228
1900-03-13 02:00:00+01:00;-9.2;9.321358
1900-03-13 03:00:00+01:00;-9.1;9.303854
1900-03-13 04:00:00+01:00;-8;9.54541
1900-03-13 05:00:00+01:00;-7.5;10.363691
1900-03-13 06:00:00+01:00;-7.3;13.5274489
1900-03-13 07:00:00+01:00;-6.1;18.092298
1900-03-13 08:00:00+01:00;-4;21.030319
1900-03-13 09:00:00+01:00;-2.5;23.05201
1900-03-13 10:00:00+01:00;-1.7;24.84882
1900-03-13 11:00:00+01:00;-0.6;25.05221
1900-03-13 12:00:00+01:00;0;25.15671
1900-03-13 13:00:00+01:00;2.2;25.11921
1900-03-13 14:00:00+01:00;5.2;24.97428
1900-03-13 15:00:00+01:00;4;24.81357
1900-03-13 16:00:00+01:00;4.4;23.41507
1900-03-13 17:00:00+01:00;2.5;21.288165
1900-03-13 18:00:00+01:00;0.6;19.800912
1900-03-13 19:00:00+01:00;-2;18.402104
1900-03-13 20:00:00+01:00;-4.8;16.13427
1900-03-13 21:00:00+01:00;-3.8;13.5223135
1900-03-13 22:00:00+01:00;-7;11.653114
1900-03-13 23:00:00+01:00;-7.8;10.539138
1900-03-14 00:00:00+01:00;-8.5;9.64108
1900-03-14 01:00:00+01:00;-6.6;9.385228
1900-03-14 02:00:00+01:00;-5.8;9.321358
1900-03-14 03:00:00+01:00;-4.6;9.303854
1900-03-14 04:00:00+01:00;-5.1;9.54541
1900-03-14 05:00:00+01:00;-4.5;10.363691
1900-03-14 06:00:00+01:00;-5.3;13.5274489
1900-03-14 07:00:00+01:00;-3.6;18.092298
1900-03-14 08:00:00+01:00;-3.3;21.030319
1900-03-14 09:00:00+01:00;-2.3;23.05201
1900-03-14 10:00:00+01:00;-2.5;24.84882
1900-03-14 11:00:00+01:00;-1.2;25.05221
1900-03-14 12:00:00+01:00;-1;25.15671
1900-03-14 13:00:00+01:00;1.2;25.11921
1900-03-14 14:00:00+01:00;0.3;24.97428
1900-03-14 15:00:00+01:00;0;24.81357
1900-03-14 16:00:00+01:00;0;23.41507
1900-03-14 17:00:00+01:00;0;21.288165
1900-03-14 18:00:00+01:00;0.1;19.800912
1900-03-14 19:00:00+01:00;0;18.402104
1900-03-14 20:00:00+01:00;-0.1;16.13427
1900-03-14 21:00:00+01:00;-0.3;13.5223135
1900-03-14 22:00:00+01:00;-1.5;11.653114
1900-03-14 23:00:00+01:00;-0.7;10.539138
1900-03-15 00:00:00+01:00;-1.7;9.64108
1900-03-15 01:00:00+01:00;-2.1;9.385228
1900-03-15 02:00:00+01:00;-3.5;9.321358
1900-03-15 03:00:00+01:00;-3.6;9.303854
1900-03-15 04:00:00+01:00;-4.5;9.54541
1900-03-15 05:00:00+01:00;-5.1;10.363691
1900-03-15 06:00:00+01:00;-5;13.5274489
1900-03-15 07:00:00+01:00;-5.3;18.092298
1900-03-15 08:00:00+01:00;-3.8;21.030319
1900-03-15 09:00:00+01:00;-2.3;23.05201
1900-03-15 10:00:00+01:00;-1.5;24.84882
1900-03-15 11:00:00+01:00;0.7;25.05221
1900-03-15 12:00:00+01:00;2.8;25.15671
1900-03-15 13:00:00+01:00;3.3;25.11921
1900-03-15 14:00:00+01:00;3.9;24.97428
1900-03-15 15:00:00+01:00;3.5;24.81357
1900-03-15 16:00:00+01:00;3;23.41507
1900-03-15 17:00:00+01:00;1.5;21.288165
1900-03-15 18:00:00+01:00;-1;19.800912
1900-03-15 19:00:00+01:00;-2.8;18.402104
1900-03-15 20:00:00+01:00;-4.1;16.13427
1900-03-15 21:00:00+01:00;-6.1;13.5223135
1900-03-15 22:00:00+01:00;-6.5;11.653114
1900-03-15 23:00:00+01:00;-8;10.539138
1900-03-16 00:00:00+01:00;-8;9.64108
1900-03-16 01:00:00+01:00;-4.8;9.385228
1900-03-16 02:00:00+01:00;-4.8;9.321358
1900-03-16 03:00:00+01:00;-3.1;9.303854
1900-03-16 04:00:00+01:00;-3;9.54541
1900-03-16 05:00:00+01:00;-2.4;10.363691
1900-03-16 06:00:00+01:00;-2.8;13.5274489
1900-03-16 07:00:00+01:00;-2.5;18.092298
1900-03-16 08:00:00+01:00;-1.4;21.030319
1900-03-16 09:00:00+01:00;0.1;23.05201
1900-03-16 10:00:00+01:00;1;24.84882
1900-03-16 11:00:00+01:00;1.8;25.05221
1900-03-16 12:00:00+01:00;2.2;25.15671
1900-03-16 13:00:00+01:00;2.3;25.11921
1900-03-16 14:00:00+01:00;2.1;24.97428
1900-03-16 15:00:00+01:00;2.2;24.81357
1900-03-16 16:00:00+01:00;3;23.41507
1900-03-16 17:00:00+01:00;1.9;21.288165
1900-03-16 18:00:00+01:00;1.4;19.800912
1900-03-16 19:00:00+01:00;1;18.402104
1900-03-16 20:00:00+01:00;1.1;16.13427
1900-03-16 21:00:00+01:00;0.3;13.5223135
1900-03-16 22:00:00+01:00;0.5;11.653114
1900-03-16 23:00:00+01:00;-0.1;10.539138
1900-03-17 00:00:00+01:00;0.4;10.010882
1900-03-17 01:00:00+01:00;0;9.713938
1900-03-17 02:00:00+01:00;-1.2;9.568476
1900-03-17 03:00:00+01:00;-4.6;9.283135
1900-03-17 04:00:00+01:00;-5.6;9.150213
1900-03-17 05:00:00+01:00;-5.8;9.247971
1900-03-17 06:00:00+01:00;-6;9.714335
1900-03-17 07:00:00+01:00;-2.1;10.416313
1900-03-17 08:00:00+01:00;-0.5;12.5900159
1900-03-17 09:00:00+01:00;2;15.882276
1900-03-17 10:00:00+01:00;2.6;18.363592
1900-03-17 11:00:00+01:00;5.5;19.002148
1900-03-17 12:00:00+01:00;4.3;19.313076
1900-03-17 13:00:00+01:00;4.4;19.429464
1900-03-17 14:00:00+01:00;6.3;18.779088
1900-03-17 15:00:00+01:00;6.6;17.831505
1900-03-17 16:00:00+01:00;7.6;16.999584
1900-03-17 17:00:00+01:00;4.5;16.250017
1900-03-17 18:00:00+01:00;2.1;14.638337
1900-03-17 19:00:00+01:00;1.6;12.8257983
1900-03-17 20:00:00+01:00;0;11.497931
1900-03-17 21:00:00+01:00;-1.9;10.624333
1900-03-17 22:00:00+01:00;-1.7;10.151469
1900-03-17 23:00:00+01:00;-3.1;9.831164
1900-03-18 00:00:00+01:00;-4;10.010882
1900-03-18 01:00:00+01:00;-4.6;9.713938
1900-03-18 02:00:00+01:00;-6.3;9.568476
1900-03-18 03:00:00+01:00;-5.5;9.283135
1900-03-18 04:00:00+01:00;-6.3;9.150213
1900-03-18 05:00:00+01:00;-6.1;9.247971
1900-03-18 06:00:00+01:00;-6.3;9.714335
1900-03-18 07:00:00+01:00;-4.8;10.416313
1900-03-18 08:00:00+01:00;-2.4;12.5900159
1900-03-18 09:00:00+01:00;-0.8;15.882276
1900-03-18 10:00:00+01:00;0;18.363592
1900-03-18 11:00:00+01:00;1.1;19.002148
1900-03-18 12:00:00+01:00;1.3;19.313076
1900-03-18 13:00:00+01:00;1.5;19.429464
1900-03-18 14:00:00+01:00;2.3;18.779088
1900-03-18 15:00:00+01:00;3.7;17.831505
1900-03-18 16:00:00+01:00;3.4;16.999584
1900-03-18 17:00:00+01:00;2;16.250017
1900-03-18 18:00:00+01:00;1.8;14.638337
1900-03-18 19:00:00+01:00;2;12.8257983
1900-03-18 20:00:00+01:00;0.3;11.497931
1900-03-18 21:00:00+01:00;-0.3;10.624333
1900-03-18 22:00:00+01:00;-1.7;10.151469
1900-03-18 23:00:00+01:00;-2.5;9.831164
1900-03-19 00:00:00+01:00;-3.8;9.64108
1900-03-19 01:00:00+01:00;-3.1;9.385228
1900-03-19 02:00:00+01:00;-3.4;9.321358
1900-03-19 03:00:00+01:00;-3.9;9.303854
1900-03-19 04:00:00+01:00;-4.1;9.54541
1900-03-19 05:00:00+01:00;-5;10.363691
1900-03-19 06:00:00+01:00;-5.5;13.5274489
1900-03-19 07:00:00+01:00;-4.3;18.092298
1900-03-19 08:00:00+01:00;-3.3;21.030319
1900-03-19 09:00:00+01:00;-2.5;23.05201
1900-03-19 10:00:00+01:00;-1;24.84882
1900-03-19 11:00:00+01:00;0;25.05221
1900-03-19 12:00:00+01:00;3.5;25.15671
1900-03-19 13:00:00+01:00;4.5;25.11921
1900-03-19 14:00:00+01:00;6.5;24.97428
1900-03-19 15:00:00+01:00;7.2;24.81357
1900-03-19 16:00:00+01:00;7.3;23.41507
1900-03-19 17:00:00+01:00;4.6;21.288165
1900-03-19 18:00:00+01:00;3;19.800912
1900-03-19 19:00:00+01:00;-0.3;18.402104
1900-03-19 20:00:00+01:00;-2;16.13427
1900-03-19 21:00:00+01:00;-3.3;13.5223135
1900-03-19 22:00:00+01:00;-4;11.653114
1900-03-19 23:00:00+01:00;-6;10.539138
1900-03-20 00:00:00+01:00;-6.6;9.64108
1900-03-20 01:00:00+01:00;-6.8;9.385228
1900-03-20 02:00:00+01:00;-8.6;9.321358
1900-03-20 03:00:00+01:00;-7.5;9.303854
1900-03-20 04:00:00+01:00;-8.3;9.54541
1900-03-20 05:00:00+01:00;-8.7;10.363691
1900-03-20 06:00:00+01:00;-8.8;13.5274489
1900-03-20 07:00:00+01:00;-7.1;18.092298
1900-03-20 08:00:00+01:00;-4.3;21.030319
1900-03-20 09:00:00+01:00;-3.4;23.05201
1900-03-20 10:00:00+01:00;-3;24.84882
1900-03-20 11:00:00+01:00;-1.4;25.05221
1900-03-20 12:00:00+01:00;1;25.15671
1900-03-20 13:00:00+01:00;5.1;25.11921
1900-03-20 14:00:00+01:00;4.8;24.97428
1900-03-20 15:00:00+01:00;3.8;24.81357
1900-03-20 16:00:00+01:00;4;23.41507
1900-03-20 17:00:00+01:00;4.2;21.288165
1900-03-20 18:00:00+01:00;3.4;19.800912
1900-03-20 19:00:00+01:00;1;18.402104
1900-03-20 20:00:00+01:00;-1;16.13427
1900-03-20 21:00:00+01:00;-2.1;13.5223135
1900-03-20 22:00:00+01:00;-2.4;11.653114
1900-03-20 23:00:00+01:00;-2;10.539138
1900-03-21 00:00:00+01:00;-2;9.64108
1900-03-21 01:00:00+01:00;-1.9;9.385228
1900-03-21 02:00:00+01:00;0.2;9.321358
1900-03-21 03:00:00+01:00;0.3;9.303854
1900-03-21 04:00:00+01:00;0;9.54541
1900-03-21 05:00:00+01:00;-1;10.363691
1900-03-21 06:00:00+01:00;-0.7;13.5274489
1900-03-21 07:00:00+01:00;-1;18.092298
1900-03-21 08:00:00+01:00;-0.5;21.030319
1900-03-21 09:00:00+01:00;-1.2;23.05201
1900-03-21 10:00:00+01:00;-0.5;24.84882
1900-03-21 11:00:00+01:00;0.7;25.05221
1900-03-21 12:00:00+01:00;1.2;25.15671
1900-03-21 13:00:00+01:00;1.6;25.11921
1900-03-21 14:00:00+01:00;2.5;24.97428
1900-03-21 15:00:00+01:00;1.9;24.81357
1900-03-21 16:00:00+01:00;4.7;23.41507
1900-03-21 17:00:00+01:00;3.7;21.288165
1900-03-21 18:00:00+01:00;2.3;19.800912
1900-03-21 19:00:00+01:00;4;18.402104
1900-03-21 20:00:00+01:00;5;16.13427
1900-03-21 21:00:00+01:00;5.4;13.5223135
1900-03-21 22:00:00+01:00;4.9;11.653114
1900-03-21 23:00:00+01:00;4.6;10.539138
1900-03-22 00:00:00+01:00;4.6;9.64108
1900-03-22 01:00:00+01:00;4.6;9.385228
1900-03-22 02:00:00+01:00;3.8;9.321358
1900-03-22 03:00:00+01:00;3;9.303854
1900-03-22 04:00:00+01:00;1.7;9.54541
1900-03-22 05:00:00+01:00;0;10.363691
1900-03-22 06:00:00+01:00;-2.8;13.5274489
1900-03-22 07:00:00+01:00;0.2;18.092298
1900-03-22 08:00:00+01:00;1.8;21.030319
1900-03-22 09:00:00+01:00;7.5;23.05201
1900-03-22 10:00:00+01:00;7;24.84882
1900-03-22 11:00:00+01:00;9.7;25.05221
1900-03-22 12:00:00+01:00;10.4;25.15671
1900-03-22 13:00:00+01:00;12.9;25.11921
1900-03-22 14:00:00+01:00;14.1;24.97428
1900-03-22 15:00:00+01:00;12.2;24.81357
1900-03-22 16:00:00+01:00;11.6;23.41507
1900-03-22 17:00:00+01:00;11.2;21.288165
1900-03-22 18:00:00+01:00;10.8;19.800912
1900-03-22 19:00:00+01:00;10.1;18.402104
1900-03-22 20:00:00+01:00;8.6;16.13427
1900-03-22 21:00:00+01:00;6.9;13.5223135
1900-03-22 22:00:00+01:00;8;11.653114
1900-03-22 23:00:00+01:00;7.2;10.539138
1900-03-23 00:00:00+01:00;5.6;9.64108
1900-03-23 01:00:00+01:00;2.7;9.385228
1900-03-23 02:00:00+01:00;4;9.321358
1900-03-23 03:00:00+01:00;6.6;9.303854
1900-03-23 04:00:00+01:00;5;9.54541
1900-03-23 05:00:00+01:00;4.2;10.363691
1900-03-23 06:00:00+01:00;3.5;13.5274489
1900-03-23 07:00:00+01:00;3.2;18.092298
1900-03-23 08:00:00+01:00;4.1;21.030319
1900-03-23 09:00:00+01:00;4.7;23.05201
1900-03-23 10:00:00+01:00;4.8;24.84882
1900-03-23 11:00:00+01:00;4.9;25.05221
1900-03-23 12:00:00+01:00;5.3;25.15671
1900-03-23 13:00:00+01:00;5.2;25.11921
1900-03-23 14:00:00+01:00;5.7;24.97428
1900-03-23 15:00:00+01:00;5.2;24.81357
1900-03-23 16:00:00+01:00;4.8;23.41507
1900-03-23 17:00:00+01:00;4.2;21.288165
1900-03-23 18:00:00+01:00;3.7;19.800912
1900-03-23 19:00:00+01:00;3.5;18.402104
1900-03-23 20:00:00+01:00;3.6;16.13427
1900-03-23 21:00:00+01:00;3.2;13.5223135
1900-03-23 22:00:00+01:00;2.6;11.653114
1900-03-23 23:00:00+01:00;2.4;10.539138
1900-03-24 00:00:00+01:00;2.4;10.010882
1900-03-24 01:00:00+01:00;2;9.713938
1900-03-24 02:00:00+01:00;1.9;9.568476
1900-03-24 03:00:00+01:00;1.7;9.283135
1900-03-24 04:00:00+01:00;1.9;9.150213
1900-03-24 05:00:00+01:00;1.4;9.247971
1900-03-24 06:00:00+01:00;0.9;9.714335
1900-03-24 07:00:00+01:00;2;10.416313
1900-03-24 08:00:00+01:00;3.4;12.5900159
1900-03-24 09:00:00+01:00;4.1;15.882276
1900-03-24 10:00:00+01:00;4.5;18.363592
1900-03-24 11:00:00+01:00;5.9;19.002148
1900-03-24 12:00:00+01:00;6;19.313076
1900-03-24 13:00:00+01:00;6;19.429464
1900-03-24 14:00:00+01:00;9;18.779088
1900-03-24 15:00:00+01:00;8;17.831505
1900-03-24 16:00:00+01:00;7.5;16.999584
1900-03-24 17:00:00+01:00;6.1;16.250017
1900-03-24 18:00:00+01:00;3.6;14.638337
1900-03-24 19:00:00+01:00;1.4;12.8257983
1900-03-24 20:00:00+01:00;0.4;11.497931
1900-03-24 21:00:00+01:00;-1.4;10.624333
1900-03-24 22:00:00+01:00;-3.5;10.151469
1900-03-24 23:00:00+01:00;-3.5;9.831164
1900-03-25 00:00:00+01:00;-4.3;10.010882
1900-03-25 01:00:00+01:00;-5.3;9.713938
1900-03-25 02:00:00+01:00;-4;9.568476
1900-03-25 03:00:00+01:00;-4;9.283135
1900-03-25 04:00:00+01:00;-3;9.150213
1900-03-25 05:00:00+01:00;-2.9;9.247971
1900-03-25 06:00:00+01:00;-2;9.714335
1900-03-25 07:00:00+01:00;-1;10.416313
1900-03-25 08:00:00+01:00;-0.7;12.5900159
1900-03-25 09:00:00+01:00;0.1;15.882276
1900-03-25 10:00:00+01:00;0;18.363592
1900-03-25 11:00:00+01:00;0.6;19.002148
1900-03-25 12:00:00+01:00;1.4;19.313076
1900-03-25 13:00:00+01:00;2.2;19.429464
1900-03-25 14:00:00+01:00;3;18.779088
1900-03-25 15:00:00+01:00;2.6;17.831505
1900-03-25 16:00:00+01:00;2.4;16.999584
1900-03-25 17:00:00+01:00;2.6;16.250017
1900-03-25 18:00:00+01:00;1.9;14.638337
1900-03-25 19:00:00+01:00;1.6;12.8257983
1900-03-25 20:00:00+01:00;1.6;11.497931
1900-03-25 21:00:00+01:00;1.5;10.624333
1900-03-25 22:00:00+01:00;1.3;10.151469
1900-03-25 23:00:00+01:00;1.2;9.831164
1900-03-26 00:00:00+01:00;1.3;9.563779
1900-03-26 01:00:00+01:00;1.4;9.463578
1900-03-26 02:00:00+01:00;1.4;9.288528
1900-03-26 03:00:00+01:00;1.6;9.135334
1900-03-26 04:00:00+01:00;2.5;8.894112
1900-03-26 05:00:00+01:00;2.8;8.855055
1900-03-26 06:00:00+01:00;3;8.88385
1900-03-26 07:00:00+01:00;2.9;8.960156
1900-03-26 08:00:00+01:00;2.5;8.913374
1900-03-26 09:00:00+01:00;1.5;8.878902
1900-03-26 10:00:00+01:00;1.7;9.025433
1900-03-26 11:00:00+01:00;2.1;9.385822
1900-03-26 12:00:00+01:00;2.3;9.595579
1900-03-26 13:00:00+01:00;2.6;9.788197
1900-03-26 14:00:00+01:00;2.4;10.006945
1900-03-26 15:00:00+01:00;3;10.131562
1900-03-26 16:00:00+01:00;3.3;10.150044
1900-03-26 17:00:00+01:00;3;10.013856
1900-03-26 18:00:00+01:00;2.9;9.890678
1900-03-26 19:00:00+01:00;2;9.687239
1900-03-26 20:00:00+01:00;2;9.546914
1900-03-26 21:00:00+01:00;2;9.429767
1900-03-26 22:00:00+01:00;2;9.320691
1900-03-26 23:00:00+01:00;1.8;9.236672
1900-03-27 00:00:00+01:00;1.8;9.563779
1900-03-27 01:00:00+01:00;1.6;9.463578
1900-03-27 02:00:00+01:00;0.9;9.288528
1900-03-27 03:00:00+01:00;0.4;9.135334
1900-03-27 04:00:00+01:00;0.5;8.894112
1900-03-27 05:00:00+01:00;0.3;8.855055
1900-03-27 06:00:00+01:00;0.9;8.88385
1900-03-27 07:00:00+01:00;1.4;8.960156
1900-03-27 08:00:00+01:00;2.5;8.913374
1900-03-27 09:00:00+01:00;3.4;8.878902
1900-03-27 10:00:00+01:00;5;9.025433
1900-03-27 11:00:00+01:00;4.8;9.385822
1900-03-27 12:00:00+01:00;5.5;9.595579
1900-03-27 13:00:00+01:00;6;9.788197
1900-03-27 14:00:00+01:00;5.8;10.006945
1900-03-27 15:00:00+01:00;6.1;10.131562
1900-03-27 16:00:00+01:00;4.5;10.150044
1900-03-27 17:00:00+01:00;4.3;10.013856
1900-03-27 18:00:00+01:00;3.8;9.890678
1900-03-27 19:00:00+01:00;3.1;9.687239
1900-03-27 20:00:00+01:00;2.8;9.546914
1900-03-27 21:00:00+01:00;1.7;9.429767
1900-03-27 22:00:00+01:00;1.6;9.320691
1900-03-27 23:00:00+01:00;1.1;9.236672
1900-03-28 00:00:00+01:00;1.2;9.563779
1900-03-28 01:00:00+01:00;1.3;9.463578
1900-03-28 02:00:00+01:00;1.3;9.288528
1900-03-28 03:00:00+01:00;1.2;9.135334
1900-03-28 04:00:00+01:00;1.1;8.894112
1900-03-28 05:00:00+01:00;0.4;8.855055
1900-03-28 06:00:00+01:00;0.6;8.88385
1900-03-28 07:00:00+01:00;2.7;8.960156
1900-03-28 08:00:00+01:00;2.9;8.913374
1900-03-28 09:00:00+01:00;3.7;8.878902
1900-03-28 10:00:00+01:00;4.4;9.025433
1900-03-28 11:00:00+01:00;5;9.385822
1900-03-28 12:00:00+01:00;5.1;9.595579
1900-03-28 13:00:00+01:00;5.5;9.788197
1900-03-28 14:00:00+01:00;5.7;10.006945
1900-03-28 15:00:00+01:00;5.6;10.131562
1900-03-28 16:00:00+01:00;6.4;10.150044
1900-03-28 17:00:00+01:00;4;10.013856
1900-03-28 18:00:00+01:00;3.9;9.890678
1900-03-28 19:00:00+01:00;4;9.687239
1900-03-28 20:00:00+01:00;2.7;9.546914
1900-03-28 21:00:00+01:00;2.2;9.429767
1900-03-28 22:00:00+01:00;2.4;9.320691
1900-03-28 23:00:00+01:00;2;9.236672
1900-03-29 00:00:00+01:00;2.9;9.563779
1900-03-29 01:00:00+01:00;1.9;9.463578
1900-03-29 02:00:00+01:00;1.7;9.288528
1900-03-29 03:00:00+01:00;1.3;9.135334
1900-03-29 04:00:00+01:00;0.8;8.894112
1900-03-29 05:00:00+01:00;-0.7;8.855055
1900-03-29 06:00:00+01:00;-0.3;8.88385
1900-03-29 07:00:00+01:00;0.6;8.960156
1900-03-29 08:00:00+01:00;1.8;8.913374
1900-03-29 09:00:00+01:00;2.5;8.878902
1900-03-29 10:00:00+01:00;3.2;9.025433
1900-03-29 11:00:00+01:00;3.6;9.385822
1900-03-29 12:00:00+01:00;3.5;9.595579
1900-03-29 13:00:00+01:00;4.5;9.788197
1900-03-29 14:00:00+01:00;4.2;10.006945
1900-03-29 15:00:00+01:00;3.6;10.131562
1900-03-29 16:00:00+01:00;3.6;10.150044
1900-03-29 17:00:00+01:00;3.8;10.013856
1900-03-29 18:00:00+01:00;2.1;9.890678
1900-03-29 19:00:00+01:00;0.7;9.687239
1900-03-29 20:00:00+01:00;-1.2;9.546914
1900-03-29 21:00:00+01:00;-3;9.429767
1900-03-29 22:00:00+01:00;-3.5;9.320691
1900-03-29 23:00:00+01:00;-3.3;9.236672
1900-03-30 00:00:00+01:00;-3.5;9.563779
1900-03-30 01:00:00+01:00;-4;9.463578
1900-03-30 02:00:00+01:00;-5.6;9.288528
1900-03-30 03:00:00+01:00;-5.1;9.135334
1900-03-30 04:00:00+01:00;-3.1;8.894112
1900-03-30 05:00:00+01:00;-4.1;8.855055
1900-03-30 06:00:00+01:00;-4.3;8.88385
1900-03-30 07:00:00+01:00;-3.8;8.960156
1900-03-30 08:00:00+01:00;-3.4;8.913374
1900-03-30 09:00:00+01:00;-3.5;8.878902
1900-03-30 10:00:00+01:00;-1.4;9.025433
1900-03-30 11:00:00+01:00;0.5;9.385822
1900-03-30 12:00:00+01:00;3.2;9.595579
1900-03-30 13:00:00+01:00;5.3;9.788197
1900-03-30 14:00:00+01:00;6.4;10.006945
1900-03-30 15:00:00+01:00;7;10.131562
1900-03-30 16:00:00+01:00;9.1;10.150044
1900-03-30 17:00:00+01:00;9.4;10.013856
1900-03-30 18:00:00+01:00;4.4;9.890678
1900-03-30 19:00:00+01:00;3.3;9.687239
1900-03-30 20:00:00+01:00;1;9.546914
1900-03-30 21:00:00+01:00;0;9.429767
1900-03-30 22:00:00+01:00;-1.5;9.320691
1900-03-30 23:00:00+01:00;-0.1;9.236672
1900-03-31 00:00:00+01:00;-3;9.563779
1900-03-31 01:00:00+01:00;-0.1;9.463578
1900-03-31 02:00:00+01:00;-2.5;9.288528
1900-03-31 03:00:00+01:00;-3.4;9.135334
1900-03-31 04:00:00+01:00;-3;8.894112
1900-03-31 05:00:00+01:00;-6.5;8.855055
1900-03-31 06:00:00+01:00;-4.1;8.88385
1900-03-31 07:00:00+01:00;0.2;8.960156
1900-03-31 08:00:00+01:00;2.8;8.913374
1900-03-31 09:00:00+01:00;4.1;8.878902
1900-03-31 10:00:00+01:00;4.7;9.025433
1900-03-31 11:00:00+01:00;6.2;9.385822
1900-03-31 12:00:00+01:00;6.8;9.595579
1900-03-31 13:00:00+01:00;7.7;9.788197
1900-03-31 14:00:00+01:00;8.2;10.006945
1900-03-31 15:00:00+01:00;8.8;10.131562
1900-03-31 16:00:00+01:00;8.4;10.150044
1900-03-31 17:00:00+01:00;9.9;10.013856
1900-03-31 18:00:00+01:00;6.6;9.890678
1900-03-31 19:00:00+01:00;5.6;9.687239
1900-03-31 20:00:00+01:00;3.1;9.546914
1900-03-31 21:00:00+01:00;2.1;9.429767
1900-03-31 22:00:00+01:00;2.2;9.320691
1900-03-31 23:00:00+01:00;2.8;9.236672
1900-04-01 00:00:00+01:00;3.5;9.563779
1900-04-01 01:00:00+01:00;4.3;9.463578
1900-04-01 02:00:00+01:00;5.3;9.288528
1900-04-01 03:00:00+01:00;6.3;9.135334
1900-04-01 04:00:00+01:00;6.1;8.894112
1900-04-01 05:00:00+01:00;6;8.855055
1900-04-01 06:00:00+01:00;5.6;8.88385
1900-04-01 07:00:00+01:00;6.8;8.960156
1900-04-01 08:00:00+01:00;6.2;8.913374
1900-04-01 09:00:00+01:00;6.1;8.878902
1900-04-01 10:00:00+01:00;5.8;9.025433
1900-04-01 11:00:00+01:00;6.8;9.385822
1900-04-01 12:00:00+01:00;5.4;9.595579
1900-04-01 13:00:00+01:00;5.7;9.788197
1900-04-01 14:00:00+01:00;5.7;10.006945
1900-04-01 15:00:00+01:00;3.8;10.131562
1900-04-01 16:00:00+01:00;6.5;10.150044
1900-04-01 17:00:00+01:00;8.2;10.013856
1900-04-01 18:00:00+01:00;6.5;9.890678
1900-04-01 19:00:00+01:00;4.9;9.687239
1900-04-01 20:00:00+01:00;3.7;9.546914
1900-04-01 21:00:00+01:00;2.8;9.429767
1900-04-01 22:00:00+01:00;3.4;9.320691
1900-04-01 23:00:00+01:00;1.9;9.236672
1900-04-02 00:00:00+01:00;1.3;9.563779
1900-04-02 01:00:00+01:00;1;9.463578
1900-04-02 02:00:00+01:00;-2.5;9.288528
1900-04-02 03:00:00+01:00;-2.4;9.135334
1900-04-02 04:00:00+01:00;-4;8.894112
1900-04-02 05:00:00+01:00;-2.5;8.855055
1900-04-02 06:00:00+01:00;-1;8.88385
1900-04-02 07:00:00+01:00;2.6;8.960156
1900-04-02 08:00:00+01:00;5;8.913374
1900-04-02 09:00:00+01:00;5.7;8.878902
1900-04-02 10:00:00+01:00;7.6;9.025433
1900-04-02 11:00:00+01:00;9.9;9.385822
1900-04-02 12:00:00+01:00;9.8;9.595579
1900-04-02 13:00:00+01:00;12.1;9.788197
1900-04-02 14:00:00+01:00;9.9;10.006945
1900-04-02 15:00:00+01:00;9.1;10.131562
1900-04-02 16:00:00+01:00;13;10.150044
1900-04-02 17:00:00+01:00;11;10.013856
1900-04-02 18:00:00+01:00;8.2;9.890678
1900-04-02 19:00:00+01:00;4.3;9.687239
1900-04-02 20:00:00+01:00;2.9;9.546914
1900-04-02 21:00:00+01:00;3;9.429767
1900-04-02 22:00:00+01:00;2.7;9.320691
1900-04-02 23:00:00+01:00;2.4;9.236672
1900-04-03 00:00:00+01:00;2.1;9.64108
1900-04-03 01:00:00+01:00;1;9.385228
1900-04-03 02:00:00+01:00;0.8;9.321358
1900-04-03 03:00:00+01:00;1.3;9.303854
1900-04-03 04:00:00+01:00;0.8;9.54541
1900-04-03 05:00:00+01:00;0.6;10.363691
1900-04-03 06:00:00+01:00;0;13.5274489
1900-04-03 07:00:00+01:00;1.1;18.092298
1900-04-03 08:00:00+01:00;2.5;21.030319
1900-04-03 09:00:00+01:00;3.5;23.05201
1900-04-03 10:00:00+01:00;5.6;24.84882
1900-04-03 11:00:00+01:00;6;25.05221
1900-04-03 12:00:00+01:00;7;25.15671
1900-04-03 13:00:00+01:00;6.6;25.11921
1900-04-03 14:00:00+01:00;7;24.97428
1900-04-03 15:00:00+01:00;6.1;24.81357
1900-04-03 16:00:00+01:00;4.9;23.41507
1900-04-03 17:00:00+01:00;5.4;21.288165
1900-04-03 18:00:00+01:00;3.7;19.800912
1900-04-03 19:00:00+01:00;2.1;18.402104
1900-04-03 20:00:00+01:00;1.2;16.13427
1900-04-03 21:00:00+01:00;1.1;13.5223135
1900-04-03 22:00:00+01:00;0.2;11.653114
1900-04-03 23:00:00+01:00;-1;10.539138
1900-04-04 00:00:00+01:00;-1;9.64108
1900-04-04 01:00:00+01:00;-2;9.385228
1900-04-04 02:00:00+01:00;-3;9.321358
1900-04-04 03:00:00+01:00;-4.8;9.303854
1900-04-04 04:00:00+01:00;-5.1;9.54541
1900-04-04 05:00:00+01:00;-7.6;10.363691
1900-04-04 06:00:00+01:00;-5.6;13.5274489
1900-04-04 07:00:00+01:00;-1.4;18.092298
1900-04-04 08:00:00+01:00;-0.7;21.030319
1900-04-04 09:00:00+01:00;1.1;23.05201
1900-04-04 10:00:00+01:00;-0.7;24.84882
1900-04-04 11:00:00+01:00;-1.5;25.05221
1900-04-04 12:00:00+01:00;-1;25.15671
1900-04-04 13:00:00+01:00;0.4;25.11921
1900-04-04 14:00:00+01:00;0.1;24.97428
1900-04-04 15:00:00+01:00;0.5;24.81357
1900-04-04 16:00:00+01:00;1.9;23.41507
1900-04-04 17:00:00+01:00;2;21.288165
1900-04-04 18:00:00+01:00;2.2;19.800912
1900-04-04 19:00:00+01:00;2.2;18.402104
1900-04-04 20:00:00+01:00;2.2;16.13427
1900-04-04 21:00:00+01:00;2.2;13.5223135
1900-04-04 22:00:00+01:00;2;11.653114
1900-04-04 23:00:00+01:00;1.9;10.539138
1900-04-05 00:00:00+01:00;1.5;9.64108
1900-04-05 01:00:00+01:00;0.9;9.385228
1900-04-05 02:00:00+01:00;0.6;9.321358
1900-04-05 03:00:00+01:00;0;9.303854
1900-04-05 04:00:00+01:00;-0.3;9.54541
1900-04-05 05:00:00+01:00;0;10.363691
1900-04-05 06:00:00+01:00;0.4;13.5274489
1900-04-05 07:00:00+01:00;1;18.092298
1900-04-05 08:00:00+01:00;2.8;21.030319
1900-04-05 09:00:00+01:00;3.1;23.05201
1900-04-05 10:00:00+01:00;6;24.84882
1900-04-05 11:00:00+01:00;8.7;25.05221
1900-04-05 12:00:00+01:00;11.1;25.15671
1900-04-05 13:00:00+01:00;11.9;25.11921
1900-04-05 14:00:00+01:00;13.1;24.97428
1900-04-05 15:00:00+01:00;12.2;24.81357
1900-04-05 16:00:00+01:00;11.8;23.41507
1900-04-05 17:00:00+01:00;11;21.288165
1900-04-05 18:00:00+01:00;9;19.800912
1900-04-05 19:00:00+01:00;6.4;18.402104
1900-04-05 20:00:00+01:00;4.8;16.13427
1900-04-05 21:00:00+01:00;4.2;13.5223135
1900-04-05 22:00:00+01:00;1.6;11.653114
1900-04-05 23:00:00+01:00;0.7;10.539138
1900-04-06 00:00:00+01:00;-1.7;9.64108
1900-04-06 01:00:00+01:00;-2.9;9.385228
1900-04-06 02:00:00+01:00;-2.6;9.321358
1900-04-06 03:00:00+01:00;-3.9;9.303854
1900-04-06 04:00:00+01:00;-3.4;9.54541
1900-04-06 05:00:00+01:00;-3.5;10.363691
1900-04-06 06:00:00+01:00;-2;13.5274489
1900-04-06 07:00:00+01:00;0;18.092298
1900-04-06 08:00:00+01:00;1.5;21.030319
1900-04-06 09:00:00+01:00;2;23.05201
1900-04-06 10:00:00+01:00;3.7;24.84882
1900-04-06 11:00:00+01:00;5.5;25.05221
1900-04-06 12:00:00+01:00;7.4;25.15671
1900-04-06 13:00:00+01:00;6.9;25.11921
1900-04-06 14:00:00+01:00;9.4;24.97428
1900-04-06 15:00:00+01:00;11.2;24.81357
1900-04-06 16:00:00+01:00;9.5;23.41507
1900-04-06 17:00:00+01:00;7.6;21.288165
1900-04-06 18:00:00+01:00;7.2;19.800912
1900-04-06 19:00:00+01:00;4.7;18.402104
1900-04-06 20:00:00+01:00;3;16.13427
1900-04-06 21:00:00+01:00;2;13.5223135
1900-04-06 22:00:00+01:00;1.8;11.653114
1900-04-06 23:00:00+01:00;-0.1;10.539138
1900-04-07 00:00:00+01:00;-0.6;10.010882
1900-04-07 01:00:00+01:00;0.5;9.713938
1900-04-07 02:00:00+01:00;-2;9.568476
1900-04-07 03:00:00+01:00;-2.1;9.283135
1900-04-07 04:00:00+01:00;-2.4;9.150213
1900-04-07 05:00:00+01:00;-1.2;9.247971
1900-04-07 06:00:00+01:00;-0.6;9.714335
1900-04-07 07:00:00+01:00;2;10.416313
1900-04-07 08:00:00+01:00;3.5;12.5900159
1900-04-07 09:00:00+01:00;6.7;15.882276
1900-04-07 10:00:00+01:00;8.5;18.363592
1900-04-07 11:00:00+01:00;10.3;19.002148
1900-04-07 12:00:00+01:00;9.4;19.313076
1900-04-07 13:00:00+01:00;11.5;19.429464
1900-04-07 14:00:00+01:00;10.4;18.779088
1900-04-07 15:00:00+01:00;12;17.831505
1900-04-07 16:00:00+01:00;11.1;16.999584
1900-04-07 17:00:00+01:00;9.2;16.250017
1900-04-07 18:00:00+01:00;7.8;14.638337
1900-04-07 19:00:00+01:00;6.9;12.8257983
1900-04-07 20:00:00+01:00;5.7;11.497931
1900-04-07 21:00:00+01:00;4.4;10.624333
1900-04-07 22:00:00+01:00;4.4;10.151469
1900-04-07 23:00:00+01:00;3.6;9.831164
1900-04-08 00:00:00+01:00;3.1;10.010882
1900-04-08 01:00:00+01:00;2.9;9.713938
1900-04-08 02:00:00+01:00;2.5;9.568476
1900-04-08 03:00:00+01:00;2.3;9.283135
1900-04-08 04:00:00+01:00;1.8;9.150213
1900-04-08 05:00:00+01:00;1.5;9.247971
1900-04-08 06:00:00+01:00;2;9.714335
1900-04-08 07:00:00+01:00;4;10.416313
1900-04-08 08:00:00+01:00;4.3;12.5900159
1900-04-08 09:00:00+01:00;6.2;15.882276
1900-04-08 10:00:00+01:00;7;18.363592
1900-04-08 11:00:00+01:00;7.5;19.002148
1900-04-08 12:00:00+01:00;8.6;19.313076
1900-04-08 13:00:00+01:00;9;19.429464
1900-04-08 14:00:00+01:00;11;18.779088
1900-04-08 15:00:00+01:00;10.4;17.831505
1900-04-08 16:00:00+01:00;10.2;16.999584
1900-04-08 17:00:00+01:00;9;16.250017
1900-04-08 18:00:00+01:00;6.7;14.638337
1900-04-08 19:00:00+01:00;4.6;12.8257983
1900-04-08 20:00:00+01:00;3.4;11.497931
1900-04-08 21:00:00+01:00;2.5;10.624333
1900-04-08 22:00:00+01:00;1.9;10.151469
1900-04-08 23:00:00+01:00;1.5;9.831164
1900-04-09 00:00:00+01:00;1.2;9.64108
1900-04-09 01:00:00+01:00;0.5;9.385228
1900-04-09 02:00:00+01:00;1;9.321358
1900-04-09 03:00:00+01:00;0.1;9.303854
1900-04-09 04:00:00+01:00;-1.2;9.54541
1900-04-09 05:00:00+01:00;-2.1;10.363691
1900-04-09 06:00:00+01:00;-0.3;13.5274489
1900-04-09 07:00:00+01:00;2;18.092298
1900-04-09 08:00:00+01:00;3.6;21.030319
1900-04-09 09:00:00+01:00;3.5;23.05201
1900-04-09 10:00:00+01:00;4.9;24.84882
1900-04-09 11:00:00+01:00;7.2;25.05221
1900-04-09 12:00:00+01:00;7.6;25.15671
1900-04-09 13:00:00+01:00;9;25.11921
1900-04-09 14:00:00+01:00;9.3;24.97428
1900-04-09 15:00:00+01:00;6.9;24.81357
1900-04-09 16:00:00+01:00;5.1;23.41507
1900-04-09 17:00:00+01:00;3.1;21.288165
1900-04-09 18:00:00+01:00;2.4;19.800912
1900-04-09 19:00:00+01:00;1.7;18.402104
1900-04-09 20:00:00+01:00;1;16.13427
1900-04-09 21:00:00+01:00;0.2;13.5223135
1900-04-09 22:00:00+01:00;-1;11.653114
1900-04-09 23:00:00+01:00;-0.7;10.539138
1900-04-10 00:00:00+01:00;-2.3;9.64108
1900-04-10 01:00:00+01:00;-3.1;9.385228
1900-04-10 02:00:00+01:00;-3.3;9.321358
1900-04-10 03:00:00+01:00;-2.5;9.303854
1900-04-10 04:00:00+01:00;-4.1;9.54541
1900-04-10 05:00:00+01:00;-3.6;10.363691
1900-04-10 06:00:00+01:00;-0.8;13.5274489
1900-04-10 07:00:00+01:00;0.3;18.092298
1900-04-10 08:00:00+01:00;1.8;21.030319
1900-04-10 09:00:00+01:00;2.8;23.05201
1900-04-10 10:00:00+01:00;3.9;24.84882
1900-04-10 11:00:00+01:00;4.4;25.05221
1900-04-10 12:00:00+01:00;5.8;25.15671
1900-04-10 13:00:00+01:00;5.1;25.11921
1900-04-10 14:00:00+01:00;5.8;24.97428
1900-04-10 15:00:00+01:00;5.4;24.81357
1900-04-10 16:00:00+01:00;4.6;23.41507
1900-04-10 17:00:00+01:00;3.9;21.288165
1900-04-10 18:00:00+01:00;2.2;19.800912
1900-04-10 19:00:00+01:00;0;18.402104
1900-04-10 20:00:00+01:00;-0.6;16.13427
1900-04-10 21:00:00+01:00;-1;13.5223135
1900-04-10 22:00:00+01:00;-1.5;11.653114
1900-04-10 23:00:00+01:00;-1.9;10.539138
1900-04-11 00:00:00+01:00;-0.8;9.64108
1900-04-11 01:00:00+01:00;0;9.385228
1900-04-11 02:00:00+01:00;-0.6;9.321358
1900-04-11 03:00:00+01:00;-0.7;9.303854
1900-04-11 04:00:00+01:00;-1.5;9.54541
1900-04-11 05:00:00+01:00;-1.7;10.363691
1900-04-11 06:00:00+01:00;-1.2;13.5274489
1900-04-11 07:00:00+01:00;0;18.092298
1900-04-11 08:00:00+01:00;1.2;21.030319
1900-04-11 09:00:00+01:00;1.7;23.05201
1900-04-11 10:00:00+01:00;2.4;24.84882
1900-04-11 11:00:00+01:00;3.2;25.05221
1900-04-11 12:00:00+01:00;4;25.15671
1900-04-11 13:00:00+01:00;5;25.11921
1900-04-11 14:00:00+01:00;4.1;24.97428
1900-04-11 15:00:00+01:00;4;24.81357
1900-04-11 16:00:00+01:00;2.4;23.41507
1900-04-11 17:00:00+01:00;2.1;21.288165
1900-04-11 18:00:00+01:00;1.5;19.800912
1900-04-11 19:00:00+01:00;1.8;18.402104
1900-04-11 20:00:00+01:00;1.8;16.13427
1900-04-11 21:00:00+01:00;1.2;13.5223135
1900-04-11 22:00:00+01:00;0.6;11.653114
1900-04-11 23:00:00+01:00;0.6;10.539138
1900-04-12 00:00:00+01:00;0.2;9.64108
1900-04-12 01:00:00+01:00;-0.3;9.385228
1900-04-12 02:00:00+01:00;-0.3;9.321358
1900-04-12 03:00:00+01:00;-0.7;9.303854
1900-04-12 04:00:00+01:00;0;9.54541
1900-04-12 05:00:00+01:00;-0.5;10.363691
1900-04-12 06:00:00+01:00;0.1;13.5274489
1900-04-12 07:00:00+01:00;1.6;18.092298
1900-04-12 08:00:00+01:00;2.8;21.030319
1900-04-12 09:00:00+01:00;3.7;23.05201
1900-04-12 10:00:00+01:00;4.6;24.84882
1900-04-12 11:00:00+01:00;6.7;25.05221
1900-04-12 12:00:00+01:00;8;25.15671
1900-04-12 13:00:00+01:00;9;25.11921
1900-04-12 14:00:00+01:00;9.4;24.97428
1900-04-12 15:00:00+01:00;9.6;24.81357
1900-04-12 16:00:00+01:00;9.2;23.41507
1900-04-12 17:00:00+01:00;8;21.288165
1900-04-12 18:00:00+01:00;7;19.800912
1900-04-12 19:00:00+01:00;5.1;18.402104
1900-04-12 20:00:00+01:00;2.6;16.13427
1900-04-12 21:00:00+01:00;3;13.5223135
1900-04-12 22:00:00+01:00;1.8;11.653114
1900-04-12 23:00:00+01:00;2;10.539138
1900-04-13 00:00:00+01:00;1.7;9.64108
1900-04-13 01:00:00+01:00;0.7;9.385228
1900-04-13 02:00:00+01:00;-0.3;9.321358
1900-04-13 03:00:00+01:00;0.7;9.303854
1900-04-13 04:00:00+01:00;0.4;9.54541
1900-04-13 05:00:00+01:00;-1.5;10.363691
1900-04-13 06:00:00+01:00;2;13.5274489
1900-04-13 07:00:00+01:00;3;18.092298
1900-04-13 08:00:00+01:00;5.6;21.030319
1900-04-13 09:00:00+01:00;6.4;23.05201
1900-04-13 10:00:00+01:00;7.7;24.84882
1900-04-13 11:00:00+01:00;8.9;25.05221
1900-04-13 12:00:00+01:00;10;25.15671
1900-04-13 13:00:00+01:00;10;25.11921
1900-04-13 14:00:00+01:00;11.5;24.97428
1900-04-13 15:00:00+01:00;10.2;24.81357
1900-04-13 16:00:00+01:00;9.6;23.41507
1900-04-13 17:00:00+01:00;10;21.288165
1900-04-13 18:00:00+01:00;8.6;19.800912
1900-04-13 19:00:00+01:00;7.5;18.402104
1900-04-13 20:00:00+01:00;6.5;16.13427
1900-04-13 21:00:00+01:00;4.4;13.5223135
1900-04-13 22:00:00+01:00;4.5;11.653114
1900-04-13 23:00:00+01:00;3.9;10.539138
1900-04-14 00:00:00+01:00;2.9;10.010882
1900-04-14 01:00:00+01:00;2.6;9.713938
1900-04-14 02:00:00+01:00;3;9.568476
1900-04-14 03:00:00+01:00;3.2;9.283135
1900-04-14 04:00:00+01:00;1.7;9.150213
1900-04-14 05:00:00+01:00;2;9.247971
1900-04-14 06:00:00+01:00;2.8;9.714335
1900-04-14 07:00:00+01:00;4.8;10.416313
1900-04-14 08:00:00+01:00;4.8;12.5900159
1900-04-14 09:00:00+01:00;5.1;15.882276
1900-04-14 10:00:00+01:00;5.4;18.363592
1900-04-14 11:00:00+01:00;8.4;19.002148
1900-04-14 12:00:00+01:00;10.8;19.313076
1900-04-14 13:00:00+01:00;12.7;19.429464
1900-04-14 14:00:00+01:00;12.5;18.779088
1900-04-14 15:00:00+01:00;14;17.831505
1900-04-14 16:00:00+01:00;11.8;16.999584
1900-04-14 17:00:00+01:00;9.9;16.250017
1900-04-14 18:00:00+01:00;8.5;14.638337
1900-04-14 19:00:00+01:00;7.7;12.8257983
1900-04-14 20:00:00+01:00;6.6;11.497931
1900-04-14 21:00:00+01:00;3.8;10.624333
1900-04-14 22:00:00+01:00;2.7;10.151469
1900-04-14 23:00:00+01:00;1.6;9.831164
1900-04-15 00:00:00+01:00;0.9;10.010882
1900-04-15 01:00:00+01:00;0.2;9.713938
1900-04-15 02:00:00+01:00;-1;9.568476
1900-04-15 03:00:00+01:00;-1.2;9.283135
1900-04-15 04:00:00+01:00;-2;9.150213
1900-04-15 05:00:00+01:00;0;9.247971
1900-04-15 06:00:00+01:00;1;9.714335
1900-04-15 07:00:00+01:00;1.4;10.416313
1900-04-15 08:00:00+01:00;2.7;12.5900159
1900-04-15 09:00:00+01:00;5.9;15.882276
1900-04-15 10:00:00+01:00;8.3;18.363592
1900-04-15 11:00:00+01:00;10.3;19.002148
1900-04-15 12:00:00+01:00;15;19.313076
1900-04-15 13:00:00+01:00;14.9;19.429464
1900-04-15 14:00:00+01:00;15.8;18.779088
1900-04-15 15:00:00+01:00;13.4;17.831505
1900-04-15 16:00:00+01:00;13.4;16.999584
1900-04-15 17:00:00+01:00;12.8;16.250017
1900-04-15 18:00:00+01:00;10;14.638337
1900-04-15 19:00:00+01:00;7.9;12.8257983
1900-04-15 20:00:00+01:00;5.8;11.497931
1900-04-15 21:00:00+01:00;4.7;10.624333
1900-04-15 22:00:00+01:00;3.4;10.151469
1900-04-15 23:00:00+01:00;3;9.831164
1900-04-16 00:00:00+01:00;1.4;9.64108
1900-04-16 01:00:00+01:00;2.7;9.385228
1900-04-16 02:00:00+01:00;2.8;9.321358
1900-04-16 03:00:00+01:00;2.7;9.303854
1900-04-16 04:00:00+01:00;2.5;9.54541
1900-04-16 05:00:00+01:00;2.5;10.363691
1900-04-16 06:00:00+01:00;2.5;13.5274489
1900-04-16 07:00:00+01:00;2.4;18.092298
1900-04-16 08:00:00+01:00;3.3;21.030319
1900-04-16 09:00:00+01:00;5.4;23.05201
1900-04-16 10:00:00+01:00;6.7;24.84882
1900-04-16 11:00:00+01:00;8;25.05221
1900-04-16 12:00:00+01:00;5.8;25.15671
1900-04-16 13:00:00+01:00;5.7;25.11921
1900-04-16 14:00:00+01:00;6.5;24.97428
1900-04-16 15:00:00+01:00;6.1;24.81357
1900-04-16 16:00:00+01:00;6.8;23.41507
1900-04-16 17:00:00+01:00;7.3;21.288165
1900-04-16 18:00:00+01:00;7.5;19.800912
1900-04-16 19:00:00+01:00;7.6;18.402104
1900-04-16 20:00:00+01:00;7.4;16.13427
1900-04-16 21:00:00+01:00;6.2;13.5223135
1900-04-16 22:00:00+01:00;5;11.653114
1900-04-16 23:00:00+01:00;4;10.539138
1900-04-17 00:00:00+01:00;5.7;9.64108
1900-04-17 01:00:00+01:00;3.9;9.385228
1900-04-17 02:00:00+01:00;4.5;9.321358
1900-04-17 03:00:00+01:00;3.7;9.303854
1900-04-17 04:00:00+01:00;4;9.54541
1900-04-17 05:00:00+01:00;4.6;10.363691
1900-04-17 06:00:00+01:00;5.5;13.5274489
1900-04-17 07:00:00+01:00;7.3;18.092298
1900-04-17 08:00:00+01:00;8.3;21.030319
1900-04-17 09:00:00+01:00;10.7;23.05201
1900-04-17 10:00:00+01:00;11.6;24.84882
1900-04-17 11:00:00+01:00;12.5;25.05221
1900-04-17 12:00:00+01:00;14.3;25.15671
1900-04-17 13:00:00+01:00;14;25.11921
1900-04-17 14:00:00+01:00;13.7;24.97428
1900-04-17 15:00:00+01:00;13.5;24.81357
1900-04-17 16:00:00+01:00;12.4;23.41507
1900-04-17 17:00:00+01:00;11.7;21.288165
1900-04-17 18:00:00+01:00;9.1;19.800912
1900-04-17 19:00:00+01:00;8.4;18.402104
1900-04-17 20:00:00+01:00;9.2;16.13427
1900-04-17 21:00:00+01:00;8.1;13.5223135
1900-04-17 22:00:00+01:00;7.2;11.653114
1900-04-17 23:00:00+01:00;6.8;10.539138
1900-04-18 00:00:00+01:00;6.4;9.64108
1900-04-18 01:00:00+01:00;5;9.385228
1900-04-18 02:00:00+01:00;5.9;9.321358
1900-04-18 03:00:00+01:00;4.8;9.303854
1900-04-18 04:00:00+01:00;5.3;9.54541
1900-04-18 05:00:00+01:00;4.7;10.363691
1900-04-18 06:00:00+01:00;5.4;13.5274489
1900-04-18 07:00:00+01:00;7.2;18.092298
1900-04-18 08:00:00+01:00;7.9;21.030319
1900-04-18 09:00:00+01:00;8.2;23.05201
1900-04-18 10:00:00+01:00;8.9;24.84882
1900-04-18 11:00:00+01:00;10.1;25.05221
1900-04-18 12:00:00+01:00;10.6;25.15671
1900-04-18 13:00:00+01:00;12.6;25.11921
1900-04-18 14:00:00+01:00;9.7;24.97428
1900-04-18 15:00:00+01:00;11;24.81357
1900-04-18 16:00:00+01:00;10.5;23.41507
1900-04-18 17:00:00+01:00;9.5;21.288165
1900-04-18 18:00:00+01:00;6.3;19.800912
1900-04-18 19:00:00+01:00;6;18.402104
1900-04-18 20:00:00+01:00;5;16.13427
1900-04-18 21:00:00+01:00;4.6;13.5223135
1900-04-18 22:00:00+01:00;4.6;11.653114
1900-04-18 23:00:00+01:00;4.2;10.539138
1900-04-19 00:00:00+01:00;3.6;9.64108
1900-04-19 01:00:00+01:00;3.7;9.385228
1900-04-19 02:00:00+01:00;3.5;9.321358
1900-04-19 03:00:00+01:00;3.4;9.303854
1900-04-19 04:00:00+01:00;3.4;9.54541
1900-04-19 05:00:00+01:00;4;10.363691
1900-04-19 06:00:00+01:00;4.1;13.5274489
1900-04-19 07:00:00+01:00;4.1;18.092298
1900-04-19 08:00:00+01:00;3.3;21.030319
1900-04-19 09:00:00+01:00;5.5;23.05201
1900-04-19 10:00:00+01:00;6.7;24.84882
1900-04-19 11:00:00+01:00;8;25.05221
1900-04-19 12:00:00+01:00;5.8;25.15671
1900-04-19 13:00:00+01:00;8.6;25.11921
1900-04-19 14:00:00+01:00;8.8;24.97428
1900-04-19 15:00:00+01:00;8.8;24.81357
1900-04-19 16:00:00+01:00;8.2;23.41507
1900-04-19 17:00:00+01:00;8.8;21.288165
1900-04-19 18:00:00+01:00;7.9;19.800912
1900-04-19 19:00:00+01:00;6.6;18.402104
1900-04-19 20:00:00+01:00;5;16.13427
1900-04-19 21:00:00+01:00;3;13.5223135
1900-04-19 22:00:00+01:00;2.9;11.653114
1900-04-19 23:00:00+01:00;2.6;10.539138
1900-04-20 00:00:00+01:00;3;9.64108
1900-04-20 01:00:00+01:00;3;9.385228
1900-04-20 02:00:00+01:00;2.8;9.321358
1900-04-20 03:00:00+01:00;2.4;9.303854
1900-04-20 04:00:00+01:00;2.4;9.54541
1900-04-20 05:00:00+01:00;2.5;10.363691
1900-04-20 06:00:00+01:00;2.9;13.5274489
1900-04-20 07:00:00+01:00;3.2;18.092298
1900-04-20 08:00:00+01:00;3.5;21.030319
1900-04-20 09:00:00+01:00;3.3;23.05201
1900-04-20 10:00:00+01:00;3.2;24.84882
1900-04-20 11:00:00+01:00;4;25.05221
1900-04-20 12:00:00+01:00;4.5;25.15671
1900-04-20 13:00:00+01:00;7.4;25.11921
1900-04-20 14:00:00+01:00;8;24.97428
1900-04-20 15:00:00+01:00;9.5;24.81357
1900-04-20 16:00:00+01:00;6.7;23.41507
1900-04-20 17:00:00+01:00;6.2;21.288165
1900-04-20 18:00:00+01:00;6.6;19.800912
1900-04-20 19:00:00+01:00;4.7;18.402104
1900-04-20 20:00:00+01:00;3.6;16.13427
1900-04-20 21:00:00+01:00;4.5;13.5223135
1900-04-20 22:00:00+01:00;3.7;11.653114
1900-04-20 23:00:00+01:00;4;10.539138
1900-04-21 00:00:00+01:00;4.8;10.010882
1900-04-21 01:00:00+01:00;2.1;9.713938
1900-04-21 02:00:00+01:00;2;9.568476
1900-04-21 03:00:00+01:00;2.3;9.283135
1900-04-21 04:00:00+01:00;2.6;9.150213
1900-04-21 05:00:00+01:00;2.8;9.247971
1900-04-21 06:00:00+01:00;3;9.714335
1900-04-21 07:00:00+01:00;3.4;10.416313
1900-04-21 08:00:00+01:00;4.3;12.5900159
1900-04-21 09:00:00+01:00;4.8;15.882276
1900-04-21 10:00:00+01:00;7;18.363592
1900-04-21 11:00:00+01:00;7.3;19.002148
1900-04-21 12:00:00+01:00;8.5;19.313076
1900-04-21 13:00:00+01:00;10.4;19.429464
1900-04-21 14:00:00+01:00;10.2;18.779088
1900-04-21 15:00:00+01:00;8.9;17.831505
1900-04-21 16:00:00+01:00;9.3;16.999584
1900-04-21 17:00:00+01:00;8;16.250017
1900-04-21 18:00:00+01:00;6.3;14.638337
1900-04-21 19:00:00+01:00;5.5;12.8257983
1900-04-21 20:00:00+01:00;5;11.497931
1900-04-21 21:00:00+01:00;4.9;10.624333
1900-04-21 22:00:00+01:00;5;10.151469
1900-04-21 23:00:00+01:00;4.2;9.831164
1900-04-22 00:00:00+01:00;4;10.010882
1900-04-22 01:00:00+01:00;4.5;9.713938
1900-04-22 02:00:00+01:00;5;9.568476
1900-04-22 03:00:00+01:00;4.2;9.283135
1900-04-22 04:00:00+01:00;5;9.150213
1900-04-22 05:00:00+01:00;4.5;9.247971
1900-04-22 06:00:00+01:00;5.5;9.714335
1900-04-22 07:00:00+01:00;8;10.416313
1900-04-22 08:00:00+01:00;9.2;12.5900159
1900-04-22 09:00:00+01:00;11.4;15.882276
1900-04-22 10:00:00+01:00;13.2;18.363592
1900-04-22 11:00:00+01:00;15.6;19.002148
1900-04-22 12:00:00+01:00;16.5;19.313076
1900-04-22 13:00:00+01:00;16.6;19.429464
1900-04-22 14:00:00+01:00;17.6;18.779088
1900-04-22 15:00:00+01:00;18.1;17.831505
1900-04-22 16:00:00+01:00;17.8;16.999584
1900-04-22 17:00:00+01:00;19;16.250017
1900-04-22 18:00:00+01:00;17;14.638337
1900-04-22 19:00:00+01:00;16.2;12.8257983
1900-04-22 20:00:00+01:00;12.1;11.497931
1900-04-22 21:00:00+01:00;10;10.624333
1900-04-22 22:00:00+01:00;7.4;10.151469
1900-04-22 23:00:00+01:00;5.6;9.831164
1900-04-23 00:00:00+01:00;4.2;9.64108
1900-04-23 01:00:00+01:00;3;9.385228
1900-04-23 02:00:00+01:00;2.4;9.321358
1900-04-23 03:00:00+01:00;1.2;9.303854
1900-04-23 04:00:00+01:00;1.6;9.54541
1900-04-23 05:00:00+01:00;0.9;10.363691
1900-04-23 06:00:00+01:00;2.3;13.5274489
1900-04-23 07:00:00+01:00;6.9;18.092298
1900-04-23 08:00:00+01:00;7.5;21.030319
1900-04-23 09:00:00+01:00;10.8;23.05201
1900-04-23 10:00:00+01:00;13.8;24.84882
1900-04-23 11:00:00+01:00;15.3;25.05221
1900-04-23 12:00:00+01:00;15.1;25.15671
1900-04-23 13:00:00+01:00;13.2;25.11921
1900-04-23 14:00:00+01:00;14.2;24.97428
1900-04-23 15:00:00+01:00;13;24.81357
1900-04-23 16:00:00+01:00;10.5;23.41507
1900-04-23 17:00:00+01:00;9.8;21.288165
1900-04-23 18:00:00+01:00;9.4;19.800912
1900-04-23 19:00:00+01:00;8.7;18.402104
1900-04-23 20:00:00+01:00;9.2;16.13427
1900-04-23 21:00:00+01:00;7.7;13.5223135
1900-04-23 22:00:00+01:00;7;11.653114
1900-04-23 23:00:00+01:00;6.4;10.539138
1900-04-24 00:00:00+01:00;6;9.64108
1900-04-24 01:00:00+01:00;5.6;9.385228
1900-04-24 02:00:00+01:00;5.4;9.321358
1900-04-24 03:00:00+01:00;4.7;9.303854
1900-04-24 04:00:00+01:00;4.9;9.54541
1900-04-24 05:00:00+01:00;5.2;10.363691
1900-04-24 06:00:00+01:00;6;13.5274489
1900-04-24 07:00:00+01:00;6.2;18.092298
1900-04-24 08:00:00+01:00;7;21.030319
1900-04-24 09:00:00+01:00;7.4;23.05201
1900-04-24 10:00:00+01:00;9.6;24.84882
1900-04-24 11:00:00+01:00;8.3;25.05221
1900-04-24 12:00:00+01:00;11.3;25.15671
1900-04-24 13:00:00+01:00;9.7;25.11921
1900-04-24 14:00:00+01:00;11.3;24.97428
1900-04-24 15:00:00+01:00;11.5;24.81357
1900-04-24 16:00:00+01:00;10.9;23.41507
1900-04-24 17:00:00+01:00;11.6;21.288165
1900-04-24 18:00:00+01:00;8.7;19.800912
1900-04-24 19:00:00+01:00;8;18.402104
1900-04-24 20:00:00+01:00;6.8;16.13427
1900-04-24 21:00:00+01:00;5.9;13.5223135
1900-04-24 22:00:00+01:00;5.3;11.653114
1900-04-24 23:00:00+01:00;4.3;10.539138
1900-04-25 00:00:00+01:00;5.4;9.64108
1900-04-25 01:00:00+01:00;5.3;9.385228
1900-04-25 02:00:00+01:00;5.3;9.321358
1900-04-25 03:00:00+01:00;3.9;9.303854
1900-04-25 04:00:00+01:00;2.5;9.54541
1900-04-25 05:00:00+01:00;3.2;10.363691
1900-04-25 06:00:00+01:00;3.9;13.5274489
1900-04-25 07:00:00+01:00;6;18.092298
1900-04-25 08:00:00+01:00;7.1;21.030319
1900-04-25 09:00:00+01:00;8.4;23.05201
1900-04-25 10:00:00+01:00;10.6;24.84882
1900-04-25 11:00:00+01:00;10.9;25.05221
1900-04-25 12:00:00+01:00;12.2;25.15671
1900-04-25 13:00:00+01:00;14;25.11921
1900-04-25 14:00:00+01:00;12.4;24.97428
1900-04-25 15:00:00+01:00;13.6;24.81357
1900-04-25 16:00:00+01:00;10.4;23.41507
1900-04-25 17:00:00+01:00;5.5;21.288165
1900-04-25 18:00:00+01:00;3.4;19.800912
1900-04-25 19:00:00+01:00;3.6;18.402104
1900-04-25 20:00:00+01:00;3.4;16.13427
1900-04-25 21:00:00+01:00;3;13.5223135
1900-04-25 22:00:00+01:00;2.7;11.653114
1900-04-25 23:00:00+01:00;2.6;10.539138
1900-04-26 00:00:00+01:00;2.2;9.64108
1900-04-26 01:00:00+01:00;1.4;9.385228
1900-04-26 02:00:00+01:00;1.4;9.321358
1900-04-26 03:00:00+01:00;1.3;9.303854
1900-04-26 04:00:00+01:00;0.8;9.54541
1900-04-26 05:00:00+01:00;0.8;10.363691
1900-04-26 06:00:00+01:00;0.8;13.5274489
1900-04-26 07:00:00+01:00;2.6;18.092298
1900-04-26 08:00:00+01:00;3.2;21.030319
1900-04-26 09:00:00+01:00;5;23.05201
1900-04-26 10:00:00+01:00;5;24.84882
1900-04-26 11:00:00+01:00;7;25.05221
1900-04-26 12:00:00+01:00;8.4;25.15671
1900-04-26 13:00:00+01:00;7.7;25.11921
1900-04-26 14:00:00+01:00;7.6;24.97428
1900-04-26 15:00:00+01:00;6.9;24.81357
1900-04-26 16:00:00+01:00;8.4;23.41507
1900-04-26 17:00:00+01:00;8.1;21.288165
1900-04-26 18:00:00+01:00;6.5;19.800912
1900-04-26 19:00:00+01:00;5.2;18.402104
1900-04-26 20:00:00+01:00;3.3;16.13427
1900-04-26 21:00:00+01:00;2.2;13.5223135
1900-04-26 22:00:00+01:00;1.7;11.653114
1900-04-26 23:00:00+01:00;1.3;10.539138
1900-04-27 00:00:00+01:00;1;9.64108
1900-04-27 01:00:00+01:00;-0.1;9.385228
1900-04-27 02:00:00+01:00;-0.5;9.321358
1900-04-27 03:00:00+01:00;-1.4;9.303854
1900-04-27 04:00:00+01:00;-1.7;9.54541
1900-04-27 05:00:00+01:00;-0.3;10.363691
1900-04-27 06:00:00+01:00;0.7;13.5274489
1900-04-27 07:00:00+01:00;1.6;18.092298
1900-04-27 08:00:00+01:00;4;21.030319
1900-04-27 09:00:00+01:00;4.1;23.05201
1900-04-27 10:00:00+01:00;5.2;24.84882
1900-04-27 11:00:00+01:00;3.8;25.05221
1900-04-27 12:00:00+01:00;2.4;25.15671
1900-04-27 13:00:00+01:00;0.4;25.11921
1900-04-27 14:00:00+01:00;0.4;24.97428
1900-04-27 15:00:00+01:00;0.1;24.81357
1900-04-27 16:00:00+01:00;1.1;23.41507
1900-04-27 17:00:00+01:00;0.3;21.288165
1900-04-27 18:00:00+01:00;1;19.800912
1900-04-27 19:00:00+01:00;0.6;18.402104
1900-04-27 20:00:00+01:00;0.7;16.13427
1900-04-27 21:00:00+01:00;0;13.5223135
1900-04-27 22:00:00+01:00;0.3;11.653114
1900-04-27 23:00:00+01:00;-0.3;10.539138
1900-04-28 00:00:00+01:00;-2;10.010882
1900-04-28 01:00:00+01:00;-2.4;9.713938
1900-04-28 02:00:00+01:00;-3;9.568476
1900-04-28 03:00:00+01:00;-3.5;9.283135
1900-04-28 04:00:00+01:00;-4.3;9.150213
1900-04-28 05:00:00+01:00;-2.8;9.247971
1900-04-28 06:00:00+01:00;-1.5;9.714335
1900-04-28 07:00:00+01:00;-0.1;10.416313
1900-04-28 08:00:00+01:00;0.9;12.5900159
1900-04-28 09:00:00+01:00;2.3;15.882276
1900-04-28 10:00:00+01:00;3.4;18.363592
1900-04-28 11:00:00+01:00;4.7;19.002148
1900-04-28 12:00:00+01:00;6.4;19.313076
1900-04-28 13:00:00+01:00;6.6;19.429464
1900-04-28 14:00:00+01:00;9.5;18.779088
1900-04-28 15:00:00+01:00;8.1;17.831505
1900-04-28 16:00:00+01:00;7.1;16.999584
1900-04-28 17:00:00+01:00;7.1;16.250017
1900-04-28 18:00:00+01:00;6.6;14.638337
1900-04-28 19:00:00+01:00;5.7;12.8257983
1900-04-28 20:00:00+01:00;5.2;11.497931
1900-04-28 21:00:00+01:00;4;10.624333
1900-04-28 22:00:00+01:00;4;10.151469
1900-04-28 23:00:00+01:00;3.5;9.831164
1900-04-29 00:00:00+01:00;3.1;10.010882
1900-04-29 01:00:00+01:00;3.1;9.713938
1900-04-29 02:00:00+01:00;3.1;9.568476
1900-04-29 03:00:00+01:00;3;9.283135
1900-04-29 04:00:00+01:00;2.6;9.150213
1900-04-29 05:00:00+01:00;3.2;9.247971
1900-04-29 06:00:00+01:00;3.3;9.714335
1900-04-29 07:00:00+01:00;4.4;10.416313
1900-04-29 08:00:00+01:00;4.4;12.5900159
1900-04-29 09:00:00+01:00;4.8;15.882276
1900-04-29 10:00:00+01:00;4;18.363592
1900-04-29 11:00:00+01:00;3.8;19.002148
1900-04-29 12:00:00+01:00;4.5;19.313076
1900-04-29 13:00:00+01:00;4.3;19.429464
1900-04-29 14:00:00+01:00;4.4;18.779088
1900-04-29 15:00:00+01:00;4.6;17.831505
1900-04-29 16:00:00+01:00;5;16.999584
1900-04-29 17:00:00+01:00;5.3;16.250017
1900-04-29 18:00:00+01:00;5.7;14.638337
1900-04-29 19:00:00+01:00;5.2;12.8257983
1900-04-29 20:00:00+01:00;5.1;11.497931
1900-04-29 21:00:00+01:00;3.8;10.624333
1900-04-29 22:00:00+01:00;2.7;10.151469
1900-04-29 23:00:00+01:00;1.7;9.831164
1900-04-30 00:00:00+01:00;1.3;9.64108
1900-04-30 01:00:00+01:00;1.1;9.385228
1900-04-30 02:00:00+01:00;1.5;9.321358
1900-04-30 03:00:00+01:00;1.4;9.303854
1900-04-30 04:00:00+01:00;0.4;9.54541
1900-04-30 05:00:00+01:00;0.2;10.363691
1900-04-30 06:00:00+01:00;1.6;13.5274489
1900-04-30 07:00:00+01:00;3.6;18.092298
1900-04-30 08:00:00+01:00;4.8;21.030319
1900-04-30 09:00:00+01:00;7.7;23.05201
1900-04-30 10:00:00+01:00;9.6;24.84882
1900-04-30 11:00:00+01:00;12.3;25.05221
1900-04-30 12:00:00+01:00;12.6;25.15671
1900-04-30 13:00:00+01:00;14.4;25.11921
1900-04-30 14:00:00+01:00;14.6;24.97428
1900-04-30 15:00:00+01:00;14.8;24.81357
1900-04-30 16:00:00+01:00;16;23.673402
1900-04-30 17:00:00+01:00;12.9;21.288165
1900-04-30 18:00:00+01:00;12;19.800912
1900-04-30 19:00:00+01:00;8.9;18.402104
1900-04-30 20:00:00+01:00;7.8;16.13427
1900-04-30 21:00:00+01:00;7.2;13.5223135
1900-04-30 22:00:00+01:00;6.1;11.653114
1900-04-30 23:00:00+01:00;5;10.539138
1900-05-01 00:00:00+01:00;4.7;9.64108
1900-05-01 01:00:00+01:00;2;9.385228
1900-05-01 02:00:00+01:00;1.2;9.321358
1900-05-01 03:00:00+01:00;1.2;9.303854
1900-05-01 04:00:00+01:00;-1;9.54541
1900-05-01 05:00:00+01:00;2.1;10.363691
1900-05-01 06:00:00+01:00;3;13.5274489
1900-05-01 07:00:00+01:00;4.1;18.092298
1900-05-01 08:00:00+01:00;6.3;21.030319
1900-05-01 09:00:00+01:00;6.6;23.05201
1900-05-01 10:00:00+01:00;8.1;24.84882
1900-05-01 11:00:00+01:00;7.4;25.05221
1900-05-01 12:00:00+01:00;9;25.15671
1900-05-01 13:00:00+01:00;9.2;25.11921
1900-05-01 14:00:00+01:00;9.8;24.97428
1900-05-01 15:00:00+01:00;9.8;24.81357
1900-05-01 16:00:00+01:00;10.4;23.41507
1900-05-01 17:00:00+01:00;7.5;21.288165
1900-05-01 18:00:00+01:00;6;19.800912
1900-05-01 19:00:00+01:00;5.7;18.402104
1900-05-01 20:00:00+01:00;5.3;16.13427
1900-05-01 21:00:00+01:00;4.6;13.5223135
1900-05-01 22:00:00+01:00;5;11.653114
1900-05-01 23:00:00+01:00;4.2;10.539138
1900-05-02 00:00:00+01:00;3.5;9.64108
1900-05-02 01:00:00+01:00;3.3;9.385228
1900-05-02 02:00:00+01:00;2.3;9.321358
1900-05-02 03:00:00+01:00;1.8;9.303854
1900-05-02 04:00:00+01:00;0.2;9.54541
1900-05-02 05:00:00+01:00;0.6;10.363691
1900-05-02 06:00:00+01:00;2;13.5274489
1900-05-02 07:00:00+01:00;2.9;18.092298
1900-05-02 08:00:00+01:00;3.9;21.030319
1900-05-02 09:00:00+01:00;5;23.05201
1900-05-02 10:00:00+01:00;4.8;24.84882
1900-05-02 11:00:00+01:00;4.8;25.05221
1900-05-02 12:00:00+01:00;5.4;25.15671
1900-05-02 13:00:00+01:00;5.5;25.11921
1900-05-02 14:00:00+01:00;6.5;24.97428
1900-05-02 15:00:00+01:00;6.3;24.81357
1900-05-02 16:00:00+01:00;6.7;23.41507
1900-05-02 17:00:00+01:00;6.4;21.288165
1900-05-02 18:00:00+01:00;5.7;19.800912
1900-05-02 19:00:00+01:00;6.1;18.402104
1900-05-02 20:00:00+01:00;6;16.13427
1900-05-02 21:00:00+01:00;5.8;13.5223135
1900-05-02 22:00:00+01:00;5.4;11.653114
1900-05-02 23:00:00+01:00;5.2;10.539138
1900-05-03 00:00:00+01:00;5.2;9.64108
1900-05-03 01:00:00+01:00;5.2;9.385228
1900-05-03 02:00:00+01:00;5;9.321358
1900-05-03 03:00:00+01:00;5;9.303854
1900-05-03 04:00:00+01:00;4.7;9.54541
1900-05-03 05:00:00+01:00;5.1;10.363691
1900-05-03 06:00:00+01:00;5.7;13.5274489
1900-05-03 07:00:00+01:00;6;18.092298
1900-05-03 08:00:00+01:00;6.5;21.030319
1900-05-03 09:00:00+01:00;6.8;23.05201
1900-05-03 10:00:00+01:00;7.4;24.84882
1900-05-03 11:00:00+01:00;7.8;25.05221
1900-05-03 12:00:00+01:00;8.9;25.15671
1900-05-03 13:00:00+01:00;10;25.11921
1900-05-03 14:00:00+01:00;10.2;24.97428
1900-05-03 15:00:00+01:00;10;24.81357
1900-05-03 16:00:00+01:00;9.6;23.41507
1900-05-03 17:00:00+01:00;8.1;21.288165
1900-05-03 18:00:00+01:00;7.8;19.800912
1900-05-03 19:00:00+01:00;7;18.402104
1900-05-03 20:00:00+01:00;6.2;16.13427
1900-05-03 21:00:00+01:00;6.2;13.5223135
1900-05-03 22:00:00+01:00;5.9;11.653114
1900-05-03 23:00:00+01:00;6.5;10.539138
1900-05-04 00:00:00+01:00;6.8;9.64108
1900-05-04 01:00:00+01:00;7;9.385228
1900-05-04 02:00:00+01:00;6.8;9.321358
1900-05-04 03:00:00+01:00;7;9.303854
1900-05-04 04:00:00+01:00;6.9;9.54541
1900-05-04 05:00:00+01:00;7.3;10.363691
1900-05-04 06:00:00+01:00;7.4;13.5274489
1900-05-04 07:00:00+01:00;7.9;18.092298
1900-05-04 08:00:00+01:00;10;21.030319
1900-05-04 09:00:00+01:00;11.5;23.05201
1900-05-04 10:00:00+01:00;12.2;24.84882
1900-05-04 11:00:00+01:00;12.2;25.05221
1900-05-04 12:00:00+01:00;13.1;25.15671
1900-05-04 13:00:00+01:00;13.5;25.11921
1900-05-04 14:00:00+01:00;13.8;24.97428
1900-05-04 15:00:00+01:00;12.9;24.81357
1900-05-04 16:00:00+01:00;11.7;23.41507
1900-05-04 17:00:00+01:00;11.5;21.288165
1900-05-04 18:00:00+01:00;11.2;19.800912
1900-05-04 19:00:00+01:00;10.2;18.402104
1900-05-04 20:00:00+01:00;9.7;16.13427
1900-05-04 21:00:00+01:00;8.5;13.5223135
1900-05-04 22:00:00+01:00;8.5;11.653114
1900-05-04 23:00:00+01:00;7.6;10.539138
1900-05-05 00:00:00+01:00;7.2;10.010882
1900-05-05 01:00:00+01:00;6.1;9.713938
1900-05-05 02:00:00+01:00;5.8;9.568476
1900-05-05 03:00:00+01:00;6.4;9.283135
1900-05-05 04:00:00+01:00;7.4;9.150213
1900-05-05 05:00:00+01:00;8.2;9.247971
1900-05-05 06:00:00+01:00;9;9.714335
1900-05-05 07:00:00+01:00;9;10.416313
1900-05-05 08:00:00+01:00;10.5;12.5900159
1900-05-05 09:00:00+01:00;11.8;15.882276
1900-05-05 10:00:00+01:00;13.2;18.363592
1900-05-05 11:00:00+01:00;12.4;19.002148
1900-05-05 12:00:00+01:00;14.4;19.313076
1900-05-05 13:00:00+01:00;14.6;19.429464
1900-05-05 14:00:00+01:00;14.5;18.779088
1900-05-05 15:00:00+01:00;13.7;17.831505
1900-05-05 16:00:00+01:00;13.5;16.999584
1900-05-05 17:00:00+01:00;14.2;16.250017
1900-05-05 18:00:00+01:00;13;14.638337
1900-05-05 19:00:00+01:00;11.5;12.8257983
1900-05-05 20:00:00+01:00;10;11.497931
1900-05-05 21:00:00+01:00;8.6;10.624333
1900-05-05 22:00:00+01:00;8.5;10.151469
1900-05-05 23:00:00+01:00;7;9.831164
1900-05-06 00:00:00+01:00;6.2;10.010882
1900-05-06 01:00:00+01:00;5.4;9.713938
1900-05-06 02:00:00+01:00;2.5;9.568476
1900-05-06 03:00:00+01:00;3.4;9.283135
1900-05-06 04:00:00+01:00;4;9.150213
1900-05-06 05:00:00+01:00;4.8;9.247971
1900-05-06 06:00:00+01:00;6.4;9.714335
1900-05-06 07:00:00+01:00;7.3;10.416313
1900-05-06 08:00:00+01:00;8;12.5900159
1900-05-06 09:00:00+01:00;9;15.882276
1900-05-06 10:00:00+01:00;8.3;18.363592
1900-05-06 11:00:00+01:00;10.6;19.002148
1900-05-06 12:00:00+01:00;11.9;19.313076
1900-05-06 13:00:00+01:00;12.9;19.429464
1900-05-06 14:00:00+01:00;12.2;18.779088
1900-05-06 15:00:00+01:00;14.5;17.831505
1900-05-06 16:00:00+01:00;14.2;16.999584
1900-05-06 17:00:00+01:00;13;16.250017
1900-05-06 18:00:00+01:00;12.5;14.638337
1900-05-06 19:00:00+01:00;11.8;12.8257983
1900-05-06 20:00:00+01:00;10.4;11.497931
1900-05-06 21:00:00+01:00;9.4;10.624333
1900-05-06 22:00:00+01:00;8.2;10.151469
1900-05-06 23:00:00+01:00;5.8;9.831164
1900-05-07 00:00:00+01:00;5.5;9.64108
1900-05-07 01:00:00+01:00;3.8;9.385228
1900-05-07 02:00:00+01:00;3.4;9.321358
1900-05-07 03:00:00+01:00;2.8;9.303854
1900-05-07 04:00:00+01:00;2.6;9.54541
1900-05-07 05:00:00+01:00;3.1;10.363691
1900-05-07 06:00:00+01:00;5.5;13.5274489
1900-05-07 07:00:00+01:00;7.6;18.092298
1900-05-07 08:00:00+01:00;10.2;21.030319
1900-05-07 09:00:00+01:00;11.6;23.05201
1900-05-07 10:00:00+01:00;12.1;24.84882
1900-05-07 11:00:00+01:00;13;25.05221
1900-05-07 12:00:00+01:00;14;25.15671
1900-05-07 13:00:00+01:00;14.9;25.11921
1900-05-07 14:00:00+01:00;15.6;25.30810884
1900-05-07 15:00:00+01:00;15.7;25.24041042
1900-05-07 16:00:00+01:00;14;23.41507
1900-05-07 17:00:00+01:00;13.5;21.288165
1900-05-07 18:00:00+01:00;12.1;19.800912
1900-05-07 19:00:00+01:00;11;18.402104
1900-05-07 20:00:00+01:00;10.3;16.13427
1900-05-07 21:00:00+01:00;8.8;13.5223135
1900-05-07 22:00:00+01:00;8.4;11.653114
1900-05-07 23:00:00+01:00;8.2;10.539138
1900-05-08 00:00:00+01:00;7.8;9.64108
1900-05-08 01:00:00+01:00;7.6;9.385228
1900-05-08 02:00:00+01:00;7.5;9.321358
1900-05-08 03:00:00+01:00;7.1;9.303854
1900-05-08 04:00:00+01:00;6.5;9.54541
1900-05-08 05:00:00+01:00;7.7;10.363691
1900-05-08 06:00:00+01:00;8.5;13.5274489
1900-05-08 07:00:00+01:00;9.8;18.092298
1900-05-08 08:00:00+01:00;10.8;21.030319
1900-05-08 09:00:00+01:00;11.7;23.05201
1900-05-08 10:00:00+01:00;13.4;24.84882
1900-05-08 11:00:00+01:00;14.4;25.05221
1900-05-08 12:00:00+01:00;14.7;25.15671
1900-05-08 13:00:00+01:00;15.1;25.11921
1900-05-08 14:00:00+01:00;15.2;24.97428
1900-05-08 15:00:00+01:00;15;24.81357
1900-05-08 16:00:00+01:00;15.3;23.41507
1900-05-08 17:00:00+01:00;15;21.288165
1900-05-08 18:00:00+01:00;14;19.800912
1900-05-08 19:00:00+01:00;12.7;18.402104
1900-05-08 20:00:00+01:00;11.4;16.13427
1900-05-08 21:00:00+01:00;11;13.5223135
1900-05-08 22:00:00+01:00;9.5;11.653114
1900-05-08 23:00:00+01:00;8.2;10.539138
1900-05-09 00:00:00+01:00;7.7;9.64108
1900-05-09 01:00:00+01:00;7.2;9.385228
1900-05-09 02:00:00+01:00;6.6;9.321358
1900-05-09 03:00:00+01:00;6.3;9.303854
1900-05-09 04:00:00+01:00;6.6;9.54541
1900-05-09 05:00:00+01:00;7.9;10.363691
1900-05-09 06:00:00+01:00;9.9;13.5274489
1900-05-09 07:00:00+01:00;10.9;18.092298
1900-05-09 08:00:00+01:00;13.6;21.030319
1900-05-09 09:00:00+01:00;16.4;23.2693546
1900-05-09 10:00:00+01:00;17.8;25.99792784
1900-05-09 11:00:00+01:00;20;27.294584
1900-05-09 12:00:00+01:00;21.3;28.28928914
1900-05-09 13:00:00+01:00;21.3;28.41959647
1900-05-09 14:00:00+01:00;22.5;28.9650495
1900-05-09 15:00:00+01:00;20.7;27.83731342
1900-05-09 16:00:00+01:00;17.6;24.3693988
1900-05-09 17:00:00+01:00;17;21.4629414
1900-05-09 18:00:00+01:00;16.4;19.800912
1900-05-09 19:00:00+01:00;15.4;18.402104
1900-05-09 20:00:00+01:00;12.6;16.13427
1900-05-09 21:00:00+01:00;11.9;13.5223135
1900-05-09 22:00:00+01:00;10.7;11.653114
1900-05-09 23:00:00+01:00;9.4;10.539138
1900-05-10 00:00:00+01:00;7.9;9.64108
1900-05-10 01:00:00+01:00;7.5;9.385228
1900-05-10 02:00:00+01:00;7.3;9.321358
1900-05-10 03:00:00+01:00;8.4;9.303854
1900-05-10 04:00:00+01:00;8.9;9.54541
1900-05-10 05:00:00+01:00;9.2;10.363691
1900-05-10 06:00:00+01:00;9.3;13.5274489
1900-05-10 07:00:00+01:00;9.4;18.092298
1900-05-10 08:00:00+01:00;11.5;21.030319
1900-05-10 09:00:00+01:00;11.8;23.05201
1900-05-10 10:00:00+01:00;14.1;24.84882
1900-05-10 11:00:00+01:00;16.7;25.70979431
1900-05-10 12:00:00+01:00;17.7;26.50999706
1900-05-10 13:00:00+01:00;19.7;27.58495343
1900-05-10 14:00:00+01:00;20.8;28.06406412
1900-05-10 15:00:00+01:00;20.4;27.68149924
1900-05-10 16:00:00+01:00;18.4;24.7173972
1900-05-10 17:00:00+01:00;17.3;21.54703446
1900-05-10 18:00:00+01:00;17.1;19.800912
1900-05-10 19:00:00+01:00;16;18.402104
1900-05-10 20:00:00+01:00;14.8;16.13427
1900-05-10 21:00:00+01:00;15;13.5223135
1900-05-10 22:00:00+01:00;14;11.653114
1900-05-10 23:00:00+01:00;13.5;10.539138
1900-05-11 00:00:00+01:00;12.8;9.64108
1900-05-11 01:00:00+01:00;11.6;9.385228
1900-05-11 02:00:00+01:00;10.7;9.321358
1900-05-11 03:00:00+01:00;9.7;9.303854
1900-05-11 04:00:00+01:00;10.2;9.54541
1900-05-11 05:00:00+01:00;12;10.363691
1900-05-11 06:00:00+01:00;10.5;13.5274489
1900-05-11 07:00:00+01:00;10.5;18.092298
1900-05-11 08:00:00+01:00;10.4;21.030319
1900-05-11 09:00:00+01:00;10.5;23.05201
1900-05-11 10:00:00+01:00;11;24.84882
1900-05-11 11:00:00+01:00;11.8;25.05221
1900-05-11 12:00:00+01:00;13;25.15671
1900-05-11 13:00:00+01:00;14.6;25.11921
1900-05-11 14:00:00+01:00;16.1;25.57310454
1900-05-11 15:00:00+01:00;15.2;24.81357
1900-05-11 16:00:00+01:00;17.4;24.2823992
1900-05-11 17:00:00+01:00;16.6;21.35081732
1900-05-11 18:00:00+01:00;15.8;19.800912
1900-05-11 19:00:00+01:00;14.4;18.402104
1900-05-11 20:00:00+01:00;12.5;16.13427
1900-05-11 21:00:00+01:00;11.5;13.5223135
1900-05-11 22:00:00+01:00;10.2;11.653114
1900-05-11 23:00:00+01:00;9.6;10.539138
1900-05-12 00:00:00+01:00;7.6;10.010882
1900-05-12 01:00:00+01:00;7.1;9.713938
1900-05-12 02:00:00+01:00;6.7;9.568476
1900-05-12 03:00:00+01:00;6.9;9.283135
1900-05-12 04:00:00+01:00;5;9.150213
1900-05-12 05:00:00+01:00;9;9.247971
1900-05-12 06:00:00+01:00;10.1;9.714335
1900-05-12 07:00:00+01:00;9.7;10.416313
1900-05-12 08:00:00+01:00;10.8;12.5900159
1900-05-12 09:00:00+01:00;12.4;15.882276
1900-05-12 10:00:00+01:00;13.2;18.363592
1900-05-12 11:00:00+01:00;13.8;19.002148
1900-05-12 12:00:00+01:00;12.4;19.313076
1900-05-12 13:00:00+01:00;10.8;19.429464
1900-05-12 14:00:00+01:00;9.8;18.779088
1900-05-12 15:00:00+01:00;9.1;17.831505
1900-05-12 16:00:00+01:00;9.3;16.999584
1900-05-12 17:00:00+01:00;9.2;16.250017
1900-05-12 18:00:00+01:00;9.9;14.638337
1900-05-12 19:00:00+01:00;9.9;12.8257983
1900-05-12 20:00:00+01:00;9.4;11.497931
1900-05-12 21:00:00+01:00;8.9;10.624333
1900-05-12 22:00:00+01:00;8.8;10.151469
1900-05-12 23:00:00+01:00;8.7;9.831164
1900-05-13 00:00:00+01:00;9.4;10.010882
1900-05-13 01:00:00+01:00;9.6;9.713938
1900-05-13 02:00:00+01:00;9.3;9.568476
1900-05-13 03:00:00+01:00;8.8;9.283135
1900-05-13 04:00:00+01:00;8.5;9.150213
1900-05-13 05:00:00+01:00;8;9.247971
1900-05-13 06:00:00+01:00;8;9.714335
1900-05-13 07:00:00+01:00;8.1;10.416313
1900-05-13 08:00:00+01:00;8.4;12.5900159
1900-05-13 09:00:00+01:00;8.5;15.882276
1900-05-13 10:00:00+01:00;9.1;18.363592
1900-05-13 11:00:00+01:00;9.3;19.002148
1900-05-13 12:00:00+01:00;10.3;19.313076
1900-05-13 13:00:00+01:00;9.9;19.429464
1900-05-13 14:00:00+01:00;11.3;18.779088
1900-05-13 15:00:00+01:00;12;17.831505
1900-05-13 16:00:00+01:00;11.3;16.999584
1900-05-13 17:00:00+01:00;10.5;16.250017
1900-05-13 18:00:00+01:00;9.6;14.638337
1900-05-13 19:00:00+01:00;9.5;12.8257983
1900-05-13 20:00:00+01:00;8.7;11.497931
1900-05-13 21:00:00+01:00;8.8;10.624333
1900-05-13 22:00:00+01:00;8.6;10.151469
1900-05-13 23:00:00+01:00;8.6;9.831164
1900-05-14 00:00:00+01:00;8.3;9.64108
1900-05-14 01:00:00+01:00;8;9.385228
1900-05-14 02:00:00+01:00;7.8;9.321358
1900-05-14 03:00:00+01:00;7.7;9.303854
1900-05-14 04:00:00+01:00;7.5;9.54541
1900-05-14 05:00:00+01:00;8.2;10.363691
1900-05-14 06:00:00+01:00;8.6;13.5274489
1900-05-14 07:00:00+01:00;8.9;18.092298
1900-05-14 08:00:00+01:00;10.7;21.030319
1900-05-14 09:00:00+01:00;12.6;23.05201
1900-05-14 10:00:00+01:00;12;24.84882
1900-05-14 11:00:00+01:00;12;25.05221
1900-05-14 12:00:00+01:00;13.2;25.15671
1900-05-14 13:00:00+01:00;13.3;25.11921
1900-05-14 14:00:00+01:00;13;24.97428
1900-05-14 15:00:00+01:00;13.3;24.81357
1900-05-14 16:00:00+01:00;14.8;23.41507
1900-05-14 17:00:00+01:00;13.6;21.288165
1900-05-14 18:00:00+01:00;13.4;19.800912
1900-05-14 19:00:00+01:00;13.4;18.402104
1900-05-14 20:00:00+01:00;11;16.13427
1900-05-14 21:00:00+01:00;9;13.5223135
1900-05-14 22:00:00+01:00;7.6;11.653114
1900-05-14 23:00:00+01:00;7;10.539138
1900-05-15 00:00:00+01:00;5.6;9.64108
1900-05-15 01:00:00+01:00;4.4;9.385228
1900-05-15 02:00:00+01:00;2.7;9.321358
1900-05-15 03:00:00+01:00;3;9.303854
1900-05-15 04:00:00+01:00;4.3;9.54541
1900-05-15 05:00:00+01:00;7.6;10.363691
1900-05-15 06:00:00+01:00;9.5;13.5274489
1900-05-15 07:00:00+01:00;11.3;18.092298
1900-05-15 08:00:00+01:00;12.9;21.030319
1900-05-15 09:00:00+01:00;15;23.05201
1900-05-15 10:00:00+01:00;16.3;25.32510614
1900-05-15 11:00:00+01:00;17;25.8538661
1900-05-15 12:00:00+01:00;18.6;26.95482008
1900-05-15 13:00:00+01:00;18.1;26.75031039
1900-05-15 14:00:00+01:00;16.7;25.89109938
1900-05-15 15:00:00+01:00;16.7;25.75979102
1900-05-15 16:00:00+01:00;17.2;24.1953996
1900-05-15 17:00:00+01:00;16.4;21.29475528
1900-05-15 18:00:00+01:00;15.5;19.800912
1900-05-15 19:00:00+01:00;14.5;18.402104
1900-05-15 20:00:00+01:00;14.3;16.13427
1900-05-15 21:00:00+01:00;14.1;13.5223135
1900-05-15 22:00:00+01:00;13.5;11.653114
1900-05-15 23:00:00+01:00;12.7;10.539138
1900-05-16 00:00:00+01:00;12.5;9.64108
1900-05-16 01:00:00+01:00;11.9;9.385228
1900-05-16 02:00:00+01:00;11.4;9.321358
1900-05-16 03:00:00+01:00;11;9.303854
1900-05-16 04:00:00+01:00;10.8;9.54541
1900-05-16 05:00:00+01:00;10.8;10.363691
1900-05-16 06:00:00+01:00;11.7;13.5274489
1900-05-16 07:00:00+01:00;12;18.092298
1900-05-16 08:00:00+01:00;13.2;21.030319
1900-05-16 09:00:00+01:00;13.6;23.05201
1900-05-16 10:00:00+01:00;12.6;24.84882
1900-05-16 11:00:00+01:00;12;25.05221
1900-05-16 12:00:00+01:00;12.7;25.15671
1900-05-16 13:00:00+01:00;14.6;25.11921
1900-05-16 14:00:00+01:00;15.4;24.97428
1900-05-16 15:00:00+01:00;14.7;24.81357
1900-05-16 16:00:00+01:00;14.7;23.41507
1900-05-16 17:00:00+01:00;14.5;21.288165
1900-05-16 18:00:00+01:00;13.9;19.800912
1900-05-16 19:00:00+01:00;12.3;18.402104
1900-05-16 20:00:00+01:00;11.7;16.13427
1900-05-16 21:00:00+01:00;10.6;13.5223135
1900-05-16 22:00:00+01:00;10;11.653114
1900-05-16 23:00:00+01:00;10;10.539138
1900-05-17 00:00:00+01:00;9.7;9.64108
1900-05-17 01:00:00+01:00;9.5;9.385228
1900-05-17 02:00:00+01:00;9;9.321358
1900-05-17 03:00:00+01:00;8.8;9.303854
1900-05-17 04:00:00+01:00;9;9.54541
1900-05-17 05:00:00+01:00;8;10.363691
1900-05-17 06:00:00+01:00;8.4;13.5274489
1900-05-17 07:00:00+01:00;8.6;18.092298
1900-05-17 08:00:00+01:00;9.8;21.030319
1900-05-17 09:00:00+01:00;11.5;23.05201
1900-05-17 10:00:00+01:00;12.6;24.84882
1900-05-17 11:00:00+01:00;14.4;25.05221
1900-05-17 12:00:00+01:00;16;25.6697758
1900-05-17 13:00:00+01:00;16.5;25.91566735
1900-05-17 14:00:00+01:00;15.6;25.30810884
1900-05-17 15:00:00+01:00;15.8;25.29234848
1900-05-17 16:00:00+01:00;15.2;23.41507
1900-05-17 17:00:00+01:00;14;21.288165
1900-05-17 18:00:00+01:00;13.3;19.800912
1900-05-17 19:00:00+01:00;12.2;18.402104
1900-05-17 20:00:00+01:00;11.6;16.13427
1900-05-17 21:00:00+01:00;10;13.5223135
1900-05-17 22:00:00+01:00;9.4;11.653114
1900-05-17 23:00:00+01:00;7;10.539138
1900-05-18 00:00:00+01:00;7.4;9.64108
1900-05-18 01:00:00+01:00;6.1;9.385228
1900-05-18 02:00:00+01:00;4;9.321358
1900-05-18 03:00:00+01:00;3.8;9.303854
1900-05-18 04:00:00+01:00;4.2;9.54541
1900-05-18 05:00:00+01:00;7.1;10.363691
1900-05-18 06:00:00+01:00;10;13.5274489
1900-05-18 07:00:00+01:00;11.3;18.092298
1900-05-18 08:00:00+01:00;13;21.030319
1900-05-18 09:00:00+01:00;13.3;23.05201
1900-05-18 10:00:00+01:00;14;24.84882
1900-05-18 11:00:00+01:00;16.1;25.42165073
1900-05-18 12:00:00+01:00;18.3;26.80654574
1900-05-18 13:00:00+01:00;17.9;26.64598001
1900-05-18 14:00:00+01:00;19.4;27.32207616
1900-05-18 15:00:00+01:00;19.9;27.42180894
1900-05-18 16:00:00+01:00;20.2;25.5003936
1900-05-18 17:00:00+01:00;20.2;22.35993404
1900-05-18 18:00:00+01:00;19;19.800912
1900-05-18 19:00:00+01:00;18.9;18.402104
1900-05-18 20:00:00+01:00;15.3;16.13427
1900-05-18 21:00:00+01:00;13.7;13.5223135
1900-05-18 22:00:00+01:00;11.4;11.653114
1900-05-18 23:00:00+01:00;10;10.539138
1900-05-19 00:00:00+01:00;10;10.010882
1900-05-19 01:00:00+01:00;8.3;9.713938
1900-05-19 02:00:00+01:00;7.5;9.568476
1900-05-19 03:00:00+01:00;8;9.283135
1900-05-19 04:00:00+01:00;9.4;9.150213
1900-05-19 05:00:00+01:00;11;9.247971
1900-05-19 06:00:00+01:00;11.6;9.714335
1900-05-19 07:00:00+01:00;14.6;10.416313
1900-05-19 08:00:00+01:00;17;12.5900159
1900-05-19 09:00:00+01:00;17;15.882276
1900-05-19 10:00:00+01:00;19.5;18.363592
1900-05-19 11:00:00+01:00;20;19.002148
1900-05-19 12:00:00+01:00;21.6;19.313076
1900-05-19 13:00:00+01:00;22.1;19.429464
1900-05-19 14:00:00+01:00;23.4;18.779088
1900-05-19 15:00:00+01:00;24.9;17.831505
1900-05-19 16:00:00+01:00;22;16.999584
1900-05-19 17:00:00+01:00;23.7;16.250017
1900-05-19 18:00:00+01:00;22.7;14.638337
1900-05-19 19:00:00+01:00;21.4;12.8257983
1900-05-19 20:00:00+01:00;17.9;11.497931
1900-05-19 21:00:00+01:00;17;10.624333
1900-05-19 22:00:00+01:00;15.8;10.151469
1900-05-19 23:00:00+01:00;16;9.831164
1900-05-20 00:00:00+01:00;15.7;10.010882
1900-05-20 01:00:00+01:00;14.9;9.713938
1900-05-20 02:00:00+01:00;13.8;9.568476
1900-05-20 03:00:00+01:00;13.2;9.283135
1900-05-20 04:00:00+01:00;13.1;9.150213
1900-05-20 05:00:00+01:00;12.8;9.247971
1900-05-20 06:00:00+01:00;15;9.714335
1900-05-20 07:00:00+01:00;16;10.416313
1900-05-20 08:00:00+01:00;16.5;12.5900159
1900-05-20 09:00:00+01:00;17.2;15.882276
1900-05-20 10:00:00+01:00;18.2;18.363592
1900-05-20 11:00:00+01:00;18.3;19.002148
1900-05-20 12:00:00+01:00;18;19.313076
1900-05-20 13:00:00+01:00;19;19.429464
1900-05-20 14:00:00+01:00;18;18.779088
1900-05-20 15:00:00+01:00;17.6;17.831505
1900-05-20 16:00:00+01:00;19;16.999584
1900-05-20 17:00:00+01:00;18.6;16.250017
1900-05-20 18:00:00+01:00;17.3;14.638337
1900-05-20 19:00:00+01:00;17;12.8257983
1900-05-20 20:00:00+01:00;16.1;11.497931
1900-05-20 21:00:00+01:00;15.7;10.624333
1900-05-20 22:00:00+01:00;15.3;10.151469
1900-05-20 23:00:00+01:00;15;9.831164
1900-05-21 00:00:00+01:00;14.3;9.64108
1900-05-21 01:00:00+01:00;13.7;9.385228
1900-05-21 02:00:00+01:00;12.4;9.321358
1900-05-21 03:00:00+01:00;12.4;9.303854
1900-05-21 04:00:00+01:00;12.4;9.54541
1900-05-21 05:00:00+01:00;13;10.363691
1900-05-21 06:00:00+01:00;13.9;13.5274489
1900-05-21 07:00:00+01:00;15.5;18.092298
1900-05-21 08:00:00+01:00;16;21.030319
1900-05-21 09:00:00+01:00;18;23.824169
1900-05-21 10:00:00+01:00;19.5;26.7604591
1900-05-21 11:00:00+01:00;18;26.3341054
1900-05-21 12:00:00+01:00;20.1;27.69619178
1900-05-21 13:00:00+01:00;20.3;27.89794457
1900-05-21 14:00:00+01:00;19.6;27.42807444
1900-05-21 15:00:00+01:00;21;27.9931276
1900-05-21 16:00:00+01:00;22.6;26.5443888
1900-05-21 17:00:00+01:00;19.3;22.10765486
1900-05-21 18:00:00+01:00;18.9;19.800912
1900-05-21 19:00:00+01:00;17.5;18.402104
1900-05-21 20:00:00+01:00;16.9;16.13427
1900-05-21 21:00:00+01:00;15.6;13.5223135
1900-05-21 22:00:00+01:00;14.2;11.653114
1900-05-21 23:00:00+01:00;13.5;10.539138
1900-05-22 00:00:00+01:00;12.2;9.64108
1900-05-22 01:00:00+01:00;10.6;9.385228
1900-05-22 02:00:00+01:00;11;9.321358
1900-05-22 03:00:00+01:00;11.2;9.303854
1900-05-22 04:00:00+01:00;11.3;9.54541
1900-05-22 05:00:00+01:00;12;10.363691
1900-05-22 06:00:00+01:00;12.4;13.5274489
1900-05-22 07:00:00+01:00;13.4;18.092298
1900-05-22 08:00:00+01:00;15.4;21.030319
1900-05-22 09:00:00+01:00;16.6;23.3387064
1900-05-22 10:00:00+01:00;17.4;25.81850872
1900-05-22 11:00:00+01:00;18.5;26.57422505
1900-05-22 12:00:00+01:00;18.7;27.00424486
1900-05-22 13:00:00+01:00;19.1;27.27196229
1900-05-22 14:00:00+01:00;20.4;27.85206756
1900-05-22 15:00:00+01:00;20.9;27.94118954
1900-05-22 16:00:00+01:00;20.5;25.630893
1900-05-22 17:00:00+01:00;20;22.303872
1900-05-22 18:00:00+01:00;17.5;19.800912
1900-05-22 19:00:00+01:00;16.6;18.402104
1900-05-22 20:00:00+01:00;15.7;16.13427
1900-05-22 21:00:00+01:00;15.3;13.5223135
1900-05-22 22:00:00+01:00;12.9;11.653114
1900-05-22 23:00:00+01:00;11.2;10.539138
1900-05-23 00:00:00+01:00;10.4;9.64108
1900-05-23 01:00:00+01:00;7.7;9.385228
1900-05-23 02:00:00+01:00;7.2;9.321358
1900-05-23 03:00:00+01:00;6.9;9.303854
1900-05-23 04:00:00+01:00;8.6;9.54541
1900-05-23 05:00:00+01:00;12;10.363691
1900-05-23 06:00:00+01:00;13.1;13.5274489
1900-05-23 07:00:00+01:00;14.2;18.092298
1900-05-23 08:00:00+01:00;14.8;21.030319
1900-05-23 09:00:00+01:00;15.9;23.0959751
1900-05-23 10:00:00+01:00;16.4;25.36996092
1900-05-23 11:00:00+01:00;16.7;25.70979431
1900-05-23 12:00:00+01:00;16.8;26.06517404
1900-05-23 13:00:00+01:00;17.5;26.43731925
1900-05-23 14:00:00+01:00;18.8;27.00408132
1900-05-23 15:00:00+01:00;19.2;27.05824252
1900-05-23 16:00:00+01:00;18.8;24.8913964
1900-05-23 17:00:00+01:00;19.3;22.10765486
1900-05-23 18:00:00+01:00;18.5;19.800912
1900-05-23 19:00:00+01:00;16.2;18.402104
1900-05-23 20:00:00+01:00;15.5;16.13427
1900-05-23 21:00:00+01:00;14.1;13.5223135
1900-05-23 22:00:00+01:00;13.4;11.653114
1900-05-23 23:00:00+01:00;13;10.539138
1900-05-24 00:00:00+01:00;12.3;9.64108
1900-05-24 01:00:00+01:00;12.6;9.385228
1900-05-24 02:00:00+01:00;12.7;9.321358
1900-05-24 03:00:00+01:00;12.4;9.303854
1900-05-24 04:00:00+01:00;11.9;9.54541
1900-05-24 05:00:00+01:00;13.8;10.363691
1900-05-24 06:00:00+01:00;14.3;13.5274489
1900-05-24 07:00:00+01:00;15.6;18.092298
1900-05-24 08:00:00+01:00;16.9;21.030319
1900-05-24 09:00:00+01:00;17.7;23.7201413
1900-05-24 10:00:00+01:00;19.8;26.89502344
1900-05-24 11:00:00+01:00;21.2;27.87087116
1900-05-24 12:00:00+01:00;21.1;28.19043958
1900-05-24 13:00:00+01:00;20.6;28.05444014
1900-05-24 14:00:00+01:00;22.4;28.91205036
1900-05-24 15:00:00+01:00;22.9;28.97995074
1900-05-24 16:00:00+01:00;21.8;26.1963904
1900-05-24 17:00:00+01:00;22;22.8644924
1900-05-24 18:00:00+01:00;21;19.800912
1900-05-24 19:00:00+01:00;19.1;18.402104
1900-05-24 20:00:00+01:00;16.3;16.13427
1900-05-24 21:00:00+01:00;15;13.5223135
1900-05-24 22:00:00+01:00;13;11.653114
1900-05-24 23:00:00+01:00;11.7;10.539138
1900-05-25 00:00:00+01:00;11.2;9.64108
1900-05-25 01:00:00+01:00;10;9.385228
1900-05-25 02:00:00+01:00;9.1;9.321358
1900-05-25 03:00:00+01:00;8.5;9.303854
1900-05-25 04:00:00+01:00;9.1;9.54541
1900-05-25 05:00:00+01:00;11.8;10.363691
1900-05-25 06:00:00+01:00;14.5;13.5274489
1900-05-25 07:00:00+01:00;16.2;18.092298
1900-05-25 08:00:00+01:00;18.1;21.030319
1900-05-25 09:00:00+01:00;19.6;24.3789834
1900-05-25 10:00:00+01:00;21.7;27.74726426
1900-05-25 11:00:00+01:00;22.2;28.35111046
1900-05-25 12:00:00+01:00;23.1;29.17893518
1900-05-25 13:00:00+01:00;25.4;30.55836926
1900-05-25 14:00:00+01:00;24.6;30.07803144
1900-05-25 15:00:00+01:00;24;29.5512694
1900-05-25 16:00:00+01:00;26.4;28.1973812
1900-05-25 17:00:00+01:00;24.1;23.45314382
1900-05-25 18:00:00+01:00;23.6;19.800912
1900-05-25 19:00:00+01:00;21.5;18.402104
1900-05-25 20:00:00+01:00;17.8;16.13427
1900-05-25 21:00:00+01:00;15.9;13.5223135
1900-05-25 22:00:00+01:00;14;11.653114
1900-05-25 23:00:00+01:00;13.5;10.539138
1900-05-26 00:00:00+01:00;11.7;10.010882
1900-05-26 01:00:00+01:00;11.6;9.713938
1900-05-26 02:00:00+01:00;10.9;9.568476
1900-05-26 03:00:00+01:00;11.1;9.283135
1900-05-26 04:00:00+01:00;11;9.150213
1900-05-26 05:00:00+01:00;11.8;9.247971
1900-05-26 06:00:00+01:00;13;9.714335
1900-05-26 07:00:00+01:00;15.1;10.416313
1900-05-26 08:00:00+01:00;17.4;12.5900159
1900-05-26 09:00:00+01:00;18.4;15.882276
1900-05-26 10:00:00+01:00;16.4;18.363592
1900-05-26 11:00:00+01:00;19.4;19.002148
1900-05-26 12:00:00+01:00;16.2;19.313076
1900-05-26 13:00:00+01:00;16.2;19.429464
1900-05-26 14:00:00+01:00;14;18.779088
1900-05-26 15:00:00+01:00;11.1;17.831505
1900-05-26 16:00:00+01:00;9.3;16.999584
1900-05-26 17:00:00+01:00;8.7;16.250017
1900-05-26 18:00:00+01:00;8.8;14.638337
1900-05-26 19:00:00+01:00;9.8;12.8257983
1900-05-26 20:00:00+01:00;10.3;11.497931
1900-05-26 21:00:00+01:00;10.4;10.624333
1900-05-26 22:00:00+01:00;9.3;10.151469
1900-05-26 23:00:00+01:00;8.1;9.831164
1900-05-27 00:00:00+01:00;8.1;10.010882
1900-05-27 01:00:00+01:00;7.5;9.713938
1900-05-27 02:00:00+01:00;7.1;9.568476
1900-05-27 03:00:00+01:00;6.9;9.283135
1900-05-27 04:00:00+01:00;6.8;9.150213
1900-05-27 05:00:00+01:00;6.6;9.247971
1900-05-27 06:00:00+01:00;6.9;9.714335
1900-05-27 07:00:00+01:00;6.7;10.416313
1900-05-27 08:00:00+01:00;7.7;12.5900159
1900-05-27 09:00:00+01:00;8.9;15.882276
1900-05-27 10:00:00+01:00;9.5;18.363592
1900-05-27 11:00:00+01:00;11;19.002148
1900-05-27 12:00:00+01:00;11.1;19.313076
1900-05-27 13:00:00+01:00;11;19.429464
1900-05-27 14:00:00+01:00;11.1;18.779088
1900-05-27 15:00:00+01:00;11.2;17.831505
1900-05-27 16:00:00+01:00;11;16.999584
1900-05-27 17:00:00+01:00;10.7;16.250017
1900-05-27 18:00:00+01:00;10.7;14.638337
1900-05-27 19:00:00+01:00;10.2;12.8257983
1900-05-27 20:00:00+01:00;8.3;11.497931
1900-05-27 21:00:00+01:00;7;10.624333
1900-05-27 22:00:00+01:00;5.6;10.151469
1900-05-27 23:00:00+01:00;4.7;9.831164
1900-05-28 00:00:00+01:00;4.6;9.64108
1900-05-28 01:00:00+01:00;3.7;9.385228
1900-05-28 02:00:00+01:00;3.6;9.321358
1900-05-28 03:00:00+01:00;3.7;9.303854
1900-05-28 04:00:00+01:00;4.4;9.54541
1900-05-28 05:00:00+01:00;4.6;10.363691
1900-05-28 06:00:00+01:00;6;13.5274489
1900-05-28 07:00:00+01:00;7.2;18.092298
1900-05-28 08:00:00+01:00;8.5;21.030319
1900-05-28 09:00:00+01:00;9.2;23.05201
1900-05-28 10:00:00+01:00;10.1;24.84882
1900-05-28 11:00:00+01:00;11.3;25.05221
1900-05-28 12:00:00+01:00;12.3;25.15671
1900-05-28 13:00:00+01:00;12.5;25.11921
1900-05-28 14:00:00+01:00;13.1;24.97428
1900-05-28 15:00:00+01:00;12.7;24.81357
1900-05-28 16:00:00+01:00;12.7;23.41507
1900-05-28 17:00:00+01:00;12.7;21.288165
1900-05-28 18:00:00+01:00;12.8;19.800912
1900-05-28 19:00:00+01:00;12.3;18.402104
1900-05-28 20:00:00+01:00;10.9;16.13427
1900-05-28 21:00:00+01:00;9.2;13.5223135
1900-05-28 22:00:00+01:00;5.6;11.653114
1900-05-28 23:00:00+01:00;4.5;10.539138
1900-05-29 00:00:00+01:00;4.9;9.64108
1900-05-29 01:00:00+01:00;4;9.385228
1900-05-29 02:00:00+01:00;6.8;9.321358
1900-05-29 03:00:00+01:00;6.7;9.303854
1900-05-29 04:00:00+01:00;6.6;9.54541
1900-05-29 05:00:00+01:00;8.9;10.363691
1900-05-29 06:00:00+01:00;10.4;13.5274489
1900-05-29 07:00:00+01:00;11.1;18.092298
1900-05-29 08:00:00+01:00;12.2;21.030319
1900-05-29 09:00:00+01:00;12.5;23.05201
1900-05-29 10:00:00+01:00;12.8;24.84882
1900-05-29 11:00:00+01:00;13.4;25.05221
1900-05-29 12:00:00+01:00;13.6;25.15671
1900-05-29 13:00:00+01:00;13.3;25.11921
1900-05-29 14:00:00+01:00;12.9;24.97428
1900-05-29 15:00:00+01:00;12.5;24.81357
1900-05-29 16:00:00+01:00;13.5;23.41507
1900-05-29 17:00:00+01:00;12.8;21.288165
1900-05-29 18:00:00+01:00;12.6;19.800912
1900-05-29 19:00:00+01:00;11.5;18.402104
1900-05-29 20:00:00+01:00;10.7;16.13427
1900-05-29 21:00:00+01:00;10.6;13.5223135
1900-05-29 22:00:00+01:00;9.6;11.653114
1900-05-29 23:00:00+01:00;10.5;10.539138
1900-05-30 00:00:00+01:00;9.5;9.64108
1900-05-30 01:00:00+01:00;9.6;9.385228
1900-05-30 02:00:00+01:00;8.3;9.321358
1900-05-30 03:00:00+01:00;8;9.303854
1900-05-30 04:00:00+01:00;7.9;9.54541
1900-05-30 05:00:00+01:00;8;10.363691
1900-05-30 06:00:00+01:00;8.7;13.5274489
1900-05-30 07:00:00+01:00;9.7;18.092298
1900-05-30 08:00:00+01:00;10.3;21.030319
1900-05-30 09:00:00+01:00;11.6;23.05201
1900-05-30 10:00:00+01:00;11.4;24.84882
1900-05-30 11:00:00+01:00;11.4;25.05221
1900-05-30 12:00:00+01:00;12;25.15671
1900-05-30 13:00:00+01:00;12.1;25.11921
1900-05-30 14:00:00+01:00;12;24.97428
1900-05-30 15:00:00+01:00;12.3;24.81357
1900-05-30 16:00:00+01:00;12.1;23.41507
1900-05-30 17:00:00+01:00;11.9;21.288165
1900-05-30 18:00:00+01:00;11.8;19.800912
1900-05-30 19:00:00+01:00;11.6;18.402104
1900-05-30 20:00:00+01:00;11.2;16.13427
1900-05-30 21:00:00+01:00;10.9;13.5223135
1900-05-30 22:00:00+01:00;10.6;11.653114
1900-05-30 23:00:00+01:00;10.4;10.539138
1900-05-31 00:00:00+01:00;10.1;9.64108
1900-05-31 01:00:00+01:00;9.9;9.385228
1900-05-31 02:00:00+01:00;9.8;9.321358
1900-05-31 03:00:00+01:00;9.2;9.303854
1900-05-31 04:00:00+01:00;9.2;9.54541
1900-05-31 05:00:00+01:00;9.7;10.363691
1900-05-31 06:00:00+01:00;10.2;13.5274489
1900-05-31 07:00:00+01:00;10.5;18.092298
1900-05-31 08:00:00+01:00;11.2;21.030319
1900-05-31 09:00:00+01:00;12.3;23.05201
1900-05-31 10:00:00+01:00;12.5;24.84882
1900-05-31 11:00:00+01:00;13.6;25.05221
1900-05-31 12:00:00+01:00;14.1;25.15671
1900-05-31 13:00:00+01:00;13.9;25.11921
1900-05-31 14:00:00+01:00;15.6;25.30810884
1900-05-31 15:00:00+01:00;14.3;24.81357
1900-05-31 16:00:00+01:00;14.8;23.41507
1900-05-31 17:00:00+01:00;15;21.288165
1900-05-31 18:00:00+01:00;14;19.800912
1900-05-31 19:00:00+01:00;13.7;18.402104
1900-05-31 20:00:00+01:00;13;16.13427
1900-05-31 21:00:00+01:00;11.4;13.5223135
1900-05-31 22:00:00+01:00;11.2;11.653114
1900-05-31 23:00:00+01:00;10.8;10.539138
1900-06-01 00:00:00+01:00;11.5;9.64108
1900-06-01 01:00:00+01:00;12.2;9.385228
1900-06-01 02:00:00+01:00;12.2;9.321358
1900-06-01 03:00:00+01:00;13.5;9.303854
1900-06-01 04:00:00+01:00;11.8;9.54541
1900-06-01 05:00:00+01:00;11.3;10.363691
1900-06-01 06:00:00+01:00;12.6;13.5274489
1900-06-01 07:00:00+01:00;14.9;18.092298
1900-06-01 08:00:00+01:00;17.5;21.030319
1900-06-01 09:00:00+01:00;19.4;24.3096316
1900-06-01 10:00:00+01:00;23.2;28.42008596
1900-06-01 11:00:00+01:00;24.8;29.59973264
1900-06-01 12:00:00+01:00;25.5;30.3651299
1900-06-01 13:00:00+01:00;27;31.3930123
1900-06-01 14:00:00+01:00;30.8;33.36397812
1900-06-01 15:00:00+01:00;27.4;31.31716344
1900-06-01 16:00:00+01:00;26.1;28.0668818
1900-06-01 17:00:00+01:00;25.8;23.92967116
1900-06-01 18:00:00+01:00;25.6;19.800912
1900-06-01 19:00:00+01:00;24.1;18.402104
1900-06-01 20:00:00+01:00;21.5;16.13427
1900-06-01 21:00:00+01:00;19.2;13.5223135
1900-06-01 22:00:00+01:00;17;11.653114
1900-06-01 23:00:00+01:00;15;10.539138
1900-06-02 00:00:00+01:00;14;10.010882
1900-06-02 01:00:00+01:00;12.5;9.713938
1900-06-02 02:00:00+01:00;11;9.568476
1900-06-02 03:00:00+01:00;10.9;9.283135
1900-06-02 04:00:00+01:00;11.9;9.150213
1900-06-02 05:00:00+01:00;15;9.247971
1900-06-02 06:00:00+01:00;18;9.714335
1900-06-02 07:00:00+01:00;18.7;10.416313
1900-06-02 08:00:00+01:00;21.2;12.5900159
1900-06-02 09:00:00+01:00;24.2;15.882276
1900-06-02 10:00:00+01:00;26;18.363592
1900-06-02 11:00:00+01:00;25;19.002148
1900-06-02 12:00:00+01:00;26.8;19.313076
1900-06-02 13:00:00+01:00;28;19.429464
1900-06-02 14:00:00+01:00;26.6;18.779088
1900-06-02 15:00:00+01:00;26;17.831505
1900-06-02 16:00:00+01:00;25.4;16.999584
1900-06-02 17:00:00+01:00;25.2;16.250017
1900-06-02 18:00:00+01:00;24.5;14.638337
1900-06-02 19:00:00+01:00;22.5;12.8257983
1900-06-02 20:00:00+01:00;19.3;11.497931
1900-06-02 21:00:00+01:00;17.4;10.624333
1900-06-02 22:00:00+01:00;16.3;10.151469
1900-06-02 23:00:00+01:00;15.5;9.831164
1900-06-03 00:00:00+01:00;11.7;10.010882
1900-06-03 01:00:00+01:00;11.1;9.713938
1900-06-03 02:00:00+01:00;10.3;9.568476
1900-06-03 03:00:00+01:00;10;9.283135
1900-06-03 04:00:00+01:00;11;9.150213
1900-06-03 05:00:00+01:00;13.9;9.247971
1900-06-03 06:00:00+01:00;15.4;9.714335
1900-06-03 07:00:00+01:00;17.2;10.416313
1900-06-03 08:00:00+01:00;20.5;12.5900159
1900-06-03 09:00:00+01:00;22;15.882276
1900-06-03 10:00:00+01:00;23.6;18.363592
1900-06-03 11:00:00+01:00;26.2;19.002148
1900-06-03 12:00:00+01:00;26.6;19.313076
1900-06-03 13:00:00+01:00;26.5;19.429464
1900-06-03 14:00:00+01:00;25.9;18.779088
1900-06-03 15:00:00+01:00;25.6;17.831505
1900-06-03 16:00:00+01:00;24.3;16.999584
1900-06-03 17:00:00+01:00;24.4;16.250017
1900-06-03 18:00:00+01:00;23;14.638337
1900-06-03 19:00:00+01:00;21.3;12.8257983
1900-06-03 20:00:00+01:00;20.8;11.497931
1900-06-03 21:00:00+01:00;18.1;10.624333
1900-06-03 22:00:00+01:00;18;10.151469
1900-06-03 23:00:00+01:00;16.4;9.831164
1900-06-04 00:00:00+01:00;15.4;9.64108
1900-06-04 01:00:00+01:00;14;9.385228
1900-06-04 02:00:00+01:00;14.6;9.321358
1900-06-04 03:00:00+01:00;13.3;9.303854
1900-06-04 04:00:00+01:00;14.4;9.54541
1900-06-04 05:00:00+01:00;15.8;10.363691
1900-06-04 06:00:00+01:00;18.5;13.5274489
1900-06-04 07:00:00+01:00;20;18.092298
1900-06-04 08:00:00+01:00;22;21.030319
1900-06-04 09:00:00+01:00;24;25.904723
1900-06-04 10:00:00+01:00;23.9;28.73406942
1900-06-04 11:00:00+01:00;25.4;29.88787622
1900-06-04 12:00:00+01:00;25.5;30.3651299
1900-06-04 13:00:00+01:00;26.8;31.28868192
1900-06-04 14:00:00+01:00;27.3;31.50900822
1900-06-04 15:00:00+01:00;27.8;31.52491568
1900-06-04 16:00:00+01:00;28.7;29.1978766
1900-06-04 17:00:00+01:00;25.8;23.92967116
1900-06-04 18:00:00+01:00;24.2;19.800912
1900-06-04 19:00:00+01:00;22.5;18.402104
1900-06-04 20:00:00+01:00;19.4;16.13427
1900-06-04 21:00:00+01:00;16.8;13.5223135
1900-06-04 22:00:00+01:00;16;11.653114
1900-06-04 23:00:00+01:00;16.6;10.539138
1900-06-05 00:00:00+01:00;16.1;9.64108
1900-06-05 01:00:00+01:00;15.9;9.385228
1900-06-05 02:00:00+01:00;15.3;9.321358
1900-06-05 03:00:00+01:00;15.7;9.303854
1900-06-05 04:00:00+01:00;15.6;9.54541
1900-06-05 05:00:00+01:00;15.7;10.363691
1900-06-05 06:00:00+01:00;16.1;13.5274489
1900-06-05 07:00:00+01:00;16.9;18.092298
1900-06-05 08:00:00+01:00;19.8;21.030319
1900-06-05 09:00:00+01:00;21.5;25.0378255
1900-06-05 10:00:00+01:00;21.9;27.83697382
1900-06-05 11:00:00+01:00;24.1;29.26356513
1900-06-05 12:00:00+01:00;24.7;29.96973166
1900-06-05 13:00:00+01:00;24.7;30.19321293
1900-06-05 14:00:00+01:00;25.1;30.34302714
1900-06-05 15:00:00+01:00;25.2;30.17452612
1900-06-05 16:00:00+01:00;24.9;27.5448842
1900-06-05 17:00:00+01:00;24.5;23.5652679
1900-06-05 18:00:00+01:00;23.8;19.800912
1900-06-05 19:00:00+01:00;22.4;18.402104
1900-06-05 20:00:00+01:00;21;16.13427
1900-06-05 21:00:00+01:00;20;13.5223135
1900-06-05 22:00:00+01:00;18.5;11.653114
1900-06-05 23:00:00+01:00;17.1;10.539138
1900-06-06 00:00:00+01:00;16.9;9.64108
1900-06-06 01:00:00+01:00;16;9.385228
1900-06-06 02:00:00+01:00;15.5;9.321358
1900-06-06 03:00:00+01:00;15;9.303854
1900-06-06 04:00:00+01:00;16.6;9.54541
1900-06-06 05:00:00+01:00;16.8;10.363691
1900-06-06 06:00:00+01:00;17.8;13.5274489
1900-06-06 07:00:00+01:00;18.9;18.092298
1900-06-06 08:00:00+01:00;19.4;21.030319
1900-06-06 09:00:00+01:00;20.3;24.6217147
1900-06-06 10:00:00+01:00;20.1;27.02958778
1900-06-06 11:00:00+01:00;20.6;27.58272758
1900-06-06 12:00:00+01:00;21.8;28.53641304
1900-06-06 13:00:00+01:00;23.4;29.51506546
1900-06-06 14:00:00+01:00;23;29.2300452
1900-06-06 15:00:00+01:00;22.8;28.92801268
1900-06-06 16:00:00+01:00;22.6;26.5443888
1900-06-06 17:00:00+01:00;21.4;22.69630628
1900-06-06 18:00:00+01:00;20.6;19.800912
1900-06-06 19:00:00+01:00;19.6;18.402104
1900-06-06 20:00:00+01:00;18.7;16.13427
1900-06-06 21:00:00+01:00;17.9;13.5223135
1900-06-06 22:00:00+01:00;17.3;11.653114
1900-06-06 23:00:00+01:00;16.7;10.539138
1900-06-07 00:00:00+01:00;15.2;9.64108
1900-06-07 01:00:00+01:00;15.6;9.385228
1900-06-07 02:00:00+01:00;15.3;9.321358
1900-06-07 03:00:00+01:00;14.8;9.303854
1900-06-07 04:00:00+01:00;15.6;9.54541
1900-06-07 05:00:00+01:00;15.7;10.363691
1900-06-07 06:00:00+01:00;16.7;13.5274489
1900-06-07 07:00:00+01:00;18;18.092298
1900-06-07 08:00:00+01:00;17.8;21.030319
1900-06-07 09:00:00+01:00;18.2;23.8935208
1900-06-07 10:00:00+01:00;21.1;27.47813558
1900-06-07 11:00:00+01:00;21.3;27.91889509
1900-06-07 12:00:00+01:00;20.9;28.09159002
1900-06-07 13:00:00+01:00;22.2;28.88908318
1900-06-07 14:00:00+01:00;22.6;29.01804864
1900-06-07 15:00:00+01:00;22.2;28.61638432
1900-06-07 16:00:00+01:00;21.4;26.0223912
1900-06-07 17:00:00+01:00;20.8;22.52812016
1900-06-07 18:00:00+01:00;20.9;19.800912
1900-06-07 19:00:00+01:00;19.6;18.402104
1900-06-07 20:00:00+01:00;18.6;16.13427
1900-06-07 21:00:00+01:00;17;13.5223135
1900-06-07 22:00:00+01:00;15.9;11.653114
1900-06-07 23:00:00+01:00;15.3;10.539138
1900-06-08 00:00:00+01:00;14;9.64108
1900-06-08 01:00:00+01:00;14.1;9.385228
1900-06-08 02:00:00+01:00;14.9;9.321358
1900-06-08 03:00:00+01:00;14.8;9.303854
1900-06-08 04:00:00+01:00;14;9.54541
1900-06-08 05:00:00+01:00;12.8;10.363691
1900-06-08 06:00:00+01:00;12.6;13.5274489
1900-06-08 07:00:00+01:00;13.7;18.092298
1900-06-08 08:00:00+01:00;14.3;21.030319
1900-06-08 09:00:00+01:00;15.1;23.05201
1900-06-08 10:00:00+01:00;15.5;24.84882
1900-06-08 11:00:00+01:00;12;25.05221
1900-06-08 12:00:00+01:00;14;25.15671
1900-06-08 13:00:00+01:00;16.9;26.12432811
1900-06-08 14:00:00+01:00;17.6;26.36809164
1900-06-08 15:00:00+01:00;18.5;26.6946761
1900-06-08 16:00:00+01:00;19.3;25.1088954
1900-06-08 17:00:00+01:00;19.2;22.07962384
1900-06-08 18:00:00+01:00;18.2;19.800912
1900-06-08 19:00:00+01:00;17.1;18.402104
1900-06-08 20:00:00+01:00;14.6;16.13427
1900-06-08 21:00:00+01:00;13.7;13.5223135
1900-06-08 22:00:00+01:00;12.5;11.653114
1900-06-08 23:00:00+01:00;11.8;10.539138
1900-06-09 00:00:00+01:00;10;10.010882
1900-06-09 01:00:00+01:00;9.6;9.713938
1900-06-09 02:00:00+01:00;8.3;9.568476
1900-06-09 03:00:00+01:00;8.9;9.283135
1900-06-09 04:00:00+01:00;9;9.150213
1900-06-09 05:00:00+01:00;10.6;9.247971
1900-06-09 06:00:00+01:00;12;9.714335
1900-06-09 07:00:00+01:00;12.8;10.416313
1900-06-09 08:00:00+01:00;13.8;12.5900159
1900-06-09 09:00:00+01:00;16;15.882276
1900-06-09 10:00:00+01:00;16.4;18.363592
1900-06-09 11:00:00+01:00;17.7;19.002148
1900-06-09 12:00:00+01:00;17.6;19.313076
1900-06-09 13:00:00+01:00;15;19.429464
1900-06-09 14:00:00+01:00;18.1;18.779088
1900-06-09 15:00:00+01:00;13.2;17.831505
1900-06-09 16:00:00+01:00;15.8;16.999584
1900-06-09 17:00:00+01:00;13.2;16.250017
1900-06-09 18:00:00+01:00;15.4;14.638337
1900-06-09 19:00:00+01:00;13;12.8257983
1900-06-09 20:00:00+01:00;12.5;11.497931
1900-06-09 21:00:00+01:00;10.4;10.624333
1900-06-09 22:00:00+01:00;9.9;10.151469
1900-06-09 23:00:00+01:00;6.8;9.831164
1900-06-10 00:00:00+01:00;6.5;10.010882
1900-06-10 01:00:00+01:00;8.5;9.713938
1900-06-10 02:00:00+01:00;9.8;9.568476
1900-06-10 03:00:00+01:00;8.6;9.283135
1900-06-10 04:00:00+01:00;9.1;9.150213
1900-06-10 05:00:00+01:00;10.9;9.247971
1900-06-10 06:00:00+01:00;12.6;9.714335
1900-06-10 07:00:00+01:00;12.8;10.416313
1900-06-10 08:00:00+01:00;12.1;12.5900159
1900-06-10 09:00:00+01:00;14.2;15.882276
1900-06-10 10:00:00+01:00;13.6;18.363592
1900-06-10 11:00:00+01:00;16.8;19.002148
1900-06-10 12:00:00+01:00;15;19.313076
1900-06-10 13:00:00+01:00;16.1;19.429464
1900-06-10 14:00:00+01:00;19.9;18.779088
1900-06-10 15:00:00+01:00;17.7;17.831505
1900-06-10 16:00:00+01:00;18.4;16.999584
1900-06-10 17:00:00+01:00;17;16.250017
1900-06-10 18:00:00+01:00;15.2;14.638337
1900-06-10 19:00:00+01:00;12.5;12.8257983
1900-06-10 20:00:00+01:00;12.3;11.497931
1900-06-10 21:00:00+01:00;12;10.624333
1900-06-10 22:00:00+01:00;11.8;10.151469
1900-06-10 23:00:00+01:00;11.4;9.831164
1900-06-11 00:00:00+01:00;11.3;9.64108
1900-06-11 01:00:00+01:00;11.1;9.385228
1900-06-11 02:00:00+01:00;10.8;9.321358
1900-06-11 03:00:00+01:00;11;9.303854
1900-06-11 04:00:00+01:00;11.6;9.54541
1900-06-11 05:00:00+01:00;12.2;10.363691
1900-06-11 06:00:00+01:00;13.2;13.5274489
1900-06-11 07:00:00+01:00;15.1;18.092298
1900-06-11 08:00:00+01:00;17.2;21.030319
1900-06-11 09:00:00+01:00;18.6;24.0322244
1900-06-11 10:00:00+01:00;18.9;26.49133042
1900-06-11 11:00:00+01:00;20;27.294584
1900-06-11 12:00:00+01:00;18.4;26.85597052
1900-06-11 13:00:00+01:00;20;27.741449
1900-06-11 14:00:00+01:00;20.2;27.74606928
1900-06-11 15:00:00+01:00;19.1;27.00630446
1900-06-11 16:00:00+01:00;15.7;23.5429026
1900-06-11 17:00:00+01:00;15.6;21.07050712
1900-06-11 18:00:00+01:00;14.7;19.800912
1900-06-11 19:00:00+01:00;13.8;18.402104
1900-06-11 20:00:00+01:00;10.8;16.13427
1900-06-11 21:00:00+01:00;9.6;13.5223135
1900-06-11 22:00:00+01:00;7.8;11.653114
1900-06-11 23:00:00+01:00;5.5;10.539138
1900-06-12 00:00:00+01:00;4.5;9.64108
1900-06-12 01:00:00+01:00;3.5;9.385228
1900-06-12 02:00:00+01:00;5;9.321358
1900-06-12 03:00:00+01:00;7.3;9.303854
1900-06-12 04:00:00+01:00;7.4;9.54541
1900-06-12 05:00:00+01:00;8.2;10.363691
1900-06-12 06:00:00+01:00;10;13.5274489
1900-06-12 07:00:00+01:00;11.5;18.092298
1900-06-12 08:00:00+01:00;14.3;21.030319
1900-06-12 09:00:00+01:00;14;23.05201
1900-06-12 10:00:00+01:00;16.4;25.36996092
1900-06-12 11:00:00+01:00;17.5;26.09398575
1900-06-12 12:00:00+01:00;18.3;26.80654574
1900-06-12 13:00:00+01:00;18.8;27.11546672
1900-06-12 14:00:00+01:00;17.8;26.47408992
1900-06-12 15:00:00+01:00;18.1;26.48692386
1900-06-12 16:00:00+01:00;20;25.413394
1900-06-12 17:00:00+01:00;19.8;22.24780996
1900-06-12 18:00:00+01:00;18.4;19.800912
1900-06-12 19:00:00+01:00;16;18.402104
1900-06-12 20:00:00+01:00;15.8;16.13427
1900-06-12 21:00:00+01:00;14.1;13.5223135
1900-06-12 22:00:00+01:00;11.7;11.653114
1900-06-12 23:00:00+01:00;10.8;10.539138
1900-06-13 00:00:00+01:00;10;9.64108
1900-06-13 01:00:00+01:00;9.5;9.385228
1900-06-13 02:00:00+01:00;8.4;9.321358
1900-06-13 03:00:00+01:00;8.1;9.303854
1900-06-13 04:00:00+01:00;9.8;9.54541
1900-06-13 05:00:00+01:00;10.6;10.363691
1900-06-13 06:00:00+01:00;13.5;13.5274489
1900-06-13 07:00:00+01:00;15;18.092298
1900-06-13 08:00:00+01:00;16.2;21.030319
1900-06-13 09:00:00+01:00;18.1;23.8588449
1900-06-13 10:00:00+01:00;17.4;25.81850872
1900-06-13 11:00:00+01:00;20.2;27.39063186
1900-06-13 12:00:00+01:00;20;27.646767
1900-06-13 13:00:00+01:00;19.6;27.53278824
1900-06-13 14:00:00+01:00;21;28.1700624
1900-06-13 15:00:00+01:00;19.5;27.2140567
1900-06-13 16:00:00+01:00;19.7;25.2828946
1900-06-13 17:00:00+01:00;19;22.0235618
1900-06-13 18:00:00+01:00;19;19.800912
1900-06-13 19:00:00+01:00;18.1;18.402104
1900-06-13 20:00:00+01:00;15.9;16.13427
1900-06-13 21:00:00+01:00;14.4;13.5223135
1900-06-13 22:00:00+01:00;13;11.653114
1900-06-13 23:00:00+01:00;12;10.539138
1900-06-14 00:00:00+01:00;12.4;9.64108
1900-06-14 01:00:00+01:00;12.1;9.385228
1900-06-14 02:00:00+01:00;11.7;9.321358
1900-06-14 03:00:00+01:00;11.9;9.303854
1900-06-14 04:00:00+01:00;11.6;9.54541
1900-06-14 05:00:00+01:00;13;10.363691
1900-06-14 06:00:00+01:00;12.6;13.5274489
1900-06-14 07:00:00+01:00;14.4;18.092298
1900-06-14 08:00:00+01:00;16.2;21.030319
1900-06-14 09:00:00+01:00;16.8;23.4080582
1900-06-14 10:00:00+01:00;18;26.0876374
1900-06-14 11:00:00+01:00;20.4;27.48667972
1900-06-14 12:00:00+01:00;20.7;27.99274046
1900-06-14 13:00:00+01:00;20.4;27.95010976
1900-06-14 14:00:00+01:00;21.8;28.59405552
1900-06-14 15:00:00+01:00;21.6;28.30475596
1900-06-14 16:00:00+01:00;24;27.153386
1900-06-14 17:00:00+01:00;23.6;23.31298872
1900-06-14 18:00:00+01:00;23.7;19.800912
1900-06-14 19:00:00+01:00;20.4;18.402104
1900-06-14 20:00:00+01:00;18.7;16.13427
1900-06-14 21:00:00+01:00;17.3;13.5223135
1900-06-14 22:00:00+01:00;16.4;11.653114
1900-06-14 23:00:00+01:00;15.8;10.539138
1900-06-15 00:00:00+01:00;15;9.64108
1900-06-15 01:00:00+01:00;14.5;9.385228
1900-06-15 02:00:00+01:00;13.3;9.321358
1900-06-15 03:00:00+01:00;12.4;9.303854
1900-06-15 04:00:00+01:00;12.5;9.54541
1900-06-15 05:00:00+01:00;14.7;10.363691
1900-06-15 06:00:00+01:00;14.3;13.5274489
1900-06-15 07:00:00+01:00;15.5;18.092298
1900-06-15 08:00:00+01:00;18;21.030319
1900-06-15 09:00:00+01:00;18.2;23.8935208
1900-06-15 10:00:00+01:00;20.3;27.11929734
1900-06-15 11:00:00+01:00;22.6;28.54320618
1900-06-15 12:00:00+01:00;22.5;28.8823865
1900-06-15 13:00:00+01:00;21.3;28.41959647
1900-06-15 14:00:00+01:00;23;29.2300452
1900-06-15 15:00:00+01:00;24.4;29.75902164
1900-06-15 16:00:00+01:00;25;27.588384
1900-06-15 17:00:00+01:00;24.3;23.50920586
1900-06-15 18:00:00+01:00;23.4;19.800912
1900-06-15 19:00:00+01:00;22.8;18.402104
1900-06-15 20:00:00+01:00;20.4;16.13427
1900-06-15 21:00:00+01:00;17.5;13.5223135
1900-06-15 22:00:00+01:00;16;11.653114
1900-06-15 23:00:00+01:00;11.5;10.539138
1900-06-16 00:00:00+01:00;10.4;10.010882
1900-06-16 01:00:00+01:00;9.3;9.713938
1900-06-16 02:00:00+01:00;7.7;9.568476
1900-06-16 03:00:00+01:00;9.4;9.283135
1900-06-16 04:00:00+01:00;10.4;9.150213
1900-06-16 05:00:00+01:00;14;9.247971
1900-06-16 06:00:00+01:00;17.2;9.714335
1900-06-16 07:00:00+01:00;21.6;10.416313
1900-06-16 08:00:00+01:00;23;12.5900159
1900-06-16 09:00:00+01:00;23.8;15.882276
1900-06-16 10:00:00+01:00;25.5;18.363592
1900-06-16 11:00:00+01:00;26.4;19.002148
1900-06-16 12:00:00+01:00;26.7;19.313076
1900-06-16 13:00:00+01:00;27.6;19.429464
1900-06-16 14:00:00+01:00;28.3;18.779088
1900-06-16 15:00:00+01:00;29.7;17.831505
1900-06-16 16:00:00+01:00;27.5;16.999584
1900-06-16 17:00:00+01:00;30.3;16.250017
1900-06-16 18:00:00+01:00;29.3;14.638337
1900-06-16 19:00:00+01:00;27;12.8257983
1900-06-16 20:00:00+01:00;21.6;11.497931
1900-06-16 21:00:00+01:00;19.5;10.624333
1900-06-16 22:00:00+01:00;18.4;10.151469
1900-06-16 23:00:00+01:00;17.6;9.831164
1900-06-17 00:00:00+01:00;16.5;10.010882
1900-06-17 01:00:00+01:00;15.8;9.713938
1900-06-17 02:00:00+01:00;14.8;9.568476
1900-06-17 03:00:00+01:00;13;9.283135
1900-06-17 04:00:00+01:00;12.2;9.150213
1900-06-17 05:00:00+01:00;11.1;9.247971
1900-06-17 06:00:00+01:00;13.4;9.714335
1900-06-17 07:00:00+01:00;12;10.416313
1900-06-17 08:00:00+01:00;14;12.5900159
1900-06-17 09:00:00+01:00;15.2;15.882276
1900-06-17 10:00:00+01:00;15.4;18.363592
1900-06-17 11:00:00+01:00;17;19.002148
1900-06-17 12:00:00+01:00;18.8;19.313076
1900-06-17 13:00:00+01:00;19.9;19.429464
1900-06-17 14:00:00+01:00;21.2;18.779088
1900-06-17 15:00:00+01:00;21.4;17.831505
1900-06-17 16:00:00+01:00;22.4;16.999584
1900-06-17 17:00:00+01:00;22.1;16.250017
1900-06-17 18:00:00+01:00;21;14.638337
1900-06-17 19:00:00+01:00;19.5;12.8257983
1900-06-17 20:00:00+01:00;17.9;11.497931
1900-06-17 21:00:00+01:00;16.9;10.624333
1900-06-17 22:00:00+01:00;14.3;10.151469
1900-06-17 23:00:00+01:00;13.7;9.831164
1900-06-18 00:00:00+01:00;11.3;9.64108
1900-06-18 01:00:00+01:00;12.4;9.385228
1900-06-18 02:00:00+01:00;8.6;9.321358
1900-06-18 03:00:00+01:00;7.5;9.303854
1900-06-18 04:00:00+01:00;8.8;9.54541
1900-06-18 05:00:00+01:00;11.8;10.363691
1900-06-18 06:00:00+01:00;14.5;13.5274489
1900-06-18 07:00:00+01:00;17.9;18.092298
1900-06-18 08:00:00+01:00;19.2;21.030319
1900-06-18 09:00:00+01:00;21;24.864446
1900-06-18 10:00:00+01:00;23.5;28.5546503
1900-06-18 11:00:00+01:00;25;29.6957805
1900-06-18 12:00:00+01:00;24.8;30.01915644
1900-06-18 13:00:00+01:00;25.3;30.50620407
1900-06-18 14:00:00+01:00;26.3;30.97901682
1900-06-18 15:00:00+01:00;26.3;30.74584478
1900-06-18 16:00:00+01:00;27.2;28.5453796
1900-06-18 17:00:00+01:00;26.1;24.01376422
1900-06-18 18:00:00+01:00;26.7;19.800912
1900-06-18 19:00:00+01:00;23.6;18.402104
1900-06-18 20:00:00+01:00;20.7;16.13427
1900-06-18 21:00:00+01:00;18.6;13.5223135
1900-06-18 22:00:00+01:00;16.1;11.653114
1900-06-18 23:00:00+01:00;14.2;10.539138
1900-06-19 00:00:00+01:00;12.2;9.64108
1900-06-19 01:00:00+01:00;12.1;9.385228
1900-06-19 02:00:00+01:00;12.9;9.321358
1900-06-19 03:00:00+01:00;12.8;9.303854
1900-06-19 04:00:00+01:00;12.6;9.54541
1900-06-19 05:00:00+01:00;12.5;10.363691
1900-06-19 06:00:00+01:00;12.6;13.5274489
1900-06-19 07:00:00+01:00;12.4;18.092298
1900-06-19 08:00:00+01:00;12.7;21.030319
1900-06-19 09:00:00+01:00;13.9;23.05201
1900-06-19 10:00:00+01:00;14.2;24.84882
1900-06-19 11:00:00+01:00;13;25.05221
1900-06-19 12:00:00+01:00;13.3;25.15671
1900-06-19 13:00:00+01:00;13.5;25.11921
1900-06-19 14:00:00+01:00;17;26.0500968
1900-06-19 15:00:00+01:00;16.7;25.75979102
1900-06-19 16:00:00+01:00;17.1;24.1518998
1900-06-19 17:00:00+01:00;16.6;21.35081732
1900-06-19 18:00:00+01:00;16.2;19.800912
1900-06-19 19:00:00+01:00;14.5;18.402104
1900-06-19 20:00:00+01:00;13.6;16.13427
1900-06-19 21:00:00+01:00;13.4;13.5223135
1900-06-19 22:00:00+01:00;12.7;11.653114
1900-06-19 23:00:00+01:00;12.8;10.539138
1900-06-20 00:00:00+01:00;12;9.64108
1900-06-20 01:00:00+01:00;11.4;9.385228
1900-06-20 02:00:00+01:00;10;9.321358
1900-06-20 03:00:00+01:00;10.1;9.303854
1900-06-20 04:00:00+01:00;11;9.54541
1900-06-20 05:00:00+01:00;13.1;10.363691
1900-06-20 06:00:00+01:00;14.9;13.5274489
1900-06-20 07:00:00+01:00;16.5;18.092298
1900-06-20 08:00:00+01:00;18.4;21.030319
1900-06-20 09:00:00+01:00;19.1;24.2056039
1900-06-20 10:00:00+01:00;20.8;27.34357124
1900-06-20 11:00:00+01:00;22.2;28.35111046
1900-06-20 12:00:00+01:00;22.7;28.98123606
1900-06-20 13:00:00+01:00;24.4;30.03671736
1900-06-20 14:00:00+01:00;23.3;29.38904262
1900-06-20 15:00:00+01:00;22;28.5125082
1900-06-20 16:00:00+01:00;21.5;26.065891
1900-06-20 17:00:00+01:00;19.7;22.21977894
1900-06-20 18:00:00+01:00;18.3;19.800912
1900-06-20 19:00:00+01:00;17;18.402104
1900-06-20 20:00:00+01:00;15;16.13427
1900-06-20 21:00:00+01:00;13;13.5223135
1900-06-20 22:00:00+01:00;11.4;11.653114
1900-06-20 23:00:00+01:00;11.2;10.539138
1900-06-21 00:00:00+01:00;11.2;9.64108
1900-06-21 01:00:00+01:00;11;9.385228
1900-06-21 02:00:00+01:00;11;9.321358
1900-06-21 03:00:00+01:00;10.5;9.303854
1900-06-21 04:00:00+01:00;10.7;9.54541
1900-06-21 05:00:00+01:00;10.7;10.363691
1900-06-21 06:00:00+01:00;10.2;13.5274489
1900-06-21 07:00:00+01:00;11.2;18.092298
1900-06-21 08:00:00+01:00;12.9;21.030319
1900-06-21 09:00:00+01:00;16.8;23.4080582
1900-06-21 10:00:00+01:00;19;26.5361852
1900-06-21 11:00:00+01:00;19.4;27.00644042
1900-06-21 12:00:00+01:00;19.2;27.25136876
1900-06-21 13:00:00+01:00;21.7;28.62825723
1900-06-21 14:00:00+01:00;20.7;28.01106498
1900-06-21 15:00:00+01:00;19.5;27.2140567
1900-06-21 16:00:00+01:00;17.6;24.3693988
1900-06-21 17:00:00+01:00;18.4;21.85537568
1900-06-21 18:00:00+01:00;17.1;19.800912
1900-06-21 19:00:00+01:00;16.4;18.402104
1900-06-21 20:00:00+01:00;15.3;16.13427
1900-06-21 21:00:00+01:00;14.1;13.5223135
1900-06-21 22:00:00+01:00;13.9;11.653114
1900-06-21 23:00:00+01:00;13;10.539138
1900-06-22 00:00:00+01:00;12.2;9.64108
1900-06-22 01:00:00+01:00;11.6;9.385228
1900-06-22 02:00:00+01:00;11.5;9.321358
1900-06-22 03:00:00+01:00;12.3;9.303854
1900-06-22 04:00:00+01:00;13.4;9.54541
1900-06-22 05:00:00+01:00;14;10.363691
1900-06-22 06:00:00+01:00;14.5;13.5274489
1900-06-22 07:00:00+01:00;17.5;18.092298
1900-06-22 08:00:00+01:00;17.7;21.030319
1900-06-22 09:00:00+01:00;18.5;23.9975485
1900-06-22 10:00:00+01:00;19.9;26.93987822
1900-06-22 11:00:00+01:00;19.5;27.05446435
1900-06-22 12:00:00+01:00;21.6;28.43756348
1900-06-22 13:00:00+01:00;21;28.2631009
1900-06-22 14:00:00+01:00;21.2;28.27606068
1900-06-22 15:00:00+01:00;21;27.9931276
1900-06-22 16:00:00+01:00;18.8;24.8913964
1900-06-22 17:00:00+01:00;15.1;21.288165
1900-06-22 18:00:00+01:00;17.9;19.800912
1900-06-22 19:00:00+01:00;18;18.402104
1900-06-22 20:00:00+01:00;17.4;16.13427
1900-06-22 21:00:00+01:00;17;13.5223135
1900-06-22 22:00:00+01:00;15.8;11.653114
1900-06-22 23:00:00+01:00;16.7;10.539138
1900-06-23 00:00:00+01:00;15.5;10.010882
1900-06-23 01:00:00+01:00;14.7;9.713938
1900-06-23 02:00:00+01:00;12.4;9.568476
1900-06-23 03:00:00+01:00;14.4;9.283135
1900-06-23 04:00:00+01:00;15;9.150213
1900-06-23 05:00:00+01:00;15.6;9.247971
1900-06-23 06:00:00+01:00;16.6;9.714335
1900-06-23 07:00:00+01:00;15.2;10.416313
1900-06-23 08:00:00+01:00;16.3;12.5900159
1900-06-23 09:00:00+01:00;16.3;15.882276
1900-06-23 10:00:00+01:00;17.5;18.363592
1900-06-23 11:00:00+01:00;17;19.002148
1900-06-23 12:00:00+01:00;16.2;19.313076
1900-06-23 13:00:00+01:00;18.3;19.429464
1900-06-23 14:00:00+01:00;14.6;18.779088
1900-06-23 15:00:00+01:00;15.4;17.831505
1900-06-23 16:00:00+01:00;14.5;16.999584
1900-06-23 17:00:00+01:00;15.2;16.250017
1900-06-23 18:00:00+01:00;15;14.638337
1900-06-23 19:00:00+01:00;14.5;12.8257983
1900-06-23 20:00:00+01:00;14.4;11.497931
1900-06-23 21:00:00+01:00;14.2;10.624333
1900-06-23 22:00:00+01:00;13.6;10.151469
1900-06-23 23:00:00+01:00;12.4;9.831164
1900-06-24 00:00:00+01:00;12;10.010882
1900-06-24 01:00:00+01:00;11.7;9.713938
1900-06-24 02:00:00+01:00;13.5;9.568476
1900-06-24 03:00:00+01:00;13.6;9.283135
1900-06-24 04:00:00+01:00;12.7;9.150213
1900-06-24 05:00:00+01:00;12.5;9.247971
1900-06-24 06:00:00+01:00;12.3;9.714335
1900-06-24 07:00:00+01:00;9;10.416313
1900-06-24 08:00:00+01:00;9.8;12.5900159
1900-06-24 09:00:00+01:00;9.7;15.882276
1900-06-24 10:00:00+01:00;11.5;18.363592
1900-06-24 11:00:00+01:00;11.4;19.002148
1900-06-24 12:00:00+01:00;13.1;19.313076
1900-06-24 13:00:00+01:00;15.4;19.429464
1900-06-24 14:00:00+01:00;16.4;18.779088
1900-06-24 15:00:00+01:00;11.7;17.831505
1900-06-24 16:00:00+01:00;14.9;16.999584
1900-06-24 17:00:00+01:00;14;16.250017
1900-06-24 18:00:00+01:00;14.7;14.638337
1900-06-24 19:00:00+01:00;12.4;12.8257983
1900-06-24 20:00:00+01:00;11.5;11.497931
1900-06-24 21:00:00+01:00;11.3;10.624333
1900-06-24 22:00:00+01:00;10.4;10.151469
1900-06-24 23:00:00+01:00;10.3;9.831164
1900-06-25 00:00:00+01:00;10.2;9.64108
1900-06-25 01:00:00+01:00;9.2;9.385228
1900-06-25 02:00:00+01:00;9.4;9.321358
1900-06-25 03:00:00+01:00;8.9;9.303854
1900-06-25 04:00:00+01:00;9.2;9.54541
1900-06-25 05:00:00+01:00;10;10.363691
1900-06-25 06:00:00+01:00;10.4;13.5274489
1900-06-25 07:00:00+01:00;10.5;18.092298
1900-06-25 08:00:00+01:00;13;21.030319
1900-06-25 09:00:00+01:00;13.8;23.05201
1900-06-25 10:00:00+01:00;14.4;24.84882
1900-06-25 11:00:00+01:00;16.4;25.56572252
1900-06-25 12:00:00+01:00;17.2;26.26287316
1900-06-25 13:00:00+01:00;16.5;25.91566735
1900-06-25 14:00:00+01:00;17.4;26.26209336
1900-06-25 15:00:00+01:00;17.2;26.01948132
1900-06-25 16:00:00+01:00;17.4;24.2823992
1900-06-25 17:00:00+01:00;16.7;21.37884834
1900-06-25 18:00:00+01:00;15.7;19.800912
1900-06-25 19:00:00+01:00;15.5;18.402104
1900-06-25 20:00:00+01:00;14.2;16.13427
1900-06-25 21:00:00+01:00;12.7;13.5223135
1900-06-25 22:00:00+01:00;12.3;11.653114
1900-06-25 23:00:00+01:00;10.5;10.539138
1900-06-26 00:00:00+01:00;8.3;9.64108
1900-06-26 01:00:00+01:00;7.2;9.385228
1900-06-26 02:00:00+01:00;5.8;9.321358
1900-06-26 03:00:00+01:00;6.3;9.303854
1900-06-26 04:00:00+01:00;8;9.54541
1900-06-26 05:00:00+01:00;8.8;10.363691
1900-06-26 06:00:00+01:00;11.2;13.5274489
1900-06-26 07:00:00+01:00;13.4;18.092298
1900-06-26 08:00:00+01:00;16;21.030319
1900-06-26 09:00:00+01:00;18;23.824169
1900-06-26 10:00:00+01:00;17.7;25.95307306
1900-06-26 11:00:00+01:00;19;26.8143447
1900-06-26 12:00:00+01:00;18.6;26.95482008
1900-06-26 13:00:00+01:00;20.3;27.89794457
1900-06-26 14:00:00+01:00;19.3;27.26907702
1900-06-26 15:00:00+01:00;19.3;27.11018058
1900-06-26 16:00:00+01:00;19.1;25.0218958
1900-06-26 17:00:00+01:00;18.3;21.82734466
1900-06-26 18:00:00+01:00;18;19.800912
1900-06-26 19:00:00+01:00;14.8;18.402104
1900-06-26 20:00:00+01:00;13.8;16.13427
1900-06-26 21:00:00+01:00;13.4;13.5223135
1900-06-26 22:00:00+01:00;11.6;11.653114
1900-06-26 23:00:00+01:00;10.2;10.539138
1900-06-27 00:00:00+01:00;10.1;9.64108
1900-06-27 01:00:00+01:00;9.5;9.385228
1900-06-27 02:00:00+01:00;8;9.321358
1900-06-27 03:00:00+01:00;8.7;9.303854
1900-06-27 04:00:00+01:00;9.7;9.54541
1900-06-27 05:00:00+01:00;10.6;10.363691
1900-06-27 06:00:00+01:00;13.3;13.5274489
1900-06-27 07:00:00+01:00;14.9;18.092298
1900-06-27 08:00:00+01:00;16.6;21.030319
1900-06-27 09:00:00+01:00;19;24.170928
1900-06-27 10:00:00+01:00;20.2;27.07444256
1900-06-27 11:00:00+01:00;21.9;28.20703867
1900-06-27 12:00:00+01:00;22.3;28.78353694
1900-06-27 13:00:00+01:00;21.7;28.62825723
1900-06-27 14:00:00+01:00;20.5;27.9050667
1900-06-27 15:00:00+01:00;20.4;27.68149924
1900-06-27 16:00:00+01:00;23.2;26.8053876
1900-06-27 17:00:00+01:00;22;22.8644924
1900-06-27 18:00:00+01:00;22.3;19.800912
1900-06-27 19:00:00+01:00;20.2;18.402104
1900-06-27 20:00:00+01:00;18.6;16.13427
1900-06-27 21:00:00+01:00;16.6;13.5223135
1900-06-27 22:00:00+01:00;14.8;11.653114
1900-06-27 23:00:00+01:00;11.6;10.539138
1900-06-28 00:00:00+01:00;9.9;9.64108
1900-06-28 01:00:00+01:00;9.3;9.385228
1900-06-28 02:00:00+01:00;7;9.321358
1900-06-28 03:00:00+01:00;7;9.303854
1900-06-28 04:00:00+01:00;10;9.54541
1900-06-28 05:00:00+01:00;12.7;10.363691
1900-06-28 06:00:00+01:00;15.9;13.5274489
1900-06-28 07:00:00+01:00;17.4;18.092298
1900-06-28 08:00:00+01:00;19;21.030319
1900-06-28 09:00:00+01:00;20.5;24.6910665
1900-06-28 10:00:00+01:00;22.9;28.28552162
1900-06-28 11:00:00+01:00;24.3;29.35961299
1900-06-28 12:00:00+01:00;24;29.6237582
1900-06-28 13:00:00+01:00;23.1;29.35856989
1900-06-28 14:00:00+01:00;24.6;30.07803144
1900-06-28 15:00:00+01:00;24.6;29.86289776
1900-06-28 16:00:00+01:00;23.9;27.1098862
1900-06-28 17:00:00+01:00;22.9;23.11677158
1900-06-28 18:00:00+01:00;23.5;19.800912
1900-06-28 19:00:00+01:00;20.1;18.402104
1900-06-28 20:00:00+01:00;17.8;16.13427
1900-06-28 21:00:00+01:00;16;13.5223135
1900-06-28 22:00:00+01:00;13.8;11.653114
1900-06-28 23:00:00+01:00;13.8;10.539138
1900-06-29 00:00:00+01:00;13.7;9.64108
1900-06-29 01:00:00+01:00;13.2;9.385228
1900-06-29 02:00:00+01:00;12.8;9.321358
1900-06-29 03:00:00+01:00;13.4;9.303854
1900-06-29 04:00:00+01:00;13.7;9.54541
1900-06-29 05:00:00+01:00;14.2;10.363691
1900-06-29 06:00:00+01:00;14.6;13.5274489
1900-06-29 07:00:00+01:00;16.2;18.092298
1900-06-29 08:00:00+01:00;16.2;21.030319
1900-06-29 09:00:00+01:00;16.2;23.2000028
1900-06-29 10:00:00+01:00;14.7;24.84882
1900-06-29 11:00:00+01:00;14.7;25.05221
1900-06-29 12:00:00+01:00;16;25.6697758
1900-06-29 13:00:00+01:00;16.3;25.81133697
1900-06-29 14:00:00+01:00;16;25.5201054
1900-06-29 15:00:00+01:00;16.6;25.70785296
1900-06-29 16:00:00+01:00;16.5;23.890901
1900-06-29 17:00:00+01:00;15.7;21.09853814
1900-06-29 18:00:00+01:00;15.2;19.800912
1900-06-29 19:00:00+01:00;15;18.402104
1900-06-29 20:00:00+01:00;15.1;16.13427
1900-06-29 21:00:00+01:00;14.6;13.5223135
1900-06-29 22:00:00+01:00;14.6;11.653114
1900-06-29 23:00:00+01:00;14.3;10.539138
1900-06-30 00:00:00+01:00;14;10.010882
1900-06-30 01:00:00+01:00;13.6;9.713938
1900-06-30 02:00:00+01:00;12.9;9.568476
1900-06-30 03:00:00+01:00;13.6;9.283135
1900-06-30 04:00:00+01:00;13.1;9.150213
1900-06-30 05:00:00+01:00;13;9.247971
1900-06-30 06:00:00+01:00;13.9;9.714335
1900-06-30 07:00:00+01:00;15;10.416313
1900-06-30 08:00:00+01:00;16.3;12.5900159
1900-06-30 09:00:00+01:00;17.8;15.882276
1900-06-30 10:00:00+01:00;18.5;18.363592
1900-06-30 11:00:00+01:00;18.2;19.002148
1900-06-30 12:00:00+01:00;19;19.313076
1900-06-30 13:00:00+01:00;17.3;19.429464
1900-06-30 14:00:00+01:00;17;18.779088
1900-06-30 15:00:00+01:00;15.5;17.831505
1900-06-30 16:00:00+01:00;15.4;16.999584
1900-06-30 17:00:00+01:00;15.7;16.250017
1900-06-30 18:00:00+01:00;15.2;14.638337
1900-06-30 19:00:00+01:00;15.6;12.8257983
1900-06-30 20:00:00+01:00;15.6;11.497931
1900-06-30 21:00:00+01:00;14.2;10.624333
1900-06-30 22:00:00+01:00;14.5;10.151469
1900-06-30 23:00:00+01:00;14.3;9.831164
1900-07-01 00:00:00+01:00;14.4;10.010882
1900-07-01 01:00:00+01:00;14.3;9.713938
1900-07-01 02:00:00+01:00;13.9;9.568476
1900-07-01 03:00:00+01:00;13.7;9.283135
1900-07-01 04:00:00+01:00;14.3;9.150213
1900-07-01 05:00:00+01:00;14.8;9.247971
1900-07-01 06:00:00+01:00;15.2;9.714335
1900-07-01 07:00:00+01:00;15.5;10.416313
1900-07-01 08:00:00+01:00;16.7;12.5900159
1900-07-01 09:00:00+01:00;18.3;15.882276
1900-07-01 10:00:00+01:00;21.7;18.363592
1900-07-01 11:00:00+01:00;23.4;19.002148
1900-07-01 12:00:00+01:00;24.4;19.313076
1900-07-01 13:00:00+01:00;24.9;19.429464
1900-07-01 14:00:00+01:00;24.4;18.779088
1900-07-01 15:00:00+01:00;24.6;17.831505
1900-07-01 16:00:00+01:00;24.3;16.999584
1900-07-01 17:00:00+01:00;24;16.250017
1900-07-01 18:00:00+01:00;23.2;14.638337
1900-07-01 19:00:00+01:00;22.4;12.8257983
1900-07-01 20:00:00+01:00;21;11.497931
1900-07-01 21:00:00+01:00;19.4;10.624333
1900-07-01 22:00:00+01:00;18.4;10.151469
1900-07-01 23:00:00+01:00;18.3;9.831164
1900-07-02 00:00:00+01:00;18.5;9.64108
1900-07-02 01:00:00+01:00;18.4;9.385228
1900-07-02 02:00:00+01:00;18.2;9.321358
1900-07-02 03:00:00+01:00;18.2;9.303854
1900-07-02 04:00:00+01:00;17.5;9.54541
1900-07-02 05:00:00+01:00;17.2;10.363691
1900-07-02 06:00:00+01:00;17;13.5274489
1900-07-02 07:00:00+01:00;17.4;18.092298
1900-07-02 08:00:00+01:00;18;21.030319
1900-07-02 09:00:00+01:00;18.3;23.9281967
1900-07-02 10:00:00+01:00;19.3;26.67074954
1900-07-02 11:00:00+01:00;20.6;27.58272758
1900-07-02 12:00:00+01:00;23.5;29.3766343
1900-07-02 13:00:00+01:00;25.9;30.81919521
1900-07-02 14:00:00+01:00;27.4;31.56200736
1900-07-02 15:00:00+01:00;27.6;31.42103956
1900-07-02 16:00:00+01:00;28.4;29.0673772
1900-07-02 17:00:00+01:00;28.1;24.57438462
1900-07-02 18:00:00+01:00;27.1;19.800912
1900-07-02 19:00:00+01:00;26.6;18.402104
1900-07-02 20:00:00+01:00;25.2;16.13427
1900-07-02 21:00:00+01:00;23;13.5223135
1900-07-02 22:00:00+01:00;21.7;11.653114
1900-07-02 23:00:00+01:00;20.5;10.539138
1900-07-03 00:00:00+01:00;19.2;9.64108
1900-07-03 01:00:00+01:00;18.6;9.385228
1900-07-03 02:00:00+01:00;17.9;9.321358
1900-07-03 03:00:00+01:00;17.8;9.303854
1900-07-03 04:00:00+01:00;18;9.54541
1900-07-03 05:00:00+01:00;18.7;10.363691
1900-07-03 06:00:00+01:00;21.1;13.5274489
1900-07-03 07:00:00+01:00;24;18.092298
1900-07-03 08:00:00+01:00;26.1;21.030319
1900-07-03 09:00:00+01:00;26.9;26.9103241
1900-07-03 10:00:00+01:00;27;30.1245676
1900-07-03 11:00:00+01:00;27.5;30.89637875
1900-07-03 12:00:00+01:00;29;32.0949972
1900-07-03 13:00:00+01:00;28.6;32.22765534
1900-07-03 14:00:00+01:00;28.7;32.25099618
1900-07-03 15:00:00+01:00;29.8;32.56367688
1900-07-03 16:00:00+01:00;29.5;29.545875
1900-07-03 17:00:00+01:00;28;24.5463536
1900-07-03 18:00:00+01:00;27;19.800912
1900-07-03 19:00:00+01:00;25.3;18.402104
1900-07-03 20:00:00+01:00;23.1;16.13427
1900-07-03 21:00:00+01:00;21.6;13.5223135
1900-07-03 22:00:00+01:00;20.1;11.653114
1900-07-03 23:00:00+01:00;19.5;10.539138
1900-07-04 00:00:00+01:00;19.1;9.64108
1900-07-04 01:00:00+01:00;18.8;9.385228
1900-07-04 02:00:00+01:00;18.8;9.321358
1900-07-04 03:00:00+01:00;18.1;9.303854
1900-07-04 04:00:00+01:00;16.4;9.54541
1900-07-04 05:00:00+01:00;16;10.363691
1900-07-04 06:00:00+01:00;16.3;13.5274489
1900-07-04 07:00:00+01:00;17.4;18.092298
1900-07-04 08:00:00+01:00;18.4;21.030319
1900-07-04 09:00:00+01:00;19.7;24.4136593
1900-07-04 10:00:00+01:00;20.8;27.34357124
1900-07-04 11:00:00+01:00;19.6;27.10248828
1900-07-04 12:00:00+01:00;19.6;27.44906788
1900-07-04 13:00:00+01:00;20;27.741449
1900-07-04 14:00:00+01:00;20.3;27.79906842
1900-07-04 15:00:00+01:00;19.7;27.31793282
1900-07-04 16:00:00+01:00;19.8;25.3263944
1900-07-04 17:00:00+01:00;20.4;22.41599608
1900-07-04 18:00:00+01:00;19.7;19.800912
1900-07-04 19:00:00+01:00;18.5;18.402104
1900-07-04 20:00:00+01:00;17.6;16.13427
1900-07-04 21:00:00+01:00;16.5;13.5223135
1900-07-04 22:00:00+01:00;15.7;11.653114
1900-07-04 23:00:00+01:00;15.3;10.539138
1900-07-05 00:00:00+01:00;14.9;9.64108
1900-07-05 01:00:00+01:00;14.8;9.385228
1900-07-05 02:00:00+01:00;14.2;9.321358
1900-07-05 03:00:00+01:00;13.7;9.303854
1900-07-05 04:00:00+01:00;13.5;9.54541
1900-07-05 05:00:00+01:00;13.2;10.363691
1900-07-05 06:00:00+01:00;14.6;13.5274489
1900-07-05 07:00:00+01:00;15.6;18.092298
1900-07-05 08:00:00+01:00;16.5;21.030319
1900-07-05 09:00:00+01:00;17.7;23.7201413
1900-07-05 10:00:00+01:00;17.8;25.99792784
1900-07-05 11:00:00+01:00;17.4;26.04596182
1900-07-05 12:00:00+01:00;17.7;26.50999706
1900-07-05 13:00:00+01:00;17.9;26.64598001
1900-07-05 14:00:00+01:00;18.6;26.89808304
1900-07-05 15:00:00+01:00;19.8;27.36987088
1900-07-05 16:00:00+01:00;19.1;25.0218958
1900-07-05 17:00:00+01:00;18.7;21.93946874
1900-07-05 18:00:00+01:00;17.9;19.800912
1900-07-05 19:00:00+01:00;17.5;18.402104
1900-07-05 20:00:00+01:00;16.8;16.13427
1900-07-05 21:00:00+01:00;16.1;13.5223135
1900-07-05 22:00:00+01:00;15;11.653114
1900-07-05 23:00:00+01:00;13.8;10.539138
1900-07-06 00:00:00+01:00;12.3;9.64108
1900-07-06 01:00:00+01:00;11.6;9.385228
1900-07-06 02:00:00+01:00;11;9.321358
1900-07-06 03:00:00+01:00;10.4;9.303854
1900-07-06 04:00:00+01:00;11.5;9.54541
1900-07-06 05:00:00+01:00;12.4;10.363691
1900-07-06 06:00:00+01:00;13.5;13.5274489
1900-07-06 07:00:00+01:00;15.2;18.092298
1900-07-06 08:00:00+01:00;15.6;21.030319
1900-07-06 09:00:00+01:00;16.8;23.4080582
1900-07-06 10:00:00+01:00;18;26.0876374
1900-07-06 11:00:00+01:00;20;27.294584
1900-07-06 12:00:00+01:00;20.9;28.09159002
1900-07-06 13:00:00+01:00;21.5;28.52392685
1900-07-06 14:00:00+01:00;22;28.7000538
1900-07-06 15:00:00+01:00;22.5;28.7721985
1900-07-06 16:00:00+01:00;22.4;26.4573892
1900-07-06 17:00:00+01:00;21.6;22.75236832
1900-07-06 18:00:00+01:00;21.1;19.800912
1900-07-06 19:00:00+01:00;20.1;18.402104
1900-07-06 20:00:00+01:00;18.6;16.13427
1900-07-06 21:00:00+01:00;17.7;13.5223135
1900-07-06 22:00:00+01:00;16.6;11.653114
1900-07-06 23:00:00+01:00;15.6;10.539138
1900-07-07 00:00:00+01:00;15.3;10.010882
1900-07-07 01:00:00+01:00;15.2;9.713938
1900-07-07 02:00:00+01:00;15.3;9.568476
1900-07-07 03:00:00+01:00;15.1;9.283135
1900-07-07 04:00:00+01:00;15.6;9.150213
1900-07-07 05:00:00+01:00;17.3;9.247971
1900-07-07 06:00:00+01:00;17.5;9.714335
1900-07-07 07:00:00+01:00;17.2;10.416313
1900-07-07 08:00:00+01:00;17.5;12.5900159
1900-07-07 09:00:00+01:00;17.4;15.882276
1900-07-07 10:00:00+01:00;17.2;18.363592
1900-07-07 11:00:00+01:00;17.8;19.002148
1900-07-07 12:00:00+01:00;17.6;19.313076
1900-07-07 13:00:00+01:00;18;19.429464
1900-07-07 14:00:00+01:00;16.8;18.779088
1900-07-07 15:00:00+01:00;17;17.831505
1900-07-07 16:00:00+01:00;16.2;16.999584
1900-07-07 17:00:00+01:00;15.7;16.250017
1900-07-07 18:00:00+01:00;14.4;14.638337
1900-07-07 19:00:00+01:00;14.2;12.8257983
1900-07-07 20:00:00+01:00;14.1;11.497931
1900-07-07 21:00:00+01:00;13.6;10.624333
1900-07-07 22:00:00+01:00;13.2;10.151469
1900-07-07 23:00:00+01:00;13.3;9.831164
1900-07-08 00:00:00+01:00;13.1;10.010882
1900-07-08 01:00:00+01:00;13.1;9.713938
1900-07-08 02:00:00+01:00;13.4;9.568476
1900-07-08 03:00:00+01:00;13.3;9.283135
1900-07-08 04:00:00+01:00;13.3;9.150213
1900-07-08 05:00:00+01:00;13.5;9.247971
1900-07-08 06:00:00+01:00;14;9.714335
1900-07-08 07:00:00+01:00;14.3;10.416313
1900-07-08 08:00:00+01:00;15;12.5900159
1900-07-08 09:00:00+01:00;15.9;15.882276
1900-07-08 10:00:00+01:00;16.1;18.363592
1900-07-08 11:00:00+01:00;15.5;19.002148
1900-07-08 12:00:00+01:00;17;19.313076
1900-07-08 13:00:00+01:00;17.1;19.429464
1900-07-08 14:00:00+01:00;17.1;18.779088
1900-07-08 15:00:00+01:00;16.9;17.831505
1900-07-08 16:00:00+01:00;15.8;16.999584
1900-07-08 17:00:00+01:00;15.3;16.250017
1900-07-08 18:00:00+01:00;15.2;14.638337
1900-07-08 19:00:00+01:00;15;12.8257983
1900-07-08 20:00:00+01:00;14.9;11.497931
1900-07-08 21:00:00+01:00;14.6;10.624333
1900-07-08 22:00:00+01:00;14.3;10.151469
1900-07-08 23:00:00+01:00;14.5;9.831164
1900-07-09 00:00:00+01:00;14.5;9.563779
1900-07-09 01:00:00+01:00;14.4;9.463578
1900-07-09 02:00:00+01:00;14;9.288528
1900-07-09 03:00:00+01:00;14.1;9.135334
1900-07-09 04:00:00+01:00;14.1;8.894112
1900-07-09 05:00:00+01:00;14;8.855055
1900-07-09 06:00:00+01:00;14.4;8.88385
1900-07-09 07:00:00+01:00;11.4;8.960156
1900-07-09 08:00:00+01:00;10.9;8.913374
1900-07-09 09:00:00+01:00;10.7;8.878902
1900-07-09 10:00:00+01:00;11;9.025433
1900-07-09 11:00:00+01:00;11.7;9.385822
1900-07-09 12:00:00+01:00;11.7;9.595579
1900-07-09 13:00:00+01:00;11.6;9.788197
1900-07-09 14:00:00+01:00;12;10.006945
1900-07-09 15:00:00+01:00;12.4;10.131562
1900-07-09 16:00:00+01:00;12.5;10.150044
1900-07-09 17:00:00+01:00;14.6;10.013856
1900-07-09 18:00:00+01:00;14.2;9.890678
1900-07-09 19:00:00+01:00;13.9;9.687239
1900-07-09 20:00:00+01:00;13.1;9.546914
1900-07-09 21:00:00+01:00;12.7;9.429767
1900-07-09 22:00:00+01:00;12.6;9.320691
1900-07-09 23:00:00+01:00;12.6;9.236672
1900-07-10 00:00:00+01:00;12.2;9.563779
1900-07-10 01:00:00+01:00;12;9.463578
1900-07-10 02:00:00+01:00;12.2;9.288528
1900-07-10 03:00:00+01:00;12.1;9.135334
1900-07-10 04:00:00+01:00;12.4;8.894112
1900-07-10 05:00:00+01:00;12.7;8.855055
1900-07-10 06:00:00+01:00;13;8.88385
1900-07-10 07:00:00+01:00;13.4;8.960156
1900-07-10 08:00:00+01:00;14.6;8.913374
1900-07-10 09:00:00+01:00;14.8;8.878902
1900-07-10 10:00:00+01:00;15.7;9.025433
1900-07-10 11:00:00+01:00;16;9.385822
1900-07-10 12:00:00+01:00;16.3;9.595579
1900-07-10 13:00:00+01:00;16.3;9.788197
1900-07-10 14:00:00+01:00;16.5;10.006945
1900-07-10 15:00:00+01:00;16.8;10.131562
1900-07-10 16:00:00+01:00;18.2;10.150044
1900-07-10 17:00:00+01:00;17.6;10.013856
1900-07-10 18:00:00+01:00;16.6;9.890678
1900-07-10 19:00:00+01:00;15.4;9.687239
1900-07-10 20:00:00+01:00;15.3;9.546914
1900-07-10 21:00:00+01:00;14.8;9.429767
1900-07-10 22:00:00+01:00;13.9;9.320691
1900-07-10 23:00:00+01:00;12.4;9.236672
1900-07-11 00:00:00+01:00;11.6;9.563779
1900-07-11 01:00:00+01:00;11.2;9.463578
1900-07-11 02:00:00+01:00;11.3;9.288528
1900-07-11 03:00:00+01:00;11.1;9.135334
1900-07-11 04:00:00+01:00;10.8;8.894112
1900-07-11 05:00:00+01:00;11.5;8.855055
1900-07-11 06:00:00+01:00;11.8;8.88385
1900-07-11 07:00:00+01:00;13;8.960156
1900-07-11 08:00:00+01:00;14.6;8.913374
1900-07-11 09:00:00+01:00;17;8.878902
1900-07-11 10:00:00+01:00;17.4;9.025433
1900-07-11 11:00:00+01:00;18.9;9.385822
1900-07-11 12:00:00+01:00;19.6;9.595579
1900-07-11 13:00:00+01:00;18.1;9.788197
1900-07-11 14:00:00+01:00;19.1;10.006945
1900-07-11 15:00:00+01:00;18.2;10.131562
1900-07-11 16:00:00+01:00;16.8;10.150044
1900-07-11 17:00:00+01:00;16.4;10.013856
1900-07-11 18:00:00+01:00;16;9.890678
1900-07-11 19:00:00+01:00;16;9.687239
1900-07-11 20:00:00+01:00;15.2;9.546914
1900-07-11 21:00:00+01:00;15;9.429767
1900-07-11 22:00:00+01:00;14.5;9.320691
1900-07-11 23:00:00+01:00;14.2;9.236672
1900-07-12 00:00:00+01:00;13.8;9.563779
1900-07-12 01:00:00+01:00;13.6;9.463578
1900-07-12 02:00:00+01:00;13;9.288528
1900-07-12 03:00:00+01:00;12.5;9.135334
1900-07-12 04:00:00+01:00;12.5;8.894112
1900-07-12 05:00:00+01:00;12.4;8.855055
1900-07-12 06:00:00+01:00;12.6;8.88385
1900-07-12 07:00:00+01:00;14.3;8.960156
1900-07-12 08:00:00+01:00;15.2;8.913374
1900-07-12 09:00:00+01:00;15.8;8.878902
1900-07-12 10:00:00+01:00;16.5;9.025433
1900-07-12 11:00:00+01:00;17.2;9.385822
1900-07-12 12:00:00+01:00;14.6;9.595579
1900-07-12 13:00:00+01:00;12.2;9.788197
1900-07-12 14:00:00+01:00;13.8;10.006945
1900-07-12 15:00:00+01:00;15.6;10.131562
1900-07-12 16:00:00+01:00;15.7;10.150044
1900-07-12 17:00:00+01:00;15.4;10.013856
1900-07-12 18:00:00+01:00;14.5;9.890678
1900-07-12 19:00:00+01:00;14.2;9.687239
1900-07-12 20:00:00+01:00;12.9;9.546914
1900-07-12 21:00:00+01:00;12;9.429767
1900-07-12 22:00:00+01:00;11;9.320691
1900-07-12 23:00:00+01:00;9.9;9.236672
1900-07-13 00:00:00+01:00;10.2;9.563779
1900-07-13 01:00:00+01:00;10.2;9.463578
1900-07-13 02:00:00+01:00;9.8;9.288528
1900-07-13 03:00:00+01:00;8.6;9.135334
1900-07-13 04:00:00+01:00;9.2;8.894112
1900-07-13 05:00:00+01:00;11.2;8.855055
1900-07-13 06:00:00+01:00;12.6;8.88385
1900-07-13 07:00:00+01:00;12.8;8.960156
1900-07-13 08:00:00+01:00;12.3;8.913374
1900-07-13 09:00:00+01:00;13.5;8.878902
1900-07-13 10:00:00+01:00;13.9;9.025433
1900-07-13 11:00:00+01:00;14.4;9.385822
1900-07-13 12:00:00+01:00;15;9.595579
1900-07-13 13:00:00+01:00;16.2;9.788197
1900-07-13 14:00:00+01:00;16.8;10.006945
1900-07-13 15:00:00+01:00;17;10.131562
1900-07-13 16:00:00+01:00;16.8;10.150044
1900-07-13 17:00:00+01:00;17.2;10.013856
1900-07-13 18:00:00+01:00;16.9;9.890678
1900-07-13 19:00:00+01:00;15.5;9.687239
1900-07-13 20:00:00+01:00;14.9;9.546914
1900-07-13 21:00:00+01:00;14.4;9.429767
1900-07-13 22:00:00+01:00;12.9;9.320691
1900-07-13 23:00:00+01:00;11.8;9.236672
1900-07-14 00:00:00+01:00;11.8;9.563779
1900-07-14 01:00:00+01:00;10.5;9.463578
1900-07-14 02:00:00+01:00;9.6;9.288528
1900-07-14 03:00:00+01:00;8;9.135334
1900-07-14 04:00:00+01:00;9.3;8.894112
1900-07-14 05:00:00+01:00;10.6;8.855055
1900-07-14 06:00:00+01:00;13;8.88385
1900-07-14 07:00:00+01:00;14;8.960156
1900-07-14 08:00:00+01:00;14.7;8.913374
1900-07-14 09:00:00+01:00;15.8;8.878902
1900-07-14 10:00:00+01:00;16.1;9.025433
1900-07-14 11:00:00+01:00;17.1;9.385822
1900-07-14 12:00:00+01:00;17.8;9.595579
1900-07-14 13:00:00+01:00;19;9.788197
1900-07-14 14:00:00+01:00;19.9;10.006945
1900-07-14 15:00:00+01:00;20;10.131562
1900-07-14 16:00:00+01:00;20.4;10.150044
1900-07-14 17:00:00+01:00;20.5;10.013856
1900-07-14 18:00:00+01:00;18.5;9.890678
1900-07-14 19:00:00+01:00;17.5;9.687239
1900-07-14 20:00:00+01:00;16.2;9.546914
1900-07-14 21:00:00+01:00;15.5;9.429767
1900-07-14 22:00:00+01:00;14.3;9.320691
1900-07-14 23:00:00+01:00;13.4;9.236672
1900-07-15 00:00:00+01:00;12.6;9.563779
1900-07-15 01:00:00+01:00;12.3;9.463578
1900-07-15 02:00:00+01:00;12;9.288528
1900-07-15 03:00:00+01:00;12.1;9.135334
1900-07-15 04:00:00+01:00;12.5;8.894112
1900-07-15 05:00:00+01:00;12.8;8.855055
1900-07-15 06:00:00+01:00;14.1;8.88385
1900-07-15 07:00:00+01:00;15.8;8.960156
1900-07-15 08:00:00+01:00;16.4;8.913374
1900-07-15 09:00:00+01:00;18.8;8.878902
1900-07-15 10:00:00+01:00;20.2;9.025433
1900-07-15 11:00:00+01:00;21.4;9.385822
1900-07-15 12:00:00+01:00;20.3;9.595579
1900-07-15 13:00:00+01:00;22.1;9.788197
1900-07-15 14:00:00+01:00;21.1;10.006945
1900-07-15 15:00:00+01:00;21;10.131562
1900-07-15 16:00:00+01:00;21.2;10.150044
1900-07-15 17:00:00+01:00;21;10.013856
1900-07-15 18:00:00+01:00;21;9.890678
1900-07-15 19:00:00+01:00;20.3;9.687239
1900-07-15 20:00:00+01:00;19.9;9.546914
1900-07-15 21:00:00+01:00;19.3;9.429767
1900-07-15 22:00:00+01:00;18.4;9.320691
1900-07-15 23:00:00+01:00;17.4;9.236672
1900-07-16 00:00:00+01:00;16.4;9.563779
1900-07-16 01:00:00+01:00;15.4;9.463578
1900-07-16 02:00:00+01:00;15.1;9.288528
1900-07-16 03:00:00+01:00;15;9.135334
1900-07-16 04:00:00+01:00;15.2;8.894112
1900-07-16 05:00:00+01:00;15.4;8.855055
1900-07-16 06:00:00+01:00;16.4;8.88385
1900-07-16 07:00:00+01:00;17.6;8.960156
1900-07-16 08:00:00+01:00;19;8.913374
1900-07-16 09:00:00+01:00;18.6;8.878902
1900-07-16 10:00:00+01:00;20.2;9.025433
1900-07-16 11:00:00+01:00;20.7;9.385822
1900-07-16 12:00:00+01:00;23;9.595579
1900-07-16 13:00:00+01:00;22.9;9.788197
1900-07-16 14:00:00+01:00;23.8;10.006945
1900-07-16 15:00:00+01:00;23.5;10.131562
1900-07-16 16:00:00+01:00;23;10.150044
1900-07-16 17:00:00+01:00;23.1;10.013856
1900-07-16 18:00:00+01:00;22.3;9.890678
1900-07-16 19:00:00+01:00;22;9.687239
1900-07-16 20:00:00+01:00;20.9;9.546914
1900-07-16 21:00:00+01:00;18.7;9.429767
1900-07-16 22:00:00+01:00;16.5;9.320691
1900-07-16 23:00:00+01:00;15.9;9.236672
1900-07-17 00:00:00+01:00;16;9.563779
1900-07-17 01:00:00+01:00;15;9.463578
1900-07-17 02:00:00+01:00;14.9;9.288528
1900-07-17 03:00:00+01:00;14.2;9.135334
1900-07-17 04:00:00+01:00;13.4;8.894112
1900-07-17 05:00:00+01:00;14.5;8.855055
1900-07-17 06:00:00+01:00;16.3;8.88385
1900-07-17 07:00:00+01:00;18.3;8.960156
1900-07-17 08:00:00+01:00;19.2;8.913374
1900-07-17 09:00:00+01:00;19.9;8.878902
1900-07-17 10:00:00+01:00;21;9.025433
1900-07-17 11:00:00+01:00;22.2;9.385822
1900-07-17 12:00:00+01:00;22.8;9.595579
1900-07-17 13:00:00+01:00;24.1;9.788197
1900-07-17 14:00:00+01:00;25;10.006945
1900-07-17 15:00:00+01:00;23.7;10.131562
1900-07-17 16:00:00+01:00;24.6;10.150044
1900-07-17 17:00:00+01:00;22.8;10.013856
1900-07-17 18:00:00+01:00;24.3;9.890678
1900-07-17 19:00:00+01:00;23;9.687239
1900-07-17 20:00:00+01:00;19.5;9.546914
1900-07-17 21:00:00+01:00;18.1;9.429767
1900-07-17 22:00:00+01:00;17.1;9.320691
1900-07-17 23:00:00+01:00;16;9.236672
1900-07-18 00:00:00+01:00;13.9;9.563779
1900-07-18 01:00:00+01:00;12.8;9.463578
1900-07-18 02:00:00+01:00;11.9;9.288528
1900-07-18 03:00:00+01:00;11.5;9.135334
1900-07-18 04:00:00+01:00;11.3;8.894112
1900-07-18 05:00:00+01:00;12;8.855055
1900-07-18 06:00:00+01:00;14.8;8.88385
1900-07-18 07:00:00+01:00;16.3;8.960156
1900-07-18 08:00:00+01:00;17.4;8.913374
1900-07-18 09:00:00+01:00;19.4;8.878902
1900-07-18 10:00:00+01:00;20.6;9.025433
1900-07-18 11:00:00+01:00;23;9.385822
1900-07-18 12:00:00+01:00;24.8;9.595579
1900-07-18 13:00:00+01:00;25.6;9.788197
1900-07-18 14:00:00+01:00;24;10.006945
1900-07-18 15:00:00+01:00;25.4;10.131562
1900-07-18 16:00:00+01:00;22.2;10.150044
1900-07-18 17:00:00+01:00;21.9;10.013856
1900-07-18 18:00:00+01:00;20.8;9.890678
1900-07-18 19:00:00+01:00;18.4;9.687239
1900-07-18 20:00:00+01:00;18;9.546914
1900-07-18 21:00:00+01:00;17.7;9.429767
1900-07-18 22:00:00+01:00;17;9.320691
1900-07-18 23:00:00+01:00;16.2;9.236672
1900-07-19 00:00:00+01:00;16.1;9.563779
1900-07-19 01:00:00+01:00;15.5;9.463578
1900-07-19 02:00:00+01:00;15;9.288528
1900-07-19 03:00:00+01:00;15.5;9.135334
1900-07-19 04:00:00+01:00;15.4;8.894112
1900-07-19 05:00:00+01:00;15.3;8.855055
1900-07-19 06:00:00+01:00;15.5;8.88385
1900-07-19 07:00:00+01:00;15.1;8.960156
1900-07-19 08:00:00+01:00;14;8.913374
1900-07-19 09:00:00+01:00;14.2;8.878902
1900-07-19 10:00:00+01:00;15.8;9.025433
1900-07-19 11:00:00+01:00;16.4;9.385822
1900-07-19 12:00:00+01:00;15.9;9.595579
1900-07-19 13:00:00+01:00;17.8;9.788197
1900-07-19 14:00:00+01:00;18.4;10.006945
1900-07-19 15:00:00+01:00;19.2;10.131562
1900-07-19 16:00:00+01:00;19;10.150044
1900-07-19 17:00:00+01:00;18.4;10.013856
1900-07-19 18:00:00+01:00;17.7;9.890678
1900-07-19 19:00:00+01:00;16.6;9.687239
1900-07-19 20:00:00+01:00;16.1;9.546914
1900-07-19 21:00:00+01:00;14.8;9.429767
1900-07-19 22:00:00+01:00;13.5;9.320691
1900-07-19 23:00:00+01:00;13.2;9.236672
1900-07-20 00:00:00+01:00;13;9.563779
1900-07-20 01:00:00+01:00;13;9.463578
1900-07-20 02:00:00+01:00;13.1;9.288528
1900-07-20 03:00:00+01:00;13;9.135334
1900-07-20 04:00:00+01:00;13;8.894112
1900-07-20 05:00:00+01:00;13.4;8.855055
1900-07-20 06:00:00+01:00;14;8.88385
1900-07-20 07:00:00+01:00;13.7;8.960156
1900-07-20 08:00:00+01:00;13.5;8.913374
1900-07-20 09:00:00+01:00;13.8;8.878902
1900-07-20 10:00:00+01:00;14.8;9.025433
1900-07-20 11:00:00+01:00;16.1;9.385822
1900-07-20 12:00:00+01:00;17.8;9.595579
1900-07-20 13:00:00+01:00;19;9.788197
1900-07-20 14:00:00+01:00;20.2;10.006945
1900-07-20 15:00:00+01:00;15.5;10.131562
1900-07-20 16:00:00+01:00;17.4;10.150044
1900-07-20 17:00:00+01:00;19;10.013856
1900-07-20 18:00:00+01:00;18.3;9.890678
1900-07-20 19:00:00+01:00;18.2;9.687239
1900-07-20 20:00:00+01:00;16.7;9.546914
1900-07-20 21:00:00+01:00;15.3;9.429767
1900-07-20 22:00:00+01:00;14.7;9.320691
1900-07-20 23:00:00+01:00;14.3;9.236672
1900-07-21 00:00:00+01:00;12.7;9.563779
1900-07-21 01:00:00+01:00;13.3;9.463578
1900-07-21 02:00:00+01:00;13.6;9.288528
1900-07-21 03:00:00+01:00;13.9;9.135334
1900-07-21 04:00:00+01:00;13.6;8.894112
1900-07-21 05:00:00+01:00;13.8;8.855055
1900-07-21 06:00:00+01:00;14.7;8.88385
1900-07-21 07:00:00+01:00;15.4;8.960156
1900-07-21 08:00:00+01:00;16.1;8.913374
1900-07-21 09:00:00+01:00;18.6;8.878902
1900-07-21 10:00:00+01:00;19.3;9.025433
1900-07-21 11:00:00+01:00;19.5;9.385822
1900-07-21 12:00:00+01:00;20.6;9.595579
1900-07-21 13:00:00+01:00;21.8;9.788197
1900-07-21 14:00:00+01:00;22.6;10.006945
1900-07-21 15:00:00+01:00;24;10.131562
1900-07-21 16:00:00+01:00;23.9;10.150044
1900-07-21 17:00:00+01:00;22.4;10.013856
1900-07-21 18:00:00+01:00;21;9.890678
1900-07-21 19:00:00+01:00;20;9.687239
1900-07-21 20:00:00+01:00;18.9;9.546914
1900-07-21 21:00:00+01:00;18.1;9.429767
1900-07-21 22:00:00+01:00;17.3;9.320691
1900-07-21 23:00:00+01:00;15.6;9.236672
1900-07-22 00:00:00+01:00;15;9.563779
1900-07-22 01:00:00+01:00;14.6;9.463578
1900-07-22 02:00:00+01:00;13.6;9.288528
1900-07-22 03:00:00+01:00;12.9;9.135334
1900-07-22 04:00:00+01:00;13.2;8.894112
1900-07-22 05:00:00+01:00;13.5;8.855055
1900-07-22 06:00:00+01:00;14.4;8.88385
1900-07-22 07:00:00+01:00;16.2;8.960156
1900-07-22 08:00:00+01:00;16;8.913374
1900-07-22 09:00:00+01:00;16.2;8.878902
1900-07-22 10:00:00+01:00;16.4;9.025433
1900-07-22 11:00:00+01:00;15.8;9.385822
1900-07-22 12:00:00+01:00;16.7;9.595579
1900-07-22 13:00:00+01:00;17;9.788197
1900-07-22 14:00:00+01:00;18.9;10.006945
1900-07-22 15:00:00+01:00;19.6;10.131562
1900-07-22 16:00:00+01:00;19;10.150044
1900-07-22 17:00:00+01:00;17.9;10.013856
1900-07-22 18:00:00+01:00;18;9.890678
1900-07-22 19:00:00+01:00;18.5;9.687239
1900-07-22 20:00:00+01:00;18;9.546914
1900-07-22 21:00:00+01:00;15.6;9.429767
1900-07-22 22:00:00+01:00;13.6;9.320691
1900-07-22 23:00:00+01:00;12.5;9.236672
1900-07-23 00:00:00+01:00;12;9.563779
1900-07-23 01:00:00+01:00;11.8;9.463578
1900-07-23 02:00:00+01:00;10.5;9.288528
1900-07-23 03:00:00+01:00;10;9.135334
1900-07-23 04:00:00+01:00;9;8.894112
1900-07-23 05:00:00+01:00;10;8.855055
1900-07-23 06:00:00+01:00;12.3;8.88385
1900-07-23 07:00:00+01:00;14.1;8.960156
1900-07-23 08:00:00+01:00;15.6;8.913374
1900-07-23 09:00:00+01:00;17.1;8.878902
1900-07-23 10:00:00+01:00;18.5;9.025433
1900-07-23 11:00:00+01:00;20.5;9.385822
1900-07-23 12:00:00+01:00;21.5;9.595579
1900-07-23 13:00:00+01:00;22;9.788197
1900-07-23 14:00:00+01:00;22.9;10.006945
1900-07-23 15:00:00+01:00;23.3;10.131562
1900-07-23 16:00:00+01:00;23.6;10.150044
1900-07-23 17:00:00+01:00;23.4;10.013856
1900-07-23 18:00:00+01:00;22.7;9.890678
1900-07-23 19:00:00+01:00;20.8;9.687239
1900-07-23 20:00:00+01:00;19.2;9.546914
1900-07-23 21:00:00+01:00;17.1;9.429767
1900-07-23 22:00:00+01:00;16;9.320691
1900-07-23 23:00:00+01:00;15.5;9.236672
1900-07-24 00:00:00+01:00;15.2;9.563779
1900-07-24 01:00:00+01:00;14;9.463578
1900-07-24 02:00:00+01:00;12.8;9.288528
1900-07-24 03:00:00+01:00;12.9;9.135334
1900-07-24 04:00:00+01:00;13;8.894112
1900-07-24 05:00:00+01:00;13;8.855055
1900-07-24 06:00:00+01:00;15;8.88385
1900-07-24 07:00:00+01:00;16.6;8.960156
1900-07-24 08:00:00+01:00;19;8.913374
1900-07-24 09:00:00+01:00;19;8.878902
1900-07-24 10:00:00+01:00;21.3;9.025433
1900-07-24 11:00:00+01:00;22;9.385822
1900-07-24 12:00:00+01:00;22.4;9.595579
1900-07-24 13:00:00+01:00;22.2;9.788197
1900-07-24 14:00:00+01:00;22.6;10.006945
1900-07-24 15:00:00+01:00;22.1;10.131562
1900-07-24 16:00:00+01:00;21.3;10.150044
1900-07-24 17:00:00+01:00;20.7;10.013856
1900-07-24 18:00:00+01:00;20;9.890678
1900-07-24 19:00:00+01:00;19;9.687239
1900-07-24 20:00:00+01:00;17.9;9.546914
1900-07-24 21:00:00+01:00;17.5;9.429767
1900-07-24 22:00:00+01:00;17;9.320691
1900-07-24 23:00:00+01:00;16;9.236672
1900-07-25 00:00:00+01:00;14.8;9.563779
1900-07-25 01:00:00+01:00;14.6;9.463578
1900-07-25 02:00:00+01:00;14.4;9.288528
1900-07-25 03:00:00+01:00;13.6;9.135334
1900-07-25 04:00:00+01:00;13.4;8.894112
1900-07-25 05:00:00+01:00;13.2;8.855055
1900-07-25 06:00:00+01:00;14;8.88385
1900-07-25 07:00:00+01:00;15;8.960156
1900-07-25 08:00:00+01:00;16;8.913374
1900-07-25 09:00:00+01:00;15.6;8.878902
1900-07-25 10:00:00+01:00;16.5;9.025433
1900-07-25 11:00:00+01:00;18.8;9.385822
1900-07-25 12:00:00+01:00;19.6;9.595579
1900-07-25 13:00:00+01:00;19.4;9.788197
1900-07-25 14:00:00+01:00;19.9;10.006945
1900-07-25 15:00:00+01:00;20.1;10.131562
1900-07-25 16:00:00+01:00;21.2;10.150044
1900-07-25 17:00:00+01:00;20.8;10.013856
1900-07-25 18:00:00+01:00;20.3;9.890678
1900-07-25 19:00:00+01:00;20.4;9.687239
1900-07-25 20:00:00+01:00;17.9;9.546914
1900-07-25 21:00:00+01:00;16.9;9.429767
1900-07-25 22:00:00+01:00;15.8;9.320691
1900-07-25 23:00:00+01:00;16.3;9.236672
1900-07-26 00:00:00+01:00;17.3;9.563779
1900-07-26 01:00:00+01:00;17.2;9.463578
1900-07-26 02:00:00+01:00;16.4;9.288528
1900-07-26 03:00:00+01:00;16.1;9.135334
1900-07-26 04:00:00+01:00;15.6;8.894112
1900-07-26 05:00:00+01:00;15.9;8.855055
1900-07-26 06:00:00+01:00;16.9;8.88385
1900-07-26 07:00:00+01:00;18.8;8.960156
1900-07-26 08:00:00+01:00;19.9;8.913374
1900-07-26 09:00:00+01:00;20;8.878902
1900-07-26 10:00:00+01:00;20.5;9.025433
1900-07-26 11:00:00+01:00;20.6;9.385822
1900-07-26 12:00:00+01:00;21.7;9.595579
1900-07-26 13:00:00+01:00;21.8;9.788197
1900-07-26 14:00:00+01:00;22.5;10.006945
1900-07-26 15:00:00+01:00;23.3;10.131562
1900-07-26 16:00:00+01:00;23.5;10.150044
1900-07-26 17:00:00+01:00;23.6;10.013856
1900-07-26 18:00:00+01:00;22.5;9.890678
1900-07-26 19:00:00+01:00;21.4;9.687239
1900-07-26 20:00:00+01:00;19.4;9.546914
1900-07-26 21:00:00+01:00;16.5;9.429767
1900-07-26 22:00:00+01:00;14.5;9.320691
1900-07-26 23:00:00+01:00;13.7;9.236672
1900-07-27 00:00:00+01:00;12.6;9.563779
1900-07-27 01:00:00+01:00;12.3;9.463578
1900-07-27 02:00:00+01:00;12;9.288528
1900-07-27 03:00:00+01:00;11.4;9.135334
1900-07-27 04:00:00+01:00;10.6;8.894112
1900-07-27 05:00:00+01:00;11.9;8.855055
1900-07-27 06:00:00+01:00;13.7;8.88385
1900-07-27 07:00:00+01:00;16.6;8.960156
1900-07-27 08:00:00+01:00;17.5;8.913374
1900-07-27 09:00:00+01:00;19.2;8.878902
1900-07-27 10:00:00+01:00;21.6;9.025433
1900-07-27 11:00:00+01:00;22.6;9.385822
1900-07-27 12:00:00+01:00;24.5;9.595579
1900-07-27 13:00:00+01:00;25.5;9.788197
1900-07-27 14:00:00+01:00;26;10.006945
1900-07-27 15:00:00+01:00;26.3;10.131562
1900-07-27 16:00:00+01:00;25.2;10.150044
1900-07-27 17:00:00+01:00;24.9;10.013856
1900-07-27 18:00:00+01:00;24.2;9.890678
1900-07-27 19:00:00+01:00;22.2;9.687239
1900-07-27 20:00:00+01:00;20;9.546914
1900-07-27 21:00:00+01:00;18.7;9.429767
1900-07-27 22:00:00+01:00;17.4;9.320691
1900-07-27 23:00:00+01:00;16.7;9.236672
1900-07-28 00:00:00+01:00;15.4;9.563779
1900-07-28 01:00:00+01:00;14.7;9.463578
1900-07-28 02:00:00+01:00;14;9.288528
1900-07-28 03:00:00+01:00;13.4;9.135334
1900-07-28 04:00:00+01:00;13.2;8.894112
1900-07-28 05:00:00+01:00;14.9;8.855055
1900-07-28 06:00:00+01:00;16.5;8.88385
1900-07-28 07:00:00+01:00;17;8.960156
1900-07-28 08:00:00+01:00;19.4;8.913374
1900-07-28 09:00:00+01:00;20.4;8.878902
1900-07-28 10:00:00+01:00;22;9.025433
1900-07-28 11:00:00+01:00;23.7;9.385822
1900-07-28 12:00:00+01:00;25;9.595579
1900-07-28 13:00:00+01:00;25.1;9.788197
1900-07-28 14:00:00+01:00;26.4;10.006945
1900-07-28 15:00:00+01:00;26.5;10.131562
1900-07-28 16:00:00+01:00;26.2;10.150044
1900-07-28 17:00:00+01:00;25.4;10.013856
1900-07-28 18:00:00+01:00;24.5;9.890678
1900-07-28 19:00:00+01:00;21.8;9.687239
1900-07-28 20:00:00+01:00;19.8;9.546914
1900-07-28 21:00:00+01:00;18;9.429767
1900-07-28 22:00:00+01:00;17.3;9.320691
1900-07-28 23:00:00+01:00;16.7;9.236672
1900-07-29 00:00:00+01:00;15.7;9.563779
1900-07-29 01:00:00+01:00;15.8;9.463578
1900-07-29 02:00:00+01:00;15.7;9.288528
1900-07-29 03:00:00+01:00;17;9.135334
1900-07-29 04:00:00+01:00;17.2;8.894112
1900-07-29 05:00:00+01:00;17.7;8.855055
1900-07-29 06:00:00+01:00;17.6;8.88385
1900-07-29 07:00:00+01:00;18.1;8.960156
1900-07-29 08:00:00+01:00;18.8;8.913374
1900-07-29 09:00:00+01:00;20.1;8.878902
1900-07-29 10:00:00+01:00;21;9.025433
1900-07-29 11:00:00+01:00;21.2;9.385822
1900-07-29 12:00:00+01:00;22.3;9.595579
1900-07-29 13:00:00+01:00;23.4;9.788197
1900-07-29 14:00:00+01:00;24.8;10.006945
1900-07-29 15:00:00+01:00;25.8;10.131562
1900-07-29 16:00:00+01:00;25.5;10.150044
1900-07-29 17:00:00+01:00;25.7;10.013856
1900-07-29 18:00:00+01:00;26;9.890678
1900-07-29 19:00:00+01:00;24.7;9.687239
1900-07-29 20:00:00+01:00;22.3;9.546914
1900-07-29 21:00:00+01:00;20.4;9.429767
1900-07-29 22:00:00+01:00;18.5;9.320691
1900-07-29 23:00:00+01:00;16.9;9.236672
1900-07-30 00:00:00+01:00;16.2;9.64108
1900-07-30 01:00:00+01:00;15.4;9.385228
1900-07-30 02:00:00+01:00;15;9.321358
1900-07-30 03:00:00+01:00;14.6;9.303854
1900-07-30 04:00:00+01:00;14.5;9.54541
1900-07-30 05:00:00+01:00;14.9;10.363691
1900-07-30 06:00:00+01:00;17;13.5274489
1900-07-30 07:00:00+01:00;19;18.092298
1900-07-30 08:00:00+01:00;20;21.030319
1900-07-30 09:00:00+01:00;21.9;25.1765291
1900-07-30 10:00:00+01:00;23.2;28.42008596
1900-07-30 11:00:00+01:00;24.7;29.55170871
1900-07-30 12:00:00+01:00;26.5;30.8593777
1900-07-30 13:00:00+01:00;26.8;31.28868192
1900-07-30 14:00:00+01:00;27.2;31.45600908
1900-07-30 15:00:00+01:00;27.9;31.57685374
1900-07-30 16:00:00+01:00;27.3;28.5888794
1900-07-30 17:00:00+01:00;26.8;24.20998136
1900-07-30 18:00:00+01:00;25.8;19.800912
1900-07-30 19:00:00+01:00;23.6;18.402104
1900-07-30 20:00:00+01:00;21.4;16.13427
1900-07-30 21:00:00+01:00;19.5;13.5223135
1900-07-30 22:00:00+01:00;17.5;11.653114
1900-07-30 23:00:00+01:00;16.6;10.539138
1900-07-31 00:00:00+01:00;16;9.64108
1900-07-31 01:00:00+01:00;15.1;9.385228
1900-07-31 02:00:00+01:00;15.2;9.321358
1900-07-31 03:00:00+01:00;15.1;9.303854
1900-07-31 04:00:00+01:00;15.4;9.54541
1900-07-31 05:00:00+01:00;15.5;10.363691
1900-07-31 06:00:00+01:00;15.9;13.5274489
1900-07-31 07:00:00+01:00;16.6;18.092298
1900-07-31 08:00:00+01:00;17.4;21.030319
1900-07-31 09:00:00+01:00;19.4;24.3096316
1900-07-31 10:00:00+01:00;19.4;26.71560432
1900-07-31 11:00:00+01:00;20.1;27.34260793
1900-07-31 12:00:00+01:00;21.5;28.3881387
1900-07-31 13:00:00+01:00;22.1;28.83691799
1900-07-31 14:00:00+01:00;24.3;29.91903402
1900-07-31 15:00:00+01:00;24.6;29.86289776
1900-07-31 16:00:00+01:00;25;27.588384
1900-07-31 17:00:00+01:00;25.2;23.76148504
1900-07-31 18:00:00+01:00;23.7;19.800912
1900-07-31 19:00:00+01:00;22.9;18.402104
1900-07-31 20:00:00+01:00;20.6;16.13427
1900-07-31 21:00:00+01:00;20;13.5223135
1900-07-31 22:00:00+01:00;18.9;11.653114
1900-07-31 23:00:00+01:00;17.6;10.539138
1900-08-01 00:00:00+01:00;17.4;9.64108
1900-08-01 01:00:00+01:00;16.7;9.385228
1900-08-01 02:00:00+01:00;16.2;9.321358
1900-08-01 03:00:00+01:00;14.5;9.303854
1900-08-01 04:00:00+01:00;15.9;9.54541
1900-08-01 05:00:00+01:00;16.1;10.363691
1900-08-01 06:00:00+01:00;16.3;13.5274489
1900-08-01 07:00:00+01:00;17.5;18.092298
1900-08-01 08:00:00+01:00;18.9;21.030319
1900-08-01 09:00:00+01:00;21;24.864446
1900-08-01 10:00:00+01:00;22.3;28.01639294
1900-08-01 11:00:00+01:00;23.1;28.78332583
1900-08-01 12:00:00+01:00;24.5;29.8708821
1900-08-01 13:00:00+01:00;25.2;30.45403888
1900-08-01 14:00:00+01:00;23.8;29.65403832
1900-08-01 15:00:00+01:00;24.7;29.91483582
1900-08-01 16:00:00+01:00;25.8;27.9363824
1900-08-01 17:00:00+01:00;23.4;23.25692668
1900-08-01 18:00:00+01:00;21.8;19.800912
1900-08-01 19:00:00+01:00;22;18.402104
1900-08-01 20:00:00+01:00;20.2;16.13427
1900-08-01 21:00:00+01:00;19.3;13.5223135
1900-08-01 22:00:00+01:00;18.7;11.653114
1900-08-01 23:00:00+01:00;17.9;10.539138
1900-08-02 00:00:00+01:00;17.9;9.64108
1900-08-02 01:00:00+01:00;16.2;9.385228
1900-08-02 02:00:00+01:00;15.8;9.321358
1900-08-02 03:00:00+01:00;15.4;9.303854
1900-08-02 04:00:00+01:00;18.7;9.54541
1900-08-02 05:00:00+01:00;16.6;10.363691
1900-08-02 06:00:00+01:00;16.5;13.5274489
1900-08-02 07:00:00+01:00;16.6;18.092298
1900-08-02 08:00:00+01:00;16.7;21.030319
1900-08-02 09:00:00+01:00;17.8;23.7548172
1900-08-02 10:00:00+01:00;20.6;27.25386168
1900-08-02 11:00:00+01:00;22.4;28.44715832
1900-08-02 12:00:00+01:00;21.5;28.3881387
1900-08-02 13:00:00+01:00;21.4;28.47176166
1900-08-02 14:00:00+01:00;21.7;28.54105638
1900-08-02 15:00:00+01:00;26;30.5900306
1900-08-02 16:00:00+01:00;23.5;26.935887
1900-08-02 17:00:00+01:00;22.5;23.0046475
1900-08-02 18:00:00+01:00;21;19.800912
1900-08-02 19:00:00+01:00;20.2;18.402104
1900-08-02 20:00:00+01:00;19.7;16.13427
1900-08-02 21:00:00+01:00;18.2;13.5223135
1900-08-02 22:00:00+01:00;18.3;11.653114
1900-08-02 23:00:00+01:00;18.1;10.539138
1900-08-03 00:00:00+01:00;17.9;9.64108
1900-08-03 01:00:00+01:00;17.9;9.385228
1900-08-03 02:00:00+01:00;17.4;9.321358
1900-08-03 03:00:00+01:00;17.3;9.303854
1900-08-03 04:00:00+01:00;17;9.54541
1900-08-03 05:00:00+01:00;17.5;10.363691
1900-08-03 06:00:00+01:00;17.4;13.5274489
1900-08-03 07:00:00+01:00;18;18.092298
1900-08-03 08:00:00+01:00;19.2;21.030319
1900-08-03 09:00:00+01:00;21.1;24.8991219
1900-08-03 10:00:00+01:00;21.2;27.52299036
1900-08-03 11:00:00+01:00;24;29.2155412
1900-08-03 12:00:00+01:00;25.4;30.31570512
1900-08-03 13:00:00+01:00;26.9;31.34084711
1900-08-03 14:00:00+01:00;26.3;30.97901682
1900-08-03 15:00:00+01:00;25;30.07065
1900-08-03 16:00:00+01:00;24.3;27.2838854
1900-08-03 17:00:00+01:00;23.7;23.34101974
1900-08-03 18:00:00+01:00;23.2;19.800912
1900-08-03 19:00:00+01:00;20.6;18.402104
1900-08-03 20:00:00+01:00;19.7;16.13427
1900-08-03 21:00:00+01:00;18.6;13.5223135
1900-08-03 22:00:00+01:00;18.6;11.653114
1900-08-03 23:00:00+01:00;18;10.539138
1900-08-04 00:00:00+01:00;17.2;10.010882
1900-08-04 01:00:00+01:00;17;9.713938
1900-08-04 02:00:00+01:00;16.7;9.568476
1900-08-04 03:00:00+01:00;16.9;9.283135
1900-08-04 04:00:00+01:00;16.8;9.150213
1900-08-04 05:00:00+01:00;16.4;9.247971
1900-08-04 06:00:00+01:00;17;9.714335
1900-08-04 07:00:00+01:00;18;10.416313
1900-08-04 08:00:00+01:00;18.2;12.5900159
1900-08-04 09:00:00+01:00;18.9;15.882276
1900-08-04 10:00:00+01:00;21.5;18.363592
1900-08-04 11:00:00+01:00;21.2;19.002148
1900-08-04 12:00:00+01:00;20.5;19.313076
1900-08-04 13:00:00+01:00;16.6;19.429464
1900-08-04 14:00:00+01:00;16.8;18.779088
1900-08-04 15:00:00+01:00;18.4;17.831505
1900-08-04 16:00:00+01:00;18.3;16.999584
1900-08-04 17:00:00+01:00;20.1;16.250017
1900-08-04 18:00:00+01:00;19.2;14.638337
1900-08-04 19:00:00+01:00;17.9;12.8257983
1900-08-04 20:00:00+01:00;17;11.497931
1900-08-04 21:00:00+01:00;16.4;10.624333
1900-08-04 22:00:00+01:00;15;10.151469
1900-08-04 23:00:00+01:00;13.5;9.831164
1900-08-05 00:00:00+01:00;14;10.010882
1900-08-05 01:00:00+01:00;13.5;9.713938
1900-08-05 02:00:00+01:00;13.5;9.568476
1900-08-05 03:00:00+01:00;12.6;9.283135
1900-08-05 04:00:00+01:00;11.1;9.150213
1900-08-05 05:00:00+01:00;11.5;9.247971
1900-08-05 06:00:00+01:00;13.6;9.714335
1900-08-05 07:00:00+01:00;14.8;10.416313
1900-08-05 08:00:00+01:00;16.4;12.5900159
1900-08-05 09:00:00+01:00;15.9;15.882276
1900-08-05 10:00:00+01:00;13.3;18.363592
1900-08-05 11:00:00+01:00;13.8;19.002148
1900-08-05 12:00:00+01:00;14;19.313076
1900-08-05 13:00:00+01:00;13.8;19.429464
1900-08-05 14:00:00+01:00;13.2;18.779088
1900-08-05 15:00:00+01:00;13.6;17.831505
1900-08-05 16:00:00+01:00;16.2;16.999584
1900-08-05 17:00:00+01:00;17.7;16.250017
1900-08-05 18:00:00+01:00;17.8;14.638337
1900-08-05 19:00:00+01:00;17.2;12.8257983
1900-08-05 20:00:00+01:00;16;11.497931
1900-08-05 21:00:00+01:00;15.7;10.624333
1900-08-05 22:00:00+01:00;15.3;10.151469
1900-08-05 23:00:00+01:00;14.6;9.831164
1900-08-06 00:00:00+01:00;14.5;9.64108
1900-08-06 01:00:00+01:00;13.8;9.385228
1900-08-06 02:00:00+01:00;12.3;9.321358
1900-08-06 03:00:00+01:00;11.7;9.303854
1900-08-06 04:00:00+01:00;12;9.54541
1900-08-06 05:00:00+01:00;12.9;10.363691
1900-08-06 06:00:00+01:00;12.4;13.5274489
1900-08-06 07:00:00+01:00;14;18.092298
1900-08-06 08:00:00+01:00;14.3;21.030319
1900-08-06 09:00:00+01:00;12.9;23.05201
1900-08-06 10:00:00+01:00;12.4;24.84882
1900-08-06 11:00:00+01:00;11.3;25.05221
1900-08-06 12:00:00+01:00;12.5;25.15671
1900-08-06 13:00:00+01:00;13.7;25.11921
1900-08-06 14:00:00+01:00;14.5;24.97428
1900-08-06 15:00:00+01:00;17.2;26.01948132
1900-08-06 16:00:00+01:00;17.8;24.4563984
1900-08-06 17:00:00+01:00;18.4;21.85537568
1900-08-06 18:00:00+01:00;18.1;19.800912
1900-08-06 19:00:00+01:00;18.1;18.402104
1900-08-06 20:00:00+01:00;17.6;16.13427
1900-08-06 21:00:00+01:00;18;13.5223135
1900-08-06 22:00:00+01:00;18;11.653114
1900-08-06 23:00:00+01:00;17.6;10.539138
1900-08-07 00:00:00+01:00;16.9;9.64108
1900-08-07 01:00:00+01:00;16.4;9.385228
1900-08-07 02:00:00+01:00;16.2;9.321358
1900-08-07 03:00:00+01:00;15.6;9.303854
1900-08-07 04:00:00+01:00;14.8;9.54541
1900-08-07 05:00:00+01:00;14.6;10.363691
1900-08-07 06:00:00+01:00;14.9;13.5274489
1900-08-07 07:00:00+01:00;16;18.092298
1900-08-07 08:00:00+01:00;16.2;21.030319
1900-08-07 09:00:00+01:00;17;23.47741
1900-08-07 10:00:00+01:00;17.4;25.81850872
1900-08-07 11:00:00+01:00;18.4;26.52620112
1900-08-07 12:00:00+01:00;18.5;26.9053953
1900-08-07 13:00:00+01:00;18.4;26.90680596
1900-08-07 14:00:00+01:00;19.1;27.16307874
1900-08-07 15:00:00+01:00;19;26.9543664
1900-08-07 16:00:00+01:00;19.1;25.0218958
1900-08-07 17:00:00+01:00;18.4;21.85537568
1900-08-07 18:00:00+01:00;17.7;19.800912
1900-08-07 19:00:00+01:00;15.8;18.402104
1900-08-07 20:00:00+01:00;15.8;16.13427
1900-08-07 21:00:00+01:00;14.7;13.5223135
1900-08-07 22:00:00+01:00;13.6;11.653114
1900-08-07 23:00:00+01:00;12.3;10.539138
1900-08-08 00:00:00+01:00;12.1;9.64108
1900-08-08 01:00:00+01:00;12.4;9.385228
1900-08-08 02:00:00+01:00;12;9.321358
1900-08-08 03:00:00+01:00;11.5;9.303854
1900-08-08 04:00:00+01:00;11.3;9.54541
1900-08-08 05:00:00+01:00;12.6;10.363691
1900-08-08 06:00:00+01:00;13;13.5274489
1900-08-08 07:00:00+01:00;13.7;18.092298
1900-08-08 08:00:00+01:00;14.6;21.030319
1900-08-08 09:00:00+01:00;17.8;23.7548172
1900-08-08 10:00:00+01:00;19.5;26.7604591
1900-08-08 11:00:00+01:00;21.1;27.82284723
1900-08-08 12:00:00+01:00;21.6;28.43756348
1900-08-08 13:00:00+01:00;22.7;29.14990913
1900-08-08 14:00:00+01:00;22.1;28.75305294
1900-08-08 15:00:00+01:00;22;28.5125082
1900-08-08 16:00:00+01:00;20;25.413394
1900-08-08 17:00:00+01:00;19.8;22.24780996
1900-08-08 18:00:00+01:00;18.8;19.800912
1900-08-08 19:00:00+01:00;16.6;18.402104
1900-08-08 20:00:00+01:00;15.2;16.13427
1900-08-08 21:00:00+01:00;14.4;13.5223135
1900-08-08 22:00:00+01:00;13.1;11.653114
1900-08-08 23:00:00+01:00;12.6;10.539138
1900-08-09 00:00:00+01:00;11.2;9.64108
1900-08-09 01:00:00+01:00;11.1;9.385228
1900-08-09 02:00:00+01:00;10.6;9.321358
1900-08-09 03:00:00+01:00;10;9.303854
1900-08-09 04:00:00+01:00;9.1;9.54541
1900-08-09 05:00:00+01:00;10.7;10.363691
1900-08-09 06:00:00+01:00;12.7;13.5274489
1900-08-09 07:00:00+01:00;14;18.092298
1900-08-09 08:00:00+01:00;15.2;21.030319
1900-08-09 09:00:00+01:00;16.6;23.3387064
1900-08-09 10:00:00+01:00;17.2;25.72879916
1900-08-09 11:00:00+01:00;18.9;26.76632077
1900-08-09 12:00:00+01:00;19.3;27.30079354
1900-08-09 13:00:00+01:00;17.6;26.48948444
1900-08-09 14:00:00+01:00;20;27.640071
1900-08-09 15:00:00+01:00;18.5;26.6946761
1900-08-09 16:00:00+01:00;18.6;24.8043968
1900-08-09 17:00:00+01:00;17.2;21.51900344
1900-08-09 18:00:00+01:00;16.8;19.800912
1900-08-09 19:00:00+01:00;16.4;18.402104
1900-08-09 20:00:00+01:00;15.8;16.13427
1900-08-09 21:00:00+01:00;16.1;13.5223135
1900-08-09 22:00:00+01:00;15;11.653114
1900-08-09 23:00:00+01:00;14.9;10.539138
1900-08-10 00:00:00+01:00;14.7;9.64108
1900-08-10 01:00:00+01:00;14.3;9.385228
1900-08-10 02:00:00+01:00;14.3;9.321358
1900-08-10 03:00:00+01:00;14.3;9.303854
1900-08-10 04:00:00+01:00;15.4;9.54541
1900-08-10 05:00:00+01:00;16;10.363691
1900-08-10 06:00:00+01:00;16.4;13.5274489
1900-08-10 07:00:00+01:00;17;18.092298
1900-08-10 08:00:00+01:00;18.8;21.030319
1900-08-10 09:00:00+01:00;16.9;23.4427341
1900-08-10 10:00:00+01:00;18.1;26.13249218
1900-08-10 11:00:00+01:00;19.5;27.05446435
1900-08-10 12:00:00+01:00;20.2;27.74561656
1900-08-10 13:00:00+01:00;20.3;27.89794457
1900-08-10 14:00:00+01:00;20.4;27.85206756
1900-08-10 15:00:00+01:00;20.6;27.78537536
1900-08-10 16:00:00+01:00;20.9;25.8048922
1900-08-10 17:00:00+01:00;22.8;23.08874056
1900-08-10 18:00:00+01:00;21.4;19.800912
1900-08-10 19:00:00+01:00;20.1;18.402104
1900-08-10 20:00:00+01:00;18.2;16.13427
1900-08-10 21:00:00+01:00;16.8;13.5223135
1900-08-10 22:00:00+01:00;15.4;11.653114
1900-08-10 23:00:00+01:00;14.2;10.539138
1900-08-11 00:00:00+01:00;12.5;10.010882
1900-08-11 01:00:00+01:00;11.9;9.713938
1900-08-11 02:00:00+01:00;11.8;9.568476
1900-08-11 03:00:00+01:00;10.6;9.283135
1900-08-11 04:00:00+01:00;10.4;9.150213
1900-08-11 05:00:00+01:00;11.7;9.247971
1900-08-11 06:00:00+01:00;15.4;9.714335
1900-08-11 07:00:00+01:00;17.1;10.416313
1900-08-11 08:00:00+01:00;17.3;12.5900159
1900-08-11 09:00:00+01:00;19.4;15.882276
1900-08-11 10:00:00+01:00;22.1;18.363592
1900-08-11 11:00:00+01:00;21.6;19.002148
1900-08-11 12:00:00+01:00;22;19.313076
1900-08-11 13:00:00+01:00;22.5;19.429464
1900-08-11 14:00:00+01:00;22.2;18.779088
1900-08-11 15:00:00+01:00;23.6;17.831505
1900-08-11 16:00:00+01:00;24.6;16.999584
1900-08-11 17:00:00+01:00;23.8;16.250017
1900-08-11 18:00:00+01:00;23;14.638337
1900-08-11 19:00:00+01:00;19.2;12.8257983
1900-08-11 20:00:00+01:00;17.4;11.497931
1900-08-11 21:00:00+01:00;15.4;10.624333
1900-08-11 22:00:00+01:00;14.2;10.151469
1900-08-11 23:00:00+01:00;13.4;9.831164
1900-08-12 00:00:00+01:00;13.9;10.010882
1900-08-12 01:00:00+01:00;12.3;9.713938
1900-08-12 02:00:00+01:00;13;9.568476
1900-08-12 03:00:00+01:00;12;9.283135
1900-08-12 04:00:00+01:00;11.5;9.150213
1900-08-12 05:00:00+01:00;13.4;9.247971
1900-08-12 06:00:00+01:00;15.7;9.714335
1900-08-12 07:00:00+01:00;17.5;10.416313
1900-08-12 08:00:00+01:00;17.4;12.5900159
1900-08-12 09:00:00+01:00;17.8;15.882276
1900-08-12 10:00:00+01:00;17.9;18.363592
1900-08-12 11:00:00+01:00;20;19.002148
1900-08-12 12:00:00+01:00;21.5;19.313076
1900-08-12 13:00:00+01:00;22.6;19.429464
1900-08-12 14:00:00+01:00;23.3;18.779088
1900-08-12 15:00:00+01:00;23.3;17.831505
1900-08-12 16:00:00+01:00;24.2;16.999584
1900-08-12 17:00:00+01:00;24.9;16.250017
1900-08-12 18:00:00+01:00;24.1;14.638337
1900-08-12 19:00:00+01:00;20.3;12.8257983
1900-08-12 20:00:00+01:00;19.1;11.497931
1900-08-12 21:00:00+01:00;17.4;10.624333
1900-08-12 22:00:00+01:00;16;10.151469
1900-08-12 23:00:00+01:00;13.8;9.831164
1900-08-13 00:00:00+01:00;12.9;9.64108
1900-08-13 01:00:00+01:00;11.6;9.385228
1900-08-13 02:00:00+01:00;11.2;9.321358
1900-08-13 03:00:00+01:00;10;9.303854
1900-08-13 04:00:00+01:00;10.2;9.54541
1900-08-13 05:00:00+01:00;11.7;10.363691
1900-08-13 06:00:00+01:00;14.2;13.5274489
1900-08-13 07:00:00+01:00;16;18.092298
1900-08-13 08:00:00+01:00;18.9;21.030319
1900-08-13 09:00:00+01:00;19.9;24.4830111
1900-08-13 10:00:00+01:00;21.9;27.83697382
1900-08-13 11:00:00+01:00;24.2;29.31158906
1900-08-13 12:00:00+01:00;25.5;30.3651299
1900-08-13 13:00:00+01:00;27;31.3930123
1900-08-13 14:00:00+01:00;27.9;31.82700306
1900-08-13 15:00:00+01:00;29.4;32.35592464
1900-08-13 16:00:00+01:00;28.4;29.0673772
1900-08-13 17:00:00+01:00;26;23.9857332
1900-08-13 18:00:00+01:00;24.4;19.800912
1900-08-13 19:00:00+01:00;21.3;18.402104
1900-08-13 20:00:00+01:00;19;16.13427
1900-08-13 21:00:00+01:00;16.5;13.5223135
1900-08-13 22:00:00+01:00;15;11.653114
1900-08-13 23:00:00+01:00;14;10.539138
1900-08-14 00:00:00+01:00;12.6;9.64108
1900-08-14 01:00:00+01:00;12.2;9.385228
1900-08-14 02:00:00+01:00;12;9.321358
1900-08-14 03:00:00+01:00;11.6;9.303854
1900-08-14 04:00:00+01:00;13;9.54541
1900-08-14 05:00:00+01:00;13.5;10.363691
1900-08-14 06:00:00+01:00;13.7;13.5274489
1900-08-14 07:00:00+01:00;13.9;18.092298
1900-08-14 08:00:00+01:00;14.7;21.030319
1900-08-14 09:00:00+01:00;16;23.130651
1900-08-14 10:00:00+01:00;18.8;26.44647564
1900-08-14 11:00:00+01:00;21.4;27.96691902
1900-08-14 12:00:00+01:00;23.4;29.32720952
1900-08-14 13:00:00+01:00;25.5;30.61053445
1900-08-14 14:00:00+01:00;28.1;31.93300134
1900-08-14 15:00:00+01:00;31.4;33.39468584
1900-08-14 16:00:00+01:00;27.5;28.675879
1900-08-14 17:00:00+01:00;26.1;24.01376422
1900-08-14 18:00:00+01:00;24.8;19.800912
1900-08-14 19:00:00+01:00;20.5;18.402104
1900-08-14 20:00:00+01:00;19.5;16.13427
1900-08-14 21:00:00+01:00;16.9;13.5223135
1900-08-14 22:00:00+01:00;15.5;11.653114
1900-08-14 23:00:00+01:00;14.1;10.539138
1900-08-15 00:00:00+01:00;14.9;9.64108
1900-08-15 01:00:00+01:00;13.6;9.385228
1900-08-15 02:00:00+01:00;12.8;9.321358
1900-08-15 03:00:00+01:00;12.5;9.303854
1900-08-15 04:00:00+01:00;13;9.54541
1900-08-15 05:00:00+01:00;13;10.363691
1900-08-15 06:00:00+01:00;15;13.5274489
1900-08-15 07:00:00+01:00;17.3;18.092298
1900-08-15 08:00:00+01:00;18.4;21.030319
1900-08-15 09:00:00+01:00;19.2;24.2402798
1900-08-15 10:00:00+01:00;21;27.4332808
1900-08-15 11:00:00+01:00;23.1;28.78332583
1900-08-15 12:00:00+01:00;25.6;30.41455468
1900-08-15 13:00:00+01:00;31;33.4796199
1900-08-15 14:00:00+01:00;29.8;32.83398672
1900-08-15 15:00:00+01:00;28.7;31.99235822
1900-08-15 16:00:00+01:00;29;29.328376
1900-08-15 17:00:00+01:00;27.2;24.32210544
1900-08-15 18:00:00+01:00;25;19.800912
1900-08-15 19:00:00+01:00;21.9;18.402104
1900-08-15 20:00:00+01:00;19.6;16.13427
1900-08-15 21:00:00+01:00;17.5;13.5223135
1900-08-15 22:00:00+01:00;16;11.653114
1900-08-15 23:00:00+01:00;15;10.539138
1900-08-16 00:00:00+01:00;14.4;9.64108
1900-08-16 01:00:00+01:00;13.7;9.385228
1900-08-16 02:00:00+01:00;13.3;9.321358
1900-08-16 03:00:00+01:00;13;9.303854
1900-08-16 04:00:00+01:00;12.8;9.54541
1900-08-16 05:00:00+01:00;13.2;10.363691
1900-08-16 06:00:00+01:00;16;13.5274489
1900-08-16 07:00:00+01:00;19.8;18.092298
1900-08-16 08:00:00+01:00;20;21.030319
1900-08-16 09:00:00+01:00;21.3;24.9684737
1900-08-16 10:00:00+01:00;22.9;28.28552162
1900-08-16 11:00:00+01:00;24.7;29.55170871
1900-08-16 12:00:00+01:00;26.5;30.8593777
1900-08-16 13:00:00+01:00;30.2;33.06229838
1900-08-16 14:00:00+01:00;32.6;34.31796264
1900-08-16 15:00:00+01:00;32;33.7063142
1900-08-16 16:00:00+01:00;27.7;28.7628786
1900-08-16 17:00:00+01:00;26.4;24.09785728
1900-08-16 18:00:00+01:00;25.1;19.800912
1900-08-16 19:00:00+01:00;21.1;18.402104
1900-08-16 20:00:00+01:00;19.1;16.13427
1900-08-16 21:00:00+01:00;17.4;13.5223135
1900-08-16 22:00:00+01:00;17;11.653114
1900-08-16 23:00:00+01:00;16.5;10.539138
1900-08-17 00:00:00+01:00;15.7;9.64108
1900-08-17 01:00:00+01:00;14.1;9.385228
1900-08-17 02:00:00+01:00;13.8;9.321358
1900-08-17 03:00:00+01:00;13.3;9.303854
1900-08-17 04:00:00+01:00;13.1;9.54541
1900-08-17 05:00:00+01:00;14;10.363691
1900-08-17 06:00:00+01:00;16;13.5274489
1900-08-17 07:00:00+01:00;17.6;18.092298
1900-08-17 08:00:00+01:00;19.4;21.030319
1900-08-17 09:00:00+01:00;20.8;24.7950942
1900-08-17 10:00:00+01:00;23.6;28.59950508
1900-08-17 11:00:00+01:00;25.7;30.03194801
1900-08-17 12:00:00+01:00;27.3;31.25477594
1900-08-17 13:00:00+01:00;28.3;32.07115977
1900-08-17 14:00:00+01:00;26.7;31.19101338
1900-08-17 15:00:00+01:00;25.3;30.22646418
1900-08-17 16:00:00+01:00;25.3;27.7188834
1900-08-17 17:00:00+01:00;22.8;23.08874056
1900-08-17 18:00:00+01:00;21.8;19.800912
1900-08-17 19:00:00+01:00;21;18.402104
1900-08-17 20:00:00+01:00;20;16.13427
1900-08-17 21:00:00+01:00;19.8;13.5223135
1900-08-17 22:00:00+01:00;19.5;11.653114
1900-08-17 23:00:00+01:00;19;10.539138
1900-08-18 00:00:00+01:00;18.3;10.010882
1900-08-18 01:00:00+01:00;18.2;9.713938
1900-08-18 02:00:00+01:00;18;9.568476
1900-08-18 03:00:00+01:00;15.7;9.283135
1900-08-18 04:00:00+01:00;14.5;9.150213
1900-08-18 05:00:00+01:00;14.9;9.247971
1900-08-18 06:00:00+01:00;15.6;9.714335
1900-08-18 07:00:00+01:00;17;10.416313
1900-08-18 08:00:00+01:00;19;12.5900159
1900-08-18 09:00:00+01:00;20.2;15.882276
1900-08-18 10:00:00+01:00;22.2;18.363592
1900-08-18 11:00:00+01:00;24.6;19.002148
1900-08-18 12:00:00+01:00;24.9;19.313076
1900-08-18 13:00:00+01:00;24;19.429464
1900-08-18 14:00:00+01:00;26.2;18.779088
1900-08-18 15:00:00+01:00;24.1;17.831505
1900-08-18 16:00:00+01:00;23.9;16.999584
1900-08-18 17:00:00+01:00;23;16.250017
1900-08-18 18:00:00+01:00;22.4;14.638337
1900-08-18 19:00:00+01:00;20;12.8257983
1900-08-18 20:00:00+01:00;18.6;11.497931
1900-08-18 21:00:00+01:00;17.4;10.624333
1900-08-18 22:00:00+01:00;15.9;10.151469
1900-08-18 23:00:00+01:00;16;9.831164
1900-08-19 00:00:00+01:00;15.8;10.010882
1900-08-19 01:00:00+01:00;15.2;9.713938
1900-08-19 02:00:00+01:00;14.4;9.568476
1900-08-19 03:00:00+01:00;14.4;9.283135
1900-08-19 04:00:00+01:00;13.8;9.150213
1900-08-19 05:00:00+01:00;13.5;9.247971
1900-08-19 06:00:00+01:00;14.2;9.714335
1900-08-19 07:00:00+01:00;15.8;10.416313
1900-08-19 08:00:00+01:00;17;12.5900159
1900-08-19 09:00:00+01:00;20.1;15.882276
1900-08-19 10:00:00+01:00;19.4;18.363592
1900-08-19 11:00:00+01:00;20.5;19.002148
1900-08-19 12:00:00+01:00;21.7;19.313076
1900-08-19 13:00:00+01:00;22.4;19.429464
1900-08-19 14:00:00+01:00;23.9;18.779088
1900-08-19 15:00:00+01:00;20.7;17.831505
1900-08-19 16:00:00+01:00;20.4;16.999584
1900-08-19 17:00:00+01:00;19.9;16.250017
1900-08-19 18:00:00+01:00;19;14.638337
1900-08-19 19:00:00+01:00;16.4;12.8257983
1900-08-19 20:00:00+01:00;15.3;11.497931
1900-08-19 21:00:00+01:00;14.1;10.624333
1900-08-19 22:00:00+01:00;12.8;10.151469
1900-08-19 23:00:00+01:00;12.5;9.831164
1900-08-20 00:00:00+01:00;11.4;9.64108
1900-08-20 01:00:00+01:00;10.5;9.385228
1900-08-20 02:00:00+01:00;10.5;9.321358
1900-08-20 03:00:00+01:00;9.6;9.303854
1900-08-20 04:00:00+01:00;8.9;9.54541
1900-08-20 05:00:00+01:00;10;10.363691
1900-08-20 06:00:00+01:00;13.9;13.5274489
1900-08-20 07:00:00+01:00;14.7;18.092298
1900-08-20 08:00:00+01:00;15.3;21.030319
1900-08-20 09:00:00+01:00;16.3;23.2346787
1900-08-20 10:00:00+01:00;17.2;25.72879916
1900-08-20 11:00:00+01:00;18.5;26.57422505
1900-08-20 12:00:00+01:00;20;27.646767
1900-08-20 13:00:00+01:00;19.3;27.37629267
1900-08-20 14:00:00+01:00;18;26.5800882
1900-08-20 15:00:00+01:00;18.3;26.59079998
1900-08-20 16:00:00+01:00;17.2;24.1953996
1900-08-20 17:00:00+01:00;18.3;21.82734466
1900-08-20 18:00:00+01:00;16.5;19.800912
1900-08-20 19:00:00+01:00;12.8;18.402104
1900-08-20 20:00:00+01:00;12.7;16.13427
1900-08-20 21:00:00+01:00;12.8;13.5223135
1900-08-20 22:00:00+01:00;12.4;11.653114
1900-08-20 23:00:00+01:00;11.6;10.539138
1900-08-21 00:00:00+01:00;11;9.64108
1900-08-21 01:00:00+01:00;11.2;9.385228
1900-08-21 02:00:00+01:00;10.8;9.321358
1900-08-21 03:00:00+01:00;11.4;9.303854
1900-08-21 04:00:00+01:00;12;9.54541
1900-08-21 05:00:00+01:00;10.9;10.363691
1900-08-21 06:00:00+01:00;11.9;13.5274489
1900-08-21 07:00:00+01:00;14;18.092298
1900-08-21 08:00:00+01:00;14.5;21.030319
1900-08-21 09:00:00+01:00;15.5;23.05201
1900-08-21 10:00:00+01:00;16.5;25.4148157
1900-08-21 11:00:00+01:00;16.8;25.75781824
1900-08-21 12:00:00+01:00;16.7;26.01574926
1900-08-21 13:00:00+01:00;15.6;25.44618064
1900-08-21 14:00:00+01:00;16.2;25.62610368
1900-08-21 15:00:00+01:00;18.8;26.85049028
1900-08-21 16:00:00+01:00;17.9;24.4998982
1900-08-21 17:00:00+01:00;17.1;21.49097242
1900-08-21 18:00:00+01:00;15.5;19.800912
1900-08-21 19:00:00+01:00;13;18.402104
1900-08-21 20:00:00+01:00;12;16.13427
1900-08-21 21:00:00+01:00;10.7;13.5223135
1900-08-21 22:00:00+01:00;10.3;11.653114
1900-08-21 23:00:00+01:00;9.5;10.539138
1900-08-22 00:00:00+01:00;8.3;9.64108
1900-08-22 01:00:00+01:00;7.5;9.385228
1900-08-22 02:00:00+01:00;6.4;9.321358
1900-08-22 03:00:00+01:00;6;9.303854
1900-08-22 04:00:00+01:00;5.2;9.54541
1900-08-22 05:00:00+01:00;7.3;10.363691
1900-08-22 06:00:00+01:00;9.9;13.5274489
1900-08-22 07:00:00+01:00;11.5;18.092298
1900-08-22 08:00:00+01:00;12.9;21.030319
1900-08-22 09:00:00+01:00;14.1;23.05201
1900-08-22 10:00:00+01:00;15.5;24.84882
1900-08-22 11:00:00+01:00;15.7;25.22955501
1900-08-22 12:00:00+01:00;16.1;25.71920058
1900-08-22 13:00:00+01:00;18;26.6981452
1900-08-22 14:00:00+01:00;17.5;26.3150925
1900-08-22 15:00:00+01:00;18.5;26.6946761
1900-08-22 16:00:00+01:00;17.5;24.325899
1900-08-22 17:00:00+01:00;16.6;21.35081732
1900-08-22 18:00:00+01:00;15.6;19.800912
1900-08-22 19:00:00+01:00;15;18.402104
1900-08-22 20:00:00+01:00;12;16.13427
1900-08-22 21:00:00+01:00;11.7;13.5223135
1900-08-22 22:00:00+01:00;11.8;11.653114
1900-08-22 23:00:00+01:00;12.3;10.539138
1900-08-23 00:00:00+01:00;11;9.64108
1900-08-23 01:00:00+01:00;10.9;9.385228
1900-08-23 02:00:00+01:00;11;9.321358
1900-08-23 03:00:00+01:00;9.8;9.303854
1900-08-23 04:00:00+01:00;9.8;9.54541
1900-08-23 05:00:00+01:00;9.5;10.363691
1900-08-23 06:00:00+01:00;10.4;13.5274489
1900-08-23 07:00:00+01:00;12.2;18.092298
1900-08-23 08:00:00+01:00;14.3;21.030319
1900-08-23 09:00:00+01:00;15.2;23.05201
1900-08-23 10:00:00+01:00;16.6;25.45967048
1900-08-23 11:00:00+01:00;17.3;25.99793789
1900-08-23 12:00:00+01:00;19.6;27.44906788
1900-08-23 13:00:00+01:00;21;28.2631009
1900-08-23 14:00:00+01:00;20.6;27.95806584
1900-08-23 15:00:00+01:00;21;27.9931276
1900-08-23 16:00:00+01:00;20.1;25.4568938
1900-08-23 17:00:00+01:00;19.7;22.21977894
1900-08-23 18:00:00+01:00;18.6;19.800912
1900-08-23 19:00:00+01:00;17.7;18.402104
1900-08-23 20:00:00+01:00;15.3;16.13427
1900-08-23 21:00:00+01:00;13.7;13.5223135
1900-08-23 22:00:00+01:00;12.1;11.653114
1900-08-23 23:00:00+01:00;12.5;10.539138
1900-08-24 00:00:00+01:00;11.4;9.64108
1900-08-24 01:00:00+01:00;10.1;9.385228
1900-08-24 02:00:00+01:00;9.2;9.321358
1900-08-24 03:00:00+01:00;8.6;9.303854
1900-08-24 04:00:00+01:00;8;9.54541
1900-08-24 05:00:00+01:00;8.8;10.363691
1900-08-24 06:00:00+01:00;10.5;13.5274489
1900-08-24 07:00:00+01:00;12.5;18.092298
1900-08-24 08:00:00+01:00;14.8;21.030319
1900-08-24 09:00:00+01:00;16.7;23.3733823
1900-08-24 10:00:00+01:00;18.6;26.35676608
1900-08-24 11:00:00+01:00;19.6;27.10248828
1900-08-24 12:00:00+01:00;20.9;28.09159002
1900-08-24 13:00:00+01:00;22.6;29.09774394
1900-08-24 14:00:00+01:00;22;28.7000538
1900-08-24 15:00:00+01:00;22.3;28.66832238
1900-08-24 16:00:00+01:00;22.2;26.3703896
1900-08-24 17:00:00+01:00;19.4;22.13568588
1900-08-24 18:00:00+01:00;17.7;19.800912
1900-08-24 19:00:00+01:00;16.5;18.402104
1900-08-24 20:00:00+01:00;15.8;16.13427
1900-08-24 21:00:00+01:00;14.2;13.5223135
1900-08-24 22:00:00+01:00;13.2;11.653114
1900-08-24 23:00:00+01:00;12.1;10.539138
1900-08-25 00:00:00+01:00;11;10.010882
1900-08-25 01:00:00+01:00;9.8;9.713938
1900-08-25 02:00:00+01:00;9;9.568476
1900-08-25 03:00:00+01:00;8.4;9.283135
1900-08-25 04:00:00+01:00;8.9;9.150213
1900-08-25 05:00:00+01:00;8.2;9.247971
1900-08-25 06:00:00+01:00;9.7;9.714335
1900-08-25 07:00:00+01:00;11.2;10.416313
1900-08-25 08:00:00+01:00;12.6;12.5900159
1900-08-25 09:00:00+01:00;13.3;15.882276
1900-08-25 10:00:00+01:00;14.2;18.363592
1900-08-25 11:00:00+01:00;15.6;19.002148
1900-08-25 12:00:00+01:00;15.9;19.313076
1900-08-25 13:00:00+01:00;16.9;19.429464
1900-08-25 14:00:00+01:00;17.5;18.779088
1900-08-25 15:00:00+01:00;18.1;17.831505
1900-08-25 16:00:00+01:00;19.2;16.999584
1900-08-25 17:00:00+01:00;18.5;16.250017
1900-08-25 18:00:00+01:00;17;14.638337
1900-08-25 19:00:00+01:00;14;12.8257983
1900-08-25 20:00:00+01:00;12.6;11.497931
1900-08-25 21:00:00+01:00;10.2;10.624333
1900-08-25 22:00:00+01:00;9.6;10.151469
1900-08-25 23:00:00+01:00;9.3;9.831164
1900-08-26 00:00:00+01:00;9;10.010882
1900-08-26 01:00:00+01:00;8.5;9.713938
1900-08-26 02:00:00+01:00;7.9;9.568476
1900-08-26 03:00:00+01:00;7;9.283135
1900-08-26 04:00:00+01:00;7.6;9.150213
1900-08-26 05:00:00+01:00;6.9;9.247971
1900-08-26 06:00:00+01:00;9.4;9.714335
1900-08-26 07:00:00+01:00;12.2;10.416313
1900-08-26 08:00:00+01:00;13.6;12.5900159
1900-08-26 09:00:00+01:00;14.5;15.882276
1900-08-26 10:00:00+01:00;16.7;18.363592
1900-08-26 11:00:00+01:00;19.8;19.002148
1900-08-26 12:00:00+01:00;19.6;19.313076
1900-08-26 13:00:00+01:00;22.3;19.429464
1900-08-26 14:00:00+01:00;22.5;18.779088
1900-08-26 15:00:00+01:00;23;17.831505
1900-08-26 16:00:00+01:00;22.7;16.999584
1900-08-26 17:00:00+01:00;21.4;16.250017
1900-08-26 18:00:00+01:00;20.3;14.638337
1900-08-26 19:00:00+01:00;18.4;12.8257983
1900-08-26 20:00:00+01:00;16.8;11.497931
1900-08-26 21:00:00+01:00;16.5;10.624333
1900-08-26 22:00:00+01:00;16.1;10.151469
1900-08-26 23:00:00+01:00;15.9;9.831164
1900-08-27 00:00:00+01:00;15.4;9.64108
1900-08-27 01:00:00+01:00;15.4;9.385228
1900-08-27 02:00:00+01:00;15.4;9.321358
1900-08-27 03:00:00+01:00;15.5;9.303854
1900-08-27 04:00:00+01:00;15.6;9.54541
1900-08-27 05:00:00+01:00;15.1;10.363691
1900-08-27 06:00:00+01:00;14.6;13.5274489
1900-08-27 07:00:00+01:00;15.2;18.092298
1900-08-27 08:00:00+01:00;15.3;21.030319
1900-08-27 09:00:00+01:00;16.1;23.1653269
1900-08-27 10:00:00+01:00;17.6;25.90821828
1900-08-27 11:00:00+01:00;19.3;26.95841649
1900-08-27 12:00:00+01:00;20.9;28.09159002
1900-08-27 13:00:00+01:00;20.7;28.10660533
1900-08-27 14:00:00+01:00;20.8;28.06406412
1900-08-27 15:00:00+01:00;21.9;28.46057014
1900-08-27 16:00:00+01:00;21.3;25.9788914
1900-08-27 17:00:00+01:00;20.3;22.38796506
1900-08-27 18:00:00+01:00;19;19.800912
1900-08-27 19:00:00+01:00;16.7;18.402104
1900-08-27 20:00:00+01:00;15.8;16.13427
1900-08-27 21:00:00+01:00;15.1;13.5223135
1900-08-27 22:00:00+01:00;13.2;11.653114
1900-08-27 23:00:00+01:00;12.4;10.539138
1900-08-28 00:00:00+01:00;12.2;9.64108
1900-08-28 01:00:00+01:00;13.4;9.385228
1900-08-28 02:00:00+01:00;13.6;9.321358
1900-08-28 03:00:00+01:00;13.4;9.303854
1900-08-28 04:00:00+01:00;13.3;9.54541
1900-08-28 05:00:00+01:00;13.5;10.363691
1900-08-28 06:00:00+01:00;13.7;13.5274489
1900-08-28 07:00:00+01:00;14;18.092298
1900-08-28 08:00:00+01:00;14;21.030319
1900-08-28 09:00:00+01:00;14.4;23.05201
1900-08-28 10:00:00+01:00;15;24.84882
1900-08-28 11:00:00+01:00;16.4;25.56572252
1900-08-28 12:00:00+01:00;16.4;25.86747492
1900-08-28 13:00:00+01:00;18.2;26.80247558
1900-08-28 14:00:00+01:00;19.5;27.3750753
1900-08-28 15:00:00+01:00;21.6;28.30475596
1900-08-28 16:00:00+01:00;20.4;25.5873932
1900-08-28 17:00:00+01:00;19;22.0235618
1900-08-28 18:00:00+01:00;17.3;19.800912
1900-08-28 19:00:00+01:00;16.2;18.402104
1900-08-28 20:00:00+01:00;15.8;16.13427
1900-08-28 21:00:00+01:00;14.7;13.5223135
1900-08-28 22:00:00+01:00;14.8;11.653114
1900-08-28 23:00:00+01:00;14.1;10.539138
1900-08-29 00:00:00+01:00;14.6;9.64108
1900-08-29 01:00:00+01:00;14.4;9.385228
1900-08-29 02:00:00+01:00;14.6;9.321358
1900-08-29 03:00:00+01:00;14.4;9.303854
1900-08-29 04:00:00+01:00;14.3;9.54541
1900-08-29 05:00:00+01:00;14.4;10.363691
1900-08-29 06:00:00+01:00;14.8;13.5274489
1900-08-29 07:00:00+01:00;15;18.092298
1900-08-29 08:00:00+01:00;16;21.030319
1900-08-29 09:00:00+01:00;16.2;23.2000028
1900-08-29 10:00:00+01:00;18.8;26.44647564
1900-08-29 11:00:00+01:00;19.4;27.00644042
1900-08-29 12:00:00+01:00;20;27.646767
1900-08-29 13:00:00+01:00;20.4;27.95010976
1900-08-29 14:00:00+01:00;20.5;27.9050667
1900-08-29 15:00:00+01:00;19.9;27.42180894
1900-08-29 16:00:00+01:00;20.6;25.6743928
1900-08-29 17:00:00+01:00;19.4;22.13568588
1900-08-29 18:00:00+01:00;17.7;19.800912
1900-08-29 19:00:00+01:00;16.5;18.402104
1900-08-29 20:00:00+01:00;15.6;16.13427
1900-08-29 21:00:00+01:00;14.4;13.5223135
1900-08-29 22:00:00+01:00;14.2;11.653114
1900-08-29 23:00:00+01:00;15;10.539138
1900-08-30 00:00:00+01:00;14.7;9.64108
1900-08-30 01:00:00+01:00;14.6;9.385228
1900-08-30 02:00:00+01:00;15;9.321358
1900-08-30 03:00:00+01:00;15.1;9.303854
1900-08-30 04:00:00+01:00;14.7;9.54541
1900-08-30 05:00:00+01:00;14.8;10.363691
1900-08-30 06:00:00+01:00;15;13.5274489
1900-08-30 07:00:00+01:00;15.5;18.092298
1900-08-30 08:00:00+01:00;15.6;21.030319
1900-08-30 09:00:00+01:00;15.5;23.05201
1900-08-30 10:00:00+01:00;14.9;24.84882
1900-08-30 11:00:00+01:00;15;25.05221
1900-08-30 12:00:00+01:00;14.6;25.15671
1900-08-30 13:00:00+01:00;15.3;25.11921
1900-08-30 14:00:00+01:00;15.7;25.36110798
1900-08-30 15:00:00+01:00;15.1;24.81357
1900-08-30 16:00:00+01:00;15.3;23.41507
1900-08-30 17:00:00+01:00;15.2;21.288165
1900-08-30 18:00:00+01:00;15.2;19.800912
1900-08-30 19:00:00+01:00;15;18.402104
1900-08-30 20:00:00+01:00;14.8;16.13427
1900-08-30 21:00:00+01:00;14.5;13.5223135
1900-08-30 22:00:00+01:00;14.3;11.653114
1900-08-30 23:00:00+01:00;14.4;10.539138
1900-08-31 00:00:00+01:00;14.4;9.64108
1900-08-31 01:00:00+01:00;13.7;9.385228
1900-08-31 02:00:00+01:00;14;9.321358
1900-08-31 03:00:00+01:00;13.9;9.303854
1900-08-31 04:00:00+01:00;14;9.54541
1900-08-31 05:00:00+01:00;13.4;10.363691
1900-08-31 06:00:00+01:00;13;13.5274489
1900-08-31 07:00:00+01:00;13.1;18.092298
1900-08-31 08:00:00+01:00;13.4;21.030319
1900-08-31 09:00:00+01:00;13.9;23.05201
1900-08-31 10:00:00+01:00;14.6;24.84882
1900-08-31 11:00:00+01:00;16.3;25.51769859
1900-08-31 12:00:00+01:00;16.3;25.81805014
1900-08-31 13:00:00+01:00;17;26.1764933
1900-08-31 14:00:00+01:00;17.1;26.10309594
1900-08-31 15:00:00+01:00;18.9;26.90242834
1900-08-31 16:00:00+01:00;20;25.413394
1900-08-31 17:00:00+01:00;17;21.4629414
1900-08-31 18:00:00+01:00;16.9;19.800912
1900-08-31 19:00:00+01:00;15.6;18.402104
1900-08-31 20:00:00+01:00;14.8;16.13427
1900-08-31 21:00:00+01:00;13.5;13.5223135
1900-08-31 22:00:00+01:00;11.9;11.653114
1900-08-31 23:00:00+01:00;10.1;10.539138
1900-09-01 00:00:00+01:00;9.3;10.010882
1900-09-01 01:00:00+01:00;8.5;9.713938
1900-09-01 02:00:00+01:00;7.7;9.568476
1900-09-01 03:00:00+01:00;7.7;9.283135
1900-09-01 04:00:00+01:00;8.4;9.150213
1900-09-01 05:00:00+01:00;9;9.247971
1900-09-01 06:00:00+01:00;9.6;9.714335
1900-09-01 07:00:00+01:00;9.9;10.416313
1900-09-01 08:00:00+01:00;9.9;12.5900159
1900-09-01 09:00:00+01:00;10.2;15.882276
1900-09-01 10:00:00+01:00;12.4;18.363592
1900-09-01 11:00:00+01:00;13.2;19.002148
1900-09-01 12:00:00+01:00;15.3;19.313076
1900-09-01 13:00:00+01:00;16.1;19.429464
1900-09-01 14:00:00+01:00;17.2;18.779088
1900-09-01 15:00:00+01:00;16.2;17.831505
1900-09-01 16:00:00+01:00;16.9;16.999584
1900-09-01 17:00:00+01:00;15.7;16.250017
1900-09-01 18:00:00+01:00;15.2;14.638337
1900-09-01 19:00:00+01:00;15.1;12.8257983
1900-09-01 20:00:00+01:00;14.7;11.497931
1900-09-01 21:00:00+01:00;13.6;10.624333
1900-09-01 22:00:00+01:00;11.1;10.151469
1900-09-01 23:00:00+01:00;10.6;9.831164
1900-09-02 00:00:00+01:00;9.2;10.010882
1900-09-02 01:00:00+01:00;8.3;9.713938
1900-09-02 02:00:00+01:00;8.4;9.568476
1900-09-02 03:00:00+01:00;8;9.283135
1900-09-02 04:00:00+01:00;7.3;9.150213
1900-09-02 05:00:00+01:00;9.2;9.247971
1900-09-02 06:00:00+01:00;10.5;9.714335
1900-09-02 07:00:00+01:00;12.2;10.416313
1900-09-02 08:00:00+01:00;15.5;12.5900159
1900-09-02 09:00:00+01:00;16.5;15.882276
1900-09-02 10:00:00+01:00;18.2;18.363592
1900-09-02 11:00:00+01:00;19.4;19.002148
1900-09-02 12:00:00+01:00;19.6;19.313076
1900-09-02 13:00:00+01:00;19.3;19.429464
1900-09-02 14:00:00+01:00;21.6;18.779088
1900-09-02 15:00:00+01:00;20;17.831505
1900-09-02 16:00:00+01:00;20.8;16.999584
1900-09-02 17:00:00+01:00;20.1;16.250017
1900-09-02 18:00:00+01:00;18.3;14.638337
1900-09-02 19:00:00+01:00;15.3;12.8257983
1900-09-02 20:00:00+01:00;14.4;11.497931
1900-09-02 21:00:00+01:00;13.6;10.624333
1900-09-02 22:00:00+01:00;12;10.151469
1900-09-02 23:00:00+01:00;10.5;9.831164
1900-09-03 00:00:00+01:00;9.5;9.64108
1900-09-03 01:00:00+01:00;9.6;9.385228
1900-09-03 02:00:00+01:00;8.5;9.321358
1900-09-03 03:00:00+01:00;9;9.303854
1900-09-03 04:00:00+01:00;7.5;9.54541
1900-09-03 05:00:00+01:00;7.2;10.363691
1900-09-03 06:00:00+01:00;7.5;13.5274489
1900-09-03 07:00:00+01:00;10.7;18.092298
1900-09-03 08:00:00+01:00;14;21.030319
1900-09-03 09:00:00+01:00;16.5;23.3040305
1900-09-03 10:00:00+01:00;17.2;25.72879916
1900-09-03 11:00:00+01:00;18.2;26.43015326
1900-09-03 12:00:00+01:00;18.6;26.95482008
1900-09-03 13:00:00+01:00;18.7;27.06330153
1900-09-03 14:00:00+01:00;22.1;28.75305294
1900-09-03 15:00:00+01:00;18.8;26.85049028
1900-09-03 16:00:00+01:00;19.5;25.195895
1900-09-03 17:00:00+01:00;18.4;21.85537568
1900-09-03 18:00:00+01:00;17.1;19.800912
1900-09-03 19:00:00+01:00;15;18.402104
1900-09-03 20:00:00+01:00;13.8;16.13427
1900-09-03 21:00:00+01:00;13.4;13.5223135
1900-09-03 22:00:00+01:00;13;11.653114
1900-09-03 23:00:00+01:00;13.2;10.539138
1900-09-04 00:00:00+01:00;9.1;9.64108
1900-09-04 01:00:00+01:00;8;9.385228
1900-09-04 02:00:00+01:00;7;9.321358
1900-09-04 03:00:00+01:00;7.3;9.303854
1900-09-04 04:00:00+01:00;5.7;9.54541
1900-09-04 05:00:00+01:00;5.5;10.363691
1900-09-04 06:00:00+01:00;6.6;13.5274489
1900-09-04 07:00:00+01:00;7.5;18.092298
1900-09-04 08:00:00+01:00;9.4;21.030319
1900-09-04 09:00:00+01:00;10.3;23.05201
1900-09-04 10:00:00+01:00;10.8;24.84882
1900-09-04 11:00:00+01:00;12.6;25.05221
1900-09-04 12:00:00+01:00;13.3;25.15671
1900-09-04 13:00:00+01:00;14.6;25.11921
1900-09-04 14:00:00+01:00;16.3;25.67910282
1900-09-04 15:00:00+01:00;16.3;25.55203878
1900-09-04 16:00:00+01:00;16;23.673402
1900-09-04 17:00:00+01:00;15.4;21.288165
1900-09-04 18:00:00+01:00;14.9;19.800912
1900-09-04 19:00:00+01:00;13.3;18.402104
1900-09-04 20:00:00+01:00;13;16.13427
1900-09-04 21:00:00+01:00;12.6;13.5223135
1900-09-04 22:00:00+01:00;11.2;11.653114
1900-09-04 23:00:00+01:00;11;10.539138
1900-09-05 00:00:00+01:00;10.7;9.64108
1900-09-05 01:00:00+01:00;8.4;9.385228
1900-09-05 02:00:00+01:00;8.9;9.321358
1900-09-05 03:00:00+01:00;7.9;9.303854
1900-09-05 04:00:00+01:00;8;9.54541
1900-09-05 05:00:00+01:00;7.4;10.363691
1900-09-05 06:00:00+01:00;9;13.5274489
1900-09-05 07:00:00+01:00;8.7;18.092298
1900-09-05 08:00:00+01:00;11.8;21.030319
1900-09-05 09:00:00+01:00;14.1;23.05201
1900-09-05 10:00:00+01:00;15.4;24.84882
1900-09-05 11:00:00+01:00;16.8;25.75781824
1900-09-05 12:00:00+01:00;16.5;25.9168997
1900-09-05 13:00:00+01:00;17;26.1764933
1900-09-05 14:00:00+01:00;17.4;26.26209336
1900-09-05 15:00:00+01:00;16.2;25.50010072
1900-09-05 16:00:00+01:00;17.7;24.4128986
1900-09-05 17:00:00+01:00;17.5;21.6030965
1900-09-05 18:00:00+01:00;15.6;19.800912
1900-09-05 19:00:00+01:00;13.1;18.402104
1900-09-05 20:00:00+01:00;10.3;16.13427
1900-09-05 21:00:00+01:00;9.1;13.5223135
1900-09-05 22:00:00+01:00;9.3;11.653114
1900-09-05 23:00:00+01:00;9.9;10.539138
1900-09-06 00:00:00+01:00;8.6;9.64108
1900-09-06 01:00:00+01:00;6.3;9.385228
1900-09-06 02:00:00+01:00;6.7;9.321358
1900-09-06 03:00:00+01:00;5.8;9.303854
1900-09-06 04:00:00+01:00;5.4;9.54541
1900-09-06 05:00:00+01:00;4.7;10.363691
1900-09-06 06:00:00+01:00;5.7;13.5274489
1900-09-06 07:00:00+01:00;10;18.092298
1900-09-06 08:00:00+01:00;11.7;21.030319
1900-09-06 09:00:00+01:00;13;23.05201
1900-09-06 10:00:00+01:00;14.8;24.84882
1900-09-06 11:00:00+01:00;15.5;25.05221
1900-09-06 12:00:00+01:00;16;25.6697758
1900-09-06 13:00:00+01:00;16.1;25.70700659
1900-09-06 14:00:00+01:00;17.1;26.10309594
1900-09-06 15:00:00+01:00;17.5;26.1752955
1900-09-06 16:00:00+01:00;17.2;24.1953996
1900-09-06 17:00:00+01:00;16;21.1826312
1900-09-06 18:00:00+01:00;14.5;19.800912
1900-09-06 19:00:00+01:00;13.5;18.402104
1900-09-06 20:00:00+01:00;12.8;16.13427
1900-09-06 21:00:00+01:00;12.4;13.5223135
1900-09-06 22:00:00+01:00;9.7;11.653114
1900-09-06 23:00:00+01:00;9.5;10.539138
1900-09-07 00:00:00+01:00;8;9.64108
1900-09-07 01:00:00+01:00;8.3;9.385228
1900-09-07 02:00:00+01:00;8.3;9.321358
1900-09-07 03:00:00+01:00;8.8;9.303854
1900-09-07 04:00:00+01:00;8.8;9.54541
1900-09-07 05:00:00+01:00;9.8;10.363691
1900-09-07 06:00:00+01:00;10.8;13.5274489
1900-09-07 07:00:00+01:00;12.6;18.092298
1900-09-07 08:00:00+01:00;13.9;21.030319
1900-09-07 09:00:00+01:00;15.3;23.05201
1900-09-07 10:00:00+01:00;15.7;25.05597746
1900-09-07 11:00:00+01:00;17.8;26.23805754
1900-09-07 12:00:00+01:00;18;26.6582714
1900-09-07 13:00:00+01:00;19.6;27.53278824
1900-09-07 14:00:00+01:00;21.9;28.64705466
1900-09-07 15:00:00+01:00;24.2;29.65514552
1900-09-07 16:00:00+01:00;19.8;25.3263944
1900-09-07 17:00:00+01:00;18.8;21.96749976
1900-09-07 18:00:00+01:00;17;19.800912
1900-09-07 19:00:00+01:00;15.4;18.402104
1900-09-07 20:00:00+01:00;15.2;16.13427
1900-09-07 21:00:00+01:00;12.8;13.5223135
1900-09-07 22:00:00+01:00;12.3;11.653114
1900-09-07 23:00:00+01:00;10.7;10.539138
1900-09-08 00:00:00+01:00;9.9;10.010882
1900-09-08 01:00:00+01:00;9.6;9.713938
1900-09-08 02:00:00+01:00;10.4;9.568476
1900-09-08 03:00:00+01:00;11;9.283135
1900-09-08 04:00:00+01:00;10.8;9.150213
1900-09-08 05:00:00+01:00;11;9.247971
1900-09-08 06:00:00+01:00;10.6;9.714335
1900-09-08 07:00:00+01:00;10.9;10.416313
1900-09-08 08:00:00+01:00;11.8;12.5900159
1900-09-08 09:00:00+01:00;12.7;15.882276
1900-09-08 10:00:00+01:00;13.1;18.363592
1900-09-08 11:00:00+01:00;14.4;19.002148
1900-09-08 12:00:00+01:00;16.3;19.313076
1900-09-08 13:00:00+01:00;18.6;19.429464
1900-09-08 14:00:00+01:00;20;18.779088
1900-09-08 15:00:00+01:00;21.1;17.831505
1900-09-08 16:00:00+01:00;23.3;16.999584
1900-09-08 17:00:00+01:00;22.7;16.250017
1900-09-08 18:00:00+01:00;18.6;14.638337
1900-09-08 19:00:00+01:00;15.6;12.8257983
1900-09-08 20:00:00+01:00;14.9;11.497931
1900-09-08 21:00:00+01:00;14.6;10.624333
1900-09-08 22:00:00+01:00;13.7;10.151469
1900-09-08 23:00:00+01:00;12.9;9.831164
1900-09-09 00:00:00+01:00;12.1;10.010882
1900-09-09 01:00:00+01:00;11.4;9.713938
1900-09-09 02:00:00+01:00;11.5;9.568476
1900-09-09 03:00:00+01:00;11.5;9.283135
1900-09-09 04:00:00+01:00;11.5;9.150213
1900-09-09 05:00:00+01:00;11.2;9.247971
1900-09-09 06:00:00+01:00;12.9;9.714335
1900-09-09 07:00:00+01:00;15;10.416313
1900-09-09 08:00:00+01:00;15.2;12.5900159
1900-09-09 09:00:00+01:00;16.2;15.882276
1900-09-09 10:00:00+01:00;17;18.363592
1900-09-09 11:00:00+01:00;18;19.002148
1900-09-09 12:00:00+01:00;18.1;19.313076
1900-09-09 13:00:00+01:00;19;19.429464
1900-09-09 14:00:00+01:00;20.5;18.779088
1900-09-09 15:00:00+01:00;20.4;17.831505
1900-09-09 16:00:00+01:00;21;16.999584
1900-09-09 17:00:00+01:00;20.2;16.250017
1900-09-09 18:00:00+01:00;17.6;14.638337
1900-09-09 19:00:00+01:00;16.6;12.8257983
1900-09-09 20:00:00+01:00;15.4;11.497931
1900-09-09 21:00:00+01:00;15.3;10.624333
1900-09-09 22:00:00+01:00;14.5;10.151469
1900-09-09 23:00:00+01:00;12.2;9.831164
1900-09-10 00:00:00+01:00;11.9;9.64108
1900-09-10 01:00:00+01:00;10.6;9.385228
1900-09-10 02:00:00+01:00;10;9.321358
1900-09-10 03:00:00+01:00;11;9.303854
1900-09-10 04:00:00+01:00;11.4;9.54541
1900-09-10 05:00:00+01:00;11.6;10.363691
1900-09-10 06:00:00+01:00;11.9;13.5274489
1900-09-10 07:00:00+01:00;13;18.092298
1900-09-10 08:00:00+01:00;13;21.030319
1900-09-10 09:00:00+01:00;13.8;23.05201
1900-09-10 10:00:00+01:00;15.4;24.84882
1900-09-10 11:00:00+01:00;16;25.3736268
1900-09-10 12:00:00+01:00;16.8;26.06517404
1900-09-10 13:00:00+01:00;16.8;26.07216292
1900-09-10 14:00:00+01:00;17.4;26.26209336
1900-09-10 15:00:00+01:00;16.7;25.75979102
1900-09-10 16:00:00+01:00;16.6;23.9344008
1900-09-10 17:00:00+01:00;15.5;21.288165
1900-09-10 18:00:00+01:00;14.5;19.800912
1900-09-10 19:00:00+01:00;13.5;18.402104
1900-09-10 20:00:00+01:00;12.4;16.13427
1900-09-10 21:00:00+01:00;11.9;13.5223135
1900-09-10 22:00:00+01:00;10.2;11.653114
1900-09-10 23:00:00+01:00;9.1;10.539138
1900-09-11 00:00:00+01:00;9.5;9.64108
1900-09-11 01:00:00+01:00;9;9.385228
1900-09-11 02:00:00+01:00;8.8;9.321358
1900-09-11 03:00:00+01:00;9.4;9.303854
1900-09-11 04:00:00+01:00;9.7;9.54541
1900-09-11 05:00:00+01:00;9.7;10.363691
1900-09-11 06:00:00+01:00;10;13.5274489
1900-09-11 07:00:00+01:00;10.7;18.092298
1900-09-11 08:00:00+01:00;11.8;21.030319
1900-09-11 09:00:00+01:00;13.8;23.05201
1900-09-11 10:00:00+01:00;14.9;24.84882
1900-09-11 11:00:00+01:00;17.4;26.04596182
1900-09-11 12:00:00+01:00;17.8;26.55942184
1900-09-11 13:00:00+01:00;19.7;27.58495343
1900-09-11 14:00:00+01:00;21.3;28.32905982
1900-09-11 15:00:00+01:00;19;26.9543664
1900-09-11 16:00:00+01:00;19.2;25.0653956
1900-09-11 17:00:00+01:00;18.4;21.85537568
1900-09-11 18:00:00+01:00;16.4;19.800912
1900-09-11 19:00:00+01:00;15.3;18.402104
1900-09-11 20:00:00+01:00;14.1;16.13427
1900-09-11 21:00:00+01:00;11.7;13.5223135
1900-09-11 22:00:00+01:00;10.8;11.653114
1900-09-11 23:00:00+01:00;11.4;10.539138
1900-09-12 00:00:00+01:00;11.7;9.64108
1900-09-12 01:00:00+01:00;11.9;9.385228
1900-09-12 02:00:00+01:00;12.2;9.321358
1900-09-12 03:00:00+01:00;12.4;9.303854
1900-09-12 04:00:00+01:00;12;9.54541
1900-09-12 05:00:00+01:00;11.6;10.363691
1900-09-12 06:00:00+01:00;11.8;13.5274489
1900-09-12 07:00:00+01:00;13;18.092298
1900-09-12 08:00:00+01:00;12.9;21.030319
1900-09-12 09:00:00+01:00;11.3;23.05201
1900-09-12 10:00:00+01:00;11.5;24.84882
1900-09-12 11:00:00+01:00;12;25.05221
1900-09-12 12:00:00+01:00;13.4;25.15671
1900-09-12 13:00:00+01:00;13.5;25.11921
1900-09-12 14:00:00+01:00;13.6;24.97428
1900-09-12 15:00:00+01:00;13.1;24.81357
1900-09-12 16:00:00+01:00;11.1;23.41507
1900-09-12 17:00:00+01:00;11.6;21.288165
1900-09-12 18:00:00+01:00;9;19.800912
1900-09-12 19:00:00+01:00;7.5;18.402104
1900-09-12 20:00:00+01:00;6.5;16.13427
1900-09-12 21:00:00+01:00;6.4;13.5223135
1900-09-12 22:00:00+01:00;6;11.653114
1900-09-12 23:00:00+01:00;5.8;10.539138
1900-09-13 00:00:00+01:00;5.6;9.64108
1900-09-13 01:00:00+01:00;3.8;9.385228
1900-09-13 02:00:00+01:00;3.5;9.321358
1900-09-13 03:00:00+01:00;2.6;9.303854
1900-09-13 04:00:00+01:00;2;9.54541
1900-09-13 05:00:00+01:00;1.5;10.363691
1900-09-13 06:00:00+01:00;2.8;13.5274489
1900-09-13 07:00:00+01:00;6.6;18.092298
1900-09-13 08:00:00+01:00;8.6;21.030319
1900-09-13 09:00:00+01:00;10.1;23.05201
1900-09-13 10:00:00+01:00;12.2;24.84882
1900-09-13 11:00:00+01:00;14.3;25.05221
1900-09-13 12:00:00+01:00;14.3;25.15671
1900-09-13 13:00:00+01:00;14.6;25.11921
1900-09-13 14:00:00+01:00;12.5;24.97428
1900-09-13 15:00:00+01:00;12.3;24.81357
1900-09-13 16:00:00+01:00;12.9;23.41507
1900-09-13 17:00:00+01:00;11.7;21.288165
1900-09-13 18:00:00+01:00;9.4;19.800912
1900-09-13 19:00:00+01:00;6.3;18.402104
1900-09-13 20:00:00+01:00;5.7;16.13427
1900-09-13 21:00:00+01:00;5.4;13.5223135
1900-09-13 22:00:00+01:00;5.8;11.653114
1900-09-13 23:00:00+01:00;3.6;10.539138
1900-09-14 00:00:00+01:00;4;9.64108
1900-09-14 01:00:00+01:00;5.1;9.385228
1900-09-14 02:00:00+01:00;4.8;9.321358
1900-09-14 03:00:00+01:00;4.7;9.303854
1900-09-14 04:00:00+01:00;1.7;9.54541
1900-09-14 05:00:00+01:00;1.3;10.363691
1900-09-14 06:00:00+01:00;4.9;13.5274489
1900-09-14 07:00:00+01:00;7.1;18.092298
1900-09-14 08:00:00+01:00;10.2;21.030319
1900-09-14 09:00:00+01:00;11.6;23.05201
1900-09-14 10:00:00+01:00;12.5;24.84882
1900-09-14 11:00:00+01:00;12.8;25.05221
1900-09-14 12:00:00+01:00;13.9;25.15671
1900-09-14 13:00:00+01:00;10.6;25.11921
1900-09-14 14:00:00+01:00;12.9;24.97428
1900-09-14 15:00:00+01:00;11.4;24.81357
1900-09-14 16:00:00+01:00;11;23.41507
1900-09-14 17:00:00+01:00;9.1;21.288165
1900-09-14 18:00:00+01:00;7.7;19.800912
1900-09-14 19:00:00+01:00;6;18.402104
1900-09-14 20:00:00+01:00;4.6;16.13427
1900-09-14 21:00:00+01:00;4.1;13.5223135
1900-09-14 22:00:00+01:00;3.1;11.653114
1900-09-14 23:00:00+01:00;3.6;10.539138
1900-09-15 00:00:00+01:00;4.2;10.010882
1900-09-15 01:00:00+01:00;3.8;9.713938
1900-09-15 02:00:00+01:00;4;9.568476
1900-09-15 03:00:00+01:00;1;9.283135
1900-09-15 04:00:00+01:00;0.7;9.150213
1900-09-15 05:00:00+01:00;0.1;9.247971
1900-09-15 06:00:00+01:00;2.4;9.714335
1900-09-15 07:00:00+01:00;6;10.416313
1900-09-15 08:00:00+01:00;7.4;12.5900159
1900-09-15 09:00:00+01:00;9.6;15.882276
1900-09-15 10:00:00+01:00;11.2;18.363592
1900-09-15 11:00:00+01:00;12.3;19.002148
1900-09-15 12:00:00+01:00;13.4;19.313076
1900-09-15 13:00:00+01:00;14.1;19.429464
1900-09-15 14:00:00+01:00;13.8;18.779088
1900-09-15 15:00:00+01:00;14;17.831505
1900-09-15 16:00:00+01:00;14;16.999584
1900-09-15 17:00:00+01:00;13.8;16.250017
1900-09-15 18:00:00+01:00;10.4;14.638337
1900-09-15 19:00:00+01:00;7.6;12.8257983
1900-09-15 20:00:00+01:00;5.3;11.497931
1900-09-15 21:00:00+01:00;4.5;10.624333
1900-09-15 22:00:00+01:00;4.2;10.151469
1900-09-15 23:00:00+01:00;3.4;9.831164
1900-09-16 00:00:00+01:00;3;10.010882
1900-09-16 01:00:00+01:00;2.5;9.713938
1900-09-16 02:00:00+01:00;2.2;9.568476
1900-09-16 03:00:00+01:00;-0.5;9.283135
1900-09-16 04:00:00+01:00;-1.2;9.150213
1900-09-16 05:00:00+01:00;2.3;9.247971
1900-09-16 06:00:00+01:00;2.7;9.714335
1900-09-16 07:00:00+01:00;4.4;10.416313
1900-09-16 08:00:00+01:00;5.6;12.5900159
1900-09-16 09:00:00+01:00;6.7;15.882276
1900-09-16 10:00:00+01:00;8.9;18.363592
1900-09-16 11:00:00+01:00;10.9;19.002148
1900-09-16 12:00:00+01:00;12.4;19.313076
1900-09-16 13:00:00+01:00;14.3;19.429464
1900-09-16 14:00:00+01:00;15.2;18.779088
1900-09-16 15:00:00+01:00;14.6;17.831505
1900-09-16 16:00:00+01:00;14.6;16.999584
1900-09-16 17:00:00+01:00;13.7;16.250017
1900-09-16 18:00:00+01:00;12.8;14.638337
1900-09-16 19:00:00+01:00;11.8;12.8257983
1900-09-16 20:00:00+01:00;12;11.497931
1900-09-16 21:00:00+01:00;10.6;10.624333
1900-09-16 22:00:00+01:00;10.5;10.151469
1900-09-16 23:00:00+01:00;9.9;9.831164
1900-09-17 00:00:00+01:00;8.6;9.64108
1900-09-17 01:00:00+01:00;8.9;9.385228
1900-09-17 02:00:00+01:00;8.5;9.321358
1900-09-17 03:00:00+01:00;7.6;9.303854
1900-09-17 04:00:00+01:00;7.9;9.54541
1900-09-17 05:00:00+01:00;7.6;10.363691
1900-09-17 06:00:00+01:00;8.1;13.5274489
1900-09-17 07:00:00+01:00;9.4;18.092298
1900-09-17 08:00:00+01:00;11;21.030319
1900-09-17 09:00:00+01:00;11.3;23.05201
1900-09-17 10:00:00+01:00;12.6;24.84882
1900-09-17 11:00:00+01:00;12.3;25.05221
1900-09-17 12:00:00+01:00;12;25.15671
1900-09-17 13:00:00+01:00;12.1;25.11921
1900-09-17 14:00:00+01:00;11.6;24.97428
1900-09-17 15:00:00+01:00;12.1;24.81357
1900-09-17 16:00:00+01:00;12.3;23.41507
1900-09-17 17:00:00+01:00;12;21.288165
1900-09-17 18:00:00+01:00;12.3;19.800912
1900-09-17 19:00:00+01:00;12.5;18.402104
1900-09-17 20:00:00+01:00;12.5;16.13427
1900-09-17 21:00:00+01:00;12.2;13.5223135
1900-09-17 22:00:00+01:00;12.4;11.653114
1900-09-17 23:00:00+01:00;12.1;10.539138
1900-09-18 00:00:00+01:00;11.6;9.64108
1900-09-18 01:00:00+01:00;11.5;9.385228
1900-09-18 02:00:00+01:00;11.5;9.321358
1900-09-18 03:00:00+01:00;11.2;9.303854
1900-09-18 04:00:00+01:00;11.1;9.54541
1900-09-18 05:00:00+01:00;10.3;10.363691
1900-09-18 06:00:00+01:00;10.5;13.5274489
1900-09-18 07:00:00+01:00;11.4;18.092298
1900-09-18 08:00:00+01:00;13;21.030319
1900-09-18 09:00:00+01:00;13.6;23.05201
1900-09-18 10:00:00+01:00;14.4;24.84882
1900-09-18 11:00:00+01:00;14.7;25.05221
1900-09-18 12:00:00+01:00;15.3;25.15671
1900-09-18 13:00:00+01:00;14.4;25.11921
1900-09-18 14:00:00+01:00;14.2;24.97428
1900-09-18 15:00:00+01:00;15;24.81357
1900-09-18 16:00:00+01:00;14.4;23.41507
1900-09-18 17:00:00+01:00;14.8;21.288165
1900-09-18 18:00:00+01:00;14;19.800912
1900-09-18 19:00:00+01:00;12.1;18.402104
1900-09-18 20:00:00+01:00;10.2;16.13427
1900-09-18 21:00:00+01:00;9.5;13.5223135
1900-09-18 22:00:00+01:00;8.1;11.653114
1900-09-18 23:00:00+01:00;8;10.539138
1900-09-19 00:00:00+01:00;8.2;9.64108
1900-09-19 01:00:00+01:00;9.8;9.385228
1900-09-19 02:00:00+01:00;9.8;9.321358
1900-09-19 03:00:00+01:00;10;9.303854
1900-09-19 04:00:00+01:00;10;9.54541
1900-09-19 05:00:00+01:00;10;10.363691
1900-09-19 06:00:00+01:00;10.2;13.5274489
1900-09-19 07:00:00+01:00;11;18.092298
1900-09-19 08:00:00+01:00;11.3;21.030319
1900-09-19 09:00:00+01:00;13.3;23.05201
1900-09-19 10:00:00+01:00;14.1;24.84882
1900-09-19 11:00:00+01:00;15.2;25.05221
1900-09-19 12:00:00+01:00;15.9;25.62035102
1900-09-19 13:00:00+01:00;16.7;26.01999773
1900-09-19 14:00:00+01:00;17.3;26.20909422
1900-09-19 15:00:00+01:00;16.9;25.86366714
1900-09-19 16:00:00+01:00;16;23.673402
1900-09-19 17:00:00+01:00;15.8;21.12656916
1900-09-19 18:00:00+01:00;14.4;19.800912
1900-09-19 19:00:00+01:00;15.9;18.402104
1900-09-19 20:00:00+01:00;14.3;16.13427
1900-09-19 21:00:00+01:00;13.5;13.5223135
1900-09-19 22:00:00+01:00;15;11.653114
1900-09-19 23:00:00+01:00;12.1;10.539138
1900-09-20 00:00:00+01:00;12.7;9.64108
1900-09-20 01:00:00+01:00;12.5;9.385228
1900-09-20 02:00:00+01:00;11.7;9.321358
1900-09-20 03:00:00+01:00;11.5;9.303854
1900-09-20 04:00:00+01:00;9.3;9.54541
1900-09-20 05:00:00+01:00;8.7;10.363691
1900-09-20 06:00:00+01:00;10.4;13.5274489
1900-09-20 07:00:00+01:00;11.5;18.092298
1900-09-20 08:00:00+01:00;13.5;21.030319
1900-09-20 09:00:00+01:00;14.8;23.05201
1900-09-20 10:00:00+01:00;16;25.1905418
1900-09-20 11:00:00+01:00;16.9;25.80584217
1900-09-20 12:00:00+01:00;17.5;26.4111475
1900-09-20 13:00:00+01:00;17.7;26.54164963
1900-09-20 14:00:00+01:00;18;26.5800882
1900-09-20 15:00:00+01:00;18.3;26.59079998
1900-09-20 16:00:00+01:00;17.6;24.3693988
1900-09-20 17:00:00+01:00;16.4;21.29475528
1900-09-20 18:00:00+01:00;14.8;19.800912
1900-09-20 19:00:00+01:00;15.1;18.402104
1900-09-20 20:00:00+01:00;13.7;16.13427
1900-09-20 21:00:00+01:00;12.9;13.5223135
1900-09-20 22:00:00+01:00;11.4;11.653114
1900-09-20 23:00:00+01:00;10.3;10.539138
1900-09-21 00:00:00+01:00;10.4;9.64108
1900-09-21 01:00:00+01:00;10.9;9.385228
1900-09-21 02:00:00+01:00;9.4;9.321358
1900-09-21 03:00:00+01:00;8.4;9.303854
1900-09-21 04:00:00+01:00;8.7;9.54541
1900-09-21 05:00:00+01:00;9.4;10.363691
1900-09-21 06:00:00+01:00;8.2;13.5274489
1900-09-21 07:00:00+01:00;9.8;18.092298
1900-09-21 08:00:00+01:00;11.2;21.030319
1900-09-21 09:00:00+01:00;13.2;23.05201
1900-09-21 10:00:00+01:00;14.7;24.84882
1900-09-21 11:00:00+01:00;14.8;25.05221
1900-09-21 12:00:00+01:00;15;25.15671
1900-09-21 13:00:00+01:00;15.1;25.11921
1900-09-21 14:00:00+01:00;15.5;24.97428
1900-09-21 15:00:00+01:00;15.8;25.29234848
1900-09-21 16:00:00+01:00;15.9;23.6299022
1900-09-21 17:00:00+01:00;15.9;21.15460018
1900-09-21 18:00:00+01:00;15.7;19.800912
1900-09-21 19:00:00+01:00;15.5;18.402104
1900-09-21 20:00:00+01:00;15.4;16.13427
1900-09-21 21:00:00+01:00;15;13.5223135
1900-09-21 22:00:00+01:00;14;11.653114
1900-09-21 23:00:00+01:00;12.2;10.539138
1900-09-22 00:00:00+01:00;11;10.010882
1900-09-22 01:00:00+01:00;12;9.713938
1900-09-22 02:00:00+01:00;13.6;9.568476
1900-09-22 03:00:00+01:00;13.5;9.283135
1900-09-22 04:00:00+01:00;13;9.150213
1900-09-22 05:00:00+01:00;13.4;9.247971
1900-09-22 06:00:00+01:00;13.2;9.714335
1900-09-22 07:00:00+01:00;12.5;10.416313
1900-09-22 08:00:00+01:00;12.6;12.5900159
1900-09-22 09:00:00+01:00;14.2;15.882276
1900-09-22 10:00:00+01:00;15.7;18.363592
1900-09-22 11:00:00+01:00;16;19.002148
1900-09-22 12:00:00+01:00;16.5;19.313076
1900-09-22 13:00:00+01:00;16.6;19.429464
1900-09-22 14:00:00+01:00;17.2;18.779088
1900-09-22 15:00:00+01:00;16.7;17.831505
1900-09-22 16:00:00+01:00;16.4;16.999584
1900-09-22 17:00:00+01:00;15.6;16.250017
1900-09-22 18:00:00+01:00;13.9;14.638337
1900-09-22 19:00:00+01:00;14.1;12.8257983
1900-09-22 20:00:00+01:00;14;11.497931
1900-09-22 21:00:00+01:00;13.6;10.624333
1900-09-22 22:00:00+01:00;12.4;10.151469
1900-09-22 23:00:00+01:00;12.7;9.831164
1900-09-23 00:00:00+01:00;11.8;10.010882
1900-09-23 01:00:00+01:00;10.9;9.713938
1900-09-23 02:00:00+01:00;9.8;9.568476
1900-09-23 03:00:00+01:00;9.8;9.283135
1900-09-23 04:00:00+01:00;8.5;9.150213
1900-09-23 05:00:00+01:00;8.9;9.247971
1900-09-23 06:00:00+01:00;8.2;9.714335
1900-09-23 07:00:00+01:00;9.7;10.416313
1900-09-23 08:00:00+01:00;11.6;12.5900159
1900-09-23 09:00:00+01:00;12.4;15.882276
1900-09-23 10:00:00+01:00;14.2;18.363592
1900-09-23 11:00:00+01:00;13.8;19.002148
1900-09-23 12:00:00+01:00;14.4;19.313076
1900-09-23 13:00:00+01:00;14.2;19.429464
1900-09-23 14:00:00+01:00;14;18.779088
1900-09-23 15:00:00+01:00;13.9;17.831505
1900-09-23 16:00:00+01:00;13.6;16.999584
1900-09-23 17:00:00+01:00;12.9;16.250017
1900-09-23 18:00:00+01:00;12.8;14.638337
1900-09-23 19:00:00+01:00;12.8;12.8257983
1900-09-23 20:00:00+01:00;12.6;11.497931
1900-09-23 21:00:00+01:00;12.6;10.624333
1900-09-23 22:00:00+01:00;12.3;10.151469
1900-09-23 23:00:00+01:00;12.6;9.831164
1900-09-24 00:00:00+01:00;12.8;9.64108
1900-09-24 01:00:00+01:00;12.7;9.385228
1900-09-24 02:00:00+01:00;13.4;9.321358
1900-09-24 03:00:00+01:00;13.1;9.303854
1900-09-24 04:00:00+01:00;12.7;9.54541
1900-09-24 05:00:00+01:00;12.6;10.363691
1900-09-24 06:00:00+01:00;13;13.5274489
1900-09-24 07:00:00+01:00;13.1;18.092298
1900-09-24 08:00:00+01:00;13.3;21.030319
1900-09-24 09:00:00+01:00;13.4;23.05201
1900-09-24 10:00:00+01:00;13.2;24.84882
1900-09-24 11:00:00+01:00;13.3;25.05221
1900-09-24 12:00:00+01:00;13.5;25.15671
1900-09-24 13:00:00+01:00;14;25.11921
1900-09-24 14:00:00+01:00;14;24.97428
1900-09-24 15:00:00+01:00;13.7;24.81357
1900-09-24 16:00:00+01:00;13.7;23.41507
1900-09-24 17:00:00+01:00;13.3;21.288165
1900-09-24 18:00:00+01:00;12;19.800912
1900-09-24 19:00:00+01:00;10.4;18.402104
1900-09-24 20:00:00+01:00;8.6;16.13427
1900-09-24 21:00:00+01:00;8.4;13.5223135
1900-09-24 22:00:00+01:00;8;11.653114
1900-09-24 23:00:00+01:00;8.5;10.539138
1900-09-25 00:00:00+01:00;8.7;9.64108
1900-09-25 01:00:00+01:00;9.6;9.385228
1900-09-25 02:00:00+01:00;10;9.321358
1900-09-25 03:00:00+01:00;10;9.303854
1900-09-25 04:00:00+01:00;10.1;9.54541
1900-09-25 05:00:00+01:00;10;10.363691
1900-09-25 06:00:00+01:00;10.4;13.5274489
1900-09-25 07:00:00+01:00;11.4;18.092298
1900-09-25 08:00:00+01:00;12.4;21.030319
1900-09-25 09:00:00+01:00;13;23.05201
1900-09-25 10:00:00+01:00;13.7;24.84882
1900-09-25 11:00:00+01:00;15.6;25.18153108
1900-09-25 12:00:00+01:00;15;25.15671
1900-09-25 13:00:00+01:00;14.7;25.11921
1900-09-25 14:00:00+01:00;14.2;24.97428
1900-09-25 15:00:00+01:00;14.2;24.81357
1900-09-25 16:00:00+01:00;13;23.41507
1900-09-25 17:00:00+01:00;12;21.288165
1900-09-25 18:00:00+01:00;11.3;19.800912
1900-09-25 19:00:00+01:00;12;18.402104
1900-09-25 20:00:00+01:00;11.4;16.13427
1900-09-25 21:00:00+01:00;11.6;13.5223135
1900-09-25 22:00:00+01:00;11.3;11.653114
1900-09-25 23:00:00+01:00;10.7;10.539138
1900-09-26 00:00:00+01:00;10;9.64108
1900-09-26 01:00:00+01:00;9.8;9.385228
1900-09-26 02:00:00+01:00;9.3;9.321358
1900-09-26 03:00:00+01:00;9.2;9.303854
1900-09-26 04:00:00+01:00;8.4;9.54541
1900-09-26 05:00:00+01:00;7.6;10.363691
1900-09-26 06:00:00+01:00;7.2;13.5274489
1900-09-26 07:00:00+01:00;8;18.092298
1900-09-26 08:00:00+01:00;10;21.030319
1900-09-26 09:00:00+01:00;11.2;23.05201
1900-09-26 10:00:00+01:00;12.3;24.84882
1900-09-26 11:00:00+01:00;13;25.05221
1900-09-26 12:00:00+01:00;13.4;25.15671
1900-09-26 13:00:00+01:00;13.3;25.11921
1900-09-26 14:00:00+01:00;14.3;24.97428
1900-09-26 15:00:00+01:00;14.3;24.81357
1900-09-26 16:00:00+01:00;14.5;23.41507
1900-09-26 17:00:00+01:00;12.7;21.288165
1900-09-26 18:00:00+01:00;10;19.800912
1900-09-26 19:00:00+01:00;6.8;18.402104
1900-09-26 20:00:00+01:00;5.4;16.13427
1900-09-26 21:00:00+01:00;6;13.5223135
1900-09-26 22:00:00+01:00;4.3;11.653114
1900-09-26 23:00:00+01:00;4.4;10.539138
1900-09-27 00:00:00+01:00;3.5;9.64108
1900-09-27 01:00:00+01:00;3.3;9.385228
1900-09-27 02:00:00+01:00;2.9;9.321358
1900-09-27 03:00:00+01:00;3.7;9.303854
1900-09-27 04:00:00+01:00;4.5;9.54541
1900-09-27 05:00:00+01:00;5;10.363691
1900-09-27 06:00:00+01:00;5.9;13.5274489
1900-09-27 07:00:00+01:00;6.1;18.092298
1900-09-27 08:00:00+01:00;6.9;21.030319
1900-09-27 09:00:00+01:00;7.8;23.05201
1900-09-27 10:00:00+01:00;8.2;24.84882
1900-09-27 11:00:00+01:00;8.9;25.05221
1900-09-27 12:00:00+01:00;9.5;25.15671
1900-09-27 13:00:00+01:00;10.2;25.11921
1900-09-27 14:00:00+01:00;10.6;24.97428
1900-09-27 15:00:00+01:00;10.5;24.81357
1900-09-27 16:00:00+01:00;10.3;23.41507
1900-09-27 17:00:00+01:00;9.2;21.288165
1900-09-27 18:00:00+01:00;8.1;19.800912
1900-09-27 19:00:00+01:00;6.2;18.402104
1900-09-27 20:00:00+01:00;5.5;16.13427
1900-09-27 21:00:00+01:00;5.4;13.5223135
1900-09-27 22:00:00+01:00;4.8;11.653114
1900-09-27 23:00:00+01:00;5.2;10.539138
1900-09-28 00:00:00+01:00;5.2;9.64108
1900-09-28 01:00:00+01:00;5.1;9.385228
1900-09-28 02:00:00+01:00;5.5;9.321358
1900-09-28 03:00:00+01:00;6;9.303854
1900-09-28 04:00:00+01:00;5.6;9.54541
1900-09-28 05:00:00+01:00;6;10.363691
1900-09-28 06:00:00+01:00;5;13.5274489
1900-09-28 07:00:00+01:00;5;18.092298
1900-09-28 08:00:00+01:00;6.2;21.030319
1900-09-28 09:00:00+01:00;7.3;23.05201
1900-09-28 10:00:00+01:00;9.7;24.84882
1900-09-28 11:00:00+01:00;10.1;25.05221
1900-09-28 12:00:00+01:00;10.1;25.15671
1900-09-28 13:00:00+01:00;11.1;25.11921
1900-09-28 14:00:00+01:00;11;24.97428
1900-09-28 15:00:00+01:00;11.5;24.81357
1900-09-28 16:00:00+01:00;11;23.41507
1900-09-28 17:00:00+01:00;10;21.288165
1900-09-28 18:00:00+01:00;9.6;19.800912
1900-09-28 19:00:00+01:00;8.2;18.402104
1900-09-28 20:00:00+01:00;7.5;16.13427
1900-09-28 21:00:00+01:00;7.1;13.5223135
1900-09-28 22:00:00+01:00;7.4;11.653114
1900-09-28 23:00:00+01:00;7.1;10.539138
1900-09-29 00:00:00+01:00;6.5;10.010882
1900-09-29 01:00:00+01:00;6.9;9.713938
1900-09-29 02:00:00+01:00;6.7;9.568476
1900-09-29 03:00:00+01:00;6.6;9.283135
1900-09-29 04:00:00+01:00;6.4;9.150213
1900-09-29 05:00:00+01:00;6.1;9.247971
1900-09-29 06:00:00+01:00;6.2;9.714335
1900-09-29 07:00:00+01:00;6.4;10.416313
1900-09-29 08:00:00+01:00;6.5;12.5900159
1900-09-29 09:00:00+01:00;7;15.882276
1900-09-29 10:00:00+01:00;7;18.363592
1900-09-29 11:00:00+01:00;7;19.002148
1900-09-29 12:00:00+01:00;7.4;19.313076
1900-09-29 13:00:00+01:00;7.8;19.429464
1900-09-29 14:00:00+01:00;7.9;18.779088
1900-09-29 15:00:00+01:00;8;17.831505
1900-09-29 16:00:00+01:00;7.2;16.999584
1900-09-29 17:00:00+01:00;7;16.250017
1900-09-29 18:00:00+01:00;7.4;14.638337
1900-09-29 19:00:00+01:00;7.5;12.8257983
1900-09-29 20:00:00+01:00;7.4;11.497931
1900-09-29 21:00:00+01:00;7.4;10.624333
1900-09-29 22:00:00+01:00;7.7;10.151469
1900-09-29 23:00:00+01:00;7.8;9.831164
1900-09-30 00:00:00+01:00;7.8;10.010882
1900-09-30 01:00:00+01:00;8.2;9.713938
1900-09-30 02:00:00+01:00;8.5;9.568476
1900-09-30 03:00:00+01:00;8.3;9.283135
1900-09-30 04:00:00+01:00;9;9.150213
1900-09-30 05:00:00+01:00;9;9.247971
1900-09-30 06:00:00+01:00;9.3;9.714335
1900-09-30 07:00:00+01:00;9.7;10.416313
1900-09-30 08:00:00+01:00;10.4;12.5900159
1900-09-30 09:00:00+01:00;12.2;15.882276
1900-09-30 10:00:00+01:00;14;18.363592
1900-09-30 11:00:00+01:00;15;19.002148
1900-09-30 12:00:00+01:00;15.8;19.313076
1900-09-30 13:00:00+01:00;15.8;19.429464
1900-09-30 14:00:00+01:00;16.1;18.779088
1900-09-30 15:00:00+01:00;15.6;17.831505
1900-09-30 16:00:00+01:00;14.6;16.999584
1900-09-30 17:00:00+01:00;13.4;16.250017
1900-09-30 18:00:00+01:00;13.2;14.638337
1900-09-30 19:00:00+01:00;11.3;12.8257983
1900-09-30 20:00:00+01:00;11.1;11.497931
1900-09-30 21:00:00+01:00;9.6;10.624333
1900-09-30 22:00:00+01:00;9;10.151469
1900-09-30 23:00:00+01:00;9;9.831164
1900-10-01 00:00:00+01:00;9.5;9.64108
1900-10-01 01:00:00+01:00;9.4;9.385228
1900-10-01 02:00:00+01:00;9.4;9.321358
1900-10-01 03:00:00+01:00;9.7;9.303854
1900-10-01 04:00:00+01:00;9.6;9.54541
1900-10-01 05:00:00+01:00;9.3;10.363691
1900-10-01 06:00:00+01:00;9.5;13.5274489
1900-10-01 07:00:00+01:00;9.8;18.092298
1900-10-01 08:00:00+01:00;9.9;21.030319
1900-10-01 09:00:00+01:00;10.3;23.05201
1900-10-01 10:00:00+01:00;11.1;24.84882
1900-10-01 11:00:00+01:00;11.6;25.05221
1900-10-01 12:00:00+01:00;11.8;25.15671
1900-10-01 13:00:00+01:00;11.9;25.11921
1900-10-01 14:00:00+01:00;12.3;24.97428
1900-10-01 15:00:00+01:00;12.4;24.81357
1900-10-01 16:00:00+01:00;12.9;23.41507
1900-10-01 17:00:00+01:00;12.8;21.288165
1900-10-01 18:00:00+01:00;10.5;19.800912
1900-10-01 19:00:00+01:00;10;18.402104
1900-10-01 20:00:00+01:00;9;16.13427
1900-10-01 21:00:00+01:00;9;13.5223135
1900-10-01 22:00:00+01:00;8.5;11.653114
1900-10-01 23:00:00+01:00;7.6;10.539138
1900-10-02 00:00:00+01:00;6.5;9.64108
1900-10-02 01:00:00+01:00;7.5;9.385228
1900-10-02 02:00:00+01:00;6.4;9.321358
1900-10-02 03:00:00+01:00;6.3;9.303854
1900-10-02 04:00:00+01:00;6.7;9.54541
1900-10-02 05:00:00+01:00;7;10.363691
1900-10-02 06:00:00+01:00;8;13.5274489
1900-10-02 07:00:00+01:00;8.2;18.092298
1900-10-02 08:00:00+01:00;9.4;21.030319
1900-10-02 09:00:00+01:00;9.8;23.05201
1900-10-02 10:00:00+01:00;10.5;24.84882
1900-10-02 11:00:00+01:00;11;25.05221
1900-10-02 12:00:00+01:00;11.4;25.15671
1900-10-02 13:00:00+01:00;12;25.11921
1900-10-02 14:00:00+01:00;12.5;24.97428
1900-10-02 15:00:00+01:00;12.2;24.81357
1900-10-02 16:00:00+01:00;11.8;23.41507
1900-10-02 17:00:00+01:00;10.6;21.288165
1900-10-02 18:00:00+01:00;9.3;19.800912
1900-10-02 19:00:00+01:00;7.3;18.402104
1900-10-02 20:00:00+01:00;7;16.13427
1900-10-02 21:00:00+01:00;6.6;13.5223135
1900-10-02 22:00:00+01:00;6.6;11.653114
1900-10-02 23:00:00+01:00;7;10.539138
1900-10-03 00:00:00+01:00;6.5;9.64108
1900-10-03 01:00:00+01:00;7;9.385228
1900-10-03 02:00:00+01:00;7.1;9.321358
1900-10-03 03:00:00+01:00;7.2;9.303854
1900-10-03 04:00:00+01:00;8.1;9.54541
1900-10-03 05:00:00+01:00;8.7;10.363691
1900-10-03 06:00:00+01:00;8.9;13.5274489
1900-10-03 07:00:00+01:00;9.4;18.092298
1900-10-03 08:00:00+01:00;9.6;21.030319
1900-10-03 09:00:00+01:00;9.8;23.05201
1900-10-03 10:00:00+01:00;9.8;24.84882
1900-10-03 11:00:00+01:00;9.9;25.05221
1900-10-03 12:00:00+01:00;10.2;25.15671
1900-10-03 13:00:00+01:00;10.7;25.11921
1900-10-03 14:00:00+01:00;11.4;24.97428
1900-10-03 15:00:00+01:00;12.5;24.81357
1900-10-03 16:00:00+01:00;12.2;23.41507
1900-10-03 17:00:00+01:00;10.9;21.288165
1900-10-03 18:00:00+01:00;10;19.800912
1900-10-03 19:00:00+01:00;9.2;18.402104
1900-10-03 20:00:00+01:00;8.7;16.13427
1900-10-03 21:00:00+01:00;7.1;13.5223135
1900-10-03 22:00:00+01:00;6.4;11.653114
1900-10-03 23:00:00+01:00;5.6;10.539138
1900-10-04 00:00:00+01:00;4.8;9.64108
1900-10-04 01:00:00+01:00;4.4;9.385228
1900-10-04 02:00:00+01:00;4.5;9.321358
1900-10-04 03:00:00+01:00;4.2;9.303854
1900-10-04 04:00:00+01:00;4.3;9.54541
1900-10-04 05:00:00+01:00;4.8;10.363691
1900-10-04 06:00:00+01:00;4.3;13.5274489
1900-10-04 07:00:00+01:00;4.9;18.092298
1900-10-04 08:00:00+01:00;7.5;21.030319
1900-10-04 09:00:00+01:00;10.6;23.05201
1900-10-04 10:00:00+01:00;12.1;24.84882
1900-10-04 11:00:00+01:00;13.5;25.05221
1900-10-04 12:00:00+01:00;15.4;25.15671
1900-10-04 13:00:00+01:00;16.2;25.75917178
1900-10-04 14:00:00+01:00;13;24.97428
1900-10-04 15:00:00+01:00;12.2;24.81357
1900-10-04 16:00:00+01:00;11;23.41507
1900-10-04 17:00:00+01:00;10;21.288165
1900-10-04 18:00:00+01:00;9.7;19.800912
1900-10-04 19:00:00+01:00;8.6;18.402104
1900-10-04 20:00:00+01:00;7.4;16.13427
1900-10-04 21:00:00+01:00;7.2;13.5223135
1900-10-04 22:00:00+01:00;6.7;11.653114
1900-10-04 23:00:00+01:00;6.2;10.539138
1900-10-05 00:00:00+01:00;5.8;9.64108
1900-10-05 01:00:00+01:00;4.8;9.385228
1900-10-05 02:00:00+01:00;3.4;9.321358
1900-10-05 03:00:00+01:00;2.4;9.303854
1900-10-05 04:00:00+01:00;2.4;9.54541
1900-10-05 05:00:00+01:00;1.9;10.363691
1900-10-05 06:00:00+01:00;3.6;13.5274489
1900-10-05 07:00:00+01:00;4.8;18.092298
1900-10-05 08:00:00+01:00;5.5;21.030319
1900-10-05 09:00:00+01:00;7;23.05201
1900-10-05 10:00:00+01:00;7.7;24.84882
1900-10-05 11:00:00+01:00;8.5;25.05221
1900-10-05 12:00:00+01:00;9.2;25.15671
1900-10-05 13:00:00+01:00;9.6;25.11921
1900-10-05 14:00:00+01:00;8.8;24.97428
1900-10-05 15:00:00+01:00;8.9;24.81357
1900-10-05 16:00:00+01:00;8.9;23.41507
1900-10-05 17:00:00+01:00;6.1;21.288165
1900-10-05 18:00:00+01:00;5;19.800912
1900-10-05 19:00:00+01:00;3.4;18.402104
1900-10-05 20:00:00+01:00;2.6;16.13427
1900-10-05 21:00:00+01:00;2.5;13.5223135
1900-10-05 22:00:00+01:00;1.4;11.653114
1900-10-05 23:00:00+01:00;1;10.539138
1900-10-06 00:00:00+01:00;0.5;10.010882
1900-10-06 01:00:00+01:00;0.5;9.713938
1900-10-06 02:00:00+01:00;0.1;9.568476
1900-10-06 03:00:00+01:00;-1;9.283135
1900-10-06 04:00:00+01:00;-0.3;9.150213
1900-10-06 05:00:00+01:00;0.1;9.247971
1900-10-06 06:00:00+01:00;0.2;9.714335
1900-10-06 07:00:00+01:00;0.4;10.416313
1900-10-06 08:00:00+01:00;1.6;12.5900159
1900-10-06 09:00:00+01:00;3.8;15.882276
1900-10-06 10:00:00+01:00;5;18.363592
1900-10-06 11:00:00+01:00;6.4;19.002148
1900-10-06 12:00:00+01:00;7.3;19.313076
1900-10-06 13:00:00+01:00;8.5;19.429464
1900-10-06 14:00:00+01:00;8.5;18.779088
1900-10-06 15:00:00+01:00;8;17.831505
1900-10-06 16:00:00+01:00;8.1;16.999584
1900-10-06 17:00:00+01:00;6.3;16.250017
1900-10-06 18:00:00+01:00;3.5;14.638337
1900-10-06 19:00:00+01:00;2.2;12.8257983
1900-10-06 20:00:00+01:00;0.9;11.497931
1900-10-06 21:00:00+01:00;1.2;10.624333
1900-10-06 22:00:00+01:00;-1;10.151469
1900-10-06 23:00:00+01:00;-1.2;9.831164
1900-10-07 00:00:00+01:00;-2.5;10.010882
1900-10-07 01:00:00+01:00;-2.1;9.713938
1900-10-07 02:00:00+01:00;-4.3;9.568476
1900-10-07 03:00:00+01:00;-4.6;9.283135
1900-10-07 04:00:00+01:00;-5.3;9.150213
1900-10-07 05:00:00+01:00;-6.3;9.247971
1900-10-07 06:00:00+01:00;-6.8;9.714335
1900-10-07 07:00:00+01:00;-3;10.416313
1900-10-07 08:00:00+01:00;2;12.5900159
1900-10-07 09:00:00+01:00;4;15.882276
1900-10-07 10:00:00+01:00;5.9;18.363592
1900-10-07 11:00:00+01:00;7.6;19.002148
1900-10-07 12:00:00+01:00;8.7;19.313076
1900-10-07 13:00:00+01:00;9;19.429464
1900-10-07 14:00:00+01:00;9.4;18.779088
1900-10-07 15:00:00+01:00;9.3;17.831505
1900-10-07 16:00:00+01:00;8.8;16.999584
1900-10-07 17:00:00+01:00;7.6;16.250017
1900-10-07 18:00:00+01:00;7.1;14.638337
1900-10-07 19:00:00+01:00;7.2;12.8257983
1900-10-07 20:00:00+01:00;5.7;11.497931
1900-10-07 21:00:00+01:00;6;10.624333
1900-10-07 22:00:00+01:00;5.1;10.151469
1900-10-07 23:00:00+01:00;4.1;9.831164
1900-10-08 00:00:00+01:00;4.1;9.64108
1900-10-08 01:00:00+01:00;3.3;9.385228
1900-10-08 02:00:00+01:00;0.6;9.321358
1900-10-08 03:00:00+01:00;-1.2;9.303854
1900-10-08 04:00:00+01:00;-1.5;9.54541
1900-10-08 05:00:00+01:00;-3.1;10.363691
1900-10-08 06:00:00+01:00;-3.9;13.5274489
1900-10-08 07:00:00+01:00;-2;18.092298
1900-10-08 08:00:00+01:00;3.2;21.030319
1900-10-08 09:00:00+01:00;5.3;23.05201
1900-10-08 10:00:00+01:00;6.5;24.84882
1900-10-08 11:00:00+01:00;8.4;25.05221
1900-10-08 12:00:00+01:00;9.3;25.15671
1900-10-08 13:00:00+01:00;10;25.11921
1900-10-08 14:00:00+01:00;10.4;24.97428
1900-10-08 15:00:00+01:00;10;24.81357
1900-10-08 16:00:00+01:00;10;23.41507
1900-10-08 17:00:00+01:00;8.6;21.288165
1900-10-08 18:00:00+01:00;4.6;19.800912
1900-10-08 19:00:00+01:00;3;18.402104
1900-10-08 20:00:00+01:00;1.8;16.13427
1900-10-08 21:00:00+01:00;1;13.5223135
1900-10-08 22:00:00+01:00;0;11.653114
1900-10-08 23:00:00+01:00;-0.3;10.539138
1900-10-09 00:00:00+01:00;-0.6;9.64108
1900-10-09 01:00:00+01:00;-0.7;9.385228
1900-10-09 02:00:00+01:00;-1.7;9.321358
1900-10-09 03:00:00+01:00;-2.3;9.303854
1900-10-09 04:00:00+01:00;-3.5;9.54541
1900-10-09 05:00:00+01:00;-2.5;10.363691
1900-10-09 06:00:00+01:00;-3.4;13.5274489
1900-10-09 07:00:00+01:00;-2.8;18.092298
1900-10-09 08:00:00+01:00;2.1;21.030319
1900-10-09 09:00:00+01:00;5.4;23.05201
1900-10-09 10:00:00+01:00;6.6;24.84882
1900-10-09 11:00:00+01:00;8.4;25.05221
1900-10-09 12:00:00+01:00;9.1;25.15671
1900-10-09 13:00:00+01:00;10.2;25.11921
1900-10-09 14:00:00+01:00;10.8;24.97428
1900-10-09 15:00:00+01:00;10.4;24.81357
1900-10-09 16:00:00+01:00;9.9;23.41507
1900-10-09 17:00:00+01:00;8.4;21.288165
1900-10-09 18:00:00+01:00;4.9;19.800912
1900-10-09 19:00:00+01:00;3.9;18.402104
1900-10-09 20:00:00+01:00;2.8;16.13427
1900-10-09 21:00:00+01:00;1.4;13.5223135
1900-10-09 22:00:00+01:00;0.6;11.653114
1900-10-09 23:00:00+01:00;-0.1;10.539138
1900-10-10 00:00:00+01:00;0.1;9.64108
1900-10-10 01:00:00+01:00;1.2;9.385228
1900-10-10 02:00:00+01:00;0.4;9.321358
1900-10-10 03:00:00+01:00;1.7;9.303854
1900-10-10 04:00:00+01:00;-0.5;9.54541
1900-10-10 05:00:00+01:00;0.2;10.363691
1900-10-10 06:00:00+01:00;0.7;13.5274489
1900-10-10 07:00:00+01:00;1.2;18.092298
1900-10-10 08:00:00+01:00;3.3;21.030319
1900-10-10 09:00:00+01:00;5.8;23.05201
1900-10-10 10:00:00+01:00;6.7;24.84882
1900-10-10 11:00:00+01:00;7;25.05221
1900-10-10 12:00:00+01:00;7.7;25.15671
1900-10-10 13:00:00+01:00;8.4;25.11921
1900-10-10 14:00:00+01:00;8.2;24.97428
1900-10-10 15:00:00+01:00;8.2;24.81357
1900-10-10 16:00:00+01:00;7.6;23.41507
1900-10-10 17:00:00+01:00;6.8;21.288165
1900-10-10 18:00:00+01:00;6;19.800912
1900-10-10 19:00:00+01:00;5.7;18.402104
1900-10-10 20:00:00+01:00;5.6;16.13427
1900-10-10 21:00:00+01:00;5.6;13.5223135
1900-10-10 22:00:00+01:00;5.3;11.653114
1900-10-10 23:00:00+01:00;5.2;10.539138
1900-10-11 00:00:00+01:00;5;9.64108
1900-10-11 01:00:00+01:00;4.2;9.385228
1900-10-11 02:00:00+01:00;3.6;9.321358
1900-10-11 03:00:00+01:00;3.4;9.303854
1900-10-11 04:00:00+01:00;3.6;9.54541
1900-10-11 05:00:00+01:00;3.7;10.363691
1900-10-11 06:00:00+01:00;4;13.5274489
1900-10-11 07:00:00+01:00;3.9;18.092298
1900-10-11 08:00:00+01:00;4.2;21.030319
1900-10-11 09:00:00+01:00;4.6;23.05201
1900-10-11 10:00:00+01:00;5;24.84882
1900-10-11 11:00:00+01:00;5.1;25.05221
1900-10-11 12:00:00+01:00;5.2;25.15671
1900-10-11 13:00:00+01:00;5.4;25.11921
1900-10-11 14:00:00+01:00;5.6;24.97428
1900-10-11 15:00:00+01:00;5.4;24.81357
1900-10-11 16:00:00+01:00;5.8;23.41507
1900-10-11 17:00:00+01:00;5.9;21.288165
1900-10-11 18:00:00+01:00;5.8;19.800912
1900-10-11 19:00:00+01:00;5.8;18.402104
1900-10-11 20:00:00+01:00;6;16.13427
1900-10-11 21:00:00+01:00;6.7;13.5223135
1900-10-11 22:00:00+01:00;7.5;11.653114
1900-10-11 23:00:00+01:00;7.5;10.539138
1900-10-12 00:00:00+01:00;7.8;9.64108
1900-10-12 01:00:00+01:00;7.7;9.385228
1900-10-12 02:00:00+01:00;7.9;9.321358
1900-10-12 03:00:00+01:00;7.4;9.303854
1900-10-12 04:00:00+01:00;7.7;9.54541
1900-10-12 05:00:00+01:00;7.7;10.363691
1900-10-12 06:00:00+01:00;8;13.5274489
1900-10-12 07:00:00+01:00;7.8;18.092298
1900-10-12 08:00:00+01:00;8;21.030319
1900-10-12 09:00:00+01:00;8.1;23.05201
1900-10-12 10:00:00+01:00;8;24.84882
1900-10-12 11:00:00+01:00;8.4;25.05221
1900-10-12 12:00:00+01:00;9;25.15671
1900-10-12 13:00:00+01:00;9.2;25.11921
1900-10-12 14:00:00+01:00;9.1;24.97428
1900-10-12 15:00:00+01:00;9.5;24.81357
1900-10-12 16:00:00+01:00;9.4;23.41507
1900-10-12 17:00:00+01:00;9.3;21.288165
1900-10-12 18:00:00+01:00;9.1;19.800912
1900-10-12 19:00:00+01:00;9.1;18.402104
1900-10-12 20:00:00+01:00;8.9;16.13427
1900-10-12 21:00:00+01:00;9;13.5223135
1900-10-12 22:00:00+01:00;8.2;11.653114
1900-10-12 23:00:00+01:00;5.9;10.539138
1900-10-13 00:00:00+01:00;5;10.010882
1900-10-13 01:00:00+01:00;4.7;9.713938
1900-10-13 02:00:00+01:00;4.8;9.568476
1900-10-13 03:00:00+01:00;7;9.283135
1900-10-13 04:00:00+01:00;6.8;9.150213
1900-10-13 05:00:00+01:00;7.4;9.247971
1900-10-13 06:00:00+01:00;7.6;9.714335
1900-10-13 07:00:00+01:00;8;10.416313
1900-10-13 08:00:00+01:00;9;12.5900159
1900-10-13 09:00:00+01:00;11.6;15.882276
1900-10-13 10:00:00+01:00;12.7;18.363592
1900-10-13 11:00:00+01:00;13.4;19.002148
1900-10-13 12:00:00+01:00;14.3;19.313076
1900-10-13 13:00:00+01:00;14;19.429464
1900-10-13 14:00:00+01:00;15.9;18.779088
1900-10-13 15:00:00+01:00;13.9;17.831505
1900-10-13 16:00:00+01:00;13.4;16.999584
1900-10-13 17:00:00+01:00;12.6;16.250017
1900-10-13 18:00:00+01:00;12.8;14.638337
1900-10-13 19:00:00+01:00;12;12.8257983
1900-10-13 20:00:00+01:00;11.7;11.497931
1900-10-13 21:00:00+01:00;11.4;10.624333
1900-10-13 22:00:00+01:00;11.2;10.151469
1900-10-13 23:00:00+01:00;11.3;9.831164
1900-10-14 00:00:00+01:00;11;10.010882
1900-10-14 01:00:00+01:00;10.8;9.713938
1900-10-14 02:00:00+01:00;10.5;9.568476
1900-10-14 03:00:00+01:00;9.4;9.283135
1900-10-14 04:00:00+01:00;8;9.150213
1900-10-14 05:00:00+01:00;8.3;9.247971
1900-10-14 06:00:00+01:00;10.2;9.714335
1900-10-14 07:00:00+01:00;9.7;10.416313
1900-10-14 08:00:00+01:00;10;12.5900159
1900-10-14 09:00:00+01:00;11.2;15.882276
1900-10-14 10:00:00+01:00;11.4;18.363592
1900-10-14 11:00:00+01:00;13.9;19.002148
1900-10-14 12:00:00+01:00;15.6;19.313076
1900-10-14 13:00:00+01:00;16.8;19.429464
1900-10-14 14:00:00+01:00;17.2;18.779088
1900-10-14 15:00:00+01:00;15.1;17.831505
1900-10-14 16:00:00+01:00;11.7;16.999584
1900-10-14 17:00:00+01:00;11.9;16.250017
1900-10-14 18:00:00+01:00;11.8;14.638337
1900-10-14 19:00:00+01:00;10.6;12.8257983
1900-10-14 20:00:00+01:00;10;11.497931
1900-10-14 21:00:00+01:00;10;10.624333
1900-10-14 22:00:00+01:00;9.6;10.151469
1900-10-14 23:00:00+01:00;8.6;9.831164
1900-10-15 00:00:00+01:00;7.3;9.64108
1900-10-15 01:00:00+01:00;8.4;9.385228
1900-10-15 02:00:00+01:00;8;9.321358
1900-10-15 03:00:00+01:00;7.3;9.303854
1900-10-15 04:00:00+01:00;6.8;9.54541
1900-10-15 05:00:00+01:00;6.4;10.363691
1900-10-15 06:00:00+01:00;6;13.5274489
1900-10-15 07:00:00+01:00;6;18.092298
1900-10-15 08:00:00+01:00;6.2;21.030319
1900-10-15 09:00:00+01:00;6.3;23.05201
1900-10-15 10:00:00+01:00;6.7;24.84882
1900-10-15 11:00:00+01:00;7;25.05221
1900-10-15 12:00:00+01:00;7;25.15671
1900-10-15 13:00:00+01:00;7.4;25.11921
1900-10-15 14:00:00+01:00;7.6;24.97428
1900-10-15 15:00:00+01:00;7.4;24.81357
1900-10-15 16:00:00+01:00;7.4;23.41507
1900-10-15 17:00:00+01:00;7.2;21.288165
1900-10-15 18:00:00+01:00;7;19.800912
1900-10-15 19:00:00+01:00;7;18.402104
1900-10-15 20:00:00+01:00;6.9;16.13427
1900-10-15 21:00:00+01:00;6.8;13.5223135
1900-10-15 22:00:00+01:00;6.5;11.653114
1900-10-15 23:00:00+01:00;6;10.539138
1900-10-16 00:00:00+01:00;6;9.64108
1900-10-16 01:00:00+01:00;6;9.385228
1900-10-16 02:00:00+01:00;6;9.321358
1900-10-16 03:00:00+01:00;6.2;9.303854
1900-10-16 04:00:00+01:00;6.3;9.54541
1900-10-16 05:00:00+01:00;6.2;10.363691
1900-10-16 06:00:00+01:00;6.2;13.5274489
1900-10-16 07:00:00+01:00;6.1;18.092298
1900-10-16 08:00:00+01:00;6.3;21.030319
1900-10-16 09:00:00+01:00;6.2;23.05201
1900-10-16 10:00:00+01:00;6.9;24.84882
1900-10-16 11:00:00+01:00;8.4;25.05221
1900-10-16 12:00:00+01:00;8.8;25.15671
1900-10-16 13:00:00+01:00;8.9;25.11921
1900-10-16 14:00:00+01:00;8.7;24.97428
1900-10-16 15:00:00+01:00;8.6;24.81357
1900-10-16 16:00:00+01:00;8.9;23.41507
1900-10-16 17:00:00+01:00;9.2;21.288165
1900-10-16 18:00:00+01:00;9.2;19.800912
1900-10-16 19:00:00+01:00;8.8;18.402104
1900-10-16 20:00:00+01:00;8.8;16.13427
1900-10-16 21:00:00+01:00;8.4;13.5223135
1900-10-16 22:00:00+01:00;8.1;11.653114
1900-10-16 23:00:00+01:00;8.6;10.539138
1900-10-17 00:00:00+01:00;8.3;9.64108
1900-10-17 01:00:00+01:00;8.3;9.385228
1900-10-17 02:00:00+01:00;8.1;9.321358
1900-10-17 03:00:00+01:00;8.2;9.303854
1900-10-17 04:00:00+01:00;7.8;9.54541
1900-10-17 05:00:00+01:00;6.9;10.363691
1900-10-17 06:00:00+01:00;6.8;13.5274489
1900-10-17 07:00:00+01:00;6.8;18.092298
1900-10-17 08:00:00+01:00;6.2;21.030319
1900-10-17 09:00:00+01:00;6.6;23.05201
1900-10-17 10:00:00+01:00;6.7;24.84882
1900-10-17 11:00:00+01:00;7.8;25.05221
1900-10-17 12:00:00+01:00;8.2;25.15671
1900-10-17 13:00:00+01:00;8.2;25.11921
1900-10-17 14:00:00+01:00;8;24.97428
1900-10-17 15:00:00+01:00;7.3;24.81357
1900-10-17 16:00:00+01:00;7.6;23.41507
1900-10-17 17:00:00+01:00;6.3;21.288165
1900-10-17 18:00:00+01:00;5.6;19.800912
1900-10-17 19:00:00+01:00;5.7;18.402104
1900-10-17 20:00:00+01:00;5.7;16.13427
1900-10-17 21:00:00+01:00;5.5;13.5223135
1900-10-17 22:00:00+01:00;5.4;11.653114
1900-10-17 23:00:00+01:00;5.2;10.539138
1900-10-18 00:00:00+01:00;5.8;9.64108
1900-10-18 01:00:00+01:00;5.6;9.385228
1900-10-18 02:00:00+01:00;5.6;9.321358
1900-10-18 03:00:00+01:00;5.2;9.303854
1900-10-18 04:00:00+01:00;5.2;9.54541
1900-10-18 05:00:00+01:00;5.2;10.363691
1900-10-18 06:00:00+01:00;4.6;13.5274489
1900-10-18 07:00:00+01:00;4.4;18.092298
1900-10-18 08:00:00+01:00;5.4;21.030319
1900-10-18 09:00:00+01:00;7.1;23.05201
1900-10-18 10:00:00+01:00;7.6;24.84882
1900-10-18 11:00:00+01:00;8.4;25.05221
1900-10-18 12:00:00+01:00;8.6;25.15671
1900-10-18 13:00:00+01:00;9;25.11921
1900-10-18 14:00:00+01:00;9.2;24.97428
1900-10-18 15:00:00+01:00;9;24.81357
1900-10-18 16:00:00+01:00;8.7;23.41507
1900-10-18 17:00:00+01:00;6.6;21.288165
1900-10-18 18:00:00+01:00;5.7;19.800912
1900-10-18 19:00:00+01:00;4.7;18.402104
1900-10-18 20:00:00+01:00;3;16.13427
1900-10-18 21:00:00+01:00;2.4;13.5223135
1900-10-18 22:00:00+01:00;2.8;11.653114
1900-10-18 23:00:00+01:00;2.5;10.539138
1900-10-19 00:00:00+01:00;2;9.64108
1900-10-19 01:00:00+01:00;0.5;9.385228
1900-10-19 02:00:00+01:00;-0.3;9.321358
1900-10-19 03:00:00+01:00;-1;9.303854
1900-10-19 04:00:00+01:00;-1.4;9.54541
1900-10-19 05:00:00+01:00;-2;10.363691
1900-10-19 06:00:00+01:00;-2.4;13.5274489
1900-10-19 07:00:00+01:00;-1.7;18.092298
1900-10-19 08:00:00+01:00;0.6;21.030319
1900-10-19 09:00:00+01:00;2.6;23.05201
1900-10-19 10:00:00+01:00;4.5;24.84882
1900-10-19 11:00:00+01:00;5.5;25.05221
1900-10-19 12:00:00+01:00;6.4;25.15671
1900-10-19 13:00:00+01:00;8;25.11921
1900-10-19 14:00:00+01:00;8.6;24.97428
1900-10-19 15:00:00+01:00;7.8;24.81357
1900-10-19 16:00:00+01:00;6.2;23.41507
1900-10-19 17:00:00+01:00;3.7;21.288165
1900-10-19 18:00:00+01:00;2.7;19.800912
1900-10-19 19:00:00+01:00;0.6;18.402104
1900-10-19 20:00:00+01:00;-0.3;16.13427
1900-10-19 21:00:00+01:00;0;13.5223135
1900-10-19 22:00:00+01:00;-0.6;11.653114
1900-10-19 23:00:00+01:00;-0.8;10.539138
1900-10-20 00:00:00+01:00;-0.7;10.010882
1900-10-20 01:00:00+01:00;-0.6;9.713938
1900-10-20 02:00:00+01:00;0.4;9.568476
1900-10-20 03:00:00+01:00;1;9.283135
1900-10-20 04:00:00+01:00;2;9.150213
1900-10-20 05:00:00+01:00;2.6;9.247971
1900-10-20 06:00:00+01:00;3;9.714335
1900-10-20 07:00:00+01:00;2.8;10.416313
1900-10-20 08:00:00+01:00;4.4;12.5900159
1900-10-20 09:00:00+01:00;8.5;15.882276
1900-10-20 10:00:00+01:00;9.3;18.363592
1900-10-20 11:00:00+01:00;9.5;19.002148
1900-10-20 12:00:00+01:00;9.7;19.313076
1900-10-20 13:00:00+01:00;9.8;19.429464
1900-10-20 14:00:00+01:00;9.9;18.779088
1900-10-20 15:00:00+01:00;9.7;17.831505
1900-10-20 16:00:00+01:00;9;16.999584
1900-10-20 17:00:00+01:00;9.1;16.250017
1900-10-20 18:00:00+01:00;9.5;14.638337
1900-10-20 19:00:00+01:00;9.8;12.8257983
1900-10-20 20:00:00+01:00;9.6;11.497931
1900-10-20 21:00:00+01:00;9.4;10.624333
1900-10-20 22:00:00+01:00;8.5;10.151469
1900-10-20 23:00:00+01:00;8.4;9.831164
1900-10-21 00:00:00+01:00;7.2;10.010882
1900-10-21 01:00:00+01:00;7.4;9.713938
1900-10-21 02:00:00+01:00;7.2;9.568476
1900-10-21 03:00:00+01:00;6.8;9.283135
1900-10-21 04:00:00+01:00;6.8;9.150213
1900-10-21 05:00:00+01:00;6.8;9.247971
1900-10-21 06:00:00+01:00;6.5;9.714335
1900-10-21 07:00:00+01:00;6.9;10.416313
1900-10-21 08:00:00+01:00;7.4;12.5900159
1900-10-21 09:00:00+01:00;8.8;15.882276
1900-10-21 10:00:00+01:00;8.9;18.363592
1900-10-21 11:00:00+01:00;10.7;19.002148
1900-10-21 12:00:00+01:00;12;19.313076
1900-10-21 13:00:00+01:00;13.3;19.429464
1900-10-21 14:00:00+01:00;15;18.779088
1900-10-21 15:00:00+01:00;14;17.831505
1900-10-21 16:00:00+01:00;13.6;16.999584
1900-10-21 17:00:00+01:00;12.4;16.250017
1900-10-21 18:00:00+01:00;11.5;14.638337
1900-10-21 19:00:00+01:00;10.8;12.8257983
1900-10-21 20:00:00+01:00;11.1;11.497931
1900-10-21 21:00:00+01:00;10.1;10.624333
1900-10-21 22:00:00+01:00;9.4;10.151469
1900-10-21 23:00:00+01:00;10.3;9.831164
1900-10-22 00:00:00+01:00;11;9.64108
1900-10-22 01:00:00+01:00;11.1;9.385228
1900-10-22 02:00:00+01:00;11.3;9.321358
1900-10-22 03:00:00+01:00;11.2;9.303854
1900-10-22 04:00:00+01:00;11;9.54541
1900-10-22 05:00:00+01:00;10.7;10.363691
1900-10-22 06:00:00+01:00;10.4;13.5274489
1900-10-22 07:00:00+01:00;10.9;18.092298
1900-10-22 08:00:00+01:00;10.9;21.030319
1900-10-22 09:00:00+01:00;10.5;23.05201
1900-10-22 10:00:00+01:00;12;24.84882
1900-10-22 11:00:00+01:00;12.9;25.05221
1900-10-22 12:00:00+01:00;14.2;25.15671
1900-10-22 13:00:00+01:00;14.8;25.11921
1900-10-22 14:00:00+01:00;14.5;24.97428
1900-10-22 15:00:00+01:00;19.6;27.26599476
1900-10-22 16:00:00+01:00;18.6;24.8043968
1900-10-22 17:00:00+01:00;14.6;21.288165
1900-10-22 18:00:00+01:00;13.8;19.800912
1900-10-22 19:00:00+01:00;13.1;18.402104
1900-10-22 20:00:00+01:00;13;16.13427
1900-10-22 21:00:00+01:00;13.2;13.5223135
1900-10-22 22:00:00+01:00;11.5;11.653114
1900-10-22 23:00:00+01:00;11.5;10.539138
1900-10-23 00:00:00+01:00;10.4;9.64108
1900-10-23 01:00:00+01:00;11.3;9.385228
1900-10-23 02:00:00+01:00;10;9.321358
1900-10-23 03:00:00+01:00;8.5;9.303854
1900-10-23 04:00:00+01:00;9.4;9.54541
1900-10-23 05:00:00+01:00;7.9;10.363691
1900-10-23 06:00:00+01:00;8;13.5274489
1900-10-23 07:00:00+01:00;9.1;18.092298
1900-10-23 08:00:00+01:00;9.6;21.030319
1900-10-23 09:00:00+01:00;9.8;23.05201
1900-10-23 10:00:00+01:00;11.2;24.84882
1900-10-23 11:00:00+01:00;13.7;25.05221
1900-10-23 12:00:00+01:00;13;25.15671
1900-10-23 13:00:00+01:00;12.6;25.11921
1900-10-23 14:00:00+01:00;11.6;24.97428
1900-10-23 15:00:00+01:00;11;24.81357
1900-10-23 16:00:00+01:00;10;23.41507
1900-10-23 17:00:00+01:00;7.2;21.288165
1900-10-23 18:00:00+01:00;5.9;19.800912
1900-10-23 19:00:00+01:00;5;18.402104
1900-10-23 20:00:00+01:00;4.7;16.13427
1900-10-23 21:00:00+01:00;3.6;13.5223135
1900-10-23 22:00:00+01:00;3.7;11.653114
1900-10-23 23:00:00+01:00;4.1;10.539138
1900-10-24 00:00:00+01:00;3.8;9.64108
1900-10-24 01:00:00+01:00;4;9.385228
1900-10-24 02:00:00+01:00;3.6;9.321358
1900-10-24 03:00:00+01:00;3.8;9.303854
1900-10-24 04:00:00+01:00;3.8;9.54541
1900-10-24 05:00:00+01:00;3.8;10.363691
1900-10-24 06:00:00+01:00;3.5;13.5274489
1900-10-24 07:00:00+01:00;3.5;18.092298
1900-10-24 08:00:00+01:00;4;21.030319
1900-10-24 09:00:00+01:00;5.9;23.05201
1900-10-24 10:00:00+01:00;8.3;24.84882
1900-10-24 11:00:00+01:00;8.3;25.05221
1900-10-24 12:00:00+01:00;8;25.15671
1900-10-24 13:00:00+01:00;7.9;25.11921
1900-10-24 14:00:00+01:00;7.8;24.97428
1900-10-24 15:00:00+01:00;7;24.81357
1900-10-24 16:00:00+01:00;6.4;23.41507
1900-10-24 17:00:00+01:00;6.1;21.288165
1900-10-24 18:00:00+01:00;5.9;19.800912
1900-10-24 19:00:00+01:00;5.6;18.402104
1900-10-24 20:00:00+01:00;5;16.13427
1900-10-24 21:00:00+01:00;5.3;13.5223135
1900-10-24 22:00:00+01:00;4.9;11.653114
1900-10-24 23:00:00+01:00;4.7;10.539138
1900-10-25 00:00:00+01:00;4.3;9.64108
1900-10-25 01:00:00+01:00;3.5;9.385228
1900-10-25 02:00:00+01:00;3.4;9.321358
1900-10-25 03:00:00+01:00;3.2;9.303854
1900-10-25 04:00:00+01:00;3;9.54541
1900-10-25 05:00:00+01:00;2.2;10.363691
1900-10-25 06:00:00+01:00;1.9;13.5274489
1900-10-25 07:00:00+01:00;1.1;18.092298
1900-10-25 08:00:00+01:00;1.2;21.030319
1900-10-25 09:00:00+01:00;0.9;23.05201
1900-10-25 10:00:00+01:00;1.8;24.84882
1900-10-25 11:00:00+01:00;2.4;25.05221
1900-10-25 12:00:00+01:00;2.3;25.15671
1900-10-25 13:00:00+01:00;2.8;25.11921
1900-10-25 14:00:00+01:00;2.7;24.97428
1900-10-25 15:00:00+01:00;2.6;24.81357
1900-10-25 16:00:00+01:00;2.6;23.41507
1900-10-25 17:00:00+01:00;2.9;21.288165
1900-10-25 18:00:00+01:00;2.7;19.800912
1900-10-25 19:00:00+01:00;2.8;18.402104
1900-10-25 20:00:00+01:00;3.2;16.13427
1900-10-25 21:00:00+01:00;4;13.5223135
1900-10-25 22:00:00+01:00;4.6;11.653114
1900-10-25 23:00:00+01:00;5.3;10.539138
1900-10-26 00:00:00+01:00;8.9;9.64108
1900-10-26 01:00:00+01:00;9.8;9.385228
1900-10-26 02:00:00+01:00;9.5;9.321358
1900-10-26 03:00:00+01:00;9.7;9.303854
1900-10-26 04:00:00+01:00;10.2;9.54541
1900-10-26 05:00:00+01:00;10.1;10.363691
1900-10-26 06:00:00+01:00;10.1;13.5274489
1900-10-26 07:00:00+01:00;10.3;18.092298
1900-10-26 08:00:00+01:00;10.6;21.030319
1900-10-26 09:00:00+01:00;9.8;23.05201
1900-10-26 10:00:00+01:00;10;24.84882
1900-10-26 11:00:00+01:00;10.6;25.05221
1900-10-26 12:00:00+01:00;10.6;25.15671
1900-10-26 13:00:00+01:00;10.7;25.11921
1900-10-26 14:00:00+01:00;10.3;24.97428
1900-10-26 15:00:00+01:00;10.3;24.81357
1900-10-26 16:00:00+01:00;10.1;23.41507
1900-10-26 17:00:00+01:00;10.4;21.288165
1900-10-26 18:00:00+01:00;9.7;19.800912
1900-10-26 19:00:00+01:00;9.3;18.402104
1900-10-26 20:00:00+01:00;9;16.13427
1900-10-26 21:00:00+01:00;7.1;13.5223135
1900-10-26 22:00:00+01:00;7.3;11.653114
1900-10-26 23:00:00+01:00;7.2;10.539138
1900-10-27 00:00:00+01:00;6.6;10.010882
1900-10-27 01:00:00+01:00;6.4;9.713938
1900-10-27 02:00:00+01:00;6.1;9.568476
1900-10-27 03:00:00+01:00;6;9.283135
1900-10-27 04:00:00+01:00;6;9.150213
1900-10-27 05:00:00+01:00;5.3;9.247971
1900-10-27 06:00:00+01:00;5;9.714335
1900-10-27 07:00:00+01:00;4.9;10.416313
1900-10-27 08:00:00+01:00;4.8;12.5900159
1900-10-27 09:00:00+01:00;4.8;15.882276
1900-10-27 10:00:00+01:00;4.4;18.363592
1900-10-27 11:00:00+01:00;4.5;19.002148
1900-10-27 12:00:00+01:00;4.4;19.313076
1900-10-27 13:00:00+01:00;4.1;19.429464
1900-10-27 14:00:00+01:00;3.5;18.779088
1900-10-27 15:00:00+01:00;2.9;17.831505
1900-10-27 16:00:00+01:00;2;16.999584
1900-10-27 17:00:00+01:00;2;16.250017
1900-10-27 18:00:00+01:00;2.2;14.638337
1900-10-27 19:00:00+01:00;2;12.8257983
1900-10-27 20:00:00+01:00;1;11.497931
1900-10-27 21:00:00+01:00;0.8;10.624333
1900-10-27 22:00:00+01:00;0.7;10.151469
1900-10-27 23:00:00+01:00;0.9;9.831164
1900-10-28 00:00:00+01:00;1.7;10.010882
1900-10-28 01:00:00+01:00;1.8;9.713938
1900-10-28 02:00:00+01:00;1.6;9.568476
1900-10-28 03:00:00+01:00;1.5;9.283135
1900-10-28 04:00:00+01:00;1.3;9.150213
1900-10-28 05:00:00+01:00;1.3;9.247971
1900-10-28 06:00:00+01:00;1.4;9.714335
1900-10-28 07:00:00+01:00;1.5;10.416313
1900-10-28 08:00:00+01:00;2.7;12.5900159
1900-10-28 09:00:00+01:00;2;15.882276
1900-10-28 10:00:00+01:00;2.3;18.363592
1900-10-28 11:00:00+01:00;2.6;19.002148
1900-10-28 12:00:00+01:00;2.9;19.313076
1900-10-28 13:00:00+01:00;2.9;19.429464
1900-10-28 14:00:00+01:00;3;18.779088
1900-10-28 15:00:00+01:00;3;17.831505
1900-10-28 16:00:00+01:00;3;16.999584
1900-10-28 17:00:00+01:00;2.9;16.250017
1900-10-28 18:00:00+01:00;3;14.638337
1900-10-28 19:00:00+01:00;3.1;12.8257983
1900-10-28 20:00:00+01:00;3;11.497931
1900-10-28 21:00:00+01:00;3.1;10.624333
1900-10-28 22:00:00+01:00;3.1;10.151469
1900-10-28 23:00:00+01:00;3.2;9.831164
1900-10-29 00:00:00+01:00;3.3;9.64108
1900-10-29 01:00:00+01:00;3.5;9.385228
1900-10-29 02:00:00+01:00;4;9.321358
1900-10-29 03:00:00+01:00;4.2;9.303854
1900-10-29 04:00:00+01:00;4.5;9.54541
1900-10-29 05:00:00+01:00;4.6;10.363691
1900-10-29 06:00:00+01:00;5;13.5274489
1900-10-29 07:00:00+01:00;5.8;18.092298
1900-10-29 08:00:00+01:00;6.5;21.030319
1900-10-29 09:00:00+01:00;9.6;23.05201
1900-10-29 10:00:00+01:00;9.5;24.84882
1900-10-29 11:00:00+01:00;9.5;25.05221
1900-10-29 12:00:00+01:00;9.4;25.15671
1900-10-29 13:00:00+01:00;9.4;25.11921
1900-10-29 14:00:00+01:00;9;24.97428
1900-10-29 15:00:00+01:00;8.3;24.81357
1900-10-29 16:00:00+01:00;7.9;23.41507
1900-10-29 17:00:00+01:00;7.4;21.288165
1900-10-29 18:00:00+01:00;6.6;19.800912
1900-10-29 19:00:00+01:00;5.4;18.402104
1900-10-29 20:00:00+01:00;4.6;16.13427
1900-10-29 21:00:00+01:00;4.3;13.5223135
1900-10-29 22:00:00+01:00;3.3;11.653114
1900-10-29 23:00:00+01:00;3.4;10.539138
1900-10-30 00:00:00+01:00;3.4;9.64108
1900-10-30 01:00:00+01:00;4.4;9.385228
1900-10-30 02:00:00+01:00;5.3;9.321358
1900-10-30 03:00:00+01:00;6.1;9.303854
1900-10-30 04:00:00+01:00;7.5;9.54541
1900-10-30 05:00:00+01:00;6.7;10.363691
1900-10-30 06:00:00+01:00;6.3;13.5274489
1900-10-30 07:00:00+01:00;5.4;18.092298
1900-10-30 08:00:00+01:00;5.2;21.030319
1900-10-30 09:00:00+01:00;5.1;23.05201
1900-10-30 10:00:00+01:00;5;24.84882
1900-10-30 11:00:00+01:00;5.1;25.05221
1900-10-30 12:00:00+01:00;5.5;25.15671
1900-10-30 13:00:00+01:00;5.6;25.11921
1900-10-30 14:00:00+01:00;5.4;24.97428
1900-10-30 15:00:00+01:00;5.2;24.81357
1900-10-30 16:00:00+01:00;5;23.41507
1900-10-30 17:00:00+01:00;4.9;21.288165
1900-10-30 18:00:00+01:00;4.4;19.800912
1900-10-30 19:00:00+01:00;4.2;18.402104
1900-10-30 20:00:00+01:00;4;16.13427
1900-10-30 21:00:00+01:00;3.9;13.5223135
1900-10-30 22:00:00+01:00;3.7;11.653114
1900-10-30 23:00:00+01:00;2.3;10.539138
1900-10-31 00:00:00+01:00;2.5;9.64108
1900-10-31 01:00:00+01:00;2.5;9.385228
1900-10-31 02:00:00+01:00;2.7;9.321358
1900-10-31 03:00:00+01:00;2.3;9.303854
1900-10-31 04:00:00+01:00;2.4;9.54541
1900-10-31 05:00:00+01:00;2.1;10.363691
1900-10-31 06:00:00+01:00;1.6;13.5274489
1900-10-31 07:00:00+01:00;1.7;18.092298
1900-10-31 08:00:00+01:00;1;21.030319
1900-10-31 09:00:00+01:00;0.8;23.05201
1900-10-31 10:00:00+01:00;0.7;24.84882
1900-10-31 11:00:00+01:00;1.5;25.05221
1900-10-31 12:00:00+01:00;1.8;25.15671
1900-10-31 13:00:00+01:00;2.1;25.11921
1900-10-31 14:00:00+01:00;2;24.97428
1900-10-31 15:00:00+01:00;1.9;24.81357
1900-10-31 16:00:00+01:00;1.8;23.41507
1900-10-31 17:00:00+01:00;1.4;21.288165
1900-10-31 18:00:00+01:00;0.7;19.800912
1900-10-31 19:00:00+01:00;0.3;18.402104
1900-10-31 20:00:00+01:00;0.3;16.13427
1900-10-31 21:00:00+01:00;-0.1;13.5223135
1900-10-31 22:00:00+01:00;1.6;11.653114
1900-10-31 23:00:00+01:00;2.5;10.539138
1900-11-01 00:00:00+01:00;4.2;9.64108
1900-11-01 01:00:00+01:00;5.7;9.385228
1900-11-01 02:00:00+01:00;8.2;9.321358
1900-11-01 03:00:00+01:00;8.8;9.303854
1900-11-01 04:00:00+01:00;9.4;9.54541
1900-11-01 05:00:00+01:00;9.2;10.363691
1900-11-01 06:00:00+01:00;7.9;13.5274489
1900-11-01 07:00:00+01:00;6.9;18.092298
1900-11-01 08:00:00+01:00;6.9;21.030319
1900-11-01 09:00:00+01:00;7.6;23.05201
1900-11-01 10:00:00+01:00;8.4;24.84882
1900-11-01 11:00:00+01:00;9.3;25.05221
1900-11-01 12:00:00+01:00;12.9;25.15671
1900-11-01 13:00:00+01:00;10.4;25.11921
1900-11-01 14:00:00+01:00;10.8;24.97428
1900-11-01 15:00:00+01:00;9.7;24.81357
1900-11-01 16:00:00+01:00;8;23.41507
1900-11-01 17:00:00+01:00;6.9;21.288165
1900-11-01 18:00:00+01:00;6.7;19.800912
1900-11-01 19:00:00+01:00;6.6;18.402104
1900-11-01 20:00:00+01:00;6.3;16.13427
1900-11-01 21:00:00+01:00;5.6;13.5223135
1900-11-01 22:00:00+01:00;4.4;11.653114
1900-11-01 23:00:00+01:00;3;10.539138
1900-11-02 00:00:00+01:00;2;9.64108
1900-11-02 01:00:00+01:00;0.7;9.385228
1900-11-02 02:00:00+01:00;0.6;9.321358
1900-11-02 03:00:00+01:00;0.4;9.303854
1900-11-02 04:00:00+01:00;0.1;9.54541
1900-11-02 05:00:00+01:00;0.7;10.363691
1900-11-02 06:00:00+01:00;2.6;13.5274489
1900-11-02 07:00:00+01:00;3.6;18.092298
1900-11-02 08:00:00+01:00;3.8;21.030319
1900-11-02 09:00:00+01:00;4.3;23.05201
1900-11-02 10:00:00+01:00;5.3;24.84882
1900-11-02 11:00:00+01:00;5.5;25.05221
1900-11-02 12:00:00+01:00;6;25.15671
1900-11-02 13:00:00+01:00;5.8;25.11921
1900-11-02 14:00:00+01:00;5.7;24.97428
1900-11-02 15:00:00+01:00;6.1;24.81357
1900-11-02 16:00:00+01:00;6.4;23.41507
1900-11-02 17:00:00+01:00;6.2;21.288165
1900-11-02 18:00:00+01:00;6.3;19.800912
1900-11-02 19:00:00+01:00;6.4;18.402104
1900-11-02 20:00:00+01:00;6;16.13427
1900-11-02 21:00:00+01:00;5.9;13.5223135
1900-11-02 22:00:00+01:00;5.7;11.653114
1900-11-02 23:00:00+01:00;5.5;10.539138
1900-11-03 00:00:00+01:00;5.1;10.010882
1900-11-03 01:00:00+01:00;5.2;9.713938
1900-11-03 02:00:00+01:00;4.5;9.568476
1900-11-03 03:00:00+01:00;4.4;9.283135
1900-11-03 04:00:00+01:00;4;9.150213
1900-11-03 05:00:00+01:00;4.5;9.247971
1900-11-03 06:00:00+01:00;5;9.714335
1900-11-03 07:00:00+01:00;5.3;10.416313
1900-11-03 08:00:00+01:00;5.4;12.5900159
1900-11-03 09:00:00+01:00;4.4;15.882276
1900-11-03 10:00:00+01:00;3.9;18.363592
1900-11-03 11:00:00+01:00;3.8;19.002148
1900-11-03 12:00:00+01:00;3.3;19.313076
1900-11-03 13:00:00+01:00;3.4;19.429464
1900-11-03 14:00:00+01:00;3.5;18.779088
1900-11-03 15:00:00+01:00;3.7;17.831505
1900-11-03 16:00:00+01:00;4;16.999584
1900-11-03 17:00:00+01:00;4.6;16.250017
1900-11-03 18:00:00+01:00;4.6;14.638337
1900-11-03 19:00:00+01:00;4.7;12.8257983
1900-11-03 20:00:00+01:00;5;11.497931
1900-11-03 21:00:00+01:00;5.1;10.624333
1900-11-03 22:00:00+01:00;4.8;10.151469
1900-11-03 23:00:00+01:00;4.9;9.831164
1900-11-04 00:00:00+01:00;4.6;10.010882
1900-11-04 01:00:00+01:00;4.6;9.713938
1900-11-04 02:00:00+01:00;3.8;9.568476
1900-11-04 03:00:00+01:00;4.1;9.283135
1900-11-04 04:00:00+01:00;3.9;9.150213
1900-11-04 05:00:00+01:00;2.9;9.247971
1900-11-04 06:00:00+01:00;2.3;9.714335
1900-11-04 07:00:00+01:00;2.4;10.416313
1900-11-04 08:00:00+01:00;1.7;12.5900159
1900-11-04 09:00:00+01:00;2.1;15.882276
1900-11-04 10:00:00+01:00;2.8;18.363592
1900-11-04 11:00:00+01:00;3.3;19.002148
1900-11-04 12:00:00+01:00;5.5;19.313076
1900-11-04 13:00:00+01:00;4.1;19.429464
1900-11-04 14:00:00+01:00;4;18.779088
1900-11-04 15:00:00+01:00;3.7;17.831505
1900-11-04 16:00:00+01:00;3.4;16.999584
1900-11-04 17:00:00+01:00;3.1;16.250017
1900-11-04 18:00:00+01:00;2.5;14.638337
1900-11-04 19:00:00+01:00;2;12.8257983
1900-11-04 20:00:00+01:00;0.9;11.497931
1900-11-04 21:00:00+01:00;0.6;10.624333
1900-11-04 22:00:00+01:00;0.5;10.151469
1900-11-04 23:00:00+01:00;0.2;9.831164
1900-11-05 00:00:00+01:00;1.1;9.64108
1900-11-05 01:00:00+01:00;1;9.385228
1900-11-05 02:00:00+01:00;1;9.321358
1900-11-05 03:00:00+01:00;1.4;9.303854
1900-11-05 04:00:00+01:00;1.1;9.54541
1900-11-05 05:00:00+01:00;1.1;10.363691
1900-11-05 06:00:00+01:00;1;13.5274489
1900-11-05 07:00:00+01:00;1.1;18.092298
1900-11-05 08:00:00+01:00;1.1;21.030319
1900-11-05 09:00:00+01:00;1.4;23.05201
1900-11-05 10:00:00+01:00;1;24.84882
1900-11-05 11:00:00+01:00;0.9;25.05221
1900-11-05 12:00:00+01:00;1.1;25.15671
1900-11-05 13:00:00+01:00;1.4;25.11921
1900-11-05 14:00:00+01:00;1.3;24.97428
1900-11-05 15:00:00+01:00;1.2;24.81357
1900-11-05 16:00:00+01:00;1.3;23.41507
1900-11-05 17:00:00+01:00;1;21.288165
1900-11-05 18:00:00+01:00;0.7;19.800912
1900-11-05 19:00:00+01:00;0.7;18.402104
1900-11-05 20:00:00+01:00;0.3;16.13427
1900-11-05 21:00:00+01:00;0.2;13.5223135
1900-11-05 22:00:00+01:00;0.2;11.653114
1900-11-05 23:00:00+01:00;0.2;10.539138
1900-11-06 00:00:00+01:00;0.6;9.64108
1900-11-06 01:00:00+01:00;0.7;9.385228
1900-11-06 02:00:00+01:00;1.3;9.321358
1900-11-06 03:00:00+01:00;2.2;9.303854
1900-11-06 04:00:00+01:00;3.2;9.54541
1900-11-06 05:00:00+01:00;5.4;10.363691
1900-11-06 06:00:00+01:00;8;13.5274489
1900-11-06 07:00:00+01:00;8.6;18.092298
1900-11-06 08:00:00+01:00;9.1;21.030319
1900-11-06 09:00:00+01:00;8.7;23.05201
1900-11-06 10:00:00+01:00;9.2;24.84882
1900-11-06 11:00:00+01:00;9.5;25.05221
1900-11-06 12:00:00+01:00;9.8;25.15671
1900-11-06 13:00:00+01:00;10.8;25.11921
1900-11-06 14:00:00+01:00;8.9;24.97428
1900-11-06 15:00:00+01:00;8.3;24.81357
1900-11-06 16:00:00+01:00;7.5;23.41507
1900-11-06 17:00:00+01:00;7.2;21.288165
1900-11-06 18:00:00+01:00;6.8;19.800912
1900-11-06 19:00:00+01:00;6.2;18.402104
1900-11-06 20:00:00+01:00;5.8;16.13427
1900-11-06 21:00:00+01:00;4.9;13.5223135
1900-11-06 22:00:00+01:00;3.2;11.653114
1900-11-06 23:00:00+01:00;4;10.539138
1900-11-07 00:00:00+01:00;2.7;9.64108
1900-11-07 01:00:00+01:00;2;9.385228
1900-11-07 02:00:00+01:00;2.8;9.321358
1900-11-07 03:00:00+01:00;3.4;9.303854
1900-11-07 04:00:00+01:00;2.3;9.54541
1900-11-07 05:00:00+01:00;2.3;10.363691
1900-11-07 06:00:00+01:00;2.7;13.5274489
1900-11-07 07:00:00+01:00;5.9;18.092298
1900-11-07 08:00:00+01:00;6.7;21.030319
1900-11-07 09:00:00+01:00;7.7;23.05201
1900-11-07 10:00:00+01:00;8.5;24.84882
1900-11-07 11:00:00+01:00;9;25.05221
1900-11-07 12:00:00+01:00;9.6;25.15671
1900-11-07 13:00:00+01:00;10.1;25.11921
1900-11-07 14:00:00+01:00;8.2;24.97428
1900-11-07 15:00:00+01:00;8;24.81357
1900-11-07 16:00:00+01:00;8.4;23.41507
1900-11-07 17:00:00+01:00;8.4;21.288165
1900-11-07 18:00:00+01:00;10.3;19.800912
1900-11-07 19:00:00+01:00;11.2;18.402104
1900-11-07 20:00:00+01:00;11.6;16.13427
1900-11-07 21:00:00+01:00;11.4;13.5223135
1900-11-07 22:00:00+01:00;11;11.653114
1900-11-07 23:00:00+01:00;10.5;10.539138
1900-11-08 00:00:00+01:00;9;9.64108
1900-11-08 01:00:00+01:00;8.1;9.385228
1900-11-08 02:00:00+01:00;7.4;9.321358
1900-11-08 03:00:00+01:00;6.6;9.303854
1900-11-08 04:00:00+01:00;6.5;9.54541
1900-11-08 05:00:00+01:00;5.5;10.363691
1900-11-08 06:00:00+01:00;6;13.5274489
1900-11-08 07:00:00+01:00;5.8;18.092298
1900-11-08 08:00:00+01:00;5.6;21.030319
1900-11-08 09:00:00+01:00;4.5;23.05201
1900-11-08 10:00:00+01:00;5;24.84882
1900-11-08 11:00:00+01:00;6.1;25.05221
1900-11-08 12:00:00+01:00;6.5;25.15671
1900-11-08 13:00:00+01:00;7.1;25.11921
1900-11-08 14:00:00+01:00;6.4;24.97428
1900-11-08 15:00:00+01:00;5.8;24.81357
1900-11-08 16:00:00+01:00;6.7;23.41507
1900-11-08 17:00:00+01:00;6.8;21.288165
1900-11-08 18:00:00+01:00;6.6;19.800912
1900-11-08 19:00:00+01:00;6.4;18.402104
1900-11-08 20:00:00+01:00;6.3;16.13427
1900-11-08 21:00:00+01:00;5.7;13.5223135
1900-11-08 22:00:00+01:00;5.4;11.653114
1900-11-08 23:00:00+01:00;3.9;10.539138
1900-11-09 00:00:00+01:00;3.6;9.64108
1900-11-09 01:00:00+01:00;3;9.385228
1900-11-09 02:00:00+01:00;2.5;9.321358
1900-11-09 03:00:00+01:00;2;9.303854
1900-11-09 04:00:00+01:00;0.4;9.54541
1900-11-09 05:00:00+01:00;0.4;10.363691
1900-11-09 06:00:00+01:00;0.9;13.5274489
1900-11-09 07:00:00+01:00;0.4;18.092298
1900-11-09 08:00:00+01:00;0.9;21.030319
1900-11-09 09:00:00+01:00;2.3;23.05201
1900-11-09 10:00:00+01:00;4.8;24.84882
1900-11-09 11:00:00+01:00;4.4;25.05221
1900-11-09 12:00:00+01:00;3.6;25.15671
1900-11-09 13:00:00+01:00;4.1;25.11921
1900-11-09 14:00:00+01:00;6.8;24.97428
1900-11-09 15:00:00+01:00;6.2;24.81357
1900-11-09 16:00:00+01:00;6;23.41507
1900-11-09 17:00:00+01:00;5.6;21.288165
1900-11-09 18:00:00+01:00;4;19.800912
1900-11-09 19:00:00+01:00;4;18.402104
1900-11-09 20:00:00+01:00;3.5;16.13427
1900-11-09 21:00:00+01:00;2.8;13.5223135
1900-11-09 22:00:00+01:00;1;11.653114
1900-11-09 23:00:00+01:00;0.1;10.539138
1900-11-10 00:00:00+01:00;0.2;10.010882
1900-11-10 01:00:00+01:00;-0.3;9.713938
1900-11-10 02:00:00+01:00;-0.3;9.568476
1900-11-10 03:00:00+01:00;0.8;9.283135
1900-11-10 04:00:00+01:00;0.9;9.150213
1900-11-10 05:00:00+01:00;0;9.247971
1900-11-10 06:00:00+01:00;-1;9.714335
1900-11-10 07:00:00+01:00;-0.7;10.416313
1900-11-10 08:00:00+01:00;-0.3;12.5900159
1900-11-10 09:00:00+01:00;0.8;15.882276
1900-11-10 10:00:00+01:00;2.6;18.363592
1900-11-10 11:00:00+01:00;3.2;19.002148
1900-11-10 12:00:00+01:00;3.3;19.313076
1900-11-10 13:00:00+01:00;3.2;19.429464
1900-11-10 14:00:00+01:00;3;18.779088
1900-11-10 15:00:00+01:00;3;17.831505
1900-11-10 16:00:00+01:00;2.7;16.999584
1900-11-10 17:00:00+01:00;4.2;16.250017
1900-11-10 18:00:00+01:00;4.4;14.638337
1900-11-10 19:00:00+01:00;3.1;12.8257983
1900-11-10 20:00:00+01:00;3.1;11.497931
1900-11-10 21:00:00+01:00;3;10.624333
1900-11-10 22:00:00+01:00;3;10.151469
1900-11-10 23:00:00+01:00;3;9.831164
1900-11-11 00:00:00+01:00;3;10.010882
1900-11-11 01:00:00+01:00;2.9;9.713938
1900-11-11 02:00:00+01:00;2.7;9.568476
1900-11-11 03:00:00+01:00;2.9;9.283135
1900-11-11 04:00:00+01:00;3.5;9.150213
1900-11-11 05:00:00+01:00;5.6;9.247971
1900-11-11 06:00:00+01:00;5.7;9.714335
1900-11-11 07:00:00+01:00;7;10.416313
1900-11-11 08:00:00+01:00;7.8;12.5900159
1900-11-11 09:00:00+01:00;7.5;15.882276
1900-11-11 10:00:00+01:00;8.5;18.363592
1900-11-11 11:00:00+01:00;9.5;19.002148
1900-11-11 12:00:00+01:00;11.5;19.313076
1900-11-11 13:00:00+01:00;12.3;19.429464
1900-11-11 14:00:00+01:00;12;18.779088
1900-11-11 15:00:00+01:00;10.9;17.831505
1900-11-11 16:00:00+01:00;9.9;16.999584
1900-11-11 17:00:00+01:00;8.6;16.250017
1900-11-11 18:00:00+01:00;8.4;14.638337
1900-11-11 19:00:00+01:00;7.8;12.8257983
1900-11-11 20:00:00+01:00;7.6;11.497931
1900-11-11 21:00:00+01:00;7.3;10.624333
1900-11-11 22:00:00+01:00;8;10.151469
1900-11-11 23:00:00+01:00;8.1;9.831164
1900-11-12 00:00:00+01:00;8.2;9.64108
1900-11-12 01:00:00+01:00;7.5;9.385228
1900-11-12 02:00:00+01:00;7.4;9.321358
1900-11-12 03:00:00+01:00;7;9.303854
1900-11-12 04:00:00+01:00;6;9.54541
1900-11-12 05:00:00+01:00;6;10.363691
1900-11-12 06:00:00+01:00;6.8;13.5274489
1900-11-12 07:00:00+01:00;6;18.092298
1900-11-12 08:00:00+01:00;5.2;21.030319
1900-11-12 09:00:00+01:00;5;23.05201
1900-11-12 10:00:00+01:00;4.7;24.84882
1900-11-12 11:00:00+01:00;5;25.05221
1900-11-12 12:00:00+01:00;5.7;25.15671
1900-11-12 13:00:00+01:00;4.9;25.11921
1900-11-12 14:00:00+01:00;4.6;24.97428
1900-11-12 15:00:00+01:00;4.8;24.81357
1900-11-12 16:00:00+01:00;5.3;23.41507
1900-11-12 17:00:00+01:00;6.1;21.288165
1900-11-12 18:00:00+01:00;5.2;19.800912
1900-11-12 19:00:00+01:00;4.7;18.402104
1900-11-12 20:00:00+01:00;4.3;16.13427
1900-11-12 21:00:00+01:00;3.7;13.5223135
1900-11-12 22:00:00+01:00;3.6;11.653114
1900-11-12 23:00:00+01:00;3.8;10.539138
1900-11-13 00:00:00+01:00;4.2;9.64108
1900-11-13 01:00:00+01:00;4.2;9.385228
1900-11-13 02:00:00+01:00;4.2;9.321358
1900-11-13 03:00:00+01:00;5.4;9.303854
1900-11-13 04:00:00+01:00;4.7;9.54541
1900-11-13 05:00:00+01:00;5.1;10.363691
1900-11-13 06:00:00+01:00;5.5;13.5274489
1900-11-13 07:00:00+01:00;4.6;18.092298
1900-11-13 08:00:00+01:00;4.8;21.030319
1900-11-13 09:00:00+01:00;5.2;23.05201
1900-11-13 10:00:00+01:00;5;24.84882
1900-11-13 11:00:00+01:00;7.1;25.05221
1900-11-13 12:00:00+01:00;10;25.15671
1900-11-13 13:00:00+01:00;10.6;25.11921
1900-11-13 14:00:00+01:00;10;24.97428
1900-11-13 15:00:00+01:00;7.2;24.81357
1900-11-13 16:00:00+01:00;4.5;23.41507
1900-11-13 17:00:00+01:00;3.6;21.288165
1900-11-13 18:00:00+01:00;2.7;19.800912
1900-11-13 19:00:00+01:00;2.1;18.402104
1900-11-13 20:00:00+01:00;1.6;16.13427
1900-11-13 21:00:00+01:00;1;13.5223135
1900-11-13 22:00:00+01:00;1.2;11.653114
1900-11-13 23:00:00+01:00;0.5;10.539138
1900-11-14 00:00:00+01:00;0.8;9.64108
1900-11-14 01:00:00+01:00;0.5;9.385228
1900-11-14 02:00:00+01:00;0.1;9.321358
1900-11-14 03:00:00+01:00;-0.6;9.303854
1900-11-14 04:00:00+01:00;-0.7;9.54541
1900-11-14 05:00:00+01:00;-0.6;10.363691
1900-11-14 06:00:00+01:00;-0.6;13.5274489
1900-11-14 07:00:00+01:00;1.2;18.092298
1900-11-14 08:00:00+01:00;1.2;21.030319
1900-11-14 09:00:00+01:00;1.4;23.05201
1900-11-14 10:00:00+01:00;1.6;24.84882
1900-11-14 11:00:00+01:00;1.6;25.05221
1900-11-14 12:00:00+01:00;1.5;25.15671
1900-11-14 13:00:00+01:00;1.6;25.11921
1900-11-14 14:00:00+01:00;1.5;24.97428
1900-11-14 15:00:00+01:00;1.8;24.81357
1900-11-14 16:00:00+01:00;1.9;23.41507
1900-11-14 17:00:00+01:00;2.5;21.288165
1900-11-14 18:00:00+01:00;2.6;19.800912
1900-11-14 19:00:00+01:00;3;18.402104
1900-11-14 20:00:00+01:00;2.4;16.13427
1900-11-14 21:00:00+01:00;2.7;13.5223135
1900-11-14 22:00:00+01:00;2.1;11.653114
1900-11-14 23:00:00+01:00;1.8;10.539138
1900-11-15 00:00:00+01:00;1.7;9.64108
1900-11-15 01:00:00+01:00;1.7;9.385228
1900-11-15 02:00:00+01:00;1.7;9.321358
1900-11-15 03:00:00+01:00;1.9;9.303854
1900-11-15 04:00:00+01:00;2;9.54541
1900-11-15 05:00:00+01:00;2.2;10.363691
1900-11-15 06:00:00+01:00;2.4;13.5274489
1900-11-15 07:00:00+01:00;2.6;18.092298
1900-11-15 08:00:00+01:00;2.5;21.030319
1900-11-15 09:00:00+01:00;2.6;23.05201
1900-11-15 10:00:00+01:00;2.8;24.84882
1900-11-15 11:00:00+01:00;2.9;25.05221
1900-11-15 12:00:00+01:00;3;25.15671
1900-11-15 13:00:00+01:00;3.2;25.11921
1900-11-15 14:00:00+01:00;3.2;24.97428
1900-11-15 15:00:00+01:00;3.4;24.81357
1900-11-15 16:00:00+01:00;3.3;23.41507
1900-11-15 17:00:00+01:00;3.4;21.288165
1900-11-15 18:00:00+01:00;3.5;19.800912
1900-11-15 19:00:00+01:00;3.1;18.402104
1900-11-15 20:00:00+01:00;2.8;16.13427
1900-11-15 21:00:00+01:00;2.4;13.5223135
1900-11-15 22:00:00+01:00;1.9;11.653114
1900-11-15 23:00:00+01:00;2.5;10.539138
1900-11-16 00:00:00+01:00;2.8;9.64108
1900-11-16 01:00:00+01:00;2.4;9.385228
1900-11-16 02:00:00+01:00;1.7;9.321358
1900-11-16 03:00:00+01:00;2.1;9.303854
1900-11-16 04:00:00+01:00;2.2;9.54541
1900-11-16 05:00:00+01:00;1.6;10.363691
1900-11-16 06:00:00+01:00;1.8;13.5274489
1900-11-16 07:00:00+01:00;1.6;18.092298
1900-11-16 08:00:00+01:00;1.1;21.030319
1900-11-16 09:00:00+01:00;1.4;23.05201
1900-11-16 10:00:00+01:00;1.8;24.84882
1900-11-16 11:00:00+01:00;1.9;25.05221
1900-11-16 12:00:00+01:00;1.8;25.15671
1900-11-16 13:00:00+01:00;2;25.11921
1900-11-16 14:00:00+01:00;2.5;24.97428
1900-11-16 15:00:00+01:00;2;24.81357
1900-11-16 16:00:00+01:00;1.8;23.41507
1900-11-16 17:00:00+01:00;1.5;21.288165
1900-11-16 18:00:00+01:00;1.5;19.800912
1900-11-16 19:00:00+01:00;1.5;18.402104
1900-11-16 20:00:00+01:00;1.5;16.13427
1900-11-16 21:00:00+01:00;1.3;13.5223135
1900-11-16 22:00:00+01:00;1.2;11.653114
1900-11-16 23:00:00+01:00;0.7;10.539138
1900-11-17 00:00:00+01:00;1.4;10.010882
1900-11-17 01:00:00+01:00;0.6;9.713938
1900-11-17 02:00:00+01:00;0.2;9.568476
1900-11-17 03:00:00+01:00;0.4;9.283135
1900-11-17 04:00:00+01:00;0;9.150213
1900-11-17 05:00:00+01:00;0.4;9.247971
1900-11-17 06:00:00+01:00;0.2;9.714335
1900-11-17 07:00:00+01:00;0;10.416313
1900-11-17 08:00:00+01:00;-0.6;12.5900159
1900-11-17 09:00:00+01:00;0.6;15.882276
1900-11-17 10:00:00+01:00;0.5;18.363592
1900-11-17 11:00:00+01:00;0.6;19.002148
1900-11-17 12:00:00+01:00;0.3;19.313076
1900-11-17 13:00:00+01:00;0;19.429464
1900-11-17 14:00:00+01:00;0.6;18.779088
1900-11-17 15:00:00+01:00;0;17.831505
1900-11-17 16:00:00+01:00;-1.2;16.999584
1900-11-17 17:00:00+01:00;-1.4;16.250017
1900-11-17 18:00:00+01:00;-1.7;14.638337
1900-11-17 19:00:00+01:00;-2.3;12.8257983
1900-11-17 20:00:00+01:00;-2.3;11.497931
1900-11-17 21:00:00+01:00;-2.8;10.624333
1900-11-17 22:00:00+01:00;-3;10.151469
1900-11-17 23:00:00+01:00;-2;9.831164
1900-11-18 00:00:00+01:00;-2.1;10.010882
1900-11-18 01:00:00+01:00;-3.9;9.713938
1900-11-18 02:00:00+01:00;-5.5;9.568476
1900-11-18 03:00:00+01:00;-5.8;9.283135
1900-11-18 04:00:00+01:00;-5.6;9.150213
1900-11-18 05:00:00+01:00;-6.3;9.247971
1900-11-18 06:00:00+01:00;-5.3;9.714335
1900-11-18 07:00:00+01:00;-5.6;10.416313
1900-11-18 08:00:00+01:00;-6.1;12.5900159
1900-11-18 09:00:00+01:00;-4.6;15.882276
1900-11-18 10:00:00+01:00;-3.1;18.363592
1900-11-18 11:00:00+01:00;-2.5;19.002148
1900-11-18 12:00:00+01:00;-1;19.313076
1900-11-18 13:00:00+01:00;-1.5;19.429464
1900-11-18 14:00:00+01:00;-1.7;18.779088
1900-11-18 15:00:00+01:00;-2;17.831505
1900-11-18 16:00:00+01:00;-2.5;16.999584
1900-11-18 17:00:00+01:00;-3.4;16.250017
1900-11-18 18:00:00+01:00;-4.3;14.638337
1900-11-18 19:00:00+01:00;-6.1;12.8257983
1900-11-18 20:00:00+01:00;-6.3;11.497931
1900-11-18 21:00:00+01:00;-6.6;10.624333
1900-11-18 22:00:00+01:00;-7.1;10.151469
1900-11-18 23:00:00+01:00;-8.3;9.831164
1900-11-19 00:00:00+01:00;-9.6;9.64108
1900-11-19 01:00:00+01:00;-8.8;9.385228
1900-11-19 02:00:00+01:00;-8.7;9.321358
1900-11-19 03:00:00+01:00;-9.3;9.303854
1900-11-19 04:00:00+01:00;-8.3;9.54541
1900-11-19 05:00:00+01:00;-6.3;10.363691
1900-11-19 06:00:00+01:00;-5.6;13.5274489
1900-11-19 07:00:00+01:00;-4.6;18.092298
1900-11-19 08:00:00+01:00;-3.6;21.030319
1900-11-19 09:00:00+01:00;-4.8;23.05201
1900-11-19 10:00:00+01:00;-3;24.84882
1900-11-19 11:00:00+01:00;-2.4;25.05221
1900-11-19 12:00:00+01:00;-2.5;25.15671
1900-11-19 13:00:00+01:00;-2.5;25.11921
1900-11-19 14:00:00+01:00;-2.5;24.97428
1900-11-19 15:00:00+01:00;-3;24.81357
1900-11-19 16:00:00+01:00;-3.3;23.41507
1900-11-19 17:00:00+01:00;-3.6;21.288165
1900-11-19 18:00:00+01:00;-4.1;19.800912
1900-11-19 19:00:00+01:00;-3;18.402104
1900-11-19 20:00:00+01:00;-3;16.13427
1900-11-19 21:00:00+01:00;-2.9;13.5223135
1900-11-19 22:00:00+01:00;-2.8;11.653114
1900-11-19 23:00:00+01:00;-4.3;10.539138
1900-11-20 00:00:00+01:00;-4.8;9.64108
1900-11-20 01:00:00+01:00;-4.3;9.385228
1900-11-20 02:00:00+01:00;-4;9.321358
1900-11-20 03:00:00+01:00;-4.1;9.303854
1900-11-20 04:00:00+01:00;-3.5;9.54541
1900-11-20 05:00:00+01:00;-3.8;10.363691
1900-11-20 06:00:00+01:00;-3.5;13.5274489
1900-11-20 07:00:00+01:00;-4;18.092298
1900-11-20 08:00:00+01:00;-4;21.030319
1900-11-20 09:00:00+01:00;-3.5;23.05201
1900-11-20 10:00:00+01:00;-4.6;24.84882
1900-11-20 11:00:00+01:00;-4.6;25.05221
1900-11-20 12:00:00+01:00;-3.3;25.15671
1900-11-20 13:00:00+01:00;-3.3;25.11921
1900-11-20 14:00:00+01:00;-3.5;24.97428
1900-11-20 15:00:00+01:00;-4.8;24.81357
1900-11-20 16:00:00+01:00;-4.1;23.41507
1900-11-20 17:00:00+01:00;-4.6;21.288165
1900-11-20 18:00:00+01:00;-3.4;19.800912
1900-11-20 19:00:00+01:00;-2.8;18.402104
1900-11-20 20:00:00+01:00;-3.9;16.13427
1900-11-20 21:00:00+01:00;-3.4;13.5223135
1900-11-20 22:00:00+01:00;-3.5;11.653114
1900-11-20 23:00:00+01:00;-3;10.539138
1900-11-21 00:00:00+01:00;-3;9.64108
1900-11-21 01:00:00+01:00;-2.6;9.385228
1900-11-21 02:00:00+01:00;-2.9;9.321358
1900-11-21 03:00:00+01:00;-3;9.303854
1900-11-21 04:00:00+01:00;-3.8;9.54541
1900-11-21 05:00:00+01:00;-3.4;10.363691
1900-11-21 06:00:00+01:00;-3.3;13.5274489
1900-11-21 07:00:00+01:00;-5;18.092298
1900-11-21 08:00:00+01:00;-5.3;21.030319
1900-11-21 09:00:00+01:00;-4.5;23.05201
1900-11-21 10:00:00+01:00;-1.7;24.84882
1900-11-21 11:00:00+01:00;-1.4;25.05221
1900-11-21 12:00:00+01:00;-1.2;25.15671
1900-11-21 13:00:00+01:00;-1.5;25.11921
1900-11-21 14:00:00+01:00;-1.9;24.97428
1900-11-21 15:00:00+01:00;-1.2;24.81357
1900-11-21 16:00:00+01:00;-1.7;23.41507
1900-11-21 17:00:00+01:00;-2.4;21.288165
1900-11-21 18:00:00+01:00;-2.3;19.800912
1900-11-21 19:00:00+01:00;-6.8;18.402104
1900-11-21 20:00:00+01:00;-5.1;16.13427
1900-11-21 21:00:00+01:00;-6.1;13.5223135
1900-11-21 22:00:00+01:00;-5;11.653114
1900-11-21 23:00:00+01:00;-2.5;10.539138
1900-11-22 00:00:00+01:00;-2.1;9.64108
1900-11-22 01:00:00+01:00;-1.2;9.385228
1900-11-22 02:00:00+01:00;-1.2;9.321358
1900-11-22 03:00:00+01:00;-0.8;9.303854
1900-11-22 04:00:00+01:00;-0.8;9.54541
1900-11-22 05:00:00+01:00;-0.3;10.363691
1900-11-22 06:00:00+01:00;-0.5;13.5274489
1900-11-22 07:00:00+01:00;-0.7;18.092298
1900-11-22 08:00:00+01:00;-0.3;21.030319
1900-11-22 09:00:00+01:00;-0.3;23.05201
1900-11-22 10:00:00+01:00;-0.1;24.84882
1900-11-22 11:00:00+01:00;0;25.05221
1900-11-22 12:00:00+01:00;0.3;25.15671
1900-11-22 13:00:00+01:00;0.1;25.11921
1900-11-22 14:00:00+01:00;0.4;24.97428
1900-11-22 15:00:00+01:00;0.1;24.81357
1900-11-22 16:00:00+01:00;-0.3;23.41507
1900-11-22 17:00:00+01:00;-0.3;21.288165
1900-11-22 18:00:00+01:00;-1;19.800912
1900-11-22 19:00:00+01:00;-1.5;18.402104
1900-11-22 20:00:00+01:00;-2;16.13427
1900-11-22 21:00:00+01:00;-2.3;13.5223135
1900-11-22 22:00:00+01:00;-2.1;11.653114
1900-11-22 23:00:00+01:00;-4.8;10.539138
1900-11-23 00:00:00+01:00;-4.6;9.64108
1900-11-23 01:00:00+01:00;-7.3;9.385228
1900-11-23 02:00:00+01:00;-9.5;9.321358
1900-11-23 03:00:00+01:00;-7.5;9.303854
1900-11-23 04:00:00+01:00;-11.7;9.54541
1900-11-23 05:00:00+01:00;-10.7;10.363691
1900-11-23 06:00:00+01:00;-12;13.5274489
1900-11-23 07:00:00+01:00;-11.2;18.092298
1900-11-23 08:00:00+01:00;-11.6;21.030319
1900-11-23 09:00:00+01:00;-8.6;23.05201
1900-11-23 10:00:00+01:00;-6.1;24.84882
1900-11-23 11:00:00+01:00;-5.1;25.05221
1900-11-23 12:00:00+01:00;-4.6;25.15671
1900-11-23 13:00:00+01:00;-4.1;25.11921
1900-11-23 14:00:00+01:00;-3.3;24.97428
1900-11-23 15:00:00+01:00;-3.6;24.81357
1900-11-23 16:00:00+01:00;-3.5;23.41507
1900-11-23 17:00:00+01:00;-4;21.288165
1900-11-23 18:00:00+01:00;-3.5;19.800912
1900-11-23 19:00:00+01:00;-3.5;18.402104
1900-11-23 20:00:00+01:00;-3.8;16.13427
1900-11-23 21:00:00+01:00;-3.1;13.5223135
1900-11-23 22:00:00+01:00;-2.4;11.653114
1900-11-23 23:00:00+01:00;-1.4;10.539138
1900-11-24 00:00:00+01:00;-1.2;10.010882
1900-11-24 01:00:00+01:00;-1.7;9.713938
1900-11-24 02:00:00+01:00;-1.5;9.568476
1900-11-24 03:00:00+01:00;-1.4;9.283135
1900-11-24 04:00:00+01:00;-1.9;9.150213
1900-11-24 05:00:00+01:00;-2.1;9.247971
1900-11-24 06:00:00+01:00;-1.5;9.714335
1900-11-24 07:00:00+01:00;-1.9;10.416313
1900-11-24 08:00:00+01:00;-1.9;12.5900159
1900-11-24 09:00:00+01:00;-2;15.882276
1900-11-24 10:00:00+01:00;-2.3;18.363592
1900-11-24 11:00:00+01:00;-2;19.002148
1900-11-24 12:00:00+01:00;-1.7;19.313076
1900-11-24 13:00:00+01:00;-1.5;19.429464
1900-11-24 14:00:00+01:00;-1;18.779088
1900-11-24 15:00:00+01:00;-1.5;17.831505
1900-11-24 16:00:00+01:00;-1;16.999584
1900-11-24 17:00:00+01:00;-0.7;16.250017
1900-11-24 18:00:00+01:00;-0.5;14.638337
1900-11-24 19:00:00+01:00;-0.3;12.8257983
1900-11-24 20:00:00+01:00;0;11.497931
1900-11-24 21:00:00+01:00;0;10.624333
1900-11-24 22:00:00+01:00;-0.1;10.151469
1900-11-24 23:00:00+01:00;-0.3;9.831164
1900-11-25 00:00:00+01:00;-0.1;10.010882
1900-11-25 01:00:00+01:00;0;9.713938
1900-11-25 02:00:00+01:00;0;9.568476
1900-11-25 03:00:00+01:00;-0.1;9.283135
1900-11-25 04:00:00+01:00;-0.8;9.150213
1900-11-25 05:00:00+01:00;-0.6;9.247971
1900-11-25 06:00:00+01:00;-1;9.714335
1900-11-25 07:00:00+01:00;-1.2;10.416313
1900-11-25 08:00:00+01:00;-1;12.5900159
1900-11-25 09:00:00+01:00;-1;15.882276
1900-11-25 10:00:00+01:00;-1.2;18.363592
1900-11-25 11:00:00+01:00;-1.2;19.002148
1900-11-25 12:00:00+01:00;-1;19.313076
1900-11-25 13:00:00+01:00;-0.7;19.429464
1900-11-25 14:00:00+01:00;-0.7;18.779088
1900-11-25 15:00:00+01:00;-0.7;17.831505
1900-11-25 16:00:00+01:00;-1.2;16.999584
1900-11-25 17:00:00+01:00;-0.8;16.250017
1900-11-25 18:00:00+01:00;-0.7;14.638337
1900-11-25 19:00:00+01:00;-0.6;12.8257983
1900-11-25 20:00:00+01:00;-0.7;11.497931
1900-11-25 21:00:00+01:00;-0.8;10.624333
1900-11-25 22:00:00+01:00;-1.5;10.151469
1900-11-25 23:00:00+01:00;-0.7;9.831164
1900-11-26 00:00:00+01:00;-2;9.64108
1900-11-26 01:00:00+01:00;-1.7;9.385228
1900-11-26 02:00:00+01:00;-0.7;9.321358
1900-11-26 03:00:00+01:00;-1;9.303854
1900-11-26 04:00:00+01:00;-1.7;9.54541
1900-11-26 05:00:00+01:00;-2.5;10.363691
1900-11-26 06:00:00+01:00;-2.8;13.5274489
1900-11-26 07:00:00+01:00;-2.5;18.092298
1900-11-26 08:00:00+01:00;-4.3;21.030319
1900-11-26 09:00:00+01:00;-2.9;23.05201
1900-11-26 10:00:00+01:00;-2.1;24.84882
1900-11-26 11:00:00+01:00;-0.5;25.05221
1900-11-26 12:00:00+01:00;-0.3;25.15671
1900-11-26 13:00:00+01:00;0;25.11921
1900-11-26 14:00:00+01:00;-0.3;24.97428
1900-11-26 15:00:00+01:00;-1.5;24.81357
1900-11-26 16:00:00+01:00;-2.5;23.41507
1900-11-26 17:00:00+01:00;-4.3;21.288165
1900-11-26 18:00:00+01:00;-5.8;19.800912
1900-11-26 19:00:00+01:00;-6.6;18.402104
1900-11-26 20:00:00+01:00;-6;16.13427
1900-11-26 21:00:00+01:00;-8;13.5223135
1900-11-26 22:00:00+01:00;-7.8;11.653114
1900-11-26 23:00:00+01:00;-10.2;10.539138
1900-11-27 00:00:00+01:00;-10.2;9.64108
1900-11-27 01:00:00+01:00;-12.3;9.385228
1900-11-27 02:00:00+01:00;-12.2;9.321358
1900-11-27 03:00:00+01:00;-9.7;9.303854
1900-11-27 04:00:00+01:00;-8.2;9.54541
1900-11-27 05:00:00+01:00;-9;10.363691
1900-11-27 06:00:00+01:00;-9.7;13.5274489
1900-11-27 07:00:00+01:00;-13.8;18.092298
1900-11-27 08:00:00+01:00;-14.7;21.030319
1900-11-27 09:00:00+01:00;-13.2;23.05201
1900-11-27 10:00:00+01:00;-7.6;24.84882
1900-11-27 11:00:00+01:00;-4.8;25.05221
1900-11-27 12:00:00+01:00;-4;25.15671
1900-11-27 13:00:00+01:00;-3.4;25.11921
1900-11-27 14:00:00+01:00;-5.8;24.97428
1900-11-27 15:00:00+01:00;-7;24.81357
1900-11-27 16:00:00+01:00;-8.6;23.41507
1900-11-27 17:00:00+01:00;-10.3;21.288165
1900-11-27 18:00:00+01:00;-12.7;19.800912
1900-11-27 19:00:00+01:00;-11.3;18.402104
1900-11-27 20:00:00+01:00;-11;16.13427
1900-11-27 21:00:00+01:00;-10.6;13.5223135
1900-11-27 22:00:00+01:00;-9.2;11.653114
1900-11-27 23:00:00+01:00;-8;10.539138
1900-11-28 00:00:00+01:00;-7.5;9.64108
1900-11-28 01:00:00+01:00;-6.3;9.385228
1900-11-28 02:00:00+01:00;-5.1;9.321358
1900-11-28 03:00:00+01:00;-6;9.303854
1900-11-28 04:00:00+01:00;-5.3;9.54541
1900-11-28 05:00:00+01:00;-4.3;10.363691
1900-11-28 06:00:00+01:00;-3.8;13.5274489
1900-11-28 07:00:00+01:00;-2.4;18.092298
1900-11-28 08:00:00+01:00;-2.6;21.030319
1900-11-28 09:00:00+01:00;-2;23.05201
1900-11-28 10:00:00+01:00;-0.6;24.84882
1900-11-28 11:00:00+01:00;-0.1;25.05221
1900-11-28 12:00:00+01:00;-1.5;25.15671
1900-11-28 13:00:00+01:00;-1;25.11921
1900-11-28 14:00:00+01:00;-0.7;24.97428
1900-11-28 15:00:00+01:00;-3.5;24.81357
1900-11-28 16:00:00+01:00;-2.6;23.41507
1900-11-28 17:00:00+01:00;-4.1;21.288165
1900-11-28 18:00:00+01:00;-4.5;19.800912
1900-11-28 19:00:00+01:00;-5;18.402104
1900-11-28 20:00:00+01:00;-4.3;16.13427
1900-11-28 21:00:00+01:00;-5;13.5223135
1900-11-28 22:00:00+01:00;-5.6;11.653114
1900-11-28 23:00:00+01:00;-6.8;10.539138
1900-11-29 00:00:00+01:00;-6.8;9.64108
1900-11-29 01:00:00+01:00;-7.8;9.385228
1900-11-29 02:00:00+01:00;-6.5;9.321358
1900-11-29 03:00:00+01:00;-7.1;9.303854
1900-11-29 04:00:00+01:00;-6.6;9.54541
1900-11-29 05:00:00+01:00;-7.6;10.363691
1900-11-29 06:00:00+01:00;-7.3;13.5274489
1900-11-29 07:00:00+01:00;-6.5;18.092298
1900-11-29 08:00:00+01:00;-6;21.030319
1900-11-29 09:00:00+01:00;-5.3;23.05201
1900-11-29 10:00:00+01:00;-4.1;24.84882
1900-11-29 11:00:00+01:00;-2.4;25.05221
1900-11-29 12:00:00+01:00;-2;25.15671
1900-11-29 13:00:00+01:00;-2.8;25.11921
1900-11-29 14:00:00+01:00;-3;24.97428
1900-11-29 15:00:00+01:00;-5;24.81357
1900-11-29 16:00:00+01:00;-5.1;23.41507
1900-11-29 17:00:00+01:00;-5.5;21.288165
1900-11-29 18:00:00+01:00;-7.1;19.800912
1900-11-29 19:00:00+01:00;-8.2;18.402104
1900-11-29 20:00:00+01:00;-8;16.13427
1900-11-29 21:00:00+01:00;-8.2;13.5223135
1900-11-29 22:00:00+01:00;-6.3;11.653114
1900-11-29 23:00:00+01:00;-6.1;10.539138
1900-11-30 00:00:00+01:00;-7;9.64108
1900-11-30 01:00:00+01:00;-6.3;9.385228
1900-11-30 02:00:00+01:00;-8.1;9.321358
1900-11-30 03:00:00+01:00;-10;9.303854
1900-11-30 04:00:00+01:00;-9.1;9.54541
1900-11-30 05:00:00+01:00;-7.3;10.363691
1900-11-30 06:00:00+01:00;-7.6;13.5274489
1900-11-30 07:00:00+01:00;-7.1;18.092298
1900-11-30 08:00:00+01:00;-6.8;21.030319
1900-11-30 09:00:00+01:00;-5.5;23.05201
1900-11-30 10:00:00+01:00;-3.5;24.84882
1900-11-30 11:00:00+01:00;-2.5;25.05221
1900-11-30 12:00:00+01:00;-2;25.15671
1900-11-30 13:00:00+01:00;-1.4;25.11921
1900-11-30 14:00:00+01:00;-1.4;24.97428
1900-11-30 15:00:00+01:00;-1;24.81357
1900-11-30 16:00:00+01:00;-1;23.41507
1900-11-30 17:00:00+01:00;-1.7;21.288165
1900-11-30 18:00:00+01:00;-2;19.800912
1900-11-30 19:00:00+01:00;-2.4;18.402104
1900-11-30 20:00:00+01:00;-2;16.13427
1900-11-30 21:00:00+01:00;-2.3;13.5223135
1900-11-30 22:00:00+01:00;-3.7;11.653114
1900-11-30 23:00:00+01:00;-6.8;10.539138
1900-12-01 00:00:00+01:00;-7.5;10.010882
1900-12-01 01:00:00+01:00;-7.7;9.713938
1900-12-01 02:00:00+01:00;-9.8;9.568476
1900-12-01 03:00:00+01:00;-11.3;9.283135
1900-12-01 04:00:00+01:00;-10.2;9.150213
1900-12-01 05:00:00+01:00;-12.2;9.247971
1900-12-01 06:00:00+01:00;-9.1;9.714335
1900-12-01 07:00:00+01:00;-10.6;10.416313
1900-12-01 08:00:00+01:00;-12.8;12.5900159
1900-12-01 09:00:00+01:00;-11;15.882276
1900-12-01 10:00:00+01:00;-9;18.363592
1900-12-01 11:00:00+01:00;-7.5;19.002148
1900-12-01 12:00:00+01:00;-7.6;19.313076
1900-12-01 13:00:00+01:00;-6.6;19.429464
1900-12-01 14:00:00+01:00;-6.1;18.779088
1900-12-01 15:00:00+01:00;-6.3;17.831505
1900-12-01 16:00:00+01:00;-6.3;16.999584
1900-12-01 17:00:00+01:00;-6;16.250017
1900-12-01 18:00:00+01:00;-5.6;14.638337
1900-12-01 19:00:00+01:00;-5.5;12.8257983
1900-12-01 20:00:00+01:00;-5.3;11.497931
1900-12-01 21:00:00+01:00;-5.3;10.624333
1900-12-01 22:00:00+01:00;-4.8;10.151469
1900-12-01 23:00:00+01:00;-4.5;9.831164
1900-12-02 00:00:00+01:00;-4.1;10.010882
1900-12-02 01:00:00+01:00;-4.1;9.713938
1900-12-02 02:00:00+01:00;-4.1;9.568476
1900-12-02 03:00:00+01:00;-3.8;9.283135
1900-12-02 04:00:00+01:00;-3.6;9.150213
1900-12-02 05:00:00+01:00;-3.6;9.247971
1900-12-02 06:00:00+01:00;-3.4;9.714335
1900-12-02 07:00:00+01:00;-2.5;10.416313
1900-12-02 08:00:00+01:00;-2.5;12.5900159
1900-12-02 09:00:00+01:00;-2;15.882276
1900-12-02 10:00:00+01:00;-1.2;18.363592
1900-12-02 11:00:00+01:00;-0.7;19.002148
1900-12-02 12:00:00+01:00;-1;19.313076
1900-12-02 13:00:00+01:00;-0.8;19.429464
1900-12-02 14:00:00+01:00;-0.7;18.779088
1900-12-02 15:00:00+01:00;-0.5;17.831505
1900-12-02 16:00:00+01:00;-0.3;16.999584
1900-12-02 17:00:00+01:00;-0.3;16.250017
1900-12-02 18:00:00+01:00;-0.3;14.638337
1900-12-02 19:00:00+01:00;-2;12.8257983
1900-12-02 20:00:00+01:00;-2.1;11.497931
1900-12-02 21:00:00+01:00;-2.3;10.624333
1900-12-02 22:00:00+01:00;-3.4;10.151469
1900-12-02 23:00:00+01:00;-1.9;9.831164
1900-12-03 00:00:00+01:00;-3;9.64108
1900-12-03 01:00:00+01:00;-3.1;9.385228
1900-12-03 02:00:00+01:00;-3.4;9.321358
1900-12-03 03:00:00+01:00;-5;9.303854
1900-12-03 04:00:00+01:00;-4.6;9.54541
1900-12-03 05:00:00+01:00;-4.5;10.363691
1900-12-03 06:00:00+01:00;-4.8;13.5274489
1900-12-03 07:00:00+01:00;-5.1;18.092298
1900-12-03 08:00:00+01:00;-5.6;21.030319
1900-12-03 09:00:00+01:00;-4.6;23.05201
1900-12-03 10:00:00+01:00;-4;24.84882
1900-12-03 11:00:00+01:00;-2.3;25.05221
1900-12-03 12:00:00+01:00;-2.4;25.15671
1900-12-03 13:00:00+01:00;-1.4;25.11921
1900-12-03 14:00:00+01:00;-1.4;24.97428
1900-12-03 15:00:00+01:00;-3.4;24.81357
1900-12-03 16:00:00+01:00;-3.5;23.41507
1900-12-03 17:00:00+01:00;-4.6;21.288165
1900-12-03 18:00:00+01:00;-4;19.800912
1900-12-03 19:00:00+01:00;-5;18.402104
1900-12-03 20:00:00+01:00;-4.5;16.13427
1900-12-03 21:00:00+01:00;-3.6;13.5223135
1900-12-03 22:00:00+01:00;-4.3;11.653114
1900-12-03 23:00:00+01:00;-3.5;10.539138
1900-12-04 00:00:00+01:00;-3.4;9.64108
1900-12-04 01:00:00+01:00;-3.3;9.385228
1900-12-04 02:00:00+01:00;-2.5;9.321358
1900-12-04 03:00:00+01:00;-2;9.303854
1900-12-04 04:00:00+01:00;-1.7;9.54541
1900-12-04 05:00:00+01:00;-0.3;10.363691
1900-12-04 06:00:00+01:00;0.4;13.5274489
1900-12-04 07:00:00+01:00;4.4;18.092298
1900-12-04 08:00:00+01:00;7.4;21.030319
1900-12-04 09:00:00+01:00;5.5;23.05201
1900-12-04 10:00:00+01:00;11.2;24.84882
1900-12-04 11:00:00+01:00;8.9;25.05221
1900-12-04 12:00:00+01:00;9.6;25.15671
1900-12-04 13:00:00+01:00;7.8;25.11921
1900-12-04 14:00:00+01:00;7.7;24.97428
1900-12-04 15:00:00+01:00;4.7;24.81357
1900-12-04 16:00:00+01:00;1.3;23.41507
1900-12-04 17:00:00+01:00;2;21.288165
1900-12-04 18:00:00+01:00;2;19.800912
1900-12-04 19:00:00+01:00;1.4;18.402104
1900-12-04 20:00:00+01:00;1.2;16.13427
1900-12-04 21:00:00+01:00;0.6;13.5223135
1900-12-04 22:00:00+01:00;0.4;11.653114
1900-12-04 23:00:00+01:00;-1.5;10.539138
1900-12-05 00:00:00+01:00;-2;9.64108
1900-12-05 01:00:00+01:00;-0.8;9.385228
1900-12-05 02:00:00+01:00;-1.2;9.321358
1900-12-05 03:00:00+01:00;-3.5;9.303854
1900-12-05 04:00:00+01:00;-2.9;9.54541
1900-12-05 05:00:00+01:00;-2.9;10.363691
1900-12-05 06:00:00+01:00;-3;13.5274489
1900-12-05 07:00:00+01:00;-4.3;18.092298
1900-12-05 08:00:00+01:00;-5.1;21.030319
1900-12-05 09:00:00+01:00;-4.1;23.05201
1900-12-05 10:00:00+01:00;-3.3;24.84882
1900-12-05 11:00:00+01:00;-2.8;25.05221
1900-12-05 12:00:00+01:00;-2.3;25.15671
1900-12-05 13:00:00+01:00;0.1;25.11921
1900-12-05 14:00:00+01:00;1.6;24.97428
1900-12-05 15:00:00+01:00;1.8;24.81357
1900-12-05 16:00:00+01:00;-0.3;23.41507
1900-12-05 17:00:00+01:00;-0.3;21.288165
1900-12-05 18:00:00+01:00;1.8;19.800912
1900-12-05 19:00:00+01:00;4.5;18.402104
1900-12-05 20:00:00+01:00;4.3;16.13427
1900-12-05 21:00:00+01:00;2.8;13.5223135
1900-12-05 22:00:00+01:00;2.6;11.653114
1900-12-05 23:00:00+01:00;3.6;10.539138
1900-12-06 00:00:00+01:00;4.3;9.64108
1900-12-06 01:00:00+01:00;3.5;9.385228
1900-12-06 02:00:00+01:00;2.4;9.321358
1900-12-06 03:00:00+01:00;2.8;9.303854
1900-12-06 04:00:00+01:00;3.2;9.54541
1900-12-06 05:00:00+01:00;3;10.363691
1900-12-06 06:00:00+01:00;2.2;13.5274489
1900-12-06 07:00:00+01:00;2.1;18.092298
1900-12-06 08:00:00+01:00;2.3;21.030319
1900-12-06 09:00:00+01:00;1.5;23.05201
1900-12-06 10:00:00+01:00;2.7;24.84882
1900-12-06 11:00:00+01:00;3.4;25.05221
1900-12-06 12:00:00+01:00;4;25.15671
1900-12-06 13:00:00+01:00;3;25.11921
1900-12-06 14:00:00+01:00;2.4;24.97428
1900-12-06 15:00:00+01:00;1.4;24.81357
1900-12-06 16:00:00+01:00;-0.1;23.41507
1900-12-06 17:00:00+01:00;-2.1;21.288165
1900-12-06 18:00:00+01:00;-3;19.800912
1900-12-06 19:00:00+01:00;-3.1;18.402104
1900-12-06 20:00:00+01:00;-3.1;16.13427
1900-12-06 21:00:00+01:00;-2.8;13.5223135
1900-12-06 22:00:00+01:00;-2.4;11.653114
1900-12-06 23:00:00+01:00;-2;10.539138
1900-12-07 00:00:00+01:00;-2.4;9.64108
1900-12-07 01:00:00+01:00;-2;9.385228
1900-12-07 02:00:00+01:00;-1.7;9.321358
1900-12-07 03:00:00+01:00;-0.8;9.303854
1900-12-07 04:00:00+01:00;-0.5;9.54541
1900-12-07 05:00:00+01:00;-1;10.363691
1900-12-07 06:00:00+01:00;-1;13.5274489
1900-12-07 07:00:00+01:00;-1;18.092298
1900-12-07 08:00:00+01:00;-0.7;21.030319
1900-12-07 09:00:00+01:00;-0.6;23.05201
1900-12-07 10:00:00+01:00;-1;24.84882
1900-12-07 11:00:00+01:00;-0.3;25.05221
1900-12-07 12:00:00+01:00;-0.1;25.15671
1900-12-07 13:00:00+01:00;0.1;25.11921
1900-12-07 14:00:00+01:00;0;24.97428
1900-12-07 15:00:00+01:00;-0.3;24.81357
1900-12-07 16:00:00+01:00;-0.5;23.41507
1900-12-07 17:00:00+01:00;-0.6;21.288165
1900-12-07 18:00:00+01:00;-2.3;19.800912
1900-12-07 19:00:00+01:00;-3;18.402104
1900-12-07 20:00:00+01:00;-2.5;16.13427
1900-12-07 21:00:00+01:00;-2.5;13.5223135
1900-12-07 22:00:00+01:00;-3.4;11.653114
1900-12-07 23:00:00+01:00;-5;10.539138
1900-12-08 00:00:00+01:00;-5.6;10.010882
1900-12-08 01:00:00+01:00;-3.9;9.713938
1900-12-08 02:00:00+01:00;-4.6;9.568476
1900-12-08 03:00:00+01:00;-4.3;9.283135
1900-12-08 04:00:00+01:00;-3;9.150213
1900-12-08 05:00:00+01:00;-3;9.247971
1900-12-08 06:00:00+01:00;-3.3;9.714335
1900-12-08 07:00:00+01:00;-3.4;10.416313
1900-12-08 08:00:00+01:00;-3.5;12.5900159
1900-12-08 09:00:00+01:00;-4.1;15.882276
1900-12-08 10:00:00+01:00;-4;18.363592
1900-12-08 11:00:00+01:00;-3.5;19.002148
1900-12-08 12:00:00+01:00;-3;19.313076
1900-12-08 13:00:00+01:00;-2.4;19.429464
1900-12-08 14:00:00+01:00;-1.7;18.779088
1900-12-08 15:00:00+01:00;-2;17.831505
1900-12-08 16:00:00+01:00;-1.5;16.999584
1900-12-08 17:00:00+01:00;-1.5;16.250017
1900-12-08 18:00:00+01:00;-1.2;14.638337
1900-12-08 19:00:00+01:00;-1.4;12.8257983
1900-12-08 20:00:00+01:00;-1.5;11.497931
1900-12-08 21:00:00+01:00;-1.2;10.624333
1900-12-08 22:00:00+01:00;-1.4;10.151469
1900-12-08 23:00:00+01:00;-1;9.831164
1900-12-09 00:00:00+01:00;-0.8;10.010882
1900-12-09 01:00:00+01:00;-0.7;9.713938
1900-12-09 02:00:00+01:00;-1;9.568476
1900-12-09 03:00:00+01:00;-1;9.283135
1900-12-09 04:00:00+01:00;-0.6;9.150213
1900-12-09 05:00:00+01:00;-0.7;9.247971
1900-12-09 06:00:00+01:00;-1.5;9.714335
1900-12-09 07:00:00+01:00;-1.7;10.416313
1900-12-09 08:00:00+01:00;-3;12.5900159
1900-12-09 09:00:00+01:00;-3.8;15.882276
1900-12-09 10:00:00+01:00;0.2;18.363592
1900-12-09 11:00:00+01:00;0.6;19.002148
1900-12-09 12:00:00+01:00;1.5;19.313076
1900-12-09 13:00:00+01:00;1.4;19.429464
1900-12-09 14:00:00+01:00;0.1;18.779088
1900-12-09 15:00:00+01:00;-0.3;17.831505
1900-12-09 16:00:00+01:00;0;16.999584
1900-12-09 17:00:00+01:00;0.7;16.250017
1900-12-09 18:00:00+01:00;0.6;14.638337
1900-12-09 19:00:00+01:00;0.7;12.8257983
1900-12-09 20:00:00+01:00;-0.3;11.497931
1900-12-09 21:00:00+01:00;-1.9;10.624333
1900-12-09 22:00:00+01:00;-2;10.151469
1900-12-09 23:00:00+01:00;1.6;9.831164
1900-12-10 00:00:00+01:00;1.9;9.64108
1900-12-10 01:00:00+01:00;1.7;9.385228
1900-12-10 02:00:00+01:00;0.3;9.321358
1900-12-10 03:00:00+01:00;1.7;9.303854
1900-12-10 04:00:00+01:00;0.8;9.54541
1900-12-10 05:00:00+01:00;0;10.363691
1900-12-10 06:00:00+01:00;-2.3;13.5274489
1900-12-10 07:00:00+01:00;1.3;18.092298
1900-12-10 08:00:00+01:00;0.6;21.030319
1900-12-10 09:00:00+01:00;0.1;23.05201
1900-12-10 10:00:00+01:00;0.8;24.84882
1900-12-10 11:00:00+01:00;0.7;25.05221
1900-12-10 12:00:00+01:00;-1.7;25.15671
1900-12-10 13:00:00+01:00;-2.6;25.11921
1900-12-10 14:00:00+01:00;-2.9;24.97428
1900-12-10 15:00:00+01:00;-3.3;24.81357
1900-12-10 16:00:00+01:00;-2.4;23.41507
1900-12-10 17:00:00+01:00;-0.6;21.288165
1900-12-10 18:00:00+01:00;-3.1;19.800912
1900-12-10 19:00:00+01:00;0.5;18.402104
1900-12-10 20:00:00+01:00;1.5;16.13427
1900-12-10 21:00:00+01:00;0.1;13.5223135
1900-12-10 22:00:00+01:00;0.4;11.653114
1900-12-10 23:00:00+01:00;0.4;10.539138
1900-12-11 00:00:00+01:00;0.1;9.64108
1900-12-11 01:00:00+01:00;-0.1;9.385228
1900-12-11 02:00:00+01:00;0.2;9.321358
1900-12-11 03:00:00+01:00;-0.3;9.303854
1900-12-11 04:00:00+01:00;-1.2;9.54541
1900-12-11 05:00:00+01:00;-1.2;10.363691
1900-12-11 06:00:00+01:00;-2;13.5274489
1900-12-11 07:00:00+01:00;-2;18.092298
1900-12-11 08:00:00+01:00;-3;21.030319
1900-12-11 09:00:00+01:00;-2.8;23.05201
1900-12-11 10:00:00+01:00;-5.6;24.84882
1900-12-11 11:00:00+01:00;-5.3;25.05221
1900-12-11 12:00:00+01:00;-3.6;25.15671
1900-12-11 13:00:00+01:00;-5.6;25.11921
1900-12-11 14:00:00+01:00;-6.3;24.97428
1900-12-11 15:00:00+01:00;-7;24.81357
1900-12-11 16:00:00+01:00;-7.3;23.41507
1900-12-11 17:00:00+01:00;-8;21.288165
1900-12-11 18:00:00+01:00;-10;19.800912
1900-12-11 19:00:00+01:00;-10;18.402104
1900-12-11 20:00:00+01:00;-11.1;16.13427
1900-12-11 21:00:00+01:00;-8.7;13.5223135
1900-12-11 22:00:00+01:00;-7.8;11.653114
1900-12-11 23:00:00+01:00;-6.8;10.539138
1900-12-12 00:00:00+01:00;-6.3;9.64108
1900-12-12 01:00:00+01:00;-6.1;9.385228
1900-12-12 02:00:00+01:00;-5.8;9.321358
1900-12-12 03:00:00+01:00;-5;9.303854
1900-12-12 04:00:00+01:00;-5;9.54541
1900-12-12 05:00:00+01:00;-1.2;10.363691
1900-12-12 06:00:00+01:00;-1.7;13.5274489
1900-12-12 07:00:00+01:00;-1.4;18.092298
1900-12-12 08:00:00+01:00;-1.2;21.030319
1900-12-12 09:00:00+01:00;-0.7;23.05201
1900-12-12 10:00:00+01:00;-1.7;24.84882
1900-12-12 11:00:00+01:00;-1.5;25.05221
1900-12-12 12:00:00+01:00;-2;25.15671
1900-12-12 13:00:00+01:00;-2.1;25.11921
1900-12-12 14:00:00+01:00;-2.9;24.97428
1900-12-12 15:00:00+01:00;-3;24.81357
1900-12-12 16:00:00+01:00;-4.1;23.41507
1900-12-12 17:00:00+01:00;-5.3;21.288165
1900-12-12 18:00:00+01:00;-5.5;19.800912
1900-12-12 19:00:00+01:00;-7.6;18.402104
1900-12-12 20:00:00+01:00;-6.5;16.13427
1900-12-12 21:00:00+01:00;-7.3;13.5223135
1900-12-12 22:00:00+01:00;-8.3;11.653114
1900-12-12 23:00:00+01:00;-8.5;10.539138
1900-12-13 00:00:00+01:00;-9.7;9.64108
1900-12-13 01:00:00+01:00;-9.1;9.385228
1900-12-13 02:00:00+01:00;-9.7;9.321358
1900-12-13 03:00:00+01:00;-7.6;9.303854
1900-12-13 04:00:00+01:00;-9.6;9.54541
1900-12-13 05:00:00+01:00;-10.8;10.363691
1900-12-13 06:00:00+01:00;-15.6;13.5274489
1900-12-13 07:00:00+01:00;-10.3;18.092298
1900-12-13 08:00:00+01:00;-13;21.030319
1900-12-13 09:00:00+01:00;-11.5;23.05201
1900-12-13 10:00:00+01:00;-9;24.84882
1900-12-13 11:00:00+01:00;-9.2;25.05221
1900-12-13 12:00:00+01:00;-7.3;25.15671
1900-12-13 13:00:00+01:00;-7;25.11921
1900-12-13 14:00:00+01:00;-8.2;24.97428
1900-12-13 15:00:00+01:00;-7.3;24.81357
1900-12-13 16:00:00+01:00;-8.2;23.41507
1900-12-13 17:00:00+01:00;-8.1;21.288165
1900-12-13 18:00:00+01:00;-8.6;19.800912
1900-12-13 19:00:00+01:00;-8.3;18.402104
1900-12-13 20:00:00+01:00;-6.6;16.13427
1900-12-13 21:00:00+01:00;-5.5;13.5223135
1900-12-13 22:00:00+01:00;-5.1;11.653114
1900-12-13 23:00:00+01:00;-5.1;10.539138
1900-12-14 00:00:00+01:00;-4.6;9.64108
1900-12-14 01:00:00+01:00;-2.6;9.385228
1900-12-14 02:00:00+01:00;0;9.321358
1900-12-14 03:00:00+01:00;2.7;9.303854
1900-12-14 04:00:00+01:00;2.9;9.54541
1900-12-14 05:00:00+01:00;3.1;10.363691
1900-12-14 06:00:00+01:00;4;13.5274489
1900-12-14 07:00:00+01:00;6;18.092298
1900-12-14 08:00:00+01:00;5.3;21.030319
1900-12-14 09:00:00+01:00;4.6;23.05201
1900-12-14 10:00:00+01:00;3.9;24.84882
1900-12-14 11:00:00+01:00;3.4;25.05221
1900-12-14 12:00:00+01:00;2.9;25.15671
1900-12-14 13:00:00+01:00;4.1;25.11921
1900-12-14 14:00:00+01:00;3;24.97428
1900-12-14 15:00:00+01:00;2.1;24.81357
1900-12-14 16:00:00+01:00;1.8;23.41507
1900-12-14 17:00:00+01:00;2.2;21.288165
1900-12-14 18:00:00+01:00;1.3;19.800912
1900-12-14 19:00:00+01:00;-0.5;18.402104
1900-12-14 20:00:00+01:00;-2;16.13427
1900-12-14 21:00:00+01:00;-3.3;13.5223135
1900-12-14 22:00:00+01:00;-3.5;11.653114
1900-12-14 23:00:00+01:00;-3.8;10.539138
1900-12-15 00:00:00+01:00;-5.8;10.010882
1900-12-15 01:00:00+01:00;-6.6;9.713938
1900-12-15 02:00:00+01:00;-6.1;9.568476
1900-12-15 03:00:00+01:00;-6.1;9.283135
1900-12-15 04:00:00+01:00;-6.1;9.150213
1900-12-15 05:00:00+01:00;-6.1;9.247971
1900-12-15 06:00:00+01:00;-5.8;9.714335
1900-12-15 07:00:00+01:00;-8.2;10.416313
1900-12-15 08:00:00+01:00;-6.8;12.5900159
1900-12-15 09:00:00+01:00;-6;15.882276
1900-12-15 10:00:00+01:00;-5.3;18.363592
1900-12-15 11:00:00+01:00;-4.6;19.002148
1900-12-15 12:00:00+01:00;-3.5;19.313076
1900-12-15 13:00:00+01:00;-2.5;19.429464
1900-12-15 14:00:00+01:00;-4.3;18.779088
1900-12-15 15:00:00+01:00;-4.8;17.831505
1900-12-15 16:00:00+01:00;-4.5;16.999584
1900-12-15 17:00:00+01:00;-5.6;16.250017
1900-12-15 18:00:00+01:00;-6.5;14.638337
1900-12-15 19:00:00+01:00;-7.1;12.8257983
1900-12-15 20:00:00+01:00;-8.5;11.497931
1900-12-15 21:00:00+01:00;-8.8;10.624333
1900-12-15 22:00:00+01:00;-9.3;10.151469
1900-12-15 23:00:00+01:00;-10.7;9.831164
1900-12-16 00:00:00+01:00;-12.1;10.010882
1900-12-16 01:00:00+01:00;-11.6;9.713938
1900-12-16 02:00:00+01:00;-11.2;9.568476
1900-12-16 03:00:00+01:00;-13.7;9.283135
1900-12-16 04:00:00+01:00;-11.7;9.150213
1900-12-16 05:00:00+01:00;-9.5;9.247971
1900-12-16 06:00:00+01:00;-8.2;9.714335
1900-12-16 07:00:00+01:00;-7;10.416313
1900-12-16 08:00:00+01:00;-6.3;12.5900159
1900-12-16 09:00:00+01:00;-6.3;15.882276
1900-12-16 10:00:00+01:00;-6.1;18.363592
1900-12-16 11:00:00+01:00;-6;19.002148
1900-12-16 12:00:00+01:00;-5.8;19.313076
1900-12-16 13:00:00+01:00;-5.1;19.429464
1900-12-16 14:00:00+01:00;-5.1;18.779088
1900-12-16 15:00:00+01:00;-4;17.831505
1900-12-16 16:00:00+01:00;-3.5;16.999584
1900-12-16 17:00:00+01:00;-2.6;16.250017
1900-12-16 18:00:00+01:00;-2;14.638337
1900-12-16 19:00:00+01:00;1;12.8257983
1900-12-16 20:00:00+01:00;1;11.497931
1900-12-16 21:00:00+01:00;1;10.624333
1900-12-16 22:00:00+01:00;1.1;10.151469
1900-12-16 23:00:00+01:00;1.1;9.831164
1900-12-17 00:00:00+01:00;0.7;9.64108
1900-12-17 01:00:00+01:00;1;9.385228
1900-12-17 02:00:00+01:00;0.3;9.321358
1900-12-17 03:00:00+01:00;-0.7;9.303854
1900-12-17 04:00:00+01:00;-1.4;9.54541
1900-12-17 05:00:00+01:00;-1.5;10.363691
1900-12-17 06:00:00+01:00;-1.5;13.5274489
1900-12-17 07:00:00+01:00;-1.2;18.092298
1900-12-17 08:00:00+01:00;-1.5;21.030319
1900-12-17 09:00:00+01:00;-1.5;23.05201
1900-12-17 10:00:00+01:00;-1;24.84882
1900-12-17 11:00:00+01:00;-1;25.05221
1900-12-17 12:00:00+01:00;-1;25.15671
1900-12-17 13:00:00+01:00;-1;25.11921
1900-12-17 14:00:00+01:00;-1;24.97428
1900-12-17 15:00:00+01:00;-1.4;24.81357
1900-12-17 16:00:00+01:00;-1.9;23.41507
1900-12-17 17:00:00+01:00;-1.4;21.288165
1900-12-17 18:00:00+01:00;-1.7;19.800912
1900-12-17 19:00:00+01:00;-2;18.402104
1900-12-17 20:00:00+01:00;-2.5;16.13427
1900-12-17 21:00:00+01:00;-3;13.5223135
1900-12-17 22:00:00+01:00;-2.8;11.653114
1900-12-17 23:00:00+01:00;-2.5;10.539138
1900-12-18 00:00:00+01:00;-2;9.64108
1900-12-18 01:00:00+01:00;-2.5;9.385228
1900-12-18 02:00:00+01:00;-2.8;9.321358
1900-12-18 03:00:00+01:00;-2.8;9.303854
1900-12-18 04:00:00+01:00;-3.4;9.54541
1900-12-18 05:00:00+01:00;-3.5;10.363691
1900-12-18 06:00:00+01:00;-3.5;13.5274489
1900-12-18 07:00:00+01:00;-3;18.092298
1900-12-18 08:00:00+01:00;-3.6;21.030319
1900-12-18 09:00:00+01:00;-3.3;23.05201
1900-12-18 10:00:00+01:00;-3.5;24.84882
1900-12-18 11:00:00+01:00;-4.3;25.05221
1900-12-18 12:00:00+01:00;-4;25.15671
1900-12-18 13:00:00+01:00;-4.8;25.11921
1900-12-18 14:00:00+01:00;-5;24.97428
1900-12-18 15:00:00+01:00;-5.3;24.81357
1900-12-18 16:00:00+01:00;-4;23.41507
1900-12-18 17:00:00+01:00;-3.6;21.288165
1900-12-18 18:00:00+01:00;-5.3;19.800912
1900-12-18 19:00:00+01:00;-6;18.402104
1900-12-18 20:00:00+01:00;-7.1;16.13427
1900-12-18 21:00:00+01:00;-7.8;13.5223135
1900-12-18 22:00:00+01:00;-9.2;11.653114
1900-12-18 23:00:00+01:00;-7.8;10.539138
1900-12-19 00:00:00+01:00;-9.8;9.64108
1900-12-19 01:00:00+01:00;-13.7;9.385228
1900-12-19 02:00:00+01:00;-14.3;9.321358
1900-12-19 03:00:00+01:00;-12.3;9.303854
1900-12-19 04:00:00+01:00;-14;9.54541
1900-12-19 05:00:00+01:00;-17.5;10.363691
1900-12-19 06:00:00+01:00;-15.1;13.5274489
1900-12-19 07:00:00+01:00;-13.3;18.092298
1900-12-19 08:00:00+01:00;-15.7;21.030319
1900-12-19 09:00:00+01:00;-15.3;23.05201
1900-12-19 10:00:00+01:00;-12.6;24.84882
1900-12-19 11:00:00+01:00;-12;25.05221
1900-12-19 12:00:00+01:00;-10.2;25.15671
1900-12-19 13:00:00+01:00;-8.8;25.11921
1900-12-19 14:00:00+01:00;-8.7;24.97428
1900-12-19 15:00:00+01:00;-8;24.81357
1900-12-19 16:00:00+01:00;-8.7;23.41507
1900-12-19 17:00:00+01:00;-9;21.288165
1900-12-19 18:00:00+01:00;-7.8;19.800912
1900-12-19 19:00:00+01:00;-8.1;18.402104
1900-12-19 20:00:00+01:00;-6.8;16.13427
1900-12-19 21:00:00+01:00;-5.8;13.5223135
1900-12-19 22:00:00+01:00;-5.5;11.653114
1900-12-19 23:00:00+01:00;-5.3;10.539138
1900-12-20 00:00:00+01:00;-4.3;9.64108
1900-12-20 01:00:00+01:00;-3.8;9.385228
1900-12-20 02:00:00+01:00;-2.9;9.321358
1900-12-20 03:00:00+01:00;-1.9;9.303854
1900-12-20 04:00:00+01:00;-0.7;9.54541
1900-12-20 05:00:00+01:00;-1.4;10.363691
1900-12-20 06:00:00+01:00;-1.7;13.5274489
1900-12-20 07:00:00+01:00;-1.5;18.092298
1900-12-20 08:00:00+01:00;-0.5;21.030319
1900-12-20 09:00:00+01:00;-0.6;23.05201
1900-12-20 10:00:00+01:00;-0.6;24.84882
1900-12-20 11:00:00+01:00;-0.6;25.05221
1900-12-20 12:00:00+01:00;0;25.15671
1900-12-20 13:00:00+01:00;0.5;25.11921
1900-12-20 14:00:00+01:00;0;24.97428
1900-12-20 15:00:00+01:00;1.7;24.81357
1900-12-20 16:00:00+01:00;1.9;23.41507
1900-12-20 17:00:00+01:00;-0.3;21.288165
1900-12-20 18:00:00+01:00;-3;19.800912
1900-12-20 19:00:00+01:00;-2;18.402104
1900-12-20 20:00:00+01:00;1.6;16.13427
1900-12-20 21:00:00+01:00;-3;13.5223135
1900-12-20 22:00:00+01:00;-3.5;11.653114
1900-12-20 23:00:00+01:00;-3.5;10.539138
1900-12-21 00:00:00+01:00;-3.3;9.64108
1900-12-21 01:00:00+01:00;-2.9;9.385228
1900-12-21 02:00:00+01:00;-3.8;9.321358
1900-12-21 03:00:00+01:00;-3.5;9.303854
1900-12-21 04:00:00+01:00;-1;9.54541
1900-12-21 05:00:00+01:00;-2;10.363691
1900-12-21 06:00:00+01:00;-2.4;13.5274489
1900-12-21 07:00:00+01:00;0.2;18.092298
1900-12-21 08:00:00+01:00;-2.5;21.030319
1900-12-21 09:00:00+01:00;-2.5;23.05201
1900-12-21 10:00:00+01:00;-1.5;24.84882
1900-12-21 11:00:00+01:00;-0.3;25.05221
1900-12-21 12:00:00+01:00;-1.2;25.15671
1900-12-21 13:00:00+01:00;-0.3;25.11921
1900-12-21 14:00:00+01:00;-1.4;24.97428
1900-12-21 15:00:00+01:00;-1.5;24.81357
1900-12-21 16:00:00+01:00;-1;23.41507
1900-12-21 17:00:00+01:00;-0.6;21.288165
1900-12-21 18:00:00+01:00;0.6;19.800912
1900-12-21 19:00:00+01:00;2.8;18.402104
1900-12-21 20:00:00+01:00;6.4;16.13427
1900-12-21 21:00:00+01:00;6;13.5223135
1900-12-21 22:00:00+01:00;3.8;11.653114
1900-12-21 23:00:00+01:00;4.2;10.539138
1900-12-22 00:00:00+01:00;2;10.010882
1900-12-22 01:00:00+01:00;3;9.713938
1900-12-22 02:00:00+01:00;3.8;9.568476
1900-12-22 03:00:00+01:00;0.3;9.283135
1900-12-22 04:00:00+01:00;2.2;9.150213
1900-12-22 05:00:00+01:00;1.8;9.247971
1900-12-22 06:00:00+01:00;5.6;9.714335
1900-12-22 07:00:00+01:00;4.9;10.416313
1900-12-22 08:00:00+01:00;4.9;12.5900159
1900-12-22 09:00:00+01:00;5.2;15.882276
1900-12-22 10:00:00+01:00;8.2;18.363592
1900-12-22 11:00:00+01:00;7.3;19.002148
1900-12-22 12:00:00+01:00;6.2;19.313076
1900-12-22 13:00:00+01:00;8.4;19.429464
1900-12-22 14:00:00+01:00;8.6;18.779088
1900-12-22 15:00:00+01:00;8;17.831505
1900-12-22 16:00:00+01:00;7.6;16.999584
1900-12-22 17:00:00+01:00;6.6;16.250017
1900-12-22 18:00:00+01:00;6.8;14.638337
1900-12-22 19:00:00+01:00;8.1;12.8257983
1900-12-22 20:00:00+01:00;7.1;11.497931
1900-12-22 21:00:00+01:00;3.4;10.624333
1900-12-22 22:00:00+01:00;5.4;10.151469
1900-12-22 23:00:00+01:00;3.2;9.831164
1900-12-23 00:00:00+01:00;0.9;10.010882
1900-12-23 01:00:00+01:00;5.9;9.713938
1900-12-23 02:00:00+01:00;1.9;9.568476
1900-12-23 03:00:00+01:00;1.1;9.283135
1900-12-23 04:00:00+01:00;1.2;9.150213
1900-12-23 05:00:00+01:00;2.7;9.247971
1900-12-23 06:00:00+01:00;0.2;9.714335
1900-12-23 07:00:00+01:00;-1;10.416313
1900-12-23 08:00:00+01:00;-0.7;12.5900159
1900-12-23 09:00:00+01:00;-2.1;15.882276
1900-12-23 10:00:00+01:00;-1.2;18.363592
1900-12-23 11:00:00+01:00;-1;19.002148
1900-12-23 12:00:00+01:00;-0.7;19.313076
1900-12-23 13:00:00+01:00;-0.5;19.429464
1900-12-23 14:00:00+01:00;-0.1;18.779088
1900-12-23 15:00:00+01:00;0;17.831505
1900-12-23 16:00:00+01:00;0.9;16.999584
1900-12-23 17:00:00+01:00;0;16.250017
1900-12-23 18:00:00+01:00;1.4;14.638337
1900-12-23 19:00:00+01:00;2.8;12.8257983
1900-12-23 20:00:00+01:00;3.7;11.497931
1900-12-23 21:00:00+01:00;6.4;10.624333
1900-12-23 22:00:00+01:00;5.7;10.151469
1900-12-23 23:00:00+01:00;7;9.831164
1900-12-24 00:00:00+01:00;6.3;9.64108
1900-12-24 01:00:00+01:00;5.7;9.385228
1900-12-24 02:00:00+01:00;5.6;9.321358
1900-12-24 03:00:00+01:00;5;9.303854
1900-12-24 04:00:00+01:00;5;9.54541
1900-12-24 05:00:00+01:00;5.7;10.363691
1900-12-24 06:00:00+01:00;5.8;13.5274489
1900-12-24 07:00:00+01:00;5.8;18.092298
1900-12-24 08:00:00+01:00;6.9;21.030319
1900-12-24 09:00:00+01:00;6.7;23.05201
1900-12-24 10:00:00+01:00;5.5;24.84882
1900-12-24 11:00:00+01:00;6.1;25.05221
1900-12-24 12:00:00+01:00;4.8;25.15671
1900-12-24 13:00:00+01:00;4.8;25.11921
1900-12-24 14:00:00+01:00;4.6;24.97428
1900-12-24 15:00:00+01:00;4.5;24.81357
1900-12-24 16:00:00+01:00;5.6;23.41507
1900-12-24 17:00:00+01:00;4.4;21.288165
1900-12-24 18:00:00+01:00;4.7;19.800912
1900-12-24 19:00:00+01:00;5;18.402104
1900-12-24 20:00:00+01:00;4.7;16.13427
1900-12-24 21:00:00+01:00;4.5;13.5223135
1900-12-24 22:00:00+01:00;5.1;11.653114
1900-12-24 23:00:00+01:00;5.2;10.539138
1900-12-25 00:00:00+01:00;5.4;9.64108
1900-12-25 01:00:00+01:00;5.2;9.385228
1900-12-25 02:00:00+01:00;4.1;9.321358
1900-12-25 03:00:00+01:00;3.8;9.303854
1900-12-25 04:00:00+01:00;3.1;9.54541
1900-12-25 05:00:00+01:00;2.5;10.363691
1900-12-25 06:00:00+01:00;2.4;13.5274489
1900-12-25 07:00:00+01:00;0.8;18.092298
1900-12-25 08:00:00+01:00;1.7;21.030319
1900-12-25 09:00:00+01:00;1;23.05201
1900-12-25 10:00:00+01:00;1;24.84882
1900-12-25 11:00:00+01:00;2.6;25.05221
1900-12-25 12:00:00+01:00;3.6;25.15671
1900-12-25 13:00:00+01:00;3.5;25.11921
1900-12-25 14:00:00+01:00;3;24.97428
1900-12-25 15:00:00+01:00;2.4;24.81357
1900-12-25 16:00:00+01:00;1.7;23.41507
1900-12-25 17:00:00+01:00;1.6;21.288165
1900-12-25 18:00:00+01:00;0.7;19.800912
1900-12-25 19:00:00+01:00;1.8;18.402104
1900-12-25 20:00:00+01:00;0.9;16.13427
1900-12-25 21:00:00+01:00;2;13.5223135
1900-12-25 22:00:00+01:00;1;11.653114
1900-12-25 23:00:00+01:00;2.6;10.539138
1900-12-26 00:00:00+01:00;3.3;9.64108
1900-12-26 01:00:00+01:00;2.3;9.385228
1900-12-26 02:00:00+01:00;2;9.321358
1900-12-26 03:00:00+01:00;1.5;9.303854
1900-12-26 04:00:00+01:00;0.8;9.54541
1900-12-26 05:00:00+01:00;0.5;10.363691
1900-12-26 06:00:00+01:00;-0.5;13.5274489
1900-12-26 07:00:00+01:00;-0.3;18.092298
1900-12-26 08:00:00+01:00;0;21.030319
1900-12-26 09:00:00+01:00;0;23.05201
1900-12-26 10:00:00+01:00;-0.1;24.84882
1900-12-26 11:00:00+01:00;0;25.05221
1900-12-26 12:00:00+01:00;0;25.15671
1900-12-26 13:00:00+01:00;0.1;25.11921
1900-12-26 14:00:00+01:00;0.3;24.97428
1900-12-26 15:00:00+01:00;0.5;24.81357
1900-12-26 16:00:00+01:00;0.4;23.41507
1900-12-26 17:00:00+01:00;-0.1;21.288165
1900-12-26 18:00:00+01:00;1.4;19.800912
1900-12-26 19:00:00+01:00;2.1;18.402104
1900-12-26 20:00:00+01:00;2;16.13427
1900-12-26 21:00:00+01:00;4;13.5223135
1900-12-26 22:00:00+01:00;2.3;11.653114
1900-12-26 23:00:00+01:00;2.6;10.539138
1900-12-27 00:00:00+01:00;2.5;9.64108
1900-12-27 01:00:00+01:00;2.5;9.385228
1900-12-27 02:00:00+01:00;1.9;9.321358
1900-12-27 03:00:00+01:00;1.2;9.303854
1900-12-27 04:00:00+01:00;0.2;9.54541
1900-12-27 05:00:00+01:00;-2.5;10.363691
1900-12-27 06:00:00+01:00;-2.1;13.5274489
1900-12-27 07:00:00+01:00;-2.4;18.092298
1900-12-27 08:00:00+01:00;-3;21.030319
1900-12-27 09:00:00+01:00;-3.1;23.05201
1900-12-27 10:00:00+01:00;-4.1;24.84882
1900-12-27 11:00:00+01:00;-3.9;25.05221
1900-12-27 12:00:00+01:00;-3;25.15671
1900-12-27 13:00:00+01:00;-3.6;25.11921
1900-12-27 14:00:00+01:00;-3.4;24.97428
1900-12-27 15:00:00+01:00;-5.1;24.81357
1900-12-27 16:00:00+01:00;-6.1;23.41507
1900-12-27 17:00:00+01:00;-7.5;21.288165
1900-12-27 18:00:00+01:00;-7.8;19.800912
1900-12-27 19:00:00+01:00;-9.2;18.402104
1900-12-27 20:00:00+01:00;-9.5;16.13427
1900-12-27 21:00:00+01:00;-9.6;13.5223135
1900-12-27 22:00:00+01:00;-8.7;11.653114
1900-12-27 23:00:00+01:00;-9.2;10.539138
1900-12-28 00:00:00+01:00;-8.7;9.64108
1900-12-28 01:00:00+01:00;-8.6;9.385228
1900-12-28 02:00:00+01:00;-7.3;9.321358
1900-12-28 03:00:00+01:00;-6.8;9.303854
1900-12-28 04:00:00+01:00;-6.6;9.54541
1900-12-28 05:00:00+01:00;-4.8;10.363691
1900-12-28 06:00:00+01:00;-5.6;13.5274489
1900-12-28 07:00:00+01:00;-3.9;18.092298
1900-12-28 08:00:00+01:00;-5;21.030319
1900-12-28 09:00:00+01:00;-4.6;23.05201
1900-12-28 10:00:00+01:00;-4.3;24.84882
1900-12-28 11:00:00+01:00;-4.1;25.05221
1900-12-28 12:00:00+01:00;-3.4;25.15671
1900-12-28 13:00:00+01:00;-3.3;25.11921
1900-12-28 14:00:00+01:00;-3.5;24.97428
1900-12-28 15:00:00+01:00;-3.1;24.81357
1900-12-28 16:00:00+01:00;-3;23.41507
1900-12-28 17:00:00+01:00;-3.9;21.288165
1900-12-28 18:00:00+01:00;-4.1;19.800912
1900-12-28 19:00:00+01:00;-4.3;18.402104
1900-12-28 20:00:00+01:00;-4;16.13427
1900-12-28 21:00:00+01:00;-3.8;13.5223135
1900-12-28 22:00:00+01:00;-4;11.653114
1900-12-28 23:00:00+01:00;-5.3;10.539138
1900-12-29 00:00:00+01:00;-7.5;10.010882
1900-12-29 01:00:00+01:00;-7.6;9.713938
1900-12-29 02:00:00+01:00;-10;9.568476
1900-12-29 03:00:00+01:00;-12.7;9.283135
1900-12-29 04:00:00+01:00;-20.9;9.150213
1900-12-29 05:00:00+01:00;-16.4;9.247971
1900-12-29 06:00:00+01:00;-18.4;9.714335
1900-12-29 07:00:00+01:00;-14.7;10.416313
1900-12-29 08:00:00+01:00;-10.1;12.5900159
1900-12-29 09:00:00+01:00;-8;15.882276
1900-12-29 10:00:00+01:00;-7.1;18.363592
1900-12-29 11:00:00+01:00;-6.8;19.002148
1900-12-29 12:00:00+01:00;-6.3;19.313076
1900-12-29 13:00:00+01:00;-7.3;19.429464
1900-12-29 14:00:00+01:00;-8;18.779088
1900-12-29 15:00:00+01:00;-9.8;17.831505
1900-12-29 16:00:00+01:00;-11.7;16.999584
1900-12-29 17:00:00+01:00;-17;16.250017
1900-12-29 18:00:00+01:00;-13.5;14.638337
1900-12-29 19:00:00+01:00;-17.7;12.8257983
1900-12-29 20:00:00+01:00;-16.7;11.497931
1900-12-29 21:00:00+01:00;-13.2;10.624333
1900-12-29 22:00:00+01:00;-12.5;10.151469
1900-12-29 23:00:00+01:00;-10.6;9.831164
1900-12-30 00:00:00+01:00;-10.5;10.010882
1900-12-30 01:00:00+01:00;-11.2;9.713938
1900-12-30 02:00:00+01:00;-10.7;9.568476
1900-12-30 03:00:00+01:00;-8.2;9.283135
1900-12-30 04:00:00+01:00;-6.1;9.150213
1900-12-30 05:00:00+01:00;-6.3;9.247971
1900-12-30 06:00:00+01:00;-5.6;9.714335
1900-12-30 07:00:00+01:00;-6;10.416313
1900-12-30 08:00:00+01:00;-7.1;12.5900159
1900-12-30 09:00:00+01:00;-7.8;15.882276
1900-12-30 10:00:00+01:00;-6.3;18.363592
1900-12-30 11:00:00+01:00;-7;19.002148
1900-12-30 12:00:00+01:00;-7.6;19.313076
1900-12-30 13:00:00+01:00;-6.6;19.429464
1900-12-30 14:00:00+01:00;-8.6;18.779088
1900-12-30 15:00:00+01:00;-6.8;17.831505
1900-12-30 16:00:00+01:00;-5.6;16.999584
1900-12-30 17:00:00+01:00;-5.1;16.250017
1900-12-30 18:00:00+01:00;-5.1;14.638337
1900-12-30 19:00:00+01:00;-5.3;12.8257983
1900-12-30 20:00:00+01:00;-4.8;11.497931
1900-12-30 21:00:00+01:00;-4.8;10.624333
1900-12-30 22:00:00+01:00;-4.5;10.151469
1900-12-30 23:00:00+01:00;-4.6;9.831164
1900-12-31 00:00:00+01:00;-4.8;9.64108
1900-12-31 01:00:00+01:00;-4.6;9.385228
1900-12-31 02:00:00+01:00;-4.6;9.321358
1900-12-31 03:00:00+01:00;-4.6;9.303854
1900-12-31 04:00:00+01:00;-4.6;9.54541
1900-12-31 05:00:00+01:00;-4.6;10.363691
1900-12-31 06:00:00+01:00;-4.1;13.5274489
1900-12-31 07:00:00+01:00;-4.3;18.092298
1900-12-31 08:00:00+01:00;-3.1;21.030319
1900-12-31 09:00:00+01:00;-2.6;23.05201
1900-12-31 10:00:00+01:00;-1.7;24.84882
1900-12-31 11:00:00+01:00;0.8;25.05221
1900-12-31 12:00:00+01:00;1.2;25.15671
1900-12-31 13:00:00+01:00;1.5;25.11921
1900-12-31 14:00:00+01:00;1.5;24.97428
1900-12-31 15:00:00+01:00;0.3;24.81357
1900-12-31 16:00:00+01:00;0.6;23.41507
1900-12-31 17:00:00+01:00;-0.6;21.288165
1900-12-31 18:00:00+01:00;-2.5;19.800912
1900-12-31 19:00:00+01:00;-3;18.402104
1900-12-31 20:00:00+01:00;-2.5;16.13427
1900-12-31 21:00:00+01:00;-2.1;13.5223135
1900-12-31 22:00:00+01:00;-1.7;11.653114
1900-12-31 23:00:00+01:00;-1.1;10.539138
