TimeStamp;Tout;ElImp
1900-01-01 00:00:00+01:00;-0.8;29.53020845
1900-01-01 01:00:00+01:00;-0.7;29.54064351
1900-01-01 02:00:00+01:00;-0.3;29.83880883
1900-01-01 03:00:00+01:00;-0.3;30.27634178
1900-01-01 04:00:00+01:00;-0.8;31.80494902
1900-01-01 05:00:00+01:00;-0.5;34.39604979
1900-01-01 06:00:00+01:00;-0.7;41.27815617
1900-01-01 07:00:00+01:00;-0.6;49.10855854
1900-01-01 08:00:00+01:00;-0.7;52.47195662
1900-01-01 09:00:00+01:00;-1.2;53.57669676
1900-01-01 10:00:00+01:00;-1.7;53.916478
1900-01-01 11:00:00+01:00;-1.9;53.85208248
1900-01-01 12:00:00+01:00;-2.4;53.95742009
1900-01-01 13:00:00+01:00;-2.3;53.2168784
1900-01-01 14:00:00+01:00;-2;52.28903734
1900-01-01 15:00:00+01:00;-0.3;49.07974264
1900-01-01 16:00:00+01:00;0;45.21434171
1900-01-01 17:00:00+01:00;0.2;40.67994543
1900-01-01 18:00:00+01:00;0.7;36.87779158
1900-01-01 19:00:00+01:00;1.1;33.77845545
1900-01-01 20:00:00+01:00;1.3;31.9891391
1900-01-01 21:00:00+01:00;1.6;30.64701479
1900-01-01 22:00:00+01:00;1.8;29.59760685
1900-01-01 23:00:00+01:00;2;29.05994876
1900-01-02 00:00:00+01:00;2.6;28.5535721
1900-01-02 01:00:00+01:00;3.1;28.45604516
1900-01-02 02:00:00+01:00;3.2;28.74196079
1900-01-02 03:00:00+01:00;2.7;29.22843214
1900-01-02 04:00:00+01:00;2.9;30.43465642
1900-01-02 05:00:00+01:00;3;32.46557962
1900-01-02 06:00:00+01:00;3.4;38.285299
1900-01-02 07:00:00+01:00;3.3;45.60625796
1900-01-02 08:00:00+01:00;3;48.83772431
1900-01-02 09:00:00+01:00;2.6;49.70047417
1900-01-02 10:00:00+01:00;2.5;49.65349404
1900-01-02 11:00:00+01:00;2.7;49.17919853
1900-01-02 12:00:00+01:00;2.6;48.79842206
1900-01-02 13:00:00+01:00;2;48.34321502
1900-01-02 14:00:00+01:00;1.8;47.56729341
1900-01-02 15:00:00+01:00;2.3;45.23609661
1900-01-02 16:00:00+01:00;3.4;41.11541096
1900-01-02 17:00:00+01:00;3.5;36.97009625
1900-01-02 18:00:00+01:00;2.5;34.25918254
1900-01-02 19:00:00+01:00;1.7;31.83918773
1900-01-02 20:00:00+01:00;2.1;29.99590015
1900-01-02 21:00:00+01:00;2;28.80368544
1900-01-02 22:00:00+01:00;2.1;27.87598963
1900-01-02 23:00:00+01:00;2.1;27.43780005
1900-01-03 00:00:00+01:00;1.9;27.15555878
1900-01-03 01:00:00+01:00;2.2;27.11277195
1900-01-03 02:00:00+01:00;1.6;27.54979932
1900-01-03 03:00:00+01:00;1.7;27.96580601
1900-01-03 04:00:00+01:00;1.6;29.24038963
1900-01-03 05:00:00+01:00;1.3;31.69638655
1900-01-03 06:00:00+01:00;1;38.13340157
1900-01-03 07:00:00+01:00;1.4;45.32289428
1900-01-03 08:00:00+01:00;1.5;48.75724242
1900-01-03 09:00:00+01:00;1.6;49.560627
1900-01-03 10:00:00+01:00;1.4;49.74699708
1900-01-03 11:00:00+01:00;1.1;49.7888731
1900-01-03 12:00:00+01:00;1.2;49.57310449
1900-01-03 13:00:00+01:00;0.9;49.11461639
1900-01-03 14:00:00+01:00;1.2;48.16993477
1900-01-03 15:00:00+01:00;1;46.40369213
1900-01-03 16:00:00+01:00;0.6;43.21994971
1900-01-03 17:00:00+01:00;0.3;39.08259047
1900-01-03 18:00:00+01:00;0.6;35.60263413
1900-01-03 19:00:00+01:00;0.5;32.82364195
1900-01-03 20:00:00+01:00;0.6;31.0900762
1900-01-03 21:00:00+01:00;0.4;29.92401363
1900-01-03 22:00:00+01:00;0;29.12448957
1900-01-03 23:00:00+01:00;-0.3;28.77208475
1900-01-04 00:00:00+01:00;-0.1;28.42975504
1900-01-04 01:00:00+01:00;0;28.45764068
1900-01-04 02:00:00+01:00;0.3;28.76556534
1900-01-04 03:00:00+01:00;0.3;29.22356998
1900-01-04 04:00:00+01:00;0.3;30.6150064
1900-01-04 05:00:00+01:00;0.1;33.22297684
1900-01-04 06:00:00+01:00;0.2;39.77495766
1900-01-04 07:00:00+01:00;0.1;47.49389964
1900-01-04 08:00:00+01:00;0.7;50.56182232
1900-01-04 09:00:00+01:00;-0.1;51.90877807
1900-01-04 10:00:00+01:00;-0.3;52.11527678
1900-01-04 11:00:00+01:00;-1;52.39926868
1900-01-04 12:00:00+01:00;-0.3;51.79162021
1900-01-04 13:00:00+01:00;-1;51.58261048
1900-01-04 14:00:00+01:00;-1.2;51.0282245
1900-01-04 15:00:00+01:00;-1.2;49.05395925
1900-01-04 16:00:00+01:00;-4.3;47.30800754
1900-01-04 17:00:00+01:00;-3.5;42.05968403
1900-01-04 18:00:00+01:00;-3;38.05702918
1900-01-04 19:00:00+01:00;-5.5;35.78865662
1900-01-04 20:00:00+01:00;-2.1;32.99988702
1900-01-04 21:00:00+01:00;-0.7;31.35203451
1900-01-04 22:00:00+01:00;2.9;29.46531192
1900-01-04 23:00:00+01:00;3.5;28.83317458
1900-01-05 00:00:00+01:00;3.8;28.47863115
1900-01-05 01:00:00+01:00;4.3;28.40122227
1900-01-05 02:00:00+01:00;4.2;28.73208933
1900-01-05 03:00:00+01:00;3.8;29.21627619
1900-01-05 04:00:00+01:00;4;30.41683891
1900-01-05 05:00:00+01:00;4.8;32.05774511
1900-01-05 06:00:00+01:00;4.6;37.87760644
1900-01-05 07:00:00+01:00;4.4;45.19203102
1900-01-05 08:00:00+01:00;4.9;47.85823201
1900-01-05 09:00:00+01:00;4.6;48.57235664
1900-01-05 10:00:00+01:00;4.7;48.39296354
1900-01-05 11:00:00+01:00;5;47.81392182
1900-01-05 12:00:00+01:00;5.2;47.14334881
1900-01-05 13:00:00+01:00;5.6;45.94648418
1900-01-05 14:00:00+01:00;5.8;44.62116118
1900-01-05 15:00:00+01:00;6.7;41.93148937
1900-01-05 16:00:00+01:00;5.7;39.27558778
1900-01-05 17:00:00+01:00;6;35.16010806
1900-01-05 18:00:00+01:00;7;31.80939816
1900-01-05 19:00:00+01:00;10.7;28.0272917
1900-01-05 20:00:00+01:00;7.9;27.13437502
1900-01-05 21:00:00+01:00;6.5;26.28515696
1900-01-05 22:00:00+01:00;6.4;25.43080756
1900-01-05 23:00:00+01:00;5.5;25.21521528
1900-01-06 00:00:00+01:00;5.4;19.06686924
1900-01-06 01:00:00+01:00;3.4;19.66505318
1900-01-06 02:00:00+01:00;1.8;20.10006088
1900-01-06 03:00:00+01:00;1.5;20.32455623
1900-01-06 04:00:00+01:00;2.8;20.64080156
1900-01-06 05:00:00+01:00;1.3;21.7456225
1900-01-06 06:00:00+01:00;0.5;22.47376062
1900-01-06 07:00:00+01:00;0.4;22.76472294
1900-01-06 08:00:00+01:00;-1;23.69774663
1900-01-06 09:00:00+01:00;-1.5;24.60288601
1900-01-06 10:00:00+01:00;2.2;23.43805467
1900-01-06 11:00:00+01:00;2.4;23.40982457
1900-01-06 12:00:00+01:00;2.5;23.96649813
1900-01-06 13:00:00+01:00;3.6;23.73694353
1900-01-06 14:00:00+01:00;5.1;22.95176988
1900-01-06 15:00:00+01:00;4;23.09281009
1900-01-06 16:00:00+01:00;3.7;23.03133615
1900-01-06 17:00:00+01:00;5.3;21.98938282
1900-01-06 18:00:00+01:00;5;21.73725944
1900-01-06 19:00:00+01:00;3.9;21.78616058
1900-01-06 20:00:00+01:00;3.7;21.61559646
1900-01-06 21:00:00+01:00;4.1;21.30053431
1900-01-06 22:00:00+01:00;3.6;21.21408061
1900-01-06 23:00:00+01:00;1.1;21.65952001
1900-01-07 00:00:00+01:00;2;21.36303526
1900-01-07 01:00:00+01:00;2.3;21.39843272
1900-01-07 02:00:00+01:00;2;21.51116859
1900-01-07 03:00:00+01:00;1.7;21.68309375
1900-01-07 04:00:00+01:00;2.1;22.3378633
1900-01-07 05:00:00+01:00;2;22.80427801
1900-01-07 06:00:00+01:00;1.1;23.4332624
1900-01-07 07:00:00+01:00;1.9;23.46360473
1900-01-07 08:00:00+01:00;0.5;24.24032872
1900-01-07 09:00:00+01:00;0.8;24.54395612
1900-01-07 10:00:00+01:00;1.1;24.5730174
1900-01-07 11:00:00+01:00;1.7;24.34662101
1900-01-07 12:00:00+01:00;2.4;24.62022005
1900-01-07 13:00:00+01:00;3;24.57203962
1900-01-07 14:00:00+01:00;1.8;24.90722218
1900-01-07 15:00:00+01:00;1.4;24.72333465
1900-01-07 16:00:00+01:00;0.8;24.82237445
1900-01-07 17:00:00+01:00;1.3;24.23235672
1900-01-07 18:00:00+01:00;-0.3;24.50374472
1900-01-07 19:00:00+01:00;-2.5;24.71651648
1900-01-07 20:00:00+01:00;-4.5;25.03158147
1900-01-07 21:00:00+01:00;-5;24.934512
1900-01-07 22:00:00+01:00;-4.6;24.38688243
1900-01-07 23:00:00+01:00;-7.3;24.80648954
1900-01-08 00:00:00+01:00;-7.6;30.49545114
1900-01-08 01:00:00+01:00;-6.6;30.40850065
1900-01-08 02:00:00+01:00;-5.1;30.62954926
1900-01-08 03:00:00+01:00;-8;31.65603327
1900-01-08 04:00:00+01:00;-7.8;33.54260478
1900-01-08 05:00:00+01:00;-8.8;37.79946491
1900-01-08 06:00:00+01:00;-8;45.95746397
1900-01-08 07:00:00+01:00;-3.4;52.40854177
1900-01-08 08:00:00+01:00;-3.5;55.93698255
1900-01-08 09:00:00+01:00;-3.5;56.90975589
1900-01-08 10:00:00+01:00;-3.4;57.03693106
1900-01-08 11:00:00+01:00;-2;56.10269971
1900-01-08 12:00:00+01:00;0;54.5273579
1900-01-08 13:00:00+01:00;0.2;53.65407467
1900-01-08 14:00:00+01:00;-0.1;52.84841821
1900-01-08 15:00:00+01:00;-2.5;52.42330327
1900-01-08 16:00:00+01:00;-5.3;50.32544415
1900-01-08 17:00:00+01:00;-6;45.77599834
1900-01-08 18:00:00+01:00;-8.6;42.5359138
1900-01-08 19:00:00+01:00;-8.8;38.983612
1900-01-08 20:00:00+01:00;-8.7;37.08856925
1900-01-08 21:00:00+01:00;-8.7;35.65050921
1900-01-08 22:00:00+01:00;-8.6;34.5646593
1900-01-08 23:00:00+01:00;-9.1;34.10759279
1900-01-09 00:00:00+01:00;-8.6;33.66395033
1900-01-09 01:00:00+01:00;-8.2;33.63784878
1900-01-09 02:00:00+01:00;-8;34.09620455
1900-01-09 03:00:00+01:00;-8.2;34.56128548
1900-01-09 04:00:00+01:00;-8.3;36.51989528
1900-01-09 05:00:00+01:00;-8.7;40.39532015
1900-01-09 06:00:00+01:00;-8.7;48.98483857
1900-01-09 07:00:00+01:00;-8.5;58.23901667
1900-01-09 08:00:00+01:00;-8.2;61.60310059
1900-01-09 09:00:00+01:00;-8.3;62.6843067
1900-01-09 10:00:00+01:00;-7.6;62.43347206
1900-01-09 11:00:00+01:00;-6.6;61.73973691
1900-01-09 12:00:00+01:00;-5.6;60.86755038
1900-01-09 13:00:00+01:00;-5.1;59.8346132
1900-01-09 14:00:00+01:00;-5.8;59.45317456
1900-01-09 15:00:00+01:00;-5.8;57.15834781
1900-01-09 16:00:00+01:00;-5.5;52.68277996
1900-01-09 17:00:00+01:00;-6;47.84843586
1900-01-09 18:00:00+01:00;-6;43.14859069
1900-01-09 19:00:00+01:00;-5.6;39.24104857
1900-01-09 20:00:00+01:00;-5.5;37.31642076
1900-01-09 21:00:00+01:00;-5;35.69879995
1900-01-09 22:00:00+01:00;-4.6;34.39090002
1900-01-09 23:00:00+01:00;-5;33.85185639
1900-01-10 00:00:00+01:00;-5.3;33.59925324
1900-01-10 01:00:00+01:00;-6.3;33.82712832
1900-01-10 02:00:00+01:00;-7.6;34.49407078
1900-01-10 03:00:00+01:00;-8;35.00368534
1900-01-10 04:00:00+01:00;-8.1;36.98608177
1900-01-10 05:00:00+01:00;-7.8;40.61142515
1900-01-10 06:00:00+01:00;-7.8;49.07598854
1900-01-10 07:00:00+01:00;-8.2;58.46662766
1900-01-10 08:00:00+01:00;-8.1;61.7160055
1900-01-10 09:00:00+01:00;-7.3;62.04320351
1900-01-10 10:00:00+01:00;-7;61.86785927
1900-01-10 11:00:00+01:00;-7;61.62306915
1900-01-10 12:00:00+01:00;-6.3;60.81910581
1900-01-10 13:00:00+01:00;-6.6;60.20643577
1900-01-10 14:00:00+01:00;-6.1;58.96667273
1900-01-10 15:00:00+01:00;-7;57.26389247
1900-01-10 16:00:00+01:00;-6.5;52.6156108
1900-01-10 17:00:00+01:00;-6;47.17608017
1900-01-10 18:00:00+01:00;-4.8;42.13163002
1900-01-10 19:00:00+01:00;-3.8;38.19740755
1900-01-10 20:00:00+01:00;-4.5;36.58916513
1900-01-10 21:00:00+01:00;-4;35.05961173
1900-01-10 22:00:00+01:00;-3.9;33.91603018
1900-01-10 23:00:00+01:00;-3.8;33.34174583
1900-01-11 00:00:00+01:00;-4;33.13023704
1900-01-11 01:00:00+01:00;-3.5;33.09214509
1900-01-11 02:00:00+01:00;-4;33.57202958
1900-01-11 03:00:00+01:00;-3.3;33.861144
1900-01-11 04:00:00+01:00;-3.5;35.5983313
1900-01-11 05:00:00+01:00;-3.5;38.57547157
1900-01-11 06:00:00+01:00;-4.6;46.68909193
1900-01-11 07:00:00+01:00;-3.6;54.82903701
1900-01-11 08:00:00+01:00;-4.1;58.09424465
1900-01-11 09:00:00+01:00;-3.5;58.37710209
1900-01-11 10:00:00+01:00;-3.1;58.04129456
1900-01-11 11:00:00+01:00;-3;57.60084933
1900-01-11 12:00:00+01:00;-2.8;56.94176569
1900-01-11 13:00:00+01:00;-2.4;55.72653396
1900-01-11 14:00:00+01:00;-2.4;54.65294029
1900-01-11 15:00:00+01:00;-2;52.03922434
1900-01-11 16:00:00+01:00;-1.7;47.8499864
1900-01-11 17:00:00+01:00;-1.9;43.21957399
1900-01-11 18:00:00+01:00;-1.4;38.99387731
1900-01-11 19:00:00+01:00;-1.9;35.90945136
1900-01-11 20:00:00+01:00;-2.5;34.27198865
1900-01-11 21:00:00+01:00;-2.5;32.90589221
1900-01-11 22:00:00+01:00;-2.9;31.94075395
1900-01-11 23:00:00+01:00;-3;31.4320712
1900-01-12 00:00:00+01:00;-3.1;31.13260912
1900-01-12 01:00:00+01:00;-3.1;31.1635712
1900-01-12 02:00:00+01:00;-4.1;31.72466855
1900-01-12 03:00:00+01:00;-4.5;32.24504
1900-01-12 04:00:00+01:00;-4.1;33.87722144
1900-01-12 05:00:00+01:00;-3.9;36.98471157
1900-01-12 06:00:00+01:00;-3.5;44.31521131
1900-01-12 07:00:00+01:00;-3.3;52.59769709
1900-01-12 08:00:00+01:00;-3.4;55.92664
1900-01-12 09:00:00+01:00;-3.6;56.86845543
1900-01-12 10:00:00+01:00;-4.3;57.35388504
1900-01-12 11:00:00+01:00;-3;56.34920312
1900-01-12 12:00:00+01:00;-2.8;55.89065691
1900-01-12 13:00:00+01:00;-2.6;54.98207452
1900-01-12 14:00:00+01:00;-3.1;54.46679174
1900-01-12 15:00:00+01:00;-4.3;53.17064892
1900-01-12 16:00:00+01:00;-3;48.36577986
1900-01-12 17:00:00+01:00;-3;43.60981322
1900-01-12 18:00:00+01:00;-3;39.59991081
1900-01-12 19:00:00+01:00;-3;36.31844474
1900-01-12 20:00:00+01:00;-3;34.53574046
1900-01-12 21:00:00+01:00;-2.6;33.09173439
1900-01-12 22:00:00+01:00;-2.9;32.11901123
1900-01-12 23:00:00+01:00;-2.5;31.50849233
1900-01-13 00:00:00+01:00;-3;25.41037035
1900-01-13 01:00:00+01:00;-2;25.27171463
1900-01-13 02:00:00+01:00;-2.4;25.40802572
1900-01-13 03:00:00+01:00;-2.5;25.49310442
1900-01-13 04:00:00+01:00;-2.5;26.48114444
1900-01-13 05:00:00+01:00;-2.1;26.79012248
1900-01-13 06:00:00+01:00;-2.5;27.2378056
1900-01-13 07:00:00+01:00;-2.4;27.72116538
1900-01-13 08:00:00+01:00;-1.5;27.8359213
1900-01-13 09:00:00+01:00;-2;28.30200913
1900-01-13 10:00:00+01:00;-1.7;28.2456923
1900-01-13 11:00:00+01:00;-0.7;27.78657201
1900-01-13 12:00:00+01:00;-0.8;28.38027456
1900-01-13 13:00:00+01:00;-0.6;28.45201807
1900-01-13 14:00:00+01:00;-1.2;28.37938104
1900-01-13 15:00:00+01:00;-1.2;27.81774983
1900-01-13 16:00:00+01:00;-2.5;28.17999512
1900-01-13 17:00:00+01:00;-3;27.85109265
1900-01-13 18:00:00+01:00;-2.6;27.27604605
1900-01-13 19:00:00+01:00;-2.5;26.49249249
1900-01-13 20:00:00+01:00;-3.1;26.31464923
1900-01-13 21:00:00+01:00;-2.5;25.76165881
1900-01-13 22:00:00+01:00;-2.9;25.35264171
1900-01-13 23:00:00+01:00;-3;25.05708783
1900-01-14 00:00:00+01:00;-9.1;26.59009693
1900-01-14 01:00:00+01:00;-9.2;26.81117569
1900-01-14 02:00:00+01:00;-10.2;27.14519261
1900-01-14 03:00:00+01:00;-9.7;27.27894396
1900-01-14 04:00:00+01:00;-9;28.32351718
1900-01-14 05:00:00+01:00;-7.8;28.99907099
1900-01-14 06:00:00+01:00;-6.1;28.91357257
1900-01-14 07:00:00+01:00;-5;29.1532144
1900-01-14 08:00:00+01:00;-4.3;29.46100415
1900-01-14 09:00:00+01:00;-3.6;29.62870176
1900-01-14 10:00:00+01:00;-0.3;28.4555869
1900-01-14 11:00:00+01:00;-0.3;28.42283976
1900-01-14 12:00:00+01:00;-0.7;29.16211457
1900-01-14 13:00:00+01:00;-1.2;29.58410096
1900-01-14 14:00:00+01:00;-0.6;29.01855067
1900-01-14 15:00:00+01:00;-1.2;28.71961102
1900-01-14 16:00:00+01:00;-2;28.89448348
1900-01-14 17:00:00+01:00;-1;27.94199613
1900-01-14 18:00:00+01:00;-1.4;27.71751056
1900-01-14 19:00:00+01:00;-1.4;27.00374247
1900-01-14 20:00:00+01:00;-1.7;26.78902073
1900-01-14 21:00:00+01:00;-1;26.22002721
1900-01-14 22:00:00+01:00;-2.3;26.08816996
1900-01-14 23:00:00+01:00;-1.7;25.61125073
1900-01-15 00:00:00+01:00;-1.5;31.11899853
1900-01-15 01:00:00+01:00;-1.4;31.00316026
1900-01-15 02:00:00+01:00;-1.4;31.2083038
1900-01-15 03:00:00+01:00;-1;31.40344855
1900-01-15 04:00:00+01:00;-0.6;32.67720342
1900-01-15 05:00:00+01:00;0;34.93856953
1900-01-15 06:00:00+01:00;0;41.55621954
1900-01-15 07:00:00+01:00;-0.6;49.64832825
1900-01-15 08:00:00+01:00;0.3;52.22715904
1900-01-15 09:00:00+01:00;0.6;52.66715197
1900-01-15 10:00:00+01:00;0.5;52.74069943
1900-01-15 11:00:00+01:00;0.6;52.4382063
1900-01-15 12:00:00+01:00;0.7;51.98720228
1900-01-15 13:00:00+01:00;1;50.96546045
1900-01-15 14:00:00+01:00;0.9;50.06842568
1900-01-15 15:00:00+01:00;1;47.9040226
1900-01-15 16:00:00+01:00;1;44.27328247
1900-01-15 17:00:00+01:00;1.3;39.77555184
1900-01-15 18:00:00+01:00;0.9;36.42688467
1900-01-15 19:00:00+01:00;0.9;33.48019274
1900-01-15 20:00:00+01:00;1.5;31.53637721
1900-01-15 21:00:00+01:00;1.9;30.15575096
1900-01-15 22:00:00+01:00;1.5;29.231681
1900-01-15 23:00:00+01:00;1.5;28.71893981
1900-01-16 00:00:00+01:00;1.4;28.38548037
1900-01-16 01:00:00+01:00;1.6;28.31452834
1900-01-16 02:00:00+01:00;1.5;28.60806171
1900-01-16 03:00:00+01:00;1.2;29.03839554
1900-01-16 04:00:00+01:00;1.2;30.31819684
1900-01-16 05:00:00+01:00;1.2;32.6714522
1900-01-16 06:00:00+01:00;1.4;38.90363656
1900-01-16 07:00:00+01:00;1.4;46.30647464
1900-01-16 08:00:00+01:00;1.3;49.67328406
1900-01-16 09:00:00+01:00;1.1;50.58333353
1900-01-16 10:00:00+01:00;1;50.65612604
1900-01-16 11:00:00+01:00;1.2;50.31852322
1900-01-16 12:00:00+01:00;1.2;50.05948712
1900-01-16 13:00:00+01:00;1;49.4837068
1900-01-16 14:00:00+01:00;1;48.68460488
1900-01-16 15:00:00+01:00;0.7;46.93583048
1900-01-16 16:00:00+01:00;0.3;43.65962406
1900-01-16 17:00:00+01:00;0.2;39.33787075
1900-01-16 18:00:00+01:00;0.5;35.79051361
1900-01-16 19:00:00+01:00;0.2;33.04295845
1900-01-16 20:00:00+01:00;-0.3;31.47570935
1900-01-16 21:00:00+01:00;0;30.16599463
1900-01-16 22:00:00+01:00;-0.3;29.32769841
1900-01-16 23:00:00+01:00;-0.8;29.01187834
1900-01-17 00:00:00+01:00;-0.8;28.70798577
1900-01-17 01:00:00+01:00;-1;28.79054765
1900-01-17 02:00:00+01:00;-0.5;29.07984631
1900-01-17 03:00:00+01:00;-1.2;29.65598744
1900-01-17 04:00:00+01:00;-1.5;31.1855862
1900-01-17 05:00:00+01:00;-2.3;34.28873505
1900-01-17 06:00:00+01:00;-2.1;41.30573443
1900-01-17 07:00:00+01:00;-2;49.23520008
1900-01-17 08:00:00+01:00;-2;52.81665543
1900-01-17 09:00:00+01:00;-2.1;53.84586212
1900-01-17 10:00:00+01:00;-1.5;53.59610407
1900-01-17 11:00:00+01:00;-2;53.79223794
1900-01-17 12:00:00+01:00;-2.9;54.25950739
1900-01-17 13:00:00+01:00;-3.4;53.9976977
1900-01-17 14:00:00+01:00;-3;53.12315133
1900-01-17 15:00:00+01:00;-2.1;50.48246731
1900-01-17 16:00:00+01:00;-1.5;46.33935403
1900-01-17 17:00:00+01:00;-2.6;42.32238655
1900-01-17 18:00:00+01:00;-2.8;38.58539417
1900-01-17 19:00:00+01:00;-2.8;35.43978108
1900-01-17 20:00:00+01:00;-3;33.74770785
1900-01-17 21:00:00+01:00;-3;32.46125663
1900-01-17 22:00:00+01:00;-3.4;31.59361016
1900-01-17 23:00:00+01:00;-5;31.50928615
1900-01-18 00:00:00+01:00;-5.1;31.25978203
1900-01-18 01:00:00+01:00;-4;31.12830821
1900-01-18 02:00:00+01:00;-4.5;31.68592431
1900-01-18 03:00:00+01:00;-4.3;32.15913853
1900-01-18 04:00:00+01:00;-3.4;33.7391668
1900-01-18 05:00:00+01:00;-4.8;37.28668279
1900-01-18 06:00:00+01:00;-7.1;46.18203222
1900-01-18 07:00:00+01:00;-5.6;54.21257942
1900-01-18 08:00:00+01:00;-4.8;57.26403611
1900-01-18 09:00:00+01:00;-5;58.32492222
1900-01-18 10:00:00+01:00;-4.8;58.34374604
1900-01-18 11:00:00+01:00;-3.3;57.26003915
1900-01-18 12:00:00+01:00;-4.6;57.76291204
1900-01-18 13:00:00+01:00;-3.3;56.13107953
1900-01-18 14:00:00+01:00;-4.8;56.31729864
1900-01-18 15:00:00+01:00;-7.5;56.06910377
1900-01-18 16:00:00+01:00;-9;52.80069809
1900-01-18 17:00:00+01:00;-8.3;47.08333605
1900-01-18 18:00:00+01:00;-8.2;42.51943693
1900-01-18 19:00:00+01:00;-7.3;38.60304661
1900-01-18 20:00:00+01:00;-6.3;36.48898589
1900-01-18 21:00:00+01:00;-6.3;35.11746584
1900-01-18 22:00:00+01:00;-6.6;34.13629885
1900-01-18 23:00:00+01:00;-6.1;33.47980369
1900-01-19 00:00:00+01:00;-7.3;33.4652228
1900-01-19 01:00:00+01:00;-6.5;33.42015273
1900-01-19 02:00:00+01:00;-6.8;33.96883703
1900-01-19 03:00:00+01:00;-7.1;34.54128346
1900-01-19 04:00:00+01:00;-7.5;36.64517299
1900-01-19 05:00:00+01:00;-7.8;40.47678387
1900-01-19 06:00:00+01:00;-7.6;48.87906877
1900-01-19 07:00:00+01:00;-7.3;57.96196724
1900-01-19 08:00:00+01:00;-7.1;61.18483882
1900-01-19 09:00:00+01:00;-7.1;62.07327415
1900-01-19 10:00:00+01:00;-7.1;62.1816591
1900-01-19 11:00:00+01:00;-6.6;61.73973691
1900-01-19 12:00:00+01:00;-6.1;61.0488581
1900-01-19 13:00:00+01:00;-6.1;60.26876055
1900-01-19 14:00:00+01:00;-5.8;59.12886147
1900-01-19 15:00:00+01:00;-5.6;56.57519925
1900-01-19 16:00:00+01:00;-6.1;52.53045308
1900-01-19 17:00:00+01:00;-6.1;47.32061951
1900-01-19 18:00:00+01:00;-5.1;42.28665139
1900-01-19 19:00:00+01:00;-5.8;38.86132284
1900-01-19 20:00:00+01:00;-5.6;36.94683832
1900-01-19 21:00:00+01:00;-6.3;35.70057751
1900-01-19 22:00:00+01:00;-6.6;34.63456016
1900-01-19 23:00:00+01:00;-6.8;34.12226449
1900-01-20 00:00:00+01:00;-7;27.97329516
1900-01-20 01:00:00+01:00;-6.8;28.07710865
1900-01-20 02:00:00+01:00;-7.8;28.38611757
1900-01-20 03:00:00+01:00;-7.6;28.45064474
1900-01-20 04:00:00+01:00;-7.3;29.5902285
1900-01-20 05:00:00+01:00;-7.8;30.3740238
1900-01-20 06:00:00+01:00;-7.3;30.57242792
1900-01-20 07:00:00+01:00;-7.6;31.31143568
1900-01-20 08:00:00+01:00;-7.1;31.65511111
1900-01-20 09:00:00+01:00;-7;32.02294758
1900-01-20 10:00:00+01:00;-6.6;32.05411785
1900-01-20 11:00:00+01:00;-6.3;31.87351726
1900-01-20 12:00:00+01:00;-6.3;32.5833764
1900-01-20 13:00:00+01:00;-5.8;32.5394091
1900-01-20 14:00:00+01:00;-4.6;31.73413083
1900-01-20 15:00:00+01:00;-5;31.27590477
1900-01-20 16:00:00+01:00;-5.1;31.19476115
1900-01-20 17:00:00+01:00;-6;30.97509739
1900-01-20 18:00:00+01:00;-5.5;30.41529099
1900-01-20 19:00:00+01:00;-5.3;29.49223422
1900-01-20 20:00:00+01:00;-5.3;29.15831904
1900-01-20 21:00:00+01:00;-5.8;28.88228023
1900-01-20 22:00:00+01:00;-6.1;28.32881678
1900-01-20 23:00:00+01:00;-5.3;27.73255155
1900-01-21 00:00:00+01:00;-5.6;27.47591912
1900-01-21 01:00:00+01:00;-5.6;27.61110942
1900-01-21 02:00:00+01:00;-5.8;27.68508488
1900-01-21 03:00:00+01:00;-6.3;27.87690646
1900-01-21 04:00:00+01:00;-6.8;29.16910909
1900-01-21 05:00:00+01:00;-6.6;29.70240625
1900-01-21 06:00:00+01:00;-5.8;29.77004509
1900-01-21 07:00:00+01:00;-6.3;30.52899298
1900-01-21 08:00:00+01:00;-6.3;30.99866371
1900-01-21 09:00:00+01:00;-6;31.27252171
1900-01-21 10:00:00+01:00;-5.3;31.15472381
1900-01-21 11:00:00+01:00;-5.1;31.00189274
1900-01-21 12:00:00+01:00;-4.6;31.44735881
1900-01-21 13:00:00+01:00;-4.6;31.59427438
1900-01-21 14:00:00+01:00;-4.3;31.17439659
1900-01-21 15:00:00+01:00;-4;30.45028143
1900-01-21 16:00:00+01:00;-3.1;29.93529954
1900-01-21 17:00:00+01:00;-3.5;29.50282209
1900-01-21 18:00:00+01:00;-3.8;29.21864223
1900-01-21 19:00:00+01:00;-4.6;28.69313002
1900-01-21 20:00:00+01:00;-4.3;28.24034179
1900-01-21 21:00:00+01:00;-4;27.72593668
1900-01-21 22:00:00+01:00;-3.5;26.99842668
1900-01-21 23:00:00+01:00;-4.1;26.77127455
1900-01-22 00:00:00+01:00;-3.4;32.26940822
1900-01-22 01:00:00+01:00;-3.6;32.34564211
1900-01-22 02:00:00+01:00;-4.6;32.92500337
1900-01-22 03:00:00+01:00;-4.8;33.38341854
1900-01-22 04:00:00+01:00;-4.3;35.02666688
1900-01-22 05:00:00+01:00;-4.3;38.15995176
1900-01-22 06:00:00+01:00;-4.3;45.86671006
1900-01-22 07:00:00+01:00;-4.6;54.62876215
1900-01-22 08:00:00+01:00;-4.1;57.51788153
1900-01-22 09:00:00+01:00;-3.5;57.86580724
1900-01-22 10:00:00+01:00;-4.1;58.21650677
1900-01-22 11:00:00+01:00;-3.9;57.81604097
1900-01-22 12:00:00+01:00;-4.3;57.69460489
1900-01-22 13:00:00+01:00;-4.1;56.7477501
1900-01-22 14:00:00+01:00;-4.3;56.01360772
1900-01-22 15:00:00+01:00;-4;53.57824824
1900-01-22 16:00:00+01:00;-4;49.54131083
1900-01-22 17:00:00+01:00;-4.5;44.89724918
1900-01-22 18:00:00+01:00;-4.8;40.78131504
1900-01-22 19:00:00+01:00;-4.6;37.25088957
1900-01-22 20:00:00+01:00;-5;35.54245603
1900-01-22 21:00:00+01:00;-5.1;34.18389974
1900-01-22 22:00:00+01:00;-6.3;33.43697638
1900-01-22 23:00:00+01:00;-5.3;32.67795612
1900-01-23 00:00:00+01:00;-5.3;32.40907454
1900-01-23 01:00:00+01:00;-5.3;32.48934488
1900-01-23 02:00:00+01:00;-6.3;33.11255615
1900-01-23 03:00:00+01:00;-5.6;33.46810448
1900-01-23 04:00:00+01:00;-6.8;35.53946714
1900-01-23 05:00:00+01:00;-7.5;39.3838791
1900-01-23 06:00:00+01:00;-8.2;48.11896796
1900-01-23 07:00:00+01:00;-8.2;57.25914283
1900-01-23 08:00:00+01:00;-8.7;61.13644903
1900-01-23 09:00:00+01:00;-9;62.40220746
1900-01-23 10:00:00+01:00;-9.1;62.64508608
1900-01-23 11:00:00+01:00;-7.6;61.6251211
1900-01-23 12:00:00+01:00;-6.3;60.53184627
1900-01-23 13:00:00+01:00;-5.8;59.42338185
1900-01-23 14:00:00+01:00;-5.3;58.18515446
1900-01-23 15:00:00+01:00;-5.6;56.1066845
1900-01-23 16:00:00+01:00;-6.8;52.64626225
1900-01-23 17:00:00+01:00;-7.3;47.71038019
1900-01-23 18:00:00+01:00;-5.6;42.41116303
1900-01-23 19:00:00+01:00;-5.8;38.86132284
1900-01-23 20:00:00+01:00;-5.1;36.82576651
1900-01-23 21:00:00+01:00;-6.1;35.69112921
1900-01-23 22:00:00+01:00;-6;34.52666973
1900-01-23 23:00:00+01:00;-5.6;33.88534625
1900-01-24 00:00:00+01:00;-5.3;33.57199724
1900-01-24 01:00:00+01:00;-5.3;33.67085047
1900-01-24 02:00:00+01:00;-5.3;34.12731248
1900-01-24 03:00:00+01:00;-5.6;34.67116694
1900-01-24 04:00:00+01:00;-5.1;36.47094246
1900-01-24 05:00:00+01:00;-5.5;39.86216111
1900-01-24 06:00:00+01:00;-5.1;47.70839357
1900-01-24 07:00:00+01:00;-5.1;56.60174024
1900-01-24 08:00:00+01:00;-4.8;59.41724172
1900-01-24 09:00:00+01:00;-4.5;59.84468191
1900-01-24 10:00:00+01:00;-5;60.03780746
1900-01-24 11:00:00+01:00;-4.6;59.44464004
1900-01-24 12:00:00+01:00;-4.1;58.6359774
1900-01-24 13:00:00+01:00;-3.4;57.26571793
1900-01-24 14:00:00+01:00;-3.4;56.21891125
1900-01-24 15:00:00+01:00;-3.5;53.96329179
1900-01-24 16:00:00+01:00;-4.1;50.20544356
1900-01-24 17:00:00+01:00;-4.6;45.45838537
1900-01-24 18:00:00+01:00;-3.8;40.79765801
1900-01-24 19:00:00+01:00;-3.5;37.21919863
1900-01-24 20:00:00+01:00;-3.3;35.33231991
1900-01-24 21:00:00+01:00;-2.8;33.7836884
1900-01-24 22:00:00+01:00;-1.5;32.32042697
1900-01-24 23:00:00+01:00;-2;31.862408
1900-01-25 00:00:00+01:00;-2.3;31.61414051
1900-01-25 01:00:00+01:00;-1.5;31.47396605
1900-01-25 02:00:00+01:00;-1;31.73424851
1900-01-25 03:00:00+01:00;-0.7;32.07489441
1900-01-25 04:00:00+01:00;-1.5;33.74583
1900-01-25 05:00:00+01:00;-1;36.27121911
1900-01-25 06:00:00+01:00;-0.8;43.15775014
1900-01-25 07:00:00+01:00;-1;51.35065783
1900-01-25 08:00:00+01:00;-1;54.36257093
1900-01-25 09:00:00+01:00;-0.5;54.67826859
1900-01-25 10:00:00+01:00;0;54.24966598
1900-01-25 11:00:00+01:00;0.1;53.80433918
1900-01-25 12:00:00+01:00;0.5;53.00441755
1900-01-25 13:00:00+01:00;0.8;51.88797387
1900-01-25 14:00:00+01:00;0.7;50.85861841
1900-01-25 15:00:00+01:00;0.4;48.88163763
1900-01-25 16:00:00+01:00;0.4;45.13960497
1900-01-25 17:00:00+01:00;0.3;40.69097074
1900-01-25 18:00:00+01:00;0.1;37.08685425
1900-01-25 19:00:00+01:00;0.1;34.02787819
1900-01-25 20:00:00+01:00;-0.1;32.28731175
1900-01-25 21:00:00+01:00;0;30.93464184
1900-01-25 22:00:00+01:00;-0.5;30.06165725
1900-01-25 23:00:00+01:00;-1.5;29.79201086
1900-01-26 00:00:00+01:00;-2;29.54609473
1900-01-26 01:00:00+01:00;-1.7;29.49164969
1900-01-26 02:00:00+01:00;-1.7;29.85011753
1900-01-26 03:00:00+01:00;-2.4;30.40939343
1900-01-26 04:00:00+01:00;-2.4;31.92014273
1900-01-26 05:00:00+01:00;-2.3;34.82437318
1900-01-26 06:00:00+01:00;-2.4;41.9880271
1900-01-26 07:00:00+01:00;-1.7;49.63073942
1900-01-26 08:00:00+01:00;-1;52.61898188
1900-01-26 09:00:00+01:00;-0.7;53.26139819
1900-01-26 10:00:00+01:00;0.1;52.81290311
1900-01-26 11:00:00+01:00;0.4;52.41317953
1900-01-26 12:00:00+01:00;0.4;52.09141688
1900-01-26 13:00:00+01:00;0.8;51.08117156
1900-01-26 14:00:00+01:00;0.5;50.38312909
1900-01-26 15:00:00+01:00;0.7;48.19513314
1900-01-26 16:00:00+01:00;0.9;44.48149797
1900-01-26 17:00:00+01:00;0.9;40.15859421
1900-01-26 18:00:00+01:00;0.7;36.71575378
1900-01-26 19:00:00+01:00;0.6;33.80669744
1900-01-26 20:00:00+01:00;0;32.25958527
1900-01-26 21:00:00+01:00;0.8;30.78199329
1900-01-26 22:00:00+01:00;0.6;29.84560287
1900-01-26 23:00:00+01:00;0.6;29.34244822
1900-01-27 00:00:00+01:00;0.5;23.09746427
1900-01-27 01:00:00+01:00;0.4;23.20361646
1900-01-27 02:00:00+01:00;0.4;23.22383914
1900-01-27 03:00:00+01:00;0.1;23.34681916
1900-01-27 04:00:00+01:00;0.4;24.07662049
1900-01-27 05:00:00+01:00;0.2;24.52366062
1900-01-27 06:00:00+01:00;0.1;24.84919467
1900-01-27 07:00:00+01:00;0.2;25.18878827
1900-01-27 08:00:00+01:00;-0.3;25.72894575
1900-01-27 09:00:00+01:00;-0.7;26.27157928
1900-01-27 10:00:00+01:00;-0.6;26.37412618
1900-01-27 11:00:00+01:00;-0.6;26.37213317
1900-01-27 12:00:00+01:00;-0.7;27.03366006
1900-01-27 13:00:00+01:00;-1.7;27.62761493
1900-01-27 14:00:00+01:00;-2;27.5966945
1900-01-27 15:00:00+01:00;-2.5;27.39411999
1900-01-27 16:00:00+01:00;-3.8;27.84677414
1900-01-27 17:00:00+01:00;-5.6;28.13780189
1900-01-27 18:00:00+01:00;-7.5;28.52836542
1900-01-27 19:00:00+01:00;-7.6;27.79550589
1900-01-27 20:00:00+01:00;-8.5;27.7030415
1900-01-27 21:00:00+01:00;-9.5;27.69686529
1900-01-27 22:00:00+01:00;-10;27.25404146
1900-01-27 23:00:00+01:00;-11.2;27.30908157
1900-01-28 00:00:00+01:00;-12.3;27.93803163
1900-01-28 01:00:00+01:00;-13.2;28.4728976
1900-01-28 02:00:00+01:00;-13.7;28.77406068
1900-01-28 03:00:00+01:00;-13.3;29.05911446
1900-01-28 04:00:00+01:00;-13.2;30.51417757
1900-01-28 05:00:00+01:00;-13;31.85025404
1900-01-28 06:00:00+01:00;-11.7;32.09769526
1900-01-28 07:00:00+01:00;-12;33.02729403
1900-01-28 08:00:00+01:00;-11.7;33.72036221
1900-01-28 09:00:00+01:00;-11.6;34.46764847
1900-01-28 10:00:00+01:00;-11.3;34.87378491
1900-01-28 11:00:00+01:00;-9.7;34.35781012
1900-01-28 12:00:00+01:00;-9.2;35.09905059
1900-01-28 13:00:00+01:00;-9.2;35.39957926
1900-01-28 14:00:00+01:00;-9.2;35.22018143
1900-01-28 15:00:00+01:00;-9.3;34.68660475
1900-01-28 16:00:00+01:00;-9.3;34.73688944
1900-01-28 17:00:00+01:00;-10.7;34.74634815
1900-01-28 18:00:00+01:00;-12.1;34.99519731
1900-01-28 19:00:00+01:00;-12.2;34.02732786
1900-01-28 20:00:00+01:00;-11.1;33.33540561
1900-01-28 21:00:00+01:00;-10.6;32.70108352
1900-01-28 22:00:00+01:00;-9.8;31.71870008
1900-01-28 23:00:00+01:00;-9.7;31.21451508
1900-01-29 00:00:00+01:00;-10.2;36.97326566
1900-01-29 01:00:00+01:00;-10.2;37.02709276
1900-01-29 02:00:00+01:00;-10.5;37.54635454
1900-01-29 03:00:00+01:00;-10.7;38.01764066
1900-01-29 04:00:00+01:00;-11.3;40.34693602
1900-01-29 05:00:00+01:00;-12.7;44.97661049
1900-01-29 06:00:00+01:00;-12.3;54.47396586
1900-01-29 07:00:00+01:00;-13.6;65.32095765
1900-01-29 08:00:00+01:00;-14.6;69.29012895
1900-01-29 09:00:00+01:00;-14.2;70.0357237
1900-01-29 10:00:00+01:00;-13.1;69.45160499
1900-01-29 11:00:00+01:00;-11.7;68.39230581
1900-01-29 12:00:00+01:00;-11.2;67.65495373
1900-01-29 13:00:00+01:00;-9.6;65.69985479
1900-01-29 14:00:00+01:00;-9.8;64.8043897
1900-01-29 15:00:00+01:00;-10.8;62.9490251
1900-01-29 16:00:00+01:00;-11.6;58.67282347
1900-01-29 17:00:00+01:00;-12.7;53.42461007
1900-01-29 18:00:00+01:00;-14;48.42380362
1900-01-29 19:00:00+01:00;-14.7;44.25009696
1900-01-29 20:00:00+01:00;-15;42.35185109
1900-01-29 21:00:00+01:00;-16;41.02250176
1900-01-29 22:00:00+01:00;-15.3;39.63847771
1900-01-29 23:00:00+01:00;-15.5;39.09833157
1900-01-30 00:00:00+01:00;-15.6;38.91746827
1900-01-30 01:00:00+01:00;-16.5;39.2864758
1900-01-30 02:00:00+01:00;-15.7;39.8227357
1900-01-30 03:00:00+01:00;-18;40.81304859
1900-01-30 04:00:00+01:00;-17;43.41709446
1900-01-30 05:00:00+01:00;-20.7;49.78383849
1900-01-30 06:00:00+01:00;-19.2;60.57058732
1900-01-30 07:00:00+01:00;-16.7;70.53241726
1900-01-30 08:00:00+01:00;-22;77.00445937
1900-01-30 09:00:00+01:00;-16.2;74.56430223
1900-01-30 10:00:00+01:00;-14;73.30695194
1900-01-30 11:00:00+01:00;-12.5;72.12076361
1900-01-30 12:00:00+01:00;-11.2;70.61894991
1900-01-30 13:00:00+01:00;-11;69.47961847
1900-01-30 14:00:00+01:00;-9.7;67.34963636
1900-01-30 15:00:00+01:00;-10.2;64.95040559
1900-01-30 16:00:00+01:00;-12;61.18085566
1900-01-30 17:00:00+01:00;-12.8;55.71805091
1900-01-30 18:00:00+01:00;-13.6;50.22027137
1900-01-30 19:00:00+01:00;-13.7;45.64279735
1900-01-30 20:00:00+01:00;-14.3;43.79968321
1900-01-30 21:00:00+01:00;-15.2;42.34088493
1900-01-30 22:00:00+01:00;-16;41.17215284
1900-01-30 23:00:00+01:00;-17.5;40.82330483
1900-01-31 00:00:00+01:00;-19.5;40.99910287
1900-01-31 01:00:00+01:00;-17.2;40.67022551
1900-01-31 02:00:00+01:00;-18.7;41.57764247
1900-01-31 03:00:00+01:00;-17.9;41.93131467
1900-01-31 04:00:00+01:00;-20.2;45.10471851
1900-01-31 05:00:00+01:00;-18.5;50.02720201
1900-01-31 06:00:00+01:00;-17.7;60.63467023
1900-01-31 07:00:00+01:00;-15.2;70.47498222
1900-01-31 08:00:00+01:00;-14.8;72.97561349
1900-01-31 09:00:00+01:00;-14.2;73.32412007
1900-01-31 10:00:00+01:00;-13;72.60910285
1900-01-31 11:00:00+01:00;-12.2;71.80244357
1900-01-31 12:00:00+01:00;-11.8;70.88613674
1900-01-31 13:00:00+01:00;-11.7;69.79984602
1900-01-31 14:00:00+01:00;-10.7;67.95701818
1900-01-31 15:00:00+01:00;-10.7;65.2396983
1900-01-31 16:00:00+01:00;-10.3;60.06146145
1900-01-31 17:00:00+01:00;-10.3;54.36948328
1900-01-31 18:00:00+01:00;-10.6;48.87671456
1900-01-31 19:00:00+01:00;-10.1;44.27581996
1900-01-31 20:00:00+01:00;-10;42.26940246
1900-01-31 21:00:00+01:00;-9.7;40.54376213
1900-01-31 22:00:00+01:00;-9.6;39.09352472
1900-01-31 23:00:00+01:00;-9.5;38.28588419
1900-02-01 00:00:00+01:00;-5.2;36.98013407
1900-02-01 01:00:00+01:00;-3.6;36.65396044
1900-02-01 02:00:00+01:00;-2.4;36.72554963
1900-02-01 03:00:00+01:00;3.4;36.02846088
1900-02-01 04:00:00+01:00;3.6;37.34087214
1900-02-01 05:00:00+01:00;4;38.7460163
1900-02-01 06:00:00+01:00;4.6;44.63190703
1900-02-01 07:00:00+01:00;5.4;52.1294315
1900-02-01 08:00:00+01:00;5;53.98488793
1900-02-01 09:00:00+01:00;5.5;53.4791762
1900-02-01 10:00:00+01:00;6.1;52.55617921
1900-02-01 11:00:00+01:00;6.4;51.50213303
1900-02-01 12:00:00+01:00;6.9;49.84866743
1900-02-01 13:00:00+01:00;7.6;47.89728857
1900-02-01 14:00:00+01:00;10.2;44.12703191
1900-02-01 15:00:00+01:00;8.9;42.52832737
1900-02-01 16:00:00+01:00;8.1;39.6400026
1900-02-01 17:00:00+01:00;5.2;37.19707687
1900-02-01 18:00:00+01:00;3.7;34.42815068
1900-02-01 19:00:00+01:00;4.4;31.27164827
1900-02-01 20:00:00+01:00;4.3;29.36396668
1900-02-01 21:00:00+01:00;3.8;28.04939753
1900-02-01 22:00:00+01:00;-1.5;28.24628171
1900-02-01 23:00:00+01:00;-2.4;27.79330337
1900-02-02 00:00:00+01:00;-2;27.16346601
1900-02-02 01:00:00+01:00;-2.6;27.11485745
1900-02-02 02:00:00+01:00;-3;27.39178929
1900-02-02 03:00:00+01:00;-2.9;27.82310386
1900-02-02 04:00:00+01:00;-3.9;29.42451431
1900-02-02 05:00:00+01:00;-4;32.74389113
1900-02-02 06:00:00+01:00;-3.6;39.80406951
1900-02-02 07:00:00+01:00;-4.6;48.20750176
1900-02-02 08:00:00+01:00;-6;53.26660668
1900-02-02 09:00:00+01:00;-4.6;53.80792394
1900-02-02 10:00:00+01:00;-3.3;53.35424212
1900-02-02 11:00:00+01:00;-1.2;52.16738722
1900-02-02 12:00:00+01:00;-0.7;51.91642765
1900-02-02 13:00:00+01:00;-1.2;51.80505808
1900-02-02 14:00:00+01:00;-1.2;51.37262778
1900-02-02 15:00:00+01:00;-1.7;49.9471756
1900-02-02 16:00:00+01:00;-3;47.22468414
1900-02-02 17:00:00+01:00;-3;42.64214838
1900-02-02 18:00:00+01:00;-2.5;38.65816506
1900-02-02 19:00:00+01:00;-2.1;35.46755647
1900-02-02 20:00:00+01:00;-1.7;33.70993983
1900-02-02 21:00:00+01:00;-1.7;32.52132425
1900-02-02 22:00:00+01:00;-2;31.58025809
1900-02-02 23:00:00+01:00;-2.8;31.26387612
1900-02-03 00:00:00+01:00;-3.1;25.18150069
1900-02-03 01:00:00+01:00;-3;25.28971093
1900-02-03 02:00:00+01:00;-2.6;25.23803973
1900-02-03 03:00:00+01:00;-2.6;25.33513456
1900-02-03 04:00:00+01:00;-3.5;26.54799984
1900-02-03 05:00:00+01:00;-4.3;27.37270472
1900-02-03 06:00:00+01:00;-5;27.99707182
1900-02-03 07:00:00+01:00;-4.8;28.42059909
1900-02-03 08:00:00+01:00;-4.8;28.84681548
1900-02-03 09:00:00+01:00;-4;29.01269142
1900-02-03 10:00:00+01:00;-3.1;28.83261391
1900-02-03 11:00:00+01:00;-2.3;28.51070714
1900-02-03 12:00:00+01:00;-1.5;28.8308296
1900-02-03 13:00:00+01:00;-1.2;28.89795902
1900-02-03 14:00:00+01:00;-1.4;28.70379445
1900-02-03 15:00:00+01:00;-1.5;28.22470963
1900-02-03 16:00:00+01:00;-1.7;28.13441751
1900-02-03 17:00:00+01:00;-1.7;27.5937526
1900-02-03 18:00:00+01:00;-2.1;27.34896235
1900-02-03 19:00:00+01:00;-2.5;26.77177111
1900-02-03 20:00:00+01:00;-2.3;26.37520752
1900-02-03 21:00:00+01:00;-2.4;26.05976112
1900-02-03 22:00:00+01:00;-3.1;25.75497835
1900-02-03 23:00:00+01:00;-5.1;25.92125799
1900-02-04 00:00:00+01:00;-6.1;26.09369681
1900-02-04 01:00:00+01:00;-6.8;26.4432126
1900-02-04 02:00:00+01:00;-6.3;26.39237766
1900-02-04 03:00:00+01:00;-4.1;26.00997224
1900-02-04 04:00:00+01:00;-4.1;27.06843909
1900-02-04 05:00:00+01:00;-4;27.60259825
1900-02-04 06:00:00+01:00;-3.5;27.76475454
1900-02-04 07:00:00+01:00;-3.3;28.20733768
1900-02-04 08:00:00+01:00;-2;28.18435047
1900-02-04 09:00:00+01:00;-2.8;28.77301157
1900-02-04 10:00:00+01:00;-2;28.57073695
1900-02-04 11:00:00+01:00;-1.5;28.33092987
1900-02-04 12:00:00+01:00;-1.4;28.89787525
1900-02-04 13:00:00+01:00;-1.5;29.13117042
1900-02-04 14:00:00+01:00;-1;28.64183023
1900-02-04 15:00:00+01:00;-1;28.11531916
1900-02-04 16:00:00+01:00;-0.7;27.82804887
1900-02-04 17:00:00+01:00;1.1;26.56759801
1900-02-04 18:00:00+01:00;0.6;26.35897409
1900-02-04 19:00:00+01:00;0.4;25.75218033
1900-02-04 20:00:00+01:00;-0.6;25.76319688
1900-02-04 21:00:00+01:00;0;25.22159046
1900-02-04 22:00:00+01:00;0;24.75211167
1900-02-04 23:00:00+01:00;0.5;24.24833014
1900-02-05 00:00:00+01:00;0.9;29.74486796
1900-02-05 01:00:00+01:00;1.5;29.53242756
1900-02-05 02:00:00+01:00;0.9;29.85961053
1900-02-05 03:00:00+01:00;1.2;30.16038206
1900-02-05 04:00:00+01:00;1.5;31.3961853
1900-02-05 05:00:00+01:00;1.7;33.53594022
1900-02-05 06:00:00+01:00;1.9;39.69882357
1900-02-05 07:00:00+01:00;1.7;47.25777686
1900-02-05 08:00:00+01:00;2;50.16274963
1900-02-05 09:00:00+01:00;2;50.75192061
1900-02-05 10:00:00+01:00;2.4;50.4016475
1900-02-05 11:00:00+01:00;1.6;50.56841943
1900-02-05 12:00:00+01:00;2;49.91433026
1900-02-05 13:00:00+01:00;2.1;49.01053974
1900-02-05 14:00:00+01:00;1.6;48.40914664
1900-02-05 15:00:00+01:00;1.4;46.51836307
1900-02-05 16:00:00+01:00;1.3;43.04943047
1900-02-05 17:00:00+01:00;1.3;38.77361004
1900-02-05 18:00:00+01:00;1.2;35.46167431
1900-02-05 19:00:00+01:00;1.4;32.57515133
1900-02-05 20:00:00+01:00;1.3;30.85208926
1900-02-05 21:00:00+01:00;1;29.67479308
1900-02-05 22:00:00+01:00;1.1;28.70011042
1900-02-05 23:00:00+01:00;0.8;28.30735157
1900-02-06 00:00:00+01:00;0.6;28.01751565
1900-02-06 01:00:00+01:00;0.4;28.07099124
1900-02-06 02:00:00+01:00;0.4;28.39541083
1900-02-06 03:00:00+01:00;0.2;28.85852562
1900-02-06 04:00:00+01:00;0.5;30.15674039
1900-02-06 05:00:00+01:00;0.5;32.6711843
1900-02-06 06:00:00+01:00;0.8;39.02076096
1900-02-06 07:00:00+01:00;1;46.43347634
1900-02-06 08:00:00+01:00;0.7;50.03258323
1900-02-06 09:00:00+01:00;0.1;51.28397105
1900-02-06 10:00:00+01:00;0.4;51.20055085
1900-02-06 11:00:00+01:00;1.5;50.35080436
1900-02-06 12:00:00+01:00;1.8;49.90002263
1900-02-06 13:00:00+01:00;0.9;49.79584635
1900-02-06 14:00:00+01:00;1.9;48.28146261
1900-02-06 15:00:00+01:00;3;45.5254636
1900-02-06 16:00:00+01:00;3.4;41.88656241
1900-02-06 17:00:00+01:00;2.5;38.27574511
1900-02-06 18:00:00+01:00;2.1;35.17508661
1900-02-06 19:00:00+01:00;2.9;32.14742312
1900-02-06 20:00:00+01:00;3.2;30.36260233
1900-02-06 21:00:00+01:00;3.6;29.03732489
1900-02-06 22:00:00+01:00;2.8;28.29240618
1900-02-06 23:00:00+01:00;2;28.01665531
1900-02-07 00:00:00+01:00;2.4;27.59052456
1900-02-07 01:00:00+01:00;2.7;27.5084287
1900-02-07 02:00:00+01:00;2.5;27.81967404
1900-02-07 03:00:00+01:00;2.7;28.1639834
1900-02-07 04:00:00+01:00;1;29.6590561
1900-02-07 05:00:00+01:00;2.3;31.62526721
1900-02-07 06:00:00+01:00;1.9;37.86765764
1900-02-07 07:00:00+01:00;2.2;44.96093695
1900-02-07 08:00:00+01:00;1;49.01920083
1900-02-07 09:00:00+01:00;0.4;50.21368379
1900-02-07 10:00:00+01:00;0.3;50.29604173
1900-02-07 11:00:00+01:00;0.1;50.27027929
1900-02-07 12:00:00+01:00;-0.3;50.43693033
1900-02-07 13:00:00+01:00;-0.5;49.94343001
1900-02-07 14:00:00+01:00;-0.3;49.19293858
1900-02-07 15:00:00+01:00;-0.5;47.46926723
1900-02-07 16:00:00+01:00;-0.3;43.82253139
1900-02-07 17:00:00+01:00;-0.5;39.51908909
1900-02-07 18:00:00+01:00;-0.6;36.12643629
1900-02-07 19:00:00+01:00;-0.6;33.27979813
1900-02-07 20:00:00+01:00;-0.8;31.65165809
1900-02-07 21:00:00+01:00;-1;30.50920951
1900-02-07 22:00:00+01:00;-1;29.62860633
1900-02-07 23:00:00+01:00;-1.2;29.25577032
1900-02-08 00:00:00+01:00;-0.8;28.89650644
1900-02-08 01:00:00+01:00;-1;29.01491436
1900-02-08 02:00:00+01:00;-0.7;29.37815903
1900-02-08 03:00:00+01:00;-0.8;29.90525635
1900-02-08 04:00:00+01:00;-1;31.42228005
1900-02-08 05:00:00+01:00;-0.7;34.121673
1900-02-08 06:00:00+01:00;-0.7;40.99464232
1900-02-08 07:00:00+01:00;-0.5;48.82991345
1900-02-08 08:00:00+01:00;-0.3;52.08984345
1900-02-08 09:00:00+01:00;-0.3;52.91530521
1900-02-08 10:00:00+01:00;-0.1;52.84370796
1900-02-08 11:00:00+01:00;0;52.57699271
1900-02-08 12:00:00+01:00;0;52.2619247
1900-02-08 13:00:00+01:00;0.7;51.02915132
1900-02-08 14:00:00+01:00;0.7;50.10380122
1900-02-08 15:00:00+01:00;0.8;47.96720103
1900-02-08 16:00:00+01:00;0.6;44.49651798
1900-02-08 17:00:00+01:00;0.6;40.1202449
1900-02-08 18:00:00+01:00;0.7;36.53962574
1900-02-08 19:00:00+01:00;0.4;33.69708596
1900-02-08 20:00:00+01:00;0.1;32.03869201
1900-02-08 21:00:00+01:00;0.5;30.64597031
1900-02-08 22:00:00+01:00;0.6;29.63083507
1900-02-08 23:00:00+01:00;0.2;29.2292542
1900-02-09 00:00:00+01:00;0.1;28.92263656
1900-02-09 01:00:00+01:00;0.2;28.90041947
1900-02-09 02:00:00+01:00;0.2;29.22863953
1900-02-09 03:00:00+01:00;0.2;29.64051623
1900-02-09 04:00:00+01:00;0.3;30.98363543
1900-02-09 05:00:00+01:00;0;33.57166784
1900-02-09 06:00:00+01:00;0.1;40.13024774
1900-02-09 07:00:00+01:00;0;47.84451402
1900-02-09 08:00:00+01:00;-0.1;51.25717509
1900-02-09 09:00:00+01:00;0;52.00611085
1900-02-09 10:00:00+01:00;0;52.03199055
1900-02-09 11:00:00+01:00;0.9;51.26091336
1900-02-09 12:00:00+01:00;1.7;50.41679104
1900-02-09 13:00:00+01:00;2.2;49.31370468
1900-02-09 14:00:00+01:00;3.3;47.56601934
1900-02-09 15:00:00+01:00;3.1;45.67938456
1900-02-09 16:00:00+01:00;2.6;42.58053135
1900-02-09 17:00:00+01:00;1.8;38.82346322
1900-02-09 18:00:00+01:00;0;36.19683012
1900-02-09 19:00:00+01:00;-0.1;33.3308754
1900-02-09 20:00:00+01:00;0.2;31.49512245
1900-02-09 21:00:00+01:00;0.1;30.26729078
1900-02-09 22:00:00+01:00;-0.1;29.37978973
1900-02-09 23:00:00+01:00;0;28.89193597
1900-02-10 00:00:00+01:00;0;22.75763285
1900-02-10 01:00:00+01:00;-0.3;22.94302806
1900-02-10 02:00:00+01:00;-1.5;23.29439466
1900-02-10 03:00:00+01:00;-2.8;23.76599228
1900-02-10 04:00:00+01:00;-3.4;24.845306
1900-02-10 05:00:00+01:00;-5.8;26.45987582
1900-02-10 06:00:00+01:00;-6.3;27.16923919
1900-02-10 07:00:00+01:00;-7.6;28.05694415
1900-02-10 08:00:00+01:00;-8.1;28.84336235
1900-02-10 09:00:00+01:00;-7.1;29.31804927
1900-02-10 10:00:00+01:00;-6.1;29.34739167
1900-02-10 11:00:00+01:00;-3.5;28.3887494
1900-02-10 12:00:00+01:00;-2.6;28.76830032
1900-02-10 13:00:00+01:00;-1.4;28.52704977
1900-02-10 14:00:00+01:00;-0.7;28.06844802
1900-02-10 15:00:00+01:00;-2.4;28.35140547
1900-02-10 16:00:00+01:00;-3.8;28.89177445
1900-02-10 17:00:00+01:00;-4.3;28.66046128
1900-02-10 18:00:00+01:00;-7;29.39008205
1900-02-10 19:00:00+01:00;-7.3;28.72664431
1900-02-10 20:00:00+01:00;-9.5;29.12958032
1900-02-10 21:00:00+01:00;-11.1;29.30194804
1900-02-10 22:00:00+01:00;-11.7;28.85277333
1900-02-10 23:00:00+01:00;-10.8;28.3855599
1900-02-11 00:00:00+01:00;-9.7;28.24735488
1900-02-11 01:00:00+01:00;-7.6;27.96424647
1900-02-11 02:00:00+01:00;-6.8;27.91357497
1900-02-11 03:00:00+01:00;-7.3;28.22601379
1900-02-11 04:00:00+01:00;-7.8;29.64538523
1900-02-11 05:00:00+01:00;-8.2;30.49181687
1900-02-11 06:00:00+01:00;-8.3;30.93792473
1900-02-11 07:00:00+01:00;-9;31.81039471
1900-02-11 08:00:00+01:00;-9.2;32.40779579
1900-02-11 09:00:00+01:00;-8.8;32.78898875
1900-02-11 10:00:00+01:00;-7.5;32.55959187
1900-02-11 11:00:00+01:00;-7.1;32.41386874
1900-02-11 12:00:00+01:00;-6;32.75862945
1900-02-11 13:00:00+01:00;-5.6;32.85911373
1900-02-11 14:00:00+01:00;-5.8;32.71940447
1900-02-11 15:00:00+01:00;-5.6;32.06555067
1900-02-11 16:00:00+01:00;-5.6;32.00889395
1900-02-11 17:00:00+01:00;-5.8;31.53565111
1900-02-11 18:00:00+01:00;-5.8;31.16191129
1900-02-11 19:00:00+01:00;-6.3;30.45568022
1900-02-11 20:00:00+01:00;-6.3;30.06795922
1900-02-11 21:00:00+01:00;-6.6;29.63426203
1900-02-11 22:00:00+01:00;-6.6;28.88310344
1900-02-11 23:00:00+01:00;-6.6;28.40014566
1900-02-12 00:00:00+01:00;-7.8;34.26131971
1900-02-12 01:00:00+01:00;-8.2;34.40403725
1900-02-12 02:00:00+01:00;-8.6;34.97105197
1900-02-12 03:00:00+01:00;-8.2;35.39035244
1900-02-12 04:00:00+01:00;-8.7;37.50842515
1900-02-12 05:00:00+01:00;-8.7;41.35244403
1900-02-12 06:00:00+01:00;-9;50.21081075
1900-02-12 07:00:00+01:00;-9.2;59.70573869
1900-02-12 08:00:00+01:00;-9.1;62.95403261
1900-02-12 09:00:00+01:00;-9.1;63.81424511
1900-02-12 10:00:00+01:00;-8.2;63.32043591
1900-02-12 11:00:00+01:00;-7.3;62.52689316
1900-02-12 12:00:00+01:00;-6.1;61.34917489
1900-02-12 13:00:00+01:00;-5.8;60.2835524
1900-02-12 14:00:00+01:00;-5.5;59.07292812
1900-02-12 15:00:00+01:00;-5.1;56.41589907
1900-02-12 16:00:00+01:00;-5.3;52.29500662
1900-02-12 17:00:00+01:00;-5.3;47.23480053
1900-02-12 18:00:00+01:00;-5;42.56140157
1900-02-12 19:00:00+01:00;-4.6;38.77081816
1900-02-12 20:00:00+01:00;-4.5;36.9052562
1900-02-12 21:00:00+01:00;-4.1;35.36914425
1900-02-12 22:00:00+01:00;-4.1;34.2011243
1900-02-12 23:00:00+01:00;-4.5;33.71316546
1900-02-13 00:00:00+01:00;-4.1;33.32670629
1900-02-13 01:00:00+01:00;-3.9;33.31171293
1900-02-13 02:00:00+01:00;-3.6;33.63086456
1900-02-13 03:00:00+01:00;-3.4;34.0008628
1900-02-13 04:00:00+01:00;-2.5;35.53029511
1900-02-13 05:00:00+01:00;1.4;37.04653405
1900-02-13 06:00:00+01:00;3.3;42.73653038
1900-02-13 07:00:00+01:00;3.8;50.27044815
1900-02-13 08:00:00+01:00;4.1;52.31988213
1900-02-13 09:00:00+01:00;4.3;52.31468483
1900-02-13 10:00:00+01:00;4.8;51.64227599
1900-02-13 11:00:00+01:00;5.9;50.31238331
1900-02-13 12:00:00+01:00;4.9;49.97652905
1900-02-13 13:00:00+01:00;4.7;48.94409864
1900-02-13 14:00:00+01:00;4;48.01047035
1900-02-13 15:00:00+01:00;1.5;47.53077638
1900-02-13 16:00:00+01:00;0.3;44.59230047
1900-02-13 17:00:00+01:00;-1.2;40.80244341
1900-02-13 18:00:00+01:00;-2;37.36885998
1900-02-13 19:00:00+01:00;-3;34.56698966
1900-02-13 20:00:00+01:00;-3;32.69846109
1900-02-13 21:00:00+01:00;-3.9;31.55621754
1900-02-13 22:00:00+01:00;-4.8;30.77366313
1900-02-13 23:00:00+01:00;-7.8;30.94924905
1900-02-14 00:00:00+01:00;-10.3;31.0734761
1900-02-14 01:00:00+01:00;-9.7;30.930436
1900-02-14 02:00:00+01:00;-12.7;31.8849034
1900-02-14 03:00:00+01:00;-15.6;32.83585283
1900-02-14 04:00:00+01:00;-17.2;35.2989757
1900-02-14 05:00:00+01:00;-14.5;39.89342238
1900-02-14 06:00:00+01:00;-12;48.4282582
1900-02-14 07:00:00+01:00;-12;57.99186107
1900-02-14 08:00:00+01:00;-15.7;64.6262455
1900-02-14 09:00:00+01:00;-11.6;63.81833117
1900-02-14 10:00:00+01:00;-8.3;62.30292422
1900-02-14 11:00:00+01:00;-5.5;60.78175546
1900-02-14 12:00:00+01:00;-1.4;57.95919108
1900-02-14 13:00:00+01:00;-1;56.96652469
1900-02-14 14:00:00+01:00;-0.6;55.59737242
1900-02-14 15:00:00+01:00;-0.3;53.13388473
1900-02-14 16:00:00+01:00;-0.6;49.50916185
1900-02-14 17:00:00+01:00;-0.7;45.09472912
1900-02-14 18:00:00+01:00;-0.3;40.79262648
1900-02-14 19:00:00+01:00;-0.3;37.41660982
1900-02-14 20:00:00+01:00;0.4;35.48739129
1900-02-14 21:00:00+01:00;0.3;34.18942875
1900-02-14 22:00:00+01:00;-2.1;33.63531246
1900-02-14 23:00:00+01:00;-0.5;32.63375374
1900-02-15 00:00:00+01:00;1.6;31.81746729
1900-02-15 01:00:00+01:00;1.2;31.84231181
1900-02-15 02:00:00+01:00;-1.2;32.46451216
1900-02-15 03:00:00+01:00;0.6;32.3220636
1900-02-15 04:00:00+01:00;1.1;33.38116551
1900-02-15 05:00:00+01:00;-1.5;36.22335973
1900-02-15 06:00:00+01:00;-3;43.76954458
1900-02-15 07:00:00+01:00;-5;52.8085946
1900-02-15 08:00:00+01:00;-6.1;56.56475644
1900-02-15 09:00:00+01:00;-7.1;57.93388703
1900-02-15 10:00:00+01:00;-4.3;56.11791944
1900-02-15 11:00:00+01:00;-1.9;54.34292414
1900-02-15 12:00:00+01:00;-1.5;53.81452058
1900-02-15 13:00:00+01:00;-1.5;53.07738275
1900-02-15 14:00:00+01:00;-1.4;52.19439082
1900-02-15 15:00:00+01:00;-1.9;50.48428514
1900-02-15 16:00:00+01:00;-2.3;46.94735001
1900-02-15 17:00:00+01:00;-3.4;42.82743907
1900-02-15 18:00:00+01:00;-4.3;39.28065631
1900-02-15 19:00:00+01:00;-5.6;36.47559318
1900-02-15 20:00:00+01:00;-9;35.73177826
1900-02-15 21:00:00+01:00;-14;35.73965008
1900-02-15 22:00:00+01:00;-12.1;34.32957969
1900-02-15 23:00:00+01:00;-14.8;34.56019152
1900-02-16 00:00:00+01:00;-13.2;34.03639894
1900-02-16 01:00:00+01:00;-15.2;34.66018734
1900-02-16 02:00:00+01:00;-18.5;35.94523801
1900-02-16 03:00:00+01:00;-11.8;35.56090321
1900-02-16 04:00:00+01:00;-10.1;37.65493828
1900-02-16 05:00:00+01:00;-9.7;41.79529037
1900-02-16 06:00:00+01:00;-8.7;50.40907874
1900-02-16 07:00:00+01:00;-5.1;58.02113466
1900-02-16 08:00:00+01:00;-4.6;60.67615523
1900-02-16 09:00:00+01:00;-5.8;62.06736722
1900-02-16 10:00:00+01:00;-4.1;61.09100964
1900-02-16 11:00:00+01:00;-4.3;61.03359042
1900-02-16 12:00:00+01:00;-3;59.7086527
1900-02-16 13:00:00+01:00;-2.5;58.49361281
1900-02-16 14:00:00+01:00;-2.5;57.33114341
1900-02-16 15:00:00+01:00;-2.4;54.92250616
1900-02-16 16:00:00+01:00;-3.5;51.59265485
1900-02-16 17:00:00+01:00;-5.1;47.57589051
1900-02-16 18:00:00+01:00;-7.8;44.10220265
1900-02-16 19:00:00+01:00;-9.2;40.75380191
1900-02-16 20:00:00+01:00;-10.3;39.15435487
1900-02-16 21:00:00+01:00;-15;38.77313017
1900-02-16 22:00:00+01:00;-18.2;38.38059684
1900-02-16 23:00:00+01:00;-19;37.88578073
1900-02-17 00:00:00+01:00;-16.7;31.61030758
1900-02-17 01:00:00+01:00;-13.7;30.90162755
1900-02-17 02:00:00+01:00;-14.2;30.90017446
1900-02-17 03:00:00+01:00;-13.2;30.79349219
1900-02-17 04:00:00+01:00;-12.5;32.01928928
1900-02-17 05:00:00+01:00;-11.7;32.70366009
1900-02-17 06:00:00+01:00;-13.6;33.81646327
1900-02-17 07:00:00+01:00;-15.7;35.35268152
1900-02-17 08:00:00+01:00;-15.6;36.13897854
1900-02-17 09:00:00+01:00;-10.7;35.12328484
1900-02-17 10:00:00+01:00;-9.3;34.93134945
1900-02-17 11:00:00+01:00;-3.5;32.61948676
1900-02-17 12:00:00+01:00;-2.5;32.83739796
1900-02-17 13:00:00+01:00;-0.6;32.33128025
1900-02-17 14:00:00+01:00;-0.7;31.87233157
1900-02-17 15:00:00+01:00;-1.2;31.39158484
1900-02-17 16:00:00+01:00;-1.7;31.46286678
1900-02-17 17:00:00+01:00;-3.5;31.59789304
1900-02-17 18:00:00+01:00;-4.8;31.7511988
1900-02-17 19:00:00+01:00;-7.1;31.67210276
1900-02-17 20:00:00+01:00;-7.6;31.48038629
1900-02-17 21:00:00+01:00;-8.7;31.21716754
1900-02-17 22:00:00+01:00;-9.5;30.51028193
1900-02-17 23:00:00+01:00;-12.7;30.64661665
1900-02-18 00:00:00+01:00;-13.6;30.69104108
1900-02-18 01:00:00+01:00;-13.7;30.82735955
1900-02-18 02:00:00+01:00;-13.3;30.68264364
1900-02-18 03:00:00+01:00;-14;30.96226269
1900-02-18 04:00:00+01:00;-15.2;32.64924676
1900-02-18 05:00:00+01:00;-19;35.09818239
1900-02-18 06:00:00+01:00;-22.2;36.80147288
1900-02-18 07:00:00+01:00;-21.5;37.22433823
1900-02-18 08:00:00+01:00;-22;38.12935237
1900-02-18 09:00:00+01:00;-17.4;37.53463757
1900-02-18 10:00:00+01:00;-9.6;34.96536551
1900-02-18 11:00:00+01:00;-6.3;33.68039468
1900-02-18 12:00:00+01:00;-3.5;33.26203025
1900-02-18 13:00:00+01:00;-3.6;33.61677179
1900-02-18 14:00:00+01:00;-2.5;32.78385138
1900-02-18 15:00:00+01:00;-2.9;32.29977439
1900-02-18 16:00:00+01:00;-3.8;32.61849971
1900-02-18 17:00:00+01:00;-5.1;32.59041586
1900-02-18 18:00:00+01:00;-7.3;33.18202102
1900-02-18 19:00:00+01:00;-10.3;33.34968981
1900-02-18 20:00:00+01:00;-10.5;33.11976967
1900-02-18 21:00:00+01:00;-16;34.33522295
1900-02-18 22:00:00+01:00;-15.1;33.23450374
1900-02-18 23:00:00+01:00;-11.5;31.84904569
1900-02-19 00:00:00+01:00;-11.5;37.46953785
1900-02-19 01:00:00+01:00;-10.7;37.3713688
1900-02-19 02:00:00+01:00;-14.7;38.60741978
1900-02-19 03:00:00+01:00;-18.4;39.69548242
1900-02-19 04:00:00+01:00;-17.7;42.1439911
1900-02-19 05:00:00+01:00;-20.5;48.12640561
1900-02-19 06:00:00+01:00;-22.5;60.01734241
1900-02-19 07:00:00+01:00;-20.4;69.79499876
1900-02-19 08:00:00+01:00;-21.2;73.87678175
1900-02-19 09:00:00+01:00;-13.2;69.96194767
1900-02-19 10:00:00+01:00;-10;68.08953166
1900-02-19 11:00:00+01:00;-7;66.037138
1900-02-19 12:00:00+01:00;-3.6;63.20750936
1900-02-19 13:00:00+01:00;-1.9;61.02522545
1900-02-19 14:00:00+01:00;-1.5;59.2436456
1900-02-19 15:00:00+01:00;-2;57.0710186
1900-02-19 16:00:00+01:00;-3;53.57105211
1900-02-19 17:00:00+01:00;-4.8;49.68667734
1900-02-19 18:00:00+01:00;-6.5;45.51814775
1900-02-19 19:00:00+01:00;-6.8;41.59751167
1900-02-19 20:00:00+01:00;-9.5;40.50641312
1900-02-19 21:00:00+01:00;-10;38.97204754
1900-02-19 22:00:00+01:00;-11.2;37.92081145
1900-02-19 23:00:00+01:00;-14.7;38.1071854
1900-02-20 00:00:00+01:00;-15.3;37.96010451
1900-02-20 01:00:00+01:00;-16.5;38.32933694
1900-02-20 02:00:00+01:00;-16.4;38.84017673
1900-02-20 03:00:00+01:00;-19.4;39.70653329
1900-02-20 04:00:00+01:00;-19.7;42.3059827
1900-02-20 05:00:00+01:00;-20.2;47.82378662
1900-02-20 06:00:00+01:00;-16.2;56.71288194
1900-02-20 07:00:00+01:00;-13.8;65.67033653
1900-02-20 08:00:00+01:00;-11.2;67.09339529
1900-02-20 09:00:00+01:00;-10.7;67.51345196
1900-02-20 10:00:00+01:00;-8;65.86397086
1900-02-20 11:00:00+01:00;-5.3;63.91661469
1900-02-20 12:00:00+01:00;-4.3;62.63351041
1900-02-20 13:00:00+01:00;-3.4;61.11137094
1900-02-20 14:00:00+01:00;-2;58.83269971
1900-02-20 15:00:00+01:00;-2.3;56.59300666
1900-02-20 16:00:00+01:00;-2.3;52.49911936
1900-02-20 17:00:00+01:00;-3;48.13964485
1900-02-20 18:00:00+01:00;-5.6;44.55288
1900-02-20 19:00:00+01:00;-7.3;41.26560134
1900-02-20 20:00:00+01:00;-8.7;39.79070892
1900-02-20 21:00:00+01:00;-10.2;38.66122618
1900-02-20 22:00:00+01:00;-11.3;37.67999798
1900-02-20 23:00:00+01:00;-11;36.89071349
1900-02-21 00:00:00+01:00;-12.3;36.79040046
1900-02-21 01:00:00+01:00;-14.2;37.11754305
1900-02-21 02:00:00+01:00;-14.6;37.60691827
1900-02-21 03:00:00+01:00;-18.2;38.49544049
1900-02-21 04:00:00+01:00;-16.9;40.57299928
1900-02-21 05:00:00+01:00;-16.7;45.38694815
1900-02-21 06:00:00+01:00;-17.9;56.15194372
1900-02-21 07:00:00+01:00;-16;65.5471964
1900-02-21 08:00:00+01:00;-15.5;68.95909564
1900-02-21 09:00:00+01:00;-13;68.48264788
1900-02-21 10:00:00+01:00;-9.7;66.58665065
1900-02-21 11:00:00+01:00;-7.3;64.9460413
1900-02-21 12:00:00+01:00;-5;62.9278187
1900-02-21 13:00:00+01:00;-3.8;61.19210635
1900-02-21 14:00:00+01:00;-2;58.65762804
1900-02-21 15:00:00+01:00;-1.5;55.85282092
1900-02-21 16:00:00+01:00;-1.7;51.95584679
1900-02-21 17:00:00+01:00;-2.9;47.9502818
1900-02-21 18:00:00+01:00;-4;43.80829244
1900-02-21 19:00:00+01:00;-4.8;40.29689851
1900-02-21 20:00:00+01:00;-5.3;38.59118439
1900-02-21 21:00:00+01:00;-5.3;37.08461009
1900-02-21 22:00:00+01:00;-6;35.96561402
1900-02-21 23:00:00+01:00;-8.7;35.94383433
1900-02-22 00:00:00+01:00;-9.2;35.71722918
1900-02-22 01:00:00+01:00;-10.2;35.88616413
1900-02-22 02:00:00+01:00;-12.8;36.7503612
1900-02-22 03:00:00+01:00;-13.3;37.11269183
1900-02-22 04:00:00+01:00;-14.6;39.46153647
1900-02-22 05:00:00+01:00;-17.5;44.99484422
1900-02-22 06:00:00+01:00;-15.2;54.07056093
1900-02-22 07:00:00+01:00;-15.7;64.2594539
1900-02-22 08:00:00+01:00;-16.5;68.38466011
1900-02-22 09:00:00+01:00;-9.3;64.93283688
1900-02-22 10:00:00+01:00;-6.5;63.1768943
1900-02-22 11:00:00+01:00;-2.4;60.30193247
1900-02-22 12:00:00+01:00;-1.9;59.23404365
1900-02-22 13:00:00+01:00;-0.7;57.42081974
1900-02-22 14:00:00+01:00;-1;56.30526958
1900-02-22 15:00:00+01:00;-1.2;54.09658622
1900-02-22 16:00:00+01:00;-2;50.66564088
1900-02-22 17:00:00+01:00;-4;47.0116298
1900-02-22 18:00:00+01:00;-7.1;43.7874536
1900-02-22 19:00:00+01:00;-9;40.65761206
1900-02-22 20:00:00+01:00;-10;39.11068679
1900-02-22 21:00:00+01:00;-12.2;38.25432154
1900-02-22 22:00:00+01:00;-11.1;36.86657505
1900-02-22 23:00:00+01:00;-14.3;37.03941425
1900-02-23 00:00:00+01:00;-19.5;37.88283347
1900-02-23 01:00:00+01:00;-20;38.0969931
1900-02-23 02:00:00+01:00;-20.7;38.80477239
1900-02-23 03:00:00+01:00;-21.2;39.38642893
1900-02-23 04:00:00+01:00;-23;42.38535443
1900-02-23 05:00:00+01:00;-23.5;48.53001759
1900-02-23 06:00:00+01:00;-24.7;60.76255514
1900-02-23 07:00:00+01:00;-24;71.70168819
1900-02-23 08:00:00+01:00;-18.7;72.62136355
1900-02-23 09:00:00+01:00;-13;70.293192
1900-02-23 10:00:00+01:00;-9.7;68.46531837
1900-02-23 11:00:00+01:00;-7.6;67.10151152
1900-02-23 12:00:00+01:00;-6;65.51016697
1900-02-23 13:00:00+01:00;-5.6;64.36509686
1900-02-23 14:00:00+01:00;-5.1;62.77052295
1900-02-23 15:00:00+01:00;-5;60.21502728
1900-02-23 16:00:00+01:00;-4.6;55.67282613
1900-02-23 17:00:00+01:00;-5.1;51.02467966
1900-02-23 18:00:00+01:00;-8.2;47.26784889
1900-02-23 19:00:00+01:00;-8.7;43.26806387
1900-02-23 20:00:00+01:00;-8;41.17707889
1900-02-23 21:00:00+01:00;-7;39.34496319
1900-02-23 22:00:00+01:00;-6.1;37.78657148
1900-02-23 23:00:00+01:00;-5.6;36.93348401
1900-02-24 00:00:00+01:00;-7.6;30.66907614
1900-02-24 01:00:00+01:00;-8.6;30.93088318
1900-02-24 02:00:00+01:00;-8.7;30.81889421
1900-02-24 03:00:00+01:00;-9.6;30.88791254
1900-02-24 04:00:00+01:00;-9.2;31.89130079
1900-02-24 05:00:00+01:00;-9.1;32.13792407
1900-02-24 06:00:00+01:00;-6.3;31.20753567
1900-02-24 07:00:00+01:00;-5.3;31.24951725
1900-02-24 08:00:00+01:00;-5;31.34550052
1900-02-24 09:00:00+01:00;-4.6;31.31693401
1900-02-24 10:00:00+01:00;-3.3;30.80284123
1900-02-24 11:00:00+01:00;-2.3;30.27151119
1900-02-24 12:00:00+01:00;-1.7;30.5603804
1900-02-24 13:00:00+01:00;-0.8;30.34025675
1900-02-24 14:00:00+01:00;-0.7;29.85243236
1900-02-24 15:00:00+01:00;-1;29.32526957
1900-02-24 16:00:00+01:00;-1.5;29.3396614
1900-02-24 17:00:00+01:00;-2;28.95444217
1900-02-24 18:00:00+01:00;-2.1;28.53216284
1900-02-24 19:00:00+01:00;-4.3;28.47175245
1900-02-24 20:00:00+01:00;-5.6;28.48349411
1900-02-24 21:00:00+01:00;-7;28.45870599
1900-02-24 22:00:00+01:00;-8.6;28.22904238
1900-02-24 23:00:00+01:00;-10.2;28.2509435
1900-02-25 00:00:00+01:00;-10.6;28.35546889
1900-02-25 01:00:00+01:00;-11.6;28.75482478
1900-02-25 02:00:00+01:00;-10.6;28.50524449
1900-02-25 03:00:00+01:00;-11;28.72846439
1900-02-25 04:00:00+01:00;-12.2;30.26205357
1900-02-25 05:00:00+01:00;-13.5;31.81593633
1900-02-25 06:00:00+01:00;-12.6;32.09556586
1900-02-25 07:00:00+01:00;-12;32.57565031
1900-02-25 08:00:00+01:00;-9.8;32.51553402
1900-02-25 09:00:00+01:00;-8;32.46354385
1900-02-25 10:00:00+01:00;-6.8;32.29222328
1900-02-25 11:00:00+01:00;-5.5;31.79790587
1900-02-25 12:00:00+01:00;-3.5;31.71098622
1900-02-25 13:00:00+01:00;-1.7;31.24061308
1900-02-25 14:00:00+01:00;-2;31.01258582
1900-02-25 15:00:00+01:00;-2.8;30.75873634
1900-02-25 16:00:00+01:00;-3.1;30.80202394
1900-02-25 17:00:00+01:00;-3.3;30.35728864
1900-02-25 18:00:00+01:00;-3.6;30.17749431
1900-02-25 19:00:00+01:00;-4.1;29.57043185
1900-02-25 20:00:00+01:00;-4.5;29.40854578
1900-02-25 21:00:00+01:00;-4;28.81928748
1900-02-25 22:00:00+01:00;-4.6;28.34224793
1900-02-25 23:00:00+01:00;-7;28.45785085
1900-02-26 00:00:00+01:00;-6.5;33.92631219
1900-02-26 01:00:00+01:00;-5.3;33.64936855
1900-02-26 02:00:00+01:00;-5.3;33.99672267
1900-02-26 03:00:00+01:00;-5.1;34.30995348
1900-02-26 04:00:00+01:00;-5;35.97685735
1900-02-26 05:00:00+01:00;-4.5;38.87489568
1900-02-26 06:00:00+01:00;-4.1;46.29018531
1900-02-26 07:00:00+01:00;-3.9;54.63341238
1900-02-26 08:00:00+01:00;-3.5;57.3507034
1900-02-26 09:00:00+01:00;-2.5;57.32976463
1900-02-26 10:00:00+01:00;-1.4;56.52759679
1900-02-26 11:00:00+01:00;-0.3;55.45820737
1900-02-26 12:00:00+01:00;1;54.01131974
1900-02-26 13:00:00+01:00;2.8;51.86729247
1900-02-26 14:00:00+01:00;3.5;50.03043762
1900-02-26 15:00:00+01:00;0.8;49.66793666
1900-02-26 16:00:00+01:00;-0.1;46.49591665
1900-02-26 17:00:00+01:00;-1.5;42.68887704
1900-02-26 18:00:00+01:00;-2.5;39.15602032
1900-02-26 19:00:00+01:00;-3.4;36.16996598
1900-02-26 20:00:00+01:00;-3.5;34.36267197
1900-02-26 21:00:00+01:00;-4.8;33.33481739
1900-02-26 22:00:00+01:00;-5.5;32.45552804
1900-02-26 23:00:00+01:00;-4.3;31.58099735
1900-02-27 00:00:00+01:00;-6.1;31.58230049
1900-02-27 01:00:00+01:00;-7;31.75228896
1900-02-27 02:00:00+01:00;-6;31.95437711
1900-02-27 03:00:00+01:00;-6.3;32.42185275
1900-02-27 04:00:00+01:00;-4.8;33.87992011
1900-02-27 05:00:00+01:00;-5;37.20255999
1900-02-27 06:00:00+01:00;-4.6;44.74118499
1900-02-27 07:00:00+01:00;-4.6;53.21336603
1900-02-27 08:00:00+01:00;-4.3;56.4583389
1900-02-27 09:00:00+01:00;-4.3;57.36380452
1900-02-27 10:00:00+01:00;-3.8;57.17269869
1900-02-27 11:00:00+01:00;-3.3;56.74816143
1900-02-27 12:00:00+01:00;-2.8;56.22035252
1900-02-27 13:00:00+01:00;-2.5;55.39511525
1900-02-27 14:00:00+01:00;-2.5;54.63905776
1900-02-27 15:00:00+01:00;-2.9;52.8096452
1900-02-27 16:00:00+01:00;-3;48.97801158
1900-02-27 17:00:00+01:00;-4;44.73616724
1900-02-27 18:00:00+01:00;-6.1;41.39671335
1900-02-27 19:00:00+01:00;-6.5;38.02106094
1900-02-27 20:00:00+01:00;-8.1;36.67416664
1900-02-27 21:00:00+01:00;-7.5;35.08359666
1900-02-27 22:00:00+01:00;-8.3;34.20466996
1900-02-27 23:00:00+01:00;-8.5;33.73852813
1900-02-28 00:00:00+01:00;-8.5;33.42432574
1900-02-28 01:00:00+01:00;-8;33.35740295
1900-02-28 02:00:00+01:00;-7.3;33.68496836
1900-02-28 03:00:00+01:00;-7.3;34.1433446
1900-02-28 04:00:00+01:00;-7.5;36.13542816
1900-02-28 05:00:00+01:00;-6.8;39.6270867
1900-02-28 06:00:00+01:00;-6.6;47.84777353
1900-02-28 07:00:00+01:00;-6.6;56.9230627
1900-02-28 08:00:00+01:00;-5.8;59.78891168
1900-02-28 09:00:00+01:00;-5.1;60.19572444
1900-02-28 10:00:00+01:00;-4.5;59.89899707
1900-02-28 11:00:00+01:00;-3.5;59.06164453
1900-02-28 12:00:00+01:00;-3;58.27235499
1900-02-28 13:00:00+01:00;-2.4;57.01365047
1900-02-28 14:00:00+01:00;-1.7;55.42744444
1900-02-28 15:00:00+01:00;-2.8;53.90601202
1900-02-28 16:00:00+01:00;-3;50.02271337
1900-02-28 17:00:00+01:00;-3.4;45.42985107
1900-02-28 18:00:00+01:00;-5.3;41.86161485
1900-02-28 19:00:00+01:00;-4.6;38.02478833
1900-02-28 20:00:00+01:00;-4.8;36.19162274
1900-02-28 21:00:00+01:00;-4.5;34.65473376
1900-02-28 22:00:00+01:00;-4.7;33.52725992
1900-02-28 23:00:00+01:00;-5.9;33.19114585
1900-03-01 00:00:00+01:00;-5.8;32.80541678
1900-03-01 01:00:00+01:00;-5.9;32.81750321
1900-03-01 02:00:00+01:00;-5.7;33.16941684
1900-03-01 03:00:00+01:00;-5.1;33.47827117
1900-03-01 04:00:00+01:00;-5;35.19640057
1900-03-01 05:00:00+01:00;-5;38.44067436
1900-03-01 06:00:00+01:00;-3.6;45.58441663
1900-03-01 07:00:00+01:00;-3.3;53.94512222
1900-03-01 08:00:00+01:00;-3.4;57.08661608
1900-03-01 09:00:00+01:00;-1.5;56.5941069
1900-03-01 10:00:00+01:00;-0.8;56.09617455
1900-03-01 11:00:00+01:00;-0.3;55.45470136
1900-03-01 12:00:00+01:00;0.1;54.62101601
1900-03-01 13:00:00+01:00;0;53.76978578
1900-03-01 14:00:00+01:00;0.6;52.2309591
1900-03-01 15:00:00+01:00;0.2;50.27182316
1900-03-01 16:00:00+01:00;0.2;46.49913333
1900-03-01 17:00:00+01:00;-0.1;42.17614909
1900-03-01 18:00:00+01:00;-0.3;38.36675627
1900-03-01 19:00:00+01:00;-1;35.39942155
1900-03-01 20:00:00+01:00;-0.8;33.51966853
1900-03-01 21:00:00+01:00;-0.8;32.15632845
1900-03-01 22:00:00+01:00;-1.7;31.29543749
1900-03-01 23:00:00+01:00;-1.5;30.66321466
1900-03-02 00:00:00+01:00;-1.9;30.3649115
1900-03-02 01:00:00+01:00;-2.5;30.42486952
1900-03-02 02:00:00+01:00;-2.6;30.73546042
1900-03-02 03:00:00+01:00;-3;31.16663031
1900-03-02 04:00:00+01:00;-3.8;32.82407332
1900-03-02 05:00:00+01:00;-4.5;36.11474945
1900-03-02 06:00:00+01:00;-4.6;43.68718055
1900-03-02 07:00:00+01:00;-5.1;52.24759792
1900-03-02 08:00:00+01:00;-4.1;55.23417862
1900-03-02 09:00:00+01:00;-3.4;55.75336567
1900-03-02 10:00:00+01:00;-2.3;55.17070021
1900-03-02 11:00:00+01:00;-1.4;54.45282222
1900-03-02 12:00:00+01:00;-0.7;53.71179978
1900-03-02 13:00:00+01:00;-0.5;52.82217598
1900-03-02 14:00:00+01:00;-0.5;51.93187989
1900-03-02 15:00:00+01:00;-0.7;49.98876288
1900-03-02 16:00:00+01:00;-0.7;46.28106398
1900-03-02 17:00:00+01:00;-2.6;42.7389834
1900-03-02 18:00:00+01:00;-2;38.61819488
1900-03-02 19:00:00+01:00;-2.8;35.71847038
1900-03-02 20:00:00+01:00;-2.4;33.84256309
1900-03-02 21:00:00+01:00;-2.5;32.57237001
1900-03-02 22:00:00+01:00;-3;31.68920209
1900-03-02 23:00:00+01:00;-3.1;31.23006972
1900-03-03 00:00:00+01:00;-3.5;25.20784831
1900-03-03 01:00:00+01:00;-3.5;25.3458793
1900-03-03 02:00:00+01:00;-3.3;25.35230117
1900-03-03 03:00:00+01:00;-3.5;25.51275085
1900-03-03 04:00:00+01:00;-3.5;26.51369084
1900-03-03 05:00:00+01:00;-3.9;27.19779194
1900-03-03 06:00:00+01:00;-4.3;27.68601141
1900-03-03 07:00:00+01:00;-4.1;28.08698986
1900-03-03 08:00:00+01:00;-5.3;28.93884644
1900-03-03 09:00:00+01:00;-4;28.97734173
1900-03-03 10:00:00+01:00;-3;28.77778819
1900-03-03 11:00:00+01:00;-2.3;28.49067524
1900-03-03 12:00:00+01:00;-2.4;29.19308795
1900-03-03 13:00:00+01:00;-2;29.23720658
1900-03-03 14:00:00+01:00;-2.3;29.12543444
1900-03-03 15:00:00+01:00;-2;28.50775038
1900-03-03 16:00:00+01:00;-1.7;28.26338307
1900-03-03 17:00:00+01:00;-2;27.85226906
1900-03-03 18:00:00+01:00;-2.6;27.70380344
1900-03-03 19:00:00+01:00;-2;26.74633431
1900-03-03 20:00:00+01:00;-1.5;26.25026589
1900-03-03 21:00:00+01:00;-1.5;25.89027923
1900-03-03 22:00:00+01:00;-1.5;25.39684311
1900-03-03 23:00:00+01:00;-1.7;25.11144104
1900-03-04 00:00:00+01:00;-2.1;24.90966756
1900-03-04 01:00:00+01:00;-2;24.99070057
1900-03-04 02:00:00+01:00;-2.5;25.15824513
1900-03-04 03:00:00+01:00;-0.3;24.67919398
1900-03-04 04:00:00+01:00;0.6;25.35784239
1900-03-04 05:00:00+01:00;0.7;25.50861336
1900-03-04 06:00:00+01:00;0.6;25.7537566
1900-03-04 07:00:00+01:00;1;26.05744774
1900-03-04 08:00:00+01:00;1.2;26.26028232
1900-03-04 09:00:00+01:00;1.1;26.44958267
1900-03-04 10:00:00+01:00;1.3;26.32996312
1900-03-04 11:00:00+01:00;1.7;26.08338677
1900-03-04 12:00:00+01:00;2;26.41876874
1900-03-04 13:00:00+01:00;2.7;26.26355866
1900-03-04 14:00:00+01:00;2.4;26.00847301
1900-03-04 15:00:00+01:00;2.7;25.35609173
1900-03-04 16:00:00+01:00;2.3;25.25514934
1900-03-04 17:00:00+01:00;1.8;24.92062559
1900-03-04 18:00:00+01:00;2;24.3647022
1900-03-04 19:00:00+01:00;1.7;23.82589169
1900-03-04 20:00:00+01:00;1.6;23.48227962
1900-03-04 21:00:00+01:00;1.7;23.09933688
1900-03-04 22:00:00+01:00;1.2;22.81094655
1900-03-04 23:00:00+01:00;1;22.54487537
1900-03-05 00:00:00+01:00;0.8;28.1651545
1900-03-05 01:00:00+01:00;1;28.06506171
1900-03-05 02:00:00+01:00;0.8;28.33872405
1900-03-05 03:00:00+01:00;0.6;28.75995256
1900-03-05 04:00:00+01:00;0.5;30.08474254
1900-03-05 05:00:00+01:00;0.8;32.47100976
1900-03-05 06:00:00+01:00;1.1;38.70536856
1900-03-05 07:00:00+01:00;0.7;46.35380224
1900-03-05 08:00:00+01:00;0.8;49.73224666
1900-03-05 09:00:00+01:00;0.9;50.50773663
1900-03-05 10:00:00+01:00;0.9;50.54969757
1900-03-05 11:00:00+01:00;0.6;50.56950201
1900-03-05 12:00:00+01:00;0.7;50.33545992
1900-03-05 13:00:00+01:00;1;49.49940335
1900-03-05 14:00:00+01:00;0.8;48.88644201
1900-03-05 15:00:00+01:00;1;46.82887603
1900-03-05 16:00:00+01:00;1.4;43.10173911
1900-03-05 17:00:00+01:00;1.3;38.90544449
1900-03-05 18:00:00+01:00;1.5;35.49217448
1900-03-05 19:00:00+01:00;1.5;32.70070128
1900-03-05 20:00:00+01:00;1.5;31.00077844
1900-03-05 21:00:00+01:00;1.4;29.81050942
1900-03-05 22:00:00+01:00;1.4;28.8770406
1900-03-05 23:00:00+01:00;1.1;28.49388753
1900-03-06 00:00:00+01:00;0.9;28.21626059
1900-03-06 01:00:00+01:00;-0.6;28.52562909
1900-03-06 02:00:00+01:00;-0.6;28.87490336
1900-03-06 03:00:00+01:00;-0.7;29.32615821
1900-03-06 04:00:00+01:00;0;30.5968264
1900-03-06 05:00:00+01:00;0.5;33.01071449
1900-03-06 06:00:00+01:00;0.4;39.57470243
1900-03-06 07:00:00+01:00;0.6;47.0602648
1900-03-06 08:00:00+01:00;0.7;50.3733262
1900-03-06 09:00:00+01:00;1;51.00079762
1900-03-06 10:00:00+01:00;0.7;51.2196732
1900-03-06 11:00:00+01:00;1;50.82641025
1900-03-06 12:00:00+01:00;0.9;50.62070553
1900-03-06 13:00:00+01:00;1;49.84158798
1900-03-06 14:00:00+01:00;0.4;49.44222773
1900-03-06 15:00:00+01:00;0.4;47.47067702
1900-03-06 16:00:00+01:00;0.1;44.11252843
1900-03-06 17:00:00+01:00;0.5;39.52651133
1900-03-06 18:00:00+01:00;0.5;36.09815059
1900-03-06 19:00:00+01:00;0.4;33.27047695
1900-03-06 20:00:00+01:00;0.4;31.56259379
1900-03-06 21:00:00+01:00;0.3;30.35723651
1900-03-06 22:00:00+01:00;-0.3;29.58327209
1900-03-06 23:00:00+01:00;-0.8;29.25925719
1900-03-07 00:00:00+01:00;-1.4;29.08729191
1900-03-07 01:00:00+01:00;-1.7;29.15271273
1900-03-07 02:00:00+01:00;-2;29.55925188
1900-03-07 03:00:00+01:00;-1.7;29.93874031
1900-03-07 04:00:00+01:00;-1.2;31.32760251
1900-03-07 05:00:00+01:00;-1.2;34.10308346
1900-03-07 06:00:00+01:00;-1.4;41.0934856
1900-03-07 07:00:00+01:00;-1;48.7797547
1900-03-07 08:00:00+01:00;-0.7;52.04784036
1900-03-07 09:00:00+01:00;-0.6;52.86494622
1900-03-07 10:00:00+01:00;-0.3;52.75091624
1900-03-07 11:00:00+01:00;0.2;52.27245437
1900-03-07 12:00:00+01:00;0.6;51.73032852
1900-03-07 13:00:00+01:00;0.3;51.19778737
1900-03-07 14:00:00+01:00;0.2;50.40462211
1900-03-07 15:00:00+01:00;0.8;47.94824379
1900-03-07 16:00:00+01:00;0.1;44.80031215
1900-03-07 17:00:00+01:00;0.5;40.2015037
1900-03-07 18:00:00+01:00;0.8;36.5560548
1900-03-07 19:00:00+01:00;0.8;33.63547586
1900-03-07 20:00:00+01:00;0.4;32.03892548
1900-03-07 21:00:00+01:00;-0.3;30.97311061
1900-03-07 22:00:00+01:00;0;29.92557348
1900-03-07 23:00:00+01:00;-0.1;29.46433787
1900-03-08 00:00:00+01:00;-0.6;29.23947995
1900-03-08 01:00:00+01:00;-1;29.31088748
1900-03-08 02:00:00+01:00;-1.2;29.66938782
1900-03-08 03:00:00+01:00;-1.5;30.12745092
1900-03-08 04:00:00+01:00;-1.4;31.56987494
1900-03-08 05:00:00+01:00;-1.5;34.36472467
1900-03-08 06:00:00+01:00;-1.2;41.13338329
1900-03-08 07:00:00+01:00;-1;48.87171547
1900-03-08 08:00:00+01:00;-0.7;52.08046469
1900-03-08 09:00:00+01:00;-0.5;52.77667196
1900-03-08 10:00:00+01:00;0.1;52.43505077
1900-03-08 11:00:00+01:00;0.1;52.23013988
1900-03-08 12:00:00+01:00;0.9;51.42699084
1900-03-08 13:00:00+01:00;0.8;50.729569
1900-03-08 14:00:00+01:00;1.2;49.54180785
1900-03-08 15:00:00+01:00;1.3;47.44500504
1900-03-08 16:00:00+01:00;1.1;44.02077787
1900-03-08 17:00:00+01:00;1;39.7688428
1900-03-08 18:00:00+01:00;1;36.30710803
1900-03-08 19:00:00+01:00;0.3;33.65085527
1900-03-08 20:00:00+01:00;0.2;31.9560886
1900-03-08 21:00:00+01:00;0.1;30.71345956
1900-03-08 22:00:00+01:00;-0.6;29.92822768
1900-03-08 23:00:00+01:00;-1;29.55651951
1900-03-09 00:00:00+01:00;-1.5;29.34281583
1900-03-09 01:00:00+01:00;-2;29.45045717
1900-03-09 02:00:00+01:00;-2.3;29.85855175
1900-03-09 03:00:00+01:00;-2.4;30.29693324
1900-03-09 04:00:00+01:00;-2.1;31.74248855
1900-03-09 05:00:00+01:00;-2.9;34.87348415
1900-03-09 06:00:00+01:00;-2.5;41.87635319
1900-03-09 07:00:00+01:00;-2.4;49.8260039
1900-03-09 08:00:00+01:00;-2.8;53.58450671
1900-03-09 09:00:00+01:00;-2.1;54.08750147
1900-03-09 10:00:00+01:00;-1.9;54.06028542
1900-03-09 11:00:00+01:00;-1.7;53.78945896
1900-03-09 12:00:00+01:00;-1.5;53.48482497
1900-03-09 13:00:00+01:00;-1.2;52.61499969
1900-03-09 14:00:00+01:00;-0.7;51.49370092
1900-03-09 15:00:00+01:00;-1;49.6867825
1900-03-09 16:00:00+01:00;-0.3;45.5680431
1900-03-09 17:00:00+01:00;-0.3;41.14688328
1900-03-09 18:00:00+01:00;-0.7;37.67402424
1900-03-09 19:00:00+01:00;-0.3;34.50323471
1900-03-09 20:00:00+01:00;-1.4;33.11311238
1900-03-09 21:00:00+01:00;-2;32.00318643
1900-03-09 22:00:00+01:00;-4.6;31.68697336
1900-03-09 23:00:00+01:00;-6.3;31.62809661
1900-03-10 00:00:00+01:00;-7.3;26.02576063
1900-03-10 01:00:00+01:00;-8.2;26.4459263
1900-03-10 02:00:00+01:00;-9.8;26.92822426
1900-03-10 03:00:00+01:00;-9.6;27.13247526
1900-03-10 04:00:00+01:00;-10.2;28.51124519
1900-03-10 05:00:00+01:00;-12.7;30.53791563
1900-03-10 06:00:00+01:00;-13.7;31.5510245
1900-03-10 07:00:00+01:00;-13.2;32.03204245
1900-03-10 08:00:00+01:00;-9;31.36653217
1900-03-10 09:00:00+01:00;-7.6;31.53456497
1900-03-10 10:00:00+01:00;-7.3;31.76552148
1900-03-10 11:00:00+01:00;-6.8;31.61403591
1900-03-10 12:00:00+01:00;-6.1;32.14204829
1900-03-10 13:00:00+01:00;-6.1;32.39165811
1900-03-10 14:00:00+01:00;-5.6;32.00504912
1900-03-10 15:00:00+01:00;-4.6;31.06814424
1900-03-10 16:00:00+01:00;-4.3;30.91780416
1900-03-10 17:00:00+01:00;-7.1;31.58009276
1900-03-10 18:00:00+01:00;-7.8;31.59429414
1900-03-10 19:00:00+01:00;-9.5;31.41736996
1900-03-10 20:00:00+01:00;-10.3;31.42216142
1900-03-10 21:00:00+01:00;-12.6;31.78446155
1900-03-10 22:00:00+01:00;-13.5;31.31296608
1900-03-10 23:00:00+01:00;-14;31.06430592
1900-03-11 00:00:00+01:00;-15;31.38374454
1900-03-11 01:00:00+01:00;-15.2;31.68234186
1900-03-11 02:00:00+01:00;-15.7;31.88224373
1900-03-11 03:00:00+01:00;-14.2;31.7243691
1900-03-11 04:00:00+01:00;-16.2;33.74765946
1900-03-11 05:00:00+01:00;-17.7;35.40895127
1900-03-11 06:00:00+01:00;-17;35.69579205
1900-03-11 07:00:00+01:00;-14.6;35.65929844
1900-03-11 08:00:00+01:00;-12.2;35.55095298
1900-03-11 09:00:00+01:00;-11.7;35.90906039
1900-03-11 10:00:00+01:00;-8.7;35.03592739
1900-03-11 11:00:00+01:00;-7.6;34.55621224
1900-03-11 12:00:00+01:00;-6.6;34.88302415
1900-03-11 13:00:00+01:00;-4.6;34.2896857
1900-03-11 14:00:00+01:00;-5.3;34.14371305
1900-03-11 15:00:00+01:00;-5;33.33170014
1900-03-11 16:00:00+01:00;-6.6;33.95009067
1900-03-11 17:00:00+01:00;-6.8;33.42041537
1900-03-11 18:00:00+01:00;-7.5;33.37497439
1900-03-11 19:00:00+01:00;-7.8;32.52627599
1900-03-11 20:00:00+01:00;-8.2;32.3317242
1900-03-11 21:00:00+01:00;-10.7;32.55255329
1900-03-11 22:00:00+01:00;-10.8;31.73033574
1900-03-11 23:00:00+01:00;-11.2;31.29047156
1900-03-12 00:00:00+01:00;-10.2;36.63483698
1900-03-12 01:00:00+01:00;-9.7;36.52528264
1900-03-12 02:00:00+01:00;-10;36.96632135
1900-03-12 03:00:00+01:00;-10.5;37.44005279
1900-03-12 04:00:00+01:00;-11.1;39.61795808
1900-03-12 05:00:00+01:00;-11.5;43.73979165
1900-03-12 06:00:00+01:00;-12;53.14792997
1900-03-12 07:00:00+01:00;-11.7;62.74953931
1900-03-12 08:00:00+01:00;-10.7;65.43221573
1900-03-12 09:00:00+01:00;-6.3;63.43327166
1900-03-12 10:00:00+01:00;1.6;58.41385878
1900-03-12 11:00:00+01:00;-1;59.47089447
1900-03-12 12:00:00+01:00;-0.5;58.25370951
1900-03-12 13:00:00+01:00;1.8;55.61968899
1900-03-12 14:00:00+01:00;1.7;54.07985307
1900-03-12 15:00:00+01:00;3.8;50.12580439
1900-03-12 16:00:00+01:00;5.4;45.38426734
1900-03-12 17:00:00+01:00;1.2;43.45589107
1900-03-12 18:00:00+01:00;-3;41.07703798
1900-03-12 19:00:00+01:00;-6;38.53304744
1900-03-12 20:00:00+01:00;-7;36.92452975
1900-03-12 21:00:00+01:00;-8.1;35.67296569
1900-03-12 22:00:00+01:00;-8.7;34.62237308
1900-03-12 23:00:00+01:00;-9;34.03425085
1900-03-13 00:00:00+01:00;-9.2;33.67984313
1900-03-13 01:00:00+01:00;-9.7;33.754115
1900-03-13 02:00:00+01:00;-9.2;34.04526674
1900-03-13 03:00:00+01:00;-9.1;34.39338724
1900-03-13 04:00:00+01:00;-8;36.04273002
1900-03-13 05:00:00+01:00;-7.5;39.48925054
1900-03-13 06:00:00+01:00;-7.3;47.54636197
1900-03-13 07:00:00+01:00;-6.1;55.62579632
1900-03-13 08:00:00+01:00;-4;57.51116391
1900-03-13 09:00:00+01:00;-2.5;57.26672827
1900-03-13 10:00:00+01:00;-1.7;56.94989074
1900-03-13 11:00:00+01:00;-0.6;56.04649032
1900-03-13 12:00:00+01:00;0;55.15410599
1900-03-13 13:00:00+01:00;2.2;52.8736806
1900-03-13 14:00:00+01:00;5.2;49.47718308
1900-03-13 15:00:00+01:00;4;48.1696097
1900-03-13 16:00:00+01:00;4.4;44.56939391
1900-03-13 17:00:00+01:00;2.5;41.59269981
1900-03-13 18:00:00+01:00;0.6;38.62968805
1900-03-13 19:00:00+01:00;-2;36.24909817
1900-03-13 20:00:00+01:00;-4.8;35.22139875
1900-03-13 21:00:00+01:00;-3.8;33.47752891
1900-03-13 22:00:00+01:00;-7;33.12794374
1900-03-13 23:00:00+01:00;-7.8;32.6959589
1900-03-14 00:00:00+01:00;-8.5;32.41358239
1900-03-14 01:00:00+01:00;-6.6;31.95519887
1900-03-14 02:00:00+01:00;-5.8;32.10559472
1900-03-14 03:00:00+01:00;-4.6;32.22260691
1900-03-14 04:00:00+01:00;-5.1;33.89629909
1900-03-14 05:00:00+01:00;-4.5;36.91967014
1900-03-14 06:00:00+01:00;-5.3;44.82001553
1900-03-14 07:00:00+01:00;-3.6;52.29411852
1900-03-14 08:00:00+01:00;-3.3;55.45593194
1900-03-14 09:00:00+01:00;-2.3;55.67536386
1900-03-14 10:00:00+01:00;-2.5;55.85480116
1900-03-14 11:00:00+01:00;-1.2;54.87753433
1900-03-14 12:00:00+01:00;-1;54.41338365
1900-03-14 13:00:00+01:00;1.2;52.24046304
1900-03-14 14:00:00+01:00;0.3;51.95109924
1900-03-14 15:00:00+01:00;0;50.13730462
1900-03-14 16:00:00+01:00;0;46.55604102
1900-03-14 17:00:00+01:00;0;42.21881466
1900-03-14 18:00:00+01:00;0.1;38.42542735
1900-03-14 19:00:00+01:00;0;35.31506863
1900-03-14 20:00:00+01:00;-0.1;33.54070067
1900-03-14 21:00:00+01:00;-0.3;32.25418929
1900-03-14 22:00:00+01:00;-1.5;31.40981148
1900-03-14 23:00:00+01:00;-0.7;30.59274807
1900-03-15 00:00:00+01:00;-1.7;30.36945634
1900-03-15 01:00:00+01:00;-2.1;30.37477016
1900-03-15 02:00:00+01:00;-3.5;30.92013872
1900-03-15 03:00:00+01:00;-3.6;31.32233596
1900-03-15 04:00:00+01:00;-4.5;33.0312459
1900-03-15 05:00:00+01:00;-5.1;36.42143504
1900-03-15 06:00:00+01:00;-5;43.97095001
1900-03-15 07:00:00+01:00;-5.3;52.46903139
1900-03-15 08:00:00+01:00;-3.8;55.16327679
1900-03-15 09:00:00+01:00;-2.3;55.12204477
1900-03-15 10:00:00+01:00;-1.5;54.63784651
1900-03-15 11:00:00+01:00;0.7;53.04498868
1900-03-15 12:00:00+01:00;2.8;51.20547111
1900-03-15 13:00:00+01:00;3.3;50.01463902
1900-03-15 14:00:00+01:00;3.9;48.40700173
1900-03-15 15:00:00+01:00;3.5;46.56046981
1900-03-15 16:00:00+01:00;3;43.4254448
1900-03-15 17:00:00+01:00;1.5;40.05336129
1900-03-15 18:00:00+01:00;-1;37.55193749
1900-03-15 19:00:00+01:00;-2.8;35.10964144
1900-03-15 20:00:00+01:00;-4.1;33.74319336
1900-03-15 21:00:00+01:00;-6.1;32.97435892
1900-03-15 22:00:00+01:00;-6.5;32.11560733
1900-03-15 23:00:00+01:00;-8;32.02521699
1900-03-16 00:00:00+01:00;-8;31.72196681
1900-03-16 01:00:00+01:00;-4.8;31.15690054
1900-03-16 02:00:00+01:00;-4.8;31.55076191
1900-03-16 03:00:00+01:00;-3.1;31.7038828
1900-03-16 04:00:00+01:00;-3;33.26326168
1900-03-16 05:00:00+01:00;-2.4;36.00432774
1900-03-16 06:00:00+01:00;-2.8;43.35248465
1900-03-16 07:00:00+01:00;-2.5;51.31613211
1900-03-16 08:00:00+01:00;-1.4;53.92182607
1900-03-16 09:00:00+01:00;0.1;53.72487869
1900-03-16 10:00:00+01:00;1;53.14571391
1900-03-16 11:00:00+01:00;1.8;52.41657234
1900-03-16 12:00:00+01:00;2.2;51.75012453
1900-03-16 13:00:00+01:00;2.3;50.91340405
1900-03-16 14:00:00+01:00;2.1;50.04559421
1900-03-16 15:00:00+01:00;2.2;47.94471954
1900-03-16 16:00:00+01:00;3;43.98296646
1900-03-16 17:00:00+01:00;1.9;40.45868892
1900-03-16 18:00:00+01:00;1.4;37.09612339
1900-03-16 19:00:00+01:00;1;34.19956529
1900-03-16 20:00:00+01:00;1.1;32.37165853
1900-03-16 21:00:00+01:00;0.3;31.20098143
1900-03-16 22:00:00+01:00;0.5;30.03002966
1900-03-16 23:00:00+01:00;-0.1;29.5310226
1900-03-17 00:00:00+01:00;0.4;23.04264874
1900-03-17 01:00:00+01:00;0;23.16625418
1900-03-17 02:00:00+01:00;-1.2;23.42421851
1900-03-17 03:00:00+01:00;-4.6;24.35685196
1900-03-17 04:00:00+01:00;-5.6;25.52989555
1900-03-17 05:00:00+01:00;-5.8;26.55371533
1900-03-17 06:00:00+01:00;-6;27.0988569
1900-03-17 07:00:00+01:00;-2.1;26.21155657
1900-03-17 08:00:00+01:00;-0.5;26.10447367
1900-03-17 09:00:00+01:00;2;25.55607103
1900-03-17 10:00:00+01:00;2.6;25.3282073
1900-03-17 11:00:00+01:00;5.5;24.13920854
1900-03-17 12:00:00+01:00;4.3;25.04589143
1900-03-17 13:00:00+01:00;4.4;25.20214687
1900-03-17 14:00:00+01:00;6.3;24.06243412
1900-03-17 15:00:00+01:00;6.6;23.45272865
1900-03-17 16:00:00+01:00;7.6;22.75082631
1900-03-17 17:00:00+01:00;4.5;23.5228174
1900-03-17 18:00:00+01:00;2.1;24.04649806
1900-03-17 19:00:00+01:00;1.6;23.63941752
1900-03-17 20:00:00+01:00;0;23.82803924
1900-03-17 21:00:00+01:00;-1.9;24.08904846
1900-03-17 22:00:00+01:00;-1.7;23.58826461
1900-03-17 23:00:00+01:00;-3.1;23.65698863
1900-03-18 00:00:00+01:00;-4;23.92232275
1900-03-18 01:00:00+01:00;-4.6;24.22495886
1900-03-18 02:00:00+01:00;-6.3;24.69443972
1900-03-18 03:00:00+01:00;-5.5;24.62830205
1900-03-18 04:00:00+01:00;-6.3;25.7196485
1900-03-18 05:00:00+01:00;-6.1;26.60534033
1900-03-18 06:00:00+01:00;-6.3;27.09748269
1900-03-18 07:00:00+01:00;-4.8;27.00367761
1900-03-18 08:00:00+01:00;-2.4;26.7222849
1900-03-18 09:00:00+01:00;-0.8;26.67329456
1900-03-18 10:00:00+01:00;0;26.53289565
1900-03-18 11:00:00+01:00;1.1;26.18065992
1900-03-18 12:00:00+01:00;1.3;26.71800242
1900-03-18 13:00:00+01:00;1.5;26.90146565
1900-03-18 14:00:00+01:00;2.3;26.38222322
1900-03-18 15:00:00+01:00;3.7;25.41925912
1900-03-18 16:00:00+01:00;3.4;25.43571296
1900-03-18 17:00:00+01:00;2;25.58103431
1900-03-18 18:00:00+01:00;1.8;25.30524991
1900-03-18 19:00:00+01:00;2;24.65672582
1900-03-18 20:00:00+01:00;0.3;24.92805499
1900-03-18 21:00:00+01:00;-0.3;24.75914656
1900-03-18 22:00:00+01:00;-1.7;24.67881234
1900-03-18 23:00:00+01:00;-2.5;24.53907911
1900-03-19 00:00:00+01:00;-3.8;30.40009649
1900-03-19 01:00:00+01:00;-3.1;30.22552737
1900-03-19 02:00:00+01:00;-3.4;30.54998421
1900-03-19 03:00:00+01:00;-3.9;30.9804246
1900-03-19 04:00:00+01:00;-4.1;32.4977425
1900-03-19 05:00:00+01:00;-5;35.86492814
1900-03-19 06:00:00+01:00;-5.5;43.5793533
1900-03-19 07:00:00+01:00;-4.3;51.13396129
1900-03-19 08:00:00+01:00;-3.3;54.14008407
1900-03-19 09:00:00+01:00;-2.5;54.59118533
1900-03-19 10:00:00+01:00;-1;53.75392543
1900-03-19 11:00:00+01:00;0;52.98369008
1900-03-19 12:00:00+01:00;3.5;50.37255117
1900-03-19 13:00:00+01:00;4.5;48.84005815
1900-03-19 14:00:00+01:00;6.5;46.21649316
1900-03-19 15:00:00+01:00;7.2;43.67332997
1900-03-19 16:00:00+01:00;7.3;40.4824703
1900-03-19 17:00:00+01:00;4.6;38.18823728
1900-03-19 18:00:00+01:00;3;35.63058506
1900-03-19 19:00:00+01:00;-0.3;33.94371234
1900-03-19 20:00:00+01:00;-2;32.72192176
1900-03-19 21:00:00+01:00;-3.3;31.7818796
1900-03-19 22:00:00+01:00;-4;30.98417611
1900-03-19 23:00:00+01:00;-6;30.96063773
1900-03-20 00:00:00+01:00;-6.6;30.70669603
1900-03-20 01:00:00+01:00;-6.8;30.74384473
1900-03-20 02:00:00+01:00;-8.6;31.46019498
1900-03-20 03:00:00+01:00;-7.5;31.70543025
1900-03-20 04:00:00+01:00;-8.3;33.59102245
1900-03-20 05:00:00+01:00;-8.7;37.52980248
1900-03-20 06:00:00+01:00;-8.8;45.85124054
1900-03-20 07:00:00+01:00;-7.1;53.6262891
1900-03-20 08:00:00+01:00;-4.3;55.68985475
1900-03-20 09:00:00+01:00;-3.4;56.04753532
1900-03-20 10:00:00+01:00;-3;55.90179696
1900-03-20 11:00:00+01:00;-1.4;54.7753753
1900-03-20 12:00:00+01:00;1;52.99611841
1900-03-20 13:00:00+01:00;5.1;49.53831458
1900-03-20 14:00:00+01:00;4.8;48.55490471
1900-03-20 15:00:00+01:00;3.8;47.27138504
1900-03-20 16:00:00+01:00;4;43.87297921
1900-03-20 17:00:00+01:00;4.2;39.89226081
1900-03-20 18:00:00+01:00;3.4;36.84935283
1900-03-20 19:00:00+01:00;1;34.71406862
1900-03-20 20:00:00+01:00;-1;33.57292643
1900-03-20 21:00:00+01:00;-2.1;32.52917708
1900-03-20 22:00:00+01:00;-2.4;31.54050579
1900-03-20 23:00:00+01:00;-2;30.86213696
1900-03-21 00:00:00+01:00;-2;30.46371341
1900-03-21 01:00:00+01:00;-1.9;30.36881551
1900-03-21 02:00:00+01:00;0.2;30.19299509
1900-03-21 03:00:00+01:00;0.3;30.45278598
1900-03-21 04:00:00+01:00;0;31.74015238
1900-03-21 05:00:00+01:00;-1;34.38331421
1900-03-21 06:00:00+01:00;-0.7;40.83454038
1900-03-21 07:00:00+01:00;-1;48.53985705
1900-03-21 08:00:00+01:00;-0.5;51.52691558
1900-03-21 09:00:00+01:00;-1.2;52.70119187
1900-03-21 10:00:00+01:00;-0.5;52.21670823
1900-03-21 11:00:00+01:00;0.7;51.22536856
1900-03-21 12:00:00+01:00;1.2;50.63727052
1900-03-21 13:00:00+01:00;1.6;49.76443519
1900-03-21 14:00:00+01:00;2.5;48.32170737
1900-03-21 15:00:00+01:00;1.9;46.80049587
1900-03-21 16:00:00+01:00;4.7;41.65213501
1900-03-21 17:00:00+01:00;3.7;38.30521797
1900-03-21 18:00:00+01:00;2.3;35.67527112
1900-03-21 19:00:00+01:00;4;32.30009588
1900-03-21 20:00:00+01:00;5;30.27839511
1900-03-21 21:00:00+01:00;5.4;28.9036975
1900-03-21 22:00:00+01:00;4.9;27.98244155
1900-03-21 23:00:00+01:00;4.6;27.51659769
1900-03-22 00:00:00+01:00;4.6;27.12492516
1900-03-22 01:00:00+01:00;4.6;27.03654248
1900-03-22 02:00:00+01:00;3.8;27.42260572
1900-03-22 03:00:00+01:00;3;27.92005565
1900-03-22 04:00:00+01:00;1.7;29.29060832
1900-03-22 05:00:00+01:00;0;32.07012488
1900-03-22 06:00:00+01:00;-2.8;39.82357105
1900-03-22 07:00:00+01:00;0.2;45.77986695
1900-03-22 08:00:00+01:00;1.8;48.30934836
1900-03-22 09:00:00+01:00;7.5;45.39954983
1900-03-22 10:00:00+01:00;7;45.49791567
1900-03-22 11:00:00+01:00;9.7;43.40423109
1900-03-22 12:00:00+01:00;10.4;42.23695327
1900-03-22 13:00:00+01:00;12.9;39.55062712
1900-03-22 14:00:00+01:00;14.1;33.57536173
1900-03-22 15:00:00+01:00;12.2;36.51502293
1900-03-22 16:00:00+01:00;11.6;34.78639021
1900-03-22 17:00:00+01:00;11.2;31.58387024
1900-03-22 18:00:00+01:00;10.8;29.08961774
1900-03-22 19:00:00+01:00;10.1;27.2504106
1900-03-22 20:00:00+01:00;8.6;26.09518501
1900-03-22 21:00:00+01:00;6.9;25.46227305
1900-03-22 22:00:00+01:00;8;24.36134495
1900-03-22 23:00:00+01:00;7.2;24.1361897
1900-03-23 00:00:00+01:00;5.6;24.08589198
1900-03-23 01:00:00+01:00;2.7;24.57495323
1900-03-23 02:00:00+01:00;4;24.54012144
1900-03-23 03:00:00+01:00;6.6;24.41754491
1900-03-23 04:00:00+01:00;5;25.42126937
1900-03-23 05:00:00+01:00;4.2;27.33587161
1900-03-23 06:00:00+01:00;3.5;32.72669587
1900-03-23 07:00:00+01:00;3.2;39.08380471
1900-03-23 08:00:00+01:00;4.1;42.29696377
1900-03-23 09:00:00+01:00;4.7;42.95789551
1900-03-23 10:00:00+01:00;4.8;42.9869854
1900-03-23 11:00:00+01:00;4.9;42.94382909
1900-03-23 12:00:00+01:00;5.3;42.83671304
1900-03-23 13:00:00+01:00;5.2;42.57084084
1900-03-23 14:00:00+01:00;5.7;41.81187201
1900-03-23 15:00:00+01:00;5.2;40.64094983
1900-03-23 16:00:00+01:00;4.8;38.02584284
1900-03-23 17:00:00+01:00;4.2;34.63206635
1900-03-23 18:00:00+01:00;3.7;32.22772436
1900-03-23 19:00:00+01:00;3.5;29.99377901
1900-03-23 20:00:00+01:00;3.6;28.38807609
1900-03-23 21:00:00+01:00;3.2;27.39965425
1900-03-23 22:00:00+01:00;2.6;26.80351824
1900-03-23 23:00:00+01:00;2.4;26.52081119
1900-03-24 00:00:00+01:00;2.4;20.52056712
1900-03-24 01:00:00+01:00;2;20.70149718
1900-03-24 02:00:00+01:00;1.9;20.77954075
1900-03-24 03:00:00+01:00;1.7;21.03459792
1900-03-24 04:00:00+01:00;1.9;21.72909782
1900-03-24 05:00:00+01:00;1.4;22.47913024
1900-03-24 06:00:00+01:00;0.9;23.06027551
1900-03-24 07:00:00+01:00;2;23.00541858
1900-03-24 08:00:00+01:00;3.4;22.943652
1900-03-24 09:00:00+01:00;4.1;23.0691945
1900-03-24 10:00:00+01:00;4.5;22.95380844
1900-03-24 11:00:00+01:00;5.9;22.40570248
1900-03-24 12:00:00+01:00;6;22.81478499
1900-03-24 13:00:00+01:00;6;23.02028404
1900-03-24 14:00:00+01:00;9;21.50485667
1900-03-24 15:00:00+01:00;8;21.5193508
1900-03-24 16:00:00+01:00;7.5;21.42941105
1900-03-24 17:00:00+01:00;6.1;21.55812136
1900-03-24 18:00:00+01:00;3.6;22.10291373
1900-03-24 19:00:00+01:00;1.4;22.37749779
1900-03-24 20:00:00+01:00;0.4;22.33992862
1900-03-24 21:00:00+01:00;-1.4;22.61761159
1900-03-24 22:00:00+01:00;-3.5;22.76616429
1900-03-24 23:00:00+01:00;-3.5;22.54419934
1900-03-25 00:00:00+01:00;-4.3;22.95722713
1900-03-25 01:00:00+01:00;-5.3;23.37223368
1900-03-25 02:00:00+01:00;-4;23.10113064
1900-03-25 03:00:00+01:00;-4;23.32373529
1900-03-25 04:00:00+01:00;-3;23.98371148
1900-03-25 05:00:00+01:00;-2.9;24.83272009
1900-03-25 06:00:00+01:00;-2;24.99305438
1900-03-25 07:00:00+01:00;-1;25.06361503
1900-03-25 08:00:00+01:00;-0.7;25.45890696
1900-03-25 09:00:00+01:00;0.1;25.70284536
1900-03-25 10:00:00+01:00;0;25.94481719
1900-03-25 11:00:00+01:00;0.6;25.80299035
1900-03-25 12:00:00+01:00;1.4;26.14392333
1900-03-25 13:00:00+01:00;2.2;26.09923441
1900-03-25 14:00:00+01:00;3;25.63379362
1900-03-25 15:00:00+01:00;2.6;25.45751286
1900-03-25 16:00:00+01:00;2.4;25.45001255
1900-03-25 17:00:00+01:00;2.6;24.97921885
1900-03-25 18:00:00+01:00;1.9;24.91248256
1900-03-25 19:00:00+01:00;1.6;24.43988511
1900-03-25 20:00:00+01:00;1.6;24.13674
1900-03-25 21:00:00+01:00;1.5;23.82400115
1900-03-25 22:00:00+01:00;1.3;23.41703915
1900-03-25 23:00:00+01:00;1.2;23.08952235
1900-03-26 00:00:00+01:00;1.3;22.56865158
1900-03-26 01:00:00+01:00;1.4;22.40477564
1900-03-26 02:00:00+01:00;1.4;22.66835874
1900-03-26 03:00:00+01:00;1.6;22.99060809
1900-03-26 04:00:00+01:00;2.5;23.82845994
1900-03-26 05:00:00+01:00;2.8;25.06739228
1900-03-26 06:00:00+01:00;3;29.58567182
1900-03-26 07:00:00+01:00;2.9;34.74537963
1900-03-26 08:00:00+01:00;2.5;37.8838018
1900-03-26 09:00:00+01:00;1.5;39.76731454
1900-03-26 10:00:00+01:00;1.7;36.79175225
1900-03-26 11:00:00+01:00;2.1;36.51685794
1900-03-26 12:00:00+01:00;2.3;35.69722317
1900-03-26 13:00:00+01:00;2.6;34.62414504
1900-03-26 14:00:00+01:00;2.4;33.8663669
1900-03-26 15:00:00+01:00;3;31.58172115
1900-03-26 16:00:00+01:00;3.3;29.30216542
1900-03-26 17:00:00+01:00;3;27.11999215
1900-03-26 18:00:00+01:00;2.9;27.56080987
1900-03-26 19:00:00+01:00;2;25.46647771
1900-03-26 20:00:00+01:00;2;23.84362519
1900-03-26 21:00:00+01:00;2;22.68255738
1900-03-26 22:00:00+01:00;2;21.88578763
1900-03-26 23:00:00+01:00;1.8;21.78622571
1900-03-27 00:00:00+01:00;1.8;21.35935139
1900-03-27 01:00:00+01:00;1.6;21.44735143
1900-03-27 02:00:00+01:00;0.9;22.00370822
1900-03-27 03:00:00+01:00;0.4;22.45473139
1900-03-27 04:00:00+01:00;0.5;23.56373824
1900-03-27 05:00:00+01:00;0.3;25.22250642
1900-03-27 06:00:00+01:00;0.9;30.38065148
1900-03-27 07:00:00+01:00;1.4;35.51362024
1900-03-27 08:00:00+01:00;2.5;37.84091819
1900-03-27 09:00:00+01:00;3.4;38.29553051
1900-03-27 10:00:00+01:00;5;34.29383089
1900-03-27 11:00:00+01:00;4.8;34.14240706
1900-03-27 12:00:00+01:00;5.5;32.76608822
1900-03-27 13:00:00+01:00;6;31.31715004
1900-03-27 14:00:00+01:00;5.8;30.38708167
1900-03-27 15:00:00+01:00;6.1;28.64689215
1900-03-27 16:00:00+01:00;4.5;28.14771708
1900-03-27 17:00:00+01:00;4.3;25.99764557
1900-03-27 18:00:00+01:00;3.8;26.78683567
1900-03-27 19:00:00+01:00;3.1;24.64703215
1900-03-27 20:00:00+01:00;2.8;23.19476378
1900-03-27 21:00:00+01:00;1.7;22.59627573
1900-03-27 22:00:00+01:00;1.6;21.70362006
1900-03-27 23:00:00+01:00;1.1;21.76229669
1900-03-28 00:00:00+01:00;1.2;21.18528526
1900-03-28 01:00:00+01:00;1.3;21.24560168
1900-03-28 02:00:00+01:00;1.3;21.58771849
1900-03-28 03:00:00+01:00;1.2;21.8881171
1900-03-28 04:00:00+01:00;1.1;22.91713618
1900-03-28 05:00:00+01:00;0.4;24.5687291
1900-03-28 06:00:00+01:00;0.6;29.89735132
1900-03-28 07:00:00+01:00;2.7;33.91886894
1900-03-28 08:00:00+01:00;2.9;36.79529121
1900-03-28 09:00:00+01:00;3.7;37.41713884
1900-03-28 10:00:00+01:00;4.4;34.14685579
1900-03-28 11:00:00+01:00;5;33.54127777
1900-03-28 12:00:00+01:00;5.1;32.79915496
1900-03-28 13:00:00+01:00;5.5;31.57463897
1900-03-28 14:00:00+01:00;5.7;30.36589107
1900-03-28 15:00:00+01:00;5.6;29.01139351
1900-03-28 16:00:00+01:00;6.4;26.61891325
1900-03-28 17:00:00+01:00;4;26.14420627
1900-03-28 18:00:00+01:00;3.9;26.69017575
1900-03-28 19:00:00+01:00;4;24.11595043
1900-03-28 20:00:00+01:00;2.7;23.24253856
1900-03-28 21:00:00+01:00;2.2;22.31422692
1900-03-28 22:00:00+01:00;2.4;21.37697124
1900-03-28 23:00:00+01:00;2;21.35624751
1900-03-29 00:00:00+01:00;2.9;20.63771319
1900-03-29 01:00:00+01:00;1.9;20.91344048
1900-03-29 02:00:00+01:00;1.7;21.3011642
1900-03-29 03:00:00+01:00;1.3;21.67853299
1900-03-29 04:00:00+01:00;0.8;22.78999743
1900-03-29 05:00:00+01:00;-0.7;24.68396693
1900-03-29 06:00:00+01:00;-0.3;30.21246605
1900-03-29 07:00:00+01:00;0.6;35.13476692
1900-03-29 08:00:00+01:00;1.8;37.51300474
1900-03-29 09:00:00+01:00;2.5;38.34253443
1900-03-29 10:00:00+01:00;3.2;35.06565607
1900-03-29 11:00:00+01:00;3.6;34.79068145
1900-03-29 12:00:00+01:00;3.5;34.28381264
1900-03-29 13:00:00+01:00;4.5;32.58224036
1900-03-29 14:00:00+01:00;4.2;31.90341284
1900-03-29 15:00:00+01:00;3.6;30.86165797
1900-03-29 16:00:00+01:00;3.6;28.93593931
1900-03-29 17:00:00+01:00;3.8;26.45443743
1900-03-29 18:00:00+01:00;2.1;28.01244803
1900-03-29 19:00:00+01:00;0.7;26.15677809
1900-03-29 20:00:00+01:00;-1.2;25.85818174
1900-03-29 21:00:00+01:00;-3;25.24779239
1900-03-29 22:00:00+01:00;-3.5;23.89550271
1900-03-29 23:00:00+01:00;-3.3;23.89313847
1900-03-30 00:00:00+01:00;-3.5;23.11452383
1900-03-30 01:00:00+01:00;-4;23.58580994
1900-03-30 02:00:00+01:00;-5.6;24.59986604
1900-03-30 03:00:00+01:00;-5.1;24.62564924
1900-03-30 04:00:00+01:00;-3.1;25.54060793
1900-03-30 05:00:00+01:00;-4.1;27.68634723
1900-03-30 06:00:00+01:00;-4.3;34.30938064
1900-03-30 07:00:00+01:00;-3.8;40.2340847
1900-03-30 08:00:00+01:00;-3.4;43.39568112
1900-03-30 09:00:00+01:00;-3.5;45.11995934
1900-03-30 10:00:00+01:00;-1.4;40.91372389
1900-03-30 11:00:00+01:00;0.5;39.52789564
1900-03-30 12:00:00+01:00;3.2;36.43013797
1900-03-30 13:00:00+01:00;5.3;33.42972074
1900-03-30 14:00:00+01:00;6.4;31.03299485
1900-03-30 15:00:00+01:00;7;29.13142602
1900-03-30 16:00:00+01:00;9.1;25.75547427
1900-03-30 17:00:00+01:00;9.4;23.68847909
1900-03-30 18:00:00+01:00;4.4;27.19921833
1900-03-30 19:00:00+01:00;3.3;25.37326013
1900-03-30 20:00:00+01:00;1;24.89212574
1900-03-30 21:00:00+01:00;0;24.33801788
1900-03-30 22:00:00+01:00;-1.5;23.91948715
1900-03-30 23:00:00+01:00;-0.1;23.25580901
1900-03-31 00:00:00+01:00;-3;23.44794693
1900-03-31 01:00:00+01:00;-0.1;22.77415141
1900-03-31 02:00:00+01:00;-2.5;23.76291723
1900-03-31 03:00:00+01:00;-3.4;24.11360538
1900-03-31 04:00:00+01:00;-3;25.22511599
1900-03-31 05:00:00+01:00;-6.5;27.95954299
1900-03-31 06:00:00+01:00;-4.1;33.77892912
1900-03-31 07:00:00+01:00;0.2;37.06875229
1900-03-31 08:00:00+01:00;2.8;38.25386559
1900-03-31 09:00:00+01:00;4.1;38.17159673
1900-03-31 10:00:00+01:00;4.7;34.85750585
1900-03-31 11:00:00+01:00;6.2;33.18930246
1900-03-31 12:00:00+01:00;6.8;31.82417815
1900-03-31 13:00:00+01:00;7.7;29.93149505
1900-03-31 14:00:00+01:00;8.2;28.24369472
1900-03-31 15:00:00+01:00;8.8;26.50258243
1900-03-31 16:00:00+01:00;8.4;25.37369669
1900-03-31 17:00:00+01:00;9.9;22.48667505
1900-03-31 18:00:00+01:00;6.6;25.12226447
1900-03-31 19:00:00+01:00;5.6;23.41173565
1900-03-31 20:00:00+01:00;3.1;23.10290075
1900-03-31 21:00:00+01:00;2.1;22.52610903
1900-03-31 22:00:00+01:00;2.2;21.61687059
1900-03-31 23:00:00+01:00;2.8;21.20833712
1900-04-01 00:00:00+01:00;3.5;20.56342823
1900-04-01 01:00:00+01:00;4.3;20.25700312
1900-04-01 02:00:00+01:00;5.3;20.13787579
1900-04-01 03:00:00+01:00;6.3;20.24310982
1900-04-01 04:00:00+01:00;6.1;20.97728531
1900-04-01 05:00:00+01:00;6;21.81758072
1900-04-01 06:00:00+01:00;5.6;25.87473248
1900-04-01 07:00:00+01:00;6.8;29.57123368
1900-04-01 08:00:00+01:00;6.2;32.74669475
1900-04-01 09:00:00+01:00;6.1;33.92233732
1900-04-01 10:00:00+01:00;5.8;31.29416894
1900-04-01 11:00:00+01:00;6.8;30.4835492
1900-04-01 12:00:00+01:00;5.4;31.17328906
1900-04-01 13:00:00+01:00;5.7;30.24662992
1900-04-01 14:00:00+01:00;5.7;29.45875302
1900-04-01 15:00:00+01:00;3.8;29.69804078
1900-04-01 16:00:00+01:00;6.5;25.77382013
1900-04-01 17:00:00+01:00;8.2;22.57264473
1900-04-01 18:00:00+01:00;6.5;24.42905797
1900-04-01 19:00:00+01:00;4.9;23.02706767
1900-04-01 20:00:00+01:00;3.7;22.20183518
1900-04-01 21:00:00+01:00;2.8;21.32912714
1900-04-01 22:00:00+01:00;3.4;20.08135339
1900-04-01 23:00:00+01:00;1.9;20.51110796
1900-04-02 00:00:00+01:00;1.3;19.98622119
1900-04-02 01:00:00+01:00;1;20.27646464
1900-04-02 02:00:00+01:00;-2.5;21.73442112
1900-04-02 03:00:00+01:00;-2.4;21.78344483
1900-04-02 04:00:00+01:00;-4;23.3122557
1900-04-02 05:00:00+01:00;-2.5;24.86280647
1900-04-02 06:00:00+01:00;-1;30.45287199
1900-04-02 07:00:00+01:00;2.6;33.85651642
1900-04-02 08:00:00+01:00;5;35.33180648
1900-04-02 09:00:00+01:00;5.7;35.87566116
1900-04-02 10:00:00+01:00;7.6;31.70564556
1900-04-02 11:00:00+01:00;9.9;29.26825358
1900-04-02 12:00:00+01:00;9.8;28.46447323
1900-04-02 13:00:00+01:00;12.1;25.16905908
1900-04-02 14:00:00+01:00;9.9;25.98740864
1900-04-02 15:00:00+01:00;9.1;25.55195862
1900-04-02 16:00:00+01:00;13;21.10491924
1900-04-02 17:00:00+01:00;11;20.9535801
1900-04-02 18:00:00+01:00;8.2;23.49134084
1900-04-02 19:00:00+01:00;4.3;23.53750098
1900-04-02 20:00:00+01:00;2.9;22.83666168
1900-04-02 21:00:00+01:00;3;21.45841132
1900-04-02 22:00:00+01:00;2.7;20.66074861
1900-04-02 23:00:00+01:00;2.4;20.64519984
1900-04-03 00:00:00+01:00;2.1;26.03806493
1900-04-03 01:00:00+01:00;1;26.16510526
1900-04-03 02:00:00+01:00;0.8;26.33969532
1900-04-03 03:00:00+01:00;1.3;26.50562857
1900-04-03 04:00:00+01:00;0.8;27.52251932
1900-04-03 05:00:00+01:00;0.6;29.88724233
1900-04-03 06:00:00+01:00;0;36.17279181
1900-04-03 07:00:00+01:00;1.1;42.5683614
1900-04-03 08:00:00+01:00;2.5;45.58350522
1900-04-03 09:00:00+01:00;3.5;45.94679935
1900-04-03 10:00:00+01:00;5.6;44.78834104
1900-04-03 11:00:00+01:00;6;44.52069417
1900-04-03 12:00:00+01:00;7;43.76624541
1900-04-03 13:00:00+01:00;6.6;43.5282938
1900-04-03 14:00:00+01:00;7;42.44867923
1900-04-03 15:00:00+01:00;6.1;41.37085944
1900-04-03 16:00:00+01:00;4.9;39.29219396
1900-04-03 17:00:00+01:00;5.4;35.37344522
1900-04-03 18:00:00+01:00;3.7;33.3291117
1900-04-03 19:00:00+01:00;2.1;31.33810604
1900-04-03 20:00:00+01:00;1.2;29.91398191
1900-04-03 21:00:00+01:00;1.1;28.74239127
1900-04-03 22:00:00+01:00;0.2;28.10488955
1900-04-03 23:00:00+01:00;-1;27.9711437
1900-04-04 00:00:00+01:00;-1;27.62228623
1900-04-04 01:00:00+01:00;-2;27.7915756
1900-04-04 02:00:00+01:00;-3;28.29336129
1900-04-04 03:00:00+01:00;-4.8;29.02624014
1900-04-04 04:00:00+01:00;-5.1;30.59879722
1900-04-04 05:00:00+01:00;-7.6;34.81523642
1900-04-04 06:00:00+01:00;-5.6;41.76326082
1900-04-04 07:00:00+01:00;-1.4;47.55133468
1900-04-04 08:00:00+01:00;-0.7;50.81536577
1900-04-04 09:00:00+01:00;1.1;50.67788805
1900-04-04 10:00:00+01:00;-0.7;52.00385129
1900-04-04 11:00:00+01:00;-1.5;52.53829744
1900-04-04 12:00:00+01:00;-1;52.29810885
1900-04-04 13:00:00+01:00;0.4;50.88250851
1900-04-04 14:00:00+01:00;0.1;50.43666001
1900-04-04 15:00:00+01:00;0.5;48.279977
1900-04-04 16:00:00+01:00;1.9;43.92601444
1900-04-04 17:00:00+01:00;2;39.78944848
1900-04-04 18:00:00+01:00;2.2;36.33282536
1900-04-04 19:00:00+01:00;2.2;33.48522532
1900-04-04 20:00:00+01:00;2.2;31.8076481
1900-04-04 21:00:00+01:00;2.2;30.58995604
1900-04-04 22:00:00+01:00;2;29.65184585
1900-04-04 23:00:00+01:00;1.9;29.17631311
1900-04-05 00:00:00+01:00;1.5;28.9499078
1900-04-05 01:00:00+01:00;0.9;29.05143358
1900-04-05 02:00:00+01:00;0.6;29.38290553
1900-04-05 03:00:00+01:00;0;29.79703224
1900-04-05 04:00:00+01:00;-0.3;31.12007029
1900-04-05 05:00:00+01:00;0;33.4106837
1900-04-05 06:00:00+01:00;0.4;39.63807612
1900-04-05 07:00:00+01:00;1;46.83330575
1900-04-05 08:00:00+01:00;2.8;49.0142812
1900-04-05 09:00:00+01:00;3.1;49.52175437
1900-04-05 10:00:00+01:00;6;47.60476555
1900-04-05 11:00:00+01:00;8.7;45.45633057
1900-04-05 12:00:00+01:00;11.1;43.05904002
1900-04-05 13:00:00+01:00;11.9;41.40060265
1900-04-05 14:00:00+01:00;13.1;38.92446182
1900-04-05 15:00:00+01:00;12.2;37.48184238
1900-04-05 16:00:00+01:00;11.8;35.58962056
1900-04-05 17:00:00+01:00;11;32.14393345
1900-04-05 18:00:00+01:00;9;30.53873659
1900-04-05 19:00:00+01:00;6.4;29.14139849
1900-04-05 20:00:00+01:00;4.8;27.93462902
1900-04-05 21:00:00+01:00;4.2;26.90624394
1900-04-05 22:00:00+01:00;1.6;26.68910372
1900-04-05 23:00:00+01:00;0.7;26.46404514
1900-04-06 00:00:00+01:00;-1.7;26.55815892
1900-04-06 01:00:00+01:00;-2.9;26.70608542
1900-04-06 02:00:00+01:00;-2.6;26.90817426
1900-04-06 03:00:00+01:00;-3.9;27.46538992
1900-04-06 04:00:00+01:00;-3.4;28.66763773
1900-04-06 05:00:00+01:00;-3.5;31.77608695
1900-04-06 06:00:00+01:00;-2;37.95520389
1900-04-06 07:00:00+01:00;0;44.16208511
1900-04-06 08:00:00+01:00;1.5;47.05352754
1900-04-06 09:00:00+01:00;2;47.67714744
1900-04-06 10:00:00+01:00;3.7;46.76366595
1900-04-06 11:00:00+01:00;5.5;45.63088819
1900-04-06 12:00:00+01:00;7.4;44.30082919
1900-04-06 13:00:00+01:00;6.9;44.07676811
1900-04-06 14:00:00+01:00;9.4;41.48460756
1900-04-06 15:00:00+01:00;11.2;38.50186078
1900-04-06 16:00:00+01:00;9.5;36.97769406
1900-04-06 17:00:00+01:00;7.6;34.71952782
1900-04-06 18:00:00+01:00;7.2;32.2884473
1900-04-06 19:00:00+01:00;4.7;30.77364246
1900-04-06 20:00:00+01:00;3;29.66294885
1900-04-06 21:00:00+01:00;2;28.77718037
1900-04-06 22:00:00+01:00;1.8;27.92241797
1900-04-06 23:00:00+01:00;-0.1;27.91122886
1900-04-07 00:00:00+01:00;-0.6;21.99167042
1900-04-07 01:00:00+01:00;0.5;21.70300826
1900-04-07 02:00:00+01:00;-2;22.28537241
1900-04-07 03:00:00+01:00;-2.1;22.37580216
1900-04-07 04:00:00+01:00;-2.4;23.15449122
1900-04-07 05:00:00+01:00;-1.2;23.55078361
1900-04-07 06:00:00+01:00;-0.6;23.71914533
1900-04-07 07:00:00+01:00;2;23.12054345
1900-04-07 08:00:00+01:00;3.5;22.96842866
1900-04-07 09:00:00+01:00;6.7;22.08167809
1900-04-07 10:00:00+01:00;8.5;21.24448932
1900-04-07 11:00:00+01:00;10.3;20.48844889
1900-04-07 12:00:00+01:00;9.4;21.17989244
1900-04-07 13:00:00+01:00;11.5;20.54099982
1900-04-07 14:00:00+01:00;10.4;20.6572508
1900-04-07 15:00:00+01:00;12;19.6938185
1900-04-07 16:00:00+01:00;11.1;19.76206997
1900-04-07 17:00:00+01:00;9.2;20.13779824
1900-04-07 18:00:00+01:00;7.8;20.29171374
1900-04-07 19:00:00+01:00;6.9;20.20174514
1900-04-07 20:00:00+01:00;5.7;20.25277095
1900-04-07 21:00:00+01:00;4.4;20.35784336
1900-04-07 22:00:00+01:00;4.4;20.03711921
1900-04-07 23:00:00+01:00;3.6;19.94093947
1900-04-08 00:00:00+01:00;3.1;19.88702606
1900-04-08 01:00:00+01:00;2.9;19.9460328
1900-04-08 02:00:00+01:00;2.5;19.95242474
1900-04-08 03:00:00+01:00;2.3;20.01399243
1900-04-08 04:00:00+01:00;1.8;20.62074082
1900-04-08 05:00:00+01:00;1.5;21.32564785
1900-04-08 06:00:00+01:00;2;21.49995948
1900-04-08 07:00:00+01:00;4;20.98386526
1900-04-08 08:00:00+01:00;4.3;21.20092235
1900-04-08 09:00:00+01:00;6.2;20.96700573
1900-04-08 10:00:00+01:00;7;20.70405845
1900-04-08 11:00:00+01:00;7.5;20.59183196
1900-04-08 12:00:00+01:00;8.6;20.59773256
1900-04-08 13:00:00+01:00;9;20.72503735
1900-04-08 14:00:00+01:00;11;19.674262
1900-04-08 15:00:00+01:00;10.4;19.66594521
1900-04-08 16:00:00+01:00;10.2;19.49709469
1900-04-08 17:00:00+01:00;9;19.62623
1900-04-08 18:00:00+01:00;6.7;20.12462643
1900-04-08 19:00:00+01:00;4.6;20.48553491
1900-04-08 20:00:00+01:00;3.4;20.54059193
1900-04-08 21:00:00+01:00;2.5;20.56513008
1900-04-08 22:00:00+01:00;1.9;20.41871941
1900-04-08 23:00:00+01:00;1.5;20.30743589
1900-04-09 00:00:00+01:00;1.2;25.9369808
1900-04-09 01:00:00+01:00;0.5;26.02007091
1900-04-09 02:00:00+01:00;1;26.18452913
1900-04-09 03:00:00+01:00;0.1;26.70196433
1900-04-09 04:00:00+01:00;-1.2;28.09633867
1900-04-09 05:00:00+01:00;-2.1;31.14146715
1900-04-09 06:00:00+01:00;-0.3;36.93513545
1900-04-09 07:00:00+01:00;2;42.88335129
1900-04-09 08:00:00+01:00;3.6;45.58573478
1900-04-09 09:00:00+01:00;3.5;46.57716287
1900-04-09 10:00:00+01:00;4.9;45.84432018
1900-04-09 11:00:00+01:00;7.2;44.3167476
1900-04-09 12:00:00+01:00;7.6;43.80263969
1900-04-09 13:00:00+01:00;9;42.21510389
1900-04-09 14:00:00+01:00;9.3;41.02587079
1900-04-09 15:00:00+01:00;6.9;41.00169405
1900-04-09 16:00:00+01:00;5.1;39.26394393
1900-04-09 17:00:00+01:00;3.1;36.55422187
1900-04-09 18:00:00+01:00;2.4;33.90223928
1900-04-09 19:00:00+01:00;1.7;31.55406713
1900-04-09 20:00:00+01:00;1;30.07918873
1900-04-09 21:00:00+01:00;0.2;29.08309075
1900-04-09 22:00:00+01:00;-1;28.50966607
1900-04-09 23:00:00+01:00;-0.7;28.0049501
1900-04-10 00:00:00+01:00;-2.3;27.98682109
1900-04-10 01:00:00+01:00;-3.1;28.11552548
1900-04-10 02:00:00+01:00;-3.3;28.4947188
1900-04-10 03:00:00+01:00;-2.5;28.76805672
1900-04-10 04:00:00+01:00;-4.1;30.42708412
1900-04-10 05:00:00+01:00;-3.6;33.42143202
1900-04-10 06:00:00+01:00;-0.8;39.19189167
1900-04-10 07:00:00+01:00;0.3;46.16893699
1900-04-10 08:00:00+01:00;1.8;48.85671208
1900-04-10 09:00:00+01:00;2.8;49.08967524
1900-04-10 10:00:00+01:00;3.9;48.50912025
1900-04-10 11:00:00+01:00;4.4;48.1209968
1900-04-10 12:00:00+01:00;5.8;46.95776981
1900-04-10 13:00:00+01:00;5.1;46.78200165
1900-04-10 14:00:00+01:00;5.8;45.39319854
1900-04-10 15:00:00+01:00;5.4;43.80050292
1900-04-10 16:00:00+01:00;4.6;41.15172486
1900-04-10 17:00:00+01:00;3.9;37.6100892
1900-04-10 18:00:00+01:00;2.2;35.15629006
1900-04-10 19:00:00+01:00;0;33.13057324
1900-04-10 20:00:00+01:00;-0.6;31.58083958
1900-04-10 21:00:00+01:00;-1;30.4186505
1900-04-10 22:00:00+01:00;-1.5;29.58643282
1900-04-10 23:00:00+01:00;-1.9;29.20557033
1900-04-11 00:00:00+01:00;-0.8;28.57624843
1900-04-11 01:00:00+01:00;0;28.34307044
1900-04-11 02:00:00+01:00;-0.6;28.689064
1900-04-11 03:00:00+01:00;-0.7;29.05154613
1900-04-11 04:00:00+01:00;-1.5;30.44544822
1900-04-11 05:00:00+01:00;-1.7;33.20054464
1900-04-11 06:00:00+01:00;-1.2;39.75917497
1900-04-11 07:00:00+01:00;0;46.72898995
1900-04-11 08:00:00+01:00;1.2;49.52775482
1900-04-11 09:00:00+01:00;1.7;50.08170415
1900-04-11 10:00:00+01:00;2.4;49.75188272
1900-04-11 11:00:00+01:00;3.2;49.12431406
1900-04-11 12:00:00+01:00;4;48.36322819
1900-04-11 13:00:00+01:00;5;46.9874047
1900-04-11 14:00:00+01:00;4.1;46.64960978
1900-04-11 15:00:00+01:00;4;44.82501018
1900-04-11 16:00:00+01:00;2.4;42.57751848
1900-04-11 17:00:00+01:00;2.1;38.63769397
1900-04-11 18:00:00+01:00;1.5;35.59315455
1900-04-11 19:00:00+01:00;1.8;32.65717341
1900-04-11 20:00:00+01:00;1.8;30.91320883
1900-04-11 21:00:00+01:00;1.2;29.80007891
1900-04-11 22:00:00+01:00;0.6;28.96505487
1900-04-11 23:00:00+01:00;0.6;28.45188433
1900-04-12 00:00:00+01:00;0.2;28.17196197
1900-04-12 01:00:00+01:00;-0.3;28.25414033
1900-04-12 02:00:00+01:00;-0.3;28.55300141
1900-04-12 03:00:00+01:00;-0.7;29.00708512
1900-04-12 04:00:00+01:00;0;30.18787857
1900-04-12 05:00:00+01:00;-0.5;32.84767507
1900-04-12 06:00:00+01:00;0.1;39.11960424
1900-04-12 07:00:00+01:00;1.6;45.77717253
1900-04-12 08:00:00+01:00;2.8;48.40166883
1900-04-12 09:00:00+01:00;3.7;48.56836447
1900-04-12 10:00:00+01:00;4.6;48.00049731
1900-04-12 11:00:00+01:00;6.7;46.44368504
1900-04-12 12:00:00+01:00;8;45.09127977
1900-04-12 13:00:00+01:00;9;43.57128519
1900-04-12 14:00:00+01:00;9.4;41.99547243
1900-04-12 15:00:00+01:00;9.6;39.89557056
1900-04-12 16:00:00+01:00;9.2;37.21155435
1900-04-12 17:00:00+01:00;8;34.34175883
1900-04-12 18:00:00+01:00;7;32.02310018
1900-04-12 19:00:00+01:00;5.1;30.23182926
1900-04-12 20:00:00+01:00;2.6;29.2887428
1900-04-12 21:00:00+01:00;3;27.95466537
1900-04-12 22:00:00+01:00;1.8;27.34039722
1900-04-12 23:00:00+01:00;2;26.82493455
1900-04-13 00:00:00+01:00;1.7;26.47415659
1900-04-13 01:00:00+01:00;0.7;26.5702593
1900-04-13 02:00:00+01:00;-0.3;26.97085555
1900-04-13 03:00:00+01:00;0.7;27.12425174
1900-04-13 04:00:00+01:00;0.4;28.30081545
1900-04-13 05:00:00+01:00;-1.5;31.35578477
1900-04-13 06:00:00+01:00;2;36.20486838
1900-04-13 07:00:00+01:00;3;42.60782914
1900-04-13 08:00:00+01:00;5.6;44.5197765
1900-04-13 09:00:00+01:00;6.4;44.72111542
1900-04-13 10:00:00+01:00;7.7;43.88398634
1900-04-13 11:00:00+01:00;8.9;42.92898075
1900-04-13 12:00:00+01:00;10;41.83947064
1900-04-13 13:00:00+01:00;10;41.10914449
1900-04-13 14:00:00+01:00;11.5;38.96638388
1900-04-13 15:00:00+01:00;10.2;38.13800034
1900-04-13 16:00:00+01:00;9.6;35.84201264
1900-04-13 17:00:00+01:00;10;32.36062977
1900-04-13 18:00:00+01:00;8.6;30.58574233
1900-04-13 19:00:00+01:00;7.5;28.74526769
1900-04-13 20:00:00+01:00;6.5;27.37767076
1900-04-13 21:00:00+01:00;4.4;26.78414907
1900-04-13 22:00:00+01:00;4.5;25.87447528
1900-04-13 23:00:00+01:00;3.9;25.56480716
1900-04-14 00:00:00+01:00;2.9;19.73678238
1900-04-14 01:00:00+01:00;2.6;19.8211616
1900-04-14 02:00:00+01:00;3;19.65148996
1900-04-14 03:00:00+01:00;3.2;19.65913451
1900-04-14 04:00:00+01:00;1.7;20.55309019
1900-04-14 05:00:00+01:00;2;21.07028707
1900-04-14 06:00:00+01:00;2.8;21.17806214
1900-04-14 07:00:00+01:00;4.8;20.67470876
1900-04-14 08:00:00+01:00;4.8;21.01667799
1900-04-14 09:00:00+01:00;5.1;21.35185075
1900-04-14 10:00:00+01:00;5.4;21.33239031
1900-04-14 11:00:00+01:00;8.4;20.20954583
1900-04-14 12:00:00+01:00;10.8;19.63765761
1900-04-14 13:00:00+01:00;12.7;19.11044529
1900-04-14 14:00:00+01:00;12.5;18.89159059
1900-04-14 15:00:00+01:00;14;17.9622819
1900-04-14 16:00:00+01:00;11.8;18.51835299
1900-04-14 17:00:00+01:00;9.9;18.94111535
1900-04-14 18:00:00+01:00;8.5;19.0806991
1900-04-14 19:00:00+01:00;7.7;19.02072411
1900-04-14 20:00:00+01:00;6.6;19.06538765
1900-04-14 21:00:00+01:00;3.8;19.6710069
1900-04-14 22:00:00+01:00;2.7;19.6784031
1900-04-14 23:00:00+01:00;1.6;19.74247136
1900-04-15 00:00:00+01:00;0.9;19.99229233
1900-04-15 01:00:00+01:00;0.2;20.2312768
1900-04-15 02:00:00+01:00;-1;20.53833339
1900-04-15 03:00:00+01:00;-1.2;20.78233805
1900-04-15 04:00:00+01:00;-2;21.65017474
1900-04-15 05:00:00+01:00;0;22.00401064
1900-04-15 06:00:00+01:00;1;22.11660405
1900-04-15 07:00:00+01:00;1.4;22.2277294
1900-04-15 08:00:00+01:00;2.7;22.216935
1900-04-15 09:00:00+01:00;5.9;21.52130145
1900-04-15 10:00:00+01:00;8.3;20.54327489
1900-04-15 11:00:00+01:00;10.3;19.76930367
1900-04-15 12:00:00+01:00;15;15.17148605
1900-04-15 13:00:00+01:00;14.9;15.41692629
1900-04-15 14:00:00+01:00;15.8;15.343348
1900-04-15 15:00:00+01:00;13.4;18.4531746
1900-04-15 16:00:00+01:00;13.4;18.14081837
1900-04-15 17:00:00+01:00;12.8;18.01719427
1900-04-15 18:00:00+01:00;10;18.70294229
1900-04-15 19:00:00+01:00;7.9;19.1399616
1900-04-15 20:00:00+01:00;5.8;19.52798081
1900-04-15 21:00:00+01:00;4.7;19.60264417
1900-04-15 22:00:00+01:00;3.4;19.64405943
1900-04-15 23:00:00+01:00;3;19.48603676
1900-04-16 00:00:00+01:00;1.4;25.32826563
1900-04-16 01:00:00+01:00;2.7;24.9234377
1900-04-16 02:00:00+01:00;2.8;25.00903155
1900-04-16 03:00:00+01:00;2.7;25.25047995
1900-04-16 04:00:00+01:00;2.5;26.09534484
1900-04-16 05:00:00+01:00;2.5;28.16773897
1900-04-16 06:00:00+01:00;2.5;33.71129471
1900-04-16 07:00:00+01:00;2.4;40.20943622
1900-04-16 08:00:00+01:00;3.3;43.47080667
1900-04-16 09:00:00+01:00;5.4;43.14544023
1900-04-16 10:00:00+01:00;6.7;42.44891192
1900-04-16 11:00:00+01:00;8;41.60503322
1900-04-16 12:00:00+01:00;5.8;43.12220208
1900-04-16 13:00:00+01:00;5.7;42.87489239
1900-04-16 14:00:00+01:00;6.5;41.85405159
1900-04-16 15:00:00+01:00;6.1;40.59902878
1900-04-16 16:00:00+01:00;6.8;37.37600352
1900-04-16 17:00:00+01:00;7.3;33.68714677
1900-04-16 18:00:00+01:00;7.5;31.1471089
1900-04-16 19:00:00+01:00;7.6;28.90726163
1900-04-16 20:00:00+01:00;7.4;27.37617607
1900-04-16 21:00:00+01:00;6.2;26.5886765
1900-04-16 22:00:00+01:00;5;26.02188502
1900-04-16 23:00:00+01:00;4;25.82704002
1900-04-17 00:00:00+01:00;5.7;25.04326009
1900-04-17 01:00:00+01:00;3.9;25.31973512
1900-04-17 02:00:00+01:00;4.5;25.42420099
1900-04-17 03:00:00+01:00;3.7;25.90111344
1900-04-17 04:00:00+01:00;4;26.81406613
1900-04-17 05:00:00+01:00;4.6;28.53148872
1900-04-17 06:00:00+01:00;5.5;33.43253478
1900-04-17 07:00:00+01:00;7.3;38.85457975
1900-04-17 08:00:00+01:00;8.3;41.4638349
1900-04-17 09:00:00+01:00;10.7;40.58562658
1900-04-17 10:00:00+01:00;11.6;39.94088774
1900-04-17 11:00:00+01:00;12.5;38.80602785
1900-04-17 12:00:00+01:00;14.3;34.75000235
1900-04-17 13:00:00+01:00;14;34.2732785
1900-04-17 14:00:00+01:00;13.7;33.57536173
1900-04-17 15:00:00+01:00;13.5;32.06362583
1900-04-17 16:00:00+01:00;12.4;32.95035384
1900-04-17 17:00:00+01:00;11.7;29.92797893
1900-04-17 18:00:00+01:00;9.1;28.48389989
1900-04-17 19:00:00+01:00;8.4;26.75389704
1900-04-17 20:00:00+01:00;9.2;24.92128579
1900-04-17 21:00:00+01:00;8.1;24.14438335
1900-04-17 22:00:00+01:00;7.2;23.57310658
1900-04-17 23:00:00+01:00;6.8;23.24213894
1900-04-18 00:00:00+01:00;6.4;22.90253599
1900-04-18 01:00:00+01:00;5;23.02422238
1900-04-18 02:00:00+01:00;5.9;22.991958
1900-04-18 03:00:00+01:00;4.8;23.44360226
1900-04-18 04:00:00+01:00;5.3;24.07724991
1900-04-18 05:00:00+01:00;4.7;25.99048645
1900-04-18 06:00:00+01:00;5.4;30.71920434
1900-04-18 07:00:00+01:00;7.2;35.79864752
1900-04-18 08:00:00+01:00;7.9;39.07288024
1900-04-18 09:00:00+01:00;8.2;39.83327641
1900-04-18 10:00:00+01:00;8.9;39.53925017
1900-04-18 11:00:00+01:00;10.1;38.77375889
1900-04-18 12:00:00+01:00;10.6;38.44180768
1900-04-18 13:00:00+01:00;12.6;36.61313899
1900-04-18 14:00:00+01:00;9.7;37.80382967
1900-04-18 15:00:00+01:00;11;35.4018876
1900-04-18 16:00:00+01:00;10.5;33.25684228
1900-04-18 17:00:00+01:00;9.5;30.63384242
1900-04-18 18:00:00+01:00;6.3;29.8063022
1900-04-18 19:00:00+01:00;6;27.81170584
1900-04-18 20:00:00+01:00;5;26.54017914
1900-04-18 21:00:00+01:00;4.6;25.58197234
1900-04-18 22:00:00+01:00;4.6;24.84386334
1900-04-18 23:00:00+01:00;4.2;24.58758693
1900-04-19 00:00:00+01:00;3.6;24.34707355
1900-04-19 01:00:00+01:00;3.7;24.25636754
1900-04-19 02:00:00+01:00;3.5;24.53250045
1900-04-19 03:00:00+01:00;3.4;24.91059449
1900-04-19 04:00:00+01:00;3.4;25.87053314
1900-04-19 05:00:00+01:00;4;27.73470122
1900-04-19 06:00:00+01:00;4.1;33.09654821
1900-04-19 07:00:00+01:00;4.1;39.63869224
1900-04-19 08:00:00+01:00;3.3;43.92392233
1900-04-19 09:00:00+01:00;5.5;43.59997901
1900-04-19 10:00:00+01:00;6.7;42.98920546
1900-04-19 11:00:00+01:00;8;42.134441
1900-04-19 12:00:00+01:00;5.8;43.47148356
1900-04-19 13:00:00+01:00;8.6;41.18766337
1900-04-19 14:00:00+01:00;8.8;40.17581071
1900-04-19 15:00:00+01:00;8.8;38.54233489
1900-04-19 16:00:00+01:00;8.2;36.2195245
1900-04-19 17:00:00+01:00;8.8;32.53154527
1900-04-19 18:00:00+01:00;7.9;30.49891945
1900-04-19 19:00:00+01:00;6.6;28.74293794
1900-04-19 20:00:00+01:00;5;27.59162098
1900-04-19 21:00:00+01:00;3;26.99164761
1900-04-19 22:00:00+01:00;2.9;26.209432
1900-04-19 23:00:00+01:00;2.6;25.88367183
1900-04-20 00:00:00+01:00;3;25.41459371
1900-04-20 01:00:00+01:00;3;25.36323917
1900-04-20 02:00:00+01:00;2.8;25.63937855
1900-04-20 03:00:00+01:00;2.4;26.07763146
1900-04-20 04:00:00+01:00;2.4;27.13373376
1900-04-20 05:00:00+01:00;2.5;29.32389778
1900-04-20 06:00:00+01:00;2.9;34.93848732
1900-04-20 07:00:00+01:00;3.2;41.56674537
1900-04-20 08:00:00+01:00;3.5;44.96896526
1900-04-20 09:00:00+01:00;3.3;46.02879333
1900-04-20 10:00:00+01:00;3.2;46.23152359
1900-04-20 11:00:00+01:00;4;45.72542137
1900-04-20 12:00:00+01:00;4.5;45.30932505
1900-04-20 13:00:00+01:00;7.4;42.84883707
1900-04-20 14:00:00+01:00;8;41.54281456
1900-04-20 15:00:00+01:00;9.5;38.75316472
1900-04-20 16:00:00+01:00;6.7;37.75616495
1900-04-20 17:00:00+01:00;6.2;34.45179584
1900-04-20 18:00:00+01:00;6.6;31.67792748
1900-04-20 19:00:00+01:00;4.7;30.01475005
1900-04-20 20:00:00+01:00;3.6;28.7107524
1900-04-20 21:00:00+01:00;4.5;27.28964763
1900-04-20 22:00:00+01:00;3.7;26.61753135
1900-04-20 23:00:00+01:00;4;26.11098793
1900-04-21 00:00:00+01:00;4.8;19.73395254
1900-04-21 01:00:00+01:00;2.1;20.52165507
1900-04-21 02:00:00+01:00;2;20.56833327
1900-04-21 03:00:00+01:00;2.3;20.60618798
1900-04-21 04:00:00+01:00;2.6;21.17109493
1900-04-21 05:00:00+01:00;2.8;21.62621679
1900-04-21 06:00:00+01:00;3;21.91581125
1900-04-21 07:00:00+01:00;3.4;22.03489037
1900-04-21 08:00:00+01:00;4.3;22.08032323
1900-04-21 09:00:00+01:00;4.8;22.23884939
1900-04-21 10:00:00+01:00;7;21.34231425
1900-04-21 11:00:00+01:00;7.3;21.18314637
1900-04-21 12:00:00+01:00;8.5;21.05433848
1900-04-21 13:00:00+01:00;10.4;20.49695513
1900-04-21 14:00:00+01:00;10.2;20.26612077
1900-04-21 15:00:00+01:00;8.9;20.50199702
1900-04-21 16:00:00+01:00;9.3;20.03625758
1900-04-21 17:00:00+01:00;8;20.1544735
1900-04-21 18:00:00+01:00;6.3;20.40261273
1900-04-21 19:00:00+01:00;5.5;20.24818713
1900-04-21 20:00:00+01:00;5;20.04268069
1900-04-21 21:00:00+01:00;4.9;19.82807857
1900-04-21 22:00:00+01:00;5;19.52661148
1900-04-21 23:00:00+01:00;4.2;19.51583538
1900-04-22 00:00:00+01:00;4;19.47335034
1900-04-22 01:00:00+01:00;4.5;19.35882363
1900-04-22 02:00:00+01:00;5;19.20702528
1900-04-22 03:00:00+01:00;4.2;19.46224646
1900-04-22 04:00:00+01:00;5;19.78237974
1900-04-22 05:00:00+01:00;4.5;20.33408037
1900-04-22 06:00:00+01:00;5.5;20.30941966
1900-04-22 07:00:00+01:00;8;19.6417652
1900-04-22 08:00:00+01:00;9.2;19.45965212
1900-04-22 09:00:00+01:00;11.4;18.77571601
1900-04-22 10:00:00+01:00;13.2;17.82470124
1900-04-22 11:00:00+01:00;15.6;14.63043698
1900-04-22 12:00:00+01:00;16.5;15.17148605
1900-04-22 13:00:00+01:00;16.6;15.41692629
1900-04-22 14:00:00+01:00;17.6;15.343348
1900-04-22 15:00:00+01:00;18.1;15.12631215
1900-04-22 16:00:00+01:00;17.8;14.95120949
1900-04-22 17:00:00+01:00;19;14.7078508
1900-04-22 18:00:00+01:00;17;14.31524265
1900-04-22 19:00:00+01:00;16.2;14.12402338
1900-04-22 20:00:00+01:00;12.1;15.26811612
1900-04-22 21:00:00+01:00;10;15.65855269
1900-04-22 22:00:00+01:00;7.4;16.16825535
1900-04-22 23:00:00+01:00;5.6;16.39510681
1900-04-23 00:00:00+01:00;4.2;22.12798737
1900-04-23 01:00:00+01:00;3;22.17198066
1900-04-23 02:00:00+01:00;2.4;22.39364978
1900-04-23 03:00:00+01:00;1.2;22.85308526
1900-04-23 04:00:00+01:00;1.6;23.5928777
1900-04-23 05:00:00+01:00;0.9;26.13078181
1900-04-23 06:00:00+01:00;2.3;31.09642416
1900-04-23 07:00:00+01:00;6.9;34.76737942
1900-04-23 08:00:00+01:00;7.5;38.27689271
1900-04-23 09:00:00+01:00;10.8;37.20895595
1900-04-23 10:00:00+01:00;13.8;34.71773211
1900-04-23 11:00:00+01:00;15.3;34.89933184
1900-04-23 12:00:00+01:00;15.1;34.75000235
1900-04-23 13:00:00+01:00;13.2;35.07877746
1900-04-23 14:00:00+01:00;14.2;33.57536173
1900-04-23 15:00:00+01:00;13;33.120823
1900-04-23 16:00:00+01:00;10.5;32.51434849
1900-04-23 17:00:00+01:00;9.8;29.92600876
1900-04-23 18:00:00+01:00;9.4;28.2490338
1900-04-23 19:00:00+01:00;8.7;26.72751929
1900-04-23 20:00:00+01:00;9.2;25.09250179
1900-04-23 21:00:00+01:00;7.7;24.50784595
1900-04-23 22:00:00+01:00;7;23.93336944
1900-04-23 23:00:00+01:00;6.4;23.68608514
1900-04-24 00:00:00+01:00;6;23.33181365
1900-04-24 01:00:00+01:00;5.6;23.25459397
1900-04-24 02:00:00+01:00;5.4;23.3836405
1900-04-24 03:00:00+01:00;4.7;23.71931943
1900-04-24 04:00:00+01:00;4.9;24.37172043
1900-04-24 05:00:00+01:00;5.2;25.95346329
1900-04-24 06:00:00+01:00;6;30.44864892
1900-04-24 07:00:00+01:00;6.2;36.33006049
1900-04-24 08:00:00+01:00;7;39.61545393
1900-04-24 09:00:00+01:00;7.4;40.3713735
1900-04-24 10:00:00+01:00;9.6;39.23191305
1900-04-24 11:00:00+01:00;8.3;40.11219922
1900-04-24 12:00:00+01:00;11.3;38.25522171
1900-04-24 13:00:00+01:00;9.7;38.78382153
1900-04-24 14:00:00+01:00;11.3;36.94681984
1900-04-24 15:00:00+01:00;11.5;35.27237738
1900-04-24 16:00:00+01:00;10.9;33.1612636
1900-04-24 17:00:00+01:00;11.6;30.17003711
1900-04-24 18:00:00+01:00;8.7;28.89020683
1900-04-24 19:00:00+01:00;8;27.14350301
1900-04-24 20:00:00+01:00;6.8;25.95110423
1900-04-24 21:00:00+01:00;5.9;25.134026
1900-04-24 22:00:00+01:00;5.3;24.53651238
1900-04-24 23:00:00+01:00;4.3;24.4109912
1900-04-25 00:00:00+01:00;5.4;23.78607379
1900-04-25 01:00:00+01:00;5.3;23.73135441
1900-04-25 02:00:00+01:00;5.3;23.92456631
1900-04-25 03:00:00+01:00;3.9;24.49184326
1900-04-25 04:00:00+01:00;2.5;25.64607821
1900-04-25 05:00:00+01:00;3.2;27.63529572
1900-04-25 06:00:00+01:00;3.9;32.82983944
1900-04-25 07:00:00+01:00;6;38.13082014
1900-04-25 08:00:00+01:00;7.1;41.07683103
1900-04-25 09:00:00+01:00;8.4;41.08204986
1900-04-25 10:00:00+01:00;10.6;39.77709223
1900-04-25 11:00:00+01:00;10.9;39.36470762
1900-04-25 12:00:00+01:00;12.2;38.27553785
1900-04-25 13:00:00+01:00;14;34.2732785
1900-04-25 14:00:00+01:00;12.4;36.36193063
1900-04-25 15:00:00+01:00;13.6;32.06362583
1900-04-25 16:00:00+01:00;10.4;33.55103074
1900-04-25 17:00:00+01:00;5.5;32.85324914
1900-04-25 18:00:00+01:00;3.4;31.25787465
1900-04-25 19:00:00+01:00;3.6;28.92739625
1900-04-25 20:00:00+01:00;3.4;27.34818569
1900-04-25 21:00:00+01:00;3;26.32902071
1900-04-25 22:00:00+01:00;2.7;25.63115955
1900-04-25 23:00:00+01:00;2.6;25.25984688
1900-04-26 00:00:00+01:00;2.2;24.96940366
1900-04-26 01:00:00+01:00;1.4;25.08626063
1900-04-26 02:00:00+01:00;1.4;25.36188285
1900-04-26 03:00:00+01:00;1.3;25.75240686
1900-04-26 04:00:00+01:00;0.8;26.88029844
1900-04-26 05:00:00+01:00;0.8;29.33620953
1900-04-26 06:00:00+01:00;0.8;35.38844819
1900-04-26 07:00:00+01:00;2.6;41.37541082
1900-04-26 08:00:00+01:00;3.2;44.8404962
1900-04-26 09:00:00+01:00;5;44.75576227
1900-04-26 10:00:00+01:00;5;44.98316415
1900-04-26 11:00:00+01:00;7;43.76581906
1900-04-26 12:00:00+01:00;8.4;42.76632539
1900-04-26 13:00:00+01:00;7.7;42.73491727
1900-04-26 14:00:00+01:00;7.6;42.0067594
1900-04-26 15:00:00+01:00;6.9;40.90149148
1900-04-26 16:00:00+01:00;8.4;37.11613515
1900-04-26 17:00:00+01:00;8.1;33.80171615
1900-04-26 18:00:00+01:00;6.5;31.82823297
1900-04-26 19:00:00+01:00;5.2;29.88789492
1900-04-26 20:00:00+01:00;3.3;28.79393185
1900-04-26 21:00:00+01:00;2.2;27.90631709
1900-04-26 22:00:00+01:00;1.7;27.17260481
1900-04-26 23:00:00+01:00;1.3;26.84357041
1900-04-27 00:00:00+01:00;1;26.52979664
1900-04-27 01:00:00+01:00;-0.1;26.68477931
1900-04-27 02:00:00+01:00;-0.5;27.02556804
1900-04-27 03:00:00+01:00;-1.4;27.5528383
1900-04-27 04:00:00+01:00;-1.7;28.86473491
1900-04-27 05:00:00+01:00;-0.3;31.23414696
1900-04-27 06:00:00+01:00;0.7;37.12461751
1900-04-27 07:00:00+01:00;1.6;43.8140101
1900-04-27 08:00:00+01:00;4;45.96123099
1900-04-27 09:00:00+01:00;4.1;46.7374152
1900-04-27 10:00:00+01:00;5.2;46.11063565
1900-04-27 11:00:00+01:00;3.8;46.87841456
1900-04-27 12:00:00+01:00;2.4;47.74932722
1900-04-27 13:00:00+01:00;0.4;48.60337048
1900-04-27 14:00:00+01:00;0.4;48.15358545
1900-04-27 15:00:00+01:00;0.1;46.62706108
1900-04-27 16:00:00+01:00;1.1;42.66344712
1900-04-27 17:00:00+01:00;0.3;38.94284596
1900-04-27 18:00:00+01:00;1;35.41237759
1900-04-27 19:00:00+01:00;0.6;32.82914112
1900-04-27 20:00:00+01:00;0.7;31.12381187
1900-04-27 21:00:00+01:00;0;30.09752318
1900-04-27 22:00:00+01:00;0.3;29.11242408
1900-04-27 23:00:00+01:00;-0.3;28.81295604
1900-04-28 00:00:00+01:00;-2;23.2123381
1900-04-28 01:00:00+01:00;-2.4;23.43385511
1900-04-28 02:00:00+01:00;-3;23.62148541
1900-04-28 03:00:00+01:00;-3.5;23.88629827
1900-04-28 04:00:00+01:00;-4.3;24.98667382
1900-04-28 05:00:00+01:00;-2.8;25.38262879
1900-04-28 06:00:00+01:00;-1.5;25.38336137
1900-04-28 07:00:00+01:00;-0.1;25.37224712
1900-04-28 08:00:00+01:00;0.9;25.52921305
1900-04-28 09:00:00+01:00;2.3;25.40101882
1900-04-28 10:00:00+01:00;3.4;25.04013359
1900-04-28 11:00:00+01:00;4.7;24.5233112
1900-04-28 12:00:00+01:00;6.4;24.23579752
1900-04-28 13:00:00+01:00;6.6;24.30505932
1900-04-28 14:00:00+01:00;9.5;22.63475909
1900-04-28 15:00:00+01:00;8.1;22.6577554
1900-04-28 16:00:00+01:00;7.1;22.72478644
1900-04-28 17:00:00+01:00;7.1;22.20176107
1900-04-28 18:00:00+01:00;6.6;21.93998144
1900-04-28 19:00:00+01:00;5.7;21.75005046
1900-04-28 20:00:00+01:00;5.2;21.5798575
1900-04-28 21:00:00+01:00;4;21.62389344
1900-04-28 22:00:00+01:00;4;21.27630759
1900-04-28 23:00:00+01:00;3.5;21.10610281
1900-04-29 00:00:00+01:00;3.1;20.89460613
1900-04-29 01:00:00+01:00;3.1;20.87901327
1900-04-29 02:00:00+01:00;3.1;20.80030156
1900-04-29 03:00:00+01:00;3;20.79449093
1900-04-29 04:00:00+01:00;2.6;21.40439613
1900-04-29 05:00:00+01:00;3.2;21.59206328
1900-04-29 06:00:00+01:00;3.3;21.81353718
1900-04-29 07:00:00+01:00;4.4;21.62630534
1900-04-29 08:00:00+01:00;4.4;21.88693651
1900-04-29 09:00:00+01:00;4.8;22.06833914
1900-04-29 10:00:00+01:00;4;22.4050286
1900-04-29 11:00:00+01:00;3.8;22.50577567
1900-04-29 12:00:00+01:00;4.5;22.77476941
1900-04-29 13:00:00+01:00;4.3;23.07808524
1900-04-29 14:00:00+01:00;4.4;22.95151096
1900-04-29 15:00:00+01:00;4.6;22.59818297
1900-04-29 16:00:00+01:00;5;22.24938439
1900-04-29 17:00:00+01:00;5.3;21.75387574
1900-04-29 18:00:00+01:00;5.7;21.20712468
1900-04-29 19:00:00+01:00;5.2;20.95535216
1900-04-29 20:00:00+01:00;5.1;20.68517084
1900-04-29 21:00:00+01:00;3.8;20.83387712
1900-04-29 22:00:00+01:00;2.7;20.84349999
1900-04-29 23:00:00+01:00;1.7;20.87771414
1900-04-30 00:00:00+01:00;1.3;26.56954824
1900-04-30 01:00:00+01:00;1.1;26.59176633
1900-04-30 02:00:00+01:00;1.5;26.81747442
1900-04-30 03:00:00+01:00;1.4;27.24466844
1900-04-30 04:00:00+01:00;0.4;28.61760602
1900-04-30 05:00:00+01:00;0.2;31.23224762
1900-04-30 06:00:00+01:00;1.6;36.93892454
1900-04-30 07:00:00+01:00;3.6;43.05505451
1900-04-30 08:00:00+01:00;4.8;45.74799328
1900-04-30 09:00:00+01:00;7.7;44.67318425
1900-04-30 10:00:00+01:00;9.6;43.40594548
1900-04-30 11:00:00+01:00;12.3;41.33847906
1900-04-30 12:00:00+01:00;12.6;39.91542122
1900-04-30 13:00:00+01:00;14.4;34.2732785
1900-04-30 14:00:00+01:00;14.6;33.57536173
1900-04-30 15:00:00+01:00;14.8;32.06362583
1900-04-30 16:00:00+01:00;16;31.62595982
1900-04-30 17:00:00+01:00;12.9;30.92030709
1900-04-30 18:00:00+01:00;12;28.33097819
1900-04-30 19:00:00+01:00;8.9;27.39236561
1900-04-30 20:00:00+01:00;7.8;26.10187937
1900-04-30 21:00:00+01:00;7.2;25.13003968
1900-04-30 22:00:00+01:00;6.1;24.5472913
1900-04-30 23:00:00+01:00;5;24.34072845
1900-05-01 00:00:00+01:00;4.7;23.91666785
1900-05-01 01:00:00+01:00;2;24.26879192
1900-05-01 02:00:00+01:00;1.2;24.55269347
1900-05-01 03:00:00+01:00;1.2;24.82767692
1900-05-01 04:00:00+01:00;-1;26.12611766
1900-05-01 05:00:00+01:00;2.1;27.76533461
1900-05-01 06:00:00+01:00;3;32.89545596
1900-05-01 07:00:00+01:00;4.1;38.65911018
1900-05-01 08:00:00+01:00;6.3;41.09069785
1900-05-01 09:00:00+01:00;6.6;41.80948963
1900-05-01 10:00:00+01:00;8.1;40.99378107
1900-05-01 11:00:00+01:00;7.4;41.43529059
1900-05-01 12:00:00+01:00;9;40.43282845
1900-05-01 13:00:00+01:00;9.2;39.85792645
1900-05-01 14:00:00+01:00;9.8;38.7303809
1900-05-01 15:00:00+01:00;9.8;37.22712513
1900-05-01 16:00:00+01:00;10.4;34.38210274
1900-05-01 17:00:00+01:00;7.5;32.73625917
1900-05-01 18:00:00+01:00;6;31.02983368
1900-05-01 19:00:00+01:00;5.7;28.9356907
1900-05-01 20:00:00+01:00;5.3;27.47551536
1900-05-01 21:00:00+01:00;4.6;26.58695647
1900-05-01 22:00:00+01:00;5;25.69543795
1900-05-01 23:00:00+01:00;4.2;25.49535978
1900-05-02 00:00:00+01:00;3.5;25.28854015
1900-05-02 01:00:00+01:00;3.3;25.23257633
1900-05-02 02:00:00+01:00;2.3;25.59157608
1900-05-02 03:00:00+01:00;1.8;25.98749392
1900-05-02 04:00:00+01:00;0.2;27.22984696
1900-05-02 05:00:00+01:00;0.6;29.62674072
1900-05-02 06:00:00+01:00;2;35.04079386
1900-05-02 07:00:00+01:00;2.9;41.36712245
1900-05-02 08:00:00+01:00;3.9;44.51435358
1900-05-02 09:00:00+01:00;5;44.76626833
1900-05-02 10:00:00+01:00;4.8;45.03162565
1900-05-02 11:00:00+01:00;4.8;44.95603752
1900-05-02 12:00:00+01:00;5.4;44.54294176
1900-05-02 13:00:00+01:00;5.5;43.95437123
1900-05-02 14:00:00+01:00;6.5;42.55146823
1900-05-02 15:00:00+01:00;6.3;41.01790598
1900-05-02 16:00:00+01:00;6.7;37.89424274
1900-05-02 17:00:00+01:00;6.4;34.45802633
1900-05-02 18:00:00+01:00;5.7;32.08193387
1900-05-02 19:00:00+01:00;6.1;29.59224149
1900-05-02 20:00:00+01:00;6;28.01019549
1900-05-02 21:00:00+01:00;5.8;26.94109532
1900-05-02 22:00:00+01:00;5.4;26.2012364
1900-05-02 23:00:00+01:00;5.2;25.83965176
1900-05-03 00:00:00+01:00;5.2;25.48730032
1900-05-03 01:00:00+01:00;5.2;25.44333778
1900-05-03 02:00:00+01:00;5;25.68546758
1900-05-03 03:00:00+01:00;5;26.01489962
1900-05-03 04:00:00+01:00;4.7;26.94384352
1900-05-03 05:00:00+01:00;5.1;28.55885922
1900-05-03 06:00:00+01:00;5.7;33.51912886
1900-05-03 07:00:00+01:00;6;39.7981088
1900-05-03 08:00:00+01:00;6.5;42.84260121
1900-05-03 09:00:00+01:00;6.8;43.39095494
1900-05-03 10:00:00+01:00;7.4;42.98203142
1900-05-03 11:00:00+01:00;7.8;42.48105148
1900-05-03 12:00:00+01:00;8.9;41.45882969
1900-05-03 13:00:00+01:00;10;39.96643617
1900-05-03 14:00:00+01:00;10.2;38.77730093
1900-05-03 15:00:00+01:00;10;37.16123852
1900-05-03 16:00:00+01:00;9.6;34.7061274
1900-05-03 17:00:00+01:00;8.1;32.11159853
1900-05-03 18:00:00+01:00;7.8;29.85782295
1900-05-03 19:00:00+01:00;7;27.99317964
1900-05-03 20:00:00+01:00;6.2;26.61355053
1900-05-03 21:00:00+01:00;6.2;25.51080341
1900-05-03 22:00:00+01:00;5.9;24.78728419
1900-05-03 23:00:00+01:00;6.5;24.25162599
1900-05-04 00:00:00+01:00;6.8;23.80198836
1900-05-04 01:00:00+01:00;7;23.68790059
1900-05-04 02:00:00+01:00;6.8;23.89971375
1900-05-04 03:00:00+01:00;7;24.20389631
1900-05-04 04:00:00+01:00;6.9;24.97578603
1900-05-04 05:00:00+01:00;7.3;26.33184796
1900-05-04 06:00:00+01:00;7.4;31.02478839
1900-05-04 07:00:00+01:00;7.9;36.81086787
1900-05-04 08:00:00+01:00;10;38.96443446
1900-05-04 09:00:00+01:00;11.5;38.65372569
1900-05-04 10:00:00+01:00;12.2;37.90811185
1900-05-04 11:00:00+01:00;12.2;37.83573093
1900-05-04 12:00:00+01:00;13.1;34.75000235
1900-05-04 13:00:00+01:00;13.5;34.2732785
1900-05-04 14:00:00+01:00;13.8;33.57536173
1900-05-04 15:00:00+01:00;12.9;33.64665465
1900-05-04 16:00:00+01:00;11.7;32.58667188
1900-05-04 17:00:00+01:00;11.5;29.44443044
1900-05-04 18:00:00+01:00;11.2;27.19444176
1900-05-04 19:00:00+01:00;10.2;25.68881838
1900-05-04 20:00:00+01:00;9.7;24.22510383
1900-05-04 21:00:00+01:00;8.5;23.47611238
1900-05-04 22:00:00+01:00;8.5;22.7068528
1900-05-04 23:00:00+01:00;7.6;22.54139404
1900-05-05 00:00:00+01:00;7.2;16.62081431
1900-05-05 01:00:00+01:00;6.1;16.93699409
1900-05-05 02:00:00+01:00;5.8;17.00631531
1900-05-05 03:00:00+01:00;6.4;16.98643512
1900-05-05 04:00:00+01:00;7.4;17.1036461
1900-05-05 05:00:00+01:00;8.2;17.30650458
1900-05-05 06:00:00+01:00;9;17.36084553
1900-05-05 07:00:00+01:00;9;17.40889377
1900-05-05 08:00:00+01:00;10.5;17.19527556
1900-05-05 09:00:00+01:00;11.8;17.04825011
1900-05-05 10:00:00+01:00;13.2;16.39966469
1900-05-05 11:00:00+01:00;12.4;16.76059854
1900-05-05 12:00:00+01:00;14.4;16.26325889
1900-05-05 13:00:00+01:00;14.6;16.43320339
1900-05-05 14:00:00+01:00;14.5;16.24406757
1900-05-05 15:00:00+01:00;13.7;16.37506416
1900-05-05 16:00:00+01:00;13.5;16.10723263
1900-05-05 17:00:00+01:00;14.2;15.49382857
1900-05-05 18:00:00+01:00;13;15.51038884
1900-05-05 19:00:00+01:00;11.5;15.83243622
1900-05-05 20:00:00+01:00;10;15.99887283
1900-05-05 21:00:00+01:00;8.6;16.24825362
1900-05-05 22:00:00+01:00;8.5;16.14501924
1900-05-05 23:00:00+01:00;7;16.3693536
1900-05-06 00:00:00+01:00;6.2;16.61609475
1900-05-06 01:00:00+01:00;5.4;16.83096342
1900-05-06 02:00:00+01:00;2.5;17.53484479
1900-05-06 03:00:00+01:00;3.4;17.49369146
1900-05-06 04:00:00+01:00;4;17.78840779
1900-05-06 05:00:00+01:00;4.8;18.35262546
1900-05-06 06:00:00+01:00;6.4;18.27246846
1900-05-06 07:00:00+01:00;7.3;18.06253043
1900-05-06 08:00:00+01:00;8;18.17947234
1900-05-06 09:00:00+01:00;9;18.29647541
1900-05-06 10:00:00+01:00;8.3;18.6566068
1900-05-06 11:00:00+01:00;10.6;17.84568122
1900-05-06 12:00:00+01:00;11.9;17.74495552
1900-05-06 13:00:00+01:00;12.9;17.63389176
1900-05-06 14:00:00+01:00;12.2;17.74532888
1900-05-06 15:00:00+01:00;14.5;16.60559687
1900-05-06 16:00:00+01:00;14.2;16.40351611
1900-05-06 17:00:00+01:00;13;16.61079289
1900-05-06 18:00:00+01:00;12.5;16.41856747
1900-05-06 19:00:00+01:00;11.8;16.47249552
1900-05-06 20:00:00+01:00;10.4;16.65964326
1900-05-06 21:00:00+01:00;9.4;16.79818086
1900-05-06 22:00:00+01:00;8.2;17.01051124
1900-05-06 23:00:00+01:00;5.8;17.44597129
1900-05-07 00:00:00+01:00;5.5;23.0626552
1900-05-07 01:00:00+01:00;3.8;23.28193007
1900-05-07 02:00:00+01:00;3.4;23.45863296
1900-05-07 03:00:00+01:00;2.8;23.8396995
1900-05-07 04:00:00+01:00;2.6;24.7113662
1900-05-07 05:00:00+01:00;3.1;26.72245647
1900-05-07 06:00:00+01:00;5.5;30.99431565
1900-05-07 07:00:00+01:00;7.6;35.9635213
1900-05-07 08:00:00+01:00;10.2;37.99039401
1900-05-07 09:00:00+01:00;11.6;37.83703137
1900-05-07 10:00:00+01:00;12.1;37.31148487
1900-05-07 11:00:00+01:00;13;34.89933184
1900-05-07 12:00:00+01:00;14;34.75000235
1900-05-07 13:00:00+01:00;14.9;34.2732785
1900-05-07 14:00:00+01:00;15.6;33.57536173
1900-05-07 15:00:00+01:00;15.7;32.55848446
1900-05-07 16:00:00+01:00;14;30.91846082
1900-05-07 17:00:00+01:00;13.5;28.93007349
1900-05-07 18:00:00+01:00;12.1;26.75990651
1900-05-07 19:00:00+01:00;11;25.43911612
1900-05-07 20:00:00+01:00;10.3;24.1355726
1900-05-07 21:00:00+01:00;8.8;23.5436639
1900-05-07 22:00:00+01:00;8.4;22.9191994
1900-05-07 23:00:00+01:00;8.2;22.57243779
1900-05-08 00:00:00+01:00;7.8;22.20979454
1900-05-08 01:00:00+01:00;7.6;22.06605332
1900-05-08 02:00:00+01:00;7.5;22.13235254
1900-05-08 03:00:00+01:00;7.1;22.40604359
1900-05-08 04:00:00+01:00;6.5;23.02680331
1900-05-08 05:00:00+01:00;7.7;24.09703944
1900-05-08 06:00:00+01:00;8.5;28.07387371
1900-05-08 07:00:00+01:00;9.8;32.89202441
1900-05-08 08:00:00+01:00;10.8;35.93100489
1900-05-08 09:00:00+01:00;11.7;36.2078685
1900-05-08 10:00:00+01:00;13.4;34.71773211
1900-05-08 11:00:00+01:00;14.4;34.89933184
1900-05-08 12:00:00+01:00;14.7;34.75000235
1900-05-08 13:00:00+01:00;15.1;34.2732785
1900-05-08 14:00:00+01:00;15.2;33.57536173
1900-05-08 15:00:00+01:00;15;32.23221733
1900-05-08 16:00:00+01:00;15.3;31.37833517
1900-05-08 17:00:00+01:00;15;28.23603323
1900-05-08 18:00:00+01:00;14;24.75685618
1900-05-08 19:00:00+01:00;12.7;24.06198004
1900-05-08 20:00:00+01:00;11.4;22.9327948
1900-05-08 21:00:00+01:00;11;22.03717228
1900-05-08 22:00:00+01:00;9.5;21.70447474
1900-05-08 23:00:00+01:00;8.2;21.66466493
1900-05-09 00:00:00+01:00;7.7;21.3251091
1900-05-09 01:00:00+01:00;7.2;21.28551846
1900-05-09 02:00:00+01:00;6.6;21.50837852
1900-05-09 03:00:00+01:00;6.3;21.85258335
1900-05-09 04:00:00+01:00;6.6;22.38584257
1900-05-09 05:00:00+01:00;7.9;23.53137172
1900-05-09 06:00:00+01:00;9.9;26.91891096
1900-05-09 07:00:00+01:00;10.9;31.75010793
1900-05-09 08:00:00+01:00;13.6;33.04817762
1900-05-09 09:00:00+01:00;16.4;34.34133574
1900-05-09 10:00:00+01:00;17.8;34.71773211
1900-05-09 11:00:00+01:00;20;36.20555494
1900-05-09 12:00:00+01:00;21.3;36.98603376
1900-05-09 13:00:00+01:00;21.3;36.62548454
1900-05-09 14:00:00+01:00;22.5;36.89212598
1900-05-09 15:00:00+01:00;20.7;34.88896396
1900-05-09 16:00:00+01:00;17.6;32.19195902
1900-05-09 17:00:00+01:00;17;28.86961163
1900-05-09 18:00:00+01:00;16.4;24.70301801
1900-05-09 19:00:00+01:00;15.4;23.07900066
1900-05-09 20:00:00+01:00;12.6;21.33132251
1900-05-09 21:00:00+01:00;11.9;20.56779831
1900-05-09 22:00:00+01:00;10.7;20.20867777
1900-05-09 23:00:00+01:00;9.4;20.16073671
1900-05-10 00:00:00+01:00;7.9;19.96685392
1900-05-10 01:00:00+01:00;7.5;19.83013724
1900-05-10 02:00:00+01:00;7.3;19.87914116
1900-05-10 03:00:00+01:00;8.4;19.89924588
1900-05-10 04:00:00+01:00;8.9;20.13105378
1900-05-10 05:00:00+01:00;9.2;21.19655388
1900-05-10 06:00:00+01:00;9.3;25.0347611
1900-05-10 07:00:00+01:00;9.4;30.03230038
1900-05-10 08:00:00+01:00;11.5;33.07889589
1900-05-10 09:00:00+01:00;11.8;33.72421287
1900-05-10 10:00:00+01:00;14.1;34.71773211
1900-05-10 11:00:00+01:00;16.7;34.89933184
1900-05-10 12:00:00+01:00;17.7;35.06739324
1900-05-10 13:00:00+01:00;19.7;35.71277926
1900-05-10 14:00:00+01:00;20.8;36.02210797
1900-05-10 15:00:00+01:00;20.4;34.74913519
1900-05-10 16:00:00+01:00;18.4;32.47495862
1900-05-10 17:00:00+01:00;17.3;28.96464839
1900-05-10 18:00:00+01:00;17.1;24.70301801
1900-05-10 19:00:00+01:00;16;23.07900066
1900-05-10 20:00:00+01:00;14.8;21.67909903
1900-05-10 21:00:00+01:00;15;20.68343063
1900-05-10 22:00:00+01:00;14;19.95155438
1900-05-10 23:00:00+01:00;13.5;19.43847335
1900-05-11 00:00:00+01:00;12.8;19.12879079
1900-05-11 01:00:00+01:00;11.6;18.9418786
1900-05-11 02:00:00+01:00;10.7;19.07710735
1900-05-11 03:00:00+01:00;9.7;19.4690386
1900-05-11 04:00:00+01:00;10.2;19.68088951
1900-05-11 05:00:00+01:00;12;20.90652285
1900-05-11 06:00:00+01:00;10.5;24.35688566
1900-05-11 07:00:00+01:00;10.5;28.9239571
1900-05-11 08:00:00+01:00;10.4;32.92743787
1900-05-11 09:00:00+01:00;10.5;33.8561925
1900-05-11 10:00:00+01:00;11;33.68727725
1900-05-11 11:00:00+01:00;11.8;33.31626599
1900-05-11 12:00:00+01:00;13;34.75000235
1900-05-11 13:00:00+01:00;14.6;34.2732785
1900-05-11 14:00:00+01:00;16.1;33.61676406
1900-05-11 15:00:00+01:00;15.2;32.32543651
1900-05-11 16:00:00+01:00;17.4;32.12120912
1900-05-11 17:00:00+01:00;16.6;28.74289595
1900-05-11 18:00:00+01:00;15.8;24.70301801
1900-05-11 19:00:00+01:00;14.4;23.07900066
1900-05-11 20:00:00+01:00;12.5;21.67953023
1900-05-11 21:00:00+01:00;11.5;21.08587385
1900-05-11 22:00:00+01:00;10.2;20.84087516
1900-05-11 23:00:00+01:00;9.6;20.74328268
1900-05-12 00:00:00+01:00;7.6;15.39736101
1900-05-12 01:00:00+01:00;7.1;15.59622445
1900-05-12 02:00:00+01:00;6.7;15.72705179
1900-05-12 03:00:00+01:00;6.9;15.84747849
1900-05-12 04:00:00+01:00;5;16.68542056
1900-05-12 05:00:00+01:00;9;16.25084272
1900-05-12 06:00:00+01:00;10.1;16.25498735
1900-05-12 07:00:00+01:00;9.7;16.40667472
1900-05-12 08:00:00+01:00;10.8;16.3047386
1900-05-12 09:00:00+01:00;12.4;16.06442226
1900-05-12 10:00:00+01:00;13.2;15.63295489
1900-05-12 11:00:00+01:00;13.8;15.42386059
1900-05-12 12:00:00+01:00;12.4;16.31410414
1900-05-12 13:00:00+01:00;10.8;17.22842761
1900-05-12 14:00:00+01:00;9.8;17.62968682
1900-05-12 15:00:00+01:00;9.1;17.84564421
1900-05-12 16:00:00+01:00;9.3;17.62194651
1900-05-12 17:00:00+01:00;9.2;17.4605538
1900-05-12 18:00:00+01:00;9.9;16.84115348
1900-05-12 19:00:00+01:00;9.9;16.65254561
1900-05-12 20:00:00+01:00;9.4;16.55007603
1900-05-12 21:00:00+01:00;8.9;16.59061852
1900-05-12 22:00:00+01:00;8.8;16.53408313
1900-05-12 23:00:00+01:00;8.7;16.457847
1900-05-13 00:00:00+01:00;9.4;16.14229861
1900-05-13 01:00:00+01:00;9.6;16.09017852
1900-05-13 02:00:00+01:00;9.3;16.14923721
1900-05-13 03:00:00+01:00;8.8;16.33624513
1900-05-13 04:00:00+01:00;8.5;16.67672246
1900-05-13 05:00:00+01:00;8;17.26136166
1900-05-13 06:00:00+01:00;8;17.65657908
1900-05-13 07:00:00+01:00;8.1;17.71130907
1900-05-13 08:00:00+01:00;8.4;17.94571115
1900-05-13 09:00:00+01:00;8.5;18.39824813
1900-05-13 10:00:00+01:00;9.1;18.25613584
1900-05-13 11:00:00+01:00;9.3;18.30683845
1900-05-13 12:00:00+01:00;10.3;18.34870649
1900-05-13 13:00:00+01:00;9.9;18.73709485
1900-05-13 14:00:00+01:00;11.3;17.97589731
1900-05-13 15:00:00+01:00;12;17.43449752
1900-05-13 16:00:00+01:00;11.3;17.37903693
1900-05-13 17:00:00+01:00;10.5;17.34828611
1900-05-13 18:00:00+01:00;9.6;17.25616369
1900-05-13 19:00:00+01:00;9.5;17.00999615
1900-05-13 20:00:00+01:00;8.7;16.95067651
1900-05-13 21:00:00+01:00;8.8;16.75387233
1900-05-13 22:00:00+01:00;8.6;16.69360249
1900-05-13 23:00:00+01:00;8.6;16.57426437
1900-05-14 00:00:00+01:00;8.3;22.27226165
1900-05-14 01:00:00+01:00;8;22.29283203
1900-05-14 02:00:00+01:00;7.8;22.53622861
1900-05-14 03:00:00+01:00;7.7;22.93294512
1900-05-14 04:00:00+01:00;7.5;23.68162561
1900-05-14 05:00:00+01:00;8.2;24.90591475
1900-05-14 06:00:00+01:00;8.6;29.19952657
1900-05-14 07:00:00+01:00;8.9;34.80808265
1900-05-14 08:00:00+01:00;10.7;37.24994546
1900-05-14 09:00:00+01:00;12.6;36.65187557
1900-05-14 10:00:00+01:00;12;36.95123435
1900-05-14 11:00:00+01:00;12;36.83252687
1900-05-14 12:00:00+01:00;13.2;34.75000235
1900-05-14 13:00:00+01:00;13.3;35.05831827
1900-05-14 14:00:00+01:00;13;34.35871592
1900-05-14 15:00:00+01:00;13.3;32.64014001
1900-05-14 16:00:00+01:00;14.8;31.20146042
1900-05-14 17:00:00+01:00;13.6;28.3795227
1900-05-14 18:00:00+01:00;13.4;25.6959688
1900-05-14 19:00:00+01:00;13.4;24.07046156
1900-05-14 20:00:00+01:00;11;23.2478429
1900-05-14 21:00:00+01:00;9;22.77882093
1900-05-14 22:00:00+01:00;7.6;22.43593131
1900-05-14 23:00:00+01:00;7;22.24791358
1900-05-15 00:00:00+01:00;5.6;22.13027393
1900-05-15 01:00:00+01:00;4.4;22.26635032
1900-05-15 02:00:00+01:00;2.7;22.76236705
1900-05-15 03:00:00+01:00;3;23.07642155
1900-05-15 04:00:00+01:00;4.3;23.68161989
1900-05-15 05:00:00+01:00;7.6;24.58622569
1900-05-15 06:00:00+01:00;9.5;28.21665936
1900-05-15 07:00:00+01:00;11.3;32.67029843
1900-05-15 08:00:00+01:00;12.9;33.04817762
1900-05-15 09:00:00+01:00;15;34.34133574
1900-05-15 10:00:00+01:00;16.3;34.71773211
1900-05-15 11:00:00+01:00;17;34.89933184
1900-05-15 12:00:00+01:00;18.6;35.54705337
1900-05-15 13:00:00+01:00;18.1;34.80007398
1900-05-15 14:00:00+01:00;16.7;33.92382924
1900-05-15 15:00:00+01:00;16.7;33.02458036
1900-05-15 16:00:00+01:00;17.2;32.05045922
1900-05-15 17:00:00+01:00;16.4;28.67953811
1900-05-15 18:00:00+01:00;15.5;24.70301801
1900-05-15 19:00:00+01:00;14.5;23.07900066
1900-05-15 20:00:00+01:00;14.3;21.67909903
1900-05-15 21:00:00+01:00;14.1;20.68343063
1900-05-15 22:00:00+01:00;13.5;19.95155438
1900-05-15 23:00:00+01:00;12.7;19.43847335
1900-05-16 00:00:00+01:00;12.5;19.12879079
1900-05-16 01:00:00+01:00;11.9;19.01120373
1900-05-16 02:00:00+01:00;11.4;19.38363615
1900-05-16 03:00:00+01:00;11;19.57379637
1900-05-16 04:00:00+01:00;10.8;19.76332813
1900-05-16 05:00:00+01:00;10.8;20.72472178
1900-05-16 06:00:00+01:00;11.7;24.8585251
1900-05-16 07:00:00+01:00;12;29.75803316
1900-05-16 08:00:00+01:00;13.2;33.04817762
1900-05-16 09:00:00+01:00;13.6;34.34133574
1900-05-16 10:00:00+01:00;12.6;33.22853933
1900-05-16 11:00:00+01:00;12;33.35832074
1900-05-16 12:00:00+01:00;12.7;33.43260649
1900-05-16 13:00:00+01:00;14.6;34.2732785
1900-05-16 14:00:00+01:00;15.4;33.57536173
1900-05-16 15:00:00+01:00;14.7;32.06362583
1900-05-16 16:00:00+01:00;14.7;31.16608547
1900-05-16 17:00:00+01:00;14.5;28.07763863
1900-05-16 18:00:00+01:00;13.9;24.05205926
1900-05-16 19:00:00+01:00;12.3;23.2124905
1900-05-16 20:00:00+01:00;11.7;21.93426827
1900-05-16 21:00:00+01:00;10.6;21.34043183
1900-05-16 22:00:00+01:00;10;20.91334917
1900-05-16 23:00:00+01:00;10;20.65642249
1900-05-17 00:00:00+01:00;9.7;20.34845751
1900-05-17 01:00:00+01:00;9.5;20.31479945
1900-05-17 02:00:00+01:00;9;20.55800158
1900-05-17 03:00:00+01:00;8.8;20.94619751
1900-05-17 04:00:00+01:00;9;21.44843476
1900-05-17 05:00:00+01:00;8;23.02755054
1900-05-17 06:00:00+01:00;8.4;27.21172195
1900-05-17 07:00:00+01:00;8.6;32.63730072
1900-05-17 08:00:00+01:00;9.8;35.86768383
1900-05-17 09:00:00+01:00;11.5;35.78907369
1900-05-17 10:00:00+01:00;12.6;35.27083199
1900-05-17 11:00:00+01:00;14.4;34.89933184
1900-05-17 12:00:00+01:00;16;34.75000235
1900-05-17 13:00:00+01:00;16.5;34.2732785
1900-05-17 14:00:00+01:00;15.6;33.57536173
1900-05-17 15:00:00+01:00;15.8;32.60509405
1900-05-17 16:00:00+01:00;15.2;31.34296022
1900-05-17 17:00:00+01:00;14;27.84864343
1900-05-17 18:00:00+01:00;13.3;25.04782717
1900-05-17 19:00:00+01:00;12.2;23.90157082
1900-05-17 20:00:00+01:00;11.6;22.58100644
1900-05-17 21:00:00+01:00;10;22.04686494
1900-05-17 22:00:00+01:00;9.4;21.53453464
1900-05-17 23:00:00+01:00;7;21.79617828
1900-05-18 00:00:00+01:00;7.4;21.29671417
1900-05-18 01:00:00+01:00;6.1;21.45670803
1900-05-18 02:00:00+01:00;4;22.00868807
1900-05-18 03:00:00+01:00;3.8;22.40328115
1900-05-18 04:00:00+01:00;4.2;23.12741621
1900-05-18 05:00:00+01:00;7.1;24.16371231
1900-05-18 06:00:00+01:00;10;27.31743418
1900-05-18 07:00:00+01:00;11.3;31.94305512
1900-05-18 08:00:00+01:00;13;33.04817762
1900-05-18 09:00:00+01:00;13.3;34.34133574
1900-05-18 10:00:00+01:00;14;34.71773211
1900-05-18 11:00:00+01:00;16.1;34.89933184
1900-05-18 12:00:00+01:00;18.3;35.38716666
1900-05-18 13:00:00+01:00;17.9;34.68598582
1900-05-18 14:00:00+01:00;19.4;35.30562255
1900-05-18 15:00:00+01:00;19.9;34.51608724
1900-05-18 16:00:00+01:00;20.2;33.11170772
1900-05-18 17:00:00+01:00;20.2;29.88333707
1900-05-18 18:00:00+01:00;19;24.70301801
1900-05-18 19:00:00+01:00;18.9;23.07900066
1900-05-18 20:00:00+01:00;15.3;21.67909903
1900-05-18 21:00:00+01:00;13.7;20.68343063
1900-05-18 22:00:00+01:00;11.4;20.36737295
1900-05-18 23:00:00+01:00;10;20.31439433
1900-05-19 00:00:00+01:00;10;14.30518472
1900-05-19 01:00:00+01:00;8.3;14.68260996
1900-05-19 02:00:00+01:00;7.5;14.74869026
1900-05-19 03:00:00+01:00;8;14.65336193
1900-05-19 04:00:00+01:00;9.4;14.37160029
1900-05-19 05:00:00+01:00;11;14.3522042
1900-05-19 06:00:00+01:00;11.6;14.48389175
1900-05-19 07:00:00+01:00;14.6;13.288337
1900-05-19 08:00:00+01:00;17;13.57581922
1900-05-19 09:00:00+01:00;17;13.77259536
1900-05-19 10:00:00+01:00;19.5;14.34171407
1900-05-19 11:00:00+01:00;20;14.63043698
1900-05-19 12:00:00+01:00;21.6;15.17148605
1900-05-19 13:00:00+01:00;22.1;15.41692629
1900-05-19 14:00:00+01:00;23.4;15.343348
1900-05-19 15:00:00+01:00;24.9;15.12631215
1900-05-19 16:00:00+01:00;22;14.95120949
1900-05-19 17:00:00+01:00;23.7;14.7078508
1900-05-19 18:00:00+01:00;22.7;14.31524265
1900-05-19 19:00:00+01:00;21.4;14.12402338
1900-05-19 20:00:00+01:00;17.9;13.87692449
1900-05-19 21:00:00+01:00;17;13.58236278
1900-05-19 22:00:00+01:00;15.8;13.36664689
1900-05-19 23:00:00+01:00;16;13.21399473
1900-05-20 00:00:00+01:00;15.7;13.06859498
1900-05-20 01:00:00+01:00;14.9;13.02216945
1900-05-20 02:00:00+01:00;13.8;12.85647734
1900-05-20 03:00:00+01:00;13.2;12.92130809
1900-05-20 04:00:00+01:00;13.1;12.97349953
1900-05-20 05:00:00+01:00;12.8;12.05955572
1900-05-20 06:00:00+01:00;15;13.09454046
1900-05-20 07:00:00+01:00;16;13.288337
1900-05-20 08:00:00+01:00;16.5;13.57581922
1900-05-20 09:00:00+01:00;17.2;13.77259536
1900-05-20 10:00:00+01:00;18.2;14.34171407
1900-05-20 11:00:00+01:00;18.3;14.63043698
1900-05-20 12:00:00+01:00;18;15.17148605
1900-05-20 13:00:00+01:00;19;15.41692629
1900-05-20 14:00:00+01:00;18;15.343348
1900-05-20 15:00:00+01:00;17.6;15.12631215
1900-05-20 16:00:00+01:00;19;14.95120949
1900-05-20 17:00:00+01:00;18.6;14.7078508
1900-05-20 18:00:00+01:00;17.3;14.31524265
1900-05-20 19:00:00+01:00;17;14.12402338
1900-05-20 20:00:00+01:00;16.1;13.87692449
1900-05-20 21:00:00+01:00;15.7;13.58236278
1900-05-20 22:00:00+01:00;15.3;13.36664689
1900-05-20 23:00:00+01:00;15;13.21399473
1900-05-21 00:00:00+01:00;14.3;19.12879079
1900-05-21 01:00:00+01:00;13.7;19.01120373
1900-05-21 02:00:00+01:00;12.4;19.02066504
1900-05-21 03:00:00+01:00;12.4;19.20964917
1900-05-21 04:00:00+01:00;12.4;19.5175761
1900-05-21 05:00:00+01:00;13;20.90652285
1900-05-21 06:00:00+01:00;13.9;24.8585251
1900-05-21 07:00:00+01:00;15.5;29.75803316
1900-05-21 08:00:00+01:00;16;33.04817762
1900-05-21 09:00:00+01:00;18;34.34133574
1900-05-21 10:00:00+01:00;19.5;35.72814241
1900-05-21 11:00:00+01:00;18;34.89933184
1900-05-21 12:00:00+01:00;20.1;36.34648692
1900-05-21 13:00:00+01:00;20.3;36.05504374
1900-05-21 14:00:00+01:00;19.6;35.40797761
1900-05-21 15:00:00+01:00;21;35.02879273
1900-05-21 16:00:00+01:00;22.6;33.96070652
1900-05-21 17:00:00+01:00;19.3;29.59822679
1900-05-21 18:00:00+01:00;18.9;24.70301801
1900-05-21 19:00:00+01:00;17.5;23.07900066
1900-05-21 20:00:00+01:00;16.9;21.67909903
1900-05-21 21:00:00+01:00;15.6;20.68343063
1900-05-21 22:00:00+01:00;14.2;19.95155438
1900-05-21 23:00:00+01:00;13.5;19.43847335
1900-05-22 00:00:00+01:00;12.2;19.12879079
1900-05-22 01:00:00+01:00;10.6;17.802442
1900-05-22 02:00:00+01:00;11;17.87456538
1900-05-22 03:00:00+01:00;11.2;18.09138489
1900-05-22 04:00:00+01:00;11.3;18.2206374
1900-05-22 05:00:00+01:00;12;20.90652285
1900-05-22 06:00:00+01:00;12.4;24.8585251
1900-05-22 07:00:00+01:00;13.4;29.75803316
1900-05-22 08:00:00+01:00;15.4;33.04817762
1900-05-22 09:00:00+01:00;16.6;34.34133574
1900-05-22 10:00:00+01:00;17.4;34.71773211
1900-05-22 11:00:00+01:00;18.5;35.38919194
1900-05-22 12:00:00+01:00;18.7;35.60034894
1900-05-22 13:00:00+01:00;19.1;35.37051478
1900-05-22 14:00:00+01:00;20.4;35.81739785
1900-05-22 15:00:00+01:00;20.9;34.98218314
1900-05-22 16:00:00+01:00;20.5;33.21783257
1900-05-22 17:00:00+01:00;20;29.81997923
1900-05-22 18:00:00+01:00;17.5;24.70301801
1900-05-22 19:00:00+01:00;16.6;23.07900066
1900-05-22 20:00:00+01:00;15.7;21.67909903
1900-05-22 21:00:00+01:00;15.3;20.68343063
1900-05-22 22:00:00+01:00;12.9;19.95155438
1900-05-22 23:00:00+01:00;11.2;18.84273291
1900-05-23 00:00:00+01:00;10.4;18.55070476
1900-05-23 01:00:00+01:00;7.7;18.89091253
1900-05-23 02:00:00+01:00;7.2;19.05640793
1900-05-23 03:00:00+01:00;6.9;19.40582831
1900-05-23 04:00:00+01:00;8.6;19.54553067
1900-05-23 05:00:00+01:00;12;20.90652285
1900-05-23 06:00:00+01:00;13.1;24.8585251
1900-05-23 07:00:00+01:00;14.2;29.75803316
1900-05-23 08:00:00+01:00;14.8;33.04817762
1900-05-23 09:00:00+01:00;15.9;34.34133574
1900-05-23 10:00:00+01:00;16.4;34.71773211
1900-05-23 11:00:00+01:00;16.7;34.89933184
1900-05-23 12:00:00+01:00;16.8;34.75000235
1900-05-23 13:00:00+01:00;17.5;34.4578095
1900-05-23 14:00:00+01:00;18.8;34.99855737
1900-05-23 15:00:00+01:00;19.2;34.18982011
1900-05-23 16:00:00+01:00;18.8;32.61645842
1900-05-23 17:00:00+01:00;19.3;29.59822679
1900-05-23 18:00:00+01:00;18.5;24.70301801
1900-05-23 19:00:00+01:00;16.2;23.07900066
1900-05-23 20:00:00+01:00;15.5;21.67909903
1900-05-23 21:00:00+01:00;14.1;20.68343063
1900-05-23 22:00:00+01:00;13.4;19.95155438
1900-05-23 23:00:00+01:00;13;19.43847335
1900-05-24 00:00:00+01:00;12.3;19.12879079
1900-05-24 01:00:00+01:00;12.6;19.01120373
1900-05-24 02:00:00+01:00;12.7;19.02066504
1900-05-24 03:00:00+01:00;12.4;19.20964917
1900-05-24 04:00:00+01:00;11.9;19.5175761
1900-05-24 05:00:00+01:00;13.8;20.90652285
1900-05-24 06:00:00+01:00;14.3;24.8585251
1900-05-24 07:00:00+01:00;15.6;29.75803316
1900-05-24 08:00:00+01:00;16.9;33.04817762
1900-05-24 09:00:00+01:00;17.7;34.34133574
1900-05-24 10:00:00+01:00;19.8;35.90260303
1900-05-24 11:00:00+01:00;21.2;36.85864534
1900-05-24 12:00:00+01:00;21.1;36.87944262
1900-05-24 13:00:00+01:00;20.6;36.22617598
1900-05-24 14:00:00+01:00;22.4;36.84094845
1900-05-24 15:00:00+01:00;22.9;35.91437494
1900-05-24 16:00:00+01:00;21.8;33.67770692
1900-05-24 17:00:00+01:00;22;30.45355763
1900-05-24 18:00:00+01:00;21;24.70301801
1900-05-24 19:00:00+01:00;19.1;23.07900066
1900-05-24 20:00:00+01:00;16.3;21.67909903
1900-05-24 21:00:00+01:00;15;20.68343063
1900-05-24 22:00:00+01:00;13;19.95155438
1900-05-24 23:00:00+01:00;11.7;18.31710036
1900-05-25 00:00:00+01:00;11.2;17.92337893
1900-05-25 01:00:00+01:00;10;17.79089093
1900-05-25 02:00:00+01:00;9.1;17.78449218
1900-05-25 03:00:00+01:00;8.5;18.16154628
1900-05-25 04:00:00+01:00;9.1;18.34802721
1900-05-25 05:00:00+01:00;11.8;20.90652285
1900-05-25 06:00:00+01:00;14.5;24.8585251
1900-05-25 07:00:00+01:00;16.2;29.75803316
1900-05-25 08:00:00+01:00;18.1;33.04817762
1900-05-25 09:00:00+01:00;19.6;34.34133574
1900-05-25 10:00:00+01:00;21.7;37.00752029
1900-05-25 11:00:00+01:00;22.2;37.40288734
1900-05-25 12:00:00+01:00;23.1;37.94535402
1900-05-25 13:00:00+01:00;25.4;38.96429182
1900-05-25 14:00:00+01:00;24.6;37.96685411
1900-05-25 15:00:00+01:00;24;36.42708043
1900-05-25 16:00:00+01:00;26.4;35.30495462
1900-05-25 17:00:00+01:00;24.1;31.11881495
1900-05-25 18:00:00+01:00;23.6;24.70301801
1900-05-25 19:00:00+01:00;21.5;23.07900066
1900-05-25 20:00:00+01:00;17.8;21.67909903
1900-05-25 21:00:00+01:00;15.9;20.68343063
1900-05-25 22:00:00+01:00;14;19.95155438
1900-05-25 23:00:00+01:00;13.5;19.43847335
1900-05-26 00:00:00+01:00;11.7;12.12053087
1900-05-26 01:00:00+01:00;11.6;12.04957513
1900-05-26 02:00:00+01:00;10.9;11.91392202
1900-05-26 03:00:00+01:00;11.1;11.94690042
1900-05-26 04:00:00+01:00;11;11.90755211
1900-05-26 05:00:00+01:00;11.8;12.09702862
1900-05-26 06:00:00+01:00;13;12.19647524
1900-05-26 07:00:00+01:00;15.1;13.288337
1900-05-26 08:00:00+01:00;17.4;13.57581922
1900-05-26 09:00:00+01:00;18.4;13.77259536
1900-05-26 10:00:00+01:00;16.4;14.34171407
1900-05-26 11:00:00+01:00;19.4;14.63043698
1900-05-26 12:00:00+01:00;16.2;15.17148605
1900-05-26 13:00:00+01:00;16.2;15.41692629
1900-05-26 14:00:00+01:00;14;14.40471804
1900-05-26 15:00:00+01:00;11.1;14.81453123
1900-05-26 16:00:00+01:00;9.3;15.52246313
1900-05-26 17:00:00+01:00;8.7;15.72098134
1900-05-26 18:00:00+01:00;8.8;15.41434028
1900-05-26 19:00:00+01:00;9.8;14.9831413
1900-05-26 20:00:00+01:00;10.3;14.56024928
1900-05-26 21:00:00+01:00;10.4;14.49362176
1900-05-26 22:00:00+01:00;9.3;14.79339981
1900-05-26 23:00:00+01:00;8.1;15.06526714
1900-05-27 00:00:00+01:00;8.1;15.20729427
1900-05-27 01:00:00+01:00;7.5;15.42684067
1900-05-27 02:00:00+01:00;7.1;15.55805957
1900-05-27 03:00:00+01:00;6.9;15.80160419
1900-05-27 04:00:00+01:00;6.8;16.1831073
1900-05-27 05:00:00+01:00;6.6;16.98616101
1900-05-27 06:00:00+01:00;6.9;17.39707048
1900-05-27 07:00:00+01:00;6.7;17.60586252
1900-05-27 08:00:00+01:00;7.7;17.78352003
1900-05-27 09:00:00+01:00;8.9;18.01822907
1900-05-27 10:00:00+01:00;9.5;17.9284499
1900-05-27 11:00:00+01:00;11;17.56248474
1900-05-27 12:00:00+01:00;11.1;17.99108102
1900-05-27 13:00:00+01:00;11;18.36330982
1900-05-27 14:00:00+01:00;11.1;18.1930767
1900-05-27 15:00:00+01:00;11.2;17.93591012
1900-05-27 16:00:00+01:00;11;17.69151655
1900-05-27 17:00:00+01:00;10.7;17.44724596
1900-05-27 18:00:00+01:00;10.7;16.98372047
1900-05-27 19:00:00+01:00;10.2;16.89925474
1900-05-27 20:00:00+01:00;8.3;17.23407981
1900-05-27 21:00:00+01:00;7;17.49731269
1900-05-27 22:00:00+01:00;5.6;17.73385817
1900-05-27 23:00:00+01:00;4.7;17.82946812
1900-05-28 00:00:00+01:00;4.6;23.44536508
1900-05-28 01:00:00+01:00;3.7;23.57133299
1900-05-28 02:00:00+01:00;3.6;23.82331469
1900-05-28 03:00:00+01:00;3.7;24.19328781
1900-05-28 04:00:00+01:00;4.4;24.98172138
1900-05-28 05:00:00+01:00;4.6;26.8543267
1900-05-28 06:00:00+01:00;6;31.42593784
1900-05-28 07:00:00+01:00;7.2;36.94615794
1900-05-28 08:00:00+01:00;8.5;39.72493522
1900-05-28 09:00:00+01:00;9.2;40.09569426
1900-05-28 10:00:00+01:00;10.1;39.58042624
1900-05-28 11:00:00+01:00;11.3;38.71706481
1900-05-28 12:00:00+01:00;12.3;37.82079138
1900-05-28 13:00:00+01:00;12.5;37.0194578
1900-05-28 14:00:00+01:00;13.1;35.58662001
1900-05-28 15:00:00+01:00;12.7;34.2677177
1900-05-28 16:00:00+01:00;12.7;32.82001317
1900-05-28 17:00:00+01:00;12.7;29.78022305
1900-05-28 18:00:00+01:00;12.8;27.08626352
1900-05-28 19:00:00+01:00;12.3;25.51274913
1900-05-28 20:00:00+01:00;10.9;24.39725368
1900-05-28 21:00:00+01:00;9.2;23.81411437
1900-05-28 22:00:00+01:00;5.6;23.93598311
1900-05-28 23:00:00+01:00;4.5;23.79536305
1900-05-29 00:00:00+01:00;4.9;23.25798334
1900-05-29 01:00:00+01:00;4;23.28552295
1900-05-29 02:00:00+01:00;6.8;22.8951767
1900-05-29 03:00:00+01:00;6.7;23.17414706
1900-05-29 04:00:00+01:00;6.6;23.8430792
1900-05-29 05:00:00+01:00;8.9;24.59592231
1900-05-29 06:00:00+01:00;10.4;28.14437193
1900-05-29 07:00:00+01:00;11.1;33.06128912
1900-05-29 08:00:00+01:00;12.2;35.85957601
1900-05-29 09:00:00+01:00;12.5;36.35751016
1900-05-29 10:00:00+01:00;12.8;36.18988926
1900-05-29 11:00:00+01:00;13.4;34.89933184
1900-05-29 12:00:00+01:00;13.6;34.75000235
1900-05-29 13:00:00+01:00;13.3;34.889491
1900-05-29 14:00:00+01:00;12.9;34.31039306
1900-05-29 15:00:00+01:00;12.5;33.11492433
1900-05-29 16:00:00+01:00;13.5;31.40863114
1900-05-29 17:00:00+01:00;12.8;28.58368347
1900-05-29 18:00:00+01:00;12.6;26.16337172
1900-05-29 19:00:00+01:00;11.5;24.91137714
1900-05-29 20:00:00+01:00;10.7;23.64491835
1900-05-29 21:00:00+01:00;10.6;22.67452066
1900-05-29 22:00:00+01:00;9.6;22.14287458
1900-05-29 23:00:00+01:00;10.5;21.49864252
1900-05-30 00:00:00+01:00;9.5;21.22291869
1900-05-30 01:00:00+01:00;9.6;20.98492227
1900-05-30 02:00:00+01:00;8.3;21.29571231
1900-05-30 03:00:00+01:00;8;21.61933791
1900-05-30 04:00:00+01:00;7.9;22.15167186
1900-05-30 05:00:00+01:00;8;23.50757598
1900-05-30 06:00:00+01:00;8.7;27.57009189
1900-05-30 07:00:00+01:00;9.7;32.59091684
1900-05-30 08:00:00+01:00;10.3;35.98996749
1900-05-30 09:00:00+01:00;11.6;36.08251956
1900-05-30 10:00:00+01:00;11.4;36.28851507
1900-05-30 11:00:00+01:00;11.4;36.23855681
1900-05-30 12:00:00+01:00;12;35.84890293
1900-05-30 13:00:00+01:00;12.1;35.28253354
1900-05-30 14:00:00+01:00;12;34.61021435
1900-05-30 15:00:00+01:00;12.3;32.94519948
1900-05-30 16:00:00+01:00;12.1;31.51233922
1900-05-30 17:00:00+01:00;11.9;28.507838
1900-05-30 18:00:00+01:00;11.8;26.28791205
1900-05-30 19:00:00+01:00;11.6;24.70035616
1900-05-30 20:00:00+01:00;11.2;23.30653392
1900-05-30 21:00:00+01:00;10.9;22.42401127
1900-05-30 22:00:00+01:00;10.6;21.80198136
1900-05-30 23:00:00+01:00;10.4;21.54401989
1900-05-31 00:00:00+01:00;10.1;21.22292522
1900-05-31 01:00:00+01:00;9.9;21.18126199
1900-05-31 02:00:00+01:00;9.8;21.31606391
1900-05-31 03:00:00+01:00;9.2;21.72376777
1900-05-31 04:00:00+01:00;9.2;22.24581139
1900-05-31 05:00:00+01:00;9.7;23.23476262
1900-05-31 06:00:00+01:00;10.2;27.05046981
1900-05-31 07:00:00+01:00;10.5;32.28493563
1900-05-31 08:00:00+01:00;11.2;35.46189351
1900-05-31 09:00:00+01:00;12.3;35.6111044
1900-05-31 10:00:00+01:00;12.5;35.54722208
1900-05-31 11:00:00+01:00;13.6;34.89933184
1900-05-31 12:00:00+01:00;14.1;34.75000235
1900-05-31 13:00:00+01:00;13.9;34.2732785
1900-05-31 14:00:00+01:00;15.6;33.57536173
1900-05-31 15:00:00+01:00;14.3;32.06362583
1900-05-31 16:00:00+01:00;14.8;31.20146042
1900-05-31 17:00:00+01:00;15;28.23603323
1900-05-31 18:00:00+01:00;14;24.72236855
1900-05-31 19:00:00+01:00;13.7;23.29805398
1900-05-31 20:00:00+01:00;13;21.67909903
1900-05-31 21:00:00+01:00;11.4;21.49259166
1900-05-31 22:00:00+01:00;11.2;20.88441631
1900-05-31 23:00:00+01:00;10.8;20.66769847
1900-06-01 00:00:00+01:00;11.5;20.10090176
1900-06-01 01:00:00+01:00;12.2;19.01120373
1900-06-01 02:00:00+01:00;12.2;19.02066504
1900-06-01 03:00:00+01:00;13.5;19.20964917
1900-06-01 04:00:00+01:00;11.8;19.5175761
1900-06-01 05:00:00+01:00;11.3;21.48833437
1900-06-01 06:00:00+01:00;12.6;24.8585251
1900-06-01 07:00:00+01:00;14.9;29.75803316
1900-06-01 08:00:00+01:00;17.5;33.04817762
1900-06-01 09:00:00+01:00;19.4;34.34133574
1900-06-01 10:00:00+01:00;23.2;37.87982339
1900-06-01 11:00:00+01:00;24.8;38.81791654
1900-06-01 12:00:00+01:00;25.5;39.2244477
1900-06-01 13:00:00+01:00;27;39.8769971
1900-06-01 14:00:00+01:00;30.8;41.13986097
1900-06-01 15:00:00+01:00;27.4;38.01180649
1900-06-01 16:00:00+01:00;26.1;35.19882977
1900-06-01 17:00:00+01:00;25.8;31.65735659
1900-06-01 18:00:00+01:00;25.6;24.70301801
1900-06-01 19:00:00+01:00;24.1;23.07900066
1900-06-01 20:00:00+01:00;21.5;21.67909903
1900-06-01 21:00:00+01:00;19.2;20.68343063
1900-06-01 22:00:00+01:00;17;19.95155438
1900-06-01 23:00:00+01:00;15;19.43847335
1900-06-02 00:00:00+01:00;14;13.06859498
1900-06-02 01:00:00+01:00;12.5;12.03488179
1900-06-02 02:00:00+01:00;11;11.89907881
1900-06-02 03:00:00+01:00;10.9;11.9090047
1900-06-02 04:00:00+01:00;11.9;11.86134801
1900-06-02 05:00:00+01:00;15;13.07044473
1900-06-02 06:00:00+01:00;18;13.09454046
1900-06-02 07:00:00+01:00;18.7;13.288337
1900-06-02 08:00:00+01:00;21.2;13.57581922
1900-06-02 09:00:00+01:00;24.2;13.77259536
1900-06-02 10:00:00+01:00;26;14.34171407
1900-06-02 11:00:00+01:00;25;14.63043698
1900-06-02 12:00:00+01:00;26.8;15.17148605
1900-06-02 13:00:00+01:00;28;15.41692629
1900-06-02 14:00:00+01:00;26.6;15.343348
1900-06-02 15:00:00+01:00;26;15.12631215
1900-06-02 16:00:00+01:00;25.4;14.95120949
1900-06-02 17:00:00+01:00;25.2;14.7078508
1900-06-02 18:00:00+01:00;24.5;14.31524265
1900-06-02 19:00:00+01:00;22.5;14.12402338
1900-06-02 20:00:00+01:00;19.3;13.87692449
1900-06-02 21:00:00+01:00;17.4;13.58236278
1900-06-02 22:00:00+01:00;16.3;13.36664689
1900-06-02 23:00:00+01:00;15.5;13.21399473
1900-06-03 00:00:00+01:00;11.7;12.08903948
1900-06-03 01:00:00+01:00;11.1;12.03488179
1900-06-03 02:00:00+01:00;10.3;11.89907881
1900-06-03 03:00:00+01:00;10;11.9090047
1900-06-03 04:00:00+01:00;11;11.86134801
1900-06-03 05:00:00+01:00;13.9;13.07044473
1900-06-03 06:00:00+01:00;15.4;13.09454046
1900-06-03 07:00:00+01:00;17.2;13.288337
1900-06-03 08:00:00+01:00;20.5;13.57581922
1900-06-03 09:00:00+01:00;22;13.77259536
1900-06-03 10:00:00+01:00;23.6;14.34171407
1900-06-03 11:00:00+01:00;26.2;14.63043698
1900-06-03 12:00:00+01:00;26.6;15.17148605
1900-06-03 13:00:00+01:00;26.5;15.41692629
1900-06-03 14:00:00+01:00;25.9;15.343348
1900-06-03 15:00:00+01:00;25.6;15.12631215
1900-06-03 16:00:00+01:00;24.3;14.95120949
1900-06-03 17:00:00+01:00;24.4;14.7078508
1900-06-03 18:00:00+01:00;23;14.31524265
1900-06-03 19:00:00+01:00;21.3;14.12402338
1900-06-03 20:00:00+01:00;20.8;13.87692449
1900-06-03 21:00:00+01:00;18.1;13.58236278
1900-06-03 22:00:00+01:00;18;13.36664689
1900-06-03 23:00:00+01:00;16.4;13.21399473
1900-06-04 00:00:00+01:00;15.4;19.12879079
1900-06-04 01:00:00+01:00;14;19.01120373
1900-06-04 02:00:00+01:00;14.6;19.02066504
1900-06-04 03:00:00+01:00;13.3;19.20964917
1900-06-04 04:00:00+01:00;14.4;19.5175761
1900-06-04 05:00:00+01:00;15.8;20.90652285
1900-06-04 06:00:00+01:00;18.5;24.8585251
1900-06-04 07:00:00+01:00;20;29.75803316
1900-06-04 08:00:00+01:00;22;33.04817762
1900-06-04 09:00:00+01:00;24;34.34133574
1900-06-04 10:00:00+01:00;23.9;38.28689817
1900-06-04 11:00:00+01:00;25.4;39.14446174
1900-06-04 12:00:00+01:00;25.5;39.2244477
1900-06-04 13:00:00+01:00;26.8;39.76290894
1900-06-04 14:00:00+01:00;27.3;39.34864742
1900-06-04 15:00:00+01:00;27.8;38.19824485
1900-06-04 16:00:00+01:00;28.7;36.11857847
1900-06-04 17:00:00+01:00;25.8;31.65735659
1900-06-04 18:00:00+01:00;24.2;24.70301801
1900-06-04 19:00:00+01:00;22.5;23.07900066
1900-06-04 20:00:00+01:00;19.4;21.67909903
1900-06-04 21:00:00+01:00;16.8;20.68343063
1900-06-04 22:00:00+01:00;16;19.95155438
1900-06-04 23:00:00+01:00;16.6;19.43847335
1900-06-05 00:00:00+01:00;16.1;19.12879079
1900-06-05 01:00:00+01:00;15.9;19.01120373
1900-06-05 02:00:00+01:00;15.3;19.02066504
1900-06-05 03:00:00+01:00;15.7;19.20964917
1900-06-05 04:00:00+01:00;15.6;19.5175761
1900-06-05 05:00:00+01:00;15.7;20.90652285
1900-06-05 06:00:00+01:00;16.1;24.8585251
1900-06-05 07:00:00+01:00;16.9;29.75803316
1900-06-05 08:00:00+01:00;19.8;33.04817762
1900-06-05 09:00:00+01:00;21.5;34.34133574
1900-06-05 10:00:00+01:00;21.9;37.12382737
1900-06-05 11:00:00+01:00;24.1;38.43694714
1900-06-05 12:00:00+01:00;24.7;38.79808314
1900-06-05 13:00:00+01:00;24.7;38.56498326
1900-06-05 14:00:00+01:00;25.1;38.22274176
1900-06-05 15:00:00+01:00;25.2;36.98639551
1900-06-05 16:00:00+01:00;24.9;34.77433037
1900-06-05 17:00:00+01:00;24.5;31.24553063
1900-06-05 18:00:00+01:00;23.8;24.70301801
1900-06-05 19:00:00+01:00;22.4;23.07900066
1900-06-05 20:00:00+01:00;21;21.67909903
1900-06-05 21:00:00+01:00;20;20.68343063
1900-06-05 22:00:00+01:00;18.5;19.95155438
1900-06-05 23:00:00+01:00;17.1;19.43847335
1900-06-06 00:00:00+01:00;16.9;19.12879079
1900-06-06 01:00:00+01:00;16;19.01120373
1900-06-06 02:00:00+01:00;15.5;19.02066504
1900-06-06 03:00:00+01:00;15;19.20964917
1900-06-06 04:00:00+01:00;16.6;19.5175761
1900-06-06 05:00:00+01:00;16.8;20.90652285
1900-06-06 06:00:00+01:00;17.8;24.8585251
1900-06-06 07:00:00+01:00;18.9;29.75803316
1900-06-06 08:00:00+01:00;19.4;33.04817762
1900-06-06 09:00:00+01:00;20.3;34.34133574
1900-06-06 10:00:00+01:00;20.1;36.07706365
1900-06-06 11:00:00+01:00;20.6;36.53210014
1900-06-06 12:00:00+01:00;21.8;37.25251161
1900-06-06 13:00:00+01:00;23.4;37.82341022
1900-06-06 14:00:00+01:00;23;37.14801363
1900-06-06 15:00:00+01:00;22.8;35.86776535
1900-06-06 16:00:00+01:00;22.6;33.96070652
1900-06-06 17:00:00+01:00;21.4;30.26348411
1900-06-06 18:00:00+01:00;20.6;24.70301801
1900-06-06 19:00:00+01:00;19.6;23.07900066
1900-06-06 20:00:00+01:00;18.7;21.67909903
1900-06-06 21:00:00+01:00;17.9;20.68343063
1900-06-06 22:00:00+01:00;17.3;19.95155438
1900-06-06 23:00:00+01:00;16.7;19.43847335
1900-06-07 00:00:00+01:00;15.2;19.12879079
1900-06-07 01:00:00+01:00;15.6;19.01120373
1900-06-07 02:00:00+01:00;15.3;19.02066504
1900-06-07 03:00:00+01:00;14.8;19.20964917
1900-06-07 04:00:00+01:00;15.6;19.5175761
1900-06-07 05:00:00+01:00;15.7;20.90652285
1900-06-07 06:00:00+01:00;16.7;24.8585251
1900-06-07 07:00:00+01:00;18;29.75803316
1900-06-07 08:00:00+01:00;17.8;33.04817762
1900-06-07 09:00:00+01:00;18.2;34.34133574
1900-06-07 10:00:00+01:00;21.1;36.65859905
1900-06-07 11:00:00+01:00;21.3;36.91306954
1900-06-07 12:00:00+01:00;20.9;36.77285148
1900-06-07 13:00:00+01:00;22.2;37.13888126
1900-06-07 14:00:00+01:00;22.6;36.94330351
1900-06-07 15:00:00+01:00;22.2;35.58810781
1900-06-07 16:00:00+01:00;21.4;33.53620712
1900-06-07 17:00:00+01:00;20.8;30.07341059
1900-06-07 18:00:00+01:00;20.9;24.70301801
1900-06-07 19:00:00+01:00;19.6;23.07900066
1900-06-07 20:00:00+01:00;18.6;21.67909903
1900-06-07 21:00:00+01:00;17;20.68343063
1900-06-07 22:00:00+01:00;15.9;19.95155438
1900-06-07 23:00:00+01:00;15.3;19.43847335
1900-06-08 00:00:00+01:00;14;19.12879079
1900-06-08 01:00:00+01:00;14.1;19.01120373
1900-06-08 02:00:00+01:00;14.9;19.02066504
1900-06-08 03:00:00+01:00;14.8;19.20964917
1900-06-08 04:00:00+01:00;14;19.5175761
1900-06-08 05:00:00+01:00;12.8;20.90652285
1900-06-08 06:00:00+01:00;12.6;24.8585251
1900-06-08 07:00:00+01:00;13.7;29.75803316
1900-06-08 08:00:00+01:00;14.3;33.04817762
1900-06-08 09:00:00+01:00;15.1;34.34133574
1900-06-08 10:00:00+01:00;15.5;34.71773211
1900-06-08 11:00:00+01:00;12;33.18175757
1900-06-08 12:00:00+01:00;14;34.75000235
1900-06-08 13:00:00+01:00;16.9;34.2732785
1900-06-08 14:00:00+01:00;17.6;34.38442701
1900-06-08 15:00:00+01:00;18.5;33.86355298
1900-06-08 16:00:00+01:00;19.3;32.79333317
1900-06-08 17:00:00+01:00;19.2;29.56654787
1900-06-08 18:00:00+01:00;18.2;24.70301801
1900-06-08 19:00:00+01:00;17.1;23.07900066
1900-06-08 20:00:00+01:00;14.6;21.67909903
1900-06-08 21:00:00+01:00;13.7;20.68343063
1900-06-08 22:00:00+01:00;12.5;18.96794797
1900-06-08 23:00:00+01:00;11.8;18.91895019
1900-06-09 00:00:00+01:00;10;13.52967683
1900-06-09 01:00:00+01:00;9.6;13.6834938
1900-06-09 02:00:00+01:00;8.3;14.07487289
1900-06-09 03:00:00+01:00;8.9;14.16713669
1900-06-09 04:00:00+01:00;9;14.39834245
1900-06-09 05:00:00+01:00;10.6;14.5413969
1900-06-09 06:00:00+01:00;12;14.45848313
1900-06-09 07:00:00+01:00;12.8;14.14710912
1900-06-09 08:00:00+01:00;13.8;13.57581922
1900-06-09 09:00:00+01:00;16;13.77259536
1900-06-09 10:00:00+01:00;16.4;14.34171407
1900-06-09 11:00:00+01:00;17.7;14.63043698
1900-06-09 12:00:00+01:00;17.6;15.17148605
1900-06-09 13:00:00+01:00;15;15.41692629
1900-06-09 14:00:00+01:00;18.1;15.343348
1900-06-09 15:00:00+01:00;13.2;14.85064813
1900-06-09 16:00:00+01:00;15.8;14.95120949
1900-06-09 17:00:00+01:00;13.2;14.40931961
1900-06-09 18:00:00+01:00;15.4;14.31524265
1900-06-09 19:00:00+01:00;13;13.98211655
1900-06-09 20:00:00+01:00;12.5;13.85712344
1900-06-09 21:00:00+01:00;10.4;14.41988905
1900-06-09 22:00:00+01:00;9.9;14.52783932
1900-06-09 23:00:00+01:00;6.8;15.22877969
1900-06-10 00:00:00+01:00;6.5;15.51188006
1900-06-10 01:00:00+01:00;8.5;14.99133776
1900-06-10 02:00:00+01:00;9.8;14.62386806
1900-06-10 03:00:00+01:00;8.6;15.02149671
1900-06-10 04:00:00+01:00;9.1;15.1178641
1900-06-10 05:00:00+01:00;10.9;15.05892893
1900-06-10 06:00:00+01:00;12.6;14.83595996
1900-06-10 07:00:00+01:00;12.8;14.76479833
1900-06-10 08:00:00+01:00;12.1;15.24813257
1900-06-10 09:00:00+01:00;14.2;14.89913758
1900-06-10 10:00:00+01:00;13.6;15.07445318
1900-06-10 11:00:00+01:00;16.8;14.63043698
1900-06-10 12:00:00+01:00;15;15.17148605
1900-06-10 13:00:00+01:00;16.1;15.41692629
1900-06-10 14:00:00+01:00;19.9;15.343348
1900-06-10 15:00:00+01:00;17.7;15.12631215
1900-06-10 16:00:00+01:00;18.4;14.95120949
1900-06-10 17:00:00+01:00;17;14.7078508
1900-06-10 18:00:00+01:00;15.2;14.31524265
1900-06-10 19:00:00+01:00;12.5;14.38910301
1900-06-10 20:00:00+01:00;12.3;14.13117616
1900-06-10 21:00:00+01:00;12;14.07668902
1900-06-10 22:00:00+01:00;11.8;14.08165333
1900-06-10 23:00:00+01:00;11.4;14.00875796
1900-06-11 00:00:00+01:00;11.3;19.49899624
1900-06-11 01:00:00+01:00;11.1;19.3506004
1900-06-11 02:00:00+01:00;10.8;19.46035563
1900-06-11 03:00:00+01:00;11;19.65406884
1900-06-11 04:00:00+01:00;11.6;19.79621501
1900-06-11 05:00:00+01:00;12.2;20.90652285
1900-06-11 06:00:00+01:00;13.2;24.8585251
1900-06-11 07:00:00+01:00;15.1;29.75803316
1900-06-11 08:00:00+01:00;17.2;33.04817762
1900-06-11 09:00:00+01:00;18.6;34.34133574
1900-06-11 10:00:00+01:00;18.9;35.37922117
1900-06-11 11:00:00+01:00;20;36.20555494
1900-06-11 12:00:00+01:00;18.4;35.44046223
1900-06-11 13:00:00+01:00;20;35.8839115
1900-06-11 14:00:00+01:00;20.2;35.71504279
1900-06-11 15:00:00+01:00;19.1;34.14321052
1900-06-11 16:00:00+01:00;15.7;31.51983497
1900-06-11 17:00:00+01:00;15.6;28.42610675
1900-06-11 18:00:00+01:00;14.7;24.70301801
1900-06-11 19:00:00+01:00;13.8;21.99394119
1900-06-11 20:00:00+01:00;10.8;21.16968112
1900-06-11 21:00:00+01:00;9.6;20.54171968
1900-06-11 22:00:00+01:00;7.8;20.42195636
1900-06-11 23:00:00+01:00;5.5;20.69571109
1900-06-12 00:00:00+01:00;4.5;20.45288226
1900-06-12 01:00:00+01:00;3.5;20.5316288
1900-06-12 02:00:00+01:00;5;20.42169344
1900-06-12 03:00:00+01:00;7.3;20.38739611
1900-06-12 04:00:00+01:00;7.4;20.92428749
1900-06-12 05:00:00+01:00;8.2;22.21016217
1900-06-12 06:00:00+01:00;10;25.62302198
1900-06-12 07:00:00+01:00;11.5;30.27495424
1900-06-12 08:00:00+01:00;14.3;33.04817762
1900-06-12 09:00:00+01:00;14;34.34133574
1900-06-12 10:00:00+01:00;16.4;34.71773211
1900-06-12 11:00:00+01:00;17.5;34.89933184
1900-06-12 12:00:00+01:00;18.3;35.38716666
1900-06-12 13:00:00+01:00;18.8;35.19938254
1900-06-12 14:00:00+01:00;17.8;34.48678207
1900-06-12 15:00:00+01:00;18.1;33.67711462
1900-06-12 16:00:00+01:00;20;33.04095782
1900-06-12 17:00:00+01:00;19.8;29.75662139
1900-06-12 18:00:00+01:00;18.4;24.70301801
1900-06-12 19:00:00+01:00;16;23.07900066
1900-06-12 20:00:00+01:00;15.8;21.67909903
1900-06-12 21:00:00+01:00;14.1;20.68343063
1900-06-12 22:00:00+01:00;11.7;20.24577588
1900-06-12 23:00:00+01:00;10.8;20.03957128
1900-06-13 00:00:00+01:00;10;19.63412643
1900-06-13 01:00:00+01:00;9.5;19.42449322
1900-06-13 02:00:00+01:00;8.4;19.57194412
1900-06-13 03:00:00+01:00;8.1;19.83979266
1900-06-13 04:00:00+01:00;9.8;19.87168311
1900-06-13 05:00:00+01:00;10.6;20.74941258
1900-06-13 06:00:00+01:00;13.5;24.8585251
1900-06-13 07:00:00+01:00;15;29.75803316
1900-06-13 08:00:00+01:00;16.2;33.04817762
1900-06-13 09:00:00+01:00;18.1;34.34133574
1900-06-13 10:00:00+01:00;17.4;34.71773211
1900-06-13 11:00:00+01:00;20.2;36.31440334
1900-06-13 12:00:00+01:00;20;36.29319135
1900-06-13 13:00:00+01:00;19.6;35.65573518
1900-06-13 14:00:00+01:00;21;36.12446303
1900-06-13 15:00:00+01:00;19.5;34.32964888
1900-06-13 16:00:00+01:00;19.7;32.93483297
1900-06-13 17:00:00+01:00;19;29.50319003
1900-06-13 18:00:00+01:00;19;24.70301801
1900-06-13 19:00:00+01:00;18.1;23.07900066
1900-06-13 20:00:00+01:00;15.9;21.67909903
1900-06-13 21:00:00+01:00;14.4;20.68343063
1900-06-13 22:00:00+01:00;13;19.95155438
1900-06-13 23:00:00+01:00;12;18.7292439
1900-06-14 00:00:00+01:00;12.4;19.12879079
1900-06-14 01:00:00+01:00;12.1;19.01120373
1900-06-14 02:00:00+01:00;11.7;18.10380819
1900-06-14 03:00:00+01:00;11.9;19.20964917
1900-06-14 04:00:00+01:00;11.6;18.38308853
1900-06-14 05:00:00+01:00;13;20.90652285
1900-06-14 06:00:00+01:00;12.6;24.8585251
1900-06-14 07:00:00+01:00;14.4;29.75803316
1900-06-14 08:00:00+01:00;16.2;33.04817762
1900-06-14 09:00:00+01:00;16.8;34.34133574
1900-06-14 10:00:00+01:00;18;34.71773211
1900-06-14 11:00:00+01:00;20.4;36.42325174
1900-06-14 12:00:00+01:00;20.7;36.66626034
1900-06-14 13:00:00+01:00;20.4;36.11208782
1900-06-14 14:00:00+01:00;21.8;36.53388327
1900-06-14 15:00:00+01:00;21.6;35.30845027
1900-06-14 16:00:00+01:00;24;34.45595582
1900-06-14 17:00:00+01:00;23.6;30.96042035
1900-06-14 18:00:00+01:00;23.7;24.70301801
1900-06-14 19:00:00+01:00;20.4;23.07900066
1900-06-14 20:00:00+01:00;18.7;21.67909903
1900-06-14 21:00:00+01:00;17.3;20.68343063
1900-06-14 22:00:00+01:00;16.4;19.95155438
1900-06-14 23:00:00+01:00;15.8;19.43847335
1900-06-15 00:00:00+01:00;15;19.12879079
1900-06-15 01:00:00+01:00;14.5;19.01120373
1900-06-15 02:00:00+01:00;13.3;19.02066504
1900-06-15 03:00:00+01:00;12.4;19.20964917
1900-06-15 04:00:00+01:00;12.5;19.5175761
1900-06-15 05:00:00+01:00;14.7;20.90652285
1900-06-15 06:00:00+01:00;14.3;24.8585251
1900-06-15 07:00:00+01:00;15.5;29.75803316
1900-06-15 08:00:00+01:00;18;33.04817762
1900-06-15 09:00:00+01:00;18.2;34.34133574
1900-06-15 10:00:00+01:00;20.3;36.19337073
1900-06-15 11:00:00+01:00;22.6;37.62058414
1900-06-15 12:00:00+01:00;22.5;37.6255806
1900-06-15 13:00:00+01:00;21.3;36.62548454
1900-06-15 14:00:00+01:00;23;37.14801363
1900-06-15 15:00:00+01:00;24.4;36.61351879
1900-06-15 16:00:00+01:00;25;34.80970532
1900-06-15 17:00:00+01:00;24.3;31.18217279
1900-06-15 18:00:00+01:00;23.4;24.70301801
1900-06-15 19:00:00+01:00;22.8;23.07900066
1900-06-15 20:00:00+01:00;20.4;21.67909903
1900-06-15 21:00:00+01:00;17.5;20.68343063
1900-06-15 22:00:00+01:00;16;19.95155438
1900-06-15 23:00:00+01:00;11.5;18.30113111
1900-06-16 00:00:00+01:00;10.4;12.13959557
1900-06-16 01:00:00+01:00;9.3;12.1354871
1900-06-16 02:00:00+01:00;7.7;12.50735406
1900-06-16 03:00:00+01:00;9.4;12.28168003
1900-06-16 04:00:00+01:00;10.4;12.05864895
1900-06-16 05:00:00+01:00;14;13.07044473
1900-06-16 06:00:00+01:00;17.2;13.09454046
1900-06-16 07:00:00+01:00;21.6;13.288337
1900-06-16 08:00:00+01:00;23;13.57581922
1900-06-16 09:00:00+01:00;23.8;13.77259536
1900-06-16 10:00:00+01:00;25.5;14.34171407
1900-06-16 11:00:00+01:00;26.4;14.63043698
1900-06-16 12:00:00+01:00;26.7;15.17148605
1900-06-16 13:00:00+01:00;27.6;15.41692629
1900-06-16 14:00:00+01:00;28.3;15.343348
1900-06-16 15:00:00+01:00;29.7;15.12631215
1900-06-16 16:00:00+01:00;27.5;14.95120949
1900-06-16 17:00:00+01:00;30.3;14.7078508
1900-06-16 18:00:00+01:00;29.3;14.31524265
1900-06-16 19:00:00+01:00;27;14.12402338
1900-06-16 20:00:00+01:00;21.6;13.87692449
1900-06-16 21:00:00+01:00;19.5;13.58236278
1900-06-16 22:00:00+01:00;18.4;13.36664689
1900-06-16 23:00:00+01:00;17.6;13.21399473
1900-06-17 00:00:00+01:00;16.5;13.06859498
1900-06-17 01:00:00+01:00;15.8;13.02216945
1900-06-17 02:00:00+01:00;14.8;12.85647734
1900-06-17 03:00:00+01:00;13;12.92130809
1900-06-17 04:00:00+01:00;12.2;12.97349953
1900-06-17 05:00:00+01:00;11.1;12.05910883
1900-06-17 06:00:00+01:00;13.4;12.19647524
1900-06-17 07:00:00+01:00;12;12.43360953
1900-06-17 08:00:00+01:00;14;13.57581922
1900-06-17 09:00:00+01:00;15.2;13.77259536
1900-06-17 10:00:00+01:00;15.4;14.34171407
1900-06-17 11:00:00+01:00;17;14.63043698
1900-06-17 12:00:00+01:00;18.8;15.17148605
1900-06-17 13:00:00+01:00;19.9;15.41692629
1900-06-17 14:00:00+01:00;21.2;15.343348
1900-06-17 15:00:00+01:00;21.4;15.12631215
1900-06-17 16:00:00+01:00;22.4;14.95120949
1900-06-17 17:00:00+01:00;22.1;14.7078508
1900-06-17 18:00:00+01:00;21;14.31524265
1900-06-17 19:00:00+01:00;19.5;14.12402338
1900-06-17 20:00:00+01:00;17.9;13.87692449
1900-06-17 21:00:00+01:00;16.9;13.58236278
1900-06-17 22:00:00+01:00;14.3;13.36664689
1900-06-17 23:00:00+01:00;13.7;13.21399473
1900-06-18 00:00:00+01:00;11.3;17.9505357
1900-06-18 01:00:00+01:00;12.4;19.01120373
1900-06-18 02:00:00+01:00;8.6;18.26909435
1900-06-18 03:00:00+01:00;7.5;18.76628232
1900-06-18 04:00:00+01:00;8.8;18.92310955
1900-06-18 05:00:00+01:00;11.8;20.90652285
1900-06-18 06:00:00+01:00;14.5;24.8585251
1900-06-18 07:00:00+01:00;17.9;29.75803316
1900-06-18 08:00:00+01:00;19.2;33.04817762
1900-06-18 09:00:00+01:00;21;34.34133574
1900-06-18 10:00:00+01:00;23.5;38.05428401
1900-06-18 11:00:00+01:00;25;38.92676494
1900-06-18 12:00:00+01:00;24.8;38.85137871
1900-06-18 13:00:00+01:00;25.3;38.90724774
1900-06-18 14:00:00+01:00;26.3;38.83687212
1900-06-18 15:00:00+01:00;26.3;37.499101
1900-06-18 16:00:00+01:00;27.2;35.58795422
1900-06-18 17:00:00+01:00;26.1;31.75239335
1900-06-18 18:00:00+01:00;26.7;24.70301801
1900-06-18 19:00:00+01:00;23.6;23.07900066
1900-06-18 20:00:00+01:00;20.7;21.67909903
1900-06-18 21:00:00+01:00;18.6;20.68343063
1900-06-18 22:00:00+01:00;16.1;19.95155438
1900-06-18 23:00:00+01:00;14.2;19.43847335
1900-06-19 00:00:00+01:00;12.2;19.12879079
1900-06-19 01:00:00+01:00;12.1;19.01120373
1900-06-19 02:00:00+01:00;12.9;19.02066504
1900-06-19 03:00:00+01:00;12.8;19.20964917
1900-06-19 04:00:00+01:00;12.6;19.5175761
1900-06-19 05:00:00+01:00;12.5;20.90652285
1900-06-19 06:00:00+01:00;12.6;24.8585251
1900-06-19 07:00:00+01:00;12.4;29.75803316
1900-06-19 08:00:00+01:00;12.7;31.12511789
1900-06-19 09:00:00+01:00;13.9;34.34133574
1900-06-19 10:00:00+01:00;14.2;34.71773211
1900-06-19 11:00:00+01:00;13;34.89933184
1900-06-19 12:00:00+01:00;13.3;34.75000235
1900-06-19 13:00:00+01:00;13.5;34.2732785
1900-06-19 14:00:00+01:00;17;34.07736183
1900-06-19 15:00:00+01:00;16.7;33.02458036
1900-06-19 16:00:00+01:00;17.1;32.01508427
1900-06-19 17:00:00+01:00;16.6;28.74289595
1900-06-19 18:00:00+01:00;16.2;24.70301801
1900-06-19 19:00:00+01:00;14.5;23.07900066
1900-06-19 20:00:00+01:00;13.6;21.67909903
1900-06-19 21:00:00+01:00;13.4;20.68343063
1900-06-19 22:00:00+01:00;12.7;19.95155438
1900-06-19 23:00:00+01:00;12.8;19.43847335
1900-06-20 00:00:00+01:00;12;19.12879079
1900-06-20 01:00:00+01:00;11.4;19.10298044
1900-06-20 02:00:00+01:00;10;19.48080951
1900-06-20 03:00:00+01:00;10.1;19.82030628
1900-06-20 04:00:00+01:00;11;20.00977171
1900-06-20 05:00:00+01:00;13.1;20.90652285
1900-06-20 06:00:00+01:00;14.9;24.8585251
1900-06-20 07:00:00+01:00;16.5;29.75803316
1900-06-20 08:00:00+01:00;18.4;33.04817762
1900-06-20 09:00:00+01:00;19.1;34.34133574
1900-06-20 10:00:00+01:00;20.8;36.48413843
1900-06-20 11:00:00+01:00;22.2;37.40288734
1900-06-20 12:00:00+01:00;22.7;37.73217174
1900-06-20 13:00:00+01:00;24.4;38.39385102
1900-06-20 14:00:00+01:00;23.3;37.30154622
1900-06-20 15:00:00+01:00;22;35.49488863
1900-06-20 16:00:00+01:00;21.5;33.57158207
1900-06-20 17:00:00+01:00;19.7;29.72494247
1900-06-20 18:00:00+01:00;18.3;24.70301801
1900-06-20 19:00:00+01:00;17;23.07900066
1900-06-20 20:00:00+01:00;15;21.67909903
1900-06-20 21:00:00+01:00;13;20.68343063
1900-06-20 22:00:00+01:00;11.4;18.79694338
1900-06-20 23:00:00+01:00;11.2;18.35200404
1900-06-21 00:00:00+01:00;11.2;17.94400411
1900-06-21 01:00:00+01:00;11;17.78135956
1900-06-21 02:00:00+01:00;11;17.87456538
1900-06-21 03:00:00+01:00;10.5;17.81775611
1900-06-21 04:00:00+01:00;10.7;17.96639262
1900-06-21 05:00:00+01:00;10.7;19.33225858
1900-06-21 06:00:00+01:00;10.2;22.86117151
1900-06-21 07:00:00+01:00;11.2;27.76182151
1900-06-21 08:00:00+01:00;12.9;33.04817762
1900-06-21 09:00:00+01:00;16.8;34.34133574
1900-06-21 10:00:00+01:00;19;35.43737471
1900-06-21 11:00:00+01:00;19.4;35.87900974
1900-06-21 12:00:00+01:00;19.2;35.86682679
1900-06-21 13:00:00+01:00;21.7;36.85366086
1900-06-21 14:00:00+01:00;20.7;35.97093044
1900-06-21 15:00:00+01:00;19.5;34.32964888
1900-06-21 16:00:00+01:00;17.6;32.19195902
1900-06-21 17:00:00+01:00;18.4;29.31311651
1900-06-21 18:00:00+01:00;17.1;24.70301801
1900-06-21 19:00:00+01:00;16.4;23.07900066
1900-06-21 20:00:00+01:00;15.3;21.67909903
1900-06-21 21:00:00+01:00;14.1;20.68343063
1900-06-21 22:00:00+01:00;13.9;19.95155438
1900-06-21 23:00:00+01:00;13;19.43847335
1900-06-22 00:00:00+01:00;12.2;19.12879079
1900-06-22 01:00:00+01:00;11.6;18.28787349
1900-06-22 02:00:00+01:00;11.5;18.41627631
1900-06-22 03:00:00+01:00;12.3;19.20964917
1900-06-22 04:00:00+01:00;13.4;19.5175761
1900-06-22 05:00:00+01:00;14;20.90652285
1900-06-22 06:00:00+01:00;14.5;24.8585251
1900-06-22 07:00:00+01:00;17.5;29.75803316
1900-06-22 08:00:00+01:00;17.7;33.04817762
1900-06-22 09:00:00+01:00;18.5;34.34133574
1900-06-22 10:00:00+01:00;19.9;35.96075657
1900-06-22 11:00:00+01:00;19.5;35.93343394
1900-06-22 12:00:00+01:00;21.6;37.14592047
1900-06-22 13:00:00+01:00;21;36.4543523
1900-06-22 14:00:00+01:00;21.2;36.22681809
1900-06-22 15:00:00+01:00;21;35.02879273
1900-06-22 16:00:00+01:00;18.8;32.61645842
1900-06-22 17:00:00+01:00;15.1;28.26771215
1900-06-22 18:00:00+01:00;17.9;24.70301801
1900-06-22 19:00:00+01:00;18;23.07900066
1900-06-22 20:00:00+01:00;17.4;21.67909903
1900-06-22 21:00:00+01:00;17;20.68343063
1900-06-22 22:00:00+01:00;15.8;19.95155438
1900-06-22 23:00:00+01:00;16.7;19.43847335
1900-06-23 00:00:00+01:00;15.5;13.06859498
1900-06-23 01:00:00+01:00;14.7;13.02216945
1900-06-23 02:00:00+01:00;12.4;11.91727431
1900-06-23 03:00:00+01:00;14.4;12.92130809
1900-06-23 04:00:00+01:00;15;12.97349953
1900-06-23 05:00:00+01:00;15.6;13.07044473
1900-06-23 06:00:00+01:00;16.6;13.09454046
1900-06-23 07:00:00+01:00;15.2;13.288337
1900-06-23 08:00:00+01:00;16.3;13.57581922
1900-06-23 09:00:00+01:00;16.3;13.77259536
1900-06-23 10:00:00+01:00;17.5;14.34171407
1900-06-23 11:00:00+01:00;17;14.63043698
1900-06-23 12:00:00+01:00;16.2;15.17148605
1900-06-23 13:00:00+01:00;18.3;15.41692629
1900-06-23 14:00:00+01:00;14.6;14.40471804
1900-06-23 15:00:00+01:00;15.4;15.12631215
1900-06-23 16:00:00+01:00;14.5;14.95120949
1900-06-23 17:00:00+01:00;15.2;14.7078508
1900-06-23 18:00:00+01:00;15;14.31524265
1900-06-23 19:00:00+01:00;14.5;14.12402338
1900-06-23 20:00:00+01:00;14.4;13.87692449
1900-06-23 21:00:00+01:00;14.2;13.58236278
1900-06-23 22:00:00+01:00;13.6;13.36664689
1900-06-23 23:00:00+01:00;12.4;12.71642786
1900-06-24 00:00:00+01:00;12;12.92219073
1900-06-24 01:00:00+01:00;11.7;13.04011626
1900-06-24 02:00:00+01:00;13.5;12.85647734
1900-06-24 03:00:00+01:00;13.6;12.92130809
1900-06-24 04:00:00+01:00;12.7;12.97349953
1900-06-24 05:00:00+01:00;12.5;13.53104216
1900-06-24 06:00:00+01:00;12.3;14.03131157
1900-06-24 07:00:00+01:00;9;15.07318726
1900-06-24 08:00:00+01:00;9.8;15.20006215
1900-06-24 09:00:00+01:00;9.7;15.89410897
1900-06-24 10:00:00+01:00;11.5;15.36073586
1900-06-24 11:00:00+01:00;11.4;15.56455759
1900-06-24 12:00:00+01:00;13.1;15.30804039
1900-06-24 13:00:00+01:00;15.4;15.41692629
1900-06-24 14:00:00+01:00;16.4;15.343348
1900-06-24 15:00:00+01:00;11.7;15.92010087
1900-06-24 16:00:00+01:00;14.9;14.95120949
1900-06-24 17:00:00+01:00;14;14.40950712
1900-06-24 18:00:00+01:00;14.7;14.31524265
1900-06-24 19:00:00+01:00;12.4;14.42290494
1900-06-24 20:00:00+01:00;11.5;14.43328063
1900-06-24 21:00:00+01:00;11.3;14.42736568
1900-06-24 22:00:00+01:00;10.4;14.68496466
1900-06-24 23:00:00+01:00;10.3;14.66138308
1900-06-25 00:00:00+01:00;10.2;20.29281528
1900-06-25 01:00:00+01:00;9.2;20.41204597
1900-06-25 02:00:00+01:00;9.4;20.58418911
1900-06-25 03:00:00+01:00;8.9;21.0915522
1900-06-25 04:00:00+01:00;9.2;21.64102938
1900-06-25 05:00:00+01:00;10;22.65408011
1900-06-25 06:00:00+01:00;10.4;26.51333342
1900-06-25 07:00:00+01:00;10.5;31.72117616
1900-06-25 08:00:00+01:00;13;33.04817762
1900-06-25 09:00:00+01:00;13.8;34.34133574
1900-06-25 10:00:00+01:00;14.4;34.71773211
1900-06-25 11:00:00+01:00;16.4;34.89933184
1900-06-25 12:00:00+01:00;17.2;34.75000235
1900-06-25 13:00:00+01:00;16.5;34.2732785
1900-06-25 14:00:00+01:00;17.4;34.28207195
1900-06-25 15:00:00+01:00;17.2;33.25762831
1900-06-25 16:00:00+01:00;17.4;32.12120912
1900-06-25 17:00:00+01:00;16.7;28.77457487
1900-06-25 18:00:00+01:00;15.7;24.70301801
1900-06-25 19:00:00+01:00;15.5;23.07900066
1900-06-25 20:00:00+01:00;14.2;21.67909903
1900-06-25 21:00:00+01:00;12.7;20.68343063
1900-06-25 22:00:00+01:00;12.3;20.00687709
1900-06-25 23:00:00+01:00;10.5;20.11547203
1900-06-26 00:00:00+01:00;8.3;20.14175094
1900-06-26 01:00:00+01:00;7.2;20.20187496
1900-06-26 02:00:00+01:00;5.8;20.56447683
1900-06-26 03:00:00+01:00;6.3;20.78290389
1900-06-26 04:00:00+01:00;8;21.02112569
1900-06-26 05:00:00+01:00;8.8;22.14641629
1900-06-26 06:00:00+01:00;11.2;25.20090327
1900-06-26 07:00:00+01:00;13.4;29.75803316
1900-06-26 08:00:00+01:00;16;33.04817762
1900-06-26 09:00:00+01:00;18;34.34133574
1900-06-26 10:00:00+01:00;17.7;34.71773211
1900-06-26 11:00:00+01:00;19;35.66131294
1900-06-26 12:00:00+01:00;18.6;35.54705337
1900-06-26 13:00:00+01:00;20.3;36.05504374
1900-06-26 14:00:00+01:00;19.3;35.25444502
1900-06-26 15:00:00+01:00;19.3;34.2364297
1900-06-26 16:00:00+01:00;19.1;32.72258327
1900-06-26 17:00:00+01:00;18.3;29.28143759
1900-06-26 18:00:00+01:00;18;24.70301801
1900-06-26 19:00:00+01:00;14.8;23.07900066
1900-06-26 20:00:00+01:00;13.8;21.67909903
1900-06-26 21:00:00+01:00;13.4;20.68343063
1900-06-26 22:00:00+01:00;11.6;19.77945621
1900-06-26 23:00:00+01:00;10.2;19.79986884
1900-06-27 00:00:00+01:00;10.1;19.30819117
1900-06-27 01:00:00+01:00;9.5;19.19057898
1900-06-27 02:00:00+01:00;8;19.42018947
1900-06-27 03:00:00+01:00;8.7;19.48793552
1900-06-27 04:00:00+01:00;9.7;19.6141106
1900-06-27 05:00:00+01:00;10.6;20.51695934
1900-06-27 06:00:00+01:00;13.3;24.8585251
1900-06-27 07:00:00+01:00;14.9;29.75803316
1900-06-27 08:00:00+01:00;16.6;33.04817762
1900-06-27 09:00:00+01:00;19;34.34133574
1900-06-27 10:00:00+01:00;20.2;36.13521719
1900-06-27 11:00:00+01:00;21.9;37.23961474
1900-06-27 12:00:00+01:00;22.3;37.51898946
1900-06-27 13:00:00+01:00;21.7;36.85366086
1900-06-27 14:00:00+01:00;20.5;35.86857538
1900-06-27 15:00:00+01:00;20.4;34.74913519
1900-06-27 16:00:00+01:00;23.2;34.17295622
1900-06-27 17:00:00+01:00;22;30.45355763
1900-06-27 18:00:00+01:00;22.3;24.70301801
1900-06-27 19:00:00+01:00;20.2;23.07900066
1900-06-27 20:00:00+01:00;18.6;21.67909903
1900-06-27 21:00:00+01:00;16.6;20.68343063
1900-06-27 22:00:00+01:00;14.8;19.95155438
1900-06-27 23:00:00+01:00;11.6;18.3447052
1900-06-28 00:00:00+01:00;9.9;18.0226143
1900-06-28 01:00:00+01:00;9.3;17.89329716
1900-06-28 02:00:00+01:00;7;18.25977526
1900-06-28 03:00:00+01:00;7;18.46058072
1900-06-28 04:00:00+01:00;10;18.20961293
1900-06-28 05:00:00+01:00;12.7;20.90652285
1900-06-28 06:00:00+01:00;15.9;24.8585251
1900-06-28 07:00:00+01:00;17.4;29.75803316
1900-06-28 08:00:00+01:00;19;33.04817762
1900-06-28 09:00:00+01:00;20.5;34.34133574
1900-06-28 10:00:00+01:00;22.9;37.70536277
1900-06-28 11:00:00+01:00;24.3;38.54579554
1900-06-28 12:00:00+01:00;24;38.42501415
1900-06-28 13:00:00+01:00;23.1;37.65227798
1900-06-28 14:00:00+01:00;24.6;37.96685411
1900-06-28 15:00:00+01:00;24.6;36.70673797
1900-06-28 16:00:00+01:00;23.9;34.42058087
1900-06-28 17:00:00+01:00;22.9;30.73866791
1900-06-28 18:00:00+01:00;23.5;24.70301801
1900-06-28 19:00:00+01:00;20.1;23.07900066
1900-06-28 20:00:00+01:00;17.8;21.67909903
1900-06-28 21:00:00+01:00;16;20.68343063
1900-06-28 22:00:00+01:00;13.8;19.95155438
1900-06-28 23:00:00+01:00;13.8;19.43847335
1900-06-29 00:00:00+01:00;13.7;19.12879079
1900-06-29 01:00:00+01:00;13.2;19.01120373
1900-06-29 02:00:00+01:00;12.8;19.02066504
1900-06-29 03:00:00+01:00;13.4;19.20964917
1900-06-29 04:00:00+01:00;13.7;19.5175761
1900-06-29 05:00:00+01:00;14.2;20.90652285
1900-06-29 06:00:00+01:00;14.6;24.8585251
1900-06-29 07:00:00+01:00;16.2;29.75803316
1900-06-29 08:00:00+01:00;16.2;33.04817762
1900-06-29 09:00:00+01:00;16.2;34.34133574
1900-06-29 10:00:00+01:00;14.7;34.71773211
1900-06-29 11:00:00+01:00;14.7;34.89933184
1900-06-29 12:00:00+01:00;16;34.75000235
1900-06-29 13:00:00+01:00;16.3;34.2732785
1900-06-29 14:00:00+01:00;16;33.57536173
1900-06-29 15:00:00+01:00;16.6;32.97797077
1900-06-29 16:00:00+01:00;16.5;31.80283457
1900-06-29 17:00:00+01:00;15.7;28.45778567
1900-06-29 18:00:00+01:00;15.2;24.70301801
1900-06-29 19:00:00+01:00;15;23.07900066
1900-06-29 20:00:00+01:00;15.1;21.67909903
1900-06-29 21:00:00+01:00;14.6;20.68343063
1900-06-29 22:00:00+01:00;14.6;19.95155438
1900-06-29 23:00:00+01:00;14.3;19.43847335
1900-06-30 00:00:00+01:00;14;13.06859498
1900-06-30 01:00:00+01:00;13.6;13.02216945
1900-06-30 02:00:00+01:00;12.9;12.85647734
1900-06-30 03:00:00+01:00;13.6;12.92130809
1900-06-30 04:00:00+01:00;13.1;12.97349953
1900-06-30 05:00:00+01:00;13;13.26140146
1900-06-30 06:00:00+01:00;13.9;13.09454046
1900-06-30 07:00:00+01:00;15;13.288337
1900-06-30 08:00:00+01:00;16.3;13.57581922
1900-06-30 09:00:00+01:00;17.8;13.77259536
1900-06-30 10:00:00+01:00;18.5;14.34171407
1900-06-30 11:00:00+01:00;18.2;14.63043698
1900-06-30 12:00:00+01:00;19;15.17148605
1900-06-30 13:00:00+01:00;17.3;15.41692629
1900-06-30 14:00:00+01:00;17;15.343348
1900-06-30 15:00:00+01:00;15.5;15.12631215
1900-06-30 16:00:00+01:00;15.4;14.95120949
1900-06-30 17:00:00+01:00;15.7;14.7078508
1900-06-30 18:00:00+01:00;15.2;14.31524265
1900-06-30 19:00:00+01:00;15.6;14.12402338
1900-06-30 20:00:00+01:00;15.6;13.87692449
1900-06-30 21:00:00+01:00;14.2;13.58236278
1900-06-30 22:00:00+01:00;14.5;13.36664689
1900-06-30 23:00:00+01:00;14.3;13.21399473
1900-07-01 00:00:00+01:00;14.4;13.06859498
1900-07-01 01:00:00+01:00;14.3;13.02216945
1900-07-01 02:00:00+01:00;13.9;12.85647734
1900-07-01 03:00:00+01:00;13.7;12.92130809
1900-07-01 04:00:00+01:00;14.3;12.97349953
1900-07-01 05:00:00+01:00;14.8;13.07044473
1900-07-01 06:00:00+01:00;15.2;13.09454046
1900-07-01 07:00:00+01:00;15.5;13.288337
1900-07-01 08:00:00+01:00;16.7;13.57581922
1900-07-01 09:00:00+01:00;18.3;13.77259536
1900-07-01 10:00:00+01:00;21.7;14.34171407
1900-07-01 11:00:00+01:00;23.4;14.63043698
1900-07-01 12:00:00+01:00;24.4;15.17148605
1900-07-01 13:00:00+01:00;24.9;15.41692629
1900-07-01 14:00:00+01:00;24.4;15.343348
1900-07-01 15:00:00+01:00;24.6;15.12631215
1900-07-01 16:00:00+01:00;24.3;14.95120949
1900-07-01 17:00:00+01:00;24;14.7078508
1900-07-01 18:00:00+01:00;23.2;14.31524265
1900-07-01 19:00:00+01:00;22.4;14.12402338
1900-07-01 20:00:00+01:00;21;13.87692449
1900-07-01 21:00:00+01:00;19.4;13.58236278
1900-07-01 22:00:00+01:00;18.4;13.36664689
1900-07-01 23:00:00+01:00;18.3;13.21399473
1900-07-02 00:00:00+01:00;18.5;19.12879079
1900-07-02 01:00:00+01:00;18.4;19.01120373
1900-07-02 02:00:00+01:00;18.2;19.02066504
1900-07-02 03:00:00+01:00;18.2;19.20964917
1900-07-02 04:00:00+01:00;17.5;19.5175761
1900-07-02 05:00:00+01:00;17.2;20.90652285
1900-07-02 06:00:00+01:00;17;24.8585251
1900-07-02 07:00:00+01:00;17.4;29.75803316
1900-07-02 08:00:00+01:00;18;33.04817762
1900-07-02 09:00:00+01:00;18.3;34.34133574
1900-07-02 10:00:00+01:00;19.3;35.61183533
1900-07-02 11:00:00+01:00;20.6;36.53210014
1900-07-02 12:00:00+01:00;23.5;38.1585363
1900-07-02 13:00:00+01:00;25.9;39.24951222
1900-07-02 14:00:00+01:00;27.4;39.39982495
1900-07-02 15:00:00+01:00;27.6;38.10502567
1900-07-02 16:00:00+01:00;28.4;36.01245362
1900-07-02 17:00:00+01:00;28.1;32.38597175
1900-07-02 18:00:00+01:00;27.1;24.70301801
1900-07-02 19:00:00+01:00;26.6;23.07900066
1900-07-02 20:00:00+01:00;25.2;21.67909903
1900-07-02 21:00:00+01:00;23;20.68343063
1900-07-02 22:00:00+01:00;21.7;19.95155438
1900-07-02 23:00:00+01:00;20.5;19.43847335
1900-07-03 00:00:00+01:00;19.2;19.12879079
1900-07-03 01:00:00+01:00;18.6;19.01120373
1900-07-03 02:00:00+01:00;17.9;19.02066504
1900-07-03 03:00:00+01:00;17.8;19.20964917
1900-07-03 04:00:00+01:00;18;19.5175761
1900-07-03 05:00:00+01:00;18.7;20.90652285
1900-07-03 06:00:00+01:00;21.1;24.8585251
1900-07-03 07:00:00+01:00;24;29.75803316
1900-07-03 08:00:00+01:00;26.1;33.04817762
1900-07-03 09:00:00+01:00;26.9;34.34133574
1900-07-03 10:00:00+01:00;27;40.08965791
1900-07-03 11:00:00+01:00;27.5;40.28736994
1900-07-03 12:00:00+01:00;29;41.08979265
1900-07-03 13:00:00+01:00;28.6;40.78970238
1900-07-03 14:00:00+01:00;28.7;40.06513284
1900-07-03 15:00:00+01:00;29.8;39.13043665
1900-07-03 16:00:00+01:00;29.5;36.40157807
1900-07-03 17:00:00+01:00;28;32.35429283
1900-07-03 18:00:00+01:00;27;24.70301801
1900-07-03 19:00:00+01:00;25.3;23.07900066
1900-07-03 20:00:00+01:00;23.1;21.67909903
1900-07-03 21:00:00+01:00;21.6;20.68343063
1900-07-03 22:00:00+01:00;20.1;19.95155438
1900-07-03 23:00:00+01:00;19.5;19.43847335
1900-07-04 00:00:00+01:00;19.1;19.12879079
1900-07-04 01:00:00+01:00;18.8;19.01120373
1900-07-04 02:00:00+01:00;18.8;19.02066504
1900-07-04 03:00:00+01:00;18.1;19.20964917
1900-07-04 04:00:00+01:00;16.4;19.5175761
1900-07-04 05:00:00+01:00;16;20.90652285
1900-07-04 06:00:00+01:00;16.3;24.8585251
1900-07-04 07:00:00+01:00;17.4;29.75803316
1900-07-04 08:00:00+01:00;18.4;33.04817762
1900-07-04 09:00:00+01:00;19.7;34.34133574
1900-07-04 10:00:00+01:00;20.8;36.48413843
1900-07-04 11:00:00+01:00;19.6;35.98785814
1900-07-04 12:00:00+01:00;19.6;36.08000907
1900-07-04 13:00:00+01:00;20;35.8839115
1900-07-04 14:00:00+01:00;20.3;35.76622032
1900-07-04 15:00:00+01:00;19.7;34.42286806
1900-07-04 16:00:00+01:00;19.8;32.97020792
1900-07-04 17:00:00+01:00;20.4;29.94669491
1900-07-04 18:00:00+01:00;19.7;24.70301801
1900-07-04 19:00:00+01:00;18.5;23.07900066
1900-07-04 20:00:00+01:00;17.6;21.67909903
1900-07-04 21:00:00+01:00;16.5;20.68343063
1900-07-04 22:00:00+01:00;15.7;19.95155438
1900-07-04 23:00:00+01:00;15.3;19.43847335
1900-07-05 00:00:00+01:00;14.9;19.12879079
1900-07-05 01:00:00+01:00;14.8;19.01120373
1900-07-05 02:00:00+01:00;14.2;19.02066504
1900-07-05 03:00:00+01:00;13.7;19.20964917
1900-07-05 04:00:00+01:00;13.5;19.5175761
1900-07-05 05:00:00+01:00;13.2;20.90652285
1900-07-05 06:00:00+01:00;14.6;24.8585251
1900-07-05 07:00:00+01:00;15.6;29.75803316
1900-07-05 08:00:00+01:00;16.5;33.04817762
1900-07-05 09:00:00+01:00;17.7;34.34133574
1900-07-05 10:00:00+01:00;17.8;34.71773211
1900-07-05 11:00:00+01:00;17.4;34.89933184
1900-07-05 12:00:00+01:00;17.7;35.06739324
1900-07-05 13:00:00+01:00;17.9;34.68598582
1900-07-05 14:00:00+01:00;18.6;34.89620231
1900-07-05 15:00:00+01:00;19.8;34.46947765
1900-07-05 16:00:00+01:00;19.1;32.72258327
1900-07-05 17:00:00+01:00;18.7;29.40815327
1900-07-05 18:00:00+01:00;17.9;24.70301801
1900-07-05 19:00:00+01:00;17.5;23.07900066
1900-07-05 20:00:00+01:00;16.8;21.67909903
1900-07-05 21:00:00+01:00;16.1;20.68343063
1900-07-05 22:00:00+01:00;15;19.95155438
1900-07-05 23:00:00+01:00;13.8;19.43847335
1900-07-06 00:00:00+01:00;12.3;19.12879079
1900-07-06 01:00:00+01:00;11.6;17.79242002
1900-07-06 02:00:00+01:00;11;18.03501943
1900-07-06 03:00:00+01:00;10.4;18.321009
1900-07-06 04:00:00+01:00;11.5;18.4865359
1900-07-06 05:00:00+01:00;12.4;20.90652285
1900-07-06 06:00:00+01:00;13.5;24.8585251
1900-07-06 07:00:00+01:00;15.2;29.75803316
1900-07-06 08:00:00+01:00;15.6;33.04817762
1900-07-06 09:00:00+01:00;16.8;34.34133574
1900-07-06 10:00:00+01:00;18;34.71773211
1900-07-06 11:00:00+01:00;20;36.20555494
1900-07-06 12:00:00+01:00;20.9;36.77285148
1900-07-06 13:00:00+01:00;21.5;36.7395727
1900-07-06 14:00:00+01:00;22;36.63623833
1900-07-06 15:00:00+01:00;22.5;35.72793658
1900-07-06 16:00:00+01:00;22.4;33.88995662
1900-07-06 17:00:00+01:00;21.6;30.32684195
1900-07-06 18:00:00+01:00;21.1;24.70301801
1900-07-06 19:00:00+01:00;20.1;23.07900066
1900-07-06 20:00:00+01:00;18.6;21.67909903
1900-07-06 21:00:00+01:00;17.7;20.68343063
1900-07-06 22:00:00+01:00;16.6;19.95155438
1900-07-06 23:00:00+01:00;15.6;19.43847335
1900-07-07 00:00:00+01:00;15.3;13.06859498
1900-07-07 01:00:00+01:00;15.2;13.02216945
1900-07-07 02:00:00+01:00;15.3;12.85647734
1900-07-07 03:00:00+01:00;15.1;12.92130809
1900-07-07 04:00:00+01:00;15.6;12.97349953
1900-07-07 05:00:00+01:00;17.3;13.07044473
1900-07-07 06:00:00+01:00;17.5;13.09454046
1900-07-07 07:00:00+01:00;17.2;13.288337
1900-07-07 08:00:00+01:00;17.5;13.57581922
1900-07-07 09:00:00+01:00;17.4;13.77259536
1900-07-07 10:00:00+01:00;17.2;14.34171407
1900-07-07 11:00:00+01:00;17.8;14.63043698
1900-07-07 12:00:00+01:00;17.6;15.17148605
1900-07-07 13:00:00+01:00;18;15.41692629
1900-07-07 14:00:00+01:00;16.8;15.343348
1900-07-07 15:00:00+01:00;17;15.12631215
1900-07-07 16:00:00+01:00;16.2;14.95120949
1900-07-07 17:00:00+01:00;15.7;14.7078508
1900-07-07 18:00:00+01:00;14.4;14.31524265
1900-07-07 19:00:00+01:00;14.2;14.12402338
1900-07-07 20:00:00+01:00;14.1;13.87692449
1900-07-07 21:00:00+01:00;13.6;13.58236278
1900-07-07 22:00:00+01:00;13.2;13.36664689
1900-07-07 23:00:00+01:00;13.3;13.21399473
1900-07-08 00:00:00+01:00;13.1;13.06859498
1900-07-08 01:00:00+01:00;13.1;13.02216945
1900-07-08 02:00:00+01:00;13.4;12.85647734
1900-07-08 03:00:00+01:00;13.3;12.92130809
1900-07-08 04:00:00+01:00;13.3;12.97349953
1900-07-08 05:00:00+01:00;13.5;13.07044473
1900-07-08 06:00:00+01:00;14;13.09454046
1900-07-08 07:00:00+01:00;14.3;13.288337
1900-07-08 08:00:00+01:00;15;13.57581922
1900-07-08 09:00:00+01:00;15.9;13.77259536
1900-07-08 10:00:00+01:00;16.1;14.34171407
1900-07-08 11:00:00+01:00;15.5;14.63043698
1900-07-08 12:00:00+01:00;17;15.17148605
1900-07-08 13:00:00+01:00;17.1;15.41692629
1900-07-08 14:00:00+01:00;17.1;15.343348
1900-07-08 15:00:00+01:00;16.9;15.12631215
1900-07-08 16:00:00+01:00;15.8;14.95120949
1900-07-08 17:00:00+01:00;15.3;14.7078508
1900-07-08 18:00:00+01:00;15.2;14.31524265
1900-07-08 19:00:00+01:00;15;14.12402338
1900-07-08 20:00:00+01:00;14.9;13.87692449
1900-07-08 21:00:00+01:00;14.6;13.58236278
1900-07-08 22:00:00+01:00;14.3;13.36664689
1900-07-08 23:00:00+01:00;14.5;13.21399473
1900-07-09 00:00:00+01:00;14.5;12.81651205
1900-07-09 01:00:00+01:00;14.4;12.811904
1900-07-09 02:00:00+01:00;14;12.84493768
1900-07-09 03:00:00+01:00;14.1;12.8988287
1900-07-09 04:00:00+01:00;14.1;13.06964072
1900-07-09 05:00:00+01:00;14;13.75499167
1900-07-09 06:00:00+01:00;14.4;16.52167001
1900-07-09 07:00:00+01:00;11.4;19.98397332
1900-07-09 08:00:00+01:00;10.9;23.35021882
1900-07-09 09:00:00+01:00;10.7;25.07436909
1900-07-09 10:00:00+01:00;11;21.9869506
1900-07-09 11:00:00+01:00;11.7;21.83786893
1900-07-09 12:00:00+01:00;11.7;21.70470513
1900-07-09 13:00:00+01:00;11.6;21.45972288
1900-07-09 14:00:00+01:00;12;20.66216285
1900-07-09 15:00:00+01:00;12.4;19.41435321
1900-07-09 16:00:00+01:00;12.5;18.54588429
1900-07-09 17:00:00+01:00;14.6;15.585713
1900-07-09 18:00:00+01:00;14.2;17.40701409
1900-07-09 19:00:00+01:00;13.9;15.89020963
1900-07-09 20:00:00+01:00;13.1;14.85022468
1900-07-09 21:00:00+01:00;12.7;13.64573278
1900-07-09 22:00:00+01:00;12.6;13.8230223
1900-07-09 23:00:00+01:00;12.6;13.71378995
1900-07-10 00:00:00+01:00;12.2;12.81651205
1900-07-10 01:00:00+01:00;12;13.72878961
1900-07-10 02:00:00+01:00;12.2;12.84493768
1900-07-10 03:00:00+01:00;12.1;14.22687317
1900-07-10 04:00:00+01:00;12.4;13.06964072
1900-07-10 05:00:00+01:00;12.7;13.75499167
1900-07-10 06:00:00+01:00;13;16.52167001
1900-07-10 07:00:00+01:00;13.4;19.63399761
1900-07-10 08:00:00+01:00;14.6;22.07452725
1900-07-10 09:00:00+01:00;14.8;23.41220922
1900-07-10 10:00:00+01:00;15.7;20.905836
1900-07-10 11:00:00+01:00;16;21.07856015
1900-07-10 12:00:00+01:00;16.3;20.70855084
1900-07-10 13:00:00+01:00;16.3;20.31862949
1900-07-10 14:00:00+01:00;16.5;19.64312327
1900-07-10 15:00:00+01:00;16.8;18.46445851
1900-07-10 16:00:00+01:00;18.2;17.13566745
1900-07-10 17:00:00+01:00;17.6;15.69289668
1900-07-10 18:00:00+01:00;16.6;17.24695439
1900-07-10 19:00:00+01:00;15.4;15.73748567
1900-07-10 20:00:00+01:00;15.3;14.42546713
1900-07-10 21:00:00+01:00;14.8;13.64573278
1900-07-10 22:00:00+01:00;13.9;13.28799257
1900-07-10 23:00:00+01:00;12.4;13.07094842
1900-07-11 00:00:00+01:00;11.6;12.91718967
1900-07-11 01:00:00+01:00;11.2;13.04141086
1900-07-11 02:00:00+01:00;11.3;13.16793299
1900-07-11 03:00:00+01:00;11.1;13.30969805
1900-07-11 04:00:00+01:00;10.8;13.6033444
1900-07-11 05:00:00+01:00;11.5;14.00169263
1900-07-11 06:00:00+01:00;11.8;17.03610682
1900-07-11 07:00:00+01:00;13;19.63399761
1900-07-11 08:00:00+01:00;14.6;22.07452725
1900-07-11 09:00:00+01:00;17;23.41220922
1900-07-11 10:00:00+01:00;17.4;20.905836
1900-07-11 11:00:00+01:00;18.9;21.07856015
1900-07-11 12:00:00+01:00;19.6;20.70855084
1900-07-11 13:00:00+01:00;18.1;20.31862949
1900-07-11 14:00:00+01:00;19.1;19.64312327
1900-07-11 15:00:00+01:00;18.2;18.46445851
1900-07-11 16:00:00+01:00;16.8;17.13566745
1900-07-11 17:00:00+01:00;16.4;15.69289668
1900-07-11 18:00:00+01:00;16;17.24695439
1900-07-11 19:00:00+01:00;16;15.73748567
1900-07-11 20:00:00+01:00;15.2;14.42546713
1900-07-11 21:00:00+01:00;15;13.64573278
1900-07-11 22:00:00+01:00;14.5;13.28799257
1900-07-11 23:00:00+01:00;14.2;13.05286929
1900-07-12 00:00:00+01:00;13.8;12.81651205
1900-07-12 01:00:00+01:00;13.6;12.811904
1900-07-12 02:00:00+01:00;13;12.84493768
1900-07-12 03:00:00+01:00;12.5;12.8988287
1900-07-12 04:00:00+01:00;12.5;13.06964072
1900-07-12 05:00:00+01:00;12.4;13.75499167
1900-07-12 06:00:00+01:00;12.6;15.93379459
1900-07-12 07:00:00+01:00;14.3;19.63399761
1900-07-12 08:00:00+01:00;15.2;22.07452725
1900-07-12 09:00:00+01:00;15.8;23.41220922
1900-07-12 10:00:00+01:00;16.5;20.905836
1900-07-12 11:00:00+01:00;17.2;21.07856015
1900-07-12 12:00:00+01:00;14.6;20.2771175
1900-07-12 13:00:00+01:00;12.2;20.47633191
1900-07-12 14:00:00+01:00;13.8;19.21080904
1900-07-12 15:00:00+01:00;15.6;18.46445851
1900-07-12 16:00:00+01:00;15.7;17.13566745
1900-07-12 17:00:00+01:00;15.4;15.69289668
1900-07-12 18:00:00+01:00;14.5;16.95688528
1900-07-12 19:00:00+01:00;14.2;15.73748567
1900-07-12 20:00:00+01:00;12.9;14.76176105
1900-07-12 21:00:00+01:00;12;14.0468692
1900-07-12 22:00:00+01:00;11;13.89052512
1900-07-12 23:00:00+01:00;9.9;14.27876964
1900-07-13 00:00:00+01:00;10.2;13.71701142
1900-07-13 01:00:00+01:00;10.2;13.81511621
1900-07-13 02:00:00+01:00;9.8;14.14695181
1900-07-13 03:00:00+01:00;8.6;14.54456914
1900-07-13 04:00:00+01:00;9.2;14.79523838
1900-07-13 05:00:00+01:00;11.2;14.9939754
1900-07-13 06:00:00+01:00;12.6;17.45644952
1900-07-13 07:00:00+01:00;12.8;19.63399761
1900-07-13 08:00:00+01:00;12.3;23.8173578
1900-07-13 09:00:00+01:00;13.5;24.14854462
1900-07-13 10:00:00+01:00;13.9;20.905836
1900-07-13 11:00:00+01:00;14.4;21.07856015
1900-07-13 12:00:00+01:00;15;20.70855084
1900-07-13 13:00:00+01:00;16.2;20.31862949
1900-07-13 14:00:00+01:00;16.8;19.64312327
1900-07-13 15:00:00+01:00;17;18.46445851
1900-07-13 16:00:00+01:00;16.8;17.13566745
1900-07-13 17:00:00+01:00;17.2;15.69289668
1900-07-13 18:00:00+01:00;16.9;17.24695439
1900-07-13 19:00:00+01:00;15.5;15.73748567
1900-07-13 20:00:00+01:00;14.9;14.42546713
1900-07-13 21:00:00+01:00;14.4;13.64573278
1900-07-13 22:00:00+01:00;12.9;13.52392909
1900-07-13 23:00:00+01:00;11.8;13.73817378
1900-07-14 00:00:00+01:00;11.8;13.39614577
1900-07-14 01:00:00+01:00;10.5;13.69959988
1900-07-14 02:00:00+01:00;9.6;14.10517671
1900-07-14 03:00:00+01:00;8;14.47426383
1900-07-14 04:00:00+01:00;9.3;14.46911658
1900-07-14 05:00:00+01:00;10.6;14.80663128
1900-07-14 06:00:00+01:00;13;16.52167001
1900-07-14 07:00:00+01:00;14;19.63399761
1900-07-14 08:00:00+01:00;14.7;22.07452725
1900-07-14 09:00:00+01:00;15.8;23.41220922
1900-07-14 10:00:00+01:00;16.1;20.905836
1900-07-14 11:00:00+01:00;17.1;21.07856015
1900-07-14 12:00:00+01:00;17.8;20.70855084
1900-07-14 13:00:00+01:00;19;20.31862949
1900-07-14 14:00:00+01:00;19.9;19.64312327
1900-07-14 15:00:00+01:00;20;18.46445851
1900-07-14 16:00:00+01:00;20.4;17.13566745
1900-07-14 17:00:00+01:00;20.5;15.69289668
1900-07-14 18:00:00+01:00;18.5;17.24695439
1900-07-14 19:00:00+01:00;17.5;15.73748567
1900-07-14 20:00:00+01:00;16.2;14.42546713
1900-07-14 21:00:00+01:00;15.5;13.64573278
1900-07-14 22:00:00+01:00;14.3;13.28799257
1900-07-14 23:00:00+01:00;13.4;13.05286929
1900-07-15 00:00:00+01:00;12.6;12.81651205
1900-07-15 01:00:00+01:00;12.3;12.811904
1900-07-15 02:00:00+01:00;12;12.84493768
1900-07-15 03:00:00+01:00;12.1;12.522732
1900-07-15 04:00:00+01:00;12.5;13.06964072
1900-07-15 05:00:00+01:00;12.8;13.75499167
1900-07-15 06:00:00+01:00;14.1;16.52167001
1900-07-15 07:00:00+01:00;15.8;19.63399761
1900-07-15 08:00:00+01:00;16.4;22.07452725
1900-07-15 09:00:00+01:00;18.8;23.41220922
1900-07-15 10:00:00+01:00;20.2;20.905836
1900-07-15 11:00:00+01:00;21.4;21.07856015
1900-07-15 12:00:00+01:00;20.3;20.70855084
1900-07-15 13:00:00+01:00;22.1;20.31862949
1900-07-15 14:00:00+01:00;21.1;19.64312327
1900-07-15 15:00:00+01:00;21;18.46445851
1900-07-15 16:00:00+01:00;21.2;17.13566745
1900-07-15 17:00:00+01:00;21;15.69289668
1900-07-15 18:00:00+01:00;21;17.24695439
1900-07-15 19:00:00+01:00;20.3;15.73748567
1900-07-15 20:00:00+01:00;19.9;14.42546713
1900-07-15 21:00:00+01:00;19.3;13.64573278
1900-07-15 22:00:00+01:00;18.4;13.28799257
1900-07-15 23:00:00+01:00;17.4;13.05286929
1900-07-16 00:00:00+01:00;16.4;12.81651205
1900-07-16 01:00:00+01:00;15.4;12.811904
1900-07-16 02:00:00+01:00;15.1;12.84493768
1900-07-16 03:00:00+01:00;15;12.8988287
1900-07-16 04:00:00+01:00;15.2;13.06964072
1900-07-16 05:00:00+01:00;15.4;13.75499167
1900-07-16 06:00:00+01:00;16.4;16.52167001
1900-07-16 07:00:00+01:00;17.6;19.63399761
1900-07-16 08:00:00+01:00;19;22.07452725
1900-07-16 09:00:00+01:00;18.6;23.41220922
1900-07-16 10:00:00+01:00;20.2;20.905836
1900-07-16 11:00:00+01:00;20.7;21.07856015
1900-07-16 12:00:00+01:00;23;20.70855084
1900-07-16 13:00:00+01:00;22.9;20.31862949
1900-07-16 14:00:00+01:00;23.8;19.64312327
1900-07-16 15:00:00+01:00;23.5;18.46445851
1900-07-16 16:00:00+01:00;23;17.13566745
1900-07-16 17:00:00+01:00;23.1;15.69289668
1900-07-16 18:00:00+01:00;22.3;17.24695439
1900-07-16 19:00:00+01:00;22;15.73748567
1900-07-16 20:00:00+01:00;20.9;14.42546713
1900-07-16 21:00:00+01:00;18.7;13.64573278
1900-07-16 22:00:00+01:00;16.5;13.28799257
1900-07-16 23:00:00+01:00;15.9;13.05286929
1900-07-17 00:00:00+01:00;16;12.81651205
1900-07-17 01:00:00+01:00;15;12.811904
1900-07-17 02:00:00+01:00;14.9;12.84493768
1900-07-17 03:00:00+01:00;14.2;12.8988287
1900-07-17 04:00:00+01:00;13.4;13.06964072
1900-07-17 05:00:00+01:00;14.5;13.75499167
1900-07-17 06:00:00+01:00;16.3;16.52167001
1900-07-17 07:00:00+01:00;18.3;19.63399761
1900-07-17 08:00:00+01:00;19.2;22.07452725
1900-07-17 09:00:00+01:00;19.9;23.41220922
1900-07-17 10:00:00+01:00;21;20.905836
1900-07-17 11:00:00+01:00;22.2;21.07856015
1900-07-17 12:00:00+01:00;22.8;20.70855084
1900-07-17 13:00:00+01:00;24.1;20.31862949
1900-07-17 14:00:00+01:00;25;19.64312327
1900-07-17 15:00:00+01:00;23.7;18.46445851
1900-07-17 16:00:00+01:00;24.6;17.13566745
1900-07-17 17:00:00+01:00;22.8;15.69289668
1900-07-17 18:00:00+01:00;24.3;17.24695439
1900-07-17 19:00:00+01:00;23;15.73748567
1900-07-17 20:00:00+01:00;19.5;14.42546713
1900-07-17 21:00:00+01:00;18.1;13.64573278
1900-07-17 22:00:00+01:00;17.1;13.28799257
1900-07-17 23:00:00+01:00;16;13.05286929
1900-07-18 00:00:00+01:00;13.9;12.81651205
1900-07-18 01:00:00+01:00;12.8;12.811904
1900-07-18 02:00:00+01:00;11.9;12.84493768
1900-07-18 03:00:00+01:00;11.5;11.9798187
1900-07-18 04:00:00+01:00;11.3;12.08443001
1900-07-18 05:00:00+01:00;12;13.75499167
1900-07-18 06:00:00+01:00;14.8;16.52167001
1900-07-18 07:00:00+01:00;16.3;19.63399761
1900-07-18 08:00:00+01:00;17.4;22.07452725
1900-07-18 09:00:00+01:00;19.4;23.41220922
1900-07-18 10:00:00+01:00;20.6;20.905836
1900-07-18 11:00:00+01:00;23;21.07856015
1900-07-18 12:00:00+01:00;24.8;20.70855084
1900-07-18 13:00:00+01:00;25.6;20.31862949
1900-07-18 14:00:00+01:00;24;19.64312327
1900-07-18 15:00:00+01:00;25.4;18.46445851
1900-07-18 16:00:00+01:00;22.2;17.13566745
1900-07-18 17:00:00+01:00;21.9;15.69289668
1900-07-18 18:00:00+01:00;20.8;17.24695439
1900-07-18 19:00:00+01:00;18.4;15.73748567
1900-07-18 20:00:00+01:00;18;14.42546713
1900-07-18 21:00:00+01:00;17.7;13.64573278
1900-07-18 22:00:00+01:00;17;13.28799257
1900-07-18 23:00:00+01:00;16.2;13.05286929
1900-07-19 00:00:00+01:00;16.1;12.81651205
1900-07-19 01:00:00+01:00;15.5;12.811904
1900-07-19 02:00:00+01:00;15;12.84493768
1900-07-19 03:00:00+01:00;15.5;12.8988287
1900-07-19 04:00:00+01:00;15.4;13.06964072
1900-07-19 05:00:00+01:00;15.3;13.75499167
1900-07-19 06:00:00+01:00;15.5;16.52167001
1900-07-19 07:00:00+01:00;15.1;19.63399761
1900-07-19 08:00:00+01:00;14;22.07452725
1900-07-19 09:00:00+01:00;14.2;23.41220922
1900-07-19 10:00:00+01:00;15.8;20.905836
1900-07-19 11:00:00+01:00;16.4;21.07856015
1900-07-19 12:00:00+01:00;15.9;20.70855084
1900-07-19 13:00:00+01:00;17.8;20.31862949
1900-07-19 14:00:00+01:00;18.4;19.64312327
1900-07-19 15:00:00+01:00;19.2;18.46445851
1900-07-19 16:00:00+01:00;19;17.13566745
1900-07-19 17:00:00+01:00;18.4;15.69289668
1900-07-19 18:00:00+01:00;17.7;17.24695439
1900-07-19 19:00:00+01:00;16.6;15.73748567
1900-07-19 20:00:00+01:00;16.1;14.42546713
1900-07-19 21:00:00+01:00;14.8;13.64573278
1900-07-19 22:00:00+01:00;13.5;13.28799257
1900-07-19 23:00:00+01:00;13.2;13.05286929
1900-07-20 00:00:00+01:00;13;12.81651205
1900-07-20 01:00:00+01:00;13;12.811904
1900-07-20 02:00:00+01:00;13.1;12.84493768
1900-07-20 03:00:00+01:00;13;12.8988287
1900-07-20 04:00:00+01:00;13;13.06964072
1900-07-20 05:00:00+01:00;13.4;13.75499167
1900-07-20 06:00:00+01:00;14;16.52167001
1900-07-20 07:00:00+01:00;13.7;19.63399761
1900-07-20 08:00:00+01:00;13.5;22.07452725
1900-07-20 09:00:00+01:00;13.8;22.90020477
1900-07-20 10:00:00+01:00;14.8;20.905836
1900-07-20 11:00:00+01:00;16.1;21.07856015
1900-07-20 12:00:00+01:00;17.8;20.70855084
1900-07-20 13:00:00+01:00;19;20.31862949
1900-07-20 14:00:00+01:00;20.2;19.64312327
1900-07-20 15:00:00+01:00;15.5;18.46445851
1900-07-20 16:00:00+01:00;17.4;17.13566745
1900-07-20 17:00:00+01:00;19;15.69289668
1900-07-20 18:00:00+01:00;18.3;17.24695439
1900-07-20 19:00:00+01:00;18.2;15.73748567
1900-07-20 20:00:00+01:00;16.7;14.42546713
1900-07-20 21:00:00+01:00;15.3;13.64573278
1900-07-20 22:00:00+01:00;14.7;13.28799257
1900-07-20 23:00:00+01:00;14.3;13.05286929
1900-07-21 00:00:00+01:00;12.7;12.81651205
1900-07-21 01:00:00+01:00;13.3;12.811904
1900-07-21 02:00:00+01:00;13.6;12.84493768
1900-07-21 03:00:00+01:00;13.9;12.8988287
1900-07-21 04:00:00+01:00;13.6;13.06964072
1900-07-21 05:00:00+01:00;13.8;13.75499167
1900-07-21 06:00:00+01:00;14.7;16.52167001
1900-07-21 07:00:00+01:00;15.4;19.63399761
1900-07-21 08:00:00+01:00;16.1;22.07452725
1900-07-21 09:00:00+01:00;18.6;23.41220922
1900-07-21 10:00:00+01:00;19.3;20.905836
1900-07-21 11:00:00+01:00;19.5;21.07856015
1900-07-21 12:00:00+01:00;20.6;20.70855084
1900-07-21 13:00:00+01:00;21.8;20.31862949
1900-07-21 14:00:00+01:00;22.6;19.64312327
1900-07-21 15:00:00+01:00;24;18.46445851
1900-07-21 16:00:00+01:00;23.9;17.13566745
1900-07-21 17:00:00+01:00;22.4;15.69289668
1900-07-21 18:00:00+01:00;21;17.24695439
1900-07-21 19:00:00+01:00;20;15.73748567
1900-07-21 20:00:00+01:00;18.9;14.42546713
1900-07-21 21:00:00+01:00;18.1;13.64573278
1900-07-21 22:00:00+01:00;17.3;13.28799257
1900-07-21 23:00:00+01:00;15.6;13.05286929
1900-07-22 00:00:00+01:00;15;12.81651205
1900-07-22 01:00:00+01:00;14.6;12.811904
1900-07-22 02:00:00+01:00;13.6;12.84493768
1900-07-22 03:00:00+01:00;12.9;12.8988287
1900-07-22 04:00:00+01:00;13.2;13.06964072
1900-07-22 05:00:00+01:00;13.5;13.75499167
1900-07-22 06:00:00+01:00;14.4;16.52167001
1900-07-22 07:00:00+01:00;16.2;19.63399761
1900-07-22 08:00:00+01:00;16;22.07452725
1900-07-22 09:00:00+01:00;16.2;23.41220922
1900-07-22 10:00:00+01:00;16.4;20.905836
1900-07-22 11:00:00+01:00;15.8;21.07856015
1900-07-22 12:00:00+01:00;16.7;20.70855084
1900-07-22 13:00:00+01:00;17;20.31862949
1900-07-22 14:00:00+01:00;18.9;19.64312327
1900-07-22 15:00:00+01:00;19.6;18.46445851
1900-07-22 16:00:00+01:00;19;17.13566745
1900-07-22 17:00:00+01:00;17.9;15.69289668
1900-07-22 18:00:00+01:00;18;17.24695439
1900-07-22 19:00:00+01:00;18.5;15.73748567
1900-07-22 20:00:00+01:00;18;14.42546713
1900-07-22 21:00:00+01:00;15.6;13.64573278
1900-07-22 22:00:00+01:00;13.6;13.28799257
1900-07-22 23:00:00+01:00;12.5;12.49637857
1900-07-23 00:00:00+01:00;12;12.20609835
1900-07-23 01:00:00+01:00;11.8;12.33646202
1900-07-23 02:00:00+01:00;10.5;12.87746446
1900-07-23 03:00:00+01:00;10;12.97843821
1900-07-23 04:00:00+01:00;9;13.41983858
1900-07-23 05:00:00+01:00;10;13.86433022
1900-07-23 06:00:00+01:00;12.3;16.31983029
1900-07-23 07:00:00+01:00;14.1;19.63399761
1900-07-23 08:00:00+01:00;15.6;22.07452725
1900-07-23 09:00:00+01:00;17.1;23.41220922
1900-07-23 10:00:00+01:00;18.5;20.905836
1900-07-23 11:00:00+01:00;20.5;21.07856015
1900-07-23 12:00:00+01:00;21.5;20.70855084
1900-07-23 13:00:00+01:00;22;20.31862949
1900-07-23 14:00:00+01:00;22.9;19.64312327
1900-07-23 15:00:00+01:00;23.3;18.46445851
1900-07-23 16:00:00+01:00;23.6;17.13566745
1900-07-23 17:00:00+01:00;23.4;15.69289668
1900-07-23 18:00:00+01:00;22.7;17.24695439
1900-07-23 19:00:00+01:00;20.8;15.73748567
1900-07-23 20:00:00+01:00;19.2;14.42546713
1900-07-23 21:00:00+01:00;17.1;13.64573278
1900-07-23 22:00:00+01:00;16;13.28799257
1900-07-23 23:00:00+01:00;15.5;13.05286929
1900-07-24 00:00:00+01:00;15.2;12.81651205
1900-07-24 01:00:00+01:00;14;12.811904
1900-07-24 02:00:00+01:00;12.8;12.84493768
1900-07-24 03:00:00+01:00;12.9;12.8988287
1900-07-24 04:00:00+01:00;13;13.06964072
1900-07-24 05:00:00+01:00;13;13.75499167
1900-07-24 06:00:00+01:00;15;16.52167001
1900-07-24 07:00:00+01:00;16.6;19.63399761
1900-07-24 08:00:00+01:00;19;22.07452725
1900-07-24 09:00:00+01:00;19;23.41220922
1900-07-24 10:00:00+01:00;21.3;20.905836
1900-07-24 11:00:00+01:00;22;21.07856015
1900-07-24 12:00:00+01:00;22.4;20.70855084
1900-07-24 13:00:00+01:00;22.2;20.31862949
1900-07-24 14:00:00+01:00;22.6;19.64312327
1900-07-24 15:00:00+01:00;22.1;18.46445851
1900-07-24 16:00:00+01:00;21.3;17.13566745
1900-07-24 17:00:00+01:00;20.7;15.69289668
1900-07-24 18:00:00+01:00;20;17.24695439
1900-07-24 19:00:00+01:00;19;15.73748567
1900-07-24 20:00:00+01:00;17.9;14.42546713
1900-07-24 21:00:00+01:00;17.5;13.64573278
1900-07-24 22:00:00+01:00;17;13.28799257
1900-07-24 23:00:00+01:00;16;13.05286929
1900-07-25 00:00:00+01:00;14.8;12.81651205
1900-07-25 01:00:00+01:00;14.6;12.811904
1900-07-25 02:00:00+01:00;14.4;12.84493768
1900-07-25 03:00:00+01:00;13.6;12.8988287
1900-07-25 04:00:00+01:00;13.4;13.06964072
1900-07-25 05:00:00+01:00;13.2;13.75499167
1900-07-25 06:00:00+01:00;14;16.52167001
1900-07-25 07:00:00+01:00;15;19.63399761
1900-07-25 08:00:00+01:00;16;22.07452725
1900-07-25 09:00:00+01:00;15.6;23.41220922
1900-07-25 10:00:00+01:00;16.5;20.905836
1900-07-25 11:00:00+01:00;18.8;21.07856015
1900-07-25 12:00:00+01:00;19.6;20.70855084
1900-07-25 13:00:00+01:00;19.4;20.31862949
1900-07-25 14:00:00+01:00;19.9;19.64312327
1900-07-25 15:00:00+01:00;20.1;18.46445851
1900-07-25 16:00:00+01:00;21.2;17.13566745
1900-07-25 17:00:00+01:00;20.8;15.69289668
1900-07-25 18:00:00+01:00;20.3;17.24695439
1900-07-25 19:00:00+01:00;20.4;15.73748567
1900-07-25 20:00:00+01:00;17.9;14.42546713
1900-07-25 21:00:00+01:00;16.9;13.64573278
1900-07-25 22:00:00+01:00;15.8;13.28799257
1900-07-25 23:00:00+01:00;16.3;13.05286929
1900-07-26 00:00:00+01:00;17.3;12.81651205
1900-07-26 01:00:00+01:00;17.2;12.811904
1900-07-26 02:00:00+01:00;16.4;12.84493768
1900-07-26 03:00:00+01:00;16.1;12.8988287
1900-07-26 04:00:00+01:00;15.6;13.06964072
1900-07-26 05:00:00+01:00;15.9;13.75499167
1900-07-26 06:00:00+01:00;16.9;16.52167001
1900-07-26 07:00:00+01:00;18.8;19.63399761
1900-07-26 08:00:00+01:00;19.9;22.07452725
1900-07-26 09:00:00+01:00;20;23.41220922
1900-07-26 10:00:00+01:00;20.5;20.905836
1900-07-26 11:00:00+01:00;20.6;21.07856015
1900-07-26 12:00:00+01:00;21.7;20.70855084
1900-07-26 13:00:00+01:00;21.8;20.31862949
1900-07-26 14:00:00+01:00;22.5;19.64312327
1900-07-26 15:00:00+01:00;23.3;18.46445851
1900-07-26 16:00:00+01:00;23.5;17.13566745
1900-07-26 17:00:00+01:00;23.6;15.69289668
1900-07-26 18:00:00+01:00;22.5;17.24695439
1900-07-26 19:00:00+01:00;21.4;15.73748567
1900-07-26 20:00:00+01:00;19.4;14.42546713
1900-07-26 21:00:00+01:00;16.5;13.64573278
1900-07-26 22:00:00+01:00;14.5;13.28799257
1900-07-26 23:00:00+01:00;13.7;13.05286929
1900-07-27 00:00:00+01:00;12.6;12.81651205
1900-07-27 01:00:00+01:00;12.3;12.811904
1900-07-27 02:00:00+01:00;12;12.84493768
1900-07-27 03:00:00+01:00;11.4;11.9798187
1900-07-27 04:00:00+01:00;10.6;12.08443001
1900-07-27 05:00:00+01:00;11.9;13.75499167
1900-07-27 06:00:00+01:00;13.7;16.52167001
1900-07-27 07:00:00+01:00;16.6;19.63399761
1900-07-27 08:00:00+01:00;17.5;22.07452725
1900-07-27 09:00:00+01:00;19.2;23.41220922
1900-07-27 10:00:00+01:00;21.6;20.905836
1900-07-27 11:00:00+01:00;22.6;21.07856015
1900-07-27 12:00:00+01:00;24.5;20.70855084
1900-07-27 13:00:00+01:00;25.5;20.31862949
1900-07-27 14:00:00+01:00;26;19.64312327
1900-07-27 15:00:00+01:00;26.3;18.46445851
1900-07-27 16:00:00+01:00;25.2;17.13566745
1900-07-27 17:00:00+01:00;24.9;15.69289668
1900-07-27 18:00:00+01:00;24.2;17.24695439
1900-07-27 19:00:00+01:00;22.2;15.73748567
1900-07-27 20:00:00+01:00;20;14.42546713
1900-07-27 21:00:00+01:00;18.7;13.64573278
1900-07-27 22:00:00+01:00;17.4;13.28799257
1900-07-27 23:00:00+01:00;16.7;13.05286929
1900-07-28 00:00:00+01:00;15.4;12.81651205
1900-07-28 01:00:00+01:00;14.7;12.811904
1900-07-28 02:00:00+01:00;14;12.84493768
1900-07-28 03:00:00+01:00;13.4;12.8988287
1900-07-28 04:00:00+01:00;13.2;13.06964072
1900-07-28 05:00:00+01:00;14.9;13.75499167
1900-07-28 06:00:00+01:00;16.5;16.52167001
1900-07-28 07:00:00+01:00;17;19.63399761
1900-07-28 08:00:00+01:00;19.4;22.07452725
1900-07-28 09:00:00+01:00;20.4;23.41220922
1900-07-28 10:00:00+01:00;22;20.905836
1900-07-28 11:00:00+01:00;23.7;21.07856015
1900-07-28 12:00:00+01:00;25;20.70855084
1900-07-28 13:00:00+01:00;25.1;20.31862949
1900-07-28 14:00:00+01:00;26.4;19.64312327
1900-07-28 15:00:00+01:00;26.5;18.46445851
1900-07-28 16:00:00+01:00;26.2;17.13566745
1900-07-28 17:00:00+01:00;25.4;15.69289668
1900-07-28 18:00:00+01:00;24.5;17.24695439
1900-07-28 19:00:00+01:00;21.8;15.73748567
1900-07-28 20:00:00+01:00;19.8;14.42546713
1900-07-28 21:00:00+01:00;18;13.64573278
1900-07-28 22:00:00+01:00;17.3;13.28799257
1900-07-28 23:00:00+01:00;16.7;13.05286929
1900-07-29 00:00:00+01:00;15.7;12.81651205
1900-07-29 01:00:00+01:00;15.8;12.811904
1900-07-29 02:00:00+01:00;15.7;12.84493768
1900-07-29 03:00:00+01:00;17;12.8988287
1900-07-29 04:00:00+01:00;17.2;13.06964072
1900-07-29 05:00:00+01:00;17.7;13.75499167
1900-07-29 06:00:00+01:00;17.6;16.52167001
1900-07-29 07:00:00+01:00;18.1;19.63399761
1900-07-29 08:00:00+01:00;18.8;22.07452725
1900-07-29 09:00:00+01:00;20.1;23.41220922
1900-07-29 10:00:00+01:00;21;20.905836
1900-07-29 11:00:00+01:00;21.2;21.07856015
1900-07-29 12:00:00+01:00;22.3;20.70855084
1900-07-29 13:00:00+01:00;23.4;20.31862949
1900-07-29 14:00:00+01:00;24.8;19.64312327
1900-07-29 15:00:00+01:00;25.8;18.46445851
1900-07-29 16:00:00+01:00;25.5;17.13566745
1900-07-29 17:00:00+01:00;25.7;15.69289668
1900-07-29 18:00:00+01:00;26;17.24695439
1900-07-29 19:00:00+01:00;24.7;15.73748567
1900-07-29 20:00:00+01:00;22.3;14.42546713
1900-07-29 21:00:00+01:00;20.4;13.64573278
1900-07-29 22:00:00+01:00;18.5;13.28799257
1900-07-29 23:00:00+01:00;16.9;13.05286929
1900-07-30 00:00:00+01:00;16.2;19.12879079
1900-07-30 01:00:00+01:00;15.4;19.01120373
1900-07-30 02:00:00+01:00;15;19.02066504
1900-07-30 03:00:00+01:00;14.6;19.20964917
1900-07-30 04:00:00+01:00;14.5;19.5175761
1900-07-30 05:00:00+01:00;14.9;20.90652285
1900-07-30 06:00:00+01:00;17;24.8585251
1900-07-30 07:00:00+01:00;19;29.75803316
1900-07-30 08:00:00+01:00;20;33.04817762
1900-07-30 09:00:00+01:00;21.9;34.34133574
1900-07-30 10:00:00+01:00;23.2;37.87982339
1900-07-30 11:00:00+01:00;24.7;38.76349234
1900-07-30 12:00:00+01:00;26.5;39.7574034
1900-07-30 13:00:00+01:00;26.8;39.76290894
1900-07-30 14:00:00+01:00;27.2;39.29746989
1900-07-30 15:00:00+01:00;27.9;38.24485444
1900-07-30 16:00:00+01:00;27.3;35.62332917
1900-07-30 17:00:00+01:00;26.8;31.97414579
1900-07-30 18:00:00+01:00;25.8;24.70301801
1900-07-30 19:00:00+01:00;23.6;23.07900066
1900-07-30 20:00:00+01:00;21.4;21.67909903
1900-07-30 21:00:00+01:00;19.5;20.68343063
1900-07-30 22:00:00+01:00;17.5;19.95155438
1900-07-30 23:00:00+01:00;16.6;19.43847335
1900-07-31 00:00:00+01:00;16;19.12879079
1900-07-31 01:00:00+01:00;15.1;19.01120373
1900-07-31 02:00:00+01:00;15.2;19.02066504
1900-07-31 03:00:00+01:00;15.1;19.20964917
1900-07-31 04:00:00+01:00;15.4;19.5175761
1900-07-31 05:00:00+01:00;15.5;20.90652285
1900-07-31 06:00:00+01:00;15.9;24.8585251
1900-07-31 07:00:00+01:00;16.6;29.75803316
1900-07-31 08:00:00+01:00;17.4;33.04817762
1900-07-31 09:00:00+01:00;19.4;34.34133574
1900-07-31 10:00:00+01:00;19.4;35.66998887
1900-07-31 11:00:00+01:00;20.1;36.25997914
1900-07-31 12:00:00+01:00;21.5;37.0926249
1900-07-31 13:00:00+01:00;22.1;37.08183718
1900-07-31 14:00:00+01:00;24.3;37.81332152
1900-07-31 15:00:00+01:00;24.6;36.70673797
1900-07-31 16:00:00+01:00;25;34.80970532
1900-07-31 17:00:00+01:00;25.2;31.46728307
1900-07-31 18:00:00+01:00;23.7;24.70301801
1900-07-31 19:00:00+01:00;22.9;23.07900066
1900-07-31 20:00:00+01:00;20.6;21.67909903
1900-07-31 21:00:00+01:00;20;20.68343063
1900-07-31 22:00:00+01:00;18.9;19.95155438
1900-07-31 23:00:00+01:00;17.6;19.43847335
1900-08-01 00:00:00+01:00;17.4;19.12879079
1900-08-01 01:00:00+01:00;16.7;19.01120373
1900-08-01 02:00:00+01:00;16.2;19.02066504
1900-08-01 03:00:00+01:00;14.5;19.20964917
1900-08-01 04:00:00+01:00;15.9;19.5175761
1900-08-01 05:00:00+01:00;16.1;20.90652285
1900-08-01 06:00:00+01:00;16.3;24.8585251
1900-08-01 07:00:00+01:00;17.5;29.75803316
1900-08-01 08:00:00+01:00;18.9;33.04817762
1900-08-01 09:00:00+01:00;21;34.34133574
1900-08-01 10:00:00+01:00;22.3;37.35644153
1900-08-01 11:00:00+01:00;23.1;37.89270514
1900-08-01 12:00:00+01:00;24.5;38.691492
1900-08-01 13:00:00+01:00;25.2;38.85020366
1900-08-01 14:00:00+01:00;23.8;37.55743387
1900-08-01 15:00:00+01:00;24.7;36.75334756
1900-08-01 16:00:00+01:00;25.8;35.09270492
1900-08-01 17:00:00+01:00;23.4;30.89706251
1900-08-01 18:00:00+01:00;21.8;24.70301801
1900-08-01 19:00:00+01:00;22;23.07900066
1900-08-01 20:00:00+01:00;20.2;21.67909903
1900-08-01 21:00:00+01:00;19.3;20.68343063
1900-08-01 22:00:00+01:00;18.7;19.95155438
1900-08-01 23:00:00+01:00;17.9;19.43847335
1900-08-02 00:00:00+01:00;17.9;19.12879079
1900-08-02 01:00:00+01:00;16.2;19.01120373
1900-08-02 02:00:00+01:00;15.8;19.02066504
1900-08-02 03:00:00+01:00;15.4;19.20964917
1900-08-02 04:00:00+01:00;18.7;19.5175761
1900-08-02 05:00:00+01:00;16.6;20.90652285
1900-08-02 06:00:00+01:00;16.5;24.8585251
1900-08-02 07:00:00+01:00;16.6;29.75803316
1900-08-02 08:00:00+01:00;16.7;33.04817762
1900-08-02 09:00:00+01:00;17.8;34.34133574
1900-08-02 10:00:00+01:00;20.6;36.36783135
1900-08-02 11:00:00+01:00;22.4;37.51173574
1900-08-02 12:00:00+01:00;21.5;37.0926249
1900-08-02 13:00:00+01:00;21.4;36.68252862
1900-08-02 14:00:00+01:00;21.7;36.48270574
1900-08-02 15:00:00+01:00;26;37.35927223
1900-08-02 16:00:00+01:00;23.5;34.27908107
1900-08-02 17:00:00+01:00;22.5;30.61195223
1900-08-02 18:00:00+01:00;21;24.70301801
1900-08-02 19:00:00+01:00;20.2;23.07900066
1900-08-02 20:00:00+01:00;19.7;21.67909903
1900-08-02 21:00:00+01:00;18.2;20.68343063
1900-08-02 22:00:00+01:00;18.3;19.95155438
1900-08-02 23:00:00+01:00;18.1;19.43847335
1900-08-03 00:00:00+01:00;17.9;19.12879079
1900-08-03 01:00:00+01:00;17.9;19.01120373
1900-08-03 02:00:00+01:00;17.4;19.02066504
1900-08-03 03:00:00+01:00;17.3;19.20964917
1900-08-03 04:00:00+01:00;17;19.5175761
1900-08-03 05:00:00+01:00;17.5;20.90652285
1900-08-03 06:00:00+01:00;17.4;24.8585251
1900-08-03 07:00:00+01:00;18;29.75803316
1900-08-03 08:00:00+01:00;19.2;33.04817762
1900-08-03 09:00:00+01:00;21.1;34.34133574
1900-08-03 10:00:00+01:00;21.2;36.71675259
1900-08-03 11:00:00+01:00;24;38.38252294
1900-08-03 12:00:00+01:00;25.4;39.17115213
1900-08-03 13:00:00+01:00;26.9;39.81995302
1900-08-03 14:00:00+01:00;26.3;38.83687212
1900-08-03 15:00:00+01:00;25;36.89317633
1900-08-03 16:00:00+01:00;24.3;34.56208067
1900-08-03 17:00:00+01:00;23.7;30.99209927
1900-08-03 18:00:00+01:00;23.2;24.70301801
1900-08-03 19:00:00+01:00;20.6;23.07900066
1900-08-03 20:00:00+01:00;19.7;21.67909903
1900-08-03 21:00:00+01:00;18.6;20.68343063
1900-08-03 22:00:00+01:00;18.6;19.95155438
1900-08-03 23:00:00+01:00;18;19.43847335
1900-08-04 00:00:00+01:00;17.2;13.06859498
1900-08-04 01:00:00+01:00;17;13.02216945
1900-08-04 02:00:00+01:00;16.7;12.85647734
1900-08-04 03:00:00+01:00;16.9;12.92130809
1900-08-04 04:00:00+01:00;16.8;12.97349953
1900-08-04 05:00:00+01:00;16.4;13.07044473
1900-08-04 06:00:00+01:00;17;13.09454046
1900-08-04 07:00:00+01:00;18;13.288337
1900-08-04 08:00:00+01:00;18.2;13.57581922
1900-08-04 09:00:00+01:00;18.9;13.77259536
1900-08-04 10:00:00+01:00;21.5;14.34171407
1900-08-04 11:00:00+01:00;21.2;14.63043698
1900-08-04 12:00:00+01:00;20.5;15.17148605
1900-08-04 13:00:00+01:00;16.6;15.41692629
1900-08-04 14:00:00+01:00;16.8;15.343348
1900-08-04 15:00:00+01:00;18.4;15.12631215
1900-08-04 16:00:00+01:00;18.3;14.95120949
1900-08-04 17:00:00+01:00;20.1;14.7078508
1900-08-04 18:00:00+01:00;19.2;14.31524265
1900-08-04 19:00:00+01:00;17.9;14.12402338
1900-08-04 20:00:00+01:00;17;13.87692449
1900-08-04 21:00:00+01:00;16.4;13.58236278
1900-08-04 22:00:00+01:00;15;13.36664689
1900-08-04 23:00:00+01:00;13.5;13.21399473
1900-08-05 00:00:00+01:00;14;13.06859498
1900-08-05 01:00:00+01:00;13.5;13.02216945
1900-08-05 02:00:00+01:00;13.5;12.85647734
1900-08-05 03:00:00+01:00;12.6;12.92130809
1900-08-05 04:00:00+01:00;11.1;12.28746582
1900-08-05 05:00:00+01:00;11.5;12.87692981
1900-08-05 06:00:00+01:00;13.6;13.09454046
1900-08-05 07:00:00+01:00;14.8;13.288337
1900-08-05 08:00:00+01:00;16.4;13.57581922
1900-08-05 09:00:00+01:00;15.9;13.77259536
1900-08-05 10:00:00+01:00;13.3;13.52316605
1900-08-05 11:00:00+01:00;13.8;13.77381084
1900-08-05 12:00:00+01:00;14;14.25631626
1900-08-05 13:00:00+01:00;13.8;14.53406272
1900-08-05 14:00:00+01:00;13.2;14.46525948
1900-08-05 15:00:00+01:00;13.6;14.30679027
1900-08-05 16:00:00+01:00;16.2;14.95120949
1900-08-05 17:00:00+01:00;17.7;14.7078508
1900-08-05 18:00:00+01:00;17.8;14.31524265
1900-08-05 19:00:00+01:00;17.2;14.12402338
1900-08-05 20:00:00+01:00;16;13.87692449
1900-08-05 21:00:00+01:00;15.7;13.58236278
1900-08-05 22:00:00+01:00;15.3;13.36664689
1900-08-05 23:00:00+01:00;14.6;13.21399473
1900-08-06 00:00:00+01:00;14.5;19.12879079
1900-08-06 01:00:00+01:00;13.8;19.01120373
1900-08-06 02:00:00+01:00;12.3;19.02066504
1900-08-06 03:00:00+01:00;11.7;19.04824214
1900-08-06 04:00:00+01:00;12;19.5175761
1900-08-06 05:00:00+01:00;12.9;20.90652285
1900-08-06 06:00:00+01:00;12.4;24.8585251
1900-08-06 07:00:00+01:00;14;29.75803316
1900-08-06 08:00:00+01:00;14.3;33.04817762
1900-08-06 09:00:00+01:00;12.9;32.7984164
1900-08-06 10:00:00+01:00;12.4;33.16674071
1900-08-06 11:00:00+01:00;11.3;33.47348498
1900-08-06 12:00:00+01:00;12.5;33.17273105
1900-08-06 13:00:00+01:00;13.7;34.2732785
1900-08-06 14:00:00+01:00;14.5;33.57536173
1900-08-06 15:00:00+01:00;17.2;33.25762831
1900-08-06 16:00:00+01:00;17.8;32.26270892
1900-08-06 17:00:00+01:00;18.4;29.31311651
1900-08-06 18:00:00+01:00;18.1;24.70301801
1900-08-06 19:00:00+01:00;18.1;23.07900066
1900-08-06 20:00:00+01:00;17.6;21.67909903
1900-08-06 21:00:00+01:00;18;20.68343063
1900-08-06 22:00:00+01:00;18;19.95155438
1900-08-06 23:00:00+01:00;17.6;19.43847335
1900-08-07 00:00:00+01:00;16.9;19.12879079
1900-08-07 01:00:00+01:00;16.4;19.01120373
1900-08-07 02:00:00+01:00;16.2;19.02066504
1900-08-07 03:00:00+01:00;15.6;19.20964917
1900-08-07 04:00:00+01:00;14.8;19.5175761
1900-08-07 05:00:00+01:00;14.6;20.90652285
1900-08-07 06:00:00+01:00;14.9;24.8585251
1900-08-07 07:00:00+01:00;16;29.75803316
1900-08-07 08:00:00+01:00;16.2;33.04817762
1900-08-07 09:00:00+01:00;17;34.34133574
1900-08-07 10:00:00+01:00;17.4;34.71773211
1900-08-07 11:00:00+01:00;18.4;35.33476774
1900-08-07 12:00:00+01:00;18.5;35.4937578
1900-08-07 13:00:00+01:00;18.4;34.97120622
1900-08-07 14:00:00+01:00;19.1;35.15208996
1900-08-07 15:00:00+01:00;19;34.09660093
1900-08-07 16:00:00+01:00;19.1;32.72258327
1900-08-07 17:00:00+01:00;18.4;29.31311651
1900-08-07 18:00:00+01:00;17.7;24.70301801
1900-08-07 19:00:00+01:00;15.8;23.07900066
1900-08-07 20:00:00+01:00;15.8;21.67909903
1900-08-07 21:00:00+01:00;14.7;20.68343063
1900-08-07 22:00:00+01:00;13.6;19.95155438
1900-08-07 23:00:00+01:00;12.3;18.3230518
1900-08-08 00:00:00+01:00;12.1;19.12879079
1900-08-08 01:00:00+01:00;12.4;19.01120373
1900-08-08 02:00:00+01:00;12;19.02066504
1900-08-08 03:00:00+01:00;11.5;18.31843887
1900-08-08 04:00:00+01:00;11.3;18.57523233
1900-08-08 05:00:00+01:00;12.6;20.90652285
1900-08-08 06:00:00+01:00;13;24.8585251
1900-08-08 07:00:00+01:00;13.7;29.75803316
1900-08-08 08:00:00+01:00;14.6;33.04817762
1900-08-08 09:00:00+01:00;17.8;34.34133574
1900-08-08 10:00:00+01:00;19.5;35.72814241
1900-08-08 11:00:00+01:00;21.1;36.80422114
1900-08-08 12:00:00+01:00;21.6;37.14592047
1900-08-08 13:00:00+01:00;22.7;37.42410166
1900-08-08 14:00:00+01:00;22.1;36.68741586
1900-08-08 15:00:00+01:00;22;35.49488863
1900-08-08 16:00:00+01:00;20;33.04095782
1900-08-08 17:00:00+01:00;19.8;29.75662139
1900-08-08 18:00:00+01:00;18.8;24.70301801
1900-08-08 19:00:00+01:00;16.6;23.07900066
1900-08-08 20:00:00+01:00;15.2;21.67909903
1900-08-08 21:00:00+01:00;14.4;20.68343063
1900-08-08 22:00:00+01:00;13.1;19.95155438
1900-08-08 23:00:00+01:00;12.6;18.32742687
1900-08-09 00:00:00+01:00;11.2;17.96416053
1900-08-09 01:00:00+01:00;11.1;17.80209191
1900-08-09 02:00:00+01:00;10.6;17.89274078
1900-08-09 03:00:00+01:00;10;18.24958411
1900-08-09 04:00:00+01:00;9.1;18.66193786
1900-08-09 05:00:00+01:00;10.7;19.63748504
1900-08-09 06:00:00+01:00;12.7;24.8585251
1900-08-09 07:00:00+01:00;14;29.75803316
1900-08-09 08:00:00+01:00;15.2;33.04817762
1900-08-09 09:00:00+01:00;16.6;34.34133574
1900-08-09 10:00:00+01:00;17.2;34.71773211
1900-08-09 11:00:00+01:00;18.9;35.60688874
1900-08-09 12:00:00+01:00;19.3;35.92012236
1900-08-09 13:00:00+01:00;17.6;34.51485358
1900-08-09 14:00:00+01:00;20;35.61268773
1900-08-09 15:00:00+01:00;18.5;33.86355298
1900-08-09 16:00:00+01:00;18.6;32.54570852
1900-08-09 17:00:00+01:00;17.2;28.93296947
1900-08-09 18:00:00+01:00;16.8;24.70301801
1900-08-09 19:00:00+01:00;16.4;23.07900066
1900-08-09 20:00:00+01:00;15.8;21.67909903
1900-08-09 21:00:00+01:00;16.1;20.68343063
1900-08-09 22:00:00+01:00;15;19.95155438
1900-08-09 23:00:00+01:00;14.9;19.43847335
1900-08-10 00:00:00+01:00;14.7;19.12879079
1900-08-10 01:00:00+01:00;14.3;19.01120373
1900-08-10 02:00:00+01:00;14.3;19.02066504
1900-08-10 03:00:00+01:00;14.3;19.20964917
1900-08-10 04:00:00+01:00;15.4;19.5175761
1900-08-10 05:00:00+01:00;16;20.90652285
1900-08-10 06:00:00+01:00;16.4;24.8585251
1900-08-10 07:00:00+01:00;17;29.75803316
1900-08-10 08:00:00+01:00;18.8;33.04817762
1900-08-10 09:00:00+01:00;16.9;34.34133574
1900-08-10 10:00:00+01:00;18.1;34.91399285
1900-08-10 11:00:00+01:00;19.5;35.93343394
1900-08-10 12:00:00+01:00;20.2;36.39978249
1900-08-10 13:00:00+01:00;20.3;36.05504374
1900-08-10 14:00:00+01:00;20.4;35.81739785
1900-08-10 15:00:00+01:00;20.6;34.84235437
1900-08-10 16:00:00+01:00;20.9;33.35933237
1900-08-10 17:00:00+01:00;22.8;30.70698899
1900-08-10 18:00:00+01:00;21.4;24.70301801
1900-08-10 19:00:00+01:00;20.1;23.07900066
1900-08-10 20:00:00+01:00;18.2;21.67909903
1900-08-10 21:00:00+01:00;16.8;20.68343063
1900-08-10 22:00:00+01:00;15.4;19.95155438
1900-08-10 23:00:00+01:00;14.2;19.43847335
1900-08-11 00:00:00+01:00;12.5;12.09724577
1900-08-11 01:00:00+01:00;11.9;12.05024422
1900-08-11 02:00:00+01:00;11.8;11.91341572
1900-08-11 03:00:00+01:00;10.6;12.18387135
1900-08-11 04:00:00+01:00;10.4;12.32625916
1900-08-11 05:00:00+01:00;11.7;12.68747395
1900-08-11 06:00:00+01:00;15.4;13.09454046
1900-08-11 07:00:00+01:00;17.1;13.288337
1900-08-11 08:00:00+01:00;17.3;13.57581922
1900-08-11 09:00:00+01:00;19.4;13.77259536
1900-08-11 10:00:00+01:00;22.1;14.34171407
1900-08-11 11:00:00+01:00;21.6;14.63043698
1900-08-11 12:00:00+01:00;22;15.17148605
1900-08-11 13:00:00+01:00;22.5;15.41692629
1900-08-11 14:00:00+01:00;22.2;15.343348
1900-08-11 15:00:00+01:00;23.6;15.12631215
1900-08-11 16:00:00+01:00;24.6;14.95120949
1900-08-11 17:00:00+01:00;23.8;14.7078508
1900-08-11 18:00:00+01:00;23;14.31524265
1900-08-11 19:00:00+01:00;19.2;14.12402338
1900-08-11 20:00:00+01:00;17.4;13.87692449
1900-08-11 21:00:00+01:00;15.4;13.58236278
1900-08-11 22:00:00+01:00;14.2;13.36664689
1900-08-11 23:00:00+01:00;13.4;13.21399473
1900-08-12 00:00:00+01:00;13.9;13.06859498
1900-08-12 01:00:00+01:00;12.3;12.03488179
1900-08-12 02:00:00+01:00;13;12.85647734
1900-08-12 03:00:00+01:00;12;11.93132219
1900-08-12 04:00:00+01:00;11.5;11.903338
1900-08-12 05:00:00+01:00;13.4;13.07044473
1900-08-12 06:00:00+01:00;15.7;13.09454046
1900-08-12 07:00:00+01:00;17.5;13.288337
1900-08-12 08:00:00+01:00;17.4;13.57581922
1900-08-12 09:00:00+01:00;17.8;13.77259536
1900-08-12 10:00:00+01:00;17.9;14.34171407
1900-08-12 11:00:00+01:00;20;14.63043698
1900-08-12 12:00:00+01:00;21.5;15.17148605
1900-08-12 13:00:00+01:00;22.6;15.41692629
1900-08-12 14:00:00+01:00;23.3;15.343348
1900-08-12 15:00:00+01:00;23.3;15.12631215
1900-08-12 16:00:00+01:00;24.2;14.95120949
1900-08-12 17:00:00+01:00;24.9;14.7078508
1900-08-12 18:00:00+01:00;24.1;14.31524265
1900-08-12 19:00:00+01:00;20.3;14.12402338
1900-08-12 20:00:00+01:00;19.1;13.87692449
1900-08-12 21:00:00+01:00;17.4;13.58236278
1900-08-12 22:00:00+01:00;16;13.36664689
1900-08-12 23:00:00+01:00;13.8;13.21399473
1900-08-13 00:00:00+01:00;12.9;19.12879079
1900-08-13 01:00:00+01:00;11.6;17.7553163
1900-08-13 02:00:00+01:00;11.2;17.87456538
1900-08-13 03:00:00+01:00;10;17.73624115
1900-08-13 04:00:00+01:00;10.2;17.90688588
1900-08-13 05:00:00+01:00;11.7;20.90652285
1900-08-13 06:00:00+01:00;14.2;24.8585251
1900-08-13 07:00:00+01:00;16;29.75803316
1900-08-13 08:00:00+01:00;18.9;33.04817762
1900-08-13 09:00:00+01:00;19.9;34.34133574
1900-08-13 10:00:00+01:00;21.9;37.12382737
1900-08-13 11:00:00+01:00;24.2;38.49137134
1900-08-13 12:00:00+01:00;25.5;39.2244477
1900-08-13 13:00:00+01:00;27;39.8769971
1900-08-13 14:00:00+01:00;27.9;39.6557126
1900-08-13 15:00:00+01:00;29.4;38.94399829
1900-08-13 16:00:00+01:00;28.4;36.01245362
1900-08-13 17:00:00+01:00;26;31.72071443
1900-08-13 18:00:00+01:00;24.4;24.70301801
1900-08-13 19:00:00+01:00;21.3;23.07900066
1900-08-13 20:00:00+01:00;19;21.67909903
1900-08-13 21:00:00+01:00;16.5;20.68343063
1900-08-13 22:00:00+01:00;15;19.95155438
1900-08-13 23:00:00+01:00;14;19.43847335
1900-08-14 00:00:00+01:00;12.6;19.12879079
1900-08-14 01:00:00+01:00;12.2;19.01120373
1900-08-14 02:00:00+01:00;12;19.02066504
1900-08-14 03:00:00+01:00;11.6;17.95242885
1900-08-14 04:00:00+01:00;13;19.5175761
1900-08-14 05:00:00+01:00;13.5;20.90652285
1900-08-14 06:00:00+01:00;13.7;24.8585251
1900-08-14 07:00:00+01:00;13.9;29.75803316
1900-08-14 08:00:00+01:00;14.7;33.04817762
1900-08-14 09:00:00+01:00;16;34.34133574
1900-08-14 10:00:00+01:00;18.8;35.32106763
1900-08-14 11:00:00+01:00;21.4;36.96749374
1900-08-14 12:00:00+01:00;23.4;38.10524073
1900-08-14 13:00:00+01:00;25.5;39.0213359
1900-08-14 14:00:00+01:00;28.1;39.75806766
1900-08-14 15:00:00+01:00;31.4;39.87619009
1900-08-14 16:00:00+01:00;27.5;35.69407907
1900-08-14 17:00:00+01:00;26.1;31.75239335
1900-08-14 18:00:00+01:00;24.8;24.70301801
1900-08-14 19:00:00+01:00;20.5;23.07900066
1900-08-14 20:00:00+01:00;19.5;21.67909903
1900-08-14 21:00:00+01:00;16.9;20.68343063
1900-08-14 22:00:00+01:00;15.5;19.95155438
1900-08-14 23:00:00+01:00;14.1;19.43847335
1900-08-15 00:00:00+01:00;14.9;19.12879079
1900-08-15 01:00:00+01:00;13.6;19.01120373
1900-08-15 02:00:00+01:00;12.8;19.02066504
1900-08-15 03:00:00+01:00;12.5;19.20964917
1900-08-15 04:00:00+01:00;13;19.5175761
1900-08-15 05:00:00+01:00;13;20.90652285
1900-08-15 06:00:00+01:00;15;24.8585251
1900-08-15 07:00:00+01:00;17.3;29.75803316
1900-08-15 08:00:00+01:00;18.4;33.04817762
1900-08-15 09:00:00+01:00;19.2;34.34133574
1900-08-15 10:00:00+01:00;21;36.60044551
1900-08-15 11:00:00+01:00;23.1;37.89270514
1900-08-15 12:00:00+01:00;25.6;39.27774327
1900-08-15 13:00:00+01:00;31;42.1587603
1900-08-15 14:00:00+01:00;29.8;40.62808567
1900-08-15 15:00:00+01:00;28.7;38.61773116
1900-08-15 16:00:00+01:00;29;36.22470332
1900-08-15 17:00:00+01:00;27.2;32.10086147
1900-08-15 18:00:00+01:00;25;24.70301801
1900-08-15 19:00:00+01:00;21.9;23.07900066
1900-08-15 20:00:00+01:00;19.6;21.67909903
1900-08-15 21:00:00+01:00;17.5;20.68343063
1900-08-15 22:00:00+01:00;16;19.95155438
1900-08-15 23:00:00+01:00;15;19.43847335
1900-08-16 00:00:00+01:00;14.4;19.12879079
1900-08-16 01:00:00+01:00;13.7;19.01120373
1900-08-16 02:00:00+01:00;13.3;19.02066504
1900-08-16 03:00:00+01:00;13;19.20964917
1900-08-16 04:00:00+01:00;12.8;19.5175761
1900-08-16 05:00:00+01:00;13.2;20.90652285
1900-08-16 06:00:00+01:00;16;24.8585251
1900-08-16 07:00:00+01:00;19.8;29.75803316
1900-08-16 08:00:00+01:00;20;33.04817762
1900-08-16 09:00:00+01:00;21.3;34.34133574
1900-08-16 10:00:00+01:00;22.9;37.70536277
1900-08-16 11:00:00+01:00;24.7;38.76349234
1900-08-16 12:00:00+01:00;26.5;39.7574034
1900-08-16 13:00:00+01:00;30.2;41.70240766
1900-08-16 14:00:00+01:00;32.6;42.06105651
1900-08-16 15:00:00+01:00;32;40.15584763
1900-08-16 16:00:00+01:00;27.7;35.76482897
1900-08-16 17:00:00+01:00;26.4;31.84743011
1900-08-16 18:00:00+01:00;25.1;24.70301801
1900-08-16 19:00:00+01:00;21.1;23.07900066
1900-08-16 20:00:00+01:00;19.1;21.67909903
1900-08-16 21:00:00+01:00;17.4;20.68343063
1900-08-16 22:00:00+01:00;17;19.95155438
1900-08-16 23:00:00+01:00;16.5;19.43847335
1900-08-17 00:00:00+01:00;15.7;19.12879079
1900-08-17 01:00:00+01:00;14.1;19.01120373
1900-08-17 02:00:00+01:00;13.8;19.02066504
1900-08-17 03:00:00+01:00;13.3;19.20964917
1900-08-17 04:00:00+01:00;13.1;19.5175761
1900-08-17 05:00:00+01:00;14;20.90652285
1900-08-17 06:00:00+01:00;16;24.8585251
1900-08-17 07:00:00+01:00;17.6;29.75803316
1900-08-17 08:00:00+01:00;19.4;33.04817762
1900-08-17 09:00:00+01:00;20.8;34.34133574
1900-08-17 10:00:00+01:00;23.6;38.11243755
1900-08-17 11:00:00+01:00;25.7;39.30773434
1900-08-17 12:00:00+01:00;27.3;40.18376796
1900-08-17 13:00:00+01:00;28.3;40.61857014
1900-08-17 14:00:00+01:00;26.7;39.04158224
1900-08-17 15:00:00+01:00;25.3;37.0330051
1900-08-17 16:00:00+01:00;25.3;34.91583017
1900-08-17 17:00:00+01:00;22.8;30.70698899
1900-08-17 18:00:00+01:00;21.8;24.70301801
1900-08-17 19:00:00+01:00;21;23.07900066
1900-08-17 20:00:00+01:00;20;21.67909903
1900-08-17 21:00:00+01:00;19.8;20.68343063
1900-08-17 22:00:00+01:00;19.5;19.95155438
1900-08-17 23:00:00+01:00;19;19.43847335
1900-08-18 00:00:00+01:00;18.3;13.06859498
1900-08-18 01:00:00+01:00;18.2;13.02216945
1900-08-18 02:00:00+01:00;18;12.85647734
1900-08-18 03:00:00+01:00;15.7;12.92130809
1900-08-18 04:00:00+01:00;14.5;12.97349953
1900-08-18 05:00:00+01:00;14.9;13.07044473
1900-08-18 06:00:00+01:00;15.6;13.09454046
1900-08-18 07:00:00+01:00;17;13.288337
1900-08-18 08:00:00+01:00;19;13.57581922
1900-08-18 09:00:00+01:00;20.2;13.77259536
1900-08-18 10:00:00+01:00;22.2;14.34171407
1900-08-18 11:00:00+01:00;24.6;14.63043698
1900-08-18 12:00:00+01:00;24.9;15.17148605
1900-08-18 13:00:00+01:00;24;15.41692629
1900-08-18 14:00:00+01:00;26.2;15.343348
1900-08-18 15:00:00+01:00;24.1;15.12631215
1900-08-18 16:00:00+01:00;23.9;14.95120949
1900-08-18 17:00:00+01:00;23;14.7078508
1900-08-18 18:00:00+01:00;22.4;14.31524265
1900-08-18 19:00:00+01:00;20;14.12402338
1900-08-18 20:00:00+01:00;18.6;13.87692449
1900-08-18 21:00:00+01:00;17.4;13.58236278
1900-08-18 22:00:00+01:00;15.9;13.36664689
1900-08-18 23:00:00+01:00;16;13.21399473
1900-08-19 00:00:00+01:00;15.8;13.06859498
1900-08-19 01:00:00+01:00;15.2;13.02216945
1900-08-19 02:00:00+01:00;14.4;12.85647734
1900-08-19 03:00:00+01:00;14.4;12.92130809
1900-08-19 04:00:00+01:00;13.8;12.97349953
1900-08-19 05:00:00+01:00;13.5;13.07044473
1900-08-19 06:00:00+01:00;14.2;13.09454046
1900-08-19 07:00:00+01:00;15.8;13.288337
1900-08-19 08:00:00+01:00;17;13.57581922
1900-08-19 09:00:00+01:00;20.1;13.77259536
1900-08-19 10:00:00+01:00;19.4;14.34171407
1900-08-19 11:00:00+01:00;20.5;14.63043698
1900-08-19 12:00:00+01:00;21.7;15.17148605
1900-08-19 13:00:00+01:00;22.4;15.41692629
1900-08-19 14:00:00+01:00;23.9;15.343348
1900-08-19 15:00:00+01:00;20.7;15.12631215
1900-08-19 16:00:00+01:00;20.4;14.95120949
1900-08-19 17:00:00+01:00;19.9;14.7078508
1900-08-19 18:00:00+01:00;19;14.31524265
1900-08-19 19:00:00+01:00;16.4;14.12402338
1900-08-19 20:00:00+01:00;15.3;13.87692449
1900-08-19 21:00:00+01:00;14.1;13.58236278
1900-08-19 22:00:00+01:00;12.8;12.39167995
1900-08-19 23:00:00+01:00;12.5;12.22120473
1900-08-20 00:00:00+01:00;11.4;17.91394191
1900-08-20 01:00:00+01:00;10.5;17.77876592
1900-08-20 02:00:00+01:00;10.5;17.71056187
1900-08-20 03:00:00+01:00;9.6;18.0447762
1900-08-20 04:00:00+01:00;8.9;18.48374281
1900-08-20 05:00:00+01:00;10;19.45238659
1900-08-20 06:00:00+01:00;13.9;24.8585251
1900-08-20 07:00:00+01:00;14.7;29.75803316
1900-08-20 08:00:00+01:00;15.3;33.04817762
1900-08-20 09:00:00+01:00;16.3;34.34133574
1900-08-20 10:00:00+01:00;17.2;34.71773211
1900-08-20 11:00:00+01:00;18.5;35.38919194
1900-08-20 12:00:00+01:00;20;36.29319135
1900-08-20 13:00:00+01:00;19.3;35.48460294
1900-08-20 14:00:00+01:00;18;34.58913713
1900-08-20 15:00:00+01:00;18.3;33.7703338
1900-08-20 16:00:00+01:00;17.2;32.05045922
1900-08-20 17:00:00+01:00;18.3;29.28143759
1900-08-20 18:00:00+01:00;16.5;24.70301801
1900-08-20 19:00:00+01:00;12.8;22.17882325
1900-08-20 20:00:00+01:00;12.7;20.75702188
1900-08-20 21:00:00+01:00;12.8;20.68343063
1900-08-20 22:00:00+01:00;12.4;19.35855185
1900-08-20 23:00:00+01:00;11.6;19.27429276
1900-08-21 00:00:00+01:00;11;18.95046596
1900-08-21 01:00:00+01:00;11.2;18.74135557
1900-08-21 02:00:00+01:00;10.8;18.85512205
1900-08-21 03:00:00+01:00;11.4;19.05256174
1900-08-21 04:00:00+01:00;12;19.5175761
1900-08-21 05:00:00+01:00;10.9;20.32321311
1900-08-21 06:00:00+01:00;11.9;24.8585251
1900-08-21 07:00:00+01:00;14;29.75803316
1900-08-21 08:00:00+01:00;14.5;33.04817762
1900-08-21 09:00:00+01:00;15.5;34.34133574
1900-08-21 10:00:00+01:00;16.5;34.71773211
1900-08-21 11:00:00+01:00;16.8;34.89933184
1900-08-21 12:00:00+01:00;16.7;34.75000235
1900-08-21 13:00:00+01:00;15.6;34.2732785
1900-08-21 14:00:00+01:00;16.2;33.66794159
1900-08-21 15:00:00+01:00;18.8;34.00338175
1900-08-21 16:00:00+01:00;17.9;32.29808387
1900-08-21 17:00:00+01:00;17.1;28.90129055
1900-08-21 18:00:00+01:00;15.5;24.70301801
1900-08-21 19:00:00+01:00;13;22.44064197
1900-08-21 20:00:00+01:00;12;21.24085743
1900-08-21 21:00:00+01:00;10.7;20.67087202
1900-08-21 22:00:00+01:00;10.3;20.18610688
1900-08-21 23:00:00+01:00;9.5;20.09384813
1900-08-22 00:00:00+01:00;8.3;19.9078036
1900-08-22 01:00:00+01:00;7.5;19.94470748
1900-08-22 02:00:00+01:00;6.4;20.2722609
1900-08-22 03:00:00+01:00;6;20.69468179
1900-08-22 04:00:00+01:00;5.2;21.48694681
1900-08-22 05:00:00+01:00;7.3;22.67897151
1900-08-22 06:00:00+01:00;9.9;25.8582356
1900-08-22 07:00:00+01:00;11.5;30.43814054
1900-08-22 08:00:00+01:00;12.9;33.04817762
1900-08-22 09:00:00+01:00;14.1;34.34133574
1900-08-22 10:00:00+01:00;15.5;34.71773211
1900-08-22 11:00:00+01:00;15.7;34.89933184
1900-08-22 12:00:00+01:00;16.1;34.75000235
1900-08-22 13:00:00+01:00;18;34.7430299
1900-08-22 14:00:00+01:00;17.5;34.33324948
1900-08-22 15:00:00+01:00;18.5;33.86355298
1900-08-22 16:00:00+01:00;17.5;32.15658407
1900-08-22 17:00:00+01:00;16.6;28.74289595
1900-08-22 18:00:00+01:00;15.6;24.70301801
1900-08-22 19:00:00+01:00;15;23.07900066
1900-08-22 20:00:00+01:00;12;22.08596204
1900-08-22 21:00:00+01:00;11.7;21.20674217
1900-08-22 22:00:00+01:00;11.8;20.51880452
1900-08-22 23:00:00+01:00;12.3;20.06447821
1900-08-23 00:00:00+01:00;11;19.87489865
1900-08-23 01:00:00+01:00;10.9;19.70026576
1900-08-23 02:00:00+01:00;11;19.60580647
1900-08-23 03:00:00+01:00;9.8;20.05638798
1900-08-23 04:00:00+01:00;9.8;20.31231
1900-08-23 05:00:00+01:00;9.5;21.41201112
1900-08-23 06:00:00+01:00;10.4;24.84894034
1900-08-23 07:00:00+01:00;12.2;29.75803316
1900-08-23 08:00:00+01:00;14.3;33.04817762
1900-08-23 09:00:00+01:00;15.2;34.34133574
1900-08-23 10:00:00+01:00;16.6;34.71773211
1900-08-23 11:00:00+01:00;17.3;34.89933184
1900-08-23 12:00:00+01:00;19.6;36.08000907
1900-08-23 13:00:00+01:00;21;36.4543523
1900-08-23 14:00:00+01:00;20.6;35.91975291
1900-08-23 15:00:00+01:00;21;35.02879273
1900-08-23 16:00:00+01:00;20.1;33.07633277
1900-08-23 17:00:00+01:00;19.7;29.72494247
1900-08-23 18:00:00+01:00;18.6;24.70301801
1900-08-23 19:00:00+01:00;17.7;23.07900066
1900-08-23 20:00:00+01:00;15.3;21.67909903
1900-08-23 21:00:00+01:00;13.7;20.68343063
1900-08-23 22:00:00+01:00;12.1;19.1687356
1900-08-23 23:00:00+01:00;12.5;18.79490943
1900-08-24 00:00:00+01:00;11.4;18.55525831
1900-08-24 01:00:00+01:00;10.1;18.63328018
1900-08-24 02:00:00+01:00;9.2;18.85082565
1900-08-24 03:00:00+01:00;8.6;19.20396711
1900-08-24 04:00:00+01:00;8;19.65892623
1900-08-24 05:00:00+01:00;8.8;20.74731777
1900-08-24 06:00:00+01:00;10.5;24.11235642
1900-08-24 07:00:00+01:00;12.5;29.75803316
1900-08-24 08:00:00+01:00;14.8;33.04817762
1900-08-24 09:00:00+01:00;16.7;34.34133574
1900-08-24 10:00:00+01:00;18.6;35.20476055
1900-08-24 11:00:00+01:00;19.6;35.98785814
1900-08-24 12:00:00+01:00;20.9;36.77285148
1900-08-24 13:00:00+01:00;22.6;37.36705758
1900-08-24 14:00:00+01:00;22;36.63623833
1900-08-24 15:00:00+01:00;22.3;35.6347174
1900-08-24 16:00:00+01:00;22.2;33.81920672
1900-08-24 17:00:00+01:00;19.4;29.62990571
1900-08-24 18:00:00+01:00;17.7;24.70301801
1900-08-24 19:00:00+01:00;16.5;23.07900066
1900-08-24 20:00:00+01:00;15.8;21.67909903
1900-08-24 21:00:00+01:00;14.2;20.68343063
1900-08-24 22:00:00+01:00;13.2;19.95155438
1900-08-24 23:00:00+01:00;12.1;18.71398222
1900-08-25 00:00:00+01:00;11;13.07025203
1900-08-25 01:00:00+01:00;9.8;13.34588926
1900-08-25 02:00:00+01:00;9;13.47876419
1900-08-25 03:00:00+01:00;8.4;13.73385584
1900-08-25 04:00:00+01:00;8.9;13.68339533
1900-08-25 05:00:00+01:00;8.2;14.6055587
1900-08-25 06:00:00+01:00;9.7;14.54030079
1900-08-25 07:00:00+01:00;11.2;13.90419954
1900-08-25 08:00:00+01:00;12.6;13.72566947
1900-08-25 09:00:00+01:00;13.3;13.99189462
1900-08-25 10:00:00+01:00;14.2;13.68776049
1900-08-25 11:00:00+01:00;15.6;14.63043698
1900-08-25 12:00:00+01:00;15.9;15.17148605
1900-08-25 13:00:00+01:00;16.9;15.41692629
1900-08-25 14:00:00+01:00;17.5;15.343348
1900-08-25 15:00:00+01:00;18.1;15.12631215
1900-08-25 16:00:00+01:00;19.2;14.95120949
1900-08-25 17:00:00+01:00;18.5;14.7078508
1900-08-25 18:00:00+01:00;17;14.31524265
1900-08-25 19:00:00+01:00;14;14.12402338
1900-08-25 20:00:00+01:00;12.6;13.7388555
1900-08-25 21:00:00+01:00;10.2;14.40301289
1900-08-25 22:00:00+01:00;9.6;14.54773084
1900-08-25 23:00:00+01:00;9.3;14.56748887
1900-08-26 00:00:00+01:00;9;14.73173263
1900-08-26 01:00:00+01:00;8.5;14.87090316
1900-08-26 02:00:00+01:00;7.9;14.99896773
1900-08-26 03:00:00+01:00;7;15.34861173
1900-08-26 04:00:00+01:00;7.6;15.4548793
1900-08-26 05:00:00+01:00;6.9;16.33273916
1900-08-26 06:00:00+01:00;9.4;15.91625277
1900-08-26 07:00:00+01:00;12.2;14.96345661
1900-08-26 08:00:00+01:00;13.6;14.7291361
1900-08-26 09:00:00+01:00;14.5;14.68586236
1900-08-26 10:00:00+01:00;16.7;14.34171407
1900-08-26 11:00:00+01:00;19.8;14.63043698
1900-08-26 12:00:00+01:00;19.6;15.17148605
1900-08-26 13:00:00+01:00;22.3;15.41692629
1900-08-26 14:00:00+01:00;22.5;15.343348
1900-08-26 15:00:00+01:00;23;15.12631215
1900-08-26 16:00:00+01:00;22.7;14.95120949
1900-08-26 17:00:00+01:00;21.4;14.7078508
1900-08-26 18:00:00+01:00;20.3;14.31524265
1900-08-26 19:00:00+01:00;18.4;14.12402338
1900-08-26 20:00:00+01:00;16.8;13.87692449
1900-08-26 21:00:00+01:00;16.5;13.58236278
1900-08-26 22:00:00+01:00;16.1;13.36664689
1900-08-26 23:00:00+01:00;15.9;13.21399473
1900-08-27 00:00:00+01:00;15.4;19.12879079
1900-08-27 01:00:00+01:00;15.4;19.01120373
1900-08-27 02:00:00+01:00;15.4;19.02066504
1900-08-27 03:00:00+01:00;15.5;19.20964917
1900-08-27 04:00:00+01:00;15.6;19.5175761
1900-08-27 05:00:00+01:00;15.1;20.90652285
1900-08-27 06:00:00+01:00;14.6;24.8585251
1900-08-27 07:00:00+01:00;15.2;29.75803316
1900-08-27 08:00:00+01:00;15.3;33.04817762
1900-08-27 09:00:00+01:00;16.1;34.34133574
1900-08-27 10:00:00+01:00;17.6;34.71773211
1900-08-27 11:00:00+01:00;19.3;35.82458554
1900-08-27 12:00:00+01:00;20.9;36.77285148
1900-08-27 13:00:00+01:00;20.7;36.28322006
1900-08-27 14:00:00+01:00;20.8;36.02210797
1900-08-27 15:00:00+01:00;21.9;35.44827904
1900-08-27 16:00:00+01:00;21.3;33.50083217
1900-08-27 17:00:00+01:00;20.3;29.91501599
1900-08-27 18:00:00+01:00;19;24.70301801
1900-08-27 19:00:00+01:00;16.7;23.07900066
1900-08-27 20:00:00+01:00;15.8;21.67909903
1900-08-27 21:00:00+01:00;15.1;20.68343063
1900-08-27 22:00:00+01:00;13.2;19.95155438
1900-08-27 23:00:00+01:00;12.4;18.30113111
1900-08-28 00:00:00+01:00;12.2;19.12879079
1900-08-28 01:00:00+01:00;13.4;19.01120373
1900-08-28 02:00:00+01:00;13.6;19.02066504
1900-08-28 03:00:00+01:00;13.4;19.20964917
1900-08-28 04:00:00+01:00;13.3;19.5175761
1900-08-28 05:00:00+01:00;13.5;20.90652285
1900-08-28 06:00:00+01:00;13.7;24.8585251
1900-08-28 07:00:00+01:00;14;29.75803316
1900-08-28 08:00:00+01:00;14;33.04817762
1900-08-28 09:00:00+01:00;14.4;34.34133574
1900-08-28 10:00:00+01:00;15;34.71773211
1900-08-28 11:00:00+01:00;16.4;34.89933184
1900-08-28 12:00:00+01:00;16.4;34.75000235
1900-08-28 13:00:00+01:00;18.2;34.85711806
1900-08-28 14:00:00+01:00;19.5;35.35680008
1900-08-28 15:00:00+01:00;21.6;35.30845027
1900-08-28 16:00:00+01:00;20.4;33.18245762
1900-08-28 17:00:00+01:00;19;29.50319003
1900-08-28 18:00:00+01:00;17.3;24.70301801
1900-08-28 19:00:00+01:00;16.2;23.07900066
1900-08-28 20:00:00+01:00;15.8;21.67909903
1900-08-28 21:00:00+01:00;14.7;20.68343063
1900-08-28 22:00:00+01:00;14.8;19.95155438
1900-08-28 23:00:00+01:00;14.1;19.43847335
1900-08-29 00:00:00+01:00;14.6;19.12879079
1900-08-29 01:00:00+01:00;14.4;19.01120373
1900-08-29 02:00:00+01:00;14.6;19.02066504
1900-08-29 03:00:00+01:00;14.4;19.20964917
1900-08-29 04:00:00+01:00;14.3;19.5175761
1900-08-29 05:00:00+01:00;14.4;20.90652285
1900-08-29 06:00:00+01:00;14.8;24.8585251
1900-08-29 07:00:00+01:00;15;29.75803316
1900-08-29 08:00:00+01:00;16;33.04817762
1900-08-29 09:00:00+01:00;16.2;34.34133574
1900-08-29 10:00:00+01:00;18.8;35.32106763
1900-08-29 11:00:00+01:00;19.4;35.87900974
1900-08-29 12:00:00+01:00;20;36.29319135
1900-08-29 13:00:00+01:00;20.4;36.11208782
1900-08-29 14:00:00+01:00;20.5;35.86857538
1900-08-29 15:00:00+01:00;19.9;34.51608724
1900-08-29 16:00:00+01:00;20.6;33.25320752
1900-08-29 17:00:00+01:00;19.4;29.62990571
1900-08-29 18:00:00+01:00;17.7;24.70301801
1900-08-29 19:00:00+01:00;16.5;23.07900066
1900-08-29 20:00:00+01:00;15.6;21.67909903
1900-08-29 21:00:00+01:00;14.4;20.68343063
1900-08-29 22:00:00+01:00;14.2;19.95155438
1900-08-29 23:00:00+01:00;15;19.43847335
1900-08-30 00:00:00+01:00;14.7;19.12879079
1900-08-30 01:00:00+01:00;14.6;19.01120373
1900-08-30 02:00:00+01:00;15;19.02066504
1900-08-30 03:00:00+01:00;15.1;19.20964917
1900-08-30 04:00:00+01:00;14.7;19.5175761
1900-08-30 05:00:00+01:00;14.8;20.90652285
1900-08-30 06:00:00+01:00;15;24.8585251
1900-08-30 07:00:00+01:00;15.5;29.75803316
1900-08-30 08:00:00+01:00;15.6;33.04817762
1900-08-30 09:00:00+01:00;15.5;34.34133574
1900-08-30 10:00:00+01:00;14.9;34.71773211
1900-08-30 11:00:00+01:00;15;34.89933184
1900-08-30 12:00:00+01:00;14.6;34.75000235
1900-08-30 13:00:00+01:00;15.3;34.2732785
1900-08-30 14:00:00+01:00;15.7;33.57536173
1900-08-30 15:00:00+01:00;15.1;32.27882692
1900-08-30 16:00:00+01:00;15.3;31.37833517
1900-08-30 17:00:00+01:00;15.2;28.29939107
1900-08-30 18:00:00+01:00;15.2;24.70301801
1900-08-30 19:00:00+01:00;15;23.07900066
1900-08-30 20:00:00+01:00;14.8;21.67909903
1900-08-30 21:00:00+01:00;14.5;20.68343063
1900-08-30 22:00:00+01:00;14.3;19.95155438
1900-08-30 23:00:00+01:00;14.4;19.43847335
1900-08-31 00:00:00+01:00;14.4;19.12879079
1900-08-31 01:00:00+01:00;13.7;19.01120373
1900-08-31 02:00:00+01:00;14;19.02066504
1900-08-31 03:00:00+01:00;13.9;19.20964917
1900-08-31 04:00:00+01:00;14;19.5175761
1900-08-31 05:00:00+01:00;13.4;20.90652285
1900-08-31 06:00:00+01:00;13;24.8585251
1900-08-31 07:00:00+01:00;13.1;29.75803316
1900-08-31 08:00:00+01:00;13.4;33.04817762
1900-08-31 09:00:00+01:00;13.9;34.34133574
1900-08-31 10:00:00+01:00;14.6;34.71773211
1900-08-31 11:00:00+01:00;16.3;34.89933184
1900-08-31 12:00:00+01:00;16.3;34.75000235
1900-08-31 13:00:00+01:00;17;34.2732785
1900-08-31 14:00:00+01:00;17.1;34.12853936
1900-08-31 15:00:00+01:00;18.9;34.04999134
1900-08-31 16:00:00+01:00;20;33.04095782
1900-08-31 17:00:00+01:00;17;28.86961163
1900-08-31 18:00:00+01:00;16.9;24.70301801
1900-08-31 19:00:00+01:00;15.6;23.07900066
1900-08-31 20:00:00+01:00;14.8;21.67909903
1900-08-31 21:00:00+01:00;13.5;20.68343063
1900-08-31 22:00:00+01:00;11.9;19.18536997
1900-08-31 23:00:00+01:00;10.1;19.38275531
1900-09-01 00:00:00+01:00;9.3;13.82091142
1900-09-01 01:00:00+01:00;8.5;14.08607103
1900-09-01 02:00:00+01:00;7.7;14.33879081
1900-09-01 03:00:00+01:00;7.7;14.57772471
1900-09-01 04:00:00+01:00;8.4;14.69691682
1900-09-01 05:00:00+01:00;9;15.22880806
1900-09-01 06:00:00+01:00;9.6;15.47998578
1900-09-01 07:00:00+01:00;9.9;15.35525207
1900-09-01 08:00:00+01:00;9.9;15.67016202
1900-09-01 09:00:00+01:00;10.2;16.118801
1900-09-01 10:00:00+01:00;12.4;15.32492177
1900-09-01 11:00:00+01:00;13.2;15.13852444
1900-09-01 12:00:00+01:00;15.3;15.17148605
1900-09-01 13:00:00+01:00;16.1;15.41692629
1900-09-01 14:00:00+01:00;17.2;15.343348
1900-09-01 15:00:00+01:00;16.2;15.12631215
1900-09-01 16:00:00+01:00;16.9;14.95120949
1900-09-01 17:00:00+01:00;15.7;14.7078508
1900-09-01 18:00:00+01:00;15.2;14.31524265
1900-09-01 19:00:00+01:00;15.1;14.12402338
1900-09-01 20:00:00+01:00;14.7;13.87692449
1900-09-01 21:00:00+01:00;13.6;13.58236278
1900-09-01 22:00:00+01:00;11.1;14.61867135
1900-09-01 23:00:00+01:00;10.6;14.64320147
1900-09-02 00:00:00+01:00;9.2;14.97480519
1900-09-02 01:00:00+01:00;8.3;15.20650047
1900-09-02 02:00:00+01:00;8.4;15.14024775
1900-09-02 03:00:00+01:00;8;15.33730609
1900-09-02 04:00:00+01:00;7.3;15.76656243
1900-09-02 05:00:00+01:00;9.2;15.79210827
1900-09-02 06:00:00+01:00;10.5;15.71133733
1900-09-02 07:00:00+01:00;12.2;15.1073627
1900-09-02 08:00:00+01:00;15.5;13.57581922
1900-09-02 09:00:00+01:00;16.5;13.77259536
1900-09-02 10:00:00+01:00;18.2;14.34171407
1900-09-02 11:00:00+01:00;19.4;14.63043698
1900-09-02 12:00:00+01:00;19.6;15.17148605
1900-09-02 13:00:00+01:00;19.3;15.41692629
1900-09-02 14:00:00+01:00;21.6;15.343348
1900-09-02 15:00:00+01:00;20;15.12631215
1900-09-02 16:00:00+01:00;20.8;14.95120949
1900-09-02 17:00:00+01:00;20.1;14.7078508
1900-09-02 18:00:00+01:00;18.3;14.31524265
1900-09-02 19:00:00+01:00;15.3;14.12402338
1900-09-02 20:00:00+01:00;14.4;13.87692449
1900-09-02 21:00:00+01:00;13.6;13.58236278
1900-09-02 22:00:00+01:00;12;13.22137185
1900-09-02 23:00:00+01:00;10.5;13.497279
1900-09-03 00:00:00+01:00;9.5;19.19007531
1900-09-03 01:00:00+01:00;9.6;18.95130054
1900-09-03 02:00:00+01:00;8.5;19.15909679
1900-09-03 03:00:00+01:00;9;19.29369948
1900-09-03 04:00:00+01:00;7.5;19.84269986
1900-09-03 05:00:00+01:00;7.2;21.36513541
1900-09-03 06:00:00+01:00;7.5;25.44283707
1900-09-03 07:00:00+01:00;10.7;28.91255194
1900-09-03 08:00:00+01:00;14;33.04817762
1900-09-03 09:00:00+01:00;16.5;34.34133574
1900-09-03 10:00:00+01:00;17.2;34.71773211
1900-09-03 11:00:00+01:00;18.2;35.22591934
1900-09-03 12:00:00+01:00;18.6;35.54705337
1900-09-03 13:00:00+01:00;18.7;35.14233846
1900-09-03 14:00:00+01:00;22.1;36.68741586
1900-09-03 15:00:00+01:00;18.8;34.00338175
1900-09-03 16:00:00+01:00;19.5;32.86408307
1900-09-03 17:00:00+01:00;18.4;29.31311651
1900-09-03 18:00:00+01:00;17.1;24.70301801
1900-09-03 19:00:00+01:00;15;23.07900066
1900-09-03 20:00:00+01:00;13.8;21.67909903
1900-09-03 21:00:00+01:00;13.4;20.68343063
1900-09-03 22:00:00+01:00;13;19.95155438
1900-09-03 23:00:00+01:00;13.2;19.43847335
1900-09-04 00:00:00+01:00;9.1;19.53758496
1900-09-04 01:00:00+01:00;8;19.5813364
1900-09-04 02:00:00+01:00;7;19.81178501
1900-09-04 03:00:00+01:00;7.3;20.03432343
1900-09-04 04:00:00+01:00;5.7;20.73870998
1900-09-04 05:00:00+01:00;5.5;22.47799327
1900-09-04 06:00:00+01:00;6.6;26.47240068
1900-09-04 07:00:00+01:00;7.5;31.32826288
1900-09-04 08:00:00+01:00;9.4;34.44820914
1900-09-04 09:00:00+01:00;10.3;35.06233476
1900-09-04 10:00:00+01:00;10.8;35.00371078
1900-09-04 11:00:00+01:00;12.6;34.22792576
1900-09-04 12:00:00+01:00;13.3;34.75000235
1900-09-04 13:00:00+01:00;14.6;34.2732785
1900-09-04 14:00:00+01:00;16.3;33.71911912
1900-09-04 15:00:00+01:00;16.3;32.838142
1900-09-04 16:00:00+01:00;16;31.62595982
1900-09-04 17:00:00+01:00;15.4;28.36274891
1900-09-04 18:00:00+01:00;14.9;24.70301801
1900-09-04 19:00:00+01:00;13.3;23.70909759
1900-09-04 20:00:00+01:00;13;21.67909903
1900-09-04 21:00:00+01:00;12.6;21.57947099
1900-09-04 22:00:00+01:00;11.2;21.30750888
1900-09-04 23:00:00+01:00;11;21.10396825
1900-09-05 00:00:00+01:00;10.7;20.7573084
1900-09-05 01:00:00+01:00;8.4;21.07077461
1900-09-05 02:00:00+01:00;8.9;21.06125725
1900-09-05 03:00:00+01:00;7.9;21.50798281
1900-09-05 04:00:00+01:00;8;21.96861749
1900-09-05 05:00:00+01:00;7.4;23.4337536
1900-09-05 06:00:00+01:00;9;27.01121113
1900-09-05 07:00:00+01:00;8.7;32.48660105
1900-09-05 08:00:00+01:00;11.8;34.47980892
1900-09-05 09:00:00+01:00;14.1;34.34133574
1900-09-05 10:00:00+01:00;15.4;34.71773211
1900-09-05 11:00:00+01:00;16.8;34.89933184
1900-09-05 12:00:00+01:00;16.5;34.75000235
1900-09-05 13:00:00+01:00;17;34.2732785
1900-09-05 14:00:00+01:00;17.4;34.28207195
1900-09-05 15:00:00+01:00;16.2;32.79153241
1900-09-05 16:00:00+01:00;17.7;32.22733397
1900-09-05 17:00:00+01:00;17.5;29.02800623
1900-09-05 18:00:00+01:00;15.6;24.70301801
1900-09-05 19:00:00+01:00;13.1;23.07212019
1900-09-05 20:00:00+01:00;10.3;22.434388
1900-09-05 21:00:00+01:00;9.1;21.8221228
1900-09-05 22:00:00+01:00;9.3;21.15197443
1900-09-05 23:00:00+01:00;9.9;20.71900883
1900-09-06 00:00:00+01:00;8.6;20.58807121
1900-09-06 01:00:00+01:00;6.3;20.8898366
1900-09-06 02:00:00+01:00;6.7;20.94485062
1900-09-06 03:00:00+01:00;5.8;21.38734521
1900-09-06 04:00:00+01:00;5.4;22.06544996
1900-09-06 05:00:00+01:00;4.7;24.04404186
1900-09-06 06:00:00+01:00;5.7;28.4725823
1900-09-06 07:00:00+01:00;10;31.79096623
1900-09-06 08:00:00+01:00;11.7;34.58176894
1900-09-06 09:00:00+01:00;13;34.34133574
1900-09-06 10:00:00+01:00;14.8;34.71773211
1900-09-06 11:00:00+01:00;15.5;34.89933184
1900-09-06 12:00:00+01:00;16;34.75000235
1900-09-06 13:00:00+01:00;16.1;34.2732785
1900-09-06 14:00:00+01:00;17.1;34.12853936
1900-09-06 15:00:00+01:00;17.5;33.39745708
1900-09-06 16:00:00+01:00;17.2;32.05045922
1900-09-06 17:00:00+01:00;16;28.55282243
1900-09-06 18:00:00+01:00;14.5;24.70301801
1900-09-06 19:00:00+01:00;13.5;23.61719527
1900-09-06 20:00:00+01:00;12.8;22.31194584
1900-09-06 21:00:00+01:00;12.4;21.43430635
1900-09-06 22:00:00+01:00;9.7;21.42152829
1900-09-06 23:00:00+01:00;9.5;21.15435054
1900-09-07 00:00:00+01:00;8;21.03778869
1900-09-07 01:00:00+01:00;8.3;20.79687385
1900-09-07 02:00:00+01:00;8.3;20.85873869
1900-09-07 03:00:00+01:00;8.8;21.00635064
1900-09-07 04:00:00+01:00;8.8;21.39695593
1900-09-07 05:00:00+01:00;9.8;22.1777414
1900-09-07 06:00:00+01:00;10.8;25.56323145
1900-09-07 07:00:00+01:00;12.6;29.75803316
1900-09-07 08:00:00+01:00;13.9;33.04817762
1900-09-07 09:00:00+01:00;15.3;34.34133574
1900-09-07 10:00:00+01:00;15.7;34.71773211
1900-09-07 11:00:00+01:00;17.8;34.89933184
1900-09-07 12:00:00+01:00;18;35.22727995
1900-09-07 13:00:00+01:00;19.6;35.65573518
1900-09-07 14:00:00+01:00;21.9;36.5850608
1900-09-07 15:00:00+01:00;24.2;36.52029961
1900-09-07 16:00:00+01:00;19.8;32.97020792
1900-09-07 17:00:00+01:00;18.8;29.43983219
1900-09-07 18:00:00+01:00;17;24.70301801
1900-09-07 19:00:00+01:00;15.4;23.07900066
1900-09-07 20:00:00+01:00;15.2;21.67909903
1900-09-07 21:00:00+01:00;12.8;20.68343063
1900-09-07 22:00:00+01:00;12.3;19.48928668
1900-09-07 23:00:00+01:00;10.7;19.53211069
1900-09-08 00:00:00+01:00;9.9;13.77848908
1900-09-08 01:00:00+01:00;9.6;13.79790667
1900-09-08 02:00:00+01:00;10.4;13.51932484
1900-09-08 03:00:00+01:00;11;13.44339467
1900-09-08 04:00:00+01:00;10.8;13.55522645
1900-09-08 05:00:00+01:00;11;13.97684617
1900-09-08 06:00:00+01:00;10.6;14.48063987
1900-09-08 07:00:00+01:00;10.9;14.26698752
1900-09-08 08:00:00+01:00;11.8;14.24941955
1900-09-08 09:00:00+01:00;12.7;14.44131839
1900-09-08 10:00:00+01:00;13.1;14.30489303
1900-09-08 11:00:00+01:00;14.4;13.93837675
1900-09-08 12:00:00+01:00;16.3;15.17148605
1900-09-08 13:00:00+01:00;18.6;15.41692629
1900-09-08 14:00:00+01:00;20;15.343348
1900-09-08 15:00:00+01:00;21.1;15.12631215
1900-09-08 16:00:00+01:00;23.3;14.95120949
1900-09-08 17:00:00+01:00;22.7;14.7078508
1900-09-08 18:00:00+01:00;18.6;14.31524265
1900-09-08 19:00:00+01:00;15.6;14.12402338
1900-09-08 20:00:00+01:00;14.9;13.87692449
1900-09-08 21:00:00+01:00;14.6;13.58236278
1900-09-08 22:00:00+01:00;13.7;13.36664689
1900-09-08 23:00:00+01:00;12.9;13.21399473
1900-09-09 00:00:00+01:00;12.1;13.10077809
1900-09-09 01:00:00+01:00;11.4;13.23238951
1900-09-09 02:00:00+01:00;11.5;13.16723585
1900-09-09 03:00:00+01:00;11.5;13.2677984
1900-09-09 04:00:00+01:00;11.5;13.35403717
1900-09-09 05:00:00+01:00;11.2;13.9036697
1900-09-09 06:00:00+01:00;12.9;13.66730454
1900-09-09 07:00:00+01:00;15;13.288337
1900-09-09 08:00:00+01:00;15.2;13.57581922
1900-09-09 09:00:00+01:00;16.2;13.77259536
1900-09-09 10:00:00+01:00;17;14.34171407
1900-09-09 11:00:00+01:00;18;14.63043698
1900-09-09 12:00:00+01:00;18.1;15.17148605
1900-09-09 13:00:00+01:00;19;15.41692629
1900-09-09 14:00:00+01:00;20.5;15.343348
1900-09-09 15:00:00+01:00;20.4;15.12631215
1900-09-09 16:00:00+01:00;21;14.95120949
1900-09-09 17:00:00+01:00;20.2;14.7078508
1900-09-09 18:00:00+01:00;17.6;14.31524265
1900-09-09 19:00:00+01:00;16.6;14.12402338
1900-09-09 20:00:00+01:00;15.4;13.87692449
1900-09-09 21:00:00+01:00;15.3;13.58236278
1900-09-09 22:00:00+01:00;14.5;13.36664689
1900-09-09 23:00:00+01:00;12.2;12.55838581
1900-09-10 00:00:00+01:00;11.9;19.12879079
1900-09-10 01:00:00+01:00;10.6;18.21739774
1900-09-10 02:00:00+01:00;10;18.36828473
1900-09-10 03:00:00+01:00;11;18.57511244
1900-09-10 04:00:00+01:00;11.4;18.69242181
1900-09-10 05:00:00+01:00;11.6;20.90652285
1900-09-10 06:00:00+01:00;11.9;24.8585251
1900-09-10 07:00:00+01:00;13;29.75803316
1900-09-10 08:00:00+01:00;13;33.04817762
1900-09-10 09:00:00+01:00;13.8;34.34133574
1900-09-10 10:00:00+01:00;15.4;34.71773211
1900-09-10 11:00:00+01:00;16;34.89933184
1900-09-10 12:00:00+01:00;16.8;34.75000235
1900-09-10 13:00:00+01:00;16.8;34.2732785
1900-09-10 14:00:00+01:00;17.4;34.28207195
1900-09-10 15:00:00+01:00;16.7;33.02458036
1900-09-10 16:00:00+01:00;16.6;31.83820952
1900-09-10 17:00:00+01:00;15.5;28.39442783
1900-09-10 18:00:00+01:00;14.5;24.70301801
1900-09-10 19:00:00+01:00;13.5;22.32879318
1900-09-10 20:00:00+01:00;12.4;21.22433979
1900-09-10 21:00:00+01:00;11.9;20.49932686
1900-09-10 22:00:00+01:00;10.2;20.37697671
1900-09-10 23:00:00+01:00;9.1;20.37000693
1900-09-11 00:00:00+01:00;9.5;19.86920399
1900-09-11 01:00:00+01:00;9;19.83798878
1900-09-11 02:00:00+01:00;8.8;19.96729902
1900-09-11 03:00:00+01:00;9.4;20.19680669
1900-09-11 04:00:00+01:00;9.7;20.6019212
1900-09-11 05:00:00+01:00;9.7;21.75078156
1900-09-11 06:00:00+01:00;10;25.56298375
1900-09-11 07:00:00+01:00;10.7;30.41620498
1900-09-11 08:00:00+01:00;11.8;33.74278463
1900-09-11 09:00:00+01:00;13.8;34.34133574
1900-09-11 10:00:00+01:00;14.9;34.71773211
1900-09-11 11:00:00+01:00;17.4;34.89933184
1900-09-11 12:00:00+01:00;17.8;35.12068881
1900-09-11 13:00:00+01:00;19.7;35.71277926
1900-09-11 14:00:00+01:00;21.3;36.27799562
1900-09-11 15:00:00+01:00;19;34.09660093
1900-09-11 16:00:00+01:00;19.2;32.75795822
1900-09-11 17:00:00+01:00;18.4;29.31311651
1900-09-11 18:00:00+01:00;16.4;24.70301801
1900-09-11 19:00:00+01:00;15.3;23.07900066
1900-09-11 20:00:00+01:00;14.1;21.67909903
1900-09-11 21:00:00+01:00;11.7;20.58166413
1900-09-11 22:00:00+01:00;10.8;20.16385006
1900-09-11 23:00:00+01:00;11.4;19.68126222
1900-09-12 00:00:00+01:00;11.7;19.14012992
1900-09-12 01:00:00+01:00;11.9;19.01120373
1900-09-12 02:00:00+01:00;12.2;19.02066504
1900-09-12 03:00:00+01:00;12.4;19.20964917
1900-09-12 04:00:00+01:00;12;19.5175761
1900-09-12 05:00:00+01:00;11.6;20.90652285
1900-09-12 06:00:00+01:00;11.8;24.8585251
1900-09-12 07:00:00+01:00;13;29.75803316
1900-09-12 08:00:00+01:00;12.9;33.04817762
1900-09-12 09:00:00+01:00;11.3;33.24105097
1900-09-12 10:00:00+01:00;11.5;33.31386637
1900-09-12 11:00:00+01:00;12;33.18175757
1900-09-12 12:00:00+01:00;13.4;34.75000235
1900-09-12 13:00:00+01:00;13.5;34.2732785
1900-09-12 14:00:00+01:00;13.6;33.57536173
1900-09-12 15:00:00+01:00;13.1;30.77618894
1900-09-12 16:00:00+01:00;11.1;29.97025055
1900-09-12 17:00:00+01:00;11.6;27.28813608
1900-09-12 18:00:00+01:00;9;26.36802459
1900-09-12 19:00:00+01:00;7.5;25.25093258
1900-09-12 20:00:00+01:00;6.5;24.05212925
1900-09-12 21:00:00+01:00;6.4;23.0938107
1900-09-12 22:00:00+01:00;6;22.57544933
1900-09-12 23:00:00+01:00;5.8;22.36006684
1900-09-13 00:00:00+01:00;5.6;22.05077727
1900-09-13 01:00:00+01:00;3.8;22.39401072
1900-09-13 02:00:00+01:00;3.5;22.74944719
1900-09-13 03:00:00+01:00;2.6;23.38683822
1900-09-13 04:00:00+01:00;2;24.52525067
1900-09-13 05:00:00+01:00;1.5;27.1558741
1900-09-13 06:00:00+01:00;2.8;32.43529068
1900-09-13 07:00:00+01:00;6.6;37.00671592
1900-09-13 08:00:00+01:00;8.6;39.63121939
1900-09-13 09:00:00+01:00;10.1;39.57088147
1900-09-13 10:00:00+01:00;12.2;38.1035164
1900-09-13 11:00:00+01:00;14.3;34.89933184
1900-09-13 12:00:00+01:00;14.3;34.75000235
1900-09-13 13:00:00+01:00;14.6;34.2732785
1900-09-13 14:00:00+01:00;12.5;36.0658502
1900-09-13 15:00:00+01:00;12.3;34.66218417
1900-09-13 16:00:00+01:00;12.9;32.88596021
1900-09-13 17:00:00+01:00;11.7;30.09936371
1900-09-13 18:00:00+01:00;9.4;28.55197403
1900-09-13 19:00:00+01:00;6.3;27.6116832
1900-09-13 20:00:00+01:00;5.7;26.16170728
1900-09-13 21:00:00+01:00;5.4;25.14439422
1900-09-13 22:00:00+01:00;5.8;24.27801097
1900-09-13 23:00:00+01:00;3.6;24.4231737
1900-09-14 00:00:00+01:00;4;23.9314239
1900-09-14 01:00:00+01:00;5.1;23.59648313
1900-09-14 02:00:00+01:00;4.8;23.79137819
1900-09-14 03:00:00+01:00;4.7;24.08023817
1900-09-14 04:00:00+01:00;1.7;25.38544453
1900-09-14 05:00:00+01:00;1.3;27.75081166
1900-09-14 06:00:00+01:00;4.9;31.72849961
1900-09-14 07:00:00+01:00;7.1;36.7649992
1900-09-14 08:00:00+01:00;10.2;38.50875832
1900-09-14 09:00:00+01:00;11.6;38.37634238
1900-09-14 10:00:00+01:00;12.5;37.69667207
1900-09-14 11:00:00+01:00;12.8;37.48146884
1900-09-14 12:00:00+01:00;13.9;34.75000235
1900-09-14 13:00:00+01:00;10.6;38.28195739
1900-09-14 14:00:00+01:00;12.9;35.81141736
1900-09-14 15:00:00+01:00;11.4;35.29990433
1900-09-14 16:00:00+01:00;11;33.12238879
1900-09-14 17:00:00+01:00;9.1;30.99842796
1900-09-14 18:00:00+01:00;7.7;29.41164148
1900-09-14 19:00:00+01:00;6;27.88673757
1900-09-14 20:00:00+01:00;4.6;26.65986539
1900-09-14 21:00:00+01:00;4.1;25.66522952
1900-09-14 22:00:00+01:00;3.1;25.1576168
1900-09-14 23:00:00+01:00;3.6;24.62537903
1900-09-15 00:00:00+01:00;4.2;18.50964754
1900-09-15 01:00:00+01:00;3.8;18.66467068
1900-09-15 02:00:00+01:00;4;18.61574927
1900-09-15 03:00:00+01:00;1;19.503429
1900-09-15 04:00:00+01:00;0.7;20.10759783
1900-09-15 05:00:00+01:00;0.1;21.15448665
1900-09-15 06:00:00+01:00;2.4;20.87259355
1900-09-15 07:00:00+01:00;6;19.88331091
1900-09-15 08:00:00+01:00;7.4;19.81660341
1900-09-15 09:00:00+01:00;9.6;19.40451723
1900-09-15 10:00:00+01:00;11.2;18.73656296
1900-09-15 11:00:00+01:00;12.3;18.37135
1900-09-15 12:00:00+01:00;13.4;18.2668102
1900-09-15 13:00:00+01:00;14.1;18.22284753
1900-09-15 14:00:00+01:00;13.8;18.04144096
1900-09-15 15:00:00+01:00;14;17.67286475
1900-09-15 16:00:00+01:00;14;17.32241079
1900-09-15 17:00:00+01:00;13.8;17.01982068
1900-09-15 18:00:00+01:00;10.4;17.89712691
1900-09-15 19:00:00+01:00;7.6;18.55693807
1900-09-15 20:00:00+01:00;5.3;18.92503453
1900-09-15 21:00:00+01:00;4.5;18.9053204
1900-09-15 22:00:00+01:00;4.2;18.67796566
1900-09-15 23:00:00+01:00;3.4;18.65725765
1900-09-16 00:00:00+01:00;3;18.80529112
1900-09-16 01:00:00+01:00;2.5;18.9712879
1900-09-16 02:00:00+01:00;2.2;19.03620948
1900-09-16 03:00:00+01:00;-0.5;19.80710186
1900-09-16 04:00:00+01:00;-1.2;20.52853685
1900-09-16 05:00:00+01:00;2.3;20.3638255
1900-09-16 06:00:00+01:00;2.7;20.62282
1900-09-16 07:00:00+01:00;4.4;20.22045356
1900-09-16 08:00:00+01:00;5.6;20.20054399
1900-09-16 09:00:00+01:00;6.7;20.29132046
1900-09-16 10:00:00+01:00;8.9;19.50380941
1900-09-16 11:00:00+01:00;10.9;18.80064286
1900-09-16 12:00:00+01:00;12.4;18.57596039
1900-09-16 13:00:00+01:00;14.3;18.11448151
1900-09-16 14:00:00+01:00;15.2;15.343348
1900-09-16 15:00:00+01:00;14.6;17.43404504
1900-09-16 16:00:00+01:00;14.6;14.95120949
1900-09-16 17:00:00+01:00;13.7;17.19454349
1900-09-16 18:00:00+01:00;12.8;17.14162738
1900-09-16 19:00:00+01:00;11.8;17.2336281
1900-09-16 20:00:00+01:00;12;16.84328789
1900-09-16 21:00:00+01:00;10.6;17.02794341
1900-09-16 22:00:00+01:00;10.5;16.88640931
1900-09-16 23:00:00+01:00;9.9;16.79949269
1900-09-17 00:00:00+01:00;8.6;22.61182926
1900-09-17 01:00:00+01:00;8.9;22.36389822
1900-09-17 02:00:00+01:00;8.5;22.46653502
1900-09-17 03:00:00+01:00;7.6;22.75097548
1900-09-17 04:00:00+01:00;7.9;23.11068332
1900-09-17 05:00:00+01:00;7.6;24.41938758
1900-09-17 06:00:00+01:00;8.1;28.50773873
1900-09-17 07:00:00+01:00;9.4;33.28691181
1900-09-17 08:00:00+01:00;11;35.81607173
1900-09-17 09:00:00+01:00;11.3;36.29131002
1900-09-17 10:00:00+01:00;12.6;35.4977534
1900-09-17 11:00:00+01:00;12.3;35.43435519
1900-09-17 12:00:00+01:00;12;35.55837907
1900-09-17 13:00:00+01:00;12.1;35.03452816
1900-09-17 14:00:00+01:00;11.6;34.73836599
1900-09-17 15:00:00+01:00;12.1;33.00296156
1900-09-17 16:00:00+01:00;12.3;31.41155081
1900-09-17 17:00:00+01:00;12;28.46089481
1900-09-17 18:00:00+01:00;12.3;26.06476871
1900-09-17 19:00:00+01:00;12.5;24.37683381
1900-09-17 20:00:00+01:00;12.5;22.89999298
1900-09-17 21:00:00+01:00;12.2;22.02907508
1900-09-17 22:00:00+01:00;12.4;21.28931441
1900-09-17 23:00:00+01:00;12.1;21.03289013
1900-09-18 00:00:00+01:00;11.6;20.72892653
1900-09-18 01:00:00+01:00;11.5;20.63476694
1900-09-18 02:00:00+01:00;11.5;20.54422285
1900-09-18 03:00:00+01:00;11.2;20.89383837
1900-09-18 04:00:00+01:00;11.1;21.25378509
1900-09-18 05:00:00+01:00;10.3;22.52708018
1900-09-18 06:00:00+01:00;10.5;26.25780939
1900-09-18 07:00:00+01:00;11.4;31.06111305
1900-09-18 08:00:00+01:00;13;33.04817762
1900-09-18 09:00:00+01:00;13.6;34.34133574
1900-09-18 10:00:00+01:00;14.4;34.71773211
1900-09-18 11:00:00+01:00;14.7;34.89933184
1900-09-18 12:00:00+01:00;15.3;34.75000235
1900-09-18 13:00:00+01:00;14.4;34.2732785
1900-09-18 14:00:00+01:00;14.2;33.57536173
1900-09-18 15:00:00+01:00;15;32.23221733
1900-09-18 16:00:00+01:00;14.4;31.05996062
1900-09-18 17:00:00+01:00;14.8;28.17267539
1900-09-18 18:00:00+01:00;14;24.68257512
1900-09-18 19:00:00+01:00;12.1;23.33226175
1900-09-18 20:00:00+01:00;10.2;22.40284741
1900-09-18 21:00:00+01:00;9.5;21.64640449
1900-09-18 22:00:00+01:00;8.1;21.40856116
1900-09-18 23:00:00+01:00;8;21.17246602
1900-09-19 00:00:00+01:00;8.2;20.73797486
1900-09-19 01:00:00+01:00;9.8;20.3512182
1900-09-19 02:00:00+01:00;9.8;20.50490025
1900-09-19 03:00:00+01:00;10;20.82832235
1900-09-19 04:00:00+01:00;10;21.3256802
1900-09-19 05:00:00+01:00;10;22.39943248
1900-09-19 06:00:00+01:00;10.2;26.25996648
1900-09-19 07:00:00+01:00;11;31.15842146
1900-09-19 08:00:00+01:00;11.3;34.6830668
1900-09-19 09:00:00+01:00;13.3;34.34133574
1900-09-19 10:00:00+01:00;14.1;34.71773211
1900-09-19 11:00:00+01:00;15.2;34.89933184
1900-09-19 12:00:00+01:00;15.9;34.75000235
1900-09-19 13:00:00+01:00;16.7;34.2732785
1900-09-19 14:00:00+01:00;17.3;34.23089442
1900-09-19 15:00:00+01:00;16.9;33.11779954
1900-09-19 16:00:00+01:00;16;31.62595982
1900-09-19 17:00:00+01:00;15.8;28.48946459
1900-09-19 18:00:00+01:00;14.4;24.70301801
1900-09-19 19:00:00+01:00;15.9;23.07900066
1900-09-19 20:00:00+01:00;14.3;21.67909903
1900-09-19 21:00:00+01:00;13.5;20.68343063
1900-09-19 22:00:00+01:00;15;19.95155438
1900-09-19 23:00:00+01:00;12.1;19.81105368
1900-09-20 00:00:00+01:00;12.7;19.12879079
1900-09-20 01:00:00+01:00;12.5;19.01120373
1900-09-20 02:00:00+01:00;11.7;19.23379032
1900-09-20 03:00:00+01:00;11.5;19.55557924
1900-09-20 04:00:00+01:00;9.3;20.25993066
1900-09-20 05:00:00+01:00;8.7;21.61701199
1900-09-20 06:00:00+01:00;10.4;24.82225668
1900-09-20 07:00:00+01:00;11.5;29.46966531
1900-09-20 08:00:00+01:00;13.5;33.04817762
1900-09-20 09:00:00+01:00;14.8;34.34133574
1900-09-20 10:00:00+01:00;16;34.71773211
1900-09-20 11:00:00+01:00;16.9;34.89933184
1900-09-20 12:00:00+01:00;17.5;34.9608021
1900-09-20 13:00:00+01:00;17.7;34.57189766
1900-09-20 14:00:00+01:00;18;34.58913713
1900-09-20 15:00:00+01:00;18.3;33.7703338
1900-09-20 16:00:00+01:00;17.6;32.19195902
1900-09-20 17:00:00+01:00;16.4;28.67953811
1900-09-20 18:00:00+01:00;14.8;24.70301801
1900-09-20 19:00:00+01:00;15.1;23.07900066
1900-09-20 20:00:00+01:00;13.7;21.67909903
1900-09-20 21:00:00+01:00;12.9;20.68343063
1900-09-20 22:00:00+01:00;11.4;19.86266861
1900-09-20 23:00:00+01:00;10.3;19.84698965
1900-09-21 00:00:00+01:00;10.4;19.41608278
1900-09-21 01:00:00+01:00;10.9;19.21572912
1900-09-21 02:00:00+01:00;9.4;19.58969743
1900-09-21 03:00:00+01:00;8.4;20.08493596
1900-09-21 04:00:00+01:00;8.7;20.4510839
1900-09-21 05:00:00+01:00;9.4;21.4475148
1900-09-21 06:00:00+01:00;8.2;25.93770514
1900-09-21 07:00:00+01:00;9.8;30.32511957
1900-09-21 08:00:00+01:00;11.2;33.47905939
1900-09-21 09:00:00+01:00;13.2;34.34133574
1900-09-21 10:00:00+01:00;14.7;34.71773211
1900-09-21 11:00:00+01:00;14.8;34.89933184
1900-09-21 12:00:00+01:00;15;34.75000235
1900-09-21 13:00:00+01:00;15.1;34.2732785
1900-09-21 14:00:00+01:00;15.5;33.57536173
1900-09-21 15:00:00+01:00;15.8;32.60509405
1900-09-21 16:00:00+01:00;15.9;31.59058487
1900-09-21 17:00:00+01:00;15.9;28.52114351
1900-09-21 18:00:00+01:00;15.7;24.70301801
1900-09-21 19:00:00+01:00;15.5;23.07900066
1900-09-21 20:00:00+01:00;15.4;21.67909903
1900-09-21 21:00:00+01:00;15;20.68343063
1900-09-21 22:00:00+01:00;14;19.95155438
1900-09-21 23:00:00+01:00;12.2;19.93131258
1900-09-22 00:00:00+01:00;11;14.16485916
1900-09-22 01:00:00+01:00;12;13.89763127
1900-09-22 02:00:00+01:00;13.6;12.85647734
1900-09-22 03:00:00+01:00;13.5;12.92130809
1900-09-22 04:00:00+01:00;13;12.97349953
1900-09-22 05:00:00+01:00;13.4;13.07044473
1900-09-22 06:00:00+01:00;13.2;14.02546802
1900-09-22 07:00:00+01:00;12.5;14.11581581
1900-09-22 08:00:00+01:00;12.6;14.26770429
1900-09-22 09:00:00+01:00;14.2;14.07985662
1900-09-22 10:00:00+01:00;15.7;14.34171407
1900-09-22 11:00:00+01:00;16;14.63043698
1900-09-22 12:00:00+01:00;16.5;15.17148605
1900-09-22 13:00:00+01:00;16.6;15.41692629
1900-09-22 14:00:00+01:00;17.2;15.343348
1900-09-22 15:00:00+01:00;16.7;15.12631215
1900-09-22 16:00:00+01:00;16.4;14.95120949
1900-09-22 17:00:00+01:00;15.6;14.7078508
1900-09-22 18:00:00+01:00;13.9;14.31524265
1900-09-22 19:00:00+01:00;14.1;14.12402338
1900-09-22 20:00:00+01:00;14;13.87692449
1900-09-22 21:00:00+01:00;13.6;13.58236278
1900-09-22 22:00:00+01:00;12.4;13.30276862
1900-09-22 23:00:00+01:00;12.7;13.17028874
1900-09-23 00:00:00+01:00;11.8;13.36373112
1900-09-23 01:00:00+01:00;10.9;13.60770956
1900-09-23 02:00:00+01:00;9.8;13.92717116
1900-09-23 03:00:00+01:00;9.8;14.11463214
1900-09-23 04:00:00+01:00;8.5;14.67993859
1900-09-23 05:00:00+01:00;8.9;15.26845628
1900-09-23 06:00:00+01:00;8.2;15.97852595
1900-09-23 07:00:00+01:00;9.7;15.45246666
1900-09-23 08:00:00+01:00;11.6;15.11525282
1900-09-23 09:00:00+01:00;12.4;15.27425281
1900-09-23 10:00:00+01:00;14.2;14.55683207
1900-09-23 11:00:00+01:00;13.8;14.82090039
1900-09-23 12:00:00+01:00;14.4;14.93521478
1900-09-23 13:00:00+01:00;14.2;15.29403703
1900-09-23 14:00:00+01:00;14;15.28963902
1900-09-23 15:00:00+01:00;13.9;15.25542306
1900-09-23 16:00:00+01:00;13.6;15.09778513
1900-09-23 17:00:00+01:00;12.9;15.14073428
1900-09-23 18:00:00+01:00;12.8;14.74579356
1900-09-23 19:00:00+01:00;12.8;14.60237738
1900-09-23 20:00:00+01:00;12.6;14.39748442
1900-09-23 21:00:00+01:00;12.6;14.32323585
1900-09-23 22:00:00+01:00;12.3;14.42408658
1900-09-23 23:00:00+01:00;12.6;14.30554894
1900-09-24 00:00:00+01:00;12.8;19.12879079
1900-09-24 01:00:00+01:00;12.7;19.01120373
1900-09-24 02:00:00+01:00;13.4;19.02066504
1900-09-24 03:00:00+01:00;13.1;19.20964917
1900-09-24 04:00:00+01:00;12.7;19.5175761
1900-09-24 05:00:00+01:00;12.6;20.90652285
1900-09-24 06:00:00+01:00;13;24.8585251
1900-09-24 07:00:00+01:00;13.1;29.75803316
1900-09-24 08:00:00+01:00;13.3;33.04817762
1900-09-24 09:00:00+01:00;13.4;34.34133574
1900-09-24 10:00:00+01:00;13.2;34.71773211
1900-09-24 11:00:00+01:00;13.3;34.89933184
1900-09-24 12:00:00+01:00;13.5;34.75000235
1900-09-24 13:00:00+01:00;14;34.2732785
1900-09-24 14:00:00+01:00;14;33.57536173
1900-09-24 15:00:00+01:00;13.7;32.06362583
1900-09-24 16:00:00+01:00;13.7;30.81233597
1900-09-24 17:00:00+01:00;13.3;26.65428303
1900-09-24 18:00:00+01:00;12;24.75205641
1900-09-24 19:00:00+01:00;10.4;23.79186688
1900-09-24 20:00:00+01:00;8.6;22.81574012
1900-09-24 21:00:00+01:00;8.4;21.9192458
1900-09-24 22:00:00+01:00;8;21.43405977
1900-09-24 23:00:00+01:00;8.5;21.06604191
1900-09-25 00:00:00+01:00;8.7;20.6596193
1900-09-25 01:00:00+01:00;9.6;20.43832676
1900-09-25 02:00:00+01:00;10;20.57073221
1900-09-25 03:00:00+01:00;10;20.98001283
1900-09-25 04:00:00+01:00;10.1;21.5198946
1900-09-25 05:00:00+01:00;10;22.68042297
1900-09-25 06:00:00+01:00;10.4;26.56670073
1900-09-25 07:00:00+01:00;11.4;31.44779364
1900-09-25 08:00:00+01:00;12.4;34.55981722
1900-09-25 09:00:00+01:00;13;34.34133574
1900-09-25 10:00:00+01:00;13.7;34.71773211
1900-09-25 11:00:00+01:00;15.6;34.89933184
1900-09-25 12:00:00+01:00;15;34.75000235
1900-09-25 13:00:00+01:00;14.7;34.2732785
1900-09-25 14:00:00+01:00;14.2;33.57536173
1900-09-25 15:00:00+01:00;14.2;32.06362583
1900-09-25 16:00:00+01:00;13;30.72011002
1900-09-25 17:00:00+01:00;12;27.92301026
1900-09-25 18:00:00+01:00;11.3;25.96623266
1900-09-25 19:00:00+01:00;12;24.07922369
1900-09-25 20:00:00+01:00;11.4;22.69133634
1900-09-25 21:00:00+01:00;11.6;21.62450376
1900-09-25 22:00:00+01:00;11.3;20.97918767
1900-09-25 23:00:00+01:00;10.7;20.76900498
1900-09-26 00:00:00+01:00;10;20.47679111
1900-09-26 01:00:00+01:00;9.8;20.39656892
1900-09-26 02:00:00+01:00;9.3;20.60777834
1900-09-26 03:00:00+01:00;9.2;20.95485393
1900-09-26 04:00:00+01:00;8.4;21.61366877
1900-09-26 05:00:00+01:00;7.6;23.20468908
1900-09-26 06:00:00+01:00;7.2;27.81620648
1900-09-26 07:00:00+01:00;8;33.01772223
1900-09-26 08:00:00+01:00;10;35.785375
1900-09-26 09:00:00+01:00;11.2;35.9908601
1900-09-26 10:00:00+01:00;12.3;35.49172683
1900-09-26 11:00:00+01:00;13;34.89933184
1900-09-26 12:00:00+01:00;13.4;34.75000235
1900-09-26 13:00:00+01:00;13.3;34.30703691
1900-09-26 14:00:00+01:00;14.3;33.57536173
1900-09-26 15:00:00+01:00;14.3;32.06362583
1900-09-26 16:00:00+01:00;14.5;31.09533557
1900-09-26 17:00:00+01:00;12.7;28.00309469
1900-09-26 18:00:00+01:00;10;26.63564356
1900-09-26 19:00:00+01:00;6.8;25.99919971
1900-09-26 20:00:00+01:00;5.4;24.86637844
1900-09-26 21:00:00+01:00;6;23.71128028
1900-09-26 22:00:00+01:00;4.3;23.52436844
1900-09-26 23:00:00+01:00;4.4;23.23197332
1900-09-27 00:00:00+01:00;3.5;23.06490477
1900-09-27 01:00:00+01:00;3.3;23.08199748
1900-09-27 02:00:00+01:00;2.9;23.42087586
1900-09-27 03:00:00+01:00;3.7;23.71729353
1900-09-27 04:00:00+01:00;4.5;24.48475635
1900-09-27 05:00:00+01:00;5;26.26448337
1900-09-27 06:00:00+01:00;5.9;30.94736365
1900-09-27 07:00:00+01:00;6.1;36.97255035
1900-09-27 08:00:00+01:00;6.9;40.3036575
1900-09-27 09:00:00+01:00;7.8;40.73969252
1900-09-27 10:00:00+01:00;8.2;40.67644991
1900-09-27 11:00:00+01:00;8.9;40.26090578
1900-09-27 12:00:00+01:00;9.5;39.86306749
1900-09-27 13:00:00+01:00;10.2;38.90579318
1900-09-27 14:00:00+01:00;10.6;37.85989177
1900-09-27 15:00:00+01:00;10.5;36.41968012
1900-09-27 16:00:00+01:00;10.3;34.08750665
1900-09-27 17:00:00+01:00;9.2;31.528881
1900-09-27 18:00:00+01:00;8.1;29.78029791
1900-09-27 19:00:00+01:00;6.2;28.30505105
1900-09-27 20:00:00+01:00;5.5;26.87568332
1900-09-27 21:00:00+01:00;5.4;25.7981861
1900-09-27 22:00:00+01:00;4.8;25.13219925
1900-09-27 23:00:00+01:00;5.2;24.63287315
1900-09-28 00:00:00+01:00;5.2;24.21308229
1900-09-28 01:00:00+01:00;5.1;24.1239836
1900-09-28 02:00:00+01:00;5.5;24.20135105
1900-09-28 03:00:00+01:00;6;24.43463685
1900-09-28 04:00:00+01:00;5.6;25.31363365
1900-09-28 05:00:00+01:00;6;26.88413234
1900-09-28 06:00:00+01:00;5;32.38385302
1900-09-28 07:00:00+01:00;5;38.73420241
1900-09-28 08:00:00+01:00;6.2;41.71002785
1900-09-28 09:00:00+01:00;7.3;41.90948386
1900-09-28 10:00:00+01:00;9.7;40.46130456
1900-09-28 11:00:00+01:00;10.1;40.03592313
1900-09-28 12:00:00+01:00;10.1;39.79173944
1900-09-28 13:00:00+01:00;11.1;38.49810829
1900-09-28 14:00:00+01:00;11;37.61980907
1900-09-28 15:00:00+01:00;11.5;35.64339773
1900-09-28 16:00:00+01:00;11;33.45064921
1900-09-28 17:00:00+01:00;10;30.81816673
1900-09-28 18:00:00+01:00;9.6;28.83845651
1900-09-28 19:00:00+01:00;8.2;27.28527096
1900-09-28 20:00:00+01:00;7.5;25.86896775
1900-09-28 21:00:00+01:00;7.1;24.87413058
1900-09-28 22:00:00+01:00;7.4;23.98815549
1900-09-28 23:00:00+01:00;7.1;23.65884479
1900-09-29 00:00:00+01:00;6.5;17.69529252
1900-09-29 01:00:00+01:00;6.9;17.60385542
1900-09-29 02:00:00+01:00;6.7;17.65235489
1900-09-29 03:00:00+01:00;6.6;17.77154385
1900-09-29 04:00:00+01:00;6.4;18.24780414
1900-09-29 05:00:00+01:00;6.1;18.79191368
1900-09-29 06:00:00+01:00;6.2;19.09143679
1900-09-29 07:00:00+01:00;6.4;19.10882951
1900-09-29 08:00:00+01:00;6.5;19.36870273
1900-09-29 09:00:00+01:00;7;19.62265811
1900-09-29 10:00:00+01:00;7;19.70653287
1900-09-29 11:00:00+01:00;7;19.79349249
1900-09-29 12:00:00+01:00;7.4;20.1376399
1900-09-29 13:00:00+01:00;7.8;20.23439446
1900-09-29 14:00:00+01:00;7.9;20.08673234
1900-09-29 15:00:00+01:00;8;19.85380178
1900-09-29 16:00:00+01:00;7.2;19.98189014
1900-09-29 17:00:00+01:00;7;19.74068869
1900-09-29 18:00:00+01:00;7.4;19.18831837
1900-09-29 19:00:00+01:00;7.5;18.79921559
1900-09-29 20:00:00+01:00;7.4;18.51733947
1900-09-29 21:00:00+01:00;7.4;18.32316501
1900-09-29 22:00:00+01:00;7.7;18.08664204
1900-09-29 23:00:00+01:00;7.8;17.9135677
1900-09-30 00:00:00+01:00;7.8;17.70974387
1900-09-30 01:00:00+01:00;8.2;17.65653475
1900-09-30 02:00:00+01:00;8.5;17.61361783
1900-09-30 03:00:00+01:00;8.3;17.73376601
1900-09-30 04:00:00+01:00;9;17.98248945
1900-09-30 05:00:00+01:00;9;18.13783285
1900-09-30 06:00:00+01:00;9.3;18.2910678
1900-09-30 07:00:00+01:00;9.7;18.28630962
1900-09-30 08:00:00+01:00;10.4;18.26131585
1900-09-30 09:00:00+01:00;12.2;17.75991254
1900-09-30 10:00:00+01:00;14;16.79400285
1900-09-30 11:00:00+01:00;15;14.63043698
1900-09-30 12:00:00+01:00;15.8;15.17148605
1900-09-30 13:00:00+01:00;15.8;15.41692629
1900-09-30 14:00:00+01:00;16.1;15.343348
1900-09-30 15:00:00+01:00;15.6;15.12631215
1900-09-30 16:00:00+01:00;14.6;14.95120949
1900-09-30 17:00:00+01:00;13.4;15.61233664
1900-09-30 18:00:00+01:00;13.2;15.15457371
1900-09-30 19:00:00+01:00;11.3;15.56962592
1900-09-30 20:00:00+01:00;11.1;15.23983537
1900-09-30 21:00:00+01:00;9.6;15.49418814
1900-09-30 22:00:00+01:00;9;15.52044337
1900-09-30 23:00:00+01:00;9;15.37810379
1900-10-01 00:00:00+01:00;9.5;20.80045068
1900-10-01 01:00:00+01:00;9.4;20.68058252
1900-10-01 02:00:00+01:00;9.4;20.77756249
1900-10-01 03:00:00+01:00;9.7;21.01994304
1900-10-01 04:00:00+01:00;9.6;21.50495415
1900-10-01 05:00:00+01:00;9.3;22.70649793
1900-10-01 06:00:00+01:00;9.5;26.67234273
1900-10-01 07:00:00+01:00;9.8;31.83647475
1900-10-01 08:00:00+01:00;9.9;35.531098
1900-10-01 09:00:00+01:00;10.3;36.23551132
1900-10-01 10:00:00+01:00;11.1;35.88447772
1900-10-01 11:00:00+01:00;11.6;35.59042932
1900-10-01 12:00:00+01:00;11.8;35.560393
1900-10-01 13:00:00+01:00;11.9;35.09687103
1900-10-01 14:00:00+01:00;12.3;34.19839761
1900-10-01 15:00:00+01:00;12.4;32.76601457
1900-10-01 16:00:00+01:00;12.9;31.21860574
1900-10-01 17:00:00+01:00;12.8;28.26200742
1900-10-01 18:00:00+01:00;10.5;26.72483394
1900-10-01 19:00:00+01:00;10;25.17832305
1900-10-01 20:00:00+01:00;9;23.95602801
1900-10-01 21:00:00+01:00;9;22.95110393
1900-10-01 22:00:00+01:00;8.5;22.38255342
1900-10-01 23:00:00+01:00;7.6;22.27035285
1900-10-02 00:00:00+01:00;6.5;22.12460539
1900-10-02 01:00:00+01:00;7.5;21.86614585
1900-10-02 02:00:00+01:00;6.4;22.25873291
1900-10-02 03:00:00+01:00;6.3;22.66857354
1900-10-02 04:00:00+01:00;6.7;23.35475391
1900-10-02 05:00:00+01:00;7;24.87242239
1900-10-02 06:00:00+01:00;8;29.0965108
1900-10-02 07:00:00+01:00;8.2;34.81142902
1900-10-02 08:00:00+01:00;9.4;37.77951546
1900-10-02 09:00:00+01:00;9.8;38.38236612
1900-10-02 10:00:00+01:00;10.5;38.0215325
1900-10-02 11:00:00+01:00;11;37.61545008
1900-10-02 12:00:00+01:00;11.4;37.24880635
1900-10-02 13:00:00+01:00;12;36.28846029
1900-10-02 14:00:00+01:00;12.5;35.09291093
1900-10-02 15:00:00+01:00;12.2;33.79601247
1900-10-02 16:00:00+01:00;11.8;32.33046361
1900-10-02 17:00:00+01:00;10.6;29.32867212
1900-10-02 18:00:00+01:00;9.3;27.93905802
1900-10-02 19:00:00+01:00;7.3;26.74056894
1900-10-02 20:00:00+01:00;7;25.25249373
1900-10-02 21:00:00+01:00;6.6;24.32789221
1900-10-02 22:00:00+01:00;6.6;23.62086202
1900-10-02 23:00:00+01:00;7;23.17934876
1900-10-03 00:00:00+01:00;6.5;22.87868808
1900-10-03 01:00:00+01:00;7;22.71166668
1900-10-03 02:00:00+01:00;7.1;22.85203378
1900-10-03 03:00:00+01:00;7.2;23.16339093
1900-10-03 04:00:00+01:00;8.1;23.69206638
1900-10-03 05:00:00+01:00;8.7;24.82205984
1900-10-03 06:00:00+01:00;8.9;29.12762254
1900-10-03 07:00:00+01:00;9.4;34.61434546
1900-10-03 08:00:00+01:00;9.6;38.01257513
1900-10-03 09:00:00+01:00;9.8;38.7010499
1900-10-03 10:00:00+01:00;9.8;38.76322325
1900-10-03 11:00:00+01:00;9.9;38.60849165
1900-10-03 12:00:00+01:00;10.2;38.34790614
1900-10-03 13:00:00+01:00;10.7;37.49578224
1900-10-03 14:00:00+01:00;11.4;36.23458545
1900-10-03 15:00:00+01:00;12.5;33.93550219
1900-10-03 16:00:00+01:00;12.2;32.52488349
1900-10-03 17:00:00+01:00;10.9;29.41711852
1900-10-03 18:00:00+01:00;10;27.83566261
1900-10-03 19:00:00+01:00;9.2;26.19978031
1900-10-03 20:00:00+01:00;8.7;24.74821731
1900-10-03 21:00:00+01:00;7.1;24.10769214
1900-10-03 22:00:00+01:00;6.4;23.53655552
1900-10-03 23:00:00+01:00;5.6;23.36935004
1900-10-04 00:00:00+01:00;4.8;23.12510925
1900-10-04 01:00:00+01:00;4.4;23.12562711
1900-10-04 02:00:00+01:00;4.5;23.31467319
1900-10-04 03:00:00+01:00;4.2;23.73792163
1900-10-04 04:00:00+01:00;4.3;24.61471212
1900-10-04 05:00:00+01:00;4.8;26.46135106
1900-10-04 06:00:00+01:00;4.3;31.93568135
1900-10-04 07:00:00+01:00;4.9;38.00527737
1900-10-04 08:00:00+01:00;7.5;40.30685086
1900-10-04 09:00:00+01:00;10.6;39.24157483
1900-10-04 10:00:00+01:00;12.1;38.0804963
1900-10-04 11:00:00+01:00;13.5;34.89933184
1900-10-04 12:00:00+01:00;15.4;34.75000235
1900-10-04 13:00:00+01:00;16.2;34.2732785
1900-10-04 14:00:00+01:00;13;35.28573475
1900-10-04 15:00:00+01:00;12.2;34.30785806
1900-10-04 16:00:00+01:00;11;32.67428728
1900-10-04 17:00:00+01:00;10;30.07725714
1900-10-04 18:00:00+01:00;9.7;28.18325064
1900-10-04 19:00:00+01:00;8.6;26.65341967
1900-10-04 20:00:00+01:00;7.4;25.44889855
1900-10-04 21:00:00+01:00;7.2;24.43428143
1900-10-04 22:00:00+01:00;6.7;23.79724514
1900-10-04 23:00:00+01:00;6.2;23.5273099
1900-10-05 00:00:00+01:00;5.8;23.17508947
1900-10-05 01:00:00+01:00;4.8;23.24022246
1900-10-05 02:00:00+01:00;3.4;23.64698365
1900-10-05 03:00:00+01:00;2.4;24.12396264
1900-10-05 04:00:00+01:00;2.4;25.00835701
1900-10-05 05:00:00+01:00;1.9;27.3826594
1900-10-05 06:00:00+01:00;3.6;32.19129111
1900-10-05 07:00:00+01:00;4.8;37.80812546
1900-10-05 08:00:00+01:00;5.5;41.22781213
1900-10-05 09:00:00+01:00;7;41.34432799
1900-10-05 10:00:00+01:00;7.7;41.10836072
1900-10-05 11:00:00+01:00;8.5;40.66312776
1900-10-05 12:00:00+01:00;9.2;40.28065613
1900-10-05 13:00:00+01:00;9.6;39.62022562
1900-10-05 14:00:00+01:00;8.8;39.42386354
1900-10-05 15:00:00+01:00;8.9;37.79443266
1900-10-05 16:00:00+01:00;8.9;35.14238126
1900-10-05 17:00:00+01:00;6.1;33.21734686
1900-10-05 18:00:00+01:00;5;31.21779925
1900-10-05 19:00:00+01:00;3.4;29.51879555
1900-10-05 20:00:00+01:00;2.6;28.14291265
1900-10-05 21:00:00+01:00;2.5;27.06827852
1900-10-05 22:00:00+01:00;1.4;26.59191116
1900-10-05 23:00:00+01:00;1;26.34081974
1900-10-06 00:00:00+01:00;0.5;20.62782944
1900-10-06 01:00:00+01:00;0.5;20.74354596
1900-10-06 02:00:00+01:00;0.1;20.87668354
1900-10-06 03:00:00+01:00;-1;21.31096773
1900-10-06 04:00:00+01:00;-0.3;21.85330702
1900-10-06 05:00:00+01:00;0.1;22.51107956
1900-10-06 06:00:00+01:00;0.2;22.93681044
1900-10-06 07:00:00+01:00;0.4;23.17872968
1900-10-06 08:00:00+01:00;1.6;23.25562115
1900-10-06 09:00:00+01:00;3.8;22.99551344
1900-10-06 10:00:00+01:00;5;22.63351669
1900-10-06 11:00:00+01:00;6.4;22.150364
1900-10-06 12:00:00+01:00;7.3;22.27670051
1900-10-06 13:00:00+01:00;8.5;22.07636992
1900-10-06 14:00:00+01:00;8.5;21.80214171
1900-10-06 15:00:00+01:00;8;21.67993064
1900-10-06 16:00:00+01:00;8.1;21.41703819
1900-10-06 17:00:00+01:00;6.3;21.7399797
1900-10-06 18:00:00+01:00;3.5;22.43877758
1900-10-06 19:00:00+01:00;2.2;22.38832778
1900-10-06 20:00:00+01:00;0.9;22.45307176
1900-10-06 21:00:00+01:00;1.2;22.07860805
1900-10-06 22:00:00+01:00;-1;22.28019527
1900-10-06 23:00:00+01:00;-1.2;22.0730245
1900-10-07 00:00:00+01:00;-2.5;22.45090888
1900-10-07 01:00:00+01:00;-2.1;22.4366773
1900-10-07 02:00:00+01:00;-4.3;23.00885332
1900-10-07 03:00:00+01:00;-4.6;23.25795387
1900-10-07 04:00:00+01:00;-5.3;24.30788026
1900-10-07 05:00:00+01:00;-6.3;25.74624167
1900-10-07 06:00:00+01:00;-6.8;26.49389943
1900-10-07 07:00:00+01:00;-3;25.61068443
1900-10-07 08:00:00+01:00;2;24.43654833
1900-10-07 09:00:00+01:00;4;24.06145747
1900-10-07 10:00:00+01:00;5.9;23.31022087
1900-10-07 11:00:00+01:00;7.6;22.64892146
1900-10-07 12:00:00+01:00;8.7;22.59611674
1900-10-07 13:00:00+01:00;9;22.76093313
1900-10-07 14:00:00+01:00;9.4;22.25202195
1900-10-07 15:00:00+01:00;9.3;21.90003487
1900-10-07 16:00:00+01:00;8.8;21.85556309
1900-10-07 17:00:00+01:00;7.6;21.92727701
1900-10-07 18:00:00+01:00;7.1;21.70875831
1900-10-07 19:00:00+01:00;7.2;21.20171984
1900-10-07 20:00:00+01:00;5.7;21.37619179
1900-10-07 21:00:00+01:00;6;20.98791514
1900-10-07 22:00:00+01:00;5.1;20.88884558
1900-10-07 23:00:00+01:00;4.1;20.81983475
1900-10-08 00:00:00+01:00;4.1;26.34925937
1900-10-08 01:00:00+01:00;3.3;26.37111807
1900-10-08 02:00:00+01:00;0.6;26.96699392
1900-10-08 03:00:00+01:00;-1.2;27.48785965
1900-10-08 04:00:00+01:00;-1.5;28.61094282
1900-10-08 05:00:00+01:00;-3.1;31.7131008
1900-10-08 06:00:00+01:00;-3.9;38.69855719
1900-10-08 07:00:00+01:00;-2;44.96102365
1900-10-08 08:00:00+01:00;3.2;45.79022662
1900-10-08 09:00:00+01:00;5.3;45.32792219
1900-10-08 10:00:00+01:00;6.5;44.63029692
1900-10-08 11:00:00+01:00;8.4;43.30641831
1900-10-08 12:00:00+01:00;9.3;42.40145259
1900-10-08 13:00:00+01:00;10;41.22529891
1900-10-08 14:00:00+01:00;10.4;39.86697611
1900-10-08 15:00:00+01:00;10;38.40158392
1900-10-08 16:00:00+01:00;10;35.7047501
1900-10-08 17:00:00+01:00;8.6;33.14757338
1900-10-08 18:00:00+01:00;4.6;32.30043786
1900-10-08 19:00:00+01:00;3;30.47221142
1900-10-08 20:00:00+01:00;1.8;29.19446361
1900-10-08 21:00:00+01:00;1;28.27885908
1900-10-08 22:00:00+01:00;0;27.73279419
1900-10-08 23:00:00+01:00;-0.3;27.42118107
1900-10-09 00:00:00+01:00;-0.6;27.16120991
1900-10-09 01:00:00+01:00;-0.7;27.18717987
1900-10-09 02:00:00+01:00;-1.7;27.64767005
1900-10-09 03:00:00+01:00;-2.3;28.08585471
1900-10-09 04:00:00+01:00;-3.5;29.58507025
1900-10-09 05:00:00+01:00;-2.5;32.27572956
1900-10-09 06:00:00+01:00;-3.4;39.39701595
1900-10-09 07:00:00+01:00;-2.8;46.54645898
1900-10-09 08:00:00+01:00;2.1;47.57508521
1900-10-09 09:00:00+01:00;5.4;46.42333054
1900-10-09 10:00:00+01:00;6.6;45.75374853
1900-10-09 11:00:00+01:00;8.4;44.50898036
1900-10-09 12:00:00+01:00;9.1;43.67328427
1900-10-09 13:00:00+01:00;10.2;42.22404235
1900-10-09 14:00:00+01:00;10.8;40.63714303
1900-10-09 15:00:00+01:00;10.4;39.12559487
1900-10-09 16:00:00+01:00;9.9;36.7570638
1900-10-09 17:00:00+01:00;8.4;34.27775583
1900-10-09 18:00:00+01:00;4.9;33.04484368
1900-10-09 19:00:00+01:00;3.9;30.86684996
1900-10-09 20:00:00+01:00;2.8;29.49889413
1900-10-09 21:00:00+01:00;1.4;28.64649483
1900-10-09 22:00:00+01:00;0.6;27.92343102
1900-10-09 23:00:00+01:00;-0.1;27.61007199
1900-10-10 00:00:00+01:00;0.1;27.14872519
1900-10-10 01:00:00+01:00;1.2;26.84657205
1900-10-10 02:00:00+01:00;0.4;27.18745502
1900-10-10 03:00:00+01:00;1.7;27.2570453
1900-10-10 04:00:00+01:00;-0.5;28.67250278
1900-10-10 05:00:00+01:00;0.2;30.97467299
1900-10-10 06:00:00+01:00;0.7;36.85778094
1900-10-10 07:00:00+01:00;1.2;43.49720115
1900-10-10 08:00:00+01:00;3.3;45.87775705
1900-10-10 09:00:00+01:00;5.8;45.19823065
1900-10-10 10:00:00+01:00;6.7;44.70190066
1900-10-10 11:00:00+01:00;7;44.4039132
1900-10-10 12:00:00+01:00;7.7;43.72328921
1900-10-10 13:00:00+01:00;8.4;42.64071993
1900-10-10 14:00:00+01:00;8.2;41.8518423
1900-10-10 15:00:00+01:00;8.2;40.14012263
1900-10-10 16:00:00+01:00;7.6;37.72152589
1900-10-10 17:00:00+01:00;6.8;34.65241884
1900-10-10 18:00:00+01:00;6;32.27682021
1900-10-10 19:00:00+01:00;5.7;29.96684112
1900-10-10 20:00:00+01:00;5.6;28.33182882
1900-10-10 21:00:00+01:00;5.6;27.13607916
1900-10-10 22:00:00+01:00;5.3;26.27398393
1900-10-10 23:00:00+01:00;5.2;25.79662935
1900-10-11 00:00:00+01:00;5;25.40780148
1900-10-11 01:00:00+01:00;4.2;25.46595035
1900-10-11 02:00:00+01:00;3.6;25.73946911
1900-10-11 03:00:00+01:00;3.4;26.10319554
1900-10-11 04:00:00+01:00;3.6;26.97894051
1900-10-11 05:00:00+01:00;3.7;28.85980281
1900-10-11 06:00:00+01:00;4;34.16896156
1900-10-11 07:00:00+01:00;3.9;40.73975042
1900-10-11 08:00:00+01:00;4.2;44.11358355
1900-10-11 09:00:00+01:00;4.6;44.77266541
1900-10-11 10:00:00+01:00;5;44.61943713
1900-10-11 11:00:00+01:00;5.1;44.46241689
1900-10-11 12:00:00+01:00;5.2;44.33930397
1900-10-11 13:00:00+01:00;5.4;43.67946008
1900-10-11 14:00:00+01:00;5.6;42.84554947
1900-10-11 15:00:00+01:00;5.4;41.30085485
1900-10-11 16:00:00+01:00;5.8;38.06435435
1900-10-11 17:00:00+01:00;5.9;34.31588904
1900-10-11 18:00:00+01:00;5.8;31.70618449
1900-10-11 19:00:00+01:00;5.8;29.38280523
1900-10-11 20:00:00+01:00;6;27.70727488
1900-10-11 21:00:00+01:00;6.7;26.41706907
1900-10-11 22:00:00+01:00;7.5;25.37797672
1900-10-11 23:00:00+01:00;7.5;24.97881741
1900-10-12 00:00:00+01:00;7.8;24.57879526
1900-10-12 01:00:00+01:00;7.7;24.54543116
1900-10-12 02:00:00+01:00;7.9;24.68997344
1900-10-12 03:00:00+01:00;7.4;25.10177282
1900-10-12 04:00:00+01:00;7.7;25.84408162
1900-10-12 05:00:00+01:00;7.7;27.17329998
1900-10-12 06:00:00+01:00;8;31.77154738
1900-10-12 07:00:00+01:00;7.8;38.00112402
1900-10-12 08:00:00+01:00;8;41.13599495
1900-10-12 09:00:00+01:00;8.1;41.73209478
1900-10-12 10:00:00+01:00;8;41.72780921
1900-10-12 11:00:00+01:00;8.4;41.2238473
1900-10-12 12:00:00+01:00;9;40.54707941
1900-10-12 13:00:00+01:00;9.2;39.68526448
1900-10-12 14:00:00+01:00;9.1;38.81975497
1900-10-12 15:00:00+01:00;9.5;36.81140128
1900-10-12 16:00:00+01:00;9.4;34.14298764
1900-10-12 17:00:00+01:00;9.3;30.81218016
1900-10-12 18:00:00+01:00;9.1;28.68586004
1900-10-12 19:00:00+01:00;9.1;26.66805295
1900-10-12 20:00:00+01:00;8.9;25.1142191
1900-10-12 21:00:00+01:00;9;24.02455951
1900-10-12 22:00:00+01:00;8.2;23.47060561
1900-10-12 23:00:00+01:00;5.9;23.66344202
1900-10-13 00:00:00+01:00;5;17.94059168
1900-10-13 01:00:00+01:00;4.7;18.09989441
1900-10-13 02:00:00+01:00;4.8;18.12549275
1900-10-13 03:00:00+01:00;7;17.72573472
1900-10-13 04:00:00+01:00;6.8;18.24393465
1900-10-13 05:00:00+01:00;7.4;18.47232586
1900-10-13 06:00:00+01:00;7.6;18.75235551
1900-10-13 07:00:00+01:00;8;18.77390079
1900-10-13 08:00:00+01:00;9;18.72861934
1900-10-13 09:00:00+01:00;11.6;18.03466726
1900-10-13 10:00:00+01:00;12.7;17.4023683
1900-10-13 11:00:00+01:00;13.4;17.08925819
1900-10-13 12:00:00+01:00;14.3;16.9309183
1900-10-13 13:00:00+01:00;14;17.23552852
1900-10-13 14:00:00+01:00;15.9;15.343348
1900-10-13 15:00:00+01:00;13.9;16.63342214
1900-10-13 16:00:00+01:00;13.4;16.44909373
1900-10-13 17:00:00+01:00;12.6;16.40722102
1900-10-13 18:00:00+01:00;12.8;15.84854426
1900-10-13 19:00:00+01:00;12;15.8955032
1900-10-13 20:00:00+01:00;11.7;15.67032273
1900-10-13 21:00:00+01:00;11.4;15.5997273
1900-10-13 22:00:00+01:00;11.2;15.57195005
1900-10-13 23:00:00+01:00;11.3;15.36188392
1900-10-14 00:00:00+01:00;11;15.17437316
1900-10-14 01:00:00+01:00;10.8;15.14846263
1900-10-14 02:00:00+01:00;10.5;15.13955411
1900-10-14 03:00:00+01:00;9.4;15.45743294
1900-10-14 04:00:00+01:00;8;16.03883736
1900-10-14 05:00:00+01:00;8.3;16.45290062
1900-10-14 06:00:00+01:00;10.2;16.14448861
1900-10-14 07:00:00+01:00;9.7;16.26498257
1900-10-14 08:00:00+01:00;10;16.39890922
1900-10-14 09:00:00+01:00;11.2;16.39559542
1900-10-14 10:00:00+01:00;11.4;16.30671119
1900-10-14 11:00:00+01:00;13.9;15.39162288
1900-10-14 12:00:00+01:00;15.6;15.17148605
1900-10-14 13:00:00+01:00;16.8;15.41692629
1900-10-14 14:00:00+01:00;17.2;15.343348
1900-10-14 15:00:00+01:00;15.1;15.12631215
1900-10-14 16:00:00+01:00;11.7;16.09504085
1900-10-14 17:00:00+01:00;11.9;15.72361542
1900-10-14 18:00:00+01:00;11.8;15.32008463
1900-10-14 19:00:00+01:00;10.6;15.54662827
1900-10-14 20:00:00+01:00;10;15.41527759
1900-10-14 21:00:00+01:00;10;15.29199578
1900-10-14 22:00:00+01:00;9.6;15.34647185
1900-10-14 23:00:00+01:00;8.6;15.52338247
1900-10-15 00:00:00+01:00;7.3;21.40687275
1900-10-15 01:00:00+01:00;8.4;21.13044661
1900-10-15 02:00:00+01:00;8;21.37903671
1900-10-15 03:00:00+01:00;7.3;21.84414783
1900-10-15 04:00:00+01:00;6.8;22.53811839
1900-10-15 05:00:00+01:00;6.4;24.22491108
1900-10-15 06:00:00+01:00;6;29.14782066
1900-10-15 07:00:00+01:00;6;34.99215924
1900-10-15 08:00:00+01:00;6.2;38.88983599
1900-10-15 09:00:00+01:00;6.3;39.94158248
1900-10-15 10:00:00+01:00;6.7;39.87457213
1900-10-15 11:00:00+01:00;7;39.80402573
1900-10-15 12:00:00+01:00;7;40.11674351
1900-10-15 13:00:00+01:00;7.4;39.62790647
1900-10-15 14:00:00+01:00;7.6;39.12812197
1900-10-15 15:00:00+01:00;7.4;37.87152289
1900-10-15 16:00:00+01:00;7.4;35.18621841
1900-10-15 17:00:00+01:00;7.2;31.85944277
1900-10-15 18:00:00+01:00;7;29.71934541
1900-10-15 19:00:00+01:00;7;27.68876517
1900-10-15 20:00:00+01:00;6.9;26.18020174
1900-10-15 21:00:00+01:00;6.8;25.20194644
1900-10-15 22:00:00+01:00;6.5;24.56771451
1900-10-15 23:00:00+01:00;6;24.36450347
1900-10-16 00:00:00+01:00;6;24.02684166
1900-10-16 01:00:00+01:00;6;24.03512883
1900-10-16 02:00:00+01:00;6;24.30691439
1900-10-16 03:00:00+01:00;6.2;24.68873128
1900-10-16 04:00:00+01:00;6.3;25.55860761
1900-10-16 05:00:00+01:00;6.2;27.22290278
1900-10-16 06:00:00+01:00;6.2;32.25967431
1900-10-16 07:00:00+01:00;6.1;38.62784412
1900-10-16 08:00:00+01:00;6.3;42.03317842
1900-10-16 09:00:00+01:00;6.2;42.92602691
1900-10-16 10:00:00+01:00;6.9;42.53110965
1900-10-16 11:00:00+01:00;8.4;41.43771402
1900-10-16 12:00:00+01:00;8.8;40.93754658
1900-10-16 13:00:00+01:00;8.9;40.20415509
1900-10-16 14:00:00+01:00;8.7;39.46451153
1900-10-16 15:00:00+01:00;8.6;37.84993174
1900-10-16 16:00:00+01:00;8.9;34.9053043
1900-10-16 17:00:00+01:00;9.2;31.36540628
1900-10-16 18:00:00+01:00;9.2;29.12499639
1900-10-16 19:00:00+01:00;8.8;27.22822791
1900-10-16 20:00:00+01:00;8.8;25.64242312
1900-10-16 21:00:00+01:00;8.4;24.691235
1900-10-16 22:00:00+01:00;8.1;23.97933178
1900-10-16 23:00:00+01:00;8.6;23.47294191
1900-10-17 00:00:00+01:00;8.3;23.15581034
1900-10-17 01:00:00+01:00;8.3;23.07634422
1900-10-17 02:00:00+01:00;8.1;23.27662459
1900-10-17 03:00:00+01:00;8.2;23.60218081
1900-10-17 04:00:00+01:00;7.8;24.37658547
1900-10-17 05:00:00+01:00;6.9;26.03188805
1900-10-17 06:00:00+01:00;6.8;30.85506348
1900-10-17 07:00:00+01:00;6.8;36.8892381
1900-10-17 08:00:00+01:00;6.2;40.84367071
1900-10-17 09:00:00+01:00;6.6;41.46278969
1900-10-17 10:00:00+01:00;6.7;41.43188879
1900-10-17 11:00:00+01:00;7.8;40.65441933
1900-10-17 12:00:00+01:00;8.2;40.33316184
1900-10-17 13:00:00+01:00;8.2;39.7772272
1900-10-17 14:00:00+01:00;8;39.20087225
1900-10-17 15:00:00+01:00;7.3;38.09674681
1900-10-17 16:00:00+01:00;7.6;35.13973169
1900-10-17 17:00:00+01:00;6.3;32.30864628
1900-10-17 18:00:00+01:00;5.6;30.24081832
1900-10-17 19:00:00+01:00;5.7;28.07604138
1900-10-17 20:00:00+01:00;5.7;26.49755404
1900-10-17 21:00:00+01:00;5.5;25.49969735
1900-10-17 22:00:00+01:00;5.4;24.79450728
1900-10-17 23:00:00+01:00;5.2;24.52531713
1900-10-18 00:00:00+01:00;5.8;24.07908015
1900-10-18 01:00:00+01:00;5.6;24.12580516
1900-10-18 02:00:00+01:00;5.6;24.406294
1900-10-18 03:00:00+01:00;5.2;24.91685646
1900-10-18 04:00:00+01:00;5.2;25.89033577
1900-10-18 05:00:00+01:00;5.2;27.72136183
1900-10-18 06:00:00+01:00;4.6;33.29135295
1900-10-18 07:00:00+01:00;4.4;39.96226228
1900-10-18 08:00:00+01:00;5.4;43.01074313
1900-10-18 09:00:00+01:00;7.1;42.8074484
1900-10-18 10:00:00+01:00;7.6;42.51687295
1900-10-18 11:00:00+01:00;8.4;41.86544746
1900-10-18 12:00:00+01:00;8.6;41.50755097
1900-10-18 13:00:00+01:00;9;40.58894204
1900-10-18 14:00:00+01:00;9.2;39.52531409
1900-10-18 15:00:00+01:00;9;37.94835362
1900-10-18 16:00:00+01:00;8.7;35.39207681
1900-10-18 17:00:00+01:00;6.6;33.00353114
1900-10-18 18:00:00+01:00;5.7;30.86077946
1900-10-18 19:00:00+01:00;4.7;28.94072435
1900-10-18 20:00:00+01:00;3;27.80591378
1900-10-18 21:00:00+01:00;2.4;26.83003948
1900-10-18 22:00:00+01:00;2.8;25.9514371
1900-10-18 23:00:00+01:00;2.5;25.64725242
1900-10-19 00:00:00+01:00;2;25.40776883
1900-10-19 01:00:00+01:00;0.5;25.69068148
1900-10-19 02:00:00+01:00;-0.3;26.15718054
1900-10-19 03:00:00+01:00;-1;26.71673564
1900-10-19 04:00:00+01:00;-1.4;28.0765389
1900-10-19 05:00:00+01:00;-2;31.16450315
1900-10-19 06:00:00+01:00;-2.4;38.09888414
1900-10-19 07:00:00+01:00;-1.7;45.18463633
1900-10-19 08:00:00+01:00;0.6;47.84259614
1900-10-19 09:00:00+01:00;2.6;47.69731898
1900-10-19 10:00:00+01:00;4.5;46.70047919
1900-10-19 11:00:00+01:00;5.5;46.03057353
1900-10-19 12:00:00+01:00;6.4;45.25428528
1900-10-19 13:00:00+01:00;8;43.55651142
1900-10-19 14:00:00+01:00;8.6;42.11975444
1900-10-19 15:00:00+01:00;7.8;40.90019309
1900-10-19 16:00:00+01:00;6.2;39.03171415
1900-10-19 17:00:00+01:00;3.7;36.62301042
1900-10-19 18:00:00+01:00;2.7;34.0712935
1900-10-19 19:00:00+01:00;0.6;32.1774369
1900-10-19 20:00:00+01:00;-0.3;30.74913889
1900-10-19 21:00:00+01:00;0;29.44594007
1900-10-19 22:00:00+01:00;-0.6;28.73197101
1900-10-19 23:00:00+01:00;-0.8;28.36654218
1900-10-20 00:00:00+01:00;-0.7;22.3642545
1900-10-20 01:00:00+01:00;-0.6;22.4307589
1900-10-20 02:00:00+01:00;0.4;22.18713747
1900-10-20 03:00:00+01:00;1;22.1099235
1900-10-20 04:00:00+01:00;2;22.55612101
1900-10-20 05:00:00+01:00;2.6;22.70918797
1900-10-20 06:00:00+01:00;3;22.80678782
1900-10-20 07:00:00+01:00;2.8;23.1146967
1900-10-20 08:00:00+01:00;4.4;22.89003828
1900-10-20 09:00:00+01:00;8.5;21.6025932
1900-10-20 10:00:00+01:00;9.3;21.09289798
1900-10-20 11:00:00+01:00;9.5;20.96870467
1900-10-20 12:00:00+01:00;9.7;21.20581519
1900-10-20 13:00:00+01:00;9.8;21.40988224
1900-10-20 14:00:00+01:00;9.9;21.05202133
1900-10-20 15:00:00+01:00;9.7;20.77360829
1900-10-20 16:00:00+01:00;9;20.75270284
1900-10-20 17:00:00+01:00;9.1;20.24846313
1900-10-20 18:00:00+01:00;9.5;19.60523435
1900-10-20 19:00:00+01:00;9.8;19.03661479
1900-10-20 20:00:00+01:00;9.6;18.70836492
1900-10-20 21:00:00+01:00;9.4;18.43926038
1900-10-20 22:00:00+01:00;8.5;18.39640392
1900-10-20 23:00:00+01:00;8.4;18.103614
1900-10-21 00:00:00+01:00;7.2;18.0345207
1900-10-21 01:00:00+01:00;7.4;17.89694739
1900-10-21 02:00:00+01:00;7.2;17.85412655
1900-10-21 03:00:00+01:00;6.8;17.9352643
1900-10-21 04:00:00+01:00;6.8;18.29196725
1900-10-21 05:00:00+01:00;6.8;18.61229566
1900-10-21 06:00:00+01:00;6.5;18.98716949
1900-10-21 07:00:00+01:00;6.9;18.88793244
1900-10-21 08:00:00+01:00;7.4;18.95744449
1900-10-21 09:00:00+01:00;8.8;18.84829937
1900-10-21 10:00:00+01:00;8.9;18.79731242
1900-10-21 11:00:00+01:00;10.7;18.11993158
1900-10-21 12:00:00+01:00;12;17.91951899
1900-10-21 13:00:00+01:00;13.3;17.59330363
1900-10-21 14:00:00+01:00;15;15.343348
1900-10-21 15:00:00+01:00;14;16.7056513
1900-10-21 16:00:00+01:00;13.6;16.47088899
1900-10-21 17:00:00+01:00;12.4;16.58710155
1900-10-21 18:00:00+01:00;11.5;16.47680261
1900-10-21 19:00:00+01:00;10.8;16.47813386
1900-10-21 20:00:00+01:00;11.1;16.06937432
1900-10-21 21:00:00+01:00;10.1;16.22209277
1900-10-21 22:00:00+01:00;9.4;16.31112216
1900-10-21 23:00:00+01:00;10.3;15.96216983
1900-10-22 00:00:00+01:00;11;21.39442068
1900-10-22 01:00:00+01:00;11.1;21.25533061
1900-10-22 02:00:00+01:00;11.3;21.06478668
1900-10-22 03:00:00+01:00;11.2;21.39436081
1900-10-22 04:00:00+01:00;11;21.79850616
1900-10-22 05:00:00+01:00;10.7;22.8317581
1900-10-22 06:00:00+01:00;10.4;26.91025281
1900-10-22 07:00:00+01:00;10.9;31.89404652
1900-10-22 08:00:00+01:00;10.9;35.3696737
1900-10-22 09:00:00+01:00;10.5;36.38815265
1900-10-22 10:00:00+01:00;12;35.48570026
1900-10-22 11:00:00+01:00;12.9;34.83152412
1900-10-22 12:00:00+01:00;14.2;34.75000235
1900-10-22 13:00:00+01:00;14.8;34.2732785
1900-10-22 14:00:00+01:00;14.5;33.57536173
1900-10-22 15:00:00+01:00;19.6;34.37625847
1900-10-22 16:00:00+01:00;18.6;32.54570852
1900-10-22 17:00:00+01:00;14.6;28.10931755
1900-10-22 18:00:00+01:00;13.8;24.49825986
1900-10-22 19:00:00+01:00;13.1;23.24147754
1900-10-22 20:00:00+01:00;13;21.67909903
1900-10-22 21:00:00+01:00;13.2;20.68343063
1900-10-22 22:00:00+01:00;11.5;20.48147341
1900-10-22 23:00:00+01:00;11.5;20.1650605
1900-10-23 00:00:00+01:00;10.4;19.98845879
1900-10-23 01:00:00+01:00;11.3;19.70506463
1900-10-23 02:00:00+01:00;10;20.05590697
1900-10-23 03:00:00+01:00;8.5;20.6461318
1900-10-23 04:00:00+01:00;9.4;21.00132878
1900-10-23 05:00:00+01:00;7.9;22.66791134
1900-10-23 06:00:00+01:00;8;26.91845733
1900-10-23 07:00:00+01:00;9.1;31.75185864
1900-10-23 08:00:00+01:00;9.6;35.33375536
1900-10-23 09:00:00+01:00;9.8;36.13757158
1900-10-23 10:00:00+01:00;11.2;35.34820408
1900-10-23 11:00:00+01:00;13.7;34.89933184
1900-10-23 12:00:00+01:00;13;34.75000235
1900-10-23 13:00:00+01:00;12.6;33.95100532
1900-10-23 14:00:00+01:00;11.6;34.02085915
1900-10-23 15:00:00+01:00;11;33.24076175
1900-10-23 16:00:00+01:00;10;31.65099453
1900-10-23 17:00:00+01:00;7.2;29.92411308
1900-10-23 18:00:00+01:00;5.9;28.4818576
1900-10-23 19:00:00+01:00;5;26.89706479
1900-10-23 20:00:00+01:00;4.7;25.45996784
1900-10-23 21:00:00+01:00;3.6;24.79209521
1900-10-23 22:00:00+01:00;3.7;24.15843999
1900-10-23 23:00:00+01:00;4.1;23.81553851
1900-10-24 00:00:00+01:00;3.8;23.55665171
1900-10-24 01:00:00+01:00;4;23.55762726
1900-10-24 02:00:00+01:00;3.6;23.93632511
1900-10-24 03:00:00+01:00;3.8;24.33602715
1900-10-24 04:00:00+01:00;3.8;25.34278956
1900-10-24 05:00:00+01:00;3.8;27.42227363
1900-10-24 06:00:00+01:00;3.5;33.05023521
1900-10-24 07:00:00+01:00;3.5;39.66326558
1900-10-24 08:00:00+01:00;4;43.30416077
1900-10-24 09:00:00+01:00;5.9;43.19084968
1900-10-24 10:00:00+01:00;8.3;41.8917161
1900-10-24 11:00:00+01:00;8.3;41.92831333
1900-10-24 12:00:00+01:00;8;42.06526164
1900-10-24 13:00:00+01:00;7.9;41.63974188
1900-10-24 14:00:00+01:00;7.8;40.95539417
1900-10-24 15:00:00+01:00;7;39.89902054
1900-10-24 16:00:00+01:00;6.4;37.45334551
1900-10-24 17:00:00+01:00;6.1;33.9714399
1900-10-24 18:00:00+01:00;5.9;31.44080868
1900-10-24 19:00:00+01:00;5.6;29.22603094
1900-10-24 20:00:00+01:00;5;27.76283698
1900-10-24 21:00:00+01:00;5.3;26.52517357
1900-10-24 22:00:00+01:00;4.9;25.77677619
1900-10-24 23:00:00+01:00;4.7;25.41474911
1900-10-25 00:00:00+01:00;4.3;25.12501285
1900-10-25 01:00:00+01:00;3.5;25.23139545
1900-10-25 02:00:00+01:00;3.4;25.48277511
1900-10-25 03:00:00+01:00;3.2;25.89094676
1900-10-25 04:00:00+01:00;3;26.95122026
1900-10-25 05:00:00+01:00;2.2;29.32796438
1900-10-25 06:00:00+01:00;1.9;35.3060266
1900-10-25 07:00:00+01:00;1.1;42.59235117
1900-10-25 08:00:00+01:00;1.2;46.36319507
1900-10-25 09:00:00+01:00;0.9;47.64308462
1900-10-25 10:00:00+01:00;1.8;47.34058406
1900-10-25 11:00:00+01:00;2.4;47.01526222
1900-10-25 12:00:00+01:00;2.3;47.15622922
1900-10-25 13:00:00+01:00;2.8;46.36408453
1900-10-25 14:00:00+01:00;2.7;45.85828869
1900-10-25 15:00:00+01:00;2.6;44.19752902
1900-10-25 16:00:00+01:00;2.6;40.97830791
1900-10-25 17:00:00+01:00;2.9;36.80111352
1900-10-25 18:00:00+01:00;2.7;33.89986221
1900-10-25 19:00:00+01:00;2.8;31.31228733
1900-10-25 20:00:00+01:00;3.2;29.5570091
1900-10-25 21:00:00+01:00;4;28.21444097
1900-10-25 22:00:00+01:00;4.6;27.21060455
1900-10-25 23:00:00+01:00;5.3;26.65042034
1900-10-26 00:00:00+01:00;8.9;25.58614359
1900-10-26 01:00:00+01:00;9.8;25.39708244
1900-10-26 02:00:00+01:00;9.5;25.66615943
1900-10-26 03:00:00+01:00;9.7;25.99434479
1900-10-26 04:00:00+01:00;10.2;26.69636073
1900-10-26 05:00:00+01:00;10.1;27.62079267
1900-10-26 06:00:00+01:00;10.1;32.00535521
1900-10-26 07:00:00+01:00;10.3;37.93605254
1900-10-26 08:00:00+01:00;10.6;40.5299706
1900-10-26 09:00:00+01:00;9.8;41.37659285
1900-10-26 10:00:00+01:00;10;41.02778311
1900-10-26 11:00:00+01:00;10.6;40.23347151
1900-10-26 12:00:00+01:00;10.6;39.68551092
1900-10-26 13:00:00+01:00;10.7;38.73580913
1900-10-26 14:00:00+01:00;10.3;37.88138479
1900-10-26 15:00:00+01:00;10.3;36.06850736
1900-10-26 16:00:00+01:00;10.1;33.43318344
1900-10-26 17:00:00+01:00;10.4;29.89196644
1900-10-26 18:00:00+01:00;9.7;28.01416772
1900-10-26 19:00:00+01:00;9.3;26.13024775
1900-10-26 20:00:00+01:00;9;24.53552831
1900-10-26 21:00:00+01:00;7.1;23.91994785
1900-10-26 22:00:00+01:00;7.3;23.08156183
1900-10-26 23:00:00+01:00;7.2;22.70569457
1900-10-27 00:00:00+01:00;6.6;16.90111064
1900-10-27 01:00:00+01:00;6.4;17.03777837
1900-10-27 02:00:00+01:00;6.1;17.16951386
1900-10-27 03:00:00+01:00;6;17.37838672
1900-10-27 04:00:00+01:00;6;17.87198734
1900-10-27 05:00:00+01:00;5.3;18.72354141
1900-10-27 06:00:00+01:00;5;19.29722298
1900-10-27 07:00:00+01:00;4.9;19.51470368
1900-10-27 08:00:00+01:00;4.8;19.98208872
1900-10-27 09:00:00+01:00;4.8;20.57949354
1900-10-27 10:00:00+01:00;4.4;20.93731343
1900-10-27 11:00:00+01:00;4.5;21.0321243
1900-10-27 12:00:00+01:00;4.4;21.70223308
1900-10-27 13:00:00+01:00;4.1;22.09886508
1900-10-27 14:00:00+01:00;3.5;22.34175454
1900-10-27 15:00:00+01:00;2.9;22.41592339
1900-10-27 16:00:00+01:00;2;22.7000419
1900-10-27 17:00:00+01:00;2;22.41393514
1900-10-27 18:00:00+01:00;2.2;21.99764245
1900-10-27 19:00:00+01:00;2;21.64366353
1900-10-27 20:00:00+01:00;1;21.69284905
1900-10-27 21:00:00+01:00;0.8;21.56032648
1900-10-27 22:00:00+01:00;0.7;21.31619626
1900-10-27 23:00:00+01:00;0.9;21.13836835
1900-10-28 00:00:00+01:00;1.7;20.95878076
1900-10-28 01:00:00+01:00;1.8;21.0932973
1900-10-28 02:00:00+01:00;1.6;21.25463336
1900-10-28 03:00:00+01:00;1.5;21.4776694
1900-10-28 04:00:00+01:00;1.3;22.34331501
1900-10-28 05:00:00+01:00;1.3;22.95533617
1900-10-28 06:00:00+01:00;1.4;23.3509207
1900-10-28 07:00:00+01:00;1.5;23.7133824
1900-10-28 08:00:00+01:00;2.7;23.75757337
1900-10-28 09:00:00+01:00;2;24.41448411
1900-10-28 10:00:00+01:00;2.3;24.41688222
1900-10-28 11:00:00+01:00;2.6;24.33492503
1900-10-28 12:00:00+01:00;2.9;24.77625197
1900-10-28 13:00:00+01:00;2.9;24.99182363
1900-10-28 14:00:00+01:00;3;24.73107805
1900-10-28 15:00:00+01:00;3;24.33108628
1900-10-28 16:00:00+01:00;3;24.11005308
1900-10-28 17:00:00+01:00;2.9;23.68823937
1900-10-28 18:00:00+01:00;3;23.22726263
1900-10-28 19:00:00+01:00;3.1;22.64070096
1900-10-28 20:00:00+01:00;3;22.32050017
1900-10-28 21:00:00+01:00;3.1;21.98086707
1900-10-28 22:00:00+01:00;3.1;21.62565888
1900-10-28 23:00:00+01:00;3.2;21.33574237
1900-10-29 00:00:00+01:00;3.3;26.95115401
1900-10-29 01:00:00+01:00;3.5;26.89505078
1900-10-29 02:00:00+01:00;4;27.0715548
1900-10-29 03:00:00+01:00;4.2;27.41772356
1900-10-29 04:00:00+01:00;4.5;28.43311884
1900-10-29 05:00:00+01:00;4.6;30.22328567
1900-10-29 06:00:00+01:00;5;35.56587908
1900-10-29 07:00:00+01:00;5.8;41.92672857
1900-10-29 08:00:00+01:00;6.5;44.63693921
1900-10-29 09:00:00+01:00;9.6;43.23411075
1900-10-29 10:00:00+01:00;9.5;43.1123565
1900-10-29 11:00:00+01:00;9.5;42.70605006
1900-10-29 12:00:00+01:00;9.4;42.19479391
1900-10-29 13:00:00+01:00;9.4;41.2993124
1900-10-29 14:00:00+01:00;9;40.41021773
1900-10-29 15:00:00+01:00;8.3;39.03203276
1900-10-29 16:00:00+01:00;7.9;36.35438561
1900-10-29 17:00:00+01:00;7.4;33.00735958
1900-10-29 18:00:00+01:00;6.6;30.77850029
1900-10-29 19:00:00+01:00;5.4;28.88703672
1900-10-29 20:00:00+01:00;4.6;27.43472754
1900-10-29 21:00:00+01:00;4.3;26.34049568
1900-10-29 22:00:00+01:00;3.3;25.75307068
1900-10-29 23:00:00+01:00;3.4;25.30769192
1900-10-30 00:00:00+01:00;3.4;24.89673405
1900-10-30 01:00:00+01:00;4.4;24.61981396
1900-10-30 02:00:00+01:00;5.3;24.6603897
1900-10-30 03:00:00+01:00;6.1;24.87552645
1900-10-30 04:00:00+01:00;7.5;25.45565282
1900-10-30 05:00:00+01:00;6.7;27.09807009
1900-10-30 06:00:00+01:00;6.3;32.20457537
1900-10-30 07:00:00+01:00;5.4;38.99103695
1900-10-30 08:00:00+01:00;5.2;42.72330959
1900-10-30 09:00:00+01:00;5.1;43.79898717
1900-10-30 10:00:00+01:00;5;44.04029896
1900-10-30 11:00:00+01:00;5.1;43.97508125
1900-10-30 12:00:00+01:00;5.5;43.74217812
1900-10-30 13:00:00+01:00;5.6;43.18389263
1900-10-30 14:00:00+01:00;5.4;42.67715307
1900-10-30 15:00:00+01:00;5.2;41.1555036
1900-10-30 16:00:00+01:00;5;38.29980081
1900-10-30 17:00:00+01:00;4.9;34.58268245
1900-10-30 18:00:00+01:00;4.4;32.09849684
1900-10-30 19:00:00+01:00;4.2;29.78359662
1900-10-30 20:00:00+01:00;4;28.18717199
1900-10-30 21:00:00+01:00;3.9;27.06398556
1900-10-30 22:00:00+01:00;3.7;26.26316448
1900-10-30 23:00:00+01:00;2.3;26.17898687
1900-10-31 00:00:00+01:00;2.5;25.76096661
1900-10-31 01:00:00+01:00;2.5;25.74093153
1900-10-31 02:00:00+01:00;2.7;26.00953306
1900-10-31 03:00:00+01:00;2.3;26.533808
1900-10-31 04:00:00+01:00;2.4;27.73851576
1900-10-31 05:00:00+01:00;2.1;30.14789986
1900-10-31 06:00:00+01:00;1.6;36.44527689
1900-10-31 07:00:00+01:00;1.7;43.5433616
1900-10-31 08:00:00+01:00;1;47.66710371
1900-10-31 09:00:00+01:00;0.8;48.827491
1900-10-31 10:00:00+01:00;0.7;49.05143639
1900-10-31 11:00:00+01:00;1.5;48.51716019
1900-10-31 12:00:00+01:00;1.8;48.3070379
1900-10-31 13:00:00+01:00;2.1;47.5664578
1900-10-31 14:00:00+01:00;2;46.98374264
1900-10-31 15:00:00+01:00;1.9;45.24871002
1900-10-31 16:00:00+01:00;1.8;41.99272154
1900-10-31 17:00:00+01:00;1.4;38.0569092
1900-10-31 18:00:00+01:00;0.7;35.15408516
1900-10-31 19:00:00+01:00;0.3;32.56825452
1900-10-31 20:00:00+01:00;0.3;30.89667597
1900-10-31 21:00:00+01:00;-0.1;29.82173528
1900-10-31 22:00:00+01:00;1.6;28.53181149
1900-10-31 23:00:00+01:00;2.5;27.88871999
1900-11-01 00:00:00+01:00;4.2;27.22485948
1900-11-01 01:00:00+01:00;5.7;26.94889371
1900-11-01 02:00:00+01:00;8.2;26.77644906
1900-11-01 03:00:00+01:00;8.8;27.06089326
1900-11-01 04:00:00+01:00;9.4;27.86416454
1900-11-01 05:00:00+01:00;9.2;28.9676973
1900-11-01 06:00:00+01:00;7.9;34.29154911
1900-11-01 07:00:00+01:00;6.9;41.37256134
1900-11-01 08:00:00+01:00;6.9;44.33457439
1900-11-01 09:00:00+01:00;7.6;44.39724847
1900-11-01 10:00:00+01:00;8.4;43.70730844
1900-11-01 11:00:00+01:00;9.3;42.73361347
1900-11-01 12:00:00+01:00;12.9;39.33976594
1900-11-01 13:00:00+01:00;10.4;40.3754329
1900-11-01 14:00:00+01:00;10.8;38.82328574
1900-11-01 15:00:00+01:00;9.7;37.6906687
1900-11-01 16:00:00+01:00;8;35.88825122
1900-11-01 17:00:00+01:00;6.9;32.80457844
1900-11-01 18:00:00+01:00;6.7;30.29472571
1900-11-01 19:00:00+01:00;6.6;28.02263328
1900-11-01 20:00:00+01:00;6.3;26.3619262
1900-11-01 21:00:00+01:00;5.6;25.31606394
1900-11-01 22:00:00+01:00;4.4;24.75526149
1900-11-01 23:00:00+01:00;3;24.64596217
1900-11-02 00:00:00+01:00;2;24.42882414
1900-11-02 01:00:00+01:00;0.7;24.62495213
1900-11-02 02:00:00+01:00;0.6;24.97047654
1900-11-02 03:00:00+01:00;0.4;25.4903559
1900-11-02 04:00:00+01:00;0.1;26.7822001
1900-11-02 05:00:00+01:00;0.7;29.33073543
1900-11-02 06:00:00+01:00;2.6;34.6101365
1900-11-02 07:00:00+01:00;3.6;40.90397226
1900-11-02 08:00:00+01:00;3.8;44.49932165
1900-11-02 09:00:00+01:00;4.3;45.17756896
1900-11-02 10:00:00+01:00;5.3;44.71624874
1900-11-02 11:00:00+01:00;5.5;44.5650606
1900-11-02 12:00:00+01:00;6;44.29534082
1900-11-02 13:00:00+01:00;5.8;43.91579484
1900-11-02 14:00:00+01:00;5.7;43.29854618
1900-11-02 15:00:00+01:00;6.1;41.33836131
1900-11-02 16:00:00+01:00;6.4;38.1958393
1900-11-02 17:00:00+01:00;6.2;34.66536765
1900-11-02 18:00:00+01:00;6.3;31.95976104
1900-11-02 19:00:00+01:00;6.4;29.60659525
1900-11-02 20:00:00+01:00;6;28.14190011
1900-11-02 21:00:00+01:00;5.9;27.06889655
1900-11-02 22:00:00+01:00;5.7;26.26004428
1900-11-02 23:00:00+01:00;5.5;25.87130704
1900-11-03 00:00:00+01:00;5.1;19.70693957
1900-11-03 01:00:00+01:00;5.2;19.68364382
1900-11-03 02:00:00+01:00;4.5;19.82710565
1900-11-03 03:00:00+01:00;4.4;19.87410518
1900-11-03 04:00:00+01:00;4;20.48966982
1900-11-03 05:00:00+01:00;4.5;20.70943841
1900-11-03 06:00:00+01:00;5;20.84198101
1900-11-03 07:00:00+01:00;5.3;20.94973421
1900-11-03 08:00:00+01:00;5.4;21.21032012
1900-11-03 09:00:00+01:00;4.4;21.92643048
1900-11-03 10:00:00+01:00;3.9;22.2089676
1900-11-03 11:00:00+01:00;3.8;22.28742796
1900-11-03 12:00:00+01:00;3.3;23.05933717
1900-11-03 13:00:00+01:00;3.4;23.22266134
1900-11-03 14:00:00+01:00;3.5;23.06314711
1900-11-03 15:00:00+01:00;3.7;22.69500349
1900-11-03 16:00:00+01:00;4;22.39264954
1900-11-03 17:00:00+01:00;4.6;21.76548703
1900-11-03 18:00:00+01:00;4.6;21.3637987
1900-11-03 19:00:00+01:00;4.7;20.89031842
1900-11-03 20:00:00+01:00;5;20.48662993
1900-11-03 21:00:00+01:00;5.1;20.24521803
1900-11-03 22:00:00+01:00;4.8;20.10147617
1900-11-03 23:00:00+01:00;4.9;19.90344731
1900-11-04 00:00:00+01:00;4.6;19.8022435
1900-11-04 01:00:00+01:00;4.6;19.89958187
1900-11-04 02:00:00+01:00;3.8;20.15413081
1900-11-04 03:00:00+01:00;4.1;20.19674032
1900-11-04 04:00:00+01:00;3.9;20.88175981
1900-11-04 05:00:00+01:00;2.9;21.65184823
1900-11-04 06:00:00+01:00;2.3;22.2567702
1900-11-04 07:00:00+01:00;2.4;22.53646087
1900-11-04 08:00:00+01:00;1.7;23.19493174
1900-11-04 09:00:00+01:00;2.1;23.5573817
1900-11-04 10:00:00+01:00;2.8;23.41016442
1900-11-04 11:00:00+01:00;3.3;23.22785744
1900-11-04 12:00:00+01:00;5.5;22.81604765
1900-11-04 13:00:00+01:00;4.1;23.55307635
1900-11-04 14:00:00+01:00;4;23.38197032
1900-11-04 15:00:00+01:00;3.7;23.14873489
1900-11-04 16:00:00+01:00;3.4;23.06122949
1900-11-04 17:00:00+01:00;3.1;22.77357676
1900-11-04 18:00:00+01:00;2.5;22.60100879
1900-11-04 19:00:00+01:00;2;22.27105705
1900-11-04 20:00:00+01:00;0.9;22.30717295
1900-11-04 21:00:00+01:00;0.6;22.16912505
1900-11-04 22:00:00+01:00;0.5;21.87402115
1900-11-04 23:00:00+01:00;0.2;21.77173519
1900-11-05 00:00:00+01:00;1.1;27.23958941
1900-11-05 01:00:00+01:00;1;27.31080764
1900-11-05 02:00:00+01:00;1;27.66622127
1900-11-05 03:00:00+01:00;1.4;28.0737354
1900-11-05 04:00:00+01:00;1.1;29.43568293
1900-11-05 05:00:00+01:00;1.1;31.87569233
1900-11-05 06:00:00+01:00;1;38.23346529
1900-11-05 07:00:00+01:00;1.1;45.5710803
1900-11-05 08:00:00+01:00;1.1;49.04148261
1900-11-05 09:00:00+01:00;1.4;49.72316744
1900-11-05 10:00:00+01:00;1;50.05226856
1900-11-05 11:00:00+01:00;0.9;50.00225513
1900-11-05 12:00:00+01:00;1.1;49.82219924
1900-11-05 13:00:00+01:00;1.4;49.02311506
1900-11-05 14:00:00+01:00;1.3;48.37036908
1900-11-05 15:00:00+01:00;1.2;46.55445973
1900-11-05 16:00:00+01:00;1.3;43.05985143
1900-11-05 17:00:00+01:00;1;38.98574618
1900-11-05 18:00:00+01:00;0.7;35.76935911
1900-11-05 19:00:00+01:00;0.7;32.95040354
1900-11-05 20:00:00+01:00;0.3;31.34666674
1900-11-05 21:00:00+01:00;0.2;30.12120622
1900-11-05 22:00:00+01:00;0.2;29.18302393
1900-11-05 23:00:00+01:00;0.2;28.71728752
1900-11-06 00:00:00+01:00;0.6;28.31733166
1900-11-06 01:00:00+01:00;0.7;28.31506855
1900-11-06 02:00:00+01:00;1.3;28.54222975
1900-11-06 03:00:00+01:00;2.2;28.83119319
1900-11-06 04:00:00+01:00;3.2;29.91717235
1900-11-06 05:00:00+01:00;5.4;31.25347219
1900-11-06 06:00:00+01:00;8;35.54394934
1900-11-06 07:00:00+01:00;8.6;41.97331754
1900-11-06 08:00:00+01:00;9.1;44.32090889
1900-11-06 09:00:00+01:00;8.7;44.92509605
1900-11-06 10:00:00+01:00;9.2;44.41395169
1900-11-06 11:00:00+01:00;9.5;43.76135961
1900-11-06 12:00:00+01:00;9.8;42.85342159
1900-11-06 13:00:00+01:00;10.8;41.18626113
1900-11-06 14:00:00+01:00;8.9;41.1511524
1900-11-06 15:00:00+01:00;8.3;39.61699915
1900-11-06 16:00:00+01:00;7.5;37.12211656
1900-11-06 17:00:00+01:00;7.2;33.59174742
1900-11-06 18:00:00+01:00;6.8;31.08142139
1900-11-06 19:00:00+01:00;6.2;28.91602376
1900-11-06 20:00:00+01:00;5.8;27.29956663
1900-11-06 21:00:00+01:00;4.9;26.31435952
1900-11-06 22:00:00+01:00;3.2;25.83440892
1900-11-06 23:00:00+01:00;4;25.15804155
1900-11-07 00:00:00+01:00;2.7;24.9660021
1900-11-07 01:00:00+01:00;2;24.95621335
1900-11-07 02:00:00+01:00;2.8;24.97387275
1900-11-07 03:00:00+01:00;3.4;25.18520658
1900-11-07 04:00:00+01:00;2.3;26.32033778
1900-11-07 05:00:00+01:00;2.3;28.58705747
1900-11-07 06:00:00+01:00;2.7;34.25818187
1900-11-07 07:00:00+01:00;5.9;39.34506606
1900-11-07 08:00:00+01:00;6.7;42.45217373
1900-11-07 09:00:00+01:00;7.7;42.68053512
1900-11-07 10:00:00+01:00;8.5;42.2740769
1900-11-07 11:00:00+01:00;9;41.83885343
1900-11-07 12:00:00+01:00;9.6;41.20369315
1900-11-07 13:00:00+01:00;10.1;40.24448664
1900-11-07 14:00:00+01:00;8.2;40.6033804
1900-11-07 15:00:00+01:00;8;39.04690917
1900-11-07 16:00:00+01:00;8.4;35.97764468
1900-11-07 17:00:00+01:00;8.4;32.54545118
1900-11-07 18:00:00+01:00;10.3;29.39730254
1900-11-07 19:00:00+01:00;11.2;27.04293102
1900-11-07 20:00:00+01:00;11.6;25.3511935
1900-11-07 21:00:00+01:00;11.4;24.3330523
1900-11-07 22:00:00+01:00;11;23.53839932
1900-11-07 23:00:00+01:00;10.5;23.21308556
1900-11-08 00:00:00+01:00;9;23.09108495
1900-11-08 01:00:00+01:00;8.1;23.09423326
1900-11-08 02:00:00+01:00;7.4;23.30864804
1900-11-08 03:00:00+01:00;6.6;23.71401491
1900-11-08 04:00:00+01:00;6.5;24.38036303
1900-11-08 05:00:00+01:00;5.5;26.16599354
1900-11-08 06:00:00+01:00;6;30.80554283
1900-11-08 07:00:00+01:00;5.8;36.93685748
1900-11-08 08:00:00+01:00;5.6;40.80785302
1900-11-08 09:00:00+01:00;4.5;42.4865704
1900-11-08 10:00:00+01:00;5;42.31700977
1900-11-08 11:00:00+01:00;6.1;41.61795875
1900-11-08 12:00:00+01:00;6.5;41.44382508
1900-11-08 13:00:00+01:00;7.1;40.5925789
1900-11-08 14:00:00+01:00;6.4;40.44246574
1900-11-08 15:00:00+01:00;5.8;39.26794085
1900-11-08 16:00:00+01:00;6.7;35.83089158
1900-11-08 17:00:00+01:00;6.8;32.19502474
1900-11-08 18:00:00+01:00;6.6;29.97535642
1900-11-08 19:00:00+01:00;6.4;27.99662858
1900-11-08 20:00:00+01:00;6.3;26.51997174
1900-11-08 21:00:00+01:00;5.7;25.70228965
1900-11-08 22:00:00+01:00;5.4;25.10162524
1900-11-08 23:00:00+01:00;3.9;25.18405883
1900-11-09 00:00:00+01:00;3.6;24.96714757
1900-11-09 01:00:00+01:00;3;25.11977741
1900-11-09 02:00:00+01:00;2.5;25.53686359
1900-11-09 03:00:00+01:00;2;26.0715904
1900-11-09 04:00:00+01:00;0.4;27.53187833
1900-11-09 05:00:00+01:00;0.4;30.13094177
1900-11-09 06:00:00+01:00;0.9;36.18055535
1900-11-09 07:00:00+01:00;0.4;43.57527959
1900-11-09 08:00:00+01:00;0.9;47.17358165
1900-11-09 09:00:00+01:00;2.3;47.31777014
1900-11-09 10:00:00+01:00;4.8;45.85442561
1900-11-09 11:00:00+01:00;4.4;45.97882359
1900-11-09 12:00:00+01:00;3.6;46.38581807
1900-11-09 13:00:00+01:00;4.1;45.51150444
1900-11-09 14:00:00+01:00;6.8;42.83993817
1900-11-09 15:00:00+01:00;6.2;41.44895142
1900-11-09 16:00:00+01:00;6;38.58320501
1900-11-09 17:00:00+01:00;5.6;35.11073344
1900-11-09 18:00:00+01:00;4;33.02144603
1900-11-09 19:00:00+01:00;4;30.57650972
1900-11-09 20:00:00+01:00;3.5;29.12261734
1900-11-09 21:00:00+01:00;2.8;28.19161558
1900-11-09 22:00:00+01:00;1;27.83002729
1900-11-09 23:00:00+01:00;0.1;27.65268671
1900-11-10 00:00:00+01:00;0.2;21.67402609
1900-11-10 01:00:00+01:00;-0.3;21.92937019
1900-11-10 02:00:00+01:00;-0.3;21.98225333
1900-11-10 03:00:00+01:00;0.8;21.85445445
1900-11-10 04:00:00+01:00;0.9;22.55303851
1900-11-10 05:00:00+01:00;0;23.39324337
1900-11-10 06:00:00+01:00;-1;24.13124176
1900-11-10 07:00:00+01:00;-0.7;24.33552698
1900-11-10 08:00:00+01:00;-0.3;24.62238505
1900-11-10 09:00:00+01:00;0.8;24.74357787
1900-11-10 10:00:00+01:00;2.6;24.20624191
1900-11-10 11:00:00+01:00;3.2;23.99726908
1900-11-10 12:00:00+01:00;3.3;24.48295268
1900-11-10 13:00:00+01:00;3.2;24.73403401
1900-11-10 14:00:00+01:00;3;24.6608885
1900-11-10 15:00:00+01:00;3;24.32548466
1900-11-10 16:00:00+01:00;2.7;24.30684302
1900-11-10 17:00:00+01:00;4.2;23.29901536
1900-11-10 18:00:00+01:00;4.4;22.83217549
1900-11-10 19:00:00+01:00;3.1;22.81180829
1900-11-10 20:00:00+01:00;3.1;22.52112535
1900-11-10 21:00:00+01:00;3;22.28737301
1900-11-10 22:00:00+01:00;3;21.93971592
1900-11-10 23:00:00+01:00;3;21.65828655
1900-11-11 00:00:00+01:00;3;21.36388695
1900-11-11 01:00:00+01:00;2.9;21.43540733
1900-11-11 02:00:00+01:00;2.7;21.48451574
1900-11-11 03:00:00+01:00;2.9;21.49979206
1900-11-11 04:00:00+01:00;3.5;22.03612447
1900-11-11 05:00:00+01:00;5.6;21.59930111
1900-11-11 06:00:00+01:00;5.7;21.73483525
1900-11-11 07:00:00+01:00;7;21.53811779
1900-11-11 08:00:00+01:00;7.8;21.4406047
1900-11-11 09:00:00+01:00;7.5;21.59196112
1900-11-11 10:00:00+01:00;8.5;21.02571611
1900-11-11 11:00:00+01:00;9.5;20.54603157
1900-11-11 12:00:00+01:00;11.5;19.95963798
1900-11-11 13:00:00+01:00;12.3;19.75729614
1900-11-11 14:00:00+01:00;12;19.40529341
1900-11-11 15:00:00+01:00;10.9;19.41838139
1900-11-11 16:00:00+01:00;9.9;19.41509144
1900-11-11 17:00:00+01:00;8.6;19.49425228
1900-11-11 18:00:00+01:00;8.4;19.08495286
1900-11-11 19:00:00+01:00;7.8;18.86498364
1900-11-11 20:00:00+01:00;7.6;18.53716865
1900-11-11 21:00:00+01:00;7.3;18.34948664
1900-11-11 22:00:00+01:00;8;17.91126227
1900-11-11 23:00:00+01:00;8.1;17.64975313
1900-11-12 00:00:00+01:00;8.2;23.17284425
1900-11-12 01:00:00+01:00;7.5;23.15744791
1900-11-12 02:00:00+01:00;7.4;23.26344387
1900-11-12 03:00:00+01:00;7;23.58667296
1900-11-12 04:00:00+01:00;6;24.43166061
1900-11-12 05:00:00+01:00;6;26.07043069
1900-11-12 06:00:00+01:00;6.8;30.57822054
1900-11-12 07:00:00+01:00;6;37.03128926
1900-11-12 08:00:00+01:00;5.2;41.26971456
1900-11-12 09:00:00+01:00;5;42.38489503
1900-11-12 10:00:00+01:00;4.7;42.70752174
1900-11-12 11:00:00+01:00;5;42.53737407
1900-11-12 12:00:00+01:00;5.7;42.28428061
1900-11-12 13:00:00+01:00;4.9;42.46500905
1900-11-12 14:00:00+01:00;4.6;42.27335005
1900-11-12 15:00:00+01:00;4.8;40.60481604
1900-11-12 16:00:00+01:00;5.3;37.37294633
1900-11-12 17:00:00+01:00;6.1;33.26217057
1900-11-12 18:00:00+01:00;5.2;31.1473289
1900-11-12 19:00:00+01:00;4.7;29.07578148
1900-11-12 20:00:00+01:00;4.3;27.59692977
1900-11-12 21:00:00+01:00;3.7;26.67364897
1900-11-12 22:00:00+01:00;3.6;25.96221602
1900-11-12 23:00:00+01:00;3.8;25.59727781
1900-11-13 00:00:00+01:00;4.2;25.2329001
1900-11-13 01:00:00+01:00;4.2;25.2702262
1900-11-13 02:00:00+01:00;4.2;25.59793373
1900-11-13 03:00:00+01:00;5.4;25.85878879
1900-11-13 04:00:00+01:00;4.7;27.00144181
1900-11-13 05:00:00+01:00;5.1;28.77545606
1900-11-13 06:00:00+01:00;5.5;34.02291068
1900-11-13 07:00:00+01:00;4.6;41.184213
1900-11-13 08:00:00+01:00;4.8;44.54089317
1900-11-13 09:00:00+01:00;5.2;45.10801872
1900-11-13 10:00:00+01:00;5;45.25154526
1900-11-13 11:00:00+01:00;7.1;43.76255539
1900-11-13 12:00:00+01:00;10;41.54568247
1900-11-13 13:00:00+01:00;10.6;40.29425419
1900-11-13 14:00:00+01:00;10;39.5187032
1900-11-13 15:00:00+01:00;7.2;39.67335144
1900-11-13 16:00:00+01:00;4.5;38.42904382
1900-11-13 17:00:00+01:00;3.6;35.02206167
1900-11-13 18:00:00+01:00;2.7;32.59181796
1900-11-13 19:00:00+01:00;2.1;30.33053702
1900-11-13 20:00:00+01:00;1.6;28.79334059
1900-11-13 21:00:00+01:00;1;27.76863636
1900-11-13 22:00:00+01:00;1.2;26.89848206
1900-11-13 23:00:00+01:00;0.5;26.66880927
1900-11-14 00:00:00+01:00;0.8;26.25042046
1900-11-14 01:00:00+01:00;0.5;26.29933587
1900-11-14 02:00:00+01:00;0.1;26.68814794
1900-11-14 03:00:00+01:00;-0.6;27.27461623
1900-11-14 04:00:00+01:00;-0.7;28.60662438
1900-11-14 05:00:00+01:00;-0.6;31.35821991
1900-11-14 06:00:00+01:00;-0.6;37.95097383
1900-11-14 07:00:00+01:00;1.2;44.40081562
1900-11-14 08:00:00+01:00;1.2;48.07778472
1900-11-14 09:00:00+01:00;1.4;48.95622515
1900-11-14 10:00:00+01:00;1.6;48.9781442
1900-11-14 11:00:00+01:00;1.6;48.9837021
1900-11-14 12:00:00+01:00;1.5;49.1424586
1900-11-14 13:00:00+01:00;1.6;48.68137373
1900-11-14 14:00:00+01:00;1.5;48.20297228
1900-11-14 15:00:00+01:00;1.8;46.19701741
1900-11-14 16:00:00+01:00;1.9;42.76407679
1900-11-14 17:00:00+01:00;2.5;38.31793213
1900-11-14 18:00:00+01:00;2.6;35.0482266
1900-11-14 19:00:00+01:00;3;32.18507876
1900-11-14 20:00:00+01:00;2.4;30.67880253
1900-11-14 21:00:00+01:00;2.7;29.37360686
1900-11-14 22:00:00+01:00;2.1;28.58472339
1900-11-14 23:00:00+01:00;1.8;28.18700152
1900-11-15 00:00:00+01:00;1.7;27.88011195
1900-11-15 01:00:00+01:00;1.7;27.86997823
1900-11-15 02:00:00+01:00;1.7;28.15906843
1900-11-15 03:00:00+01:00;1.9;28.49712789
1900-11-15 04:00:00+01:00;2;29.67741734
1900-11-15 05:00:00+01:00;2.2;31.80712011
1900-11-15 06:00:00+01:00;2.4;37.75226487
1900-11-15 07:00:00+01:00;2.6;44.88191479
1900-11-15 08:00:00+01:00;2.5;48.23332559
1900-11-15 09:00:00+01:00;2.6;48.93002987
1900-11-15 10:00:00+01:00;2.8;48.80390912
1900-11-15 11:00:00+01:00;2.9;48.51003496
1900-11-15 12:00:00+01:00;3;48.14806024
1900-11-15 13:00:00+01:00;3.2;47.27537064
1900-11-15 14:00:00+01:00;3.2;46.38403568
1900-11-15 15:00:00+01:00;3.4;44.31312745
1900-11-15 16:00:00+01:00;3.3;41.06049708
1900-11-15 17:00:00+01:00;3.4;36.96434432
1900-11-15 18:00:00+01:00;3.5;33.85751496
1900-11-15 19:00:00+01:00;3.1;31.39309777
1900-11-15 20:00:00+01:00;2.8;29.79742459
1900-11-15 21:00:00+01:00;2.4;28.71631739
1900-11-15 22:00:00+01:00;1.9;27.94416828
1900-11-15 23:00:00+01:00;2.5;27.35954434
1900-11-16 00:00:00+01:00;2.8;26.9500129
1900-11-16 01:00:00+01:00;2.4;27.00656835
1900-11-16 02:00:00+01:00;1.7;27.41822236
1900-11-16 03:00:00+01:00;2.1;27.75738812
1900-11-16 04:00:00+01:00;2.2;28.93403982
1900-11-16 05:00:00+01:00;1.6;31.36157072
1900-11-16 06:00:00+01:00;1.8;37.43244439
1900-11-16 07:00:00+01:00;1.6;44.77759899
1900-11-16 08:00:00+01:00;1.1;48.5811171
1900-11-16 09:00:00+01:00;1.4;49.29592105
1900-11-16 10:00:00+01:00;1.8;49.11684321
1900-11-16 11:00:00+01:00;1.9;48.90379086
1900-11-16 12:00:00+01:00;1.8;48.80647778
1900-11-16 13:00:00+01:00;2;48.03870209
1900-11-16 14:00:00+01:00;2.5;46.93261413
1900-11-16 15:00:00+01:00;2;45.40804733
1900-11-16 16:00:00+01:00;1.8;42.16727271
1900-11-16 17:00:00+01:00;1.5;38.14439849
1900-11-16 18:00:00+01:00;1.5;34.93326149
1900-11-16 19:00:00+01:00;1.5;32.22049817
1900-11-16 20:00:00+01:00;1.5;30.53542214
1900-11-16 21:00:00+01:00;1.3;29.38452608
1900-11-16 22:00:00+01:00;1.2;28.50494525
1900-11-16 23:00:00+01:00;0.7;28.20215051
1900-11-17 00:00:00+01:00;1.4;21.92955395
1900-11-17 01:00:00+01:00;0.6;22.26584617
1900-11-17 02:00:00+01:00;0.2;22.42390565
1900-11-17 03:00:00+01:00;0.4;22.51748149
1900-11-17 04:00:00+01:00;0;23.45377889
1900-11-17 05:00:00+01:00;0.4;23.89560706
1900-11-17 06:00:00+01:00;0.2;24.34602841
1900-11-17 07:00:00+01:00;0;24.80557791
1900-11-17 08:00:00+01:00;-0.6;25.42520684
1900-11-17 09:00:00+01:00;0.6;25.45551512
1900-11-17 10:00:00+01:00;0.5;25.62051126
1900-11-17 11:00:00+01:00;0.6;25.5926554
1900-11-17 12:00:00+01:00;0.3;26.31833146
1900-11-17 13:00:00+01:00;0;26.6378896
1900-11-17 14:00:00+01:00;0.6;26.22199676
1900-11-17 15:00:00+01:00;0;26.06480775
1900-11-17 16:00:00+01:00;-1.2;26.42700859
1900-11-17 17:00:00+01:00;-1.4;26.05972982
1900-11-17 18:00:00+01:00;-1.7;25.79359044
1900-11-17 19:00:00+01:00;-2.3;25.36284319
1900-11-17 20:00:00+01:00;-2.3;25.02043285
1900-11-17 21:00:00+01:00;-2.8;24.87577848
1900-11-17 22:00:00+01:00;-3;24.48456206
1900-11-17 23:00:00+01:00;-2;23.98475944
1900-11-18 00:00:00+01:00;-2.1;23.92336078
1900-11-18 01:00:00+01:00;-3.9;24.56784424
1900-11-18 02:00:00+01:00;-5.5;25.05940993
1900-11-18 03:00:00+01:00;-5.8;25.36172072
1900-11-18 04:00:00+01:00;-5.6;26.39219512
1900-11-18 05:00:00+01:00;-6.3;27.54755225
1900-11-18 06:00:00+01:00;-5.3;27.73259044
1900-11-18 07:00:00+01:00;-5.6;28.38438098
1900-11-18 08:00:00+01:00;-6.1;29.11848313
1900-11-18 09:00:00+01:00;-4.6;29.22090556
1900-11-18 10:00:00+01:00;-3.1;28.90286219
1900-11-18 11:00:00+01:00;-2.5;28.69737716
1900-11-18 12:00:00+01:00;-1;28.74793304
1900-11-18 13:00:00+01:00;-1.5;29.16803775
1900-11-18 14:00:00+01:00;-1.7;29.01201615
1900-11-18 15:00:00+01:00;-2;28.64405653
1900-11-18 16:00:00+01:00;-2.5;28.72999529
1900-11-18 17:00:00+01:00;-3.4;28.59143314
1900-11-18 18:00:00+01:00;-4.3;28.58257744
1900-11-18 19:00:00+01:00;-6.1;28.4626273
1900-11-18 20:00:00+01:00;-6.3;28.17752749
1900-11-18 21:00:00+01:00;-6.6;27.89838331
1900-11-18 22:00:00+01:00;-7.1;27.4458625
1900-11-18 23:00:00+01:00;-8.3;27.44232516
1900-11-19 00:00:00+01:00;-9.6;33.39819344
1900-11-19 01:00:00+01:00;-8.8;33.33825768
1900-11-19 02:00:00+01:00;-8.7;33.79170808
1900-11-19 03:00:00+01:00;-9.3;34.36944388
1900-11-19 04:00:00+01:00;-8.3;36.2002248
1900-11-19 05:00:00+01:00;-6.3;39.36175876
1900-11-19 06:00:00+01:00;-5.6;47.20672677
1900-11-19 07:00:00+01:00;-4.6;55.56036469
1900-11-19 08:00:00+01:00;-3.6;58.06428145
1900-11-19 09:00:00+01:00;-4.8;59.54918154
1900-11-19 10:00:00+01:00;-3;58.50791873
1900-11-19 11:00:00+01:00;-2.4;57.9038204
1900-11-19 12:00:00+01:00;-2.5;57.52958544
1900-11-19 13:00:00+01:00;-2.5;56.70106762
1900-11-19 14:00:00+01:00;-2.5;55.68374771
1900-11-19 15:00:00+01:00;-3;53.79045072
1900-11-19 16:00:00+01:00;-3.3;49.98041807
1900-11-19 17:00:00+01:00;-3.6;45.32078971
1900-11-19 18:00:00+01:00;-4.1;41.24387774
1900-11-19 19:00:00+01:00;-3;37.35173893
1900-11-19 20:00:00+01:00;-3;35.51035461
1900-11-19 21:00:00+01:00;-2.9;34.06229834
1900-11-19 22:00:00+01:00;-2.8;32.87526743
1900-11-19 23:00:00+01:00;-4.3;32.60493071
1900-11-20 00:00:00+01:00;-4.8;32.31254832
1900-11-20 01:00:00+01:00;-4.3;32.16837232
1900-11-20 02:00:00+01:00;-4;32.42685734
1900-11-20 03:00:00+01:00;-4.1;32.768921
1900-11-20 04:00:00+01:00;-3.5;34.26493098
1900-11-20 05:00:00+01:00;-3.8;37.36191268
1900-11-20 06:00:00+01:00;-3.5;44.74548528
1900-11-20 07:00:00+01:00;-4;53.4566784
1900-11-20 08:00:00+01:00;-4;56.76805423
1900-11-20 09:00:00+01:00;-3.5;57.23894573
1900-11-20 10:00:00+01:00;-4.6;57.98099615
1900-11-20 11:00:00+01:00;-4.6;57.82135658
1900-11-20 12:00:00+01:00;-3.3;56.7182986
1900-11-20 13:00:00+01:00;-3.3;55.94272102
1900-11-20 14:00:00+01:00;-3.5;55.22060934
1900-11-20 15:00:00+01:00;-4.8;53.94741362
1900-11-20 16:00:00+01:00;-4.1;49.42908163
1900-11-20 17:00:00+01:00;-4.6;44.77020955
1900-11-20 18:00:00+01:00;-3.4;40.06023035
1900-11-20 19:00:00+01:00;-2.8;36.51166302
1900-11-20 20:00:00+01:00;-3.9;35.0552733
1900-11-20 21:00:00+01:00;-3.4;33.56907012
1900-11-20 22:00:00+01:00;-3.5;32.54690568
1900-11-20 23:00:00+01:00;-3;31.88810875
1900-11-21 00:00:00+01:00;-3;31.57438455
1900-11-21 01:00:00+01:00;-2.6;31.53058539
1900-11-21 02:00:00+01:00;-2.9;31.97902512
1900-11-21 03:00:00+01:00;-3;32.43769196
1900-11-21 04:00:00+01:00;-3.8;34.26691038
1900-11-21 05:00:00+01:00;-3.4;37.25794875
1900-11-21 06:00:00+01:00;-3.3;44.73535111
1900-11-21 07:00:00+01:00;-5;54.12403337
1900-11-21 08:00:00+01:00;-5.3;57.69274108
1900-11-21 09:00:00+01:00;-4.5;58.09367212
1900-11-21 10:00:00+01:00;-1.7;56.34956459
1900-11-21 11:00:00+01:00;-1.4;55.82717884
1900-11-21 12:00:00+01:00;-1.2;55.21188995
1900-11-21 13:00:00+01:00;-1.5;54.53088262
1900-11-21 14:00:00+01:00;-1.9;53.80107415
1900-11-21 15:00:00+01:00;-1.2;51.05530261
1900-11-21 16:00:00+01:00;-1.7;47.49046309
1900-11-21 17:00:00+01:00;-2.4;43.14071723
1900-11-21 18:00:00+01:00;-2.3;39.10668534
1900-11-21 19:00:00+01:00;-6.8;37.34642791
1900-11-21 20:00:00+01:00;-5.1;34.98190191
1900-11-21 21:00:00+01:00;-6.1;33.87332274
1900-11-21 22:00:00+01:00;-5;32.56427958
1900-11-21 23:00:00+01:00;-2.5;31.4633188
1900-11-22 00:00:00+01:00;-2.1;31.08719334
1900-11-22 01:00:00+01:00;-1.2;30.96617618
1900-11-22 02:00:00+01:00;-1.2;31.35198738
1900-11-22 03:00:00+01:00;-0.8;31.72815752
1900-11-22 04:00:00+01:00;-0.8;33.25354591
1900-11-22 05:00:00+01:00;-0.3;35.71828697
1900-11-22 06:00:00+01:00;-0.5;42.67892035
1900-11-22 07:00:00+01:00;-0.7;50.77860999
1900-11-22 08:00:00+01:00;-0.3;53.53618863
1900-11-22 09:00:00+01:00;-0.3;54.14101206
1900-11-22 10:00:00+01:00;-0.1;54.00904696
1900-11-22 11:00:00+01:00;0;53.68138642
1900-11-22 12:00:00+01:00;0.3;53.0619248
1900-11-22 13:00:00+01:00;0.1;52.35260961
1900-11-22 14:00:00+01:00;0.4;51.13267384
1900-11-22 15:00:00+01:00;0.1;49.21878719
1900-11-22 16:00:00+01:00;-0.3;45.76604144
1900-11-22 17:00:00+01:00;-0.3;41.25762422
1900-11-22 18:00:00+01:00;-1;37.81495536
1900-11-22 19:00:00+01:00;-1.5;34.77381556
1900-11-22 20:00:00+01:00;-2;33.07313407
1900-11-22 21:00:00+01:00;-2.3;31.73905559
1900-11-22 22:00:00+01:00;-2.1;30.62641551
1900-11-22 23:00:00+01:00;-4.8;30.76028853
1900-11-23 00:00:00+01:00;-4.6;30.37737445
1900-11-23 01:00:00+01:00;-7.3;30.94729485
1900-11-23 02:00:00+01:00;-9.5;31.80559921
1900-11-23 03:00:00+01:00;-7.5;31.99573446
1900-11-23 04:00:00+01:00;-11.7;34.6483049
1900-11-23 05:00:00+01:00;-10.7;38.8399079
1900-11-23 06:00:00+01:00;-12;48.38489726
1900-11-23 07:00:00+01:00;-11.2;57.32203509
1900-11-23 08:00:00+01:00;-11.6;61.72275207
1900-11-23 09:00:00+01:00;-8.6;61.21562978
1900-11-23 10:00:00+01:00;-6.1;59.94061866
1900-11-23 11:00:00+01:00;-5.1;59.27864577
1900-11-23 12:00:00+01:00;-4.6;58.75199887
1900-11-23 13:00:00+01:00;-4.1;57.73035368
1900-11-23 14:00:00+01:00;-3.3;56.32463465
1900-11-23 15:00:00+01:00;-3.6;54.35371456
1900-11-23 16:00:00+01:00;-3.5;50.31087609
1900-11-23 17:00:00+01:00;-4;45.81457302
1900-11-23 18:00:00+01:00;-3.5;41.35419392
1900-11-23 19:00:00+01:00;-3.5;37.92235318
1900-11-23 20:00:00+01:00;-3.8;36.26996034
1900-11-23 21:00:00+01:00;-3.1;34.75204359
1900-11-23 22:00:00+01:00;-2.4;33.50348352
1900-11-23 23:00:00+01:00;-1.4;32.71087754
1900-11-24 00:00:00+01:00;-1.2;26.16691157
1900-11-24 01:00:00+01:00;-1.7;26.38414953
1900-11-24 02:00:00+01:00;-1.5;26.30020372
1900-11-24 03:00:00+01:00;-1.4;26.25281614
1900-11-24 04:00:00+01:00;-1.9;27.26673451
1900-11-24 05:00:00+01:00;-2.1;27.47963887
1900-11-24 06:00:00+01:00;-1.5;27.39453666
1900-11-24 07:00:00+01:00;-1.9;27.91870294
1900-11-24 08:00:00+01:00;-1.9;28.14390303
1900-11-24 09:00:00+01:00;-2;28.36647033
1900-11-24 10:00:00+01:00;-2.3;28.51644089
1900-11-24 11:00:00+01:00;-2;28.30582175
1900-11-24 12:00:00+01:00;-1.7;28.74850612
1900-11-24 13:00:00+01:00;-1.5;28.79321992
1900-11-24 14:00:00+01:00;-1;28.28308365
1900-11-24 15:00:00+01:00;-1.5;27.9408941
1900-11-24 16:00:00+01:00;-1;27.54121797
1900-11-24 17:00:00+01:00;-0.7;26.85637882
1900-11-24 18:00:00+01:00;-0.5;26.33512664
1900-11-24 19:00:00+01:00;-0.3;25.5443081
1900-11-24 20:00:00+01:00;0;25.06401059
1900-11-24 21:00:00+01:00;0;24.68650163
1900-11-24 22:00:00+01:00;-0.1;24.25251787
1900-11-24 23:00:00+01:00;-0.3;23.99849497
1900-11-25 00:00:00+01:00;-0.1;23.66398296
1900-11-25 01:00:00+01:00;0;23.73631128
1900-11-25 02:00:00+01:00;0;23.77872634
1900-11-25 03:00:00+01:00;-0.1;23.87955405
1900-11-25 04:00:00+01:00;-0.8;24.93451766
1900-11-25 05:00:00+01:00;-0.6;25.3059639
1900-11-25 06:00:00+01:00;-1;25.76768866
1900-11-25 07:00:00+01:00;-1.2;26.26779952
1900-11-25 08:00:00+01:00;-1;26.60134392
1900-11-25 09:00:00+01:00;-1;26.96103557
1900-11-25 10:00:00+01:00;-1.2;27.13259854
1900-11-25 11:00:00+01:00;-1.2;27.09039523
1900-11-25 12:00:00+01:00;-1;27.6050585
1900-11-25 13:00:00+01:00;-0.7;27.6346984
1900-11-25 14:00:00+01:00;-0.7;27.39384848
1900-11-25 15:00:00+01:00;-0.7;26.9110618
1900-11-25 16:00:00+01:00;-1.2;26.95045702
1900-11-25 17:00:00+01:00;-0.8;26.29255144
1900-11-25 18:00:00+01:00;-0.7;25.84523793
1900-11-25 19:00:00+01:00;-0.6;25.1481259
1900-11-25 20:00:00+01:00;-0.7;24.84558326
1900-11-25 21:00:00+01:00;-0.8;24.55790417
1900-11-25 22:00:00+01:00;-1.5;24.3126853
1900-11-25 23:00:00+01:00;-0.7;23.8383344
1900-11-26 00:00:00+01:00;-2;29.78458473
1900-11-26 01:00:00+01:00;-1.7;29.77807528
1900-11-26 02:00:00+01:00;-0.7;29.99092663
1900-11-26 03:00:00+01:00;-1;30.50376705
1900-11-26 04:00:00+01:00;-1.7;32.13055772
1900-11-26 05:00:00+01:00;-2.5;35.22905676
1900-11-26 06:00:00+01:00;-2.8;42.56865223
1900-11-26 07:00:00+01:00;-2.5;50.54046305
1900-11-26 08:00:00+01:00;-4.3;55.09174208
1900-11-26 09:00:00+01:00;-2.9;55.20343179
1900-11-26 10:00:00+01:00;-2.1;54.77969967
1900-11-26 11:00:00+01:00;-0.5;53.58551239
1900-11-26 12:00:00+01:00;-0.3;53.10060971
1900-11-26 13:00:00+01:00;0;52.11850947
1900-11-26 14:00:00+01:00;-0.3;51.39998961
1900-11-26 15:00:00+01:00;-1.5;50.16023129
1900-11-26 16:00:00+01:00;-2.5;47.00686293
1900-11-26 17:00:00+01:00;-4.3;43.21072536
1900-11-26 18:00:00+01:00;-5.8;39.83501603
1900-11-26 19:00:00+01:00;-6.6;36.7914726
1900-11-26 20:00:00+01:00;-6;34.81657075
1900-11-26 21:00:00+01:00;-8;34.02271806
1900-11-26 22:00:00+01:00;-7.8;33.0119286
1900-11-26 23:00:00+01:00;-10.2;33.14398195
1900-11-27 00:00:00+01:00;-10.2;32.8666949
1900-11-27 01:00:00+01:00;-12.3;33.39950008
1900-11-27 02:00:00+01:00;-12.2;33.98949547
1900-11-27 03:00:00+01:00;-9.7;34.18294344
1900-11-27 04:00:00+01:00;-8.2;36.02581017
1900-11-27 05:00:00+01:00;-9;40.19157085
1900-11-27 06:00:00+01:00;-9.7;49.3090169
1900-11-27 07:00:00+01:00;-13.8;61.02431874
1900-11-27 08:00:00+01:00;-14.7;65.63204713
1900-11-27 09:00:00+01:00;-13.2;66.11322817
1900-11-27 10:00:00+01:00;-7.6;62.95964028
1900-11-27 11:00:00+01:00;-4.8;61.18313721
1900-11-27 12:00:00+01:00;-4;60.27365555
1900-11-27 13:00:00+01:00;-3.4;59.0833776
1900-11-27 14:00:00+01:00;-5.8;59.75739746
1900-11-27 15:00:00+01:00;-7;58.32278997
1900-11-27 16:00:00+01:00;-8.6;55.02117899
1900-11-27 17:00:00+01:00;-10.3;50.51991741
1900-11-27 18:00:00+01:00;-12.7;46.46983221
1900-11-27 19:00:00+01:00;-11.3;41.90742748
1900-11-27 20:00:00+01:00;-11;39.94550119
1900-11-27 21:00:00+01:00;-10.6;38.32672177
1900-11-27 22:00:00+01:00;-9.2;36.79660331
1900-11-27 23:00:00+01:00;-8;35.87787382
1900-11-28 00:00:00+01:00;-7.5;35.48897867
1900-11-28 01:00:00+01:00;-6.3;35.26880381
1900-11-28 02:00:00+01:00;-5.1;35.44128173
1900-11-28 03:00:00+01:00;-6;36.03295559
1900-11-28 04:00:00+01:00;-5.3;37.90549941
1900-11-28 05:00:00+01:00;-4.3;40.85277736
1900-11-28 06:00:00+01:00;-3.8;48.56310761
1900-11-28 07:00:00+01:00;-2.4;56.62710223
1900-11-28 08:00:00+01:00;-2.6;59.12083204
1900-11-28 09:00:00+01:00;-2;59.03863337
1900-11-28 10:00:00+01:00;-0.6;58.0217267
1900-11-28 11:00:00+01:00;-0.1;57.3133723
1900-11-28 12:00:00+01:00;-1.5;57.49013698
1900-11-28 13:00:00+01:00;-1;56.20053339
1900-11-28 14:00:00+01:00;-0.7;54.68804136
1900-11-28 15:00:00+01:00;-3.5;54.24765045
1900-11-28 16:00:00+01:00;-2.6;49.49726986
1900-11-28 17:00:00+01:00;-4.1;45.32103363
1900-11-28 18:00:00+01:00;-4.5;40.99733674
1900-11-28 19:00:00+01:00;-5;37.53973864
1900-11-28 20:00:00+01:00;-4.3;35.35495586
1900-11-28 21:00:00+01:00;-5;34.01793638
1900-11-28 22:00:00+01:00;-5.6;32.99861706
1900-11-28 23:00:00+01:00;-6.8;32.67671151
1900-11-29 00:00:00+01:00;-6.8;32.29435588
1900-11-29 01:00:00+01:00;-7.8;32.49217152
1900-11-29 02:00:00+01:00;-6.5;32.68509086
1900-11-29 03:00:00+01:00;-7.1;33.21006869
1900-11-29 04:00:00+01:00;-6.6;34.95448491
1900-11-29 05:00:00+01:00;-7.6;38.85447481
1900-11-29 06:00:00+01:00;-7.3;47.06272069
1900-11-29 07:00:00+01:00;-6.5;55.63684749
1900-11-29 08:00:00+01:00;-6;58.85261651
1900-11-29 09:00:00+01:00;-5.3;59.38820545
1900-11-29 10:00:00+01:00;-4.1;58.82389558
1900-11-29 11:00:00+01:00;-2.4;57.65138755
1900-11-29 12:00:00+01:00;-2;56.94676722
1900-11-29 13:00:00+01:00;-2.8;56.6611613
1900-11-29 14:00:00+01:00;-3;55.86115742
1900-11-29 15:00:00+01:00;-5;55.00720147
1900-11-29 16:00:00+01:00;-5.1;50.95892543
1900-11-29 17:00:00+01:00;-5.5;46.14752757
1900-11-29 18:00:00+01:00;-7.1;42.37842928
1900-11-29 19:00:00+01:00;-8.2;39.1023576
1900-11-29 20:00:00+01:00;-8;37.19520938
1900-11-29 21:00:00+01:00;-8.2;35.81905024
1900-11-29 22:00:00+01:00;-6.3;34.24020797
1900-11-29 23:00:00+01:00;-6.1;33.61532428
1900-11-30 00:00:00+01:00;-7;33.5049744
1900-11-30 01:00:00+01:00;-6.3;33.39271616
1900-11-30 02:00:00+01:00;-8.1;34.16750929
1900-11-30 03:00:00+01:00;-10;34.94471113
1900-11-30 04:00:00+01:00;-9.1;36.84676413
1900-11-30 05:00:00+01:00;-7.3;40.17633212
1900-11-30 06:00:00+01:00;-7.6;48.69895409
1900-11-30 07:00:00+01:00;-7.1;57.60059348
1900-11-30 08:00:00+01:00;-6.8;60.72244507
1900-11-30 09:00:00+01:00;-5.5;60.76244465
1900-11-30 10:00:00+01:00;-3.5;59.58606298
1900-11-30 11:00:00+01:00;-2.5;58.74502089
1900-11-30 12:00:00+01:00;-2;57.89341798
1900-11-30 13:00:00+01:00;-1.4;56.5732245
1900-11-30 14:00:00+01:00;-1.4;55.38012118
1900-11-30 15:00:00+01:00;-1;52.72535793
1900-11-30 16:00:00+01:00;-1;48.76585281
1900-11-30 17:00:00+01:00;-1.7;44.48350511
1900-11-30 18:00:00+01:00;-2;40.38886878
1900-11-30 19:00:00+01:00;-2.4;37.04816304
1900-11-30 20:00:00+01:00;-2;35.05309344
1900-11-30 21:00:00+01:00;-2.3;33.68496992
1900-11-30 22:00:00+01:00;-3.7;32.89857783
1900-11-30 23:00:00+01:00;-6.8;33.06176208
1900-12-01 00:00:00+01:00;-7.5;27.16738544
1900-12-01 01:00:00+01:00;-7.7;27.35323472
1900-12-01 02:00:00+01:00;-9.8;27.88148917
1900-12-01 03:00:00+01:00;-11.3;28.36089979
1900-12-01 04:00:00+01:00;-10.2;29.26146868
1900-12-01 05:00:00+01:00;-12.2;30.94963137
1900-12-01 06:00:00+01:00;-9.1;30.406717
1900-12-01 07:00:00+01:00;-10.6;31.47007178
1900-12-01 08:00:00+01:00;-12.8;32.80232517
1900-12-01 09:00:00+01:00;-11;32.97228987
1900-12-01 10:00:00+01:00;-9;32.64136005
1900-12-01 11:00:00+01:00;-7.5;32.09610821
1900-12-01 12:00:00+01:00;-7.6;32.98208593
1900-12-01 13:00:00+01:00;-6.6;32.83154841
1900-12-01 14:00:00+01:00;-6.1;32.43686414
1900-12-01 15:00:00+01:00;-6.3;31.99687307
1900-12-01 16:00:00+01:00;-6.3;32.00467952
1900-12-01 17:00:00+01:00;-6;31.38205362
1900-12-01 18:00:00+01:00;-5.6;30.93952507
1900-12-01 19:00:00+01:00;-5.5;30.11839531
1900-12-01 20:00:00+01:00;-5.3;29.82528503
1900-12-01 21:00:00+01:00;-5.3;29.48799922
1900-12-01 22:00:00+01:00;-4.8;28.80209392
1900-12-01 23:00:00+01:00;-4.5;28.3284088
1900-12-02 00:00:00+01:00;-4.1;27.7431127
1900-12-02 01:00:00+01:00;-4.1;27.87215438
1900-12-02 02:00:00+01:00;-4.1;27.87424265
1900-12-02 03:00:00+01:00;-3.8;27.74959555
1900-12-02 04:00:00+01:00;-3.6;28.76990323
1900-12-02 05:00:00+01:00;-3.6;28.93115761
1900-12-02 06:00:00+01:00;-3.4;29.06945347
1900-12-02 07:00:00+01:00;-2.5;29.29960508
1900-12-02 08:00:00+01:00;-2.5;29.53363232
1900-12-02 09:00:00+01:00;-2;29.42696091
1900-12-02 10:00:00+01:00;-1.2;29.03331629
1900-12-02 11:00:00+01:00;-0.7;28.67598839
1900-12-02 12:00:00+01:00;-1;29.25366499
1900-12-02 13:00:00+01:00;-0.8;29.26700787
1900-12-02 14:00:00+01:00;-0.7;28.8112874
1900-12-02 15:00:00+01:00;-0.5;28.09555465
1900-12-02 16:00:00+01:00;-0.3;27.75405315
1900-12-02 17:00:00+01:00;-0.3;27.14661729
1900-12-02 18:00:00+01:00;-0.3;26.67981329
1900-12-02 19:00:00+01:00;-2;26.53392522
1900-12-02 20:00:00+01:00;-2.1;26.16159859
1900-12-02 21:00:00+01:00;-2.3;25.79960146
1900-12-02 22:00:00+01:00;-3.4;25.5405725
1900-12-02 23:00:00+01:00;-1.9;24.81029109
1900-12-03 00:00:00+01:00;-3;30.65676587
1900-12-03 01:00:00+01:00;-3.1;30.66948704
1900-12-03 02:00:00+01:00;-3.4;31.07234348
1900-12-03 03:00:00+01:00;-5;31.75364833
1900-12-03 04:00:00+01:00;-4.6;33.34965625
1900-12-03 05:00:00+01:00;-4.5;36.55965107
1900-12-03 06:00:00+01:00;-4.8;44.297697
1900-12-03 07:00:00+01:00;-5.1;52.90331816
1900-12-03 08:00:00+01:00;-5.6;56.77766324
1900-12-03 09:00:00+01:00;-4.6;57.15935666
1900-12-03 10:00:00+01:00;-4;56.91746578
1900-12-03 11:00:00+01:00;-2.3;55.73384144
1900-12-03 12:00:00+01:00;-2.4;55.49817581
1900-12-03 13:00:00+01:00;-1.4;54.09003142
1900-12-03 14:00:00+01:00;-1.4;53.17594017
1900-12-03 15:00:00+01:00;-3.4;52.4679325
1900-12-03 16:00:00+01:00;-3.5;48.62789017
1900-12-03 17:00:00+01:00;-4.6;44.40898316
1900-12-03 18:00:00+01:00;-4;40.06733286
1900-12-03 19:00:00+01:00;-5;37.0616793
1900-12-03 20:00:00+01:00;-4.5;35.12065868
1900-12-03 21:00:00+01:00;-3.6;33.5343433
1900-12-03 22:00:00+01:00;-4.3;32.65639673
1900-12-03 23:00:00+01:00;-3.5;31.98162615
1900-12-04 00:00:00+01:00;-3.4;31.68567554
1900-12-04 01:00:00+01:00;-3.3;31.73282951
1900-12-04 02:00:00+01:00;-2.5;32.00521264
1900-12-04 03:00:00+01:00;-2;32.34033444
1900-12-04 04:00:00+01:00;-1.7;33.88730544
1900-12-04 05:00:00+01:00;-0.3;36.18367748
1900-12-04 06:00:00+01:00;0.4;42.72337392
1900-12-04 07:00:00+01:00;4.4;48.52261004
1900-12-04 08:00:00+01:00;7.4;49.12213687
1900-12-04 09:00:00+01:00;5.5;50.44992928
1900-12-04 10:00:00+01:00;11.2;46.60255377
1900-12-04 11:00:00+01:00;8.9;47.38161573
1900-12-04 12:00:00+01:00;9.6;45.91083245
1900-12-04 13:00:00+01:00;7.8;45.93566401
1900-12-04 14:00:00+01:00;7.7;44.52330578
1900-12-04 15:00:00+01:00;4.7;44.4400409
1900-12-04 16:00:00+01:00;1.3;43.14061391
1900-12-04 17:00:00+01:00;2;38.36827314
1900-12-04 18:00:00+01:00;2;34.9660909
1900-12-04 19:00:00+01:00;1.4;32.28145568
1900-12-04 20:00:00+01:00;1.2;30.49567729
1900-12-04 21:00:00+01:00;0.6;29.31599236
1900-12-04 22:00:00+01:00;0.4;28.34168118
1900-12-04 23:00:00+01:00;-1.5;28.24750633
1900-12-05 00:00:00+01:00;-2;27.89029269
1900-12-05 01:00:00+01:00;-0.8;27.53148102
1900-12-05 02:00:00+01:00;-1.2;27.82103965
1900-12-05 03:00:00+01:00;-3.5;28.53064903
1900-12-05 04:00:00+01:00;-2.9;29.76830587
1900-12-05 05:00:00+01:00;-2.9;32.77190939
1900-12-05 06:00:00+01:00;-3;39.77700245
1900-12-05 07:00:00+01:00;-4.3;48.29517245
1900-12-05 08:00:00+01:00;-5.1;53.02127687
1900-12-05 09:00:00+01:00;-4.1;53.75177482
1900-12-05 10:00:00+01:00;-3.3;53.78153308
1900-12-05 11:00:00+01:00;-2.8;53.68511884
1900-12-05 12:00:00+01:00;-2.3;53.59407438
1900-12-05 13:00:00+01:00;0.1;51.5803397
1900-12-05 14:00:00+01:00;1.6;49.83555023
1900-12-05 15:00:00+01:00;1.8;47.73526237
1900-12-05 16:00:00+01:00;-0.3;45.53156972
1900-12-05 17:00:00+01:00;-0.3;41.13633653
1900-12-05 18:00:00+01:00;1.8;36.68981645
1900-12-05 19:00:00+01:00;4.5;32.89783293
1900-12-05 20:00:00+01:00;4.3;31.30660974
1900-12-05 21:00:00+01:00;2.8;30.49976595
1900-12-05 22:00:00+01:00;2.6;29.55898917
1900-12-05 23:00:00+01:00;3.6;28.8071573
1900-12-06 00:00:00+01:00;4.3;28.32305026
1900-12-06 01:00:00+01:00;3.5;28.4775522
1900-12-06 02:00:00+01:00;2.4;28.96332208
1900-12-06 03:00:00+01:00;2.8;29.2247117
1900-12-06 04:00:00+01:00;3.2;30.3290001
1900-12-06 05:00:00+01:00;3;32.33679231
1900-12-06 06:00:00+01:00;2.2;38.64295971
1900-12-06 07:00:00+01:00;2.1;45.89530228
1900-12-06 08:00:00+01:00;2.3;48.81587411
1900-12-06 09:00:00+01:00;1.5;49.89054061
1900-12-06 10:00:00+01:00;2.7;48.9941124
1900-12-06 11:00:00+01:00;3.4;48.17116354
1900-12-06 12:00:00+01:00;4;47.32191235
1900-12-06 13:00:00+01:00;3;47.17446945
1900-12-06 14:00:00+01:00;2.4;46.75514004
1900-12-06 15:00:00+01:00;1.4;45.55695997
1900-12-06 16:00:00+01:00;-0.1;43.00749846
1900-12-06 17:00:00+01:00;-2.1;39.53516241
1900-12-06 18:00:00+01:00;-3;36.42256096
1900-12-06 19:00:00+01:00;-3.1;33.58822169
1900-12-06 20:00:00+01:00;-3.1;31.8876682
1900-12-06 21:00:00+01:00;-2.8;30.56994793
1900-12-06 22:00:00+01:00;-2.4;29.60974322
1900-12-06 23:00:00+01:00;-2;29.1347872
1900-12-07 00:00:00+01:00;-2.4;28.97371436
1900-12-07 01:00:00+01:00;-2;28.98740246
1900-12-07 02:00:00+01:00;-1.7;29.35036035
1900-12-07 03:00:00+01:00;-0.8;29.71172022
1900-12-07 04:00:00+01:00;-0.5;31.17802821
1900-12-07 05:00:00+01:00;-1;34.07305387
1900-12-07 06:00:00+01:00;-1;40.99316629
1900-12-07 07:00:00+01:00;-1;48.93568817
1900-12-07 08:00:00+01:00;-0.7;52.24721125
1900-12-07 09:00:00+01:00;-0.6;53.07506739
1900-12-07 10:00:00+01:00;-1;53.47495033
1900-12-07 11:00:00+01:00;-0.3;52.97595102
1900-12-07 12:00:00+01:00;-0.1;52.6742351
1900-12-07 13:00:00+01:00;0.1;51.87857402
1900-12-07 14:00:00+01:00;0;51.11158405
1900-12-07 15:00:00+01:00;-0.3;49.29098051
1900-12-07 16:00:00+01:00;-0.5;45.7395814
1900-12-07 17:00:00+01:00;-0.6;41.26673531
1900-12-07 18:00:00+01:00;-2.3;38.20021303
1900-12-07 19:00:00+01:00;-3;35.25513786
1900-12-07 20:00:00+01:00;-2.5;33.28420404
1900-12-07 21:00:00+01:00;-2.5;31.93845694
1900-12-07 22:00:00+01:00;-3.4;31.15977919
1900-12-07 23:00:00+01:00;-5;31.04894636
1900-12-08 00:00:00+01:00;-5.6;25.25962976
1900-12-08 01:00:00+01:00;-3.9;24.94319874
1900-12-08 02:00:00+01:00;-4.6;25.17979796
1900-12-08 03:00:00+01:00;-4.3;25.28533418
1900-12-08 04:00:00+01:00;-3;26.00336802
1900-12-08 05:00:00+01:00;-3;26.61859917
1900-12-08 06:00:00+01:00;-3.3;27.12119099
1900-12-08 07:00:00+01:00;-3.4;27.68253456
1900-12-08 08:00:00+01:00;-3.5;28.2175398
1900-12-08 09:00:00+01:00;-4.1;28.92990805
1900-12-08 10:00:00+01:00;-4;29.13135728
1900-12-08 11:00:00+01:00;-3.5;28.96166175
1900-12-08 12:00:00+01:00;-3;29.47176017
1900-12-08 13:00:00+01:00;-2.4;29.44984224
1900-12-08 14:00:00+01:00;-1.7;28.93597747
1900-12-08 15:00:00+01:00;-2;28.56563381
1900-12-08 16:00:00+01:00;-1.5;28.24155763
1900-12-08 17:00:00+01:00;-1.5;27.74358198
1900-12-08 18:00:00+01:00;-1.2;27.23415308
1900-12-08 19:00:00+01:00;-1.4;26.58482454
1900-12-08 20:00:00+01:00;-1.5;26.29195126
1900-12-08 21:00:00+01:00;-1.2;25.84080744
1900-12-08 22:00:00+01:00;-1.4;25.39802251
1900-12-08 23:00:00+01:00;-1;24.92448542
1900-12-09 00:00:00+01:00;-0.8;24.47351209
1900-12-09 01:00:00+01:00;-0.7;24.53153285
1900-12-09 02:00:00+01:00;-1;24.6121329
1900-12-09 03:00:00+01:00;-1;24.64728069
1900-12-09 04:00:00+01:00;-0.6;25.46780333
1900-12-09 05:00:00+01:00;-0.7;25.83928954
1900-12-09 06:00:00+01:00;-1.5;26.39592534
1900-12-09 07:00:00+01:00;-1.7;26.91598697
1900-12-09 08:00:00+01:00;-3;27.74091152
1900-12-09 09:00:00+01:00;-3.8;28.4483911
1900-12-09 10:00:00+01:00;0.2;26.99727302
1900-12-09 11:00:00+01:00;0.6;26.74248648
1900-12-09 12:00:00+01:00;1.5;26.85607587
1900-12-09 13:00:00+01:00;1.4;27.02835922
1900-12-09 14:00:00+01:00;0.1;27.24067438
1900-12-09 15:00:00+01:00;-0.3;26.89749084
1900-12-09 16:00:00+01:00;0;26.58243534
1900-12-09 17:00:00+01:00;0.7;25.77808454
1900-12-09 18:00:00+01:00;0.6;25.39161448
1900-12-09 19:00:00+01:00;0.7;24.6969004
1900-12-09 20:00:00+01:00;-0.3;24.67056194
1900-12-09 21:00:00+01:00;-1.9;24.81584234
1900-12-09 22:00:00+01:00;-2;24.36216764
1900-12-09 23:00:00+01:00;1.6;23.18560476
1900-12-10 00:00:00+01:00;1.9;28.78183348
1900-12-10 01:00:00+01:00;1.7;28.82950397
1900-12-10 02:00:00+01:00;0.3;29.40093502
1900-12-10 03:00:00+01:00;1.7;29.57947892
1900-12-10 04:00:00+01:00;0.8;31.06769382
1900-12-10 05:00:00+01:00;0;33.73850595
1900-12-10 06:00:00+01:00;-2.3;41.4559578
1900-12-10 07:00:00+01:00;1.3;47.37678197
1900-12-10 08:00:00+01:00;0.6;50.90565799
1900-12-10 09:00:00+01:00;0.1;51.86880832
1900-12-10 10:00:00+01:00;0.8;51.46029222
1900-12-10 11:00:00+01:00;0.7;51.31301885
1900-12-10 12:00:00+01:00;-1.7;52.6577034
1900-12-10 13:00:00+01:00;-2.6;52.65898617
1900-12-10 14:00:00+01:00;-2.9;52.2702856
1900-12-10 15:00:00+01:00;-3.3;50.56634654
1900-12-10 16:00:00+01:00;-2.4;46.18641571
1900-12-10 17:00:00+01:00;-0.6;40.64447672
1900-12-10 18:00:00+01:00;-3.1;38.04999362
1900-12-10 19:00:00+01:00;0.5;33.76689805
1900-12-10 20:00:00+01:00;1.5;31.73393413
1900-12-10 21:00:00+01:00;0.1;30.81727111
1900-12-10 22:00:00+01:00;0.4;29.73122888
1900-12-10 23:00:00+01:00;0.4;29.29553125
1900-12-11 00:00:00+01:00;0.1;29.09980057
1900-12-11 01:00:00+01:00;-0.1;29.21009831
1900-12-11 02:00:00+01:00;0.2;29.52497796
1900-12-11 03:00:00+01:00;-0.3;30.09849776
1900-12-11 04:00:00+01:00;-1.2;31.74519008
1900-12-11 05:00:00+01:00;-1.2;34.51286126
1900-12-11 06:00:00+01:00;-2;41.76096042
1900-12-11 07:00:00+01:00;-2;49.83094591
1900-12-11 08:00:00+01:00;-3;53.94230986
1900-12-11 09:00:00+01:00;-2.8;54.78946972
1900-12-11 10:00:00+01:00;-5.6;56.70130026
1900-12-11 11:00:00+01:00;-5.3;56.50841177
1900-12-11 12:00:00+01:00;-3.6;55.33398648
1900-12-11 13:00:00+01:00;-5.6;55.97372504
1900-12-11 14:00:00+01:00;-6.3;55.91102882
1900-12-11 15:00:00+01:00;-7;54.31739508
1900-12-11 16:00:00+01:00;-7.3;50.36044651
1900-12-11 17:00:00+01:00;-8;45.54494536
1900-12-11 18:00:00+01:00;-10;41.98652823
1900-12-11 19:00:00+01:00;-10;38.46314398
1900-12-11 20:00:00+01:00;-11.1;37.02523939
1900-12-11 21:00:00+01:00;-8.7;35.02984867
1900-12-11 22:00:00+01:00;-7.8;33.86455678
1900-12-11 23:00:00+01:00;-6.8;33.2101894
1900-12-12 00:00:00+01:00;-6.3;32.92238501
1900-12-12 01:00:00+01:00;-6.1;33.06691961
1900-12-12 02:00:00+01:00;-5.8;33.60235492
1900-12-12 03:00:00+01:00;-5;34.07869731
1900-12-12 04:00:00+01:00;-5;36.05461503
1900-12-12 05:00:00+01:00;-1.2;38.23891233
1900-12-12 06:00:00+01:00;-1.7;45.87171957
1900-12-12 07:00:00+01:00;-1.4;54.46038696
1900-12-12 08:00:00+01:00;-1.2;57.18532326
1900-12-12 09:00:00+01:00;-0.7;57.48133177
1900-12-12 10:00:00+01:00;-1.7;58.0057585
1900-12-12 11:00:00+01:00;-1.5;57.50982216
1900-12-12 12:00:00+01:00;-2;57.2438197
1900-12-12 13:00:00+01:00;-2.1;56.33151582
1900-12-12 14:00:00+01:00;-2.9;55.73727864
1900-12-12 15:00:00+01:00;-3;53.44380397
1900-12-12 16:00:00+01:00;-4.1;50.02047142
1900-12-12 17:00:00+01:00;-5.3;45.60005337
1900-12-12 18:00:00+01:00;-5.5;41.20643767
1900-12-12 19:00:00+01:00;-7.6;38.27570332
1900-12-12 20:00:00+01:00;-6.5;35.94079271
1900-12-12 21:00:00+01:00;-7.3;34.6522759
1900-12-12 22:00:00+01:00;-8.3;33.78372506
1900-12-12 23:00:00+01:00;-8.5;33.2631305
1900-12-13 00:00:00+01:00;-9.7;33.17673735
1900-12-13 01:00:00+01:00;-9.1;33.09179348
1900-12-13 02:00:00+01:00;-9.7;33.65592167
1900-12-13 03:00:00+01:00;-7.6;33.79620253
1900-12-13 04:00:00+01:00;-9.6;36.09744553
1900-12-13 05:00:00+01:00;-10.8;40.66087203
1900-12-13 06:00:00+01:00;-15.6;52.1295805
1900-12-13 07:00:00+01:00;-10.3;59.34429657
1900-12-13 08:00:00+01:00;-13;64.79286246
1900-12-13 09:00:00+01:00;-11.5;65.23942734
1900-12-13 10:00:00+01:00;-9;64.00866814
1900-12-13 11:00:00+01:00;-9.2;64.12804203
1900-12-13 12:00:00+01:00;-7.3;62.71594835
1900-12-13 13:00:00+01:00;-7;61.78776068
1900-12-13 14:00:00+01:00;-8.2;61.7776392
1900-12-13 15:00:00+01:00;-7.3;58.83055473
1900-12-13 16:00:00+01:00;-8.2;55.02199424
1900-12-13 17:00:00+01:00;-8.1;49.64451813
1900-12-13 18:00:00+01:00;-8.6;44.980571
1900-12-13 19:00:00+01:00;-8.3;40.94049535
1900-12-13 20:00:00+01:00;-6.6;38.57846564
1900-12-13 21:00:00+01:00;-5.5;36.82679888
1900-12-13 22:00:00+01:00;-5.1;35.50202962
1900-12-13 23:00:00+01:00;-5.1;34.88459807
1900-12-14 00:00:00+01:00;-4.6;34.49075921
1900-12-14 01:00:00+01:00;-2.6;34.15615335
1900-12-14 02:00:00+01:00;0;34.05992568
1900-12-14 03:00:00+01:00;2.7;34.040682
1900-12-14 04:00:00+01:00;2.9;35.48026626
1900-12-14 05:00:00+01:00;3.1;37.25960009
1900-12-14 06:00:00+01:00;4;42.994581
1900-12-14 07:00:00+01:00;6;49.70987998
1900-12-14 08:00:00+01:00;5.3;51.94927661
1900-12-14 09:00:00+01:00;4.6;52.34753373
1900-12-14 10:00:00+01:00;3.9;52.39711492
1900-12-14 11:00:00+01:00;3.4;52.03478854
1900-12-14 12:00:00+01:00;2.9;51.48519506
1900-12-14 13:00:00+01:00;4.1;49.54865527
1900-12-14 14:00:00+01:00;3;48.85606444
1900-12-14 15:00:00+01:00;2.1;47.18958312
1900-12-14 16:00:00+01:00;1.8;43.6470498
1900-12-14 17:00:00+01:00;2.2;38.99148884
1900-12-14 18:00:00+01:00;1.3;35.77634684
1900-12-14 19:00:00+01:00;-0.5;33.3388914
1900-12-14 20:00:00+01:00;-2;31.88779254
1900-12-14 21:00:00+01:00;-3.3;30.82769687
1900-12-14 22:00:00+01:00;-3.5;29.85586509
1900-12-14 23:00:00+01:00;-3.8;29.36647514
1900-12-15 00:00:00+01:00;-5.8;23.99543959
1900-12-15 01:00:00+01:00;-6.6;24.30109633
1900-12-15 02:00:00+01:00;-6.1;24.2219627
1900-12-15 03:00:00+01:00;-6.1;24.50830554
1900-12-15 04:00:00+01:00;-6.1;25.57590321
1900-12-15 05:00:00+01:00;-6.1;26.70121983
1900-12-15 06:00:00+01:00;-5.8;27.21670956
1900-12-15 07:00:00+01:00;-8.2;28.62311644
1900-12-15 08:00:00+01:00;-6.8;28.91355898
1900-12-15 09:00:00+01:00;-6;29.44057622
1900-12-15 10:00:00+01:00;-5.3;29.59721908
1900-12-15 11:00:00+01:00;-4.6;29.44047435
1900-12-15 12:00:00+01:00;-3.5;29.80154948
1900-12-15 13:00:00+01:00;-2.5;29.70372327
1900-12-15 14:00:00+01:00;-4.3;30.29897695
1900-12-15 15:00:00+01:00;-4.8;30.07784095
1900-12-15 16:00:00+01:00;-4.5;29.95531896
1900-12-15 17:00:00+01:00;-5.6;29.97664114
1900-12-15 18:00:00+01:00;-6.5;30.05950407
1900-12-15 19:00:00+01:00;-7.1;29.50671008
1900-12-15 20:00:00+01:00;-8.5;29.65391702
1900-12-15 21:00:00+01:00;-8.8;29.36857161
1900-12-15 22:00:00+01:00;-9.3;28.8725592
1900-12-15 23:00:00+01:00;-10.7;28.88642885
1900-12-16 00:00:00+01:00;-12.1;29.28924887
1900-12-16 01:00:00+01:00;-11.6;29.35298328
1900-12-16 02:00:00+01:00;-11.2;29.33444642
1900-12-16 03:00:00+01:00;-13.7;30.17879932
1900-12-16 04:00:00+01:00;-11.7;31.09893087
1900-12-16 05:00:00+01:00;-9.5;31.38872167
1900-12-16 06:00:00+01:00;-8.2;31.38951859
1900-12-16 07:00:00+01:00;-7;31.67290417
1900-12-16 08:00:00+01:00;-6.3;31.94778692
1900-12-16 09:00:00+01:00;-6.3;32.28428396
1900-12-16 10:00:00+01:00;-6.1;32.38011029
1900-12-16 11:00:00+01:00;-6;32.31165587
1900-12-16 12:00:00+01:00;-5.8;32.97236359
1900-12-16 13:00:00+01:00;-5.1;32.93536603
1900-12-16 14:00:00+01:00;-5.1;32.61047965
1900-12-16 15:00:00+01:00;-4;31.52019128
1900-12-16 16:00:00+01:00;-3.5;31.20222665
1900-12-16 17:00:00+01:00;-2.6;30.24017018
1900-12-16 18:00:00+01:00;-2;29.62084884
1900-12-16 19:00:00+01:00;1;27.73639573
1900-12-16 20:00:00+01:00;1;27.4266723
1900-12-16 21:00:00+01:00;1;26.95969067
1900-12-16 22:00:00+01:00;1.1;26.37321706
1900-12-16 23:00:00+01:00;1.1;25.87586327
1900-12-17 00:00:00+01:00;0.7;31.52559115
1900-12-17 01:00:00+01:00;1;31.34702166
1900-12-17 02:00:00+01:00;0.3;31.66616607
1900-12-17 03:00:00+01:00;-0.7;32.00951058
1900-12-17 04:00:00+01:00;-1.4;33.46485854
1900-12-17 05:00:00+01:00;-1.5;36.04774066
1900-12-17 06:00:00+01:00;-1.5;42.96974411
1900-12-17 07:00:00+01:00;-1.2;50.78042906
1900-12-17 08:00:00+01:00;-1.5;54.00466712
1900-12-17 09:00:00+01:00;-1.5;54.62947393
1900-12-17 10:00:00+01:00;-1;54.18474773
1900-12-17 11:00:00+01:00;-1;53.79115536
1900-12-17 12:00:00+01:00;-1;53.32310312
1900-12-17 13:00:00+01:00;-1;52.44278103
1900-12-17 14:00:00+01:00;-1;51.48936369
1900-12-17 15:00:00+01:00;-1.4;49.6262751
1900-12-17 16:00:00+01:00;-1.9;46.12490899
1900-12-17 17:00:00+01:00;-1.4;41.19435296
1900-12-17 18:00:00+01:00;-1.7;37.58488168
1900-12-17 19:00:00+01:00;-2;34.65628161
1900-12-17 20:00:00+01:00;-2.5;33.07786681
1900-12-17 21:00:00+01:00;-3;31.94882516
1900-12-17 22:00:00+01:00;-2.8;30.97242468
1900-12-17 23:00:00+01:00;-2.5;30.47165224
1900-12-18 00:00:00+01:00;-2;30.1025714
1900-12-18 01:00:00+01:00;-2.5;30.29359112
1900-12-18 02:00:00+01:00;-2.8;30.78515023
1900-12-18 03:00:00+01:00;-2.8;31.26641891
1900-12-18 04:00:00+01:00;-3.4;32.993269
1900-12-18 05:00:00+01:00;-3.5;36.12851266
1900-12-18 06:00:00+01:00;-3.5;43.5780753
1900-12-18 07:00:00+01:00;-3;51.6458113
1900-12-18 08:00:00+01:00;-3.6;55.41808601
1900-12-18 09:00:00+01:00;-3.3;56.1448681
1900-12-18 10:00:00+01:00;-3.5;56.37608373
1900-12-18 11:00:00+01:00;-4.3;56.73872597
1900-12-18 12:00:00+01:00;-4;56.38912312
1900-12-18 13:00:00+01:00;-4.8;56.25803604
1900-12-18 14:00:00+01:00;-5;55.75570849
1900-12-18 15:00:00+01:00;-5.3;53.86839416
1900-12-18 16:00:00+01:00;-4;48.99942062
1900-12-18 17:00:00+01:00;-3.6;43.95762153
1900-12-18 18:00:00+01:00;-5.3;40.57000922
1900-12-18 19:00:00+01:00;-6;37.40542765
1900-12-18 20:00:00+01:00;-7.1;35.92496025
1900-12-18 21:00:00+01:00;-7.8;34.72890681
1900-12-18 22:00:00+01:00;-9.2;34.07549522
1900-12-18 23:00:00+01:00;-7.8;33.27030808
1900-12-19 00:00:00+01:00;-9.8;33.46405993
1900-12-19 01:00:00+01:00;-13.7;34.36490512
1900-12-19 02:00:00+01:00;-14.3;35.08759152
1900-12-19 03:00:00+01:00;-12.3;35.36504645
1900-12-19 04:00:00+01:00;-14;37.96866197
1900-12-19 05:00:00+01:00;-17.5;43.96161875
1900-12-19 06:00:00+01:00;-15.1;53.32502237
1900-12-19 07:00:00+01:00;-13.3;62.62581561
1900-12-19 08:00:00+01:00;-15.7;67.95030196
1900-12-19 09:00:00+01:00;-15.3;69.12265397
1900-12-19 10:00:00+01:00;-12.6;67.82257321
1900-12-19 11:00:00+01:00;-12;67.44846161
1900-12-19 12:00:00+01:00;-10.2;66.11718562
1900-12-19 13:00:00+01:00;-8.8;64.42706873
1900-12-19 14:00:00+01:00;-8.7;63.43598302
1900-12-19 15:00:00+01:00;-8;60.50190844
1900-12-19 16:00:00+01:00;-8.7;56.48512082
1900-12-19 17:00:00+01:00;-9;51.31450862
1900-12-19 18:00:00+01:00;-7.8;45.77659322
1900-12-19 19:00:00+01:00;-8.1;41.90975615
1900-12-19 20:00:00+01:00;-6.8;39.68097029
1900-12-19 21:00:00+01:00;-5.8;37.94976702
1900-12-19 22:00:00+01:00;-5.5;36.60484203
1900-12-19 23:00:00+01:00;-5.3;35.95841489
1900-12-20 00:00:00+01:00;-4.3;35.51172683
1900-12-20 01:00:00+01:00;-3.8;35.41635062
1900-12-20 02:00:00+01:00;-2.9;35.59033581
1900-12-20 03:00:00+01:00;-1.9;35.79934161
1900-12-20 04:00:00+01:00;-0.7;37.25212709
1900-12-20 05:00:00+01:00;-1.4;39.74414202
1900-12-20 06:00:00+01:00;-1.7;47.08249049
1900-12-20 07:00:00+01:00;-1.5;55.51470111
1900-12-20 08:00:00+01:00;-0.5;57.20717347
1900-12-20 09:00:00+01:00;-0.6;57.38955549
1900-12-20 10:00:00+01:00;-0.6;57.03295421
1900-12-20 11:00:00+01:00;-0.6;56.39358549
1900-12-20 12:00:00+01:00;0;55.16063462
1900-12-20 13:00:00+01:00;0.5;53.69084168
1900-12-20 14:00:00+01:00;0;52.68435904
1900-12-20 15:00:00+01:00;1.7;49.10333731
1900-12-20 16:00:00+01:00;1.9;45.15047789
1900-12-20 17:00:00+01:00;-0.3;41.79023539
1900-12-20 18:00:00+01:00;-3;38.95880474
1900-12-20 19:00:00+01:00;-2;35.26939808
1900-12-20 20:00:00+01:00;1.6;32.30765871
1900-12-20 21:00:00+01:00;-3;32.16749204
1900-12-20 22:00:00+01:00;-3.5;31.22178833
1900-12-20 23:00:00+01:00;-3.5;30.65868703
1900-12-21 00:00:00+01:00;-3.3;30.23770159
1900-12-21 01:00:00+01:00;-2.9;30.13603193
1900-12-21 02:00:00+01:00;-3.8;30.65187516
1900-12-21 03:00:00+01:00;-3.5;31.04661879
1900-12-21 04:00:00+01:00;-1;32.20849665
1900-12-21 05:00:00+01:00;-2;35.23593837
1900-12-21 06:00:00+01:00;-2.4;42.52837115
1900-12-21 07:00:00+01:00;0.2;49.21839992
1900-12-21 08:00:00+01:00;-2.5;54.05371874
1900-12-21 09:00:00+01:00;-2.5;54.95889738
1900-12-21 10:00:00+01:00;-1.5;54.41890403
1900-12-21 11:00:00+01:00;-0.3;53.47731071
1900-12-21 12:00:00+01:00;-1.2;53.7396848
1900-12-21 13:00:00+01:00;-0.3;52.42706641
1900-12-21 14:00:00+01:00;-1.4;52.32067202
1900-12-21 15:00:00+01:00;-1.5;50.37417733
1900-12-21 16:00:00+01:00;-1;46.35860978
1900-12-21 17:00:00+01:00;-0.6;41.63850845
1900-12-21 18:00:00+01:00;0.6;37.37330803
1900-12-21 19:00:00+01:00;2.8;33.59968338
1900-12-21 20:00:00+01:00;6.4;30.86703352
1900-12-21 21:00:00+01:00;6;29.70584497
1900-12-21 22:00:00+01:00;3.8;29.16280337
1900-12-21 23:00:00+01:00;4.2;28.50477737
1900-12-22 00:00:00+01:00;2;22.59688571
1900-12-22 01:00:00+01:00;3;22.36155628
1900-12-22 02:00:00+01:00;3.8;22.11906637
1900-12-22 03:00:00+01:00;0.3;22.96630355
1900-12-22 04:00:00+01:00;2.2;23.27238803
1900-12-22 05:00:00+01:00;1.8;23.65877038
1900-12-22 06:00:00+01:00;5.6;22.58482461
1900-12-22 07:00:00+01:00;4.9;23.16106255
1900-12-22 08:00:00+01:00;4.9;23.35803499
1900-12-22 09:00:00+01:00;5.2;23.32272323
1900-12-22 10:00:00+01:00;8.2;21.9428534
1900-12-22 11:00:00+01:00;7.3;22.16070311
1900-12-22 12:00:00+01:00;6.2;22.88914419
1900-12-22 13:00:00+01:00;8.4;22.08651695
1900-12-22 14:00:00+01:00;8.6;21.53367583
1900-12-22 15:00:00+01:00;8;21.2672778
1900-12-22 16:00:00+01:00;7.6;21.02117062
1900-12-22 17:00:00+01:00;6.6;20.8974057
1900-12-22 18:00:00+01:00;6.8;20.29108318
1900-12-22 19:00:00+01:00;8.1;19.35753662
1900-12-22 20:00:00+01:00;7.1;19.39946327
1900-12-22 21:00:00+01:00;3.4;20.31980884
1900-12-22 22:00:00+01:00;5.4;19.48872959
1900-12-22 23:00:00+01:00;3.2;19.82563361
1900-12-23 00:00:00+01:00;0.9;20.37521144
1900-12-23 01:00:00+01:00;5.9;19.0811176
1900-12-23 02:00:00+01:00;1.9;20.11621856
1900-12-23 03:00:00+01:00;1.1;20.39330251
1900-12-23 04:00:00+01:00;1.2;20.99022047
1900-12-23 05:00:00+01:00;2.7;21.18646751
1900-12-23 06:00:00+01:00;0.2;22.48235259
1900-12-23 07:00:00+01:00;-1;23.13970133
1900-12-23 08:00:00+01:00;-0.7;23.53816948
1900-12-23 09:00:00+01:00;-2.1;24.78198864
1900-12-23 10:00:00+01:00;-1.2;24.86056845
1900-12-23 11:00:00+01:00;-1;24.92857983
1900-12-23 12:00:00+01:00;-0.7;25.56225886
1900-12-23 13:00:00+01:00;-0.5;25.77923067
1900-12-23 14:00:00+01:00;-0.1;25.63487523
1900-12-23 15:00:00+01:00;0;25.34406569
1900-12-23 16:00:00+01:00;0.9;24.91861694
1900-12-23 17:00:00+01:00;0;24.92491384
1900-12-23 18:00:00+01:00;1.4;24.05861469
1900-12-23 19:00:00+01:00;2.8;23.09808863
1900-12-23 20:00:00+01:00;3.7;22.59520276
1900-12-23 21:00:00+01:00;6.4;21.52304991
1900-12-23 22:00:00+01:00;5.7;21.52213498
1900-12-23 23:00:00+01:00;7;20.98298149
1900-12-24 00:00:00+01:00;6.3;26.81717799
1900-12-24 01:00:00+01:00;5.7;27.02766075
1900-12-24 02:00:00+01:00;5.6;27.32196278
1900-12-24 03:00:00+01:00;5;27.80118585
1900-12-24 04:00:00+01:00;5;28.88292635
1900-12-24 05:00:00+01:00;5.7;30.4444849
1900-12-24 06:00:00+01:00;5.8;35.76215985
1900-12-24 07:00:00+01:00;5.8;42.49448634
1900-12-24 08:00:00+01:00;6.9;44.78406513
1900-12-24 09:00:00+01:00;6.7;45.30378139
1900-12-24 10:00:00+01:00;5.5;45.83665758
1900-12-24 11:00:00+01:00;6.1;45.05735632
1900-12-24 12:00:00+01:00;4.8;45.43687668
1900-12-24 13:00:00+01:00;4.8;44.61678342
1900-12-24 14:00:00+01:00;4.6;43.83464493
1900-12-24 15:00:00+01:00;4.5;41.99544674
1900-12-24 16:00:00+01:00;5.6;38.09260438
1900-12-24 17:00:00+01:00;4.4;34.7885881
1900-12-24 18:00:00+01:00;4.7;31.83075352
1900-12-24 19:00:00+01:00;5;29.32166173
1900-12-24 20:00:00+01:00;4.7;27.73845767
1900-12-24 21:00:00+01:00;4.5;26.69328342
1900-12-24 22:00:00+01:00;5.1;25.74081272
1900-12-24 23:00:00+01:00;5.2;25.36855636
1900-12-25 00:00:00+01:00;5.4;25.01032249
1900-12-25 01:00:00+01:00;5.2;25.03995507
1900-12-25 02:00:00+01:00;4.1;25.51102389
1900-12-25 03:00:00+01:00;3.8;25.96800754
1900-12-25 04:00:00+01:00;3.1;27.14543466
1900-12-25 05:00:00+01:00;2.5;29.49951684
1900-12-25 06:00:00+01:00;2.4;35.43745765
1900-12-25 07:00:00+01:00;0.8;43.27635125
1900-12-25 08:00:00+01:00;1.7;46.64497544
1900-12-25 09:00:00+01:00;1;48.15715773
1900-12-25 10:00:00+01:00;1;48.32544804
1900-12-25 11:00:00+01:00;2.6;47.31726392
1900-12-25 12:00:00+01:00;3.6;46.58167685
1900-12-25 13:00:00+01:00;3.5;46.03129975
1900-12-25 14:00:00+01:00;3;45.65598395
1900-12-25 15:00:00+01:00;2.4;44.27695652
1900-12-25 16:00:00+01:00;1.7;41.46365373
1900-12-25 17:00:00+01:00;1.6;37.34859698
1900-12-25 18:00:00+01:00;0.7;34.61395917
1900-12-25 19:00:00+01:00;1.8;31.59601029
1900-12-25 20:00:00+01:00;0.9;30.21227891
1900-12-25 21:00:00+01:00;2;28.75067529
1900-12-25 22:00:00+01:00;1;28.17580345
1900-12-25 23:00:00+01:00;2.6;27.43032748
1900-12-26 00:00:00+01:00;3.3;27.02383668
1900-12-26 01:00:00+01:00;2.3;27.28881063
1900-12-26 02:00:00+01:00;2;27.70155398
1900-12-26 03:00:00+01:00;1.5;28.25308968
1900-12-26 04:00:00+01:00;0.8;29.68245504
1900-12-26 05:00:00+01:00;0.5;32.2614065
1900-12-26 06:00:00+01:00;-0.5;39.20003861
1900-12-26 07:00:00+01:00;-0.3;46.6213278
1900-12-26 08:00:00+01:00;0;50.0216078
1900-12-26 09:00:00+01:00;0;50.91348075
1900-12-26 10:00:00+01:00;-0.1;51.03213551
1900-12-26 11:00:00+01:00;0;50.86605895
1900-12-26 12:00:00+01:00;0;50.79624818
1900-12-26 13:00:00+01:00;0.1;50.14881499
1900-12-26 14:00:00+01:00;0.3;49.33076427
1900-12-26 15:00:00+01:00;0.5;47.26711852
1900-12-26 16:00:00+01:00;0.4;43.80311615
1900-12-26 17:00:00+01:00;-0.1;39.70029816
1900-12-26 18:00:00+01:00;1.4;35.62369298
1900-12-26 19:00:00+01:00;2.1;32.59006414
1900-12-26 20:00:00+01:00;2;30.91263278
1900-12-26 21:00:00+01:00;4;29.17083247
1900-12-26 22:00:00+01:00;2.3;28.64325775
1900-12-26 23:00:00+01:00;2.6;28.14665061
1900-12-27 00:00:00+01:00;2.5;27.90510533
1900-12-27 01:00:00+01:00;2.5;27.94402174
1900-12-27 02:00:00+01:00;1.9;28.39316035
1900-12-27 03:00:00+01:00;1.2;28.94685818
1900-12-27 04:00:00+01:00;0.2;30.44671123
1900-12-27 05:00:00+01:00;-2.5;33.85922809
1900-12-27 06:00:00+01:00;-2.1;40.68533941
1900-12-27 07:00:00+01:00;-2.4;48.64250883
1900-12-27 08:00:00+01:00;-3;52.65908631
1900-12-27 09:00:00+01:00;-3.1;53.73753313
1900-12-27 10:00:00+01:00;-4.1;54.4803593
1900-12-27 11:00:00+01:00;-3.9;54.28548709
1900-12-27 12:00:00+01:00;-3;53.69578821
1900-12-27 13:00:00+01:00;-3.6;53.50124364
1900-12-27 14:00:00+01:00;-3.4;52.82079886
1900-12-27 15:00:00+01:00;-5.1;52.0557329
1900-12-27 16:00:00+01:00;-6.1;48.75545834
1900-12-27 17:00:00+01:00;-7.5;44.4109252
1900-12-27 18:00:00+01:00;-7.8;40.4129073
1900-12-27 19:00:00+01:00;-9.2;37.55101868
1900-12-27 20:00:00+01:00;-9.5;35.87699593
1900-12-27 21:00:00+01:00;-9.6;34.64828483
1900-12-27 22:00:00+01:00;-8.7;33.54853405
1900-12-27 23:00:00+01:00;-9.2;33.30327756
1900-12-28 00:00:00+01:00;-8.7;33.04273956
1900-12-28 01:00:00+01:00;-8.6;33.26069663
1900-12-28 02:00:00+01:00;-7.3;33.67241165
1900-12-28 03:00:00+01:00;-6.8;34.24243329
1900-12-28 04:00:00+01:00;-6.6;36.29652497
1900-12-28 05:00:00+01:00;-4.8;39.35898771
1900-12-28 06:00:00+01:00;-5.6;47.81711542
1900-12-28 07:00:00+01:00;-3.9;56.03681363
1900-12-28 08:00:00+01:00;-5;59.78591964
1900-12-28 09:00:00+01:00;-4.6;60.36020255
1900-12-28 10:00:00+01:00;-4.3;60.23191925
1900-12-28 11:00:00+01:00;-4.1;59.86657318
1900-12-28 12:00:00+01:00;-3.4;58.94883132
1900-12-28 13:00:00+01:00;-3.3;57.99268952
1900-12-28 14:00:00+01:00;-3.5;57.06890695
1900-12-28 15:00:00+01:00;-3.1;54.43002585
1900-12-28 16:00:00+01:00;-3;50.24936937
1900-12-28 17:00:00+01:00;-3.9;45.81505157
1900-12-28 18:00:00+01:00;-4.1;41.47636675
1900-12-28 19:00:00+01:00;-4.3;37.92766637
1900-12-28 20:00:00+01:00;-4;35.91712901
1900-12-28 21:00:00+01:00;-3.8;34.36765771
1900-12-28 22:00:00+01:00;-4;33.22849967
1900-12-28 23:00:00+01:00;-5.3;32.89737041
1900-12-29 00:00:00+01:00;-7.5;27.27955366
1900-12-29 01:00:00+01:00;-7.6;27.39619661
1900-12-29 02:00:00+01:00;-10;28.02021917
1900-12-29 03:00:00+01:00;-12.7;28.8767576
1900-12-29 04:00:00+01:00;-20.9;32.32012617
1900-12-29 05:00:00+01:00;-16.4;32.8616951
1900-12-29 06:00:00+01:00;-18.4;34.25491344
1900-12-29 07:00:00+01:00;-14.7;33.78841991
1900-12-29 08:00:00+01:00;-10.1;33.0012317
1900-12-29 09:00:00+01:00;-8;32.82535828
1900-12-29 10:00:00+01:00;-7.1;32.74371484
1900-12-29 11:00:00+01:00;-6.8;32.61963731
1900-12-29 12:00:00+01:00;-6.3;33.18866187
1900-12-29 13:00:00+01:00;-7.3;33.83245357
1900-12-29 14:00:00+01:00;-8;33.8937086
1900-12-29 15:00:00+01:00;-9.8;34.07712035
1900-12-29 16:00:00+01:00;-11.7;34.94379471
1900-12-29 17:00:00+01:00;-17;36.60302239
1900-12-29 18:00:00+01:00;-13.5;34.98607334
1900-12-29 19:00:00+01:00;-17.7;35.52258472
1900-12-29 20:00:00+01:00;-16.7;34.88113155
1900-12-29 21:00:00+01:00;-13.2;33.43811206
1900-12-29 22:00:00+01:00;-12.5;32.56014626
1900-12-29 23:00:00+01:00;-10.6;31.74537427
1900-12-30 00:00:00+01:00;-10.5;31.41175134
1900-12-30 01:00:00+01:00;-11.2;31.86527655
1900-12-30 02:00:00+01:00;-10.7;31.84115841
1900-12-30 03:00:00+01:00;-8.2;31.26034806
1900-12-30 04:00:00+01:00;-6.1;31.89790852
1900-12-30 05:00:00+01:00;-6.3;32.00900892
1900-12-30 06:00:00+01:00;-5.6;31.82532331
1900-12-30 07:00:00+01:00;-6;32.62810607
1900-12-30 08:00:00+01:00;-7.1;33.42740752
1900-12-30 09:00:00+01:00;-7.8;33.94536654
1900-12-30 10:00:00+01:00;-6.3;33.51137243
1900-12-30 11:00:00+01:00;-7;33.72176517
1900-12-30 12:00:00+01:00;-7.6;34.70237096
1900-12-30 13:00:00+01:00;-6.6;34.48033724
1900-12-30 14:00:00+01:00;-8.6;34.93518869
1900-12-30 15:00:00+01:00;-6.8;33.46745775
1900-12-30 16:00:00+01:00;-5.6;32.7978597
1900-12-30 17:00:00+01:00;-5.1;31.79345992
1900-12-30 18:00:00+01:00;-5.1;31.31069423
1900-12-30 19:00:00+01:00;-5.3;30.30646907
1900-12-30 20:00:00+01:00;-4.8;29.62578786
1900-12-30 21:00:00+01:00;-4.8;29.05935359
1900-12-30 22:00:00+01:00;-4.5;28.24544844
1900-12-30 23:00:00+01:00;-4.6;27.78695702
1900-12-31 00:00:00+01:00;-4.8;33.42095901
1900-12-31 01:00:00+01:00;-4.6;33.33494106
1900-12-31 02:00:00+01:00;-4.6;33.66082676
1900-12-31 03:00:00+01:00;-4.6;34.06643091
1900-12-31 04:00:00+01:00;-4.6;35.88686074
1900-12-31 05:00:00+01:00;-4.6;39.09187239
1900-12-31 06:00:00+01:00;-4.1;46.73713656
1900-12-31 07:00:00+01:00;-4.3;55.62804391
1900-12-31 08:00:00+01:00;-3.1;57.92194557
1900-12-31 09:00:00+01:00;-2.6;58.17447511
1900-12-31 10:00:00+01:00;-1.7;57.52549758
1900-12-31 11:00:00+01:00;0.8;55.52748738
1900-12-31 12:00:00+01:00;1.2;54.41734494
1900-12-31 13:00:00+01:00;1.5;53.0997289
1900-12-31 14:00:00+01:00;1.5;51.64987512
1900-12-31 15:00:00+01:00;0.3;50.13326092
1900-12-31 16:00:00+01:00;0.6;46.11437286
1900-12-31 17:00:00+01:00;-0.6;42.23176347
1900-12-31 18:00:00+01:00;-2.5;39.09026586
1900-12-31 19:00:00+01:00;-3;35.95186112
1900-12-31 20:00:00+01:00;-2.5;33.96028773
1900-12-31 21:00:00+01:00;-2.1;32.4673319
1900-12-31 22:00:00+01:00;-1.7;31.29114214
1900-12-31 23:00:00+01:00;-1.1;30.59141232
