TimeStamp;Tout;ElImp
1900-01-01 00:00:00+01:00;-0.8;18.85655021
1900-01-01 01:00:00+01:00;-0.7;18.82715011
1900-01-01 02:00:00+01:00;-0.3;19.37941943
1900-01-01 03:00:00+01:00;-0.3;19.89623026
1900-01-01 04:00:00+01:00;-0.8;21.30715382
1900-01-01 05:00:00+01:00;-0.5;24.0144914
1900-01-01 06:00:00+01:00;-0.7;31.83087119
1900-01-01 07:00:00+01:00;-0.6;40.02180785
1900-01-01 08:00:00+01:00;-0.7;46.38681161
1900-01-01 09:00:00+01:00;-1.2;48.0848202
1900-01-01 10:00:00+01:00;-1.7;48.53209915
1900-01-01 11:00:00+01:00;-1.9;47.24512365
1900-01-01 12:00:00+01:00;-2.4;48.19044028
1900-01-01 13:00:00+01:00;-2.3;47.02207144
1900-01-01 14:00:00+01:00;-2;43.59589804
1900-01-01 15:00:00+01:00;-0.3;37.13352075
1900-01-01 16:00:00+01:00;0;29.04056017
1900-01-01 17:00:00+01:00;0.2;24.76405367
1900-01-01 18:00:00+01:00;0.7;22.91418926
1900-01-01 19:00:00+01:00;1.1;21.43600189
1900-01-01 20:00:00+01:00;1.3;19.78167205
1900-01-01 21:00:00+01:00;1.6;18.45332837
1900-01-01 22:00:00+01:00;1.8;16.91428262
1900-01-01 23:00:00+01:00;2;17.0755493
1900-01-02 00:00:00+01:00;2.6;17.59886597
1900-01-02 01:00:00+01:00;3.1;17.23514988
1900-01-02 02:00:00+01:00;3.2;17.6569769
1900-01-02 03:00:00+01:00;2.7;18.21833799
1900-01-02 04:00:00+01:00;2.9;19.15792732
1900-01-02 05:00:00+01:00;3;21.65396046
1900-01-02 06:00:00+01:00;3.4;27.87285227
1900-01-02 07:00:00+01:00;3.3;35.15553267
1900-01-02 08:00:00+01:00;3;40.93559947
1900-01-02 09:00:00+01:00;2.6;42.57857168
1900-01-02 10:00:00+01:00;2.5;42.4641614
1900-01-02 11:00:00+01:00;2.7;40.86035636
1900-01-02 12:00:00+01:00;2.6;40.96934905
1900-01-02 13:00:00+01:00;2;40.3224719
1900-01-02 14:00:00+01:00;1.8;37.60260901
1900-01-02 15:00:00+01:00;2.3;32.80042287
1900-01-02 16:00:00+01:00;3.4;25.02904963
1900-01-02 17:00:00+01:00;3.5;21.16875346
1900-01-02 18:00:00+01:00;2.5;20.08229432
1900-01-02 19:00:00+01:00;1.7;19.31676743
1900-01-02 20:00:00+01:00;2.1;17.67996488
1900-01-02 21:00:00+01:00;2;16.58011734
1900-01-02 22:00:00+01:00;2.1;15.2712521
1900-01-02 23:00:00+01:00;2.1;15.45573251
1900-01-03 00:00:00+01:00;1.9;16.2560741
1900-01-03 01:00:00+01:00;2.2;16.15716868
1900-01-03 02:00:00+01:00;1.6;16.97928246
1900-01-03 03:00:00+01:00;1.7;17.43757551
1900-01-03 04:00:00+01:00;1.6;18.575914
1900-01-03 05:00:00+01:00;1.3;21.3795519
1900-01-03 06:00:00+01:00;1;28.61795872
1900-01-03 07:00:00+01:00;1.4;35.70198561
1900-01-03 08:00:00+01:00;1.5;41.50742903
1900-01-03 09:00:00+01:00;1.6;42.78397021
1900-01-03 10:00:00+01:00;1.4;43.0213915
1900-01-03 11:00:00+01:00;1.1;42.04174079
1900-01-03 12:00:00+01:00;1.2;42.30513598
1900-01-03 13:00:00+01:00;0.9;41.59135837
1900-01-03 14:00:00+01:00;1.2;38.41386646
1900-01-03 15:00:00+01:00;1;34.27271944
1900-01-03 16:00:00+01:00;0.6;27.05392198
1900-01-03 17:00:00+01:00;0.3;23.17839895
1900-01-03 18:00:00+01:00;0.6;21.59264021
1900-01-03 19:00:00+01:00;0.5;20.5176567
1900-01-03 20:00:00+01:00;0.6;18.93001508
1900-01-03 21:00:00+01:00;0.4;17.8369435
1900-01-03 22:00:00+01:00;0;16.59716438
1900-01-03 23:00:00+01:00;-0.3;16.97783023
1900-01-04 00:00:00+01:00;-0.1;17.69674841
1900-01-04 01:00:00+01:00;0;17.73077674
1900-01-04 02:00:00+01:00;0.3;18.31835538
1900-01-04 03:00:00+01:00;0.3;18.85967509
1900-01-04 04:00:00+01:00;0.3;20.04374963
1900-01-04 05:00:00+01:00;0.1;22.90875163
1900-01-04 06:00:00+01:00;0.2;30.26339306
1900-01-04 07:00:00+01:00;0.1;38.24426276
1900-01-04 08:00:00+01:00;0.7;43.76014411
1900-01-04 09:00:00+01:00;-0.1;45.90565849
1900-01-04 10:00:00+01:00;-0.3;46.12590211
1900-01-04 11:00:00+01:00;-1;45.44479467
1900-01-04 12:00:00+01:00;-0.3;45.15858506
1900-01-04 13:00:00+01:00;-1;44.84605713
1900-01-04 14:00:00+01:00;-1.2;42.08203811
1900-01-04 15:00:00+01:00;-1.2;37.38501221
1900-01-04 16:00:00+01:00;-4.3;31.00500928
1900-01-04 17:00:00+01:00;-3.5;26.03076332
1900-01-04 18:00:00+01:00;-3;24.35952158
1900-01-04 19:00:00+01:00;-5.5;24.46779922
1900-01-04 20:00:00+01:00;-2.1;21.11932629
1900-01-04 21:00:00+01:00;-0.7;19.35702141
1900-01-04 22:00:00+01:00;2.9;16.71113471
1900-01-04 23:00:00+01:00;3.5;16.72745523
1900-01-05 00:00:00+01:00;3.8;17.42517723
1900-01-05 01:00:00+01:00;4.3;16.99400493
1900-01-05 02:00:00+01:00;4.2;17.42741705
1900-01-05 03:00:00+01:00;3.8;17.91243347
1900-01-05 04:00:00+01:00;4;18.82982416
1900-01-05 05:00:00+01:00;4.8;20.92696775
1900-01-05 06:00:00+01:00;4.6;27.10100634
1900-01-05 07:00:00+01:00;4.4;34.30893462
1900-01-05 08:00:00+01:00;4.9;39.07117302
1900-01-05 09:00:00+01:00;4.6;40.65836328
1900-01-05 10:00:00+01:00;4.7;40.26673334
1900-01-05 11:00:00+01:00;5;38.66182595
1900-01-05 12:00:00+01:00;5.2;38.26696515
1900-01-05 13:00:00+01:00;5.6;36.28943527
1900-01-05 14:00:00+01:00;5.8;33.20687315
1900-01-05 15:00:00+01:00;6.7;28.41305097
1900-01-05 16:00:00+01:00;5.7;23.25399602
1900-01-05 17:00:00+01:00;6;19.4400003
1900-01-05 18:00:00+01:00;7;17.26724633
1900-01-05 19:00:00+01:00;10.7;14.05869615
1900-01-05 20:00:00+01:00;7.9;14.24033585
1900-01-05 21:00:00+01:00;6.5;13.67597193
1900-01-05 22:00:00+01:00;6.4;12.66109552
1900-01-05 23:00:00+01:00;5.5;12.96923421
1900-01-06 00:00:00+01:00;5.4;13.34751286
1900-01-06 01:00:00+01:00;3.4;13.92389574
1900-01-06 02:00:00+01:00;1.8;14.59144308
1900-01-06 03:00:00+01:00;1.5;14.78525042
1900-01-06 04:00:00+01:00;2.8;14.66591888
1900-01-06 05:00:00+01:00;1.3;16.04695515
1900-01-06 06:00:00+01:00;0.5;17.42129412
1900-01-06 07:00:00+01:00;0.4;17.13812572
1900-01-06 08:00:00+01:00;-1;17.90100808
1900-01-06 09:00:00+01:00;-1.5;17.94664295
1900-01-06 10:00:00+01:00;2.2;16.44558112
1900-01-06 11:00:00+01:00;2.4;16.28685936
1900-01-06 12:00:00+01:00;2.5;16.29904538
1900-01-06 13:00:00+01:00;3.6;15.68417609
1900-01-06 14:00:00+01:00;5.1;14.99187071
1900-01-06 15:00:00+01:00;4;15.65734925
1900-01-06 16:00:00+01:00;3.7;15.7885414
1900-01-06 17:00:00+01:00;5.3;14.97526502
1900-01-06 18:00:00+01:00;5;14.8363171
1900-01-06 19:00:00+01:00;3.9;15.44652027
1900-01-06 20:00:00+01:00;3.7;15.41924196
1900-01-06 21:00:00+01:00;4.1;15.19515822
1900-01-06 22:00:00+01:00;3.6;14.75595294
1900-01-06 23:00:00+01:00;1.1;15.93625092
1900-01-07 00:00:00+01:00;2;15.98153164
1900-01-07 01:00:00+01:00;2.3;15.75462635
1900-01-07 02:00:00+01:00;2;15.89175572
1900-01-07 03:00:00+01:00;1.7;16.01355984
1900-01-07 04:00:00+01:00;2.1;16.26521164
1900-01-07 05:00:00+01:00;2;16.98855102
1900-01-07 06:00:00+01:00;1.1;18.21184655
1900-01-07 07:00:00+01:00;1.9;17.37026152
1900-01-07 08:00:00+01:00;0.5;17.97021348
1900-01-07 09:00:00+01:00;0.8;17.60623247
1900-01-07 10:00:00+01:00;1.1;17.56593881
1900-01-07 11:00:00+01:00;1.7;17.18420726
1900-01-07 12:00:00+01:00;2.4;16.86193979
1900-01-07 13:00:00+01:00;3;16.43603735
1900-01-07 14:00:00+01:00;1.8;17.131634
1900-01-07 15:00:00+01:00;1.4;17.46023889
1900-01-07 16:00:00+01:00;0.8;17.78515723
1900-01-07 17:00:00+01:00;1.3;17.51139984
1900-01-07 18:00:00+01:00;-0.3;17.98376635
1900-01-07 19:00:00+01:00;-2.5;19.04309237
1900-01-07 20:00:00+01:00;-4.5;19.47396947
1900-01-07 21:00:00+01:00;-5;19.6154763
1900-01-07 22:00:00+01:00;-4.6;18.70695392
1900-01-07 23:00:00+01:00;-7.3;20.00234649
1900-01-08 00:00:00+01:00;-7.6;20.38225666
1900-01-08 01:00:00+01:00;-6.6;20.55682982
1900-01-08 02:00:00+01:00;-5.1;21.12437759
1900-01-08 03:00:00+01:00;-8;23.11381336
1900-01-08 04:00:00+01:00;-7.8;24.6911758
1900-01-08 05:00:00+01:00;-8.8;28.63450353
1900-01-08 06:00:00+01:00;-8;38.34190173
1900-01-08 07:00:00+01:00;-3.4;44.23578708
1900-01-08 08:00:00+01:00;-3.5;51.26563034
1900-01-08 09:00:00+01:00;-3.5;52.47569869
1900-01-08 10:00:00+01:00;-3.4;52.39539974
1900-01-08 11:00:00+01:00;-2;49.58316057
1900-01-08 12:00:00+01:00;0;47.84461811
1900-01-08 13:00:00+01:00;0.2;46.18860691
1900-01-08 14:00:00+01:00;-0.1;43.35916908
1900-01-08 15:00:00+01:00;-2.5;40.88397729
1900-01-08 16:00:00+01:00;-5.3;34.00767224
1900-01-08 17:00:00+01:00;-6;29.65527833
1900-01-08 18:00:00+01:00;-8.6;29.35159202
1900-01-08 19:00:00+01:00;-8.8;28.28213315
1900-01-08 20:00:00+01:00;-8.7;25.8808123
1900-01-08 21:00:00+01:00;-8.7;24.3415229
1900-01-08 22:00:00+01:00;-8.6;22.33534576
1900-01-08 23:00:00+01:00;-9.1;22.99911281
1900-01-09 00:00:00+01:00;-8.6;23.63817622
1900-01-09 01:00:00+01:00;-8.2;23.74836674
1900-01-09 02:00:00+01:00;-8;24.76430401
1900-01-09 03:00:00+01:00;-8.2;25.58284475
1900-01-09 04:00:00+01:00;-8.3;27.20958967
1900-01-09 05:00:00+01:00;-8.7;30.77402615
1900-01-09 06:00:00+01:00;-8.7;41.09519211
1900-01-09 07:00:00+01:00;-8.5;51.7460139
1900-01-09 08:00:00+01:00;-8.2;59.29675287
1900-01-09 09:00:00+01:00;-8.3;60.3726129
1900-01-09 10:00:00+01:00;-7.6;59.60686605
1900-01-09 11:00:00+01:00;-6.6;56.95460527
1900-01-09 12:00:00+01:00;-5.6;56.50801819
1900-01-09 13:00:00+01:00;-5.1;54.60862972
1900-01-09 14:00:00+01:00;-5.8;51.89748008
1900-01-09 15:00:00+01:00;-5.8;46.25165448
1900-01-09 16:00:00+01:00;-5.5;36.37264122
1900-01-09 17:00:00+01:00;-6;31.71623104
1900-01-09 18:00:00+01:00;-6;29.83637265
1900-01-09 19:00:00+01:00;-5.6;28.10534108
1900-01-09 20:00:00+01:00;-5.5;25.82217933
1900-01-09 21:00:00+01:00;-5;24.06699943
1900-01-09 22:00:00+01:00;-4.6;21.88608792
1900-01-09 23:00:00+01:00;-5;22.40940779
1900-01-10 00:00:00+01:00;-5.3;23.30215624
1900-01-10 01:00:00+01:00;-6.3;23.61759841
1900-01-10 02:00:00+01:00;-7.6;25.02008595
1900-01-10 03:00:00+01:00;-8;25.89684746
1900-01-10 04:00:00+01:00;-8.1;27.52451457
1900-01-10 05:00:00+01:00;-7.8;30.76019821
1900-01-10 06:00:00+01:00;-7.8;40.84400306
1900-01-10 07:00:00+01:00;-8.2;51.82740666
1900-01-10 08:00:00+01:00;-8.1;59.37200487
1900-01-10 09:00:00+01:00;-7.3;59.3299041
1900-01-10 10:00:00+01:00;-7;58.78378436
1900-01-10 11:00:00+01:00;-7;56.97457868
1900-01-10 12:00:00+01:00;-6.3;56.72953331
1900-01-10 13:00:00+01:00;-6.6;55.70231346
1900-01-10 14:00:00+01:00;-6.1;51.55854191
1900-01-10 15:00:00+01:00;-7;46.7157725
1900-01-10 16:00:00+01:00;-6.5;36.27207678
1900-01-10 17:00:00+01:00;-6;31.04760135
1900-01-10 18:00:00+01:00;-4.8;28.70709861
1900-01-10 19:00:00+01:00;-3.8;26.75851908
1900-01-10 20:00:00+01:00;-4.5;24.99104706
1900-01-10 21:00:00+01:00;-4;23.34233437
1900-01-10 22:00:00+01:00;-3.9;21.38882394
1900-01-10 23:00:00+01:00;-3.8;21.80437254
1900-01-11 00:00:00+01:00;-4;22.72552265
1900-01-11 01:00:00+01:00;-3.5;22.50291832
1900-01-11 02:00:00+01:00;-4;23.42676501
1900-01-11 03:00:00+01:00;-3.3;23.68314055
1900-01-11 04:00:00+01:00;-3.5;25.104542
1900-01-11 05:00:00+01:00;-3.5;28.13964321
1900-01-11 06:00:00+01:00;-4.6;37.71270545
1900-01-11 07:00:00+01:00;-3.6;46.54003503
1900-01-11 08:00:00+01:00;-4.1;53.80260523
1900-01-11 09:00:00+01:00;-3.5;54.04894085
1900-01-11 10:00:00+01:00;-3.1;53.2823516
1900-01-11 11:00:00+01:00;-3;51.46472616
1900-01-11 12:00:00+01:00;-2.8;51.40226133
1900-01-11 13:00:00+01:00;-2.4;49.42101417
1900-01-11 14:00:00+01:00;-2.4;45.99114643
1900-01-11 15:00:00+01:00;-2;40.37753723
1900-01-11 16:00:00+01:00;-1.7;31.63603349
1900-01-11 17:00:00+01:00;-1.9;27.2297965
1900-01-11 18:00:00+01:00;-1.4;25.24061472
1900-01-11 19:00:00+01:00;-1.9;24.09171599
1900-01-11 20:00:00+01:00;-2.5;22.4506131
1900-01-11 21:00:00+01:00;-2.5;21.06364278
1900-01-11 22:00:00+01:00;-2.9;19.45689048
1900-01-11 23:00:00+01:00;-3;19.84159199
1900-01-12 00:00:00+01:00;-3.1;20.65062706
1900-01-12 01:00:00+01:00;-3.1;20.68548227
1900-01-12 02:00:00+01:00;-4.1;21.85073393
1900-01-12 03:00:00+01:00;-4.5;22.6622997
1900-01-12 04:00:00+01:00;-4.1;23.90238716
1900-01-12 05:00:00+01:00;-3.9;26.90144052
1900-01-12 06:00:00+01:00;-3.5;35.35385222
1900-01-12 07:00:00+01:00;-3.3;44.36679019
1900-01-12 08:00:00+01:00;-3.4;51.21094813
1900-01-12 09:00:00+01:00;-3.6;52.46695146
1900-01-12 10:00:00+01:00;-4.3;53.09388194
1900-01-12 11:00:00+01:00;-3;50.18383949
1900-01-12 12:00:00+01:00;-2.8;50.32560346
1900-01-12 13:00:00+01:00;-2.6;48.82355899
1900-01-12 14:00:00+01:00;-3.1;46.09720674
1900-01-12 15:00:00+01:00;-4.3;42.12234423
1900-01-12 16:00:00+01:00;-3;32.11205405
1900-01-12 17:00:00+01:00;-3;27.58654311
1900-01-12 18:00:00+01:00;-3;25.96565567
1900-01-12 19:00:00+01:00;-3;24.67464258
1900-01-12 20:00:00+01:00;-3;22.76450823
1900-01-12 21:00:00+01:00;-2.6;21.25770172
1900-01-12 22:00:00+01:00;-2.9;19.62479307
1900-01-12 23:00:00+01:00;-2.5;19.87658751
1900-01-13 00:00:00+01:00;-3;20.58817476
1900-01-13 01:00:00+01:00;-2;20.01409827
1900-01-13 02:00:00+01:00;-2.4;20.16504694
1900-01-13 03:00:00+01:00;-2.5;20.19437793
1900-01-13 04:00:00+01:00;-2.5;20.67659252
1900-01-13 05:00:00+01:00;-2.1;21.24404162
1900-01-13 06:00:00+01:00;-2.5;22.37625581
1900-01-13 07:00:00+01:00;-2.4;21.82580853
1900-01-13 08:00:00+01:00;-1.5;21.27251152
1900-01-13 09:00:00+01:00;-2;21.31587856
1900-01-13 10:00:00+01:00;-1.7;21.09305118
1900-01-13 11:00:00+01:00;-0.7;20.45431529
1900-01-13 12:00:00+01:00;-0.8;20.44023394
1900-01-13 13:00:00+01:00;-0.6;20.07321583
1900-01-13 14:00:00+01:00;-1.2;20.34768192
1900-01-13 15:00:00+01:00;-1.2;20.48557832
1900-01-13 16:00:00+01:00;-2.5;21.19096872
1900-01-13 17:00:00+01:00;-3;21.40195795
1900-01-13 18:00:00+01:00;-2.6;20.79828677
1900-01-13 19:00:00+01:00;-2.5;20.74735567
1900-01-13 20:00:00+01:00;-3.1;20.64291492
1900-01-13 21:00:00+01:00;-2.5;20.25697447
1900-01-13 22:00:00+01:00;-2.9;19.41938305
1900-01-13 23:00:00+01:00;-3;19.78127882
1900-01-14 00:00:00+01:00;-9.1;22.10021165
1900-01-14 01:00:00+01:00;-9.2;22.20980632
1900-01-14 02:00:00+01:00;-10.2;22.87454148
1900-01-14 03:00:00+01:00;-9.7;22.9627883
1900-01-14 04:00:00+01:00;-9;23.41907126
1900-01-14 05:00:00+01:00;-7.8;23.96394748
1900-01-14 06:00:00+01:00;-6.1;24.55745702
1900-01-14 07:00:00+01:00;-5;23.58556059
1900-01-14 08:00:00+01:00;-4.3;23.21660371
1900-01-14 09:00:00+01:00;-3.6;22.70198475
1900-01-14 10:00:00+01:00;-0.3;21.0927246
1900-01-14 11:00:00+01:00;-0.3;20.93544029
1900-01-14 12:00:00+01:00;-0.7;21.08494567
1900-01-14 13:00:00+01:00;-1.2;21.05465756
1900-01-14 14:00:00+01:00;-0.6;20.7046359
1900-01-14 15:00:00+01:00;-1.2;21.23869471
1900-01-14 16:00:00+01:00;-2;21.72597198
1900-01-14 17:00:00+01:00;-1;21.30278109
1900-01-14 18:00:00+01:00;-1.4;21.06985853
1900-01-14 19:00:00+01:00;-1.4;21.10311857
1900-01-14 20:00:00+01:00;-1.7;21.00536048
1900-01-14 21:00:00+01:00;-1;20.60332265
1900-01-14 22:00:00+01:00;-2.3;20.04313692
1900-01-14 23:00:00+01:00;-1.7;20.19254669
1900-01-15 00:00:00+01:00;-1.5;20.50549532
1900-01-15 01:00:00+01:00;-1.4;20.26861925
1900-01-15 02:00:00+01:00;-1.4;20.80727766
1900-01-15 03:00:00+01:00;-1;21.0214738
1900-01-15 04:00:00+01:00;-0.6;21.94610192
1900-01-15 05:00:00+01:00;0;24.35850821
1900-01-15 06:00:00+01:00;0;31.80653995
1900-01-15 07:00:00+01:00;-0.6;40.5167283
1900-01-15 08:00:00+01:00;0.3;45.69094729
1900-01-15 09:00:00+01:00;0.6;46.47002623
1900-01-15 10:00:00+01:00;0.5;46.42016855
1900-01-15 11:00:00+01:00;0.6;44.92717504
1900-01-15 12:00:00+01:00;0.7;44.97158222
1900-01-15 13:00:00+01:00;1;43.27418479
1900-01-15 14:00:00+01:00;0.9;40.32897234
1900-01-15 15:00:00+01:00;1;35.6537457
1900-01-15 16:00:00+01:00;1;28.12680958
1900-01-15 17:00:00+01:00;1.3;23.896002
1900-01-15 18:00:00+01:00;0.9;22.43302654
1900-01-15 19:00:00+01:00;0.9;21.15088738
1900-01-15 20:00:00+01:00;1.5;19.3026117
1900-01-15 21:00:00+01:00;1.9;17.93723438
1900-01-15 22:00:00+01:00;1.5;16.59103224
1900-01-15 23:00:00+01:00;1.5;16.77768154
1900-01-16 00:00:00+01:00;1.4;17.52912059
1900-01-16 01:00:00+01:00;1.6;17.34558467
1900-01-16 02:00:00+01:00;1.5;17.91687643
1900-01-16 03:00:00+01:00;1.2;18.46371513
1900-01-16 04:00:00+01:00;1.2;19.55009398
1900-01-16 05:00:00+01:00;1.2;22.21281993
1900-01-16 06:00:00+01:00;1.4;29.10877688
1900-01-16 07:00:00+01:00;1.4;36.60384064
1900-01-16 08:00:00+01:00;1.3;42.56072729
1900-01-16 09:00:00+01:00;1.1;44.0581529
1900-01-16 10:00:00+01:00;1;44.1068467
1900-01-16 11:00:00+01:00;1.2;42.5489227
1900-01-16 12:00:00+01:00;1.2;42.80334102
1900-01-16 13:00:00+01:00;1;41.88714733
1900-01-16 14:00:00+01:00;1;38.98084656
1900-01-16 15:00:00+01:00;0.7;34.85428442
1900-01-16 16:00:00+01:00;0.3;27.48635369
1900-01-16 17:00:00+01:00;0.2;23.42941635
1900-01-16 18:00:00+01:00;0.5;21.79410719
1900-01-16 19:00:00+01:00;0.2;20.78975328
1900-01-16 20:00:00+01:00;-0.3;19.40430448
1900-01-16 21:00:00+01:00;0;18.11315241
1900-01-16 22:00:00+01:00;-0.3;16.80998853
1900-01-16 23:00:00+01:00;-0.8;17.25699911
1900-01-17 00:00:00+01:00;-0.8;18.03296939
1900-01-17 01:00:00+01:00;-1;18.19290398
1900-01-17 02:00:00+01:00;-0.5;18.76705275
1900-01-17 03:00:00+01:00;-1.2;19.62252263
1900-01-17 04:00:00+01:00;-1.5;21.01267664
1900-01-17 05:00:00+01:00;-2.3;24.31262251
1900-01-17 06:00:00+01:00;-2.1;32.36143866
1900-01-17 07:00:00+01:00;-2;40.73202198
1900-01-17 08:00:00+01:00;-2;47.31933286
1900-01-17 09:00:00+01:00;-2.1;48.69321519
1900-01-17 10:00:00+01:00;-1.5;48.12474253
1900-01-17 11:00:00+01:00;-2;47.21872272
1900-01-17 12:00:00+01:00;-2.9;48.6935398
1900-01-17 13:00:00+01:00;-3.4;48.29977383
1900-01-17 14:00:00+01:00;-3;44.78705523
1900-01-17 15:00:00+01:00;-2.1;38.97515188
1900-01-17 16:00:00+01:00;-1.5;30.12287946
1900-01-17 17:00:00+01:00;-2.6;26.31764369
1900-01-17 18:00:00+01:00;-2.8;24.8977773
1900-01-17 19:00:00+01:00;-2.8;23.7244747
1900-01-17 20:00:00+01:00;-3;21.96231276
1900-01-17 21:00:00+01:00;-3;20.66381982
1900-01-17 22:00:00+01:00;-3.4;19.16561073
1900-01-17 23:00:00+01:00;-5;20.08202667
1900-01-18 00:00:00+01:00;-5.1;20.94238338
1900-01-18 01:00:00+01:00;-4;20.79688775
1900-01-18 02:00:00+01:00;-4.5;21.90562474
1900-01-18 03:00:00+01:00;-4.3;22.53710484
1900-01-18 04:00:00+01:00;-3.4;23.59248062
1900-01-18 05:00:00+01:00;-4.8;27.34656678
1900-01-18 06:00:00+01:00;-7.1;38.20086239
1900-01-18 07:00:00+01:00;-5.6;46.82350606
1900-01-18 08:00:00+01:00;-4.8;53.2338037
1900-01-18 09:00:00+01:00;-5;54.52600261
1900-01-18 10:00:00+01:00;-4.8;54.30286158
1900-01-18 11:00:00+01:00;-3.3;51.22047915
1900-01-18 12:00:00+01:00;-4.6;52.94057713
1900-01-18 13:00:00+01:00;-3.3;50.24707773
1900-01-18 14:00:00+01:00;-4.8;48.53093983
1900-01-18 15:00:00+01:00;-7.5;45.7688943
1900-01-18 16:00:00+01:00;-9;36.37580697
1900-01-18 17:00:00+01:00;-8.3;30.8898629
1900-01-18 18:00:00+01:00;-8.2;29.31089908
1900-01-18 19:00:00+01:00;-7.3;27.67316995
1900-01-18 20:00:00+01:00;-6.3;25.05251833
1900-01-18 21:00:00+01:00;-6.3;23.60061828
1900-01-18 22:00:00+01:00;-6.6;21.78907213
1900-01-18 23:00:00+01:00;-6.1;22.12981368
1900-01-19 00:00:00+01:00;-7.3;23.33227776
1900-01-19 01:00:00+01:00;-6.5;23.27941379
1900-01-19 02:00:00+01:00;-6.8;24.3888955
1900-01-19 03:00:00+01:00;-7.1;25.2704175
1900-01-19 04:00:00+01:00;-7.5;27.08127497
1900-01-19 05:00:00+01:00;-7.8;30.64810938
1900-01-19 06:00:00+01:00;-7.6;40.60888402
1900-01-19 07:00:00+01:00;-7.3;50.98275996
1900-01-19 08:00:00+01:00;-7.1;58.37423459
1900-01-19 09:00:00+01:00;-7.1;59.29107725
1900-01-19 10:00:00+01:00;-7.1;59.14242682
1900-01-19 11:00:00+01:00;-6.6;56.95460527
1900-01-19 12:00:00+01:00;-6.1;56.88740237
1900-01-19 13:00:00+01:00;-6.1;55.51211144
1900-01-19 14:00:00+01:00;-5.8;51.59097349
1900-01-19 15:00:00+01:00;-5.6;45.65371606
1900-01-19 16:00:00+01:00;-6.1;36.19960088
1900-01-19 17:00:00+01:00;-6.1;31.18849151
1900-01-19 18:00:00+01:00;-5.1;28.88613072
1900-01-19 19:00:00+01:00;-5.8;27.73472433
1900-01-19 20:00:00+01:00;-5.6;25.45503522
1900-01-19 21:00:00+01:00;-6.3;24.18214733
1900-01-19 22:00:00+01:00;-6.6;22.2583902
1900-01-19 23:00:00+01:00;-6.8;22.82541094
1900-01-20 00:00:00+01:00;-7;23.53567759
1900-01-20 01:00:00+01:00;-6.8;23.253536
1900-01-20 02:00:00+01:00;-7.8;23.71156202
1900-01-20 03:00:00+01:00;-7.6;23.72418006
1900-01-20 04:00:00+01:00;-7.3;24.22319866
1900-01-20 05:00:00+01:00;-7.8;25.28275119
1900-01-20 06:00:00+01:00;-7.3;26.30955297
1900-01-20 07:00:00+01:00;-7.6;25.93926206
1900-01-20 08:00:00+01:00;-7.1;25.60792382
1900-01-20 09:00:00+01:00;-7;25.26756988
1900-01-20 10:00:00+01:00;-6.6;25.00892713
1900-01-20 11:00:00+01:00;-6.3;24.74245106
1900-01-20 12:00:00+01:00;-6.3;24.68972447
1900-01-20 13:00:00+01:00;-5.8;24.15421052
1900-01-20 14:00:00+01:00;-4.6;23.55727987
1900-01-20 15:00:00+01:00;-5;24.01833742
1900-01-20 16:00:00+01:00;-5.1;24.19171008
1900-01-20 17:00:00+01:00;-6;24.69410334
1900-01-20 18:00:00+01:00;-5.5;24.01866839
1900-01-20 19:00:00+01:00;-5.3;23.96920697
1900-01-20 20:00:00+01:00;-5.3;23.65272055
1900-01-20 21:00:00+01:00;-5.8;23.6927537
1900-01-20 22:00:00+01:00;-6.1;22.60076288
1900-01-20 23:00:00+01:00;-5.3;22.70727683
1900-01-21 00:00:00+01:00;-5.6;22.9409249
1900-01-21 01:00:00+01:00;-5.6;22.67856889
1900-01-21 02:00:00+01:00;-5.8;22.77629178
1900-01-21 03:00:00+01:00;-6.3;22.99140267
1900-01-21 04:00:00+01:00;-6.8;23.76913951
1900-01-21 05:00:00+01:00;-6.6;24.51199963
1900-01-21 06:00:00+01:00;-5.8;25.30369421
1900-01-21 07:00:00+01:00;-6.3;25.00506139
1900-01-21 08:00:00+01:00;-6.3;24.90145688
1900-01-21 09:00:00+01:00;-6;24.47165524
1900-01-21 10:00:00+01:00;-5.3;24.06567344
1900-01-21 11:00:00+01:00;-5.1;23.82708497
1900-01-21 12:00:00+01:00;-4.6;23.51346593
1900-01-21 13:00:00+01:00;-4.6;23.21098099
1900-01-21 14:00:00+01:00;-4.3;23.07629229
1900-01-21 15:00:00+01:00;-4;23.15915836
1900-01-21 16:00:00+01:00;-3.1;22.79388614
1900-01-21 17:00:00+01:00;-3.5;23.04112897
1900-01-21 18:00:00+01:00;-3.8;22.72404794
1900-01-21 19:00:00+01:00;-4.6;23.11656078
1900-01-21 20:00:00+01:00;-4.3;22.65820963
1900-01-21 21:00:00+01:00;-4;22.37358905
1900-01-21 22:00:00+01:00;-3.5;21.0420074
1900-01-21 23:00:00+01:00;-4.1;21.61501524
1900-01-22 00:00:00+01:00;-3.4;21.81395992
1900-01-22 01:00:00+01:00;-3.6;21.8400569
1900-01-22 02:00:00+01:00;-4.6;22.99964136
1900-01-22 03:00:00+01:00;-4.8;23.6893507
1900-01-22 04:00:00+01:00;-4.3;24.87666098
1900-01-22 05:00:00+01:00;-4.3;27.96593224
1900-01-22 06:00:00+01:00;-4.3;36.92493551
1900-01-22 07:00:00+01:00;-4.6;46.78075463
1900-01-22 08:00:00+01:00;-4.1;53.19497171
1900-01-22 09:00:00+01:00;-3.5;53.50074669
1900-01-22 10:00:00+01:00;-4.1;53.8799274
1900-01-22 11:00:00+01:00;-3.9;51.99852014
1900-01-22 12:00:00+01:00;-4.3;52.75440798
1900-01-22 13:00:00+01:00;-4.1;51.2219983
1900-01-22 14:00:00+01:00;-4.3;48.04250292
1900-01-22 15:00:00+01:00;-4;42.40579028
1900-01-22 16:00:00+01:00;-4;33.26169186
1900-01-22 17:00:00+01:00;-4.5;28.82412171
1900-01-22 18:00:00+01:00;-4.8;27.30142571
1900-01-22 19:00:00+01:00;-4.6;25.87681782
1900-01-22 20:00:00+01:00;-5;23.97092911
1900-01-22 21:00:00+01:00;-5.1;22.56493199
1900-01-22 22:00:00+01:00;-6.3;21.10895283
1900-01-22 23:00:00+01:00;-5.3;21.26767709
1900-01-23 00:00:00+01:00;-5.3;22.11001162
1900-01-23 01:00:00+01:00;-5.3;22.24172703
1900-01-23 02:00:00+01:00;-6.3;23.5376256
1900-01-23 03:00:00+01:00;-5.6;23.97487983
1900-01-23 04:00:00+01:00;-6.8;25.99922802
1900-01-23 05:00:00+01:00;-7.5;29.67368803
1900-01-23 06:00:00+01:00;-8.2;40.1989753
1900-01-23 07:00:00+01:00;-8.2;50.72025129
1900-01-23 08:00:00+01:00;-8.7;59.02367593
1900-01-23 09:00:00+01:00;-9;60.31889178
1900-01-23 10:00:00+01:00;-9.1;60.45157503
1900-01-23 11:00:00+01:00;-7.6;57.18572865
1900-01-23 12:00:00+01:00;-6.3;56.43529141
1900-01-23 13:00:00+01:00;-5.8;54.57164503
1900-01-23 14:00:00+01:00;-5.3;50.49766074
1900-01-23 15:00:00+01:00;-5.6;45.22245696
1900-01-23 16:00:00+01:00;-6.8;36.29301634
1900-01-23 17:00:00+01:00;-7.3;31.54191402
1900-01-23 18:00:00+01:00;-5.6;29.0451726
1900-01-23 19:00:00+01:00;-5.8;27.73472433
1900-01-23 20:00:00+01:00;-5.1;25.2863844
1900-01-23 21:00:00+01:00;-6.1;24.15528234
1900-01-23 22:00:00+01:00;-6;22.11392817
1900-01-23 23:00:00+01:00;-5.6;22.49179663
1900-01-24 00:00:00+01:00;-5.3;23.27485522
1900-01-24 01:00:00+01:00;-5.3;23.31608179
1900-01-24 02:00:00+01:00;-5.3;24.19446076
1900-01-24 03:00:00+01:00;-5.6;24.97503271
1900-01-24 04:00:00+01:00;-5.1;26.25740581
1900-01-24 05:00:00+01:00;-5.5;29.64133478
1900-01-24 06:00:00+01:00;-5.1;38.73559443
1900-01-24 07:00:00+01:00;-5.1;48.80197556
1900-01-24 08:00:00+01:00;-4.8;55.50383082
1900-01-24 09:00:00+01:00;-4.5;55.97777173
1900-01-24 10:00:00+01:00;-5;56.09598956
1900-01-24 11:00:00+01:00;-4.6;53.90905766
1900-01-24 12:00:00+01:00;-4.1;53.64119447
1900-01-24 13:00:00+01:00;-3.4;51.35889671
1900-01-24 14:00:00+01:00;-3.4;47.87397779
1900-01-24 15:00:00+01:00;-3.5;42.60731315
1900-01-24 16:00:00+01:00;-4.1;33.92653496
1900-01-24 17:00:00+01:00;-4.6;29.37930007
1900-01-24 18:00:00+01:00;-3.8;27.25958723
1900-01-24 19:00:00+01:00;-3.5;25.68990162
1900-01-24 20:00:00+01:00;-3.3;23.60264597
1900-01-24 21:00:00+01:00;-2.8;21.96522004
1900-01-24 22:00:00+01:00;-1.5;19.71455169
1900-01-24 23:00:00+01:00;-2;20.18727831
1900-01-25 00:00:00+01:00;-2.3;21.0672045
1900-01-25 01:00:00+01:00;-1.5;20.71266879
1900-01-25 02:00:00+01:00;-1;21.17385898
1900-01-25 03:00:00+01:00;-0.7;21.4990006
1900-01-25 04:00:00+01:00;-1.5;23.05563147
1900-01-25 05:00:00+01:00;-1;25.68320006
1900-01-25 06:00:00+01:00;-0.8;33.41892939
1900-01-25 07:00:00+01:00;-1;42.24735344
1900-01-25 08:00:00+01:00;-1;48.51133622
1900-01-25 09:00:00+01:00;-0.5;49.01715389
1900-01-25 10:00:00+01:00;0;48.15282014
1900-01-25 11:00:00+01:00;0.1;46.49943137
1900-01-25 12:00:00+01:00;0.5;46.09099051
1900-01-25 13:00:00+01:00;0.8;44.23714676
1900-01-25 14:00:00+01:00;0.7;41.15634742
1900-01-25 15:00:00+01:00;0.4;36.7371052
1900-01-25 16:00:00+01:00;0.4;28.97856815
1900-01-25 17:00:00+01:00;0.3;24.77786607
1900-01-25 18:00:00+01:00;0.1;23.16713359
1900-01-25 19:00:00+01:00;0.1;21.83747724
1900-01-25 20:00:00+01:00;-0.1;20.21233212
1900-01-25 21:00:00+01:00;0;18.87971342
1900-01-25 22:00:00+01:00;-0.5;17.51559243
1900-01-25 23:00:00+01:00;-1.5;18.08937543
1900-01-26 00:00:00+01:00;-2;18.97108673
1900-01-26 01:00:00+01:00;-1.7;18.94201116
1900-01-26 02:00:00+01:00;-1.7;19.69863068
1900-01-26 03:00:00+01:00;-2.4;20.5715481
1900-01-26 04:00:00+01:00;-2.4;21.85563391
1900-01-26 05:00:00+01:00;-2.3;24.75854111
1900-01-26 06:00:00+01:00;-2.4;33.0335514
1900-01-26 07:00:00+01:00;-1.7;40.96738999
1900-01-26 08:00:00+01:00;-1;46.67314927
1900-01-26 09:00:00+01:00;-0.7;47.56909793
1900-01-26 10:00:00+01:00;0.1;46.66133631
1900-01-26 11:00:00+01:00;0.4;44.97124697
1900-01-26 12:00:00+01:00;0.4;45.1945316
1900-01-26 13:00:00+01:00;0.8;43.48191661
1900-01-26 14:00:00+01:00;0.5;40.78753306
1900-01-26 15:00:00+01:00;0.7;36.01344907
1900-01-26 16:00:00+01:00;0.9;28.33298308
1900-01-26 17:00:00+01:00;0.9;24.26552892
1900-01-26 18:00:00+01:00;0.7;22.74550851
1900-01-26 19:00:00+01:00;0.6;21.53548691
1900-01-26 20:00:00+01:00;0;20.17502672
1900-01-26 21:00:00+01:00;0.8;18.65770985
1900-01-26 22:00:00+01:00;0.6;17.23355053
1900-01-26 23:00:00+01:00;0.6;17.47082132
1900-01-27 00:00:00+01:00;0.5;17.93221036
1900-01-27 01:00:00+01:00;0.4;17.7302702
1900-01-27 02:00:00+01:00;0.4;17.72387315
1900-01-27 03:00:00+01:00;0.1;17.80302675
1900-01-27 04:00:00+01:00;0.4;18.07608518
1900-01-27 05:00:00+01:00;0.2;18.8275604
1900-01-27 06:00:00+01:00;0.1;19.70318494
1900-01-27 07:00:00+01:00;0.2;19.16607824
1900-01-27 08:00:00+01:00;-0.3;19.33072916
1900-01-27 09:00:00+01:00;-0.7;19.33822458
1900-01-27 10:00:00+01:00;-0.6;19.33796542
1900-01-27 11:00:00+01:00;-0.6;19.23973262
1900-01-27 12:00:00+01:00;-0.7;19.29447277
1900-01-27 13:00:00+01:00;-1.7;19.63081756
1900-01-27 14:00:00+01:00;-2;19.92389606
1900-01-27 15:00:00+01:00;-2.5;20.35246263
1900-01-27 16:00:00+01:00;-3.8;21.1098236
1900-01-27 17:00:00+01:00;-5.6;21.92124463
1900-01-27 18:00:00+01:00;-7.5;22.50505948
1900-01-27 19:00:00+01:00;-7.6;22.62293616
1900-01-27 20:00:00+01:00;-8.5;22.45428134
1900-01-27 21:00:00+01:00;-9.5;22.78274381
1900-01-27 22:00:00+01:00;-10;22.04251489
1900-01-27 23:00:00+01:00;-11.2;22.93102607
1900-01-28 00:00:00+01:00;-12.3;23.6903824
1900-01-28 01:00:00+01:00;-13.2;24.23454405
1900-01-28 02:00:00+01:00;-13.7;24.88960914
1900-01-28 03:00:00+01:00;-13.3;25.16938674
1900-01-28 04:00:00+01:00;-13.2;26.06139304
1900-01-28 05:00:00+01:00;-13;27.24712715
1900-01-28 06:00:00+01:00;-11.7;28.48832924
1900-01-28 07:00:00+01:00;-12;28.33853761
1900-01-28 08:00:00+01:00;-11.7;28.32665723
1900-01-28 09:00:00+01:00;-11.6;28.02837859
1900-01-28 10:00:00+01:00;-11.3;28.04690946
1900-01-28 11:00:00+01:00;-9.7;27.34845044
1900-01-28 12:00:00+01:00;-9.2;27.18230101
1900-01-28 13:00:00+01:00;-9.2;26.96760908
1900-01-28 14:00:00+01:00;-9.2;27.11016029
1900-01-28 15:00:00+01:00;-9.3;27.59633162
1900-01-28 16:00:00+01:00;-9.3;27.89809874
1900-01-28 17:00:00+01:00;-10.7;28.76906789
1900-01-28 18:00:00+01:00;-12.1;28.98409741
1900-01-28 19:00:00+01:00;-12.2;29.16701092
1900-01-28 20:00:00+01:00;-11.1;28.2768181
1900-01-28 21:00:00+01:00;-10.6;27.95798175
1900-01-28 22:00:00+01:00;-9.8;26.23082215
1900-01-28 23:00:00+01:00;-9.7;26.66954384
1900-01-29 00:00:00+01:00;-10.2;27.08445653
1900-01-29 01:00:00+01:00;-10.2;27.14906319
1900-01-29 02:00:00+01:00;-10.5;28.3015438
1900-01-29 03:00:00+01:00;-10.7;29.128518
1900-01-29 04:00:00+01:00;-11.3;31.11944091
1900-01-29 05:00:00+01:00;-12.7;35.44899487
1900-01-29 06:00:00+01:00;-12.3;46.932767
1900-01-29 07:00:00+01:00;-13.6;60.40372295
1900-01-29 08:00:00+01:00;-14.6;70.20266461
1900-01-29 09:00:00+01:00;-14.2;70.3510652
1900-01-29 10:00:00+01:00;-13.1;69.00125791
1900-01-29 11:00:00+01:00;-11.7;65.53951451
1900-01-29 12:00:00+01:00;-11.2;65.6294994
1900-01-29 13:00:00+01:00;-9.6;62.33584128
1900-01-29 14:00:00+01:00;-9.8;58.56624713
1900-01-29 15:00:00+01:00;-10.8;53.11089063
1900-01-29 16:00:00+01:00;-11.6;42.19760867
1900-01-29 17:00:00+01:00;-12.7;37.07067539
1900-01-29 18:00:00+01:00;-14;35.79866138
1900-01-29 19:00:00+01:00;-14.7;34.63389215
1900-01-29 20:00:00+01:00;-15;31.81076649
1900-01-29 21:00:00+01:00;-16;30.33558044
1900-01-29 22:00:00+01:00;-15.3;27.59280043
1900-01-29 23:00:00+01:00;-15.5;28.48139713
1900-01-30 00:00:00+01:00;-15.6;29.47567859
1900-01-30 01:00:00+01:00;-16.5;30.20783588
1900-01-30 02:00:00+01:00;-15.7;31.42012261
1900-01-30 03:00:00+01:00;-18;33.41547835
1900-01-30 04:00:00+01:00;-17;35.19578198
1900-01-30 05:00:00+01:00;-20.7;41.1731024
1900-01-30 06:00:00+01:00;-19.2;54.4688418
1900-01-30 07:00:00+01:00;-16.7;66.49766082
1900-01-30 08:00:00+01:00;-22;81.575145
1900-01-30 09:00:00+01:00;-16.2;75.91714029
1900-01-30 10:00:00+01:00;-14;73.26925917
1900-01-30 11:00:00+01:00;-12.5;69.63380848
1900-01-30 12:00:00+01:00;-11.2;68.66554084
1900-01-30 13:00:00+01:00;-11;66.56991622
1900-01-30 14:00:00+01:00;-9.7;60.93146227
1900-01-30 15:00:00+01:00;-10.2;54.76964105
1900-01-30 16:00:00+01:00;-12;44.70758582
1900-01-30 17:00:00+01:00;-12.8;39.34855851
1900-01-30 18:00:00+01:00;-13.6;37.6452371
1900-01-30 19:00:00+01:00;-13.7;35.95596199
1900-01-30 20:00:00+01:00;-14.3;33.22105539
1900-01-30 21:00:00+01:00;-15.2;31.58061606
1900-01-30 22:00:00+01:00;-16;29.08736532
1900-01-30 23:00:00+01:00;-17.5;30.35890613
1900-01-31 00:00:00+01:00;-19.5;31.88127965
1900-01-31 01:00:00+01:00;-17.2;31.57768136
1900-01-31 02:00:00+01:00;-18.7;33.60133493
1900-01-31 03:00:00+01:00;-17.9;34.31824587
1900-01-31 04:00:00+01:00;-20.2;37.45554885
1900-01-31 05:00:00+01:00;-18.5;40.90212729
1900-01-31 06:00:00+01:00;-17.7;53.97767815
1900-01-31 07:00:00+01:00;-15.2;65.80846748
1900-01-31 08:00:00+01:00;-14.8;74.17566106
1900-01-31 09:00:00+01:00;-14.2;73.87677974
1900-01-31 10:00:00+01:00;-13;72.14444901
1900-01-31 11:00:00+01:00;-12.2;69.20352693
1900-01-31 12:00:00+01:00;-11.8;69.17162546
1900-01-31 13:00:00+01:00;-11.7;67.21763435
1900-01-31 14:00:00+01:00;-10.7;61.90833609
1900-01-31 15:00:00+01:00;-10.7;55.18883215
1900-01-31 16:00:00+01:00;-10.3;43.63751652
1900-01-31 17:00:00+01:00;-10.3;38.07866887
1900-01-31 18:00:00+01:00;-10.6;36.07004509
1900-01-31 19:00:00+01:00;-10.1;34.01833783
1900-01-31 20:00:00+01:00;-10;31.27280556
1900-01-31 21:00:00+01:00;-9.7;29.30870669
1900-01-31 22:00:00+01:00;-9.6;26.67253435
1900-01-31 23:00:00+01:00;-9.5;27.18305645
1900-02-01 00:00:00+01:00;-5.2;26.68040292
1900-02-01 01:00:00+01:00;-3.6;25.75765354
1900-02-01 02:00:00+01:00;-2.4;25.80121068
1900-02-01 03:00:00+01:00;3.4;23.68323224
1900-02-01 04:00:00+01:00;3.6;24.46901911
1900-02-01 05:00:00+01:00;4;26.66716082
1900-02-01 06:00:00+01:00;4.6;32.67733557
1900-02-01 07:00:00+01:00;5.4;40.24555541
1900-02-01 08:00:00+01:00;5;45.48645027
1900-02-01 09:00:00+01:00;5.5;45.59949554
1900-02-01 10:00:00+01:00;6.1;43.87742022
1900-02-01 11:00:00+01:00;6.4;41.94841613
1900-02-01 12:00:00+01:00;6.9;40.3795653
1900-02-01 13:00:00+01:00;7.6;37.12136939
1900-02-01 14:00:00+01:00;10.2;30.96737617
1900-02-01 15:00:00+01:00;8.9;28.28965801
1900-02-01 16:00:00+01:00;8.1;23.69978629
1900-02-01 17:00:00+01:00;5.2;21.44289538
1900-02-01 18:00:00+01:00;3.7;20.18756779
1900-02-01 19:00:00+01:00;4.4;18.3439369
1900-02-01 20:00:00+01:00;4.3;16.83690062
1900-02-01 21:00:00+01:00;3.8;15.67089565
1900-02-01 22:00:00+01:00;-1.5;15.87706727
1900-02-01 23:00:00+01:00;-2.4;16.17730164
1900-02-02 00:00:00+01:00;-2;16.58452241
1900-02-02 01:00:00+01:00;-2.6;16.92424085
1900-02-02 02:00:00+01:00;-3;17.85928229
1900-02-02 03:00:00+01:00;-2.9;18.55591843
1900-02-02 04:00:00+01:00;-3.9;20.29226499
1900-02-02 05:00:00+01:00;-4;23.39248483
1900-02-02 06:00:00+01:00;-3.6;31.66573915
1900-02-02 07:00:00+01:00;-4.6;40.89303435
1900-02-02 08:00:00+01:00;-6;49.54483733
1900-02-02 09:00:00+01:00;-4.6;49.54088468
1900-02-02 10:00:00+01:00;-3.3;48.63823315
1900-02-02 11:00:00+01:00;-1.2;45.27717945
1900-02-02 12:00:00+01:00;-0.7;45.44136172
1900-02-02 13:00:00+01:00;-1.2;45.15370267
1900-02-02 14:00:00+01:00;-1.2;42.40753183
1900-02-02 15:00:00+01:00;-1.7;38.36010378
1900-02-02 16:00:00+01:00;-3;30.96406959
1900-02-02 17:00:00+01:00;-3;26.62424076
1900-02-02 18:00:00+01:00;-2.5;24.9558761
1900-02-02 19:00:00+01:00;-2.1;23.65584753
1900-02-02 20:00:00+01:00;-1.7;21.80581804
1900-02-02 21:00:00+01:00;-1.7;20.61034924
1900-02-02 22:00:00+01:00;-2;19.05307708
1900-02-02 23:00:00+01:00;-2.8;19.65811544
1900-02-03 00:00:00+01:00;-3.1;20.34163304
1900-02-03 01:00:00+01:00;-3;20.12362019
1900-02-03 02:00:00+01:00;-2.6;20.03264671
1900-02-03 03:00:00+01:00;-2.6;20.0634155
1900-02-03 04:00:00+01:00;-3.5;20.91006448
1900-02-03 05:00:00+01:00;-4.3;22.03486126
1900-02-03 06:00:00+01:00;-5;23.51417553
1900-02-03 07:00:00+01:00;-4.8;22.94107564
1900-02-03 08:00:00+01:00;-4.8;22.85295851
1900-02-03 09:00:00+01:00;-4;22.20136705
1900-02-03 10:00:00+01:00;-3.1;21.77999095
1900-02-03 11:00:00+01:00;-2.3;21.30320539
1900-02-03 12:00:00+01:00;-1.5;20.91009269
1900-02-03 13:00:00+01:00;-1.2;20.52424752
1900-02-03 14:00:00+01:00;-1.4;20.63178462
1900-02-03 15:00:00+01:00;-1.5;20.87633582
1900-02-03 16:00:00+01:00;-1.7;21.02554776
1900-02-03 17:00:00+01:00;-1.7;21.03241891
1900-02-03 18:00:00+01:00;-2.1;20.80911046
1900-02-03 19:00:00+01:00;-2.5;21.01535721
1900-02-03 20:00:00+01:00;-2.3;20.64008726
1900-02-03 21:00:00+01:00;-2.4;20.55206111
1900-02-03 22:00:00+01:00;-3.1;19.82228708
1900-02-03 23:00:00+01:00;-5.1;20.87518221
1900-02-04 00:00:00+01:00;-6.1;21.44818525
1900-02-04 01:00:00+01:00;-6.8;21.62281233
1900-02-04 02:00:00+01:00;-6.3;21.62873394
1900-02-04 03:00:00+01:00;-4.1;20.92082184
1900-02-04 04:00:00+01:00;-4.1;21.46807018
1900-02-04 05:00:00+01:00;-4;22.22372637
1900-02-04 06:00:00+01:00;-3.5;23.03940058
1900-02-04 07:00:00+01:00;-3.3;22.42715301
1900-02-04 08:00:00+01:00;-2;21.66544163
1900-02-04 09:00:00+01:00;-2.8;21.83699344
1900-02-04 10:00:00+01:00;-2;21.41196763
1900-02-04 11:00:00+01:00;-1.5;21.03340403
1900-02-04 12:00:00+01:00;-1.4;20.95351371
1900-02-04 13:00:00+01:00;-1.5;20.75767993
1900-02-04 14:00:00+01:00;-1;20.50370968
1900-02-04 15:00:00+01:00;-1;20.70012396
1900-02-04 16:00:00+01:00;-0.7;20.60448067
1900-02-04 17:00:00+01:00;1.1;19.78153589
1900-02-04 18:00:00+01:00;0.6;19.59220103
1900-02-04 19:00:00+01:00;0.4;19.68144122
1900-02-04 20:00:00+01:00;-0.6;19.89539317
1900-02-04 21:00:00+01:00;0;19.50850496
1900-02-04 22:00:00+01:00;0;18.51408259
1900-02-04 23:00:00+01:00;0.5;18.58923858
1900-02-05 00:00:00+01:00;0.9;18.93184694
1900-02-05 01:00:00+01:00;1.5;18.46897369
1900-02-05 02:00:00+01:00;0.9;19.13219059
1900-02-05 03:00:00+01:00;1.2;19.39646641
1900-02-05 04:00:00+01:00;1.5;20.32467319
1900-02-05 05:00:00+01:00;1.7;22.82487524
1900-02-05 06:00:00+01:00;1.9;29.583924
1900-02-05 07:00:00+01:00;1.7;37.34879341
1900-02-05 08:00:00+01:00;2;42.77029895
1900-02-05 09:00:00+01:00;2;43.91910223
1900-02-05 10:00:00+01:00;2.4;43.26097835
1900-02-05 11:00:00+01:00;1.6;42.66529017
1900-02-05 12:00:00+01:00;2;42.34478475
1900-02-05 13:00:00+01:00;2.1;40.89743153
1900-02-05 14:00:00+01:00;1.6;38.47880815
1900-02-05 15:00:00+01:00;1.4;34.25594987
1900-02-05 16:00:00+01:00;1.3;26.90546617
1900-02-05 17:00:00+01:00;1.3;22.89961265
1900-02-05 18:00:00+01:00;1.2;21.41059069
1900-02-05 19:00:00+01:00;1.4;20.13112823
1900-02-05 20:00:00+01:00;1.3;18.62418667
1900-02-05 21:00:00+01:00;1;17.53607237
1900-02-05 22:00:00+01:00;1.1;16.11889898
1900-02-05 23:00:00+01:00;0.8;16.42606415
1900-02-06 00:00:00+01:00;0.6;17.22629742
1900-02-06 01:00:00+01:00;0.4;17.31542792
1900-02-06 02:00:00+01:00;0.4;17.97603649
1900-02-06 03:00:00+01:00;0.2;18.58309024
1900-02-06 04:00:00+01:00;0.5;19.62100468
1900-02-06 05:00:00+01:00;0.5;22.36327992
1900-02-06 06:00:00+01:00;0.8;29.42310253
1900-02-06 07:00:00+01:00;1;36.8900313
1900-02-06 08:00:00+01:00;0.7;43.20219132
1900-02-06 09:00:00+01:00;0.1;45.16469253
1900-02-06 10:00:00+01:00;0.4;44.90855402
1900-02-06 11:00:00+01:00;1.5;42.47743294
1900-02-06 12:00:00+01:00;1.8;42.40759712
1900-02-06 13:00:00+01:00;0.9;42.22904297
1900-02-06 14:00:00+01:00;1.9;38.23728251
1900-02-06 15:00:00+01:00;3;32.85271622
1900-02-06 16:00:00+01:00;3.4;25.80485648
1900-02-06 17:00:00+01:00;2.5;22.43868496
1900-02-06 18:00:00+01:00;2.1;21.05928765
1900-02-06 19:00:00+01:00;2.9;19.47266373
1900-02-06 20:00:00+01:00;3.2;17.95337088
1900-02-06 21:00:00+01:00;3.6;16.67358401
1900-02-06 22:00:00+01:00;2.8;15.61350106
1900-02-06 23:00:00+01:00;2;16.03902052
1900-02-07 00:00:00+01:00;2.4;16.65066502
1900-02-07 01:00:00+01:00;2.7;16.43723747
1900-02-07 02:00:00+01:00;2.5;17.01383018
1900-02-07 03:00:00+01:00;2.7;17.33342012
1900-02-07 04:00:00+01:00;1;19.0812006
1900-02-07 05:00:00+01:00;2.3;21.10508363
1900-02-07 06:00:00+01:00;1.9;28.07211918
1900-02-07 07:00:00+01:00;2.2;35.03062021
1900-02-07 08:00:00+01:00;1;42.00249257
1900-02-07 09:00:00+01:00;0.4;43.91056292
1900-02-07 10:00:00+01:00;0.3;44.03817046
1900-02-07 11:00:00+01:00;0.1;42.8828102
1900-02-07 12:00:00+01:00;-0.3;43.770967
1900-02-07 13:00:00+01:00;-0.5;43.06311294
1900-02-07 14:00:00+01:00;-0.3;39.98496265
1900-02-07 15:00:00+01:00;-0.5;35.71226914
1900-02-07 16:00:00+01:00;-0.3;27.63045061
1900-02-07 17:00:00+01:00;-0.5;23.58969314
1900-02-07 18:00:00+01:00;-0.6;22.20853805
1900-02-07 19:00:00+01:00;-0.6;21.15008459
1900-02-07 20:00:00+01:00;-0.8;19.62881849
1900-02-07 21:00:00+01:00;-1;18.54264742
1900-02-07 22:00:00+01:00;-1;17.14339577
1900-02-07 23:00:00+01:00;-1.2;17.53205379
1900-02-08 00:00:00+01:00;-0.8;18.22180145
1900-02-08 01:00:00+01:00;-1;18.39692286
1900-02-08 02:00:00+01:00;-0.7;19.06932406
1900-02-08 03:00:00+01:00;-0.8;19.72218643
1900-02-08 04:00:00+01:00;-1;21.05887199
1900-02-08 05:00:00+01:00;-0.7;23.82912509
1900-02-08 06:00:00+01:00;-0.7;31.59680305
1900-02-08 07:00:00+01:00;-0.5;39.72387991
1900-02-08 08:00:00+01:00;-0.3;45.80885288
1900-02-08 09:00:00+01:00;-0.3;47.05589269
1900-02-08 10:00:00+01:00;-0.1;46.77657659
1900-02-08 11:00:00+01:00;0;45.27825381
1900-02-08 12:00:00+01:00;0;45.52411948
1900-02-08 13:00:00+01:00;0.7;43.48293017
1900-02-08 14:00:00+01:00;0.7;40.44297367
1900-02-08 15:00:00+01:00;0.8;35.7730613
1900-02-08 16:00:00+01:00;0.6;28.33819683
1900-02-08 17:00:00+01:00;0.6;24.21884757
1900-02-08 18:00:00+01:00;0.7;22.56215987
1900-02-08 19:00:00+01:00;0.4;21.44837759
1900-02-08 20:00:00+01:00;0.1;19.94108286
1900-02-08 21:00:00+01:00;0.5;18.54821956
1900-02-08 22:00:00+01:00;0.6;17.03125825
1900-02-08 23:00:00+01:00;0.2;17.39110533
1900-02-09 00:00:00+01:00;0.1;18.17400674
1900-02-09 01:00:00+01:00;0.2;18.10151757
1900-02-09 02:00:00+01:00;0.2;18.74105814
1900-02-09 03:00:00+01:00;0.2;19.23318961
1900-02-09 04:00:00+01:00;0.3;20.33789836
1900-02-09 05:00:00+01:00;0;23.22056294
1900-02-09 06:00:00+01:00;0.1;30.59299079
1900-02-09 07:00:00+01:00;0;38.60818009
1900-02-09 08:00:00+01:00;-0.1;44.84345128
1900-02-09 09:00:00+01:00;0;45.97448179
1900-02-09 10:00:00+01:00;0;45.91563654
1900-02-09 11:00:00+01:00;0.9;43.61785363
1900-02-09 12:00:00+01:00;1.7;42.97566041
1900-02-09 13:00:00+01:00;2.2;41.13150907
1900-02-09 14:00:00+01:00;3.3;36.99714421
1900-02-09 15:00:00+01:00;3.1;32.96381708
1900-02-09 16:00:00+01:00;2.6;26.47662305
1900-02-09 17:00:00+01:00;1.8;22.96343048
1900-02-09 18:00:00+01:00;0;22.2465069
1900-02-09 19:00:00+01:00;-0.1;21.13385175
1900-02-09 20:00:00+01:00;0.2;19.37866343
1900-02-09 21:00:00+01:00;0.1;18.20545246
1900-02-09 22:00:00+01:00;-0.1;16.84477435
1900-02-09 23:00:00+01:00;0;17.07234629
1900-02-10 00:00:00+01:00;0;17.57895636
1900-02-10 01:00:00+01:00;-0.3;17.53428014
1900-02-10 02:00:00+01:00;-1.5;18.05207635
1900-02-10 03:00:00+01:00;-2.8;18.6398964
1900-02-10 04:00:00+01:00;-3.4;19.41105275
1900-02-10 05:00:00+01:00;-5.8;21.31751083
1900-02-10 06:00:00+01:00;-6.3;22.96684901
1900-02-10 07:00:00+01:00;-7.6;23.27735458
1900-02-10 08:00:00+01:00;-8.1;23.63617311
1900-02-10 09:00:00+01:00;-7.1;22.86214293
1900-02-10 10:00:00+01:00;-6.1;22.6118411
1900-02-10 11:00:00+01:00;-3.5;21.37567842
1900-02-10 12:00:00+01:00;-2.6;21.00025412
1900-02-10 13:00:00+01:00;-1.4;20.27295755
1900-02-10 14:00:00+01:00;-0.7;20.0124865
1900-02-10 15:00:00+01:00;-2.4;21.13488948
1900-02-10 16:00:00+01:00;-3.8;22.00772695
1900-02-10 17:00:00+01:00;-4.3;22.3037191
1900-02-10 18:00:00+01:00;-7;23.24290197
1900-02-10 19:00:00+01:00;-7.3;23.47970044
1900-02-10 20:00:00+01:00;-9.5;23.95597262
1900-02-10 21:00:00+01:00;-11.1;24.54216226
1900-02-10 22:00:00+01:00;-11.7;23.7492623
1900-02-10 23:00:00+01:00;-10.8;23.96297169
1900-02-11 00:00:00+01:00;-9.7;23.93371458
1900-02-11 01:00:00+01:00;-7.6;23.21414139
1900-02-11 02:00:00+01:00;-6.8;23.12909853
1900-02-11 03:00:00+01:00;-7.3;23.46958972
1900-02-11 04:00:00+01:00;-7.8;24.35884066
1900-02-11 05:00:00+01:00;-8.2;25.43792091
1900-02-11 06:00:00+01:00;-8.3;26.82228589
1900-02-11 07:00:00+01:00;-9;26.66422912
1900-02-11 08:00:00+01:00;-9.2;26.69963728
1900-02-11 09:00:00+01:00;-8.8;26.17752405
1900-02-11 10:00:00+01:00;-7.5;25.56097247
1900-02-11 11:00:00+01:00;-7.1;25.31814103
1900-02-11 12:00:00+01:00;-6;24.79821376
1900-02-11 13:00:00+01:00;-5.6;24.36591766
1900-02-11 14:00:00+01:00;-5.8;24.54101796
1900-02-11 15:00:00+01:00;-5.6;24.77958221
1900-02-11 16:00:00+01:00;-5.6;24.97015528
1900-02-11 17:00:00+01:00;-5.8;25.21586283
1900-02-11 18:00:00+01:00;-5.8;24.74063978
1900-02-11 19:00:00+01:00;-6.3;25.01633436
1900-02-11 20:00:00+01:00;-6.3;24.63891705
1900-02-11 21:00:00+01:00;-6.6;24.52106196
1900-02-11 22:00:00+01:00;-6.6;23.18205499
1900-02-11 23:00:00+01:00;-6.6;23.51700403
1900-02-12 00:00:00+01:00;-7.8;24.170783
1900-02-12 01:00:00+01:00;-8.2;24.44506953
1900-02-12 02:00:00+01:00;-8.6;25.65373765
1900-02-12 03:00:00+01:00;-8.2;26.27208054
1900-02-12 04:00:00+01:00;-8.7;28.1125305
1900-02-12 05:00:00+01:00;-8.7;31.57083152
1900-02-12 06:00:00+01:00;-9;42.21616493
1900-02-12 07:00:00+01:00;-9.2;53.38791413
1900-02-12 08:00:00+01:00;-9.1;61.11498607
1900-02-12 09:00:00+01:00;-9.1;61.8683677
1900-02-12 10:00:00+01:00;-8.2;60.75412562
1900-02-12 11:00:00+01:00;-7.3;58.00404251
1900-02-12 12:00:00+01:00;-6.1;57.1950189
1900-02-12 13:00:00+01:00;-5.8;55.37683203
1900-02-12 14:00:00+01:00;-5.5;51.41725905
1900-02-12 15:00:00+01:00;-5.1;45.35418066
1900-02-12 16:00:00+01:00;-5.3;35.98912487
1900-02-12 17:00:00+01:00;-5.3;31.12593359
1900-02-12 18:00:00+01:00;-5;29.1662595
1900-02-12 19:00:00+01:00;-4.6;27.47210965
1900-02-12 20:00:00+01:00;-4.5;25.31281906
1900-02-12 21:00:00+01:00;-4.1;23.65974796
1900-02-12 22:00:00+01:00;-4.1;21.67163699
1900-02-12 23:00:00+01:00;-4.5;22.23068604
1900-02-13 00:00:00+01:00;-4.1;22.9305351
1900-02-13 01:00:00+01:00;-3.9;22.76633819
1900-02-13 02:00:00+01:00;-3.6;23.38925449
1900-02-13 03:00:00+01:00;-3.4;23.82618506
1900-02-13 04:00:00+01:00;-2.5;24.76490174
1900-02-13 05:00:00+01:00;1.4;25.81202207
1900-02-13 06:00:00+01:00;3.3;31.58404619
1900-02-13 07:00:00+01:00;3.8;39.22000021
1900-02-13 08:00:00+01:00;4.1;44.12511686
1900-02-13 09:00:00+01:00;4.3;44.77737063
1900-02-13 10:00:00+01:00;4.8;43.5025467
1900-02-13 11:00:00+01:00;5.9;40.90508036
1900-02-13 12:00:00+01:00;4.9;41.28521261
1900-02-13 13:00:00+01:00;4.7;39.5428144
1900-02-13 14:00:00+01:00;4;37.1352042
1900-02-13 15:00:00+01:00;1.5;35.15727696
1900-02-13 16:00:00+01:00;0.3;28.42466062
1900-02-13 17:00:00+01:00;-1.2;24.84599821
1900-02-13 18:00:00+01:00;-2;23.58428855
1900-02-13 19:00:00+01:00;-3;22.83634438
1900-02-13 20:00:00+01:00;-3;20.89420849
1900-02-13 21:00:00+01:00;-3.9;19.83972759
1900-02-13 22:00:00+01:00;-4.8;18.49325036
1900-02-13 23:00:00+01:00;-7.8;19.75482937
1900-02-14 00:00:00+01:00;-10.3;21.18314042
1900-02-14 01:00:00+01:00;-9.7;21.52560686
1900-02-14 02:00:00+01:00;-12.7;23.89012473
1900-02-14 03:00:00+01:00;-15.6;26.13834431
1900-02-14 04:00:00+01:00;-17.2;28.77497295
1900-02-14 05:00:00+01:00;-14.5;31.60471277
1900-02-14 06:00:00+01:00;-12;41.83263579
1900-02-14 07:00:00+01:00;-12;53.00463231
1900-02-14 08:00:00+01:00;-15.7;65.76730743
1900-02-14 09:00:00+01:00;-11.6;62.76109423
1900-02-14 10:00:00+01:00;-8.3;59.76974544
1900-02-14 11:00:00+01:00;-5.5;55.59098535
1900-02-14 12:00:00+01:00;-1.4;51.90214263
1900-02-14 13:00:00+01:00;-1;49.8858225
1900-02-14 14:00:00+01:00;-0.6;46.15861144
1900-02-14 15:00:00+01:00;-0.3;40.86528307
1900-02-14 16:00:00+01:00;-0.6;33.34151408
1900-02-14 17:00:00+01:00;-0.7;29.12873834
1900-02-14 18:00:00+01:00;-0.3;27.04836938
1900-02-14 19:00:00+01:00;-0.3;25.4501079
1900-02-14 20:00:00+01:00;0.4;23.4245218
1900-02-14 21:00:00+01:00;0.3;22.09950302
1900-02-14 22:00:00+01:00;-2.1;20.9958963
1900-02-14 23:00:00+01:00;-0.5;20.83083239
1900-02-15 00:00:00+01:00;1.6;20.95033911
1900-02-15 01:00:00+01:00;1.2;20.61719786
1900-02-15 02:00:00+01:00;-1.2;21.84980662
1900-02-15 03:00:00+01:00;0.6;21.35490162
1900-02-15 04:00:00+01:00;1.1;22.02273479
1900-02-15 05:00:00+01:00;-1.5;25.75098786
1900-02-15 06:00:00+01:00;-3;34.72199472
1900-02-15 07:00:00+01:00;-5;45.2815656
1900-02-15 08:00:00+01:00;-6.1;53.06570573
1900-02-15 09:00:00+01:00;-7.1;54.85295734
1900-02-15 10:00:00+01:00;-4.3;51.84704395
1900-02-15 11:00:00+01:00;-1.9;47.74743215
1900-02-15 12:00:00+01:00;-1.5;47.69546233
1900-02-15 13:00:00+01:00;-1.5;46.49382394
1900-02-15 14:00:00+01:00;-1.4;43.26474384
1900-02-15 15:00:00+01:00;-1.9;38.91566413
1900-02-15 16:00:00+01:00;-2.3;30.70815405
1900-02-15 17:00:00+01:00;-3.4;26.79711189
1900-02-15 18:00:00+01:00;-4.3;25.70981979
1900-02-15 19:00:00+01:00;-5.6;25.20276497
1900-02-15 20:00:00+01:00;-9;24.52687831
1900-02-15 21:00:00+01:00;-14;24.89264364
1900-02-15 22:00:00+01:00;-12.1;22.36381455
1900-02-15 23:00:00+01:00;-14.8;23.91538003
1900-02-16 00:00:00+01:00;-13.2;24.38929874
1900-02-16 01:00:00+01:00;-15.2;25.79387073
1900-02-16 02:00:00+01:00;-18.5;28.68459549
1900-02-16 03:00:00+01:00;-11.8;27.38193487
1900-02-16 04:00:00+01:00;-10.1;28.62893192
1900-02-16 05:00:00+01:00;-9.7;32.15476242
1900-02-16 06:00:00+01:00;-8.7;42.2710403
1900-02-16 07:00:00+01:00;-5.1;50.10343304
1900-02-16 08:00:00+01:00;-4.6;56.74348925
1900-02-16 09:00:00+01:00;-5.8;58.82280431
1900-02-16 10:00:00+01:00;-4.1;56.77971634
1900-02-16 11:00:00+01:00;-4.3;55.43060341
1900-02-16 12:00:00+01:00;-3;54.3138703
1900-02-16 13:00:00+01:00;-2.5;52.06092528
1900-02-16 14:00:00+01:00;-2.5;48.56258613
1900-02-16 15:00:00+01:00;-2.4;43.15386651
1900-02-16 16:00:00+01:00;-3.5;35.34191465
1900-02-16 17:00:00+01:00;-5.1;31.47082973
1900-02-16 18:00:00+01:00;-7.8;30.93501178
1900-02-16 19:00:00+01:00;-9.2;30.19596926
1900-02-16 20:00:00+01:00;-10.3;28.12901484
1900-02-16 21:00:00+01:00;-15;28.00510222
1900-02-16 22:00:00+01:00;-18.2;26.6150421
1900-02-16 23:00:00+01:00;-19;27.56321909
1900-02-17 00:00:00+01:00;-16.7;27.86515336
1900-02-17 01:00:00+01:00;-13.7;26.70433864
1900-02-17 02:00:00+01:00;-14.2;26.95920835
1900-02-17 03:00:00+01:00;-13.2;26.76152261
1900-02-17 04:00:00+01:00;-12.5;27.24825045
1900-02-17 05:00:00+01:00;-11.7;27.92857488
1900-02-17 06:00:00+01:00;-13.6;30.41680139
1900-02-17 07:00:00+01:00;-15.7;31.07792835
1900-02-17 08:00:00+01:00;-15.6;31.15640804
1900-02-17 09:00:00+01:00;-10.7;28.50186789
1900-02-17 10:00:00+01:00;-9.3;27.83766705
1900-02-17 11:00:00+01:00;-3.5;24.96477146
1900-02-17 12:00:00+01:00;-2.5;24.41023316
1900-02-17 13:00:00+01:00;-0.6;23.07201169
1900-02-17 14:00:00+01:00;-0.7;22.86529222
1900-02-17 15:00:00+01:00;-1.2;23.46997743
1900-02-17 16:00:00+01:00;-1.7;23.88547587
1900-02-17 17:00:00+01:00;-3.5;25.06102997
1900-02-17 18:00:00+01:00;-4.8;25.17100917
1900-02-17 19:00:00+01:00;-7.1;26.28170633
1900-02-17 20:00:00+01:00;-7.6;26.15024295
1900-02-17 21:00:00+01:00;-8.7;26.29781683
1900-02-17 22:00:00+01:00;-9.5;25.05582978
1900-02-17 23:00:00+01:00;-12.7;26.43095981
1900-02-18 00:00:00+01:00;-13.6;26.74722589
1900-02-18 01:00:00+01:00;-13.7;26.63021483
1900-02-18 02:00:00+01:00;-13.3;26.63049387
1900-02-18 03:00:00+01:00;-14;27.04163549
1900-02-18 04:00:00+01:00;-15.2;28.26968081
1900-02-18 05:00:00+01:00;-19;30.99522414
1900-02-18 06:00:00+01:00;-22.2;34.67886371
1900-02-18 07:00:00+01:00;-21.5;33.92149364
1900-02-18 08:00:00+01:00;-22;34.24497954
1900-02-18 09:00:00+01:00;-17.4;31.49557857
1900-02-18 10:00:00+01:00;-9.6;27.90580538
1900-02-18 11:00:00+01:00;-6.3;26.27529288
1900-02-18 12:00:00+01:00;-3.5;24.89722046
1900-02-18 13:00:00+01:00;-3.6;24.59726258
1900-02-18 14:00:00+01:00;-2.5;23.91612229
1900-02-18 15:00:00+01:00;-2.9;24.51691356
1900-02-18 16:00:00+01:00;-3.8;25.20986868
1900-02-18 17:00:00+01:00;-5.1;26.16739666
1900-02-18 18:00:00+01:00;-7.3;26.77167231
1900-02-18 19:00:00+01:00;-10.3;28.28382453
1900-02-18 20:00:00+01:00;-10.5;28.0143517
1900-02-18 21:00:00+01:00;-16;30.05004912
1900-02-18 22:00:00+01:00;-15.1;28.27991837
1900-02-18 23:00:00+01:00;-11.5;27.50105486
1900-02-19 00:00:00+01:00;-11.5;27.68839114
1900-02-19 01:00:00+01:00;-10.7;27.54182263
1900-02-19 02:00:00+01:00;-14.7;30.1477451
1900-02-19 03:00:00+01:00;-18.4;32.59396508
1900-02-19 04:00:00+01:00;-17.7;34.37965042
1900-02-19 05:00:00+01:00;-20.5;39.7502377
1900-02-19 06:00:00+01:00;-22.5;55.20903922
1900-02-19 07:00:00+01:00;-20.4;67.39162284
1900-02-19 08:00:00+01:00;-21.2;77.92754793
1900-02-19 09:00:00+01:00;-13.2;69.91662664
1900-02-19 10:00:00+01:00;-10;66.3226537
1900-02-19 11:00:00+01:00;-7;61.49176723
1900-02-19 12:00:00+01:00;-3.6;58.13017631
1900-02-19 13:00:00+01:00;-1.9;54.1324615
1900-02-19 14:00:00+01:00;-1.5;49.96724141
1900-02-19 15:00:00+01:00;-2;45.00921016
1900-02-19 16:00:00+01:00;-3;37.3487503
1900-02-19 17:00:00+01:00;-4.8;33.5784638
1900-02-19 18:00:00+01:00;-6.5;32.33249852
1900-02-19 19:00:00+01:00;-6.8;30.74626811
1900-02-19 20:00:00+01:00;-9.5;29.43272798
1900-02-19 21:00:00+01:00;-10;27.7674214
1900-02-19 22:00:00+01:00;-11.2;25.68217898
1900-02-19 23:00:00+01:00;-14.7;27.43118934
1900-02-20 00:00:00+01:00;-15.3;28.49207747
1900-02-20 01:00:00+01:00;-16.5;29.3375
1900-02-20 02:00:00+01:00;-16.4;30.72483501
1900-02-20 03:00:00+01:00;-19.4;32.8720601
1900-02-20 04:00:00+01:00;-19.7;35.07961327
1900-02-20 05:00:00+01:00;-20.2;39.43372904
1900-02-20 06:00:00+01:00;-16.2;50.19579182
1900-02-20 07:00:00+01:00;-13.8;60.80894281
1900-02-20 08:00:00+01:00;-11.2;66.39827778
1900-02-20 09:00:00+01:00;-10.7;66.40308141
1900-02-20 10:00:00+01:00;-8;63.23587075
1900-02-20 11:00:00+01:00;-5.3;58.72939654
1900-02-20 12:00:00+01:00;-4.3;57.8133625
1900-02-20 13:00:00+01:00;-3.4;54.95872912
1900-02-20 14:00:00+01:00;-2;49.78027883
1900-02-20 15:00:00+01:00;-2.3;44.6609506
1900-02-20 16:00:00+01:00;-2.3;36.29343919
1900-02-20 17:00:00+01:00;-3;32.09127182
1900-02-20 18:00:00+01:00;-5.6;31.27469206
1900-02-20 19:00:00+01:00;-7.3;30.46774322
1900-02-20 20:00:00+01:00;-8.7;28.63151597
1900-02-20 21:00:00+01:00;-10.2;27.47488597
1900-02-20 22:00:00+01:00;-11.3;25.4624938
1900-02-20 23:00:00+01:00;-11;25.91972227
1900-02-21 00:00:00+01:00;-12.3;27.07388129
1900-02-21 01:00:00+01:00;-14.2;27.86895705
1900-02-21 02:00:00+01:00;-14.6;29.26011948
1900-02-21 03:00:00+01:00;-18.2;31.54254169
1900-02-21 04:00:00+01:00;-16.9;32.89779197
1900-02-21 05:00:00+01:00;-16.7;36.65164664
1900-02-21 06:00:00+01:00;-17.9;50.34929601
1900-02-21 07:00:00+01:00;-16;61.62961249
1900-02-21 08:00:00+01:00;-15.5;70.24767798
1900-02-21 09:00:00+01:00;-13;68.25950057
1900-02-21 10:00:00+01:00;-9.7;64.68030564
1900-02-21 11:00:00+01:00;-7.3;60.47970581
1900-02-21 12:00:00+01:00;-5;58.38596171
1900-02-21 13:00:00+01:00;-3.8;55.2331381
1900-02-21 14:00:00+01:00;-2;49.61481952
1900-02-21 15:00:00+01:00;-1.5;43.73497933
1900-02-21 16:00:00+01:00;-1.7;35.76668078
1900-02-21 17:00:00+01:00;-2.9;31.90580635
1900-02-21 18:00:00+01:00;-4;30.40541685
1900-02-21 19:00:00+01:00;-4.8;29.10179535
1900-02-21 20:00:00+01:00;-5.3;27.10169234
1900-02-21 21:00:00+01:00;-5.3;25.47521184
1900-02-21 22:00:00+01:00;-6;23.4692864
1900-02-21 23:00:00+01:00;-8.7;24.79070418
1900-02-22 00:00:00+01:00;-9.2;25.74415866
1900-02-22 01:00:00+01:00;-10.2;26.11160547
1900-02-22 02:00:00+01:00;-12.8;28.12128447
1900-02-22 03:00:00+01:00;-13.3;29.07535944
1900-02-22 04:00:00+01:00;-14.6;31.35459033
1900-02-22 05:00:00+01:00;-17.5;36.49742938
1900-02-22 06:00:00+01:00;-15.2;47.65158641
1900-02-22 07:00:00+01:00;-15.7;60.32156192
1900-02-22 08:00:00+01:00;-16.5;70.07986194
1900-02-22 09:00:00+01:00;-9.3;63.13875405
1900-02-22 10:00:00+01:00;-6.5;59.89392339
1900-02-22 11:00:00+01:00;-2.4;54.01986083
1900-02-22 12:00:00+01:00;-1.9;53.40165224
1900-02-22 13:00:00+01:00;-0.7;50.16195251
1900-02-22 14:00:00+01:00;-1;46.9887775
1900-02-22 15:00:00+01:00;-1.2;42.02665645
1900-02-22 16:00:00+01:00;-2;34.45878901
1900-02-22 17:00:00+01:00;-4;30.94102603
1900-02-22 18:00:00+01:00;-7.1;30.56616316
1900-02-22 19:00:00+01:00;-9;30.06707291
1900-02-22 20:00:00+01:00;-10;28.05732012
1900-02-22 21:00:00+01:00;-12.2;27.24350903
1900-02-22 22:00:00+01:00;-11.1;24.68204176
1900-02-22 23:00:00+01:00;-14.3;26.3375975
1900-02-23 00:00:00+01:00;-19.5;28.75986282
1900-02-23 01:00:00+01:00;-20;29.68416814
1900-02-23 02:00:00+01:00;-20.7;31.64459372
1900-02-23 03:00:00+01:00;-21.2;33.08997923
1900-02-23 04:00:00+01:00;-23;36.08460506
1900-02-23 05:00:00+01:00;-23.5;40.7320289
1900-02-23 06:00:00+01:00;-24.7;56.62225427
1900-02-23 07:00:00+01:00;-24;70.66755949
1900-02-23 08:00:00+01:00;-18.7;75.50955413
1900-02-23 09:00:00+01:00;-13;70.20070868
1900-02-23 10:00:00+01:00;-9.7;66.57549939
1900-02-23 11:00:00+01:00;-7.6;62.7900563
1900-02-23 12:00:00+01:00;-6;61.41841749
1900-02-23 13:00:00+01:00;-5.6;59.09806015
1900-02-23 14:00:00+01:00;-5.1;54.75070023
1900-02-23 15:00:00+01:00;-5;48.82062694
1900-02-23 16:00:00+01:00;-4.6;39.41042898
1900-02-23 17:00:00+01:00;-5.1;34.90050677
1900-02-23 18:00:00+01:00;-8.2;34.25397841
1900-02-23 19:00:00+01:00;-8.7;32.76505421
1900-02-23 20:00:00+01:00;-8;29.97923809
1900-02-23 21:00:00+01:00;-7;27.87768993
1900-02-23 22:00:00+01:00;-6.1;25.19160704
1900-02-23 23:00:00+01:00;-5.6;25.52017041
1900-02-24 00:00:00+01:00;-7.6;26.50443802
1900-02-24 01:00:00+01:00;-8.6;26.26657862
1900-02-24 02:00:00+01:00;-8.7;26.12485294
1900-02-24 03:00:00+01:00;-9.6;26.29248359
1900-02-24 04:00:00+01:00;-9.2;26.55839233
1900-02-24 05:00:00+01:00;-9.1;27.11172654
1900-02-24 06:00:00+01:00;-6.3;26.72900212
1900-02-24 07:00:00+01:00;-5.3;25.36806306
1900-02-24 08:00:00+01:00;-5;24.86444713
1900-02-24 09:00:00+01:00;-4.6;24.33621438
1900-02-24 10:00:00+01:00;-3.3;23.50361215
1900-02-24 11:00:00+01:00;-2.3;22.79696145
1900-02-24 12:00:00+01:00;-1.7;22.39096126
1900-02-24 13:00:00+01:00;-0.8;21.5683207
1900-02-24 14:00:00+01:00;-0.7;21.3504246
1900-02-24 15:00:00+01:00;-1;21.71051614
1900-02-24 16:00:00+01:00;-1.5;22.02957366
1900-02-24 17:00:00+01:00;-2;22.37231054
1900-02-24 18:00:00+01:00;-2.1;21.89963866
1900-02-24 19:00:00+01:00;-4.3;22.86734688
1900-02-24 20:00:00+01:00;-5.6;23.00343645
1900-02-24 21:00:00+01:00;-7;23.35784907
1900-02-24 22:00:00+01:00;-8.6;22.79871015
1900-02-24 23:00:00+01:00;-10.2;23.76264719
1900-02-25 00:00:00+01:00;-10.6;24.08471555
1900-02-25 01:00:00+01:00;-11.6;24.36942694
1900-02-25 02:00:00+01:00;-10.6;24.20948659
1900-02-25 03:00:00+01:00;-11;24.50732871
1900-02-25 04:00:00+01:00;-12.2;25.6667224
1900-02-25 05:00:00+01:00;-13.5;27.2669446
1900-02-25 06:00:00+01:00;-12.6;28.64135173
1900-02-25 07:00:00+01:00;-12;27.96913005
1900-02-25 08:00:00+01:00;-9.8;26.9272109
1900-02-25 09:00:00+01:00;-8;25.78652458
1900-02-25 10:00:00+01:00;-6.8;25.23998614
1900-02-25 11:00:00+01:00;-5.5;24.56101751
1900-02-25 12:00:00+01:00;-3.5;23.59246986
1900-02-25 13:00:00+01:00;-1.7;22.42378266
1900-02-25 14:00:00+01:00;-2;22.48571852
1900-02-25 15:00:00+01:00;-2.8;23.21306768
1900-02-25 16:00:00+01:00;-3.1;23.53860817
1900-02-25 17:00:00+01:00;-3.3;23.84625587
1900-02-25 18:00:00+01:00;-3.6;23.58524684
1900-02-25 19:00:00+01:00;-4.1;23.89714542
1900-02-25 20:00:00+01:00;-4.5;23.83904622
1900-02-25 21:00:00+01:00;-4;23.48513485
1900-02-25 22:00:00+01:00;-4.6;22.43819216
1900-02-25 23:00:00+01:00;-7;23.61853459
1900-02-26 00:00:00+01:00;-6.5;23.72837943
1900-02-26 01:00:00+01:00;-5.3;23.29654806
1900-02-26 02:00:00+01:00;-5.3;24.08148885
1900-02-26 03:00:00+01:00;-5.1;24.54028783
1900-02-26 04:00:00+01:00;-5;25.83461394
1900-02-26 05:00:00+01:00;-4.5;28.60417514
1900-02-26 06:00:00+01:00;-4.1;37.20201263
1900-02-26 07:00:00+01:00;-3.9;46.48797088
1900-02-26 08:00:00+01:00;-3.5;52.75605219
1900-02-26 09:00:00+01:00;-2.5;52.57068052
1900-02-26 10:00:00+01:00;-1.4;51.0399404
1900-02-26 11:00:00+01:00;-0.3;48.33130329
1900-02-26 12:00:00+01:00;1;46.92869783
1900-02-26 13:00:00+01:00;2.8;43.22361577
1900-02-26 14:00:00+01:00;3.5;39.24568484
1900-02-26 15:00:00+01:00;0.8;37.33855678
1900-02-26 16:00:00+01:00;-0.1;30.32657294
1900-02-26 17:00:00+01:00;-1.5;26.71343325
1900-02-26 18:00:00+01:00;-2.5;25.47414159
1900-02-26 19:00:00+01:00;-3.4;24.57467589
1900-02-26 20:00:00+01:00;-3.5;22.63373233
1900-02-26 21:00:00+01:00;-4.8;21.69199063
1900-02-26 22:00:00+01:00;-5.5;20.12739692
1900-02-26 23:00:00+01:00;-4.3;20.09597076
1900-02-27 00:00:00+01:00;-6.1;21.34762124
1900-02-27 01:00:00+01:00;-7;21.84251452
1900-02-27 02:00:00+01:00;-6;22.46939073
1900-02-27 03:00:00+01:00;-6.3;23.29332545
1900-02-27 04:00:00+01:00;-4.8;24.10428597
1900-02-27 05:00:00+01:00;-5;27.31958686
1900-02-27 06:00:00+01:00;-4.6;36.10451963
1900-02-27 07:00:00+01:00;-4.6;45.48296324
1900-02-27 08:00:00+01:00;-4.3;52.16550098
1900-02-27 09:00:00+01:00;-4.3;53.24678585
1900-02-27 10:00:00+01:00;-3.8;52.70069059
1900-02-27 11:00:00+01:00;-3.3;50.69664315
1900-02-27 12:00:00+01:00;-2.8;50.66331292
1900-02-27 13:00:00+01:00;-2.5;49.16048888
1900-02-27 14:00:00+01:00;-2.5;46.01831017
1900-02-27 15:00:00+01:00;-2.9;41.36191989
1900-02-27 16:00:00+01:00;-3;32.72798179
1900-02-27 17:00:00+01:00;-4;28.67817336
1900-02-27 18:00:00+01:00;-6.1;28.01855994
1900-02-27 19:00:00+01:00;-6.5;26.95057914
1900-02-27 20:00:00+01:00;-8.1;25.40447821
1900-02-27 21:00:00+01:00;-7.5;23.67149502
1900-02-27 22:00:00+01:00;-8.3;21.97484826
1900-02-27 23:00:00+01:00;-8.5;22.58332503
1900-02-28 00:00:00+01:00;-8.5;23.38993716
1900-02-28 01:00:00+01:00;-8;23.46147223
1900-02-28 02:00:00+01:00;-7.3;24.25383369
1900-02-28 03:00:00+01:00;-7.3;24.99337695
1900-02-28 04:00:00+01:00;-7.5;26.67452243
1900-02-28 05:00:00+01:00;-6.8;29.72547528
1900-02-28 06:00:00+01:00;-6.6;39.39473639
1900-02-28 07:00:00+01:00;-6.6;49.73313001
1900-02-28 08:00:00+01:00;-5.8;56.33345094
1900-02-28 09:00:00+01:00;-5.1;56.56735137
1900-02-28 10:00:00+01:00;-4.5;55.74554695
1900-02-28 11:00:00+01:00;-3.5;53.13385627
1900-02-28 12:00:00+01:00;-3;52.84266079
1900-02-28 13:00:00+01:00;-2.4;50.62585604
1900-02-28 14:00:00+01:00;-1.7;46.44113791
1900-02-28 15:00:00+01:00;-2.8;42.34052462
1900-02-28 16:00:00+01:00;-3;33.77899039
1900-02-28 17:00:00+01:00;-3.4;29.38510213
1900-02-28 18:00:00+01:00;-5.3;28.45543954
1900-02-28 19:00:00+01:00;-4.6;26.68908912
1900-02-28 20:00:00+01:00;-4.8;24.61360171
1900-02-28 21:00:00+01:00;-4.5;22.98216111
1900-02-28 22:00:00+01:00;-4.7;21.07975515
1900-02-28 23:00:00+01:00;-5.9;21.82665545
1900-03-01 00:00:00+01:00;-5.8;22.54810187
1900-03-01 01:00:00+01:00;-5.9;22.63577163
1900-03-01 02:00:00+01:00;-5.7;23.45420311
1900-03-01 03:00:00+01:00;-5.1;23.84887779
1900-03-01 04:00:00+01:00;-5;25.21184593
1900-03-01 05:00:00+01:00;-5;28.35031673
1900-03-01 06:00:00+01:00;-3.6;36.43797548
1900-03-01 07:00:00+01:00;-3.3;45.60225827
1900-03-01 08:00:00+01:00;-3.4;52.43385836
1900-03-01 09:00:00+01:00;-1.5;51.42659335
1900-03-01 10:00:00+01:00;-0.8;50.35222969
1900-03-01 11:00:00+01:00;-0.3;48.32771537
1900-03-01 12:00:00+01:00;0.1;47.90181887
1900-03-01 13:00:00+01:00;0;46.39633873
1900-03-01 14:00:00+01:00;0.6;42.49362341
1900-03-01 15:00:00+01:00;0.2;38.07790612
1900-03-01 16:00:00+01:00;0.2;30.33970598
1900-03-01 17:00:00+01:00;-0.1;26.24342128
1900-03-01 18:00:00+01:00;-0.3;24.52304744
1900-03-01 19:00:00+01:00;-1;23.43068032
1900-03-01 20:00:00+01:00;-0.8;21.53040161
1900-03-01 21:00:00+01:00;-0.8;20.16785359
1900-03-01 22:00:00+01:00;-1.7;18.76338187
1900-03-01 23:00:00+01:00;-1.5;18.95493039
1900-03-02 00:00:00+01:00;-1.9;19.78303735
1900-03-02 01:00:00+01:00;-2.5;19.91812653
1900-03-02 02:00:00+01:00;-2.6;20.66344988
1900-03-02 03:00:00+01:00;-3;21.36241354
1900-03-02 04:00:00+01:00;-3.8;22.97641904
1900-03-02 05:00:00+01:00;-4.5;26.30635417
1900-03-02 06:00:00+01:00;-4.6;35.2343369
1900-03-02 07:00:00+01:00;-5.1;44.80961729
1900-03-02 08:00:00+01:00;-4.1;50.78736718
1900-03-02 09:00:00+01:00;-3.4;51.20031986
1900-03-02 10:00:00+01:00;-2.3;50.04984772
1900-03-02 11:00:00+01:00;-1.4;47.68568922
1900-03-02 12:00:00+01:00;-0.7;47.28037361
1900-03-02 13:00:00+01:00;-0.5;45.75784463
1900-03-02 14:00:00+01:00;-0.5;42.65408973
1900-03-02 15:00:00+01:00;-0.7;38.092579
1900-03-02 16:00:00+01:00;-0.7;30.09062934
1900-03-02 17:00:00+01:00;-2.6;26.7319319
1900-03-02 18:00:00+01:00;-2;24.88484156
1900-03-02 19:00:00+01:00;-2.8;24.01698237
1900-03-02 20:00:00+01:00;-2.4;22.00438912
1900-03-02 21:00:00+01:00;-2.5;20.73102579
1900-03-02 22:00:00+01:00;-3;19.22709068
1900-03-02 23:00:00+01:00;-3.1;19.64908629
1900-03-03 00:00:00+01:00;-3.5;20.38501998
1900-03-03 01:00:00+01:00;-3.5;20.22545978
1900-03-03 02:00:00+01:00;-3.3;20.23662441
1900-03-03 03:00:00+01:00;-3.5;20.36718747
1900-03-03 04:00:00+01:00;-3.5;20.88021287
1900-03-03 05:00:00+01:00;-3.9;21.82490444
1900-03-03 06:00:00+01:00;-4.3;23.10382535
1900-03-03 07:00:00+01:00;-4.1;22.50978089
1900-03-03 08:00:00+01:00;-5.3;23.04437089
1900-03-03 09:00:00+01:00;-4;22.16976759
1900-03-03 10:00:00+01:00;-3;21.71980558
1900-03-03 11:00:00+01:00;-2.3;21.28621158
1900-03-03 12:00:00+01:00;-2.4;21.33163221
1900-03-03 13:00:00+01:00;-2;20.92823668
1900-03-03 14:00:00+01:00;-2.3;21.13161068
1900-03-03 15:00:00+01:00;-2;21.19755767
1900-03-03 16:00:00+01:00;-1.7;21.13635979
1900-03-03 17:00:00+01:00;-2;21.30968276
1900-03-03 18:00:00+01:00;-2.6;21.19254074
1900-03-03 19:00:00+01:00;-2;20.92965518
1900-03-03 20:00:00+01:00;-1.5;20.45226349
1900-03-03 21:00:00+01:00;-1.5;20.30796989
1900-03-03 22:00:00+01:00;-1.5;19.29752171
1900-03-03 23:00:00+01:00;-1.7;19.69304871
1900-03-04 00:00:00+01:00;-2.1;20.00801686
1900-03-04 01:00:00+01:00;-2;19.73362982
1900-03-04 02:00:00+01:00;-2.5;19.94377946
1900-03-04 03:00:00+01:00;-0.3;19.09984549
1900-03-04 04:00:00+01:00;0.6;19.15579149
1900-03-04 05:00:00+01:00;0.7;19.71955679
1900-03-04 06:00:00+01:00;0.6;20.45977728
1900-03-04 07:00:00+01:00;1;19.69550799
1900-03-04 08:00:00+01:00;1.2;19.39109607
1900-03-04 09:00:00+01:00;1.1;19.27216177
1900-03-04 10:00:00+01:00;1.3;19.05400705
1900-03-04 11:00:00+01:00;1.7;18.65757074
1900-03-04 12:00:00+01:00;2;18.42680658
1900-03-04 13:00:00+01:00;2.7;17.79678901
1900-03-04 14:00:00+01:00;2.4;17.83513588
1900-03-04 15:00:00+01:00;2.7;17.76799026
1900-03-04 16:00:00+01:00;2.3;17.92027805
1900-03-04 17:00:00+01:00;1.8;18.12826932
1900-03-04 18:00:00+01:00;2;17.59625895
1900-03-04 19:00:00+01:00;1.7;17.67357473
1900-03-04 20:00:00+01:00;1.6;17.44681169
1900-03-04 21:00:00+01:00;1.7;17.21533264
1900-03-04 22:00:00+01:00;1.2;16.54271921
1900-03-04 23:00:00+01:00;1;16.83201946
1900-03-05 00:00:00+01:00;0.8;17.3577428
1900-03-05 01:00:00+01:00;1;17.21438916
1900-03-05 02:00:00+01:00;0.8;17.83858928
1900-03-05 03:00:00+01:00;0.6;18.3935794
1900-03-05 04:00:00+01:00;0.5;19.56355375
1900-03-05 05:00:00+01:00;0.8;22.13205623
1900-03-05 06:00:00+01:00;1.1;29.05390151
1900-03-05 07:00:00+01:00;0.7;36.9442834
1900-03-05 08:00:00+01:00;0.8;42.84178155
1900-03-05 09:00:00+01:00;0.9;44.04816794
1900-03-05 10:00:00+01:00;0.9;44.04156424
1900-03-05 11:00:00+01:00;0.6;43.01481484
1900-03-05 12:00:00+01:00;0.7;43.27969128
1900-03-05 13:00:00+01:00;1;41.90184052
1900-03-05 14:00:00+01:00;0.8;39.25216986
1900-03-05 15:00:00+01:00;1;34.66409331
1900-03-05 16:00:00+01:00;1.4;26.96138957
1900-03-05 17:00:00+01:00;1.3;23.03071651
1900-03-05 18:00:00+01:00;1.5;21.42468581
1900-03-05 19:00:00+01:00;1.5;20.24893483
1900-03-05 20:00:00+01:00;1.5;18.75738693
1900-03-05 21:00:00+01:00;1.4;17.63653569
1900-03-05 22:00:00+01:00;1.4;16.26413215
1900-03-05 23:00:00+01:00;1.1;16.58683256
1900-03-06 00:00:00+01:00;0.9;17.40071464
1900-03-06 01:00:00+01:00;-0.6;17.88824625
1900-03-06 02:00:00+01:00;-0.6;18.61186072
1900-03-06 03:00:00+01:00;-0.7;19.2138687
1900-03-06 04:00:00+01:00;0;20.11484801
1900-03-06 05:00:00+01:00;0.5;22.6459387
1900-03-06 06:00:00+01:00;0.4;30.02552028
1900-03-06 07:00:00+01:00;0.6;37.63448162
1900-03-06 08:00:00+01:00;0.7;43.5614212
1900-03-06 09:00:00+01:00;1;44.54127852
1900-03-06 10:00:00+01:00;0.7;44.80159789
1900-03-06 11:00:00+01:00;1;43.13835814
1900-03-06 12:00:00+01:00;0.9;43.49440252
1900-03-06 13:00:00+01:00;1;42.22215214
1900-03-06 14:00:00+01:00;0.4;39.93857619
1900-03-06 15:00:00+01:00;0.4;35.43834223
1900-03-06 16:00:00+01:00;0.1;27.93539427
1900-03-06 17:00:00+01:00;0.5;23.62555611
1900-03-06 18:00:00+01:00;0.5;22.11435615
1900-03-06 19:00:00+01:00;0.4;21.00061585
1900-03-06 20:00:00+01:00;0.4;19.42918617
1900-03-06 21:00:00+01:00;0.3;18.27771174
1900-03-06 22:00:00+01:00;-0.3;17.05071634
1900-03-06 23:00:00+01:00;-0.8;17.50277398
1900-03-07 00:00:00+01:00;-1.4;18.46221407
1900-03-07 01:00:00+01:00;-1.7;18.63381243
1900-03-07 02:00:00+01:00;-2;19.51331183
1900-03-07 03:00:00+01:00;-1.7;19.99204015
1900-03-07 04:00:00+01:00;-1.2;21.04039385
1900-03-07 05:00:00+01:00;-1.2;23.92128002
1900-03-07 06:00:00+01:00;-1.4;31.93230723
1900-03-07 07:00:00+01:00;-1;39.89006568
1900-03-07 08:00:00+01:00;-0.7;45.93968505
1900-03-07 09:00:00+01:00;-0.6;47.10850084
1900-03-07 10:00:00+01:00;-0.3;46.76713308
1900-03-07 11:00:00+01:00;0.2;44.89691761
1900-03-07 12:00:00+01:00;0.6;44.74719857
1900-03-07 13:00:00+01:00;0.3;43.83962103
1900-03-07 14:00:00+01:00;0.2;40.92869813
1900-03-07 15:00:00+01:00;0.8;35.75561151
1900-03-07 16:00:00+01:00;0.1;28.62733011
1900-03-07 17:00:00+01:00;0.5;24.29680788
1900-03-07 18:00:00+01:00;0.8;22.57337731
1900-03-07 19:00:00+01:00;0.8;21.3278385
1900-03-07 20:00:00+01:00;0.4;19.91407869
1900-03-07 21:00:00+01:00;-0.3;18.94424129
1900-03-07 22:00:00+01:00;0;17.35171456
1900-03-07 23:00:00+01:00;-0.1;17.64922278
1900-03-08 00:00:00+01:00;-0.6;18.54890416
1900-03-08 01:00:00+01:00;-1;18.66605416
1900-03-08 02:00:00+01:00;-1.2;19.43177318
1900-03-08 03:00:00+01:00;-1.5;20.09514107
1900-03-08 04:00:00+01:00;-1.4;21.29078603
1900-03-08 05:00:00+01:00;-1.5;24.20367469
1900-03-08 06:00:00+01:00;-1.2;31.89270392
1900-03-08 07:00:00+01:00;-1;39.97438546
1900-03-08 08:00:00+01:00;-0.7;45.9740794
1900-03-08 09:00:00+01:00;-0.5;46.97832215
1900-03-08 10:00:00+01:00;0.1;46.28016012
1900-03-08 11:00:00+01:00;0.1;44.88845627
1900-03-08 12:00:00+01:00;0.9;44.32028604
1900-03-08 13:00:00+01:00;0.8;43.15278908
1900-03-08 14:00:00+01:00;1.2;39.71041647
1900-03-08 15:00:00+01:00;1.3;35.13948705
1900-03-08 16:00:00+01:00;1.1;27.8760796
1900-03-08 17:00:00+01:00;1;23.88078558
1900-03-08 18:00:00+01:00;1;22.30245436
1900-03-08 19:00:00+01:00;0.3;21.41382317
1900-03-08 20:00:00+01:00;0.2;19.84791426
1900-03-08 21:00:00+01:00;0.1;18.6504103
1900-03-08 22:00:00+01:00;-0.6;17.39705338
1900-03-08 23:00:00+01:00;-1;17.8144809
1900-03-09 00:00:00+01:00;-1.5;18.72637873
1900-03-09 01:00:00+01:00;-2;18.95237789
1900-03-09 02:00:00+01:00;-2.3;19.83853912
1900-03-09 03:00:00+01:00;-2.4;20.47805555
1900-03-09 04:00:00+01:00;-2.1;21.62826902
1900-03-09 05:00:00+01:00;-2.9;24.92858284
1900-03-09 06:00:00+01:00;-2.5;32.97762512
1900-03-09 07:00:00+01:00;-2.4;41.44347761
1900-03-09 08:00:00+01:00;-2.8;48.47907192
1900-03-09 09:00:00+01:00;-2.1;48.95229326
1900-03-09 10:00:00+01:00;-1.9;48.76133605
1900-03-09 11:00:00+01:00;-1.7;47.11135378
1900-03-09 12:00:00+01:00;-1.5;47.35775288
1900-03-09 13:00:00+01:00;-1.2;45.91187145
1900-03-09 14:00:00+01:00;-0.7;42.32053719
1900-03-09 15:00:00+01:00;-1;37.90635321
1900-03-09 16:00:00+01:00;-0.3;29.3864999
1900-03-09 17:00:00+01:00;-0.3;25.21416298
1900-03-09 18:00:00+01:00;-0.7;23.82545653
1900-03-09 19:00:00+01:00;-0.3;22.39227772
1900-03-09 20:00:00+01:00;-1.4;21.17102232
1900-03-09 21:00:00+01:00;-2;20.1197812
1900-03-09 22:00:00+01:00;-4.6;19.3392282
1900-03-09 23:00:00+01:00;-6.3;20.30648503
1900-03-10 00:00:00+01:00;-7.3;21.41767648
1900-03-10 01:00:00+01:00;-8.2;21.75370554
1900-03-10 02:00:00+01:00;-9.8;22.61525352
1900-03-10 03:00:00+01:00;-9.6;22.81156645
1900-03-10 04:00:00+01:00;-10.2;23.79277265
1900-03-10 05:00:00+01:00;-12.7;25.95674062
1900-03-10 06:00:00+01:00;-13.7;28.32349885
1900-03-10 07:00:00+01:00;-13.2;27.79609716
1900-03-10 08:00:00+01:00;-9;25.83361781
1900-03-10 09:00:00+01:00;-7.6;24.90606016
1900-03-10 10:00:00+01:00;-7.3;24.85084077
1900-03-10 11:00:00+01:00;-6.8;24.59562928
1900-03-10 12:00:00+01:00;-6.1;24.2925191
1900-03-10 13:00:00+01:00;-6.1;24.09314661
1900-03-10 14:00:00+01:00;-5.6;23.96446977
1900-03-10 15:00:00+01:00;-4.6;23.77695241
1900-03-10 16:00:00+01:00;-4.3;23.82747931
1900-03-10 17:00:00+01:00;-7.1;25.38014214
1900-03-10 18:00:00+01:00;-7.8;25.36468316
1900-03-10 19:00:00+01:00;-9.5;26.33146271
1900-03-10 20:00:00+01:00;-10.3;26.30554868
1900-03-10 21:00:00+01:00;-12.6;27.1856367
1900-03-10 22:00:00+01:00;-13.5;26.2803394
1900-03-10 23:00:00+01:00;-14;26.99093802
1900-03-11 00:00:00+01:00;-15;27.55550001
1900-03-11 01:00:00+01:00;-15.2;27.62087795
1900-03-11 02:00:00+01:00;-15.7;28.0900406
1900-03-11 03:00:00+01:00;-14.2;27.77895224
1900-03-11 04:00:00+01:00;-16.2;29.40069114
1900-03-11 05:00:00+01:00;-17.7;31.15619445
1900-03-11 06:00:00+01:00;-17;32.75319878
1900-03-11 07:00:00+01:00;-14.6;31.07975488
1900-03-11 08:00:00+01:00;-12.2;29.88450118
1900-03-11 09:00:00+01:00;-11.7;29.32938198
1900-03-11 10:00:00+01:00;-8.7;27.85012776
1900-03-11 11:00:00+01:00;-7.6;27.20887728
1900-03-11 12:00:00+01:00;-6.6;26.66314145
1900-03-11 13:00:00+01:00;-4.6;25.29462162
1900-03-11 14:00:00+01:00;-5.3;25.50720495
1900-03-11 15:00:00+01:00;-5;25.73506857
1900-03-11 16:00:00+01:00;-6.6;26.79592781
1900-03-11 17:00:00+01:00;-6.8;27.12641221
1900-03-11 18:00:00+01:00;-7.5;26.97206554
1900-03-11 19:00:00+01:00;-7.8;27.1871979
1900-03-11 20:00:00+01:00;-8.2;27.04668478
1900-03-11 21:00:00+01:00;-10.7;27.81495629
1900-03-11 22:00:00+01:00;-10.8;26.35862571
1900-03-11 23:00:00+01:00;-11.2;26.90993306
1900-03-12 00:00:00+01:00;-10.2;26.74546884
1900-03-12 01:00:00+01:00;-9.7;26.61305646
1900-03-12 02:00:00+01:00;-10;27.68925296
1900-03-12 03:00:00+01:00;-10.5;28.59456501
1900-03-12 04:00:00+01:00;-11.1;30.48068048
1900-03-12 05:00:00+01:00;-11.5;34.1610298
1900-03-12 06:00:00+01:00;-12;45.7291819
1900-03-12 07:00:00+01:00;-11.7;57.23969076
1900-03-12 08:00:00+01:00;-10.7;64.42807876
1900-03-12 09:00:00+01:00;-6.3;60.46495295
1900-03-12 10:00:00+01:00;1.6;51.68032829
1900-03-12 11:00:00+01:00;-1;52.68162493
1900-03-12 12:00:00+01:00;-0.5;51.85521486
1900-03-12 13:00:00+01:00;1.8;47.23323859
1900-03-12 14:00:00+01:00;1.7;43.79787885
1900-03-12 15:00:00+01:00;3.8;36.84260018
1900-03-12 16:00:00+01:00;5.4;29.38965648
1900-03-12 17:00:00+01:00;1.2;27.55309775
1900-03-12 18:00:00+01:00;-3;27.50333959
1900-03-12 19:00:00+01:00;-6;27.41810899
1900-03-12 20:00:00+01:00;-7;25.55945424
1900-03-12 21:00:00+01:00;-8.1;24.31159143
1900-03-12 22:00:00+01:00;-8.7;22.39684684
1900-03-12 23:00:00+01:00;-9;22.9180604
1900-03-13 00:00:00+01:00;-9.2;23.70340728
1900-03-13 01:00:00+01:00;-9.7;24.09320621
1900-03-13 02:00:00+01:00;-9.2;24.98546241
1900-03-13 03:00:00+01:00;-9.1;25.68528158
1900-03-13 04:00:00+01:00;-8;26.74322894
1900-03-13 05:00:00+01:00;-7.5;29.76140972
1900-03-13 06:00:00+01:00;-7.3;39.39979143
1900-03-13 07:00:00+01:00;-6.1;48.33147616
1900-03-13 08:00:00+01:00;-4;53.14411109
1900-03-13 09:00:00+01:00;-2.5;52.50309494
1900-03-13 10:00:00+01:00;-1.7;51.59219582
1900-03-13 11:00:00+01:00;-0.6;49.03785451
1900-03-13 12:00:00+01:00;0;48.48660045
1900-03-13 13:00:00+01:00;2.2;44.46392535
1900-03-13 14:00:00+01:00;5.2;38.03797812
1900-03-13 15:00:00+01:00;4;34.98079837
1900-03-13 16:00:00+01:00;4.4;28.5368739
1900-03-13 17:00:00+01:00;2.5;25.73725814
1900-03-13 18:00:00+01:00;0.6;24.74379216
1900-03-13 19:00:00+01:00;-2;24.46217219
1900-03-13 20:00:00+01:00;-4.8;23.62594044
1900-03-13 21:00:00+01:00;-3.8;21.74710316
1900-03-13 22:00:00+01:00;-7;20.86785002
1900-03-13 23:00:00+01:00;-7.8;21.49021364
1900-03-14 00:00:00+01:00;-8.5;22.37752427
1900-03-14 01:00:00+01:00;-6.6;21.96325787
1900-03-14 02:00:00+01:00;-5.8;22.5560035
1900-03-14 03:00:00+01:00;-4.6;22.67054099
1900-03-14 04:00:00+01:00;-5.1;24.20296079
1900-03-14 05:00:00+01:00;-4.5;26.97645042
1900-03-14 06:00:00+01:00;-5.3;36.42350135
1900-03-14 07:00:00+01:00;-3.6;44.21574196
1900-03-14 08:00:00+01:00;-3.3;50.67092342
1900-03-14 09:00:00+01:00;-2.3;50.72581672
1900-03-14 10:00:00+01:00;-2.5;50.82413095
1900-03-14 11:00:00+01:00;-1.2;48.05063993
1900-03-14 12:00:00+01:00;-1;48.11521241
1900-03-14 13:00:00+01:00;1.2;44.36826991
1900-03-14 14:00:00+01:00;0.3;42.34998147
1900-03-14 15:00:00+01:00;0;38.01524533
1900-03-14 16:00:00+01:00;0;30.39035925
1900-03-14 17:00:00+01:00;0;26.28869861
1900-03-14 18:00:00+01:00;0.1;24.56058325
1900-03-14 19:00:00+01:00;0;23.20245951
1900-03-14 20:00:00+01:00;-0.1;21.48824747
1900-03-14 21:00:00+01:00;-0.3;20.22184299
1900-03-14 22:00:00+01:00;-1.5;18.85683245
1900-03-14 23:00:00+01:00;-0.7;18.81943254
1900-03-15 00:00:00+01:00;-1.7;19.77115237
1900-03-15 01:00:00+01:00;-2.1;19.80880603
1900-03-15 02:00:00+01:00;-3.5;21.02213132
1900-03-15 03:00:00+01:00;-3.6;21.65320254
1900-03-15 04:00:00+01:00;-4.5;23.34147847
1900-03-15 05:00:00+01:00;-5.1;26.6908267
1900-03-15 06:00:00+01:00;-5;35.61370148
1900-03-15 07:00:00+01:00;-5.3;45.09752267
1900-03-15 08:00:00+01:00;-3.8;50.58128301
1900-03-15 09:00:00+01:00;-2.3;50.1325655
1900-03-15 10:00:00+01:00;-1.5;49.17564884
1900-03-15 11:00:00+01:00;0.7;45.51329115
1900-03-15 12:00:00+01:00;2.8;43.35743798
1900-03-15 13:00:00+01:00;3.3;41.24084415
1900-03-15 14:00:00+01:00;3.9;37.55024796
1900-03-15 15:00:00+01:00;3.5;33.65251761
1900-03-15 16:00:00+01:00;3;27.33983313
1900-03-15 17:00:00+01:00;1.5;24.17796829
1900-03-15 18:00:00+01:00;-1;23.71602012
1900-03-15 19:00:00+01:00;-2.8;23.37796562
1900-03-15 20:00:00+01:00;-4.1;22.05760384
1900-03-15 21:00:00+01:00;-6.1;21.44588564
1900-03-15 22:00:00+01:00;-6.5;19.87861967
1900-03-15 23:00:00+01:00;-8;20.84019282
1900-03-16 00:00:00+01:00;-8;21.64367295
1900-03-16 01:00:00+01:00;-4.8;20.95041634
1900-03-16 02:00:00+01:00;-4.8;21.85500317
1900-03-16 03:00:00+01:00;-3.1;21.83594335
1900-03-16 04:00:00+01:00;-3;23.09859037
1900-03-16 05:00:00+01:00;-2.4;25.76237909
1900-03-16 06:00:00+01:00;-2.8;34.30512865
1900-03-16 07:00:00+01:00;-2.5;42.852227
1900-03-16 08:00:00+01:00;-1.4;48.221793
1900-03-16 09:00:00+01:00;0.1;47.78175646
1900-03-16 10:00:00+01:00;1;46.61833465
1900-03-16 11:00:00+01:00;1.8;44.48693551
1900-03-16 12:00:00+01:00;2.2;44.14773353
1900-03-16 13:00:00+01:00;2.3;42.57924439
1900-03-16 14:00:00+01:00;2.1;39.8239859
1900-03-16 15:00:00+01:00;2.2;35.32424035
1900-03-16 16:00:00+01:00;3;27.90072051
1900-03-16 17:00:00+01:00;1.9;24.59244246
1900-03-16 18:00:00+01:00;1.4;23.10027586
1900-03-16 19:00:00+01:00;1;21.89196033
1900-03-16 20:00:00+01:00;1.1;20.1892275
1900-03-16 21:00:00+01:00;0.3;19.11916665
1900-03-16 22:00:00+01:00;0.5;17.41440404
1900-03-16 23:00:00+01:00;-0.1;17.71547513
1900-03-17 00:00:00+01:00;0.4;17.87593526
1900-03-17 01:00:00+01:00;0;17.72960468
1900-03-17 02:00:00+01:00;-1.2;18.13290402
1900-03-17 03:00:00+01:00;-4.6;19.46584325
1900-03-17 04:00:00+01:00;-5.6;20.39236626
1900-03-17 05:00:00+01:00;-5.8;21.4075182
1900-03-17 06:00:00+01:00;-6;22.84961078
1900-03-17 07:00:00+01:00;-2.1;20.52317374
1900-03-17 08:00:00+01:00;-0.5;19.67350963
1900-03-17 09:00:00+01:00;2;18.36085136
1900-03-17 10:00:00+01:00;2.6;18.02254864
1900-03-17 11:00:00+01:00;5.5;16.45112606
1900-03-17 12:00:00+01:00;4.3;16.97342981
1900-03-17 13:00:00+01:00;4.4;16.67508617
1900-03-17 14:00:00+01:00;6.3;15.5800271
1900-03-17 15:00:00+01:00;6.6;15.51661711
1900-03-17 16:00:00+01:00;7.6;14.93200441
1900-03-17 17:00:00+01:00;4.5;16.52840835
1900-03-17 18:00:00+01:00;2.1;17.29170133
1900-03-17 19:00:00+01:00;1.6;17.50688873
1900-03-17 20:00:00+01:00;0;17.9180752
1900-03-17 21:00:00+01:00;-1.9;18.5086701
1900-03-17 22:00:00+01:00;-1.7;17.61479015
1900-03-17 23:00:00+01:00;-3.1;18.39301814
1900-03-18 00:00:00+01:00;-4;18.99798401
1900-03-18 01:00:00+01:00;-4.6;19.20743234
1900-03-18 02:00:00+01:00;-6.3;20.03095125
1900-03-18 03:00:00+01:00;-5.5;19.85658983
1900-03-18 04:00:00+01:00;-6.3;20.68017833
1900-03-18 05:00:00+01:00;-6.1;21.48867522
1900-03-18 06:00:00+01:00;-6.3;22.8999993
1900-03-18 07:00:00+01:00;-4.8;21.78214993
1900-03-18 08:00:00+01:00;-2.4;20.61158645
1900-03-18 09:00:00+01:00;-0.8;19.70983219
1900-03-18 10:00:00+01:00;0;19.39712275
1900-03-18 11:00:00+01:00;1.1;18.82805836
1900-03-18 12:00:00+01:00;1.3;18.76937259
1900-03-18 13:00:00+01:00;1.5;18.5025215
1900-03-18 14:00:00+01:00;2.3;18.13583891
1900-03-18 15:00:00+01:00;3.7;17.65101286
1900-03-18 16:00:00+01:00;3.4;17.90181899
1900-03-18 17:00:00+01:00;2;18.74630108
1900-03-18 18:00:00+01:00;1.8;18.48569239
1900-03-18 19:00:00+01:00;2;18.43408493
1900-03-18 20:00:00+01:00;0.3;18.99139533
1900-03-18 21:00:00+01:00;-0.3;19.06229494
1900-03-18 22:00:00+01:00;-1.7;18.64354297
1900-03-18 23:00:00+01:00;-2.5;19.20876646
1900-03-19 00:00:00+01:00;-3.8;19.97443514
1900-03-19 01:00:00+01:00;-3.1;19.83250971
1900-03-19 02:00:00+01:00;-3.4;20.67981243
1900-03-19 03:00:00+01:00;-3.9;21.44963065
1900-03-19 04:00:00+01:00;-4.1;22.80162747
1900-03-19 05:00:00+01:00;-5;26.20600872
1900-03-19 06:00:00+01:00;-5.5;35.47175724
1900-03-19 07:00:00+01:00;-4.3;43.44902934
1900-03-19 08:00:00+01:00;-3.3;49.28368462
1900-03-19 09:00:00+01:00;-2.5;49.63446245
1900-03-19 10:00:00+01:00;-1;48.07354103
1900-03-19 11:00:00+01:00;0;45.69445228
1900-03-19 12:00:00+01:00;3.5;42.23313521
1900-03-19 13:00:00+01:00;4.5;39.54484151
1900-03-19 14:00:00+01:00;6.5;34.43262467
1900-03-19 15:00:00+01:00;7.2;29.86348026
1900-03-19 16:00:00+01:00;7.3;24.52094809
1900-03-19 17:00:00+01:00;4.6;22.41147397
1900-03-19 18:00:00+01:00;3;21.48049355
1900-03-19 19:00:00+01:00;-0.3;21.80501232
1900-03-19 20:00:00+01:00;-2;20.82728472
1900-03-19 21:00:00+01:00;-3.3;20.01245018
1900-03-19 22:00:00+01:00;-4;18.63441657
1900-03-19 23:00:00+01:00;-6;19.61879585
1900-03-20 00:00:00+01:00;-6.6;20.5116638
1900-03-20 01:00:00+01:00;-6.8;20.89364385
1900-03-20 02:00:00+01:00;-8.6;22.61653122
1900-03-20 03:00:00+01:00;-7.5;23.02042501
1900-03-20 04:00:00+01:00;-8.3;24.87248611
1900-03-20 05:00:00+01:00;-8.7;28.38848349
1900-03-20 06:00:00+01:00;-8.8;38.54437483
1900-03-20 07:00:00+01:00;-7.1;46.92246094
1900-03-20 08:00:00+01:00;-4.3;51.35532295
1900-03-20 09:00:00+01:00;-3.4;51.51571924
1900-03-20 10:00:00+01:00;-3;51.08195131
1900-03-20 11:00:00+01:00;-1.4;48.01577766
1900-03-20 12:00:00+01:00;1;45.8888202
1900-03-20 13:00:00+01:00;5.1;39.90021273
1900-03-20 14:00:00+01:00;4.8;37.32747387
1900-03-20 15:00:00+01:00;3.8;34.21516031
1900-03-20 16:00:00+01:00;4;27.82305906
1900-03-20 17:00:00+01:00;4.2;24.09466159
1900-03-20 18:00:00+01:00;3.4;22.72568573
1900-03-20 19:00:00+01:00;1;22.43197449
1900-03-20 20:00:00+01:00;-1;21.6027779
1900-03-20 21:00:00+01:00;-2.1;20.65306542
1900-03-20 22:00:00+01:00;-2.4;19.04419312
1900-03-20 23:00:00+01:00;-2;19.19349298
1900-03-21 00:00:00+01:00;-2;19.89022114
1900-03-21 01:00:00+01:00;-1.9;19.77150909
1900-03-21 02:00:00+01:00;0.2;19.57531226
1900-03-21 03:00:00+01:00;0.3;19.88157043
1900-03-21 04:00:00+01:00;0;21.02716868
1900-03-21 05:00:00+01:00;-1;24.11151976
1900-03-21 06:00:00+01:00;-0.7;31.4646234
1900-03-21 07:00:00+01:00;-1;39.67010104
1900-03-21 08:00:00+01:00;-0.5;45.30294059
1900-03-21 09:00:00+01:00;-1.2;47.14613156
1900-03-21 10:00:00+01:00;-0.5;46.31239029
1900-03-21 11:00:00+01:00;0.7;43.6511618
1900-03-21 12:00:00+01:00;1.2;43.39516848
1900-03-21 13:00:00+01:00;1.6;41.85167961
1900-03-21 14:00:00+01:00;2.5;38.03361335
1900-03-21 15:00:00+01:00;1.9;34.3627453
1900-03-21 16:00:00+01:00;4.7;25.61190058
1900-03-21 17:00:00+01:00;3.7;22.50217272
1900-03-21 18:00:00+01:00;2.3;21.56820758
1900-03-21 19:00:00+01:00;4;19.4792526
1900-03-21 20:00:00+01:00;5;17.70419928
1900-03-21 21:00:00+01:00;5.4;16.38333831
1900-03-21 22:00:00+01:00;4.9;15.17160601
1900-03-21 23:00:00+01:00;4.6;15.32936874
1900-03-22 00:00:00+01:00;4.6;16.00348586
1900-03-22 01:00:00+01:00;4.6;15.70526456
1900-03-22 02:00:00+01:00;3.8;16.38300425
1900-03-22 03:00:00+01:00;3;17.04996104
1900-03-22 04:00:00+01:00;1.7;18.58745111
1900-03-22 05:00:00+01:00;0;21.97052883
1900-03-22 06:00:00+01:00;-2.8;31.39166874
1900-03-22 07:00:00+01:00;0.2;36.63021303
1900-03-22 08:00:00+01:00;1.8;40.90389902
1900-03-22 09:00:00+01:00;7.5;36.22609932
1900-03-22 10:00:00+01:00;7;36.37832737
1900-03-22 11:00:00+01:00;9.7;32.51155882
1900-03-22 12:00:00+01:00;10.4;31.22714859
1900-03-22 13:00:00+01:00;12.9;26.39899789
1900-03-22 14:00:00+01:00;14.1;22.73973641
1900-03-22 15:00:00+01:00;12.2;21.49871194
1900-03-22 16:00:00+01:00;11.6;18.37081134
1900-03-22 17:00:00+01:00;11.2;15.67711498
1900-03-22 18:00:00+01:00;10.8;14.21232947
1900-03-22 19:00:00+01:00;10.1;13.32710586
1900-03-22 20:00:00+01:00;8.6;13.1189048
1900-03-22 21:00:00+01:00;6.9;12.82043674
1900-03-22 22:00:00+01:00;8;11.53951956
1900-03-22 23:00:00+01:00;7.2;11.75804265
1900-03-23 00:00:00+01:00;5.6;12.87724615
1900-03-23 01:00:00+01:00;2.7;13.7697991
1900-03-23 02:00:00+01:00;4;13.84519259
1900-03-23 03:00:00+01:00;6.6;13.17011808
1900-03-23 04:00:00+01:00;5;14.55824272
1900-03-23 05:00:00+01:00;4.2;17.12516623
1900-03-23 06:00:00+01:00;3.5;23.24741574
1900-03-23 07:00:00+01:00;3.2;29.21746297
1900-03-23 08:00:00+01:00;4.1;33.55840811
1900-03-23 09:00:00+01:00;4.7;34.60318188
1900-03-23 10:00:00+01:00;4.8;34.77111835
1900-03-23 11:00:00+01:00;4.9;33.71280176
1900-03-23 12:00:00+01:00;5.3;33.81691495
1900-03-23 13:00:00+01:00;5.2;33.32840305
1900-03-23 14:00:00+01:00;5.7;30.59211282
1900-03-23 15:00:00+01:00;5.2;27.68384101
1900-03-23 16:00:00+01:00;4.8;21.96701562
1900-03-23 17:00:00+01:00;4.2;18.86361748
1900-03-23 18:00:00+01:00;3.7;17.89693212
1900-03-23 19:00:00+01:00;3.5;17.12842337
1900-03-23 20:00:00+01:00;3.6;15.90703518
1900-03-23 21:00:00+01:00;3.2;15.07524284
1900-03-23 22:00:00+01:00;2.6;14.22537993
1900-03-23 23:00:00+01:00;2.4;14.5201313
1900-03-24 00:00:00+01:00;2.4;15.04600566
1900-03-24 01:00:00+01:00;2;15.08651216
1900-03-24 02:00:00+01:00;1.9;15.21706342
1900-03-24 03:00:00+01:00;1.7;15.41246866
1900-03-24 04:00:00+01:00;1.9;15.77059686
1900-03-24 05:00:00+01:00;1.4;16.73996181
1900-03-24 06:00:00+01:00;0.9;17.89881077
1900-03-24 07:00:00+01:00;2;16.97286996
1900-03-24 08:00:00+01:00;3.4;16.26041805
1900-03-24 09:00:00+01:00;4.1;15.87509405
1900-03-24 10:00:00+01:00;4.5;15.7306358
1900-03-24 11:00:00+01:00;5.9;14.92188312
1900-03-24 12:00:00+01:00;6;14.87597381
1900-03-24 13:00:00+01:00;6;14.70495571
1900-03-24 14:00:00+01:00;9;13.11109216
1900-03-24 15:00:00+01:00;8;13.66449589
1900-03-24 16:00:00+01:00;7.5;13.81237736
1900-03-24 17:00:00+01:00;6.1;14.48474947
1900-03-24 18:00:00+01:00;3.6;15.33120047
1900-03-24 19:00:00+01:00;1.4;16.3204414
1900-03-24 20:00:00+01:00;0.4;16.40239546
1900-03-24 21:00:00+01:00;-1.4;16.97286359
1900-03-24 22:00:00+01:00;-3.5;17.0495624
1900-03-24 23:00:00+01:00;-3.5;17.32478421
1900-03-25 00:00:00+01:00;-4.3;17.95393226
1900-03-25 01:00:00+01:00;-5.3;18.42045521
1900-03-25 02:00:00+01:00;-4;18.21469846
1900-03-25 03:00:00+01:00;-4;18.41548722
1900-03-25 04:00:00+01:00;-3;18.59127481
1900-03-25 05:00:00+01:00;-2.9;19.45094785
1900-03-25 06:00:00+01:00;-2;20.19888867
1900-03-25 07:00:00+01:00;-1;19.33529059
1900-03-25 08:00:00+01:00;-0.7;19.21375461
1900-03-25 09:00:00+01:00;0.1;18.7297465
1900-03-25 10:00:00+01:00;0;18.890378
1900-03-25 11:00:00+01:00;0.6;18.58097309
1900-03-25 12:00:00+01:00;1.4;18.27347436
1900-03-25 13:00:00+01:00;2.2;17.75834837
1900-03-25 14:00:00+01:00;3;17.43173159
1900-03-25 15:00:00+01:00;2.6;17.86965656
1900-03-25 16:00:00+01:00;2.4;18.07192943
1900-03-25 17:00:00+01:00;2.6;18.11003278
1900-03-25 18:00:00+01:00;1.9;18.1124116
1900-03-25 19:00:00+01:00;1.6;18.27503398
1900-03-25 20:00:00+01:00;1.6;18.0994946
1900-03-25 21:00:00+01:00;1.5;17.9680095
1900-03-25 22:00:00+01:00;1.3;17.10278539
1900-03-25 23:00:00+01:00;1.2;17.3543961
1900-03-26 00:00:00+01:00;1.3;16.59351573
1900-03-26 01:00:00+01:00;1.4;16.38216288
1900-03-26 02:00:00+01:00;1.4;17.01124121
1900-03-26 03:00:00+01:00;1.6;17.29043828
1900-03-26 04:00:00+01:00;2.5;17.21671892
1900-03-26 05:00:00+01:00;2.8;18.51076592
1900-03-26 06:00:00+01:00;3;21.21383546
1900-03-26 07:00:00+01:00;2.9;24.20351699
1900-03-26 08:00:00+01:00;2.5;25.88344094
1900-03-26 09:00:00+01:00;1.5;26.88786231
1900-03-26 10:00:00+01:00;1.7;26.54365579
1900-03-26 11:00:00+01:00;2.1;25.55628349
1900-03-26 12:00:00+01:00;2.3;25.21370417
1900-03-26 13:00:00+01:00;2.6;24.50955051
1900-03-26 14:00:00+01:00;2.4;23.97207517
1900-03-26 15:00:00+01:00;3;22.25038088
1900-03-26 16:00:00+01:00;3.3;19.73154359
1900-03-26 17:00:00+01:00;3;18.40097016
1900-03-26 18:00:00+01:00;2.9;17.34367004
1900-03-26 19:00:00+01:00;2;16.80845763
1900-03-26 20:00:00+01:00;2;15.88186475
1900-03-26 21:00:00+01:00;2;15.69496486
1900-03-26 22:00:00+01:00;2;14.77892609
1900-03-26 23:00:00+01:00;1.8;15.22074892
1900-03-27 00:00:00+01:00;1.8;15.47985033
1900-03-27 01:00:00+01:00;1.6;15.55640006
1900-03-27 02:00:00+01:00;0.9;16.4009438
1900-03-27 03:00:00+01:00;0.4;16.99262006
1900-03-27 04:00:00+01:00;0.5;17.47848467
1900-03-27 05:00:00+01:00;0.3;19.21189202
1900-03-27 06:00:00+01:00;0.9;22.66449253
1900-03-27 07:00:00+01:00;1.4;25.33691238
1900-03-27 08:00:00+01:00;2.5;25.84572936
1900-03-27 09:00:00+01:00;3.4;25.11672112
1900-03-27 10:00:00+01:00;5;23.35473865
1900-03-27 11:00:00+01:00;4.8;23.02501004
1900-03-27 12:00:00+01:00;5.5;22.04607794
1900-03-27 13:00:00+01:00;6;21.17258889
1900-03-27 14:00:00+01:00;5.8;20.70544633
1900-03-27 15:00:00+01:00;6.1;19.47485484
1900-03-27 16:00:00+01:00;4.5;18.65399538
1900-03-27 17:00:00+01:00;4.3;17.33746305
1900-03-27 18:00:00+01:00;3.8;16.5783881
1900-03-27 19:00:00+01:00;3.1;15.95994931
1900-03-27 20:00:00+01:00;2.8;15.22995848
1900-03-27 21:00:00+01:00;1.7;15.5401698
1900-03-27 22:00:00+01:00;1.6;14.77989087
1900-03-27 23:00:00+01:00;1.1;15.3479799
1900-03-28 00:00:00+01:00;1.2;15.44531195
1900-03-28 01:00:00+01:00;1.3;15.45098074
1900-03-28 02:00:00+01:00;1.3;15.95254203
1900-03-28 03:00:00+01:00;1.2;16.34172668
1900-03-28 04:00:00+01:00;1.1;16.82103235
1900-03-28 05:00:00+01:00;0.4;18.65179118
1900-03-28 06:00:00+01:00;0.6;22.42325896
1900-03-28 07:00:00+01:00;2.7;23.59927112
1900-03-28 08:00:00+01:00;2.9;24.81516701
1900-03-28 09:00:00+01:00;3.7;24.27370797
1900-03-28 10:00:00+01:00;4.4;23.48782309
1900-03-28 11:00:00+01:00;5;22.45489825
1900-03-28 12:00:00+01:00;5.1;22.1571065
1900-03-28 13:00:00+01:00;5.5;21.44680166
1900-03-28 14:00:00+01:00;5.7;20.6569946
1900-03-28 15:00:00+01:00;5.6;19.80253307
1900-03-28 16:00:00+01:00;6.4;17.23282522
1900-03-28 17:00:00+01:00;4;17.47427079
1900-03-28 18:00:00+01:00;3.9;16.47441337
1900-03-28 19:00:00+01:00;4;15.47480826
1900-03-28 20:00:00+01:00;2.7;15.25049032
1900-03-28 21:00:00+01:00;2.2;15.27904398
1900-03-28 22:00:00+01:00;2.4;14.34783155
1900-03-28 23:00:00+01:00;2;14.8439747
1900-03-29 00:00:00+01:00;2.9;14.6652527
1900-03-29 01:00:00+01:00;1.9;15.05812982
1900-03-29 02:00:00+01:00;1.7;15.63206374
1900-03-29 03:00:00+01:00;1.3;16.13278597
1900-03-29 04:00:00+01:00;0.8;16.79058069
1900-03-29 05:00:00+01:00;-0.7;18.99889242
1900-03-29 06:00:00+01:00;-0.3;23.0257409
1900-03-29 07:00:00+01:00;0.6;25.30015863
1900-03-29 08:00:00+01:00;1.8;25.75169269
1900-03-29 09:00:00+01:00;2.5;25.38870244
1900-03-29 10:00:00+01:00;3.2;24.65520621
1900-03-29 11:00:00+01:00;3.6;23.78379195
1900-03-29 12:00:00+01:00;3.5;23.75723783
1900-03-29 13:00:00+01:00;4.5;22.46133527
1900-03-29 14:00:00+01:00;4.2;22.10112983
1900-03-29 15:00:00+01:00;3.6;21.54560756
1900-03-29 16:00:00+01:00;3.6;19.38820814
1900-03-29 17:00:00+01:00;3.8;17.77076974
1900-03-29 18:00:00+01:00;2.1;17.60404344
1900-03-29 19:00:00+01:00;0.7;17.39397255
1900-03-29 20:00:00+01:00;-1.2;17.42720812
1900-03-29 21:00:00+01:00;-3;17.99506678
1900-03-29 22:00:00+01:00;-3.5;17.60242943
1900-03-29 23:00:00+01:00;-3.3;17.92556325
1900-03-30 00:00:00+01:00;-3.5;17.95231987
1900-03-30 01:00:00+01:00;-4;18.43381873
1900-03-30 02:00:00+01:00;-5.6;19.57243413
1900-03-30 03:00:00+01:00;-5.1;19.8818868
1900-03-30 04:00:00+01:00;-3.1;19.90596368
1900-03-30 05:00:00+01:00;-4.1;22.24590195
1900-03-30 06:00:00+01:00;-4.3;27.72944084
1900-03-30 07:00:00+01:00;-3.8;30.93884316
1900-03-30 08:00:00+01:00;-3.4;32.36846196
1900-03-30 09:00:00+01:00;-3.5;32.83900828
1900-03-30 10:00:00+01:00;-1.4;30.85866259
1900-03-30 11:00:00+01:00;0.5;28.49944418
1900-03-30 12:00:00+01:00;3.2;25.65397888
1900-03-30 13:00:00+01:00;5.3;23.21426692
1900-03-30 14:00:00+01:00;6.4;21.60314949
1900-03-30 15:00:00+01:00;7;20.14228331
1900-03-30 16:00:00+01:00;9.1;16.46051332
1900-03-30 17:00:00+01:00;9.4;15.18789262
1900-03-30 18:00:00+01:00;4.4;17.71752446
1900-03-30 19:00:00+01:00;3.3;17.1187058
1900-03-30 20:00:00+01:00;1;17.13092853
1900-03-30 21:00:00+01:00;0;17.38221009
1900-03-30 22:00:00+01:00;-1.5;17.0455492
1900-03-30 23:00:00+01:00;-0.1;16.76199615
1900-03-31 00:00:00+01:00;-3;18.13999702
1900-03-31 01:00:00+01:00;-0.1;16.98596719
1900-03-31 02:00:00+01:00;-2.5;18.45640922
1900-03-31 03:00:00+01:00;-3.4;19.13500144
1900-03-31 04:00:00+01:00;-3;19.63074975
1900-03-31 05:00:00+01:00;-6.5;23.02109847
1900-03-31 06:00:00+01:00;-4.1;27.24960484
1900-03-31 07:00:00+01:00;0.2;27.00842382
1900-03-31 08:00:00+01:00;2.8;26.12558909
1900-03-31 09:00:00+01:00;4.1;24.8289831
1900-03-31 10:00:00+01:00;4.7;23.89476649
1900-03-31 11:00:00+01:00;6.2;21.96270915
1900-03-31 12:00:00+01:00;6.8;20.97195712
1900-03-31 13:00:00+01:00;7.7;19.75753396
1900-03-31 14:00:00+01:00;8.2;18.76532772
1900-03-31 15:00:00+01:00;8.8;17.51139649
1900-03-31 16:00:00+01:00;8.4;16.08371354
1900-03-31 17:00:00+01:00;9.9;14.03491969
1900-03-31 18:00:00+01:00;6.6;15.51813615
1900-03-31 19:00:00+01:00;5.6;14.97228687
1900-03-31 20:00:00+01:00;3.1;15.26247111
1900-03-31 21:00:00+01:00;2.1;15.52079159
1900-03-31 22:00:00+01:00;2.2;14.55434722
1900-03-31 23:00:00+01:00;2.8;14.5619844
1900-04-01 00:00:00+01:00;3.5;14.490298
1900-04-01 01:00:00+01:00;4.3;14.03834547
1900-04-01 02:00:00+01:00;5.3;14.14692215
1900-04-01 03:00:00+01:00;6.3;14.00096594
1900-04-01 04:00:00+01:00;6.1;14.0920747
1900-04-01 05:00:00+01:00;6;15.10635758
1900-04-01 06:00:00+01:00;5.6;17.36903428
1900-04-01 07:00:00+01:00;6.8;18.67355441
1900-04-01 08:00:00+01:00;6.2;20.33873831
1900-04-01 09:00:00+01:00;6.1;20.61003214
1900-04-01 10:00:00+01:00;5.8;20.80257003
1900-04-01 11:00:00+01:00;6.8;19.44047747
1900-04-01 12:00:00+01:00;5.4;20.70525168
1900-04-01 13:00:00+01:00;5.7;20.17803944
1900-04-01 14:00:00+01:00;5.7;19.59558651
1900-04-01 15:00:00+01:00;3.8;20.29266315
1900-04-01 16:00:00+01:00;6.5;16.42950965
1900-04-01 17:00:00+01:00;8.2;14.09095252
1900-04-01 18:00:00+01:00;6.5;14.21884251
1900-04-01 19:00:00+01:00;4.9;14.1528359
1900-04-01 20:00:00+01:00;3.7;14.01568537
1900-04-01 21:00:00+01:00;2.8;14.17743049
1900-04-01 22:00:00+01:00;3.4;13.25541883
1900-04-01 23:00:00+01:00;1.9;14.20617313
1900-04-02 00:00:00+01:00;1.3;14.41514286
1900-04-02 01:00:00+01:00;1;14.71583672
1900-04-02 02:00:00+01:00;-2.5;16.45160851
1900-04-02 03:00:00+01:00;-2.4;16.83015164
1900-04-02 04:00:00+01:00;-4;18.34187371
1900-04-02 05:00:00+01:00;-2.5;19.55888074
1900-04-02 06:00:00+01:00;-1;23.49081907
1900-04-02 07:00:00+01:00;2.6;23.5824831
1900-04-02 08:00:00+01:00;5;22.9452031
1900-04-02 09:00:00+01:00;5.7;22.41612361
1900-04-02 10:00:00+01:00;7.6;20.3814329
1900-04-02 11:00:00+01:00;9.9;17.89364437
1900-04-02 12:00:00+01:00;9.8;17.47937297
1900-04-02 13:00:00+01:00;12.1;14.98230413
1900-04-02 14:00:00+01:00;9.9;16.52750822
1900-04-02 15:00:00+01:00;9.1;16.50803842
1900-04-02 16:00:00+01:00;13;12.10232353
1900-04-02 17:00:00+01:00;11;12.57146032
1900-04-02 18:00:00+01:00;8.2;13.70465881
1900-04-02 19:00:00+01:00;4.3;14.71086788
1900-04-02 20:00:00+01:00;2.9;14.64192578
1900-04-02 21:00:00+01:00;3;14.36810715
1900-04-02 22:00:00+01:00;2.7;13.81621945
1900-04-02 23:00:00+01:00;2.4;14.2064751
1900-04-03 00:00:00+01:00;2.1;15.12029705
1900-04-03 01:00:00+01:00;1;15.4867399
1900-04-03 02:00:00+01:00;0.8;16.10925
1900-04-03 03:00:00+01:00;1.3;16.33123609
1900-04-03 04:00:00+01:00;0.8;17.43341428
1900-04-03 05:00:00+01:00;0.6;20.02412285
1900-04-03 06:00:00+01:00;0;27.36199903
1900-04-03 07:00:00+01:00;1.1;33.30363194
1900-04-03 08:00:00+01:00;2.5;37.72371637
1900-04-03 09:00:00+01:00;3.5;38.23419589
1900-04-03 10:00:00+01:00;5.6;36.25166208
1900-04-03 11:00:00+01:00;6;34.94324644
1900-04-03 12:00:00+01:00;7;34.11056516
1900-04-03 13:00:00+01:00;6.6;33.5287339
1900-04-03 14:00:00+01:00;7;30.67026337
1900-04-03 15:00:00+01:00;6.1;28.08048462
1900-04-03 16:00:00+01:00;4.9;23.24431063
1900-04-03 17:00:00+01:00;5.4;19.6350661
1900-04-03 18:00:00+01:00;3.7;19.04347228
1900-04-03 19:00:00+01:00;2.1;18.73496624
1900-04-03 20:00:00+01:00;1.2;17.67829986
1900-04-03 21:00:00+01:00;1.1;16.59748002
1900-04-03 22:00:00+01:00;0.2;15.62251176
1900-04-03 23:00:00+01:00;-1;16.23938458
1900-04-04 00:00:00+01:00;-1;16.96191384
1900-04-04 01:00:00+01:00;-2;17.4439404
1900-04-04 02:00:00+01:00;-3;18.63922299
1900-04-04 03:00:00+01:00;-4.8;20.06705788
1900-04-04 04:00:00+01:00;-5.1;21.57170851
1900-04-04 05:00:00+01:00;-7.6;25.8918204
1900-04-04 06:00:00+01:00;-5.6;34.00866838
1900-04-04 07:00:00+01:00;-1.4;38.9334561
1900-04-04 08:00:00+01:00;-0.7;44.64034293
1900-04-04 09:00:00+01:00;1.1;44.15953127
1900-04-04 10:00:00+01:00;-0.7;46.18182537
1900-04-04 11:00:00+01:00;-1.5;45.76127976
1900-04-04 12:00:00+01:00;-1;45.94852204
1900-04-04 13:00:00+01:00;0.4;43.49478675
1900-04-04 14:00:00+01:00;0.1;40.99926104
1900-04-04 15:00:00+01:00;0.5;36.15270728
1900-04-04 16:00:00+01:00;1.9;27.80713592
1900-04-04 17:00:00+01:00;2;23.92975893
1900-04-04 18:00:00+01:00;2.2;22.25860428
1900-04-04 19:00:00+01:00;2.2;20.97457849
1900-04-04 20:00:00+01:00;2.2;19.51519373
1900-04-04 21:00:00+01:00;2.2;18.34409749
1900-04-04 22:00:00+01:00;2;16.95109137
1900-04-04 23:00:00+01:00;1.9;17.19934517
1900-04-05 00:00:00+01:00;1.5;18.08626168
1900-04-05 01:00:00+01:00;0.9;18.12724806
1900-04-05 02:00:00+01:00;0.6;18.78610402
1900-04-05 03:00:00+01:00;0;19.41708909
1900-04-05 04:00:00+01:00;-0.3;20.61797734
1900-04-05 05:00:00+01:00;0;23.08654368
1900-04-05 06:00:00+01:00;0.4;30.07784139
1900-04-05 07:00:00+01:00;1;37.25663903
1900-04-05 08:00:00+01:00;2.8;41.20929246
1900-04-05 09:00:00+01:00;3.1;42.20928484
1900-04-05 10:00:00+01:00;6;38.92453283
1900-04-05 11:00:00+01:00;8.7;34.96001542
1900-04-05 12:00:00+01:00;11.1;31.1535395
1900-04-05 13:00:00+01:00;11.9;28.42635945
1900-04-05 14:00:00+01:00;13.1;24.6099612
1900-04-05 15:00:00+01:00;12.2;22.3108164
1900-04-05 16:00:00+01:00;11.8;19.1143117
1900-04-05 17:00:00+01:00;11;16.58294968
1900-04-05 18:00:00+01:00;9;15.82678944
1900-04-05 19:00:00+01:00;6.4;15.8286913
1900-04-05 20:00:00+01:00;4.8;15.33647126
1900-04-05 21:00:00+01:00;4.2;14.49596004
1900-04-05 22:00:00+01:00;1.6;14.18900957
1900-04-05 23:00:00+01:00;0.7;14.60289565
1900-04-06 00:00:00+01:00;-1.7;15.95355948
1900-04-06 01:00:00+01:00;-2.9;16.60036387
1900-04-06 02:00:00+01:00;-2.6;17.35250382
1900-04-06 03:00:00+01:00;-3.9;18.52744484
1900-04-06 04:00:00+01:00;-3.4;19.54563759
1900-04-06 05:00:00+01:00;-3.5;22.47915739
1900-04-06 06:00:00+01:00;-2;29.55897988
1900-04-06 07:00:00+01:00;0;35.23172282
1900-04-06 08:00:00+01:00;1.5;39.71127962
1900-04-06 09:00:00+01:00;2;40.62242772
1900-04-06 10:00:00+01:00;3.7;39.04392567
1900-04-06 11:00:00+01:00;5.5;36.25358476
1900-04-06 12:00:00+01:00;7.4;34.5032074
1900-04-06 13:00:00+01:00;6.9;33.89302307
1900-04-06 14:00:00+01:00;9.4;28.79230722
1900-04-06 15:00:00+01:00;11.2;23.88001873
1900-04-06 16:00:00+01:00;9.5;21.06759121
1900-04-06 17:00:00+01:00;7.6;19.04743259
1900-04-06 18:00:00+01:00;7.2;17.75416442
1900-04-06 19:00:00+01:00;4.7;17.77933265
1900-04-06 20:00:00+01:00;3;17.25930415
1900-04-06 21:00:00+01:00;2;16.55368421
1900-04-06 22:00:00+01:00;1.8;15.33640289
1900-04-06 23:00:00+01:00;-0.1;16.10618406
1900-04-07 00:00:00+01:00;-0.6;16.76352513
1900-04-07 01:00:00+01:00;0.5;16.22341953
1900-04-07 02:00:00+01:00;-2;17.17146992
1900-04-07 03:00:00+01:00;-2.1;17.24310884
1900-04-07 04:00:00+01:00;-2.4;17.76460463
1900-04-07 05:00:00+01:00;-1.2;18.04206731
1900-04-07 06:00:00+01:00;-0.6;18.77097011
1900-04-07 07:00:00+01:00;2;17.06703267
1900-04-07 08:00:00+01:00;3.5;16.2560754
1900-04-07 09:00:00+01:00;6.7;14.66707999
1900-04-07 10:00:00+01:00;8.5;13.74003159
1900-04-07 11:00:00+01:00;10.3;12.65031244
1900-04-07 12:00:00+01:00;9.4;13.05942619
1900-04-07 13:00:00+01:00;11.5;11.81392749
1900-04-07 14:00:00+01:00;10.4;12.18979926
1900-04-07 15:00:00+01:00;12;11.46114417
1900-04-07 16:00:00+01:00;11.1;11.81157022
1900-04-07 17:00:00+01:00;9.2;12.82581764
1900-04-07 18:00:00+01:00;7.8;13.18825474
1900-04-07 19:00:00+01:00;6.9;13.5583284
1900-04-07 20:00:00+01:00;5.7;13.90206412
1900-04-07 21:00:00+01:00;4.4;14.21284984
1900-04-07 22:00:00+01:00;4.4;13.55222125
1900-04-07 23:00:00+01:00;3.6;13.94460865
1900-04-08 00:00:00+01:00;3.1;14.32792868
1900-04-08 01:00:00+01:00;2.9;14.25011009
1900-04-08 02:00:00+01:00;2.5;14.35605933
1900-04-08 03:00:00+01:00;2.3;14.37370924
1900-04-08 04:00:00+01:00;1.8;14.82376676
1900-04-08 05:00:00+01:00;1.5;15.62303757
1900-04-08 06:00:00+01:00;2;16.25573883
1900-04-08 07:00:00+01:00;4;14.86674859
1900-04-08 08:00:00+01:00;4.3;14.676365
1900-04-08 09:00:00+01:00;6.2;13.73321316
1900-04-08 10:00:00+01:00;7;13.46847871
1900-04-08 11:00:00+01:00;7.5;13.14852966
1900-04-08 12:00:00+01:00;8.6;12.67353524
1900-04-08 13:00:00+01:00;9;12.39913124
1900-04-08 14:00:00+01:00;11;11.33018002
1900-04-08 15:00:00+01:00;10.4;11.7094305
1900-04-08 16:00:00+01:00;10.2;11.72593488
1900-04-08 17:00:00+01:00;9;12.35128605
1900-04-08 18:00:00+01:00;6.7;13.15829371
1900-04-08 19:00:00+01:00;4.6;14.11260371
1900-04-08 20:00:00+01:00;3.4;14.37086513
1900-04-08 21:00:00+01:00;2.5;14.57514047
1900-04-08 22:00:00+01:00;1.9;14.20426644
1900-04-08 23:00:00+01:00;1.5;14.54114866
1900-04-09 00:00:00+01:00;1.2;15.09301395
1900-04-09 01:00:00+01:00;0.5;15.43456454
1900-04-09 02:00:00+01:00;1;15.93081329
1900-04-09 03:00:00+01:00;0.1;16.81714729
1900-04-09 04:00:00+01:00;-1.2;18.46199641
1900-04-09 05:00:00+01:00;-2.1;21.64947056
1900-04-09 06:00:00+01:00;-0.3;28.10020159
1900-04-09 07:00:00+01:00;2;33.2105311
1900-04-09 08:00:00+01:00;3.6;37.24450305
1900-04-09 09:00:00+01:00;3.5;38.91005171
1900-04-09 10:00:00+01:00;4.9;37.61150594
1900-04-09 11:00:00+01:00;7.2;34.31643518
1900-04-09 12:00:00+01:00;7.6;33.91544073
1900-04-09 13:00:00+01:00;9;31.10647939
1900-04-09 14:00:00+01:00;9.3;28.39904156
1900-04-09 15:00:00+01:00;6.9;27.49603067
1900-04-09 16:00:00+01:00;5.1;23.22248801
1900-04-09 17:00:00+01:00;3.1;20.74379097
1900-04-09 18:00:00+01:00;2.4;19.71660284
1900-04-09 19:00:00+01:00;1.7;19.01750958
1900-04-09 20:00:00+01:00;1;17.86463707
1900-04-09 21:00:00+01:00;0.2;17.0157453
1900-04-09 22:00:00+01:00;-1;16.08945303
1900-04-09 23:00:00+01:00;-0.7;16.24841373
1900-04-10 00:00:00+01:00;-2.3;17.43389351
1900-04-10 01:00:00+01:00;-3.1;17.91386404
1900-04-10 02:00:00+01:00;-3.3;18.87972135
1900-04-10 03:00:00+01:00;-2.5;19.2339315
1900-04-10 04:00:00+01:00;-4.1;21.14933892
1900-04-10 05:00:00+01:00;-3.6;23.87043285
1900-04-10 06:00:00+01:00;-0.8;30.14472916
1900-04-10 07:00:00+01:00;0.3;36.94452001
1900-04-10 08:00:00+01:00;1.8;41.48095979
1900-04-10 09:00:00+01:00;2.8;41.85262474
1900-04-10 10:00:00+01:00;3.9;40.7205697
1900-04-10 11:00:00+01:00;4.4;39.18512477
1900-04-10 12:00:00+01:00;5.8;37.84447198
1900-04-10 13:00:00+01:00;5.1;37.32008796
1900-04-10 14:00:00+01:00;5.8;33.93652159
1900-04-10 15:00:00+01:00;5.4;30.53098978
1900-04-10 16:00:00+01:00;4.6;25.10517049
1900-04-10 17:00:00+01:00;3.9;21.81659251
1900-04-10 18:00:00+01:00;2.2;21.03383536
1900-04-10 19:00:00+01:00;0;20.90964939
1900-04-10 20:00:00+01:00;-0.6;19.53856598
1900-04-10 21:00:00+01:00;-1;18.4523342
1900-04-10 22:00:00+01:00;-1.5;17.13937105
1900-04-10 23:00:00+01:00;-1.9;17.53948143
1900-04-11 00:00:00+01:00;-0.8;17.90101445
1900-04-11 01:00:00+01:00;0;17.62659689
1900-04-11 02:00:00+01:00;-0.6;18.451093
1900-04-11 03:00:00+01:00;-0.7;18.98557293
1900-04-11 04:00:00+01:00;-1.5;20.42208115
1900-04-11 05:00:00+01:00;-1.7;23.27754743
1900-04-11 06:00:00+01:00;-1.2;30.75816188
1900-04-11 07:00:00+01:00;0;37.5853445
1900-04-11 08:00:00+01:00;1.2;42.45108094
1900-04-11 09:00:00+01:00;1.7;43.30711882
1900-04-11 10:00:00+01:00;2.4;42.60549781
1900-04-11 11:00:00+01:00;3.2;40.62998129
1900-04-11 12:00:00+01:00;4;39.98130256
1900-04-11 13:00:00+01:00;5;37.56206988
1900-04-11 14:00:00+01:00;4.1;35.808778
1900-04-11 15:00:00+01:00;4;31.90215679
1900-04-11 16:00:00+01:00;2.4;26.46699404
1900-04-11 17:00:00+01:00;2.1;22.78723526
1900-04-11 18:00:00+01:00;1.5;21.5298057
1900-04-11 19:00:00+01:00;1.8;20.16134309
1900-04-11 20:00:00+01:00;1.8;18.64100165
1900-04-11 21:00:00+01:00;1.2;17.64357583
1900-04-11 22:00:00+01:00;0.6;16.40415221
1900-04-11 23:00:00+01:00;0.6;16.58603181
1900-04-12 00:00:00+01:00;0.2;17.41387352
1900-04-12 01:00:00+01:00;-0.3;17.59355534
1900-04-12 02:00:00+01:00;-0.3;18.26708059
1900-04-12 03:00:00+01:00;-0.7;18.94861076
1900-04-12 04:00:00+01:00;0;19.78852677
1900-04-12 05:00:00+01:00;-0.5;22.72546988
1900-04-12 06:00:00+01:00;0.1;29.75860671
1900-04-12 07:00:00+01:00;1.6;36.0336473
1900-04-12 08:00:00+01:00;2.8;40.563443
1900-04-12 09:00:00+01:00;3.7;40.97388742
1900-04-12 10:00:00+01:00;4.6;39.91289695
1900-04-12 11:00:00+01:00;6.7;36.66726968
1900-04-12 12:00:00+01:00;8;35.08046797
1900-04-12 13:00:00+01:00;9;32.3759713
1900-04-12 14:00:00+01:00;9.4;29.27512291
1900-04-12 15:00:00+01:00;9.6;25.65219081
1900-04-12 16:00:00+01:00;9.2;21.29296636
1900-04-12 17:00:00+01:00;8;18.68314983
1900-04-12 18:00:00+01:00;7;17.48970934
1900-04-12 19:00:00+01:00;5.1;17.15478034
1900-04-12 20:00:00+01:00;2.6;16.91469515
1900-04-12 21:00:00+01:00;3;15.64618994
1900-04-12 22:00:00+01:00;1.8;14.78819083
1900-04-12 23:00:00+01:00;2;14.85502682
1900-04-13 00:00:00+01:00;1.7;15.5899837
1900-04-13 01:00:00+01:00;0.7;15.90297398
1900-04-13 02:00:00+01:00;-0.3;16.89838242
1900-04-13 03:00:00+01:00;0.7;17.00686652
1900-04-13 04:00:00+01:00;0.4;18.16859842
1900-04-13 05:00:00+01:00;-1.5;21.69873306
1900-04-13 06:00:00+01:00;2;26.66305427
1900-04-13 07:00:00+01:00;3;32.53354828
1900-04-13 08:00:00+01:00;5.6;35.2451409
1900-04-13 09:00:00+01:00;6.4;35.88957547
1900-04-13 10:00:00+01:00;7.7;34.45562521
1900-04-13 11:00:00+01:00;8.9;32.30393931
1900-04-13 12:00:00+01:00;10;30.97493998
1900-04-13 13:00:00+01:00;10;29.57412899
1900-04-13 14:00:00+01:00;11.5;25.25047619
1900-04-13 15:00:00+01:00;10.2;23.85089708
1900-04-13 16:00:00+01:00;9.6;19.92835271
1900-04-13 17:00:00+01:00;10;16.76996328
1900-04-13 18:00:00+01:00;8.6;15.89926282
1900-04-13 19:00:00+01:00;7.5;15.25926506
1900-04-13 20:00:00+01:00;6.5;14.61513273
1900-04-13 21:00:00+01:00;4.4;14.35675421
1900-04-13 22:00:00+01:00;4.5;13.21464746
1900-04-13 23:00:00+01:00;3.9;13.44753567
1900-04-14 00:00:00+01:00;2.9;14.17098293
1900-04-14 01:00:00+01:00;2.6;14.15294951
1900-04-14 02:00:00+01:00;3;14.00397837
1900-04-14 03:00:00+01:00;3.2;13.9056519
1900-04-14 04:00:00+01:00;1.7;14.78243547
1900-04-14 05:00:00+01:00;2;15.32537127
1900-04-14 06:00:00+01:00;2.8;15.81806984
1900-04-14 07:00:00+01:00;4.8;14.43282135
1900-04-14 08:00:00+01:00;4.8;14.41247695
1900-04-14 09:00:00+01:00;5.1;14.21484134
1900-04-14 10:00:00+01:00;5.4;14.21698608
1900-04-14 11:00:00+01:00;8.4;12.69227124
1900-04-14 12:00:00+01:00;10.8;11.58038944
1900-04-14 13:00:00+01:00;12.7;10.49545265
1900-04-14 14:00:00+01:00;12.5;10.43718527
1900-04-14 15:00:00+01:00;14;9.557576135
1900-04-14 16:00:00+01:00;11.8;10.63244548
1900-04-14 17:00:00+01:00;9.9;11.60668447
1900-04-14 18:00:00+01:00;8.5;11.99315672
1900-04-14 19:00:00+01:00;7.7;12.32692846
1900-04-14 20:00:00+01:00;6.6;12.64678152
1900-04-14 21:00:00+01:00;3.8;13.56244265
1900-04-14 22:00:00+01:00;2.7;13.41243773
1900-04-14 23:00:00+01:00;1.6;13.96557113
1900-04-15 00:00:00+01:00;0.9;14.52321833
1900-04-15 01:00:00+01:00;0.2;14.78201376
1900-04-15 02:00:00+01:00;-1;15.38968798
1900-04-15 03:00:00+01:00;-1.2;15.62698665
1900-04-15 04:00:00+01:00;-2;16.38560656
1900-04-15 05:00:00+01:00;0;16.43189914
1900-04-15 06:00:00+01:00;1;17.00244573
1900-04-15 07:00:00+01:00;1.4;16.47258082
1900-04-15 08:00:00+01:00;2.7;15.85596257
1900-04-15 09:00:00+01:00;5.9;14.26623426
1900-04-15 10:00:00+01:00;8.3;13.1616826
1900-04-15 11:00:00+01:00;10.3;12.0402346
1900-04-15 12:00:00+01:00;15;9.740420662
1900-04-15 13:00:00+01:00;14.9;9.521200588
1900-04-15 14:00:00+01:00;15.8;8.890470329
1900-04-15 15:00:00+01:00;13.4;10.02257716
1900-04-15 16:00:00+01:00;13.4;10.05553569
1900-04-15 17:00:00+01:00;12.8;10.44502594
1900-04-15 18:00:00+01:00;10;11.47584243
1900-04-15 19:00:00+01:00;7.9;12.41683428
1900-04-15 20:00:00+01:00;5.8;13.17133978
1900-04-15 21:00:00+01:00;4.7;13.42115336
1900-04-15 22:00:00+01:00;3.4;13.29826106
1900-04-15 23:00:00+01:00;3;13.55578168
1900-04-16 00:00:00+01:00;1.4;14.46685598
1900-04-16 01:00:00+01:00;2.7;14.08667949
1900-04-16 02:00:00+01:00;2.8;14.5160661
1900-04-16 03:00:00+01:00;2.7;14.91131075
1900-04-16 04:00:00+01:00;2.5;15.80949982
1900-04-16 05:00:00+01:00;2.5;18.18364004
1900-04-16 06:00:00+01:00;2.5;24.42301096
1900-04-16 07:00:00+01:00;2.4;30.58904915
1900-04-16 08:00:00+01:00;3.3;35.14616576
1900-04-16 09:00:00+01:00;5.4;34.55552463
1900-04-16 10:00:00+01:00;6.7;33.42874923
1900-04-16 11:00:00+01:00;8;31.26263737
1900-04-16 12:00:00+01:00;5.8;33.91567386
1900-04-16 13:00:00+01:00;5.7;33.36447621
1900-04-16 14:00:00+01:00;6.5;30.30970415
1900-04-16 15:00:00+01:00;6.1;27.37002887
1900-04-16 16:00:00+01:00;6.8;21.37923282
1900-04-16 17:00:00+01:00;7.3;18.01222812
1900-04-16 18:00:00+01:00;7.5;16.54837993
1900-04-16 19:00:00+01:00;7.6;15.41532267
1900-04-16 20:00:00+01:00;7.4;14.53188569
1900-04-16 21:00:00+01:00;6.2;14.00483119
1900-04-16 22:00:00+01:00;5;13.31779539
1900-04-16 23:00:00+01:00;4;13.6998822
1900-04-17 00:00:00+01:00;5.7;13.82797697
1900-04-17 01:00:00+01:00;3.9;14.25574272
1900-04-17 02:00:00+01:00;4.5;14.49949069
1900-04-17 03:00:00+01:00;3.7;15.18329982
1900-04-17 04:00:00+01:00;4;15.95497996
1900-04-17 05:00:00+01:00;4.6;18.03441257
1900-04-17 06:00:00+01:00;5.5;23.10472703
1900-04-17 07:00:00+01:00;7.3;27.26743405
1900-04-17 08:00:00+01:00;8.3;30.84137977
1900-04-17 09:00:00+01:00;10.7;29.55421883
1900-04-17 10:00:00+01:00;11.6;28.57695117
1900-04-17 11:00:00+01:00;12.5;26.97170851
1900-04-17 12:00:00+01:00;14.3;24.76332018
1900-04-17 13:00:00+01:00;14;23.39856797
1900-04-17 14:00:00+01:00;13.7;21.48963517
1900-04-17 15:00:00+01:00;13.5;18.92520497
1900-04-17 16:00:00+01:00;12.4;16.26537468
1900-04-17 17:00:00+01:00;11.7;13.8871242
1900-04-17 18:00:00+01:00;9.1;13.68182687
1900-04-17 19:00:00+01:00;8.4;13.04343862
1900-04-17 20:00:00+01:00;9.2;11.86942411
1900-04-17 21:00:00+01:00;8.1;11.40146994
1900-04-17 22:00:00+01:00;7.2;10.85418714
1900-04-17 23:00:00+01:00;6.8;10.90253295
1900-04-18 00:00:00+01:00;6.4;11.62618617
1900-04-18 01:00:00+01:00;5;11.9930574
1900-04-18 02:00:00+01:00;5.9;12.08595397
1900-04-18 03:00:00+01:00;4.8;12.84447586
1900-04-18 04:00:00+01:00;5.3;13.40017286
1900-04-18 05:00:00+01:00;4.7;15.89750274
1900-04-18 06:00:00+01:00;5.4;20.90088135
1900-04-18 07:00:00+01:00;7.2;24.50785345
1900-04-18 08:00:00+01:00;7.9;28.49581873
1900-04-18 09:00:00+01:00;8.2;30.0093803
1900-04-18 10:00:00+01:00;8.9;29.56768305
1900-04-18 11:00:00+01:00;10.1;27.63354467
1900-04-18 12:00:00+01:00;10.6;27.26228736
1900-04-18 13:00:00+01:00;12.6;24.07731035
1900-04-18 14:00:00+01:00;9.7;25.19277131
1900-04-18 15:00:00+01:00;11;21.08771216
1900-04-18 16:00:00+01:00;10.5;17.3572666
1900-04-18 17:00:00+01:00;9.5;15.03850432
1900-04-18 18:00:00+01:00;6.3;15.22322684
1900-04-18 19:00:00+01:00;6;14.4889421
1900-04-18 20:00:00+01:00;5;13.89879851
1900-04-18 21:00:00+01:00;4.6;13.14039798
1900-04-18 22:00:00+01:00;4.6;12.23676238
1900-04-18 23:00:00+01:00;4.2;12.45209362
1900-04-19 00:00:00+01:00;3.6;13.30323249
1900-04-19 01:00:00+01:00;3.7;13.32069434
1900-04-19 02:00:00+01:00;3.5;13.94910983
1900-04-19 03:00:00+01:00;3.4;14.44051508
1900-04-19 04:00:00+01:00;3.4;15.37329509
1900-04-19 05:00:00+01:00;4;17.50024406
1900-04-19 06:00:00+01:00;4.1;23.33513654
1900-04-19 07:00:00+01:00;4.1;29.34432678
1900-04-19 08:00:00+01:00;3.3;35.62386507
1900-04-19 09:00:00+01:00;5.5;35.0073329
1900-04-19 10:00:00+01:00;6.7;33.97379555
1900-04-19 11:00:00+01:00;8;31.80441297
1900-04-19 12:00:00+01:00;5.8;34.27344526
1900-04-19 13:00:00+01:00;8.6;30.34354891
1900-04-19 14:00:00+01:00;8.8;27.79707449
1900-04-19 15:00:00+01:00;8.8;24.65120665
1900-04-19 16:00:00+01:00;8.2;20.26195789
1900-04-19 17:00:00+01:00;8.8;16.90575339
1900-04-19 18:00:00+01:00;7.9;15.85007653
1900-04-19 19:00:00+01:00;6.6;15.38253664
1900-04-19 20:00:00+01:00;5;14.9691373
1900-04-19 21:00:00+01:00;3;14.6857859
1900-04-19 22:00:00+01:00;2.9;13.64438384
1900-04-19 23:00:00+01:00;2.6;13.87075109
1900-04-20 00:00:00+01:00;3;14.42182797
1900-04-20 01:00:00+01:00;3;14.43877185
1900-04-20 02:00:00+01:00;2.8;15.06137283
1900-04-20 03:00:00+01:00;2.4;15.67962656
1900-04-20 04:00:00+01:00;2.4;16.66662068
1900-04-20 05:00:00+01:00;2.5;19.14614193
1900-04-20 06:00:00+01:00;2.9;25.29109189
1900-04-20 07:00:00+01:00;3.2;31.49409703
1900-04-20 08:00:00+01:00;3.5;36.63804942
1900-04-20 09:00:00+01:00;3.3;38.39317489
1900-04-20 10:00:00+01:00;3.2;38.71751338
1900-04-20 11:00:00+01:00;4;36.8729516
1900-04-20 12:00:00+01:00;4.5;36.65949936
1900-04-20 13:00:00+01:00;7.4;32.49504055
1900-04-20 14:00:00+01:00;8;29.41129499
1900-04-20 15:00:00+01:00;9.5;24.63120801
1900-04-20 16:00:00+01:00;6.7;21.75839029
1900-04-20 17:00:00+01:00;6.2;18.7413097
1900-04-20 18:00:00+01:00;6.6;17.15392642
1900-04-20 19:00:00+01:00;4.7;16.98281176
1900-04-20 20:00:00+01:00;3.6;16.23551076
1900-04-20 21:00:00+01:00;4.5;14.85215963
1900-04-20 22:00:00+01:00;3.7;13.97165894
1900-04-20 23:00:00+01:00;4;13.981989
1900-04-21 00:00:00+01:00;4.8;14.09861013
1900-04-21 01:00:00+01:00;2.1;14.89786317
1900-04-21 02:00:00+01:00;2;15.00453486
1900-04-21 03:00:00+01:00;2.3;14.92261567
1900-04-21 04:00:00+01:00;2.6;15.16237751
1900-04-21 05:00:00+01:00;2.8;15.77422446
1900-04-21 06:00:00+01:00;3;16.47092498
1900-04-21 07:00:00+01:00;3.4;15.86219794
1900-04-21 08:00:00+01:00;4.3;15.36753544
1900-04-21 09:00:00+01:00;4.8;15.04526908
1900-04-21 10:00:00+01:00;7;14.01846107
1900-04-21 11:00:00+01:00;7.3;13.67948621
1900-04-21 12:00:00+01:00;8.5;13.0706141
1900-04-21 13:00:00+01:00;10.4;11.97477168
1900-04-21 14:00:00+01:00;10.2;11.9372645
1900-04-21 15:00:00+01:00;8.9;12.66218133
1900-04-21 16:00:00+01:00;9.3;12.33124513
1900-04-21 17:00:00+01:00;8;12.95398586
1900-04-21 18:00:00+01:00;6.3;13.45961242
1900-04-21 19:00:00+01:00;5.5;13.77451366
1900-04-21 20:00:00+01:00;5;13.74786324
1900-04-21 21:00:00+01:00;4.9;13.63438625
1900-04-21 22:00:00+01:00;5;13.00054466
1900-04-21 23:00:00+01:00;4.2;13.45397763
1900-04-22 00:00:00+01:00;4;13.84290409
1900-04-22 01:00:00+01:00;4.5;13.51754416
1900-04-22 02:00:00+01:00;5;13.31014212
1900-04-22 03:00:00+01:00;4.2;13.56855699
1900-04-22 04:00:00+01:00;5;13.53335722
1900-04-22 05:00:00+01:00;4.5;14.35556051
1900-04-22 06:00:00+01:00;5.5;14.5438073
1900-04-22 07:00:00+01:00;8;12.86370798
1900-04-22 08:00:00+01:00;9.2;12.14081827
1900-04-22 09:00:00+01:00;11.4;11.12387073
1900-04-22 10:00:00+01:00;13.2;10.08730203
1900-04-22 11:00:00+01:00;15.6;6.312613949
1900-04-22 12:00:00+01:00;16.5;6.490496904
1900-04-22 13:00:00+01:00;16.6;6.466376266
1900-04-22 14:00:00+01:00;17.6;6.431792589
1900-04-22 15:00:00+01:00;18.1;6.239753477
1900-04-22 16:00:00+01:00;17.8;6.122205318
1900-04-22 17:00:00+01:00;19;5.907530415
1900-04-22 18:00:00+01:00;17;5.803854524
1900-04-22 19:00:00+01:00;16.2;5.865938937
1900-04-22 20:00:00+01:00;12.1;8.425175514
1900-04-22 21:00:00+01:00;10;8.988669414
1900-04-22 22:00:00+01:00;7.4;9.55210148
1900-04-22 23:00:00+01:00;5.6;10.18168053
1900-04-23 00:00:00+01:00;4.2;11.03116883
1900-04-23 01:00:00+01:00;3;11.53692879
1900-04-23 02:00:00+01:00;2.4;12.34193418
1900-04-23 03:00:00+01:00;1.2;13.32162478
1900-04-23 04:00:00+01:00;1.6;14.06946358
1900-04-23 05:00:00+01:00;0.9;16.83229208
1900-04-23 06:00:00+01:00;2.3;22.3367248
1900-04-23 07:00:00+01:00;6.9;23.68957913
1900-04-23 08:00:00+01:00;7.5;27.83175925
1900-04-23 09:00:00+01:00;10.8;26.3125176
1900-04-23 10:00:00+01:00;13.8;23.64763298
1900-04-23 11:00:00+01:00;15.3;19.79776059
1900-04-23 12:00:00+01:00;15.1;19.89837824
1900-04-23 13:00:00+01:00;13.2;22.52379078
1900-04-23 14:00:00+01:00;14.2;19.7057056
1900-04-23 15:00:00+01:00;13;18.42204502
1900-04-23 16:00:00+01:00;10.5;16.6102904
1900-04-23 17:00:00+01:00;9.8;14.34313781
1900-04-23 18:00:00+01:00;9.4;13.41967671
1900-04-23 19:00:00+01:00;8.7;12.97384735
1900-04-23 20:00:00+01:00;9.2;12.04371728
1900-04-23 21:00:00+01:00;7.7;11.79883073
1900-04-23 22:00:00+01:00;7;11.20780248
1900-04-23 23:00:00+01:00;6.4;11.3763447
1900-04-24 00:00:00+01:00;6;12.08904757
1900-04-24 01:00:00+01:00;5.6;12.1068896
1900-04-24 02:00:00+01:00;5.4;12.53530456
1900-04-24 03:00:00+01:00;4.7;13.10058113
1900-04-24 04:00:00+01:00;4.9;13.7492868
1900-04-24 05:00:00+01:00;5.2;15.75905025
1900-04-24 06:00:00+01:00;6;20.45988353
1900-04-24 07:00:00+01:00;6.2;25.41946522
1900-04-24 08:00:00+01:00;7;29.46183636
1900-04-24 09:00:00+01:00;7.4;30.87058158
1900-04-24 10:00:00+01:00;9.6;28.96306677
1900-04-24 11:00:00+01:00;8.3;29.63040335
1900-04-24 12:00:00+01:00;11.3;26.7219863
1900-04-24 13:00:00+01:00;9.7;27.54657031
1900-04-24 14:00:00+01:00;11.3;23.73827111
1900-04-24 15:00:00+01:00;11.5;20.81559786
1900-04-24 16:00:00+01:00;10.9;17.27430683
1900-04-24 17:00:00+01:00;11.6;14.15649615
1900-04-24 18:00:00+01:00;8.7;14.12833147
1900-04-24 19:00:00+01:00;8;13.50823674
1900-04-24 20:00:00+01:00;6.8;13.13568552
1900-04-24 21:00:00+01:00;5.9;12.58029225
1900-04-24 22:00:00+01:00;5.3;11.89728637
1900-04-24 23:00:00+01:00;4.3;12.26845691
1900-04-25 00:00:00+01:00;5.4;12.59337006
1900-04-25 01:00:00+01:00;5.3;12.58823609
1900-04-25 02:00:00+01:00;5.3;13.02535596
1900-04-25 03:00:00+01:00;3.9;13.95793679
1900-04-25 04:00:00+01:00;2.5;15.45100606
1900-04-25 05:00:00+01:00;3.2;17.58969817
1900-04-25 06:00:00+01:00;3.9;23.18748533
1900-04-25 07:00:00+01:00;6;27.15547117
1900-04-25 08:00:00+01:00;7.1;30.95872151
1900-04-25 09:00:00+01:00;8.4;31.27720804
1900-04-25 10:00:00+01:00;10.6;28.8260526
1900-04-25 11:00:00+01:00;10.9;27.75414728
1900-04-25 12:00:00+01:00;12.2;26.40079238
1900-04-25 13:00:00+01:00;14;23.18787882
1900-04-25 14:00:00+01:00;12.4;22.6999459
1900-04-25 15:00:00+01:00;13.6;18.9171014
1900-04-25 16:00:00+01:00;10.4;17.64993208
1900-04-25 17:00:00+01:00;5.5;17.13168434
1900-04-25 18:00:00+01:00;3.4;16.90497758
1900-04-25 19:00:00+01:00;3.6;15.99519717
1900-04-25 20:00:00+01:00;3.4;14.86661665
1900-04-25 21:00:00+01:00;3;14.02495744
1900-04-25 22:00:00+01:00;2.7;13.11398195
1900-04-25 23:00:00+01:00;2.6;13.25097099
1900-04-26 00:00:00+01:00;2.2;14.0416519
1900-04-26 01:00:00+01:00;1.4;14.44197112
1900-04-26 02:00:00+01:00;1.4;15.13074236
1900-04-26 03:00:00+01:00;1.3;15.70505342
1900-04-26 04:00:00+01:00;0.8;16.92095205
1900-04-26 05:00:00+01:00;0.8;19.52233591
1900-04-26 06:00:00+01:00;0.8;26.42427659
1900-04-26 07:00:00+01:00;2.6;31.57327262
1900-04-26 08:00:00+01:00;3.2;36.6339459
1900-04-26 09:00:00+01:00;5;36.42419626
1900-04-26 10:00:00+01:00;5;36.70069237
1900-04-26 11:00:00+01:00;7;33.82231943
1900-04-26 12:00:00+01:00;8.4;32.54406583
1900-04-26 13:00:00+01:00;7.7;32.23927695
1900-04-26 14:00:00+01:00;7.6;30.01090299
1900-04-26 15:00:00+01:00;6.9;27.40379606
1900-04-26 16:00:00+01:00;8.4;21.1705793
1900-04-26 17:00:00+01:00;8.1;18.14894808
1900-04-26 18:00:00+01:00;6.5;17.31627902
1900-04-26 19:00:00+01:00;5.2;16.77982403
1900-04-26 20:00:00+01:00;3.3;16.34742699
1900-04-26 21:00:00+01:00;2.2;15.66774221
1900-04-26 22:00:00+01:00;1.7;14.63728502
1900-04-26 23:00:00+01:00;1.3;14.93084398
1900-04-27 00:00:00+01:00;1;15.70324633
1900-04-27 01:00:00+01:00;-0.1;16.13463746
1900-04-27 02:00:00+01:00;-0.5;16.98991766
1900-04-27 03:00:00+01:00;-1.4;17.9278741
1900-04-27 04:00:00+01:00;-1.7;19.21781596
1900-04-27 05:00:00+01:00;-0.3;21.33915588
1900-04-27 06:00:00+01:00;0.7;27.89392384
1900-04-27 07:00:00+01:00;1.6;34.2336033
1900-04-27 08:00:00+01:00;4;37.46525756
1900-04-27 09:00:00+01:00;4.1;38.86866624
1900-04-27 10:00:00+01:00;5.2;37.75391741
1900-04-27 11:00:00+01:00;3.8;38.12256391
1900-04-27 12:00:00+01:00;2.4;39.97222185
1900-04-27 13:00:00+01:00;0.4;41.36133505
1900-04-27 14:00:00+01:00;0.4;38.72068716
1900-04-27 15:00:00+01:00;0.1;34.753551
1900-04-27 16:00:00+01:00;1.1;26.5105547
1900-04-27 17:00:00+01:00;0.3;23.03942886
1900-04-27 18:00:00+01:00;1;21.37104327
1900-04-27 19:00:00+01:00;0.6;20.50946001
1900-04-27 20:00:00+01:00;0.7;18.95527645
1900-04-27 21:00:00+01:00;0;18.0448668
1900-04-27 22:00:00+01:00;0.3;16.56438036
1900-04-27 23:00:00+01:00;-0.3;17.01843652
1900-04-28 00:00:00+01:00;-2;18.14894133
1900-04-28 01:00:00+01:00;-2.4;18.21643137
1900-04-28 02:00:00+01:00;-3;18.5665649
1900-04-28 03:00:00+01:00;-3.5;18.85962757
1900-04-28 04:00:00+01:00;-4.3;19.69182631
1900-04-28 05:00:00+01:00;-2.8;19.96785313
1900-04-28 06:00:00+01:00;-1.5;20.47639142
1900-04-28 07:00:00+01:00;-0.1;19.384031
1900-04-28 08:00:00+01:00;0.9;18.88795582
1900-04-28 09:00:00+01:00;2.3;18.18471825
1900-04-28 10:00:00+01:00;3.4;17.67077851
1900-04-28 11:00:00+01:00;4.7;16.8942643
1900-04-28 12:00:00+01:00;6.4;16.01942758
1900-04-28 13:00:00+01:00;6.6;15.59182397
1900-04-28 14:00:00+01:00;9.5;13.85648281
1900-04-28 15:00:00+01:00;8.1;14.59816972
1900-04-28 16:00:00+01:00;7.1;14.98854183
1900-04-28 17:00:00+01:00;7.1;15.01188637
1900-04-28 18:00:00+01:00;6.6;14.84274025
1900-04-28 19:00:00+01:00;5.7;15.19121582
1900-04-28 20:00:00+01:00;5.2;15.2650598
1900-04-28 21:00:00+01:00;4;15.53187507
1900-04-28 22:00:00+01:00;4;14.76792301
1900-04-28 23:00:00+01:00;3.5;15.12001068
1900-04-29 00:00:00+01:00;3.1;15.429361
1900-04-29 01:00:00+01:00;3.1;15.16296696
1900-04-29 02:00:00+01:00;3.1;15.07124626
1900-04-29 03:00:00+01:00;3;14.98893432
1900-04-29 04:00:00+01:00;2.6;15.36536845
1900-04-29 05:00:00+01:00;3.2;15.69927871
1900-04-29 06:00:00+01:00;3.3;16.32397577
1900-04-29 07:00:00+01:00;4.4;15.30168068
1900-04-29 08:00:00+01:00;4.4;15.19172595
1900-04-29 09:00:00+01:00;4.8;14.89284817
1900-04-29 10:00:00+01:00;4;15.32246589
1900-04-29 11:00:00+01:00;3.8;15.31466407
1900-04-29 12:00:00+01:00;4.5;15.03698723
1900-04-29 13:00:00+01:00;4.3;15.05083491
1900-04-29 14:00:00+01:00;4.4;15.13448269
1900-04-29 15:00:00+01:00;4.6;15.14246551
1900-04-29 16:00:00+01:00;5;14.91148838
1900-04-29 17:00:00+01:00;5.3;14.74820781
1900-04-29 18:00:00+01:00;5.7;14.26877013
1900-04-29 19:00:00+01:00;5.2;14.48989925
1900-04-29 20:00:00+01:00;5.1;14.38070574
1900-04-29 21:00:00+01:00;3.8;14.74466478
1900-04-29 22:00:00+01:00;2.7;14.51151544
1900-04-29 23:00:00+01:00;1.7;15.08914057
1900-04-30 00:00:00+01:00;1.3;15.71840759
1900-04-30 01:00:00+01:00;1.1;15.85876589
1900-04-30 02:00:00+01:00;1.5;16.36785771
1900-04-30 03:00:00+01:00;1.4;16.91873804
1900-04-30 04:00:00+01:00;0.4;18.42138248
1900-04-30 05:00:00+01:00;0.2;21.22994396
1900-04-30 06:00:00+01:00;1.6;27.41417413
1900-04-30 07:00:00+01:00;3.6;32.68900164
1900-04-30 08:00:00+01:00;4.8;36.89022246
1900-04-30 09:00:00+01:00;7.7;35.37624548
1900-04-30 10:00:00+01:00;9.6;33.17381679
1900-04-30 11:00:00+01:00;12.3;29.06102316
1900-04-30 12:00:00+01:00;12.6;28.17616209
1900-04-30 13:00:00+01:00;14.4;24.54703245
1900-04-30 14:00:00+01:00;14.6;21.98364284
1900-04-30 15:00:00+01:00;14.8;19.02459083
1900-04-30 16:00:00+01:00;16;12.64357355
1900-04-30 17:00:00+01:00;12.9;14.53009104
1900-04-30 18:00:00+01:00;12;13.35196677
1900-04-30 19:00:00+01:00;8.9;13.64372195
1900-04-30 20:00:00+01:00;7.8;13.19836435
1900-04-30 21:00:00+01:00;7.2;12.46294159
1900-04-30 22:00:00+01:00;6.1;11.85032077
1900-04-30 23:00:00+01:00;5;12.1413476
1900-05-01 00:00:00+01:00;4.7;12.7817105
1900-05-01 01:00:00+01:00;2;13.60299172
1900-05-01 02:00:00+01:00;1.2;14.47492494
1900-05-01 03:00:00+01:00;1.2;14.96318005
1900-05-01 04:00:00+01:00;-1;16.83278207
1900-05-01 05:00:00+01:00;2.1;17.93474309
1900-05-01 06:00:00+01:00;3;23.56810029
1900-05-01 07:00:00+01:00;4.1;28.44613782
1900-05-01 08:00:00+01:00;6.3;31.32356891
1900-05-01 09:00:00+01:00;6.6;32.69675478
1900-05-01 10:00:00+01:00;8.1;31.37166683
1900-05-01 11:00:00+01:00;7.4;31.29797937
1900-05-01 12:00:00+01:00;9;29.92144572
1900-05-01 13:00:00+01:00;9.2;28.80055954
1900-05-01 14:00:00+01:00;9.8;26.02816594
1900-05-01 15:00:00+01:00;9.8;23.13477545
1900-05-01 16:00:00+01:00;10.4;18.48602122
1900-05-01 17:00:00+01:00;7.5;17.07230641
1900-05-01 18:00:00+01:00;6;16.51457403
1900-05-01 19:00:00+01:00;5.7;15.71056358
1900-05-01 20:00:00+01:00;5.3;14.82370316
1900-05-01 21:00:00+01:00;4.6;14.14265448
1900-05-01 22:00:00+01:00;5;13.01031114
1900-05-01 23:00:00+01:00;4.2;13.35398052
1900-05-02 00:00:00+01:00;3.5;14.25447286
1900-05-02 01:00:00+01:00;3.3;14.27213534
1900-05-02 02:00:00+01:00;2.3;15.13052949
1900-05-02 03:00:00+01:00;1.8;15.76603649
1900-05-02 04:00:00+01:00;0.2;17.37108576
1900-05-02 05:00:00+01:00;0.6;19.80725533
1900-05-02 06:00:00+01:00;2;25.70199802
1900-05-02 07:00:00+01:00;2.9;31.43836681
1900-05-02 08:00:00+01:00;3.9;35.9836588
1900-05-02 09:00:00+01:00;5;36.43546053
1900-05-02 10:00:00+01:00;4.8;36.83374463
1900-05-02 11:00:00+01:00;4.8;35.80686027
1900-05-02 12:00:00+01:00;5.4;35.52588274
1900-05-02 13:00:00+01:00;5.5;34.47437011
1900-05-02 14:00:00+01:00;6.5;30.96882894
1900-05-02 15:00:00+01:00;6.3;27.69443651
1900-05-02 16:00:00+01:00;6.7;21.89730165
1900-05-02 17:00:00+01:00;6.4;18.75320203
1900-05-02 18:00:00+01:00;5.7;17.62746188
1900-05-02 19:00:00+01:00;6.1;16.34379425
1900-05-02 20:00:00+01:00;6;15.30442852
1900-05-02 21:00:00+01:00;5.8;14.39117817
1900-05-02 22:00:00+01:00;5.4;13.45816933
1900-05-02 23:00:00+01:00;5.2;13.61417993
1900-05-03 00:00:00+01:00;5.2;14.313844
1900-05-03 01:00:00+01:00;5.2;14.16090073
1900-05-03 02:00:00+01:00;5;14.61499966
1900-05-03 03:00:00+01:00;5;14.92831432
1900-05-03 04:00:00+01:00;4.7;15.85879086
1900-05-03 05:00:00+01:00;5.1;17.94956778
1900-05-03 06:00:00+01:00;5.7;23.10367613
1900-05-03 07:00:00+01:00;6;28.68422544
1900-05-03 08:00:00+01:00;6.5;33.08296419
1900-05-03 09:00:00+01:00;6.8;34.3212842
1900-05-03 10:00:00+01:00;7.4;33.67198278
1900-05-03 11:00:00+01:00;7.8;32.22880418
1900-05-03 12:00:00+01:00;8.9;31.01111965
1900-05-03 13:00:00+01:00;10;28.5044645
1900-05-03 14:00:00+01:00;10.2;25.91137363
1900-05-03 15:00:00+01:00;10;23.01296703
1900-05-03 16:00:00+01:00;9.6;18.78561018
1900-05-03 17:00:00+01:00;8.1;16.46819656
1900-05-03 18:00:00+01:00;7.8;15.18858258
1900-05-03 19:00:00+01:00;7;14.53972861
1900-05-03 20:00:00+01:00;6.2;13.86452124
1900-05-03 21:00:00+01:00;6.2;12.92988355
1900-05-03 22:00:00+01:00;5.9;12.09065244
1900-05-03 23:00:00+01:00;6.5;11.93003259
1900-05-04 00:00:00+01:00;6.8;12.49424958
1900-05-04 01:00:00+01:00;7;12.27772333
1900-05-04 02:00:00+01:00;6.8;12.67232604
1900-05-04 03:00:00+01:00;7;12.88494044
1900-05-04 04:00:00+01:00;6.9;13.66060177
1900-05-04 05:00:00+01:00;7.3;15.62200635
1900-05-04 06:00:00+01:00;7.4;20.42774351
1900-05-04 07:00:00+01:00;7.9;25.1389212
1900-05-04 08:00:00+01:00;10;27.20203815
1900-05-04 09:00:00+01:00;11.5;27.44410372
1900-05-04 10:00:00+01:00;12.2;26.70297186
1900-05-04 11:00:00+01:00;12.2;25.92937195
1900-05-04 12:00:00+01:00;13.1;24.80973027
1900-05-04 13:00:00+01:00;13.5;23.05988776
1900-05-04 14:00:00+01:00;13.8;20.69881993
1900-05-04 15:00:00+01:00;12.9;18.89193347
1900-05-04 16:00:00+01:00;11.7;16.12552388
1900-05-04 17:00:00+01:00;11.5;13.46356574
1900-05-04 18:00:00+01:00;11.2;12.21591769
1900-05-04 19:00:00+01:00;10.2;11.67411604
1900-05-04 20:00:00+01:00;9.7;11.11532702
1900-05-04 21:00:00+01:00;8.5;10.70012806
1900-05-04 22:00:00+01:00;8.5;9.945435324
1900-05-04 23:00:00+01:00;7.6;10.14084348
1900-05-05 00:00:00+01:00;7.2;10.60798412
1900-05-05 01:00:00+01:00;6.1;10.95391996
1900-05-05 02:00:00+01:00;5.8;11.12900853
1900-05-05 03:00:00+01:00;6.4;10.93360758
1900-05-05 04:00:00+01:00;7.4;10.78191643
1900-05-05 05:00:00+01:00;8.2;11.06139264
1900-05-05 06:00:00+01:00;9;11.19405788
1900-05-05 07:00:00+01:00;9;10.81107387
1900-05-05 08:00:00+01:00;10.5;10.05150961
1900-05-05 09:00:00+01:00;11.8;9.529630352
1900-05-05 10:00:00+01:00;13.2;8.92654942
1900-05-05 11:00:00+01:00;12.4;9.179952184
1900-05-05 12:00:00+01:00;14.4;8.361001917
1900-05-05 13:00:00+01:00;14.6;8.13029853
1900-05-05 14:00:00+01:00;14.5;8.102828473
1900-05-05 15:00:00+01:00;13.7;8.417540351
1900-05-05 16:00:00+01:00;13.5;8.287688348
1900-05-05 17:00:00+01:00;14.2;7.925610822
1900-05-05 18:00:00+01:00;13;8.155436574
1900-05-05 19:00:00+01:00;11.5;8.801559674
1900-05-05 20:00:00+01:00;10;9.319903899
1900-05-05 21:00:00+01:00;8.6;9.69985547
1900-05-05 22:00:00+01:00;8.5;9.401672087
1900-05-05 23:00:00+01:00;7;10.00242861
1900-05-06 00:00:00+01:00;6.2;10.63928778
1900-05-06 01:00:00+01:00;5.4;10.91218755
1900-05-06 02:00:00+01:00;2.5;12.08108372
1900-05-06 03:00:00+01:00;3.4;11.86758155
1900-05-06 04:00:00+01:00;4;11.97374253
1900-05-06 05:00:00+01:00;4.8;12.42338227
1900-05-06 06:00:00+01:00;6.4;12.49113889
1900-05-06 07:00:00+01:00;7.3;11.73045301
1900-05-06 08:00:00+01:00;8;11.42044547
1900-05-06 09:00:00+01:00;9;10.99571505
1900-05-06 10:00:00+01:00;8.3;11.53594858
1900-05-06 11:00:00+01:00;10.6;10.36437001
1900-05-06 12:00:00+01:00;11.9;9.845471801
1900-05-06 13:00:00+01:00;12.9;9.318593808
1900-05-06 14:00:00+01:00;12.2;9.638723853
1900-05-06 15:00:00+01:00;14.5;8.460383815
1900-05-06 16:00:00+01:00;14.2;8.434872667
1900-05-06 17:00:00+01:00;13;9.008175988
1900-05-06 18:00:00+01:00;12.5;9.088479839
1900-05-06 19:00:00+01:00;11.8;9.378998407
1900-05-06 20:00:00+01:00;10.4;9.947268983
1900-05-06 21:00:00+01:00;9.4;10.19512198
1900-05-06 22:00:00+01:00;8.2;10.25316992
1900-05-06 23:00:00+01:00;5.8;11.20995896
1900-05-07 00:00:00+01:00;5.5;11.86053787
1900-05-07 01:00:00+01:00;3.8;12.41868752
1900-05-07 02:00:00+01:00;3.4;13.04222007
1900-05-07 03:00:00+01:00;2.8;13.71158298
1900-05-07 04:00:00+01:00;2.6;14.67661454
1900-05-07 05:00:00+01:00;3.1;16.85128589
1900-05-07 06:00:00+01:00;5.5;21.09174102
1900-05-07 07:00:00+01:00;7.6;24.48928645
1900-05-07 08:00:00+01:00;10.2;26.20459624
1900-05-07 09:00:00+01:00;11.6;26.63398231
1900-05-07 10:00:00+01:00;12.1;26.14084574
1900-05-07 11:00:00+01:00;13;24.63824997
1900-05-07 12:00:00+01:00;14;23.46731368
1900-05-07 13:00:00+01:00;14.9;21.24605758
1900-05-07 14:00:00+01:00;15.6;17.5468734
1900-05-07 15:00:00+01:00;15.7;15.37098457
1900-05-07 16:00:00+01:00;14;14.46068496
1900-05-07 17:00:00+01:00;13.5;12.34920935
1900-05-07 18:00:00+01:00;12.1;11.7106018
1900-05-07 19:00:00+01:00;11;11.30028438
1900-05-07 20:00:00+01:00;10.3;10.96970304
1900-05-07 21:00:00+01:00;8.8;10.74133275
1900-05-07 22:00:00+01:00;8.4;10.15258684
1900-05-07 23:00:00+01:00;8.2;10.12256983
1900-05-08 00:00:00+01:00;7.8;10.81723911
1900-05-08 01:00:00+01:00;7.6;10.70731453
1900-05-08 02:00:00+01:00;7.5;10.98868586
1900-05-08 03:00:00+01:00;7.1;11.36342435
1900-05-08 04:00:00+01:00;6.5;12.21954493
1900-05-08 05:00:00+01:00;7.7;13.67542429
1900-05-08 06:00:00+01:00;8.5;17.59249278
1900-05-08 07:00:00+01:00;9.8;20.73942093
1900-05-08 08:00:00+01:00;10.8;24.02188656
1900-05-08 09:00:00+01:00;11.7;25.052142
1900-05-08 10:00:00+01:00;13.4;23.5818216
1900-05-08 11:00:00+01:00;14.4;22.10152777
1900-05-08 12:00:00+01:00;14.7;21.62202078
1900-05-08 13:00:00+01:00;15.1;20.03996649
1900-05-08 14:00:00+01:00;15.2;18.14967712
1900-05-08 15:00:00+01:00;15;15.45064772
1900-05-08 16:00:00+01:00;15.3;12.69997507
1900-05-08 17:00:00+01:00;15;10.53369302
1900-05-08 18:00:00+01:00;14;9.343875546
1900-05-08 19:00:00+01:00;12.7;9.617400051
1900-05-08 20:00:00+01:00;11.4;9.645421699
1900-05-08 21:00:00+01:00;11;8.987925559
1900-05-08 22:00:00+01:00;9.5;8.929885863
1900-05-08 23:00:00+01:00;8.2;9.220682935
1900-05-09 00:00:00+01:00;7.7;9.939311023
1900-05-09 01:00:00+01:00;7.2;10.06133108
1900-05-09 02:00:00+01:00;6.6;10.64781045
1900-05-09 03:00:00+01:00;6.3;11.11843761
1900-05-09 04:00:00+01:00;6.6;11.67955317
1900-05-09 05:00:00+01:00;7.9;13.16145379
1900-05-09 06:00:00+01:00;9.9;16.2009493
1900-05-09 07:00:00+01:00;10.9;19.33881825
1900-05-09 08:00:00+01:00;13.6;18.21534097
1900-05-09 09:00:00+01:00;16.4;19.50835755
1900-05-09 10:00:00+01:00;17.8;19.50787626
1900-05-09 11:00:00+01:00;20;19.01448444
1900-05-09 12:00:00+01:00;21.3;18.81738592
1900-05-09 13:00:00+01:00;21.3;17.93011263
1900-05-09 14:00:00+01:00;22.5;16.59122133
1900-05-09 15:00:00+01:00;20.7;14.80196207
1900-05-09 16:00:00+01:00;17.6;12.51465579
1900-05-09 17:00:00+01:00;17;10.37796082
1900-05-09 18:00:00+01:00;16.4;9.099261306
1900-05-09 19:00:00+01:00;15.4;8.425057676
1900-05-09 20:00:00+01:00;12.6;7.987883106
1900-05-09 21:00:00+01:00;11.9;7.573737911
1900-05-09 22:00:00+01:00;10.7;7.43529985
1900-05-09 23:00:00+01:00;9.4;7.628273874
1900-05-10 00:00:00+01:00;7.9;8.562374946
1900-05-10 01:00:00+01:00;7.5;8.690115001
1900-05-10 02:00:00+01:00;7.3;9.083659794
1900-05-10 03:00:00+01:00;8.4;8.929844969
1900-05-10 04:00:00+01:00;8.9;9.224030871
1900-05-10 05:00:00+01:00;9.2;10.93787871
1900-05-10 06:00:00+01:00;9.3;14.79324018
1900-05-10 07:00:00+01:00;9.4;18.28705177
1900-05-10 08:00:00+01:00;11.5;20.8386981
1900-05-10 09:00:00+01:00;11.8;22.65866628
1900-05-10 10:00:00+01:00;14.1;20.88589917
1900-05-10 11:00:00+01:00;16.7;19.56444429
1900-05-10 12:00:00+01:00;17.7;19.44505888
1900-05-10 13:00:00+01:00;19.7;18.21413007
1900-05-10 14:00:00+01:00;20.8;16.82667184
1900-05-10 15:00:00+01:00;20.4;14.83610342
1900-05-10 16:00:00+01:00;18.4;12.45019691
1900-05-10 17:00:00+01:00;17.3;10.35460099
1900-05-10 18:00:00+01:00;17.1;9.027915486
1900-05-10 19:00:00+01:00;16;8.362175396
1900-05-10 20:00:00+01:00;14.8;7.957460429
1900-05-10 21:00:00+01:00;15;7.461295878
1900-05-10 22:00:00+01:00;14;7.110271185
1900-05-10 23:00:00+01:00;13.5;6.696080611
1900-05-11 00:00:00+01:00;12.8;6.692247666
1900-05-11 01:00:00+01:00;11.6;7.322692816
1900-05-11 02:00:00+01:00;10.7;7.638360052
1900-05-11 03:00:00+01:00;9.7;8.222616429
1900-05-11 04:00:00+01:00;10.2;8.493865097
1900-05-11 05:00:00+01:00;12;9.644157341
1900-05-11 06:00:00+01:00;10.5;13.93770204
1900-05-11 07:00:00+01:00;10.5;17.12698598
1900-05-11 08:00:00+01:00;10.4;21.36998259
1900-05-11 09:00:00+01:00;10.5;23.23107916
1900-05-11 10:00:00+01:00;11;23.1678627
1900-05-11 11:00:00+01:00;11.8;21.93916709
1900-05-11 12:00:00+01:00;13;21.11277564
1900-05-11 13:00:00+01:00;14.6;18.79795655
1900-05-11 14:00:00+01:00;16.1;17.47762325
1900-05-11 15:00:00+01:00;15.2;15.42788682
1900-05-11 16:00:00+01:00;17.4;12.53077051
1900-05-11 17:00:00+01:00;16.6;10.40910726
1900-05-11 18:00:00+01:00;15.8;9.160414866
1900-05-11 19:00:00+01:00;14.4;8.529861476
1900-05-11 20:00:00+01:00;12.5;8.320635859
1900-05-11 21:00:00+01:00;11.5;8.077630604
1900-05-11 22:00:00+01:00;10.2;8.066472867
1900-05-11 23:00:00+01:00;9.6;8.190670607
1900-05-12 00:00:00+01:00;7.6;9.255985652
1900-05-12 01:00:00+01:00;7.1;9.524193011
1900-05-12 02:00:00+01:00;6.7;9.801189143
1900-05-12 03:00:00+01:00;6.9;9.800608349
1900-05-12 04:00:00+01:00;5;10.83875198
1900-05-12 05:00:00+01:00;9;9.964467006
1900-05-12 06:00:00+01:00;10.1;9.974367432
1900-05-12 07:00:00+01:00;9.7;9.832911059
1900-05-12 08:00:00+01:00;10.8;9.280138656
1900-05-12 09:00:00+01:00;12.4;8.575115658
1900-05-12 10:00:00+01:00;13.2;8.302031821
1900-05-12 11:00:00+01:00;13.8;7.896378504
1900-05-12 12:00:00+01:00;12.4;8.576936607
1900-05-12 13:00:00+01:00;10.8;9.377223704
1900-05-12 14:00:00+01:00;9.8;10.04161669
1900-05-12 15:00:00+01:00;9.1;10.40999792
1900-05-12 16:00:00+01:00;9.3;10.25677876
1900-05-12 17:00:00+01:00;9.2;10.2446312
1900-05-12 18:00:00+01:00;9.9;9.771151573
1900-05-12 19:00:00+01:00;9.9;9.784689096
1900-05-12 20:00:00+01:00;9.4;9.917026177
1900-05-12 21:00:00+01:00;8.9;10.02398821
1900-05-12 22:00:00+01:00;8.8;9.733641849
1900-05-12 23:00:00+01:00;8.7;9.904456019
1900-05-13 00:00:00+01:00;9.4;10.00467827
1900-05-13 01:00:00+01:00;9.6;9.788286624
1900-05-13 02:00:00+01:00;9.3;9.840205737
1900-05-13 03:00:00+01:00;8.8;9.959907874
1900-05-13 04:00:00+01:00;8.5;10.2176257
1900-05-13 05:00:00+01:00;8;11.03918671
1900-05-13 06:00:00+01:00;8;11.64179802
1900-05-13 07:00:00+01:00;8.1;11.26212017
1900-05-13 08:00:00+01:00;8.4;11.14145537
1900-05-13 09:00:00+01:00;8.5;11.14924128
1900-05-13 10:00:00+01:00;9.1;11.08732621
1900-05-13 11:00:00+01:00;9.3;10.94618251
1900-05-13 12:00:00+01:00;10.3;10.5610051
1900-05-13 13:00:00+01:00;9.9;10.70292979
1900-05-13 14:00:00+01:00;11.3;9.995251619
1900-05-13 15:00:00+01:00;12;9.574455075
1900-05-13 16:00:00+01:00;11.3;9.73241435
1900-05-13 17:00:00+01:00;10.5;10.01495941
1900-05-13 18:00:00+01:00;9.6;10.18748571
1900-05-13 19:00:00+01:00;9.5;10.1767399
1900-05-13 20:00:00+01:00;8.7;10.37185744
1900-05-13 21:00:00+01:00;8.8;10.19793535
1900-05-13 22:00:00+01:00;8.6;9.907487633
1900-05-13 23:00:00+01:00;8.6;10.03176613
1900-05-14 00:00:00+01:00;8.3;10.83871607
1900-05-14 01:00:00+01:00;8;10.84976202
1900-05-14 02:00:00+01:00;7.8;11.27176886
1900-05-14 03:00:00+01:00;7.7;11.6401134
1900-05-14 04:00:00+01:00;7.5;12.45671194
1900-05-14 05:00:00+01:00;8.2;14.24118205
1900-05-14 06:00:00+01:00;8.6;18.48555687
1900-05-14 07:00:00+01:00;8.9;22.87819295
1900-05-14 08:00:00+01:00;10.7;25.30130868
1900-05-14 09:00:00+01:00;12.6;25.25204483
1900-05-14 10:00:00+01:00;12;25.81735224
1900-05-14 11:00:00+01:00;12;25.09083448
1900-05-14 12:00:00+01:00;13.2;23.80610057
1900-05-14 13:00:00+01:00;13.3;22.45668576
1900-05-14 14:00:00+01:00;13;20.77307876
1900-05-14 15:00:00+01:00;13.3;17.93367463
1900-05-14 16:00:00+01:00;14.8;13.61024407
1900-05-14 17:00:00+01:00;13.6;11.81236479
1900-05-14 18:00:00+01:00;13.4;10.52090479
1900-05-14 19:00:00+01:00;13.4;9.510498158
1900-05-14 20:00:00+01:00;11;10.00245441
1900-05-14 21:00:00+01:00;9;9.961123305
1900-05-14 22:00:00+01:00;7.6;9.754509442
1900-05-14 23:00:00+01:00;7;9.89838206
1900-05-15 00:00:00+01:00;5.6;10.91839783
1900-05-15 01:00:00+01:00;4.4;11.39956379
1900-05-15 02:00:00+01:00;2.7;12.59460166
1900-05-15 03:00:00+01:00;3;13.02325857
1900-05-15 04:00:00+01:00;4.3;13.36982918
1900-05-15 05:00:00+01:00;7.6;14.10419786
1900-05-15 06:00:00+01:00;9.5;17.28805649
1900-05-15 07:00:00+01:00;11.3;20.08389233
1900-05-15 08:00:00+01:00;12.9;22.55827619
1900-05-15 09:00:00+01:00;15;19.76421847
1900-05-15 10:00:00+01:00;16.3;19.78104021
1900-05-15 11:00:00+01:00;17;19.51444794
1900-05-15 12:00:00+01:00;18.6;19.28814064
1900-05-15 13:00:00+01:00;18.1;18.49814751
1900-05-15 14:00:00+01:00;16.7;17.39452307
1900-05-15 15:00:00+01:00;16.7;15.25718007
1900-05-15 16:00:00+01:00;17.2;12.54688523
1900-05-15 17:00:00+01:00;16.4;10.42468048
1900-05-15 18:00:00+01:00;15.5;9.190991646
1900-05-15 19:00:00+01:00;14.5;8.519381096
1900-05-15 20:00:00+01:00;14.3;8.003434429
1900-05-15 21:00:00+01:00;14.1;7.538146068
1900-05-15 22:00:00+01:00;13.5;7.146835285
1900-05-15 23:00:00+01:00;12.7;6.932283911
1900-05-16 00:00:00+01:00;12.5;6.692247666
1900-05-16 01:00:00+01:00;11.9;7.688500886
1900-05-16 02:00:00+01:00;11.4;7.859909075
1900-05-16 03:00:00+01:00;11;8.047091447
1900-05-16 04:00:00+01:00;10.8;8.483038425
1900-05-16 05:00:00+01:00;10.8;10.2848377
1900-05-16 06:00:00+01:00;11.7;13.23343823
1900-05-16 07:00:00+01:00;12;16.07784124
1900-05-16 08:00:00+01:00;13.2;18.82206227
1900-05-16 09:00:00+01:00;13.6;20.52044815
1900-05-16 10:00:00+01:00;12.6;21.81795166
1900-05-16 11:00:00+01:00;12;21.90948868
1900-05-16 12:00:00+01:00;12.7;21.56912803
1900-05-16 13:00:00+01:00;14.6;18.90856835
1900-05-16 14:00:00+01:00;15.4;17.57457346
1900-05-16 15:00:00+01:00;14.7;14.95397367
1900-05-16 16:00:00+01:00;14.7;11.89794336
1900-05-16 17:00:00+01:00;14.5;10.57262607
1900-05-16 18:00:00+01:00;13.9;8.884876895
1900-05-16 19:00:00+01:00;12.3;8.781664066
1900-05-16 20:00:00+01:00;11.7;8.601707399
1900-05-16 21:00:00+01:00;10.6;8.387099483
1900-05-16 22:00:00+01:00;10;8.149016564
1900-05-16 23:00:00+01:00;10;8.071629536
1900-05-17 00:00:00+01:00;9.7;8.796672861
1900-05-17 01:00:00+01:00;9.5;8.811999906
1900-05-17 02:00:00+01:00;9;9.29520074
1900-05-17 03:00:00+01:00;8.8;9.69265361
1900-05-17 04:00:00+01:00;9;10.24670423
1900-05-17 05:00:00+01:00;8;12.72049665
1900-05-17 06:00:00+01:00;8.4;16.91697436
1900-05-17 07:00:00+01:00;8.6;21.01508658
1900-05-17 08:00:00+01:00;9.8;24.28493326
1900-05-17 09:00:00+01:00;11.5;24.72312932
1900-05-17 10:00:00+01:00;12.6;23.87973756
1900-05-17 11:00:00+01:00;14.4;21.62305844
1900-05-17 12:00:00+01:00;16;19.74146
1900-05-17 13:00:00+01:00;16.5;18.78216495
1900-05-17 14:00:00+01:00;15.6;17.5468734
1900-05-17 15:00:00+01:00;15.8;15.35960412
1900-05-17 16:00:00+01:00;15.2;12.70803243
1900-05-17 17:00:00+01:00;14;10.61155912
1900-05-17 18:00:00+01:00;13.3;9.885565319
1900-05-17 19:00:00+01:00;12.2;9.518879879
1900-05-17 20:00:00+01:00;11.6;9.269149635
1900-05-17 21:00:00+01:00;10;9.143942258
1900-05-17 22:00:00+01:00;9.4;8.77695713
1900-05-17 23:00:00+01:00;7;9.449575783
1900-05-18 00:00:00+01:00;7.4;9.93552519
1900-05-18 01:00:00+01:00;6.1;10.39234825
1900-05-18 02:00:00+01:00;4;11.65527551
1900-05-18 03:00:00+01:00;3.8;12.24852423
1900-05-18 04:00:00+01:00;4.2;12.95613561
1900-05-18 05:00:00+01:00;7.1;13.86008631
1900-05-18 06:00:00+01:00;10;16.45551843
1900-05-18 07:00:00+01:00;11.3;19.40206596
1900-05-18 08:00:00+01:00;13;21.73128655
1900-05-18 09:00:00+01:00;13.3;23.34665097
1900-05-18 10:00:00+01:00;14;22.78964353
1900-05-18 11:00:00+01:00;16.1;19.66443699
1900-05-18 12:00:00+01:00;18.3;19.34044672
1900-05-18 13:00:00+01:00;17.9;18.53364969
1900-05-18 14:00:00+01:00;19.4;17.02057226
1900-05-18 15:00:00+01:00;19.9;14.89300567
1900-05-18 16:00:00+01:00;20.2;12.30516443
1900-05-18 17:00:00+01:00;20.2;9.609790124
1900-05-18 18:00:00+01:00;19;8.834262546
1900-05-18 19:00:00+01:00;18.9;8.058244376
1900-05-18 20:00:00+01:00;15.3;7.911486429
1900-05-18 21:00:00+01:00;13.7;7.572301708
1900-05-18 22:00:00+01:00;11.4;7.559521386
1900-05-18 23:00:00+01:00;10;7.731819069
1900-05-19 00:00:00+01:00;10;7.9745665
1900-05-19 01:00:00+01:00;8.3;8.502479737
1900-05-19 02:00:00+01:00;7.5;8.770302067
1900-05-19 03:00:00+01:00;8;8.523721797
1900-05-19 04:00:00+01:00;9.4;8.054210662
1900-05-19 05:00:00+01:00;11;7.932428519
1900-05-19 06:00:00+01:00;11.6;8.066037588
1900-05-19 07:00:00+01:00;14.6;6.375071402
1900-05-19 08:00:00+01:00;17;5.667140473
1900-05-19 09:00:00+01:00;17;5.717279851
1900-05-19 10:00:00+01:00;19.5;5.889978711
1900-05-19 11:00:00+01:00;20;6.051771329
1900-05-19 12:00:00+01:00;21.6;6.066921654
1900-05-19 13:00:00+01:00;22.1;6.107288786
1900-05-19 14:00:00+01:00;23.4;5.980426409
1900-05-19 15:00:00+01:00;24.9;5.917344277
1900-05-19 16:00:00+01:00;22;5.833772418
1900-05-19 17:00:00+01:00;23.7;5.676774415
1900-05-19 18:00:00+01:00;22.7;5.605301924
1900-05-19 19:00:00+01:00;21.4;5.612547577
1900-05-19 20:00:00+01:00;17.9;5.530283896
1900-05-19 21:00:00+01:00;17;5.599156321
1900-05-19 22:00:00+01:00;15.8;5.430119037
1900-05-19 23:00:00+01:00;16;5.693232552
1900-05-20 00:00:00+01:00;15.7;5.623940838
1900-05-20 01:00:00+01:00;14.9;6.00397534
1900-05-20 02:00:00+01:00;13.8;5.972660735
1900-05-20 03:00:00+01:00;13.2;5.946386214
1900-05-20 04:00:00+01:00;13.1;5.892939884
1900-05-20 05:00:00+01:00;12.8;5.474801423
1900-05-20 06:00:00+01:00;15;5.665796272
1900-05-20 07:00:00+01:00;16;5.654662592
1900-05-20 08:00:00+01:00;16.5;5.763011623
1900-05-20 09:00:00+01:00;17.2;5.717279851
1900-05-20 10:00:00+01:00;18.2;5.986700791
1900-05-20 11:00:00+01:00;18.3;6.114916439
1900-05-20 12:00:00+01:00;18;6.381505854
1900-05-20 13:00:00+01:00;19;6.293688586
1900-05-20 14:00:00+01:00;18;6.403259309
1900-05-20 15:00:00+01:00;17.6;6.278676477
1900-05-20 16:00:00+01:00;19;6.018981918
1900-05-20 17:00:00+01:00;18.6;5.943775095
1900-05-20 18:00:00+01:00;17.3;5.774942294
1900-05-20 19:00:00+01:00;17;5.788031577
1900-05-20 20:00:00+01:00;16.1;5.702287576
1900-05-20 21:00:00+01:00;15.7;5.720397441
1900-05-20 22:00:00+01:00;15.3;5.430119037
1900-05-20 23:00:00+01:00;15;5.829230652
1900-05-21 00:00:00+01:00;14.3;6.692247666
1900-05-21 01:00:00+01:00;13.7;6.676607376
1900-05-21 02:00:00+01:00;12.4;7.162677678
1900-05-21 03:00:00+01:00;12.4;7.423588204
1900-05-21 04:00:00+01:00;12.4;7.771834287
1900-05-21 05:00:00+01:00;13;9.045531863
1900-05-21 06:00:00+01:00;13.9;11.31355106
1900-05-21 07:00:00+01:00;15.5;14.65963221
1900-05-21 08:00:00+01:00;16;17.74323241
1900-05-21 09:00:00+01:00;18;19.21594507
1900-05-21 10:00:00+01:00;19.5;19.19829045
1900-05-21 11:00:00+01:00;18;19.34779344
1900-05-21 12:00:00+01:00;20.1;19.02661024
1900-05-21 13:00:00+01:00;20.3;18.10762353
1900-05-21 14:00:00+01:00;19.6;16.9928722
1900-05-21 15:00:00+01:00;21;14.76782072
1900-05-21 16:00:00+01:00;22.6;12.11178779
1900-05-21 17:00:00+01:00;19.3;10.19886879
1900-05-21 18:00:00+01:00;18.9;8.844454806
1900-05-21 19:00:00+01:00;17.5;8.204969696
1900-05-21 20:00:00+01:00;16.9;7.764369629
1900-05-21 21:00:00+01:00;15.6;7.410062418
1900-05-21 22:00:00+01:00;14.2;6.841189885
1900-05-21 23:00:00+01:00;13.5;6.696080611
1900-05-22 00:00:00+01:00;12.2;6.979168146
1900-05-22 01:00:00+01:00;10.6;6.29320578
1900-05-22 02:00:00+01:00;11;6.606072189
1900-05-22 03:00:00+01:00;11.2;6.761485506
1900-05-22 04:00:00+01:00;11.3;7.154455898
1900-05-22 05:00:00+01:00;12;8.679586296
1900-05-22 06:00:00+01:00;12.4;11.63029539
1900-05-22 07:00:00+01:00;13.4;14.98284321
1900-05-22 08:00:00+01:00;15.4;17.86125955
1900-05-22 09:00:00+01:00;16.6;19.47180599
1900-05-22 10:00:00+01:00;17.4;19.58071998
1900-05-22 11:00:00+01:00;18.5;19.26446619
1900-05-22 12:00:00+01:00;18.7;19.27070528
1900-05-22 13:00:00+01:00;19.1;18.32063661
1900-05-22 14:00:00+01:00;20.4;16.88207196
1900-05-22 15:00:00+01:00;20.9;14.77920117
1900-05-22 16:00:00+01:00;20.5;12.28099235
1900-05-22 17:00:00+01:00;20;9.609790124
1900-05-22 18:00:00+01:00;17.5;8.987146446
1900-05-22 19:00:00+01:00;16.6;8.299293116
1900-05-22 20:00:00+01:00;15.7;7.874707229
1900-05-22 21:00:00+01:00;15.3;7.435679148
1900-05-22 22:00:00+01:00;12.9;7.190712205
1900-05-22 23:00:00+01:00;11.2;6.325514759
1900-05-23 00:00:00+01:00;10.4;6.93841992
1900-05-23 01:00:00+01:00;7.7;7.804186323
1900-05-23 02:00:00+01:00;7.2;8.394023713
1900-05-23 03:00:00+01:00;6.9;8.923009644
1900-05-23 04:00:00+01:00;8.6;8.842415979
1900-05-23 05:00:00+01:00;12;9.408470299
1900-05-23 06:00:00+01:00;13.1;11.7863345
1900-05-23 07:00:00+01:00;14.2;14.85971521
1900-05-23 08:00:00+01:00;14.8;17.97928669
1900-05-23 09:00:00+01:00;15.9;19.59973645
1900-05-23 10:00:00+01:00;16.4;19.76282928
1900-05-23 11:00:00+01:00;16.7;19.56444429
1900-05-23 12:00:00+01:00;16.8;19.60197712
1900-05-23 13:00:00+01:00;17.5;18.60465405
1900-05-23 14:00:00+01:00;18.8;17.10367244
1900-05-23 15:00:00+01:00;19.2;14.97266882
1900-05-23 16:00:00+01:00;18.8;12.41796747
1900-05-23 17:00:00+01:00;19.3;10.19886879
1900-05-23 18:00:00+01:00;18.5;8.885223846
1900-05-23 19:00:00+01:00;16.2;8.341214636
1900-05-23 20:00:00+01:00;15.5;7.893096829
1900-05-23 21:00:00+01:00;14.1;7.538146068
1900-05-23 22:00:00+01:00;13.4;7.154148105
1900-05-23 23:00:00+01:00;13;6.908713811
1900-05-24 00:00:00+01:00;12.3;6.971045336
1900-05-24 01:00:00+01:00;12.6;6.947684036
1900-05-24 02:00:00+01:00;12.7;7.137438888
1900-05-24 03:00:00+01:00;12.4;7.423588204
1900-05-24 04:00:00+01:00;11.9;7.421507112
1900-05-24 05:00:00+01:00;13.8;9.045531863
1900-05-24 06:00:00+01:00;14.3;11.31355106
1900-05-24 07:00:00+01:00;15.6;14.64424121
1900-05-24 08:00:00+01:00;16.9;17.5661917
1900-05-24 09:00:00+01:00;17.7;19.27077241
1900-05-24 10:00:00+01:00;19.8;19.14365766
1900-05-24 11:00:00+01:00;21.2;18.81449904
1900-05-24 12:00:00+01:00;21.1;18.85225664
1900-05-24 13:00:00+01:00;20.6;18.05437026
1900-05-24 14:00:00+01:00;22.4;16.60507136
1900-05-24 15:00:00+01:00;22.9;14.55159217
1900-05-24 16:00:00+01:00;21.8;12.17624667
1900-05-24 17:00:00+01:00;22;9.609790124
1900-05-24 18:00:00+01:00;21;8.368388546
1900-05-24 19:00:00+01:00;19.1;8.037283616
1900-05-24 20:00:00+01:00;16.3;7.819538429
1900-05-24 21:00:00+01:00;15;7.461295878
1900-05-24 22:00:00+01:00;13;7.183399385
1900-05-24 23:00:00+01:00;11.7;5.487500777
1900-05-25 00:00:00+01:00;11.2;6.070343222
1900-05-25 01:00:00+01:00;10;6.244485992
1900-05-25 02:00:00+01:00;9.1;6.873764145
1900-05-25 03:00:00+01:00;8.5;7.458336527
1900-05-25 04:00:00+01:00;9.1;7.744188929
1900-05-25 05:00:00+01:00;11.8;8.691073138
1900-05-25 06:00:00+01:00;14.5;11.31355106
1900-05-25 07:00:00+01:00;16.2;14.55189521
1900-05-25 08:00:00+01:00;18.1;17.33013742
1900-05-25 09:00:00+01:00;19.6;18.92353259
1900-05-25 10:00:00+01:00;21.7;18.79764999
1900-05-25 11:00:00+01:00;22.2;18.64784454
1900-05-25 12:00:00+01:00;23.1;18.50354944
1900-05-25 13:00:00+01:00;25.4;17.20231794
1900-05-25 14:00:00+01:00;24.6;16.3003707
1900-05-25 15:00:00+01:00;24;14.42640722
1900-05-25 16:00:00+01:00;26.4;11.80560811
1900-05-25 17:00:00+01:00;24.1;9.609790124
1900-05-25 18:00:00+01:00;23.6;8.368388546
1900-05-25 19:00:00+01:00;21.5;7.612038896
1900-05-25 20:00:00+01:00;17.8;7.681616429
1900-05-25 21:00:00+01:00;15.9;7.384445688
1900-05-25 22:00:00+01:00;14;7.110271185
1900-05-25 23:00:00+01:00;13.5;6.696080611
1900-05-26 00:00:00+01:00;11.7;5.111112307
1900-05-26 01:00:00+01:00;11.6;5.223850041
1900-05-26 02:00:00+01:00;10.9;5.450458274
1900-05-26 03:00:00+01:00;11.1;5.503216379
1900-05-26 04:00:00+01:00;11;5.585960758
1900-05-26 05:00:00+01:00;11.8;5.684973839
1900-05-26 06:00:00+01:00;13;5.793332591
1900-05-26 07:00:00+01:00;15.1;5.734414652
1900-05-26 08:00:00+01:00;17.4;5.667140473
1900-05-26 09:00:00+01:00;18.4;5.717279851
1900-05-26 10:00:00+01:00;16.4;6.120623671
1900-05-26 11:00:00+01:00;19.4;6.034373009
1900-05-26 12:00:00+01:00;16.2;6.512295114
1900-05-26 13:00:00+01:00;16.2;5.765386904
1900-05-26 14:00:00+01:00;14;6.292209468
1900-05-26 15:00:00+01:00;11.1;7.539356123
1900-05-26 16:00:00+01:00;9.3;8.452824103
1900-05-26 17:00:00+01:00;8.7;8.614178304
1900-05-26 18:00:00+01:00;8.8;8.58013066
1900-05-26 19:00:00+01:00;9.8;8.194952673
1900-05-26 20:00:00+01:00;10.3;7.861479509
1900-05-26 21:00:00+01:00;10.4;7.772446105
1900-05-26 22:00:00+01:00;9.3;8.033179199
1900-05-26 23:00:00+01:00;8.1;8.578536688
1900-05-27 00:00:00+01:00;8.1;9.029983504
1900-05-27 01:00:00+01:00;7.5;9.318513885
1900-05-27 02:00:00+01:00;7.1;9.587047379
1900-05-27 03:00:00+01:00;6.9;9.758087429
1900-05-27 04:00:00+01:00;6.8;10.08615455
1900-05-27 05:00:00+01:00;6.6;10.92287888
1900-05-27 06:00:00+01:00;6.9;11.58948704
1900-05-27 07:00:00+01:00;6.7;11.49273298
1900-05-27 08:00:00+01:00;7.7;11.18069241
1900-05-27 09:00:00+01:00;8.9;10.75949783
1900-05-27 10:00:00+01:00;9.5;10.75319151
1900-05-27 11:00:00+01:00;11;10.06547904
1900-05-27 12:00:00+01:00;11.1;10.15634112
1900-05-27 13:00:00+01:00;11;10.21908963
1900-05-27 14:00:00+01:00;11.1;10.19893181
1900-05-27 15:00:00+01:00;11.2;10.12895046
1900-05-27 16:00:00+01:00;11;10.04825564
1900-05-27 17:00:00+01:00;10.7;10.09168676
1900-05-27 18:00:00+01:00;10.7;9.812341739
1900-05-27 19:00:00+01:00;10.2;9.984660873
1900-05-27 20:00:00+01:00;8.3;10.68610177
1900-05-27 21:00:00+01:00;7;11.09732548
1900-05-27 22:00:00+01:00;5.6;11.23927979
1900-05-27 23:00:00+01:00;4.7;11.71383537
1900-05-28 00:00:00+01:00;4.6;12.31784791
1900-05-28 01:00:00+01:00;3.7;12.69778562
1900-05-28 02:00:00+01:00;3.6;13.31349847
1900-05-28 03:00:00+01:00;3.7;13.76351758
1900-05-28 04:00:00+01:00;4.4;14.37871431
1900-05-28 05:00:00+01:00;4.6;16.63817565
1900-05-28 06:00:00+01:00;6;21.26673018
1900-05-28 07:00:00+01:00;7.2;25.56001766
1900-05-28 08:00:00+01:00;8.5;28.92057956
1900-05-28 09:00:00+01:00;9.2;29.93539818
1900-05-28 10:00:00+01:00;10.1;29.10423456
1900-05-28 11:00:00+01:00;11.3;27.03253819
1900-05-28 12:00:00+01:00;12.3;25.95069497
1900-05-28 13:00:00+01:00;12.5;24.46571632
1900-05-28 14:00:00+01:00;13.1;21.77732309
1900-05-28 15:00:00+01:00;12.7;19.4700168
1900-05-28 16:00:00+01:00;12.7;16.03737855
1900-05-28 17:00:00+01:00;12.7;13.45363534
1900-05-28 18:00:00+01:00;12.8;12.00914224
1900-05-28 19:00:00+01:00;12.3;11.19597737
1900-05-28 20:00:00+01:00;10.9;11.18160351
1900-05-28 21:00:00+01:00;9.2;10.97616452
1900-05-28 22:00:00+01:00;5.6;11.31022152
1900-05-28 23:00:00+01:00;4.5;11.64044843
1900-05-29 00:00:00+01:00;4.9;12.10550065
1900-05-29 01:00:00+01:00;4;12.39007223
1900-05-29 02:00:00+01:00;6.8;11.80331132
1900-05-29 03:00:00+01:00;6.7;12.10954201
1900-05-29 04:00:00+01:00;6.6;12.84235986
1900-05-29 05:00:00+01:00;8.9;13.83243041
1900-05-29 06:00:00+01:00;10.4;16.91527335
1900-05-29 07:00:00+01:00;11.1;20.52954694
1900-05-29 08:00:00+01:00;12.2;23.46569523
1900-05-29 09:00:00+01:00;12.5;24.97776813
1900-05-29 10:00:00+01:00;12.8;24.72717596
1900-05-29 11:00:00+01:00;13.4;23.539569
1900-05-29 12:00:00+01:00;13.6;23.17197681
1900-05-29 13:00:00+01:00;13.3;22.2986689
1900-05-29 14:00:00+01:00;12.9;20.7698785
1900-05-29 15:00:00+01:00;12.5;18.55810455
1900-05-29 16:00:00+01:00;13.5;14.29359045
1900-05-29 17:00:00+01:00;12.8;12.23507143
1900-05-29 18:00:00+01:00;12.6;11.06018557
1900-05-29 19:00:00+01:00;11.5;10.67653561
1900-05-29 20:00:00+01:00;10.7;10.43390811
1900-05-29 21:00:00+01:00;10.6;9.717567455
1900-05-29 22:00:00+01:00;9.6;9.335679939
1900-05-29 23:00:00+01:00;10.5;8.867458551
1900-05-30 00:00:00+01:00;9.5;9.689015799
1900-05-30 01:00:00+01:00;9.6;9.405408085
1900-05-30 02:00:00+01:00;8.3;10.08810084
1900-05-30 03:00:00+01:00;8;10.46738795
1900-05-30 04:00:00+01:00;7.9;11.12174017
1900-05-30 05:00:00+01:00;8;13.12011769
1900-05-30 06:00:00+01:00;8.7;17.10402939
1900-05-30 07:00:00+01:00;9.7;20.50576765
1900-05-30 08:00:00+01:00;10.3;24.2856455
1900-05-30 09:00:00+01:00;11.6;24.96746865
1900-05-30 10:00:00+01:00;11.4;25.36545888
1900-05-30 11:00:00+01:00;11.4;24.75843647
1900-05-30 12:00:00+01:00;12;24.27580006
1900-05-30 13:00:00+01:00;12.1;23.19873919
1900-05-30 14:00:00+01:00;12;21.36459761
1900-05-30 15:00:00+01:00;12.3;18.47194557
1900-05-30 16:00:00+01:00;12.1;14.9155474
1900-05-30 17:00:00+01:00;11.9;12.41754289
1900-05-30 18:00:00+01:00;11.8;11.23691275
1900-05-30 19:00:00+01:00;11.6;10.44108295
1900-05-30 20:00:00+01:00;11.2;10.04403904
1900-05-30 21:00:00+01:00;10.9;9.441574479
1900-05-30 22:00:00+01:00;10.6;8.94319068
1900-05-30 23:00:00+01:00;10.4;8.920727719
1900-05-31 00:00:00+01:00;10.1;9.639710336
1900-05-31 01:00:00+01:00;9.9;9.536118248
1900-05-31 02:00:00+01:00;9.8;9.77417658
1900-05-31 03:00:00+01:00;9.2;10.23151498
1900-05-31 04:00:00+01:00;9.2;10.82590337
1900-05-31 05:00:00+01:00;9.7;12.52705619
1900-05-31 06:00:00+01:00;10.2;16.19001148
1900-05-31 07:00:00+01:00;10.5;19.940767
1900-05-31 08:00:00+01:00;11.2;23.41491595
1900-05-31 09:00:00+01:00;12.3;24.262896
1900-05-31 10:00:00+01:00;12.5;24.19896128
1900-05-31 11:00:00+01:00;13.6;22.55612058
1900-05-31 12:00:00+01:00;14.1;21.9190319
1900-05-31 13:00:00+01:00;13.9;20.97164016
1900-05-31 14:00:00+01:00;15.6;17.5468734
1900-05-31 15:00:00+01:00;14.3;16.26255208
1900-05-31 16:00:00+01:00;14.8;12.75471632
1900-05-31 17:00:00+01:00;15;10.53369302
1900-05-31 18:00:00+01:00;14;9.343875546
1900-05-31 19:00:00+01:00;13.7;8.719162107
1900-05-31 20:00:00+01:00;13;8.122966829
1900-05-31 21:00:00+01:00;11.4;8.459559055
1900-05-31 22:00:00+01:00;11.2;8.012446334
1900-05-31 23:00:00+01:00;10.8;8.01734425
1900-06-01 00:00:00+01:00;11.5;8.37068892
1900-06-01 01:00:00+01:00;12.2;6.979714596
1900-06-01 02:00:00+01:00;12.2;7.179503538
1900-06-01 03:00:00+01:00;13.5;7.256077244
1900-06-01 04:00:00+01:00;11.8;8.784630702
1900-06-01 05:00:00+01:00;11.3;10.81478618
1900-06-01 06:00:00+01:00;12.6;13.44103193
1900-06-01 07:00:00+01:00;14.9;14.75197821
1900-06-01 08:00:00+01:00;17.5;17.44816456
1900-06-01 09:00:00+01:00;19.4;18.96008415
1900-06-01 10:00:00+01:00;23.2;18.52448604
1900-06-01 11:00:00+01:00;24.8;18.21454284
1900-06-01 12:00:00+01:00;25.5;18.0851008
1900-06-01 13:00:00+01:00;27;16.9183005
1900-06-01 14:00:00+01:00;30.8;15.58671108
1900-06-01 15:00:00+01:00;27.4;14.03947192
1900-06-01 16:00:00+01:00;26.1;11.82978019
1900-06-01 17:00:00+01:00;25.8;9.609790124
1900-06-01 18:00:00+01:00;25.6;8.368388546
1900-06-01 19:00:00+01:00;24.1;7.612038896
1900-06-01 20:00:00+01:00;21.5;7.035071829
1900-06-01 21:00:00+01:00;19.2;7.102661658
1900-06-01 22:00:00+01:00;17;6.841189885
1900-06-01 23:00:00+01:00;15;6.696080611
1900-06-02 00:00:00+01:00;14;6.066644938
1900-06-02 01:00:00+01:00;12.5;5.144687306
1900-06-02 02:00:00+01:00;11;5.12529
1900-06-02 03:00:00+01:00;10.9;4.873097881
1900-06-02 04:00:00+01:00;11.9;5.000026989
1900-06-02 05:00:00+01:00;15;5.85200411
1900-06-02 06:00:00+01:00;18;5.378560172
1900-06-02 07:00:00+01:00;18.7;5.418792092
1900-06-02 08:00:00+01:00;21.2;5.667140473
1900-06-02 09:00:00+01:00;24.2;5.717279851
1900-06-02 10:00:00+01:00;26;6.009243411
1900-06-02 11:00:00+01:00;25;6.051771329
1900-06-02 12:00:00+01:00;26.8;6.066921654
1900-06-02 13:00:00+01:00;28;6.107288786
1900-06-02 14:00:00+01:00;26.6;5.980426409
1900-06-02 15:00:00+01:00;26;5.917344277
1900-06-02 16:00:00+01:00;25.4;5.833772418
1900-06-02 17:00:00+01:00;25.2;5.676774415
1900-06-02 18:00:00+01:00;24.5;5.605301924
1900-06-02 19:00:00+01:00;22.5;5.612547577
1900-06-02 20:00:00+01:00;19.3;5.396503256
1900-06-02 21:00:00+01:00;17.4;5.561851361
1900-06-02 22:00:00+01:00;16.3;5.430119037
1900-06-02 23:00:00+01:00;15.5;5.693232552
1900-06-03 00:00:00+01:00;11.7;5.005703992
1900-06-03 01:00:00+01:00;11.1;5.052382103
1900-06-03 02:00:00+01:00;10.3;4.95950779
1900-06-03 03:00:00+01:00;10;4.976129961
1900-06-03 04:00:00+01:00;11;5.082837519
1900-06-03 05:00:00+01:00;13.9;4.980778063
1900-06-03 06:00:00+01:00;15.4;5.378560172
1900-06-03 07:00:00+01:00;17.2;5.418792092
1900-06-03 08:00:00+01:00;20.5;5.667140473
1900-06-03 09:00:00+01:00;22;5.717279851
1900-06-03 10:00:00+01:00;23.6;6.009243411
1900-06-03 11:00:00+01:00;26.2;6.051771329
1900-06-03 12:00:00+01:00;26.6;6.066921654
1900-06-03 13:00:00+01:00;26.5;6.107288786
1900-06-03 14:00:00+01:00;25.9;5.980426409
1900-06-03 15:00:00+01:00;25.6;5.917344277
1900-06-03 16:00:00+01:00;24.3;5.833772418
1900-06-03 17:00:00+01:00;24.4;5.676774415
1900-06-03 18:00:00+01:00;23;5.605301924
1900-06-03 19:00:00+01:00;21.3;5.612547577
1900-06-03 20:00:00+01:00;20.8;5.475850736
1900-06-03 21:00:00+01:00;18.1;5.496567681
1900-06-03 22:00:00+01:00;18;5.430119037
1900-06-03 23:00:00+01:00;16.4;5.693232552
1900-06-04 00:00:00+01:00;15.4;6.692247666
1900-06-04 01:00:00+01:00;14;6.676607376
1900-06-04 02:00:00+01:00;14.6;6.932159198
1900-06-04 03:00:00+01:00;13.3;7.256077244
1900-06-04 04:00:00+01:00;14.4;7.615813947
1900-06-04 05:00:00+01:00;15.8;9.045531863
1900-06-04 06:00:00+01:00;18.5;11.31355106
1900-06-04 07:00:00+01:00;20;14.02540321
1900-06-04 08:00:00+01:00;22;16.56296101
1900-06-04 09:00:00+01:00;24;18.11939827
1900-06-04 10:00:00+01:00;23.9;18.39700953
1900-06-04 11:00:00+01:00;25.4;18.11455014
1900-06-04 12:00:00+01:00;25.5;18.0851008
1900-06-04 13:00:00+01:00;26.8;16.95380268
1900-06-04 14:00:00+01:00;27.3;15.92641989
1900-06-04 15:00:00+01:00;27.8;13.99395012
1900-06-04 16:00:00+01:00;28.7;12.09629415
1900-06-04 17:00:00+01:00;25.8;9.609790124
1900-06-04 18:00:00+01:00;24.2;8.368388546
1900-06-04 19:00:00+01:00;22.5;7.612038896
1900-06-04 20:00:00+01:00;19.4;7.534499629
1900-06-04 21:00:00+01:00;16.8;7.307595498
1900-06-04 22:00:00+01:00;16;6.841189885
1900-06-04 23:00:00+01:00;16.6;6.696080611
1900-06-05 00:00:00+01:00;16.1;6.692247666
1900-06-05 01:00:00+01:00;15.9;6.676607376
1900-06-05 02:00:00+01:00;15.3;6.932159198
1900-06-05 03:00:00+01:00;15.7;7.256077244
1900-06-05 04:00:00+01:00;15.6;7.615813947
1900-06-05 05:00:00+01:00;15.7;9.045531863
1900-06-05 06:00:00+01:00;16.1;11.31355106
1900-06-05 07:00:00+01:00;16.9;14.44415821
1900-06-05 08:00:00+01:00;19.8;16.99572719
1900-06-05 09:00:00+01:00;21.5;18.57629277
1900-06-05 10:00:00+01:00;21.9;18.76122813
1900-06-05 11:00:00+01:00;24.1;18.33120099
1900-06-05 12:00:00+01:00;24.7;18.22458368
1900-06-05 13:00:00+01:00;24.7;17.32657557
1900-06-05 14:00:00+01:00;25.1;16.23112055
1900-06-05 15:00:00+01:00;25.2;14.28984182
1900-06-05 16:00:00+01:00;24.9;11.92646851
1900-06-05 17:00:00+01:00;24.5;9.609790124
1900-06-05 18:00:00+01:00;23.8;8.368388546
1900-06-05 19:00:00+01:00;22.4;7.612038896
1900-06-05 20:00:00+01:00;21;7.035071829
1900-06-05 21:00:00+01:00;20;6.909631578
1900-06-05 22:00:00+01:00;18.5;6.841189885
1900-06-05 23:00:00+01:00;17.1;6.696080611
1900-06-06 00:00:00+01:00;16.9;6.692247666
1900-06-06 01:00:00+01:00;16;6.676607376
1900-06-06 02:00:00+01:00;15.5;6.932159198
1900-06-06 03:00:00+01:00;15;7.256077244
1900-06-06 04:00:00+01:00;16.6;7.615813947
1900-06-06 05:00:00+01:00;16.8;9.045531863
1900-06-06 06:00:00+01:00;17.8;11.31355106
1900-06-06 07:00:00+01:00;18.9;14.13633821
1900-06-06 08:00:00+01:00;19.4;17.07441195
1900-06-06 09:00:00+01:00;20.3;18.79560213
1900-06-06 10:00:00+01:00;20.1;19.08902487
1900-06-06 11:00:00+01:00;20.6;18.91449174
1900-06-06 12:00:00+01:00;21.8;18.73020912
1900-06-06 13:00:00+01:00;23.4;17.55733974
1900-06-06 14:00:00+01:00;23;16.52197118
1900-06-06 15:00:00+01:00;22.8;14.56297262
1900-06-06 16:00:00+01:00;22.6;12.11178779
1900-06-06 17:00:00+01:00;21.4;9.609790124
1900-06-06 18:00:00+01:00;20.6;8.368388546
1900-06-06 19:00:00+01:00;19.6;7.984881716
1900-06-06 20:00:00+01:00;18.7;7.598863229
1900-06-06 21:00:00+01:00;17.9;7.213667488
1900-06-06 22:00:00+01:00;17.3;6.841189885
1900-06-06 23:00:00+01:00;16.7;6.696080611
1900-06-07 00:00:00+01:00;15.2;6.692247666
1900-06-07 01:00:00+01:00;15.6;6.676607376
1900-06-07 02:00:00+01:00;15.3;6.932159198
1900-06-07 03:00:00+01:00;14.8;7.256077244
1900-06-07 04:00:00+01:00;15.6;7.615813947
1900-06-07 05:00:00+01:00;15.7;9.045531863
1900-06-07 06:00:00+01:00;16.7;11.31355106
1900-06-07 07:00:00+01:00;18;14.27485721
1900-06-07 08:00:00+01:00;17.8;17.38915099
1900-06-07 09:00:00+01:00;18.2;19.17939351
1900-06-07 10:00:00+01:00;21.1;18.90691557
1900-06-07 11:00:00+01:00;21.3;18.79783359
1900-06-07 12:00:00+01:00;20.9;18.88712736
1900-06-07 13:00:00+01:00;22.2;17.77035282
1900-06-07 14:00:00+01:00;22.6;16.5773713
1900-06-07 15:00:00+01:00;22.2;14.63125532
1900-06-07 16:00:00+01:00;21.4;12.20847611
1900-06-07 17:00:00+01:00;20.8;9.609790124
1900-06-07 18:00:00+01:00;20.9;8.368388546
1900-06-07 19:00:00+01:00;19.6;7.984881716
1900-06-07 20:00:00+01:00;18.6;7.608058029
1900-06-07 21:00:00+01:00;17;7.290517678
1900-06-07 22:00:00+01:00;15.9;6.841189885
1900-06-07 23:00:00+01:00;15.3;6.696080611
1900-06-08 00:00:00+01:00;14;6.692247666
1900-06-08 01:00:00+01:00;14.1;6.676607376
1900-06-08 02:00:00+01:00;14.9;6.932159198
1900-06-08 03:00:00+01:00;14.8;7.256077244
1900-06-08 04:00:00+01:00;14;7.615813947
1900-06-08 05:00:00+01:00;12.8;7.19819149
1900-06-08 06:00:00+01:00;12.6;10.42987178
1900-06-08 07:00:00+01:00;13.7;14.93667021
1900-06-08 08:00:00+01:00;14.3;18.07764264
1900-06-08 09:00:00+01:00;15.1;19.74594269
1900-06-08 10:00:00+01:00;15.5;19.92672765
1900-06-08 11:00:00+01:00;12;19.58368408
1900-06-08 12:00:00+01:00;14;18.19247661
1900-06-08 13:00:00+01:00;16.9;18.71116059
1900-06-08 14:00:00+01:00;17.6;17.2698728
1900-06-08 15:00:00+01:00;18.5;15.05233197
1900-06-08 16:00:00+01:00;19.3;12.37768067
1900-06-08 17:00:00+01:00;19.2;10.2066554
1900-06-08 18:00:00+01:00;18.2;8.915800626
1900-06-08 19:00:00+01:00;17.1;8.246891216
1900-06-08 20:00:00+01:00;14.6;7.975850029
1900-06-08 21:00:00+01:00;13.7;7.572301708
1900-06-08 22:00:00+01:00;12.5;7.219963485
1900-06-08 23:00:00+01:00;11.8;6.339205646
1900-06-09 00:00:00+01:00;10;7.126823006
1900-06-09 01:00:00+01:00;9.6;7.386274741
1900-06-09 02:00:00+01:00;8.3;8.02599518
1900-06-09 03:00:00+01:00;8.9;7.933899998
1900-06-09 04:00:00+01:00;9;8.147599445
1900-06-09 05:00:00+01:00;10.6;8.156082112
1900-06-09 06:00:00+01:00;12;7.973474767
1900-06-09 07:00:00+01:00;12.8;7.283154147
1900-06-09 08:00:00+01:00;13.8;6.903968601
1900-06-09 09:00:00+01:00;16;6.021419951
1900-06-09 10:00:00+01:00;16.4;6.120623671
1900-06-09 11:00:00+01:00;17.7;6.158849219
1900-06-09 12:00:00+01:00;17.6;6.410570134
1900-06-09 13:00:00+01:00;15;6.541478577
1900-06-09 14:00:00+01:00;18.1;6.396125989
1900-06-09 15:00:00+01:00;13.2;7.356990941
1900-06-09 16:00:00+01:00;15.8;5.927411894
1900-06-09 17:00:00+01:00;13.2;7.036182791
1900-06-09 18:00:00+01:00;15.4;5.938844824
1900-06-09 19:00:00+01:00;13;6.933872096
1900-06-09 20:00:00+01:00;12.5;7.046559904
1900-06-09 21:00:00+01:00;10.4;7.697486368
1900-06-09 22:00:00+01:00;9.9;7.712570131
1900-06-09 23:00:00+01:00;6.8;8.884496696
1900-06-10 00:00:00+01:00;6.5;9.421280831
1900-06-10 01:00:00+01:00;8.5;8.792295995
1900-06-10 02:00:00+01:00;9.8;8.335915389
1900-06-10 03:00:00+01:00;8.6;8.772186605
1900-06-10 04:00:00+01:00;9.1;8.756111305
1900-06-10 05:00:00+01:00;10.9;8.620839392
1900-06-10 06:00:00+01:00;12.6;8.221801771
1900-06-10 07:00:00+01:00;12.8;7.788373322
1900-06-10 08:00:00+01:00;12.1;8.14008453
1900-06-10 09:00:00+01:00;14.2;7.425224328
1900-06-10 10:00:00+01:00;13.6;7.810606002
1900-06-10 11:00:00+01:00;16.8;6.224748389
1900-06-10 12:00:00+01:00;15;7.294462511
1900-06-10 13:00:00+01:00;16.1;6.711171287
1900-06-10 14:00:00+01:00;19.9;6.267726229
1900-06-10 15:00:00+01:00;17.7;6.270891877
1900-06-10 16:00:00+01:00;18.4;6.070593618
1900-06-10 17:00:00+01:00;17;6.088753815
1900-06-10 18:00:00+01:00;15.2;6.281417961
1900-06-10 19:00:00+01:00;12.5;7.344756109
1900-06-10 20:00:00+01:00;12.3;7.308562883
1900-06-10 21:00:00+01:00;12;7.268770847
1900-06-10 22:00:00+01:00;11.8;7.069695168
1900-06-10 23:00:00+01:00;11.4;7.19685636
1900-06-11 00:00:00+01:00;11.3;7.841939771
1900-06-11 01:00:00+01:00;11.1;7.734167193
1900-06-11 02:00:00+01:00;10.8;7.947802195
1900-06-11 03:00:00+01:00;11;8.113855509
1900-06-11 04:00:00+01:00;11.6;8.33373108
1900-06-11 05:00:00+01:00;12.2;9.887998129
1900-06-11 06:00:00+01:00;13.2;12.36146938
1900-06-11 07:00:00+01:00;15.1;14.72119621
1900-06-11 08:00:00+01:00;17.2;17.50717813
1900-06-11 09:00:00+01:00;18.6;19.10629039
1900-06-11 10:00:00+01:00;18.9;19.30755603
1900-06-11 11:00:00+01:00;20;19.01448444
1900-06-11 12:00:00+01:00;18.4;19.32301136
1900-06-11 13:00:00+01:00;20;18.1608768
1900-06-11 14:00:00+01:00;20.2;16.90977202
1900-06-11 15:00:00+01:00;19.1;14.98404927
1900-06-11 16:00:00+01:00;15.7;12.66774563
1900-06-11 17:00:00+01:00;15.6;10.48697336
1900-06-11 18:00:00+01:00;14.7;9.272529726
1900-06-11 19:00:00+01:00;13.8;7.222973827
1900-06-11 20:00:00+01:00;10.8;7.90510425
1900-06-11 21:00:00+01:00;9.6;7.677766781
1900-06-11 22:00:00+01:00;7.8;7.843243594
1900-06-11 23:00:00+01:00;5.5;8.47903427
1900-06-12 00:00:00+01:00;4.5;9.328640797
1900-06-12 01:00:00+01:00;3.5;9.965634747
1900-06-12 02:00:00+01:00;5;10.06136256
1900-06-12 03:00:00+01:00;7.3;9.63146215
1900-06-12 04:00:00+01:00;7.4;10.28502012
1900-06-12 05:00:00+01:00;8.2;11.99696877
1900-06-12 06:00:00+01:00;10;15.22191412
1900-06-12 07:00:00+01:00;11.5;17.75905773
1900-06-12 08:00:00+01:00;14.3;18.07764264
1900-06-12 09:00:00+01:00;14;19.94697627
1900-06-12 10:00:00+01:00;16.4;19.76282928
1900-06-12 11:00:00+01:00;17.5;19.43112069
1900-06-12 12:00:00+01:00;18.3;19.34044672
1900-06-12 13:00:00+01:00;18.8;18.37388988
1900-06-12 14:00:00+01:00;17.8;17.24217274
1900-06-12 15:00:00+01:00;18.1;15.09785377
1900-06-12 16:00:00+01:00;20;12.32127915
1900-06-12 17:00:00+01:00;19.8;10.15993574
1900-06-12 18:00:00+01:00;18.4;8.895416106
1900-06-12 19:00:00+01:00;16;8.362175396
1900-06-12 20:00:00+01:00;15.8;7.865512429
1900-06-12 21:00:00+01:00;14.1;7.538146068
1900-06-12 22:00:00+01:00;11.7;7.438008274
1900-06-12 23:00:00+01:00;10.8;7.393289808
1900-06-13 00:00:00+01:00;10;8.056505848
1900-06-13 01:00:00+01:00;9.5;8.002435614
1900-06-13 02:00:00+01:00;8.4;8.57478462
1900-06-13 03:00:00+01:00;8.1;8.961091585
1900-06-13 04:00:00+01:00;9.8;8.760249698
1900-06-13 05:00:00+01:00;10.6;10.34869944
1900-06-13 06:00:00+01:00;13.5;11.31355106
1900-06-13 07:00:00+01:00;15;14.73658721
1900-06-13 08:00:00+01:00;16.2;17.70389003
1900-06-13 09:00:00+01:00;18.1;19.19766929
1900-06-13 10:00:00+01:00;17.4;19.58071998
1900-06-13 11:00:00+01:00;20.2;18.98115354
1900-06-13 12:00:00+01:00;20;19.0440456
1900-06-13 13:00:00+01:00;19.6;18.23188116
1900-06-13 14:00:00+01:00;21;16.79897178
1900-06-13 15:00:00+01:00;19.5;14.93852747
1900-06-13 16:00:00+01:00;19.7;12.34545123
1900-06-13 17:00:00+01:00;19;10.22222862
1900-06-13 18:00:00+01:00;19;8.834262546
1900-06-13 19:00:00+01:00;18.1;8.142087416
1900-06-13 20:00:00+01:00;15.9;7.856317629
1900-06-13 21:00:00+01:00;14.4;7.512529338
1900-06-13 22:00:00+01:00;13;7.183399385
1900-06-13 23:00:00+01:00;12;6.987280811
1900-06-14 00:00:00+01:00;12.4;6.692247666
1900-06-14 01:00:00+01:00;12.1;6.987722236
1900-06-14 02:00:00+01:00;11.7;6.679075079
1900-06-14 03:00:00+01:00;11.9;6.71934766
1900-06-14 04:00:00+01:00;11.6;7.203985556
1900-06-14 05:00:00+01:00;13;9.045531863
1900-06-14 06:00:00+01:00;12.6;11.58576874
1900-06-14 07:00:00+01:00;14.4;14.82893321
1900-06-14 08:00:00+01:00;16.2;17.70389003
1900-06-14 09:00:00+01:00;16.8;19.43525443
1900-06-14 10:00:00+01:00;18;19.4714544
1900-06-14 11:00:00+01:00;20.4;18.94782264
1900-06-14 12:00:00+01:00;20.7;18.92199808
1900-06-14 13:00:00+01:00;20.4;18.08987244
1900-06-14 14:00:00+01:00;21.8;16.68817154
1900-06-14 15:00:00+01:00;21.6;14.69953802
1900-06-14 16:00:00+01:00;24;11.99898475
1900-06-14 17:00:00+01:00;23.6;9.609790124
1900-06-14 18:00:00+01:00;23.7;8.368388546
1900-06-14 19:00:00+01:00;20.4;7.612038896
1900-06-14 20:00:00+01:00;18.7;7.598863229
1900-06-14 21:00:00+01:00;17.3;7.264900948
1900-06-14 22:00:00+01:00;16.4;6.841189885
1900-06-14 23:00:00+01:00;15.8;6.696080611
1900-06-15 00:00:00+01:00;15;6.692247666
1900-06-15 01:00:00+01:00;14.5;6.676607376
1900-06-15 02:00:00+01:00;13.3;6.932159198
1900-06-15 03:00:00+01:00;12.4;7.423588204
1900-06-15 04:00:00+01:00;12.5;7.762756147
1900-06-15 05:00:00+01:00;14.7;9.045531863
1900-06-15 06:00:00+01:00;14.3;11.31355106
1900-06-15 07:00:00+01:00;15.5;14.65963221
1900-06-15 08:00:00+01:00;18;17.34980861
1900-06-15 09:00:00+01:00;18.2;19.17939351
1900-06-15 10:00:00+01:00;20.3;19.05260301
1900-06-15 11:00:00+01:00;22.6;18.58118274
1900-06-15 12:00:00+01:00;22.5;18.6081616
1900-06-15 13:00:00+01:00;21.3;17.93011263
1900-06-15 14:00:00+01:00;23;16.52197118
1900-06-15 15:00:00+01:00;24.4;14.38088542
1900-06-15 16:00:00+01:00;25;11.91841115
1900-06-15 17:00:00+01:00;24.3;9.609790124
1900-06-15 18:00:00+01:00;23.4;8.368388546
1900-06-15 19:00:00+01:00;22.8;7.612038896
1900-06-15 20:00:00+01:00;20.4;7.035071829
1900-06-15 21:00:00+01:00;17.5;7.247823128
1900-06-15 22:00:00+01:00;16;6.841189885
1900-06-15 23:00:00+01:00;11.5;5.503214177
1900-06-16 00:00:00+01:00;10.4;5.271675036
1900-06-16 01:00:00+01:00;9.3;5.868741829
1900-06-16 02:00:00+01:00;7.7;6.63361533
1900-06-16 03:00:00+01:00;9.4;6.108969428
1900-06-16 04:00:00+01:00;10.4;5.866453374
1900-06-16 05:00:00+01:00;14;5.94893791
1900-06-16 06:00:00+01:00;17.2;5.378560172
1900-06-16 07:00:00+01:00;21.6;5.418792092
1900-06-16 08:00:00+01:00;23;5.667140473
1900-06-16 09:00:00+01:00;23.8;5.717279851
1900-06-16 10:00:00+01:00;25.5;6.009243411
1900-06-16 11:00:00+01:00;26.4;6.051771329
1900-06-16 12:00:00+01:00;26.7;6.066921654
1900-06-16 13:00:00+01:00;27.6;6.107288786
1900-06-16 14:00:00+01:00;28.3;5.980426409
1900-06-16 15:00:00+01:00;29.7;5.917344277
1900-06-16 16:00:00+01:00;27.5;5.833772418
1900-06-16 17:00:00+01:00;30.3;5.676774415
1900-06-16 18:00:00+01:00;29.3;5.605301924
1900-06-16 19:00:00+01:00;27;5.612547577
1900-06-16 20:00:00+01:00;21.6;5.475850736
1900-06-16 21:00:00+01:00;19.5;5.366000321
1900-06-16 22:00:00+01:00;18.4;5.430119037
1900-06-16 23:00:00+01:00;17.6;5.693232552
1900-06-17 00:00:00+01:00;16.5;5.623940838
1900-06-17 01:00:00+01:00;15.8;5.64463665
1900-06-17 02:00:00+01:00;14.8;5.885029035
1900-06-17 03:00:00+01:00;13;5.963853134
1900-06-17 04:00:00+01:00;12.2;4.972423479
1900-06-17 05:00:00+01:00;11.1;5.069179433
1900-06-17 06:00:00+01:00;13.4;4.974110468
1900-06-17 07:00:00+01:00;12;5.129887217
1900-06-17 08:00:00+01:00;14;5.271217305
1900-06-17 09:00:00+01:00;15.2;5.391052383
1900-06-17 10:00:00+01:00;15.4;5.506501423
1900-06-17 11:00:00+01:00;17;6.210104129
1900-06-17 12:00:00+01:00;18.8;6.323377294
1900-06-17 13:00:00+01:00;19.9;6.228930706
1900-06-17 14:00:00+01:00;21.2;5.980426409
1900-06-17 15:00:00+01:00;21.4;5.917344277
1900-06-17 16:00:00+01:00;22.4;5.833772418
1900-06-17 17:00:00+01:00;22.1;5.676774415
1900-06-17 18:00:00+01:00;21;5.605301924
1900-06-17 19:00:00+01:00;19.5;5.544571077
1900-06-17 20:00:00+01:00;17.9;5.530283896
1900-06-17 21:00:00+01:00;16.9;5.608482561
1900-06-17 22:00:00+01:00;14.3;5.770768367
1900-06-17 23:00:00+01:00;13.7;4.978546648
1900-06-18 00:00:00+01:00;11.3;6.305930474
1900-06-18 01:00:00+01:00;12.4;6.963699316
1900-06-18 02:00:00+01:00;8.6;7.403498596
1900-06-18 03:00:00+01:00;7.5;8.229985248
1900-06-18 04:00:00+01:00;8.8;8.28868292
1900-06-18 05:00:00+01:00;11.8;9.031509977
1900-06-18 06:00:00+01:00;14.5;11.31355106
1900-06-18 07:00:00+01:00;17.9;14.29024821
1900-06-18 08:00:00+01:00;19.2;17.11375433
1900-06-18 09:00:00+01:00;21;18.66767167
1900-06-18 10:00:00+01:00;23.5;18.46985325
1900-06-18 11:00:00+01:00;25;18.18121194
1900-06-18 12:00:00+01:00;24.8;18.20714832
1900-06-18 13:00:00+01:00;25.3;17.22006903
1900-06-18 14:00:00+01:00;26.3;16.06492019
1900-06-18 15:00:00+01:00;26.3;14.16465687
1900-06-18 16:00:00+01:00;27.2;11.74114923
1900-06-18 17:00:00+01:00;26.1;9.609790124
1900-06-18 18:00:00+01:00;26.7;8.368388546
1900-06-18 19:00:00+01:00;23.6;7.612038896
1900-06-18 20:00:00+01:00;20.7;7.035071829
1900-06-18 21:00:00+01:00;18.6;7.153895118
1900-06-18 22:00:00+01:00;16.1;6.841189885
1900-06-18 23:00:00+01:00;14.2;6.696080611
1900-06-19 00:00:00+01:00;12.2;6.979168146
1900-06-19 01:00:00+01:00;12.1;6.987722236
1900-06-19 02:00:00+01:00;12.9;6.932159198
1900-06-19 03:00:00+01:00;12.8;7.256077244
1900-06-19 04:00:00+01:00;12.6;7.615813947
1900-06-19 05:00:00+01:00;12.5;6.645347041
1900-06-19 06:00:00+01:00;12.6;9.477956634
1900-06-19 07:00:00+01:00;12.4;11.65766482
1900-06-19 08:00:00+01:00;12.7;15.3438984
1900-06-19 09:00:00+01:00;13.9;16.56660436
1900-06-19 10:00:00+01:00;14.2;16.98400427
1900-06-19 11:00:00+01:00;13;17.92700454
1900-06-19 12:00:00+01:00;13.3;18.26469016
1900-06-19 13:00:00+01:00;13.5;17.80846067
1900-06-19 14:00:00+01:00;17;17.35297298
1900-06-19 15:00:00+01:00;16.7;15.25718007
1900-06-19 16:00:00+01:00;17.1;12.55494259
1900-06-19 17:00:00+01:00;16.6;10.40910726
1900-06-19 18:00:00+01:00;16.2;9.119645826
1900-06-19 19:00:00+01:00;14.5;8.519381096
1900-06-19 20:00:00+01:00;13.6;8.067798029
1900-06-19 21:00:00+01:00;13.4;7.597918438
1900-06-19 22:00:00+01:00;12.7;7.205337845
1900-06-19 23:00:00+01:00;12.8;6.924427211
1900-06-20 00:00:00+01:00;12;6.995413766
1900-06-20 01:00:00+01:00;11.4;7.485337511
1900-06-20 02:00:00+01:00;10;8.142312758
1900-06-20 03:00:00+01:00;10.1;8.407075796
1900-06-20 04:00:00+01:00;11;8.665151008
1900-06-20 05:00:00+01:00;13.1;9.045531863
1900-06-20 06:00:00+01:00;14.9;11.31355106
1900-06-20 07:00:00+01:00;16.5;14.50572221
1900-06-20 08:00:00+01:00;18.4;17.27112385
1900-06-20 09:00:00+01:00;19.1;19.01491149
1900-06-20 10:00:00+01:00;20.8;18.96154836
1900-06-20 11:00:00+01:00;22.2;18.64784454
1900-06-20 12:00:00+01:00;22.7;18.57329088
1900-06-20 13:00:00+01:00;24.4;17.37982884
1900-06-20 14:00:00+01:00;23.3;16.48042109
1900-06-20 15:00:00+01:00;22;14.65401622
1900-06-20 16:00:00+01:00;21.5;12.20041875
1900-06-20 17:00:00+01:00;19.7;10.16772235
1900-06-20 18:00:00+01:00;18.3;8.905608366
1900-06-20 19:00:00+01:00;17;8.257371596
1900-06-20 20:00:00+01:00;15;7.939070829
1900-06-20 21:00:00+01:00;13;7.632074078
1900-06-20 22:00:00+01:00;11.4;5.927120696
1900-06-20 23:00:00+01:00;11.2;5.790145328
1900-06-21 00:00:00+01:00;11.2;6.251292108
1900-06-21 01:00:00+01:00;11;6.293483083
1900-06-21 02:00:00+01:00;11;6.473191127
1900-06-21 03:00:00+01:00;10.5;6.848787276
1900-06-21 04:00:00+01:00;10.7;7.189790103
1900-06-21 05:00:00+01:00;10.7;9.066317871
1900-06-21 06:00:00+01:00;10.2;13.02343662
1900-06-21 07:00:00+01:00;11.2;15.23625963
1900-06-21 08:00:00+01:00;12.9;17.77882024
1900-06-21 09:00:00+01:00;16.8;19.43525443
1900-06-21 10:00:00+01:00;19;19.2893451
1900-06-21 11:00:00+01:00;19.4;19.11447714
1900-06-21 12:00:00+01:00;19.2;19.18352848
1900-06-21 13:00:00+01:00;21.7;17.85910827
1900-06-21 14:00:00+01:00;20.7;16.84052187
1900-06-21 15:00:00+01:00;19.5;14.93852747
1900-06-21 16:00:00+01:00;17.6;12.51465579
1900-06-21 17:00:00+01:00;18.4;10.26894828
1900-06-21 18:00:00+01:00;17.1;9.027915486
1900-06-21 19:00:00+01:00;16.4;8.320253876
1900-06-21 20:00:00+01:00;15.3;7.911486429
1900-06-21 21:00:00+01:00;14.1;7.538146068
1900-06-21 22:00:00+01:00;13.9;7.117584005
1900-06-21 23:00:00+01:00;13;6.908713811
1900-06-22 00:00:00+01:00;12.2;6.979168146
1900-06-22 01:00:00+01:00;11.6;6.789747424
1900-06-22 02:00:00+01:00;11.5;6.99404887
1900-06-22 03:00:00+01:00;12.3;7.431948964
1900-06-22 04:00:00+01:00;13.4;7.615813947
1900-06-22 05:00:00+01:00;14;9.045531863
1900-06-22 06:00:00+01:00;14.5;11.31355106
1900-06-22 07:00:00+01:00;17.5;14.35181221
1900-06-22 08:00:00+01:00;17.7;17.40882218
1900-06-22 09:00:00+01:00;18.5;19.12456617
1900-06-22 10:00:00+01:00;19.9;19.12544673
1900-06-22 11:00:00+01:00;19.5;19.09781169
1900-06-22 12:00:00+01:00;21.6;18.76507984
1900-06-22 13:00:00+01:00;21;17.9833659
1900-06-22 14:00:00+01:00;21.2;16.77127172
1900-06-22 15:00:00+01:00;21;14.76782072
1900-06-22 16:00:00+01:00;18.8;12.41796747
1900-06-22 17:00:00+01:00;15.1;10.52590641
1900-06-22 18:00:00+01:00;17.9;8.946377406
1900-06-22 19:00:00+01:00;18;8.152567796
1900-06-22 20:00:00+01:00;17.4;7.718395629
1900-06-22 21:00:00+01:00;17;7.290517678
1900-06-22 22:00:00+01:00;15.8;6.841189885
1900-06-22 23:00:00+01:00;16.7;6.696080611
1900-06-23 00:00:00+01:00;15.5;5.623940838
1900-06-23 01:00:00+01:00;14.7;6.02108972
1900-06-23 02:00:00+01:00;12.4;5.504108946
1900-06-23 03:00:00+01:00;14.4;5.841584694
1900-06-23 04:00:00+01:00;15;5.718117654
1900-06-23 05:00:00+01:00;15.6;5.56648421
1900-06-23 06:00:00+01:00;16.6;5.378560172
1900-06-23 07:00:00+01:00;15.2;5.725553312
1900-06-23 08:00:00+01:00;16.3;5.779564483
1900-06-23 09:00:00+01:00;16.3;5.999146751
1900-06-23 10:00:00+01:00;17.5;6.038781911
1900-06-23 11:00:00+01:00;17;6.210104129
1900-06-23 12:00:00+01:00;16.2;6.512295114
1900-06-23 13:00:00+01:00;18.3;6.344055826
1900-06-23 14:00:00+01:00;14.6;6.040480654
1900-06-23 15:00:00+01:00;15.4;5.825914261
1900-06-23 16:00:00+01:00;14.5;5.825449108
1900-06-23 17:00:00+01:00;15.2;5.698179126
1900-06-23 18:00:00+01:00;15;5.47231311
1900-06-23 19:00:00+01:00;14.5;5.440866091
1900-06-23 20:00:00+01:00;14.4;5.303237494
1900-06-23 21:00:00+01:00;14.2;5.308226098
1900-06-23 22:00:00+01:00;13.6;5.448454848
1900-06-23 23:00:00+01:00;12.4;5.922256237
1900-06-24 00:00:00+01:00;12;6.454647536
1900-06-24 01:00:00+01:00;11.7;6.551869218
1900-06-24 02:00:00+01:00;13.5;5.998950245
1900-06-24 03:00:00+01:00;13.6;5.911452374
1900-06-24 04:00:00+01:00;12.7;6.438476247
1900-06-24 05:00:00+01:00;12.5;7.022266716
1900-06-24 06:00:00+01:00;12.3;7.523844926
1900-06-24 07:00:00+01:00;9;8.900657274
1900-06-24 08:00:00+01:00;9.8;8.650071717
1900-06-24 09:00:00+01:00;9.7;8.760643672
1900-06-24 10:00:00+01:00;11.5;8.281757502
1900-06-24 11:00:00+01:00;11.4;8.311917788
1900-06-24 12:00:00+01:00;13.1;7.778088467
1900-06-24 13:00:00+01:00;15.4;6.771393189
1900-06-24 14:00:00+01:00;16.4;6.517392429
1900-06-24 15:00:00+01:00;11.7;8.360747224
1900-06-24 16:00:00+01:00;14.9;6.658937342
1900-06-24 17:00:00+01:00;14;6.976609447
1900-06-24 18:00:00+01:00;14.7;6.463207572
1900-06-24 19:00:00+01:00;12.4;7.338618096
1900-06-24 20:00:00+01:00;11.5;7.640023487
1900-06-24 21:00:00+01:00;11.3;7.633298521
1900-06-24 22:00:00+01:00;10.4;7.802378492
1900-06-24 23:00:00+01:00;10.3;7.933667012
1900-06-25 00:00:00+01:00;10.2;8.699845388
1900-06-25 01:00:00+01:00;9.2;8.948250622
1900-06-25 02:00:00+01:00;9.4;9.229447242
1900-06-25 03:00:00+01:00;8.9;9.78660185
1900-06-25 04:00:00+01:00;9.2;10.34331562
1900-06-25 05:00:00+01:00;10;11.97905973
1900-06-25 06:00:00+01:00;10.4;15.72780778
1900-06-25 07:00:00+01:00;10.5;19.4718035
1900-06-25 08:00:00+01:00;13;21.13598065
1900-06-25 09:00:00+01:00;13.8;22.22990628
1900-06-25 10:00:00+01:00;14.4;21.73865421
1900-06-25 11:00:00+01:00;16.4;19.61444064
1900-06-25 12:00:00+01:00;17.2;19.53223568
1900-06-25 13:00:00+01:00;16.5;18.78216495
1900-06-25 14:00:00+01:00;17.4;17.29757286
1900-06-25 15:00:00+01:00;17.2;15.20027782
1900-06-25 16:00:00+01:00;17.4;12.53077051
1900-06-25 17:00:00+01:00;16.7;10.40132065
1900-06-25 18:00:00+01:00;15.7;9.170607126
1900-06-25 19:00:00+01:00;15.5;8.414577296
1900-06-25 20:00:00+01:00;14.2;8.012629229
1900-06-25 21:00:00+01:00;12.7;7.657690808
1900-06-25 22:00:00+01:00;12.3;7.234589125
1900-06-25 23:00:00+01:00;10.5;7.493256475
1900-06-26 00:00:00+01:00;8.3;8.704686194
1900-06-26 01:00:00+01:00;7.2;9.075963287
1900-06-26 02:00:00+01:00;5.8;10.00806689
1900-06-26 03:00:00+01:00;6.3;10.22917124
1900-06-26 04:00:00+01:00;8;10.19108213
1900-06-26 05:00:00+01:00;8.8;11.81474347
1900-06-26 06:00:00+01:00;11.2;14.39866091
1900-06-26 07:00:00+01:00;13.4;14.98284321
1900-06-26 08:00:00+01:00;16;17.74323241
1900-06-26 09:00:00+01:00;18;19.21594507
1900-06-26 10:00:00+01:00;17.7;19.52608719
1900-06-26 11:00:00+01:00;19;19.18113894
1900-06-26 12:00:00+01:00;18.6;19.28814064
1900-06-26 13:00:00+01:00;20.3;18.10762353
1900-06-26 14:00:00+01:00;19.3;17.03442229
1900-06-26 15:00:00+01:00;19.3;14.96128837
1900-06-26 16:00:00+01:00;19.1;12.39379539
1900-06-26 17:00:00+01:00;18.3;10.27673489
1900-06-26 18:00:00+01:00;18;8.936185146
1900-06-26 19:00:00+01:00;14.8;8.487939956
1900-06-26 20:00:00+01:00;13.8;8.049408429
1900-06-26 21:00:00+01:00;13.4;7.597918438
1900-06-26 22:00:00+01:00;11.6;7.046137154
1900-06-26 23:00:00+01:00;10.2;7.204257702
1900-06-27 00:00:00+01:00;10.1;7.721813551
1900-06-27 01:00:00+01:00;9.5;7.789735076
1900-06-27 02:00:00+01:00;8;8.531911278
1900-06-27 03:00:00+01:00;8.7;8.507234183
1900-06-27 04:00:00+01:00;9.7;8.583253933
1900-06-27 05:00:00+01:00;10.6;10.15447586
1900-06-27 06:00:00+01:00;13.3;11.80256249
1900-06-27 07:00:00+01:00;14.9;14.75197821
1900-06-27 08:00:00+01:00;16.6;17.62520527
1900-06-27 09:00:00+01:00;19;19.03318727
1900-06-27 10:00:00+01:00;20.2;19.07081394
1900-06-27 11:00:00+01:00;21.9;18.69784089
1900-06-27 12:00:00+01:00;22.3;18.64303232
1900-06-27 13:00:00+01:00;21.7;17.85910827
1900-06-27 14:00:00+01:00;20.5;16.86822193
1900-06-27 15:00:00+01:00;20.4;14.83610342
1900-06-27 16:00:00+01:00;23.2;12.06344363
1900-06-27 17:00:00+01:00;22;9.609790124
1900-06-27 18:00:00+01:00;22.3;8.368388546
1900-06-27 19:00:00+01:00;20.2;7.612038896
1900-06-27 20:00:00+01:00;18.6;7.608058029
1900-06-27 21:00:00+01:00;16.6;7.324673318
1900-06-27 22:00:00+01:00;14.8;6.841189885
1900-06-27 23:00:00+01:00;11.6;5.721435186
1900-06-28 00:00:00+01:00;9.9;6.450550509
1900-06-28 01:00:00+01:00;9.3;6.641986164
1900-06-28 02:00:00+01:00;7;7.749068986
1900-06-28 03:00:00+01:00;7;8.110297555
1900-06-28 04:00:00+01:00;10;7.376925307
1900-06-28 05:00:00+01:00;12.7;8.220383163
1900-06-28 06:00:00+01:00;15.9;11.31355106
1900-06-28 07:00:00+01:00;17.4;14.36720321
1900-06-28 08:00:00+01:00;19;17.15309671
1900-06-28 09:00:00+01:00;20.5;18.75905057
1900-06-28 10:00:00+01:00;22.9;18.57911883
1900-06-28 11:00:00+01:00;24.3;18.29787009
1900-06-28 12:00:00+01:00;24;18.3466312
1900-06-28 13:00:00+01:00;23.1;17.61059301
1900-06-28 14:00:00+01:00;24.6;16.3003707
1900-06-28 15:00:00+01:00;24.6;14.35812452
1900-06-28 16:00:00+01:00;23.9;12.00704211
1900-06-28 17:00:00+01:00;22.9;9.609790124
1900-06-28 18:00:00+01:00;23.5;8.368388546
1900-06-28 19:00:00+01:00;20.1;7.612038896
1900-06-28 20:00:00+01:00;17.8;7.681616429
1900-06-28 21:00:00+01:00;16;7.375906778
1900-06-28 22:00:00+01:00;13.8;7.124896825
1900-06-28 23:00:00+01:00;13.8;6.696080611
1900-06-29 00:00:00+01:00;13.7;6.692247666
1900-06-29 01:00:00+01:00;13.2;6.676607376
1900-06-29 02:00:00+01:00;12.8;6.932159198
1900-06-29 03:00:00+01:00;13.4;7.256077244
1900-06-29 04:00:00+01:00;13.7;7.615813947
1900-06-29 05:00:00+01:00;14.2;9.045531863
1900-06-29 06:00:00+01:00;14.6;11.31355106
1900-06-29 07:00:00+01:00;16.2;14.55189521
1900-06-29 08:00:00+01:00;16.2;17.70389003
1900-06-29 09:00:00+01:00;16.2;19.54490911
1900-06-29 10:00:00+01:00;14.7;16.85149914
1900-06-29 11:00:00+01:00;14.7;16.85817363
1900-06-29 12:00:00+01:00;16;19.74146
1900-06-29 13:00:00+01:00;16.3;18.81766713
1900-06-29 14:00:00+01:00;16;17.49147328
1900-06-29 15:00:00+01:00;16.6;15.26856052
1900-06-29 16:00:00+01:00;16.5;12.60328675
1900-06-29 17:00:00+01:00;15.7;10.47918675
1900-06-29 18:00:00+01:00;15.2;9.221568426
1900-06-29 19:00:00+01:00;15;8.466979196
1900-06-29 20:00:00+01:00;15.1;7.929876029
1900-06-29 21:00:00+01:00;14.6;7.495451518
1900-06-29 22:00:00+01:00;14.6;6.841189885
1900-06-29 23:00:00+01:00;14.3;6.696080611
1900-06-30 00:00:00+01:00;14;6.066644938
1900-06-30 01:00:00+01:00;13.6;6.11521881
1900-06-30 02:00:00+01:00;12.9;6.251206542
1900-06-30 03:00:00+01:00;13.6;5.911452374
1900-06-30 04:00:00+01:00;13.1;5.892939884
1900-06-30 05:00:00+01:00;13;6.740640318
1900-06-30 06:00:00+01:00;13.9;6.665420582
1900-06-30 07:00:00+01:00;15;5.743275992
1900-06-30 08:00:00+01:00;16.3;5.779564483
1900-06-30 09:00:00+01:00;17.8;5.717279851
1900-06-30 10:00:00+01:00;18.5;5.964380311
1900-06-30 11:00:00+01:00;18.2;6.122238569
1900-06-30 12:00:00+01:00;19;6.308845154
1900-06-30 13:00:00+01:00;17.3;6.416009026
1900-06-30 14:00:00+01:00;17;6.474592509
1900-06-30 15:00:00+01:00;15.5;5.81850899
1900-06-30 16:00:00+01:00;15.4;5.748031558
1900-06-30 17:00:00+01:00;15.7;5.652873276
1900-06-30 18:00:00+01:00;15.2;5.45303829
1900-06-30 19:00:00+01:00;15.6;5.924369457
1900-06-30 20:00:00+01:00;15.6;5.750066376
1900-06-30 21:00:00+01:00;14.2;5.347848144
1900-06-30 22:00:00+01:00;14.5;5.753245587
1900-06-30 23:00:00+01:00;14.3;5.894055202
1900-07-01 00:00:00+01:00;14.4;6.032096298
1900-07-01 01:00:00+01:00;14.3;6.05531848
1900-07-01 02:00:00+01:00;13.9;5.963897565
1900-07-01 03:00:00+01:00;13.7;5.902718914
1900-07-01 04:00:00+01:00;14.3;5.782525844
1900-07-01 05:00:00+01:00;14.8;5.87139087
1900-07-01 06:00:00+01:00;15.2;5.646784672
1900-07-01 07:00:00+01:00;15.5;5.698969292
1900-07-01 08:00:00+01:00;16.7;5.746458763
1900-07-01 09:00:00+01:00;18.3;5.717279851
1900-07-01 10:00:00+01:00;21.7;6.009243411
1900-07-01 11:00:00+01:00;23.4;6.051771329
1900-07-01 12:00:00+01:00;24.4;6.066921654
1900-07-01 13:00:00+01:00;24.9;6.107288786
1900-07-01 14:00:00+01:00;24.4;5.980426409
1900-07-01 15:00:00+01:00;24.6;5.917344277
1900-07-01 16:00:00+01:00;24.3;5.833772418
1900-07-01 17:00:00+01:00;24;5.676774415
1900-07-01 18:00:00+01:00;23.2;5.605301924
1900-07-01 19:00:00+01:00;22.4;5.612547577
1900-07-01 20:00:00+01:00;21;5.475850736
1900-07-01 21:00:00+01:00;19.4;5.375326561
1900-07-01 22:00:00+01:00;18.4;5.430119037
1900-07-01 23:00:00+01:00;18.3;5.693232552
1900-07-02 00:00:00+01:00;18.5;6.692247666
1900-07-02 01:00:00+01:00;18.4;6.676607376
1900-07-02 02:00:00+01:00;18.2;6.932159198
1900-07-02 03:00:00+01:00;18.2;7.256077244
1900-07-02 04:00:00+01:00;17.5;7.615813947
1900-07-02 05:00:00+01:00;17.2;9.045531863
1900-07-02 06:00:00+01:00;17;11.31355106
1900-07-02 07:00:00+01:00;17.4;14.36720321
1900-07-02 08:00:00+01:00;18;17.34980861
1900-07-02 09:00:00+01:00;18.3;19.16111773
1900-07-02 10:00:00+01:00;19.3;19.23471231
1900-07-02 11:00:00+01:00;20.6;18.91449174
1900-07-02 12:00:00+01:00;23.5;18.433808
1900-07-02 13:00:00+01:00;25.9;17.11356249
1900-07-02 14:00:00+01:00;27.4;15.91256986
1900-07-02 15:00:00+01:00;27.6;14.01671102
1900-07-02 16:00:00+01:00;28.4;12.09629415
1900-07-02 17:00:00+01:00;28.1;9.609790124
1900-07-02 18:00:00+01:00;27.1;8.368388546
1900-07-02 19:00:00+01:00;26.6;7.612038896
1900-07-02 20:00:00+01:00;25.2;7.035071829
1900-07-02 21:00:00+01:00;23;6.909631578
1900-07-02 22:00:00+01:00;21.7;6.841189885
1900-07-02 23:00:00+01:00;20.5;6.696080611
1900-07-03 00:00:00+01:00;19.2;6.692247666
1900-07-03 01:00:00+01:00;18.6;6.676607376
1900-07-03 02:00:00+01:00;17.9;6.932159198
1900-07-03 03:00:00+01:00;17.8;7.256077244
1900-07-03 04:00:00+01:00;18;7.615813947
1900-07-03 05:00:00+01:00;18.7;9.045531863
1900-07-03 06:00:00+01:00;21.1;11.31355106
1900-07-03 07:00:00+01:00;24;14.02540321
1900-07-03 08:00:00+01:00;26.1;20.49885581
1900-07-03 09:00:00+01:00;26.9;17.58940065
1900-07-03 10:00:00+01:00;27;17.8324707
1900-07-03 11:00:00+01:00;27.5;17.76457569
1900-07-03 12:00:00+01:00;29;17.4748632
1900-07-03 13:00:00+01:00;28.6;17.3250458
1900-07-03 14:00:00+01:00;28.7;15.58671108
1900-07-03 15:00:00+01:00;29.8;14.17043422
1900-07-03 16:00:00+01:00;29.5;12.09629415
1900-07-03 17:00:00+01:00;28;9.609790124
1900-07-03 18:00:00+01:00;27;8.368388546
1900-07-03 19:00:00+01:00;25.3;7.612038896
1900-07-03 20:00:00+01:00;23.1;7.035071829
1900-07-03 21:00:00+01:00;21.6;6.909631578
1900-07-03 22:00:00+01:00;20.1;6.841189885
1900-07-03 23:00:00+01:00;19.5;6.696080611
1900-07-04 00:00:00+01:00;19.1;6.692247666
1900-07-04 01:00:00+01:00;18.8;6.676607376
1900-07-04 02:00:00+01:00;18.8;6.932159198
1900-07-04 03:00:00+01:00;18.1;7.256077244
1900-07-04 04:00:00+01:00;16.4;7.615813947
1900-07-04 05:00:00+01:00;16;9.045531863
1900-07-04 06:00:00+01:00;16.3;11.31355106
1900-07-04 07:00:00+01:00;17.4;14.36720321
1900-07-04 08:00:00+01:00;18.4;17.27112385
1900-07-04 09:00:00+01:00;19.7;18.90525681
1900-07-04 10:00:00+01:00;20.8;18.96154836
1900-07-04 11:00:00+01:00;19.6;19.08114624
1900-07-04 12:00:00+01:00;19.6;19.11378704
1900-07-04 13:00:00+01:00;20;18.1608768
1900-07-04 14:00:00+01:00;20.3;16.89592199
1900-07-04 15:00:00+01:00;19.7;14.91576657
1900-07-04 16:00:00+01:00;19.8;12.33739387
1900-07-04 17:00:00+01:00;20.4;9.609790124
1900-07-04 18:00:00+01:00;19.7;8.762916726
1900-07-04 19:00:00+01:00;18.5;8.100165896
1900-07-04 20:00:00+01:00;17.6;7.700006029
1900-07-04 21:00:00+01:00;16.5;7.333212228
1900-07-04 22:00:00+01:00;15.7;6.841189885
1900-07-04 23:00:00+01:00;15.3;6.696080611
1900-07-05 00:00:00+01:00;14.9;6.692247666
1900-07-05 01:00:00+01:00;14.8;6.676607376
1900-07-05 02:00:00+01:00;14.2;6.932159198
1900-07-05 03:00:00+01:00;13.7;7.256077244
1900-07-05 04:00:00+01:00;13.5;7.615813947
1900-07-05 05:00:00+01:00;13.2;9.045531863
1900-07-05 06:00:00+01:00;14.6;11.31355106
1900-07-05 07:00:00+01:00;15.6;14.64424121
1900-07-05 08:00:00+01:00;16.5;17.64487646
1900-07-05 09:00:00+01:00;17.7;19.27077241
1900-07-05 10:00:00+01:00;17.8;19.50787626
1900-07-05 11:00:00+01:00;17.4;19.44778614
1900-07-05 12:00:00+01:00;17.7;19.44505888
1900-07-05 13:00:00+01:00;17.9;18.53364969
1900-07-05 14:00:00+01:00;18.6;17.1313725
1900-07-05 15:00:00+01:00;19.8;14.90438612
1900-07-05 16:00:00+01:00;19.1;12.39379539
1900-07-05 17:00:00+01:00;18.7;10.24558845
1900-07-05 18:00:00+01:00;17.9;8.946377406
1900-07-05 19:00:00+01:00;17.5;8.204969696
1900-07-05 20:00:00+01:00;16.8;7.773564429
1900-07-05 21:00:00+01:00;16.1;7.367367868
1900-07-05 22:00:00+01:00;15;6.841189885
1900-07-05 23:00:00+01:00;13.8;6.696080611
1900-07-06 00:00:00+01:00;12.3;6.971045336
1900-07-06 01:00:00+01:00;11.6;6.324878999
1900-07-06 02:00:00+01:00;11;6.766311117
1900-07-06 03:00:00+01:00;10.4;7.079978926
1900-07-06 04:00:00+01:00;11.5;7.313469594
1900-07-06 05:00:00+01:00;12.4;8.748268685
1900-07-06 06:00:00+01:00;13.5;11.31355106
1900-07-06 07:00:00+01:00;15.2;14.70580521
1900-07-06 08:00:00+01:00;15.6;17.82191717
1900-07-06 09:00:00+01:00;16.8;19.43525443
1900-07-06 10:00:00+01:00;18;19.4714544
1900-07-06 11:00:00+01:00;20;19.01448444
1900-07-06 12:00:00+01:00;20.9;18.88712736
1900-07-06 13:00:00+01:00;21.5;17.89461045
1900-07-06 14:00:00+01:00;22;16.66047148
1900-07-06 15:00:00+01:00;22.5;14.59711397
1900-07-06 16:00:00+01:00;22.4;12.12790251
1900-07-06 17:00:00+01:00;21.6;9.609790124
1900-07-06 18:00:00+01:00;21.1;8.368388546
1900-07-06 19:00:00+01:00;20.1;7.612038896
1900-07-06 20:00:00+01:00;18.6;7.608058029
1900-07-06 21:00:00+01:00;17.7;7.230745308
1900-07-06 22:00:00+01:00;16.6;6.841189885
1900-07-06 23:00:00+01:00;15.6;6.696080611
1900-07-07 00:00:00+01:00;15.3;5.954361858
1900-07-07 01:00:00+01:00;15.2;5.97830377
1900-07-07 02:00:00+01:00;15.3;5.575395695
1900-07-07 03:00:00+01:00;15.1;5.780450474
1900-07-07 04:00:00+01:00;15.6;5.415819854
1900-07-07 05:00:00+01:00;17.3;5.56648421
1900-07-07 06:00:00+01:00;17.5;5.378560172
1900-07-07 07:00:00+01:00;17.2;5.418792092
1900-07-07 08:00:00+01:00;17.5;5.667140473
1900-07-07 09:00:00+01:00;17.4;5.717279851
1900-07-07 10:00:00+01:00;17.2;6.061102391
1900-07-07 11:00:00+01:00;17.8;6.151527089
1900-07-07 12:00:00+01:00;17.6;6.410570134
1900-07-07 13:00:00+01:00;18;6.365641786
1900-07-07 14:00:00+01:00;16.8;6.488859149
1900-07-07 15:00:00+01:00;17;6.325384077
1900-07-07 16:00:00+01:00;16.2;6.259836518
1900-07-07 17:00:00+01:00;15.7;5.652873276
1900-07-07 18:00:00+01:00;14.4;5.53013757
1900-07-07 19:00:00+01:00;14.2;5.470081351
1900-07-07 20:00:00+01:00;14.1;5.328943323
1900-07-07 21:00:00+01:00;13.6;5.244466696
1900-07-07 22:00:00+01:00;13.2;5.279976018
1900-07-07 23:00:00+01:00;13.3;5.303919761
1900-07-08 00:00:00+01:00;13.1;6.144379378
1900-07-08 01:00:00+01:00;13.1;6.15800476
1900-07-08 02:00:00+01:00;13.4;6.007713415
1900-07-08 03:00:00+01:00;13.3;5.937652754
1900-07-08 04:00:00+01:00;13.3;5.874537544
1900-07-08 05:00:00+01:00;13.5;6.382023819
1900-07-08 06:00:00+01:00;14;6.504282423
1900-07-08 07:00:00+01:00;14.3;6.150493669
1900-07-08 08:00:00+01:00;15;5.887158073
1900-07-08 09:00:00+01:00;15.9;6.028844351
1900-07-08 10:00:00+01:00;16.1;6.142944151
1900-07-08 11:00:00+01:00;15.5;6.319936079
1900-07-08 12:00:00+01:00;17;6.454166554
1900-07-08 13:00:00+01:00;17.1;6.430399666
1900-07-08 14:00:00+01:00;17.1;6.467459189
1900-07-08 15:00:00+01:00;16.9;6.333168677
1900-07-08 16:00:00+01:00;15.8;5.713623758
1900-07-08 17:00:00+01:00;15.3;5.704454173
1900-07-08 18:00:00+01:00;15.2;5.523373303
1900-07-08 19:00:00+01:00;15;5.982799977
1900-07-08 20:00:00+01:00;14.9;5.487853556
1900-07-08 21:00:00+01:00;14.6;5.822986081
1900-07-08 22:00:00+01:00;14.3;5.770768367
1900-07-08 23:00:00+01:00;14.5;5.875533902
1900-07-09 00:00:00+01:00;14.5;4.997369064
1900-07-09 01:00:00+01:00;14.4;5.090479774
1900-07-09 02:00:00+01:00;14;4.889096608
1900-07-09 03:00:00+01:00;14.1;4.814347956
1900-07-09 04:00:00+01:00;14.1;4.959752669
1900-07-09 05:00:00+01:00;14;5.361283707
1900-07-09 06:00:00+01:00;14.4;6.008719808
1900-07-09 07:00:00+01:00;11.4;9.305439278
1900-07-09 08:00:00+01:00;10.9;10.77076235
1900-07-09 09:00:00+01:00;10.7;11.71339314
1900-07-09 10:00:00+01:00;11;11.78625977
1900-07-09 11:00:00+01:00;11.7;10.94495993
1900-07-09 12:00:00+01:00;11.7;11.30803012
1900-07-09 13:00:00+01:00;11.6;11.50320616
1900-07-09 14:00:00+01:00;12;10.79344409
1900-07-09 15:00:00+01:00;12.4;10.23193532
1900-07-09 16:00:00+01:00;12.5;9.654825327
1900-07-09 17:00:00+01:00;14.6;6.984350013
1900-07-09 18:00:00+01:00;14.2;6.984046473
1900-07-09 19:00:00+01:00;13.9;6.561939382
1900-07-09 20:00:00+01:00;13.1;6.854132193
1900-07-09 21:00:00+01:00;12.7;6.928992681
1900-07-09 22:00:00+01:00;12.6;6.729350685
1900-07-09 23:00:00+01:00;12.6;6.758227351
1900-07-10 00:00:00+01:00;12.2;6.997784451
1900-07-10 01:00:00+01:00;12;7.142838072
1900-07-10 02:00:00+01:00;12.2;7.250464638
1900-07-10 03:00:00+01:00;12.1;7.445556929
1900-07-10 04:00:00+01:00;12.4;7.40160522
1900-07-10 05:00:00+01:00;12.7;7.755099345
1900-07-10 06:00:00+01:00;13;8.076099692
1900-07-10 07:00:00+01:00;13.4;9.129290552
1900-07-10 08:00:00+01:00;14.6;9.082855702
1900-07-10 09:00:00+01:00;14.8;9.084577953
1900-07-10 10:00:00+01:00;15.7;7.870725618
1900-07-10 11:00:00+01:00;16;7.775683037
1900-07-10 12:00:00+01:00;16.3;7.81088831
1900-07-10 13:00:00+01:00;16.3;7.732029912
1900-07-10 14:00:00+01:00;16.5;7.400020043
1900-07-10 15:00:00+01:00;16.8;6.932519267
1900-07-10 16:00:00+01:00;18.2;6.273752252
1900-07-10 17:00:00+01:00;17.6;5.664050578
1900-07-10 18:00:00+01:00;16.6;5.416640338
1900-07-10 19:00:00+01:00;15.4;5.495662411
1900-07-10 20:00:00+01:00;15.3;5.440334596
1900-07-10 21:00:00+01:00;14.8;5.473364075
1900-07-10 22:00:00+01:00;13.9;5.632465149
1900-07-10 23:00:00+01:00;12.4;6.292624366
1900-07-11 00:00:00+01:00;11.6;6.549094702
1900-07-11 01:00:00+01:00;11.2;6.733987517
1900-07-11 02:00:00+01:00;11.3;6.700815001
1900-07-11 03:00:00+01:00;11.1;6.847228483
1900-07-11 04:00:00+01:00;10.8;7.100936194
1900-07-11 05:00:00+01:00;11.5;7.42260273
1900-07-11 06:00:00+01:00;11.8;8.208579768
1900-07-11 07:00:00+01:00;13;8.427820449
1900-07-11 08:00:00+01:00;14.6;8.132363683
1900-07-11 09:00:00+01:00;17;7.236496019
1900-07-11 10:00:00+01:00;17.4;7.281591088
1900-07-11 11:00:00+01:00;18.9;7.320480637
1900-07-11 12:00:00+01:00;19.6;7.44218888
1900-07-11 13:00:00+01:00;18.1;7.306991962
1900-07-11 14:00:00+01:00;19.1;7.135990393
1900-07-11 15:00:00+01:00;18.2;6.743564507
1900-07-11 16:00:00+01:00;16.8;6.146628482
1900-07-11 17:00:00+01:00;16.4;5.626889527
1900-07-11 18:00:00+01:00;16;5.423141233
1900-07-11 19:00:00+01:00;16;5.011134668
1900-07-11 20:00:00+01:00;15.2;5.364453713
1900-07-11 21:00:00+01:00;15;5.316650434
1900-07-11 22:00:00+01:00;14.5;5.367647917
1900-07-11 23:00:00+01:00;14.2;5.329654109
1900-07-12 00:00:00+01:00;13.8;5.510667422
1900-07-12 01:00:00+01:00;13.6;5.54326751
1900-07-12 02:00:00+01:00;13;5.69874847
1900-07-12 03:00:00+01:00;12.5;6.031053309
1900-07-12 04:00:00+01:00;12.5;6.015441779
1900-07-12 05:00:00+01:00;12.4;6.3785068
1900-07-12 06:00:00+01:00;12.6;7.062783494
1900-07-12 07:00:00+01:00;14.3;6.889997966
1900-07-12 08:00:00+01:00;15.2;7.059916513
1900-07-12 09:00:00+01:00;15.8;7.606568919
1900-07-12 10:00:00+01:00;16.5;7.778344738
1900-07-12 11:00:00+01:00;17.2;7.320480637
1900-07-12 12:00:00+01:00;14.6;8.292406455
1900-07-12 13:00:00+01:00;12.2;10.52779259
1900-07-12 14:00:00+01:00;13.8;8.876445528
1900-07-12 15:00:00+01:00;15.6;7.387053784
1900-07-12 16:00:00+01:00;15.7;6.666054741
1900-07-12 17:00:00+01:00;15.4;6.22821761
1900-07-12 18:00:00+01:00;14.5;6.368199073
1900-07-12 19:00:00+01:00;14.2;6.024311089
1900-07-12 20:00:00+01:00;12.9;6.55868785
1900-07-12 21:00:00+01:00;12;6.821862756
1900-07-12 22:00:00+01:00;11;7.228818649
1900-07-12 23:00:00+01:00;9.9;7.681938105
1900-07-13 00:00:00+01:00;10.2;7.461164611
1900-07-13 01:00:00+01:00;10.2;7.56935775
1900-07-13 02:00:00+01:00;9.8;7.80667741
1900-07-13 03:00:00+01:00;8.6;8.387963589
1900-07-13 04:00:00+01:00;9.2;8.429627399
1900-07-13 05:00:00+01:00;11.2;8.306719445
1900-07-13 06:00:00+01:00;12.6;8.04596694
1900-07-13 07:00:00+01:00;12.8;9.304224257
1900-07-13 08:00:00+01:00;12.3;10.79290476
1900-07-13 09:00:00+01:00;13.5;10.15954888
1900-07-13 10:00:00+01:00;13.9;9.910231486
1900-07-13 11:00:00+01:00;14.4;9.441646884
1900-07-13 12:00:00+01:00;15;8.874013323
1900-07-13 13:00:00+01:00;16.2;7.742540762
1900-07-13 14:00:00+01:00;16.8;7.369485233
1900-07-13 15:00:00+01:00;17;6.743564507
1900-07-13 16:00:00+01:00;16.8;6.550481672
1900-07-13 17:00:00+01:00;17.2;5.664050578
1900-07-13 18:00:00+01:00;16.9;5.814678087
1900-07-13 19:00:00+01:00;15.5;5.9321935
1900-07-13 20:00:00+01:00;14.9;6.013798765
1900-07-13 21:00:00+01:00;14.4;6.025827975
1900-07-13 22:00:00+01:00;12.9;6.457396977
1900-07-13 23:00:00+01:00;11.8;6.864677448
1900-07-14 00:00:00+01:00;11.8;6.854881094
1900-07-14 01:00:00+01:00;10.5;7.41442578
1900-07-14 02:00:00+01:00;9.6;7.784025961
1900-07-14 03:00:00+01:00;8;8.420766209
1900-07-14 04:00:00+01:00;9.3;8.145937298
1900-07-14 05:00:00+01:00;10.6;8.290478276
1900-07-14 06:00:00+01:00;13;7.584507969
1900-07-14 07:00:00+01:00;14;8.088441665
1900-07-14 08:00:00+01:00;14.7;8.391570024
1900-07-14 09:00:00+01:00;15.8;7.606568919
1900-07-14 10:00:00+01:00;16.1;7.824535178
1900-07-14 11:00:00+01:00;17.1;7.320480637
1900-07-14 12:00:00+01:00;17.8;7.44218888
1900-07-14 13:00:00+01:00;19;7.306991962
1900-07-14 14:00:00+01:00;19.9;7.135990393
1900-07-14 15:00:00+01:00;20;6.743564507
1900-07-14 16:00:00+01:00;20.4;6.273752252
1900-07-14 17:00:00+01:00;20.5;5.664050578
1900-07-14 18:00:00+01:00;18.5;5.17431543
1900-07-14 19:00:00+01:00;17.5;4.887999614
1900-07-14 20:00:00+01:00;16.2;4.770699887
1900-07-14 21:00:00+01:00;15.5;5.122587976
1900-07-14 22:00:00+01:00;14.3;5.390712608
1900-07-14 23:00:00+01:00;13.4;5.520864506
1900-07-15 00:00:00+01:00;12.6;5.981906447
1900-07-15 01:00:00+01:00;12.3;6.085027455
1900-07-15 02:00:00+01:00;12;6.117509042
1900-07-15 03:00:00+01:00;12.1;6.04991558
1900-07-15 04:00:00+01:00;12.5;5.878073466
1900-07-15 05:00:00+01:00;12.8;6.086222715
1900-07-15 06:00:00+01:00;14.1;6.008719808
1900-07-15 07:00:00+01:00;15.8;6.660464316
1900-07-15 08:00:00+01:00;16.4;7.059916513
1900-07-15 09:00:00+01:00;18.8;7.236496019
1900-07-15 10:00:00+01:00;20.2;7.281591088
1900-07-15 11:00:00+01:00;21.4;7.320480637
1900-07-15 12:00:00+01:00;20.3;7.44218888
1900-07-15 13:00:00+01:00;22.1;7.306991962
1900-07-15 14:00:00+01:00;21.1;7.135990393
1900-07-15 15:00:00+01:00;21;6.743564507
1900-07-15 16:00:00+01:00;21.2;6.273752252
1900-07-15 17:00:00+01:00;21;5.664050578
1900-07-15 18:00:00+01:00;21;5.17431543
1900-07-15 19:00:00+01:00;20.3;4.887999614
1900-07-15 20:00:00+01:00;19.9;4.770699887
1900-07-15 21:00:00+01:00;19.3;4.75792056
1900-07-15 22:00:00+01:00;18.4;4.830366893
1900-07-15 23:00:00+01:00;17.4;4.964867176
1900-07-16 00:00:00+01:00;16.4;4.997369064
1900-07-16 01:00:00+01:00;15.4;5.090479774
1900-07-16 02:00:00+01:00;15.1;4.889096608
1900-07-16 03:00:00+01:00;15;4.814347956
1900-07-16 04:00:00+01:00;15.2;4.959752669
1900-07-16 05:00:00+01:00;15.4;5.361283707
1900-07-16 06:00:00+01:00;16.4;6.008719808
1900-07-16 07:00:00+01:00;17.6;6.660464316
1900-07-16 08:00:00+01:00;19;7.059916513
1900-07-16 09:00:00+01:00;18.6;7.236496019
1900-07-16 10:00:00+01:00;20.2;7.281591088
1900-07-16 11:00:00+01:00;20.7;7.320480637
1900-07-16 12:00:00+01:00;23;7.44218888
1900-07-16 13:00:00+01:00;22.9;7.306991962
1900-07-16 14:00:00+01:00;23.8;7.135990393
1900-07-16 15:00:00+01:00;23.5;6.743564507
1900-07-16 16:00:00+01:00;23;6.273752252
1900-07-16 17:00:00+01:00;23.1;5.664050578
1900-07-16 18:00:00+01:00;22.3;5.17431543
1900-07-16 19:00:00+01:00;22;4.887999614
1900-07-16 20:00:00+01:00;20.9;4.770699887
1900-07-16 21:00:00+01:00;18.7;4.75792056
1900-07-16 22:00:00+01:00;16.5;4.830366893
1900-07-16 23:00:00+01:00;15.9;4.964867176
1900-07-17 00:00:00+01:00;16;4.997369064
1900-07-17 01:00:00+01:00;15;5.090479774
1900-07-17 02:00:00+01:00;14.9;4.889096608
1900-07-17 03:00:00+01:00;14.2;4.814347956
1900-07-17 04:00:00+01:00;13.4;4.311513924
1900-07-17 05:00:00+01:00;14.5;5.361283707
1900-07-17 06:00:00+01:00;16.3;6.008719808
1900-07-17 07:00:00+01:00;18.3;6.660464316
1900-07-17 08:00:00+01:00;19.2;7.059916513
1900-07-17 09:00:00+01:00;19.9;7.236496019
1900-07-17 10:00:00+01:00;21;7.281591088
1900-07-17 11:00:00+01:00;22.2;7.320480637
1900-07-17 12:00:00+01:00;22.8;7.44218888
1900-07-17 13:00:00+01:00;24.1;7.306991962
1900-07-17 14:00:00+01:00;25;7.135990393
1900-07-17 15:00:00+01:00;23.7;6.743564507
1900-07-17 16:00:00+01:00;24.6;6.273752252
1900-07-17 17:00:00+01:00;22.8;5.664050578
1900-07-17 18:00:00+01:00;24.3;5.17431543
1900-07-17 19:00:00+01:00;23;4.887999614
1900-07-17 20:00:00+01:00;19.5;4.770699887
1900-07-17 21:00:00+01:00;18.1;4.75792056
1900-07-17 22:00:00+01:00;17.1;4.830366893
1900-07-17 23:00:00+01:00;16;4.964867176
1900-07-18 00:00:00+01:00;13.9;4.337378465
1900-07-18 01:00:00+01:00;12.8;4.435011953
1900-07-18 02:00:00+01:00;11.9;4.563025472
1900-07-18 03:00:00+01:00;11.5;4.626354305
1900-07-18 04:00:00+01:00;11.3;4.67002451
1900-07-18 05:00:00+01:00;12;5.051843499
1900-07-18 06:00:00+01:00;14.8;6.008719808
1900-07-18 07:00:00+01:00;16.3;6.660464316
1900-07-18 08:00:00+01:00;17.4;7.059916513
1900-07-18 09:00:00+01:00;19.4;7.236496019
1900-07-18 10:00:00+01:00;20.6;7.281591088
1900-07-18 11:00:00+01:00;23;7.320480637
1900-07-18 12:00:00+01:00;24.8;7.44218888
1900-07-18 13:00:00+01:00;25.6;7.306991962
1900-07-18 14:00:00+01:00;24;7.135990393
1900-07-18 15:00:00+01:00;25.4;6.743564507
1900-07-18 16:00:00+01:00;22.2;6.273752252
1900-07-18 17:00:00+01:00;21.9;5.664050578
1900-07-18 18:00:00+01:00;20.8;5.17431543
1900-07-18 19:00:00+01:00;18.4;4.887999614
1900-07-18 20:00:00+01:00;18;4.770699887
1900-07-18 21:00:00+01:00;17.7;4.75792056
1900-07-18 22:00:00+01:00;17;4.830366893
1900-07-18 23:00:00+01:00;16.2;4.964867176
1900-07-19 00:00:00+01:00;16.1;4.997369064
1900-07-19 01:00:00+01:00;15.5;5.090479774
1900-07-19 02:00:00+01:00;15;4.889096608
1900-07-19 03:00:00+01:00;15.5;4.814347956
1900-07-19 04:00:00+01:00;15.4;4.959752669
1900-07-19 05:00:00+01:00;15.3;5.361283707
1900-07-19 06:00:00+01:00;15.5;6.008719808
1900-07-19 07:00:00+01:00;15.1;6.660464316
1900-07-19 08:00:00+01:00;14;6.644756864
1900-07-19 09:00:00+01:00;14.2;7.301001003
1900-07-19 10:00:00+01:00;15.8;7.859178008
1900-07-19 11:00:00+01:00;16.4;7.729833557
1900-07-19 12:00:00+01:00;15.9;7.85510387
1900-07-19 13:00:00+01:00;17.8;7.306991962
1900-07-19 14:00:00+01:00;18.4;7.135990393
1900-07-19 15:00:00+01:00;19.2;6.743564507
1900-07-19 16:00:00+01:00;19;6.273752252
1900-07-19 17:00:00+01:00;18.4;5.664050578
1900-07-19 18:00:00+01:00;17.7;5.17431543
1900-07-19 19:00:00+01:00;16.6;4.887999614
1900-07-19 20:00:00+01:00;16.1;4.770699887
1900-07-19 21:00:00+01:00;14.8;4.87134593
1900-07-19 22:00:00+01:00;13.5;5.564022644
1900-07-19 23:00:00+01:00;13.2;5.311829661
1900-07-20 00:00:00+01:00;13;5.426127302
1900-07-20 01:00:00+01:00;13;5.477749625
1900-07-20 02:00:00+01:00;13.1;5.469230839
1900-07-20 03:00:00+01:00;13;5.5563013
1900-07-20 04:00:00+01:00;13;5.661761054
1900-07-20 05:00:00+01:00;13.4;6.065600099
1900-07-20 06:00:00+01:00;14;6.008719808
1900-07-20 07:00:00+01:00;13.7;7.363141794
1900-07-20 08:00:00+01:00;13.5;8.470725806
1900-07-20 09:00:00+01:00;13.8;8.669406508
1900-07-20 10:00:00+01:00;14.8;8.026845368
1900-07-20 11:00:00+01:00;16.1;7.764220667
1900-07-20 12:00:00+01:00;17.8;7.44218888
1900-07-20 13:00:00+01:00;19;7.306991962
1900-07-20 14:00:00+01:00;20.2;7.135990393
1900-07-20 15:00:00+01:00;15.5;7.212208547
1900-07-20 16:00:00+01:00;17.4;6.273752252
1900-07-20 17:00:00+01:00;19;5.664050578
1900-07-20 18:00:00+01:00;18.3;5.17431543
1900-07-20 19:00:00+01:00;18.2;4.887999614
1900-07-20 20:00:00+01:00;16.7;4.770699887
1900-07-20 21:00:00+01:00;15.3;5.060922486
1900-07-20 22:00:00+01:00;14.7;5.176327038
1900-07-20 23:00:00+01:00;14.3;5.150162367
1900-07-21 00:00:00+01:00;12.7;5.851929585
1900-07-21 01:00:00+01:00;13.3;5.518990685
1900-07-21 02:00:00+01:00;13.6;5.45039872
1900-07-21 03:00:00+01:00;13.9;5.389729031
1900-07-21 04:00:00+01:00;13.6;5.488828197
1900-07-21 05:00:00+01:00;13.8;5.881333507
1900-07-21 06:00:00+01:00;14.7;6.008719808
1900-07-21 07:00:00+01:00;15.4;6.660464316
1900-07-21 08:00:00+01:00;16.1;7.059916513
1900-07-21 09:00:00+01:00;18.6;7.236496019
1900-07-21 10:00:00+01:00;19.3;7.281591088
1900-07-21 11:00:00+01:00;19.5;7.320480637
1900-07-21 12:00:00+01:00;20.6;7.44218888
1900-07-21 13:00:00+01:00;21.8;7.306991962
1900-07-21 14:00:00+01:00;22.6;7.135990393
1900-07-21 15:00:00+01:00;24;6.743564507
1900-07-21 16:00:00+01:00;23.9;6.273752252
1900-07-21 17:00:00+01:00;22.4;5.664050578
1900-07-21 18:00:00+01:00;21;5.17431543
1900-07-21 19:00:00+01:00;20;4.887999614
1900-07-21 20:00:00+01:00;18.9;4.770699887
1900-07-21 21:00:00+01:00;18.1;4.75792056
1900-07-21 22:00:00+01:00;17.3;4.830366893
1900-07-21 23:00:00+01:00;15.6;4.964867176
1900-07-22 00:00:00+01:00;15;4.997369064
1900-07-22 01:00:00+01:00;14.6;5.090479774
1900-07-22 02:00:00+01:00;13.6;4.324482062
1900-07-22 03:00:00+01:00;12.9;4.437835459
1900-07-22 04:00:00+01:00;13.2;4.431004279
1900-07-22 05:00:00+01:00;13.5;4.761537266
1900-07-22 06:00:00+01:00;14.4;6.008719808
1900-07-22 07:00:00+01:00;16.2;6.660464316
1900-07-22 08:00:00+01:00;16;7.059916513
1900-07-22 09:00:00+01:00;16.2;7.556569719
1900-07-22 10:00:00+01:00;16.4;7.789892348
1900-07-22 11:00:00+01:00;15.8;7.798607777
1900-07-22 12:00:00+01:00;16.7;7.76667275
1900-07-22 13:00:00+01:00;17;7.306991962
1900-07-22 14:00:00+01:00;18.9;7.135990393
1900-07-22 15:00:00+01:00;19.6;6.743564507
1900-07-22 16:00:00+01:00;19;6.273752252
1900-07-22 17:00:00+01:00;17.9;5.664050578
1900-07-22 18:00:00+01:00;18;5.17431543
1900-07-22 19:00:00+01:00;18.5;4.887999614
1900-07-22 20:00:00+01:00;18;4.770699887
1900-07-22 21:00:00+01:00;15.6;4.660592141
1900-07-22 22:00:00+01:00;13.6;5.533458984
1900-07-22 23:00:00+01:00;12.5;5.840310356
1900-07-23 00:00:00+01:00;12;5.957900966
1900-07-23 01:00:00+01:00;11.8;6.035223833
1900-07-23 02:00:00+01:00;10.5;6.486794471
1900-07-23 03:00:00+01:00;10;6.720630446
1900-07-23 04:00:00+01:00;9;7.380177663
1900-07-23 05:00:00+01:00;10;7.653952811
1900-07-23 06:00:00+01:00;12.3;7.34089146
1900-07-23 07:00:00+01:00;14.1;7.288459163
1900-07-23 08:00:00+01:00;15.6;7.059916513
1900-07-23 09:00:00+01:00;17.1;7.236496019
1900-07-23 10:00:00+01:00;18.5;7.281591088
1900-07-23 11:00:00+01:00;20.5;7.320480637
1900-07-23 12:00:00+01:00;21.5;7.44218888
1900-07-23 13:00:00+01:00;22;7.306991962
1900-07-23 14:00:00+01:00;22.9;7.135990393
1900-07-23 15:00:00+01:00;23.3;6.743564507
1900-07-23 16:00:00+01:00;23.6;6.273752252
1900-07-23 17:00:00+01:00;23.4;5.664050578
1900-07-23 18:00:00+01:00;22.7;5.17431543
1900-07-23 19:00:00+01:00;20.8;4.887999614
1900-07-23 20:00:00+01:00;19.2;4.770699887
1900-07-23 21:00:00+01:00;17.1;4.75792056
1900-07-23 22:00:00+01:00;16;4.830366893
1900-07-23 23:00:00+01:00;15.5;4.964867176
1900-07-24 00:00:00+01:00;15.2;4.997369064
1900-07-24 01:00:00+01:00;14;5.090479774
1900-07-24 02:00:00+01:00;12.8;4.810910585
1900-07-24 03:00:00+01:00;12.9;4.695641431
1900-07-24 04:00:00+01:00;13;4.655683273
1900-07-24 05:00:00+01:00;13;5.027027143
1900-07-24 06:00:00+01:00;15;6.008719808
1900-07-24 07:00:00+01:00;16.6;6.660464316
1900-07-24 08:00:00+01:00;19;7.059916513
1900-07-24 09:00:00+01:00;19;7.236496019
1900-07-24 10:00:00+01:00;21.3;7.281591088
1900-07-24 11:00:00+01:00;22;7.320480637
1900-07-24 12:00:00+01:00;22.4;7.44218888
1900-07-24 13:00:00+01:00;22.2;7.306991962
1900-07-24 14:00:00+01:00;22.6;7.135990393
1900-07-24 15:00:00+01:00;22.1;6.743564507
1900-07-24 16:00:00+01:00;21.3;6.273752252
1900-07-24 17:00:00+01:00;20.7;5.664050578
1900-07-24 18:00:00+01:00;20;5.17431543
1900-07-24 19:00:00+01:00;19;4.887999614
1900-07-24 20:00:00+01:00;17.9;4.770699887
1900-07-24 21:00:00+01:00;17.5;4.75792056
1900-07-24 22:00:00+01:00;17;4.830366893
1900-07-24 23:00:00+01:00;16;4.964867176
1900-07-25 00:00:00+01:00;14.8;4.997369064
1900-07-25 01:00:00+01:00;14.6;5.090479774
1900-07-25 02:00:00+01:00;14.4;4.889096608
1900-07-25 03:00:00+01:00;13.6;4.242158587
1900-07-25 04:00:00+01:00;13.4;4.330150242
1900-07-25 05:00:00+01:00;13.2;4.791210201
1900-07-25 06:00:00+01:00;14;6.008719808
1900-07-25 07:00:00+01:00;15;6.660464316
1900-07-25 08:00:00+01:00;16;7.059916513
1900-07-25 09:00:00+01:00;15.6;7.631568519
1900-07-25 10:00:00+01:00;16.5;7.778344738
1900-07-25 11:00:00+01:00;18.8;7.320480637
1900-07-25 12:00:00+01:00;19.6;7.44218888
1900-07-25 13:00:00+01:00;19.4;7.306991962
1900-07-25 14:00:00+01:00;19.9;7.135990393
1900-07-25 15:00:00+01:00;20.1;6.743564507
1900-07-25 16:00:00+01:00;21.2;6.273752252
1900-07-25 17:00:00+01:00;20.8;5.664050578
1900-07-25 18:00:00+01:00;20.3;5.17431543
1900-07-25 19:00:00+01:00;20.4;4.887999614
1900-07-25 20:00:00+01:00;17.9;4.770699887
1900-07-25 21:00:00+01:00;16.9;4.75792056
1900-07-25 22:00:00+01:00;15.8;4.413949368
1900-07-25 23:00:00+01:00;16.3;4.964867176
1900-07-26 00:00:00+01:00;17.3;4.997369064
1900-07-26 01:00:00+01:00;17.2;5.090479774
1900-07-26 02:00:00+01:00;16.4;4.889096608
1900-07-26 03:00:00+01:00;16.1;4.814347956
1900-07-26 04:00:00+01:00;15.6;4.959752669
1900-07-26 05:00:00+01:00;15.9;5.361283707
1900-07-26 06:00:00+01:00;16.9;6.008719808
1900-07-26 07:00:00+01:00;18.8;6.660464316
1900-07-26 08:00:00+01:00;19.9;7.059916513
1900-07-26 09:00:00+01:00;20;7.236496019
1900-07-26 10:00:00+01:00;20.5;7.281591088
1900-07-26 11:00:00+01:00;20.6;7.320480637
1900-07-26 12:00:00+01:00;21.7;7.44218888
1900-07-26 13:00:00+01:00;21.8;7.306991962
1900-07-26 14:00:00+01:00;22.5;7.135990393
1900-07-26 15:00:00+01:00;23.3;6.743564507
1900-07-26 16:00:00+01:00;23.5;6.273752252
1900-07-26 17:00:00+01:00;23.6;5.664050578
1900-07-26 18:00:00+01:00;22.5;5.17431543
1900-07-26 19:00:00+01:00;21.4;4.887999614
1900-07-26 20:00:00+01:00;19.4;4.770699887
1900-07-26 21:00:00+01:00;16.5;4.75792056
1900-07-26 22:00:00+01:00;14.5;4.334160403
1900-07-26 23:00:00+01:00;13.7;4.316115706
1900-07-27 00:00:00+01:00;12.6;4.60774949
1900-07-27 01:00:00+01:00;12.3;4.791118902
1900-07-27 02:00:00+01:00;12;4.716106616
1900-07-27 03:00:00+01:00;11.4;4.948965958
1900-07-27 04:00:00+01:00;10.6;5.282273788
1900-07-27 05:00:00+01:00;11.9;5.398056995
1900-07-27 06:00:00+01:00;13.7;5.386804818
1900-07-27 07:00:00+01:00;16.6;6.660464316
1900-07-27 08:00:00+01:00;17.5;7.059916513
1900-07-27 09:00:00+01:00;19.2;7.236496019
1900-07-27 10:00:00+01:00;21.6;7.281591088
1900-07-27 11:00:00+01:00;22.6;7.320480637
1900-07-27 12:00:00+01:00;24.5;7.44218888
1900-07-27 13:00:00+01:00;25.5;7.306991962
1900-07-27 14:00:00+01:00;26;7.135990393
1900-07-27 15:00:00+01:00;26.3;6.743564507
1900-07-27 16:00:00+01:00;25.2;6.273752252
1900-07-27 17:00:00+01:00;24.9;5.664050578
1900-07-27 18:00:00+01:00;24.2;5.17431543
1900-07-27 19:00:00+01:00;22.2;4.887999614
1900-07-27 20:00:00+01:00;20;4.770699887
1900-07-27 21:00:00+01:00;18.7;4.75792056
1900-07-27 22:00:00+01:00;17.4;4.830366893
1900-07-27 23:00:00+01:00;16.7;4.964867176
1900-07-28 00:00:00+01:00;15.4;4.997369064
1900-07-28 01:00:00+01:00;14.7;5.090479774
1900-07-28 02:00:00+01:00;14;4.889096608
1900-07-28 03:00:00+01:00;13.4;4.226439198
1900-07-28 04:00:00+01:00;13.2;4.311513924
1900-07-28 05:00:00+01:00;14.9;5.361283707
1900-07-28 06:00:00+01:00;16.5;6.008719808
1900-07-28 07:00:00+01:00;17;6.660464316
1900-07-28 08:00:00+01:00;19.4;7.059916513
1900-07-28 09:00:00+01:00;20.4;7.236496019
1900-07-28 10:00:00+01:00;22;7.281591088
1900-07-28 11:00:00+01:00;23.7;7.320480637
1900-07-28 12:00:00+01:00;25;7.44218888
1900-07-28 13:00:00+01:00;25.1;7.306991962
1900-07-28 14:00:00+01:00;26.4;7.135990393
1900-07-28 15:00:00+01:00;26.5;6.743564507
1900-07-28 16:00:00+01:00;26.2;6.273752252
1900-07-28 17:00:00+01:00;25.4;5.664050578
1900-07-28 18:00:00+01:00;24.5;5.17431543
1900-07-28 19:00:00+01:00;21.8;4.887999614
1900-07-28 20:00:00+01:00;19.8;4.770699887
1900-07-28 21:00:00+01:00;18;4.75792056
1900-07-28 22:00:00+01:00;17.3;4.830366893
1900-07-28 23:00:00+01:00;16.7;4.964867176
1900-07-29 00:00:00+01:00;15.7;4.997369064
1900-07-29 01:00:00+01:00;15.8;5.090479774
1900-07-29 02:00:00+01:00;15.7;4.889096608
1900-07-29 03:00:00+01:00;17;4.814347956
1900-07-29 04:00:00+01:00;17.2;4.959752669
1900-07-29 05:00:00+01:00;17.7;5.361283707
1900-07-29 06:00:00+01:00;17.6;6.008719808
1900-07-29 07:00:00+01:00;18.1;6.660464316
1900-07-29 08:00:00+01:00;18.8;7.059916513
1900-07-29 09:00:00+01:00;20.1;7.236496019
1900-07-29 10:00:00+01:00;21;7.281591088
1900-07-29 11:00:00+01:00;21.2;7.320480637
1900-07-29 12:00:00+01:00;22.3;7.44218888
1900-07-29 13:00:00+01:00;23.4;7.306991962
1900-07-29 14:00:00+01:00;24.8;7.135990393
1900-07-29 15:00:00+01:00;25.8;6.743564507
1900-07-29 16:00:00+01:00;25.5;6.273752252
1900-07-29 17:00:00+01:00;25.7;5.664050578
1900-07-29 18:00:00+01:00;26;5.17431543
1900-07-29 19:00:00+01:00;24.7;4.887999614
1900-07-29 20:00:00+01:00;22.3;4.770699887
1900-07-29 21:00:00+01:00;20.4;4.75792056
1900-07-29 22:00:00+01:00;18.5;4.830366893
1900-07-29 23:00:00+01:00;16.9;4.964867176
1900-07-30 00:00:00+01:00;16.2;6.692247666
1900-07-30 01:00:00+01:00;15.4;6.676607376
1900-07-30 02:00:00+01:00;15;6.932159198
1900-07-30 03:00:00+01:00;14.6;7.256077244
1900-07-30 04:00:00+01:00;14.5;7.615813947
1900-07-30 05:00:00+01:00;14.9;9.045531863
1900-07-30 06:00:00+01:00;17;11.31355106
1900-07-30 07:00:00+01:00;19;14.02540321
1900-07-30 08:00:00+01:00;20;16.95638481
1900-07-30 09:00:00+01:00;21.9;18.50318965
1900-07-30 10:00:00+01:00;23.2;18.52448604
1900-07-30 11:00:00+01:00;24.7;18.23120829
1900-07-30 12:00:00+01:00;26.5;17.9107472
1900-07-30 13:00:00+01:00;26.8;16.95380268
1900-07-30 14:00:00+01:00;27.2;15.94026992
1900-07-30 15:00:00+01:00;27.9;13.98256967
1900-07-30 16:00:00+01:00;27.3;11.73309187
1900-07-30 17:00:00+01:00;26.8;9.609790124
1900-07-30 18:00:00+01:00;25.8;8.368388546
1900-07-30 19:00:00+01:00;23.6;7.612038896
1900-07-30 20:00:00+01:00;21.4;7.035071829
1900-07-30 21:00:00+01:00;19.5;7.077044928
1900-07-30 22:00:00+01:00;17.5;6.841189885
1900-07-30 23:00:00+01:00;16.6;6.696080611
1900-07-31 00:00:00+01:00;16;6.692247666
1900-07-31 01:00:00+01:00;15.1;6.676607376
1900-07-31 02:00:00+01:00;15.2;6.932159198
1900-07-31 03:00:00+01:00;15.1;7.256077244
1900-07-31 04:00:00+01:00;15.4;7.615813947
1900-07-31 05:00:00+01:00;15.5;9.045531863
1900-07-31 06:00:00+01:00;15.9;11.31355106
1900-07-31 07:00:00+01:00;16.6;14.49033121
1900-07-31 08:00:00+01:00;17.4;17.46783575
1900-07-31 09:00:00+01:00;19.4;18.96008415
1900-07-31 10:00:00+01:00;19.4;19.21650138
1900-07-31 11:00:00+01:00;20.1;18.99781899
1900-07-31 12:00:00+01:00;21.5;18.7825152
1900-07-31 13:00:00+01:00;22.1;17.78810391
1900-07-31 14:00:00+01:00;24.3;16.34192079
1900-07-31 15:00:00+01:00;24.6;14.35812452
1900-07-31 16:00:00+01:00;25;11.91841115
1900-07-31 17:00:00+01:00;25.2;9.609790124
1900-07-31 18:00:00+01:00;23.7;8.368388546
1900-07-31 19:00:00+01:00;22.9;7.612038896
1900-07-31 20:00:00+01:00;20.6;7.035071829
1900-07-31 21:00:00+01:00;20;6.909631578
1900-07-31 22:00:00+01:00;18.9;6.841189885
1900-07-31 23:00:00+01:00;17.6;6.696080611
1900-08-01 00:00:00+01:00;17.4;6.692247666
1900-08-01 01:00:00+01:00;16.7;6.676607376
1900-08-01 02:00:00+01:00;16.2;6.932159198
1900-08-01 03:00:00+01:00;14.5;7.256077244
1900-08-01 04:00:00+01:00;15.9;7.615813947
1900-08-01 05:00:00+01:00;16.1;9.045531863
1900-08-01 06:00:00+01:00;16.3;11.31355106
1900-08-01 07:00:00+01:00;17.5;14.35181221
1900-08-01 08:00:00+01:00;18.9;17.1727679
1900-08-01 09:00:00+01:00;21;18.66767167
1900-08-01 10:00:00+01:00;22.3;18.68838441
1900-08-01 11:00:00+01:00;23.1;18.49785549
1900-08-01 12:00:00+01:00;24.5;18.2594544
1900-08-01 13:00:00+01:00;25.2;17.23782012
1900-08-01 14:00:00+01:00;23.8;16.41117094
1900-08-01 15:00:00+01:00;24.7;14.34674407
1900-08-01 16:00:00+01:00;25.8;11.85395227
1900-08-01 17:00:00+01:00;23.4;9.609790124
1900-08-01 18:00:00+01:00;21.8;8.368388546
1900-08-01 19:00:00+01:00;22;7.612038896
1900-08-01 20:00:00+01:00;20.2;7.035071829
1900-08-01 21:00:00+01:00;19.3;7.094122748
1900-08-01 22:00:00+01:00;18.7;6.841189885
1900-08-01 23:00:00+01:00;17.9;6.696080611
1900-08-02 00:00:00+01:00;17.9;6.692247666
1900-08-02 01:00:00+01:00;16.2;6.676607376
1900-08-02 02:00:00+01:00;15.8;6.932159198
1900-08-02 03:00:00+01:00;15.4;7.256077244
1900-08-02 04:00:00+01:00;18.7;7.615813947
1900-08-02 05:00:00+01:00;16.6;9.045531863
1900-08-02 06:00:00+01:00;16.5;11.31355106
1900-08-02 07:00:00+01:00;16.6;14.49033121
1900-08-02 08:00:00+01:00;16.7;17.60553408
1900-08-02 09:00:00+01:00;17.8;19.25249663
1900-08-02 10:00:00+01:00;20.6;18.99797022
1900-08-02 11:00:00+01:00;22.4;18.61451364
1900-08-02 12:00:00+01:00;21.5;18.7825152
1900-08-02 13:00:00+01:00;21.4;17.91236154
1900-08-02 14:00:00+01:00;21.7;16.70202157
1900-08-02 15:00:00+01:00;26;14.19879822
1900-08-02 16:00:00+01:00;23.5;12.03927155
1900-08-02 17:00:00+01:00;22.5;9.609790124
1900-08-02 18:00:00+01:00;21;8.368388546
1900-08-02 19:00:00+01:00;20.2;7.612038896
1900-08-02 20:00:00+01:00;19.7;7.506915229
1900-08-02 21:00:00+01:00;18.2;7.188050758
1900-08-02 22:00:00+01:00;18.3;6.841189885
1900-08-02 23:00:00+01:00;18.1;6.696080611
1900-08-03 00:00:00+01:00;17.9;6.692247666
1900-08-03 01:00:00+01:00;17.9;6.676607376
1900-08-03 02:00:00+01:00;17.4;6.932159198
1900-08-03 03:00:00+01:00;17.3;7.256077244
1900-08-03 04:00:00+01:00;17;7.615813947
1900-08-03 05:00:00+01:00;17.5;9.045531863
1900-08-03 06:00:00+01:00;17.4;11.31355106
1900-08-03 07:00:00+01:00;18;14.27485721
1900-08-03 08:00:00+01:00;19.2;17.11375433
1900-08-03 09:00:00+01:00;21.1;18.64939589
1900-08-03 10:00:00+01:00;21.2;18.88870464
1900-08-03 11:00:00+01:00;24;18.34786644
1900-08-03 12:00:00+01:00;25.4;18.10253616
1900-08-03 13:00:00+01:00;26.9;16.93605159
1900-08-03 14:00:00+01:00;26.3;16.06492019
1900-08-03 15:00:00+01:00;25;14.31260272
1900-08-03 16:00:00+01:00;24.3;11.97481267
1900-08-03 17:00:00+01:00;23.7;9.609790124
1900-08-03 18:00:00+01:00;23.2;8.368388546
1900-08-03 19:00:00+01:00;20.6;7.612038896
1900-08-03 20:00:00+01:00;19.7;7.506915229
1900-08-03 21:00:00+01:00;18.6;7.153895118
1900-08-03 22:00:00+01:00;18.6;6.841189885
1900-08-03 23:00:00+01:00;18;6.696080611
1900-08-04 00:00:00+01:00;17.2;5.623940838
1900-08-04 01:00:00+01:00;17;5.64463665
1900-08-04 02:00:00+01:00;16.7;5.575395695
1900-08-04 03:00:00+01:00;16.9;5.451891234
1900-08-04 04:00:00+01:00;16.8;5.415819854
1900-08-04 05:00:00+01:00;16.4;5.56648421
1900-08-04 06:00:00+01:00;17;5.378560172
1900-08-04 07:00:00+01:00;18;5.418792092
1900-08-04 08:00:00+01:00;18.2;5.667140473
1900-08-04 09:00:00+01:00;18.9;5.717279851
1900-08-04 10:00:00+01:00;21.5;6.009243411
1900-08-04 11:00:00+01:00;21.2;6.051771329
1900-08-04 12:00:00+01:00;20.5;6.066921654
1900-08-04 13:00:00+01:00;16.6;6.466376266
1900-08-04 14:00:00+01:00;16.8;6.488859149
1900-08-04 15:00:00+01:00;18.4;6.216399677
1900-08-04 16:00:00+01:00;18.3;6.079195568
1900-08-04 17:00:00+01:00;20.1;5.676774415
1900-08-04 18:00:00+01:00;19.2;5.591831504
1900-08-04 19:00:00+01:00;17.9;5.700385797
1900-08-04 20:00:00+01:00;17;5.616285736
1900-08-04 21:00:00+01:00;16.4;5.655113761
1900-08-04 22:00:00+01:00;15;5.709438637
1900-08-04 23:00:00+01:00;13.5;4.997067948
1900-08-05 00:00:00+01:00;14;6.066644938
1900-08-05 01:00:00+01:00;13.5;6.123776
1900-08-05 02:00:00+01:00;13.5;5.998950245
1900-08-05 03:00:00+01:00;12.6;5.38184269
1900-08-05 04:00:00+01:00;11.1;6.079072586
1900-08-05 05:00:00+01:00;11.5;6.464666347
1900-08-05 06:00:00+01:00;13.6;6.131012668
1900-08-05 07:00:00+01:00;14.8;5.393444015
1900-08-05 08:00:00+01:00;16.4;5.771288053
1900-08-05 09:00:00+01:00;15.9;6.028844351
1900-08-05 10:00:00+01:00;13.3;6.562704748
1900-08-05 11:00:00+01:00;13.8;6.4003382
1900-08-05 12:00:00+01:00;14;6.599654704
1900-08-05 13:00:00+01:00;13.8;6.718072024
1900-08-05 14:00:00+01:00;13.2;7.114861209
1900-08-05 15:00:00+01:00;13.6;6.884775064
1900-08-05 16:00:00+01:00;16.2;6.259836518
1900-08-05 17:00:00+01:00;17.7;6.025325625
1900-08-05 18:00:00+01:00;17.8;5.726755244
1900-08-05 19:00:00+01:00;17.2;5.768554737
1900-08-05 20:00:00+01:00;16;5.711843336
1900-08-05 21:00:00+01:00;15.7;5.720397441
1900-08-05 22:00:00+01:00;15.3;5.430119037
1900-08-05 23:00:00+01:00;14.6;5.866273252
1900-08-06 00:00:00+01:00;14.5;6.692247666
1900-08-06 01:00:00+01:00;13.8;6.676607376
1900-08-06 02:00:00+01:00;12.3;7.171090608
1900-08-06 03:00:00+01:00;11.7;7.425677183
1900-08-06 04:00:00+01:00;12;7.808146847
1900-08-06 05:00:00+01:00;12.9;9.01912839
1900-08-06 06:00:00+01:00;12.4;12.56035534
1900-08-06 07:00:00+01:00;14;14.89049721
1900-08-06 08:00:00+01:00;14.3;18.07764264
1900-08-06 09:00:00+01:00;12.9;21.07866032
1900-08-06 10:00:00+01:00;12.4;21.83595427
1900-08-06 11:00:00+01:00;11.3;22.27636284
1900-08-06 12:00:00+01:00;12.5;21.39777907
1900-08-06 13:00:00+01:00;13.7;19.40980252
1900-08-06 14:00:00+01:00;14.5;16.88997513
1900-08-06 15:00:00+01:00;17.2;15.20027782
1900-08-06 16:00:00+01:00;17.8;12.49854107
1900-08-06 17:00:00+01:00;18.4;10.26894828
1900-08-06 18:00:00+01:00;18.1;8.925992886
1900-08-06 19:00:00+01:00;18.1;8.142087416
1900-08-06 20:00:00+01:00;17.6;7.700006029
1900-08-06 21:00:00+01:00;18;7.205128578
1900-08-06 22:00:00+01:00;18;6.841189885
1900-08-06 23:00:00+01:00;17.6;6.696080611
1900-08-07 00:00:00+01:00;16.9;6.692247666
1900-08-07 01:00:00+01:00;16.4;6.676607376
1900-08-07 02:00:00+01:00;16.2;6.932159198
1900-08-07 03:00:00+01:00;15.6;7.256077244
1900-08-07 04:00:00+01:00;14.8;7.615813947
1900-08-07 05:00:00+01:00;14.6;9.045531863
1900-08-07 06:00:00+01:00;14.9;11.31355106
1900-08-07 07:00:00+01:00;16;14.58267721
1900-08-07 08:00:00+01:00;16.2;17.70389003
1900-08-07 09:00:00+01:00;17;19.39870287
1900-08-07 10:00:00+01:00;17.4;19.58071998
1900-08-07 11:00:00+01:00;18.4;19.28113164
1900-08-07 12:00:00+01:00;18.5;19.305576
1900-08-07 13:00:00+01:00;18.4;18.44489424
1900-08-07 14:00:00+01:00;19.1;17.06212235
1900-08-07 15:00:00+01:00;19;14.99542972
1900-08-07 16:00:00+01:00;19.1;12.39379539
1900-08-07 17:00:00+01:00;18.4;10.26894828
1900-08-07 18:00:00+01:00;17.7;8.966761926
1900-08-07 19:00:00+01:00;15.8;8.383136156
1900-08-07 20:00:00+01:00;15.8;7.865512429
1900-08-07 21:00:00+01:00;14.7;7.486912608
1900-08-07 22:00:00+01:00;13.6;7.139522465
1900-08-07 23:00:00+01:00;12.3;6.963710711
1900-08-08 00:00:00+01:00;12.1;6.987290956
1900-08-08 01:00:00+01:00;12.4;6.963699316
1900-08-08 02:00:00+01:00;12;7.196329398
1900-08-08 03:00:00+01:00;11.5;6.871344127
1900-08-08 04:00:00+01:00;11.3;7.437942229
1900-08-08 05:00:00+01:00;12.6;8.73896413
1900-08-08 06:00:00+01:00;13;11.44675006
1900-08-08 07:00:00+01:00;13.7;14.93667021
1900-08-08 08:00:00+01:00;14.6;18.01862907
1900-08-08 09:00:00+01:00;17.8;19.25249663
1900-08-08 10:00:00+01:00;19.5;19.19829045
1900-08-08 11:00:00+01:00;21.1;18.83116449
1900-08-08 12:00:00+01:00;21.6;18.76507984
1900-08-08 13:00:00+01:00;22.7;17.68159737
1900-08-08 14:00:00+01:00;22.1;16.64662145
1900-08-08 15:00:00+01:00;22;14.65401622
1900-08-08 16:00:00+01:00;20;12.32127915
1900-08-08 17:00:00+01:00;19.8;10.15993574
1900-08-08 18:00:00+01:00;18.8;8.854647066
1900-08-08 19:00:00+01:00;16.6;8.299293116
1900-08-08 20:00:00+01:00;15.2;7.920681229
1900-08-08 21:00:00+01:00;14.4;7.512529338
1900-08-08 22:00:00+01:00;13.1;7.176086565
1900-08-08 23:00:00+01:00;12.6;6.940140611
1900-08-09 00:00:00+01:00;11.2;6.42812852
1900-08-09 01:00:00+01:00;11.1;6.448485061
1900-08-09 02:00:00+01:00;10.6;6.635878675
1900-08-09 03:00:00+01:00;10;7.128163816
1900-08-09 04:00:00+01:00;9.1;7.994674955
1900-08-09 05:00:00+01:00;10.7;9.398025561
1900-08-09 06:00:00+01:00;12.7;11.57564719
1900-08-09 07:00:00+01:00;14;14.89049721
1900-08-09 08:00:00+01:00;15.2;17.90060193
1900-08-09 09:00:00+01:00;16.6;19.47180599
1900-08-09 10:00:00+01:00;17.2;19.61714184
1900-08-09 11:00:00+01:00;18.9;19.19780439
1900-08-09 12:00:00+01:00;19.3;19.16609312
1900-08-09 13:00:00+01:00;17.6;18.58690296
1900-08-09 14:00:00+01:00;20;16.93747208
1900-08-09 15:00:00+01:00;18.5;15.05233197
1900-08-09 16:00:00+01:00;18.6;12.43408219
1900-08-09 17:00:00+01:00;17.2;10.3623876
1900-08-09 18:00:00+01:00;16.8;9.058492266
1900-08-09 19:00:00+01:00;16.4;8.320253876
1900-08-09 20:00:00+01:00;15.8;7.865512429
1900-08-09 21:00:00+01:00;16.1;7.367367868
1900-08-09 22:00:00+01:00;15;6.841189885
1900-08-09 23:00:00+01:00;14.9;6.696080611
1900-08-10 00:00:00+01:00;14.7;6.692247666
1900-08-10 01:00:00+01:00;14.3;6.676607376
1900-08-10 02:00:00+01:00;14.3;6.932159198
1900-08-10 03:00:00+01:00;14.3;7.256077244
1900-08-10 04:00:00+01:00;15.4;7.615813947
1900-08-10 05:00:00+01:00;16;9.045531863
1900-08-10 06:00:00+01:00;16.4;11.31355106
1900-08-10 07:00:00+01:00;17;14.42876721
1900-08-10 08:00:00+01:00;18.8;17.19243909
1900-08-10 09:00:00+01:00;16.9;19.41697865
1900-08-10 10:00:00+01:00;18.1;19.45324347
1900-08-10 11:00:00+01:00;19.5;19.09781169
1900-08-10 12:00:00+01:00;20.2;19.00917488
1900-08-10 13:00:00+01:00;20.3;18.10762353
1900-08-10 14:00:00+01:00;20.4;16.88207196
1900-08-10 15:00:00+01:00;20.6;14.81334252
1900-08-10 16:00:00+01:00;20.9;12.24876291
1900-08-10 17:00:00+01:00;22.8;9.609790124
1900-08-10 18:00:00+01:00;21.4;8.368388546
1900-08-10 19:00:00+01:00;20.1;7.612038896
1900-08-10 20:00:00+01:00;18.2;7.644837229
1900-08-10 21:00:00+01:00;16.8;7.307595498
1900-08-10 22:00:00+01:00;15.4;6.841189885
1900-08-10 23:00:00+01:00;14.2;6.696080611
1900-08-11 00:00:00+01:00;12.5;5.136231621
1900-08-11 01:00:00+01:00;11.9;5.233049693
1900-08-11 02:00:00+01:00;11.8;5.548490009
1900-08-11 03:00:00+01:00;10.6;5.832791405
1900-08-11 04:00:00+01:00;10.4;6.099295923
1900-08-11 05:00:00+01:00;11.7;6.261853835
1900-08-11 06:00:00+01:00;15.4;5.378560172
1900-08-11 07:00:00+01:00;17.1;5.418792092
1900-08-11 08:00:00+01:00;17.3;5.667140473
1900-08-11 09:00:00+01:00;19.4;5.717279851
1900-08-11 10:00:00+01:00;22.1;6.009243411
1900-08-11 11:00:00+01:00;21.6;6.051771329
1900-08-11 12:00:00+01:00;22;6.066921654
1900-08-11 13:00:00+01:00;22.5;6.107288786
1900-08-11 14:00:00+01:00;22.2;5.980426409
1900-08-11 15:00:00+01:00;23.6;5.917344277
1900-08-11 16:00:00+01:00;24.6;5.833772418
1900-08-11 17:00:00+01:00;23.8;5.676774415
1900-08-11 18:00:00+01:00;23;5.605301924
1900-08-11 19:00:00+01:00;19.2;5.573786337
1900-08-11 20:00:00+01:00;17.4;5.578062696
1900-08-11 21:00:00+01:00;15.4;5.748376161
1900-08-11 22:00:00+01:00;14.2;5.066617187
1900-08-11 23:00:00+01:00;13.4;5.006328598
1900-08-12 00:00:00+01:00;13.9;6.075282098
1900-08-12 01:00:00+01:00;12.3;5.275556491
1900-08-12 02:00:00+01:00;13;6.042766095
1900-08-12 03:00:00+01:00;12;5.291748025
1900-08-12 04:00:00+01:00;11.5;5.519958214
1900-08-12 05:00:00+01:00;13.4;5.283497561
1900-08-12 06:00:00+01:00;15.7;5.378560172
1900-08-12 07:00:00+01:00;17.5;5.418792092
1900-08-12 08:00:00+01:00;17.4;5.667140473
1900-08-12 09:00:00+01:00;17.8;5.717279851
1900-08-12 10:00:00+01:00;17.9;6.009021271
1900-08-12 11:00:00+01:00;20;6.051771329
1900-08-12 12:00:00+01:00;21.5;6.066921654
1900-08-12 13:00:00+01:00;22.6;6.107288786
1900-08-12 14:00:00+01:00;23.3;5.980426409
1900-08-12 15:00:00+01:00;23.3;5.917344277
1900-08-12 16:00:00+01:00;24.2;5.833772418
1900-08-12 17:00:00+01:00;24.9;5.676774415
1900-08-12 18:00:00+01:00;24.1;5.605301924
1900-08-12 19:00:00+01:00;20.3;5.612547577
1900-08-12 20:00:00+01:00;19.1;5.415614776
1900-08-12 21:00:00+01:00;17.4;5.561851361
1900-08-12 22:00:00+01:00;16;5.430119037
1900-08-12 23:00:00+01:00;13.8;4.969285998
1900-08-13 00:00:00+01:00;12.9;6.692247666
1900-08-13 01:00:00+01:00;11.6;5.465164169
1900-08-13 02:00:00+01:00;11.2;5.808427481
1900-08-13 03:00:00+01:00;10;6.214980752
1900-08-13 04:00:00+01:00;10.2;6.554321927
1900-08-13 05:00:00+01:00;11.7;8.029036605
1900-08-13 06:00:00+01:00;14.2;11.31355106
1900-08-13 07:00:00+01:00;16;14.58267721
1900-08-13 08:00:00+01:00;18.9;17.1727679
1900-08-13 09:00:00+01:00;19.9;18.86870525
1900-08-13 10:00:00+01:00;21.9;18.76122813
1900-08-13 11:00:00+01:00;24.2;18.31453554
1900-08-13 12:00:00+01:00;25.5;18.0851008
1900-08-13 13:00:00+01:00;27;16.9183005
1900-08-13 14:00:00+01:00;27.9;15.84331971
1900-08-13 15:00:00+01:00;29.4;14.17043422
1900-08-13 16:00:00+01:00;28.4;12.09629415
1900-08-13 17:00:00+01:00;26;9.609790124
1900-08-13 18:00:00+01:00;24.4;8.368388546
1900-08-13 19:00:00+01:00;21.3;7.612038896
1900-08-13 20:00:00+01:00;19;7.571278829
1900-08-13 21:00:00+01:00;16.5;7.333212228
1900-08-13 22:00:00+01:00;15;6.841189885
1900-08-13 23:00:00+01:00;14;6.696080611
1900-08-14 00:00:00+01:00;12.6;6.692247666
1900-08-14 01:00:00+01:00;12.2;6.979714596
1900-08-14 02:00:00+01:00;12;7.196329398
1900-08-14 03:00:00+01:00;11.6;5.26242591
1900-08-14 04:00:00+01:00;13;7.615813947
1900-08-14 05:00:00+01:00;13.5;9.045531863
1900-08-14 06:00:00+01:00;13.7;11.31355106
1900-08-14 07:00:00+01:00;13.9;14.90588821
1900-08-14 08:00:00+01:00;14.7;17.99895788
1900-08-14 09:00:00+01:00;16;19.58146067
1900-08-14 10:00:00+01:00;18.8;19.32576696
1900-08-14 11:00:00+01:00;21.4;18.78116814
1900-08-14 12:00:00+01:00;23.4;18.45124336
1900-08-14 13:00:00+01:00;25.5;17.18456685
1900-08-14 14:00:00+01:00;28.1;15.58671108
1900-08-14 15:00:00+01:00;31.4;14.17043422
1900-08-14 16:00:00+01:00;27.5;11.71697715
1900-08-14 17:00:00+01:00;26.1;9.609790124
1900-08-14 18:00:00+01:00;24.8;8.368388546
1900-08-14 19:00:00+01:00;20.5;7.612038896
1900-08-14 20:00:00+01:00;19.5;7.525304829
1900-08-14 21:00:00+01:00;16.9;7.299056588
1900-08-14 22:00:00+01:00;15.5;6.841189885
1900-08-14 23:00:00+01:00;14.1;6.696080611
1900-08-15 00:00:00+01:00;14.9;6.692247666
1900-08-15 01:00:00+01:00;13.6;6.676607376
1900-08-15 02:00:00+01:00;12.8;6.932159198
1900-08-15 03:00:00+01:00;12.5;7.415227444
1900-08-15 04:00:00+01:00;13;7.615813947
1900-08-15 05:00:00+01:00;13;9.045531863
1900-08-15 06:00:00+01:00;15;11.31355106
1900-08-15 07:00:00+01:00;17.3;14.38259421
1900-08-15 08:00:00+01:00;18.4;17.27112385
1900-08-15 09:00:00+01:00;19.2;18.99663571
1900-08-15 10:00:00+01:00;21;18.9251265
1900-08-15 11:00:00+01:00;23.1;18.49785549
1900-08-15 12:00:00+01:00;25.6;18.06766544
1900-08-15 13:00:00+01:00;31;17.3250458
1900-08-15 14:00:00+01:00;29.8;15.58671108
1900-08-15 15:00:00+01:00;28.7;14.17043422
1900-08-15 16:00:00+01:00;29;12.09629415
1900-08-15 17:00:00+01:00;27.2;9.609790124
1900-08-15 18:00:00+01:00;25;8.368388546
1900-08-15 19:00:00+01:00;21.9;7.612038896
1900-08-15 20:00:00+01:00;19.6;7.516110029
1900-08-15 21:00:00+01:00;17.5;7.247823128
1900-08-15 22:00:00+01:00;16;6.841189885
1900-08-15 23:00:00+01:00;15;6.696080611
1900-08-16 00:00:00+01:00;14.4;6.692247666
1900-08-16 01:00:00+01:00;13.7;6.676607376
1900-08-16 02:00:00+01:00;13.3;6.932159198
1900-08-16 03:00:00+01:00;13;7.256077244
1900-08-16 04:00:00+01:00;12.8;7.615813947
1900-08-16 05:00:00+01:00;13.2;9.045531863
1900-08-16 06:00:00+01:00;16;11.31355106
1900-08-16 07:00:00+01:00;19.8;14.02540321
1900-08-16 08:00:00+01:00;20;16.95638481
1900-08-16 09:00:00+01:00;21.3;18.61284433
1900-08-16 10:00:00+01:00;22.9;18.57911883
1900-08-16 11:00:00+01:00;24.7;18.23120829
1900-08-16 12:00:00+01:00;26.5;17.9107472
1900-08-16 13:00:00+01:00;30.2;17.3250458
1900-08-16 14:00:00+01:00;32.6;15.58671108
1900-08-16 15:00:00+01:00;32;14.17043422
1900-08-16 16:00:00+01:00;27.7;11.70086243
1900-08-16 17:00:00+01:00;26.4;9.609790124
1900-08-16 18:00:00+01:00;25.1;8.368388546
1900-08-16 19:00:00+01:00;21.1;7.612038896
1900-08-16 20:00:00+01:00;19.1;7.562084029
1900-08-16 21:00:00+01:00;17.4;7.256362038
1900-08-16 22:00:00+01:00;17;6.841189885
1900-08-16 23:00:00+01:00;16.5;6.696080611
1900-08-17 00:00:00+01:00;15.7;6.692247666
1900-08-17 01:00:00+01:00;14.1;6.676607376
1900-08-17 02:00:00+01:00;13.8;6.932159198
1900-08-17 03:00:00+01:00;13.3;7.256077244
1900-08-17 04:00:00+01:00;13.1;7.615813947
1900-08-17 05:00:00+01:00;14;9.045531863
1900-08-17 06:00:00+01:00;16;11.31355106
1900-08-17 07:00:00+01:00;17.6;14.33642121
1900-08-17 08:00:00+01:00;19.4;17.07441195
1900-08-17 09:00:00+01:00;20.8;18.70422323
1900-08-17 10:00:00+01:00;23.6;18.45164232
1900-08-17 11:00:00+01:00;25.7;18.06455379
1900-08-17 12:00:00+01:00;27.3;17.77126432
1900-08-17 13:00:00+01:00;28.3;17.3250458
1900-08-17 14:00:00+01:00;26.7;16.00952007
1900-08-17 15:00:00+01:00;25.3;14.27846137
1900-08-17 16:00:00+01:00;25.3;11.89423907
1900-08-17 17:00:00+01:00;22.8;9.609790124
1900-08-17 18:00:00+01:00;21.8;8.368388546
1900-08-17 19:00:00+01:00;21;7.612038896
1900-08-17 20:00:00+01:00;20;7.035071829
1900-08-17 21:00:00+01:00;19.8;7.051428198
1900-08-17 22:00:00+01:00;19.5;6.841189885
1900-08-17 23:00:00+01:00;19;6.696080611
1900-08-18 00:00:00+01:00;18.3;5.623940838
1900-08-18 01:00:00+01:00;18.2;5.64463665
1900-08-18 02:00:00+01:00;18;5.575395695
1900-08-18 03:00:00+01:00;15.7;5.451891234
1900-08-18 04:00:00+01:00;14.5;5.764123504
1900-08-18 05:00:00+01:00;14.9;5.86169749
1900-08-18 06:00:00+01:00;15.6;5.378560172
1900-08-18 07:00:00+01:00;17;5.418792092
1900-08-18 08:00:00+01:00;19;5.667140473
1900-08-18 09:00:00+01:00;20.2;5.717279851
1900-08-18 10:00:00+01:00;22.2;6.009243411
1900-08-18 11:00:00+01:00;24.6;6.051771329
1900-08-18 12:00:00+01:00;24.9;6.066921654
1900-08-18 13:00:00+01:00;24;6.107288786
1900-08-18 14:00:00+01:00;26.2;5.980426409
1900-08-18 15:00:00+01:00;24.1;5.917344277
1900-08-18 16:00:00+01:00;23.9;5.833772418
1900-08-18 17:00:00+01:00;23;5.676774415
1900-08-18 18:00:00+01:00;22.4;5.605301924
1900-08-18 19:00:00+01:00;20;5.612547577
1900-08-18 20:00:00+01:00;18.6;5.463393576
1900-08-18 21:00:00+01:00;17.4;5.561851361
1900-08-18 22:00:00+01:00;15.9;5.430119037
1900-08-18 23:00:00+01:00;16;5.693232552
1900-08-19 00:00:00+01:00;15.8;5.623940838
1900-08-19 01:00:00+01:00;15.2;5.97830377
1900-08-19 02:00:00+01:00;14.4;5.920081715
1900-08-19 03:00:00+01:00;14.4;5.841584694
1900-08-19 04:00:00+01:00;13.8;5.828531694
1900-08-19 05:00:00+01:00;13.5;5.019551583
1900-08-19 06:00:00+01:00;14.2;4.898064068
1900-08-19 07:00:00+01:00;15.8;5.672385272
1900-08-19 08:00:00+01:00;17;5.667140473
1900-08-19 09:00:00+01:00;20.1;5.717279851
1900-08-19 10:00:00+01:00;19.4;5.897418871
1900-08-19 11:00:00+01:00;20.5;6.051771329
1900-08-19 12:00:00+01:00;21.7;6.066921654
1900-08-19 13:00:00+01:00;22.4;6.107288786
1900-08-19 14:00:00+01:00;23.9;5.980426409
1900-08-19 15:00:00+01:00;20.7;5.917344277
1900-08-19 16:00:00+01:00;20.4;5.833772418
1900-08-19 17:00:00+01:00;19.9;5.825979885
1900-08-19 18:00:00+01:00;19;5.611106324
1900-08-19 19:00:00+01:00;16.4;5.846462097
1900-08-19 20:00:00+01:00;15.3;5.778733656
1900-08-19 21:00:00+01:00;14.1;5.197835496
1900-08-19 22:00:00+01:00;12.8;5.189276647
1900-08-19 23:00:00+01:00;12.5;5.089674448
1900-08-20 00:00:00+01:00;11.4;5.982221168
1900-08-20 01:00:00+01:00;10.5;6.097448971
1900-08-20 02:00:00+01:00;10.5;6.382922488
1900-08-20 03:00:00+01:00;9.6;7.065462192
1900-08-20 04:00:00+01:00;8.9;7.909553747
1900-08-20 05:00:00+01:00;10;9.291364576
1900-08-20 06:00:00+01:00;13.9;11.31355106
1900-08-20 07:00:00+01:00;14.7;14.78276021
1900-08-20 08:00:00+01:00;15.3;17.88093074
1900-08-20 09:00:00+01:00;16.3;19.52663333
1900-08-20 10:00:00+01:00;17.2;19.61714184
1900-08-20 11:00:00+01:00;18.5;19.26446619
1900-08-20 12:00:00+01:00;20;19.0440456
1900-08-20 13:00:00+01:00;19.3;18.28513443
1900-08-20 14:00:00+01:00;18;17.21447268
1900-08-20 15:00:00+01:00;18.3;15.07509287
1900-08-20 16:00:00+01:00;17.2;12.54688523
1900-08-20 17:00:00+01:00;18.3;10.27673489
1900-08-20 18:00:00+01:00;16.5;9.089069046
1900-08-20 19:00:00+01:00;12.8;7.626901376
1900-08-20 20:00:00+01:00;12.7;7.444181694
1900-08-20 21:00:00+01:00;12.8;7.649151898
1900-08-20 22:00:00+01:00;12.4;7.227276305
1900-08-20 23:00:00+01:00;11.6;6.670671766
1900-08-21 00:00:00+01:00;11;7.369589072
1900-08-21 01:00:00+01:00;11.2;7.222014903
1900-08-21 02:00:00+01:00;10.8;7.42422083
1900-08-21 03:00:00+01:00;11.4;7.508256151
1900-08-21 04:00:00+01:00;12;7.808146847
1900-08-21 05:00:00+01:00;10.9;9.927746002
1900-08-21 06:00:00+01:00;11.9;12.84894188
1900-08-21 07:00:00+01:00;14;14.89049721
1900-08-21 08:00:00+01:00;14.5;18.03830026
1900-08-21 09:00:00+01:00;15.5;19.67283957
1900-08-21 10:00:00+01:00;16.5;19.74461835
1900-08-21 11:00:00+01:00;16.8;19.54777884
1900-08-21 12:00:00+01:00;16.7;19.61941248
1900-08-21 13:00:00+01:00;15.6;18.94192476
1900-08-21 14:00:00+01:00;16.2;17.46377322
1900-08-21 15:00:00+01:00;18.8;15.01819062
1900-08-21 16:00:00+01:00;17.9;12.49048371
1900-08-21 17:00:00+01:00;17.1;10.37017421
1900-08-21 18:00:00+01:00;15.5;9.190991646
1900-08-21 19:00:00+01:00;13;7.962304991
1900-08-21 20:00:00+01:00;12;7.950690718
1900-08-21 21:00:00+01:00;10.7;7.710635762
1900-08-21 22:00:00+01:00;10.3;7.442599271
1900-08-21 23:00:00+01:00;9.5;7.553632978
1900-08-22 00:00:00+01:00;8.3;8.470352423
1900-08-22 01:00:00+01:00;7.5;8.794294856
1900-08-22 02:00:00+01:00;6.4;9.622661786
1900-08-22 03:00:00+01:00;6;10.23650116
1900-08-22 04:00:00+01:00;5.2;11.36176719
1900-08-22 05:00:00+01:00;7.3;12.58098771
1900-08-22 06:00:00+01:00;9.9;15.42873242
1900-08-22 07:00:00+01:00;11.5;17.91205292
1900-08-22 08:00:00+01:00;12.9;20.63288682
1900-08-22 09:00:00+01:00;14.1;19.92870049
1900-08-22 10:00:00+01:00;15.5;19.92672765
1900-08-22 11:00:00+01:00;15.7;19.73109879
1900-08-22 12:00:00+01:00;16.1;19.72402464
1900-08-22 13:00:00+01:00;18;18.5158986
1900-08-22 14:00:00+01:00;17.5;17.28372283
1900-08-22 15:00:00+01:00;18.5;15.05233197
1900-08-22 16:00:00+01:00;17.5;12.52271315
1900-08-22 17:00:00+01:00;16.6;10.40910726
1900-08-22 18:00:00+01:00;15.6;9.180799386
1900-08-22 19:00:00+01:00;15;8.466979196
1900-08-22 20:00:00+01:00;12;8.73918813
1900-08-22 21:00:00+01:00;11.7;8.176475554
1900-08-22 22:00:00+01:00;11.8;7.664990436
1900-08-22 23:00:00+01:00;12.3;6.963710711
1900-08-23 00:00:00+01:00;11;8.206477671
1900-08-23 01:00:00+01:00;10.9;8.030022044
1900-08-23 02:00:00+01:00;11;8.13811267
1900-08-23 03:00:00+01:00;9.8;8.684012141
1900-08-23 04:00:00+01:00;9.8;9.111849348
1900-08-23 05:00:00+01:00;9.5;11.05266836
1900-08-23 06:00:00+01:00;10.4;14.51605865
1900-08-23 07:00:00+01:00;12.2;16.45370426
1900-08-23 08:00:00+01:00;14.3;18.07764264
1900-08-23 09:00:00+01:00;15.2;19.72766691
1900-08-23 10:00:00+01:00;16.6;19.72640742
1900-08-23 11:00:00+01:00;17.3;19.46445159
1900-08-23 12:00:00+01:00;19.6;19.11378704
1900-08-23 13:00:00+01:00;21;17.9833659
1900-08-23 14:00:00+01:00;20.6;16.8543719
1900-08-23 15:00:00+01:00;21;14.76782072
1900-08-23 16:00:00+01:00;20.1;12.31322179
1900-08-23 17:00:00+01:00;19.7;10.16772235
1900-08-23 18:00:00+01:00;18.6;8.875031586
1900-08-23 19:00:00+01:00;17.7;8.184008936
1900-08-23 20:00:00+01:00;15.3;7.911486429
1900-08-23 21:00:00+01:00;13.7;7.572301708
1900-08-23 22:00:00+01:00;12.1;7.249214765
1900-08-23 23:00:00+01:00;12.5;6.947997311
1900-08-24 00:00:00+01:00;11.4;6.97949628
1900-08-24 01:00:00+01:00;10.1;7.187330769
1900-08-24 02:00:00+01:00;9.2;7.774136294
1900-08-24 03:00:00+01:00;8.6;8.298050937
1900-08-24 04:00:00+01:00;8;9.104110664
1900-08-24 05:00:00+01:00;8.8;10.64999435
1900-08-24 06:00:00+01:00;10.5;13.73372022
1900-08-24 07:00:00+01:00;12.5;15.24475023
1900-08-24 08:00:00+01:00;14.8;17.97928669
1900-08-24 09:00:00+01:00;16.7;19.45353021
1900-08-24 10:00:00+01:00;18.6;19.36218882
1900-08-24 11:00:00+01:00;19.6;19.08114624
1900-08-24 12:00:00+01:00;20.9;18.88712736
1900-08-24 13:00:00+01:00;22.6;17.69934846
1900-08-24 14:00:00+01:00;22;16.66047148
1900-08-24 15:00:00+01:00;22.3;14.61987487
1900-08-24 16:00:00+01:00;22.2;12.14401723
1900-08-24 17:00:00+01:00;19.4;10.19108218
1900-08-24 18:00:00+01:00;17.7;8.966761926
1900-08-24 19:00:00+01:00;16.5;8.309773496
1900-08-24 20:00:00+01:00;15.8;7.865512429
1900-08-24 21:00:00+01:00;14.2;7.529607158
1900-08-24 22:00:00+01:00;13.2;7.168773745
1900-08-24 23:00:00+01:00;12.1;6.979424111
1900-08-25 00:00:00+01:00;11;6.588141694
1900-08-25 01:00:00+01:00;9.8;7.031013579
1900-08-25 02:00:00+01:00;9;7.368592659
1900-08-25 03:00:00+01:00;8.4;7.609591334
1900-08-25 04:00:00+01:00;8.9;7.543067799
1900-08-25 05:00:00+01:00;8.2;8.47074559
1900-08-25 06:00:00+01:00;9.7;8.44582479
1900-08-25 07:00:00+01:00;11.2;7.446599089
1900-08-25 08:00:00+01:00;12.6;6.920706529
1900-08-25 09:00:00+01:00;13.3;6.765619919
1900-08-25 10:00:00+01:00;14.2;6.62633229
1900-08-25 11:00:00+01:00;15.6;6.312613949
1900-08-25 12:00:00+01:00;15.9;6.120600633
1900-08-25 13:00:00+01:00;16.9;6.444790306
1900-08-25 14:00:00+01:00;17.5;6.438925909
1900-08-25 15:00:00+01:00;18.1;6.239753477
1900-08-25 16:00:00+01:00;19.2;6.001778018
1900-08-25 17:00:00+01:00;18.5;5.952836265
1900-08-25 18:00:00+01:00;17;5.803854524
1900-08-25 19:00:00+01:00;14;6.439787115
1900-08-25 20:00:00+01:00;12.6;6.932463586
1900-08-25 21:00:00+01:00;10.2;7.696282452
1900-08-25 22:00:00+01:00;9.6;7.766382674
1900-08-25 23:00:00+01:00;9.3;7.949484769
1900-08-26 00:00:00+01:00;9;8.477308562
1900-08-26 01:00:00+01:00;8.5;8.672095233
1900-08-26 02:00:00+01:00;7.9;8.950698781
1900-08-26 03:00:00+01:00;7;9.32274852
1900-08-26 04:00:00+01:00;7.6;9.312295341
1900-08-26 05:00:00+01:00;6.9;10.26450066
1900-08-26 06:00:00+01:00;9.4;9.779356349
1900-08-26 07:00:00+01:00;12.2;8.086656429
1900-08-26 08:00:00+01:00;13.6;7.430420223
1900-08-26 09:00:00+01:00;14.5;7.218002409
1900-08-26 10:00:00+01:00;16.7;6.098303191
1900-08-26 11:00:00+01:00;19.8;6.005084489
1900-08-26 12:00:00+01:00;19.6;6.265248734
1900-08-26 13:00:00+01:00;22.3;6.107288786
1900-08-26 14:00:00+01:00;22.5;5.980426409
1900-08-26 15:00:00+01:00;23;5.917344277
1900-08-26 16:00:00+01:00;22.7;5.833772418
1900-08-26 17:00:00+01:00;21.4;5.676774415
1900-08-26 18:00:00+01:00;20.3;5.605301924
1900-08-26 19:00:00+01:00;18.4;5.651693697
1900-08-26 20:00:00+01:00;16.8;5.635397256
1900-08-26 21:00:00+01:00;16.5;5.645787521
1900-08-26 22:00:00+01:00;16.1;5.430119037
1900-08-26 23:00:00+01:00;15.9;5.693232552
1900-08-27 00:00:00+01:00;15.4;6.692247666
1900-08-27 01:00:00+01:00;15.4;6.676607376
1900-08-27 02:00:00+01:00;15.4;6.932159198
1900-08-27 03:00:00+01:00;15.5;7.256077244
1900-08-27 04:00:00+01:00;15.6;7.615813947
1900-08-27 05:00:00+01:00;15.1;9.045531863
1900-08-27 06:00:00+01:00;14.6;11.31355106
1900-08-27 07:00:00+01:00;15.2;14.70580521
1900-08-27 08:00:00+01:00;15.3;17.88093074
1900-08-27 09:00:00+01:00;16.1;19.56318489
1900-08-27 10:00:00+01:00;17.6;19.54429812
1900-08-27 11:00:00+01:00;19.3;19.13114259
1900-08-27 12:00:00+01:00;20.9;18.88712736
1900-08-27 13:00:00+01:00;20.7;18.03661917
1900-08-27 14:00:00+01:00;20.8;16.82667184
1900-08-27 15:00:00+01:00;21.9;14.66539667
1900-08-27 16:00:00+01:00;21.3;12.21653347
1900-08-27 17:00:00+01:00;20.3;9.609790124
1900-08-27 18:00:00+01:00;19;8.834262546
1900-08-27 19:00:00+01:00;16.7;8.288812736
1900-08-27 20:00:00+01:00;15.8;7.865512429
1900-08-27 21:00:00+01:00;15.1;7.452756968
1900-08-27 22:00:00+01:00;13.2;7.168773745
1900-08-27 23:00:00+01:00;12.4;6.955854011
1900-08-28 00:00:00+01:00;12.2;6.979168146
1900-08-28 01:00:00+01:00;13.4;6.676607376
1900-08-28 02:00:00+01:00;13.6;6.932159198
1900-08-28 03:00:00+01:00;13.4;7.256077244
1900-08-28 04:00:00+01:00;13.3;7.615813947
1900-08-28 05:00:00+01:00;13.5;9.045531863
1900-08-28 06:00:00+01:00;13.7;11.31355106
1900-08-28 07:00:00+01:00;14;14.89049721
1900-08-28 08:00:00+01:00;14;18.13665621
1900-08-28 09:00:00+01:00;14.4;19.87387315
1900-08-28 10:00:00+01:00;15;20.0177823
1900-08-28 11:00:00+01:00;16.4;19.61444064
1900-08-28 12:00:00+01:00;16.4;19.67171856
1900-08-28 13:00:00+01:00;18.2;18.48039642
1900-08-28 14:00:00+01:00;19.5;17.00672223
1900-08-28 15:00:00+01:00;21.6;14.69953802
1900-08-28 16:00:00+01:00;20.4;12.28904971
1900-08-28 17:00:00+01:00;19;10.22222862
1900-08-28 18:00:00+01:00;17.3;9.007530966
1900-08-28 19:00:00+01:00;16.2;8.341214636
1900-08-28 20:00:00+01:00;15.8;7.865512429
1900-08-28 21:00:00+01:00;14.7;7.486912608
1900-08-28 22:00:00+01:00;14.8;6.841189885
1900-08-28 23:00:00+01:00;14.1;6.696080611
1900-08-29 00:00:00+01:00;14.6;6.692247666
1900-08-29 01:00:00+01:00;14.4;6.676607376
1900-08-29 02:00:00+01:00;14.6;6.932159198
1900-08-29 03:00:00+01:00;14.4;7.256077244
1900-08-29 04:00:00+01:00;14.3;7.615813947
1900-08-29 05:00:00+01:00;14.4;9.045531863
1900-08-29 06:00:00+01:00;14.8;11.31355106
1900-08-29 07:00:00+01:00;15;14.73658721
1900-08-29 08:00:00+01:00;16;17.74323241
1900-08-29 09:00:00+01:00;16.2;19.54490911
1900-08-29 10:00:00+01:00;18.8;19.32576696
1900-08-29 11:00:00+01:00;19.4;19.11447714
1900-08-29 12:00:00+01:00;20;19.0440456
1900-08-29 13:00:00+01:00;20.4;18.08987244
1900-08-29 14:00:00+01:00;20.5;16.86822193
1900-08-29 15:00:00+01:00;19.9;14.89300567
1900-08-29 16:00:00+01:00;20.6;12.27293499
1900-08-29 17:00:00+01:00;19.4;10.19108218
1900-08-29 18:00:00+01:00;17.7;8.966761926
1900-08-29 19:00:00+01:00;16.5;8.309773496
1900-08-29 20:00:00+01:00;15.6;7.883902029
1900-08-29 21:00:00+01:00;14.4;7.512529338
1900-08-29 22:00:00+01:00;14.2;6.841189885
1900-08-29 23:00:00+01:00;15;6.696080611
1900-08-30 00:00:00+01:00;14.7;6.692247666
1900-08-30 01:00:00+01:00;14.6;6.676607376
1900-08-30 02:00:00+01:00;15;6.932159198
1900-08-30 03:00:00+01:00;15.1;7.256077244
1900-08-30 04:00:00+01:00;14.7;7.615813947
1900-08-30 05:00:00+01:00;14.8;9.045531863
1900-08-30 06:00:00+01:00;15;11.31355106
1900-08-30 07:00:00+01:00;15.5;14.65963221
1900-08-30 08:00:00+01:00;15.6;17.82191717
1900-08-30 09:00:00+01:00;15.5;19.67283957
1900-08-30 10:00:00+01:00;14.9;17.69257399
1900-08-30 11:00:00+01:00;15;19.84775694
1900-08-30 12:00:00+01:00;14.6;17.89250542
1900-08-30 13:00:00+01:00;15.3;16.57423426
1900-08-30 14:00:00+01:00;15.7;17.53302337
1900-08-30 15:00:00+01:00;15.1;15.43926727
1900-08-30 16:00:00+01:00;15.3;12.69997507
1900-08-30 17:00:00+01:00;15.2;10.5181198
1900-08-30 18:00:00+01:00;15.2;9.221568426
1900-08-30 19:00:00+01:00;15;8.466979196
1900-08-30 20:00:00+01:00;14.8;7.957460429
1900-08-30 21:00:00+01:00;14.5;7.503990428
1900-08-30 22:00:00+01:00;14.3;6.841189885
1900-08-30 23:00:00+01:00;14.4;6.696080611
1900-08-31 00:00:00+01:00;14.4;6.692247666
1900-08-31 01:00:00+01:00;13.7;6.676607376
1900-08-31 02:00:00+01:00;14;6.932159198
1900-08-31 03:00:00+01:00;13.9;7.256077244
1900-08-31 04:00:00+01:00;14;7.615813947
1900-08-31 05:00:00+01:00;13.4;9.045531863
1900-08-31 06:00:00+01:00;13;11.93242105
1900-08-31 07:00:00+01:00;13.1;15.02901621
1900-08-31 08:00:00+01:00;13.4;18.43353326
1900-08-31 09:00:00+01:00;13.9;20.05929767
1900-08-31 10:00:00+01:00;14.6;19.66522925
1900-08-31 11:00:00+01:00;16.3;19.63110609
1900-08-31 12:00:00+01:00;16.3;19.68915392
1900-08-31 13:00:00+01:00;17;18.6934095
1900-08-31 14:00:00+01:00;17.1;17.33912295
1900-08-31 15:00:00+01:00;18.9;15.00681017
1900-08-31 16:00:00+01:00;20;12.32127915
1900-08-31 17:00:00+01:00;17;10.37796082
1900-08-31 18:00:00+01:00;16.9;9.048300006
1900-08-31 19:00:00+01:00;15.6;8.404096916
1900-08-31 20:00:00+01:00;14.8;7.957460429
1900-08-31 21:00:00+01:00;13.5;7.589379528
1900-08-31 22:00:00+01:00;11.9;6.521562143
1900-08-31 23:00:00+01:00;10.1;6.79803473
1900-09-01 00:00:00+01:00;9.3;7.47070897
1900-09-01 01:00:00+01:00;8.5;7.888786938
1900-09-01 02:00:00+01:00;7.7;8.357022217
1900-09-01 03:00:00+01:00;7.7;8.499993386
1900-09-01 04:00:00+01:00;8.4;8.512564739
1900-09-01 05:00:00+01:00;9;8.984169294
1900-09-01 06:00:00+01:00;9.6;9.338475957
1900-09-01 07:00:00+01:00;9.9;8.927667826
1900-09-01 08:00:00+01:00;9.9;8.995733531
1900-09-01 09:00:00+01:00;10.2;8.898947714
1900-09-01 10:00:00+01:00;12.4;8.134416161
1900-09-01 11:00:00+01:00;13.2;7.741295532
1900-09-01 12:00:00+01:00;15.3;7.013408431
1900-09-01 13:00:00+01:00;16.1;6.594990293
1900-09-01 14:00:00+01:00;17.2;6.460325869
1900-09-01 15:00:00+01:00;16.2;6.387660877
1900-09-01 16:00:00+01:00;16.9;6.199622868
1900-09-01 17:00:00+01:00;15.7;6.481960725
1900-09-01 18:00:00+01:00;15.2;6.497766219
1900-09-01 19:00:00+01:00;15.1;5.973061557
1900-09-01 20:00:00+01:00;14.7;6.707816245
1900-09-01 21:00:00+01:00;13.6;7.037885023
1900-09-01 22:00:00+01:00;11.1;7.658062584
1900-09-01 23:00:00+01:00;10.6;7.882600718
1900-09-02 00:00:00+01:00;9.2;8.735729838
1900-09-02 01:00:00+01:00;8.3;9.025353049
1900-09-02 02:00:00+01:00;8.4;9.014747958
1900-09-02 03:00:00+01:00;8;9.15767006
1900-09-02 04:00:00+01:00;7.3;9.636075604
1900-09-02 05:00:00+01:00;9.2;9.503372462
1900-09-02 06:00:00+01:00;10.5;9.399001151
1900-09-02 07:00:00+01:00;12.2;8.204359821
1900-09-02 08:00:00+01:00;15.5;5.845775923
1900-09-02 09:00:00+01:00;16.5;5.984297951
1900-09-02 10:00:00+01:00;18.2;5.986700791
1900-09-02 11:00:00+01:00;19.4;6.034373009
1900-09-02 12:00:00+01:00;19.6;6.265248734
1900-09-02 13:00:00+01:00;19.3;6.272102626
1900-09-02 14:00:00+01:00;21.6;5.980426409
1900-09-02 15:00:00+01:00;20;5.917344277
1900-09-02 16:00:00+01:00;20.8;5.833772418
1900-09-02 17:00:00+01:00;20.1;5.676774415
1900-09-02 18:00:00+01:00;18.3;5.678568194
1900-09-02 19:00:00+01:00;15.3;5.953584717
1900-09-02 20:00:00+01:00;14.4;5.804757577
1900-09-02 21:00:00+01:00;13.6;5.976014176
1900-09-02 22:00:00+01:00;12;6.324276952
1900-09-02 23:00:00+01:00;10.5;6.74835824
1900-09-03 00:00:00+01:00;9.5;7.652814587
1900-09-03 01:00:00+01:00;9.6;7.556215654
1900-09-03 02:00:00+01:00;8.5;8.195532602
1900-09-03 03:00:00+01:00;9;8.265085764
1900-09-03 04:00:00+01:00;7.5;9.393428714
1900-09-03 05:00:00+01:00;7.2;11.50874567
1900-09-03 06:00:00+01:00;7.5;15.78303077
1900-09-03 07:00:00+01:00;10.7;17.03721148
1900-09-03 08:00:00+01:00;14;18.13665621
1900-09-03 09:00:00+01:00;16.5;19.49008177
1900-09-03 10:00:00+01:00;17.2;19.61714184
1900-09-03 11:00:00+01:00;18.2;19.31446254
1900-09-03 12:00:00+01:00;18.6;19.28814064
1900-09-03 13:00:00+01:00;18.7;18.39164097
1900-09-03 14:00:00+01:00;22.1;16.64662145
1900-09-03 15:00:00+01:00;18.8;15.01819062
1900-09-03 16:00:00+01:00;19.5;12.36156595
1900-09-03 17:00:00+01:00;18.4;10.26894828
1900-09-03 18:00:00+01:00;17.1;9.027915486
1900-09-03 19:00:00+01:00;15;8.466979196
1900-09-03 20:00:00+01:00;13.8;8.049408429
1900-09-03 21:00:00+01:00;13.4;7.597918438
1900-09-03 22:00:00+01:00;13;7.183399385
1900-09-03 23:00:00+01:00;13.2;6.893000411
1900-09-04 00:00:00+01:00;9.1;8.033772925
1900-09-04 01:00:00+01:00;8;8.384172111
1900-09-04 02:00:00+01:00;7;9.091696718
1900-09-04 03:00:00+01:00;7.3;9.337939022
1900-09-04 04:00:00+01:00;5.7;10.6220339
1900-09-04 05:00:00+01:00;5.5;12.80114398
1900-09-04 06:00:00+01:00;6.6;16.95947742
1900-09-04 07:00:00+01:00;7.5;20.28160528
1900-09-04 08:00:00+01:00;9.4;22.96355953
1900-09-04 09:00:00+01:00;10.3;24.14791733
1900-09-04 10:00:00+01:00;10.8;24.44584557
1900-09-04 11:00:00+01:00;12.6;22.34645283
1900-09-04 12:00:00+01:00;13.3;21.88189044
1900-09-04 13:00:00+01:00;14.6;19.70918712
1900-09-04 14:00:00+01:00;16.3;17.44992319
1900-09-04 15:00:00+01:00;16.3;15.30270187
1900-09-04 16:00:00+01:00;16;12.64357355
1900-09-04 17:00:00+01:00;15.4;10.50254658
1900-09-04 18:00:00+01:00;14.9;9.252145206
1900-09-04 19:00:00+01:00;13.3;9.168563611
1900-09-04 20:00:00+01:00;13;8.122966829
1900-09-04 21:00:00+01:00;12.6;7.666229718
1900-09-04 22:00:00+01:00;11.2;8.373369944
1900-09-04 23:00:00+01:00;11;8.3390281
1900-09-05 00:00:00+01:00;10.7;9.124012415
1900-09-05 01:00:00+01:00;8.4;9.674768416
1900-09-05 02:00:00+01:00;8.9;9.752664082
1900-09-05 03:00:00+01:00;7.9;10.4017049
1900-09-05 04:00:00+01:00;8;10.94713628
1900-09-05 05:00:00+01:00;7.4;13.18781745
1900-09-05 06:00:00+01:00;9;16.53380514
1900-09-05 07:00:00+01:00;8.7;20.83447312
1900-09-05 08:00:00+01:00;11.8;22.18469571
1900-09-05 09:00:00+01:00;14.1;19.92870049
1900-09-05 10:00:00+01:00;15.4;19.94493858
1900-09-05 11:00:00+01:00;16.8;19.54777884
1900-09-05 12:00:00+01:00;16.5;19.6542832
1900-09-05 13:00:00+01:00;17;18.6934095
1900-09-05 14:00:00+01:00;17.4;17.29757286
1900-09-05 15:00:00+01:00;16.2;15.31408232
1900-09-05 16:00:00+01:00;17.7;12.50659843
1900-09-05 17:00:00+01:00;17.5;10.33902777
1900-09-05 18:00:00+01:00;15.6;9.180799386
1900-09-05 19:00:00+01:00;13.1;8.568627067
1900-09-05 20:00:00+01:00;10.3;9.237944031
1900-09-05 21:00:00+01:00;9.1;8.998300583
1900-09-05 22:00:00+01:00;9.3;8.423759045
1900-09-05 23:00:00+01:00;9.9;8.141996086
1900-09-06 00:00:00+01:00;8.6;9.127087695
1900-09-06 01:00:00+01:00;6.3;9.845004102
1900-09-06 02:00:00+01:00;6.7;10.13820623
1900-09-06 03:00:00+01:00;5.8;10.86612094
1900-09-06 04:00:00+01:00;5.4;11.76631553
1900-09-06 05:00:00+01:00;4.7;14.27708816
1900-09-06 06:00:00+01:00;5.7;18.93726323
1900-09-06 07:00:00+01:00;10;19.72617359
1900-09-06 08:00:00+01:00;11.7;22.33473749
1900-09-06 09:00:00+01:00;13;23.09263092
1900-09-06 10:00:00+01:00;14.8;21.60083242
1900-09-06 11:00:00+01:00;15.5;19.76442969
1900-09-06 12:00:00+01:00;16;19.74146
1900-09-06 13:00:00+01:00;16.1;18.85316931
1900-09-06 14:00:00+01:00;17.1;17.33912295
1900-09-06 15:00:00+01:00;17.5;15.16613647
1900-09-06 16:00:00+01:00;17.2;12.54688523
1900-09-06 17:00:00+01:00;16;10.45582692
1900-09-06 18:00:00+01:00;14.5;9.292914246
1900-09-06 19:00:00+01:00;13.5;9.055073487
1900-09-06 20:00:00+01:00;12.8;8.887084152
1900-09-06 21:00:00+01:00;12.4;7.683307538
1900-09-06 22:00:00+01:00;9.7;8.649095738
1900-09-06 23:00:00+01:00;9.5;8.607259142
1900-09-07 00:00:00+01:00;8;9.626860019
1900-09-07 01:00:00+01:00;8.3;9.441648903
1900-09-07 02:00:00+01:00;8.3;9.710079438
1900-09-07 03:00:00+01:00;8.8;9.742661254
1900-09-07 04:00:00+01:00;8.8;10.26269664
1900-09-07 05:00:00+01:00;9.8;11.62556018
1900-09-07 06:00:00+01:00;10.8;14.83982569
1900-09-07 07:00:00+01:00;12.6;16.88281002
1900-09-07 08:00:00+01:00;13.9;18.1563274
1900-09-07 09:00:00+01:00;15.3;19.70939113
1900-09-07 10:00:00+01:00;15.7;19.89030579
1900-09-07 11:00:00+01:00;17.8;19.38112434
1900-09-07 12:00:00+01:00;18;19.3927528
1900-09-07 13:00:00+01:00;19.6;18.23188116
1900-09-07 14:00:00+01:00;21.9;16.67432151
1900-09-07 15:00:00+01:00;24.2;14.40364632
1900-09-07 16:00:00+01:00;19.8;12.33739387
1900-09-07 17:00:00+01:00;18.8;10.23780184
1900-09-07 18:00:00+01:00;17;9.038107746
1900-09-07 19:00:00+01:00;15.4;8.425057676
1900-09-07 20:00:00+01:00;15.2;7.920681229
1900-09-07 21:00:00+01:00;12.8;7.649151898
1900-09-07 22:00:00+01:00;12.3;7.234589125
1900-09-07 23:00:00+01:00;10.7;6.89730558
1900-09-08 00:00:00+01:00;9.9;7.402457453
1900-09-08 01:00:00+01:00;9.6;7.500465465
1900-09-08 02:00:00+01:00;10.4;7.213848517
1900-09-08 03:00:00+01:00;11;6.985414383
1900-09-08 04:00:00+01:00;10.8;7.098476027
1900-09-08 05:00:00+01:00;11;7.57239902
1900-09-08 06:00:00+01:00;10.6;8.235237272
1900-09-08 07:00:00+01:00;10.9;7.811228391
1900-09-08 08:00:00+01:00;11.8;7.426588063
1900-09-08 09:00:00+01:00;12.7;7.199007268
1900-09-08 10:00:00+01:00;13.1;7.229394835
1900-09-08 11:00:00+01:00;14.4;6.65199097
1900-09-08 12:00:00+01:00;16.3;6.505029044
1900-09-08 13:00:00+01:00;18.6;6.322469866
1900-09-08 14:00:00+01:00;20;5.980426409
1900-09-08 15:00:00+01:00;21.1;5.917344277
1900-09-08 16:00:00+01:00;23.3;5.833772418
1900-09-08 17:00:00+01:00;22.7;5.676774415
1900-09-08 18:00:00+01:00;18.6;5.649655964
1900-09-08 19:00:00+01:00;15.6;5.924369457
1900-09-08 20:00:00+01:00;14.9;5.709499136
1900-09-08 21:00:00+01:00;14.6;5.822986081
1900-09-08 22:00:00+01:00;13.7;5.840470415
1900-09-08 23:00:00+01:00;12.9;6.084941162
1900-09-09 00:00:00+01:00;12.1;6.632658043
1900-09-09 01:00:00+01:00;11.4;6.771237308
1900-09-09 02:00:00+01:00;11.5;6.827408418
1900-09-09 03:00:00+01:00;11.5;6.76926911
1900-09-09 04:00:00+01:00;11.5;6.875758305
1900-09-09 05:00:00+01:00;11.2;7.481117385
1900-09-09 06:00:00+01:00;12.9;7.081391596
1900-09-09 07:00:00+01:00;15;5.743275992
1900-09-09 08:00:00+01:00;15.2;5.870605213
1900-09-09 09:00:00+01:00;16.2;6.006571151
1900-09-09 10:00:00+01:00;17;6.075982711
1900-09-09 11:00:00+01:00;18;6.136882829
1900-09-09 12:00:00+01:00;18.1;6.374239784
1900-09-09 13:00:00+01:00;19;6.293688586
1900-09-09 14:00:00+01:00;20.5;5.980426409
1900-09-09 15:00:00+01:00;20.4;5.917344277
1900-09-09 16:00:00+01:00;21;5.833772418
1900-09-09 17:00:00+01:00;20.2;5.676774415
1900-09-09 18:00:00+01:00;17.6;5.746030064
1900-09-09 19:00:00+01:00;16.6;5.826985257
1900-09-09 20:00:00+01:00;15.4;5.769177896
1900-09-09 21:00:00+01:00;15.3;5.757702401
1900-09-09 22:00:00+01:00;14.5;5.753245587
1900-09-09 23:00:00+01:00;12.2;5.799459379
1900-09-10 00:00:00+01:00;11.9;6.567961072
1900-09-10 01:00:00+01:00;10.6;6.729458924
1900-09-10 02:00:00+01:00;10;7.179878962
1900-09-10 03:00:00+01:00;11;7.216467973
1900-09-10 04:00:00+01:00;11.4;7.504849684
1900-09-10 05:00:00+01:00;11.6;9.224126676
1900-09-10 06:00:00+01:00;11.9;12.37541267
1900-09-10 07:00:00+01:00;13;15.04440721
1900-09-10 08:00:00+01:00;13;18.17986163
1900-09-10 09:00:00+01:00;13.8;19.55550112
1900-09-10 10:00:00+01:00;15.4;19.94493858
1900-09-10 11:00:00+01:00;16;19.68110244
1900-09-10 12:00:00+01:00;16.8;19.60197712
1900-09-10 13:00:00+01:00;16.8;18.72891168
1900-09-10 14:00:00+01:00;17.4;17.29757286
1900-09-10 15:00:00+01:00;16.7;15.25718007
1900-09-10 16:00:00+01:00;16.6;12.59522939
1900-09-10 17:00:00+01:00;15.5;10.49475997
1900-09-10 18:00:00+01:00;14.5;9.292914246
1900-09-10 19:00:00+01:00;13.5;7.793986935
1900-09-10 20:00:00+01:00;12.4;7.90380406
1900-09-10 21:00:00+01:00;11.9;7.510513899
1900-09-10 22:00:00+01:00;10.2;7.629521557
1900-09-10 23:00:00+01:00;9.1;7.860745251
1900-09-11 00:00:00+01:00;9.5;8.333065048
1900-09-11 01:00:00+01:00;9;8.458137045
1900-09-11 02:00:00+01:00;8.8;8.828394029
1900-09-11 03:00:00+01:00;9.4;8.908310908
1900-09-11 04:00:00+01:00;9.7;9.371480601
1900-09-11 05:00:00+01:00;9.7;11.29164237
1900-09-11 06:00:00+01:00;10;15.17820373
1900-09-11 07:00:00+01:00;10.7;18.30773672
1900-09-11 08:00:00+01:00;11.8;21.40909716
1900-09-11 09:00:00+01:00;13.8;21.51140937
1900-09-11 10:00:00+01:00;14.9;20.69298156
1900-09-11 11:00:00+01:00;17.4;19.44778614
1900-09-11 12:00:00+01:00;17.8;19.42762352
1900-09-11 13:00:00+01:00;19.7;18.21413007
1900-09-11 14:00:00+01:00;21.3;16.75742169
1900-09-11 15:00:00+01:00;19;14.99542972
1900-09-11 16:00:00+01:00;19.2;12.38573803
1900-09-11 17:00:00+01:00;18.4;10.26894828
1900-09-11 18:00:00+01:00;16.4;9.099261306
1900-09-11 19:00:00+01:00;15.3;8.435538056
1900-09-11 20:00:00+01:00;14.1;8.021824029
1900-09-11 21:00:00+01:00;11.7;7.599301502
1900-09-11 22:00:00+01:00;10.8;7.38593631
1900-09-11 23:00:00+01:00;11.4;7.047701243
1900-09-12 00:00:00+01:00;11.7;7.484746777
1900-09-12 01:00:00+01:00;11.9;7.24891819
1900-09-12 02:00:00+01:00;12.2;7.179503538
1900-09-12 03:00:00+01:00;12.4;7.423588204
1900-09-12 04:00:00+01:00;12;7.808146847
1900-09-12 05:00:00+01:00;11.6;9.793703696
1900-09-12 06:00:00+01:00;11.8;13.00962144
1900-09-12 07:00:00+01:00;13;15.04440721
1900-09-12 08:00:00+01:00;12.9;18.80954988
1900-09-12 09:00:00+01:00;11.3;22.3716809
1900-09-12 10:00:00+01:00;11.5;22.58990999
1900-09-12 11:00:00+01:00;12;21.66866967
1900-09-12 12:00:00+01:00;13.4;20.63553536
1900-09-12 13:00:00+01:00;13.5;19.85477905
1900-09-12 14:00:00+01:00;13.6;18.20320519
1900-09-12 15:00:00+01:00;13.1;16.40984053
1900-09-12 16:00:00+01:00;11.1;14.07062773
1900-09-12 17:00:00+01:00;11.6;11.29056571
1900-09-12 18:00:00+01:00;9;11.48509365
1900-09-12 19:00:00+01:00;7.5;11.5916689
1900-09-12 20:00:00+01:00;6.5;11.22982318
1900-09-12 21:00:00+01:00;6.4;10.50200848
1900-09-12 22:00:00+01:00;6;10.00015986
1900-09-12 23:00:00+01:00;5.8;10.10804035
1900-09-13 00:00:00+01:00;5.6;10.83876985
1900-09-13 01:00:00+01:00;3.8;11.61129364
1900-09-13 02:00:00+01:00;3.5;12.40660871
1900-09-13 03:00:00+01:00;2.6;13.38888329
1900-09-13 04:00:00+01:00;2;14.69931338
1900-09-13 05:00:00+01:00;1.5;17.55652425
1900-09-13 06:00:00+01:00;2.8;23.260732
1900-09-13 07:00:00+01:00;6.6;25.87015612
1900-09-13 08:00:00+01:00;8.6;28.77800067
1900-09-13 09:00:00+01:00;10.1;29.05290611
1900-09-13 10:00:00+01:00;12.2;26.90024149
1900-09-13 11:00:00+01:00;14.3;24.35028012
1900-09-13 12:00:00+01:00;14.3;24.01442356
1900-09-13 13:00:00+01:00;14.6;22.31383175
1900-09-13 14:00:00+01:00;12.5;22.41087051
1900-09-13 15:00:00+01:00;12.3;19.9141703
1900-09-13 16:00:00+01:00;12.9;16.03914466
1900-09-13 17:00:00+01:00;11.7;14.05755922
1900-09-13 18:00:00+01:00;9.4;13.73503637
1900-09-13 19:00:00+01:00;6.3;14.23709605
1900-09-13 20:00:00+01:00;5.7;13.44996032
1900-09-13 21:00:00+01:00;5.4;12.63423817
1900-09-13 22:00:00+01:00;5.8;11.61810191
1900-09-13 23:00:00+01:00;3.6;12.33786256
1900-09-14 00:00:00+01:00;4;12.8540216
1900-09-14 01:00:00+01:00;5.1;12.49747862
1900-09-14 02:00:00+01:00;4.8;13.02064636
1900-09-14 03:00:00+01:00;4.7;13.40062699
1900-09-14 04:00:00+01:00;1.7;15.47131303
1900-09-14 05:00:00+01:00;1.3;18.0948619
1900-09-14 06:00:00+01:00;4.9;21.9155091
1900-09-14 07:00:00+01:00;7.1;25.4363467
1900-09-14 08:00:00+01:00;10.2;26.69104621
1900-09-14 09:00:00+01:00;11.6;27.146244
1900-09-14 10:00:00+01:00;12.5;26.3689273
1900-09-14 11:00:00+01:00;12.8;25.53614427
1900-09-14 12:00:00+01:00;13.9;24.31109983
1900-09-14 13:00:00+01:00;10.6;26.62940895
1900-09-14 14:00:00+01:00;12.9;22.04371318
1900-09-14 15:00:00+01:00;11.4;20.87151641
1900-09-14 16:00:00+01:00;11;17.23849631
1900-09-14 17:00:00+01:00;9.1;15.3896767
1900-09-14 18:00:00+01:00;7.7;14.72999446
1900-09-14 19:00:00+01:00;6;14.56769416
1900-09-14 20:00:00+01:00;4.6;14.05695825
1900-09-14 21:00:00+01:00;4.1;13.26703503
1900-09-14 22:00:00+01:00;3.1;12.63938738
1900-09-14 23:00:00+01:00;3.6;12.5387568
1900-09-15 00:00:00+01:00;4.2;12.78214347
1900-09-15 01:00:00+01:00;3.8;12.88883136
1900-09-15 02:00:00+01:00;4;12.89153782
1900-09-15 03:00:00+01:00;1;14.10144671
1900-09-15 04:00:00+01:00;0.7;14.5701234
1900-09-15 05:00:00+01:00;0.1;15.60652052
1900-09-15 06:00:00+01:00;2.4;15.60238122
1900-09-15 07:00:00+01:00;6;13.51392893
1900-09-15 08:00:00+01:00;7.4;12.85005462
1900-09-15 09:00:00+01:00;9.6;11.91114465
1900-09-15 10:00:00+01:00;11.2;11.22952045
1900-09-15 11:00:00+01:00;12.3;10.56107421
1900-09-15 12:00:00+01:00;13.4;10.00852288
1900-09-15 13:00:00+01:00;14.1;9.465853341
1900-09-15 14:00:00+01:00;13.8;9.460685166
1900-09-15 15:00:00+01:00;14;9.340823077
1900-09-15 16:00:00+01:00;14;9.196615441
1900-09-15 17:00:00+01:00;13.8;9.312052083
1900-09-15 18:00:00+01:00;10.4;10.68803601
1900-09-15 19:00:00+01:00;7.6;11.89412826
1900-09-15 20:00:00+01:00;5.3;12.60954448
1900-09-15 21:00:00+01:00;4.5;12.72817817
1900-09-15 22:00:00+01:00;4.2;12.29344837
1900-09-15 23:00:00+01:00;3.4;12.68365808
1900-09-16 00:00:00+01:00;3;13.14908052
1900-09-16 01:00:00+01:00;2.5;13.31388198
1900-09-16 02:00:00+01:00;2.2;13.53522665
1900-09-16 03:00:00+01:00;-0.5;14.61482015
1900-09-16 04:00:00+01:00;-1.2;15.2694489
1900-09-16 05:00:00+01:00;2.3;14.61611931
1900-09-16 06:00:00+01:00;2.7;15.31801872
1900-09-16 07:00:00+01:00;4.4;14.15180908
1900-09-16 08:00:00+01:00;5.6;13.58050336
1900-09-16 09:00:00+01:00;6.7;13.06666046
1900-09-16 10:00:00+01:00;8.9;12.18832587
1900-09-16 11:00:00+01:00;10.9;11.13051616
1900-09-16 12:00:00+01:00;12.4;10.47962811
1900-09-16 13:00:00+01:00;14.3;9.35705466
1900-09-16 14:00:00+01:00;15.2;8.793632936
1900-09-16 15:00:00+01:00;14.6;9.06460697
1900-09-16 16:00:00+01:00;14.6;8.962107118
1900-09-16 17:00:00+01:00;13.7;9.474844076
1900-09-16 18:00:00+01:00;12.8;9.721078305
1900-09-16 19:00:00+01:00;11.8;10.10939696
1900-09-16 20:00:00+01:00;12;10.0039719
1900-09-16 21:00:00+01:00;10.6;10.33298959
1900-09-16 22:00:00+01:00;10.5;9.867397523
1900-09-16 23:00:00+01:00;9.9;10.11430455
1900-09-17 00:00:00+01:00;8.6;11.15418857
1900-09-17 01:00:00+01:00;8.9;10.77091274
1900-09-17 02:00:00+01:00;8.5;11.05676355
1900-09-17 03:00:00+01:00;7.6;11.51572572
1900-09-17 04:00:00+01:00;7.9;11.88698647
1900-09-17 05:00:00+01:00;7.6;13.96530518
1900-09-17 06:00:00+01:00;8.1;18.09577578
1900-09-17 07:00:00+01:00;9.4;21.27123877
1900-09-17 08:00:00+01:00;11;23.83065894
1900-09-17 09:00:00+01:00;11.3;25.26895315
1900-09-17 10:00:00+01:00;12.6;24.10882489
1900-09-17 11:00:00+01:00;12.3;23.724981
1900-09-17 12:00:00+01:00;12;24.01235421
1900-09-17 13:00:00+01:00;12.1;22.99068366
1900-09-17 14:00:00+01:00;11.6;21.6245872
1900-09-17 15:00:00+01:00;12.1;18.57687
1900-09-17 16:00:00+01:00;12.3;14.74957149
1900-09-17 17:00:00+01:00;12;12.34220466
1900-09-17 18:00:00+01:00;12.3;10.97519563
1900-09-17 19:00:00+01:00;12.5;9.975802413
1900-09-17 20:00:00+01:00;12.5;9.459349006
1900-09-17 21:00:00+01:00;12.2;7.700385358
1900-09-17 22:00:00+01:00;12.4;7.227276305
1900-09-17 23:00:00+01:00;12.1;6.979424111
1900-09-18 00:00:00+01:00;11.6;8.931161673
1900-09-18 01:00:00+01:00;11.5;8.71790061
1900-09-18 02:00:00+01:00;11.5;8.852429607
1900-09-18 03:00:00+01:00;11.2;9.092336722
1900-09-18 04:00:00+01:00;11.1;9.632915025
1900-09-18 05:00:00+01:00;10.3;11.80875389
1900-09-18 06:00:00+01:00;10.5;15.52341783
1900-09-18 07:00:00+01:00;11.4;18.53566109
1900-09-18 08:00:00+01:00;13;20.969295
1900-09-18 09:00:00+01:00;13.6;22.31003768
1900-09-18 10:00:00+01:00;14.4;21.67501885
1900-09-18 11:00:00+01:00;14.7;20.83707177
1900-09-18 12:00:00+01:00;15.3;19.86350752
1900-09-18 13:00:00+01:00;14.4;19.79335848
1900-09-18 14:00:00+01:00;14.2;18.15908032
1900-09-18 15:00:00+01:00;15;15.45064772
1900-09-18 16:00:00+01:00;14.4;12.35975133
1900-09-18 17:00:00+01:00;14.8;10.54926624
1900-09-18 18:00:00+01:00;14;9.343875546
1900-09-18 19:00:00+01:00;12.1;8.93531106
1900-09-18 20:00:00+01:00;10.2;9.21491719
1900-09-18 21:00:00+01:00;9.5;8.788174526
1900-09-18 22:00:00+01:00;8.1;8.751118642
1900-09-18 23:00:00+01:00;8;8.748047456
1900-09-19 00:00:00+01:00;8.2;9.310113624
1900-09-19 01:00:00+01:00;9.8;8.797292354
1900-09-19 02:00:00+01:00;9.8;9.072447199
1900-09-19 03:00:00+01:00;10;9.271969773
1900-09-19 04:00:00+01:00;10;9.863401266
1900-09-19 05:00:00+01:00;10;11.76706565
1900-09-19 06:00:00+01:00;10.2;15.61449136
1900-09-19 07:00:00+01:00;11;18.78505571
1900-09-19 08:00:00+01:00;11.3;22.64235428
1900-09-19 09:00:00+01:00;13.3;22.71796617
1900-09-19 10:00:00+01:00;14.1;22.14906121
1900-09-19 11:00:00+01:00;15.2;19.81442604
1900-09-19 12:00:00+01:00;15.9;19.75889536
1900-09-19 13:00:00+01:00;16.7;18.74666277
1900-09-19 14:00:00+01:00;17.3;17.31142289
1900-09-19 15:00:00+01:00;16.9;15.23441917
1900-09-19 16:00:00+01:00;16;12.64357355
1900-09-19 17:00:00+01:00;15.8;10.47140014
1900-09-19 18:00:00+01:00;14.4;9.303106506
1900-09-19 19:00:00+01:00;15.9;8.372655776
1900-09-19 20:00:00+01:00;14.3;8.003434429
1900-09-19 21:00:00+01:00;13.5;7.589379528
1900-09-19 22:00:00+01:00;15;6.841189885
1900-09-19 23:00:00+01:00;12.1;6.979424111
1900-09-20 00:00:00+01:00;12.7;6.692247666
1900-09-20 01:00:00+01:00;12.5;6.955691676
1900-09-20 02:00:00+01:00;11.7;7.665912378
1900-09-20 03:00:00+01:00;11.5;7.900296139
1900-09-20 04:00:00+01:00;9.3;9.21272837
1900-09-20 05:00:00+01:00;8.7;11.39554069
1900-09-20 06:00:00+01:00;10.4;14.49663181
1900-09-20 07:00:00+01:00;11.5;17.00405975
1900-09-20 08:00:00+01:00;13.5;18.23501216
1900-09-20 09:00:00+01:00;14.8;19.80077003
1900-09-20 10:00:00+01:00;16;19.835673
1900-09-20 11:00:00+01:00;16.9;19.53111339
1900-09-20 12:00:00+01:00;17.5;19.4799296
1900-09-20 13:00:00+01:00;17.7;18.56915187
1900-09-20 14:00:00+01:00;18;17.21447268
1900-09-20 15:00:00+01:00;18.3;15.07509287
1900-09-20 16:00:00+01:00;17.6;12.51465579
1900-09-20 17:00:00+01:00;16.4;10.42468048
1900-09-20 18:00:00+01:00;14.8;9.262337466
1900-09-20 19:00:00+01:00;15.1;8.456498816
1900-09-20 20:00:00+01:00;13.7;8.058603229
1900-09-20 21:00:00+01:00;12.9;7.640612988
1900-09-20 22:00:00+01:00;11.4;7.128977995
1900-09-20 23:00:00+01:00;10.3;7.242886962
1900-09-21 00:00:00+01:00;10.4;7.805227364
1900-09-21 01:00:00+01:00;10.9;7.589428073
1900-09-21 02:00:00+01:00;9.4;8.369122675
1900-09-21 03:00:00+01:00;8.4;9.084216392
1900-09-21 04:00:00+01:00;8.7;9.536470052
1900-09-21 05:00:00+01:00;9.4;11.10375131
1900-09-21 06:00:00+01:00;8.2;15.93769282
1900-09-21 07:00:00+01:00;9.8;18.38579925
1900-09-21 08:00:00+01:00;11.2;21.55415979
1900-09-21 09:00:00+01:00;13.2;21.69525519
1900-09-21 10:00:00+01:00;14.7;20.55507751
1900-09-21 11:00:00+01:00;14.8;20.05541415
1900-09-21 12:00:00+01:00;15;19.9158136
1900-09-21 13:00:00+01:00;15.1;18.78899966
1900-09-21 14:00:00+01:00;15.5;17.56072343
1900-09-21 15:00:00+01:00;15.8;15.35960412
1900-09-21 16:00:00+01:00;15.9;12.65163091
1900-09-21 17:00:00+01:00;15.9;10.46361353
1900-09-21 18:00:00+01:00;15.7;9.170607126
1900-09-21 19:00:00+01:00;15.5;8.414577296
1900-09-21 20:00:00+01:00;15.4;7.902291629
1900-09-21 21:00:00+01:00;15;7.461295878
1900-09-21 22:00:00+01:00;14;7.110271185
1900-09-21 23:00:00+01:00;12.2;6.971567411
1900-09-22 00:00:00+01:00;11;7.784707323
1900-09-22 01:00:00+01:00;12;7.432317427
1900-09-22 02:00:00+01:00;13.6;5.990187075
1900-09-22 03:00:00+01:00;13.5;5.920185834
1900-09-22 04:00:00+01:00;13;5.902141054
1900-09-22 05:00:00+01:00;13.4;7.133093118
1900-09-22 06:00:00+01:00;13.2;7.374384142
1900-09-22 07:00:00+01:00;12.5;7.325457237
1900-09-22 08:00:00+01:00;12.6;7.311830085
1900-09-22 09:00:00+01:00;14.2;6.746702224
1900-09-22 10:00:00+01:00;15.7;6.172704791
1900-09-22 11:00:00+01:00;16;6.283325429
1900-09-22 12:00:00+01:00;16.5;6.490496904
1900-09-22 13:00:00+01:00;16.6;6.466376266
1900-09-22 14:00:00+01:00;17.2;6.460325869
1900-09-22 15:00:00+01:00;16.7;6.348737877
1900-09-22 16:00:00+01:00;16.4;6.242632618
1900-09-22 17:00:00+01:00;15.6;5.661934446
1900-09-22 18:00:00+01:00;13.9;6.190244268
1900-09-22 19:00:00+01:00;14.1;6.052813067
1900-09-22 20:00:00+01:00;14;6.030105508
1900-09-22 21:00:00+01:00;13.6;6.092899214
1900-09-22 22:00:00+01:00;12.4;6.35743182
1900-09-22 23:00:00+01:00;12.7;6.303058003
1900-09-23 00:00:00+01:00;11.8;6.879786983
1900-09-23 01:00:00+01:00;10.9;7.191608917
1900-09-23 02:00:00+01:00;9.8;7.680314137
1900-09-23 03:00:00+01:00;9.8;7.746094172
1900-09-23 04:00:00+01:00;8.5;8.480262061
1900-09-23 05:00:00+01:00;8.9;9.032745135
1900-09-23 06:00:00+01:00;8.2;10.04404626
1900-09-23 07:00:00+01:00;9.7;9.052447028
1900-09-23 08:00:00+01:00;11.6;8.154726982
1900-09-23 09:00:00+01:00;12.4;7.86877487
1900-09-23 10:00:00+01:00;14.2;7.334227893
1900-09-23 11:00:00+01:00;13.8;7.419861963
1900-09-23 12:00:00+01:00;14.4;7.34451962
1900-09-23 13:00:00+01:00;14.2;7.398367279
1900-09-23 14:00:00+01:00;14;7.539568999
1900-09-23 15:00:00+01:00;13.9;7.546555714
1900-09-23 16:00:00+01:00;13.6;7.466291924
1900-09-23 17:00:00+01:00;12.9;7.662430753
1900-09-23 18:00:00+01:00;12.8;7.512894335
1900-09-23 19:00:00+01:00;12.8;7.501501237
1900-09-23 20:00:00+01:00;12.6;7.526022935
1900-09-23 21:00:00+01:00;12.6;7.466724485
1900-09-23 22:00:00+01:00;12.3;7.342754657
1900-09-23 23:00:00+01:00;12.6;7.342849563
1900-09-24 00:00:00+01:00;12.8;6.692247666
1900-09-24 01:00:00+01:00;12.7;6.939676396
1900-09-24 02:00:00+01:00;13.4;6.932159198
1900-09-24 03:00:00+01:00;13.1;7.256077244
1900-09-24 04:00:00+01:00;12.7;7.615813947
1900-09-24 05:00:00+01:00;12.6;10.22946645
1900-09-24 06:00:00+01:00;13;12.94261671
1900-09-24 07:00:00+01:00;13.1;15.02901621
1900-09-24 08:00:00+01:00;13.3;19.61430469
1900-09-24 09:00:00+01:00;13.4;21.49204794
1900-09-24 10:00:00+01:00;13.2;21.92621404
1900-09-24 11:00:00+01:00;13.3;21.29197704
1900-09-24 12:00:00+01:00;13.5;21.15041937
1900-09-24 13:00:00+01:00;14;19.73257674
1900-09-24 14:00:00+01:00;14;17.98462132
1900-09-24 15:00:00+01:00;13.7;15.92445707
1900-09-24 16:00:00+01:00;13.7;12.48265453
1900-09-24 17:00:00+01:00;13.3;10.28561876
1900-09-24 18:00:00+01:00;12;9.626322409
1900-09-24 19:00:00+01:00;10.4;9.655170134
1900-09-24 20:00:00+01:00;8.6;9.780520334
1900-09-24 21:00:00+01:00;8.4;9.156208146
1900-09-24 22:00:00+01:00;8;8.782275877
1900-09-24 23:00:00+01:00;8.5;8.60138329
1900-09-25 00:00:00+01:00;8.7;9.1905353
1900-09-25 01:00:00+01:00;9.6;8.908383359
1900-09-25 02:00:00+01:00;10;9.085193722
1900-09-25 03:00:00+01:00;10;9.398076006
1900-09-25 04:00:00+01:00;10.1;9.989840218
1900-09-25 05:00:00+01:00;10;12.00099016
1900-09-25 06:00:00+01:00;10.4;15.76666145
1900-09-25 07:00:00+01:00;11.4;18.89819316
1900-09-25 08:00:00+01:00;12.4;22.0124191
1900-09-25 09:00:00+01:00;13;23.40863651
1900-09-25 10:00:00+01:00;13.7;22.89460076
1900-09-25 11:00:00+01:00;15.6;19.74776424
1900-09-25 12:00:00+01:00;15;19.9158136
1900-09-25 13:00:00+01:00;14.7;20.05029234
1900-09-25 14:00:00+01:00;14.2;18.73632471
1900-09-25 15:00:00+01:00;14.2;16.36392255
1900-09-25 16:00:00+01:00;13;13.79744682
1900-09-25 17:00:00+01:00;12;11.8073009
1900-09-25 18:00:00+01:00;11.3;10.93147141
1900-09-25 19:00:00+01:00;12;9.733278465
1900-09-25 20:00:00+01:00;11.4;9.399623646
1900-09-25 21:00:00+01:00;11.6;8.568601427
1900-09-25 22:00:00+01:00;11.3;8.087364235
1900-09-25 23:00:00+01:00;10.7;8.126179909
1900-09-26 00:00:00+01:00;10;8.90056244
1900-09-26 01:00:00+01:00;9.8;8.838530213
1900-09-26 02:00:00+01:00;9.3;9.271956058
1900-09-26 03:00:00+01:00;9.2;9.59228683
1900-09-26 04:00:00+01:00;8.4;10.54976358
1900-09-26 05:00:00+01:00;7.6;12.95406901
1900-09-26 06:00:00+01:00;7.2;17.85129112
1900-09-26 07:00:00+01:00;8;21.61851123
1900-09-26 08:00:00+01:00;10;24.21870514
1900-09-26 09:00:00+01:00;11.2;25.01796108
1900-09-26 10:00:00+01:00;12.3;24.22332742
1900-09-26 11:00:00+01:00;13;23.07292643
1900-09-26 12:00:00+01:00;13.4;22.68390082
1900-09-26 13:00:00+01:00;13.3;21.75351072
1900-09-26 14:00:00+01:00;14.3;18.90514783
1900-09-26 15:00:00+01:00;14.3;16.53552837
1900-09-26 16:00:00+01:00;14.5;13.23358609
1900-09-26 17:00:00+01:00;12.7;11.68635528
1900-09-26 18:00:00+01:00;10;11.70483256
1900-09-26 19:00:00+01:00;6.8;12.47481743
1900-09-26 20:00:00+01:00;5.4;12.15859311
1900-09-26 21:00:00+01:00;6;11.15268684
1900-09-26 22:00:00+01:00;4.3;11.01533431
1900-09-26 23:00:00+01:00;4.4;11.08889771
1900-09-27 00:00:00+01:00;3.5;12.0271645
1900-09-27 01:00:00+01:00;3.3;12.31659264
1900-09-27 02:00:00+01:00;2.9;13.12006687
1900-09-27 03:00:00+01:00;3.7;13.36780492
1900-09-27 04:00:00+01:00;4.5;13.9536244
1900-09-27 05:00:00+01:00;5;16.06102666
1900-09-27 06:00:00+01:00;5.9;20.90789219
1900-09-27 07:00:00+01:00;6.1;26.0510062
1900-09-27 08:00:00+01:00;6.9;30.23115674
1900-09-27 09:00:00+01:00;7.8;31.12334627
1900-09-27 10:00:00+01:00;8.2;31.00946198
1900-09-27 11:00:00+01:00;8.9;29.57353385
1900-09-27 12:00:00+01:00;9.5;29.14416624
1900-09-27 13:00:00+01:00;10.2;27.41220243
1900-09-27 14:00:00+01:00;10.6;24.88319889
1900-09-27 15:00:00+01:00;10.5;22.17747378
1900-09-27 16:00:00+01:00;10.3;18.18634769
1900-09-27 17:00:00+01:00;9.2;15.92003832
1900-09-27 18:00:00+01:00;8.1;15.09022388
1900-09-27 19:00:00+01:00;6.2;14.97881198
1900-09-27 20:00:00+01:00;5.5;14.19492946
1900-09-27 21:00:00+01:00;5.4;13.28625558
1900-09-27 22:00:00+01:00;4.8;12.4940697
1900-09-27 23:00:00+01:00;5.2;12.41522602
1900-09-28 00:00:00+01:00;5.2;13.03752123
1900-09-28 01:00:00+01:00;5.1;12.97714004
1900-09-28 02:00:00+01:00;5.5;13.22059557
1900-09-28 03:00:00+01:00;6;13.34567207
1900-09-28 04:00:00+01:00;5.6;14.3011441
1900-09-28 05:00:00+01:00;6;16.36162282
1900-09-28 06:00:00+01:00;5;22.42029546
1900-09-28 07:00:00+01:00;5;28.13307233
1900-09-28 08:00:00+01:00;6.2;32.020279
1900-09-28 09:00:00+01:00;7.3;32.55522866
1900-09-28 10:00:00+01:00;9.7;30.1611906
1900-09-28 11:00:00+01:00;10.1;28.92519508
1900-09-28 12:00:00+01:00;10.1;28.8387011
1900-09-28 13:00:00+01:00;11.1;26.58320024
1900-09-28 14:00:00+01:00;11;24.49516181
1900-09-28 15:00:00+01:00;11.5;21.15711518
1900-09-28 16:00:00+01:00;11;17.56873842
1900-09-28 17:00:00+01:00;10;15.23604809
1900-09-28 18:00:00+01:00;9.6;14.02149329
1900-09-28 19:00:00+01:00;8.2;13.62909694
1900-09-28 20:00:00+01:00;7.5;12.98850858
1900-09-28 21:00:00+01:00;7.1;12.21644823
1900-09-28 22:00:00+01:00;7.4;11.2308469
1900-09-28 23:00:00+01:00;7.1;11.29197884
1900-09-29 00:00:00+01:00;6.5;11.80806987
1900-09-29 01:00:00+01:00;6.9;11.54623806
1900-09-29 02:00:00+01:00;6.7;11.61292554
1900-09-29 03:00:00+01:00;6.6;11.6304055
1900-09-29 04:00:00+01:00;6.4;11.9527289
1900-09-29 05:00:00+01:00;6.1;12.70762355
1900-09-29 06:00:00+01:00;6.2;13.28855107
1900-09-29 07:00:00+01:00;6.4;12.78993531
1900-09-29 08:00:00+01:00;6.5;12.71236854
1900-09-29 09:00:00+01:00;7;12.43140584
1900-09-29 10:00:00+01:00;7;12.60891509
1900-09-29 11:00:00+01:00;7;12.54457434
1900-09-29 12:00:00+01:00;7.4;12.44224151
1900-09-29 13:00:00+01:00;7.8;12.23245797
1900-09-29 14:00:00+01:00;7.9;12.27194847
1900-09-29 15:00:00+01:00;8;12.2736474
1900-09-29 16:00:00+01:00;7.2;12.61596037
1900-09-29 17:00:00+01:00;7;12.6484568
1900-09-29 18:00:00+01:00;7.4;12.21638631
1900-09-29 19:00:00+01:00;7.5;12.13888123
1900-09-29 20:00:00+01:00;7.4;12.03700033
1900-09-29 21:00:00+01:00;7.4;11.90501505
1900-09-29 22:00:00+01:00;7.7;11.32673632
1900-09-29 23:00:00+01:00;7.8;11.45795693
1900-09-30 00:00:00+01:00;7.8;11.77646563
1900-09-30 01:00:00+01:00;8.2;11.47978639
1900-09-30 02:00:00+01:00;8.5;11.32844339
1900-09-30 03:00:00+01:00;8.3;11.33257048
1900-09-30 04:00:00+01:00;9;11.26609752
1900-09-30 05:00:00+01:00;9;11.77439791
1900-09-30 06:00:00+01:00;9.3;12.00900171
1900-09-30 07:00:00+01:00;9.7;11.37029844
1900-09-30 08:00:00+01:00;10.4;10.91318643
1900-09-30 09:00:00+01:00;12.2;10.11575246
1900-09-30 10:00:00+01:00;14;9.174749489
1900-09-30 11:00:00+01:00;15;8.458259167
1900-09-30 12:00:00+01:00;15.8;8.075550262
1900-09-30 13:00:00+01:00;15.8;7.797362758
1900-09-30 14:00:00+01:00;16.1;6.538792389
1900-09-30 15:00:00+01:00;15.6;7.528871944
1900-09-30 16:00:00+01:00;14.6;7.690660718
1900-09-30 17:00:00+01:00;13.4;8.090701745
1900-09-30 18:00:00+01:00;13.2;7.835984625
1900-09-30 19:00:00+01:00;11.3;8.573878418
1900-09-30 20:00:00+01:00;11.1;8.475998419
1900-09-30 21:00:00+01:00;9.6;8.853475763
1900-09-30 22:00:00+01:00;9;8.754073645
1900-09-30 23:00:00+01:00;9;8.792490168
1900-10-01 00:00:00+01:00;9.5;9.265849961
1900-10-01 01:00:00+01:00;9.4;9.160551251
1900-10-01 02:00:00+01:00;9.4;9.396732574
1900-10-01 03:00:00+01:00;9.7;9.511943947
1900-10-01 04:00:00+01:00;9.6;10.12059372
1900-10-01 05:00:00+01:00;9.3;12.17338057
1900-10-01 06:00:00+01:00;9.5;16.16372814
1900-10-01 07:00:00+01:00;9.8;19.7715765
1900-10-01 08:00:00+01:00;9.9;23.88630754
1900-10-01 09:00:00+01:00;10.3;25.40576011
1900-10-01 10:00:00+01:00;11.1;25.12042159
1900-10-01 11:00:00+01:00;11.6;24.10452984
1900-10-01 12:00:00+01:00;11.8;24.08965077
1900-10-01 13:00:00+01:00;11.9;23.13806176
1900-10-01 14:00:00+01:00;12.3;20.90168608
1900-10-01 15:00:00+01:00;12.4;18.29323183
1900-10-01 16:00:00+01:00;12.9;14.36172444
1900-10-01 17:00:00+01:00;12.8;11.91517801
1900-10-01 18:00:00+01:00;10.5;11.7682537
1900-10-01 19:00:00+01:00;10;11.16624568
1900-10-01 20:00:00+01:00;9;10.90497952
1900-10-01 21:00:00+01:00;9;10.13293871
1900-10-01 22:00:00+01:00;8.5;9.639973992
1900-10-01 23:00:00+01:00;7.6;9.871559718
1900-10-02 00:00:00+01:00;6.5;10.83875192
1900-10-02 01:00:00+01:00;7.5;10.54147784
1900-10-02 02:00:00+01:00;6.4;11.34113838
1900-10-02 03:00:00+01:00;6.3;11.79680217
1900-10-02 04:00:00+01:00;6.7;12.42416406
1900-10-02 05:00:00+01:00;7;14.47161339
1900-10-02 06:00:00+01:00;8;18.6181355
1900-10-02 07:00:00+01:00;8.2;23.17830886
1900-10-02 08:00:00+01:00;9.4;26.47560486
1900-10-02 09:00:00+01:00;9.8;27.88521902
1900-10-02 10:00:00+01:00;10.5;27.28394183
1900-10-02 11:00:00+01:00;11;26.13912916
1900-10-02 12:00:00+01:00;11.4;25.77163778
1900-10-02 13:00:00+01:00;12;24.09016551
1900-10-02 14:00:00+01:00;12.5;21.58519182
1900-10-02 15:00:00+01:00;12.2;19.21481032
1900-10-02 16:00:00+01:00;11.8;15.83547936
1900-10-02 17:00:00+01:00;10.6;13.77189691
1900-10-02 18:00:00+01:00;9.3;13.10287821
1900-10-02 19:00:00+01:00;7.3;13.18310359
1900-10-02 20:00:00+01:00;7;12.40635807
1900-10-02 21:00:00+01:00;6.6;11.71529823
1900-10-02 22:00:00+01:00;6.6;10.94200734
1900-10-02 23:00:00+01:00;7;10.82377786
1900-10-03 00:00:00+01:00;6.5;11.5940802
1900-10-03 01:00:00+01:00;7;11.39002415
1900-10-03 02:00:00+01:00;7.1;11.69968278
1900-10-03 03:00:00+01:00;7.2;11.96614601
1900-10-03 04:00:00+01:00;8.1;12.29383284
1900-10-03 05:00:00+01:00;8.7;14.06374214
1900-10-03 06:00:00+01:00;8.9;18.31737907
1900-10-03 07:00:00+01:00;9.4;22.48837646
1900-10-03 08:00:00+01:00;9.6;26.63375205
1900-10-03 09:00:00+01:00;9.8;28.22690169
1900-10-03 10:00:00+01:00;9.8;28.40608959
1900-10-03 11:00:00+01:00;9.9;27.53409988
1900-10-03 12:00:00+01:00;10.2;27.32103894
1900-10-03 13:00:00+01:00;10.7;25.84377887
1900-10-03 14:00:00+01:00;11.4;23.02485809
1900-10-03 15:00:00+01:00;12.5;19.24736968
1900-10-03 16:00:00+01:00;12.2;15.90191483
1900-10-03 17:00:00+01:00;10.9;13.86839772
1900-10-03 18:00:00+01:00;10;12.95404796
1900-10-03 19:00:00+01:00;9.2;12.35009858
1900-10-03 20:00:00+01:00;8.7;11.73864821
1900-10-03 21:00:00+01:00;7.1;11.45208997
1900-10-03 22:00:00+01:00;6.4;10.87687767
1900-10-03 23:00:00+01:00;5.6;11.12715145
1900-10-04 00:00:00+01:00;4.8;11.98062575
1900-10-04 01:00:00+01:00;4.4;12.1809127
1900-10-04 02:00:00+01:00;4.5;12.67455979
1900-10-04 03:00:00+01:00;4.2;13.25049986
1900-10-04 04:00:00+01:00;4.3;14.11439314
1900-10-04 05:00:00+01:00;4.8;16.26797125
1900-10-04 06:00:00+01:00;4.3;22.30418581
1900-10-04 07:00:00+01:00;4.9;27.50714877
1900-10-04 08:00:00+01:00;7.5;29.97185216
1900-10-04 09:00:00+01:00;10.6;28.31196713
1900-10-04 10:00:00+01:00;12.1;26.91719722
1900-10-04 11:00:00+01:00;13.5;24.93478844
1900-10-04 12:00:00+01:00;15.4;19.84607216
1900-10-04 13:00:00+01:00;16.2;18.83541822
1900-10-04 14:00:00+01:00;13;21.55978736
1900-10-04 15:00:00+01:00;12.2;19.64474797
1900-10-04 16:00:00+01:00;11;16.78768963
1900-10-04 17:00:00+01:00;10;14.49924439
1900-10-04 18:00:00+01:00;9.7;13.33354125
1900-10-04 19:00:00+01:00;8.6;12.91004216
1900-10-04 20:00:00+01:00;7.4;12.56997032
1900-10-04 21:00:00+01:00;7.2;11.76907171
1900-10-04 22:00:00+01:00;6.7;11.10100484
1900-10-04 23:00:00+01:00;6.2;11.23497099
1900-10-05 00:00:00+01:00;5.8;11.94850185
1900-10-05 01:00:00+01:00;4.8;12.22135074
1900-10-05 02:00:00+01:00;3.4;13.20516033
1900-10-05 03:00:00+01:00;2.4;14.05546525
1900-10-05 04:00:00+01:00;2.4;14.97066942
1900-10-05 05:00:00+01:00;1.9;17.65921838
1900-10-05 06:00:00+01:00;3.6;22.7691159
1900-10-05 07:00:00+01:00;4.8;27.36881351
1900-10-05 08:00:00+01:00;5.5;31.81835054
1900-10-05 09:00:00+01:00;7;32.05588788
1900-10-05 10:00:00+01:00;7.7;31.65558332
1900-10-05 11:00:00+01:00;8.5;30.1245191
1900-10-05 12:00:00+01:00;9.2;29.68810679
1900-10-05 13:00:00+01:00;9.6;28.37921862
1900-10-05 14:00:00+01:00;8.8;27.08641319
1900-10-05 15:00:00+01:00;8.9;23.93219606
1900-10-05 16:00:00+01:00;8.9;19.20140483
1900-10-05 17:00:00+01:00;6.1;17.51085346
1900-10-05 18:00:00+01:00;5;16.76909693
1900-10-05 19:00:00+01:00;3.4;16.64385714
1900-10-05 20:00:00+01:00;2.6;15.74827166
1900-10-05 21:00:00+01:00;2.5;14.80581466
1900-10-05 22:00:00+01:00;1.4;14.11174237
1900-10-05 23:00:00+01:00;1;14.45591118
1900-10-06 00:00:00+01:00;0.5;15.23253844
1900-10-06 01:00:00+01:00;0.5;15.26582013
1900-10-06 02:00:00+01:00;0.1;15.55650616
1900-10-06 03:00:00+01:00;-1;16.08605397
1900-10-06 04:00:00+01:00;-0.3;16.26433409
1900-10-06 05:00:00+01:00;0.1;16.90771409
1900-10-06 06:00:00+01:00;0.2;17.90434882
1900-10-06 07:00:00+01:00;0.4;17.47674933
1900-10-06 08:00:00+01:00;1.6;16.93430042
1900-10-06 09:00:00+01:00;3.8;15.84676009
1900-10-06 10:00:00+01:00;5;15.38993036
1900-10-06 11:00:00+01:00;6.4;14.63196393
1900-10-06 12:00:00+01:00;7.3;14.25461466
1900-10-06 13:00:00+01:00;8.5;13.53234263
1900-10-06 14:00:00+01:00;8.5;13.43605198
1900-10-06 15:00:00+01:00;8;13.79859115
1900-10-06 16:00:00+01:00;8.1;13.70705192
1900-10-06 17:00:00+01:00;6.3;14.64140096
1900-10-06 18:00:00+01:00;3.5;15.65203463
1900-10-06 19:00:00+01:00;2.2;16.23276633
1900-10-06 20:00:00+01:00;0.9;16.47571788
1900-10-06 21:00:00+01:00;1.2;16.21750006
1900-10-06 22:00:00+01:00;-1;16.29906235
1900-10-06 23:00:00+01:00;-1.2;16.60170037
1900-10-07 00:00:00+01:00;-2.5;17.33481929
1900-10-07 01:00:00+01:00;-2.1;17.19372152
1900-10-07 02:00:00+01:00;-4.3;18.16920259
1900-10-07 03:00:00+01:00;-4.6;18.44727394
1900-10-07 04:00:00+01:00;-5.3;19.2765233
1900-10-07 05:00:00+01:00;-6.3;20.68575315
1900-10-07 06:00:00+01:00;-6.8;22.42380435
1900-10-07 07:00:00+01:00;-3;20.2354049
1900-10-07 08:00:00+01:00;2;17.76719319
1900-10-07 09:00:00+01:00;4;16.77459846
1900-10-07 10:00:00+01:00;5.9;15.85656303
1900-10-07 11:00:00+01:00;7.6;14.87897457
1900-10-07 12:00:00+01:00;8.7;14.34161361
1900-10-07 13:00:00+01:00;9;13.97294491
1900-10-07 14:00:00+01:00;9.4;13.58984159
1900-10-07 15:00:00+01:00;9.3;13.7617489
1900-10-07 16:00:00+01:00;8.8;13.97337232
1900-10-07 17:00:00+01:00;7.6;14.70054595
1900-10-07 18:00:00+01:00;7.1;14.57324574
1900-10-07 19:00:00+01:00;7.2;14.4811494
1900-10-07 20:00:00+01:00;5.7;15.02243382
1900-10-07 21:00:00+01:00;6;14.72578225
1900-10-07 22:00:00+01:00;5.1;14.27390625
1900-10-07 23:00:00+01:00;4.1;14.7681291
1900-10-08 00:00:00+01:00;4.1;15.26763217
1900-10-08 01:00:00+01:00;3.3;15.30742265
1900-10-08 02:00:00+01:00;0.6;16.69612363
1900-10-08 03:00:00+01:00;-1.2;17.8200732
1900-10-08 04:00:00+01:00;-1.5;18.95823163
1900-10-08 05:00:00+01:00;-3.1;22.34061686
1900-10-08 06:00:00+01:00;-3.9;30.86184573
1900-10-08 07:00:00+01:00;-2;36.81298525
1900-10-08 08:00:00+01:00;3.2;37.63520366
1900-10-08 09:00:00+01:00;5.3;36.93104654
1900-10-08 10:00:00+01:00;6.5;35.71348762
1900-10-08 11:00:00+01:00;8.4;32.86440282
1900-10-08 12:00:00+01:00;9.3;31.82171914
1900-10-08 13:00:00+01:00;10;29.68285862
1900-10-08 14:00:00+01:00;10.4;26.8606518
1900-10-08 15:00:00+01:00;10;24.15468188
1900-10-08 16:00:00+01:00;10;19.80345743
1900-10-08 17:00:00+01:00;8.6;17.51267129
1900-10-08 18:00:00+01:00;4.6;17.91966031
1900-10-08 19:00:00+01:00;3;17.70042078
1900-10-08 20:00:00+01:00;1.8;16.89136642
1900-10-08 21:00:00+01:00;1;16.14392707
1900-10-08 22:00:00+01:00;0;15.28631045
1900-10-08 23:00:00+01:00;-0.3;15.63568575
1900-10-09 00:00:00+01:00;-0.6;16.46720124
1900-10-09 01:00:00+01:00;-0.7;16.68712225
1900-10-09 02:00:00+01:00;-1.7;17.79331592
1900-10-09 03:00:00+01:00;-2.3;18.61300869
1900-10-09 04:00:00+01:00;-3.5;20.30624089
1900-10-09 05:00:00+01:00;-2.5;22.67984829
1900-10-09 06:00:00+01:00;-3.4;31.25713431
1900-10-09 07:00:00+01:00;-2.8;38.60617032
1900-10-09 08:00:00+01:00;2.1;39.99846306
1900-10-09 09:00:00+01:00;5.4;38.0699749
1900-10-09 10:00:00+01:00;6.6;36.80473963
1900-10-09 11:00:00+01:00;8.4;34.09505863
1900-10-09 12:00:00+01:00;9.1;33.20193276
1900-10-09 13:00:00+01:00;10.2;30.51834354
1900-10-09 14:00:00+01:00;10.8;27.42739632
1900-10-09 15:00:00+01:00;10.4;24.69879843
1900-10-09 16:00:00+01:00;9.9;20.85882493
1900-10-09 17:00:00+01:00;8.4;18.63089425
1900-10-09 18:00:00+01:00;4.9;18.67692859
1900-10-09 19:00:00+01:00;3.9;17.98891
1900-10-09 20:00:00+01:00;2.8;17.11046219
1900-10-09 21:00:00+01:00;1.4;16.47568036
1900-10-09 22:00:00+01:00;0.6;15.42303468
1900-10-09 23:00:00+01:00;-0.1;15.80697987
1900-10-10 00:00:00+01:00;0.1;16.39716523
1900-10-10 01:00:00+01:00;1.2;16.07452209
1900-10-10 02:00:00+01:00;0.4;16.9310463
1900-10-10 03:00:00+01:00;1.7;16.848355
1900-10-10 04:00:00+01:00;-0.5;18.72200303
1900-10-10 05:00:00+01:00;0.2;21.01551315
1900-10-10 06:00:00+01:00;0.7;27.67362441
1900-10-10 07:00:00+01:00;1.2;34.11285937
1900-10-10 08:00:00+01:00;3.3;37.68370449
1900-10-10 09:00:00+01:00;5.8;36.61432627
1900-10-10 10:00:00+01:00;6.7;35.70155677
1900-10-10 11:00:00+01:00;7;34.47532047
1900-10-10 12:00:00+01:00;7.7;33.79542761
1900-10-10 13:00:00+01:00;8.4;31.80314081
1900-10-10 14:00:00+01:00;8.2;29.62278739
1900-10-10 15:00:00+01:00;8.2;26.30542358
1900-10-10 16:00:00+01:00;7.6;21.75323292
1900-10-10 17:00:00+01:00;6.8;18.95791003
1900-10-10 18:00:00+01:00;6;17.8126824
1900-10-10 19:00:00+01:00;5.7;16.79284196
1900-10-10 20:00:00+01:00;5.6;15.66816482
1900-10-10 21:00:00+01:00;5.6;14.60307513
1900-10-10 22:00:00+01:00;5.3;13.53383086
1900-10-10 23:00:00+01:00;5.2;13.57143647
1900-10-11 00:00:00+01:00;5;14.25065117
1900-10-11 01:00:00+01:00;4.2;14.34087419
1900-10-11 02:00:00+01:00;3.6;14.97114404
1900-10-11 03:00:00+01:00;3.4;15.43197097
1900-10-11 04:00:00+01:00;3.6;16.20068223
1900-10-11 05:00:00+01:00;3.7;18.50146926
1900-10-11 06:00:00+01:00;4;24.25678896
1900-10-11 07:00:00+01:00;3.9;30.43876919
1900-10-11 08:00:00+01:00;4.2;35.42980952
1900-10-11 09:00:00+01:00;4.6;36.58445457
1900-10-11 10:00:00+01:00;5;36.33376576
1900-10-11 11:00:00+01:00;5.1;35.19718283
1900-10-11 12:00:00+01:00;5.2;35.39476295
1900-10-11 13:00:00+01:00;5.4;34.26674032
1900-10-11 14:00:00+01:00;5.6;31.60931998
1900-10-11 15:00:00+01:00;5.4;28.23011027
1900-10-11 16:00:00+01:00;5.8;22.03874941
1900-10-11 17:00:00+01:00;5.9;18.59761149
1900-10-11 18:00:00+01:00;5.8;17.23042301
1900-10-11 19:00:00+01:00;5.8;16.16587904
1900-10-11 20:00:00+01:00;6;14.99606369
1900-10-11 21:00:00+01:00;6.7;13.79008368
1900-10-11 22:00:00+01:00;7.5;12.53279575
1900-10-11 23:00:00+01:00;7.5;12.57064875
1900-10-12 00:00:00+01:00;7.8;13.19015293
1900-10-12 01:00:00+01:00;7.7;12.94589626
1900-10-12 02:00:00+01:00;7.9;13.11284944
1900-10-12 03:00:00+01:00;7.4;13.52381709
1900-10-12 04:00:00+01:00;7.7;14.1251806
1900-10-12 05:00:00+01:00;7.7;16.23641034
1900-10-12 06:00:00+01:00;8;20.82663725
1900-10-12 07:00:00+01:00;7.8;26.27271479
1900-10-12 08:00:00+01:00;8;30.62708856
1900-10-12 09:00:00+01:00;8.1;32.0807671
1900-10-12 10:00:00+01:00;8;32.15423421
1900-10-12 11:00:00+01:00;8.4;30.73317963
1900-10-12 12:00:00+01:00;9;30.03847374
1900-10-12 13:00:00+01:00;9.2;28.63893441
1900-10-12 14:00:00+01:00;9.1;26.39462123
1900-10-12 15:00:00+01:00;9.5;22.84385091
1900-10-12 16:00:00+01:00;9.4;18.21247281
1900-10-12 17:00:00+01:00;9.3;15.21015739
1900-10-12 18:00:00+01:00;9.1;13.89206665
1900-10-12 19:00:00+01:00;9.1;12.85555832
1900-10-12 20:00:00+01:00;8.9;12.09306673
1900-10-12 21:00:00+01:00;9;11.20348082
1900-10-12 22:00:00+01:00;8.2;10.6862423
1900-10-12 23:00:00+01:00;5.9;11.3947785
1900-10-13 00:00:00+01:00;5;12.13091196
1900-10-13 01:00:00+01:00;4.7;12.24274717
1900-10-13 02:00:00+01:00;4.8;12.3199642
1900-10-13 03:00:00+01:00;7;11.52610529
1900-10-13 04:00:00+01:00;6.8;11.87924119
1900-10-13 05:00:00+01:00;7.4;12.2639791
1900-10-13 06:00:00+01:00;7.6;12.73153568
1900-10-13 07:00:00+01:00;8;12.15386598
1900-10-13 08:00:00+01:00;9;11.61389067
1900-10-13 09:00:00+01:00;11.6;10.43641924
1900-10-13 10:00:00+01:00;12.7;9.88571633
1900-10-13 11:00:00+01:00;13.4;9.259478746
1900-10-13 12:00:00+01:00;14.3;8.883427769
1900-10-13 13:00:00+01:00;14;8.790894222
1900-10-13 14:00:00+01:00;15.9;7.752290386
1900-10-13 15:00:00+01:00;13.9;8.578579951
1900-10-13 16:00:00+01:00;13.4;8.601942595
1900-10-13 17:00:00+01:00;12.6;8.911499489
1900-10-13 18:00:00+01:00;12.8;8.529273853
1900-10-13 19:00:00+01:00;12;8.800787714
1900-10-13 20:00:00+01:00;11.7;8.857900499
1900-10-13 21:00:00+01:00;11.4;8.817193458
1900-10-13 22:00:00+01:00;11.2;8.54564187
1900-10-13 23:00:00+01:00;11.3;8.434222904
1900-10-14 00:00:00+01:00;11;8.888253716
1900-10-14 01:00:00+01:00;10.8;8.738526505
1900-10-14 02:00:00+01:00;10.5;8.724726844
1900-10-14 03:00:00+01:00;9.4;9.052576762
1900-10-14 04:00:00+01:00;8;9.750265198
1900-10-14 05:00:00+01:00;8.3;10.23210065
1900-10-14 06:00:00+01:00;10.2;9.854201801
1900-10-14 07:00:00+01:00;9.7;9.717018488
1900-10-14 08:00:00+01:00;10;9.544680766
1900-10-14 09:00:00+01:00;11.2;9.021276099
1900-10-14 10:00:00+01:00;11.4;9.109842769
1900-10-14 11:00:00+01:00;13.9;7.859165061
1900-10-14 12:00:00+01:00;15.6;7.247453326
1900-10-14 13:00:00+01:00;16.8;6.451985626
1900-10-14 14:00:00+01:00;17.2;6.460325869
1900-10-14 15:00:00+01:00;15.1;7.180111608
1900-10-14 16:00:00+01:00;11.7;8.566027411
1900-10-14 17:00:00+01:00;11.9;8.317807836
1900-10-14 18:00:00+01:00;11.8;8.154968096
1900-10-14 19:00:00+01:00;10.6;8.637618676
1900-10-14 20:00:00+01:00;10;8.737893666
1900-10-14 21:00:00+01:00;10;8.616012439
1900-10-14 22:00:00+01:00;9.6;8.51986374
1900-10-14 23:00:00+01:00;8.6;8.98153961
1900-10-15 00:00:00+01:00;7.3;10.0540844
1900-10-15 01:00:00+01:00;8.4;9.729028757
1900-10-15 02:00:00+01:00;8;10.22648997
1900-10-15 03:00:00+01:00;7.3;10.84251683
1900-10-15 04:00:00+01:00;6.8;11.74399205
1900-10-15 05:00:00+01:00;6.4;14.06171728
1900-10-15 06:00:00+01:00;6;19.38592382
1900-10-15 07:00:00+01:00;6;24.27760042
1900-10-15 08:00:00+01:00;6.2;29.04707849
1900-10-15 09:00:00+01:00;6.3;30.8006453
1900-10-15 10:00:00+01:00;6.7;30.83176381
1900-10-15 11:00:00+01:00;7;29.76797229
1900-10-15 12:00:00+01:00;7;30.37235554
1900-10-15 13:00:00+01:00;7.4;29.47999724
1900-10-15 14:00:00+01:00;7.6;27.29031793
1900-10-15 15:00:00+01:00;7.4;24.46186384
1900-10-15 16:00:00+01:00;7.4;19.19602195
1900-10-15 17:00:00+01:00;7.2;16.1918045
1900-10-15 18:00:00+01:00;7;15.09150913
1900-10-15 19:00:00+01:00;7;14.22022023
1900-10-15 20:00:00+01:00;6.9;13.35981986
1900-10-15 21:00:00+01:00;6.8;12.56953786
1900-10-15 22:00:00+01:00;6.5;11.84099842
1900-10-15 23:00:00+01:00;6;12.08310827
1900-10-16 00:00:00+01:00;6;12.78522363
1900-10-16 01:00:00+01:00;6;12.75287305
1900-10-16 02:00:00+01:00;6;13.20140726
1900-10-16 03:00:00+01:00;6.2;13.50312911
1900-10-16 04:00:00+01:00;6.3;14.29687648
1900-10-16 05:00:00+01:00;6.2;16.60059683
1900-10-16 06:00:00+01:00;6.2;21.88251767
1900-10-16 07:00:00+01:00;6.1;27.56876224
1900-10-16 08:00:00+01:00;6.3;32.31718348
1900-10-16 09:00:00+01:00;6.2;34.03600602
1900-10-16 10:00:00+01:00;6.9;33.42750556
1900-10-16 11:00:00+01:00;8.4;30.95204262
1900-10-16 12:00:00+01:00;8.8;30.5158997
1900-10-16 13:00:00+01:00;8.9;29.27378239
1900-10-16 14:00:00+01:00;8.7;27.16511344
1900-10-16 15:00:00+01:00;8.6;24.07502346
1900-10-16 16:00:00+01:00;8.9;18.96289665
1900-10-16 17:00:00+01:00;9.2;15.75746953
1900-10-16 18:00:00+01:00;9.2;14.34332082
1900-10-16 19:00:00+01:00;8.8;13.48541428
1900-10-16 20:00:00+01:00;8.8;12.63984446
1900-10-16 21:00:00+01:00;8.4;11.92067388
1900-10-16 22:00:00+01:00;8.1;11.17255715
1900-10-16 23:00:00+01:00;8.6;10.98449105
1900-10-17 00:00:00+01:00;8.3;11.72372419
1900-10-17 01:00:00+01:00;8.3;11.51439394
1900-10-17 02:00:00+01:00;8.1;11.84597179
1900-10-17 03:00:00+01:00;8.2;12.0620212
1900-10-17 04:00:00+01:00;7.8;12.92565224
1900-10-17 05:00:00+01:00;6.9;15.45839439
1900-10-17 06:00:00+01:00;6.8;20.50524728
1900-10-17 07:00:00+01:00;6.8;25.67756875
1900-10-17 08:00:00+01:00;6.2;31.10691792
1900-10-17 09:00:00+01:00;6.6;32.32503407
1900-10-17 10:00:00+01:00;6.7;32.40277968
1900-10-17 11:00:00+01:00;7.8;30.35949899
1900-10-17 12:00:00+01:00;8.2;30.12922764
1900-10-17 13:00:00+01:00;8.2;29.22210451
1900-10-17 14:00:00+01:00;8;27.19793766
1900-10-17 15:00:00+01:00;7.3;24.69975878
1900-10-17 16:00:00+01:00;7.6;19.15585255
1900-10-17 17:00:00+01:00;6.3;16.61288499
1900-10-17 18:00:00+01:00;5.6;15.71675253
1900-10-17 19:00:00+01:00;5.7;14.80828992
1900-10-17 20:00:00+01:00;5.7;13.79184306
1900-10-17 21:00:00+01:00;5.5;12.9798558
1900-10-17 22:00:00+01:00;5.4;12.13315494
1900-10-17 23:00:00+01:00;5.2;12.30836738
1900-10-18 00:00:00+01:00;5.8;12.85398574
1900-10-18 01:00:00+01:00;5.6;12.89909058
1900-10-18 02:00:00+01:00;5.6;13.3757876
1900-10-18 03:00:00+01:00;5.2;13.9616865
1900-10-18 04:00:00+01:00;5.2;14.87546565
1900-10-18 05:00:00+01:00;5.2;17.23082529
1900-10-18 06:00:00+01:00;4.6;23.31460995
1900-10-18 07:00:00+01:00;4.4;29.51370539
1900-10-18 08:00:00+01:00;5.4;33.74179245
1900-10-18 09:00:00+01:00;7.1;33.58906547
1900-10-18 10:00:00+01:00;7.6;33.118568
1900-10-18 11:00:00+01:00;8.4;31.38976859
1900-10-18 12:00:00+01:00;8.6;31.17722685
1900-10-18 13:00:00+01:00;9;29.58426454
1900-10-18 14:00:00+01:00;9.2;27.02115739
1900-10-18 15:00:00+01:00;9;24.04329693
1900-10-18 16:00:00+01:00;8.7;19.44600982
1900-10-18 17:00:00+01:00;6.6;17.31246357
1900-10-18 18:00:00+01:00;5.7;16.35624464
1900-10-18 19:00:00+01:00;4.7;15.8555322
1900-10-18 20:00:00+01:00;3;15.36889367
1900-10-18 21:00:00+01:00;2.4;14.57694339
1900-10-18 22:00:00+01:00;2.8;13.40851528
1900-10-18 23:00:00+01:00;2.5;13.64405062
1900-10-19 00:00:00+01:00;2;14.49717849
1900-10-19 01:00:00+01:00;0.5;15.13504745
1900-10-19 02:00:00+01:00;-0.3;16.1944805
1900-10-19 03:00:00+01:00;-1;17.12522606
1900-10-19 04:00:00+01:00;-1.4;18.50326724
1900-10-19 05:00:00+01:00;-2;21.64712188
1900-10-19 06:00:00+01:00;-2.4;29.82268726
1900-10-19 07:00:00+01:00;-1.7;36.89071193
1900-10-19 08:00:00+01:00;0.6;40.93716568
1900-10-19 09:00:00+01:00;2.6;40.43085206
1900-10-19 10:00:00+01:00;4.5;38.64352523
1900-10-19 11:00:00+01:00;5.5;36.6626074
1900-10-19 12:00:00+01:00;6.4;35.86717786
1900-10-19 13:00:00+01:00;8;32.85922769
1900-10-19 14:00:00+01:00;8.6;29.71485355
1900-10-19 15:00:00+01:00;7.8;27.12737633
1900-10-19 16:00:00+01:00;6.2;23.02514503
1900-10-19 17:00:00+01:00;3.7;20.82928744
1900-10-19 18:00:00+01:00;2.7;19.87493223
1900-10-19 19:00:00+01:00;0.6;19.82544207
1900-10-19 20:00:00+01:00;-0.3;18.66467579
1900-10-19 21:00:00+01:00;0;17.39505214
1900-10-19 22:00:00+01:00;-0.6;16.27028542
1900-10-19 23:00:00+01:00;-0.8;16.61584729
1900-10-20 00:00:00+01:00;-0.7;17.17446028
1900-10-20 01:00:00+01:00;-0.6;17.05047378
1900-10-20 02:00:00+01:00;0.4;16.74832278
1900-10-20 03:00:00+01:00;1;16.51740808
1900-10-20 04:00:00+01:00;2;16.47264376
1900-10-20 05:00:00+01:00;2.6;16.83406372
1900-10-20 06:00:00+01:00;3;17.30097554
1900-10-20 07:00:00+01:00;2.8;16.88118797
1900-10-20 08:00:00+01:00;4.4;15.98011984
1900-10-20 09:00:00+01:00;8.5;14.01363905
1900-10-20 10:00:00+01:00;9.3;13.50586775
1900-10-20 11:00:00+01:00;9.5;13.17502098
1900-10-20 12:00:00+01:00;9.7;13.04229764
1900-10-20 13:00:00+01:00;9.8;12.78679886
1900-10-20 14:00:00+01:00;9.9;12.58787046
1900-10-20 15:00:00+01:00;9.7;12.75321427
1900-10-20 16:00:00+01:00;9;12.99418881
1900-10-20 17:00:00+01:00;9.1;12.94185287
1900-10-20 18:00:00+01:00;9.5;12.36384546
1900-10-20 19:00:00+01:00;9.8;12.08474965
1900-10-20 20:00:00+01:00;9.6;12.05364792
1900-10-20 21:00:00+01:00;9.4;11.86351154
1900-10-20 22:00:00+01:00;8.5;11.52548405
1900-10-20 23:00:00+01:00;8.4;11.58209266
1900-10-21 00:00:00+01:00;7.2;12.15337188
1900-10-21 01:00:00+01:00;7.4;11.79298068
1900-10-21 02:00:00+01:00;7.2;11.73389818
1900-10-21 03:00:00+01:00;6.8;11.75123823
1900-10-21 04:00:00+01:00;6.8;11.92103344
1900-10-21 05:00:00+01:00;6.8;12.4615134
1900-10-21 06:00:00+01:00;6.5;13.13974492
1900-10-21 07:00:00+01:00;6.9;12.49609552
1900-10-21 08:00:00+01:00;7.4;12.17479348
1900-10-21 09:00:00+01:00;8.8;11.5140165
1900-10-21 10:00:00+01:00;8.9;11.57954037
1900-10-21 11:00:00+01:00;10.7;10.58236567
1900-10-21 12:00:00+01:00;12;9.979337661
1900-10-21 13:00:00+01:00;13.3;9.156629108
1900-10-21 14:00:00+01:00;15;8.242733587
1900-10-21 15:00:00+01:00;14;8.616448342
1900-10-21 16:00:00+01:00;13.6;8.566085464
1900-10-21 17:00:00+01:00;12.4;9.103607886
1900-10-21 18:00:00+01:00;11.5;9.254916922
1900-10-21 19:00:00+01:00;10.8;9.506993757
1900-10-21 20:00:00+01:00;11.1;9.303284394
1900-10-21 21:00:00+01:00;10.1;9.5536111
1900-10-21 22:00:00+01:00;9.4;9.453218438
1900-10-21 23:00:00+01:00;10.3;9.233642524
1900-10-22 00:00:00+01:00;11;9.582100456
1900-10-22 01:00:00+01:00;11.1;9.286322021
1900-10-22 02:00:00+01:00;11.3;9.349137792
1900-10-22 03:00:00+01:00;11.2;9.508630284
1900-10-22 04:00:00+01:00;11;10.09518205
1900-10-22 05:00:00+01:00;10.7;12.06696309
1900-10-22 06:00:00+01:00;10.4;16.01678202
1900-10-22 07:00:00+01:00;10.9;19.45855361
1900-10-22 08:00:00+01:00;10.9;23.45342978
1900-10-22 09:00:00+01:00;10.5;25.63604798
1900-10-22 10:00:00+01:00;12;24.33782996
1900-10-22 11:00:00+01:00;12.9;22.84377797
1900-10-22 12:00:00+01:00;14.2;21.51629554
1900-10-22 13:00:00+01:00;14.8;19.79356709
1900-10-22 14:00:00+01:00;14.5;18.31969015
1900-10-22 15:00:00+01:00;19.6;14.92714702
1900-10-22 16:00:00+01:00;18.6;12.43408219
1900-10-22 17:00:00+01:00;14.6;10.56483946
1900-10-22 18:00:00+01:00;13.8;9.327772983
1900-10-22 19:00:00+01:00;13.1;8.734393852
1900-10-22 20:00:00+01:00;13;8.122966829
1900-10-22 21:00:00+01:00;13.2;7.614996258
1900-10-22 22:00:00+01:00;11.5;7.650928183
1900-10-22 23:00:00+01:00;11.5;7.465748679
1900-10-23 00:00:00+01:00;10.4;8.378548823
1900-10-23 01:00:00+01:00;11.3;7.991654632
1900-10-23 02:00:00+01:00;10;8.639823681
1900-10-23 03:00:00+01:00;8.5;9.52386965
1900-10-23 04:00:00+01:00;9.4;9.775794338
1900-10-23 05:00:00+01:00;7.9;12.44262326
1900-10-23 06:00:00+01:00;8;16.81994143
1900-10-23 07:00:00+01:00;9.1;19.9910387
1900-10-23 08:00:00+01:00;9.6;23.80959373
1900-10-23 09:00:00+01:00;9.8;25.47842134
1900-10-23 10:00:00+01:00;11.2;24.5975647
1900-10-23 11:00:00+01:00;13.7;21.70158353
1900-10-23 12:00:00+01:00;13;22.34416297
1900-10-23 13:00:00+01:00;12.6;21.84400535
1900-10-23 14:00:00+01:00;11.6;21.01567961
1900-10-23 15:00:00+01:00;11;19.09843605
1900-10-23 16:00:00+01:00;10;15.72522952
1900-10-23 17:00:00+01:00;7.2;14.2671998
1900-10-23 18:00:00+01:00;5.9;13.86802548
1900-10-23 19:00:00+01:00;5;13.66863541
1900-10-23 20:00:00+01:00;4.7;12.82641502
1900-10-23 21:00:00+01:00;3.6;12.43987632
1900-10-23 22:00:00+01:00;3.7;11.65541241
1900-10-23 23:00:00+01:00;4.1;11.69323714
1900-10-24 00:00:00+01:00;3.8;12.4950677
1900-10-24 01:00:00+01:00;4;12.63749939
1900-10-24 02:00:00+01:00;3.6;13.41126263
1900-10-24 03:00:00+01:00;3.8;13.85529157
1900-10-24 04:00:00+01:00;3.8;14.83804017
1900-10-24 05:00:00+01:00;3.8;17.28320047
1900-10-24 06:00:00+01:00;3.5;23.51452879
1900-10-24 07:00:00+01:00;3.5;29.62147054
1900-10-24 08:00:00+01:00;4;34.66402881
1900-10-24 09:00:00+01:00;5.9;34.42654208
1900-10-24 10:00:00+01:00;8.3;32.19333624
1900-10-24 11:00:00+01:00;8.3;31.48894479
1900-10-24 12:00:00+01:00;8;31.98089703
1900-10-24 13:00:00+01:00;7.9;31.11468986
1900-10-24 14:00:00+01:00;7.8;28.93669517
1900-10-24 15:00:00+01:00;7;26.45045972
1900-10-24 16:00:00+01:00;6.4;21.44384581
1900-10-24 17:00:00+01:00;6.1;18.26076755
1900-10-24 18:00:00+01:00;5.9;16.94828262
1900-10-24 19:00:00+01:00;5.6;16.02926842
1900-10-24 20:00:00+01:00;5;15.14343047
1900-10-24 21:00:00+01:00;5.3;14.0199911
1900-10-24 22:00:00+01:00;4.9;13.09406436
1900-10-24 23:00:00+01:00;4.7;13.23296242
1900-10-25 00:00:00+01:00;4.3;14.02492611
1900-10-25 01:00:00+01:00;3.5;14.23917923
1900-10-25 02:00:00+01:00;3.4;14.79328472
1900-10-25 03:00:00+01:00;3.2;15.30930186
1900-10-25 04:00:00+01:00;3;16.34977311
1900-10-25 05:00:00+01:00;2.2;19.2141058
1900-10-25 06:00:00+01:00;1.9;25.95724469
1900-10-25 07:00:00+01:00;1.1;33.3256284
1900-10-25 08:00:00+01:00;1.2;39.11482896
1900-10-25 09:00:00+01:00;0.9;40.97677871
1900-10-25 10:00:00+01:00;1.8;40.42548113
1900-10-25 11:00:00+01:00;2.4;38.75039209
1900-10-25 12:00:00+01:00;2.3;39.40344142
1900-10-25 13:00:00+01:00;2.8;38.07218213
1900-10-25 14:00:00+01:00;2.7;35.62488125
1900-10-25 15:00:00+01:00;2.6;31.7526992
1900-10-25 16:00:00+01:00;2.6;24.86472706
1900-10-25 17:00:00+01:00;2.9;20.98361806
1900-10-25 18:00:00+01:00;2.7;19.69647289
1900-10-25 19:00:00+01:00;2.8;18.61008759
1900-10-25 20:00:00+01:00;3.2;17.13329919
1900-10-25 21:00:00+01:00;4;15.81804882
1900-10-25 22:00:00+01:00;4.6;14.46602323
1900-10-25 23:00:00+01:00;5.3;14.41150551
1900-10-26 00:00:00+01:00;8.9;14.10875984
1900-10-26 01:00:00+01:00;9.8;13.38554681
1900-10-26 02:00:00+01:00;9.5;13.60370571
1900-10-26 03:00:00+01:00;9.7;13.64735868
1900-10-26 04:00:00+01:00;10.2;14.09188306
1900-10-26 05:00:00+01:00;10.1;16.09232042
1900-10-26 06:00:00+01:00;10.1;19.83295205
1900-10-26 07:00:00+01:00;10.3;24.72017653
1900-10-26 08:00:00+01:00;10.6;28.42107647
1900-10-26 09:00:00+01:00;9.8;31.09553418
1900-10-26 10:00:00+01:00;10;30.60640558
1900-10-26 11:00:00+01:00;10.6;28.64153143
1900-10-26 12:00:00+01:00;10.6;28.53622105
1900-10-26 13:00:00+01:00;10.7;27.00454115
1900-10-26 14:00:00+01:00;10.3;25.02436396
1900-10-26 15:00:00+01:00;10.3;21.91538681
1900-10-26 16:00:00+01:00;10.1;17.52147641
1900-10-26 17:00:00+01:00;10.4;14.32637326
1900-10-26 18:00:00+01:00;9.7;13.15752656
1900-10-26 19:00:00+01:00;9.3;12.26314982
1900-10-26 20:00:00+01:00;9;11.49489485
1900-10-26 21:00:00+01:00;7.1;11.26485524
1900-10-26 22:00:00+01:00;7.3;10.38405567
1900-10-26 23:00:00+01:00;7.2;10.33682277
1900-10-27 00:00:00+01:00;6.6;10.93626668
1900-10-27 01:00:00+01:00;6.4;11.02704039
1900-10-27 02:00:00+01:00;6.1;11.24124225
1900-10-27 03:00:00+01:00;6;11.35874747
1900-10-27 04:00:00+01:00;6;11.69585881
1900-10-27 05:00:00+01:00;5.3;12.72641736
1900-10-27 06:00:00+01:00;5;13.68694039
1900-10-27 07:00:00+01:00;4.9;13.4613994
1900-10-27 08:00:00+01:00;4.8;13.59933527
1900-10-27 09:00:00+01:00;4.8;13.56195342
1900-10-27 10:00:00+01:00;4.4;14.00597275
1900-10-27 11:00:00+01:00;4.5;13.96188202
1900-10-27 12:00:00+01:00;4.4;14.14773944
1900-10-27 13:00:00+01:00;4.1;14.32930081
1900-10-27 14:00:00+01:00;3.5;14.86079043
1900-10-27 15:00:00+01:00;2.9;15.27880128
1900-10-27 16:00:00+01:00;2;15.77218128
1900-10-27 17:00:00+01:00;2;15.69283562
1900-10-27 18:00:00+01:00;2.2;15.39204276
1900-10-27 19:00:00+01:00;2;15.54268806
1900-10-27 20:00:00+01:00;1;15.70965721
1900-10-27 21:00:00+01:00;0.8;15.72249968
1900-10-27 22:00:00+01:00;0.7;15.19108122
1900-10-27 23:00:00+01:00;0.9;15.43735496
1900-10-28 00:00:00+01:00;1.7;15.55056121
1900-10-28 01:00:00+01:00;1.8;15.49586366
1900-10-28 02:00:00+01:00;1.6;15.70547037
1900-10-28 03:00:00+01:00;1.5;15.85407173
1900-10-28 04:00:00+01:00;1.3;16.41019695
1900-10-28 05:00:00+01:00;1.3;17.20726761
1900-10-28 06:00:00+01:00;1.4;18.08346671
1900-10-28 07:00:00+01:00;1.5;17.66509046
1900-10-28 08:00:00+01:00;2.7;17.0668366
1900-10-28 09:00:00+01:00;2;17.3403748
1900-10-28 10:00:00+01:00;2.3;17.27609045
1900-10-28 11:00:00+01:00;2.6;17.04233436
1900-10-28 12:00:00+01:00;2.9;16.92830348
1900-10-28 13:00:00+01:00;2.9;16.77826152
1900-10-28 14:00:00+01:00;3;16.75472029
1900-10-28 15:00:00+01:00;3;16.86112194
1900-10-28 16:00:00+01:00;3;16.82589192
1900-10-28 17:00:00+01:00;2.9;16.83735009
1900-10-28 18:00:00+01:00;3;16.43514441
1900-10-28 19:00:00+01:00;3.1;16.36462264
1900-10-28 20:00:00+01:00;3;16.17754999
1900-10-28 21:00:00+01:00;3.1;15.96657819
1900-10-28 22:00:00+01:00;3.1;15.2026231
1900-10-28 23:00:00+01:00;3.2;15.38240304
1900-10-29 00:00:00+01:00;3.3;15.93627035
1900-10-29 01:00:00+01:00;3.5;15.75195754
1900-10-29 02:00:00+01:00;4;16.03510967
1900-10-29 03:00:00+01:00;4.2;16.30966313
1900-10-29 04:00:00+01:00;4.5;17.10423303
1900-10-29 05:00:00+01:00;4.6;19.44283306
1900-10-29 06:00:00+01:00;5;25.04736612
1900-10-29 07:00:00+01:00;5.8;30.72084974
1900-10-29 08:00:00+01:00;6.5;34.97465346
1900-10-29 09:00:00+01:00;9.6;33.15817374
1900-10-29 10:00:00+01:00;9.5;32.91972744
1900-10-29 11:00:00+01:00;9.5;31.86675052
1900-10-29 12:00:00+01:00;9.4;31.57130336
1900-10-29 13:00:00+01:00;9.4;30.05039251
1900-10-29 14:00:00+01:00;9;27.93804324
1900-10-29 15:00:00+01:00;8.3;25.25486697
1900-10-29 16:00:00+01:00;7.9;20.38773621
1900-10-29 17:00:00+01:00;7.4;17.33905628
1900-10-29 18:00:00+01:00;6.6;16.21762603
1900-10-29 19:00:00+01:00;5.4;15.70140279
1900-10-29 20:00:00+01:00;4.6;14.84574655
1900-10-29 21:00:00+01:00;4.3;13.92302611
1900-10-29 22:00:00+01:00;3.3;13.18597265
1900-10-29 23:00:00+01:00;3.4;13.23301764
1900-10-30 00:00:00+01:00;3.4;13.87023825
1900-10-30 01:00:00+01:00;4.4;13.53959165
1900-10-30 02:00:00+01:00;5.3;13.66190923
1900-10-30 03:00:00+01:00;6.1;13.68531004
1900-10-30 04:00:00+01:00;7.5;13.87230269
1900-10-30 05:00:00+01:00;6.7;16.38904293
1900-10-30 06:00:00+01:00;6.3;21.8007568
1900-10-30 07:00:00+01:00;5.4;28.19882511
1900-10-30 08:00:00+01:00;5.2;33.52632135
1900-10-30 09:00:00+01:00;5.1;35.36283844
1900-10-30 10:00:00+01:00;5;35.7495331
1900-10-30 11:00:00+01:00;5.1;34.69846225
1900-10-30 12:00:00+01:00;5.5;34.66692121
1900-10-30 13:00:00+01:00;5.6;33.70343322
1900-10-30 14:00:00+01:00;5.4;31.53073752
1900-10-30 15:00:00+01:00;5.2;28.15747817
1900-10-30 16:00:00+01:00;5;22.24922542
1900-10-30 17:00:00+01:00;4.9;18.83444456
1900-10-30 18:00:00+01:00;4.4;17.72121074
1900-10-30 19:00:00+01:00;4.2;16.81003964
1900-10-30 20:00:00+01:00;4;15.66619791
1900-10-30 21:00:00+01:00;3.9;14.67943703
1900-10-30 22:00:00+01:00;3.7;13.63787669
1900-10-30 23:00:00+01:00;2.3;14.18870937
1900-10-31 00:00:00+01:00;2.5;14.80986635
1900-10-31 01:00:00+01:00;2.5;14.86191707
1900-10-31 02:00:00+01:00;2.7;15.40369173
1900-10-31 03:00:00+01:00;2.3;16.08575476
1900-10-31 04:00:00+01:00;2.4;17.14920843
1900-10-31 05:00:00+01:00;2.1;19.91822801
1900-10-31 06:00:00+01:00;1.6;27.00662019
1900-10-31 07:00:00+01:00;1.7;33.94300752
1900-10-31 08:00:00+01:00;1;40.57703783
1900-10-31 09:00:00+01:00;0.8;42.28219557
1900-10-31 10:00:00+01:00;0.7;42.61428781
1900-10-31 11:00:00+01:00;1.5;40.60095191
1900-10-31 12:00:00+01:00;1.8;40.77589202
1900-10-31 13:00:00+01:00;2.1;39.54565773
1900-10-31 14:00:00+01:00;2;36.97053016
1900-10-31 15:00:00+01:00;1.9;32.93435532
1900-10-31 16:00:00+01:00;1.8;25.85887283
1900-10-31 17:00:00+01:00;1.4;22.18973172
1900-10-31 18:00:00+01:00;0.7;21.11981724
1900-10-31 19:00:00+01:00;0.3;20.27754337
1900-10-31 20:00:00+01:00;0.3;18.76038081
1900-10-31 21:00:00+01:00;-0.1;17.77854858
1900-10-31 22:00:00+01:00;1.6;15.92467727
1900-10-31 23:00:00+01:00;2.5;15.87098462
1900-11-01 00:00:00+01:00;4.2;16.13645991
1900-11-01 01:00:00+01:00;5.7;15.45021187
1900-11-01 02:00:00+01:00;8.2;14.85153209
1900-11-01 03:00:00+01:00;8.8;14.77603934
1900-11-01 04:00:00+01:00;9.4;15.25201634
1900-11-01 05:00:00+01:00;9.2;17.40735345
1900-11-01 06:00:00+01:00;7.9;22.94341407
1900-11-01 07:00:00+01:00;6.9;29.74593898
1900-11-01 08:00:00+01:00;6.9;34.48076981
1900-11-01 09:00:00+01:00;7.6;35.11592969
1900-11-01 10:00:00+01:00;8.4;33.98281752
1900-11-01 11:00:00+01:00;9.3;31.96464121
1900-11-01 12:00:00+01:00;12.9;27.47708431
1900-11-01 13:00:00+01:00;10.4;28.68848315
1900-11-01 14:00:00+01:00;10.8;25.71312936
1900-11-01 15:00:00+01:00;9.7;23.59203918
1900-11-01 16:00:00+01:00;8;19.92208677
1900-11-01 17:00:00+01:00;6.9;17.12315797
1900-11-01 18:00:00+01:00;6.7;15.70813333
1900-11-01 19:00:00+01:00;6.6;14.62651681
1900-11-01 20:00:00+01:00;6.3;13.599294
1900-11-01 21:00:00+01:00;5.6;12.78799962
1900-11-01 22:00:00+01:00;4.4;12.16758687
1900-11-01 23:00:00+01:00;3;12.60832259
1900-11-02 00:00:00+01:00;2;13.51661679
1900-11-02 01:00:00+01:00;0.7;14.13408685
1900-11-02 02:00:00+01:00;0.6;14.96895689
1900-11-02 03:00:00+01:00;0.4;15.72921741
1900-11-02 04:00:00+01:00;0.1;17.04241956
1900-11-02 05:00:00+01:00;0.7;19.53930487
1900-11-02 06:00:00+01:00;2.6;25.12882055
1900-11-02 07:00:00+01:00;3.6;30.71665201
1900-11-02 08:00:00+01:00;3.8;36.01158985
1900-11-02 09:00:00+01:00;4.3;37.12518081
1900-11-02 10:00:00+01:00;5.3;36.3051823
1900-11-02 11:00:00+01:00;5.5;35.16285775
1900-11-02 12:00:00+01:00;6;35.03986007
1900-11-02 13:00:00+01:00;5.8;34.28913385
1900-11-02 14:00:00+01:00;5.7;31.99716074
1900-11-02 15:00:00+01:00;6.1;28.05057069
1900-11-02 16:00:00+01:00;6.4;22.190822
1900-11-02 17:00:00+01:00;6.2;18.95369796
1900-11-02 18:00:00+01:00;6.3;17.46496954
1900-11-02 19:00:00+01:00;6.4;16.3169541
1900-11-02 20:00:00+01:00;6;15.43850019
1900-11-02 21:00:00+01:00;5.9;14.50991136
1900-11-02 22:00:00+01:00;5.7;13.49214176
1900-11-02 23:00:00+01:00;5.5;13.6210719
1900-11-03 00:00:00+01:00;5.1;14.05814215
1900-11-03 01:00:00+01:00;5.2;13.77764128
1900-11-03 02:00:00+01:00;4.5;13.96254341
1900-11-03 03:00:00+01:00;4.4;13.91938924
1900-11-03 04:00:00+01:00;4;14.32405921
1900-11-03 05:00:00+01:00;4.5;14.71559001
1900-11-03 06:00:00+01:00;5;15.12606609
1900-11-03 07:00:00+01:00;5.3;14.54460556
1900-11-03 08:00:00+01:00;5.4;14.42177504
1900-11-03 09:00:00+01:00;4.4;14.81603494
1900-11-03 10:00:00+01:00;3.9;15.16646322
1900-11-03 11:00:00+01:00;3.8;15.12943152
1900-11-03 12:00:00+01:00;3.3;15.43210777
1900-11-03 13:00:00+01:00;3.4;15.32205417
1900-11-03 14:00:00+01:00;3.5;15.40181458
1900-11-03 15:00:00+01:00;3.7;15.37607121
1900-11-03 16:00:00+01:00;4;15.19241086
1900-11-03 17:00:00+01:00;4.6;14.82478906
1900-11-03 18:00:00+01:00;4.6;14.53721233
1900-11-03 19:00:00+01:00;4.7;14.48878387
1900-11-03 20:00:00+01:00;5;14.19060674
1900-11-03 21:00:00+01:00;5.1;14.04251445
1900-11-03 22:00:00+01:00;4.8;13.56620059
1900-11-03 23:00:00+01:00;4.9;13.76459044
1900-11-04 00:00:00+01:00;4.6;14.18055469
1900-11-04 01:00:00+01:00;4.6;14.0480964
1900-11-04 02:00:00+01:00;3.8;14.36673467
1900-11-04 03:00:00+01:00;4.1;14.26481973
1900-11-04 04:00:00+01:00;3.9;14.68273948
1900-11-04 05:00:00+01:00;2.9;15.78826245
1900-11-04 06:00:00+01:00;2.3;16.9091292
1900-11-04 07:00:00+01:00;2.4;16.4987697
1900-11-04 08:00:00+01:00;1.7;16.86278519
1900-11-04 09:00:00+01:00;2.1;16.56169184
1900-11-04 10:00:00+01:00;2.8;16.34389455
1900-11-04 11:00:00+01:00;3.3;16.00053906
1900-11-04 12:00:00+01:00;5.5;14.94192758
1900-11-04 13:00:00+01:00;4.1;15.45345343
1900-11-04 14:00:00+01:00;4;15.53891862
1900-11-04 15:00:00+01:00;3.7;15.75496828
1900-11-04 16:00:00+01:00;3.4;15.86157398
1900-11-04 17:00:00+01:00;3.1;15.93682318
1900-11-04 18:00:00+01:00;2.5;15.91432245
1900-11-04 19:00:00+01:00;2;16.14474785
1900-11-04 20:00:00+01:00;0.9;16.33021533
1900-11-04 21:00:00+01:00;0.6;16.35738267
1900-11-04 22:00:00+01:00;0.5;15.7406629
1900-11-04 23:00:00+01:00;0.2;16.14708418
1900-11-05 00:00:00+01:00;1.1;16.40599286
1900-11-05 01:00:00+01:00;1;16.52853845
1900-11-05 02:00:00+01:00;1;17.21260999
1900-11-05 03:00:00+01:00;1.4;17.60797383
1900-11-05 04:00:00+01:00;1.1;18.8744242
1900-11-05 05:00:00+01:00;1.1;21.5718762
1900-11-05 06:00:00+01:00;1;28.700571
1900-11-05 07:00:00+01:00;1.1;36.05685606
1900-11-05 08:00:00+01:00;1.1;41.98220471
1900-11-05 09:00:00+01:00;1.4;43.02930856
1900-11-05 10:00:00+01:00;1;43.49767728
1900-11-05 11:00:00+01:00;0.9;42.32979113
1900-11-05 12:00:00+01:00;1.1;42.59901932
1900-11-05 13:00:00+01:00;1.4;41.25716306
1900-11-05 14:00:00+01:00;1.3;38.56301182
1900-11-05 15:00:00+01:00;1.2;34.35033719
1900-11-05 16:00:00+01:00;1.3;26.91595005
1900-11-05 17:00:00+01:00;1;23.10202864
1900-11-05 18:00:00+01:00;0.7;21.76031515
1900-11-05 19:00:00+01:00;0.7;20.62276649
1900-11-05 20:00:00+01:00;0.3;19.218459
1900-11-05 21:00:00+01:00;0.2;18.05104323
1900-11-05 22:00:00+01:00;0.2;16.63801897
1900-11-05 23:00:00+01:00;0.2;16.88245821
1900-11-06 00:00:00+01:00;0.6;17.52660866
1900-11-06 01:00:00+01:00;0.7;17.48954635
1900-11-06 02:00:00+01:00;1.3;17.90412991
1900-11-06 03:00:00+01:00;2.2;18.02255171
1900-11-06 04:00:00+01:00;3.2;18.65939406
1900-11-06 05:00:00+01:00;5.4;20.1282539
1900-11-06 06:00:00+01:00;8;23.94112039
1900-11-06 07:00:00+01:00;8.6;29.57537728
1900-11-06 08:00:00+01:00;9.1;33.50323519
1900-11-06 09:00:00+01:00;8.7;35.29099909
1900-11-06 10:00:00+01:00;9.2;34.35901903
1900-11-06 11:00:00+01:00;9.5;32.94671379
1900-11-06 12:00:00+01:00;9.8;32.09100461
1900-11-06 13:00:00+01:00;10.8;29.24864756
1900-11-06 14:00:00+01:00;8.9;28.67858073
1900-11-06 15:00:00+01:00;8.3;25.79331765
1900-11-06 16:00:00+01:00;7.5;21.14690601
1900-11-06 17:00:00+01:00;7.2;17.91450925
1900-11-06 18:00:00+01:00;6.8;16.52119548
1900-11-06 19:00:00+01:00;6.2;15.62007879
1900-11-06 20:00:00+01:00;5.8;14.59918915
1900-11-06 21:00:00+01:00;4.9;13.84463389
1900-11-06 22:00:00+01:00;3.2;13.26972588
1900-11-06 23:00:00+01:00;4;13.03522148
1900-11-07 00:00:00+01:00;2.7;13.99715139
1900-11-07 01:00:00+01:00;2;14.22807085
1900-11-07 02:00:00+01:00;2.8;14.48565059
1900-11-07 03:00:00+01:00;3.4;14.66881084
1900-11-07 04:00:00+01:00;2.3;16.04610379
1900-11-07 05:00:00+01:00;2.3;18.57577486
1900-11-07 06:00:00+01:00;2.7;24.80197657
1900-11-07 07:00:00+01:00;5.9;28.31126122
1900-11-07 08:00:00+01:00;6.7;32.58379713
1900-11-07 09:00:00+01:00;7.7;33.23979013
1900-11-07 10:00:00+01:00;8.5;32.49489608
1900-11-07 11:00:00+01:00;9;31.1535032
1900-11-07 12:00:00+01:00;9.6;30.47864434
1900-11-07 13:00:00+01:00;10.1;28.71503293
1900-11-07 14:00:00+01:00;8.2;28.44287263
1900-11-07 15:00:00+01:00;8;25.36030196
1900-11-07 16:00:00+01:00;8.4;20.0252158
1900-11-07 17:00:00+01:00;8.4;16.9081895
1900-11-07 18:00:00+01:00;10.3;14.56205393
1900-11-07 19:00:00+01:00;11.2;12.95568482
1900-11-07 20:00:00+01:00;11.6;12.08912367
1900-11-07 21:00:00+01:00;11.4;11.08233584
1900-11-07 22:00:00+01:00;11;10.28831032
1900-11-07 23:00:00+01:00;10.5;10.57078523
1900-11-08 00:00:00+01:00;9;11.60136122
1900-11-08 01:00:00+01:00;8.1;11.56254295
1900-11-08 02:00:00+01:00;7.4;12.02838906
1900-11-08 03:00:00+01:00;6.6;12.58524607
1900-11-08 04:00:00+01:00;6.5;13.29962229
1900-11-08 05:00:00+01:00;5.5;15.87140319
1900-11-08 06:00:00+01:00;6;20.75453401
1900-11-08 07:00:00+01:00;5.8;26.14558516
1900-11-08 08:00:00+01:00;5.6;31.33182815
1900-11-08 09:00:00+01:00;4.5;34.16890966
1900-11-08 10:00:00+01:00;5;34.0110847
1900-11-08 11:00:00+01:00;6.1;31.9378568
1900-11-08 12:00:00+01:00;6.5;31.92536367
1900-11-08 13:00:00+01:00;7.1;30.53213192
1900-11-08 14:00:00+01:00;6.4;29.01590585
1900-11-08 15:00:00+01:00;5.8;26.23652874
1900-11-08 16:00:00+01:00;6.7;19.82149413
1900-11-08 17:00:00+01:00;6.8;16.51413403
1900-11-08 18:00:00+01:00;6.6;15.38155623
1900-11-08 19:00:00+01:00;6.4;14.62715979
1900-11-08 20:00:00+01:00;6.3;13.76018
1900-11-08 21:00:00+01:00;5.7;13.16445592
1900-11-08 22:00:00+01:00;5.4;12.42243289
1900-11-08 23:00:00+01:00;3.9;13.06925609
1900-11-09 00:00:00+01:00;3.6;13.92433074
1900-11-09 01:00:00+01:00;3;14.21738965
1900-11-09 02:00:00+01:00;2.5;15.03899424
1900-11-09 03:00:00+01:00;2;15.78216758
1900-11-09 04:00:00+01:00;0.4;17.55502256
1900-11-09 05:00:00+01:00;0.4;20.27005485
1900-11-09 06:00:00+01:00;0.9;27.0419664
1900-11-09 07:00:00+01:00;0.4;34.52393326
1900-11-09 08:00:00+01:00;0.9;40.10051841
1900-11-09 09:00:00+01:00;2.3;40.13051328
1900-11-09 10:00:00+01:00;4.8;37.6637825
1900-11-09 11:00:00+01:00;4.4;36.99290698
1900-11-09 12:00:00+01:00;3.6;38.11076349
1900-11-09 13:00:00+01:00;4.1;36.62788886
1900-11-09 14:00:00+01:00;6.8;31.12060822
1900-11-09 15:00:00+01:00;6.2;28.12178632
1900-11-09 16:00:00+01:00;6;22.56733031
1900-11-09 17:00:00+01:00;5.6;19.37950656
1900-11-09 18:00:00+01:00;4;18.70553802
1900-11-09 19:00:00+01:00;4;17.67020516
1900-11-09 20:00:00+01:00;3.5;16.66385853
1900-11-09 21:00:00+01:00;2.8;15.89993937
1900-11-09 22:00:00+01:00;1;15.30649743
1900-11-09 23:00:00+01:00;0.1;15.83294625
1900-11-10 00:00:00+01:00;0.2;16.38712318
1900-11-10 01:00:00+01:00;-0.3;16.5225904
1900-11-10 02:00:00+01:00;-0.3;16.65198015
1900-11-10 03:00:00+01:00;0.8;16.31153351
1900-11-10 04:00:00+01:00;0.9;16.66279432
1900-11-10 05:00:00+01:00;0;17.76439962
1900-11-10 06:00:00+01:00;-1;19.22377859
1900-11-10 07:00:00+01:00;-0.7;18.67187576
1900-11-10 08:00:00+01:00;-0.3;18.4610211
1900-11-10 09:00:00+01:00;0.8;17.78467645
1900-11-10 10:00:00+01:00;2.6;17.05575575
1900-11-10 11:00:00+01:00;3.2;16.66792099
1900-11-10 12:00:00+01:00;3.3;16.62966448
1900-11-10 13:00:00+01:00;3.2;16.52582934
1900-11-10 14:00:00+01:00;3;16.7020801
1900-11-10 15:00:00+01:00;3;16.8564442
1900-11-10 16:00:00+01:00;2.7;17.04232831
1900-11-10 17:00:00+01:00;4.2;16.34065902
1900-11-10 18:00:00+01:00;4.4;15.91313347
1900-11-10 19:00:00+01:00;3.1;16.52882077
1900-11-10 20:00:00+01:00;3.1;16.3697276
1900-11-10 21:00:00+01:00;3;16.28616139
1900-11-10 22:00:00+01:00;3;15.51056711
1900-11-10 23:00:00+01:00;3;15.72667675
1900-11-11 00:00:00+01:00;3;15.94599983
1900-11-11 01:00:00+01:00;2.9;15.73659284
1900-11-11 02:00:00+01:00;2.7;15.77021889
1900-11-11 03:00:00+01:00;2.9;15.65813829
1900-11-11 04:00:00+01:00;3.5;15.75725114
1900-11-11 05:00:00+01:00;5.6;15.4530991
1900-11-11 06:00:00+01:00;5.7;15.83730549
1900-11-11 07:00:00+01:00;7;14.64109723
1900-11-11 08:00:00+01:00;7.8;14.03118415
1900-11-11 09:00:00+01:00;7.5;14.12923599
1900-11-11 10:00:00+01:00;8.5;13.55151562
1900-11-11 11:00:00+01:00;9.5;12.81645156
1900-11-11 12:00:00+01:00;11.5;11.76039363
1900-11-11 13:00:00+01:00;12.3;11.06635929
1900-11-11 14:00:00+01:00;12;10.92445235
1900-11-11 15:00:00+01:00;10.9;11.41783435
1900-11-11 16:00:00+01:00;9.9;11.70282172
1900-11-11 17:00:00+01:00;8.6;12.26140737
1900-11-11 18:00:00+01:00;8.4;12.00835362
1900-11-11 19:00:00+01:00;7.8;12.16521821
1900-11-11 20:00:00+01:00;7.6;12.04097029
1900-11-11 21:00:00+01:00;7.3;11.93975125
1900-11-11 22:00:00+01:00;8;11.12624613
1900-11-11 23:00:00+01:00;8.1;11.16141086
1900-11-12 00:00:00+01:00;8.2;11.74900491
1900-11-12 01:00:00+01:00;7.5;11.71567163
1900-11-12 02:00:00+01:00;7.4;11.98928339
1900-11-12 03:00:00+01:00;7;12.37181852
1900-11-12 04:00:00+01:00;6;13.48323064
1900-11-12 05:00:00+01:00;6;15.68421642
1900-11-12 06:00:00+01:00;6.8;20.27668662
1900-11-12 07:00:00+01:00;6;26.14729989
1900-11-12 08:00:00+01:00;5.2;31.99386196
1900-11-12 09:00:00+01:00;5;33.88222742
1900-11-12 10:00:00+01:00;4.7;34.53127857
1900-11-12 11:00:00+01:00;5;33.26200962
1900-11-12 12:00:00+01:00;5.7;33.09611909
1900-11-12 13:00:00+01:00;4.9;33.37846193
1900-11-12 14:00:00+01:00;4.6;31.47137778
1900-11-12 15:00:00+01:00;4.8;27.77290256
1900-11-12 16:00:00+01:00;5.3;21.32667249
1900-11-12 17:00:00+01:00;6.1;17.55542877
1900-11-12 18:00:00+01:00;5.2;16.68396727
1900-11-12 19:00:00+01:00;4.7;15.99728592
1900-11-12 20:00:00+01:00;4.3;15.03810577
1900-11-12 21:00:00+01:00;3.7;14.30760219
1900-11-12 22:00:00+01:00;3.6;13.36154967
1900-11-12 23:00:00+01:00;3.8;13.4879818
1900-11-13 00:00:00+01:00;4.2;14.14121023
1900-11-13 01:00:00+01:00;4.2;14.16290027
1900-11-13 02:00:00+01:00;4.2;14.71609114
1900-11-13 03:00:00+01:00;5.4;14.69097008
1900-11-13 04:00:00+01:00;4.7;15.90475159
1900-11-13 05:00:00+01:00;5.1;18.12988459
1900-11-13 06:00:00+01:00;5.5;23.59213951
1900-11-13 07:00:00+01:00;4.6;30.54925395
1900-11-13 08:00:00+01:00;4.8;35.6176315
1900-11-13 09:00:00+01:00;5.2;36.73080683
1900-11-13 10:00:00+01:00;5;36.97143434
1900-11-13 11:00:00+01:00;7.1;33.78413784
1900-11-13 12:00:00+01:00;10;30.67401076
1900-11-13 13:00:00+01:00;10.6;28.51307636
1900-11-13 14:00:00+01:00;10;26.6926371
1900-11-13 15:00:00+01:00;7.2;26.18157449
1900-11-13 16:00:00+01:00;4.5;22.36275377
1900-11-13 17:00:00+01:00;3.6;19.23436246
1900-11-13 18:00:00+01:00;2.7;18.33480366
1900-11-13 19:00:00+01:00;2.1;17.67743851
1900-11-13 20:00:00+01:00;1.6;16.50119546
1900-11-13 21:00:00+01:00;1;15.63508916
1900-11-13 22:00:00+01:00;1.2;14.41478464
1900-11-13 23:00:00+01:00;0.5;14.82270414
1900-11-14 00:00:00+01:00;0.8;15.43984601
1900-11-14 01:00:00+01:00;0.5;15.68850293
1900-11-14 02:00:00+01:00;0.1;16.5654069
1900-11-14 03:00:00+01:00;-0.6;17.48145081
1900-11-14 04:00:00+01:00;-0.7;18.72650526
1900-11-14 05:00:00+01:00;-0.6;21.50702501
1900-11-14 06:00:00+01:00;-0.6;29.04768861
1900-11-14 07:00:00+01:00;1.2;34.94139286
1900-11-14 08:00:00+01:00;1.2;40.92244315
1900-11-14 09:00:00+01:00;1.4;42.20701731
1900-11-14 10:00:00+01:00;1.6;42.16161081
1900-11-14 11:00:00+01:00;1.6;41.04355131
1900-11-14 12:00:00+01:00;1.5;41.7478208
1900-11-14 13:00:00+01:00;1.6;40.83784925
1900-11-14 14:00:00+01:00;1.5;38.32423789
1900-11-14 15:00:00+01:00;1.8;33.83783512
1900-11-14 16:00:00+01:00;1.9;26.6381837
1900-11-14 17:00:00+01:00;2.5;22.4806382
1900-11-14 18:00:00+01:00;2.6;20.89780112
1900-11-14 19:00:00+01:00;3;19.49821792
1900-11-14 20:00:00+01:00;2.4;18.34789884
1900-11-14 21:00:00+01:00;2.7;17.08744377
1900-11-14 22:00:00+01:00;2.1;15.93881661
1900-11-14 23:00:00+01:00;1.8;16.22463425
1900-11-15 00:00:00+01:00;1.7;16.99826141
1900-11-15 01:00:00+01:00;1.7;16.92540968
1900-11-15 02:00:00+01:00;1.7;17.48425292
1900-11-15 03:00:00+01:00;1.9;17.82550256
1900-11-15 04:00:00+01:00;2;18.81050145
1900-11-15 05:00:00+01:00;2.2;21.27800226
1900-11-15 06:00:00+01:00;2.4;27.79549451
1900-11-15 07:00:00+01:00;2.6;34.78842249
1900-11-15 08:00:00+01:00;2.5;40.51730194
1900-11-15 09:00:00+01:00;2.6;41.75252567
1900-11-15 10:00:00+01:00;2.8;41.48085627
1900-11-15 11:00:00+01:00;2.9;40.1058767
1900-11-15 12:00:00+01:00;3;40.14824346
1900-11-15 13:00:00+01:00;3.2;38.72638297
1900-11-15 14:00:00+01:00;3.2;35.92034173
1900-11-15 15:00:00+01:00;3.4;31.61446132
1900-11-15 16:00:00+01:00;3.3;24.97050526
1900-11-15 17:00:00+01:00;3.4;21.16018521
1900-11-15 18:00:00+01:00;3.5;19.6053084
1900-11-15 19:00:00+01:00;3.1;18.65299927
1900-11-15 20:00:00+01:00;2.8;17.41435797
1900-11-15 21:00:00+01:00;2.4;16.45810175
1900-11-15 22:00:00+01:00;1.9;15.34974996
1900-11-15 23:00:00+01:00;2.5;15.34524013
1900-11-16 00:00:00+01:00;2.8;15.97622069
1900-11-16 01:00:00+01:00;2.4;16.02871436
1900-11-16 02:00:00+01:00;1.7;16.84335456
1900-11-16 03:00:00+01:00;2.1;17.15674636
1900-11-16 04:00:00+01:00;2.2;18.16025084
1900-11-16 05:00:00+01:00;1.6;21.03623939
1900-11-16 06:00:00+01:00;1.8;27.74907985
1900-11-16 07:00:00+01:00;1.6;35.11712795
1900-11-16 08:00:00+01:00;1.1;41.49686221
1900-11-16 09:00:00+01:00;1.4;42.57122851
1900-11-16 10:00:00+01:00;1.8;42.21736545
1900-11-16 11:00:00+01:00;1.9;40.85724817
1900-11-16 12:00:00+01:00;1.8;41.28747169
1900-11-16 13:00:00+01:00;2;40.03742395
1900-11-16 14:00:00+01:00;2.5;36.72078866
1900-11-16 15:00:00+01:00;2;33.05044184
1900-11-16 16:00:00+01:00;1.8;26.03447776
1900-11-16 17:00:00+01:00;1.5;22.27958436
1900-11-16 18:00:00+01:00;1.5;20.84285946
1900-11-16 19:00:00+01:00;1.5;19.74492162
1900-11-16 20:00:00+01:00;1.5;18.28366705
1900-11-16 21:00:00+01:00;1.3;17.22042969
1900-11-16 22:00:00+01:00;1.2;15.92793085
1900-11-16 23:00:00+01:00;0.7;16.32973123
1900-11-17 00:00:00+01:00;1.4;16.62269709
1900-11-17 01:00:00+01:00;0.6;16.77600857
1900-11-17 02:00:00+01:00;0.2;16.99868376
1900-11-17 03:00:00+01:00;0.4;16.98793337
1900-11-17 04:00:00+01:00;0;17.6042835
1900-11-17 05:00:00+01:00;0.4;18.20406125
1900-11-17 06:00:00+01:00;0.2;19.21720284
1900-11-17 07:00:00+01:00;0;18.89790919
1900-11-17 08:00:00+01:00;-0.6;19.16345178
1900-11-17 09:00:00+01:00;0.6;18.44610486
1900-11-17 10:00:00+01:00;0.5;18.54621355
1900-11-17 11:00:00+01:00;0.6;18.40253807
1900-11-17 12:00:00+01:00;0.3;18.56294943
1900-11-17 13:00:00+01:00;0;18.5645307
1900-11-17 14:00:00+01:00;0.6;18.36248853
1900-11-17 15:00:00+01:00;0;18.81807874
1900-11-17 16:00:00+01:00;-1.2;19.4795663
1900-11-17 17:00:00+01:00;-1.4;19.52541318
1900-11-17 18:00:00+01:00;-1.7;19.33045533
1900-11-17 19:00:00+01:00;-2.3;19.63880391
1900-11-17 20:00:00+01:00;-2.3;19.28899207
1900-11-17 21:00:00+01:00;-2.8;19.38028139
1900-11-17 22:00:00+01:00;-3;18.61217508
1900-11-17 23:00:00+01:00;-2;18.59996578
1900-11-18 00:00:00+01:00;-2.1;18.92983935
1900-11-18 01:00:00+01:00;-3.9;19.48555958
1900-11-18 02:00:00+01:00;-5.5;20.2641576
1900-11-18 03:00:00+01:00;-5.8;20.58277583
1900-11-18 04:00:00+01:00;-5.6;21.1426367
1900-11-18 05:00:00+01:00;-6.3;22.41350341
1900-11-18 06:00:00+01:00;-5.3;23.31944845
1900-11-18 07:00:00+01:00;-5.6;23.09251473
1900-11-18 08:00:00+01:00;-6.1;23.37608558
1900-11-18 09:00:00+01:00;-4.6;22.4625525
1900-11-18 10:00:00+01:00;-3.1;21.8405236
1900-11-18 11:00:00+01:00;-2.5;21.49088695
1900-11-18 12:00:00+01:00;-1;20.77546784
1900-11-18 13:00:00+01:00;-1.5;20.78617958
1900-11-18 14:00:00+01:00;-1.7;20.92414487
1900-11-18 15:00:00+01:00;-2;21.31138272
1900-11-18 16:00:00+01:00;-2.5;21.66354943
1900-11-18 17:00:00+01:00;-3.4;22.1530992
1900-11-18 18:00:00+01:00;-4.3;22.19418346
1900-11-18 19:00:00+01:00;-6.1;23.07924263
1900-11-18 20:00:00+01:00;-6.3;22.75361961
1900-11-18 21:00:00+01:00;-6.6;22.7562956
1900-11-18 22:00:00+01:00;-7.1;21.88466764
1900-11-18 23:00:00+01:00;-8.3;22.74619167
1900-11-19 00:00:00+01:00;-9.6;23.45416703
1900-11-19 01:00:00+01:00;-8.8;23.57159255
1900-11-19 02:00:00+01:00;-8.7;24.65560134
1900-11-19 03:00:00+01:00;-9.3;25.71915813
1900-11-19 04:00:00+01:00;-8.3;26.95450757
1900-11-19 05:00:00+01:00;-6.3;29.39695912
1900-11-19 06:00:00+01:00;-5.6;38.50277668
1900-11-19 07:00:00+01:00;-4.6;47.63495067
1900-11-19 08:00:00+01:00;-3.6;53.55212373
1900-11-19 09:00:00+01:00;-4.8;55.76754706
1900-11-19 10:00:00+01:00;-3;53.71099828
1900-11-19 11:00:00+01:00;-2.4;51.56572504
1900-11-19 12:00:00+01:00;-2.5;51.88816743
1900-11-19 13:00:00+01:00;-2.5;50.38296258
1900-11-19 14:00:00+01:00;-2.5;47.00564114
1900-11-19 15:00:00+01:00;-3;42.29531362
1900-11-19 16:00:00+01:00;-3.3;33.72654282
1900-11-19 17:00:00+01:00;-3.6;29.27094879
1900-11-19 18:00:00+01:00;-4.1;27.74175576
1900-11-19 19:00:00+01:00;-3;25.75917102
1900-11-19 20:00:00+01:00;-3;23.75663855
1900-11-19 21:00:00+01:00;-2.9;22.25179496
1900-11-19 22:00:00+01:00;-2.8;20.32997971
1900-11-19 23:00:00+01:00;-4.3;21.11326499
1900-11-20 00:00:00+01:00;-4.8;21.97223262
1900-11-20 01:00:00+01:00;-4.3;21.79045186
1900-11-20 02:00:00+01:00;-4;22.43608824
1900-11-20 03:00:00+01:00;-4.1;22.99025926
1900-11-20 04:00:00+01:00;-3.5;24.0405509
1900-11-20 05:00:00+01:00;-3.8;27.1939342
1900-11-20 06:00:00+01:00;-3.5;35.70908505
1900-11-20 07:00:00+01:00;-4;45.45144666
1900-11-20 08:00:00+01:00;-4;52.36068422
1900-11-20 09:00:00+01:00;-3.5;52.82864562
1900-11-20 10:00:00+01:00;-4.6;53.85275623
1900-11-20 11:00:00+01:00;-4.6;52.24785171
1900-11-20 12:00:00+01:00;-3.3;51.36703192
1900-11-20 13:00:00+01:00;-3.3;50.07075941
1900-11-20 14:00:00+01:00;-3.5;46.97077196
1900-11-20 15:00:00+01:00;-4.8;42.99024423
1900-11-20 16:00:00+01:00;-4.1;33.14548617
1900-11-20 17:00:00+01:00;-4.6;28.69493791
1900-11-20 18:00:00+01:00;-3.4;26.46838719
1900-11-20 19:00:00+01:00;-2.8;24.8495042
1900-11-20 20:00:00+01:00;-3.9;23.37510382
1900-11-20 21:00:00+01:00;-3.4;21.80351125
1900-11-20 22:00:00+01:00;-3.5;20.07067059
1900-11-20 23:00:00+01:00;-3;20.29467261
1900-11-21 00:00:00+01:00;-3;21.08491355
1900-11-21 01:00:00+01:00;-2.6;20.93950611
1900-11-21 02:00:00+01:00;-2.9;21.80555101
1900-11-21 03:00:00+01:00;-3;22.4190968
1900-11-21 04:00:00+01:00;-3.8;24.12773554
1900-11-21 05:00:00+01:00;-3.4;27.02127968
1900-11-21 06:00:00+01:00;-3.3;35.6281756
1900-11-21 07:00:00+01:00;-5;46.48770506
1900-11-21 08:00:00+01:00;-5.3;53.90466059
1900-11-21 09:00:00+01:00;-4.5;54.10039445
1900-11-21 10:00:00+01:00;-1.7;50.9865888
1900-11-21 11:00:00+01:00;-1.4;49.09215301
1900-11-21 12:00:00+01:00;-1.2;49.01059561
1900-11-21 13:00:00+01:00;-1.5;47.85441366
1900-11-21 14:00:00+01:00;-1.9;44.98463201
1900-11-21 15:00:00+01:00;-1.2;39.22721151
1900-11-21 16:00:00+01:00;-1.7;31.27433975
1900-11-21 17:00:00+01:00;-2.4;27.13713582
1900-11-21 18:00:00+01:00;-2.3;25.41101376
1900-11-21 19:00:00+01:00;-6.8;26.28440112
1900-11-21 20:00:00+01:00;-5.1;23.40938108
1900-11-21 21:00:00+01:00;-6.1;22.34240959
1900-11-21 22:00:00+01:00;-5;20.19413225
1900-11-21 23:00:00+01:00;-2.5;19.83170688
1900-11-22 00:00:00+01:00;-2.1;20.52294959
1900-11-22 01:00:00+01:00;-1.2;20.20310693
1900-11-22 02:00:00+01:00;-1.2;20.88737282
1900-11-22 03:00:00+01:00;-0.8;21.23763547
1900-11-22 04:00:00+01:00;-0.8;22.46306639
1900-11-22 05:00:00+01:00;-0.3;25.0722012
1900-11-22 06:00:00+01:00;-0.5;32.91479496
1900-11-22 07:00:00+01:00;-0.7;41.59553072
1900-11-22 08:00:00+01:00;-0.3;47.33366907
1900-11-22 09:00:00+01:00;-0.3;48.37005679
1900-11-22 10:00:00+01:00;-0.1;47.9521667
1900-11-22 11:00:00+01:00;0;46.40844792
1900-11-22 12:00:00+01:00;0.3;46.22736335
1900-11-22 13:00:00+01:00;0.1;45.02004226
1900-11-22 14:00:00+01:00;0.4;41.53620789
1900-11-22 15:00:00+01:00;0.1;37.13918663
1900-11-22 16:00:00+01:00;-0.3;29.58569355
1900-11-22 17:00:00+01:00;-0.3;25.32429022
1900-11-22 18:00:00+01:00;-1;23.98982075
1900-11-22 19:00:00+01:00;-1.5;22.84389735
1900-11-22 20:00:00+01:00;-2;21.18480916
1900-11-22 21:00:00+01:00;-2.3;19.88253074
1900-11-22 22:00:00+01:00;-2.1;18.16178155
1900-11-22 23:00:00+01:00;-4.8;19.32151348
1900-11-23 00:00:00+01:00;-4.6;20.01742491
1900-11-23 01:00:00+01:00;-7.3;21.15834888
1900-11-23 02:00:00+01:00;-9.5;23.11425501
1900-11-23 03:00:00+01:00;-7.5;23.26176624
1900-11-23 04:00:00+01:00;-11.7;26.68633998
1900-11-23 05:00:00+01:00;-10.7;29.90966877
1900-11-23 06:00:00+01:00;-12;41.79683713
1900-11-23 07:00:00+01:00;-11.2;52.05097896
1900-11-23 08:00:00+01:00;-11.6;60.91136607
1900-11-23 09:00:00+01:00;-8.6;58.90454545
1900-11-23 10:00:00+01:00;-6.1;56.46085037
1900-11-23 11:00:00+01:00;-5.1;53.9133939
1900-11-23 12:00:00+01:00;-4.6;53.95370549
1900-11-23 13:00:00+01:00;-4.1;52.14179222
1900-11-23 14:00:00+01:00;-3.3;47.93361237
1900-11-23 15:00:00+01:00;-3.6;42.99727055
1900-11-23 16:00:00+01:00;-3.5;34.05239785
1900-11-23 17:00:00+01:00;-4;29.75060296
1900-11-23 18:00:00+01:00;-3.5;27.82128363
1900-11-23 19:00:00+01:00;-3.5;26.42792097
1900-11-23 20:00:00+01:00;-3.8;24.60254112
1900-11-23 21:00:00+01:00;-3.1;22.95711051
1900-11-23 22:00:00+01:00;-2.4;20.8931445
1900-11-23 23:00:00+01:00;-1.4;20.9811303
1900-11-24 00:00:00+01:00;-1.2;21.34955182
1900-11-24 01:00:00+01:00;-1.7;21.09690509
1900-11-24 02:00:00+01:00;-1.5;20.88058355
1900-11-24 03:00:00+01:00;-1.4;20.72849602
1900-11-24 04:00:00+01:00;-1.9;21.25493807
1900-11-24 05:00:00+01:00;-2.1;21.90540016
1900-11-24 06:00:00+01:00;-1.5;22.35004023
1900-11-24 07:00:00+01:00;-1.9;21.87421399
1900-11-24 08:00:00+01:00;-1.9;21.6098357
1900-11-24 09:00:00+01:00;-2;21.3735011
1900-11-24 10:00:00+01:00;-2.3;21.40400777
1900-11-24 11:00:00+01:00;-2;21.08540985
1900-11-24 12:00:00+01:00;-1.7;20.86679818
1900-11-24 13:00:00+01:00;-1.5;20.4964332
1900-11-24 14:00:00+01:00;-1;20.23465983
1900-11-24 15:00:00+01:00;-1.5;20.63933025
1900-11-24 16:00:00+01:00;-1;20.40537194
1900-11-24 17:00:00+01:00;-0.7;20.22809229
1900-11-24 18:00:00+01:00;-0.5;19.69426082
1900-11-24 19:00:00+01:00;-0.3;19.56777201
1900-11-24 20:00:00+01:00;0;19.15068973
1900-11-24 21:00:00+01:00;0;18.96451145
1900-11-24 22:00:00+01:00;-0.1;18.05448055
1900-11-24 23:00:00+01:00;-0.3;18.42728195
1900-11-25 00:00:00+01:00;-0.1;18.57337581
1900-11-25 01:00:00+01:00;0;18.29855495
1900-11-25 02:00:00+01:00;0;18.30114734
1900-11-25 03:00:00+01:00;-0.1;18.3277389
1900-11-25 04:00:00+01:00;-0.8;19.03288799
1900-11-25 05:00:00+01:00;-0.6;19.66229064
1900-11-25 06:00:00+01:00;-1;20.74832336
1900-11-25 07:00:00+01:00;-1.2;20.3654805
1900-11-25 08:00:00+01:00;-1;20.18310789
1900-11-25 09:00:00+01:00;-1;19.99206712
1900-11-25 10:00:00+01:00;-1.2;20.06919155
1900-11-25 11:00:00+01:00;-1.2;19.93702842
1900-11-25 12:00:00+01:00;-1;19.81407266
1900-11-25 13:00:00+01:00;-0.7;19.45911862
1900-11-25 14:00:00+01:00;-0.7;19.50655581
1900-11-25 15:00:00+01:00;-0.7;19.64356791
1900-11-25 16:00:00+01:00;-1.2;19.92933277
1900-11-25 17:00:00+01:00;-0.8;19.69383566
1900-11-25 18:00:00+01:00;-0.7;19.2652945
1900-11-25 19:00:00+01:00;-0.6;19.22436279
1900-11-25 20:00:00+01:00;-0.7;18.98817442
1900-11-25 21:00:00+01:00;-0.8;18.89758629
1900-11-25 22:00:00+01:00;-1.5;18.27479675
1900-11-25 23:00:00+01:00;-0.7;18.31108263
1900-11-26 00:00:00+01:00;-2;19.20997068
1900-11-26 01:00:00+01:00;-1.7;19.2024608
1900-11-26 02:00:00+01:00;-0.7;19.59942304
1900-11-26 03:00:00+01:00;-1;20.27353338
1900-11-26 04:00:00+01:00;-1.7;21.82378984
1900-11-26 05:00:00+01:00;-2.5;25.13849236
1900-11-26 06:00:00+01:00;-2.8;33.65799909
1900-11-26 07:00:00+01:00;-2.5;42.14100798
1900-11-26 08:00:00+01:00;-4.3;50.72475986
1900-11-26 09:00:00+01:00;-2.9;50.43302903
1900-11-26 10:00:00+01:00;-2.1;49.57124322
1900-11-26 11:00:00+01:00;-0.5;46.48454252
1900-11-26 12:00:00+01:00;-0.3;46.49939191
1900-11-26 13:00:00+01:00;0;44.85061477
1900-11-26 14:00:00+01:00;-0.3;42.07083494
1900-11-26 15:00:00+01:00;-1.5;38.49505656
1900-11-26 16:00:00+01:00;-2.5;30.76142829
1900-11-26 17:00:00+01:00;-4.3;27.15264045
1900-11-26 18:00:00+01:00;-5.8;26.37518337
1900-11-26 19:00:00+01:00;-6.6;25.67399215
1900-11-26 20:00:00+01:00;-6;23.32280401
1900-11-26 21:00:00+01:00;-8;22.65710159
1900-11-26 22:00:00+01:00;-7.8;20.81569241
1900-11-26 23:00:00+01:00;-10.2;22.13179619
1900-11-27 00:00:00+01:00;-10.2;22.97110257
1900-11-27 01:00:00+01:00;-12.3;24.18522157
1900-11-27 02:00:00+01:00;-12.2;25.6002757
1900-11-27 03:00:00+01:00;-9.7;25.67167622
1900-11-27 04:00:00+01:00;-8.2;26.7867978
1900-11-27 05:00:00+01:00;-9;30.66898335
1900-11-27 06:00:00+01:00;-9.7;41.72554626
1900-11-27 07:00:00+01:00;-13.8;56.54896088
1900-11-27 08:00:00+01:00;-14.7;66.38989321
1900-11-27 09:00:00+01:00;-13.2;65.79015137
1900-11-27 10:00:00+01:00;-7.6;60.13766279
1900-11-27 11:00:00+01:00;-4.8;55.75785225
1900-11-27 12:00:00+01:00;-4;55.27994545
1900-11-27 13:00:00+01:00;-3.4;53.06036852
1900-11-27 14:00:00+01:00;-5.8;52.18499954
1900-11-27 15:00:00+01:00;-7;47.69046793
1900-11-27 16:00:00+01:00;-8.6;38.62288872
1900-11-27 17:00:00+01:00;-10.3;34.25043609
1900-11-27 18:00:00+01:00;-12.7;33.68807748
1900-11-27 19:00:00+01:00;-11.3;31.70013483
1900-11-27 20:00:00+01:00;-11;28.99794425
1900-11-27 21:00:00+01:00;-10.6;27.17617411
1900-11-27 22:00:00+01:00;-9.2;24.48047838
1900-11-27 23:00:00+01:00;-8;24.66786921
1900-11-28 00:00:00+01:00;-7.5;25.37581379
1900-11-28 01:00:00+01:00;-6.3;24.92852826
1900-11-28 02:00:00+01:00;-5.1;25.28695807
1900-11-28 03:00:00+01:00;-6;26.21470408
1900-11-28 04:00:00+01:00;-5.3;27.45918528
1900-11-28 05:00:00+01:00;-4.3;30.2077088
1900-11-28 06:00:00+01:00;-3.8;38.96971604
1900-11-28 07:00:00+01:00;-2.4;47.67947525
1900-11-28 08:00:00+01:00;-2.6;54.22821184
1900-11-28 09:00:00+01:00;-2;54.2252064
1900-11-28 10:00:00+01:00;-0.6;52.21055583
1900-11-28 11:00:00+01:00;-0.1;50.16012447
1900-11-28 12:00:00+01:00;-1.5;51.46042121
1900-11-28 13:00:00+01:00;-1;49.16879466
1900-11-28 14:00:00+01:00;-0.7;45.33949149
1900-11-28 15:00:00+01:00;-3.5;42.86906001
1900-11-28 16:00:00+01:00;-2.6;33.26357073
1900-11-28 17:00:00+01:00;-4.1;29.25695042
1900-11-28 18:00:00+01:00;-4.5;27.50864807
1900-11-28 19:00:00+01:00;-5;26.23586317
1900-11-28 20:00:00+01:00;-4.3;23.71649484
1900-11-28 21:00:00+01:00;-5;22.3906979
1900-11-28 22:00:00+01:00;-5.6;20.64607854
1900-11-28 23:00:00+01:00;-6.8;21.38923085
1900-11-29 00:00:00+01:00;-6.8;22.11838348
1900-11-29 01:00:00+01:00;-7.8;22.64282638
1900-11-29 02:00:00+01:00;-6.5;23.21203378
1900-11-29 03:00:00+01:00;-7.1;24.16372659
1900-11-29 04:00:00+01:00;-6.6;25.47536944
1900-11-29 05:00:00+01:00;-7.6;29.25448524
1900-11-29 06:00:00+01:00;-7.3;39.00049872
1900-11-29 07:00:00+01:00;-6.5;48.51135057
1900-11-29 08:00:00+01:00;-6;55.43391442
1900-11-29 09:00:00+01:00;-5.3;55.77262271
1900-11-29 10:00:00+01:00;-4.1;54.49265922
1900-11-29 11:00:00+01:00;-2.4;51.30739495
1900-11-29 12:00:00+01:00;-2;51.09751332
1900-11-29 13:00:00+01:00;-2.8;50.49473288
1900-11-29 14:00:00+01:00;-3;47.37473035
1900-11-29 15:00:00+01:00;-5;44.02692023
1900-11-29 16:00:00+01:00;-5.1;34.65157577
1900-11-29 17:00:00+01:00;-5.5;30.03898959
1900-11-29 18:00:00+01:00;-7.1;29.09937405
1900-11-29 19:00:00+01:00;-8.2;28.32295532
1900-11-29 20:00:00+01:00;-8;25.92580474
1900-11-29 21:00:00+01:00;-8.2;24.46600067
1900-11-29 22:00:00+01:00;-6.3;21.86552593
1900-11-29 23:00:00+01:00;-6.1;22.26445556
1900-11-30 00:00:00+01:00;-7;23.34743902
1900-11-30 01:00:00+01:00;-6.3;23.22258313
1900-11-30 02:00:00+01:00;-8.1;24.84809102
1900-11-30 03:00:00+01:00;-10;26.38563589
1900-11-30 04:00:00+01:00;-9.1;27.69869617
1900-11-30 05:00:00+01:00;-7.3;30.29035266
1900-11-30 06:00:00+01:00;-7.6;40.4601819
1900-11-30 07:00:00+01:00;-7.1;50.56654187
1900-11-30 08:00:00+01:00;-6.8;57.75541821
1900-11-30 09:00:00+01:00;-5.5;57.31710614
1900-11-30 10:00:00+01:00;-3.5;55.00903777
1900-11-30 11:00:00+01:00;-2.5;52.46141899
1900-11-30 12:00:00+01:00;-2;52.06717414
1900-11-30 13:00:00+01:00;-1.4;49.71649704
1900-11-30 14:00:00+01:00;-1.4;46.2755608
1900-11-30 15:00:00+01:00;-1;40.70330532
1900-11-30 16:00:00+01:00;-1;32.58052179
1900-11-30 17:00:00+01:00;-1.7;28.49241968
1900-11-30 18:00:00+01:00;-2;26.72810656
1900-11-30 19:00:00+01:00;-2.4;25.35673157
1900-11-30 20:00:00+01:00;-2;23.20035319
1900-11-30 21:00:00+01:00;-2.3;21.82316366
1900-11-30 22:00:00+01:00;-3.7;20.41619424
1900-11-30 23:00:00+01:00;-6.8;21.77178478
1900-12-01 00:00:00+01:00;-7.5;22.67293186
1900-12-01 01:00:00+01:00;-7.7;22.61347204
1900-12-01 02:00:00+01:00;-9.8;23.51228877
1900-12-01 03:00:00+01:00;-11.3;24.21301263
1900-12-01 04:00:00+01:00;-10.2;24.44552783
1900-12-01 05:00:00+01:00;-12.2;26.29890936
1900-12-01 06:00:00+01:00;-9.1;26.46518611
1900-12-01 07:00:00+01:00;-10.6;26.74799792
1900-12-01 08:00:00+01:00;-12.8;27.86709668
1900-12-01 09:00:00+01:00;-11;26.61660118
1900-12-01 10:00:00+01:00;-9;25.82556592
1900-12-01 11:00:00+01:00;-7.5;25.10721764
1900-12-01 12:00:00+01:00;-7.6;25.1938403
1900-12-01 13:00:00+01:00;-6.6;24.52178347
1900-12-01 14:00:00+01:00;-6.1;24.39032329
1900-12-01 15:00:00+01:00;-6.3;24.84104026
1900-12-01 16:00:00+01:00;-6.3;25.07701067
1900-12-01 17:00:00+01:00;-6;25.08645821
1900-12-01 18:00:00+01:00;-5.6;24.51311898
1900-12-01 19:00:00+01:00;-5.5;24.59460103
1900-12-01 20:00:00+01:00;-5.3;24.31787511
1900-12-01 21:00:00+01:00;-5.3;24.26867005
1900-12-01 22:00:00+01:00;-4.8;22.89534682
1900-12-01 23:00:00+01:00;-4.5;23.21503975
1900-12-02 00:00:00+01:00;-4.1;23.1783123
1900-12-02 01:00:00+01:00;-4.1;22.80176616
1900-12-02 02:00:00+01:00;-4.1;22.72004121
1900-12-02 03:00:00+01:00;-3.8;22.48689999
1900-12-02 04:00:00+01:00;-3.6;22.86083055
1900-12-02 05:00:00+01:00;-3.6;23.45584423
1900-12-02 06:00:00+01:00;-3.4;24.23765978
1900-12-02 07:00:00+01:00;-2.5;23.13947573
1900-12-02 08:00:00+01:00;-2.5;22.84499793
1900-12-02 09:00:00+01:00;-2;22.32148479
1900-12-02 10:00:00+01:00;-1.2;21.7070321
1900-12-02 11:00:00+01:00;-0.7;21.20884053
1900-12-02 12:00:00+01:00;-1;21.20089358
1900-12-02 13:00:00+01:00;-0.8;20.7386644
1900-12-02 14:00:00+01:00;-0.7;20.56959515
1900-12-02 15:00:00+01:00;-0.5;20.59875596
1900-12-02 16:00:00+01:00;-0.3;20.4777713
1900-12-02 17:00:00+01:00;-0.3;20.47055342
1900-12-02 18:00:00+01:00;-0.3;19.98939782
1900-12-02 19:00:00+01:00;-2;20.72582303
1900-12-02 20:00:00+01:00;-2.1;20.41125312
1900-12-02 21:00:00+01:00;-2.3;20.27959545
1900-12-02 22:00:00+01:00;-3.4;19.65507851
1900-12-02 23:00:00+01:00;-1.9;19.41401724
1900-12-03 00:00:00+01:00;-3;20.16577915
1900-12-03 01:00:00+01:00;-3.1;20.23620665
1900-12-03 02:00:00+01:00;-3.4;21.13170008
1900-12-03 03:00:00+01:00;-5;22.38824058
1900-12-03 04:00:00+01:00;-4.6;23.62409009
1900-12-03 05:00:00+01:00;-4.5;26.67673464
1900-12-03 06:00:00+01:00;-4.8;35.81092005
1900-12-03 07:00:00+01:00;-5.1;45.41085398
1900-12-03 08:00:00+01:00;-5.6;53.07127107
1900-12-03 09:00:00+01:00;-4.6;53.1341848
1900-12-03 10:00:00+01:00;-4;52.52737695
1900-12-03 11:00:00+01:00;-2.3;49.31021023
1900-12-03 12:00:00+01:00;-2.4;49.76864684
1900-12-03 13:00:00+01:00;-1.4;47.39203383
1900-12-03 14:00:00+01:00;-1.4;44.19240096
1900-12-03 15:00:00+01:00;-3.4;41.20028225
1900-12-03 16:00:00+01:00;-3.5;32.35925182
1900-12-03 17:00:00+01:00;-4.6;28.33571333
1900-12-03 18:00:00+01:00;-4;26.51109174
1900-12-03 19:00:00+01:00;-5;25.73410001
1900-12-03 20:00:00+01:00;-4.5;23.49614799
1900-12-03 21:00:00+01:00;-3.6;21.78632101
1900-12-03 22:00:00+01:00;-4.3;20.23091987
1900-12-03 23:00:00+01:00;-3.5;20.42851374
1900-12-04 00:00:00+01:00;-3.4;21.22926303
1900-12-04 01:00:00+01:00;-3.3;21.23499684
1900-12-04 02:00:00+01:00;-2.5;21.73979751
1900-12-04 03:00:00+01:00;-2;22.06925169
1900-12-04 04:00:00+01:00;-1.7;23.22559237
1900-12-04 05:00:00+01:00;-0.3;25.45963867
1900-12-04 06:00:00+01:00;0.4;32.62505351
1900-12-04 07:00:00+01:00;4.4;37.36277708
1900-12-04 08:00:00+01:00;7.4;39.30918738
1900-12-04 09:00:00+01:00;5.5;42.35163284
1900-12-04 10:00:00+01:00;11.2;34.73786048
1900-12-04 11:00:00+01:00;8.9;36.86059495
1900-12-04 12:00:00+01:00;9.6;35.30019914
1900-12-04 13:00:00+01:00;7.8;35.18571801
1900-12-04 14:00:00+01:00;7.7;32.34899366
1900-12-04 15:00:00+01:00;4.7;31.33373616
1900-12-04 16:00:00+01:00;1.3;26.99720009
1900-12-04 17:00:00+01:00;2;22.5164593
1900-12-04 18:00:00+01:00;2;20.84760903
1900-12-04 19:00:00+01:00;1.4;19.82287015
1900-12-04 20:00:00+01:00;1.2;18.27044972
1900-12-04 21:00:00+01:00;0.6;17.21313013
1900-12-04 22:00:00+01:00;0.4;15.83126894
1900-12-04 23:00:00+01:00;-1.5;16.5548854
1900-12-05 00:00:00+01:00;-2;17.31254966
1900-12-05 01:00:00+01:00;-0.8;17.01613987
1900-12-05 02:00:00+01:00;-1.2;17.83278611
1900-12-05 03:00:00+01:00;-3.5;19.3054732
1900-12-05 04:00:00+01:00;-2.9;20.28124401
1900-12-05 05:00:00+01:00;-2.9;23.17902244
1900-12-05 06:00:00+01:00;-3;31.42576456
1900-12-05 07:00:00+01:00;-4.3;40.8461144
1900-12-05 08:00:00+01:00;-5.1;48.89219044
1900-12-05 09:00:00+01:00;-4.1;49.30301425
1900-12-05 10:00:00+01:00;-3.3;49.06928286
1900-12-05 11:00:00+01:00;-2.8;47.38783459
1900-12-05 12:00:00+01:00;-2.3;47.77952891
1900-12-05 13:00:00+01:00;0.1;44.29713714
1900-12-05 14:00:00+01:00;1.6;39.82689466
1900-12-05 15:00:00+01:00;1.8;35.25376097
1900-12-05 16:00:00+01:00;-0.3;29.34980633
1900-12-05 17:00:00+01:00;-0.3;25.20367467
1900-12-05 18:00:00+01:00;1.8;22.65377126
1900-12-05 19:00:00+01:00;4.5;20.0367848
1900-12-05 20:00:00+01:00;4.3;18.81445768
1900-12-05 21:00:00+01:00;2.8;18.20182518
1900-12-05 22:00:00+01:00;2.6;16.82078979
1900-12-05 23:00:00+01:00;3.6;16.69342062
1900-12-06 00:00:00+01:00;4.3;17.22824601
1900-12-06 01:00:00+01:00;3.5;17.19094179
1900-12-06 02:00:00+01:00;2.4;18.0252904
1900-12-06 03:00:00+01:00;2.8;18.18835425
1900-12-06 04:00:00+01:00;3.2;18.98801334
1900-12-06 05:00:00+01:00;3;21.54674506
1900-12-06 06:00:00+01:00;2.2;28.60339206
1900-12-06 07:00:00+01:00;2.1;35.92978485
1900-12-06 08:00:00+01:00;2.3;41.21901351
1900-12-06 09:00:00+01:00;1.5;43.17322696
1900-12-06 10:00:00+01:00;2.7;41.71481493
1900-12-06 11:00:00+01:00;3.4;39.58488029
1900-12-06 12:00:00+01:00;4;38.91467566
1900-12-06 13:00:00+01:00;3;38.73134872
1900-12-06 14:00:00+01:00;2.4;36.59334288
1900-12-06 15:00:00+01:00;1.4;33.37099621
1900-12-06 16:00:00+01:00;-0.1;26.81709532
1900-12-06 17:00:00+01:00;-2.1;23.56010641
1900-12-06 18:00:00+01:00;-3;22.6580462
1900-12-06 19:00:00+01:00;-3.1;21.82301429
1900-12-06 20:00:00+01:00;-3.1;20.0779243
1900-12-06 21:00:00+01:00;-2.8;18.76020199
1900-12-06 22:00:00+01:00;-2.4;17.22558558
1900-12-06 23:00:00+01:00;-2;17.47734327
1900-12-07 00:00:00+01:00;-2.4;18.43063558
1900-12-07 01:00:00+01:00;-2;18.53131764
1900-12-07 02:00:00+01:00;-1.7;19.26629586
1900-12-07 03:00:00+01:00;-0.8;19.56129227
1900-12-07 04:00:00+01:00;-0.5;20.72129516
1900-12-07 05:00:00+01:00;-1;23.85322811
1900-12-07 06:00:00+01:00;-1;31.70439851
1900-12-07 07:00:00+01:00;-1;40.0330427
1900-12-07 08:00:00+01:00;-0.7;46.14987275
1900-12-07 09:00:00+01:00;-0.6;47.33378611
1900-12-07 10:00:00+01:00;-1;47.79211188
1900-12-07 11:00:00+01:00;-0.3;45.79105747
1900-12-07 12:00:00+01:00;-0.1;45.98518571
1900-12-07 13:00:00+01:00;0.1;44.57630782
1900-12-07 14:00:00+01:00;0;41.67741223
1900-12-07 15:00:00+01:00;-0.3;37.32796127
1900-12-07 16:00:00+01:00;-0.5;29.55247582
1900-12-07 17:00:00+01:00;-0.6;25.32480626
1900-12-07 18:00:00+01:00;-2.3;24.46737943
1900-12-07 19:00:00+01:00;-3;23.55861332
1900-12-07 20:00:00+01:00;-2.5;21.44507561
1900-12-07 21:00:00+01:00;-2.5;20.09883323
1900-12-07 22:00:00+01:00;-3.4;18.75698034
1900-12-07 23:00:00+01:00;-5;19.62467171
1900-12-08 00:00:00+01:00;-5.6;20.51819661
1900-12-08 01:00:00+01:00;-3.9;19.86018528
1900-12-08 02:00:00+01:00;-4.6;20.25342935
1900-12-08 03:00:00+01:00;-4.3;20.28007422
1900-12-08 04:00:00+01:00;-3;20.34853952
1900-12-08 05:00:00+01:00;-3;21.17444353
1900-12-08 06:00:00+01:00;-3.3;22.4053988
1900-12-08 07:00:00+01:00;-3.4;22.02053987
1900-12-08 08:00:00+01:00;-3.5;22.04876725
1900-12-08 09:00:00+01:00;-4.1;22.13987623
1900-12-08 10:00:00+01:00;-4;22.15389735
1900-12-08 11:00:00+01:00;-3.5;21.86170143
1900-12-08 12:00:00+01:00;-3;21.64392344
1900-12-08 13:00:00+01:00;-2.4;21.16348084
1900-12-08 14:00:00+01:00;-1.7;20.867118
1900-12-08 15:00:00+01:00;-2;21.24589434
1900-12-08 16:00:00+01:00;-1.5;21.08604182
1900-12-08 17:00:00+01:00;-1.5;21.15819062
1900-12-08 18:00:00+01:00;-1.2;20.60180664
1900-12-08 19:00:00+01:00;-1.4;20.70111626
1900-12-08 20:00:00+01:00;-1.5;20.49383565
1900-12-08 21:00:00+01:00;-1.2;20.23374518
1900-12-08 22:00:00+01:00;-1.4;19.28695157
1900-12-08 23:00:00+01:00;-1;19.4294523
1900-12-09 00:00:00+01:00;-0.8;19.48383348
1900-12-09 01:00:00+01:00;-0.7;19.15632491
1900-12-09 02:00:00+01:00;-1;19.22318872
1900-12-09 03:00:00+01:00;-1;19.17848453
1900-12-09 04:00:00+01:00;-0.6;19.46182924
1900-12-09 05:00:00+01:00;-0.7;20.18438353
1900-12-09 06:00:00+01:00;-1.5;21.4197151
1900-12-09 07:00:00+01:00;-1.7;21.00880883
1900-12-09 08:00:00+01:00;-3;21.55507829
1900-12-09 09:00:00+01:00;-3.8;21.67191284
1900-12-09 10:00:00+01:00;0.2;19.77139024
1900-12-09 11:00:00+01:00;0.6;19.37798287
1900-12-09 12:00:00+01:00;1.5;18.85956443
1900-12-09 13:00:00+01:00;1.4;18.61833183
1900-12-09 14:00:00+01:00;0.1;19.2284725
1900-12-09 15:00:00+01:00;-0.3;19.5643446
1900-12-09 16:00:00+01:00;0;19.42372634
1900-12-09 17:00:00+01:00;0.7;19.05771346
1900-12-09 18:00:00+01:00;0.6;18.70060833
1900-12-09 19:00:00+01:00;0.7;18.63199738
1900-12-09 20:00:00+01:00;-0.3;18.78201771
1900-12-09 21:00:00+01:00;-1.9;19.24755893
1900-12-09 22:00:00+01:00;-2;18.37988882
1900-12-09 23:00:00+01:00;1.6;17.40655722
1900-12-10 00:00:00+01:00;1.9;17.88503507
1900-12-10 01:00:00+01:00;1.7;17.79791596
1900-12-10 02:00:00+01:00;0.3;18.86800719
1900-12-10 03:00:00+01:00;1.7;18.77908491
1900-12-10 04:00:00+01:00;0.8;20.26229774
1900-12-10 05:00:00+01:00;0;23.35945561
1900-12-10 06:00:00+01:00;-2.3;32.55800531
1900-12-10 07:00:00+01:00;1.3;37.62765191
1900-12-10 08:00:00+01:00;0.6;44.16641302
1900-12-10 09:00:00+01:00;0.1;45.79173654
1900-12-10 10:00:00+01:00;0.8;45.00225133
1900-12-10 11:00:00+01:00;0.7;43.74085974
1900-12-10 12:00:00+01:00;-1.7;46.58799441
1900-12-10 13:00:00+01:00;-2.6;46.64896635
1900-12-10 14:00:00+01:00;-2.9;43.94073228
1900-12-10 15:00:00+01:00;-3.3;39.41932728
1900-12-10 16:00:00+01:00;-2.4;29.93932705
1900-12-10 17:00:00+01:00;-0.6;24.70599603
1900-12-10 18:00:00+01:00;-3.1;24.35808274
1900-12-10 19:00:00+01:00;0.5;21.50768266
1900-12-10 20:00:00+01:00;1.5;19.5037192
1900-12-10 21:00:00+01:00;0.1;18.75394009
1900-12-10 22:00:00+01:00;0.4;17.14009995
1900-12-10 23:00:00+01:00;0.4;17.4405806
1900-12-11 00:00:00+01:00;0.1;18.35146338
1900-12-11 01:00:00+01:00;-0.1;18.4309351
1900-12-11 02:00:00+01:00;0.2;18.99741748
1900-12-11 03:00:00+01:00;-0.3;19.74838157
1900-12-11 04:00:00+01:00;-1.2;21.3736092
1900-12-11 05:00:00+01:00;-1.2;24.26241993
1900-12-11 06:00:00+01:00;-2;32.70100045
1900-12-11 07:00:00+01:00;-2;41.27826751
1900-12-11 08:00:00+01:00;-3;48.94384463
1900-12-11 09:00:00+01:00;-2.8;49.95365817
1900-12-11 10:00:00+01:00;-5.6;52.98262559
1900-12-11 11:00:00+01:00;-5.3;51.14812617
1900-12-11 12:00:00+01:00;-3.6;50.06527327
1900-12-11 13:00:00+01:00;-5.6;51.24307891
1900-12-11 14:00:00+01:00;-6.3;48.75123705
1900-12-11 15:00:00+01:00;-7;44.0035765
1900-12-11 16:00:00+01:00;-7.3;33.97690633
1900-12-11 17:00:00+01:00;-8;29.36854206
1900-12-11 18:00:00+01:00;-10;28.86207569
1900-12-11 19:00:00+01:00;-10;27.90348101
1900-12-11 20:00:00+01:00;-11.1;26.03427888
1900-12-11 21:00:00+01:00;-8.7;23.72254691
1900-12-11 22:00:00+01:00;-7.8;21.61879273
1900-12-11 23:00:00+01:00;-6.8;21.9192497
1900-12-12 00:00:00+01:00;-6.3;22.70635664
1900-12-12 01:00:00+01:00;-6.1;22.89445076
1900-12-12 02:00:00+01:00;-5.8;23.85083543
1900-12-12 03:00:00+01:00;-5;24.32114473
1900-12-12 04:00:00+01:00;-5;25.89666093
1900-12-12 05:00:00+01:00;-1.2;27.36435641
1900-12-12 06:00:00+01:00;-1.7;35.98601616
1900-12-12 07:00:00+01:00;-1.4;45.26843782
1900-12-12 08:00:00+01:00;-1.2;51.57479318
1900-12-12 09:00:00+01:00;-0.7;52.09357719
1900-12-12 10:00:00+01:00;-1.7;52.65735171
1900-12-12 11:00:00+01:00;-1.5;50.84894724
1900-12-12 12:00:00+01:00;-2;51.4017862
1900-12-12 13:00:00+01:00;-2.1;49.83819884
1900-12-12 14:00:00+01:00;-2.9;47.21736912
1900-12-12 15:00:00+01:00;-3;41.97623174
1900-12-12 16:00:00+01:00;-4.1;33.74044615
1900-12-12 17:00:00+01:00;-5.3;29.5002457
1900-12-12 18:00:00+01:00;-5.5;27.7851728
1900-12-12 19:00:00+01:00;-7.6;27.37150148
1900-12-12 20:00:00+01:00;-6.5;24.51263401
1900-12-12 21:00:00+01:00;-7.3;23.22390257
1900-12-12 22:00:00+01:00;-8.3;21.5783554
1900-12-12 23:00:00+01:00;-8.5;22.11100985
1900-12-13 00:00:00+01:00;-9.7;23.2405638
1900-12-13 01:00:00+01:00;-9.1;23.3953037
1900-12-13 02:00:00+01:00;-9.7;24.75915406
1900-12-13 03:00:00+01:00;-7.6;24.78545658
1900-12-13 04:00:00+01:00;-9.6;27.24345026
1900-12-13 05:00:00+01:00;-10.8;31.44714705
1900-12-13 06:00:00+01:00;-15.6;46.19420452
1900-12-13 07:00:00+01:00;-10.3;53.52329317
1900-12-13 08:00:00+01:00;-13;64.7609438
1900-12-13 09:00:00+01:00;-11.5;64.24921477
1900-12-13 10:00:00+01:00;-9;61.78506985
1900-12-13 11:00:00+01:00;-9.2;60.30458871
1900-12-13 12:00:00+01:00;-7.3;59.05982092
1900-12-13 13:00:00+01:00;-7;57.38139174
1900-12-13 14:00:00+01:00;-8.2;55.06113646
1900-12-13 15:00:00+01:00;-7.3;48.24959747
1900-12-13 16:00:00+01:00;-8.2;38.63690481
1900-12-13 17:00:00+01:00;-8.1;33.44254809
1900-12-13 18:00:00+01:00;-8.6;31.89647114
1900-12-13 19:00:00+01:00;-8.3;30.26620276
1900-12-13 20:00:00+01:00;-6.6;27.20679293
1900-12-13 21:00:00+01:00;-5.5;25.23554269
1900-12-13 22:00:00+01:00;-5.1;22.96837271
1900-12-13 23:00:00+01:00;-5.1;23.44363925
1900-12-14 00:00:00+01:00;-4.6;24.13760412
1900-12-14 01:00:00+01:00;-2.6;23.32696112
1900-12-14 02:00:00+01:00;0;22.96475834
1900-12-14 03:00:00+01:00;2.7;22.21894952
1900-12-14 04:00:00+01:00;2.9;23.18408802
1900-12-14 05:00:00+01:00;3.1;25.62345504
1900-12-14 06:00:00+01:00;4;31.54319249
1900-12-14 07:00:00+01:00;6;37.77243129
1900-12-14 08:00:00+01:00;5.3;43.20906188
1900-12-14 09:00:00+01:00;4.6;44.7059887
1900-12-14 10:00:00+01:00;3.9;44.64276579
1900-12-14 11:00:00+01:00;3.4;43.53876574
1900-12-14 12:00:00+01:00;2.9;43.60522724
1900-12-14 13:00:00+01:00;4.1;40.40697823
1900-12-14 14:00:00+01:00;3;38.33721117
1900-12-14 15:00:00+01:00;2.1;34.65973185
1900-12-14 16:00:00+01:00;1.8;27.5231882
1900-12-14 17:00:00+01:00;2.2;23.1419177
1900-12-14 18:00:00+01:00;1.3;21.73227849
1900-12-14 19:00:00+01:00;-0.5;21.19813937
1900-12-14 20:00:00+01:00;-2;19.97816417
1900-12-14 21:00:00+01:00;-3.3;19.0608572
1900-12-14 22:00:00+01:00;-3.5;17.5359484
1900-12-14 23:00:00+01:00;-3.8;17.85487731
1900-12-15 00:00:00+01:00;-5.8;19.1435445
1900-12-15 01:00:00+01:00;-6.6;19.4665431
1900-12-15 02:00:00+01:00;-6.1;19.55878506
1900-12-15 03:00:00+01:00;-6.1;19.83812455
1900-12-15 04:00:00+01:00;-6.1;20.52004783
1900-12-15 05:00:00+01:00;-6.1;21.58063928
1900-12-15 06:00:00+01:00;-5.8;22.9249587
1900-12-15 07:00:00+01:00;-8.2;23.87623404
1900-12-15 08:00:00+01:00;-6.8;23.38173633
1900-12-15 09:00:00+01:00;-6;22.83405989
1900-12-15 10:00:00+01:00;-5.3;22.72357812
1900-12-15 11:00:00+01:00;-4.6;22.42916926
1900-12-15 12:00:00+01:00;-3.5;21.98623645
1900-12-15 13:00:00+01:00;-2.5;21.37745661
1900-12-15 14:00:00+01:00;-4.3;22.41975217
1900-12-15 15:00:00+01:00;-4.8;22.98392606
1900-12-15 16:00:00+01:00;-4.5;23.03204077
1900-12-15 17:00:00+01:00;-5.6;23.69410738
1900-12-15 18:00:00+01:00;-6.5;23.80351102
1900-12-15 19:00:00+01:00;-7.1;24.20375074
1900-12-15 20:00:00+01:00;-8.5;24.39985841
1900-12-15 21:00:00+01:00;-8.8;24.42643403
1900-12-15 22:00:00+01:00;-9.3;23.48754171
1900-12-15 23:00:00+01:00;-10.7;24.45256293
1900-12-16 00:00:00+01:00;-12.1;25.16016782
1900-12-16 01:00:00+01:00;-11.6;24.96642406
1900-12-16 02:00:00+01:00;-11.2;25.07245356
1900-12-16 03:00:00+01:00;-13.7;26.26906303
1900-12-16 04:00:00+01:00;-11.7;26.30722223
1900-12-16 05:00:00+01:00;-9.5;26.43530638
1900-12-16 06:00:00+01:00;-8.2;27.22577632
1900-12-16 07:00:00+01:00;-7;26.09911677
1900-12-16 08:00:00+01:00;-6.3;25.64742599
1900-12-16 09:00:00+01:00;-6.3;25.41361048
1900-12-16 10:00:00+01:00;-6.1;25.22512206
1900-12-16 11:00:00+01:00;-6;25.07015687
1900-12-16 12:00:00+01:00;-5.8;24.95205198
1900-12-16 13:00:00+01:00;-5.1;24.33627581
1900-12-16 14:00:00+01:00;-5.1;24.31652124
1900-12-16 15:00:00+01:00;-4;24.052607
1900-12-16 16:00:00+01:00;-3.5;23.94560679
1900-12-16 17:00:00+01:00;-2.6;23.66795299
1900-12-16 18:00:00+01:00;-2;22.89177875
1900-12-16 19:00:00+01:00;1;21.51198454
1900-12-16 20:00:00+01:00;1;21.42790776
1900-12-16 21:00:00+01:00;1;21.19576434
1900-12-16 22:00:00+01:00;1.1;19.91481955
1900-12-16 23:00:00+01:00;1.1;20.14996465
1900-12-17 00:00:00+01:00;0.7;20.73194886
1900-12-17 01:00:00+01:00;1;20.19870793
1900-12-17 02:00:00+01:00;0.3;20.82763537
1900-12-17 03:00:00+01:00;-0.7;21.44464447
1900-12-17 04:00:00+01:00;-1.4;22.80289433
1900-12-17 05:00:00+01:00;-1.5;25.60478504
1900-12-17 06:00:00+01:00;-1.5;33.51761168
1900-12-17 07:00:00+01:00;-1.2;41.8093755
1900-12-17 08:00:00+01:00;-1.5;48.35290711
1900-12-17 09:00:00+01:00;-1.5;49.32017604
1900-12-17 10:00:00+01:00;-1;48.50815313
1900-12-17 11:00:00+01:00;-1;46.86919805
1900-12-17 12:00:00+01:00;-1;46.99843064
1900-12-17 13:00:00+01:00;-1;45.65124414
1900-12-17 14:00:00+01:00;-1;42.43729023
1900-12-17 15:00:00+01:00;-1.4;37.97297932
1900-12-17 16:00:00+01:00;-1.9;29.8939439
1900-12-17 17:00:00+01:00;-1.4;25.23003954
1900-12-17 18:00:00+01:00;-1.7;23.79151091
1900-12-17 19:00:00+01:00;-2;22.79037835
1900-12-17 20:00:00+01:00;-2.5;21.23503
1900-12-17 21:00:00+01:00;-3;20.15277914
1900-12-17 22:00:00+01:00;-2.8;18.53767017
1900-12-17 23:00:00+01:00;-2.5;18.84647025
1900-12-18 00:00:00+01:00;-2;19.5284826
1900-12-18 01:00:00+01:00;-2.5;19.79875378
1900-12-18 02:00:00+01:00;-2.8;20.75064005
1900-12-18 03:00:00+01:00;-2.8;21.39159011
1900-12-18 04:00:00+01:00;-3.4;22.99728906
1900-12-18 05:00:00+01:00;-3.5;26.10255059
1900-12-18 06:00:00+01:00;-3.5;34.74527506
1900-12-18 07:00:00+01:00;-3;43.36669012
1900-12-18 08:00:00+01:00;-3.6;50.76235976
1900-12-18 09:00:00+01:00;-3.3;51.58454255
1900-12-18 10:00:00+01:00;-3.5;51.77082138
1900-12-18 11:00:00+01:00;-4.3;51.03540407
1900-12-18 12:00:00+01:00;-4;51.30099246
1900-12-18 13:00:00+01:00;-4.8;51.11154764
1900-12-18 14:00:00+01:00;-5;48.08075204
1900-12-18 15:00:00+01:00;-5.3;43.07041084
1900-12-18 16:00:00+01:00;-4;32.71653029
1900-12-18 17:00:00+01:00;-3.6;27.91533485
1900-12-18 18:00:00+01:00;-5.3;27.11088285
1900-12-18 19:00:00+01:00;-6;26.23457795
1900-12-18 20:00:00+01:00;-7.1;24.55100066
1900-12-18 21:00:00+01:00;-7.8;23.34393133
1900-12-18 22:00:00+01:00;-9.2;21.91743528
1900-12-18 23:00:00+01:00;-7.8;22.06083876
1900-12-19 00:00:00+01:00;-9.8;23.53657965
1900-12-19 01:00:00+01:00;-13.7;25.28625024
1900-12-19 02:00:00+01:00;-14.3;27.01436967
1900-12-19 03:00:00+01:00;-12.3;27.35356549
1900-12-19 04:00:00+01:00;-14;29.99213595
1900-12-19 05:00:00+01:00;-17.5;35.63726946
1900-12-19 06:00:00+01:00;-15.1;46.99980078
1900-12-19 07:00:00+01:00;-13.3;57.80521314
1900-12-19 08:00:00+01:00;-15.7;69.27170957
1900-12-19 09:00:00+01:00;-15.3;69.7629728
1900-12-19 10:00:00+01:00;-12.6;67.14748491
1900-12-19 11:00:00+01:00;-12;64.67814564
1900-12-19 12:00:00+01:00;-10.2;63.66701417
1900-12-19 13:00:00+01:00;-8.8;60.74674521
1900-12-19 14:00:00+01:00;-8.7;56.82984869
1900-12-19 15:00:00+01:00;-8;50.00211101
1900-12-19 16:00:00+01:00;-8.7;40.09236933
1900-12-19 17:00:00+01:00;-9;35.07765034
1900-12-19 18:00:00+01:00;-7.8;32.67804618
1900-12-19 19:00:00+01:00;-8.1;31.25558574
1900-12-19 20:00:00+01:00;-6.8;28.34727348
1900-12-19 21:00:00+01:00;-5.8;26.38162647
1900-12-19 22:00:00+01:00;-5.5;24.03568364
1900-12-19 23:00:00+01:00;-5.3;24.52686553
1900-12-20 00:00:00+01:00;-4.3;25.13560217
1900-12-20 01:00:00+01:00;-3.8;24.66416497
1900-12-20 02:00:00+01:00;-2.9;24.9296589
1900-12-20 03:00:00+01:00;-1.9;24.91796884
1900-12-20 04:00:00+01:00;-0.7;25.62521213
1900-12-20 05:00:00+01:00;-1.4;28.660512
1900-12-20 06:00:00+01:00;-1.7;36.98562481
1900-12-20 07:00:00+01:00;-1.5;46.27758478
1900-12-20 08:00:00+01:00;-0.5;51.29137914
1900-12-20 09:00:00+01:00;-0.6;51.95964374
1900-12-20 10:00:00+01:00;-0.6;51.21308543
1900-12-20 11:00:00+01:00;-0.6;49.39305838
1900-12-20 12:00:00+01:00;0;48.49328776
1900-12-20 13:00:00+01:00;0.5;46.07389797
1900-12-20 14:00:00+01:00;0;43.16383358
1900-12-20 15:00:00+01:00;1.7;36.54362899
1900-12-20 16:00:00+01:00;1.9;29.03899139
1900-12-20 17:00:00+01:00;-0.3;25.85394983
1900-12-20 18:00:00+01:00;-3;25.29826662
1900-12-20 19:00:00+01:00;-2;23.43389523
1900-12-20 20:00:00+01:00;1.6;20.0786744
1900-12-20 21:00:00+01:00;-3;20.37085253
1900-12-20 22:00:00+01:00;-3.5;18.82252726
1900-12-20 23:00:00+01:00;-3.5;19.11415251
1900-12-21 00:00:00+01:00;-3.3;19.77067867
1900-12-21 01:00:00+01:00;-2.9;19.71924829
1900-12-21 02:00:00+01:00;-3.8;20.8563653
1900-12-21 03:00:00+01:00;-3.5;21.39709727
1900-12-21 04:00:00+01:00;-1;21.68623607
1900-12-21 05:00:00+01:00;-2;25.03659057
1900-12-21 06:00:00+01:00;-2.4;33.47965774
1900-12-21 07:00:00+01:00;0.2;39.78303959
1900-12-21 08:00:00+01:00;-2.5;48.84240532
1900-12-21 09:00:00+01:00;-2.5;50.02871168
1900-12-21 10:00:00+01:00;-1.5;48.95478039
1900-12-21 11:00:00+01:00;-0.3;46.30412972
1900-12-21 12:00:00+01:00;-1.2;47.50260587
1900-12-21 13:00:00+01:00;-0.3;45.28857397
1900-12-21 14:00:00+01:00;-1.4;43.38409154
1900-12-21 15:00:00+01:00;-1.5;38.69198991
1900-12-21 16:00:00+01:00;-1;30.15874635
1900-12-21 17:00:00+01:00;-0.6;25.69451916
1900-12-21 18:00:00+01:00;0.6;23.4359052
1900-12-21 19:00:00+01:00;2.8;21.01090054
1900-12-21 20:00:00+01:00;6.4;18.17628842
1900-12-21 21:00:00+01:00;6;17.13098167
1900-12-21 22:00:00+01:00;3.8;16.36194022
1900-12-21 23:00:00+01:00;4.2;16.34388519
1900-12-22 00:00:00+01:00;2;17.33031056
1900-12-22 01:00:00+01:00;3;16.65178751
1900-12-22 02:00:00+01:00;3.8;16.21576575
1900-12-22 03:00:00+01:00;0.3;17.41940674
1900-12-22 04:00:00+01:00;2.2;17.06079358
1900-12-22 05:00:00+01:00;1.8;17.82924188
1900-12-22 06:00:00+01:00;5.6;16.64639452
1900-12-22 07:00:00+01:00;4.9;16.44382227
1900-12-22 08:00:00+01:00;4.9;16.22886459
1900-12-22 09:00:00+01:00;5.2;15.96411488
1900-12-22 10:00:00+01:00;8.2;14.38063583
1900-12-22 11:00:00+01:00;7.3;14.50878423
1900-12-22 12:00:00+01:00;6.2;14.91256871
1900-12-22 13:00:00+01:00;8.4;13.55790408
1900-12-22 14:00:00+01:00;8.6;13.21430924
1900-12-22 15:00:00+01:00;8;13.45399752
1900-12-22 16:00:00+01:00;7.6;13.44581955
1900-12-22 17:00:00+01:00;6.6;13.80103521
1900-12-22 18:00:00+01:00;6.8;13.30043669
1900-12-22 19:00:00+01:00;8.1;12.60110684
1900-12-22 20:00:00+01:00;7.1;12.94043639
1900-12-22 21:00:00+01:00;3.4;14.25394781
1900-12-22 22:00:00+01:00;5.4;12.91807842
1900-12-22 23:00:00+01:00;3.2;13.87323607
1900-12-23 00:00:00+01:00;0.9;14.94180489
1900-12-23 01:00:00+01:00;5.9;13.11219254
1900-12-23 02:00:00+01:00;1.9;14.59286822
1900-12-23 03:00:00+01:00;1.1;14.9108111
1900-12-23 04:00:00+01:00;1.2;15.25042538
1900-12-23 05:00:00+01:00;2.7;15.36298002
1900-12-23 06:00:00+01:00;0.2;17.48096732
1900-12-23 07:00:00+01:00;-1;17.76168678
1900-12-23 08:00:00+01:00;-0.7;17.7041394
1900-12-23 09:00:00+01:00;-2.1;18.18180532
1900-12-23 10:00:00+01:00;-1.2;18.11139271
1900-12-23 11:00:00+01:00;-1;18.07375701
1900-12-23 12:00:00+01:00;-0.7;18.05671836
1900-12-23 13:00:00+01:00;-0.5;17.98934677
1900-12-23 14:00:00+01:00;-0.1;18.06497005
1900-12-23 15:00:00+01:00;0;18.21620933
1900-12-23 16:00:00+01:00;0.9;17.85207
1900-12-23 17:00:00+01:00;0;18.30054061
1900-12-23 18:00:00+01:00;1.4;17.38180312
1900-12-23 19:00:00+01:00;2.8;16.84031671
1900-12-23 20:00:00+01:00;3.7;16.39618771
1900-12-23 21:00:00+01:00;6.4;15.23791629
1900-12-23 22:00:00+01:00;5.7;14.80121454
1900-12-23 23:00:00+01:00;7;14.6131792
1900-12-24 00:00:00+01:00;6.3;15.55551301
1900-12-24 01:00:00+01:00;5.7;15.52183552
1900-12-24 02:00:00+01:00;5.6;15.89810281
1900-12-24 03:00:00+01:00;5;16.41332392
1900-12-24 04:00:00+01:00;5;17.32048311
1900-12-24 05:00:00+01:00;5.7;19.39019377
1900-12-24 06:00:00+01:00;5.8;24.91924407
1900-12-24 07:00:00+01:00;5.8;31.24143273
1900-12-24 08:00:00+01:00;6.9;34.95464752
1900-12-24 09:00:00+01:00;6.7;36.40769001
1900-12-24 10:00:00+01:00;5.5;37.35128255
1900-12-24 11:00:00+01:00;6.1;35.45760419
1900-12-24 12:00:00+01:00;4.8;36.67394969
1900-12-24 13:00:00+01:00;4.8;35.44239985
1900-12-24 14:00:00+01:00;4.6;32.94694934
1900-12-24 15:00:00+01:00;4.5;29.14469377
1900-12-24 16:00:00+01:00;5.6;22.06057203
1900-12-24 17:00:00+01:00;4.4;19.02496822
1900-12-24 18:00:00+01:00;4.7;17.4248355
1900-12-24 19:00:00+01:00;5;16.21345214
1900-12-24 20:00:00+01:00;4.7;15.14585483
1900-12-24 21:00:00+01:00;4.5;14.25741401
1900-12-24 22:00:00+01:00;5.1;13.04591035
1900-12-24 23:00:00+01:00;5.2;13.1461391
1900-12-25 00:00:00+01:00;5.4;13.81964096
1900-12-25 01:00:00+01:00;5.2;13.79410082
1900-12-25 02:00:00+01:00;4.1;14.66300834
1900-12-25 03:00:00+01:00;3.8;15.2120207
1900-12-25 04:00:00+01:00;3.1;16.47621206
1900-12-25 05:00:00+01:00;2.5;19.29234475
1900-12-25 06:00:00+01:00;2.4;25.88439699
1900-12-25 07:00:00+01:00;0.8;34.08010128
1900-12-25 08:00:00+01:00;1.7;39.19300459
1900-12-25 09:00:00+01:00;1;41.49241781
1900-12-25 10:00:00+01:00;1;41.75566648
1900-12-25 11:00:00+01:00;2.6;38.98976567
1900-12-25 12:00:00+01:00;3.6;38.31138296
1900-12-25 13:00:00+01:00;3.5;37.41270945
1900-12-25 14:00:00+01:00;3;35.31283197
1900-12-25 15:00:00+01:00;2.4;31.88697176
1900-12-25 16:00:00+01:00;1.7;25.32331208
1900-12-25 17:00:00+01:00;1.6;21.49104112
1900-12-25 18:00:00+01:00;0.7;20.55754808
1900-12-25 19:00:00+01:00;1.8;19.04756389
1900-12-25 20:00:00+01:00;0.9;18.00919981
1900-12-25 21:00:00+01:00;2;16.52725107
1900-12-25 22:00:00+01:00;1;15.63218799
1900-12-25 23:00:00+01:00;2.6;15.40737829
1900-12-26 00:00:00+01:00;3.3;16.00907307
1900-12-26 01:00:00+01:00;2.3;16.30130123
1900-12-26 02:00:00+01:00;2;17.0221558
1900-12-26 03:00:00+01:00;1.5;17.73018726
1900-12-26 04:00:00+01:00;0.8;19.15694198
1900-12-26 05:00:00+01:00;0.5;22.02214
1900-12-26 06:00:00+01:00;-0.5;30.04264119
1900-12-26 07:00:00+01:00;-0.3;37.61393406
1900-12-26 08:00:00+01:00;0;43.49707014
1900-12-26 09:00:00+01:00;0;44.80299837
1900-12-26 10:00:00+01:00;-0.1;44.94906834
1900-12-26 11:00:00+01:00;0;43.52734991
1900-12-26 12:00:00+01:00;0;44.02281705
1900-12-26 13:00:00+01:00;0.1;42.95711789
1900-12-26 14:00:00+01:00;0.3;39.87351671
1900-12-26 15:00:00+01:00;0.5;35.22038991
1900-12-26 16:00:00+01:00;0.4;27.63401101
1900-12-26 17:00:00+01:00;-0.1;23.78129075
1900-12-26 18:00:00+01:00;1.4;21.56748123
1900-12-26 19:00:00+01:00;2.1;20.0490007
1900-12-26 20:00:00+01:00;2;18.62225403
1900-12-26 21:00:00+01:00;4;16.77184457
1900-12-26 22:00:00+01:00;2.3;15.97967119
1900-12-26 23:00:00+01:00;2.6;16.11905681
1900-12-27 00:00:00+01:00;2.5;16.95754673
1900-12-27 01:00:00+01:00;2.5;16.86520887
1900-12-27 02:00:00+01:00;1.9;17.6425594
1900-12-27 03:00:00+01:00;1.2;18.38761655
1900-12-27 04:00:00+01:00;0.2;19.93799301
1900-12-27 05:00:00+01:00;-2.5;23.99811037
1900-12-27 06:00:00+01:00;-2.1;31.8492425
1900-12-27 07:00:00+01:00;-2.4;40.3583187
1900-12-27 08:00:00+01:00;-3;47.59100019
1900-12-27 09:00:00+01:00;-3.1;48.93240651
1900-12-27 10:00:00+01:00;-4.1;50.11091427
1900-12-27 11:00:00+01:00;-3.9;48.38548689
1900-12-27 12:00:00+01:00;-3;48.1548523
1900-12-27 13:00:00+01:00;-3.6;47.9344711
1900-12-27 14:00:00+01:00;-3.4;44.66243969
1900-12-27 15:00:00+01:00;-5.1;41.34072887
1900-12-27 16:00:00+01:00;-6.1;32.40181667
1900-12-27 17:00:00+01:00;-7.5;28.25504721
1900-12-27 18:00:00+01:00;-7.8;27.09446894
1900-12-27 19:00:00+01:00;-9.2;26.83438111
1900-12-27 20:00:00+01:00;-9.5;24.72010894
1900-12-27 21:00:00+01:00;-9.6;23.42050916
1900-12-27 22:00:00+01:00;-8.7;21.38538547
1900-12-27 23:00:00+01:00;-9.2;22.20819875
1900-12-28 00:00:00+01:00;-8.7;23.02415801
1900-12-28 01:00:00+01:00;-8.6;23.4691832
1900-12-28 02:00:00+01:00;-7.3;24.24297101
1900-12-28 03:00:00+01:00;-6.8;24.94129926
1900-12-28 04:00:00+01:00;-6.6;26.54625465
1900-12-28 05:00:00+01:00;-4.8;29.07176005
1900-12-28 06:00:00+01:00;-5.6;39.00671161
1900-12-28 07:00:00+01:00;-3.9;47.77476405
1900-12-28 08:00:00+01:00;-5;55.98006832
1900-12-28 09:00:00+01:00;-4.6;56.56603048
1900-12-28 10:00:00+01:00;-4.3;55.99723327
1900-12-28 11:00:00+01:00;-4.1;54.16663942
1900-12-28 12:00:00+01:00;-3.4;53.69051565
1900-12-28 13:00:00+01:00;-3.3;51.98969048
1900-12-28 14:00:00+01:00;-3.5;48.71758829
1900-12-28 15:00:00+01:00;-3.1;42.91461112
1900-12-28 16:00:00+01:00;-3;34.00701471
1900-12-28 17:00:00+01:00;-3.9;29.75392704
1900-12-28 18:00:00+01:00;-4.1;27.98377596
1900-12-28 19:00:00+01:00;-4.3;26.5452459
1900-12-28 20:00:00+01:00;-4;24.26152977
1900-12-28 21:00:00+01:00;-3.8;22.63481606
1900-12-28 22:00:00+01:00;-4;20.74837083
1900-12-28 23:00:00+01:00;-5.3;21.48566872
1900-12-29 00:00:00+01:00;-7.5;22.79554813
1900-12-29 01:00:00+01:00;-7.6;22.64719447
1900-12-29 02:00:00+01:00;-10;23.67039448
1900-12-29 03:00:00+01:00;-12.7;24.9076005
1900-12-29 04:00:00+01:00;-20.9;28.98254266
1900-12-29 05:00:00+01:00;-16.4;28.57585319
1900-12-29 06:00:00+01:00;-18.4;31.65196998
1900-12-29 07:00:00+01:00;-14.7;29.57216231
1900-12-29 08:00:00+01:00;-10.1;27.38039598
1900-12-29 09:00:00+01:00;-8;26.10995431
1900-12-29 10:00:00+01:00;-7.1;25.66786135
1900-12-29 11:00:00+01:00;-6.8;25.44871863
1900-12-29 12:00:00+01:00;-6.3;25.19889543
1900-12-29 13:00:00+01:00;-7.3;25.41953801
1900-12-29 14:00:00+01:00;-8;25.8705324
1900-12-29 15:00:00+01:00;-9.8;27.17223332
1900-12-29 16:00:00+01:00;-11.7;28.45465637
1900-12-29 17:00:00+01:00;-17;31.14760484
1900-12-29 18:00:00+01:00;-13.5;29.13355642
1900-12-29 19:00:00+01:00;-17.7;31.27610609
1900-12-29 20:00:00+01:00;-16.7;30.26089625
1900-12-29 21:00:00+01:00;-13.2;28.91466571
1900-12-29 22:00:00+01:00;-12.5;27.34002201
1900-12-29 23:00:00+01:00;-10.6;27.29876003
1900-12-30 00:00:00+01:00;-10.5;27.4220328
1900-12-30 01:00:00+01:00;-11.2;27.43721522
1900-12-30 02:00:00+01:00;-10.7;27.36240639
1900-12-30 03:00:00+01:00;-8.2;26.42125535
1900-12-30 04:00:00+01:00;-6.1;26.0207043
1900-12-30 05:00:00+01:00;-6.3;26.69276707
1900-12-30 06:00:00+01:00;-5.6;27.1839843
1900-12-30 07:00:00+01:00;-6;26.65406551
1900-12-30 08:00:00+01:00;-7.1;27.00087088
1900-12-30 09:00:00+01:00;-7.8;27.08612126
1900-12-30 10:00:00+01:00;-6.3;26.22581047
1900-12-30 11:00:00+01:00;-7;26.41301739
1900-12-30 12:00:00+01:00;-7.6;26.64095778
1900-12-30 13:00:00+01:00;-6.6;25.79635087
1900-12-30 14:00:00+01:00;-8.6;26.77401847
1900-12-30 15:00:00+01:00;-6.8;26.15394332
1900-12-30 16:00:00+01:00;-5.6;25.64806416
1900-12-30 17:00:00+01:00;-5.1;25.39903504
1900-12-30 18:00:00+01:00;-5.1;24.79883535
1900-12-30 19:00:00+01:00;-5.3;24.75056357
1900-12-30 20:00:00+01:00;-4.8;24.07940633
1900-12-30 21:00:00+01:00;-4.8;23.79300838
1900-12-30 22:00:00+01:00;-4.5;22.335195
1900-12-30 23:00:00+01:00;-4.6;22.68489098
1900-12-31 00:00:00+01:00;-4.8;23.08247417
1900-12-31 01:00:00+01:00;-4.6;22.89904789
1900-12-31 02:00:00+01:00;-4.6;23.63619464
1900-12-31 03:00:00+01:00;-4.6;24.20338399
1900-12-31 04:00:00+01:00;-4.6;25.64866063
1900-12-31 05:00:00+01:00;-4.6;28.80633434
1900-12-31 06:00:00+01:00;-4.1;37.57101417
1900-12-31 07:00:00+01:00;-4.3;47.56970033
1900-12-31 08:00:00+01:00;-3.1;53.18317281
1900-12-31 09:00:00+01:00;-2.6;53.5118862
1900-12-31 10:00:00+01:00;-1.7;52.17286609
1900-12-31 11:00:00+01:00;0.8;48.0189433
1900-12-31 12:00:00+01:00;1.2;47.26712442
1900-12-31 13:00:00+01:00;1.5;45.02348432
1900-12-31 14:00:00+01:00;1.5;41.5818876
1900-12-31 15:00:00+01:00;0.3;37.91978165
1900-12-31 16:00:00+01:00;0.6;29.96581864
1900-12-31 17:00:00+01:00;-0.6;26.28448654
1900-12-31 18:00:00+01:00;-2.5;25.40569143
1900-12-31 19:00:00+01:00;-3;24.28988249
1900-12-31 20:00:00+01:00;-2.5;22.13331016
1900-12-31 21:00:00+01:00;-2.1;20.5913881
1900-12-31 22:00:00+01:00;-1.7;18.75933602
1900-12-31 23:00:00+01:00;-1.1;18.85084953
